tree
version=v4
num_class=1
num_tree_per_iteration=1
label_index=0
max_feature_idx=299
objective=regression
feature_names=Column_0 Column_1 Column_2 Column_3 Column_4 Column_5 Column_6 Column_7 Column_8 Column_9 Column_10 Column_11 Column_12 Column_13 Column_14 Column_15 Column_16 Column_17 Column_18 Column_19 Column_20 Column_21 Column_22 Column_23 Column_24 Column_25 Column_26 Column_27 Column_28 Column_29 Column_30 Column_31 Column_32 Column_33 Column_34 Column_35 Column_36 Column_37 Column_38 Column_39 Column_40 Column_41 Column_42 Column_43 Column_44 Column_45 Column_46 Column_47 Column_48 Column_49 Column_50 Column_51 Column_52 Column_53 Column_54 Column_55 Column_56 Column_57 Column_58 Column_59 Column_60 Column_61 Column_62 Column_63 Column_64 Column_65 Column_66 Column_67 Column_68 Column_69 Column_70 Column_71 Column_72 Column_73 Column_74 Column_75 Column_76 Column_77 Column_78 Column_79 Column_80 Column_81 Column_82 Column_83 Column_84 Column_85 Column_86 Column_87 Column_88 Column_89 Column_90 Column_91 Column_92 Column_93 Column_94 Column_95 Column_96 Column_97 Column_98 Column_99 Column_100 Column_101 Column_102 Column_103 Column_104 Column_105 Column_106 Column_107 Column_108 Column_109 Column_110 Column_111 Column_112 Column_113 Column_114 Column_115 Column_116 Column_117 Column_118 Column_119 Column_120 Column_121 Column_122 Column_123 Column_124 Column_125 Column_126 Column_127 Column_128 Column_129 Column_130 Column_131 Column_132 Column_133 Column_134 Column_135 Column_136 Column_137 Column_138 Column_139 Column_140 Column_141 Column_142 Column_143 Column_144 Column_145 Column_146 Column_147 Column_148 Column_149 Column_150 Column_151 Column_152 Column_153 Column_154 Column_155 Column_156 Column_157 Column_158 Column_159 Column_160 Column_161 Column_162 Column_163 Column_164 Column_165 Column_166 Column_167 Column_168 Column_169 Column_170 Column_171 Column_172 Column_173 Column_174 Column_175 Column_176 Column_177 Column_178 Column_179 Column_180 Column_181 Column_182 Column_183 Column_184 Column_185 Column_186 Column_187 Column_188 Column_189 Column_190 Column_191 Column_192 Column_193 Column_194 Column_195 Column_196 Column_197 Column_198 Column_199 Column_200 Column_201 Column_202 Column_203 Column_204 Column_205 Column_206 Column_207 Column_208 Column_209 Column_210 Column_211 Column_212 Column_213 Column_214 Column_215 Column_216 Column_217 Column_218 Column_219 Column_220 Column_221 Column_222 Column_223 Column_224 Column_225 Column_226 Column_227 Column_228 Column_229 Column_230 Column_231 Column_232 Column_233 Column_234 Column_235 Column_236 Column_237 Column_238 Column_239 Column_240 Column_241 Column_242 Column_243 Column_244 Column_245 Column_246 Column_247 Column_248 Column_249 Column_250 Column_251 Column_252 Column_253 Column_254 Column_255 Column_256 Column_257 Column_258 Column_259 Column_260 Column_261 Column_262 Column_263 Column_264 Column_265 Column_266 Column_267 Column_268 Column_269 Column_270 Column_271 Column_272 Column_273 Column_274 Column_275 Column_276 Column_277 Column_278 Column_279 Column_280 Column_281 Column_282 Column_283 Column_284 Column_285 Column_286 Column_287 Column_288 Column_289 Column_290 Column_291 Column_292 Column_293 Column_294 Column_295 Column_296 Column_297 Column_298 Column_299
feature_infos=[-10.465353965759277:8.1094236373901367] [-9.6622695922851562:8.5116472244262695] [-10.831809997558594:7.439298152923584] [-10.028346061706543:8.0907230377197266] [-7.3570866584777832:8.4419946670532227] [-8.4674015045166016:9.0409450531005859] [-8.8085489273071289:11.001574516296387] [-8.5655508041381836:8.9976377487182617] [-8.6921262741088867:8.4160623550415039] [-10.960343360900879:11.32847785949707] [-12.132059097290039:8.3170671463012695] [-9.045741081237793:8.312169075012207] [-8.6223535537719727:9.4480972290039062] [-9.1379003524780273:10.68740177154541] [-8.944697380065918:9.3166923522949219] [-12.651737213134766:9.7114534378051758] [-12.065526008605957:9.4593276977539062] [-8.5114736557006836:10.195820808410645] [-12.685039520263672:11.539430618286133] [-8.8230094909667969:10.281102180480957] [-8.2923355102539062:10.703936576843262] [-8.8937005996704102:10.654149055480957] [-11.135433197021484:11.296850204467773] [-12.702906608581543:14.222834587097168] [-10.521623611450195:14.861417770385742] [-9.9623737335205078:14.45475959777832] [-11.872047424316406:16.723621368408203] [-10.32677173614502:15.188450813293457] [-17.049606323242188:15.16213321685791] [-14.198424339294434:17.45268440246582] [-13.874561309814453:17.392913818359375] [-15.409750938415527:17.699213027954102] [-14.726468086242676:19.380630493164062] [-15.8968505859375:18.618110656738281] [-12.3968505859375:18.795991897583008] [-13.499213218688965:20.785539627075195] [-16.389894485473633:18.549678802490234] [-14.62519645690918:18.513887405395508] [-13.388188362121582:17.766857147216797] [-13.224409103393555:16.785037994384766] [-17.793033599853516:16.491470336914062] [-13.841489791870117:15.719160079956055] [-16.358449935913086:16.560415267944336] [-13.427558898925781:14.926772117614746] [-12.907900810241699:16.889764785766602] [-12.217323303222656:15.390813827514648] [-15.865960121154785:12.985039710998535] [-13.625590324401855:13.692913055419922] [-17.022773742675781:13.848556518554688] [-12.465353965759277:17.833070755004883] [-12.289370536804199:16.108661651611328] [-13.95438289642334:15.219161033630371] [-14.179648399353027:14.894749641418457] [-15.470934867858887:15.632807731628418] [-14.356208801269531:16.325590133666992] [-16.274257659912109:17.980840682983398] [-16.864446640014648:18.767360687255859] [-16.206117630004883:19.548423767089844] [-14.628347396850586:19.584646224975586] [-14.896184921264648:20.90472412109375] [-14.63319206237793:22.214134216308594] [-16.570806503295898:22.128267288208008] [-16.530527114868164:21.86834716796875] [-16.916172027587891:21.505512237548828] [-16.820499420166016:23.359842300415039] [-16.037673950195312:23.156337738037109] [-17.060367584228516:23.501653671264648] [-19.442625045776367:24.543424606323242] [-18.337505340576172:24.728870391845703] [-17.917402267456055:24.017520904541016] [-17.626247406005859:31.495275497436523] [-19.655406951904297:27.359579086303711] [-17.896509170532227:25.661417007446289] [-17.144699096679688:24.361417770385742] [-16.47625732421875:22.854448318481445] [-19.120523452758789:21.813661575317383] [-17.11907958984375:22.40452766418457] [-17.980800628662109:21.569526672363281] [-19.45063591003418:20.521574020385742] [-17.910720825195312:21.786088943481445] [-18.444120407104492:21.645078659057617] [-17.619132995605469:21.235237121582031] [-17.355709075927734:20.411731719970703] [-18.378543853759766:19.043386459350586] [-18.370235443115234:19.338346481323242] [-19.406023025512695:17.862321853637695] [-17.461732864379883:18.140157699584961] [-19.231929779052734:18.021299362182617] [-21.035945892333984:17.50141716003418] [-21.256269454956055:18.845954895019531] [-20.742761611938477:17.70210075378418] [-20.703937530517578:22.133930206298828] [-20.953701019287109:21.433071136474609] [-19.747304916381836:19.489835739135742] [-18.167474746704102:18.559055328369141] [-18.839006423950195:18.47007942199707] [-19.063112258911133:18.995418548583984] [-18.988859176635742:18.171653747558594] [-22.148006439208984:19.529348373413086] [-20.12255859375:22.210737228393555] [-22.865354537963867:17.881889343261719] [-19.326469421386719:19.871438980102539] [-17.473772048950195:17.425769805908203] [-18.642833709716797:17.945144653320312] [-18.113386154174805:17.640682220458984] [-17.870996475219727:17.813648223876953] [-17.682466506958008:20.917585372924805] [-20.750392913818359:19.080839157104492] [-19.147689819335938:18.230195999145508] [-20.601627349853516:19.064489364624023] [-23.000629425048828:19.348295211791992] [-20.666351318359375:22.406036376953125] [-20.234804153442383:22.288188934326172] [-19.469841003417969:23.030708312988281] [-19.585773468017578:24.776378631591797] [-18.411443710327148:23.347244262695312] [-20.740997314453125:27.811025619506836] [-19.733806610107422:25.241207122802734] [-20.116744995117188:23.626247406005859] [-20.777427673339844:25.853805541992188] [-20.69798469543457:27.804460525512695] [-20.998634338378906:28.237007141113281] [-19.767810821533203:28.443830490112305] [-21.544357299804688:27.583202362060547] [-21.586090087890625:27.108661651611328] [-22.09425163269043:31.268505096435547] [-21.129291534423828:28.963516235351562] [-21.585353851318359:26.817848205566406] [-22.361322402954102:26.430707931518555] [-22.413990020751953:26.305551528930664] [-23.60194206237793:27.031457901000977] [-23.436298370361328:25.086851119995117] [-22.812046051025391:24.725984573364258] [-22.761968612670898:27.020208358764648] [-22.40593147277832:29.448556900024414] [-21.298662185668945:29.675590515136719] [-21.549291610717773:26.602886199951172] [-21.631889343261719:24.376640319824219] [-20.894582748413086:25.234909057617188] [-22.322782516479492:24.497900009155273] [-21.948699951171875:22.554330825805664] [-22.48724365234375:22.143831253051758] [-23.239765167236328:22.155157089233398] [-28.785905838012695:21.819423675537109] [-26.003044128417969:21.578214645385742] [-26.919946670532227:22.004199981689453] [-26.108922958374023:25.030971527099609] [-25.524147033691406:24.946195602416992] [-23.289567947387695:24.047245025634766] [-23.226968765258789:21.303937911987305] [-24.43464469909668:21.483465194702148] [-23.481889724731445:19.704803466796875] [-21.849605560302734:19.271652221679688] [-23.30787467956543:21.744882583618164] [-23.588287353515625:19.773345947265625] [-23.511995315551758:18.766929626464844] [-23.525434494018555:18.790157318115234] [-23.399900436401367:18.929134368896484] [-26.760433197021484:19.464567184448242] [-26.41081428527832:19.151968002319336] [-24.973535537719727:18.157480239868164] [-25.620882034301758:18.848293304443359] [-23.561637878417969:18.135471343994141] [-27.267768859863281:19.283187866210938] [-28.05925178527832:18.166404724121094] [-27.439764022827148:17.393701553344727] [-23.568996429443359:16.408620834350586] [-25.991716384887695:17.738582611083984] [-25.73240852355957:20.194225311279297] [-25.767873764038086:18.982152938842773] [-24.955221176147461:19.978740692138672] [-23.881732940673828:21.451705932617188] [-27.096851348876953:22.122835159301758] [-27.082334518432617:23.918109893798828] [-23.721574783325195:24.11469841003418] [-26.426982879638672:25.549343109130859] [-26.908819198608398:24.503673553466797] [-26.881601333618164:23.095800399780273] [-26.6209716796875:22.962203979492188] [-26.331233978271484:24.745931625366211] [-27.861259460449219:25.235958099365234] [-27.129657745361328:24.607086181640625] [-27.340419769287109:25.371652603149414] [-28.600393295288086:25.397638320922852] [-25.077455520629883:28.049869537353516] [-26.227533340454102:28.455381393432617] [-27.052806854248047:28.228607177734375] [-29.710552215576172:25.541732788085938] [-28.990156173706055:26.203937530517578] [-28.640945434570312:28.204463958740234] [-27.825775146484375:28.995538711547852] [-29.11693000793457:29.410234451293945] [-27.40452766418457:27.822309494018555] [-28.828556060791016:29.691076278686523] [-28.071311950683594:29.317846298217773] [-27.514802932739258:27.626510620117188] [-26.149002075195312:27.405773162841797] [-28.750890731811523:24.174541473388672] [-27.874801635742188:20.602874755859375] [-27.924409866333008:19.983699798583984] [-27.336614608764648:18.448820114135742] [-27.526968002319336:18.824672698974609] [-27.277164459228516:18.489763259887695] [-26.738975524902344:17.207874298095703] [-26.482086181640625:18.81207275390625] [-26.736221313476562:20.979001998901367] [-27.516536712646484:18.443044662475586] [-27.541536331176758:17.942781448364258] [-26.52362060546875:17.886089324951172] [-33.150047302246094:18.325983047485352] [-29.912990570068359:19.235958099365234] [-27.813385009765625:18.366142272949219] [-27.321605682373047:18.667716979980469] [-30.951681137084961:19.603937149047852] [-28.402362823486328:19.772798538208008] [-27.862203598022461:22.622047424316406] [-28.627557754516602:25.606693267822266] [-31.70191764831543:21.531888961791992] [-30.666580200195312:22.361154556274414] [-28.842519760131836:20.920997619628906] [-28.412599563598633:22.308660507202148] [-28.328346252441406:19.433858871459961] [-28.644882202148438:22.532808303833008] [-28.225196838378906:21.907875061035156] [-29.58110237121582:20.11207389831543] [-29.87199592590332:20.268503189086914] [-30.863780975341797:17.901180267333984] [-31.083498001098633:17.796062469482422] [-29.070865631103516:15.862204551696777] [-30.615749359130859:14.922991752624512] [-31.127182006835938:14.895668983459473] [-30.932285308837891:16.324148178100586] [-31.309310913085938:16.774566650390625] [-31.280315399169922:16.534999847412109] [-29.521602630615234:17.464015960693359] [-30.2471923828125:18.683937072753906] [-31.768915176391602:18.694488525390625] [-32.338581085205078:18.849645614624023] [-31.518108367919922:19.184408187866211] [-32.241733551025391:20.803110122680664] [-32.37322998046875:21.307441711425781] [-32.744094848632812:22.048030853271484] [-32.708663940429688:20.794015884399414] [-32.637798309326172:21.385395050048828] [-32.563777923583984:22.10578727722168] [-32.400001525878906:23.654855728149414] [-32.336219787597656:24.286876678466797] [-33.11102294921875:22.295944213867188] [-33.747245788574219:22.648464202880859] [-32.957481384277344:22.899738311767578] [-32.663093566894531:22.960367202758789] [-33.633857727050781:22.469566345214844] [-34.787403106689453:22.811771392822266] [-35.192127227783203:21.782520294189453] [-35.345668792724609:20.986875534057617] [-35.150390625:23.056430816650391] [-34.401573181152344:22.657741546630859] [-33.330707550048828:21.246456146240234] [-33.435432434082031:19.262205123901367] [-34.488975524902344:18.579607009887695] [-34.798427581787109:18.382244110107422] [-35.008464813232422:17.878740310668945] [-34.736415863037109:19.316011428833008] [-33.998424530029297:16.649082183837891] [-34.281101226806641:15.883662223815918] [-35.077953338623047:15.964566230773926] [-35.253543853759766:15.747506141662598] [-34.810817718505859:16.131103515625] [-37.30718994140625:17.152360916137695] [-34.982677459716797:17.610630035400391] [-36.272441864013672:19.116535186767578] [-36.025981903076172:18.062204360961914] [-35.558265686035156:19.92152214050293] [-36.051967620849609:20.610498428344727] [-36.825881958007812:21.384252548217773] [-35.896060943603516:21.626771926879883] [-35.788188934326172:21.995275497436523] [-36.207874298095703:23.760234832763672] [-36.42047119140625:25.983465194702148] [-36.522834777832031:21.913385391235352] [-37.228618621826172:22.464174270629883] [-37.200790405273438:22.330709457397461] [-37.981273651123047:22.913385391235352] [-40.878738403320312:21.232021331787109] [-42.218246459960938:21.02952766418457] [-39.151866912841797:20.034645080566406] [-38.360630035400391:19.270866394042969] [-38.587398529052734:18.952754974365234] [-38.680313110351562:18.754331588745117] [-39.133857727050781:18.568317413330078] [-39.365352630615234:18.806716918945312] [-39.358268737792969:18.422601699829102] [-39.962409973144531:18.771127700805664] [-40.114582061767578:20.40997314453125] [-40.297397613525391:21.501049041748047] [-41.929477691650391:19.318109512329102] [-43.540737152099609:19.791894912719727] [-42.795925140380859:18.742204666137695] [-41.882610321044922:19.246772766113281] [-39.956623077392578:23.1031494140625]
tree_sizes=2780 2846 2823 2842 2838 2840 2848 2833 2849 2851 2853 2856 2848 2844 2855 2874 2866 2869 2871 2840 2852 2858 2877 2867 2868 2852 2847 2868 2856 2863 2860 2868 2875 2876 2879 2860 2858 2865 2873 2864 2867 2876 2872 2872 2869 2875 2866 2862 2868 2864 2875 2879 2880 2878 2884 2878 2881 2886 2877 2872 2905 2888 2865 2896 2884 2885 2873 2862 2868 2890 2900 2869 2865 2860 2890 2873 2852 2876 2902 2853 2889 2893 2876 2901 2910 2872 2892 2889 2883 2870 2877 2875 2876 2860 2893 2868 2895 2872 2845 2904 2884

Tree=0
num_leaves=31
num_cat=0
split_feature=299 299 299 299 299 299 299 299 299 299 299 299 297 291 160 299 288 251 284 299 249 293 252 294 296 163 299 283 170 256
split_gain=78856 22315.4 15632.8 6923.89 5467.96 2750.29 2710.5 1501.15 1031.06 876.173 838.599 738.322 564.667 336.425 310.97 305.498 279.182 221.454 173.326 170.814 155.888 155.108 142.253 138.365 133.866 122.058 113.151 110.32 96.8187 96.3717
threshold=-7.726299285888671 -1.5811522603034971 -17.09507846832275 2.5055118799209599 -4.1802656650543204 -11.434916019439695 -26.798318862915036 1.0000000180025095e-35 6.5537397861480722 -2.8077185153961177 -5.6000859737396231 -19.870015144348141 -13.992913246154783 0.25487348437309271 -4.5854234695434561 -10.061367034912108 2.9426271915435795 -3.0681102275848384 -4.3974153995513907 -6.5078022480010977 -1.2084040045738218 -5.1550817489624015 4.142388343811036 -9.0137138366699201 4.3059053421020517 -2.1415202617645259 0.67342525720596325 -2.4624016284942623 -0.99660030007362355 -8.133333206176756
decision_type=2 2 2 2 2 2 2 2 2 2 2 2 2 2 2 2 2 2 2 2 2 2 2 2 2 2 2 2 2 2
left_child=2 4 6 7 10 12 -1 14 16 17 19 -8 -4 27 -3 -7 -5 -6 -11 -2 -16 29 -10 -14 26 -12 -15 -9 -20 -17
right_child=1 3 5 8 9 15 11 13 22 18 25 -13 23 24 20 21 -18 -19 28 -21 -22 -23 -24 -25 -26 -27 -28 -29 -30 -31
leaf_value=-4.6807795659535865 -3.4501675601863488 -3.3051394789422028 -3.8791400690752948 -2.9896944908954866 -3.3033381318242485 -3.640916389710307 -4.2485397360658084 -3.1800484200153489 -2.7917331789031237 -3.27383796429489 -3.3568934371381167 -3.9962157317464868 -3.7399367043152369 -3.096234140653646 -3.1844794810128749 -3.5912119536798581 -2.8931739593295283 -3.2626479996621476 -3.2300558446138994 -3.3947240646515033 -3.1491203895112476 -3.4173388520711403 -2.6276163266898673 -3.602040129486098 -2.9390657500260811 -3.3170205290372352 -3.0416831639114323 -3.1062563744282006 -3.2021268321317264 -3.5256784578744313
leaf_weight=27 261 41 89 131 568 93 59 60 23 151 473 57 136 145 572 85 175 813 670 297 685 25 31 21 24 323 276 325 578 165
leaf_count=27 261 41 89 131 568 93 59 60 23 151 473 57 136 145 572 85 175 813 670 297 685 25 31 21 24 323 276 325 578 165
internal_value=-3.27532 -3.22006 -3.75875 -3.10174 -3.29126 -3.6491 -4.22957 -3.13605 -2.89895 -3.25113 -3.37366 -4.12455 -3.77853 -3.08353 -3.16963 -3.56258 -2.93449 -3.27938 -3.22324 -3.42066 -3.16521 -3.53609 -2.69752 -3.72149 -3.05392 -3.34071 -3.06047 -3.11776 -3.21712 -3.54796
internal_weight=7379 6622 757 2488 4134 614 143 2128 360 2780 1354 116 246 830 1298 368 306 1381 1399 558 1257 275 54 157 445 796 421 385 1248 250
internal_count=7379 6622 757 2488 4134 614 143 2128 360 2780 1354 116 246 830 1298 368 306 1381 1399 558 1257 275 54 157 445 796 421 385 1248 250
is_linear=0
shrinkage=1


Tree=1
num_leaves=31
num_cat=0
split_feature=299 299 297 299 299 299 299 299 299 299 299 299 291 299 299 283 245 249 284 77 244 299 191 251 295 299 162 295 291 189
split_gain=71167.5 20155.8 14119.2 5967.04 5244.24 2938.45 1885.87 1296.52 978.327 908.62 850.625 756.835 350.296 334.652 275.711 222.384 220.372 206.542 195.016 188.736 166.218 145.116 141.153 128.74 114.89 113.589 113.183 112.164 111.459 110.395
threshold=-7.726299285888671 -1.4579353928565977 -16.066613197326657 2.6269291639328007 -4.1802656650543204 -26.798318862915036 -11.434916019439695 -1.0000000180025095e-35 -19.870015144348141 -2.8077185153961177 6.5537397861480722 -5.6000859737396231 0.25487348437309271 -13.560653686523436 -10.061367034912108 -2.7148951292037959 3.6716853380203252 -4.0249998569488517 -4.3974153995513907 2.5324453115463261 -3.3642257452011104 0.8059314787387849 -5.1281590461730948 4.2309441566467294 1.063473701477051 -17.09507846832275 -2.9527558088302608 -2.1701180934906001 -2.0235728025436397 0.28555694222450262
decision_type=2 2 2 2 2 2 2 2 2 2 2 2 2 2 2 2 2 2 2 2 2 2 2 2 2 2 2 2 2 2
left_child=2 4 5 7 11 -1 13 15 -7 17 16 20 27 -4 -8 19 24 -6 -11 -3 -2 -14 -16 -12 -5 -10 -13 -9 -20 -19
right_child=1 3 6 10 9 8 14 12 25 18 23 26 21 -15 22 -17 -18 29 28 -21 -22 -23 -24 -25 -26 -27 -28 -29 -30 -31
leaf_value=-1.3365754304108797 -0.15608117228936799 0.071605200185782494 -0.53130046053135649 0.22768563770112538 -0.048962630003492921 -0.92594759666313564 -0.34870517228239328 0.088894532395131676 -0.71368923187255862 -0.00096344844688002669 0.45441390817815608 -0.086034005662290067 0.17737490946416698 -0.40576978863262742 -0.28205709009362545 0.1120839229661901 0.3975039672851563 -0.00091272156148455874 0.043012434846324311 -0.080646182402320535 -0.094656820960392241 0.23458375730714598 -0.21016136351085846 0.61153591275215158 0.32131449296170433 -0.59880918845152242 -0.047728880093647889 0.16035188926251331 0.071461853280758866 0.059968992695212366
leaf_weight=27 407 177 94 42 226 59 93 66 48 164 22 328 181 122 149 954 85 1075 715 23 151 286 126 32 149 39 468 327 664 80
leaf_count=27 407 177 94 42 226 59 93 66 48 164 22 328 181 122 149 954 85 1075 715 23 151 286 126 32 149 39 468 327 664 80
internal_value=-0.00138919 0.0511116 -0.460649 0.168958 -0.0134589 -0.857394 -0.343121 0.136666 -0.768778 0.0242125 0.366039 -0.0948113 0.183137 -0.460399 -0.274284 0.102034 0.330531 -0.00524925 0.050581 0.0540963 -0.139459 0.212411 -0.249116 0.547523 0.300726 -0.662191 -0.0635129 0.148351 0.0567111 0.00330419
internal_weight=7379 6622 757 2344 4278 173 584 2014 146 2924 330 1354 860 216 368 1154 276 1381 1543 200 558 467 275 54 191 87 796 393 1379 1155
internal_count=7379 6622 757 2344 4278 173 584 2014 146 2924 330 1354 860 216 368 1154 276 1381 1543 200 558 467 275 54 191 87 796 393 1379 1155
is_linear=0
shrinkage=0.05


Tree=2
num_leaves=31
num_cat=0
split_feature=299 299 297 299 299 299 299 299 299 299 299 299 299 299 267 242 276 251 186 212 243 259 293 183 245 252 170 295 299 299
split_gain=64228.7 18230 12758.8 6393.15 3855.02 3167.29 1302.3 1144.98 1016.46 699.602 677.668 577.11 405.598 301.473 261.974 218.995 191.062 188.143 176.275 163.112 152.769 137.572 135.758 125.346 122.576 118.896 115.162 102.499 95.5699 90.6337
threshold=-7.726299285888671 -0.58689305186271656 -14.98124837875366 -3.7744207382202144 3.3649816513061528 -21.752066612243649 -10.061367034912108 -2.3428723812103267 -5.6000859737396231 1.0549607872962954 -26.798318862915036 6.5537397861480722 -18.196013450622555 -13.560653686523436 -1.5224409103393552 -0.63888248801231373 -5.1521973609924308 -3.0093010663986202 -2.2179228067398067 -6.4490997791290274 -3.2803543806076045 -6.1785869598388663 -5.1550817489624015 -3.6579226255416866 3.6716853380203252 4.5951771736145028 -0.97607102990150441 3.2009760141372685 -6.5078022480010977 -19.870015144348141
decision_type=2 2 2 2 2 2 2 2 2 2 2 2 2 2 2 2 2 2 2 2 2 2 2 2 2 2 2 2 2 2
left_child=2 3 5 8 9 10 13 17 20 15 -1 24 29 -4 19 23 -10 -5 -11 -9 28 -15 -8 -3 -6 -13 -21 -17 -2 -7
right_child=1 4 6 7 11 12 22 14 16 18 -12 25 -14 21 -16 27 -18 -19 -20 26 -22 -23 -24 -25 -26 -27 -28 -29 -30 -31
leaf_value=-1.2697465684678821 -0.17117647839383493 0.011653512091405931 -0.48170039048835411 -0.013564563009162596 0.30553899688720709 -0.82043338351779527 -0.24701726474915164 -0.072337995469570163 -0.083778174737892536 0.13055193956803393 -0.9296144485473633 0.44595503630461519 -0.58237990456065913 -0.37407769040057537 0.089243020939841836 0.15367679945925838 -0.037283209368002182 0.023078625467619362 0.22712700644103939 0.040687151360649459 -0.086624365000829207 -0.24460331149723219 -0.12479273319244384 0.11673074953834571 0.38541540243686778 0.59433907402886288 0.076626709329698672 0.26171275105165398 -0.12353111289796376 -0.69416056315104169
leaf_weight=27 211 31 67 529 125 27 249 26 303 54 32 27 87 190 852 483 816 1037 378 575 137 23 25 336 78 27 364 23 210 30
leaf_count=27 211 31 67 529 125 27 249 26 303 54 32 27 87 190 852 483 816 1037 378 575 137 23 25 336 78 27 364 23 210 30
internal_value=-0.00131973 0.048556 -0.437617 0.00246308 0.197871 -0.776721 -0.31336 0.0420332 -0.0773615 0.163013 -1.08527 0.374874 -0.650303 -0.389195 0.0690377 0.13726 -0.049873 0.0107004 0.215055 0.0511984 -0.132486 -0.360097 -0.235865 0.107855 0.33623 0.520147 0.054619 0.158588 -0.14741 -0.753974
internal_weight=7379 6622 757 5060 1562 203 554 3383 1677 1305 59 257 144 280 1817 873 1119 1566 432 965 558 213 274 367 203 54 939 506 421 57
internal_count=7379 6622 757 5060 1562 203 554 3383 1677 1305 59 257 144 280 1817 873 1119 1566 432 965 558 213 274 367 203 54 939 506 421 57
is_linear=0
shrinkage=0.05


Tree=3
num_leaves=31
num_cat=0
split_feature=299 299 299 299 299 299 299 299 299 299 299 299 294 288 251 241 212 262 211 251 249 284 295 186 193 299 241 294 289 294
split_gain=57966.4 16501.4 11515.3 5642.53 3494.89 2037.3 1988.18 1228.87 840.936 622.779 537.507 462.259 424.371 275.94 237.713 200.661 198.629 178.194 154.449 154.04 130.636 128.419 122.03 120.853 116.67 109.036 102.889 102.345 100.92 89.514
threshold=-7.726299285888671 -1.8649113774299619 -17.09507846832275 1.5839556455612185 -4.1802656650543204 -11.434916019439695 -26.798318862915036 5.2900669574737558 -0.49063263833522791 -5.9861679077148429 -19.870015144348141 -2.9523622989654537 -13.140034198760985 3.3205082416534428 -6.529176950454711 -0.086745392531156526 -5.296022653579711 8.0001864433288592 -3.5482071638107295 -3.8637794256210323 -1.5518583059310911 -4.3974153995513907 -2.0059055089950557 -2.0153328180313106 -9.1199293136596662 -10.061367034912108 -17.401132583618161 -5.1331782341003409 -4.8808138370513907 -2.6696851253509517
decision_type=2 2 2 2 2 2 2 2 2 2 2 2 2 2 2 2 2 2 2 2 2 2 2 2 2 2 2 2 2 2
left_child=2 4 6 8 9 12 -1 13 16 27 26 19 -4 23 25 22 -3 -9 -11 -6 -18 -13 -10 -5 -14 -7 -8 -2 -16 -20
right_child=1 3 5 7 11 14 10 17 15 18 -12 21 24 -15 28 -17 20 -19 29 -21 -22 -23 -24 -25 -26 -27 -28 -29 -30 -31
leaf_value=-1.2062593813295719 -0.15344413816928865 -0.03126580909621425 -0.50368639879059374 0.11894312351942063 -0.041896792260412936 -0.32613453925410407 -0.9028244890015702 0.4011886848198189 0.07020383882380668 -0.084516003456982708 -0.6203758105897067 -0.0074858690365668269 -0.44731331129331847 0.29907004613625376 -0.21469741529888578 0.16460460949490813 0.061561081398734341 0.56602108001708984 -0.054852025988392339 0.0013622436223524065 0.0943852480796738 0.041088487990401164 0.13036986095318245 0.22661823285344976 -0.34265480443050989 -0.25347122089974833 -0.77074958006540939 -0.099113485120957912 -0.10012867295223733 -0.0020363094561760969
leaf_weight=27 288 41 114 29 263 79 29 91 105 451 57 155 37 152 117 424 523 20 390 946 721 1114 427 257 95 149 30 124 23 101
leaf_count=27 288 41 114 29 263 79 29 91 105 451 57 155 37 152 117 424 523 20 390 946 721 1114 427 257 95 149 30 124 23 101
internal_value=-0.00125374 0.0461282 -0.415736 0.138629 -0.0212199 -0.321625 -0.819824 0.28229 0.103435 -0.0858173 -0.729878 0.0140767 -0.433021 0.244632 -0.247159 0.138945 0.0770166 0.430888 -0.0633914 -0.00804812 0.0805854 0.0351554 0.118495 0.2157 -0.371991 -0.278648 -0.835668 -0.137092 -0.195875 -0.0439877
internal_weight=7379 6622 757 2790 3832 614 143 549 2241 1354 116 2478 246 438 368 956 1285 111 942 1209 1244 1269 532 286 132 228 59 412 140 491
internal_count=7379 6622 757 2790 3832 614 143 549 2241 1354 116 2478 246 438 368 956 1285 111 942 1209 1244 1269 532 286 132 228 59 412 140 491
is_linear=0
shrinkage=0.05


Tree=4
num_leaves=31
num_cat=0
split_feature=299 299 297 299 299 299 299 299 299 299 299 299 299 284 294 233 247 272 293 162 245 241 243 291 211 294 255 212 255 295
split_gain=52321.3 14478.8 11307.6 4013.52 3842.61 2569.44 1287.42 766.017 677.026 642.249 586.211 548.831 325.278 258.384 250.993 176.089 165.972 159.769 156.542 149.51 144.485 142.135 133.822 120.772 112.573 106.78 98.531 90.7067 87.6033 83.2592
threshold=-7.3975048065185538 -1.0633366703987119 -14.98124837875366 -3.7744207382202144 2.8644824028015141 -21.752066612243649 -10.061367034912108 0.67342525720596325 -5.2831833362579337 -2.6528433561325069 6.5537397861480722 -26.798318862915036 -18.196013450622555 -3.5646324157714839 -11.48499536514282 -0.18271009624004361 -3.6363278627395625 -5.2621700763702384 -5.1550817489624015 -3.1194225549697872 3.6716853380203252 -4.7961943149566642 0.12224410101771356 -2.0235728025436397 -2.9390201568603511 -9.0137138366699201 4.0549776554107675 -5.3572838306426993 -7.4999606609344474 0.65181097388267528
decision_type=2 2 2 2 2 2 2 2 2 2 2 2 2 2 2 2 2 2 2 2 2 2 2 2 2 2 2 2 2 2
left_child=2 3 5 8 7 11 14 13 21 24 20 -1 -7 19 -4 -9 27 -10 28 -3 29 -2 -15 -18 -5 -16 -12 -11 -8 -6
right_child=1 4 6 9 10 12 18 15 17 16 26 -13 -14 22 25 -17 23 -19 -20 -21 -22 -23 -24 -25 -26 -27 -28 -29 -30 -31
leaf_value=-1.145946361400463 -0.13437440500405559 -0.068842566658839074 -0.40335121040344241 -0.018178148219319245 0.17969089698791507 -0.68099994324801261 -0.24785633946755042 0.13889880576170982 -0.077987712872362586 -0.091685395992615007 0.3871253331502279 -0.83984985351562502 -0.52733266545438218 0.10028351258804319 -0.33466792713512072 0.19978448341208321 0.040486139418357062 -0.029072332892650363 -0.11376331201413784 0.069426696687005462 0.34476857185363774 -0.086528674087076207 0.13820619350934232 0.068168414504727701 0.014292919673607685 -0.24324021975199384 0.52566902276241423 0.01758029081409784 -0.19297648236249229 0.27849084295075516
leaf_weight=27 261 29 125 393 25 57 134 180 214 22 21 32 87 686 110 349 707 759 41 60 82 383 352 890 832 45 33 139 159 145
leaf_count=27 261 29 125 393 25 57 134 180 214 22 21 32 87 686 110 349 707 759 41 60 82 383 352 890 832 45 33 139 159 145
internal_value=-0.00119106 0.0457879 -0.378518 -0.00271731 0.159511 -0.702023 -0.271561 0.129432 -0.0661518 0.0316687 0.322291 -0.979928 -0.588159 0.106133 -0.350636 0.179067 0.0510354 -0.0398307 -0.20527 0.0243727 0.290256 -0.10592 0.113144 0.0559133 0.00387567 -0.308124 0.471791 0.00264958 -0.218075 0.263961
internal_weight=7379 6562 817 4600 1962 203 614 1656 1617 2983 306 59 144 1127 280 529 1758 973 334 89 252 644 1038 1597 1225 155 54 161 293 170
internal_count=7379 6562 817 4600 1962 203 614 1656 1617 2983 306 59 144 1127 280 529 1758 973 334 89 252 644 1038 1597 1225 155 54 161 293 170
is_linear=0
shrinkage=0.05


Tree=5
num_leaves=31
num_cat=0
split_feature=299 299 299 299 299 297 299 297 299 299 299 243 295 296 285 229 77 299 220 291 294 184 235 253 299 178 297 189 243 162
split_gain=50431.3 14817.3 8420.5 4685.6 3810.33 2132.67 1055.08 924.474 754.312 611.21 608.48 382.314 292.98 204.626 191.003 181.941 178.224 155.836 142.872 134.497 127.556 121.645 114.485 109.236 97.0806 95.9942 95.6963 90.1542 89.9365 86.3655
threshold=-8.6764764785766584 -1.8649113774299619 -19.870015144348141 2.5055118799209599 -4.7368881702423087 -13.992913246154783 -0.10519681870937346 -25.966528892517086 8.1761708259582537 -3.1466535329818721 -6.29231834411621 -8.1635513305664045 1.3319178223609927 -1.4870865941047666 -1.5959317684173582 -3.9842518568038936 2.5324453115463261 3.9528347253799443 -4.656646490097045 -5.7797639369964591 -2.716525554656982 -8.1616058349609357 -0.25376380980014795 -5.5722048282623282 -0.96481499075889576 -2.0594866275787349 -8.9671549797058088 -1.1355174779891966 -18.061391830444332 -1.8632059097290037
decision_type=2 2 2 2 2 2 2 2 2 2 2 2 2 2 2 2 2 2 2 2 2 2 2 2 2 2 2 2 2 2
left_child=2 4 7 6 10 21 14 -1 12 15 23 26 -5 29 16 -6 -3 -14 -11 -13 -12 -4 -15 -2 -16 -17 -7 -20 -9 -8
right_child=1 3 5 8 9 11 13 28 -10 18 20 19 17 22 24 25 -18 -19 27 -21 -22 -23 -24 -25 -26 -27 -28 -29 -30 -31
leaf_value=-1.0652661491842832 -0.17393228202105659 0.061606116316787821 -0.53737131992233145 0.17734726492096398 -0.054120488517673308 -0.35464613087972008 0.033403023084004717 -0.81233474186488575 0.53584521063442891 -0.032072444756825767 -0.080530911616539705 -0.25222079059656932 0.25192049741744998 0.12516436926151872 0.07492188675408977 -0.024350460343105947 -0.059266771003603939 0.32739751662639593 0.023197337840498856 -0.1180958458355495 -0.009038769900798797 -0.44157038927078252 0.1680884766621773 -0.12443454244588442 0.10837217256339159 0.005681753121725806 -0.24511665779611339 0.05023185942470413 -0.69423765885202515 0.11573736402248845
leaf_weight=34 219 649 107 68 282 150 45 28 29 93 574 170 125 223 443 519 32 151 957 21 70 48 512 227 425 546 23 455 38 109
leaf_count=34 219 649 107 68 282 150 45 28 29 93 574 170 125 223 443 519 32 151 957 21 70 48 512 227 425 546 23 455 38 109
internal_value=-0.0013836 0.0382099 -0.433331 0.125917 -0.0243329 -0.352382 0.100667 -0.853455 0.290955 0.00605715 -0.103849 -0.286242 0.27031 0.144085 0.0757485 -0.0184095 0.0559263 0.293214 0.0279552 -0.237474 -0.07276 -0.507704 0.155065 -0.148739 0.0913002 -0.00895366 -0.340084 0.0319089 -0.744339 0.0916786
internal_weight=7372 6753 619 2811 3942 519 2438 100 373 2852 1090 364 344 889 1549 1347 681 276 1505 191 644 155 735 446 868 1065 173 1412 66 154
internal_count=7372 6753 619 2811 3942 519 2438 100 373 2852 1090 364 344 889 1549 1347 681 276 1505 191 644 155 735 446 868 1065 173 1412 66 154
is_linear=0
shrinkage=0.05


Tree=6
num_leaves=31
num_cat=0
split_feature=299 299 299 299 299 299 299 299 299 299 299 291 296 297 291 160 294 191 153 299 272 299 296 220 249 189 295 295 234 247
split_gain=45514.3 13375.1 7599.5 4059.05 3660.45 1947.08 842.915 836.223 803.174 711.834 370.199 296.497 288.439 205.886 186.419 181.106 159.885 148.956 140.59 138.36 113.751 106.651 105.079 104.1 100.496 94.8176 86.7655 86.6945 80.884 79.2186
threshold=-8.6764764785766584 -1.7410503029823301 -19.870015144348141 2.2883599996566777 -4.1802656650543204 -13.560653686523436 -6.29231834411621 -26.798318862915036 1.0000000180025095e-35 8.1761708259582537 -2.9076702594757076 3.1898083686828618 -10.639203548431395 -14.98124837875366 0.35514493286609655 -4.7024977207183829 -3.2309702634811397 -4.8200786113739005 -5.0086395740509024 -1.0633366703987119 -6.1338584423065177 5.7916038036346444 -6.1063866615295401 -4.656646490097045 -4.0249998569488517 -0.90511810779571522 -21.915698051452633 -2.1701180934906001 -3.8625366687774654 2.5612384080886845
decision_type=2 2 2 2 2 2 2 2 2 2 2 2 2 2 2 2 2 2 2 2 2 2 2 2 2 2 2 2 2 2
left_child=2 4 7 8 6 13 22 -1 15 11 18 25 -7 -4 27 -3 20 -14 -6 -17 -8 -13 -2 -12 -20 -5 -9 -10 -19 -16
right_child=1 3 5 9 10 12 16 26 14 -11 23 21 17 -15 29 19 -18 28 24 -21 -22 -23 -24 -25 -26 -27 -28 -29 -30 -31
leaf_value=-1.0122300989487591 -0.16062229264786831 -0.038422506587470283 -0.50406302014986681 0.13782689062106174 -0.075303071425921894 -0.31981184802838225 -0.10796297763621338 -0.76262245178222665 0.063251761116192379 0.50905298693426726 -0.027577520932947453 0.27530427804360025 -0.26047099500894549 -0.39301479086279872 0.1528868535760442 0.062088604411722106 -0.020197932091805173 -0.20132707728714241 -0.033498886921135757 0.093171739477916474 -0.059910100148574598 0.3668185067176819 -0.11081524474083344 0.035882988704052064 0.0055854272795841098 0.22479727317656117 -0.64791252613067629 0.12435974663111773 -0.085458988547325143 0.21739950960332699
leaf_weight=34 273 34 120 41 67 134 152 34 71 29 68 156 120 64 353 685 212 61 197 750 649 40 173 1301 996 133 32 318 20 55
leaf_count=34 273 34 120 41 67 134 152 34 71 29 68 156 120 64 353 685 212 61 197 750 649 40 173 1301 996 133 32 318 20 55
internal_value=-0.00131442 0.0362995 -0.411664 0.123451 -0.0205156 -0.334763 -0.0840267 -0.810782 0.097558 0.270505 0.0147307 0.251809 -0.262989 -0.465438 0.137972 0.0756318 -0.0588095 -0.225108 -0.00482659 0.0783341 -0.0690287 0.293981 -0.141303 0.0327308 -0.000868563 0.204304 -0.707006 0.113206 -0.172718 0.161583
internal_weight=7372 6753 619 2665 4088 519 1459 100 2266 399 2629 370 335 184 797 1469 1013 201 1260 1435 801 196 446 1369 1193 174 66 389 81 408
internal_count=7372 6753 619 2665 4088 519 1459 100 2266 399 2629 370 335 184 797 1469 1013 201 1260 1435 801 196 446 1369 1193 174 66 389 81 408
is_linear=0
shrinkage=0.05


Tree=7
num_leaves=31
num_cat=0
split_feature=299 299 299 299 299 297 299 297 299 299 299 257 293 291 164 213 70 236 293 292 220 295 67 249 299 57 247 235 295 299
split_gain=41092.1 12515.6 6306.58 3826.26 3484.48 1468.79 853.025 770.349 602.328 582.782 496.563 269.723 261.727 217.599 194.097 168.367 142.146 137.086 133.722 120.916 117.7 106.046 100.728 99.1838 98.6847 94.3646 92.1469 87.6013 85.6609 79.3724
threshold=-9.1473317146301252 -1.8649113774299619 -19.870015144348141 1.7002843022346499 -4.7368881702423087 -13.992913246154783 5.2900669574737558 -25.966528892517086 -6.7369203567504874 -0.58689305186271656 -3.1466535329818721 -8.3166503906249982 10.25927782058716 3.1898083686828618 -2.8238328695297237 -3.475698590278625 0.20190550386905673 0.40328085422515875 -2.3161278963088985 -14.606734752655028 -4.3434708118438712 -7.6045510768890372 -2.1534448862075801 -5.09588599205017 -11.886627674102781 -2.5264608860015865 -1.3094488382339475 -4.3231494426727286 -8.4000906944274885 -17.09507846832275
decision_type=2 2 2 2 2 2 2 2 2 2 2 2 2 2 2 2 2 2 2 2 2 2 2 2 2 2 2 2 2 2
left_child=2 4 7 9 8 19 13 -1 21 26 15 24 -8 22 16 23 -11 -16 27 29 -12 -2 -5 -6 -7 -21 -3 -10 -13 -4
right_child=1 3 5 6 10 11 12 -9 18 14 20 28 -14 -15 17 -17 -18 -19 -20 25 -22 -23 -24 -25 -26 -27 -28 -29 -30 -31
leaf_value=-0.96359360638786762 -0.18344268528551891 0.049501389502693859 -0.53461646098716586 0.085442033094087877 -0.093801194912678493 -0.34248265261502614 0.31638609185276262 -0.67063774340080495 -0.10103482464699587 0.079803857579827317 -0.024070540255135192 -0.25188167018275104 0.50092892456054694 0.24936914136332852 0.10424432983326835 -0.0035867732924039237 -0.077191442180247538 0.14321946130246341 -0.0061610659287459615 -0.45582905292510989 0.029206743250064129 -0.12875110898493677 0.18548706566817277 -0.030750511732111952 -0.27116056103067304 -0.3212157560431439 0.0769122513605104 -0.06482394573170841 -0.16696332630358246 -0.44640305276010556
leaf_weight=34 145 669 51 28 74 97 83 66 276 46 112 62 25 155 613 876 21 357 69 30 1393 228 248 397 97 23 566 423 57 51
leaf_count=34 145 669 51 28 74 97 83 66 276 46 112 62 25 155 613 876 21 357 69 30 1393 228 248 397 97 23 566 423 57 51
internal_value=-0.0012487 0.0328587 -0.409817 0.113681 -0.024039 -0.332803 0.233448 -0.770243 -0.097884 0.0852684 0.00550415 -0.27047 0.359104 0.201961 0.112904 -0.0165488 0.0305964 0.118589 -0.0725667 -0.458676 0.0252419 -0.150012 0.175338 -0.0406566 -0.306822 -0.397412 0.0620638 -0.0791218 -0.211206 -0.49051
internal_weight=7372 6804 568 2811 3993 468 539 100 1141 2272 2852 313 108 431 1037 1347 67 970 768 155 1505 373 276 471 194 53 1235 699 119 102
internal_count=7372 6804 568 2811 3993 468 539 100 1141 2272 2852 313 108 431 1037 1347 67 970 768 155 1505 373 276 471 194 53 1235 699 119 102
is_linear=0
shrinkage=0.05


Tree=8
num_leaves=31
num_cat=0
split_feature=296 293 292 293 296 296 249 293 283 294 243 255 184 247 296 293 187 252 57 187 252 259 296 247 292 259 236 294 257 239
split_gain=36448.8 9496.12 5522.08 4269.68 2110.98 1312.98 1025.13 758.651 615.31 569.727 319.347 314.725 276.066 271.947 254.146 236.549 233.045 208.211 203.239 148.685 140.264 137.008 124.893 120.345 118.471 109.571 108.134 92.7825 82.0847 78.9717
threshold=-8.7871942520141584 -0.55362200736999501 -19.142169952392575 -3.9501271247863765 2.6211613416671757 -14.953751087188719 -5.09588599205017 -25.9460916519165 -2.7148951292037959 7.7905371189117441 -8.8149757385253888 0.12393704056739809 -0.92620521783828724 -3.9717998504638667 -4.1714961528778067 -6.7640748023986808 3.0473753213882451 2.7364461421966557 -3.1785020828247066 -4.3438580036163321 -2.2223802804946895 -5.2225520610809317 -3.0876111984252925 1.1580052375793459 -6.2805244922637931 0.86555114388465892 -15.442467212677 0.76724407076835643 -8.973695755004881 -2.242547750473022
decision_type=2 2 2 2 2 2 2 2 2 2 2 2 2 2 2 2 2 2 2 2 2 2 2 2 2 2 2 2 2 2
left_child=2 3 7 6 11 -4 15 -1 13 17 -7 19 22 18 24 28 -11 -6 -5 -3 -15 -12 -10 -13 -8 29 -9 -21 -2 -14
right_child=1 4 5 8 9 10 14 26 12 16 21 23 25 20 -16 -17 -18 -19 -20 27 -22 -23 -24 -25 -26 -27 -28 -29 -30 -31
leaf_value=-0.92067880341500941 -0.22224953987381679 -0.024552336052573964 -0.45219426718283828 -0.11149313819240517 0.18303025940717277 -0.31541719252063383 -0.097352013103663926 -0.67507243156433105 0.00026812390602044475 0.30396444956461588 -0.23366892008812395 0.1195804734183445 0.027048149362535162 9.5269635767865002e-06 -0.013125985862413196 -0.093729002336731232 0.51550954735797383 0.26674079522490501 -0.015240501232167004 0.078281263759411926 0.034526733945081517 -0.10027744905515151 0.039350871713331313 0.17192018366696543 -0.048631080696736578 0.11965139665446439 -0.54313299655914304 0.11618585255120165 -0.14717310373252038 0.06894035812312832
leaf_weight=33 44 29 127 71 177 155 170 44 262 30 154 307 136 665 469 283 23 128 241 485 528 22 930 171 469 91 24 242 211 651
leaf_count=33 44 29 127 71 177 155 170 44 262 30 154 307 136 665 469 283 23 128 241 485 528 22 930 171 469 91 24 242 211 651
internal_value=-0.00118627 0.0306598 -0.389321 -0.00193654 0.13756 -0.315523 -0.0685733 -0.723968 0.0287443 0.244455 -0.263084 0.106549 0.0464317 0.00441693 -0.0410775 -0.1252 0.395767 0.218161 -0.0371441 0.0864701 0.0152862 -0.216995 0.0307605 0.138305 -0.0615928 0.0677073 -0.628506 0.0908987 -0.160127 0.061701
internal_weight=7372 6813 559 5221 1592 458 1646 101 3575 358 331 1234 2070 1505 1108 538 53 305 312 756 1193 176 1192 478 639 878 68 727 255 787
internal_count=7372 6813 559 5221 1592 458 1646 101 3575 358 331 1234 2070 1505 1108 538 53 305 312 756 1193 176 1192 478 639 878 68 727 255 787
is_linear=0
shrinkage=0.05


Tree=9
num_leaves=31
num_cat=0
split_feature=299 299 299 299 299 299 299 299 299 299 299 299 296 241 160 265 231 191 293 273 285 296 184 276 181 241 220 193 128 174
split_gain=33618.4 10015.5 5589.05 3166.24 2576.51 1440.53 675.553 644.149 631.424 538.358 237.5 234.817 205.406 162.029 156.645 144.154 127.352 117.757 117.697 117.451 91.3468 88.4246 87.1269 84.998 77.4967 77.1635 74.6444 69.9007 69.0635 68.818
threshold=-8.6764764785766584 -1.8649113774299619 -19.870015144348141 2.2883599996566777 -4.1802656650543204 -13.560653686523436 -1.0000000180025095e-35 -26.798318862915036 -6.1967463493347159 8.1761708259582537 3.9528347253799443 -2.9076702594757076 -10.639203548431395 -12.198818683624266 -5.2610285282135001 -1.194045305252075 -0.67480316758155812 -4.8200786113739005 -2.0850877761840816 -4.1789274215698233 1.8776130676269533 1.9888451695442202 -3.1984019279479976 -6.6775300502777091 0.74351707100868236 -17.401132583618161 -4.656646490097045 -2.1982333660125728 -4.6945443153381339 -3.6643590927124019
decision_type=2 2 2 2 2 2 2 2 2 2 2 2 2 2 2 2 2 2 2 2 2 2 2 2 2 2 2 2 2 2
left_child=2 4 7 6 8 13 14 -1 22 10 21 19 -7 -4 -3 27 29 -14 23 -6 -12 -5 -2 -10 -17 -9 -13 -8 -15 -16
right_child=1 3 5 9 11 12 15 25 18 -11 20 26 17 28 16 24 -18 -19 -20 -21 -22 -23 -24 -25 -26 -27 -28 -29 -30 -31
leaf_value=-0.8728793873506433 -0.13446024029636672 -0.058599110864675966 -0.44185484312113055 0.14068610594596392 -0.030275040572652453 -0.27406356583780317 0.018935795356002122 -0.66071960926055917 -0.091523561842631607 0.44123261550377157 0.18423084328251502 -0.026631428052981694 -0.22558747152487438 -0.38464727158449136 -0.00093254984489509049 0.11625926013202018 0.081306085272128487 -0.14756337595574651 0.0064695555960670829 0.0046177279315689672 0.27934048833215941 0.20807402866785646 -0.087756320396503384 -0.048881828311103277 0.15258032751698344 -0.55254298939424407 0.029251932260933623 0.096183973654013155 -0.29020558223128318 0.056304485431675891
leaf_weight=34 331 26 103 81 325 134 36 32 138 29 31 63 120 49 56 352 689 81 84 935 136 122 143 763 252 34 1160 157 32 844
leaf_count=34 331 26 103 81 325 134 36 32 138 29 31 63 120 49 56 352 689 81 84 935 136 122 143 763 252 34 1160 157 32 844
internal_value=-0.00112695 0.0311998 -0.353797 0.103308 -0.0202198 -0.287848 0.0817252 -0.696074 -0.0729535 0.233779 0.217519 0.0107663 -0.226112 -0.400246 0.0631363 0.119393 0.0651282 -0.194145 -0.0501357 -0.00438239 0.261685 0.181185 -0.12037 -0.055413 0.131413 -0.604992 0.0263732 0.081775 -0.347337 0.0527431
internal_weight=7372 6753 619 2811 3942 519 2412 100 1459 399 370 2483 335 184 1615 797 1589 201 985 1260 167 203 474 901 604 66 1223 193 81 900
internal_count=7372 6753 619 2811 3942 519 2412 100 1459 399 370 2483 335 184 1615 797 1589 201 985 1260 167 203 474 901 604 66 1223 193 81 900
is_linear=0
shrinkage=0.05


Tree=10
num_leaves=31
num_cat=0
split_feature=299 299 299 299 299 299 297 299 299 299 251 236 245 285 299 245 285 193 248 293 293 221 131 77 251 238 245 237 185 188
split_gain=29420.8 9215.4 4452.16 2948.83 2078.04 1005.15 810.177 780.468 435.797 386.978 303.541 269.596 181.946 174.512 159.36 149.537 139.76 136.942 120.343 106.931 99.1127 98.6814 96.2415 84.9701 84.3686 79.3321 72.6546 63.805 62.4459 61.9251
threshold=-8.889488220214842 -2.0783286094665523 -18.196013450622555 1.3448818922042849 -4.7368881702423087 -13.560653686523436 -25.966528892517086 4.3588583469390878 -0.58689305186271656 -6.5078022480010977 -3.0681102275848384 7.5541558265686044 -5.2479600906372061 -4.004361391067504 -10.466629981994627 -15.996587753295897 -5.2751610279083243 -2.4022965431213374 -2.4246678352355953 -3.3081245422363277 -2.3161278963088985 -4.2967717647552481 0.43898886442184454 1.5925197005271914 -10.617459774017332 -1.8670365214347837 3.6716853380203252 -4.5675370693206778 2.633580327033997 -0.64629456400871266
decision_type=2 2 2 2 2 2 2 2 2 2 2 2 2 2 2 2 2 2 2 2 2 2 2 2 2 2 2 2 2 2
left_child=2 4 6 8 9 24 -1 17 18 25 21 28 14 -10 -7 -8 -12 -5 23 -18 27 -6 -15 -3 -4 -2 -19 -11 -9 -20
right_child=1 3 5 7 10 12 15 11 13 20 16 -13 -14 22 -16 -17 19 26 29 -21 -22 -23 -24 -25 -26 -27 -28 -29 -30 -31
leaf_value=-0.82417926788330087 -0.12601080880804383 0.033757703040953171 -0.39591333155046432 0.058009730476666903 -0.049416334295272833 -0.26531690010210363 -0.58853942326136999 0.22081451651076198 -0.029080514237284662 -0.086815992233000308 -0.055541088762627526 0.43525241216023763 -0.11637478188464517 0.086190050454553732 -0.19087392035871745 -0.45733303656944868 -0.0050331768822426577 0.15509857013625536 0.050337483409998468 0.024428462100434395 -0.0016418312665825681 -0.012999869526416434 0.12067413276965076 -0.047011425470312437 -0.31151412010192869 -0.034103133976459504 0.22163133776706198 -0.05396164847665378 0.28623876730600994 0.075047629178167652
leaf_weight=32 386 341 114 34 250 164 49 71 28 228 71 24 38 609 128 39 427 380 754 1105 67 727 303 36 40 25 46 420 75 382
leaf_count=32 386 341 114 34 250 164 49 71 28 228 71 24 38 609 128 39 427 380 754 1105 67 727 303 36 40 25 46 420 75 382
internal_value=-0.00170374 0.0280473 -0.336107 0.0919163 -0.0250849 -0.268514 -0.608735 0.188407 0.0671347 -0.0817591 -0.000350435 0.279952 -0.219291 0.0938721 -0.232684 -0.530391 0.0130386 0.154576 0.0505232 0.0162169 -0.0595356 -0.0223183 0.0976469 0.026045 -0.373991 -0.12042 0.162283 -0.0655215 0.254423 0.0586467
internal_weight=7393 6789 604 3083 3706 484 120 630 2453 1126 2580 170 330 940 292 88 1603 460 1513 1532 715 977 912 377 154 411 426 648 146 1136
internal_count=7393 6789 604 3083 3706 484 120 630 2453 1126 2580 170 330 940 292 88 1603 460 1513 1532 715 977 912 377 154 411 426 648 146 1136
is_linear=0
shrinkage=0.05


Tree=11
num_leaves=31
num_cat=0
split_feature=299 299 299 299 299 299 299 299 299 299 299 245 236 294 162 77 197 248 299 250 259 197 208 248 190 251 189 71 52 228
split_gain=26552.2 8324.33 4027.19 2391.08 2205.61 961.309 629.753 540.297 410.477 407.026 349.248 218.254 174.711 169.005 167.973 204.484 121.903 111.741 109.849 104.582 104.106 102.564 98.6014 80.6441 76.3717 76.073 73.7943 64.4995 61.848 64.5521
threshold=-8.889488220214842 -1.7410503029823301 -17.09507846832275 2.5055118799209599 -4.7368881702423087 -26.798318862915036 -13.560653686523436 0.30951574444770819 -3.1466535329818721 5.2900669574737558 -6.5078022480010977 -15.996587753295897 7.5541558265686044 -9.0137138366699201 -3.081893682479858 2.1093554496765141 -2.7083922624588008 -3.5296850204467769 -10.466629981994627 0.087629813700914397 -4.2196128368377677 1.0495865345001223 2.5107730627059941 -4.7682764530181876 -8.5359086990356428 -4.9216988086700431 -0.97357830405235279 -1.9542126059532163 -4.7083661556243888 -6.6798801422119132
decision_type=2 2 2 2 2 2 2 2 2 2 2 2 2 2 2 2 2 2 2 2 2 2 2 2 2 2 2 2 2 2
left_child=2 4 5 7 10 -1 24 14 16 22 25 -7 -11 18 15 -3 28 -10 -8 27 -12 -9 -5 -15 -4 -2 -19 -16 -6 -30
right_child=1 3 6 9 8 11 13 21 17 12 20 -13 -14 23 19 -17 -18 26 -20 -21 -22 -23 -24 -25 -26 -27 -28 -29 29 -31
leaf_value=-0.7846762657165528 -0.12894835307243022 0.039458227076235863 -0.37117053056374577 0.15283560600036231 -0.10927179908752443 -0.55131340291765007 -0.25895544715123636 0.10112147686548419 -0.011790221700564436 0.26113844977484807 -0.073586011734140575 -0.4162277541943451 0.41832178289240063 -0.18009417103396522 0.026301868951184235 -0.11805275546179878 -0.0022370962747212115 0.018890757755548649 -0.18313407830789055 0.088973107180473479 -0.035180771811527407 0.14374670124993535 0.21498534282048545 -0.075185725222463196 -0.28817639461783479 -0.082594393852145176 0.043592245990675939 0.062252004170689081 -0.11726612202823161 -0.025873344065539657
leaf_weight=32 282 87 78 156 25 54 146 463 218 90 398 67 22 90 142 27 754 957 71 352 317 203 108 23 43 129 442 1028 20 569
leaf_count=32 282 87 78 156 25 54 146 463 218 90 398 67 22 90 142 27 754 957 71 352 317 203 108 23 43 129 442 1028 20 569
internal_value=-0.00161855 0.0266449 -0.319302 0.0952427 -0.0180412 -0.540966 -0.244103 0.0761484 0.00445231 0.212144 -0.0776711 -0.476514 0.292014 -0.208327 0.0606931 0.00215299 -0.015706 0.0215065 -0.234148 0.0650778 -0.0565588 0.114114 0.17826 -0.158741 -0.341677 -0.114399 0.0266949 0.0578888 -0.032246 -0.0289767
internal_weight=7393 6789 604 2678 4111 153 451 2302 2985 376 1126 121 112 330 1636 114 1368 1617 217 1522 715 666 264 113 121 411 1399 1170 614 589
internal_count=7393 6789 604 2678 4111 153 451 2302 2985 376 1126 121 112 330 1636 114 1368 1617 217 1522 715 666 264 113 121 411 1399 1170 614 589
is_linear=0
shrinkage=0.05


Tree=12
num_leaves=31
num_cat=0
split_feature=299 299 299 299 299 299 293 299 299 299 251 263 296 285 259 193 285 246 248 293 288 255 299 190 295 77 248 276 299 241
split_gain=23963.4 7521.48 3639.09 2412.11 1689.31 814.752 685.094 639.128 359.869 315.35 257.761 232.982 154.577 148.222 141.408 121.129 120.451 114.729 102.135 91.0374 88.0746 86.3971 84.8784 81.8358 77.5871 71.7606 69.75 66.8466 66.2057 64.3844
threshold=-8.889488220214842 -2.0783286094665523 -18.196013450622555 1.3448818922042849 -4.7368881702423087 -13.560653686523436 -25.9460916519165 4.3588583469390878 -0.58689305186271656 -6.9480671882629386 -3.0681102275848384 8.0612387657165545 -8.518706798553465 -4.004361391067504 -4.2196128368377677 -2.4022965431213374 -5.2215447425842276 -16.117537498474118 -2.4246678352355953 -3.341269731521606 -7.4938318729400626 -1.4152676463127134 -10.466629981994627 -8.5359086990356428 2.959656953811646 1.5925197005271914 -4.7682764530181876 3.6090879440307622 -3.5407480001449581 -5.6912972927093497
decision_type=2 2 2 2 2 2 2 2 2 2 2 2 2 2 2 2 2 2 2 2 2 2 2 2 2 2 2 2 2 2
left_child=2 4 6 8 9 23 -1 15 18 -2 20 -9 22 -10 29 -5 -12 -8 25 -18 -6 -15 -7 -4 -23 -3 -14 -17 -22 -11
right_child=1 3 5 7 10 12 17 11 13 14 16 -13 26 21 -16 27 19 -19 -20 -21 28 24 -24 -25 -26 -27 -28 -29 -30 -31
leaf_value=-0.74793243408203125 -0.11850618989500282 0.030042959286495387 -0.36246256094712481 0.048847755263833441 -0.1152304341395696 -0.24077769490374124 -0.52754413223266605 0.23175091044108076 -0.028415878596050399 -0.10709620458035429 -0.049064556025452427 0.41342597961425781 -0.16607912450626092 0.062913073624530053 -0.033679654251116548 0.13357176615923338 -0.0050853261937117639 -0.41228593023199783 0.052989299962638126 0.022444212130801292 -0.030582982820906043 0.093792805350430303 -0.17723563436088685 -0.28462302398681644 0.17242658260193738 -0.044182886141869764 -0.0608404728025198 0.17631376672508126 -0.0041678803954064174 -0.06503858806245659
leaf_weight=32 292 341 104 34 24 157 50 150 28 121 77 20 74 244 346 293 411 38 1136 1115 508 635 79 50 33 36 20 133 445 367
leaf_count=32 292 341 104 34 24 157 50 150 28 121 77 20 74 244 346 293 411 38 1136 1115 508 635 79 50 33 36 20 133 445 367
internal_value=-0.00153762 0.0253127 -0.303337 0.0830139 -0.0226886 -0.242227 -0.549816 0.170283 0.0606007 -0.0737875 -0.000387262 0.253124 -0.19791 0.0848975 -0.0581307 0.139668 0.0119509 -0.477774 0.0455056 0.0150296 -0.0206309 0.0883764 -0.219507 -0.33719 0.0976774 0.0229551 -0.143688 0.146916 -0.0182485 -0.0754668
internal_weight=7393 6789 604 3083 3706 484 120 630 2453 1126 2580 170 330 940 834 460 1603 88 1513 1526 977 912 236 154 668 377 94 426 953 488
internal_count=7393 6789 604 3083 3706 484 120 630 2453 1126 2580 170 330 940 834 460 1603 88 1513 1526 977 912 236 154 668 377 94 426 953 488
is_linear=0
shrinkage=0.05


Tree=13
num_leaves=31
num_cat=0
split_feature=295 293 297 297 297 297 293 285 255 291 255 239 247 298 269 267 241 57 190 298 293 189 298 251 260 122 291 247 290 130
split_gain=21272.1 5807.91 3319.26 2340.72 1634.29 716.711 629.649 524.722 390.931 366.376 219.494 205.175 186.881 185.186 162.193 159.01 141.332 133.371 113.157 108.937 104.257 91.397 90.0457 77.2172 72.2119 69.2528 68.2257 67.3911 62.0593 58.7388
threshold=-8.6511583328247053 -0.93834522366523732 -17.918831825256344 -4.5801959037780753 2.07945728302002 -13.214724540710447 -25.9460916519165 -3.284679532051086 5.042126178741456 -5.8748295307159415 -1.4152676463127134 -2.5295258760452266 -2.604866504669189 -10.052997589111326 8.3049478530883807 3.5237759351730351 -12.198818683624266 -3.6418306827545162 -4.4064567089080802 -0.16321441531181333 -19.150315284729 -4.5574212074279776 -8.2991137504577619 0.20659167319536212 -4.347033977508544 0.72678864002227794 -1.5241746902465818 -1.1928389668464658 -13.076756000518797 -5.0193274021148673
decision_type=2 2 2 2 2 2 2 2 2 2 2 2 2 2 2 2 2 2 2 2 2 2 2 2 2 2 2 2 2 2
left_child=2 3 6 9 10 16 -1 12 15 22 18 -9 17 -7 -10 -6 -4 -5 -3 27 -8 -15 -2 -12 -11 -17 29 -13 -18 -19
right_child=1 4 5 7 8 13 20 11 14 24 23 19 -14 21 -16 25 28 26 -20 -21 -22 -23 -24 -25 -26 -27 -28 -29 -30 -31
leaf_value=-0.71053571701049811 -0.14094897782802582 -0.065480407942896307 -0.36410441040992736 -0.093570043197409677 0.13823414310332269 -0.22185230131806999 -0.49523732965642764 0.0035317358510277143 0.23906333446502687 -0.059207219307239239 0.072633132436282014 0.025633299609416779 0.014459274446407516 -0.17734719159755302 0.42057243347167966 0.14703017047473363 -0.30978214418565908 -0.089605185633095413 0.048377874637013873 0.073236385967744441 -0.38484767368861611 -0.098359969456990562 -0.088019372781506386 0.10072210075844089 -0.026476870063692332 0.2217925109095493 -0.079255138890714283 0.047700504619115597 -0.21387602898382371 -0.013069282067241148
leaf_weight=32 100 23 80 66 248 174 55 626 32 325 573 1094 455 94 20 42 37 26 426 184 35 60 409 427 350 118 45 506 31 700
leaf_count=32 100 23 80 66 248 174 55 626 32 325 573 1094 455 94 20 42 37 26 426 184 35 60 409 427 350 118 45 506 31 700
internal_value=-0.00146074 0.0236999 -0.287358 -0.00519439 0.0976534 -0.227721 -0.52004 0.0143772 0.179762 -0.0663886 0.0715873 0.02816 -0.0113323 -0.186508 0.308875 0.163306 -0.319057 -0.0253529 0.0425455 0.036802 -0.452308 -0.146573 -0.0984181 0.0846271 -0.0422359 0.202167 -0.0195132 0.0326121 -0.26606 -0.0158102
internal_weight=7393 6795 598 4886 1909 476 122 3702 460 1184 1449 2410 1292 328 52 408 148 837 449 1784 90 154 509 1000 675 160 771 1600 68 726
internal_count=7393 6795 598 4886 1909 476 122 3702 460 1184 1449 2410 1292 328 52 408 148 837 449 1784 90 154 509 1000 675 160 771 1600 68 726
is_linear=0
shrinkage=0.05


Tree=14
num_leaves=31
num_cat=0
split_feature=299 299 299 299 299 299 299 299 299 196 299 299 245 214 77 245 232 296 211 153 292 247 295 252 235 299 250 66 252 18
split_gain=19568.3 6127.74 3150.92 1779.59 1555.79 731.929 525.593 411.104 338.724 317.069 202.793 175.936 159.664 158.235 144.119 124.866 98.4451 94.8756 91.874 83.8366 78.1981 74.9342 72.6686 64.5846 64.2538 60.8961 60.2744 59.2983 57.4189 56.296
threshold=-8.6764764785766584 -1.7410503029823301 -17.09507846832275 2.5055118799209599 -4.2260749340057364 -26.798318862915036 -12.292556285858153 0.54587233066558849 -6.5078022480010977 5.8061416149139413 -2.7825154066085811 5.2900669574737558 -15.996587753295897 -1.0905511975288389 2.4407199621200566 -3.4321433305740352 -3.5011812448501582 -12.607407569885252 -4.1939575672149649 -3.0688976049423213 0.70210155844688427 -3.9717998504638667 1.3319178223609927 -5.524704933166503 -0.17790732532739637 -10.466629981994627 0.42047242820262914 -2.6628608703613277 -3.405658364295959 1.2737532854080202
decision_type=2 2 2 2 2 2 2 2 2 2 2 2 2 2 2 2 2 2 2 2 2 2 2 2 2 2 2 2 2 2
left_child=2 4 5 7 8 -1 17 13 28 11 18 22 -7 14 -3 25 23 -4 29 -16 -9 -12 -5 -10 -18 -8 -15 -19 -2 -6
right_child=1 3 6 9 10 12 15 20 16 -11 21 -13 -14 26 19 -17 24 27 -20 -21 -22 -23 -24 -25 -26 -27 -28 -29 -30 -31
leaf_value=-0.67728433609008798 -0.10456214057411042 0.041965173334640143 -0.29834969634683722 0.1044265446296105 -0.026201268638508808 -0.47236610518561473 -0.20026320027268452 0.084916243481803946 -0.084417147934436804 0.37192869640531995 -0.021071152288592264 0.22858333900721389 -0.35682612319490803 0.060067772229530941 -0.12790833771228791 -0.042995285252109175 -0.032016683815058365 -0.27825658321380614 0.00072512124872625618 0.016864458769559859 0.12242753113455632 0.026608620960560204 0.1656319669403955 -0.046193729736166457 0.033102258068804701 -0.15292465476633377 0.088743590013902696 -0.18023356133037144 -0.047076289769262078 -0.11402855440974236
leaf_weight=32 331 726 117 65 208 54 115 284 156 21 89 99 67 736 20 20 498 27 1197 20 272 1112 191 379 41 166 244 36 50 20
leaf_count=32 331 726 117 65 208 54 115 284 156 21 89 99 67 736 20 20 498 27 1197 20 272 1112 191 379 41 166 244 36 50 20
internal_value=-0.00138771 0.0235261 -0.266991 0.0822962 -0.0150396 -0.464629 -0.204125 0.0658235 -0.0565137 0.183148 0.00794021 0.171981 -0.408389 0.0538999 0.0368745 -0.163707 -0.0421449 -0.271713 -0.00481576 -0.0555219 0.103267 0.0230753 0.150092 -0.0573392 -0.0270633 -0.172298 0.0672075 -0.222243 -0.0970181 -0.0339054
internal_weight=7393 6759 634 2678 4081 153 481 2302 1455 376 2626 355 121 1746 766 301 1074 180 1425 40 556 1201 256 535 539 281 980 63 381 228
internal_count=7393 6759 634 2678 4081 153 481 2302 1455 376 2626 355 121 1746 766 301 1074 180 1425 40 556 1201 256 535 539 281 980 63 381 228
is_linear=0
shrinkage=0.05


Tree=15
num_leaves=31
num_cat=0
split_feature=299 299 296 299 299 293 297 251 251 293 299 298 293 283 299 255 284 293 188 284 185 245 257 296 174 299 299 244 238 170
split_gain=17511.8 5105.99 3921.4 1553.31 1222.14 691.16 599.019 291.599 278.117 276.713 206.726 180.154 147.529 124.699 104.476 97.1275 93.0611 92.9865 90.8569 90.0968 88.8434 78.8558 77.6779 75.4888 69.5002 67.8154 67.4401 57.3819 56.762 55.4934
threshold=-7.3975048065185538 -0.80341628193855275 -16.962327957153317 -3.5407480001449581 3.6458904743194585 -10.313346385955809 -25.966528892517086 -3.9460629224777217 0.20659167319536212 10.25927782058716 -2.3428723812103267 -12.746572971343992 -19.150315284729 -2.514435768127441 -5.8240478038787833 0.12393704056739809 -4.3974153995513907 -7.0249998569488517 -0.54068240523338307 1.8826334476470949 0.55829873681068432 -11.361417293548582 -7.1197309494018546 1.8774278163909914 -2.8199881315231319 -5.3417422771453849 0.91001501679420482 -3.0923337936401363 -5.5731120109558097 -1.3752824664115904
decision_type=2 2 2 2 2 2 2 2 2 2 2 2 2 2 2 2 2 2 2 2 2 2 2 2 2 2 2 2 2 2
left_child=2 3 6 7 8 11 -1 14 13 15 16 21 -8 20 -2 -6 -5 -7 24 25 -3 -4 -16 -10 -12 -9 -15 -19 -24 -18
right_child=1 4 5 10 9 17 12 19 23 -11 18 -13 -14 26 22 -17 29 27 -20 -21 -22 -23 28 -25 -26 -27 -28 -29 -30 -31
leaf_value=-0.64151458740234379 -0.080305162652746426 0.040803414272276434 -0.30968401772635329 -0.022589258306494386 0.092208123703797662 -0.14295046422169824 -0.45933462778727219 -0.045287595399153918 0.095947811725534932 0.35709564774124714 -0.00026589106768369679 -0.18867399334907531 -0.34789717125170161 0.065457305554775053 -0.12099135941074741 0.19943268183957449 0.0026296538493555525 -0.10592809533609929 0.055201888871867492 0.087363377958536159 -0.064093705390890446 -0.23156910578409834 -0.083715282939374455 0.13280706185899024 0.0325895718014945 -0.013325241693589344 0.099328996348626838 -0.013378061056137086 -0.033497942392534452 0.024992725173525736
leaf_weight=32 308 127 70 214 24 283 54 208 386 27 190 120 66 606 31 176 575 103 391 20 24 60 64 217 1053 821 194 20 466 536
leaf_count=32 308 127 70 214 24 283 54 208 386 27 190 120 66 606 31 176 575 103 391 20 24 60 64 217 1053 821 194 20 466 536
internal_value=-0.000654992 0.0260213 -0.22047 -0.000438964 0.0984786 -0.167448 -0.449301 -0.0354875 0.0826485 0.206849 0.0222792 -0.232852 -0.398044 0.0658052 -0.0569074 0.186566 0.00760306 -0.127175 0.0341801 -0.0177432 0.024131 -0.273631 -0.0440616 0.109212 0.0275674 -0.019786 0.0736712 -0.0908793 -0.0395619 0.0134187
internal_weight=7466 6658 808 4877 1781 656 152 1918 1554 227 2959 250 120 951 869 200 1325 406 1634 1049 151 130 561 603 1243 1029 800 123 530 1111
internal_count=7466 6658 808 4877 1781 656 152 1918 1554 227 2959 250 120 951 869 200 1325 406 1634 1049 151 130 561 603 1243 1029 800 123 530 1111
is_linear=0
shrinkage=0.05


Tree=16
num_leaves=31
num_cat=0
split_feature=299 299 296 299 299 299 243 181 251 299 299 299 292 283 299 255 102 284 188 284 243 257 292 220 295 299 174 241 238 107
split_gain=15804.4 4608.16 3539.06 1401.86 1102.98 613.552 556.919 273.831 263.168 253.396 199.715 186.57 129.844 121.013 94.2894 90.7244 86.8819 83.9877 81.9985 81.3124 71.2831 70.1043 65.8111 65.6751 64.8488 63.4738 62.724 53.3403 51.2277 53.3862
threshold=-7.3975048065185538 -0.80341628193855275 -16.962327957153317 -3.5407480001449581 3.6458904743194585 -10.061367034912108 -20.706341743469235 6.1116685867309579 -3.9460629224777217 1.0549607872962954 -14.363637447357176 -2.3428723812103267 -19.142169952392575 -2.514435768127441 -5.8240478038787833 0.12393704056739809 1.0807873606681826 -4.3974153995513907 -0.54068240523338307 1.8826334476470949 1.2949106693267824 -7.1197309494018546 -8.668367385864256 -1.1476377844810484 -7.2768871784210196 -4.378882408142089 -2.8199881315231319 -12.198818683624266 -5.5731120109558097 1.4941820502281191
decision_type=2 2 2 2 2 2 2 2 2 2 2 2 2 2 2 2 2 2 2 2 2 2 2 2 2 2 2 2 2 2
left_child=2 3 6 8 9 10 -1 15 14 13 27 17 -8 16 -2 -6 -3 -5 26 25 -15 -16 -12 -11 -7 -10 -13 -4 -23 -30
right_child=1 4 5 11 7 24 12 -9 19 23 22 18 -14 20 21 -17 -18 -19 -20 -21 -22 28 -24 -25 -26 -27 -28 -29 29 -31
leaf_value=-0.61592042984501016 -0.076289902104959867 0.037706506595015531 -0.30590872971907906 -0.02145979526499232 0.087597615520159405 -0.12738594241085507 -0.4351313877105713 0.36850411551339285 -0.031059071481685491 0.063388319195471179 -0.19619390151717447 -0.00025260566096556818 -0.33111066312500925 0.065418474351454398 -0.11494179464155628 0.19102232495507043 -0.074533759802579883 0.01274773887220867 0.05244180775650055 0.082995209097862246 0.10408788894085175 -0.079529520333744594 -0.13217191283519453 0.11532112455837412 -0.081061823211484044 -0.0062206306150109749 0.03096009629919191 -0.23263946109347874 -0.035679195045953953 0.042449716672949167
leaf_weight=31 308 125 46 214 24 210 55 21 521 71 176 190 66 770 31 182 20 1111 391 20 141 64 52 427 118 508 1053 54 443 23
leaf_count=31 308 125 46 214 24 210 55 21 521 71 176 190 66 770 31 182 20 1111 391 20 141 64 52 427 118 508 1053 54 443 23
internal_value=-0.000622242 0.0247202 -0.209447 -0.000417017 0.0935547 -0.159076 -0.426836 0.196507 -0.0337132 0.0785161 -0.207431 0.0211653 -0.378393 0.0646508 -0.054062 0.178973 0.0222251 0.0072229 0.0324711 -0.016856 0.0714035 -0.0418585 -0.181592 0.107917 -0.110721 -0.0187968 0.026189 -0.266343 -0.0375838 -0.031823
internal_weight=7466 6658 808 4877 1781 656 152 227 1918 1554 328 2959 121 1056 869 206 145 1325 1634 1049 911 561 228 498 328 1029 1243 100 530 466
internal_count=7466 6658 808 4877 1781 656 152 227 1918 1554 328 2959 121 1056 869 206 145 1325 1634 1049 911 561 228 498 328 1029 1243 100 530 466
is_linear=0
shrinkage=0.05


Tree=17
num_leaves=31
num_cat=0
split_feature=293 293 296 293 296 243 298 250 251 285 235 249 252 265 293 57 285 32 251 151 229 298 298 189 245 289 192 244 121 296
split_gain=14009.4 3931.68 2452.08 1319.66 1168.18 502.619 390.855 336.569 304.141 281.951 261.907 167.431 159.453 134.587 122.472 117.82 107.259 98.9202 97.9633 78.9346 78.4938 76.195 75.1726 72.0513 69.3691 66.8332 66.102 62.2603 57.636 57.4079
threshold=-8.6929531097412092 -1.3209334611892698 -16.962327957153317 -4.5053150653839102 2.6211613416671757 -20.706341743469235 -12.746572971343992 6.6070868968963632 0.20659167319536212 -4.0699188709259024 -4.6779527664184561 -2.2098678350448604 2.7364461421966557 -1.5366141200065611 -19.150315284729 -3.6418306827545162 1.8776130676269533 -2.8192605972290035 -6.074803113937377 -4.5864393711090079 -1.5416535735130308 -6.8975505828857413 -4.3927755355834952 3.7720997333526616 -11.361417293548582 -2.7661262750625606 -0.94252479076385487 0.66141733527183544 -1.1677165627479551 -6.2864961624145499
decision_type=2 2 2 2 2 2 2 2 2 2 2 2 2 2 2 2 2 2 2 2 2 2 2 2 2 2 2 2 2 2
left_child=2 3 5 10 8 -1 24 12 13 15 21 17 27 19 -7 -5 25 -11 -8 -3 29 -2 -19 -10 -4 -13 -24 -6 -21 -12
right_child=1 4 6 9 7 14 18 -9 23 11 20 16 -14 -15 -16 -17 -18 22 -20 28 -22 -23 26 -25 -26 -27 -28 -29 -30 -31
leaf_value=-0.58512445265246982 -0.10103892702692828 -0.072544243293149138 -0.27795396119775906 -0.086617618294085486 0.072387910164319544 -0.41457757603038448 -0.15684704838494057 0.33471546173095706 0.084927784786387184 0.058227986618876459 -0.069572632250882047 0.0080896666862848975 0.18059440215428671 0.055858421382623841 -0.31355277986237495 -0.012711208873685374 0.12991918325424195 -0.028637702382453112 -0.088274000630234231 0.006159602963595366 0.0047509042687025396 -0.061096450326971509 0.00082296891156318809 0.18157138109207155 -0.20674870014190674 0.033966237567517536 0.036041286673683386 0.13140564485863374 0.043177931414627793 -0.032096071689822363
leaf_weight=31 223 21 71 59 65 55 247 24 540 80 127 335 150 868 66 627 26 184 66 189 119 257 913 20 66 978 156 143 237 523
leaf_count=31 223 21 71 59 65 55 247 24 540 80 127 335 150 868 66 627 26 184 66 189 119 257 913 20 66 978 156 143 237 523
internal_value=-0.00059113 0.0196925 -0.231865 -0.00679419 0.0737572 -0.405494 -0.173217 0.153452 0.0575208 0.00952628 -0.0506726 0.0168674 0.1413 0.0443795 -0.359473 -0.0190676 0.0293554 0.00432312 -0.142388 0.0220893 -0.0325834 -0.0796531 0.000881464 0.0883793 -0.243651 0.0273641 0.00596241 0.112963 0.0267543 -0.0394184
internal_weight=7466 6864 602 4607 2257 152 450 382 1875 3358 1249 2672 358 1315 121 686 1339 1333 313 447 769 480 1253 560 137 1313 1069 208 426 650
internal_count=7466 6864 602 4607 2257 152 450 382 1875 3358 1249 2672 358 1315 121 686 1339 1333 313 447 769 480 1253 560 137 1313 1069 208 426 650
is_linear=0
shrinkage=0.05


Tree=18
num_leaves=31
num_cat=0
split_feature=299 299 299 299 299 293 299 250 299 299 299 297 187 228 257 289 231 162 299 119 188 247 298 293 193 161 220 174 271 244
split_gain=12934.3 3828.3 2880.65 1161.12 909.842 514.174 464.35 240.409 216.525 210.584 154.783 133.206 116.618 102.196 94.9384 91.9561 78.6439 77.9946 75.9925 71.2753 69.8964 63.6279 55.952 55.6761 55.6133 54.8573 54.212 52.8745 52.5874 50.092
threshold=-7.3975048065185538 -0.80341628193855275 -17.09507846832275 -3.5407480001449581 3.6458904743194585 -10.313346385955809 -26.798318862915036 6.6070868968963632 -5.2831833362579337 1.0549607872962954 -2.3428723812103267 -13.214724540710447 -11.876977920532225 -0.15295170247554776 -7.1197309494018546 -1.0698162913322447 -0.02803148981183767 -2.7133284807205196 -10.061367034912108 -0.28123362362384791 -0.3016363233327865 -2.4383465051650997 -2.3909426927566524 -16.430340766906735 -10.462691307067869 -1.2111750841140745 -4.4060847759246817 -2.8199881315231319 2.560574054718018 -2.9059633016586299
decision_type=2 2 2 2 2 2 2 2 2 2 2 2 2 2 2 2 2 2 2 2 2 2 2 2 2 2 2 2 2 2
left_child=2 3 6 8 9 11 -1 16 15 13 21 -4 -8 26 -10 -2 -6 -16 -7 -15 27 22 -5 -14 -13 -11 -3 -12 -18 -20
right_child=1 4 5 10 7 18 12 -9 14 25 20 24 23 19 17 -17 28 -19 29 -21 -22 -23 -24 -25 -26 -27 -28 -29 -30 -31
leaf_value=-0.55891142814390127 -0.05687176007009645 -0.027173128860214581 -0.24171031561764802 0.0039878193924733265 0.067967711165547381 -0.14514372939363532 -0.3903120697521773 0.33976934523809527 -0.11695062120755513 0.060030679463164274 2.3677438029444033e-06 -0.23593974113464355 -0.33483067136822325 0.052324440621251612 -0.032805140268601367 0.051965253837406633 0.11984315761610081 -0.0067021084689584225 -0.10199578588396528 0.089637454949927198 0.050512092414347433 0.018204102384421796 -0.029091847090128655 -0.23699735494760366 -0.15372116401277741 0.10545427497610536 0.046875593126444765 0.028451700658663884 0.18578248636142627 -0.021889234387448858
leaf_weight=31 655 26 110 545 20 109 61 21 24 79 191 25 33 217 459 20 38 760 276 312 316 613 167 26 116 419 501 1127 148 21
leaf_count=31 655 26 110 545 20 109 61 21 24 79 191 25 33 217 459 20 38 760 276 312 316 613 167 26 116 419 501 1127 148 21
internal_value=-0.000561573 0.0223646 -0.189475 -0.000547098 0.0851048 -0.144215 -0.386402 0.17861 -0.0308497 0.0714461 0.0190948 -0.200471 -0.341836 0.0588063 -0.0184698 -0.053647 0.162181 -0.0165309 -0.109436 0.0743314 0.0293925 0.00639558 -0.00377103 -0.291718 -0.168299 0.0982485 0.0432223 0.0243289 0.172311 -0.0963317
internal_weight=7466 6658 808 4877 1781 657 151 227 1918 1554 2959 251 120 1056 1243 675 206 1219 406 529 1634 1325 712 59 141 498 527 1318 186 297
internal_count=7466 6658 808 4877 1781 657 151 227 1918 1554 2959 251 120 1056 1243 675 206 1219 406 529 1634 1325 712 59 141 498 527 1318 186 297
is_linear=0
shrinkage=0.05


Tree=19
num_leaves=31
num_cat=0
split_feature=299 299 296 299 299 263 299 299 297 251 299 170 193 283 8 295 296 247 232 65 212 193 196 30 299 234 71 89 72 257
split_gain=11673.2 3455.23 2606.73 925.5 914.524 512.77 369.648 260.651 230.852 184.116 148.702 146.501 121.549 97.7686 95.3262 77.4808 74.5664 73.5354 70.8964 69.589 62.995 61.7544 78.4985 58.8433 54.3806 51.7011 49.2029 47.6234 47.197 51.7741
threshold=-7.3975048065185538 -1.1294344663619993 -16.028739929199215 -3.6523622274398799 3.6458904743194585 -21.220473289489743 -10.061367034912108 0.54587233066558849 8.6799211502075213 -3.9460629224777217 -18.196013450622555 -1.1433070898056028 -9.1199293136596662 -2.6485739946365352 1.6032546162605288 -8.6511583328247053 -2.5082020759582515 -3.0770996809005733 1.5277839899063113 -4.3896436691284171 -4.7531278133392325 0.083054441958665862 0.30023625493049627 -1.149060785770416 -5.2130074501037589 -3.7771432399749751 -1.4253845810890196 -0.47854974865913386 -2.38335108757019 -1.4714367985725401
decision_type=2 2 2 2 2 2 2 2 2 2 2 2 2 2 2 2 2 2 2 2 2 2 2 2 2 2 2 2 2 2
left_child=2 3 5 9 7 -1 12 13 21 15 19 17 -4 14 -3 -2 27 -5 -11 -7 -13 22 -6 -22 -17 -8 -26 -9 29 -15
right_child=1 4 6 11 8 10 25 16 -10 18 -12 20 -14 28 -16 24 -18 -19 -20 -21 23 -23 -24 -25 26 -27 -28 -29 -30 -31
leaf_value=-0.54387637547084267 -0.11777756002388502 0.029790021741141877 -0.22053963873121474 -0.011963670026914329 0.16406680298122495 -0.396599424921948 -0.10400473781666913 -0.0095890020110434102 0.30691155327690978 -0.017938792676632776 -0.2553035906891325 -0.037896452114606904 -0.15103927223305955 -0.049741145020181482 -0.072265231278207567 -0.05658954330060853 0.091854802215403306 0.011874981235986844 0.074964574972788495 -0.30642559587955476 0.045066378874363461 0.16569295001637407 0.028917438288529714 0.021859415282342611 -0.046053315649898549 -0.050868091014298525 -0.0088486048472083464 0.081241463883607479 0.057439195691027768 0.04989954390912317
leaf_weight=28 38 150 90 471 22 46 273 31 27 928 67 36 209 22 27 438 652 1033 21 40 399 157 21 866 212 55 153 27 895 32
leaf_count=28 38 150 90 471 22 46 273 31 27 928 67 36 209 22 27 438 652 1033 21 40 399 157 21 866 212 55 153 27 895 32
internal_value=-0.000533495 0.0212464 -0.180002 -0.00288845 0.0750027 -0.347152 -0.131749 0.0632971 0.169679 -0.0309787 -0.31115 0.0150372 -0.171959 0.0483374 0.0142223 -0.048013 0.087022 0.00440955 -0.015883 -0.354658 0.0273232 0.151153 0.0980636 0.0291792 -0.0447115 -0.0950946 -0.0304579 0.0326941 0.0547003 0.00930519
internal_weight=7466 6658 808 4595 2063 181 627 1836 227 1790 153 2805 299 1126 177 841 710 1504 949 86 1301 200 43 1265 803 328 365 58 949 54
internal_count=7466 6658 808 4595 2063 181 627 1836 227 1790 153 2805 299 1126 177 841 710 1504 949 86 1301 200 43 1265 803 328 365 58 949 54
is_linear=0
shrinkage=0.05


Tree=20
num_leaves=31
num_cat=0
split_feature=295 299 299 299 299 289 251 252 299 255 299 183 296 292 193 184 211 185 259 239 130 238 233 34 284 189 174 271 274 4
split_gain=10585.3 3603.81 1753.05 1270.83 910.965 348.162 246.993 234.919 213.522 209.543 175.747 95.2092 91.7852 82.5393 69.6785 69.2033 66.4887 65.0105 63.7214 62.8747 60.9833 60.3863 60.236 56.4051 55.6622 51.3458 50.9566 49.4476 47.7702 47.1579
threshold=-8.6511583328247053 -1.1294344663619993 -17.09507846832275 -4.2260749340057364 3.6458904743194585 -25.216628074645993 -10.617459774017332 -0.1274803355336189 -6.29231834411621 6.0956408977508554 -2.9745111465454097 -2.905647754669189 2.1099212169647221 -16.309640884399411 -2.1541280746459956 -1.4580901265144346 -4.1939575672149649 0.29153542220592504 -5.2898731231689444 -3.5255905389785762 -1.8397007584571836 -3.0715608596801753 -1.6251837611198423 1.8601049184799197 1.3549212813377383 0.57367318868637096 0.64320418238639843 2.560574054718018 -10.857080459594725 -0.040707416832447045
decision_type=2 2 2 2 2 2 2 2 2 2 2 2 2 2 2 2 2 2 2 2 2 2 2 2 2 2 2 2 2 2
left_child=2 3 5 8 7 -1 28 11 21 27 16 14 -9 -7 22 17 20 24 -8 -10 -5 23 -3 -2 -12 -18 -13 -6 -4 -29
right_child=1 4 6 10 9 13 18 12 19 -11 15 26 -14 -15 -16 -17 25 -19 -20 -21 -22 -23 -24 -25 -26 -27 -28 29 -30 -31
leaf_value=-0.51064801897321432 -0.07206014210756348 0.027241772375311016 -0.22566015224645636 -0.051473064352536492 0.11003957177911486 -0.3392334408230252 -0.13339849682081314 0.072193518249310196 -0.043939669461043412 0.30623569488525393 0.01056354222039094 0.045984972099615488 0.11194758271452171 -0.24463348388671877 0.037400699216599644 0.029100684800266643 -0.0016382833358993083 -0.072381294875041302 -0.043013673453103932 -0.018346897795984224 0.0081549444357649648 -0.029452539388447593 -0.070979427724346719 -0.12856074762344361 0.079718575924634938 0.049376796501187176 0.073567216887392789 0.13926943266173689 -0.16273343285848929 0.19514385544828006
leaf_weight=28 379 27 101 126 56 90 273 537 484 24 967 701 199 31 99 1030 958 23 21 476 65 73 37 50 30 52 220 82 43 70
leaf_count=28 379 27 101 126 56 90 273 537 484 24 967 701 199 31 99 1030 958 23 21 476 65 73 37 50 30 52 220 82 43 70
internal_value=5.65676e-05 0.0177293 -0.203617 -0.00635068 0.0730359 -0.351764 -0.15322 0.0611416 -0.0450676 0.166345 0.0110606 0.0463397 0.0829422 -0.314997 0.0111163 0.0199588 -0.00412774 0.0107272 -0.126942 -0.0312499 -0.0311808 -0.0714918 -0.0295424 -0.0786453 0.0126444 0.000988236 0.0525736 0.150204 -0.20687 0.165001
internal_weight=7352 6765 587 4713 2052 149 438 1820 1462 232 3251 1084 736 121 163 2050 1201 1020 294 960 191 502 64 429 997 1010 921 208 144 152
internal_count=7352 6765 587 4713 2052 149 438 1820 1462 232 3251 1084 736 121 163 2050 1201 1020 294 960 191 502 64 429 997 1010 921 208 144 152
is_linear=0
shrinkage=0.05


Tree=21
num_leaves=31
num_cat=0
split_feature=299 299 299 299 299 297 299 240 243 272 164 258 293 53 248 212 191 299 252 203 299 249 278 296 292 228 270 3 189 232
split_gain=9532.84 2808 2341.63 822.146 690.92 388.13 351.017 240.498 216.375 146.324 109.16 105.076 98.7111 98.3863 90.9736 84.8354 74.6997 73.4248 69.986 64.9145 57.3679 46.6627 46.1538 45.2497 43.0948 42.2605 42.2264 42.1994 40.5913 44.1419
threshold=-6.9480671882629386 -1.1294344663619993 -16.32006740570068 3.6458904743194585 -3.5407480001449581 -25.966528892517086 -10.903599739074705 7.0985732078552255 1.1230971217155459 -5.6366953849792472 -2.8238328695297237 -3.5335838794708248 -17.734728813171383 -2.2467519044876094 -9.7073016166686994 -6.1207878589630118 -5.1281590461730948 -4.6795842647552481 -0.1274803355336189 0.41158406436443334 -2.6528433561325069 -5.3848254680633536 -12.973435401916502 4.7308142185211191 -6.4612576961517325 1.3671156167984011 -2.6523959636688228 -1.7966535091400144 0.13883462548255923 -1.7300078868865965
decision_type=2 2 2 2 2 2 2 2 2 2 2 2 2 2 2 2 2 2 2 2 2 2 2 2 2 2 2 2 2 2
left_child=2 4 5 8 9 -1 14 25 10 21 13 24 -7 -3 -4 -13 -8 -11 26 -10 28 -2 -14 -21 -6 -5 -12 -23 -17 -30
right_child=1 3 6 7 11 12 16 -9 19 17 18 15 22 -15 -16 20 -18 -19 -20 23 -22 27 -24 -25 -26 -27 -28 -29 29 -31
leaf_value=-0.47936701456705733 -0.074475701325973934 -0.088560930266976368 -0.19326627530342291 0.092663844533868736 -0.075331052663651379 -0.31734713620917743 -0.10820826651721166 0.31148635200832203 0.065485560468264994 -0.031524691176126246 0.019734928551667804 -0.070573194962568017 -0.20671178861097858 0.025788393066446674 -0.13058792213061909 0.0053349106147250773 -0.068254987365108419 -0.0080667395641721949 0.069586480301090159 0.098578869745069672 0.026193971627649922 -0.09788631598154704 -0.29831742763519292 0.16945418334007264 -0.0036194309863794363 0.1515679376762967 0.049534833684487092 -0.031533866235767732 -0.0093080659955739973 0.072626307335061341
leaf_weight=30 151 24 121 37 22 86 232 23 168 579 142 26 44 87 111 681 236 787 417 227 1422 27 20 25 439 172 730 213 25 48
leaf_count=30 151 24 121 37 22 86 232 23 168 579 142 26 44 87 111 681 236 787 417 227 1422 27 20 25 439 172 730 213 25 48
internal_value=5.37392e-05 0.021048 -0.154349 0.0693841 -0.00139223 -0.315192 -0.11299 0.158028 0.0580845 -0.0257295 0.0486418 0.0146651 -0.282357 0.00106422 -0.163278 0.0192095 -0.0880609 -0.0180098 0.0527388 0.0895603 0.0202823 -0.0526994 -0.235339 0.10561 -0.00704168 0.14114 0.0446821 -0.0389985 0.0091332 0.0445666
internal_weight=7352 6472 880 2052 4420 180 700 232 1820 1757 1400 2663 150 111 232 2202 468 1366 1289 420 2176 391 64 252 461 209 872 240 754 73
internal_count=7352 6472 880 2052 4420 180 700 232 1820 1757 1400 2663 150 111 232 2202 468 1366 1289 420 2176 391 64 252 461 209 872 240 754 73
is_linear=0
shrinkage=0.05


Tree=22
num_leaves=31
num_cat=0
split_feature=295 299 299 299 299 288 252 299 196 299 292 299 283 160 189 297 77 173 258 190 173 131 294 288 298 180 299 30 296 292
split_gain=8654.5 2941.12 1423.59 961.236 799.112 306.534 225.343 207.425 183.354 181.944 120.925 86.2579 81.2128 76.5232 74.3162 70.6669 70.5203 70.0529 67.1625 63.5517 53.9753 53.8934 48.9055 46.0839 52.2708 44.8144 45.8585 44.3679 43.7453 43.4099
threshold=-8.6511583328247053 -1.3685134649276731 -17.09507846832275 -4.6795842647552481 3.6458904743194585 -25.528964996337887 -0.1274803355336189 -11.434916019439695 5.8061416149139413 -3.1466535329818721 -6.0714566707611075 0.8059314787387849 -2.514435768127441 -5.7095799446105948 -4.5574212074279776 -20.124540328979489 2.5324453115463261 -3.55998682975769 -3.2568503618240352 -8.5359086990356428 2.7371695041656499 -0.72276517748832692 -2.3829294443130489 -1.0666666626930235 -2.5662126541137691 -1.1141663193702696 0.30951574444770819 -1.1326851844787595 -5.0711848735809317 -11.760999679565428
decision_type=2 2 2 2 2 2 2 2 2 2 2 2 2 2 2 2 2 2 2 2 2 2 2 2 2 2 2 2 2 2
left_child=2 3 5 10 6 -1 12 19 -6 17 28 20 16 -11 -9 -7 -3 22 -15 -4 -8 27 -5 24 -19 -14 -27 -20 -2 -21
right_child=1 4 7 9 8 15 11 14 -10 13 -12 -13 25 18 -16 -17 -18 23 21 29 -22 -23 -24 -25 -26 26 -28 -29 -30 -31
leaf_value=-0.47005931712962967 -0.075858873678559188 0.022733037958995932 -0.20105067324415546 -0.043089912409715832 0.13647366559730387 -0.32070205400860502 0.052089109783783262 -0.12402997386070991 0.29484483718872073 -0.071497602224349976 -0.034478796481186257 0.091447562012224579 0.031723158297157196 -0.0016540049568370538 -0.061333393349367028 -0.24455349728212519 -0.068900957574015084 -0.0036507163058362296 0.027723396921088196 -0.1801942825317383 0.11624490420023602 0.033919376569632308 0.037361456773110799 0.024164143710264138 -0.044916155142709614 0.04493505769272458 0.073585491668432965 0.0065049552286552447 -0.035451002652386591 -0.11669721687049198
leaf_weight=27 347 241 107 188 212 63 367 155 20 25 712 362 363 405 68 59 23 888 396 51 36 544 21 133 84 463 200 652 83 57
leaf_count=27 347 241 107 188 212 63 367 155 20 25 712 362 363 405 68 59 23 888 396 51 36 544 21 133 84 463 200 652 83 57
internal_value=5.10523e-05 0.0160309 -0.184112 -0.0075295 0.0621628 -0.317614 0.0522321 -0.138697 0.150126 0.00602436 -0.0471229 0.0737327 0.0394818 0.0154375 -0.104912 -0.283876 0.0147498 -0.00846064 0.0165258 -0.17374 0.0578201 0.0211507 -0.0350063 -0.00343978 -0.00721687 0.0458456 0.0535777 0.0145226 -0.0680592 -0.146682
internal_weight=7352 6765 587 4478 2287 149 2055 438 232 3336 1142 765 1290 2022 223 122 264 1314 1997 215 403 1592 209 1105 972 1026 663 1048 430 108
internal_count=7352 6765 587 4478 2287 149 2055 438 232 3336 1142 765 1290 2022 223 122 264 1314 1997 215 403 1592 209 1105 972 1026 663 1048 430 108
is_linear=0
shrinkage=0.05


Tree=23
num_leaves=31
num_cat=0
split_feature=295 291 290 297 295 251 297 211 288 183 291 57 297 288 251 279 252 247 291 12 251 89 115 295 181 121 292 152 118 53
split_gain=7810.68 2317.59 1284.77 877.65 695.217 277.091 255.949 228.897 218.119 151.814 139.462 116.644 109.933 102.252 84.2237 82.6643 79.9864 75.6452 70.7295 68.4413 61.7202 54.7694 53.674 52.8912 47.9658 47.4953 47.0672 46.537 45.8658 43.6515
threshold=-8.6511583328247053 -0.95517483353614796 -17.461052894592282 -4.5801959037780753 2.4763789176940922 -10.617459774017332 8.6799211502075213 -2.9390201568603511 -25.528964996337887 -2.88322901725769 -6.2215454578399649 -3.5681102275848384 -1.9275028109550474 0.16997656971216205 2.6227035522460942 -3.0948537588119502 -2.2223802804946895 -12.915059089660643 3.6848648786544804 -3.6928166151046748 -3.8637794256210323 2.6728347539901738 -0.40568333864212031 -3.1226541996002193 -2.2986876964569087 -2.380560994148254 -11.760999679565428 -2.0742603540420528 2.6659895181655888 3.167667150497437
decision_type=2 2 2 2 2 2 2 2 2 2 2 2 2 2 2 2 2 2 2 2 2 2 2 2 2 2 2 2 2 2
left_child=2 3 8 10 9 17 14 11 -1 15 27 -5 24 28 29 -3 25 -4 -15 -14 26 23 -18 -12 -9 -13 -7 -2 -11 -6
right_child=1 4 5 7 6 20 -8 12 -10 13 21 16 19 18 -16 -17 22 -19 -20 -21 -22 -23 -24 -25 -26 -27 -28 -29 -30 -31
leaf_value=-0.44655637387876157 -0.056453773148712666 -0.074425328018203868 -0.22858961976092795 -0.06733976340875393 0.097794959379225666 -0.15489705194506731 0.26456762041364396 -0.0053468291518440304 -0.28492907648501187 0.035219627507205503 -0.030316275405487043 -0.032718794388896653 0.10067151748772823 0.060893704759177825 0.13640588545030163 0.016860477211734944 0.027651386798795641 -0.16093744398320764 0.1359072071133238 0.027455280017245415 -0.023462621271610262 -0.094651390587290135 -0.013737762502084175 0.014042811660716931 0.014351405055761527 -0.0056492168633197034 -0.10389069811394225 -0.099102886341795149 0.10552036786296715 0.036376814807162566
leaf_weight=27 336 31 69 82 194 57 28 443 92 697 646 249 33 658 155 124 237 103 33 974 20 30 117 75 1022 464 219 79 24 34
leaf_count=27 336 31 69 82 194 57 28 443 92 697 646 249 33 658 155 124 237 103 33 974 20 30 117 75 1022 464 219 79 24 34
internal_value=4.84997e-05 0.0152294 -0.174907 -0.00358265 0.0607568 -0.137606 0.118637 0.00856616 -0.321601 0.0455757 -0.0413107 -0.00987295 0.0171368 0.050732 0.107969 -0.00139668 -0.00545657 -0.188077 0.0644761 0.0298546 -0.108279 -0.0284563 0.0139719 -0.0257019 0.00839487 -0.0151027 -0.114425 -0.0645725 0.0375597 0.0886361
internal_weight=7352 6765 587 4787 1978 468 411 3621 119 1567 1166 1149 2472 1412 383 155 1067 172 691 1007 296 751 354 721 1465 713 276 415 721 228
internal_count=7352 6765 587 4787 1978 468 411 3621 119 1567 1166 1149 2472 1412 383 155 1067 172 691 1007 296 751 354 721 1465 713 276 415 721 228
is_linear=0
shrinkage=0.05


Tree=24
num_leaves=31
num_cat=0
split_feature=299 299 296 299 299 299 240 256 243 272 239 161 212 294 184 299 37 299 288 203 299 214 198 202 256 196 299 289 193 27
split_gain=7060.87 2102.82 1729.41 609.889 512.095 372.15 198.562 196.675 168.493 114.077 111.276 89.3653 84.2365 80.1228 75.9322 69.7348 68.0289 62.5759 59.4674 52.2508 46.2729 45.2228 43.0506 43.0184 41.3246 41.2978 40.8761 40.7573 40.3881 38.8702
threshold=-6.9480671882629386 -1.1294344663619993 -14.953751087188719 3.6458904743194585 -3.5407480001449581 -21.752066612243649 7.0985732078552255 -8.133333206176756 1.1230971217155459 -5.6366953849792472 -20.202109336853024 -4.3681101799011222 -5.7994749546051017 -9.0137138366699201 -1.9566636681556699 -17.09507846832275 -1.6598828434944151 1.0549607872962954 -1.3858843445777891 0.41158406436443334 -12.845374107360838 -1.7093144059181211 -1.3618018627166746 -2.6024725437164302 -2.2290605306625362 0.54625388979911815 -5.1400263309478751 -0.49522587656974787 -2.4022965431213374 2.2951772212982182
decision_type=2 2 2 2 2 2 2 2 2 2 2 2 2 2 2 2 2 2 2 2 2 2 2 2 2 2 2 2 2 2
left_child=2 4 5 8 9 10 -5 13 11 -2 -1 24 16 20 23 -7 -6 21 26 -10 -4 -13 29 -14 -3 -25 -11 -16 -19 -9
right_child=1 3 7 6 12 15 -8 22 19 18 -12 17 14 -15 27 -17 -18 28 -20 -21 -22 -23 -24 25 -26 -27 -28 -29 -30 -31
leaf_value=-0.4409400634765625 -0.046070380543199035 0.019039542675018312 -0.1712140296828257 0.12094625536904952 0.009905921025522825 -0.24648155212402345 0.27572993402895718 -0.067421169588590416 0.056387244590691159 -0.032998252249039385 -0.30438875765413853 0.021204696276358195 -0.0097920037306863678 -0.080243010967969902 0.016985525345140862 -0.17889905955693494 -0.095826375950127843 0.0029755391828391866 0.014487141837693146 0.092385902385863056 -0.12245918579705775 0.044667563034612348 -0.0063945918153666959 0.0090701854844641595 -0.082602729052305229 0.082277159467339517 -0.013050464132033727 0.038684682494931621 0.072399383574090106 -0.12305435993841717
leaf_weight=25 391 20 73 209 29 80 23 305 168 368 37 273 403 80 1399 73 32 23 148 252 146 829 26 524 20 20 850 256 235 35
leaf_count=25 391 20 73 209 29 80 23 305 168 368 37 273 403 80 1399 73 32 23 148 252 146 829 26 524 20 20 850 256 235 35
internal_value=4.60747e-05 0.0181144 -0.132838 0.0599431 -0.00130468 -0.256112 0.136291 -0.092983 0.0502108 -0.0222571 -0.35945 0.0418781 0.0125193 -0.123067 0.0138809 -0.214236 -0.0455602 0.0440445 -0.0154408 0.0779864 -0.138711 0.0388551 -0.0684061 0.00258938 -0.0317816 0.0117616 -0.0190774 0.020342 0.0662104 -0.0731481
internal_weight=7352 6472 880 2052 4420 215 232 665 1820 1757 62 1400 2663 299 2602 153 61 1360 1366 420 219 1102 366 947 40 544 1218 1655 258 340
internal_count=7352 6472 880 2052 4420 215 232 665 1820 1757 62 1400 2663 299 2602 153 61 1360 1366 420 219 1102 366 947 40 544 1218 1655 258 340
is_linear=0
shrinkage=0.05


Tree=25
num_leaves=31
num_cat=0
split_feature=299 299 299 299 299 293 299 288 284 239 299 245 295 125 36 212 122 295 85 164 205 153 257 12 183 42 246 77 87 293
split_gain=6298.27 2237.81 757.562 757.211 589.599 242.243 224.378 158.838 138.946 97.9611 91.8804 85.3468 71.9081 66.0359 64.7397 64.2995 61.3831 57.9582 56.6957 51.9787 50.3069 47.9473 45.0043 43.0882 43.0515 42.9454 42.1439 40.1649 39.9993 39.2513
threshold=-9.7297739982604963 -1.8649113774299619 2.5055118799209599 -21.752066612243649 -5.2831833362579337 -13.703557491302488 8.1761708259582537 -0.045522723346948617 -5.464587688446044 -20.202109336853024 -2.9076702594757076 -3.3996871709823604 0.8298151195049287 -4.8615434169769278 -0.019565219059586521 -5.296022653579711 3.8551937341690068 -8.6511583328247053 -4.8541073799133292 -3.286108016967773 -0.17160724103450772 0.4618110209703446 -11.039997577667235 -3.346829771995544 -2.88322901725769 -0.050016000866889947 -10.137434005737303 0.9593438208103181 -2.4205391407012935 -3.3979166746139522
decision_type=2 2 2 2 2 2 2 2 2 2 2 2 2 2 2 2 2 2 2 2 2 2 2 2 2 2 2 2 2 2
left_child=3 4 7 9 11 23 12 13 19 -1 29 17 21 -3 25 27 24 -2 -17 28 -20 -4 -16 -5 -9 26 -7 -15 -6 -10
right_child=1 2 6 5 8 14 -8 16 10 -11 -12 -13 -14 15 22 18 -18 -19 20 -21 -22 -23 -24 -25 -26 -27 -28 -29 -30 -31
leaf_value=-0.41889529418945309 -0.084548213635571301 -0.063585874214768412 0.10295773250135509 -0.25924832198930825 -0.02433645546828446 -0.15492372865739623 0.24363690694173179 0.014871060763796171 -0.013099214478305785 -0.28679940700531009 0.013478229515016647 -0.018245360741000801 0.11067714066225656 0.01039957361325862 -0.20955753707885744 0.086353438763424412 0.13564681573347612 -0.04773419554220773 0.022278330913366631 -0.0095402435077862318 0.042983879891792587 0.0057766331235567731 -0.13140559556228776 -0.18594063971287167 0.054512717715765241 -0.034928904168985107 -0.092893720152122647 -0.077936688607389282 -0.06953263137452674 0.0026417222396539798
leaf_weight=25 130 20 22 23 95 38 30 75 774 32 1159 212 294 31 25 43 22 602 1044 165 408 30 70 156 789 22 98 22 101 811
leaf_count=25 130 20 22 23 95 38 30 75 774 32 1159 212 294 31 25 43 22 602 1044 165 408 30 70 156 789 22 98 22 101 811
internal_value=-6.1511e-05 0.0122638 0.0463752 -0.173448 -0.011578 -0.150847 0.112464 0.0362491 -0.00105764 -0.344736 0.00277876 -0.0461814 0.101091 0.026687 -0.119354 0.0278533 0.0531717 -0.0542722 0.029772 -0.0302186 0.0280964 0.0468917 -0.151972 -0.19536 0.0510716 -0.0997413 -0.110226 -0.0262683 -0.0476263 -0.00504502
internal_weight=7368 6879 2830 489 4049 432 376 2454 3105 57 2744 944 346 1568 253 1548 886 732 1495 361 1452 52 95 179 864 158 136 53 196 1585
internal_count=7368 6879 2830 489 4049 432 376 2454 3105 57 2744 944 346 1568 253 1548 886 732 1495 361 1452 52 95 179 864 158 136 53 196 1585
is_linear=0
shrinkage=0.05


Tree=26
num_leaves=31
num_cat=0
split_feature=299 299 299 299 299 185 299 294 247 299 284 251 133 251 36 212 194 284 134 1 245 6 184 84 288 85 130 247 36 85
split_gain=5684.19 2022.68 811.412 689.392 424.46 263.976 157.998 142.39 126.412 116.63 100.779 79.7521 68.5584 67.4143 65.8003 60.9056 53.4842 50.9496 45.117 44.5662 41.892 41.4791 40.8742 39.7636 40.6441 40.4152 37.5219 36.9111 36.4909 35.8216
threshold=-9.7297739982604963 -2.3428723812103267 1.3448818922042849 -19.870015144348141 -5.2831833362579337 6.1435613632202157 -26.798318862915036 -13.140034198760985 -0.7376788556575774 4.3588583469390878 -5.7942707538604727 -6.074803113937377 -5.2699356079101554 -3.0681102275848384 -0.019565219059586521 -6.4490997791290274 -2.0287401676177974 2.0541886091232304 3.5801348686218266 1.2880554199218752 -2.0077614784240718 -1.6208005547523496 -2.9177837371826167 4.0067846775054941 0.27928179502487188 -5.5119996070861808 -1.4696769714355467 -6.628607749938964 0.92255669832229625 -0.33383782207965845
decision_type=2 2 2 2 2 2 2 2 2 2 2 2 2 2 2 2 2 2 2 2 2 2 2 2 2 2 2 2 2 2
left_child=3 4 8 6 11 9 -1 28 12 16 26 -2 -3 -12 -9 -14 29 -15 22 -18 -13 -16 -10 24 25 -17 27 -6 -5 -4
right_child=1 2 5 7 10 -7 -8 14 18 -11 13 20 15 17 21 23 19 -19 -20 -21 -22 -23 -24 -25 -26 -27 -28 -29 -30 -31
leaf_value=-0.38405977884928388 -0.06440879541730124 -0.057043452933430674 0.060252950622728375 -0.1604250905769212 -0.10411389585300956 0.26835840225219726 -0.24312939401400291 -0.090014135227604236 -0.014013562104938662 0.12015752697283506 -0.011828489033277144 -0.038407140746686858 -0.04898788926582183 0.0044144985636885578 -0.20842419505119325 0.088698029305253723 0.070236111822150712 0.072564441271658453 0.11225042668255894 0.11603085727445664 0.00096107886190610495 -0.12637166874900221 0.041788061997750987 -0.046652733144306006 0.044364310667703029 0.018844566871782868 0.0011566172771414712 -0.036761261875984601 -0.2203787232598951 -0.01909384619817138
leaf_weight=30 315 29 33 140 23 20 59 142 34 163 898 552 31 1336 20 21 339 28 22 63 77 67 943 21 190 1482 58 176 31 25
leaf_count=30 315 29 33 140 23 20 59 142 34 163 898 552 31 1336 20 21 339 28 22 63 77 67 943 21 190 1482 58 176 31 25
internal_value=-5.84355e-05 0.0116506 0.0389491 -0.164775 -0.0152773 0.0895549 -0.290634 -0.136772 0.0272146 0.0838149 -0.0045613 -0.0438724 0.0192035 -0.00119028 -0.110993 0.0204706 0.0709369 0.00581347 0.0414406 0.0774129 -0.0335878 -0.145234 0.0398461 0.0217268 0.022575 0.0198206 -0.0342316 -0.0445457 -0.171294 0.0260517
internal_weight=7368 6879 3416 489 3463 643 89 400 2773 623 2519 944 1774 2262 229 1745 460 1364 999 402 629 87 977 1714 1693 1503 257 199 171 58
internal_count=7368 6879 3416 489 3463 643 89 400 2773 623 2519 944 1774 2262 229 1745 460 1364 999 402 629 87 977 1714 1693 1503 257 199 171 58
is_linear=0
shrinkage=0.05


Tree=27
num_leaves=31
num_cat=0
split_feature=299 299 299 299 299 299 297 299 292 241 285 254 212 125 189 180 18 246 58 97 184 26 291 211 130 115 293 132 298 261
split_gain=5129.98 1830.8 622.176 620.473 483.042 192.479 143.535 133.453 132.191 121.724 86.6759 65.1461 61.1794 60.3815 59.5197 57.8211 45.4898 44.1271 44.0137 43.0439 42.8045 42.7806 39.3362 40.2026 38.6025 37.9041 37.1807 37.7515 36.7291 35.2027
threshold=-9.7297739982604963 -1.8649113774299619 -19.870015144348141 2.5055118799209599 -4.378882408142089 8.1761708259582537 -25.966528892517086 0.30951574444770819 -14.606734752655028 -5.5821304321289054 -4.9483928680419913 -0.72351533174514759 -5.296022653579711 -4.4682743549346915 -0.65669292211532582 -2.8882876634597774 0.70623362064361583 -10.50513982772827 -0.51809102296829213 -6.0636088848114005 -0.68823331594467152 0.86398950219154369 -0.92089074850082386 -1.0000000180025095e-35 -2.3965668678283687 -3.3544619083404537 -3.3081245422363277 -3.8058111667633052 0.97492617368698131 4.1559054851531991
decision_type=2 2 2 2 2 2 2 2 2 2 2 2 2 2 2 2 2 2 2 2 2 2 2 2 2 2 2 2 2 2
left_child=2 4 6 7 9 11 -1 12 21 -2 16 -5 18 -14 26 -9 -6 25 -3 -11 -15 -4 -21 -24 -18 -10 -12 -28 -22 -17
right_child=1 3 8 5 10 -7 -8 15 17 19 14 -13 13 20 -16 29 24 -19 -20 22 28 -23 23 -25 -26 -27 27 -29 -30 -31
leaf_value=-0.36743600779566271 -0.058218530728855238 -0.074041595589369541 -0.15864183205239318 0.032024527822689317 -0.013506603973877172 0.22322415669759113 -0.23195772806803389 -0.0018723060713803517 -0.15568052723601059 -0.094311011650345555 -0.0084262483544941796 0.099153579953508306 -0.04201930084175641 0.021191155102744857 0.022267504951049542 0.053265694998315183 -0.10112519735290158 -0.097179901297079693 0.019856496799426776 -0.025714050272470385 0.039628211640716712 -0.23223419809341431 -0.025174122611465663 0.068312180989786336 -0.019348590834825128 -0.0781011401116848 -0.035975556677207352 0.0083512937853739803 -0.011438646026559779 0.11500652035077413
leaf_weight=29 374 26 94 41 230 30 60 47 74 22 608 305 31 930 435 607 31 187 24 1005 728 25 23 23 27 20 50 1221 37 24
leaf_count=29 374 26 94 41 230 30 60 47 74 22 608 305 31 930 435 607 31 187 24 1005 728 25 23 23 27 20 50 1221 37 24
internal_value=-5.55137e-05 0.0110681 -0.156536 0.0419218 -0.0104968 0.101733 -0.276102 0.0327576 -0.129933 -0.0336552 0.00238184 0.091199 0.0255534 0.0271328 0.00560128 0.051629 -0.0234855 -0.111228 -0.0289705 -0.0250935 0.0283976 -0.174102 -0.0236446 0.021569 -0.0630568 -0.139174 0.00174294 0.00660752 0.0371583 0.055614
internal_weight=7368 6879 489 2830 4049 376 89 2454 400 1447 2602 346 1776 1726 2314 678 288 281 50 1073 1695 119 1051 46 58 94 1879 1271 765 631
internal_count=7368 6879 489 2830 4049 376 89 2454 400 1447 2602 346 1776 1726 2314 678 288 281 50 1073 1695 119 1051 46 58 94 1879 1271 765 631
is_linear=0
shrinkage=0.05


Tree=28
num_leaves=31
num_cat=0
split_feature=299 299 299 287 299 196 299 184 292 299 196 133 292 187 160 248 197 2 189 33 104 55 1 249 87 166 178 228 297 215
split_gain=4629.81 1654.41 664.532 566.163 349.446 235.806 174.93 109.373 103.559 99.8366 84.9521 76.7236 70.2493 60.3339 56.5567 53.8817 47.4527 39.2512 38.9528 37.7088 37.1242 36.1498 35.6778 34.8575 40.7383 40.7236 34.6197 34.0299 33.199 43.7457
threshold=-9.7297739982604963 -2.3428723812103267 1.3448818922042849 -16.849138259887692 -5.2831833362579337 5.8061416149139413 -26.798318862915036 -0.30118110775947565 -11.760999679565428 4.3588583469390878 -2.8319673538208003 -5.4253153800964347 -6.0714566707611075 -2.7165170907974239 -5.2610285282135001 -4.6134150028228751 -0.46870143711566919 -0.146167978644371 1.8104918003082278 3.4179910421371464 0.3522337824106217 -0.4661079198122024 1.2880554199218752 -2.5321030616760249 -0.49593101441860193 -1.0000000180025095e-35 1.229527533054352 1.3671156167984011 -11.600890159606932 -6.7562007904052725
decision_type=2 2 2 2 2 2 2 2 2 2 2 2 2 2 2 2 2 2 2 2 2 2 2 2 2 2 2 2 2 2
left_child=3 4 7 6 12 9 -1 11 28 13 15 -3 -2 -4 -13 -6 21 -8 -12 -17 -10 -16 -15 25 -25 -14 -23 -11 29 -5
right_child=1 2 5 8 10 -7 17 -9 20 27 18 14 23 22 16 19 -18 -19 -20 -21 -22 26 -24 24 -26 -27 -28 -29 -30 -31
leaf_value=-0.34761398315429687 -0.05356931556056093 -0.067608322718968758 0.002301956056239637 -0.14087351756104341 -0.03727323995927536 0.24187096682461828 -0.24771815538406372 0.038873713037684984 -0.081635949983225251 0.054614100605249405 0.0016900362542941268 -0.045982352768381439 -0.028539483847080271 0.062549026616449871 0.0068050676100380033 -0.011345882051505317 0.034550602055908874 -0.180609415837054 0.056580429185520524 0.056704858331275844 -0.15250354607899985 0.024833135582077708 0.10206518578617013 -0.020150051333010198 0.049634335389168102 -0.089288548597445103 -0.041853986252099275 0.11922805755226701 -0.092824155890515875 -0.21263844203948976
leaf_weight=30 467 26 37 141 229 22 37 903 154 24 1571 33 343 357 637 665 431 53 33 21 21 723 68 75 29 30 20 135 28 25
leaf_count=30 467 26 37 141 229 22 37 903 154 24 1571 33 343 357 637 665 431 53 33 21 21 723 68 75 29 30 20 135 28 25
internal_value=-5.27381e-05 0.0105147 0.0352033 -0.14871 -0.0138389 0.0810005 -0.243052 0.0245839 -0.118029 0.0753013 -0.00411575 0.0176835 -0.0397844 0.0635403 0.0188861 -0.016273 0.0200681 -0.208199 0.00281933 -0.0092627 -0.0901401 0.015545 0.0688716 -0.0262884 -0.000690943 -0.0334255 0.0230381 0.109475 -0.143187 -0.151681
internal_weight=7368 6879 3416 489 3463 643 120 2773 369 621 2519 1870 944 462 1844 915 1811 90 1604 686 175 1380 425 477 104 373 743 159 194 166
internal_count=7368 6879 3416 489 3463 643 120 2773 369 621 2519 1870 944 462 1844 915 1811 90 1604 686 175 1380 425 477 104 373 743 159 194 166
is_linear=0
shrinkage=0.05


Tree=29
num_leaves=31
num_cat=0
split_feature=295 299 293 299 299 185 299 292 299 242 241 258 165 187 114 211 149 135 256 187 299 57 270 277 240 1 68 112 17 2
split_gain=4188.49 1403.41 645.186 507.127 348.083 218.519 185.608 99.1683 84.3645 81.7413 73.9873 70.8843 67.6652 55.2461 52.9147 52.8024 40.348 39.8725 39.1733 40.2452 38.9173 38.7123 38.5773 37.981 37.7965 37.5419 35.5246 35.1894 34.4119 33.675
threshold=-8.6511583328247053 -1.8649113774299619 -16.430340766906735 1.3448818922042849 -4.378882408142089 6.1435613632202157 -26.798318862915036 -11.760999679565428 4.3588583469390878 -0.36781495809555048 -6.019606113433837 -3.6630152463912959 -5.3290350437164298 -2.7165170907974239 3.1690944433212285 -5.4887795448303214 -0.42676508426666254 -4.4643189907073966 -8.133333206176756 -5.5960290431976309 -17.09507846832275 -3.85621166229248 0.32721626758575445 -6.3049497604370108 -1.6674685478210447 0.49836303293704992 -1.7798627614974973 1.2549911141395571 -1.1345144510269163 -0.146167978644371
decision_type=2 2 2 2 2 2 2 2 2 2 2 2 2 2 2 2 2 2 2 2 2 2 2 2 2 2 2 2 2 2
left_child=2 4 6 9 10 8 -1 21 13 14 16 27 -13 -5 15 -3 -2 -17 19 -9 29 -4 26 -12 28 -15 -11 -6 -14 -8
right_child=1 3 7 5 11 -7 20 18 -10 22 23 12 24 25 -16 17 -18 -19 -20 -21 -22 -23 -24 -25 -26 -27 -28 -29 -30 -31
leaf_value=-0.33023325602213544 -0.047548106946399278 -0.037199159940847985 -0.16034545878894996 0.0021868580241209351 -0.0099039977609083583 0.23963203430175783 -0.23802286836990094 -0.11366696308056515 0.10263734324578128 0.06435623964265226 -0.041689787435848107 -0.062854805292890351 0.017642141128529604 0.055198659800663998 -0.058061073043129664 0.07787235441707796 -0.11865613751790741 0.020473987266946065 -0.060612774486927423 -0.051077607317882426 -0.1354534378051758 -0.11017418114038616 0.051122360782370924 -0.018749962347512805 0.017172721334423463 0.086633761509114671 0.024035107635299806 -0.069362170507128423 -0.0019430877500534972 -0.17709865390012663
leaf_weight=30 214 39 61 37 580 20 43 105 163 63 226 34 297 279 22 31 22 1261 136 34 25 104 359 895 743 144 411 26 916 48
leaf_count=30 214 39 61 37 580 20 43 105 163 63 226 34 297 279 22 31 22 1261 136 34 25 104 359 895 743 144 411 26 916 48
internal_value=-5.01012e-05 0.0110313 -0.128299 0.0379175 -0.00821008 0.0769504 -0.219377 -0.0980777 0.0717279 0.0264362 -0.0287316 0.0025171 0.00707644 0.0607752 0.0188497 0.0201209 -0.0541768 0.0218512 -0.0796909 -0.0983573 -0.190707 -0.128722 0.0387585 -0.0233748 0.00829201 0.0659 0.0293942 -0.012455 0.00285231 -0.205887
internal_weight=7368 6782 586 2829 3953 643 146 440 623 2186 1357 2596 1990 460 1353 1331 236 1292 275 139 116 165 833 1121 1956 423 474 606 1213 91
internal_count=7368 6782 586 2829 3953 643 146 440 623 2186 1357 2596 1990 460 1353 1331 236 1292 275 139 116 165 833 1121 1956 423 474 606 1213 91
is_linear=0
shrinkage=0.05


Tree=30
num_leaves=31
num_cat=0
split_feature=299 299 294 299 297 243 299 295 189 284 272 200 18 183 186 299 114 124 235 299 254 193 98 236 87 140 282 45 153 173
split_gain=4125.89 1238.77 796.394 355.131 277.28 275.845 174.529 109.202 97.2532 72.6808 67.2935 62.2365 53.9482 52.0482 48.8934 48.038 54.1102 46.5464 44.3033 43.6328 41.0762 39.1977 39.5639 42.7387 38.8649 36.8333 35.97 35.8878 34.3071 33.6914
threshold=-7.726299285888671 -0.58689305186271656 -15.61905527114868 -4.2260749340057364 8.6799211502075213 -20.706341743469235 2.5055118799209599 -9.8500003814697248 -0.7070832848548888 -5.115104913711547 -2.9083960056304927 1.1220471858978274 1.70592737197876 -3.5956691503524776 -1.992547810077667 -2.513087153434753 3.1690944433212285 -2.5223424434661861 -4.0198628902435294 -17.09507846832275 -0.72351533174514759 -10.462691307067869 -0.87994936108589161 -8.0043311119079572 -1.8708396553993223 -2.9528760910034175 1.8398621678352358 1.240131199359894 -7.3613057136535636 -4.9579420089721671
decision_type=2 2 2 2 2 2 2 2 2 2 2 2 2 2 2 2 2 2 2 2 2 2 2 2 2 2 2 2 2 2
left_child=2 3 5 10 6 -1 11 21 9 12 29 13 25 14 24 -11 -17 27 -19 -7 -8 -4 -23 -24 -3 -5 -12 28 -9 -2
right_child=1 4 7 8 -6 19 20 17 -10 15 26 -13 -14 -15 -16 16 -18 18 -20 -21 -22 22 23 -25 -26 -27 -28 -29 -30 -31
leaf_value=-0.34245966593424482 -0.050315552640731648 0.0079428965128803004 -0.14612279278891427 -0.036164469034315985 0.22286897742229961 -0.19535374629254243 0.033969853597498219 -0.11453413292765618 0.022068200218248263 -0.0009505100804973178 -0.0062170060376326242 0.058020546814953305 -0.080090970765141878 0.036094602998124822 0.052966018520634289 0.014318117201056139 -0.068588890619575987 -0.051683698959116425 0.029659596568142828 -0.13756753400880464 0.086234511706018729 -0.086955679627135407 -0.19350517988204957 -0.090138453561812645 -0.082039664615876973 0.0039216190475322632 0.063036189749836921 -0.13391708108879949 -0.057439896546153203 -0.024439401441860364
leaf_weight=30 147 24 49 98 23 98 43 32 939 1219 300 329 34 851 22 1232 20 70 22 49 299 184 20 20 24 138 20 23 148 872
leaf_count=30 147 24 49 98 23 98 43 32 939 1219 300 329 34 851 22 1232 20 70 22 49 299 184 20 20 24 138 20 23 148 872
internal_value=-0.000114795 0.0124143 -0.111683 0.000158111 0.0505034 -0.20429 0.0480132 -0.0828246 0.00818084 0.00342336 -0.0218909 0.0393538 -0.0212075 0.0326856 -0.00875814 0.00611472 0.0129937 -0.0617344 -0.032232 -0.176092 0.0796632 -0.105614 -0.0967532 -0.141822 -0.0370484 -0.0127243 -0.00188868 -0.0751049 -0.06759 -0.0281723
internal_weight=7379 6634 745 5019 1615 177 1592 568 3680 2741 1339 1250 270 921 70 2471 1252 295 92 147 342 273 224 40 48 236 320 203 180 1019
internal_count=7379 6634 745 5019 1615 177 1592 568 3680 2741 1339 1250 270 921 70 2471 1252 295 92 147 342 273 224 40 48 236 320 203 180 1019
is_linear=0
shrinkage=0.05


Tree=31
num_leaves=31
num_cat=0
split_feature=296 299 299 299 249 293 266 293 258 179 235 299 159 77 35 272 36 189 299 184 111 7 1 292 260 158 286 88 128 148
split_gain=3736.37 1212.57 588.802 386.944 293.754 170.886 120.92 115.658 97.8052 80.6257 73.6603 73.2152 58.4199 55.016 49.6126 49.1529 46.6506 50.9423 46.4082 40.2462 39.1913 35.9065 35.6299 34.452 32.8988 31.8409 31.7953 34.6416 30.477 42.572
threshold=-8.518706798553465 -1.0633366703987119 -21.752066612243649 -4.6375732421874991 3.9700980186462407 -13.703557491302488 9.5028171539306658 0.89749997854232799 -21.28841400146484 -1.7554795145988462 0.31519684195518499 -6.29231834411621 -1.5295495986938474 1.2489501237869265 -5.3563849925994864 -3.719007015228271 3.0004374980926518 -2.8328870534896846 2.5055118799209599 -7.3181257247924796 2.0035432577133183 -3.4040960073471065 -2.2318897247314449 -1.5092953443527219 1.7359361648559573 -2.2326772212982173 -5.4196760654449454 -0.047528436407446854 -4.2329211235046378 -3.7905511856079097
decision_type=2 2 2 2 2 2 2 2 2 2 2 2 2 2 2 2 2 2 2 2 2 2 2 2 2 2 2 2 2 2
left_child=2 3 8 10 7 19 -6 12 -1 14 11 -2 13 -3 -5 28 17 26 -9 -4 22 -11 -17 25 -20 -23 27 -7 29 -16
right_child=1 4 5 9 6 16 -8 18 -10 21 -12 -13 -14 -15 15 20 -18 -19 24 -21 -22 23 -24 -25 -26 -27 -28 -29 -30 -31
leaf_value=-0.34420500535231374 -0.044658304575966444 0.017537273442649461 -0.15450173123677571 -0.062821906542076797 0.093480403248856703 -0.083284281642432234 0.22604259490966797 0.045917967526461011 -0.21364706754684448 -0.046366074853218524 0.045691200955347587 -0.019270677616942428 0.034813414140261525 -0.047805401393388576 -0.0045032583177089689 0.063950466636854872 -0.1496221453547478 -0.010170794010162354 0.10085481335590413 -0.093512202392924917 -0.050022506737150252 0.020875314364272209 0.0046804197845631279 0.022888432075733583 0.059113953885484918 0.0033084281143063391 -0.025162011837320669 -0.14391393811227038 -0.010189045350370782 -0.10070508235822553
leaf_weight=26 494 249 150 34 123 251 20 417 32 26 33 668 965 37 23 26 25 25 77 33 32 358 1024 582 122 923 21 26 534 23
leaf_count=26 494 249 150 34 123 251 20 417 32 26 33 668 965 37 23 26 25 25 77 33 32 358 1024 582 122 923 21 26 534 23
internal_value=-0.000109055 0.0103699 -0.120911 -0.00333171 0.0429539 -0.104389 0.112021 0.0376639 -0.272173 0.00488163 -0.0279717 -0.0300637 0.0289312 0.00908385 -0.00303181 -0.00180866 -0.08382 -0.0787269 0.0553986 -0.143504 0.00448682 0.0119865 0.00614806 0.0128009 0.0752649 0.00821783 -0.0844783 -0.0889752 -0.013553 -0.0526042
internal_weight=7379 6790 589 4780 2010 531 143 1867 58 3585 1195 1162 1251 286 1696 1662 348 323 616 183 1082 1889 1050 1863 199 1281 298 277 580 46
internal_count=7379 6790 589 4780 2010 531 143 1867 58 3585 1195 1162 1251 286 1696 1662 348 323 616 183 1082 1889 1050 1863 199 1281 298 277 580 46
is_linear=0
shrinkage=0.05


Tree=32
num_leaves=31
num_cat=0
split_feature=296 299 299 299 249 293 239 266 299 240 237 200 239 182 121 225 208 36 174 30 284 299 125 298 293 53 184 236 172 297
split_gain=3372.08 1094.34 531.393 349.217 265.113 154.225 115.661 109.13 105.555 75.2094 69.6692 61.9632 54.399 46.6623 43.5105 42.7552 52.9324 42.1022 45.5496 37.6457 43.5895 36.9363 36.7444 35.9053 37.9804 32.9777 32.9057 31.2931 31.2889 28.8262
threshold=-8.518706798553465 -1.0633366703987119 -21.752066612243649 -4.6375732421874991 3.9700980186462407 -13.703557491302488 -20.202109336853024 9.5028171539306658 1.3448818922042849 -2.6789407730102535 -4.4510366916656485 1.0102091431617739 -0.17020998150110242 -3.6106669902801509 -1.7414673566818235 -2.6280519962310787 -0.57336434721946705 3.0004374980926518 -2.168503880500793 -1.4110156297683714 -5.7942707538604727 -17.09507846832275 -3.6050676107406612 -0.24481031298637387 -1.1647931933403013 -4.3110237121582022 -4.8291766643524161 -2.9291844367980953 -2.6152354478836055 6.9844229221344003
decision_type=2 2 2 2 2 2 2 2 2 2 2 2 2 2 2 2 2 2 2 2 2 2 2 2 2 2 2 2 2 2
left_child=2 3 6 10 8 21 -1 -6 11 14 26 15 -12 -10 25 16 -3 18 -7 -11 27 -4 -17 24 -22 -5 28 -21 -2 -15
right_child=1 4 5 9 7 17 -8 -9 13 19 12 -13 -14 29 -16 22 -18 -19 -20 20 23 -23 -24 -25 -26 -27 -28 -29 -30 -31
leaf_value=-0.3396859741210938 -0.049243884157532683 0.01680485288886463 -0.16098497689488422 -0.077989375693723564 0.088806377193792085 -0.079614527078449931 -0.1971086444276752 0.21474046707153321 -0.0036928101412711609 0.021208494181832741 -0.018470996524541615 0.04967087084161384 0.055343750276817733 0.056946983465029605 0.003865236920019618 -0.030720710768191901 -0.055532549859748953 -0.14214103448390961 -0.0017074156925082206 -0.070661445695065689 0.0049811082863172413 -0.11586351025104523 0.028433003655402592 -0.032052601276981556 0.023095079463085422 -0.012703999192951995 -0.030329317927534311 0.0095587741769850264 -0.11512945718597621 0.11691238312494188
leaf_weight=25 182 85 83 20 123 303 33 20 31 561 624 280 26 439 634 27 36 25 20 31 1303 100 948 55 372 589 343 20 20 21
leaf_count=25 182 85 83 20 123 303 33 20 31 561 624 280 26 439 634 27 36 25 20 31 1303 100 948 55 372 589 343 20 20 21
internal_value=-0.000103602 0.00985143 -0.114865 -0.00316512 0.0408062 -0.0991695 -0.258564 0.10642 0.0357807 0.00463755 -0.0265731 0.0286789 -0.0155184 0.0556831 -0.0053032 0.0233159 -0.00471702 -0.079629 -0.0747906 0.00991353 0.00635572 -0.136328 0.0267949 0.00769876 0.00900403 -0.014848 -0.0397577 -0.0392025 -0.0557672 0.0596845
internal_weight=7379 6790 589 4780 2010 531 58 143 1867 3585 1195 1376 650 491 1243 1096 121 348 323 2342 1781 183 975 1730 1675 609 545 51 202 460
internal_count=7379 6790 589 4780 2010 531 58 143 1867 3585 1195 1376 650 491 1243 1096 121 348 323 2342 1781 183 975 1730 1675 609 545 51 202 460
is_linear=0
shrinkage=0.05


Tree=33
num_leaves=31
num_cat=0
split_feature=299 299 294 299 196 263 299 182 256 272 206 189 184 256 287 10 183 79 299 243 186 162 232 298 284 77 275 255 79 187
split_gain=3054.27 916.388 589.512 265.363 223.914 205.224 118.19 97.8911 80.0003 58.9686 55.0031 51.9943 48.7474 43.6584 41.5993 41.3889 44.0613 40.1026 39.9283 39.1619 37.9391 42.4291 37.4884 35.743 49.6885 37.4674 35.5357 36.4883 33.3958 31.8685
threshold=-7.726299285888671 -0.58689305186271656 -15.61905527114868 -2.9745111465454097 5.8061416149139413 -21.220473289489743 2.5055118799209599 -4.3525726795196524 -8.133333206176756 -3.1905989646911617 -7.4885373115539542 -0.11466535553336142 -1.293694734573364 -5.3499450683593741 -16.849138259887692 -3.5442078113555904 -9.6816020011901838 -4.3463759422302237 -5.4016718864440909 -2.5203883647918697 -2.1737813949584956 -2.0200028419494624 -1.2566491365432737 -2.1270760297775264 -3.5049868822097774 0.30054701864719396 -2.7110892534255977 -3.2380201816558833 -0.40196849405765528 -0.90871766209602345
decision_type=2 2 2 2 2 2 2 2 2 2 2 2 2 2 2 2 2 2 2 2 2 2 2 2 2 2 2 2 2 2
left_child=2 3 5 7 6 -1 11 26 15 18 14 13 23 -3 -7 -4 -17 -16 29 -10 21 -15 -8 -5 25 -25 28 -28 -2 -9
right_child=1 4 8 12 -6 10 22 9 19 -11 -12 -13 -14 20 17 16 -18 -19 -20 -21 -22 -23 -24 24 -26 -27 27 -29 -30 -31
leaf_value=-0.29996316092354908 -0.033806483931707369 0.096828910278272826 -0.14569995892899376 0.013277619185496824 0.18112337835903825 -0.16284250860864469 0.0081196276843547837 -0.024082892548430386 -0.055994919025978168 0.0024343313958055928 -0.22541643083095553 0.04454665415637072 0.018926478950762021 -0.036898542283212439 -0.055754766354094376 -0.11917212529787942 -0.07202066290995171 -0.14560010347653318 -0.0087930534013896788 0.013928219032558529 0.028894221882164284 0.018355462396807902 0.07173067997608866 -0.015898074853242163 0.0040992463279593888 -0.077891790674578756 -0.029163971904884369 0.054662042607863753 -0.077773645881782566 -0.076590812669019223
leaf_weight=28 282 20 28 643 29 77 25 298 223 923 22 591 1207 51 23 63 232 27 884 22 475 109 315 114 499 31 34 21 51 32
leaf_count=28 282 20 28 643 29 77 25 298 223 923 22 591 1207 51 23 63 232 27 884 22 475 109 315 114 499 31 34 21 51 32
internal_value=-9.84223e-05 0.0106815 -0.0960903 0.000140054 0.0434415 -0.175766 0.040924 -0.0112861 -0.0712618 -0.00709115 -0.152427 0.033794 0.0117082 0.024092 -0.139783 -0.0876044 -0.0820903 -0.104271 -0.0143333 -0.0497161 0.0218011 0.000743248 0.0670534 0.00493862 -0.00338743 -0.0291519 -0.0343906 0.00284232 -0.0405402 -0.0291746
internal_weight=7379 6634 745 5019 1615 177 1586 2525 568 2137 149 1246 2494 655 127 323 295 50 1214 245 635 160 340 1287 644 145 388 55 333 330
internal_count=7379 6634 745 5019 1615 177 1586 2525 568 2137 149 1246 2494 655 127 323 295 50 1214 245 635 160 340 1287 644 145 388 55 333 330
is_linear=0
shrinkage=0.05


Tree=34
num_leaves=31
num_cat=0
split_feature=296 299 299 299 251 291 293 239 189 174 235 299 125 299 159 201 257 298 251 88 17 102 164 177 298 258 228 153 267 280
split_gain=2761.43 894.311 436.049 282.658 218.067 155.516 124.529 98.0327 88.4761 69.0032 61.3104 56.1596 50.9856 45.0092 42.8302 45.2948 42.5488 38.7127 38.3189 38.7658 37.1928 36.8247 50.3449 36.2458 35.9207 41.6049 34.124 31.8417 31.3519 30.7069
threshold=-8.518706798553465 -1.0633366703987119 -21.752066612243649 -4.6375732421874991 3.1451913118362431 10.851837158203127 -13.703557491302488 -20.202109336853024 -0.11466535553336142 -3.8132555484771724 0.31519684195518499 -6.29231834411621 -4.1166462898254386 -2.8318897485733028 -1.3918541669845579 1.8105984330177309 0.97427818179130565 -2.7793016433715816 -3.7495301961898799 -0.072202339768409715 -1.5712233185768125 -2.9211775064468379 -6.5838358402252188 -0.54758730530738819 -0.81443634629249562 2.1558569669723515 0.83759054541587841 -7.3613057136535636 -7.9103052616119376 -2.4738057851791377
decision_type=2 2 2 2 2 2 2 2 2 2 2 2 2 2 2 2 2 2 2 2 2 2 2 2 2 2 2 2 2 2
left_child=2 3 7 10 8 16 21 -1 12 20 11 27 -3 17 15 -14 -6 -11 19 -8 -5 22 -4 -19 25 -15 -10 -2 -21 -26
right_child=1 4 6 9 5 -7 18 -9 26 13 -12 -13 14 24 -16 -17 -18 23 -20 28 -22 -23 -24 -25 29 -27 -28 -29 -30 -31
leaf_value=-0.308800537109375 -0.087660396291363629 -0.047832239763094836 -0.12699653661551596 -0.049363787874187298 0.0082324780847715297 0.21871307373046875 -0.069235618823469749 -0.1775375135017164 0.033774983281388095 0.0039647963174201297 0.043293418464335529 -0.016367126706831471 0.012259183277513283 0.012946459139788889 0.029823598572083061 -0.064182848957855074 0.081050018956706785 -0.025432373925061532 -0.00497794546186924 -0.16182813806967303 -0.0085444655854787152 -0.17007130876402646 -0.054518421081205207 0.0136337330597276 -0.04198909918061243 0.085506612099707127 0.054074976232987418 -0.035317234390819567 -0.079987340956926348 0.0033263362413692406
leaf_weight=25 31 26 119 76 23 20 281 33 435 1160 33 668 251 1616 682 21 157 239 20 22 210 34 30 79 52 20 395 463 25 133
leaf_count=25 31 26 119 76 23 20 281 33 435 1160 33 668 251 1616 682 21 157 239 20 22 210 34 30 79 52 20 395 463 25 133
internal_value=-9.35012e-05 0.00891518 -0.103946 -0.00285176 0.0368982 0.0864423 -0.0897274 -0.234116 0.0314238 0.00416806 -0.0239112 -0.0258198 0.0212503 0.00621051 0.023133 0.00635741 0.0717456 -0.000272063 -0.0721686 -0.0762656 -0.0193916 -0.123118 -0.112404 -0.0157273 0.011472 0.0138335 0.0434358 -0.0386019 -0.118296 -0.00941098
internal_weight=7379 6790 589 4780 2010 200 531 58 1810 3585 1195 1162 980 3299 954 272 180 1478 348 328 286 183 149 318 1821 1636 830 494 47 185
internal_count=7379 6790 589 4780 2010 200 531 58 1810 3585 1195 1162 980 3299 954 272 180 1478 348 328 286 183 149 318 1821 1636 830 494 47 185
is_linear=0
shrinkage=0.05


Tree=35
num_leaves=31
num_cat=0
split_feature=293 299 291 299 249 177 240 234 244 182 128 5 88 288 18 65 18 247 146 10 189 289 77 38 274 199 198 176 103 1
split_gain=2291.45 742.625 528.222 198.664 186.647 166.828 93.9469 89.7454 70.7449 61.9588 57.3824 51.6138 46.3938 39.7962 37.8441 37.4654 37.4235 54.5086 37.0835 36.1463 35.8331 35.4867 35.2068 34.8885 34.835 54.4532 37.9771 33.9374 40.0851 36.6081
threshold=-7.0249998569488517 -0.90658038854598988 -15.388189315795897 -3.2685490846633907 4.3202359676361093 -15.711177349090574 0.48333330452442175 -7.8833463191986075 6.5893700122833261 -3.5003123283386226 -0.33622047305107111 -2.2870078086853023 -0.17780133336782453 -0.96069291234016407 -3.3903343677520748 1.9178934097290041 2.1050617694854741 -3.0970473289489742 -2.4475408792495723 -2.1401356458663936 -0.3087314367294311 -10.700927734374998 3.5457254648208623 -2.6583443880081172 3.7194207906723027 3.6778215169906621 2.620177268981934 0.10393698513507844 2.8617663383483891 -2.0809055566787715
decision_type=2 2 2 2 2 2 2 2 2 2 2 2 2 2 2 2 2 2 2 2 2 2 2 2 2 2 2 2 2 2
left_child=2 3 5 9 6 -1 11 12 -6 -2 18 -3 -4 -11 -13 24 20 -18 21 -7 23 -9 27 -5 -8 26 -26 28 29 -16
right_child=1 4 7 16 8 19 15 10 -10 13 -12 14 -14 -15 22 -17 17 -19 -20 -21 -22 -23 -24 -25 25 -27 -28 -29 -30 -31
leaf_value=-0.27216318570650538 -0.024197065958412745 -0.022945470694038603 -0.0723193693204328 0.033392882633209234 0.081001911393131121 -0.18117275387048723 0.036326456759443786 -0.083137975409626974 0.18184864737770776 -0.0083159081408741269 0.012962976652311116 0.093619994038627266 -0.13517455911702092 0.01990621176318846 0.089809465482831002 0.075057346905980801 -0.070085788454328266 0.0026052903459996592 -0.072977212193454141 -0.12079527724872936 0.023338008896779897 -0.032358467322963526 -0.034031459099302691 0.0061098737622766446 0.065962710417807102 0.0018308234214782716 0.13912118682637811 0.040178526761616477 -0.040100406912656934 0.021099597077538182
leaf_weight=26 651 54 215 125 83 32 409 40 22 1317 41 21 34 138 20 112 35 98 116 110 457 246 24 1872 68 25 24 338 26 631
leaf_count=26 651 54 215 125 83 32 409 40 22 1317 41 21 34 138 20 112 35 98 116 110 457 246 24 1872 68 25 24 338 26 631
internal_value=0.000541533 0.0106165 -0.0761924 2.60593e-05 0.0373807 -0.155722 0.0335 -0.0568846 0.102132 -0.0113757 -0.043385 0.0247379 -0.080902 -0.00563917 0.027167 0.0487995 0.00930792 -0.0165239 -0.049132 -0.134401 0.0107079 -0.0394605 0.0258239 0.00781762 0.0432085 0.0672662 0.0850475 0.0272392 0.0207791 0.0232105
internal_weight=7410 6550 860 4693 1857 168 1752 692 105 2106 443 1114 249 1455 1060 638 2587 133 402 142 2454 286 1039 1997 526 117 92 1015 677 651
internal_count=7410 6550 860 4693 1857 168 1752 692 105 2106 443 1114 249 1455 1060 638 2587 133 402 142 2454 286 1039 1997 526 117 92 1015 677 651
is_linear=0
shrinkage=0.05


Tree=36
num_leaves=31
num_cat=0
split_feature=299 299 293 299 196 177 295 240 212 35 118 121 18 190 20 283 244 46 164 26 17 148 239 174 265 32 271 65 123 206
split_gain=2075.28 675.71 465.324 200.931 161.391 118.545 118.412 100.558 62.4132 55.2349 57.7561 49.9171 46.5738 46.034 60.706 43.7694 43.5206 41.8968 39.9472 41.1824 39.791 36.6728 36.4618 36.2447 35.9891 32.1475 31.1644 31.0706 30.8409 34.4687
threshold=-7.0882008075714102 -0.58689305186271656 -17.734728813171383 -3.2453542947769161 5.8061416149139413 -15.711177349090574 -12.46271753311157 0.54401138424873363 -6.1207878589630118 3.9507875442504887 0.44392330944538122 -1.9155511856079099 -3.2384420633316036 -0.15903324633836743 -1.3784027099609373 -0.84768956899642933 1.9856914877891543 -0.42834646999835962 -2.8238328695297237 3.4549195766448979 3.4939994812011723 0.10952039062976839 -2.4672765731811519 -2.8199881315231319 -5.3735191822051993 -1.5223821401596067 -4.4108760356903067 -4.3896436691284171 0.37314958870410925 0.93060129880905162
decision_type=2 2 2 2 2 2 2 2 2 2 2 2 2 2 2 2 2 2 2 2 2 2 2 2 2 2 2 2 2 2
left_child=2 3 5 11 7 -1 -4 12 17 10 -8 22 -3 14 -10 -13 20 -5 21 24 -9 -14 -2 -16 -20 -24 -27 -7 29 -17
right_child=1 4 6 8 -6 27 9 16 13 -11 -12 15 18 -15 23 28 -18 -19 19 -21 -22 -23 25 -25 -26 26 -28 -29 -30 -31
leaf_value=-0.26396478271484375 -0.023210393276503333 0.10095212817192079 -0.093744185301992633 0.0051660993602126839 0.15942562244556568 -0.17032268047332766 -0.04707658876841133 0.043985907879530217 0.023074108187974705 -0.1169873434084433 0.035639424825256526 -0.0063844213518386306 0.012686265539377928 0.024342582602695916 -0.014086832095966728 0.033134364527810753 0.065904363080964867 -0.091925557844340811 -0.026664874888956549 -0.01231880397686074 -0.025298696756362916 -0.064100552641827124 0.0274389880879874 0.0062050305139626227 0.032100893299697598 -0.06570566446753219 -0.0032031890438964311 -0.11021555911662967 0.080647236959670077 -0.042985942661762241
leaf_weight=25 834 20 180 20 27 43 518 357 495 27 22 967 48 499 257 58 282 25 27 62 22 23 71 1531 743 24 118 43 22 20
leaf_count=25 834 20 180 20 27 43 518 357 495 27 22 967 48 499 257 58 282 25 27 62 22 23 71 1531 743 24 118 43 22 20
internal_value=0.000514457 0.0100898 -0.0726066 0.000921224 0.0382103 -0.168129 -0.0584126 0.0361442 0.0096404 -0.0471962 -0.0437067 -0.0107387 0.0254831 0.0105853 0.0075783 -0.00312786 0.0510309 -0.0487737 0.0238116 0.0268837 0.0399641 -0.0121883 -0.0184949 0.00328836 0.0300403 -3.16624e-05 -0.013767 -0.140269 0.0283631 0.0136163
internal_weight=7410 6552 858 4941 1611 111 747 1584 2827 567 540 2114 923 2782 2283 1067 661 45 903 832 379 71 1047 1788 770 213 142 86 100 78
internal_count=7410 6552 858 4941 1611 111 747 1584 2827 567 540 2114 923 2782 2283 1067 661 45 903 832 379 71 1047 1788 770 213 142 86 100 78
is_linear=0
shrinkage=0.05


Tree=37
num_leaves=31
num_cat=0
split_feature=299 299 291 299 196 288 256 212 291 188 248 180 91 26 37 46 283 73 0 174 173 237 92 259 68 283 8 264 292 192
split_gain=1873.71 608.275 444.911 218.52 153.525 125.507 80.5412 66.0421 62.9857 55.7153 48.6563 44.4068 43.67 43.0929 42.8868 42.2079 39.8899 39.8677 43.2728 39.7995 43.4961 36.8791 35.3248 34.9562 31.4595 31.1751 30.9261 30.8613 30.9331 30.6785
threshold=-6.9480671882629386 0.15555305778980258 -15.388189315795897 -3.2453542947769161 5.8061416149139413 -25.528964996337887 -8.133333206176756 -6.1207878589630118 2.8274093866348271 -1.3310180306434629 -4.6134150028228751 -2.8882876634597774 11.609561443328859 1.5605455040931704 -1.0000000180025095e-35 -0.42834646999835962 -0.81102296710014332 0.059369381517171867 0.29015220701694494 -2.8528232574462886 -1.703722298145294 -4.8146729469299308 4.6577427387237558 3.1681102514266972 -5.9198985099792472 2.2416808605194096 1.9658346176147463 -4.8592004776000968 -1.0363205075263975 -0.42612929642200464
decision_type=2 2 2 2 2 2 2 2 2 2 2 2 2 2 2 2 2 2 2 2 2 2 2 2 2 2 2 2 2 2
left_child=2 3 5 10 8 -1 21 15 11 19 26 14 -10 24 -3 -5 -12 -18 -19 20 -9 -4 25 27 -7 -21 -2 29 -29 -11
right_child=1 4 6 7 -6 13 -8 9 12 23 16 -13 -14 -15 -16 -17 17 18 -20 22 -22 -23 -24 -25 -26 -27 -28 28 -30 -31
leaf_value=-0.24191432366004359 -0.019890121412568525 0.032105373694664902 -0.072521143867019217 0.0072354070113404938 0.16313188993013825 -0.14519919982323279 -0.034780241017110081 -0.0035680512958799551 0.066069753854570534 0.027723026478456127 -0.0078153137177255725 0.036157747794724658 -0.0043532093365987144 -0.17800342355455673 -0.058777435220777989 -0.082160794416502606 0.001118741553862778 0.1113602165132761 0.014001083984971047 0.0087601947633737919 -0.058994098739107936 -0.0041084175840729762 -0.055415510279791691 0.079661447068919311 -0.089834150314331063 0.058699513901956379 -0.074743170649917035 0.0096870771667594661 0.024303089353405631 0.10091158044302749
leaf_weight=26 532 27 318 23 26 39 381 259 266 45 1390 767 24 28 25 31 89 21 25 1335 41 21 21 23 75 32 27 830 642 21
leaf_count=26 532 27 318 23 26 39 381 259 266 45 1390 767 24 28 25 31 89 21 25 1335 41 21 21 23 75 32 27 830 642 21
internal_value=0.000488734 0.00976617 -0.0676503 0.00275721 0.0430325 -0.140918 -0.0505545 0.0107562 0.0402168 0.0116677 -0.0099207 0.0331263 0.0602416 -0.122426 -0.0115883 -0.0440846 -0.00529516 0.020653 0.0584476 0.00537123 -0.0111429 -0.0682832 0.00894058 0.0184765 -0.108775 0.00992922 -0.0225396 0.0175615 0.0160617 0.0510103
internal_weight=7410 6522 888 5387 1135 168 720 3303 1109 3249 2084 819 290 142 52 54 1525 135 46 1688 300 339 1388 1561 114 1367 559 1538 1472 66
internal_count=7410 6522 888 5387 1135 168 720 3303 1109 3249 2084 819 290 142 52 54 1525 135 46 1688 300 339 1388 1561 114 1367 559 1538 1472 66
is_linear=0
shrinkage=0.05


Tree=38
num_leaves=31
num_cat=0
split_feature=293 299 193 258 248 196 296 288 228 283 186 165 29 77 248 206 17 232 102 69 120 186 21 226 49 10 20 190 299 213
split_gain=1711.68 588.759 339.158 160.09 156.209 109.17 108.806 99.3663 58.7903 56.9253 56.4735 54.3093 47.3207 42.5515 48.2346 41.8383 39.6212 39.1343 53.0412 39.1183 37.4599 36.4072 36.1326 35.1008 34.4381 33.5321 30.7481 29.7112 28.1798 38.6534
threshold=-7.8919572830200186 -1.1983919739723203 -12.751661777496336 -3.5335838794708248 1.5176509618759157 5.8061416149139413 -14.073698520660399 -25.528964996337887 -7.2860815525054923 1.9131233692169192 -1.5129920840263364 -5.9194684028625479 5.0734362602233896 3.2907086610794072 -3.9681626558303829 -7.4885373115539542 -1.5048137307167051 -3.8420072793960567 -0.80088067054748524 -0.5327487289905547 -0.52024900913238514 -1.6557086110115049 -0.64745765924453724 -7.8508858680725089 0.54749721288681041 -1.9748031497001646 0.14514439553022387 1.9075083136558535 1.3448818922042849 -0.59825649857521046
decision_type=2 2 2 2 2 2 2 2 2 2 2 2 2 2 2 2 2 2 2 2 2 2 2 2 2 2 2 2 2 2
left_child=2 3 7 8 10 27 15 -1 26 11 13 -5 20 14 -3 -4 22 18 25 -20 23 -18 -13 -10 -11 -8 -2 -6 -12 -30
right_child=1 4 6 9 5 -7 17 -9 12 24 28 16 -14 -15 -16 -17 21 -19 19 -21 -22 -23 -24 -25 -26 -27 -28 -29 29 -31
leaf_value=-0.2560644398564878 -0.037521127672219767 0.058541291020810605 -0.083198015731677677 -0.059829193285920401 0.038713538958065549 0.15473885169396034 -0.076619277169307082 -0.13410921565821915 0.045196817691127461 0.081567457431574938 0.024657019385987522 0.0297711766728967 -0.086921778463181998 -0.061625525497254877 0.0054538827361113526 -0.14569569792066303 -0.0044049707534028577 -0.0066327137302379215 -0.13152807742357253 -0.049637967314571145 0.0068347240615028214 0.0080700241523421843 0.0022358729886242522 -0.015838550186552013 0.017937233483418823 -0.039202816809781577 -0.10983479324550856 0.064641365408897408 0.090164000741941364 0.035109194487596702
leaf_weight=23 49 48 114 33 268 26 75 61 24 37 944 272 21 21 394 35 1140 49 35 25 239 1201 212 1272 50 297 21 188 38 198
leaf_count=23 49 48 114 33 268 26 75 61 24 37 944 272 21 21 394 35 1140 49 35 25 239 1201 212 1272 50 297 21 188 38 198
internal_value=0.000464297 0.00831147 -0.0731277 -0.00179745 0.0300564 0.0550851 -0.0605445 -0.167502 -0.0143904 0.00515541 0.0227138 0.00394256 -0.0123739 0.00791507 0.011219 -0.0978787 0.0046875 -0.0489795 -0.0537827 -0.0974072 -0.011354 0.00199506 0.0177103 -0.0147083 0.0449984 -0.0467465 -0.0592152 0.0494031 0.0285204 0.043974
internal_weight=7410 6696 714 4571 2125 482 630 84 1626 2945 1643 2858 1556 463 442 149 2825 481 432 60 1535 2341 484 1296 87 372 70 456 1180 236
internal_count=7410 6696 714 4571 2125 482 630 84 1626 2945 1643 2858 1556 463 442 149 2825 481 432 60 1535 2341 484 1296 87 372 70 456 1180 236
is_linear=0
shrinkage=0.05


Tree=39
num_leaves=31
num_cat=0
split_feature=299 299 182 296 258 295 63 299 186 131 283 75 25 34 200 292 237 93 271 80 1 145 57 158 144 62 299 39 10 249
split_gain=1536.6 562.218 278.778 165.624 148.258 99.3952 90.3493 65.3057 63.4589 52.3238 48.6026 51.6745 46.1976 43.2885 45.9559 42.7055 40.188 41.0101 37.5689 53.0662 37.0955 34.9787 34.6233 36.0964 33.8243 33.7264 32.1585 33.8105 31.9754 31.9309
threshold=-8.6764764785766584 -1.5519685149192808 -13.616141796112059 2.6211613416671757 -3.6883202791213985 -12.46271753311157 3.998610377311707 -26.798318862915036 -0.80101722478866566 -3.9392071962356563 2.019251942634583 0.1879171505570412 3.8170603513717656 -3.9314960241317745 -4.6582021713256827 -6.4612576961517325 -5.0153198242187491 0.43378880620002752 2.4327052831649785 5.5060069561004648 1.6121236085891726 -3.4718766212463374 -3.6418306827545162 -8.3688974380493146 3.8433071374893193 0.95898354053497326 -3.6523622274398799 -1.408009886741638 -3.0341206789016719 -0.84155404567718495
decision_type=2 2 2 2 2 2 2 2 2 2 2 2 2 2 2 2 2 2 2 2 2 2 2 2 2 2 2 2 2 2
left_child=2 4 7 8 12 22 18 -1 13 -6 26 -12 15 -3 -15 -2 17 28 -5 20 -20 -10 23 -4 29 -17 -11 -28 -7 -16
right_child=1 3 5 6 9 16 -8 -9 21 10 11 -13 -14 14 24 25 -18 -19 19 -21 -22 -23 -24 -25 -26 -27 27 -29 -30 -31
leaf_value=-0.25446063995361329 -0.030722266453362648 0.06513364521993531 -0.085031589146318115 0.028992639971335256 -0.026067337914780345 -0.10483004655689002 0.15764613832746233 -0.14059626635383157 0.092653177820500879 -0.005411390885600182 0.097452420368790635 0.0045977343835176959 -0.089658571708770035 -0.059036488831043246 0.0052753128972585486 -0.012608324215374726 -0.0067769010674279765 -0.096881229810892269 0.062680908587268172 -0.002802901135550605 0.12215441119286322 0.027530933893913798 -0.072216025935976133 -0.14508828683332964 -0.053231859505176553 0.023660467564374867 0.018767034273478204 0.0033638247356827019 -0.040280274118019925 0.025009545462384222
leaf_weight=20 336 36 58 126 143 21 21 34 21 674 29 31 21 24 558 1117 53 47 170 27 31 1139 133 44 20 68 480 1382 222 324
leaf_count=20 336 36 58 126 143 21 21 34 21 674 29 31 21 24 558 1117 53 47 170 27 31 1139 133 44 20 68 480 1382 222 324
internal_value=0.000441082 0.00739371 -0.0741237 0.0262491 -0.00360415 -0.0639735 0.0568813 -0.182768 0.0208358 0.00337741 0.00499937 0.0494775 -0.0160053 0.011341 0.00924968 -0.0149883 -0.0468112 -0.0541278 0.0509038 0.0630126 0.0718534 0.0287099 -0.0890232 -0.110938 0.0110666 -0.0105271 0.00394704 0.00733458 -0.0458586 0.0125246
internal_weight=7410 6778 632 2497 4281 578 375 54 2122 2739 2596 60 1542 962 926 1521 343 290 354 228 201 1160 235 102 902 1185 2536 1862 243 882
internal_count=7410 6778 632 2497 4281 578 375 54 2122 2739 2596 60 1542 962 926 1521 343 290 354 228 201 1160 235 102 902 1185 2536 1862 243 882
is_linear=0
shrinkage=0.05


Tree=40
num_leaves=31
num_cat=0
split_feature=296 292 296 296 295 7 297 220 251 183 58 102 291 251 6 235 83 181 2 55 143 98 205 18 184 281 215 268 192 212
split_gain=1335.53 446.767 230.486 187.474 130.605 103.23 60.8019 57.556 57.4858 57.0034 56.6366 56.8437 47.6707 45.0284 43.4457 41.2644 44.4224 40.8585 38.6285 38.4276 34.608 42.7601 39.5429 33.565 32.8261 30.8295 32.0334 30.6922 28.9282 33.8275
threshold=-8.3460631370544416 -0.53031492233276356 -16.962327957153317 -3.8912349939346309 5.7760422229766855 1.099803149700165 -25.966528892517086 -4.0981054306030265 -3.681798934936523 -5.6052629947662345 -1.0323958992958067 -0.67624861001968373 2.648731112480164 -5.6198654174804679 -0.8971692919731139 -0.99633479118347157 -3.1268578767776485 1.7322834730148318 -2.5398403406143184 2.7090550661087041 -0.13226374238729474 4.0351049900054941 0.48492175340652471 -0.4749897420406341 -4.4071385860443106 -2.1231925487518306 -0.90512207150459278 1.7875515222549441 -4.4468502998352042 -2.8375141620635982
decision_type=2 2 2 2 2 2 2 2 2 2 2 2 2 2 2 2 2 2 2 2 2 2 2 2 2 2 2 2 2 2
left_child=2 3 6 13 9 17 -1 10 24 -3 11 14 18 -2 -5 27 -17 -6 -11 25 22 -22 -14 -21 -4 -20 -27 -9 29 -15
right_child=1 4 8 7 5 -7 -8 15 -10 12 -12 -13 20 28 -16 16 -18 -19 19 23 21 -23 -24 -25 -26 26 -28 -29 -30 -31
leaf_value=-0.18678782145182293 -0.03056829436409772 -0.058803390199318531 -0.063623407819512146 0.048330282233655458 0.10446534048252065 0.17285601478846124 -0.10720433235168457 0.0047648207351899778 0.017252868972718716 -0.030647846464725105 0.011579925949244124 -0.073129390903203847 0.065117621065481843 -0.015580077161955322 -0.023696616171893281 0.056603565921004011 0.013762824225891169 0.031983809349900583 -0.001224157198613732 0.11505163922905921 0.067200509063396724 0.020241898103900577 -0.016105164682795835 0.036352604095424922 -0.031622203446707679 0.041055617303192835 0.019683183122053336 -0.054599251902916215 -0.0069721509896001777 -0.060928073779425843
leaf_weight=30 359 20 361 24 29 24 120 2111 28 34 152 53 23 163 164 65 876 59 134 20 163 69 43 42 103 223 820 22 1030 55
leaf_count=30 359 20 361 24 29 24 120 2111 28 34 152 53 23 163 164 65 876 59 134 20 163 69 43 42 103 223 820 22 1030 55
internal_value=6.15467e-05 0.00659094 -0.0688633 -0.000846499 0.0287504 0.0809382 -0.123121 0.0056968 -0.0523213 0.0250766 -0.0123207 -0.0273949 0.0261445 -0.0149632 -0.0145017 0.00800027 0.0167221 0.0558698 0.0219304 0.0233732 0.0441462 0.0532344 0.0121997 0.0617394 -0.0565197 0.0213522 0.0242527 0.00415253 -0.0104743 -0.0270211
internal_weight=7419 6777 642 5074 1703 112 150 3467 492 1591 393 241 1571 1607 188 3074 941 88 1273 1239 298 232 66 62 464 1177 1043 2133 1248 218
internal_count=7419 6777 642 5074 1703 112 150 3467 492 1591 393 241 1571 1607 188 3074 941 88 1273 1239 298 232 66 62 464 1177 1043 2133 1248 218
is_linear=0
shrinkage=0.05


Tree=41
num_leaves=31
num_cat=0
split_feature=295 288 289 296 249 251 184 54 52 297 251 265 105 21 296 227 57 55 82 73 18 123 103 220 160 189 298 249 175 280
split_gain=1207.67 403.921 197.086 185.942 108.036 65.029 59.3422 51.4732 50.8715 46.1396 43.2682 40.8915 39.6578 38.3933 35.2146 38.5937 36.4608 34.6059 34.5116 40.3728 33.5188 33.4075 32.6369 41.7293 32.2175 31.4561 31.2917 34.7548 30.9388 30.5604
threshold=-8.6511583328247053 -0.13966536521911618 -17.228695869445797 -3.8912349939346309 4.3202359676361093 -3.681798934936523 -0.80185285210609425 3.2333557605743413 -5.7686724662780753 -25.966528892517086 -4.6030426025390616 -3.4150322675704952 1.5119131207466128 0.26921181380748754 4.7308142185211191 4.8580708503723153 2.3148481845855717 -0.64720916748046864 -2.0751968622207637 -2.2685039043426509 -0.88798272609710682 -0.86449167132377613 -4.7901575565338126 -5.4082634449005118 -4.9424180984497061 -0.20393700897693631 -12.746572971343992 -4.3949379920959464 3.0977690219879155 -4.3789935111999503
decision_type=2 2 2 2 2 2 2 2 2 2 2 2 2 2 2 2 2 2 2 2 2 2 2 2 2 2 2 2 2 2
left_child=2 3 9 10 11 26 8 -6 -5 -1 12 13 21 -3 15 16 -13 22 -8 -20 -18 -2 -10 -24 29 -17 -4 -28 -21 -19
right_child=1 4 5 6 7 -7 18 -9 17 -11 -12 14 -14 -15 -16 25 20 24 19 28 -22 -23 23 -25 -26 -27 27 -29 -30 -31
leaf_value=-0.17744845072428386 -0.025579312729687428 0.025788074589910961 -0.073636041615886258 -0.065343434044292992 0.05596492820525472 0.031123843722426422 0.038192650853046059 0.13289560432235401 0.05400807001472762 -0.10622991196652676 -0.0076702522146033835 0.023714314701702349 -0.081399047400417007 -0.068729193373159927 0.056139645725488664 -0.049510300802367346 0.10885476524179633 0.017257594771508594 -0.029158816938953742 0.012982118873056066 0.040225359140544814 0.011776070633847545 -0.039988169941721087 -0.0023630936342905343 0.0096052353691216796 0.026735734109145898 -0.042082034314379978 -0.10884213823758598 0.067289858414895015 -0.062017843636661588
leaf_weight=30 561 21 174 28 79 22 145 30 24 94 986 1061 29 22 96 31 22 20 56 914 93 67 79 1097 1263 24 272 21 27 31
leaf_count=30 561 21 174 28 79 22 145 30 24 94 986 1061 29 22 96 31 22 20 56 914 93 67 79 1097 1263 24 272 21 27 31
internal_value=5.84694e-05 0.00611266 -0.0671599 -0.000305558 0.0292295 -0.0528833 0.00593288 0.0771385 0.00167947 -0.12346 -0.0142936 0.0254178 -0.0242337 -0.0225696 0.0269728 0.0246982 0.0266128 0.00242594 0.0154006 0.0120858 0.0533545 -0.0215939 -0.00371265 -0.00489063 0.00803197 -0.0162393 -0.0568408 -0.0468669 0.0145404 -0.0309294
internal_weight=7419 6806 613 5327 1479 489 3684 109 2542 124 1643 1370 657 43 1327 1231 1176 2514 1142 997 115 628 1200 1176 1314 55 467 293 941 51
internal_count=7419 6806 613 5327 1479 489 3684 109 2542 124 1643 1370 657 43 1327 1231 1176 2514 1142 997 115 628 1200 1176 1314 55 467 293 941 51
is_linear=0
shrinkage=0.05


Tree=42
num_leaves=31
num_cat=0
split_feature=293 293 193 239 289 9 34 189 296 187 296 32 164 68 68 235 254 58 251 279 106 178 28 257 238 102 215 118 77 125
split_gain=1112.81 366.822 186.103 135.532 110.917 72.4039 66.778 56.8942 50.9679 44.7753 43.7114 44.9793 60.0668 41.0871 40.6279 36.7617 34.0699 35.476 33.8557 33.0879 31.8158 31.4262 31.3169 30.22 31.4003 29.5784 29.4443 28.1627 27.3116 27.0917
threshold=-8.5045928955078107 -0.55362200736999501 -11.645534992218016 -3.7582786083221431 4.2026622295379648 3.0425196886062627 3.8176761865615849 -2.8657032251358028 -13.438433170318602 -16.889422416687008 -3.6696150302886958 -2.2160356044769283 -5.2579064369201651 -2.3095773458480831 -2.6211974620819087 -4.2321193218231192 -9.2208662033081037 2.144477486610413 1.8402449488639834 -2.2601383924484248 -3.9753543138504024 -3.4397637844085689 -1.9241368770599363 -4.0128793716430655 -3.6785434484481807 -0.99236217141151417 5.9208202362060556 -3.2524172067642207 -3.4343563318252559 -4.3623595237731925
decision_type=2 2 2 2 2 2 2 2 2 2 2 2 2 2 2 2 2 2 2 2 2 2 2 2 2 2 2 2 2 2
left_child=2 3 9 16 7 6 26 19 28 -1 20 -12 -13 14 -14 25 -2 -18 -8 -3 27 -22 -9 -24 -25 -10 -6 -5 -4 -15
right_child=1 4 8 10 5 -7 18 22 15 -11 11 12 13 29 -16 -17 17 -19 -20 -21 21 -23 23 24 -26 -27 -28 -29 -30 -31
leaf_value=-0.1695155728247858 -0.062194206447977775 -0.057810723203523408 -0.054175528076039738 -0.015602890863305047 0.064188326934450549 0.14576513198289007 -0.022190685185693927 0.049284517581964664 -0.039276156227478883 -0.10031149211682772 0.024774088266887328 -0.051381156886828705 0.005254543070439939 -0.044187323678284887 -0.034819081225315067 0.0052754140481716255 -0.015316091970141447 0.048813339153474029 0.040856819052030063 0.0034390085872829609 -0.027701916478304979 -0.0034809370737517464 -0.034592649130069694 0.081125003941681081 0.022109322460135444 -0.085230545958038417 0.12875639433446137 0.057256139607893101 -0.096416662675394144 0.008127801654925132
leaf_weight=31 38 29 83 21 76 22 31 117 281 95 309 47 135 25 119 41 1092 22 68 92 166 693 23 23 1125 40 23 36 71 2445
leaf_count=31 38 29 83 21 76 22 31 117 281 95 309 47 135 25 119 41 1092 22 68 92 166 693 23 23 1125 40 23 36 71 2445
internal_value=5.55459e-05 0.00601569 -0.0628602 -0.000527961 0.0266951 0.0597132 0.0501518 0.0215397 -0.0495575 -0.117338 0.00382801 0.00667986 0.00466213 0.00562911 -0.0135201 -0.0393081 -0.0156377 -0.0140496 0.0211147 -0.0112407 -0.00576119 -0.00816159 0.0246192 0.0221548 0.0232917 -0.0450026 0.079189 0.0304133 -0.0736503 0.0075983
internal_weight=7419 6777 642 5148 1629 220 198 1409 516 126 3996 3080 2771 2724 254 362 1152 1114 99 121 916 859 1288 1171 1148 321 99 57 154 2470
internal_count=7419 6777 642 5148 1629 220 198 1409 516 126 3996 3080 2771 2724 254 362 1152 1114 99 121 916 859 1288 1171 1148 321 99 57 154 2470
is_linear=0
shrinkage=0.05


Tree=43
num_leaves=31
num_cat=0
split_feature=296 292 296 296 135 296 243 183 126 18 297 57 235 21 251 109 114 238 7 205 20 282 92 36 128 159 7 41 52 232
split_gain=987.053 336.732 172.67 137.74 106.884 60.7738 48.4054 45.7401 45.626 58.5311 45.9975 45.4143 44.5692 35.9588 34.7258 33.6183 32.9381 37.8665 32.8387 36.5639 29.5681 29.3757 40.9642 29.6446 28.1862 30.1658 27.9489 27.5793 27.2918 26.9174
threshold=-8.3460631370544416 -0.53031492233276356 -16.962327957153317 -3.8912349939346309 5.4993813037872323 4.7308142185211191 -5.1711812019348136 -5.6052629947662345 -8.9438977241516096 -2.2482748031616206 -25.966528892517086 -0.696276694536209 -1.0198600292205808 -1.1209367513656614 -5.6198654174804679 -0.33582675457000727 -3.9745618104934688 -4.5007874965667716 -1.9414799213409422 -5.8395950794219962 0.7688816785812379 -1.026614189147949 -1.8584514856338499 4.8989901542663583 -0.84033036231994618 -2.4707677364349361 0.7753562629222871 -1.3409001827239988 -5.4023144245147696 2.179440021514893
decision_type=2 2 2 2 2 2 2 2 2 2 2 2 2 2 2 2 2 2 2 2 2 2 2 2 2 2 2 2 2 2
left_child=2 3 8 14 5 7 18 -3 9 -1 -11 12 15 -13 -2 28 -9 -18 19 -4 26 -19 -23 29 -14 -26 -7 -17 -5 -24
right_child=1 4 6 11 -6 20 -8 16 -10 10 -12 13 24 -15 -16 27 17 21 -20 -21 -22 22 23 -25 25 -27 -28 -29 -30 -31
leaf_value=-0.058386150151491172 -0.026595126000352534 -0.054623384671285746 -0.10604278004805867 -0.056920300017703665 0.13439849506724963 0.057020303734192035 -0.00067638626999475741 -0.039243155633184042 -0.077075465296355783 -0.21675080685388473 -0.12454424429880946 0.021312917232859298 0.00099260150869884115 0.0058184053072642778 -0.0089489867301016934 -0.045813821273900213 0.08905284972417922 0.007621767876944581 -0.044563619672070919 -0.025576260974630716 0.035465672176875428 0.063623360246419902 0.021172583238974831 -0.0055897892923916087 0.086238650679588316 0.020942148108497944 0.12911620438098909 -0.010471775353834126 -0.00058944126355804898 0.041845301906458847
leaf_weight=20 359 20 48 22 22 41 55 22 71 21 38 517 202 1358 1248 84 21 305 369 20 89 65 818 85 20 153 20 161 950 195
leaf_count=20 359 20 48 22 22 41 55 22 71 21 38 517 202 1358 1248 84 21 305 369 20 89 65 818 85 20 153 20 161 950 195
internal_value=5.27686e-05 0.00566604 -0.0592014 -0.000790879 0.0249041 0.0234711 -0.0448836 0.0204953 -0.106164 -0.132306 -0.157364 0.00481773 -0.00139265 0.0100908 -0.0128911 -0.00603659 0.0214896 0.0223869 -0.0504475 -0.0823762 0.053844 0.0214333 0.0250554 0.0227722 0.0136785 0.0284909 0.0806583 -0.022589 -0.00186442 0.025152
internal_weight=7419 6777 642 5074 1703 1681 492 1531 150 79 59 3467 1592 1875 1607 1217 1511 1489 437 68 150 1468 1163 1098 375 173 61 245 972 1013
internal_count=7419 6777 642 5074 1703 1681 492 1531 150 79 59 3467 1592 1875 1607 1217 1511 1489 437 68 150 1468 1163 1098 375 173 61 245 972 1013
is_linear=0
shrinkage=0.05


Tree=44
num_leaves=31
num_cat=0
split_feature=299 299 258 289 125 299 184 192 187 299 49 262 145 218 203 32 55 100 298 299 298 165 30 24 236 276 173 294 293 79
split_gain=938.302 284.309 218.269 127.063 62.2854 57.0681 54.7593 44.8846 44.6296 43.5181 41.483 33.9567 33.7852 31.0387 33.1491 31.0301 34.6378 30.7771 30.4349 53.485 32.855 32.1773 34.2214 30.2478 30.0204 34.0681 28.9046 27.4862 29.0245 26.919
threshold=-6.8208661079406729 -2.3428723812103267 -13.14718723297119 4.2026622295379648 3.8387671709060673 -26.798318862915036 -0.35482236742973322 -5.6372942924499503 -3.9805876016616817 -11.434916019439695 -0.96437004208564747 1.9673228263854983 -3.551082849502563 5.0349628925323495 1.5408205986022951 1.3567550778388979 0.85196852684021007 -2.3993109464645381 -2.368818879127502 -3.2453542947769161 -7.4226450920104972 -2.0724766254425044 -1.149060785770416 -0.6922965645790099 -4.6456556320190421 -5.4690988063812247 2.2457720041275029 -3.1486001014709468 -4.1572177410125724 -4.3463759422302237
decision_type=2 2 2 2 2 2 2 2 2 2 2 2 2 2 2 2 2 2 2 2 2 2 2 2 2 2 2 2 2 2
left_child=2 7 5 6 10 -1 8 24 17 29 -5 18 -8 14 -14 16 -11 -3 19 20 -9 -20 -23 -19 -2 -26 -15 -22 -29 -4
right_child=1 3 9 4 -6 -7 12 11 -10 15 -12 -13 13 26 -16 -17 -18 23 21 -21 27 22 -24 -25 25 -27 -28 28 -30 -31
leaf_value=-0.15878253936767581 -0.011320719593090982 0.022235514551401141 -0.028223157231358514 0.11247752889990809 0.12980174124240876 -0.083402784768637134 0.085113092937639787 0.045269247408836116 0.01057476306039787 -0.025653242804776984 0.036373300127118653 0.06198483070358634 0.018409432114376661 -0.060325011475519698 0.038539405132847274 -0.051727057445364502 0.024961610319646631 -0.082422111396278655 -0.038173639758537381 0.010764584350930263 -0.010663315176764604 0.02033226626578799 -0.018391078787613323 -0.014307022368601069 -0.10921547899044873 -0.031521073871205542 0.016260717915637154 0.061935838963836434 0.00054839205526435167 -0.066163195022221274
leaf_weight=30 82 25 69 20 24 154 21 31 1845 391 171 20 945 22 261 104 37 28 118 667 1267 81 193 39 21 43 28 20 517 145
leaf_count=30 82 25 69 20 24 154 21 31 1845 391 171 20 945 22 261 104 37 28 118 667 1267 81 193 39 21 43 28 20 517 145
internal_value=5.01302e-05 0.00678177 -0.0469194 0.0166685 0.053882 -0.095693 0.0141791 -0.00429721 0.00887999 -0.0348894 0.0443423 -0.00294174 0.0222171 0.0211655 0.0227659 -0.0272302 -0.0212777 -0.0251077 -0.00339043 -0.00136086 -0.0057683 -0.0163445 -0.00694367 -0.042773 -0.0313509 -0.0570146 -0.017437 -0.00664534 0.0028347 -0.0539302
internal_weight=7419 6489 930 3429 215 184 3214 3060 1937 746 191 2914 1277 1256 1206 532 428 92 2894 2502 1835 392 274 67 146 64 50 1804 537 214
internal_count=7419 6489 930 3429 215 184 3214 3060 1937 746 191 2914 1277 1256 1206 532 428 92 2894 2502 1835 392 274 67 146 64 50 1804 537 214
is_linear=0
shrinkage=0.05


Tree=45
num_leaves=31
num_cat=0
split_feature=299 294 299 135 272 32 273 124 17 212 45 28 133 24 186 187 72 211 274 249 121 20 74 98 136 17 183 146 229 95
split_gain=832.713 264.701 240.625 106.259 84.1583 59.6968 59.6155 56.1211 65.8036 52.0905 44.8657 40.5224 38.9097 36.9083 40.6342 35.3411 37.6682 33.6373 33.2965 32.5694 30.8823 41.1026 30.417 28.9127 28.6298 27.717 27.3851 26.0317 25.6492 24.8193
threshold=-6.1967463493347159 0.69996058940887462 -17.09507846832275 5.4993813037872323 -3.222234725952148 1.3567550778388979 -8.9684967994689924 -8.8178567886352521 -0.67578738927841175 -4.7531278133392325 0.38709533214569097 -2.5896325111389156 -5.4253153800964347 -2.2565579414367671 -1.5129920840263364 2.7199723720550542 -2.7180787324905391 3.6793842315673833 3.7194207906723027 -2.1259031295776363 -3.1320726871490474 1.2524601817131045 3.4936748743057255 2.2497035264968877 -2.6315085887908931 -2.8264485597610469 -5.3813440799713126 -2.0386358499526973 0.93896615505218517 1.7039747238159182
decision_type=2 2 2 2 2 2 2 2 2 2 2 2 2 2 2 2 2 2 2 2 2 2 2 2 2 2 2 2 2 2
left_child=2 4 7 15 11 6 20 8 -1 10 -6 24 -11 -14 27 16 -3 18 -16 25 21 -4 -18 -19 -2 -8 -13 -15 -17 -7
right_child=1 3 5 -5 9 29 19 -9 -10 12 -12 26 13 14 17 28 22 23 -20 -21 -22 -23 -24 -25 -26 -27 -28 -29 -30 -31
leaf_value=-0.08659010642185444 -0.0030456100171431903 -0.028423197101801634 -0.045171883672239371 0.13840103978696078 -0.00051279433659817046 -0.046233094910173932 -0.061944489542281989 -0.068072354634602858 -0.18066938050529535 -0.053587296053767212 -0.062259085119391482 -0.037652559671550991 0.029918703777556444 0.012510550007186736 0.013050962574485873 0.0078484485546747845 0.029138474569870877 -0.069044245313853031 0.068021651157843213 0.035154460466677147 -0.012572143017314375 -0.11883045216756208 -0.028180140753587088 0.011131872198629109 0.028411855723595981 -0.014448831065952242 -0.0075803074066309222 -0.0024423243695191458 0.058730718913212632 -0.090012485620587376
leaf_weight=41 160 32 193 23 76 131 33 75 34 25 48 80 199 399 1703 30 650 23 28 31 63 21 24 22 132 444 1410 1076 142 43
leaf_count=41 160 32 193 23 76 131 33 75 34 25 48 80 199 399 1703 30 650 23 28 31 63 21 24 22 132 444 1410 1076 142 43
internal_value=0.000177543 0.00722907 -0.0397662 0.0323114 0.00302925 -0.0305552 -0.0246819 -0.0986559 -0.129239 0.00742922 -0.0244146 -0.00585711 0.00856552 0.0090159 0.0077364 0.0295323 0.0245809 0.0128307 0.0139401 -0.0145072 -0.0433417 -0.0524001 0.0270975 -0.029847 0.0111749 -0.0177347 -0.00919492 0.00160255 0.0498559 -0.0570521
internal_weight=7391 6282 1109 901 5381 959 785 150 75 3599 124 1782 3475 3450 3251 878 706 1776 1731 508 277 214 674 45 292 477 1490 1475 172 174
internal_count=7391 6282 1109 901 5381 959 785 150 75 3599 124 1782 3475 3450 3251 878 706 1776 1731 508 277 214 674 45 292 477 1490 1475 172 174
is_linear=0
shrinkage=0.05


Tree=46
num_leaves=31
num_cat=0
split_feature=299 299 299 196 299 32 273 124 71 288 123 177 225 184 88 212 298 298 234 45 127 120 291 128 106 121 24 211 45 255
split_gain=751.524 232.891 217.165 106.282 81.5492 53.8764 53.803 50.6492 53.0185 43.511 49.7755 38.0458 37.695 36.4949 44.1869 34.5666 33.515 31.5079 31.361 29.7985 29.6984 29.4438 29.197 28.7361 28.3572 27.8713 37.6392 27.786 27.2324 26.6527
threshold=-6.1967463493347159 0.91001501679420482 -17.09507846832275 5.8061416149139413 -2.6528433561325069 1.3567550778388979 -8.9684967994689924 -8.8178567886352521 -5.5110499858856192 -0.89269408583641041 0.63175854086875927 -3.0196183919906612 0.56189540028572094 -1.4580901265144346 -3.3565397262573238 -5.6176674365997306 -2.5194882154464717 -2.1000492572784419 -2.4612704515457149 1.176574766635895 -12.770101547241209 -1.8216423988342283 -8.1055121421813947 1.061659634113312 0.75787091255187999 -3.1320726871490474 0.97973307967185985 -2.5584133863449092 -2.6083532571792598 0.33993744850158697
decision_type=2 2 2 2 2 2 2 2 2 2 2 2 2 2 2 2 2 2 2 2 2 2 2 2 2 2 2 2 2 2
left_child=2 4 7 11 9 6 25 8 20 16 12 -3 19 17 28 -16 22 -6 -8 -11 -1 -19 -2 -24 -18 26 -4 -20 -15 -13
right_child=1 3 5 -5 13 -7 18 -9 -10 10 -12 29 -14 14 15 -17 24 21 27 -21 -22 -23 23 -25 -26 -27 -28 -29 -30 -31
leaf_value=-0.13354160060053286 -0.044991345667257543 -0.03122597181797028 -0.043047228702055962 0.1385411138119905 0.012303082244326165 -0.054199531717204499 -0.018066363969903916 -0.06466874186197917 -0.18048915977661428 0.0059531476313822744 0.072630081953746928 0.018413578979079689 -0.035364717617630957 0.098764770139347424 -0.046572768330574041 0.012645822246022479 -0.030031657242881399 -0.021812557650770507 0.055540843051055382 0.057495910566496222 -0.055543469236447263 0.0014309308355940241 -0.0035477150375687627 0.027790271890300672 0.014974090896014655 -0.011943539823331531 -0.11508851322578267 -0.01638932684995234 0.030886193460060492 0.038590104868376281
leaf_weight=23 41 25 194 23 451 174 454 75 26 107 35 252 40 22 25 1722 210 184 29 38 26 525 1952 76 42 63 20 25 45 467
leaf_count=23 41 25 194 23 451 174 454 75 26 107 35 252 40 22 25 1722 210 184 29 38 26 525 1952 76 42 63 20 25 45 467
internal_value=0.000168666 0.00686761 -0.0377779 0.0326827 0.00327738 -0.0290274 -0.0234478 -0.0937231 -0.122777 -0.00330034 0.0179513 0.0294101 0.00760672 0.00889741 0.0133266 0.0117984 -0.00531472 0.00197105 -0.0137818 0.0194609 -0.0921548 -0.00460123 -0.00321785 -0.00237331 -0.0225307 -0.0411746 -0.0497801 0.0222398 0.0531747 0.0315185
internal_weight=7391 6282 1109 767 5515 959 785 150 75 2541 220 744 185 2974 1814 1747 2321 1160 508 145 49 709 2069 2028 252 277 214 54 67 719
internal_count=7391 6282 1109 767 5515 959 785 150 75 2541 220 744 185 2974 1814 1747 2321 1160 508 145 49 709 2069 2028 252 277 214 54 67 719
is_linear=0
shrinkage=0.05


Tree=47
num_leaves=31
num_cat=0
split_feature=299 299 133 193 249 293 61 95 17 274 284 49 80 92 135 220 160 265 26 108 299 261 24 192 281 116 4 1 147 103
split_gain=679.959 267.693 120.504 108.713 94.8601 66.3816 61.3283 53.4724 40.7602 40.2866 34.4973 37.9278 33.3205 33.12 32.8209 40.0039 32.0603 32.7221 32.0108 29.9543 29.5728 37.187 29.2998 38.1628 28.7745 33.5303 38.5096 30.727 26.2697 29.7267
threshold=-9.7297739982604963 -1.7410503029823301 4.6106016635894784 -12.751661777496336 -3.855279684066772 1.0891076326370241 3.3123633861541752 2.0322390794754033 -0.30680282413959498 -10.503316402435301 2.2798656225204472 0.54749721288681041 5.5060069561004648 3.6398057937622075 -3.973211288452148 -4.5054068565368643 -5.7095799446105948 -4.246647596359252 1.6390420198440554 -0.5259905457496642 0.8059314787387849 2.0527257919311528 -1.343312621116638 -4.5148839950561515 -6.1637794971466056 -3.5898156166076656 -1.0415000915527342 0.68292301893234264 2.2618110179901127 -1.1728877425193784
decision_type=2 2 2 2 2 2 2 2 2 2 2 2 2 2 2 2 2 2 2 2 2 2 2 2 2 2 2 2 2 2
left_child=3 4 5 8 13 14 -4 9 -1 18 16 -12 20 24 -3 19 17 -6 -5 -16 21 -7 -18 -24 -2 -26 -27 -28 29 -25
right_child=1 2 6 7 10 12 -8 -9 -10 -11 11 -13 -14 -15 15 -17 22 -19 -20 -21 -22 -23 23 28 25 26 27 -29 -30 -31
leaf_value=-0.084241006333838436 -0.02354120849548573 0.044007415523831278 0.045601311683654784 -0.047433233915503616 0.0072082736391436177 0.025292323092453002 0.16306991457939149 -0.11787280434121689 -0.15978550708924349 -0.02291395853476963 0.087861000339034948 -0.0053687145514413719 -0.022615733941396078 -0.062571739511830468 0.011102507794620815 0.010755356659944199 0.010608118089018674 -0.065607899155778193 -0.10207474063706375 -0.057775837972171999 0.038535351319746537 -0.031479969445083821 -0.032418145354282349 -0.0067994317365678361 0.013145274096919644 -0.034273360331271645 -0.013719010528616144 0.012758976959751226 -0.028256960108112069 0.0061229989990403272
leaf_weight=57 448 71 25 198 27 164 20 24 26 174 24 20 30 35 27 1818 689 36 31 38 440 35 94 706 155 158 386 153 78 1204
leaf_count=57 448 71 25 198 27 164 20 24 26 174 24 20 30 35 27 1818 689 36 31 38 440 35 94 706 155 158 386 153 78 1204
internal_value=0.000160232 0.00428899 0.0166817 -0.0555456 -0.00355903 0.0152898 0.0978096 -0.0453679 -0.107906 -0.0410499 0.00155086 0.0454839 0.0288837 -0.014575 0.0106356 0.00937734 0.000868764 -0.034401 -0.0548301 -0.0291648 0.0313016 0.0153072 0.00167064 -0.00128706 -0.0132827 -0.0078886 -0.0125661 -0.006203 0.000184934 0.00134644
internal_weight=7391 6881 2668 510 4213 2623 45 427 83 403 2878 44 669 1335 1954 1883 2834 63 229 65 639 199 2771 2082 1300 852 697 539 1988 1910
internal_count=7391 6881 2668 510 4213 2623 45 427 83 403 2878 44 669 1335 1954 1883 2834 63 229 65 639 199 2771 2082 1300 852 697 539 1988 1910
is_linear=0
shrinkage=0.05


Tree=48
num_leaves=31
num_cat=0
split_feature=299 294 246 297 272 32 182 212 234 40 32 289 28 206 119 114 299 146 36 153 195 0 189 264 52 32 198 54 53 99
split_gain=616.978 200.769 177.458 90.9855 66.6663 52.4416 48.1067 42.6499 38.3403 36.9514 36.9049 36.5034 35.5405 35.4241 34.5116 39.1509 33.2794 32.0926 31.9635 33.8536 28.9546 28.5688 27.1915 26.6793 26.6187 26.3307 26.2902 25.748 25.555 24.5945
threshold=-6.1967463493347159 0.69996058940887462 -12.937921047210692 8.6799211502075213 -3.222234725952148 1.3567550778388979 -16.527165412902828 -4.7531278133392325 -2.4612704515457149 6.9096102714538583 -1.2892013788223264 4.2026622295379648 -2.5896325111389156 -7.4885373115539542 -0.23772601038217542 2.9518306255340581 -11.886627674102781 -2.1064199209213252 -0.19178461283445356 -4.5161867141723624 2.4590551853179936 1.941995441913605 -2.9100544452667232 -5.8903794288635245 2.5052481889724736 -0.080656852573156343 0.73225063085556041 -2.2089238166809078 -4.3110237121582022 0.098031483590602889
decision_type=2 2 2 2 2 2 2 2 2 2 2 2 2 2 2 2 2 2 2 2 2 2 2 2 2 2 2 2 2 2
left_child=2 4 6 9 12 8 -1 10 16 11 -6 27 25 -8 15 17 18 22 19 -4 24 -7 -9 -24 -16 -2 -13 29 -14 -3
right_child=1 3 5 -5 7 21 13 14 -10 -11 -12 26 28 -15 20 -17 -18 -19 -20 -21 -22 -23 23 -25 -26 -27 -28 -29 -30 -31
leaf_value=-0.13346628301283892 0.0052464748772299893 0.024886438961733471 -0.044120486619624692 0.11367973327636718 0.010850612077862025 -0.043194594604240077 -0.057094882561908505 -0.0050097927508890167 0.020297098660858784 -0.016613948822021486 -0.044755422366732689 0.092223877757787717 -0.050085323014193106 -0.1273598080589658 0.014760408481507122 -0.061040054439850479 -0.017277423907191166 0.0011266179455414512 -0.083314365972029542 0.022413556960721812 0.05237424386044344 -0.10686317384243012 0.071333902955055248 0.018064371690286782 -0.015661057870980207 0.052669102958205975 0.039569408341055427 0.025445788666087238 -0.0074403639052683258 -0.048303359281271697
leaf_weight=34 259 22 94 30 50 148 123 129 55 50 74 30 36 21 1087 23 552 1693 38 24 48 20 25 393 77 33 113 632 1454 24
leaf_count=34 259 22 94 30 50 148 123 129 55 50 74 30 36 21 1087 23 552 1693 38 24 48 20 25 393 77 33 113 632 1454 24
internal_value=0.000152221 0.00622196 -0.0342302 0.0280663 0.00256433 -0.0254846 -0.0799724 0.00648043 -0.0199163 0.0251175 -0.0223336 0.027659 -0.00534481 -0.0673419 0.00750862 0.00386205 -0.0230402 0.00452846 -0.0434317 -0.0305881 0.0143173 -0.0507742 0.0150574 0.0212503 0.012748 0.0106059 0.0506158 0.022817 -0.00847071 -0.0132995
internal_weight=7391 6282 1109 901 5381 931 178 3599 763 871 124 821 1782 144 3475 2263 708 2240 156 118 1212 168 547 418 1164 292 143 678 1490 46
internal_count=7391 6282 1109 901 5381 931 178 3599 763 871 124 821 1782 144 3475 2263 708 2240 156 118 1212 168 547 418 1164 292 143 678 1490 46
is_linear=0
shrinkage=0.05


Tree=49
num_leaves=31
num_cat=0
split_feature=237 294 193 239 135 299 36 33 17 0 267 180 61 182 32 80 289 104 94 38 58 142 139 277 259 19 88 129 128 170
split_gain=557.524 196.479 129.612 94.2829 85.1196 47.2168 44.8994 38.9321 36.7435 35.2761 41.7626 34.8026 40.2171 34.2425 36.487 31.1332 32.2511 30.3772 34.008 28.7634 41.9324 27.8865 29.5357 27.3096 26.3165 28.049 26.221 25.883 25.5861 25.3948
threshold=-6.0280401706695548 0.69996058940887462 -12.751661777496336 -2.8397171497344966 5.4993813037872323 -12.292556285858153 1.2248622179031374 3.8964724540710454 -0.30680282413959498 0.63713911175727855 -1.374239385128021 -1.9164498448371885 -0.020040318369865414 -5.2482666969299308 -2.1669291257858272 5.5060069561004648 4.2026622295379648 0.23923885822296145 0.473379597067833 -1.4663479924201963 -1.0810893774032591 -2.7831933498382564 -2.1368421316146846 -3.7893081903457637 1.8826333880424502 -0.49763779342174524 -6.2579615116119376 -1.0000000180025095e-35 1.4061653017997744 1.7437916994094851
decision_type=2 2 2 2 2 2 2 2 2 2 2 2 2 2 2 2 2 2 2 2 2 2 2 2 2 2 2 2 2 2
left_child=2 3 8 7 11 6 -4 26 -1 10 13 12 -3 -5 -15 16 -13 23 -19 20 -16 22 -12 -7 25 28 -2 -18 -11 -28
right_child=1 4 5 9 -6 17 -8 -9 -10 24 21 15 -14 14 19 -17 27 18 -20 -21 -22 -23 -24 -25 -26 -27 29 -29 -30 -31
leaf_value=-0.075747023568603036 -0.051399199757725 0.020924322537201293 -0.03990783278667738 -0.062998274227847234 0.12160336867622708 -0.022865361736792073 -0.094990433541976893 -0.054129053381356332 -0.14747280244930433 0.018096196653478735 0.0094313630967267931 0.024127779795600737 -0.050583625049330297 0.019812304209286383 -0.03219689897459406 -0.02174049933110514 0.0904530376075737 -0.1033052186248824 -0.019132828712463381 -0.00015264917281914621 0.0037469087211814307 0.008794608689385584 0.094332057833671573 0.024415009385539276 0.053055686820298431 0.0053037964222494606 -0.0063985689182489902 0.039493810623062876 0.065100846800111953 0.047651930898427966
leaf_weight=57 32 51 189 23 23 410 46 44 26 438 21 606 32 177 193 31 31 24 24 1016 140 1026 20 33 40 679 1779 127 31 22
leaf_count=57 32 51 189 23 23 410 46 44 26 438 21 606 32 177 193 31 31 24 24 1016 140 1026 20 33 40 679 1779 127 31 22
internal_value=0.00014461 0.00495905 -0.0390255 0.00151872 0.026651 -0.0322586 -0.05069 -0.00765113 -0.0982153 0.00604338 0.00279865 0.0241637 -0.00664501 -0.00244461 -0.00153194 0.0273802 0.0293733 -0.0234371 -0.061219 -0.00433249 -0.0170854 0.0104105 0.0508463 -0.0193433 0.0131884 0.0117992 -0.00653545 0.0494921 0.0212031 -0.00573832
internal_weight=7391 6582 809 5681 901 726 235 1877 83 3804 2616 878 83 1549 1526 795 764 491 48 1349 333 1067 41 443 1188 1148 1833 158 469 1801
internal_count=7391 6582 809 5681 901 726 235 1877 83 3804 2616 878 83 1549 1526 795 764 491 48 1349 333 1067 41 443 1188 1148 1833 158 469 1801
is_linear=0
shrinkage=0.05


Tree=50
num_leaves=31
num_cat=0
split_feature=299 189 237 299 240 299 298 296 103 80 291 228 71 195 125 100 212 235 100 77 23 58 21 183 293 243 139 174 41 121
split_gain=537.045 175.461 125.803 68.9024 64.1053 51.8551 50.1301 43.2896 37.7554 34.3391 32.3866 32.1132 33.7193 31.6349 31.4343 31.8561 31.746 35.7175 30.173 33.5242 28.2705 31.407 31.1787 30.8277 27.9648 38.1343 27.6018 28.1436 27.5445 26.6108
threshold=-6.9480671882629386 -0.20393700897693631 -17.171638488769528 -2.7825154066085811 7.0985732078552255 -11.886627674102781 -2.5662126541137691 5.7784278392791757 4.7643055915832528 -7.7300784587860099 -8.1055121421813947 0.97446569800376903 2.0471652746200566 -3.7109690904617305 -5.0681011676788321 -3.1060917377471919 -5.4316205978393546 -4.8279154300689688 -6.914362668991088 -5.486102581024169 -2.8630142211914058 -0.9918822944164275 0.72361013293266307 -8.0408926010131818 -1.671578526496887 -0.64484295248985279 -0.20343839377164838 -6.8387515544891349 -1.6482002735137937 -0.024353176355361935
decision_type=2 2 2 2 2 2 2 2 2 2 2 2 2 2 2 2 2 2 2 2 2 2 2 2 2 2 2 2 2 2
left_child=2 3 9 6 11 18 10 8 14 -1 -2 12 -3 -8 -5 28 -17 -18 19 -4 -20 22 -22 -24 -12 -26 27 -7 -16 -15
right_child=1 4 5 7 -6 26 13 -9 -10 -11 24 -13 -14 29 15 16 17 -19 20 -21 21 -23 23 -25 25 -27 -28 -29 -30 -31
leaf_value=-0.060763091626374624 -0.040761248252608566 0.015915761443849544 -0.050586531623717283 -0.050288568406055369 0.09962713623046876 0.00071930805842081711 -0.080304833650588991 0.078003366788228362 -0.044219546523448588 -0.13986712764291204 -0.0034567393324053419 0.027950037441946365 -0.018676009658095124 -0.029901715315888096 0.049804034548564052 -0.03539514473801398 -0.045080973834476692 0.0073177355630422826 -0.098261020738970153 0.025621496748041223 -0.040158948726435703 -0.0097793280989641254 -0.110774760444959 -0.04374829335459348 0.0058951594116809095 0.06849732194997131 0.023351511279543047 -0.030198686689024302 0.0081816289963898819 0.013778621819669337
leaf_weight=23 55 828 31 24 25 90 25 21 37 34 1961 592 77 168 79 46 33 2246 33 27 101 42 42 29 113 31 32 404 80 44
leaf_count=23 55 828 31 24 25 90 25 21 37 34 1961 592 77 168 79 46 33 2246 33 27 101 42 42 29 113 31 32 404 80 44
internal_value=0.000376642 0.00537014 -0.0360905 0.000815644 0.0202216 -0.0311616 -0.00527986 0.00650969 0.00591976 -0.107948 -0.00288471 0.0188955 0.0129726 -0.0271091 0.00665945 0.00720968 0.00572894 0.006559 -0.0475641 -0.0151104 -0.0551848 -0.0485422 -0.0580075 -0.0833978 -0.00189506 0.019372 -0.0216507 -0.0245659 0.0288619 -0.020836
internal_weight=7373 6485 888 4963 1522 831 2397 2566 2545 57 2160 1497 905 237 2508 2484 2325 2279 305 58 247 214 172 71 2105 144 526 494 159 212
internal_count=7373 6485 888 4963 1522 831 2397 2566 2545 57 2160 1497 905 237 2508 2484 2325 2279 305 58 247 214 172 71 2105 144 526 494 159 212
is_linear=0
shrinkage=0.05


Tree=51
num_leaves=31
num_cat=0
split_feature=237 189 182 252 185 185 215 151 285 228 71 116 24 35 103 199 217 33 177 185 200 258 111 209 241 239 82 35 54 112
split_gain=476.899 164.742 112.539 69.8358 66.029 52.3323 47.2167 36.9867 37.6485 33.7023 33.0915 32.1826 32.6649 32.3547 31.2231 30.6632 27.813 26.5779 26.3461 33.9967 30.6351 28.3289 28.3213 25.1694 24.6453 23.9378 23.7264 23.1913 22.6427 25.6761
threshold=-6.0280401706695548 -0.20393700897693631 -16.527165412902828 -3.005247831344604 6.1435613632202157 -7.587873935699462 7.4741873741149911 -6.3625841140747061 -14.02611207962036 0.97446569800376903 2.1417323350906377 -5.837040662765502 -1.7374859452247617 -4.9332430362701407 4.7643055915832528 4.997495412826539 -6.096731185913085 6.044239044189454 -2.1272099018096919 1.0000000180025095e-35 2.064429879188538 -6.1436350345611563 0.14657894521951678 -1.1587270498275755 4.8491032123565683 -5.0890481472015372 -1.2928149700164793 2.4024161100387578 -2.7174801826477046 1.8259515762329104
decision_type=2 2 2 2 2 2 2 2 2 2 2 2 2 2 2 2 2 2 2 2 2 2 2 2 2 2 2 2 2 2
left_child=2 3 -1 11 9 7 14 8 -4 10 -3 -2 23 -14 18 24 -9 28 19 21 -20 -5 -21 -13 -11 -23 -25 -18 -15 -30
right_child=1 4 5 6 -6 -7 -8 16 -10 15 -12 12 13 17 -16 -17 27 -19 20 22 -22 25 -24 26 -26 -27 -28 -29 29 -31
leaf_value=-0.13470355442592077 -0.057327640825702297 0.014656066820705461 -0.050228970224021854 0.057024423100731594 0.10940221786499023 -0.021871892493544966 0.07659312719884126 -0.084782494786618798 -0.0017787242522005174 0.026661737227313555 -0.020895505518140928 0.0018068290565566329 -0.071213034540414819 -0.027160353475398774 -0.04296308913651635 -0.019715620893420598 -0.0029582859482616187 -0.062048535113749297 0.0071524219750415691 -0.015061633131357239 0.04564003863828784 -0.053175188884848651 -0.079245909854121832 0.078197683326222678 0.063757959433964326 0.0010379397082003531 0.0038958863554788489 -0.075860097333788873 -0.0069729398696754992 0.038362725073238839
leaf_weight=28 31 838 117 22 20 456 23 88 61 519 71 434 21 138 34 33 24 23 2113 68 53 21 23 22 49 670 21 20 1300 32
leaf_count=28 31 838 117 22 20 456 23 88 61 519 71 434 21 138 34 33 24 23 2113 68 53 21 23 22 49 670 21 20 1300 32
internal_value=0.00035781 0.00477546 -0.0362464 0.000419995 0.0191485 -0.0326474 0.00522607 -0.0484979 -0.0336252 0.0179531 0.0118792 -0.00677486 -0.00598775 -0.00958252 0.00467965 0.0271397 -0.0685535 -0.00871565 0.00522506 -0.00250444 0.00809418 0.00116869 -0.031284 0.00542207 0.0298619 -0.000609637 0.0419108 -0.0360955 -0.00788119 -0.00588379
internal_weight=7373 6579 794 5049 1530 766 3027 310 178 1510 909 2022 1991 1514 3004 601 132 1493 2970 804 2166 713 91 477 568 691 43 44 1470 1332
internal_count=7373 6579 794 5049 1530 766 3027 310 178 1510 909 2022 1991 1514 3004 601 132 1493 2970 804 2166 713 91 477 568 691 43 44 1470 1332
is_linear=0
shrinkage=0.05


Tree=52
num_leaves=31
num_cat=0
split_feature=299 189 237 299 240 120 299 272 80 298 234 296 103 109 196 19 74 180 119 98 209 109 46 79 5 298 10 86 271 148
split_gain=440.938 142.664 104.415 59.7358 54.2233 44.507 42.4788 35.7481 31.967 30.9135 36.493 29.5658 30.7591 28.1647 28.0632 27.936 44.4243 26.6377 35.6932 25.8106 28.5621 24.7872 27.8015 30.4608 24.7602 24.5794 23.625 23.6187 27.0704 25.2963
threshold=-6.9480671882629386 -0.20393700897693631 -17.171638488769528 -2.3428723812103267 7.0985732078552255 -0.047440947964787476 -12.292556285858153 -5.6366953849792472 -7.7300784587860099 -2.368818879127502 1.7132541537284853 5.7784278392791757 4.7643055915832528 -0.96409034729003895 -4.0911934375762931 -0.42322835326194758 -1.7247703075408933 3.8450185060501103 1.3993543386459353 -2.9749088287353511 -4.4527556896209708 -6.2301273345947257 -3.9920604228973384 -4.3463759422302237 -1.5232462286949155 -2.9018591642379756 -1.9331149458885191 5.7840988636016855 2.3171737194061284 -1.3249999880790708
decision_type=2 2 2 2 2 2 2 2 2 2 2 2 2 2 2 2 2 2 2 2 2 2 2 2 2 2 2 2 2 2
left_child=2 3 8 7 17 6 21 25 -1 10 -9 12 15 26 -15 -5 -17 27 -19 -18 -21 22 -4 -24 -11 -2 -8 28 29 -3
right_child=1 4 5 11 -6 -7 13 9 -10 24 -12 -13 -14 14 -16 16 19 18 -20 20 -22 -23 23 -25 -26 -27 -28 -29 -30 -31
leaf_value=-0.052642522687497355 -0.012959395956027532 0.026878818925357456 -0.050952488642472482 0.014380752058920041 0.091285507202148453 0.023243574022781106 -0.040921541514496007 -5.4588346027462624e-05 -0.1289654346073375 -0.061927742849069614 0.063276718135761176 0.067622564435005181 -0.039278055147992243 -0.083739099928310939 -0.021283737051527245 -0.021190920955337145 0.054609155875665172 0.090413296382342079 0.021671848011941747 -0.052628076741737986 0.0062891085201547585 -0.058477390771023707 0.046322781202338993 -0.038839226180598853 -0.011859819348248941 -0.051198111441818642 -0.012311925140598401 -0.028500369191169741 0.030256210171407269 0.0087389333962228418
leaf_weight=23 397 248 52 837 25 40 90 2063 34 27 23 20 36 35 37 170 27 28 58 21 1006 171 21 21 289 47 364 30 279 854
leaf_count=23 397 248 52 837 25 40 90 2063 34 27 23 20 36 35 37 170 27 28 58 21 1006 171 21 21 289 47 364 30 279 854
internal_value=0.000339919 0.0048646 -0.0327035 0.000757767 0.0182563 -0.0282131 -0.0308152 -0.00397329 -0.0981685 -0.00156403 0.000643695 0.00711799 0.00654093 -0.022591 -0.051644 0.00734126 0.00252749 0.0170367 0.0440528 0.00635304 0.00508438 -0.0471397 -0.0265146 0.00374178 -0.0161378 -0.0170072 -0.0179834 0.0153901 0.0163436 0.0128212
internal_weight=7373 6485 888 4963 1522 831 791 2846 57 2402 2086 2117 2097 526 72 2061 1224 1497 86 1054 1027 265 94 42 316 444 454 1411 1381 1102
internal_count=7373 6485 888 4963 1522 831 791 2846 57 2402 2086 2117 2097 526 72 2061 1224 1497 86 1054 1027 265 94 42 316 444 454 1411 1381 1102
is_linear=0
shrinkage=0.05


Tree=53
num_leaves=31
num_cat=0
split_feature=299 299 237 55 183 291 118 299 121 143 107 57 17 21 16 234 298 292 28 109 287 243 174 261 193 170 33 36 271 116
split_gain=397.946 128.357 94.2349 57.4637 48.9723 51.2525 40.9034 36.8865 35.7064 32.9804 35.6953 31.3828 30.6864 30.1494 26.9069 31.2703 26.6066 34.6386 28.3004 26.2502 27.4033 24.0259 23.8617 25.184 24.2257 23.6275 28.632 24.5387 23.4902 23.2791
threshold=-6.9480671882629386 -0.44724412262439722 -17.171638488769528 5.391608953475953 -2.0019683837890621 2.648731112480164 0.55338039994239818 -11.886627674102781 -4.2479212284088126 1.2861698269844057 2.8661715984344487 -3.1785020828247066 4.2766675949096689 -1.929965019226074 -3.0684026479721065 -3.7044881582260127 -0.49999994039535517 -1.960531413555145 -2.3815166950225826 -6.2301273345947257 -13.600109100341795 1.3960055708885195 -6.8387515544891349 -8.0530910491943342 -7.12963843345642 1.0711828470230105 3.646063089370728 -3.6172243356704707 -7.1057419776916495 -0.21884138137102124
decision_type=2 2 2 2 2 2 2 2 2 2 2 2 2 2 2 2 2 2 2 2 2 2 2 2 2 2 2 2 2 2
left_child=2 4 13 8 9 16 7 19 -3 10 11 -2 25 -1 -13 -16 17 -6 -19 20 -4 -20 23 -9 28 26 27 -10 -24 -17
right_child=1 3 6 -5 5 -7 -8 22 12 -11 -12 14 -14 -15 15 29 -18 18 21 -21 -22 -23 24 -25 -26 -27 -28 -29 -30 -31
leaf_value=-0.043799630068242557 -0.022270046152174473 -0.048389925452924913 -0.038726581570128323 0.097752085599032312 0.0011955362949773063 0.070884315868218736 0.037522566784173254 -0.016298956588163212 0.068753926810764129 -0.030020274234742957 0.063783639147877699 0.032936889285391034 -0.032756917377312976 -0.11999541055914519 -0.011992150558752098 -0.0011331262827591162 -0.013360388787049388 0.046265186913429748 0.0099054551857021469 -0.053068327143788341 0.01826911787192027 0.052776746692902901 -0.029483363940948394 0.039361545539671382 -0.020234408157005012 0.026156616065560318 -0.021888252334161237 0.013962485080562873 -0.090236997145872855 0.016628982612651121
leaf_weight=20 200 21 71 22 1253 30 24 59 21 116 20 55 30 37 620 1377 180 63 842 200 30 34 41 31 349 574 55 759 26 213
leaf_count=20 200 21 71 22 1253 30 24 59 21 116 20 55 30 37 620 1377 180 63 842 200 30 34 41 31 349 574 55 759 26 213
internal_value=0.000322923 0.00462137 -0.0310683 0.0175459 0.000792833 0.00594054 -0.0268025 -0.0287155 0.0163373 -0.00396103 -0.00274458 -0.00328436 0.0172819 -0.09326 -0.00160792 -0.00246764 0.00511916 0.00663664 0.0138972 -0.0425753 -0.0217972 0.0115694 -0.0204708 0.00287299 -0.0255211 0.0183473 0.012979 0.0154376 -0.0530594 0.00124633
internal_weight=7373 6485 888 1482 5003 2402 831 807 1460 2601 2485 2465 1439 57 2265 2210 2372 2192 939 301 101 876 506 90 416 1409 835 780 67 1590
internal_count=7373 6485 888 1482 5003 2402 831 807 1460 2601 2485 2465 1439 57 2265 2210 2372 2192 939 301 101 876 506 90 416 1409 835 780 67 1590
is_linear=0
shrinkage=0.05


Tree=54
num_leaves=31
num_cat=0
split_feature=299 189 237 294 297 120 299 49 198 125 32 290 234 109 129 232 192 187 99 272 255 4 149 196 67 139 35 271 160 107
split_gain=359.147 119.909 85.047 51.0696 49.7097 37.7327 34.8376 31.7806 28.0466 27.6885 27.684 26.8542 26.721 25.3173 25.0782 24.9191 24.8918 26.1695 24.8196 34.8635 26.6593 25.9116 25.2836 24.6093 23.5929 26.6938 23.0503 25.0316 23.0337 22.7727
threshold=-6.9480671882629386 -0.20393700897693631 -17.171638488769528 -3.0949714183807369 8.6799211502075213 -0.047440947964787476 -12.292556285858153 4.1391077041625985 -16.875905990600582 -4.3623595237731925 -1.6406298875808714 -8.5892858505249006 3.7263847589492802 -0.96409034729003895 -2.0661880970001216 3.2330832481384282 -2.0026732683181758 -0.95078742504119862 5.0918636322021493 2.474580049514771 0.50320041179656994 -1.1208661198616026 3.4177002906799321 -4.0911934375762931 0.40942810475826269 -0.94685038924217213 -4.9332430362701407 -3.6616879701614375 2.2946405410766606 -1.1476899981498716
decision_type=2 2 2 2 2 2 2 2 2 2 2 2 2 2 2 2 2 2 2 2 2 2 2 2 2 2 2 2 2 2
left_child=2 3 8 10 18 6 -4 9 -1 14 16 -12 15 24 -5 26 17 -2 19 22 -21 -22 -3 -15 25 -8 -11 29 -24 -28
right_child=1 4 5 7 -6 -7 13 -9 -10 12 11 -13 -14 23 -16 -17 -18 -19 -20 20 21 -23 28 -25 -26 -27 27 -29 -30 -31
leaf_value=-0.13283502405340022 0.00097339003637244691 0.014706721883753682 -0.042641715688525511 1.2768794070271885e-05 0.086591308593750013 0.021916710496880116 -0.016391255123851953 0.051479612125290765 -0.060790318080357147 -0.029035682284406256 -0.060837664604187019 -0.0085410964763160124 0.054434299248236201 -0.07801087198512896 -0.063886413709925746 -0.039415960665792227 0.021877711764771306 -0.045840233801209253 -0.011776103173630148 0.0066918613618775595 0.081041228803140783 0.033913777078901024 -0.051740046371040606 -0.019524974450531946 -0.069137999564409261 0.041396462933404286 0.006302708055074574 0.007378372516105746 0.01662691112777049 -0.019186206681111442
leaf_weight=22 445 1085 265 34 25 40 413 36 35 49 25 1356 27 35 28 32 139 32 79 73 35 175 28 37 20 21 169 2409 22 182
leaf_count=22 445 1085 265 34 25 40 413 36 35 49 25 1356 27 35 28 32 139 32 79 73 35 175 28 37 20 21 169 2409 22 182
internal_value=0.000306777 0.0043903 -0.0295149 0.00062521 0.0166677 -0.0254624 -0.0278583 0.00478702 -0.088597 0.00421333 -0.00555603 -0.00948781 0.00492798 -0.0204103 -0.0288449 0.00445748 0.00325856 -0.00216715 0.0154999 0.0170196 0.0327204 0.0417684 0.0131047 -0.0479556 -0.0160419 -0.0135951 0.00495729 0.00556079 -0.0216586 -0.00691377
internal_weight=7373 6485 888 4963 1522 831 791 2966 57 2930 1997 1381 2868 526 62 2841 616 477 1497 1418 283 210 1135 72 454 434 2809 2760 50 351
internal_count=7373 6485 888 4963 1522 831 791 2966 57 2930 1997 1381 2868 526 62 2841 616 477 1497 1418 283 210 1135 72 454 434 2809 2760 50 351
is_linear=0
shrinkage=0.05


Tree=55
num_leaves=31
num_cat=0
split_feature=184 299 299 196 299 288 298 89 225 234 107 242 153 283 143 213 240 298 56 26 17 30 236 198 299 42 119 26 17 63
split_gain=353.896 146.294 105.431 75.7092 51.7801 45.9491 33.2079 36.4122 41.3364 32.4301 28.9042 37.0604 28.4809 27.3649 36.1076 25.8733 25.3271 26.4214 24.4254 24.1801 30.5286 23.7656 31.6371 28.7706 26.3737 23.649 23.5108 30.8656 27.1641 26.7178
threshold=-4.8291766643524161 0.54587233066558849 -26.798318862915036 5.8061416149139413 -3.9201581478118892 -14.911673069000242 -3.5057086944580074 4.0118775367736825 -2.4194148778915401 1.0525556802749636 -1.3381692767143247 0.091081377118825926 -8.0408134460449201 -5.257622003555297 -1.3777559399604795 -4.4914357662200919 3.232864618301392 1.6454443931579592 -1.2450683712959287 -2.4255155324935909 4.2766675949096689 -0.98524776101112355 1.1826698780059817 -4.1757874488830558 -1.5519685149192808 -3.0074803829193111 -7.6215879917144767 -1.0026246905326841 0.84030514955520641 0.20621502399444583
decision_type=2 2 2 2 2 2 2 2 2 2 2 2 2 2 2 2 2 2 2 2 2 2 2 2 2 2 2 2 2 2
left_child=2 4 -1 19 9 12 -6 8 10 -2 11 -8 -4 14 26 -12 17 21 -17 -3 -21 22 -10 -23 25 -25 27 -7 29 -28
right_child=1 3 5 -5 6 13 7 -9 16 -11 15 -13 -14 -15 -16 18 -18 -19 -20 20 -22 23 -24 24 -26 -27 28 -29 -30 -31
leaf_value=-0.12187330881754557 -0.0076533411584554832 0.058975325371974557 -0.036996840912362806 0.10872347259521485 0.016758465025039509 0.035954777555806297 0.00029322072351572071 -0.033934336850669843 0.012010167253487018 0.044015498940021769 -0.043341604913725996 0.069950254634022713 -0.085537627008226189 -0.0046005245666582506 -0.076952110723975842 0.016402151527487346 0.059961595183069066 -0.045066134989261625 -0.01527955490307425 0.020263238825449129 -0.039421246268532495 0.054743879573868108 0.06287056440487504 -0.052403626715143529 0.0087429947975983351 -0.0020731146224414192 -0.030970466060788411 -0.036786121428012845 -0.0041203852921248754 -0.090613529519177977
leaf_weight=30 1492 39 92 25 467 35 422 67 687 31 66 20 45 182 34 74 22 25 342 820 22 27 32 24 900 848 307 25 94 20
leaf_count=30 1492 39 92 25 467 35 422 67 687 31 66 20 45 182 34 74 22 25 342 820 22 27 32 24 900 848 307 25 94 20
internal_value=0.00026931 0.00429352 -0.0297819 0.0229213 0.00125047 -0.0264692 0.00422306 0.00257682 0.00327796 -0.00660164 -0.00578966 0.00344512 -0.0529409 -0.021266 -0.0271556 -0.0142581 0.00654442 0.0060823 -0.00964387 0.0204865 0.0187038 0.00659013 0.0142738 0.00351923 0.00273872 -0.00345836 -0.0236357 0.00564607 -0.0278088 -0.0346184
internal_weight=7316 6452 864 906 5546 834 4023 3556 3489 1523 924 442 137 697 515 482 2565 2543 416 881 842 2518 719 1799 1772 872 481 60 421 327
internal_count=7316 6452 864 906 5546 834 4023 3556 3489 1523 924 442 137 697 515 482 2565 2543 416 881 842 2518 719 1799 1772 872 481 60 421 327
is_linear=0
shrinkage=0.05


Tree=56
num_leaves=31
num_cat=0
split_feature=184 299 293 250 258 237 194 204 186 17 38 53 65 106 266 235 24 12 67 288 153 113 37 76 64 14 123 62 164 72
split_gain=319.391 132.439 102.388 72.3943 42.9732 41.2122 35.4444 34.9948 26.7605 33.58 29.1681 28.9017 27.9113 25.3715 25.0642 24.2028 23.2574 30.0266 24.3521 23.075 30.4203 28.5263 23.8316 30.8495 25.1846 22.1718 21.9378 21.4644 24.0067 21.2991
threshold=-4.8291766643524161 0.15555305778980258 -25.9460916519165 6.6070868968963632 -3.6630152463912959 -5.4666929244995108 -5.8431496620178214 0.88790464401245128 -1.0735236406326292 -1.484269857406616 -4.2795400619506827 -4.1884038448333731 -3.8849409818649288 -0.41714388132095331 -6.154897689819335 -3.2613927125930782 -1.2040605545043943 -0.90795844793319691 1.0641247034072878 -14.911673069000242 -8.0408134460449201 -3.4324743747711177 -1.9549999833106992 -3.932213187217712 -1.2720287442207334 -0.59207087755203236 -3.7242345809936519 -3.2244756221771236 -2.9200136661529537 0.94384881854057323
decision_type=2 2 2 2 2 2 2 2 2 2 2 2 2 2 2 2 2 2 2 2 2 2 2 2 2 2 2 2 2 2
left_child=2 4 -1 14 7 19 -7 16 9 13 -11 -12 -10 26 -3 -16 29 18 -18 20 -4 22 24 -24 -21 -15 -6 -17 -29 -2
right_child=1 3 5 -5 8 6 -8 -9 12 10 11 -13 -14 25 15 27 17 -19 -20 21 -22 -23 23 -25 -26 -27 -28 28 -30 -31
leaf_value=-0.1223433358328683 0.00027247156021456244 -0.033670246763073883 -0.032925822839632142 0.10576690832773845 -0.026356535006314519 0.03050637597940406 -0.017347237694522608 -0.066260923569401109 -0.046861859072338453 0.052415294316597284 -0.052586823457787785 -0.0022974477644447195 0.0098924054743023491 -0.027354998583905402 0.065820575974605708 0.05816896645119414 -0.025227928959977736 -0.0029327674790274824 0.027973016675399698 -0.02403760093249499 -0.08212049156427384 -0.044194529316117691 0.026174453328605053 -0.020110799278201606 -0.083180305472619481 0.028423125216737389 0.022222990544061318 -0.035084386271509255 0.017733983145528494 0.047429837554693224
leaf_weight=28 567 23 91 24 25 49 184 24 22 24 29 1927 1415 62 27 32 332 522 23 126 48 155 54 108 21 25 330 22 972 25
leaf_count=28 567 23 91 24 25 49 184 24 22 24 29 1927 1415 62 27 32 332 522 23 126 48 155 54 108 21 25 330 22 972 25
internal_value=0.000255845 0.00407884 -0.0282928 0.0198801 0.000831199 -0.0251427 -0.0072836 -0.00637188 0.00361798 0.000410821 -0.00237082 -0.00304305 0.00902352 0.0128716 0.0179644 0.0190922 -0.00539344 -0.0105624 -0.0217811 -0.0320435 -0.0499139 -0.0266901 -0.0179096 -0.00468238 -0.0324866 -0.0113268 0.0188019 0.0178626 0.016565 0.00226391
internal_weight=7316 6452 864 1100 5352 836 233 1493 3859 2422 1980 1956 1437 442 1076 1053 1469 877 355 603 139 464 309 162 147 87 355 1026 994 592
internal_count=7316 6452 864 1100 5352 836 233 1493 3859 2422 1980 1956 1437 442 1076 1053 1469 877 355 603 139 464 309 162 147 87 355 1026 994 592
is_linear=0
shrinkage=0.05


Tree=57
num_leaves=31
num_cat=0
split_feature=235 288 299 250 299 289 298 296 255 220 32 62 144 183 192 110 158 272 226 267 57 158 46 275 17 194 53 169 291 156
split_gain=292.295 111.666 97.8296 67.0159 39.1088 34.5755 34.0873 34.875 31.8255 31.5107 28.8798 27.6947 30.1632 27.2411 26.6319 25.903 24.8536 32.0436 27.7727 24.3742 23.7124 29.2589 23.303 24.0128 26.9347 22.9237 24.1781 23.9985 22.5826 22.5027
threshold=-4.4877238273620597 -14.911673069000242 0.91001501679420482 6.6070868968963632 -26.798318862915036 -2.1525855064392085 0.54324144124984752 -0.04602720029652118 -1.9066142439842222 -5.1019170284271231 -2.0064396858215328 3.6701912879943852 -3.0559054613113399 -5.7214567661285392 -0.53455233573913563 -1.3120923042297361 -2.4990158081054683 -5.6366953849792472 -7.2287878990173331 -11.937789440155028 -4.5724527835845938 -5.9769685268402091 1.3770711421966555 -5.098451852798461 1.5236985683441164 -6.8234148025512686 -0.55202975869178761 -0.5905230939388274 3.6848648786544804 5.2144634723663339
decision_type=2 2 2 2 2 2 2 2 2 2 2 2 2 2 2 2 2 2 2 2 2 2 2 2 2 2 2 2 2 2
left_child=1 4 5 -4 -1 6 7 10 -8 15 -2 12 -11 -14 16 -7 17 20 -19 -6 21 -3 23 24 -22 -18 -27 -28 29 -15
right_child=2 14 3 -5 19 9 8 -9 -10 11 -12 -13 13 28 -16 -17 25 18 -20 -21 22 -23 -24 -25 -26 26 27 -29 -30 -31
leaf_value=-0.11060874938964844 0.0092503217037608488 -0.022410859118373889 0.01904446879085505 0.10759525299072266 -0.039493176801417902 -0.00019304386719509408 -0.08966389028798967 0.034093956359262982 -0.0015335985645651817 0.030340908166073578 -0.0041689778088478567 -0.049688256922222319 -0.050091767311096193 0.0070915236234353326 0.029411301761865617 -0.073281708613715399 0.013125467410794012 0.059724791795015331 -0.0020161316501816698 -0.099009414911270147 -0.018551877823546361 -0.086358436431597796 0.030465589963865503 -0.070902801393531265 0.024297991115599871 -0.050046502226905432 -0.029763726629086853 0.030216812799196871 0.052572822901937703 -0.041584323222438498
leaf_weight=30 493 53 742 22 123 27 21 70 20 142 2147 21 21 2223 32 22 27 20 204 20 441 27 27 20 40 128 81 21 27 24
leaf_count=30 493 53 742 22 123 27 21 70 20 142 2147 21 21 2223 32 22 27 20 204 20 441 27 27 20 40 128 81 21 27 24
internal_value=0.000243052 -0.0213169 0.00487582 0.0215944 -0.0587058 0.00244658 -0.001424 -0.000739413 -0.0466735 0.00669386 -0.00166303 0.00748532 0.007978 0.00659432 -0.0155467 -0.0330084 -0.0168678 -0.0126697 0.00349645 -0.0478171 -0.0186257 -0.0439932 -0.0147821 -0.0172206 -0.0149885 -0.0304587 -0.035575 -0.0174148 0.00711781 0.00657162
internal_weight=7316 1294 6022 764 173 5258 2751 2710 41 2507 2640 2458 2437 2295 1121 49 1089 832 224 143 608 80 528 501 481 257 230 102 2274 2247
internal_count=7316 1294 6022 764 173 5258 2751 2710 41 2507 2640 2458 2437 2295 1121 49 1089 832 224 143 608 80 528 501 481 257 230 102 2274 2247
is_linear=0
shrinkage=0.05


Tree=58
num_leaves=31
num_cat=0
split_feature=184 288 293 250 283 252 125 29 85 66 187 298 146 275 288 153 138 17 183 0 181 105 188 19 53 47 77 224 80 179
split_gain=266 106.608 84.8848 65.3417 35.7903 32.585 32.2712 28.1052 27.9485 28.2192 26.6548 28.1218 25.9452 24.4833 25.0282 26.7863 23.953 23.2469 23.218 23.097 22.9565 22.4552 34.3062 26.9113 25.989 20.8996 20.6607 20.1349 24.1418 20.0951
threshold=-4.8291766643524161 0.16997656971216205 -25.9460916519165 6.6070868968963632 -5.257622003555297 -2.4046368598937984 -3.6050676107406612 -2.9836910963058467 -7.8817923069000235 -3.5377150774002071 -4.6084551811218253 -3.1895669698715206 -0.90204724669456471 -4.363719940185546 -14.911673069000242 -8.0408134460449201 -3.0600675344467159 2.3888778686523442 0.63729321956634533 1.0381219983100893 -4.443950653076171 1.3197805285453799 1.5418822169303896 -3.4320237636566158 -4.1884038448333731 -0.62758958339691151 -1.361259877681732 1.1313077807426455 2.6394357681274419 -3.0266404151916499
decision_type=2 2 2 2 2 2 2 2 2 2 2 2 2 2 2 2 2 2 2 2 2 2 2 2 2 2 2 2 2 2
left_child=2 5 -1 6 13 8 -3 18 -2 12 11 -9 -10 14 15 -4 -8 -6 -7 20 26 22 23 -11 -25 -21 -16 28 -26 -18
right_child=1 3 4 -5 17 7 16 10 9 21 -12 -13 -14 -15 19 -17 29 -19 -20 25 -22 -23 -24 24 27 -27 -28 -29 -30 -31
leaf_value=-0.1114576748439244 0.051558334931083354 -0.029476894849003888 -0.028972776905520931 0.10221548947420987 0.0036213411371919173 0.016970988447214924 0.05874821184146585 0.0099676811974495662 -0.016135588771088376 0.037373969010835471 0.0038321910972642331 -0.068894557189196348 -0.074661280583082287 -0.071063546137884265 -0.012945520482501206 -0.075135616709788647 -0.020707494609460638 -0.049193285157283148 0.073805751837790021 -0.051289754672015603 -0.039569298926950762 -0.020023703061811188 0.059567033305116326 -0.042001285308563133 -0.0018178115805987376 -0.0069278610744387724 0.027620370846448673 -0.042503532866636912 0.048610394805048904 0.016742680246509673
leaf_weight=28 23 39 91 22 158 177 33 20 136 43 2305 26 22 32 245 48 37 24 20 94 71 170 23 41 2138 37 36 30 24 1123
leaf_count=28 23 39 91 22 158 177 33 20 136 43 2305 26 22 32 245 48 37 24 20 94 71 170 23 41 2138 37 36 30 24 1123
internal_value=0.0002309 0.00371976 -0.0258225 0.0168052 -0.0229544 0.000562953 0.01528 0.00460019 -0.00331888 -0.00379935 0.00308009 -0.0346066 -0.0242847 -0.0284119 -0.0262176 -0.0449139 0.0167431 -0.00334322 0.022741 -0.0208371 -0.0141669 -0.00248842 -0.00119177 -0.00180576 -0.00256023 -0.0387601 -0.00774847 -0.00182251 -0.00125802 0.0155481
internal_weight=7316 6452 864 1254 836 5198 1232 2548 2650 2627 2351 46 158 654 622 139 1193 182 197 483 352 2469 2299 2276 2233 131 281 2192 2162 1160
internal_count=7316 6452 864 1254 836 5198 1232 2548 2650 2627 2351 46 158 654 622 139 1193 182 197 483 352 2469 2299 2276 2233 131 281 2192 2162 1160
is_linear=0
shrinkage=0.05


Tree=59
num_leaves=31
num_cat=0
split_feature=235 288 290 26 288 89 293 139 0 32 267 151 105 41 221 192 158 293 107 119 29 17 93 44 212 28 143 101 50 24
split_gain=242.548 90.5979 87.9201 93.5973 56.593 38.2571 37.2346 36.2467 34.8272 29.9557 29.4639 28.1958 25.0964 24.8072 24.616 23.3493 22.4891 31.5686 27.3673 23.8265 31.1529 27.1945 22.8281 22.3047 21.3567 22.1451 21.8435 21.1254 20.5361 29.7967
threshold=-4.4877238273620597 -14.911673069000242 7.1555609703063974 2.2458490133285527 -1.0666666626930235 3.1602182388305669 -25.9460916519165 3.4872776269912724 0.63713911175727855 -2.1669291257858272 -11.937789440155028 -3.6084471940994258 6.4003410339355478 0.72486466169357311 7.5301876068115243 -0.53455233573913563 -2.4480829238891597 -8.6929531097412092 0.32858268916606909 -7.6215879917144767 -2.4595800638198848 2.062401652336121 0.17339249700307849 0.21677165478467944 -3.4190076589584346 -2.7240014076232906 -1.3952971696853635 -1.0000000180025095e-35 -3.9161417484283443 0.96022307872772228
decision_type=2 2 2 2 2 2 2 2 2 2 2 2 2 2 2 2 2 2 2 2 2 2 2 2 2 2 2 2 2 2
left_child=1 6 4 -4 5 8 -1 -5 9 13 -8 -6 14 -2 -13 16 17 19 -19 20 -3 22 28 27 -11 26 -26 -18 -21 -30
right_child=2 15 3 7 11 -7 10 -9 -10 24 -12 12 -14 -15 -16 -17 23 18 -20 21 -22 -23 -24 -25 25 -27 -28 -29 29 -31
leaf_value=-0.10588480404445105 0.0077919294773756802 0.052851719917221512 0.1497804859140888 0.070870679799610606 -0.02509745498429294 -0.038417831169707435 -0.033372557114779468 -0.0061641265814368794 0.0077753124540440007 -0.013304807211486226 -0.096197980913248937 0.011604538414014307 -0.036344542326750578 0.056465398186239704 0.066035199733007519 0.027873166830977427 -0.033323340938305079 -0.0058845684520300416 0.052450414746999741 -0.056826476640296435 -0.022281648198495041 0.019534570150650465 -0.08165697526672612 -0.012326960374825988 0.0037645780614444188 -0.0027629111864304933 0.066490477501698161 -0.085816059095542074 -0.013697991595615314 -0.074609674902065937
leaf_weight=28 269 22 20 26 54 63 123 37 1238 514 22 1910 27 29 21 32 115 472 21 53 37 26 23 116 35 1756 23 23 158 23
leaf_count=28 269 22 20 26 54 63 123 37 1238 514 22 1910 27 29 21 32 115 472 21 53 37 26 23 116 35 1756 23 23 158 23
internal_value=0.000219355 -0.0194204 0.00443951 0.0555443 0.0037253 0.000231662 -0.053098 0.025628 0.000861817 -0.00239748 -0.0429047 0.0105442 0.0115271 0.0125286 0.0121965 -0.014223 -0.01546 -0.0114971 -0.00339971 -0.0231696 0.00573418 -0.0291955 -0.0341254 -0.0284877 -0.00430812 -0.00175889 0.0286386 -0.0420721 -0.0294535 -0.0214382
internal_weight=7316 1294 6022 83 5939 3927 173 63 3864 2626 145 2012 1958 298 1931 1121 1089 835 493 342 59 283 257 254 2328 1814 58 138 234 181
internal_count=7316 1294 6022 83 5939 3927 173 63 3864 2626 145 2012 1958 298 1931 1121 1089 835 493 342 59 283 257 254 2328 1814 58 138 234 181
is_linear=0
shrinkage=0.05


Tree=60
num_leaves=31
num_cat=0
split_feature=291 299 135 182 186 100 174 182 125 193 102 208 178 58 163 241 16 298 288 34 137 1 229 196 52 202 232 12 232 182
split_gain=252.066 99.1596 107.852 72.0808 30.804 43.748 31.5868 27.2128 32.4633 27.1217 42.7885 31.9672 27.0106 26.0324 25.9792 24.9249 22.2055 22.1345 30.5091 32.4992 27.4349 25.3907 27.2295 24.2534 32.2512 23.489 22.8495 21.2529 24.1848 21.5941
threshold=-8.7337565422058088 -3.1466535329818721 5.4993813037872323 -16.527165412902828 -0.97625985741615284 -2.5569469928741451 -1.9433071017265318 0.93154633045196544 -3.758342862129211 -10.462691307067869 -0.097665015608072267 -9.3317146301269513 -0.20414768904447553 0.47728115320205694 -3.5234909057617183 -8.9166550636291486 -1.3708661198616026 -3.1895669698715206 -0.85945260524749745 -0.57861903309822071 2.6033465862274174 0.44938221573829656 -1.6374015808105467 -4.7454285621643058 1.4812825918197634 -3.8909354209899898 -8.2380986213684064 0.88648775219917308 -3.5011812448501582 4.1241095066070566
decision_type=2 2 2 2 2 2 2 2 2 2 2 2 2 2 2 2 2 2 2 2 2 2 2 2 2 2 2 2 2 2
left_child=3 15 4 -1 5 6 -3 8 -7 11 13 -5 -10 -11 -6 -2 -14 20 23 -20 21 22 26 -19 -25 -24 -17 28 -16 -30
right_child=1 2 -4 9 14 7 -8 -9 12 10 -12 -13 16 -15 27 17 -18 18 19 -21 -22 -23 25 24 -26 -27 -28 -29 29 -31
leaf_value=-0.11513558959960937 -0.04691243295868238 0.0042998512259177996 0.11258342489600182 -0.035168630869492241 0.057743213043130681 -0.040521444939076903 0.035360602526717883 0.035102002371030935 0.0020270885907360927 -0.020366875735934879 -0.073046367687198355 -0.093911539480603989 -0.058240779682441991 0.030613978986662849 -0.025141805729695727 0.04228659933876424 -0.010373280465914139 -0.070972138173554258 0.06952844984829426 -0.0099655568729051305 -0.06121201008558274 0.0053916081257025517 0.046311430955255362 -0.022729990835626906 0.033445594893834953 0.00246334391992007 -0.010352860530342107 0.018963481255230452 0.0073989930797462369 0.047722735299783596
leaf_weight=25 36 171 24 115 29 52 157 52 1569 345 37 29 27 27 56 21 236 23 20 36 20 697 37 292 28 175 1126 504 1413 34
leaf_count=25 36 171 24 115 29 52 157 52 1569 345 37 29 27 27 56 21 236 23 20 36 20 697 37 292 28 175 1126 504 1413 34
internal_value=-0.000386004 0.00229517 0.00688449 -0.0320916 0.00629454 0.00228135 0.0191673 -0.000579496 -0.00156434 -0.0283373 -0.021767 -0.0469988 -0.000458566 -0.0166667 0.0107571 -0.00560775 -0.0152874 -0.00500696 -0.0157926 0.0184252 -0.002934 -0.00236709 -0.00634635 -0.0213791 -0.0178146 0.0101161 -0.0093891 0.0100782 0.00709874 0.00834648
internal_weight=7413 6835 4324 578 4300 2264 328 1936 1884 553 409 144 1832 372 2036 2511 263 2475 399 56 2076 2056 1359 343 320 212 1147 2007 1503 1447
internal_count=7413 6835 4324 578 4300 2264 328 1936 1884 553 409 144 1832 372 2036 2511 263 2475 399 56 2076 2056 1359 343 320 212 1147 2007 1503 1447
is_linear=0
shrinkage=0.05


Tree=61
num_leaves=31
num_cat=0
split_feature=259 193 135 299 105 298 299 182 217 18 298 250 45 256 137 45 298 89 8 1 32 132 295 106 217 280 292 120 84 284
split_gain=234.126 92.5004 87.3997 59.1911 43.6713 37.9236 39.7375 35.7208 31.4981 29.4706 28.7497 27.1189 26.6514 26.2894 25.8643 26.6001 33.2881 25.1734 25.1638 26.0592 24.1756 24.1042 23.6385 22.6932 28.4663 22.2683 22.0434 23.6803 22.647 26.1508
threshold=-5.3441631793975821 -10.462691307067869 5.4993813037872323 -0.58689305186271656 0.70702102780342113 -0.64201998710632313 -3.1814235448837276 -16.527165412902828 -11.934694290161131 -0.04774517007172107 -3.4333671331405635 -1.5998740196228025 -2.2020255327224727 -5.5402646064758292 2.6033465862274174 1.4546173214912417 -3.0949203968048091 1.6608268022537234 -2.83847963809967 0.40773966908454901 -1.0873164534568784 -5.0795245170593253 -3.9924409389495845 0.70380577445030224 -1.2186351418495176 -3.3550877571105953 -2.3637849092483516 -0.571040779352188 -1.5673228502273557 -4.168358087539672
decision_type=2 2 2 2 2 2 2 2 2 2 2 2 2 2 2 2 2 2 2 2 2 2 2 2 2 2 2 2 2 2
left_child=1 7 3 5 23 6 14 -1 -9 -6 11 -8 25 -5 15 16 18 -7 -2 21 -17 -20 -22 24 26 -12 27 28 29 -3
right_child=2 4 -4 13 9 17 10 8 -10 -11 12 -13 -14 -15 -16 20 -18 -19 19 -21 22 -23 -24 -25 -26 -27 -28 -29 -30 -31
leaf_value=-0.10937880706787109 0.037366871573986153 -0.013524520916762171 0.091711172887257164 0.067184056554521837 -0.10377364821732045 -0.0097951245096051087 0.01433590316354371 -0.025325789122745909 -0.071748254034254291 -0.032541939449268135 0.042833706500639411 0.060183168761432176 0.002753115673659315 0.010858002094996953 -0.054386535048484813 0.056254204786543194 -0.021768861023218247 -0.046576207680137538 -0.055018953054591459 0.005857400908854192 -0.016278582512498346 -0.0070361444445555671 0.021803819227856226 0.030134768687909649 -0.06394156790165989 0.0050489482410893136 0.025954598894443466 0.021472817718091869 -0.030695912598278675 0.028224998008226976
leaf_weight=25 39 602 28 21 20 253 139 87 63 53 79 42 2072 1531 25 29 258 57 27 492 67 855 104 31 27 77 37 46 187 40
leaf_count=25 39 602 28 21 20 253 139 87 63 53 79 42 2072 1531 25 29 258 57 27 492 67 855 104 31 27 77 37 46 187 40
internal_value=-0.000366703 -0.0204066 0.00357334 0.00317317 -0.0147625 0.000332496 0.00154878 -0.0540455 -0.0448232 -0.0520575 0.00581049 0.0249745 0.00425363 0.0116201 -0.00386603 -0.00319098 -0.00525352 -0.0165581 -0.00223798 -0.00336214 0.0140415 -0.00850501 0.00688264 -0.0119557 -0.0133453 0.0241835 -0.0118474 -0.0134459 -0.0153835 -0.0109233
internal_weight=7413 1218 6195 6167 1043 4615 4305 175 150 73 2409 181 2228 1552 1896 1871 1671 310 1413 1374 200 882 171 970 939 156 912 875 829 642
internal_count=7413 1218 6195 6167 1043 4615 4305 175 150 73 2409 181 2228 1552 1896 1871 1671 310 1413 1374 200 882 171 970 939 156 912 875 829 642
is_linear=0
shrinkage=0.05


Tree=62
num_leaves=31
num_cat=0
split_feature=259 182 182 3 299 185 148 96 224 135 43 84 291 177 131 12 253 23 88 291 197 163 40 171 220 50 294 172 144 226
split_gain=211.299 80.4925 72.9395 54.9932 48.4777 39.6845 37.4026 28.5788 27.4925 27.0076 24.927 24.5644 31.3069 29.4888 24.2209 23.2354 27.8418 28.2789 26.5388 35.2706 25.6627 24.3157 22.3606 22.0842 22.229 23.6014 23.4517 27.0597 36.3003 22.0682
threshold=-5.3441631793975821 4.1241095066070566 -16.527165412902828 1.5454068779945376 -2.8318897485733028 -7.587873935699462 0.74266618490219127 -6.9323875904083243 -7.7080299854278556 3.2680757045745854 1.7515073418617251 -1.5925197005271909 -3.3677880764007564 -6.2781469821929923 -4.9940829277038565 1.4323431849479678 -2.3489704132080074 -1.7213608622550962 4.2505249977111825 6.7244186401367196 -4.9953777790069571 -4.965984344482421 -1.8638954162597654 -2.8751378059387203 -3.9049043655395503 0.016141775064170364 4.8141403198242196 3.1029920578002934 1.3205265402793886 -6.8190925121307364
decision_type=2 2 2 2 2 2 2 2 2 2 2 2 2 2 2 2 2 2 2 2 2 2 2 2 2 2 2 2 2 2
left_child=2 4 -1 9 29 -4 7 8 -7 -3 11 12 13 22 -13 18 -17 -18 19 20 -6 -22 -9 -23 25 -25 27 -26 -29 -2
right_child=1 3 5 -5 15 6 -8 10 -10 -11 -12 14 -14 -15 -16 16 17 -19 -20 -21 21 23 -24 24 26 -27 -28 28 -30 -31
leaf_value=-0.10390986633300781 -0.044245434290496634 0.05629302272573114 -0.032549757170088497 0.1251929214410484 0.043313096960746617 -0.010670415879715057 -0.062682803603155271 -0.0022840699783108873 -0.092581860087811954 -0.01306929419869962 0.025307146308697622 -0.07112522532045841 0.042575688274915924 -0.013544424597633898 -0.018549642978120322 -0.0060110525171393932 0.059674891795624387 0.017333422218155311 -0.021719655298417614 0.069961342925117131 -0.049199702431048667 0.019322078709038463 0.047060724900496245 0.0077747306116578881 0.0046548425903063101 -0.034908573059986035 0.040738525783473797 0.018342061467807404 -0.065090520959347489 -0.0024296639996193212
leaf_weight=25 32 36 324 20 43 21 35 58 20 23 53 25 33 409 177 115 44 380 93 21 21 241 38 57 2642 75 44 22 32 2254
leaf_count=25 32 36 324 20 43 21 35 58 20 23 53 25 33 409 177 115 44 380 93 21 21 241 38 57 2642 75 44 22 32 2254
internal_value=-0.000348368 0.00339467 -0.0193863 0.0535419 0.00274693 -0.017615 -0.0120467 -0.0099217 -0.0506272 0.0292535 -0.00781712 -0.0101895 -0.00460751 -0.00769077 -0.0250565 0.00618603 0.0158091 0.0217273 0.00460996 0.00537565 0.00494873 0.00442236 0.0172482 0.00478408 0.00356415 -0.0164771 0.00452964 0.0039387 -0.0310995 -0.00301501
internal_weight=7413 6195 1218 79 6116 1193 869 834 41 59 793 740 538 505 202 3830 539 424 3291 3198 3177 3134 96 3113 2872 132 2740 2696 54 2286
internal_count=7413 6195 1218 79 6116 1193 869 834 41 59 793 740 538 505 202 3830 539 424 3291 3198 3177 3134 96 3113 2872 132 2740 2696 54 2286
is_linear=0
shrinkage=0.05


Tree=63
num_leaves=31
num_cat=0
split_feature=259 193 194 288 105 77 52 32 42 10 129 215 243 215 121 7 276 84 291 201 203 25 147 283 213 79 18 283 183 190
split_gain=190.697 77.2093 74.3451 49.1308 38.4788 51.1136 30.8521 32.8548 29.9093 29.3386 33.4397 29.6235 27.4726 26.3307 23.0324 31.7223 22.6868 22.6244 25.5227 22.7174 25.2028 22.2033 21.0808 25.5545 26.8992 25.029 22.3744 27.9102 25.1188 21.5102
threshold=-5.3441631793975821 -10.462691307067869 5.6027464866638192 -0.13966536521911618 0.70702102780342113 -1.4156824350357053 -5.7686724662780753 -1.9161417484283445 0.9612206518650056 -1.6782396435737608 -9.7851281166076642 -9.0324163436889631 2.8050196170806889 -6.5029134750366202 -0.44506247341632837 -0.18503937870264051 0.48359461128711706 -1.5925197005271909 -3.3677880764007564 -6.6770014762878409 -6.3612191677093497 -3.7602366209030147 3.8555750846862797 2.2416808605194096 0.55853012204170238 -0.61993005871772755 0.61272519826889049 -2.7454442977905269 0.86275523900985729 -1.1385570764541624
decision_type=2 2 2 2 2 2 2 2 2 2 2 2 2 2 2 2 2 2 2 2 2 2 2 2 2 2 2 2 2 2
left_child=1 9 3 6 14 -6 -2 8 16 10 -1 -11 13 -9 17 -16 -8 18 -3 -19 -21 -15 23 25 -25 29 -27 -28 -29 -23
right_child=2 4 -4 -5 5 -7 7 12 -10 11 -12 -13 -14 21 15 -17 -18 19 -20 20 -22 22 -24 24 -26 26 27 28 -30 -31
leaf_value=-0.12574391365051271 -0.047813788688544079 -0.010190888375370048 0.08174516042073568 0.010873658518210698 -0.10624129143357278 -0.018073698606652519 0.0061808986518179006 -0.048282931521856066 0.050649344782496608 -0.024358293893608718 -0.044377834828836581 -0.087232758849859246 -0.05238645707185452 0.026296783473930864 0.067354712592945856 -0.012266199081204833 0.057739286920563737 -0.052450623214244846 0.032500106623597647 0.028638926721536197 -0.024820219095764234 -0.0083162348806661117 -0.039077950600120759 0.070138436287211683 -0.0011154738599779431 0.0066247109413680814 -0.021925352379679682 0.006470900839675886 -0.040609705844713795 0.0040418343776945746
leaf_weight=23 33 651 30 1455 25 48 707 29 43 101 28 23 26 76 22 29 22 60 37 26 145 1395 36 26 27 1284 175 329 31 471
leaf_count=23 33 651 30 1455 25 48 707 29 43 101 28 23 26 76 22 29 22 60 37 26 145 1395 36 26 27 1284 175 329 31 471
internal_value=-0.00033095 -0.0184169 0.00322494 0.00284285 -0.0132604 -0.0482681 0.000361991 0.00070191 0.010127 -0.0491499 -0.0810723 -0.0360205 -0.0011614 -0.000818046 -0.0106258 0.0220801 0.00773684 -0.0124408 -0.00789501 -0.0259799 -0.0166919 -0.000460518 -0.000999351 -0.000632623 0.0338393 -0.00112842 0.0030452 -0.00554563 0.00241674 -0.00519692
internal_weight=7413 1218 6195 6165 1043 73 4710 4677 772 175 51 124 3905 3879 970 51 729 919 688 231 171 3850 3774 3738 53 3685 1819 535 360 1866
internal_count=7413 1218 6195 6165 1043 73 4710 4677 772 175 51 124 3905 3879 970 51 729 919 688 231 171 3850 3774 3738 53 3685 1819 535 360 1866
is_linear=0
shrinkage=0.05


Tree=64
num_leaves=31
num_cat=0
split_feature=259 239 193 299 97 293 158 133 182 217 2 10 161 222 59 20 45 107 121 186 59 12 62 19 23 19 296 226 298 66
split_gain=172.104 71.0653 69.6814 41.3685 37.3113 30.1247 29.3519 29.6725 28.1641 27.1884 25.1271 29.4119 23.2538 22.2353 23.4282 21.2649 21.1822 19.6538 22.4007 20.7059 23.2159 22.5427 25.6533 29.9839 24.7519 20.9789 28.5662 19.594 20.1386 29.7101
threshold=-5.3441631793975821 6.063746690750123 -10.462691307067869 -2.8318897485733028 0.24299633502960208 8.0567908287048358 -5.4971494674682608 4.0380153656005868 -16.527165412902828 -11.934694290161131 -1.9364829659461973 1.2834645509719851 2.8299213647842412 -1.2883201837539671 0.36141732335090643 -4.0151450634002677 -5.1718049049377433 -3.5267717838287349 -4.62381887435913 -0.97625985741615284 -3.0674803256988521 1.4323431849479678 0.90223094820976268 -2.1274859905242915 -1.8951811194419859 2.1773933172225957 2.6211613416671757 -6.8190925121307364 -3.1895669698715206 -1.91254585981369
decision_type=2 2 2 2 2 2 2 2 2 2 2 2 2 2 2 2 2 2 2 2 2 2 2 2 2 2 2 2 2 2
left_child=2 3 8 27 10 -3 -5 15 -1 -10 11 -4 -9 14 16 -8 -12 -17 -19 25 -21 22 -22 -24 -23 26 -20 -2 -29 -30
right_child=1 5 4 6 -6 -7 7 12 9 -11 13 -13 -14 -15 -16 17 -18 18 19 20 21 24 23 -25 -26 -27 -28 28 29 -31
leaf_value=-0.095825569152832038 -0.0415975803276524 0.017722363905473191 -0.0006180300819090544 0.059739757537841803 -0.03834250461189978 0.095312421075228998 0.044233236472834558 0.085191926136612903 -0.020389002356035957 -0.063518832789527052 -0.051710621267557148 0.062678365226990232 0.016464761458337307 -0.059459381806664172 0.018151615262031556 0.032202686537944135 -0.011290129161404946 -0.045152122332997952 0.0011999389994944575 0.048451728884662898 0.0086742134847573246 0.07109491090205583 -0.065960264299064875 -0.0030572903566944486 0.015918103001718777 -0.019795198268178157 0.054010765877767257 0.00070895725026526594 -0.029417645583885751 -0.0037422928438222004
leaf_weight=25 32 22 78 25 124 29 34 20 87 63 34 24 32 24 65 63 694 23 1691 35 1119 22 20 359 267 118 26 1638 148 472
leaf_count=25 32 22 78 25 124 29 34 20 87 63 34 24 32 24 65 63 694 23 1691 35 1119 22 20 359 267 118 26 1638 148 472
internal_value=-0.000314402 0.00306369 -0.0174961 0.00257579 -0.0125974 0.0618422 0.00573836 0.00538578 -0.0466924 -0.0385035 -0.00912362 0.0142752 0.0428983 -0.0120449 -0.0106099 0.00486933 -0.0131779 0.00451176 0.0040377 0.00434707 0.00812278 0.0073329 0.00486627 -0.00637671 0.0201184 0.000598116 0.00199964 -0.00274674 -0.00219615 -0.00987125
internal_weight=7413 6195 1218 6144 1043 51 3854 3829 175 150 919 102 52 817 793 3777 728 3743 3680 3657 1822 1787 1498 379 289 1835 1717 2290 2258 620
internal_count=7413 6195 1218 6144 1043 51 3854 3829 175 150 919 102 52 817 793 3777 728 3743 3680 3657 1822 1787 1498 379 289 1835 1717 2290 2258 620
is_linear=0
shrinkage=0.05


Tree=65
num_leaves=31
num_cat=0
split_feature=188 291 299 91 62 169 143 280 145 178 121 80 69 150 271 1 273 234 8 82 259 46 283 207 184 283 161 160 173 165
split_gain=121.629 72.0776 53.0432 37.8387 34.4222 33.6754 33.2886 28.831 26.5438 26.1418 26.5049 26.6455 26.2441 24.8668 23.6122 36.5241 29.7111 24.3553 29.1186 32.1179 24.5198 24.1872 24.8732 23.4894 22.8935 22.2903 23.9254 21.9996 21.8704 21.7464
threshold=-4.818110227584838 10.851837158203127 0.15555305778980258 3.4148293733596806 -5.0529973506927481 -3.0057086944580074 6.1721599102020273 -8.6599712371826154 -3.4718766212463374 -4.2470753192901602 -1.8728886842727659 -3.7511810064315791 -3.7064589262008663 -4.8897874355316153 3.9035482406616215 -0.044028872624039643 3.846858143806458 -2.9531983137130733 0.31258530914783483 -1.2784318923950193 3.1681102514266972 2.3732283115386967 -6.8130829334259024 -5.2122309207916251 -5.5849201679229727 2.019251942634583 0.23149604350328448 -3.867740154266357 -4.6694226264953604 -3.5078365802764888
decision_type=2 2 2 2 2 2 2 2 2 2 2 2 2 2 2 2 2 2 2 2 2 2 2 2 2 2 2 2 2 2
left_child=3 2 4 7 -2 -4 8 9 -7 10 11 13 -13 -1 16 -16 17 18 19 -6 21 22 -19 -9 -20 -24 -27 -14 -25 -30
right_child=1 -3 5 -5 14 6 -8 23 -10 -11 -12 12 27 -15 15 -17 -18 20 24 -21 -22 -23 25 28 -26 26 -28 -29 29 -31
leaf_value=-0.016959194788272867 -0.043220026384700433 0.083250774656023305 -0.039340579087535542 -0.071310562839110692 -0.0026266594074530331 0.072793501690030099 -0.042637635231018073 0.0077760287507986419 0.014628599217428673 -0.069087603893773317 0.031016878240431353 -0.070221614416526718 -0.035929407408604251 0.041424669660627848 -0.0083205386437475697 0.087235840205103166 -0.057087463682348086 0.047941106709185992 -0.043986023556102406 -0.020716626866310425 0.058623084314167496 -0.014306548967090233 0.0029915571249001642 -0.040300643524298303 0.0081425607958544605 0.060547926002182062 0.0074761301611067244 0.018108523747397829 0.020165007618359394 -0.017186083065212836
leaf_weight=207 44 28 30 30 766 20 25 195 1018 29 24 46 104 20 20 20 22 32 22 361 20 189 3323 65 494 35 54 23 54 140
leaf_count=207 44 28 30 30 766 20 25 195 1018 29 24 46 104 20 20 20 22 32 22 361 20 189 3323 65 494 35 54 23 54 140
internal_value=0.00078185 0.00320157 0.00285648 -0.0160632 0.000823988 0.0129018 0.0143761 -0.0142358 0.0157493 -0.0231602 -0.0200189 -0.023081 -0.0378633 -0.0118152 0.00118568 0.0394577 0.000897811 0.00113869 -0.00391722 -0.00842123 0.00341267 0.00310873 0.00406444 -0.00533118 0.00592002 0.00365294 0.0283471 -0.026143 -0.0151995 -0.00678939
internal_weight=7460 6523 6495 937 5402 1093 1063 907 1038 453 424 400 173 227 5358 40 5318 5296 1643 1127 3653 3633 3444 454 516 3412 89 127 259 194
internal_count=7460 6523 6495 937 5402 1093 1063 907 1038 453 424 400 173 227 5358 40 5318 5296 1643 1127 3653 3633 3444 454 516 3412 89 127 259 194
is_linear=0
shrinkage=0.05


Tree=66
num_leaves=31
num_cat=0
split_feature=287 291 32 299 4 169 145 143 238 170 271 112 10 154 292 186 98 160 138 118 185 141 11 160 178 289 73 299 51 62
split_gain=117.096 65.0264 44.6841 41.4832 31.3792 28.5908 29.4176 28.0634 27.1199 27.5037 38.3706 26.6192 28.8363 27.2908 25.5011 25.7787 24.5725 23.5568 23.3601 21.54 33.2475 21.9265 21.4735 20.9971 22.8216 22.2048 20.4778 22.5724 20.2121 20.0088
threshold=-6.7699737548828116 10.851837158203127 1.4504489898681643 0.15555305778980258 -1.0634847879409788 -3.0374882221221919 -3.4718766212463374 6.1721599102020273 3.1320209503173833 4.2328083515167245 3.9035482406616215 0.046196188777685172 -4.5046777725219718 -1.3006386160850523 -9.3576083183288556 -6.9898357391357413 -5.6259751319885245 4.286501646041871 -2.9977165460586543 -0.53994682431220997 0.77285709977149974 -1.5467617511749265 -1.0000000180025095e-35 -3.8097834587097164 -16.21245193481445 -8.6295270919799787 -2.1140283346176143 3.9528347253799443 -0.46097123622894282 -2.0318335294723506
decision_type=2 2 2 2 2 2 2 2 2 2 2 2 2 2 2 2 2 2 2 2 2 2 2 2 2 2 2 2 2 2
left_child=2 3 11 8 -4 -5 -7 19 9 10 14 12 -1 23 -2 -16 22 29 -6 20 -8 28 -17 24 -14 -25 -23 -28 -21 -18
right_child=1 -3 4 5 18 6 7 -9 -10 -11 -12 -13 13 -15 15 16 17 -19 -20 21 -22 26 -24 25 -26 -27 27 -29 -30 -31
leaf_value=-0.065930625170469284 -0.047875679422307901 0.079088231495448524 -0.013560462064079702 -0.032294196811401187 -0.083615608039932954 0.071602191474466101 0.0094324178292077773 -0.04050575780868531 0.05288430199027061 -0.056422626972198492 0.057299076815446215 0.03343416398856789 0.034982828471971594 -0.057893055646369852 0.03621703804095102 -0.012046257956729582 -0.0058966706856328393 -0.040561138531740981 -0.032555306809289114 0.085579436296194966 -0.035316977434444667 -0.02912310689687729 -0.071870351273100819 0.039117353464045178 -0.015964620850694878 -0.0049086286598130279 0.012569789976481484 0.035788896298685743 0.018543622820921566 0.0025615459809881815
leaf_weight=25 27 28 62 36 48 21 223 25 25 21 30 32 23 30 51 60 834 34 42 22 51 25 20 41 496 95 555 129 23 4326
leaf_count=25 27 28 62 36 48 21 223 25 25 21 30 32 23 30 51 60 834 34 42 22 51 25 20 41 496 95 555 129 23 4326
internal_value=0.000742758 0.00305424 -0.0162339 0.00272861 -0.0409317 0.0115359 0.0130051 0.0118365 0.00092756 0.000687153 0.000909989 -0.0111746 -0.0131851 -0.0112601 0.000593907 0.000839668 0.000497566 0.000921129 -0.0597875 0.0131094 0.00110315 0.0174724 -0.0270023 -0.00912421 -0.0137068 0.00836391 0.0153243 0.0169488 0.0513167 0.00119446
internal_weight=7460 6566 894 6538 152 1110 1074 1053 5428 5403 5382 742 710 685 5352 5325 5274 5194 90 1028 274 754 80 655 519 136 709 684 45 5160
internal_count=7460 6566 894 6538 152 1110 1074 1053 5428 5403 5382 742 710 685 5352 5325 5274 5194 90 1028 274 754 80 655 519 136 709 684 45 5160
is_linear=0
shrinkage=0.05


Tree=67
num_leaves=31
num_cat=0
split_feature=287 291 283 198 30 177 119 16 252 128 13 212 35 146 292 114 46 15 153 57 242 228 200 208 274 203 267 241 206 62
split_gain=105.679 58.6863 37.5745 38.8834 35.2584 32.1115 23.574 25.897 23.2408 28.4848 25.5636 24.3951 22.7341 25.0431 22.3352 21.7558 21.5319 21.4158 22.138 26.5451 21.22 19.8796 19.3359 19.1426 18.7551 18.8472 20.0231 18.081 24.3464 18.4371
threshold=-6.7699737548828116 10.851837158203127 1.9131233692169192 4.9842519760131845 1.4271454811096194 -3.3927564620971675 -0.98934251070022572 -3.0684026479721065 -0.37708660960197443 2.3475984334945683 -1.2957450151443479 -0.62966823577880848 -4.3543772697448722 0.66073518991470348 -14.606734752655028 2.7936843633651738 3.4062943458557133 -1.5229921340942381 -3.4951990842819209 -3.2437007427215572 -1.3977404832839964 2.5796818733215336 1.2547736167907717 -0.85733583569526661 2.6199179887771611 -0.97913387417793263 0.42913384735584265 -3.7934004068374629 -0.55487206578254689 3.3426508903503422
decision_type=2 2 2 2 2 2 2 2 2 2 2 2 2 2 2 2 2 2 2 2 2 2 2 2 2 2 2 2 2 2
left_child=4 2 6 5 17 -4 7 -2 9 24 -10 -12 -8 21 -6 16 22 18 19 -1 -13 -14 -9 -24 25 -7 -27 -15 -29 -30
right_child=1 -3 3 -5 14 8 12 15 10 -11 11 20 13 27 -16 -17 -18 -19 -20 -21 -22 -23 23 -25 -26 26 -28 28 29 -31
leaf_value=-0.037327993590207324 0.024300011864272497 0.075133827754429408 0.075865459780801434 -0.045874628653893107 -0.067580703099568692 -0.022895592683926227 -0.0255418564696781 -0.0023770457884351257 -0.01285338993458187 -0.053275172606758452 0.077219663977268205 -0.026993386651433651 0.0074084511436362287 0.036205553210207395 -0.024670836161221229 -0.050933427039695826 -0.05030641082836234 -0.0056150700925307589 -0.056255289002559911 0.00054458623878585481 0.024787907022438202 0.047124119102954866 0.065494716838002218 0.00777830127261433 -0.018252152417387282 0.066011119351066933 0.011546641737222672 -0.019247859488913225 0.0045163015517698342 -0.036743552160674126
leaf_weight=84 93 28 22 26 45 20 61 2872 51 23 21 21 2050 28 93 23 23 526 43 103 342 32 20 51 49 27 45 201 408 29
leaf_count=84 93 28 22 26 45 20 61 2872 51 23 21 21 2050 28 93 23 23 526 43 103 342 32 20 51 49 27 45 201 408 29
internal_value=0.00070562 0.00290152 0.00259218 0.0140298 -0.0154222 0.0165379 0.001336 -0.00168362 0.0143589 -0.00168108 0.0204062 0.0248235 0.00464908 0.00531926 -0.0386632 -0.00249207 -0.00211643 -0.0111798 -0.0239062 -0.0164677 0.0217923 0.00801887 -0.00173982 0.0240364 0.00673498 0.0200433 0.0319708 -0.00312008 -0.00484597 0.00177823
internal_weight=7460 6566 6538 647 894 621 5891 3082 599 164 435 384 2809 2748 138 2989 2966 756 230 187 363 2082 2943 71 141 92 72 666 638 437
internal_count=7460 6566 6538 647 894 621 5891 3082 599 164 435 384 2809 2748 138 2989 2966 756 230 187 363 2082 2943 71 141 92 72 666 638 437
is_linear=0
shrinkage=0.05


Tree=68
num_leaves=31
num_cat=0
split_feature=287 293 32 170 145 22 253 288 146 4 138 100 269 249 73 123 192 51 203 164 10 79 24 205 106 116 103 98 0 110
split_gain=95.3754 53.2724 38.1379 36.5136 49.2302 29.6668 29.6528 31.7493 34.5215 25.8413 25.0872 23.7684 23.4002 24.0461 29.0105 23.2935 36.2229 27.3183 33.6042 22.4271 20.9879 22.8739 25.4082 21.8826 21.8677 20.9561 25.2581 25.796 29.4447 21.5862
threshold=-6.7699737548828116 10.25927782058716 0.8103543519973756 0.34268030524253851 -3.2313554286956783 2.0705881118774419 6.6895668506622323 -0.089279029518365846 3.0857119560241704 -1.0634847879409788 -2.9977165460586543 4.8360631465911874 -4.7440919876098624 -3.7231490612030025 -2.1342109441757198 1.2589551210403445 -1.1930109858512876 2.3321303129196171 2.3010902404785161 -7.4727675914764395 -2.0181101560592647 -2.0464307069778438 -3.5709818601608272 -2.2207086086273189 -4.0722627639770499 -6.6404268741607657 -5.1059052944183341 -5.6259751319885245 0.38420566916465765 -3.8391014337539668
decision_type=2 2 2 2 2 2 2 2 2 2 2 2 2 2 2 2 2 2 2 2 2 2 2 2 2 2 2 2 2 2
left_child=2 3 5 11 -5 20 7 8 12 -4 -11 19 -6 -14 -15 17 -17 -9 -19 -2 21 22 -1 -22 -24 -21 -27 28 -28 -29
right_child=1 -3 9 4 6 -7 -8 15 -10 10 -12 -13 13 14 -16 16 -18 18 -20 25 23 -23 24 -25 -26 26 27 29 -30 -31
leaf_value=0.028955624075162979 -0.040376020335789881 0.071576356887817383 -0.010249204917902679 0.058759699092835793 -0.048665393250329154 0.035653129879917415 -0.049821589209816677 0.013472494778131517 -0.045642528511010687 -0.069462858656278034 -0.024227494528067522 -0.050234309280210214 0.031769556194952094 -0.034675027657409804 0.0054077080354976064 0.088159737439656813 0.021420410461028789 -0.047076349553059449 0.022992913371750287 -0.050101924017071725 -0.0051459797501011333 -0.074216401507146659 -0.049900941649037939 -0.051314912227637788 0.011302419262938202 0.031224031163298568 -0.0048642751905710021 0.016392475960625187 -0.07790875251346073 0.00043539561846900386
leaf_weight=21 33 28 71 49 21 35 22 426 39 65 58 23 73 51 393 22 268 44 28 20 519 24 54 27 20 69 37 222 22 4676
leaf_count=21 33 28 71 49 21 35 22 426 39 65 58 23 73 51 393 22 268 44 28 20 519 24 54 27 20 69 37 222 22 4676
internal_value=0.000670339 0.00275645 -0.0146511 0.00246172 0.00950488 -0.00921448 0.0077648 0.00869294 -0.00021846 -0.0342679 -0.0481324 0.000479359 0.00307436 0.00517598 0.00080361 0.0152182 0.0264834 0.00865808 -0.0198272 0.000709014 -0.0115759 -0.0306028 -0.0195846 -0.00742906 -0.0333595 0.000977703 0.00118096 0.000762774 -0.0321012 0.00115864
internal_weight=7460 6566 894 6538 1436 700 1387 1365 577 194 123 5102 538 517 444 788 290 498 72 5079 665 119 95 546 74 5046 5026 4957 59 4898
internal_count=7460 6566 894 6538 1436 700 1387 1365 577 194 123 5102 538 517 444 788 290 498 72 5079 665 119 95 546 74 5046 5026 4957 59 4898
is_linear=0
shrinkage=0.05


Tree=69
num_leaves=31
num_cat=0
split_feature=235 188 3 192 163 150 205 183 30 217 19 57 14 285 197 177 188 13 144 167 215 288 157 295 169 214 52 253 46 180
split_gain=87.4157 47.5965 56.478 28.9922 28.8087 28.8991 27.4197 29.041 25.1862 29.4643 24.6474 29.0849 24.7668 26.0924 24.1656 22.7501 21.854 21.7609 21.6725 25.0096 20.251 27.2419 19.6873 19.1129 34.6154 29.0242 21.6818 27.0402 25.8668 23.4298
threshold=-4.4877238273620597 3.9999344348907475 1.3487830162048342 -6.7440249919891349 1.5974215865135195 1.4856298565864565 -0.17160724103450772 -5.4840650558471671 1.4271454811096194 -5.7560434341430655 -0.81096738576889027 2.3148481845855717 -0.35236221551895136 2.4107283353805546 -3.6740543842315669 -4.5195865631103507 -1.0000000180025095e-35 0.26614172756671911 -3.816522359848022 -3.6747750043869014 1.2083802223205569 0.052381001412868507 -7.1355314254760733 -1.152616500854492 -2.5855379104614253 3.297341108322144 2.5978127717971806 2.7549512386322026 4.1394953727722177 2.5538921356201176
decision_type=2 2 2 2 2 2 2 2 2 2 2 2 2 2 2 2 2 2 2 2 2 2 2 2 2 2 2 2 2 2
left_child=4 3 17 -2 5 8 10 -8 16 22 11 -5 20 18 -9 -16 -1 -3 -14 -20 -12 -22 -10 25 -25 -17 28 29 -26 -28
right_child=1 2 -4 6 -6 -7 7 14 9 -11 12 -13 13 -15 15 23 -18 -19 19 -21 21 -23 -24 24 26 -27 27 -29 -30 -31
leaf_value=-0.0090409596151554261 -0.043403699292856104 0.049646059828328676 0.11387602594681084 0.0051257292056603653 0.048567473255097866 -0.071540506444871421 -0.047410259557806929 0.052190445573069157 -0.01434880304336548 -0.011774883844143103 -0.0052282128690385593 0.051938129172605631 0.033347952406916577 -0.045942241877869328 0.061299389414489272 0.0016251936032272438 0.039205885146899773 -0.0089225597892488764 -0.02510039202648048 0.0040346046184799944 -0.062901631939624045 0.0091326629210795682 -0.06801604921067203 -0.052512282931378912 0.013627865957058276 -0.060008874516934152 -0.0076992144132708457 0.025514618497268826 0.059358484437689187 -0.067468732222914704
leaf_weight=1065 34 29 20 1377 20 20 23 32 25 121 1406 34 59 27 20 425 24 35 78 1323 35 21 54 21 918 20 91 51 32 20
leaf_count=1065 34 29 20 1377 20 20 23 32 25 121 1406 34 59 27 20 425 24 35 78 1323 35 21 54 21 918 20 91 51 32 20
internal_value=0.000636822 0.00315677 0.0405353 0.00263754 -0.0109883 -0.0118983 0.00289788 0.00838144 -0.0109729 -0.0272817 0.000818905 0.00625374 -0.00178148 0.00276196 0.00916868 0.00830717 -0.00797767 0.0176163 0.00366266 0.00241253 -0.00640263 -0.0358888 -0.0510327 0.00763553 0.0110841 -0.00114488 0.0122852 -0.00462196 0.0151683 -0.0184685
internal_weight=7460 6131 84 6047 1329 1309 6013 1653 1289 200 4360 1411 2949 1487 1630 1598 1089 64 1460 1401 1462 56 79 1578 1133 445 1112 162 950 111
internal_count=7460 6131 84 6047 1329 1309 6013 1653 1289 200 4360 1411 2949 1487 1630 1598 1089 64 1460 1401 1462 56 79 1578 1133 445 1112 162 950 111
is_linear=0
shrinkage=0.05


Tree=70
num_leaves=31
num_cat=0
split_feature=292 297 55 121 241 234 173 209 125 293 176 182 148 110 146 74 282 235 133 63 179 161 170 295 88 70 143 213 267 39
split_gain=98.2594 53.0192 43.2253 26.9805 30.3504 31.1972 26.9465 26.1448 38.9514 28.4721 32.1064 26.6263 26.0181 25.7822 25.7513 43.1191 23.7208 23.5522 23.3707 22.7678 22.3899 22.2972 22.3072 28.3378 21.6729 21.3754 21.2732 23.5159 20.9169 21.8148
threshold=-8.668367385864256 8.6799211502075213 -0.4661079198122024 -2.9805477857589717 -9.2944879531860334 -7.8833463191986075 -0.39190728962421412 -5.6401708126068106 -3.758342862129211 -4.5053150653839102 -3.2066491842269893 -3.5003123283386226 1.1136482954025271 -3.8391014337539668 -2.9916715621948238 -2.3262774944305415 3.0416656732559209 -4.4398622512817374 -2.0032662153244014 -0.081364836543798433 -3.0549584627151485 -3.7295275926589961 6.3410573005676278 7.6007218360900888 1.0000000180025095e-35 -1.111679673194885 -1.6312723159790037 -4.7559516429901114 -6.7006442546844474 0.67848664522171032
decision_type=2 2 2 2 2 2 2 2 2 2 2 2 2 2 2 2 2 2 2 2 2 2 2 2 2 2 2 2 2 2
left_child=3 2 6 19 -5 -6 14 -4 12 -10 11 -11 -9 -8 25 24 17 20 -13 -1 -17 -12 23 -23 28 -2 27 -7 -16 -30
right_child=1 -3 7 4 5 26 13 8 9 10 21 18 -14 -15 15 16 -18 -19 -20 -21 -22 22 -24 -25 -26 -27 -28 -29 29 -31
leaf_value=-0.023648691973648966 -0.0032388063534033191 0.073532646179199232 0.029591641228387852 0.044428459118152491 -0.059824877535855331 -0.0083165117982739161 0.055566712081432351 -0.011541525433686646 -0.010104709293874395 0.00022212880225304295 -0.020838967592280825 0.075357794124437008 -0.066317455677522549 0.0037638018443401349 0.026414403878152373 -0.0047990268717209503 -0.059547271933406587 -0.0027981034976786233 0.024555408032444707 -0.076938624671172531 -0.046471449596777799 0.0060183405170971972 -0.033144155972533756 0.064332857586088629 -0.057772896676841712 0.014511206449697847 -0.039711895196334175 0.053072176248847081 -0.029298327058634683 0.019020338972600609
leaf_weight=440 646 25 101 29 27 39 25 110 288 51 80 38 27 612 22 66 20 1363 56 21 63 2621 36 21 45 230 23 26 230 26
leaf_count=440 646 25 101 29 27 39 25 110 288 51 80 38 27 612 22 66 20 1363 56 21 63 2621 36 21 45 230 23 26 230 26
internal_value=-0.000865167 0.000852328 0.000584214 -0.0201749 -0.00128255 -0.0128097 -0.003457 0.00452996 0.00376938 0.0048902 0.00637781 0.0293105 -0.0223368 0.00579688 -0.00563137 -0.00899834 -0.00545582 -0.00473073 0.0450925 -0.0260762 -0.0251507 0.00517214 0.00594917 0.00648185 -0.0255813 0.00142159 0.00161544 0.016239 -0.0203704 -0.024391
internal_weight=7407 6802 6777 605 144 115 3348 3429 3328 3191 2903 145 137 637 2711 1835 1512 1492 94 461 129 2758 2678 2642 323 876 88 65 278 256
internal_count=7407 6802 6777 605 144 115 3348 3429 3328 3191 2903 145 137 637 2711 1835 1512 1492 94 461 129 2758 2678 2642 323 876 88 65 278 256
is_linear=0
shrinkage=0.05


Tree=71
num_leaves=31
num_cat=0
split_feature=292 186 55 35 199 258 98 65 288 70 65 210 245 149 24 66 76 123 121 105 70 98 214 233 251 139 91 16 62 129
split_gain=88.6791 50.6348 38.658 27.4634 28.3397 37.6468 26.0371 28.4712 30.0588 25.8219 25.4908 30.5163 29.788 29.1827 25.1429 26.8597 25.0795 29.7673 24.3499 29.01 23.251 21.9716 21.5388 20.654 24.735 23.1561 33.848 20.329 20.1874 19.5514
threshold=-8.668367385864256 5.6737041473388681 -0.4661079198122024 -4.1157908439636222 4.5189459323883066 3.6800744533538823 -1.3975393772125242 -3.7775893211364742 -0.13966536521911618 -1.7335396409034727 1.4813339710235598 -2.4082812070846553 -1.1018253564834593 -1.6029793024063108 -1.3805615901947019 -2.1272319555282588 -1.7239111065864561 -2.231436967849731 -2.9805477857589717 0.70702102780342113 2.3859639167785649 3.5844285488128667 -1.682677090167999 -6.1556429862976065 -6.6787817478179923 -4.6282153129577628 -0.5209645926952361 -3.0684026479721065 0.17618110030889514 -3.882096409797668
decision_type=2 2 2 2 2 2 2 2 2 2 2 2 2 2 2 2 2 2 2 2 2 2 2 2 2 2 2 2 2 2
left_child=18 2 10 -4 5 6 -5 -8 29 28 12 13 14 -12 27 -16 -11 -18 23 -20 21 -7 -13 24 25 26 -1 -2 -10 -9
right_child=1 -3 3 4 -6 20 7 8 9 16 11 22 -14 -15 15 -17 17 -19 19 -21 -22 -23 -24 -25 -26 -27 -28 -29 -30 -31
leaf_value=-0.022965784449047309 0.03577765509147536 0.067909267970493861 -0.022685125907478128 0.012368345828282728 -0.031978721116833829 0.047723335086960687 -0.042078151727198726 -0.036811875547037319 0.020438476953957535 0.049997876957743707 -0.018108542897694171 -0.054006747868178155 0.006771276676147131 -0.1014647432026409 -0.017755063185380327 -0.0041957960212230683 -0.040333614628197567 0.0082846363220341768 0.0077945173376299933 -0.057098667204845702 0.07665845031539599 -0.013735405681654812 0.0029647370205036824 -0.059107081592082979 0.026724797327071427 -0.049988206606103133 0.044192821007454773 0.00073522430105693376 0.081816592936714505 -0.00049333665139964422
leaf_weight=303 44 28 92 823 51 33 36 38 37 34 21 21 697 21 516 1250 33 685 124 20 27 26 79 40 25 73 20 697 21 1492
leaf_count=303 44 28 92 823 51 33 36 38 37 34 21 21 697 21 516 1250 33 685 124 20 27 26 79 40 25 73 20 697 21 1492
internal_value=-0.000821908 0.000809711 0.000532359 0.00426408 0.00500729 0.0055815 0.00470387 0.00204905 0.00272793 0.0105164 -0.00329082 -0.0240209 -0.00237207 -0.0597866 -0.00491412 -0.00815762 0.00803709 0.00605009 -0.0191662 -0.00121842 0.0382271 0.0206398 -0.00899927 -0.0247724 -0.0215102 -0.0245553 -0.0188074 0.00281602 0.0426616 -0.00139537
internal_weight=7407 6802 6774 3428 3336 3285 3199 2376 2340 810 3346 142 3204 42 2507 1766 752 718 605 144 86 59 100 461 421 396 323 741 58 1530
internal_count=7407 6802 6774 3428 3336 3285 3199 2376 2340 810 3346 142 3204 42 2507 1766 752 718 605 144 86 59 100 461 421 396 323 741 58 1530
is_linear=0
shrinkage=0.05


Tree=72
num_leaves=31
num_cat=0
split_feature=121 133 22 288 229 32 199 72 241 12 81 194 103 258 285 22 291 39 20 10 18 222 98 247 234 47 6 36 133 147
split_gain=81.4595 48.758 51.799 33.9873 30.7987 37.4988 33.6866 29.4714 28.235 27.6913 26.8815 26.7202 25.8882 25.6897 23.2208 22.2548 27.7211 21.5311 21.2092 25.6831 24.8947 22.2199 20.7548 20.1702 23.0963 20.2424 21.7417 21.3251 19.7151 19.4933
threshold=-3.3109579086303706 4.6106016635894784 1.5998926162719729 -14.089181423187254 -1.5855174064636228 -2.1669291257858272 4.5189459323883066 2.1252893209457402 -0.16324521601200101 0.65221458673477184 -4.0472631454467765 1.8442485332489016 -1.3636766672134397 3.6800744533538823 -6.3622171878814688 4.4927754402160653 6.7244186401367196 -1.8868766427040098 0.33784778416156774 -1.7317032814025877 0.78179132938385021 -18.493023872375485 3.5844285488128667 -1.6448819041252134 -2.3124999999999996 -3.3488845825195308 0.45032210648059851 -1.5203112959861753 -5.0157859325408927 -3.6367416381835933
decision_type=2 2 2 2 2 2 2 2 2 2 2 2 2 2 2 2 2 2 2 2 2 2 2 2 2 2 2 2 2 2
left_child=3 4 -3 18 5 23 10 8 -5 -8 -6 12 -7 14 -12 16 -16 -14 19 -1 -20 -21 -15 25 -25 26 -2 -27 -19 -29
right_child=1 2 -4 7 6 11 9 -9 -10 -11 13 -13 17 22 15 -17 -18 28 20 21 -22 -23 -24 24 -26 27 -28 29 -30 -31
leaf_value=-0.057664507784341512 0.075937879185837054 0.0084125545703702519 0.10324333502600591 -0.0095004605818907618 0.055167222574905118 -0.0096426986083864939 -0.0039132459089159964 -0.067843960722287502 0.039776818031289927 -0.075838976580163711 -0.038180554239079359 -0.054115242621412984 0.016593273290259353 0.048430963195860391 0.0047304860271423993 -0.035537118470871494 0.063816113919019701 -0.048903240441260015 -0.1022664352275786 0.037784261703491216 -0.028421204678714274 -0.021367312493649399 -0.00046561099588871002 -0.041869431713948385 0.011729573328259656 0.0022611835003485833 0.0065963323041796683 0.063293645017105965 -0.0011777898226635159 0.016785990042464422
leaf_weight=38 26 36 24 937 27 1192 32 21 30 23 32 27 177 60 2668 34 20 22 21 20 25 77 34 37 44 254 20 29 1319 101
leaf_count=38 26 36 24 937 27 1192 32 21 30 23 32 27 177 60 2668 34 20 22 21 20 25 77 34 37 44 254 20 29 1319 101
internal_value=-0.000780813 0.00148907 0.0463449 -0.0128933 0.00105344 -0.0022996 0.00477039 -0.00924428 -0.00797169 -0.0339913 0.00551192 -0.00462096 -0.00412785 0.00504117 0.00416384 0.00466164 0.00517011 0.000202657 -0.032812 -0.0228211 -0.0621332 -0.00917111 0.030745 0.010134 -0.0127539 0.0144455 0.0457894 0.0106907 -0.00196076 0.0271608
internal_weight=7407 6238 60 1169 6178 3248 2930 988 967 55 2875 2737 2710 2848 2754 2722 2688 1518 181 135 46 97 94 511 81 430 46 384 1341 130
internal_count=7407 6238 60 1169 6178 3248 2930 988 967 55 2875 2737 2710 2848 2754 2722 2688 1518 181 135 46 97 94 511 81 430 46 384 1341 130
is_linear=0
shrinkage=0.05


Tree=73
num_leaves=31
num_cat=0
split_feature=239 9 57 292 121 139 1 23 183 161 77 91 7 64 50 27 65 28 284 62 49 168 185 17 17 88 10 115 258 282
split_gain=75.2775 58.3853 29.9286 28.8863 33.8539 29.0283 28.6623 24.9351 39.4312 23.1818 22.6186 26.0664 21.6506 19.802 20.1537 19.4646 19.3001 26.932 23.6942 26.8923 24.9052 19.2375 18.5836 18.2912 29.0199 18.2417 20.7542 20.7485 18.1212 17.5734
threshold=-4.6827280521392813 6.6527230739593515 -0.696276694536209 -1.818868815898895 -1.6677291989326475 -4.2697660923004142 3.3555512428283696 -1.2782086133956907 -5.6052629947662345 -1.2111750841140745 -1.0007722377777097 -2.7120460271835323 4.0009895563125619 0.51480689644813549 -6.0483551025390616 -2.2444460391998287 -3.6066534519195552 10.245669364929201 -0.30250394344329828 3.6701912879943852 -1.819372773170471 -4.5631234645843497 -2.4008202552795406 1.353567957878113 -1.2587369680404661 -2.7046961784362789 -4.5046777725219718 -1.1460629701614378 -3.2246718406677242 4.8329582214355478
decision_type=2 2 2 2 2 2 2 2 2 2 2 2 2 2 2 2 2 2 2 2 2 2 2 2 2 2 2 2 2 2
left_child=3 2 29 4 10 -6 7 21 -9 -5 13 -12 16 14 15 -1 -10 18 -18 20 -20 -4 -13 24 -23 26 -16 -27 -7 -2
right_child=1 -3 6 9 5 28 -8 8 12 -11 11 22 -14 -15 25 -17 17 -19 19 -21 -22 23 -24 -25 -26 27 -28 -29 -30 -31
leaf_value=-0.021251395708796653 -0.0032875331830421774 0.082857638055628 0.05745185829529708 -0.015917187898109357 0.062687394031408161 -0.0057272093987156608 0.048656426204575436 -0.05557637512683869 -0.031176401653581043 -0.086163466517894499 0.041087254860571458 0.00040257094023020369 0.051467416774142877 -0.056566392480125349 -0.055520825868561156 -0.075818263696363353 -0.0011463975769676015 -0.055568127958104022 0.056004012401761685 -0.035533541621583883 0.0089317524783972813 0.019166433308039261 -0.05181754826568067 0.033957100003855684 -0.00078475114254747684 -0.027803858892241524 -0.004598276708977965 0.011229244046486342 0.035843805244803663 0.03189017925825384
leaf_weight=44 2570 22 22 24 22 145 36 30 44 23 35 115 22 31 21 26 1551 20 29 33 905 318 20 73 427 268 424 39 32 36
leaf_count=44 2570 22 22 24 22 145 36 30 44 23 35 115 22 31 21 26 1551 20 29 33 905 318 20 73 427 268 424 39 32 36
internal_value=-0.000741772 0.00155014 0.00125767 -0.0118275 -0.010348 0.008521 0.00427146 0.00381151 0.00141934 -0.050293 -0.0140186 0.00263529 0.00207598 -0.0173376 -0.0158582 -0.0415191 0.00165514 0.00222432 0.00268335 0.008826 0.0103933 0.0113127 -0.00733374 0.0100718 0.00773132 -0.0134695 -0.00700136 -0.0228453 0.00178845 -0.00280158
internal_weight=7407 6138 6116 1269 1222 199 3510 3474 2634 47 1023 170 2604 853 822 70 2582 2538 2518 967 934 840 135 818 745 752 445 307 177 2606
internal_count=7407 6138 6116 1269 1222 199 3510 3474 2634 47 1023 170 2604 853 822 70 2582 2538 2518 967 934 840 135 818 745 752 445 307 177 2606
is_linear=0
shrinkage=0.05


Tree=74
num_leaves=31
num_cat=0
split_feature=291 135 55 125 148 98 105 10 137 272 122 21 128 14 77 232 76 92 148 21 88 52 295 125 186 146 74 3 169 210
split_gain=69.3729 51.0715 28.4432 27.9777 26.3543 25.9115 22.5953 22.0558 30.0717 23.0921 35.7383 22.0886 22.2365 21.8686 21.8593 21.8039 20.1929 19.8595 18.9263 22.3922 20.0812 19.8358 19.1913 18.6319 18.5098 31.6219 25.7375 24.9302 22.5061 22.6412
threshold=-7.2885828018188468 5.4993813037872323 -0.4661079198122024 -3.758342862129211 1.1136482954025271 -2.3038432598114009 0.64566931128501903 -3.1917761564254756 0.099256340414285674 2.577179074287415 -1.9955216050148008 1.1775371432304385 2.6716295480728154 0.65635171532630932 -3.6950886249542232 -3.2614380121231075 -0.86189693212509144 -0.18369720876216886 1.1136482954025271 -2.3881101608276363 3.4785432815551762 -2.9265091419219966 -4.9768712520599356 -0.95397931337356556 -1.717731714248657 -2.3765437602996822 -3.1936008930206294 1.5795614719390871 -4.3688976764678946 -3.9032747745513912
decision_type=2 2 2 2 2 2 2 2 2 2 2 2 2 2 2 2 2 2 2 2 2 2 2 2 2 2 2 2 2 2
left_child=6 2 24 4 17 13 15 8 16 14 -11 -12 -13 23 -9 -1 -7 -4 20 -20 21 -16 -23 -5 25 -2 -27 -26 -28 -30
right_child=1 -3 3 5 -6 7 -8 9 -10 10 11 12 -14 -15 18 -17 -18 -19 19 -21 -22 22 -24 -25 27 26 28 -29 29 -31
leaf_value=-0.01413357443436879 0.00099592286996113741 0.066086996793746952 -0.017364226365271879 0.00086707334186131551 -0.061972830941279734 0.015116315077812898 -0.047737795675251014 0.041377055351481298 -0.015632305759936571 0.079298047851771122 0.023783538029307411 0.0066231739253569876 -0.039132452756166461 0.049294863823725256 -0.02944916476096426 0.02802675081184134 0.079495501293447512 0.033383422748496136 -0.055495732029279078 -0.0059636468825093429 0.041291699287566271 -0.01700216606097377 0.0040871888472677771 0.027793241487534977 -9.5927654188548918e-05 -0.038472438253552087 0.028267252994211095 0.025140307230927125 -0.03067334893913496 -0.0078222689974918654
leaf_weight=736 919 30 98 144 27 21 48 33 24 20 168 156 32 49 49 32 29 24 24 463 33 115 1741 116 1146 83 38 107 126 776
leaf_count=736 919 30 98 144 27 21 48 33 24 20 168 156 32 49 49 32 29 24 24 463 33 115 1741 116 1146 83 38 107 126 776
internal_value=-0.000704684 0.000997918 0.0007003 0.0039077 -0.0172735 0.00488874 -0.0144569 0.00342598 0.0303735 0.00272234 0.0142622 0.0106085 -0.00116502 0.0186548 0.000957095 -0.0123769 0.0524562 -0.00738108 0.000407051 -0.00840465 0.00262134 0.00195146 0.00278047 0.0128803 -0.00267876 -0.0057357 -0.011783 0.00205912 -0.00942635 -0.0110143
internal_weight=7407 6591 6561 3366 149 3217 816 2908 74 2834 376 356 188 309 2458 768 50 122 2425 487 1938 1905 1856 260 3195 1942 1023 1253 940 902
internal_count=7407 6591 6561 3366 149 3217 816 2908 74 2834 376 356 188 309 2458 768 50 122 2425 487 1938 1905 1856 260 3195 1942 1023 1253 940 902
is_linear=0
shrinkage=0.05


Tree=75
num_leaves=31
num_cat=0
split_feature=173 63 1 8 94 106 167 182 184 99 288 52 49 66 214 16 143 55 88 43 147 125 132 56 125 18 195 112 241 77
split_gain=58.0562 43.9094 33.9897 42.2626 34.2189 35.183 31.9577 22.5918 30.8482 26.4955 24.5205 24.1001 22.2101 20.321 25.0678 24.6846 20.4603 20.0783 28.3727 29.6212 26.1126 19.4564 19.4031 22.4703 19.0131 19.1212 18.9967 18.8035 26.1052 18.3581
threshold=-3.8744741678237911 4.7496109008789071 1.3970651626586916 0.65389764308929454 -0.61544203758239735 -7.0823740959167472 -5.6604421138763419 2.4165508747100835 3.814303040504456 5.0918636322021493 0.48338584601879125 3.3005243539810185 -2.2212599515914913 -2.0730971097946163 -1.9108399748802183 -2.4483094215393062 -1.8715552091598509 0.27146695554256445 -2.475590586662292 -0.8726670742034911 -5.5629675388336173 -3.7102901935577388 -4.820384979248046 2.1209734678268437 -3.65699291229248 -0.34107612073421473 -0.64724409580230702 5.5333662033081064 4.8491032123565683 -9.0845189094543439
decision_type=2 2 2 2 2 2 2 2 2 2 2 2 2 2 2 2 2 2 2 2 2 2 2 2 2 2 2 2 2 2
left_child=2 6 17 4 5 -4 -2 8 9 10 13 12 -12 14 26 -16 22 18 19 29 -19 -5 -15 -24 -22 -26 -8 28 -9 -1
right_child=1 -3 3 21 -6 -7 7 27 -10 -11 11 -13 -14 16 15 -17 -18 20 -20 -21 24 -23 23 -25 25 -27 -28 -29 -30 -31
leaf_value=0.038187820606288461 0.033747094482570503 0.068134754657745364 -0.093241509236395362 -0.017843681110723601 -0.099000760250846337 -0.020771997613217505 -0.010179356780423914 0.014231093395202555 -0.047484519626155047 -0.023312381940724498 0.056534040381778207 -0.033171686669811608 0.0095547671028539637 -0.039024136312629867 0.048868916236928538 -0.00022669750075774849 -0.00098129812473037232 -0.037106024509384515 -0.019866134904818852 0.020941273581803494 0.060957046426259556 0.037978738408397744 0.0063223935056103027 0.050079653660456337 0.045945128055987883 -0.0085930574120074103 -0.039643383819249367 -0.027559719302437526 0.065998099957193648 -0.0096815843381392007
leaf_weight=21 77 25 20 37 23 103 465 187 33 110 26 32 777 23 28 299 2651 21 347 115 26 27 1332 30 25 45 62 22 28 433
leaf_count=21 77 25 20 37 23 103 465 187 33 110 26 32 777 23 28 299 2651 21 347 115 26 27 1332 30 25 45 62 22 28 433
internal_value=2.8979e-05 0.00200418 -0.0098343 -0.0281722 -0.043023 -0.0325557 0.00173675 0.00133301 0.000721744 0.000994375 0.0014614 0.00938017 0.0110759 0.000109222 -0.00689783 0.00397721 0.00159188 -0.00610638 -0.00859769 -0.00172572 0.0133983 0.0057064 0.00651716 0.00728621 0.0244461 0.0108849 -0.0136457 0.0164677 0.0209728 -0.00746736
internal_weight=7450 6207 1243 210 146 123 6182 6105 5868 5835 5725 835 803 4890 854 327 4036 1033 916 569 117 64 1385 1362 96 70 527 237 215 454
internal_count=7450 6207 1243 210 146 123 6182 6105 5868 5835 5725 835 803 4890 854 327 4036 1033 916 569 117 64 1385 1362 96 70 527 237 215 454
is_linear=0
shrinkage=0.05


Tree=76
num_leaves=31
num_cat=0
split_feature=173 77 1 8 94 40 167 53 94 36 275 3 76 230 147 219 62 186 292 153 46 256 254 53 163 171 82 287 24 167
split_gain=52.3957 41.1344 30.6757 38.142 30.8826 32.4759 28.9073 24.3668 21.6428 21.5288 35.0696 26.7286 28.4781 25.4088 22.8615 21.3188 20.7347 20.3665 21.7699 26.3061 23.5398 22.1131 21.2585 20.8219 20.965 20.8038 20.7986 22.4366 20.1106 18.4243
threshold=-3.8744741678237911 5.31675148010254 1.3970651626586916 0.65389764308929454 -0.61544203758239735 -3.0323119163513179 -5.6604421138763419 -4.0238611698150626 -6.0145666599273673 5.4786019325256357 4.5374016761779794 -2.1773711442947383 3.4129002094268803 3.3299213647842412 1.3714802861213686 -0.23497368395328519 0.46333299577236181 -6.7277669906616202 -2.5957118272781368 1.4280465245246889 -0.70802828669548024 0.7041698992252351 0.92731848359107982 3.7944967746734624 1.718717694282532 0.087055992335081114 -1.5269520878791807 -3.5995875597000118 1.1505508422851565 3.8918634653091435
decision_type=2 2 2 2 2 2 2 2 2 2 2 2 2 2 2 2 2 2 2 2 2 2 2 2 2 2 2 2 2 2
left_child=2 6 15 4 5 8 -2 -8 -4 10 17 -11 16 14 -12 -1 -13 -9 19 21 -21 22 25 29 -25 -19 -27 -28 -15 -20
right_child=1 -3 3 -5 -6 -7 7 9 -10 11 13 12 -14 28 -16 -17 -18 18 23 20 -22 -23 -24 24 -26 26 27 -29 -30 -31
leaf_value=-0.0071462047502831487 0.032059738717295908 0.059355903633179212 -0.10471552729606629 0.0054210819886066023 -0.09405072778868287 -0.013092230398387437 -0.021172331362774896 0.041993672710152405 -0.031158142704516653 0.025261681192907795 0.015362490043044092 -0.03879647060918312 -0.079598394374955792 0.04076680489965985 0.084849883513203994 0.0325548472947308 0.0090098135519859398 -8.8013181266345859e-05 0.0039285094893315919 -0.078091616109013565 -0.014429690177499685 -0.044023748934268955 0.044138479666211289 -0.066347520264042989 0.0051818926609121267 -0.048964746816213739 -0.04130592435249128 0.0099706386208708864 -0.012063491045562334 0.034216699303657401
leaf_weight=998 77 31 20 64 23 83 119 31 20 29 20 48 22 31 29 35 43 2085 3239 20 53 30 26 21 20 43 32 64 43 51
leaf_count=998 77 31 20 64 23 83 119 31 20 29 20 48 22 31 29 35 43 2085 3239 20 53 30 26 21 20 43 32 64 43 51
internal_value=2.75301e-05 0.00190397 -0.00934259 -0.0267636 -0.0408719 -0.0309279 0.00161559 0.00123124 -0.0679368 0.00167706 0.00214495 -0.017559 -0.0285484 0.0285605 0.0564877 -0.00580106 -0.0162067 0.00157642 0.00135599 -0.0023257 -0.0318713 -0.00137972 -0.000811138 0.00395672 -0.0314551 -0.00133663 -0.0200658 -0.00712155 0.0100681 0.00439802
internal_weight=7450 6207 1243 210 146 123 6176 6099 40 5980 5838 142 113 123 49 1033 91 5715 5684 2353 73 2280 2250 3331 41 2224 139 96 74 3290
internal_count=7450 6207 1243 210 146 123 6176 6099 40 5980 5838 142 113 123 49 1033 91 5715 5684 2353 73 2280 2250 3331 41 2224 139 96 74 3290
is_linear=0
shrinkage=0.05


Tree=77
num_leaves=31
num_cat=0
split_feature=283 199 199 275 100 121 77 90 108 258 43 79 35 294 175 121 17 34 1 84 158 56 123 103 0 295 9 176 187 65
split_gain=47.7236 37.1965 22.6289 26.2502 34.9733 24.1106 20.7989 26.7799 23.6017 26.2358 25.7645 21.3422 26.5354 24.9751 21.2711 19.7941 32.6681 24.4743 24.0509 20.3421 20.3238 19.3395 19.016 18.5111 25.4777 18.4692 21.4322 22.5554 28.0265 23.3699
threshold=-9.4194884300231916 6.0515389442443857 4.5189459323883066 4.5374016761779794 2.066511988639832 -0.13596390932798383 -1.961309492588043 -5.479789972305297 -1.0598962306976316 -6.5547244548797599 2.7335879802703862 -2.6240650415420528 -3.642182350158691 -3.9354935884475704 -1.3079446554183958 -2.9805477857589717 0.58489620685577404 -1.5370733141899107 0.95718172192573558 -5.571178436279296 -4.7084145545959464 1.1173896789550783 1.3667191267013552 -4.2100274562835684 0.5209055244922639 -4.0221784114837638 -2.2756037712097164 -2.6096456050872798 -3.7711417675018306 -0.080784000456333147
decision_type=2 2 2 2 2 2 2 2 2 2 2 2 2 2 2 2 2 2 2 2 2 2 2 2 2 2 2 2 2 2
left_child=15 2 3 6 22 -6 8 -8 10 -10 -2 14 13 -13 -9 17 -17 18 20 -19 -1 -11 -5 24 -20 -14 -27 29 -29 -28
right_child=1 -3 -4 4 5 -7 7 11 9 21 -12 12 25 -15 -16 16 -18 19 23 -21 -22 -23 -24 -25 -26 26 27 28 -30 -31
leaf_value=0.0097152660694695275 -0.0018446752502438166 0.056624463399251306 -0.030271125096699287 0.024808647230267527 -0.029775286400142837 0.020044144264915409 0.050927057010786869 0.0060541417735736919 -0.069161532641876314 -0.015825784606071671 0.051589484707168912 0.022151477772880485 -0.0055488951315230458 -0.031613209326234126 0.032896633448042709 -0.020904858525761447 0.042688043459525538 -0.068965768704519551 -0.087391793857450079 -0.025661519008563529 -0.044454337870702153 0.01903647960888015 0.086478788226842893 0.0089205679390579468 -0.01840075502404943 -0.0082500204748638707 0.0075657516385739046 -0.026250162582706522 0.0035625845861133182 0.033445214633867751
leaf_weight=129 1177 30 58 25 34 85 28 267 21 343 23 27 749 108 102 46 36 34 23 134 20 45 25 20 32 379 300 81 2946 123
leaf_count=129 1177 30 58 25 34 85 28 267 21 343 23 27 749 108 102 46 36 34 23 134 20 45 25 20 32 379 300 81 2946 123
internal_value=2.61535e-05 0.0010693 0.000829353 0.00109123 0.0205537 0.00581002 0.000601701 0.00216271 -0.00435589 -0.0147286 -0.000820521 0.00189404 0.000987393 -0.0208603 0.013474 -0.0153261 0.00701398 -0.0199993 -0.00917965 -0.0344255 0.00244418 -0.0117825 0.0556437 -0.0322723 -0.0472516 0.00163166 0.00303626 0.00427612 0.00276482 0.015091
internal_weight=7450 6976 6946 6888 169 119 6719 5110 1609 409 1200 5082 4713 135 369 474 82 392 224 168 149 388 50 75 55 4578 3829 3450 3027 423
internal_count=7450 6976 6946 6888 169 119 6719 5110 1609 409 1200 5082 4713 135 369 474 82 392 224 168 149 388 50 75 55 4578 3829 3450 3027 423
is_linear=0
shrinkage=0.05


Tree=78
num_leaves=31
num_cat=0
split_feature=173 63 140 219 167 1 8 74 83 53 292 108 37 37 121 107 281 138 149 224 174 114 89 297 100 183 77 25 100 77
split_gain=43.778 36.5541 28.6289 42.2493 25.769 25.4849 25.5844 27.9628 33.2791 21.3013 17.7399 26.9177 23.4266 28.0119 26.1516 23.6482 23.3269 21.4484 31.8313 20.9642 29.6284 20.1536 19.657 19.4822 19.3208 18.7465 18.4233 18.9826 25.3287 17.6019
threshold=-3.8744741678237911 4.7496109008789071 0.84929612278938305 -1.0000000180025095e-35 -5.6604421138763419 1.3970651626586916 0.65389764308929454 -4.7771542072296134 -2.022768378257751 -4.0238611698150626 -1.8488033413887022 -1.531889736652374 -1.7771595716476438 2.0256608724594121 3.1282086372375493 0.4495112150907517 0.760484278202057 -3.9334414005279537 -1.6396222710609434 1.1313077807426455 -0.91972440481185902 -1.1773656606674192 -0.9275028109550475 -0.26600401103496546 -2.505944967269897 -3.0567358732223506 -1.961309492588043 1.3208661079406741 -1.8178276419639585 -9.0845189094543439
decision_type=2 2 2 2 2 2 2 2 2 2 2 2 2 2 2 2 2 2 2 2 2 2 2 2 2 2 2 2 2 2
left_child=2 4 3 5 -2 29 7 -7 -9 -6 11 21 15 14 24 16 23 18 22 26 -21 -11 -13 -12 -14 -15 27 28 -19 -1
right_child=1 -3 -4 -5 9 6 -8 8 -10 10 12 17 13 25 -16 -17 -18 19 -20 20 -22 -23 -24 -25 -26 -27 -28 -29 -30 -31
leaf_value=0.037591411756432574 0.030240328029378667 0.062078164935112007 -0.060455451533198361 0.050192052660690205 -0.019813660449277955 -0.076374003817053407 0.0021058096798757713 -0.0091061393520226932 -0.076047720420562348 9.2760101755036474e-06 0.00057944466268092818 -0.034976723221321164 0.029145338982162834 -0.026955061033368113 0.045883907758175059 -0.038781764420088044 0.040523617716722325 -0.030734220383319633 0.07524758480896708 -0.069421052995828847 -0.0056024275444955989 0.012748987575318536 0.026419105144304924 -0.03749867274706379 0.0068517940980260582 -7.9964734011963422e-06 -0.0027081219726089885 -0.064044541260227558 0.0020227507371196733 -0.0066685979535971484
leaf_weight=23 77 25 26 31 119 34 60 82 24 938 142 22 103 73 47 55 28 111 20 31 44 464 32 44 1722 557 1407 20 126 963
leaf_count=23 77 25 26 31 119 34 60 82 24 938 142 22 103 73 47 55 28 111 20 31 44 464 32 44 1722 557 1407 20 126 963
internal_value=2.48459e-05 0.00174005 -0.00854011 -0.00743099 0.00149604 -0.00893716 -0.0252111 -0.0369183 -0.0242627 0.0011335 0.00154992 -0.000977077 0.00448182 0.00598926 0.00905839 -0.00953902 -0.00202336 -0.00500029 0.0213632 -0.00612214 -0.0319808 0.00422556 0.00140599 -0.00842828 0.00811001 -0.00313043 -0.00495664 -0.0172666 -0.0133191 -0.00563616
internal_weight=7450 6207 1243 1217 6182 1186 200 140 106 6105 5986 3215 2771 2502 1872 269 214 1813 74 1739 75 1402 54 186 1825 630 1664 257 237 986
internal_count=7450 6207 1243 1217 6182 1186 200 140 106 6105 5986 3215 2771 2502 1872 269 214 1813 74 1739 75 1402 54 186 1825 630 1664 257 237 986
is_linear=0
shrinkage=0.05


Tree=79
num_leaves=31
num_cat=0
split_feature=283 7 183 16 118 10 28 186 193 116 44 198 68 14 124 3 73 184 11 12 257 284 275 235 46 200 121 17 22 120
split_gain=40.7054 33.4756 19.5954 26.376 27.2232 25.8417 25.1331 22.9692 21.2154 20.7728 21.997 18.3843 18.6813 25.9386 33.969 17.5745 34.8327 25.5045 23.5338 21.4467 18.9874 20.5403 20.4525 20.0186 20.6493 19.0435 17.571 28.8464 22.0497 22.7795
threshold=-9.4194884300231916 4.5813386440277108 -2.0781496763229366 3.1418837308883671 2.518890500068665 -0.075590521097183214 -2.4689147472381587 -8.3007869720458967 -8.8412709236145002 0.48056671023368841 -0.54445496201515187 -5.0603206157684317 -2.3845406770706172 -0.22981052100658414 -1.0725284814834593 2.2661058902740483 1.1143753528594973 5.8305835723876962 -0.36092989146709437 -0.32372565567493433 4.1272966861724862 6.5190944671630868 4.5374016761779794 4.2393701076507577 4.1394953727722177 2.4308660030364995 -2.9805477857589717 0.58489620685577404 2.0705881118774419 -12.214271545410154
decision_type=2 2 2 2 2 2 2 2 2 2 2 2 2 2 2 2 2 2 2 2 2 2 2 2 2 2 2 2 2 2
left_child=26 2 3 4 7 -5 9 -2 -9 -4 -11 -8 13 14 -13 17 18 20 -17 -18 21 22 23 24 -14 -22 28 -28 29 -1
right_child=1 -3 6 5 -6 -7 11 8 -10 10 -12 12 15 -15 -16 16 19 -19 -20 -21 25 -23 -24 -25 -26 -27 27 -29 -30 -31
leaf_value=0.030219757556915285 0.037664560476938891 0.058741320610046388 0.010542732872453655 -0.078701105476780386 0.047493760447416988 -0.0068380992731143691 0.038640270338338972 -0.048380894750356673 -0.0021268393489816003 0.071168203832525201 0.0096740537537978247 -0.001004116025450098 0.001708837502625524 0.0095150805860949872 -0.045983092854844365 0.081585956599425399 -0.049969743900001057 -0.054217432737350468 0.019833628879860045 0.022376818529197151 0.067173982695454645 -0.028494458875872875 0.030081689609931069 -0.037604375777300449 0.04148612140931867 0.012083437810501745 -0.019341719597982972 0.040415815732234885 -0.056430781568799708 -0.01838468075293789
leaf_weight=26 36 25 213 22 28 29 34 25 2963 33 26 86 2885 97 82 27 20 20 36 21 21 55 65 32 33 62 46 36 35 331
leaf_count=26 36 25 213 22 28 29 34 25 2963 33 26 86 2885 97 82 27 20 20 36 21 21 55 65 32 33 62 46 36 35 331
internal_value=2.36036e-05 0.000986997 0.000779277 -0.00217703 -0.00158113 -0.0378378 0.00316322 -0.00203552 -0.00251384 0.017815 0.0440691 0.00204877 0.00169753 -0.0110717 -0.0229581 0.00273013 0.0229553 0.00206722 0.0462989 -0.0129142 0.00242424 0.00178626 0.00233864 0.00172736 0.00215868 0.026022 -0.0141549 0.0068933 -0.0185579 -0.0148449
internal_weight=7450 6976 6951 3103 3052 51 3848 3024 2988 272 59 3576 3542 265 168 3277 104 3173 63 41 3153 3070 3015 2950 2918 83 474 82 392 357
internal_count=7450 6976 6951 3103 3052 51 3848 3024 2988 272 59 3576 3542 265 168 3277 104 3173 63 41 3153 3070 3015 2950 2918 83 474 82 392 357
is_linear=0
shrinkage=0.05


Tree=80
num_leaves=31
num_cat=0
split_feature=274 186 94 27 17 239 119 24 0 272 80 201 32 114 55 223 199 110 96 18 232 242 149 53 65 149 285 142 128 277
split_gain=52.6823 45.7798 27.3404 27.9095 24.7444 26.4044 23.2456 25.9764 23.552 26.466 24.9614 22.6173 22.1973 22.1519 22.1033 20.5254 29.4055 20.0777 20.2088 18.9968 22.9127 18.9672 18.879 17.7279 17.1969 17.1456 35.3731 17.7817 16.8482 16.5736
threshold=-10.857080459594725 5.6737041473388681 -10.698912143707274 1.9212733507156374 3.4939994812011723 -11.159934043884276 0.093442074954509749 -3.6811656951904292 0.63713911175727855 2.8057085275650029 3.3799856901168828 -2.0017855167388912 -2.0962105989456172 2.7936843633651738 1.9606298804283144 7.2648296356201181 2.9376828670501713 -3.2348097562789913 -4.4299123287200919 0.88461944460868847 -1.6548556089401243 -9.4311065673828107 -6.7071969509124747 2.8831076622009282 1.0000000180025095e-35 0.18061347305774691 1.2108298540115359 -4.8117401599884024 -3.0136219263076778 -11.526268005371092
decision_type=2 2 2 2 2 2 2 2 2 2 2 2 2 2 2 2 2 2 2 2 2 2 2 2 2 2 2 2 2 2
left_child=2 4 -1 29 5 -2 8 -8 10 13 12 -6 19 21 -13 17 -17 -9 -19 -7 -21 -10 -23 -14 -11 26 27 28 -24 -4
right_child=1 -3 3 -5 11 6 7 15 9 24 -12 14 23 -15 -16 16 -18 18 -20 20 -22 22 25 -25 -26 -27 -28 -29 -30 -31
leaf_value=-0.067773296214916096 0.050564089196699635 0.066000405174714546 -0.0036173203297983417 -0.06011994044867254 -0.047479741394151162 0.0031859348998225945 0.060120528030463243 0.040416039310787855 -0.038475517871288153 0.075413597428372933 -0.054892162525135541 0.010098878028277886 -0.0038097933208976172 -0.047799547371410192 -0.037564039753900991 0.081896644333998361 6.2041891657787832e-05 -0.043949993632056497 0.0043113373733550597 0.048956435451320578 -0.014188254214823247 0.048587779918064677 -0.00046001486480236055 -0.038180775567889215 0.011425352078818139 -0.010093107386880245 0.070252601181467381 0.0064493211821522655 -0.044134056885891101 -0.034434731284325774
leaf_weight=27 27 27 211 31 48 416 22 38 26 21 23 71 2944 21 37 21 23 22 1545 51 20 24 63 38 21 192 21 1258 34 55
leaf_count=27 27 27 211 31 48 416 22 38 26 21 23 71 2944 21 37 21 23 22 1545 51 20 24 63 38 21 192 21 1258 34 55
internal_value=0.00011305 0.00101855 -0.0196011 -0.0152218 0.000768868 0.00121594 0.00102126 0.00614831 -0.000634903 0.00422767 -0.00297568 -0.0189223 -0.00263146 0.00322336 -0.00623008 0.00542825 0.0391195 0.00450463 0.00363377 0.00726563 0.0311692 0.00388559 0.00457741 -0.00424779 0.0434195 0.00390379 0.00585684 0.00485882 -0.0157684 -0.00998934
internal_weight=7378 7054 324 297 7027 6871 6844 1671 5173 1681 3492 156 3469 1639 108 1649 44 1605 1567 487 71 1618 1592 2982 42 1568 1376 1355 97 266
internal_count=7378 7054 324 297 7027 6871 6844 1671 5173 1681 3492 156 3469 1639 108 1649 44 1605 1567 487 71 1618 1592 2982 42 1568 1376 1355 97 266
is_linear=0
shrinkage=0.05


Tree=81
num_leaves=31
num_cat=0
split_feature=193 297 184 13 6 65 65 44 299 298 234 182 244 172 98 82 6 79 289 212 13 24 1 222 171 129 176 270 117 110
split_gain=47.6676 42.1735 23.4254 23.1738 27.2271 23.7629 26.6395 20.3531 19.794 27.7573 23.3615 19.3659 18.6837 17.332 17.1788 23.6048 20.3703 22.4635 21.5819 17.6606 16.7587 17.9809 22.7707 20.0293 19.7554 21.9535 20.3851 19.5827 18.9443 30.0958
threshold=-8.8412709236145002 8.6799211502075213 5.8305835723876962 0.16071741282939914 -2.167935729026794 -6.2629654407501212 -3.4198228120803829 -3.4964566230773921 0.15555305778980258 -0.49999994039535517 3.5096653699874882 -3.6416338682174678 2.8512417078018193 2.5190157890319829 -1.4195275306701658 0.42094016075134283 -1.2232537269592283 -0.48357875645160669 0.52165353298187267 -0.29338583350181574 -2.159805059432983 -1.3805615901947019 -2.2318897247314449 1.0291495323181155 2.5658967494964604 -1.1683070659637449 0.93503937125206005 -0.60846456885337818 -3.6749045848846431 -3.0936862230300899
decision_type=2 2 2 2 2 2 2 2 2 2 2 2 2 2 2 2 2 2 2 2 2 2 2 2 2 2 2 2 2 2
left_child=3 2 8 4 -1 7 -7 -6 9 10 12 -10 20 14 15 -11 17 -16 -18 -20 -2 23 27 -22 25 -24 -26 -23 -27 -30
right_child=1 -3 -4 -5 5 6 -8 -9 11 13 -12 -13 -14 -15 16 -17 18 -19 19 -21 21 22 24 -25 26 28 -28 -29 29 -31
leaf_value=-0.073210179681579265 -0.010089244980762682 0.067102615038553873 -0.048604089021682742 9.2418919234435161e-05 -0.025687326511575116 0.017052928303126935 -0.03154854596339924 -0.088596386872231966 -0.02549817439338023 -0.0027749120969079682 0.051076015635677013 0.0083514591866116015 0.04764675040330206 -0.052801334857940675 -0.072724578866799325 0.057217418178915985 -0.017105137256741548 -0.0093489632838302198 0.051937645957583482 -0.00090475224424153573 0.0053394722121122944 0.032733304704424371 -0.0044442632592248356 0.053449555960568523 -0.0028234674440075955 -0.033949685909531339 -0.070279003688622096 -0.01287337254616432 0.04508970130065626 0.0031183611442218697
leaf_weight=30 356 24 24 101 36 54 59 20 44 91 23 1065 21 24 29 20 244 27 21 64 1300 89 1978 22 24 33 21 32 44 1458
leaf_count=30 356 24 24 101 36 54 59 20 44 91 23 1065 21 24 29 20 244 27 21 64 1300 89 1978 22 24 33 21 32 44 1458
internal_value=0.000107398 0.000934802 0.000709678 -0.0194138 -0.029314 -0.0215218 -0.00832306 -0.0481548 0.000878032 -0.000270194 0.000792054 0.00700846 0.000577005 -0.0113033 -0.0092953 0.00803452 -0.0142917 -0.0421685 -0.00954671 0.0121504 0.000392487 0.00113864 -0.000658571 0.00614009 -0.00138398 -0.000962304 -0.0343027 0.020672 0.00352455 0.00434788
internal_weight=7378 7078 7054 300 199 169 113 56 7030 5921 5401 1109 5378 520 496 111 385 56 329 85 5357 5001 3679 1322 3558 3513 45 121 1535 1502
internal_count=7378 7078 7054 300 199 169 113 56 7030 5921 5401 1109 5378 520 496 111 385 56 329 85 5357 5001 3679 1322 3558 3513 45 121 1535 1502
is_linear=0
shrinkage=0.05


Tree=82
num_leaves=31
num_cat=0
split_feature=274 186 34 50 17 239 119 24 146 99 291 13 3 107 128 288 115 71 111 201 69 68 291 282 43 130 102 110 83 206
split_gain=44.2158 40.7422 25.6492 23.1044 22.2278 23.857 19.987 23.018 21.4387 31.8187 23.9525 23.8283 22.7554 22.266 21.4194 20.5275 22.8598 22.8907 20.1444 19.9307 23.6926 22.3617 18.7798 19.1775 18.6441 29.0198 21.8271 19.4483 18.6896 18.5628
threshold=-10.857080459594725 5.6737041473388681 2.400049209594727 -7.2379610538482657 3.4939994812011723 -11.159934043884276 0.093442074954509749 -3.6811656951904292 -2.0005249977111812 1.3829992413520815 0.1980920806527138 -2.159805059432983 1.5795614719390871 1.0888837575912478 2.3475984334945683 -5.5842967033386222 -4.6837227344512931 -4.0182509422302237 -1.6940785050392149 -2.0017855167388912 -1.3558492660522459 0.91769632697105419 1.0227854251861574 -5.2751216888427725 1.6741142272949221 -2.1122961044311519 3.8010344505310063 -3.344321489334106 0.065477345138788237 -1.5764610171318052
decision_type=2 2 2 2 2 2 2 2 2 2 2 2 2 2 2 2 2 2 2 2 2 2 2 2 2 2 2 2 2 2
left_child=2 4 3 -1 5 -2 8 -8 9 10 13 18 14 -7 15 -13 -17 -18 29 -6 -21 -22 23 -14 26 -26 27 -9 -27 -10
right_child=1 -3 -4 -5 19 6 7 24 11 -11 -12 12 22 -15 -16 16 17 -19 -20 20 21 -23 -24 -25 25 28 -28 -29 -30 -31
leaf_value=-0.061230214436848965 0.048027101214285252 0.062233974205123055 -0.0700813462111083 -0.010098193312506025 -0.044774702804473543 0.0022799908745004442 0.05649481964382258 0.041070317838228114 -0.021232405514456335 0.047152445071842519 0.042076442612184066 -0.02134091908200866 0.052995768916748821 -0.030820737419148477 -0.042065611564450794 0.04985505294586931 -0.051125108761092032 -0.0020387650648718836 -0.010838427288796415 0.034510148716745556 -0.04248905272587486 0.010544669159821102 0.056585454244328585 0.001849119363598422 0.07313258904963732 0.034858890715311619 -0.034327464848756789 0.0021520421044119906 0.0060774512795436055 -0.08778880588011817
leaf_weight=24 27 27 22 278 48 2211 22 33 22 40 37 147 21 52 36 21 24 2287 88 27 46 35 23 144 20 69 40 1178 309 20
leaf_count=24 27 27 22 278 48 2211 22 33 22 40 37 147 21 52 36 21 24 2287 88 27 46 35 23 144 20 69 40 1178 309 20
internal_value=0.000102028 0.000931581 -0.0179587 -0.0141617 0.000696038 0.00111976 0.000934712 0.00568885 -0.000600984 0.00294073 0.00217183 -0.00352637 -0.00252073 0.00151939 -0.00377502 -0.00321897 -0.00207663 -0.00254853 -0.0244359 -0.017967 -0.0060524 -0.0195732 0.0142588 0.00835869 0.00501102 0.0144368 0.00201225 0.00321257 0.0113312 -0.0529259
internal_weight=7378 7054 324 302 7027 6871 6844 1671 5173 2340 2300 2833 2703 2263 2515 2479 2332 2311 130 156 108 81 188 165 1649 398 1251 1211 378 42
internal_count=7378 7054 324 302 7027 6871 6844 1671 5173 2340 2300 2833 2703 2263 2515 2479 2332 2311 130 156 108 81 188 165 1649 398 1251 1211 378 42
is_linear=0
shrinkage=0.05


Tree=83
num_leaves=31
num_cat=0
split_feature=94 293 2 193 170 253 183 100 156 108 238 261 103 81 151 119 63 114 138 126 55 8 65 146 26 113 290 19 97 57
split_gain=40.0607 38.3048 66.8191 22.9622 22.7842 20.9774 15.2875 20.3819 27.2915 18.9321 25.2076 38.1345 19.4689 18.9269 21.4597 18.7655 18.093 20.7433 17.2146 16.7986 16.4963 19.4324 16.8613 17.9731 16.465 17.5918 20.1605 16.5635 17.6927 16.1634
threshold=-10.698912143707274 8.0567908287048358 -0.65078917145729054 -8.8412709236145002 -4.3500001430511466 6.6895668506622323 -2.0019683837890621 -0.65673792362213124 0.85463786125183117 -1.1145688295364378 -5.5731120109558097 -5.338017225265502 -1.8433070778846739 -3.5877952575683589 -4.8475492000579825 0.67163166403770458 0.36202129721641546 -1.8346365690231321 -1.495644688606262 -1.5777624249458311 -0.70709097385406483 2.3589239120483403 1.6407480835914614 -2.019852757453918 0.78791338205337536 -3.8092072010040279 -7.0796246528625479 -0.92924869060516346 -5.4281101226806632 0.72341635823249828
decision_type=2 2 2 2 2 2 2 2 2 2 2 2 2 2 2 2 2 2 2 2 2 2 2 2 2 2 2 2 2 2
left_child=-1 3 -3 4 -2 6 7 8 15 -8 -11 -12 29 -9 -15 16 20 18 -18 -10 21 24 23 -22 27 26 -26 -5 -29 -13
right_child=1 2 -4 5 -6 -7 9 13 19 10 11 12 -14 14 -16 -17 17 -19 -20 -21 22 -23 -24 -25 25 -27 -28 28 -30 -31
leaf_value=-0.058553998223666498 -0.010121909848359579 -0.012410182021213351 0.099892426036799764 0.0031522699561061965 -0.065542156237643215 -0.048171687126159671 0.00832316657590698 0.037994911826469684 0.073227176051586865 0.049534007276480017 -0.049660656434532845 -0.021203530896802127 0.0021306608498071161 -0.058897749973194941 -0.0077811078559869894 0.025886013501268981 -0.056573123366317972 -0.0016790703277696263 -0.00062736950814723969 0.012768530307544601 0.012033030172847306 -0.037393250169519048 0.051053085284573696 -0.0052602060123721596 0.0049831258133053785 0.0035494112722768353 0.07434470602734522 -0.049873401954770087 -0.0070455457673308259 0.013961178073432388
leaf_weight=29 255 27 26 527 20 22 1134 22 20 26 38 161 2276 21 922 68 44 88 20 27 399 39 21 241 20 116 22 25 681 41
leaf_count=29 255 27 26 527 20 22 1134 22 20 26 38 161 2276 21 922 68 44 88 20 27 399 39 21 241 20 116 22 25 681 41
internal_value=9.69263e-05 0.00032837 0.0426817 2.07045e-05 -0.0141525 0.000575843 0.000729071 -0.00172871 0.000776353 0.00295084 0.000554211 4.806e-05 0.000810341 -0.00784989 -0.00891944 9.23654e-06 -0.000775258 -0.0174311 -0.0390901 0.0384956 0.000435495 -0.00258389 0.0069676 0.00552105 -0.00160793 0.0135885 0.0413154 -0.00355524 -0.00856211 -0.0140661
internal_weight=7378 7349 53 7296 275 7021 6999 3323 2358 3676 2542 2516 2478 965 943 2311 2243 152 64 47 2091 1430 661 640 1391 158 42 1233 706 202
internal_count=7378 7349 53 7296 275 7021 6999 3323 2358 3676 2542 2516 2478 965 943 2311 2243 152 64 47 2091 1430 661 640 1391 158 42 1233 706 202
is_linear=0
shrinkage=0.05


Tree=84
num_leaves=31
num_cat=0
split_feature=241 186 66 153 183 19 118 135 108 292 238 16 103 124 14 232 63 2 174 205 3 152 215 53 143 70 158 279 204 9
split_gain=37.4936 36.3846 23.76 18.7015 16.0172 19.2316 30.7925 22.3506 18.4888 25.0579 39.1897 24.6792 23.9273 20.069 19.1677 18.9103 18.0759 19.6568 18.2451 18.2075 18.1324 20.8341 33.7589 23.6634 17.8384 26.3807 19.5219 16.5801 29.2386 16.5745
threshold=-12.963906288146971 5.6737041473388681 -8.9511570930480939 -5.7084577083587638 -2.0019683837890621 3.464258193969727 2.6659895181655888 -0.45903301239013666 -1.1145688295364378 -7.0190174579620352 -5.5731120109558097 -3.3397245407104488 -1.7097550034523008 -3.3196672201156612 -0.3204724639654159 -4.0216536521911612 0.33468504250049597 -1.9364829659461973 -5.1415975093841544 0.075196869671344771 -1.3431383371353147 -5.5480315685272208 -7.2699661254882804 0.53374633193016063 -1.6312723159790037 -1.0921259522438047 -0.029406002722680565 -2.4386928081512447 -2.8144558668136592 4.5789859294891366
decision_type=2 2 2 2 2 2 2 2 2 2 2 2 2 2 2 2 2 2 2 2 2 2 2 2 2 2 2 2 2 2
left_child=2 4 -1 -4 5 6 16 -7 -6 -10 -11 -12 14 -14 -13 -15 17 -2 -18 20 21 22 -19 -23 25 -22 27 -27 -29 -17
right_child=1 -3 3 -5 8 7 -8 -9 9 10 11 12 13 15 -16 29 18 19 -20 -21 24 23 -24 -25 -26 26 -28 28 -30 -31
leaf_value=-0.073969063758850095 0.013477815121542419 0.057536697387695318 -0.0060140858221257856 -0.04561776999384165 0.0080248776550860129 -0.0083370785533805336 0.048916647744675482 -0.071512893144972625 -0.054025782236740705 0.068838686025923204 -0.044086316324049434 -0.025949103071708498 0.043000170961022377 -0.03140225523107109 0.003065956644713879 0.0018121047602571692 -0.045253282946509286 -0.0060592624247074135 -0.0084596931449858973 0.015400046712403149 -0.0026029155869851609 -0.0012037207649117062 -0.092052304141578223 -0.040259248918543267 -0.0078507618709597118 0.0097417406634518651 -0.035730594835013112 0.087275423370301725 0.014617401730372674 0.031220874284888258
leaf_weight=20 229 28 117 40 1135 42 30 21 21 21 31 142 30 42 95 2154 37 25 377 146 1086 202 21 48 704 399 21 20 45 49
leaf_count=20 229 28 117 40 1135 42 30 21 21 21 31 142 30 42 95 2154 37 25 377 146 1086 202 21 48 704 399 21 20 45 49
internal_value=9.208e-05 0.000650897 -0.0226426 -0.0161042 0.000428841 -0.00202353 -0.00151484 -0.0293957 0.0027052 0.000369476 0.000814991 0.000253254 0.000800438 0.00237548 -0.0143186 0.00183261 -0.00196513 -0.000590342 -0.011748 -0.00177606 -0.00275145 -0.0143925 -0.045317 -0.00870238 -0.00123683 0.00172701 0.0114225 0.0135566 0.0369737 0.00246623
internal_weight=7378 7201 177 157 7173 3453 3390 63 3720 2585 2564 2543 2512 2275 237 2245 3360 2946 414 2717 2571 296 46 250 2275 1571 485 464 65 2203
internal_count=7378 7201 177 157 7173 3453 3390 63 3720 2585 2564 2543 2512 2275 237 2245 3360 2946 414 2717 2571 296 46 250 2275 1571 485 464 65 2203
is_linear=0
shrinkage=0.05


Tree=85
num_leaves=31
num_cat=0
split_feature=239 242 7 111 141 257 43 24 241 192 120 194 2 34 135 247 241 33 291 10 93 12 22 150 118 281 141 218 187 1
split_gain=39.3184 30.1315 24.1622 19.9791 28.9022 23.3198 20.4511 18.924 18.4112 19.7094 18.4785 27.0547 23.6919 20.5374 19.8438 18.5473 18.8732 18.1391 20.3259 17.9494 17.256 17.0147 15.5898 15.4707 15.4406 27.6002 43.7193 23.0871 16.0196 21.9296
threshold=-2.9336172342300411 -20.804071426391598 4.5813386440277108 -3.5776127576827998 -0.83419752120971669 -6.5774605274200431 -2.2607480287551875 -5.7174780368804923 -0.7670578360557555 -1.9470472335815427 -0.590551197528839 -3.0294274091720577 -2.034662008285522 3.9967715740203862 1.004002630710602 -1.2758226394653318 -2.7729395627975459 1.5212599039077761 -11.620176792144774 -4.5046777725219718 1.7878190875053408 -4.7240946292877188 -4.8357460498809806 -6.0843012332916251 6.0595707893371591 5.6034898757934579 0.66797897219657909 5.6161417961120614 3.0473753213882451 0.051181089133024223
decision_type=2 2 2 2 2 2 2 2 2 2 2 2 2 2 2 2 2 2 2 2 2 2 2 2 2 2 2 2 2 2
left_child=1 -1 3 4 6 -5 -2 -3 10 -10 12 -12 17 15 20 22 -17 18 -9 -7 -13 -21 -14 -20 25 27 -27 -23 -28 -30
right_child=2 7 -4 5 -6 19 -8 8 9 -11 11 14 13 -15 -16 16 -18 -19 23 21 -22 24 -24 -25 -26 26 28 -29 29 -31
leaf_value=-0.053961753845214844 0.03764512331636493 0.033248929363308533 0.050740560659995451 -0.042852296352643399 0.068502570880362046 0.039442218886688356 -0.0057130605693453476 -0.039578200193742918 -0.059030134417116645 -0.0063838549889624124 0.025035236329431571 -0.0038926570440760292 -0.039237452210748897 -0.037665271880951798 -0.043267967126199181 -0.064794748673146524 -0.010692133186385037 0.038798082338439094 0.034763760292945908 0.040042393680276546 0.040531756371259692 0.0014673735186355519 -0.0050555560812290739 -0.0030420553730162859 -0.038376898070176441 0.089791208980161519 -0.0018371614569332451 -0.03578176933030288 -0.00022481758302698532 0.066054562858950644
leaf_weight=31 43 33 26 29 26 32 74 24 32 40 126 174 34 55 28 27 40 45 43 29 25 4351 1764 73 24 21 80 42 24 26
leaf_count=31 43 33 26 29 26 32 74 24 32 40 126 174 34 55 28 27 40 45 43 29 25 4351 1764 73 24 21 80 42 24 26
internal_value=2.05871e-06 -0.00496261 0.00267004 0.00240971 0.0208185 0.00184457 0.010222 -0.00436996 -0.00486064 -0.0297822 -0.00413063 0.00645583 -0.00590594 -0.0075525 -0.00385697 -0.00666446 -0.0324947 0.0111827 0.00230639 0.00212459 0.0016883 0.00186482 -0.00570193 0.0109722 0.00162244 0.00183371 0.0228521 0.00111125 0.0120388 0.0342405
internal_weight=7421 2594 4827 4801 143 4658 117 2563 2530 72 2458 353 2105 1920 227 1865 67 185 140 4629 199 4597 1798 116 4568 4544 151 4393 130 50
internal_count=7421 2594 4827 4801 143 4658 117 2563 2530 72 2458 353 2105 1920 227 1865 67 185 140 4629 199 4597 1798 116 4568 4544 151 4393 130 50
is_linear=0
shrinkage=0.05


Tree=86
num_leaves=31
num_cat=0
split_feature=183 9 292 261 128 127 160 10 1 242 152 124 196 45 203 162 13 208 157 259 156 186 79 174 202 216 2 185 176 3
split_gain=35.8133 25.9644 21.9901 28.9821 23.7286 22.239 26.0716 22.159 22.0718 21.3956 25.9031 21.3267 19.4689 23.5464 19.385 21.4533 19.7133 25.1104 19.1139 18.5125 21.5351 18.3574 18.0514 18.036 28.5512 19.1551 25.2383 17.3486 21.5429 17.1862
threshold=-5.6052629947662345 6.6527230739593515 -2.72110903263092 0.62766408920288097 5.9732203483581552 -5.9231247901916495 -4.0890095233917227 -4.5046777725219718 0.12362205982208253 -20.804071426391598 -7.3680226802825919 -8.8178567886352521 -4.4980313777923575 0.27974803745746618 -2.3680380582809444 -4.5779705047607413 2.4801360368728642 -0.44044758379459376 -6.3516051769256583 -0.56256321072578419 -1.7406167984008787 -1.0735236406326292 -0.81919825077056874 -8.0376405715942365 -8.3771653175353986 -0.66668078303337086 -1.9364829659461973 0.52244454622268688 0.77913385629653942 -1.4745407104492185
decision_type=2 2 2 2 2 2 2 2 2 2 2 2 2 2 2 2 2 2 2 2 2 2 2 2 2 2 2 2 2 2
left_child=9 2 3 5 7 6 -2 -4 -7 -1 18 -12 13 -9 27 -16 21 -18 -11 20 22 -17 -10 -13 -25 26 -26 28 -14 -28
right_child=1 -3 4 -5 -6 8 -8 12 19 10 11 23 14 -15 15 16 17 -19 -20 -21 -22 -23 -24 24 25 -27 29 -29 -30 -31
leaf_value=-0.051263664614769722 0.0014147955967589868 0.049183697359902523 0.048834280207477238 -0.043124901330055199 -0.050905645191669471 -0.0069211858589837407 0.063411657119702022 0.00075292007920021824 0.00025490420355215107 0.0010317700791221134 -0.058131989284797951 0.010769119953185739 0.012452233592740487 -0.055151272583152028 -0.041302347795239523 -0.0028550378935686244 0.064396076483327694 0.0093806104826944653 0.050511525503613736 0.029206337689732517 -0.0083972585468228035 0.005187240933144717 0.015577509428150563 -0.051121984049677854 0.036460088975727556 -0.044296464689362512 -0.046283847204176713 -0.01604776915240412 0.062901205129244117 -0.0072556600369857397
leaf_weight=31 43 28 27 43 20 1384 28 48 582 173 27 71 555 31 28 1202 28 80 22 60 427 1732 287 52 30 39 32 51 22 238
leaf_count=31 43 28 27 43 20 1384 28 48 582 173 27 71 555 31 28 1202 28 80 22 60 427 1732 287 52 30 39 32 51 22 238
internal_value=1.95579e-06 0.00113614 0.000934679 -0.0023865 0.00341341 -0.00176333 0.0258643 0.00369899 -0.00247922 -0.0106355 -0.00879421 -0.0149386 0.00337634 -0.0211842 0.00390103 0.00226372 0.00266472 0.0236439 0.0066141 0.00205446 0.000797431 0.00189248 0.00531542 -0.0124143 -0.0166241 -0.0113324 -0.00704709 0.0119051 0.0143758 -0.0118812
internal_weight=7421 6706 6678 2854 3824 2811 71 3804 2740 715 684 489 3777 79 3698 3070 3042 108 195 1356 1296 2934 869 462 391 339 300 628 577 270
internal_count=7421 6706 6678 2854 3824 2811 71 3804 2740 715 684 489 3777 79 3698 3070 3042 108 195 1356 1296 2934 869 462 391 339 300 628 577 270
is_linear=0
shrinkage=0.05


Tree=87
num_leaves=31
num_cat=0
split_feature=173 9 140 242 219 103 283 51 134 6 118 141 191 285 41 85 97 152 154 95 102 162 104 42 14 76 187 58 78 76
split_gain=34.6137 26.4825 22.4502 22.9942 21.3651 20.2996 17.6921 26.5934 28.9191 31.4752 20.1354 24.4888 17.6062 18.342 17.0153 16.743 16.4936 27.468 14.9688 17.7957 14.6832 14.2516 14.1083 26.4458 19.2903 16.6789 17.6045 14.4527 13.9652 16.7961
threshold=-3.6049634218215938 6.6527230739593515 0.91909450292587291 -20.804071426391598 -1.0000000180025095e-35 -5.9259879589080802 2.019251942634583 -0.060065716505050652 -2.5114960670471187 -2.6186815500259395 -1.3007251024246214 -0.055979337543249123 -0.87729656696319569 -2.3916124105453487 -0.57654854655265797 -5.5119996070861808 4.3677978515625009 3.5396205186843877 3.0470426082611088 4.7387869358062753 4.0260543823242196 -1.1051180958747862 0.26928007602691656 2.8627560138702397 -0.40243875980377192 -0.37976188957691187 -0.90871766209602345 -0.86951416730880726 0.17755905538797381 -0.18293026834726331
decision_type=2 2 2 2 2 2 2 2 2 2 2 2 2 2 2 2 2 2 2 2 2 2 2 2 2 2 2 2 2 2
left_child=2 5 3 -1 12 -2 15 10 -9 -10 -8 -12 13 22 -11 -7 28 -18 19 -17 -20 -15 23 25 -24 26 -5 -26 29 -16
right_child=1 -3 -4 4 -6 6 7 8 9 14 11 -13 -14 21 16 18 17 -19 20 -21 -22 -23 24 -25 27 -27 -28 -29 -30 -31
leaf_value=-0.048700483383670931 0.050513198262169247 0.052011795685841494 -0.050572993208108277 -0.0059057251636569176 0.032323964488868782 0.025350878997282552 -0.0036209659592714161 0.055663621833547949 0.05742961680111678 -0.04444281530121099 0.079236674570926924 0.024943743874836301 0.02565251651796557 -0.01824315493926406 0.002154716696494665 0.00020094600978826018 -0.067594899698382324 -0.0048517383418036899 -0.0089424991905689248 0.039479779786077043 -0.053249085986095929 -0.066979777440428739 -0.061504410708752968 0.048768305519352795 -0.033762056416330427 0.017193022470823244 -0.043586082722322318 0.020649672121457435 -0.00023117335160126055 0.049515718620063535
leaf_weight=31 21 26 29 990 37 66 40 25 23 23 27 90 42 60 39 5103 21 103 100 29 23 20 26 23 26 76 32 23 211 36
leaf_count=31 21 26 29 990 37 66 40 25 23 23 27 90 42 60 39 5103 21 103 100 29 23 20 26 23 26 76 32 23 211 36
internal_value=1.85799e-06 0.00165934 -0.00703335 -0.00612235 -0.00514824 0.00144041 0.00126748 0.00913539 0.0033033 0.000432668 0.0270031 0.0374729 -0.00620019 -0.00724863 -0.00259488 0.000324097 -0.000247316 -0.0154776 9.77397e-06 0.000422904 -0.0172275 -0.0304273 -0.00569822 -0.00429356 -0.0266931 -0.00540506 -0.00708554 -0.00822186 0.00635602 0.024888
internal_weight=7421 6006 1415 1386 1355 5980 5959 638 481 456 157 117 1318 1276 433 5321 410 124 5255 5132 123 80 1196 1121 75 1098 1022 49 286 75
internal_count=7421 6006 1415 1386 1355 5980 5959 638 481 456 157 117 1318 1276 433 5321 410 124 5255 5132 123 80 1196 1121 75 1098 1022 49 286 75
is_linear=0
shrinkage=0.05


Tree=88
num_leaves=31
num_cat=0
split_feature=239 9 292 144 289 108 94 110 159 45 83 257 168 101 232 253 86 202 58 272 218 295 267 148 252 118 230 63 17 113
split_gain=31.5735 31.154 22.2905 19.1286 23.831 19.6126 29.6131 24.926 24.9264 23.2228 22.8795 19.0755 18.486 20.3094 23.7821 17.6335 17.2358 17.0425 16.376 23.242 19.663 18.3784 27.4589 16.2326 15.9154 16.1981 19.6826 16.655 16.5938 15.8954
threshold=-2.9336172342300411 5.5539634227752694 -25.773031234741207 8.3021459579467791 8.5899586677551287 -1.3501476049423216 2.8537350893020634 -3.6315804719924922 -1.5494914650917051 -0.48642022907733912 1.2788713574409487 4.1272966861724862 -1.9308285117149351 -1.2986587285995481 -0.41690194606781 4.168607473373414 1.5062092542648318 1.5710212588310244 -2.0364829301834102 -0.40374729037284846 5.6161417961120614 -2.1043937206268306 0.42913384735584265 -1.44973748922348 1.4145964384078982 1.085787355899811 -1.0487198829650877 2.4551925659179692 0.79790028929710399 -2.8665705919265743
decision_type=2 2 2 2 2 2 2 2 2 2 2 2 2 2 2 2 2 2 2 2 2 2 2 2 2 2 2 2 2 2
left_child=2 3 -1 4 5 6 16 9 12 -7 18 15 -9 14 -14 23 17 -2 19 -10 21 22 -20 -12 25 27 28 -4 -27 -23
right_child=1 -3 24 -5 -6 7 -8 8 10 -11 11 -13 13 -15 -16 -17 -18 -19 20 -21 -22 29 -24 -25 -26 26 -28 -29 -30 -31
leaf_value=-0.048037377719221445 0.0061468316665557309 0.047486624278520288 -0.0039144283712376866 -0.042491341630617782 0.04278594321674771 0.0009901499934494495 0.067307584509253504 0.0031049399258701372 0.0059979226166868346 0.077185219954699291 0.025977439050738876 0.030093816689082554 -0.017847084756640277 -0.005337588801542806 -0.061700833231176103 -0.048973307847976683 -0.023409113249120615 0.041021370080610117 -0.0069949716062877674 0.048079895797897787 -0.038171829522720413 -0.035716700181365017 0.052908154577016836 -0.0081431103267697643 -0.048383012562990192 0.0084700441576148339 -0.02496239541187173 -0.042031763494014746 0.058214594572782524 0.0081769788142841259
leaf_weight=29 1302 38 2427 24 36 20 20 239 92 20 37 35 188 311 37 25 48 36 440 51 28 21 20 602 20 38 21 29 30 1157
leaf_count=29 1302 38 2427 24 36 20 20 239 92 20 37 35 188 311 37 25 48 36 440 51 28 21 20 602 20 38 21 29 30 1157
internal_value=1.76508e-06 0.00239258 -0.00444714 0.00203477 0.00225903 0.00195052 0.00690075 -0.000143984 -0.000621982 0.0390877 0.00179989 -0.00588274 -0.00845947 -0.013616 -0.0250586 -0.0077791 0.00602908 0.00708516 0.00476847 0.0210062 0.00337472 0.00408491 -0.00439049 -0.00616743 -0.00395431 -0.00360517 0.0173493 -0.00436451 0.0304162 0.00739449
internal_weight=7421 4827 2594 4789 4765 4729 1406 3323 3283 40 2508 699 775 536 225 664 1386 1338 1809 143 1666 1638 460 639 2565 2545 89 2456 68 1178
internal_count=7421 4827 2594 4789 4765 4729 1406 3323 3283 40 2508 699 775 536 225 664 1386 1338 1809 143 1666 1638 460 639 2565 2545 89 2456 68 1178
is_linear=0
shrinkage=0.05


Tree=89
num_leaves=31
num_cat=0
split_feature=173 290 140 233 22 42 104 24 290 116 209 132 108 74 27 262 21 55 256 298 139 24 84 185 295 195 299 146 16 217
split_gain=29.4111 21.8952 20.1844 20.5638 25.8333 23.812 20.8474 18.9407 22.9959 22.1506 15.6911 21.7744 20.8539 19.3615 15.4686 25.7231 16.3369 18.6533 25.9139 16.1188 18.174 17.9508 16.1348 15.1561 17.2534 26.9657 14.7989 19.5676 14.7791 14.5881
threshold=-3.6049634218215938 11.131889820098879 1.6094641685485842 -1.2401574850082395 4.4927754402160653 3.2124928236007695 1.4742901325225832 -3.5709818601608272 -10.016250610351561 0.11665026098489763 -5.7125809192657462 -1.7885559201240537 -1.4460629820823667 -1.5483998656272886 -5.4387106895446768 -21.516058921813961 -3.4598067998886104 0.77028870582580578 -5.8466928005218497 -5.017059087753295 -0.78091445565223683 2.013643860816956 -0.063286062330007539 6.1435613632202157 6.4395670890808114 2.0578739643096928 -5.3417422771453849 -4.1010220050811759 -1.0030905008316038 -13.922769069671629
decision_type=2 2 2 2 2 2 2 2 2 2 2 2 2 2 2 2 2 2 2 2 2 2 2 2 2 2 2 2 2 2
left_child=2 7 3 4 5 6 14 9 -9 -2 11 12 -10 -13 -1 -16 -17 19 -19 20 21 22 26 24 -12 -26 29 -28 -5 -18
right_child=1 -3 -4 28 -6 -7 -8 8 10 -11 23 13 -14 -15 15 16 17 18 -20 -21 -22 -23 -24 -25 25 -27 27 -29 -30 -31
leaf_value=0.024987657253558823 0.010254535422283264 0.044870106927279774 -0.0563570699095726 -0.0093337674201889476 -0.060777283527634368 0.045436697487126698 -0.046876907488331204 -0.040746497873668422 0.019172628164899109 0.061952861674129972 0.00061891657812510872 0.083910193499177707 -0.038846670565683222 0.014337480521644467 -0.06057686751539057 -0.028452651977146928 0.029067347098041225 0.05778780064678618 -0.0056046247249469166 -0.01533491533151358 0.045028383656754156 -0.031582041953403792 -0.031841444169112949 -0.041665768623352056 0.071630280143158004 -0.00027922417502850293 -0.0080032440523306533 0.056888813652599658 0.042415858010409049 -0.0033977334464338617
leaf_weight=39 121 29 20 22 22 22 32 33 59 25 5603 20 21 20 22 76 37 28 38 327 20 52 40 21 22 32 21 26 37 534
leaf_count=39 121 29 20 22 22 22 32 33 59 25 5603 20 21 20 22 76 37 28 38 327 20 52 40 21 22 32 21 26 37 534
internal_value=1.67683e-06 0.00152952 -0.0064833 -0.00576827 -0.00704399 -0.00614435 -0.00702266 0.00131924 0.000873858 0.019107 0.00111074 0.019003 0.00394256 0.0491238 -0.00601049 -0.00700061 -0.00601756 -0.00449924 0.0212891 -0.00610949 -0.001977 -0.0033011 -0.00106613 0.000732606 0.000889998 0.0290172 0.000925798 0.0278945 0.0231194 -0.00129404
internal_weight=7421 6006 1415 1395 1336 1314 1292 5977 5831 146 5798 120 80 40 1260 1221 1199 1123 66 1057 730 710 658 5678 5657 54 618 47 59 571
internal_count=7421 6006 1415 1395 1336 1314 1292 5977 5831 146 5798 120 80 40 1260 1221 1199 1123 66 1057 730 710 658 5678 5657 54 618 47 59 571
is_linear=0
shrinkage=0.05


Tree=90
num_leaves=31
num_cat=0
split_feature=292 199 199 14 53 76 203 24 41 188 63 134 76 91 96 215 135 184 27 210 10 144 103 157 173 108 44 46 104 3
split_gain=31.2282 27.4575 22.3289 19.4477 23.758 20.1673 20.0063 23.1535 21.1926 19.4359 26.134 19.2557 18.0082 17.3547 20.1578 16.9251 17.1161 20.6765 18.2305 21.6611 18.0729 17.816 16.9805 16.3096 16.4173 16.1246 15.9708 15.4999 15.4558 19.1285
threshold=-25.773031234741207 6.0515389442443857 4.5189459323883066 -0.49047243595123285 -4.1884038448333731 3.4129002094268803 1.6088811159133913 -1.2787306904792783 0.79833081364631664 -3.5589851140975948 -1.8864172697067259 1.6542213559150698 0.86759841442108165 -1.8808398842811582 -2.277296662330627 7.4741873741149911 -8.4812221527099592 -4.594660520553588 -2.2810666561126705 -6.1523942947387686 -4.1411798000335684 -3.816522359848022 -1.8433070778846739 3.0199855566024785 3.6973621845245366 -4.299015760421752 -4.8727076053619376 0.55725887417793285 1.951771676540375 -0.78431391716003407
decision_type=2 2 2 2 2 2 2 2 2 2 2 2 2 2 2 2 2 2 2 2 2 2 2 2 2 2 2 2 2 2
left_child=-1 2 3 5 26 6 7 8 9 10 13 -4 25 14 -2 16 -6 18 19 -18 -19 22 -20 24 -22 -11 -5 -10 -25 -30
right_child=1 -3 11 4 15 -7 -8 -9 27 12 -12 -13 -14 -15 -16 -17 17 20 21 -21 23 -23 -24 28 -26 -27 -28 -29 29 -31
leaf_value=-0.049152028560638432 0.001468011984855113 0.051640066733727091 -0.063610963225364678 0.021374483158191047 0.048198855207079935 -0.051311059083257407 0.015253821748552049 -0.0063218447047664666 0.010212090501986576 -0.027882660612944633 -0.025347285053994459 -0.0068074591256476738 -0.040904768677428371 -0.037781593529507523 0.052348740085620772 0.036716003872846306 -0.0089691725479704998 0.047330807374479873 -0.00021120131486791305 -0.070642324273164067 0.0043094947036998628 -0.014105945572548781 0.042386316074407661 -0.033630783032052795 0.04420041014941839 0.0090948579761747309 -0.022890424595938791 0.053270810647782954 -0.029082587005739863 0.010664679163817279
leaf_weight=32 169 26 25 24 21 21 157 1949 57 31 142 37 20 24 22 38 35 24 87 24 3233 166 32 52 26 602 135 33 44 97
leaf_count=32 169 26 25 24 21 21 157 1949 57 31 142 37 20 24 22 38 35 24 87 24 3233 166 32 52 26 602 135 33 44 97
internal_value=0.000134198 0.00034869 0.000166681 0.000421669 0.00273428 -0.00247214 -0.00215223 -0.00304851 0.00275124 0.000679545 -0.00870114 -0.0297121 0.00580803 0.00229306 0.00732862 0.00351076 0.00318225 0.00293478 -0.00875854 -0.0340566 0.004092 -0.0035214 0.0112436 0.00379138 0.00462774 0.00728395 -0.0162089 0.0260003 -0.0103314 -0.00173872
internal_weight=7385 7353 7327 7265 4038 3227 3206 3049 1100 1010 357 62 653 215 191 3879 3841 3820 344 59 3476 285 119 3452 3259 633 159 90 193 141
internal_count=7385 7353 7327 7265 4038 3227 3206 3049 1100 1010 357 62 653 215 191 3879 3841 3820 344 59 3476 285 119 3452 3259 633 159 90 193 141
is_linear=0
shrinkage=0.05


Tree=91
num_leaves=31
num_cat=0
split_feature=292 133 289 76 83 286 29 2 281 14 99 0 234 88 207 59 284 121 152 165 45 111 30 181 299 45 110 108 20 29
split_gain=28.1835 26.1343 32.8547 19.7239 16.3064 18.3049 16.7421 20.9094 24.0394 18.266 19.1306 18.925 19.7202 25.6807 19.3842 18.8841 18.7367 16.413 16.2356 24.977 16.9378 15.9966 15.7809 16.1669 26.4844 21.8157 14.8594 14.7092 14.4473 21.3907
threshold=-25.773031234741207 4.0380153656005868 4.883481740951539 1.5855643153190615 5.7714004516601571 9.4968857765197772 5.0734362602233896 -0.9359055459499358 2.5499081611633305 -0.49047243595123285 5.0918636322021493 0.25521655380725866 -3.6397310495376582 0.41645035147666937 -5.3752450942993155 2.7625985145568852 -14.878553390502928 -4.0807330608367911 -7.0334379673004142 -7.0592541694641104 -1.6468796730041502 0.86322832107543956 3.7505437135696416 -5.267401695251464 -10.061367034912108 0.560298651456833 -5.6826555728912345 -5.026946783065795 -1.1862282156944273 2.5685627460479741
decision_type=2 2 2 2 2 2 2 2 2 2 2 2 2 2 2 2 2 2 2 2 2 2 2 2 2 2 2 2 2 2
left_child=-1 4 3 -3 5 6 9 21 -9 11 16 15 13 -13 -14 22 -11 -16 -18 20 -20 -8 23 25 -25 -2 -21 -28 -19 -30
right_child=1 2 -4 -5 -6 -7 7 8 -10 10 -12 12 14 -15 17 -17 18 28 19 26 -22 -23 -24 24 -26 -27 27 -29 29 -31
leaf_value=-0.046694427728652954 0.0012518986231750914 0.05034541685134173 0.077206640193859741 -0.0091309689471255184 -0.033568003442552355 0.044701290130615239 -0.016522728533794481 -0.021852730332802123 0.034352424877385296 -0.022419675303177095 -0.030901504520859036 -0.004707898916178988 0.052445980906486514 -0.056971045494079588 -0.035302802648108741 -0.042573714596884596 0.026695590657559606 0.011991919303304316 -0.052725916333270798 0.032818449167318124 -0.0024408388499389676 -0.07067728304862976 0.032455214002618082 -0.061226582559554481 -0.0071128154592797676 0.053119171475586681 -0.027692502819148725 0.003581598370273895 -0.0018606563218091202 0.037763626731207804
leaf_weight=32 171 20 24 46 36 23 30 52 30 71 42 393 21 25 26 35 74 434 33 43 34 25 27 23 1336 23 38 3550 632 36
leaf_count=32 171 20 24 46 36 23 30 52 30 71 42 393 21 25 26 35 74 434 33 43 34 25 27 23 1336 23 38 3550 632 36
internal_value=0.000127488 0.000331255 0.0271094 0.00889218 -5.67919e-07 0.000166642 2.44578e-05 -0.0172875 -0.00128987 0.000360065 0.0026606 -0.00244873 0.0014659 -0.00783369 0.00484904 -0.006247 0.0030274 0.00396292 0.00350638 0.00304235 -0.0272081 -0.0411384 -0.0054423 -0.00610117 -0.00802865 0.00740111 0.00360054 0.00325038 0.00488934 0.000274784
internal_weight=7385 7353 90 66 7263 7227 7204 137 82 7067 3885 3182 1567 418 1149 1615 3843 1128 3772 3698 67 55 1580 1553 1359 194 3631 3588 1102 668
internal_count=7385 7353 90 66 7263 7227 7204 137 82 7067 3885 3182 1567 418 1149 1615 3843 1128 3772 3698 67 55 1580 1553 1359 194 3631 3588 1102 668
is_linear=0
shrinkage=0.05


Tree=92
num_leaves=31
num_cat=0
split_feature=7 288 30 39 14 59 138 23 119 241 29 0 170 215 67 149 164 267 147 186 39 298 0 121 8 83 122 267 263 152
split_gain=26.4162 25.3845 16.4436 25.3402 15.9463 20.2943 27.0193 21.6426 19.8089 22.4281 21.4993 17.5477 15.9334 24.3631 20.7049 17.0069 19.2499 15.4658 15.3448 25.6835 16.8118 16.7283 18.7609 16.5883 22.4298 17.0468 15.2026 17.879 18.2563 15.4373
threshold=4.5813386440277108 -15.856881618499754 -5.6220574378967276 -5.2042288780212393 -0.49047243595123285 3.5833404064178471 3.0437008142471318 0.44236220419406896 -7.6215879917144767 -8.5913238525390607 -1.2873759269714353 0.25521655380725866 6.3410573005676278 7.4741873741149911 0.73782083392143261 5.4313066005706796 5.1517715454101571 -13.173031330108641 2.988641738891602 2.1837927103042607 4.4505310058593759 3.3491140604019169 0.78205379843711864 0.38272690773010259 -2.387992143630981 0.71307027339935314 1.2076210975646975 1.4176022410392763 0.84222012758255016 1.1365438103675845
decision_type=2 2 2 2 2 2 2 2 2 2 2 2 2 2 2 2 2 2 2 2 2 2 2 2 2 2 2 2 2 2
left_child=1 2 -1 -4 5 6 8 -7 10 -10 -3 -11 13 15 -14 16 18 -5 20 21 23 22 -20 26 -25 -26 27 29 -29 -6
right_child=-2 4 3 17 12 7 -8 -9 9 11 -12 -13 14 -15 -16 -17 -18 -19 19 -21 -22 -23 -24 24 25 -27 -28 28 -30 -31
leaf_value=0.019414275884628296 0.047747990180706162 0.059082647678614764 -0.077585923387890776 -0.0082563660085894341 0.0028806193574069834 -0.00092676301442441494 0.039527022074430422 -0.072711156184474629 -0.028336315140837717 -0.0059597900943701944 -0.0075039886149831803 0.0017360097178860325 -0.064928977340459826 0.04554215624476924 0.0070169657468795782 -0.031807649471900533 0.039630974520530021 -0.057070372588932522 -0.025936845591445025 0.021738959265791852 -0.030416639582128136 -0.063482113401405513 0.015851035536144156 0.055256667346866045 0.015762538671667357 -0.00082621953578243469 -0.015056151141390556 0.04413213276249521 0.0052517145419040245 -0.011018172681571977
leaf_weight=22 29 27 21 86 2518 21 39 21 84 1491 22 1472 20 33 20 36 35 20 98 46 37 20 37 27 365 269 127 51 74 217
leaf_count=22 29 27 21 86 2518 21 39 21 84 1491 22 1472 20 33 20 36 35 20 98 46 37 20 37 27 365 269 127 51 74 217
internal_value=0.000121113 -6.6649e-05 -0.0204943 -0.0274076 0.000355679 -0.00229323 -0.00183068 -0.036819 -0.00235166 -0.00285884 0.0291866 -0.00213656 0.00244391 0.0027587 -0.028956 0.0024019 0.00271599 -0.0174666 0.00238351 -0.0110695 0.00311731 -0.0208062 -0.0144839 0.00345743 0.0106248 0.00872409 0.00187134 0.00262301 0.0211149 0.00177786
internal_weight=7385 7356 149 127 7207 3177 3135 42 3096 3047 49 2963 4030 3990 40 3957 3921 106 3886 201 3685 155 135 3648 661 634 2987 2860 125 2735
internal_count=7385 7356 149 127 7207 3177 3135 42 3096 3047 49 2963 4030 3990 40 3957 3921 106 3886 201 3685 155 135 3648 661 634 2987 2860 125 2735
is_linear=0
shrinkage=0.05


Tree=93
num_leaves=31
num_cat=0
split_feature=292 7 184 24 29 14 183 64 64 76 168 258 108 97 59 289 170 215 4 38 27 127 175 76 14 16 27 104 183 195
split_gain=24.1923 23.6425 15.2098 21.3572 24.7123 19.4166 20.7541 19.3745 19.319 27.6268 16.6814 20.2071 16.8835 16.5783 16.366 21.4178 16.2571 20.8302 16.2161 23.7873 16.1469 14.4942 14.2182 13.9657 13.9256 13.8227 20.3038 13.6924 13.6868 16.8872
threshold=-25.773031234741207 4.5813386440277108 -4.8291766643524161 -1.6858001351356504 -0.15650919079780576 -0.42471268773078913 -6.4895558357238761 0.57125985622406017 1.0171040892601015 0.84008029103279125 1.2185038924217226 -1.4314060211181638 -5.026946783065795 0.88677969574928295 3.5833404064178471 5.507775306701661 6.3410573005676278 7.4741873741149911 -2.0756545066833492 -0.95072683691978443 0.64177447557449352 -3.2464909553527828 -5.6238701343536368 -4.0309813022613517 -0.26055832207202906 -0.91003939509391774 1.3879724740982058 0.64586612582206737 -10.121259689331053 -10.002565860748289
decision_type=2 2 2 2 2 2 2 2 2 2 2 2 2 2 2 2 2 2 2 2 2 2 2 2 2 2 2 2 2 2
left_child=-1 2 7 4 8 14 -7 18 10 24 11 12 -4 27 15 -5 17 23 19 -2 -16 -9 -14 -8 -10 26 -20 -6 29 -27
right_child=1 -3 3 5 13 6 16 21 9 -11 -12 -13 22 -15 20 -17 -18 -19 25 -21 -22 -23 -24 -25 -26 28 -28 -29 -30 -31
leaf_value=-0.043265068531036378 -0.014108387286375677 0.045360598070868133 -0.019715448442933173 -0.0037307883562788568 -0.0073461562643773589 -0.042181624386173032 0.039874903500080112 -0.067743652491342454 0.031902879573128838 -0.01208212140149304 0.042159281433042553 -0.012220947529329399 0.053112646644668915 0.021912652494515794 -0.0037283668667078018 0.043749779338637995 -0.030246498536419225 0.04387356619681082 -0.0022092273894169321 0.040589748426725199 -0.0672636654227972 -0.014284630899783225 0.011276575993758595 0.0023406084195905959 0.084846757016266178 -0.016653587053651397 0.045847562700510026 -0.045386132970452311 -0.0085346831724336242 -0.071686978563666348
leaf_weight=32 35 29 43 2290 191 26 25 21 27 21 36 113 21 43 20 24 37 31 261 46 20 32 617 2849 23 46 24 27 355 20
leaf_count=32 35 29 43 2290 191 26 25 21 27 21 36 113 21 43 20 24 37 31 261 46 20 32 617 2849 23 46 24 27 355 20
internal_value=0.000115058 0.000303846 0.00012544 0.000945558 0.00708679 -0.000395311 0.00229431 -0.00620509 0.0110113 0.0360441 0.0088699 0.00736056 0.0106098 -0.00646091 -0.00378647 -0.00323834 0.00268736 0.00310683 -0.0042345 0.0169548 -0.035496 -0.0354665 0.0126536 0.00266711 0.0562571 -0.00666556 0.00183766 -0.0120575 -0.0124219 -0.0333304
internal_weight=7385 7353 7324 6484 1162 5322 2968 840 901 71 830 794 681 261 2354 2314 2942 2905 787 81 40 53 638 2874 50 706 285 218 421 66
internal_count=7385 7353 7324 6484 1162 5322 2968 840 901 71 830 794 681 261 2354 2314 2942 2905 787 81 40 53 638 2874 50 706 285 218 421 66
is_linear=0
shrinkage=0.05


Tree=94
num_leaves=31
num_cat=0
split_feature=199 50 199 124 189 110 243 182 146 131 13 219 143 77 94 181 99 173 45 85 98 76 155 299 105 52 43 82 160 16
split_gain=23.0737 22.737 20.0953 17.4697 15.9448 22.2185 21.7886 20.6508 21.7009 19.6264 19.1399 20.1622 19.4001 18.7826 18.44 20.3492 22.4005 17.9275 16.1732 15.0325 16.6867 14.3783 20.5609 19.3131 14.3121 16.8574 15.6623 15.6959 22.3262 14.7852
threshold=6.0515389442443857 -7.2379610538482657 4.5189459323883066 1.0241282582283022 -0.20393700897693631 -3.344321489334106 3.2555118799209599 1.5547400116920473 0.53346452116966259 -1.6894621253013609 -0.8743615150451659 -1.8587051630020139 -1.3394919037818906 -2.0051637887954707 -5.8185865879058829 1.4881665110588076 3.9930540323257451 -4.1603310108184806 -4.533287286758422 -4.0150263309478751 -5.4467322826385489 -1.7601577043533323 0.74948814511299144 -5.0374855995178214 0.67886391282081615 -0.13353730738162992 1.246850371360779 -8.1530838012695295 -11.502315521240233 -1.7169816493988035
decision_type=2 2 2 2 2 2 2 2 2 2 2 2 2 2 2 2 2 2 2 2 2 2 2 2 2 2 2 2 2 2
left_child=1 -1 4 -4 6 9 7 8 13 -6 11 -10 -13 24 -15 16 18 -7 -16 -20 -21 22 -19 -23 26 -26 27 -3 -29 -28
right_child=-2 2 3 -5 5 17 -8 -9 10 -11 -12 12 -14 14 15 -17 -18 21 19 20 -22 23 -24 -25 25 -27 29 28 -30 -31
leaf_value=-0.042787410366919736 0.047128570996798007 0.026864743996889165 -0.066682621389627467 -0.0099060392805508206 0.0095255524747901513 0.048642126796767118 -0.038069456901687844 0.024655596953816711 -0.057717217825767067 0.073145698857578365 -0.0049592047370212756 0.02862310234812044 -0.02492131696272663 0.050333035290241246 -0.041450974203291392 -0.03282688442708516 0.054093658516094802 0.0066108055291462589 0.020819031758182643 -0.038759802728891374 0.0022580279071838403 -0.039704707048700327 0.04730249240639664 0.0022913666432662506 -0.0054805276018601882 -0.066044955607503661 0.053798847397168482 -0.050320569122279141 -0.004436916858704296 0.0058018171498962845
leaf_weight=31 26 39 20 42 27 22 39 80 36 22 584 21 87 20 21 41 21 119 109 25 3025 28 42 1229 27 20 21 27 1466 68
leaf_count=31 26 39 20 42 27 22 39 80 36 22 584 21 87 20 21 41 21 119 109 25 3025 28 42 1229 27 20 21 27 1466 68
internal_value=0.000109305 -5.68185e-05 0.000123947 -0.0282211 0.000365812 0.00497936 -0.000823313 -0.000570159 -0.000926833 0.0380897 -0.00898498 -0.0253117 -0.0145099 0.000263092 0.00246998 0.00217471 0.00262303 0.00385269 0.00228313 0.00257386 0.00192182 0.00315779 0.017226 0.00135589 -0.00405277 -0.0312526 -0.00326413 -0.00444873 -0.00526669 0.017127
internal_weight=7385 7359 7328 62 7266 1489 5777 5738 5658 49 728 144 108 4930 3262 3242 3201 1440 3180 3159 3050 1418 161 1257 1668 47 1621 1532 1493 89
internal_count=7385 7359 7328 62 7266 1489 5777 5738 5658 49 728 144 108 4930 3262 3242 3201 1440 3180 3159 3050 1418 161 1257 1668 47 1621 1532 1493 89
is_linear=0
shrinkage=0.05


Tree=95
num_leaves=31
num_cat=0
split_feature=199 146 234 204 170 111 259 4 157 54 55 49 297 176 72 107 3 118 96 171 177 126 284 147 5 298 227 5 4 82
split_gain=42.665 18.3218 17.4018 33.6691 28.6361 22.6528 18.5248 23.7072 19.2433 19.4689 17.5109 17.0453 15.6049 16.3281 15.1468 16.3109 21.2532 16.0392 18.9438 15.7244 15.2123 13.9568 14.0268 19.4117 16.5844 18.9514 17.626 16.0247 14.6163 14.5154
threshold=6.0515389442443857 -14.244094848632811 0.76053148508071911 -0.18464563041925428 1.9775803089141848 -2.3093063831329341 -1.0125590562820432 -0.43164435029029841 0.38486133515834814 -1.0810236334800718 0.21986675262451175 4.1391077041625985 0.1951946169137955 0.62322840094566356 3.3753027915954594 3.0121868848800664 -0.69379526376724232 2.518890500068665 0.77496519684791576 -1.3672965764999387 -0.29256112873554224 3.2439469099044804 2.2798656225204472 0.84424588084220897 -2.5101119279861446 -1.9256385564804075 -2.8108549118041988 -3.4261695146560665 -2.4687764644622798 -1.1681583523750303
decision_type=2 2 2 2 2 2 2 2 2 2 2 2 2 2 2 2 2 2 2 2 2 2 2 2 2 2 2 2 2 2
left_child=1 -1 11 4 5 -4 7 -5 12 -10 -7 14 -8 -14 15 17 -17 21 -19 -16 -21 22 23 24 25 26 27 -3 -26 -25
right_child=-2 2 3 6 -6 10 8 -9 9 -11 -12 -13 13 -15 19 16 -18 18 -20 20 -22 -23 -24 29 28 -27 -28 -29 -30 -31
leaf_value=-0.041500370590775104 0.066386079788208013 0.0022857554877797766 0.061593170091509823 0.001718769974477992 0.068574951768949108 -0.0024449260593594419 0.046782340935315005 -0.058659660917353529 -0.031458846215779587 0.0020955555190749725 0.027796460409001335 0.031384578309953219 -0.020383374902109307 0.02767886341831019 0.0081529165804386152 0.05795938763767481 0.0050196053300585073 0.056281309875731295 0.0019754624082928616 -0.074054333567619327 -0.016959939331614545 -0.038233482515296117 0.016508015928315526 -0.028077450717742349 0.016932711800356874 -0.047045133381738873 0.01825684178215654 -0.037084358265357359 -0.00079243556733901818 -0.0069687540526984894
leaf_weight=27 24 48 24 37 29 115 40 29 48 435 82 40 30 43 25 26 70 26 42 20 28 26 106 98 119 38 46 56 5135 482
leaf_count=27 24 48 24 37 29 115 40 29 48 435 82 40 30 43 25 26 70 26 42 20 28 26 106 98 119 38 46 56 5135 482
internal_value=-0.000170974 -0.000387714 -0.000236543 0.00622702 0.0218602 0.0157302 0.000323248 -0.0248111 0.00310659 -0.00123904 0.0101429 -0.00115316 0.0216813 0.00792726 -0.00135681 -0.00109516 0.0193575 -0.00141073 0.0227395 -0.0240019 -0.0407493 -0.00167758 -0.00152248 -0.00183985 -0.000913097 -0.0155048 -0.00751462 -0.0189135 -0.000390971 -0.0105354
internal_weight=7394 7370 7343 912 250 221 662 66 596 483 197 6431 113 73 6391 6318 96 6222 68 73 48 6154 6128 6022 5442 188 150 104 5254 580
internal_count=7394 7370 7343 912 250 221 662 66 596 483 197 6431 113 73 6391 6318 96 6222 68 73 48 6154 6128 6022 5442 188 150 104 5254 580
is_linear=0
shrinkage=0.05


Tree=96
num_leaves=31
num_cat=0
split_feature=55 57 47 11 10 229 24 100 264 11 210 53 175 10 142 159 216 22 115 60 47 295 155 240 134 184 294 59 119 127
split_gain=38.9581 21.5458 15.5347 15.5097 23.428 14.3311 19.2575 19.1945 21.6626 19.0065 17.7265 20.691 17.4338 17.3122 16.9686 34.7993 17.6232 16.9684 16.5879 19.951 17.6916 15.7246 20.2913 18.9154 17.6927 15.9549 21.4396 16.0636 15.9609 16.6733
threshold=5.391608953475953 -5.4521732330322257 -6.2829396724700919 -1.5032858252525327 -1.6559820771217344 -1.5855174064636228 -1.3805615901947019 -4.4775590896606436 -5.267559051513671 -1.8131148815155027 1.6265091896057131 2.8831076622009282 -1.8959448933601377 1.2834645509719851 -2.6332676410675044 0.88196137547492992 -2.321630477905273 2.0139256715774541 -5.0252437591552725 -3.337682723999023 -4.4222795963287345 -1.5048989057540891 2.8227621316909794 -3.1544619798660274 -2.0837472677230831 2.3815323114395146 -0.60498693585395802 -3.0674803256988521 -2.9807084798812862 3.607699036598206
decision_type=2 2 2 2 2 2 2 2 2 2 2 2 2 2 2 2 2 2 2 2 2 2 2 2 2 2 2 2 2 2
left_child=1 3 -3 -1 -5 6 17 -7 12 13 11 -11 -9 -8 15 16 -10 18 19 -4 -20 22 23 24 -16 27 -27 -23 -29 -30
right_child=-2 2 5 4 -6 7 9 8 14 10 -12 -13 -14 -15 21 -17 -18 -19 20 -21 -22 25 -24 -25 -26 26 -28 28 29 -31
leaf_value=0.0097285828845841554 0.062148422241210935 0.038590918595974265 0.0052804373510896346 -0.067090526942549078 -0.014885896354554649 -0.045189401737990832 -0.013760857384301087 -0.00074225037940777849 0.026238344105872211 -0.0029970873716824546 0.039643114929397899 -0.041708562437977111 0.059524142951704564 -0.062321235351264485 0.057736050032756552 0.065034545501393662 -0.0066170019368049296 0.044610525163200992 0.039241502029555189 -0.031202656461240409 0.0031305237991587618 0.042816162700283121 -0.038578044548630716 -0.0046126629132881977 0.0072390356350962711 -0.053822139035100525 -0.0030428862130200424 -0.023432662361796867 0.0054654012198918842 0.04665151143074036
leaf_weight=35 25 26 73 29 83 21 223 20 71 2505 24 35 30 20 22 31 96 24 35 77 1097 29 40 891 82 23 216 47 1439 25
leaf_count=35 25 26 73 29 83 21 223 20 71 2505 24 35 30 20 22 31 96 24 35 77 1097 29 40 891 82 23 216 47 1439 25
internal_value=-0.000162425 -0.000373821 1.19039e-05 -0.0193242 -0.0284032 -0.000127487 -0.00205933 0.00244976 0.00277648 -0.004393 -0.00312639 -0.00353051 0.0354176 -0.0177576 0.00223463 0.0163826 0.00735144 0.00295648 0.00217668 -0.0134476 0.00424703 0.00123914 -0.00366107 -0.00225738 0.0179211 0.00409003 -0.00792959 0.00595541 0.00524796 0.00616872
internal_weight=7394 7369 7222 147 112 7196 4113 3083 3062 2807 2564 2540 50 243 3012 198 167 1306 1282 150 1132 2814 1035 995 104 1779 239 1540 1511 1464
internal_count=7394 7369 7222 147 112 7196 4113 3083 3062 2807 2564 2540 50 243 3012 198 167 1306 1282 150 1132 2814 1035 995 104 1779 239 1540 1511 1464
is_linear=0
shrinkage=0.05


Tree=97
num_leaves=31
num_cat=0
split_feature=199 50 283 298 211 139 199 290 72 2 78 171 88 18 110 245 30 159 200 149 168 282 126 77 3 127 16 110 183 189
split_gain=37.6056 17.1439 14.1801 36.2909 25.8192 23.3518 19.3653 19.834 19.8667 17.6358 17.9352 26.39 16.0693 15.0516 18.6508 15.861 14.1418 22.8143 20.9455 21.8071 19.9883 17.292 18.4411 15.2793 22.4967 23.883 21.0884 18.6891 23.9388 22.5602
threshold=6.0515389442443857 -7.2379610538482657 1.6428457498550417 -3.1175688505172725 -1.4526246786117551 -2.2442277669906612 4.0160105228424081 7.1555609703063974 -2.2860893011093135 -1.8551180958747862 -5.4464535713195792 -8.7418189048767072 -5.1901574134826651 -0.82952967286109913 0.4578740149736405 2.0933071374893193 1.3127952814102175 3.9756686687469487 -6.4752831459045401 -2.9490936994552608 -4.6674814224243155 -4.3915352821350089 2.466834664344788 -1.961309492588043 -2.1062519550323482 -5.9231247901916495 -1.0605905652046201 -1.074330687522888 -5.3813440799713126 1.1042814850807192
decision_type=2 2 2 2 2 2 2 2 2 2 2 2 2 2 2 2 2 2 2 2 2 2 2 2 2 2 2 2 2 2
left_child=1 -1 9 -4 -5 -6 7 8 -7 10 12 -12 -3 14 -10 -16 17 23 20 -20 -18 -21 -23 -11 26 -26 -25 29 -29 -27
right_child=-2 2 3 4 5 6 -8 -9 13 16 11 -13 -14 -15 15 -17 18 -19 19 21 -22 22 -24 24 25 27 -28 28 -30 -31
leaf_value=-0.04012694535432039 0.06233193874359131 0.011374143660068512 0.056804882187177157 0.043464945390438423 -0.044842367074810541 -0.044887108635157352 -0.022380047669777504 0.042343978501028487 0.0010246498307780079 -0.0049289087509273482 -0.051143823415040972 0.0075562002747122589 0.071503955461084845 0.0018802069376786829 0.074388851939390099 0.017482955068349838 -0.016738558367446619 0.052718407884240148 0.027896003463926417 -0.025486475903987112 -0.07525277331471443 -0.0058593597416865982 0.029335655014102277 -0.063872223962908203 0.048623236848248375 0.0043094696094188095 -0.0099050102689686951 -0.053002107180857461 -0.0016338758596032132 0.044884391757659618
leaf_weight=27 24 25 34 39 26 20 65 36 46 1541 20 449 20 426 24 25 54 20 48 108 20 815 39 23 27 1617 85 23 1633 35
leaf_count=27 24 25 34 39 26 20 65 36 46 1541 20 449 20 426 24 25 54 20 48 108 20 815 39 23 27 1617 85 23 1633 35
internal_value=-0.000154304 -0.000357787 -0.000211557 0.00634689 0.00392034 0.00161159 0.00349291 0.00640754 0.0040162 -0.000947669 0.00794609 0.005053 0.0380985 0.00589349 0.0238899 0.0453552 -0.00169855 -0.000576947 -0.00687616 -0.00499487 -0.0325532 -0.00663599 -0.00425209 -0.000790813 0.0010613 0.00178861 -0.021398 0.00140635 -0.00234732 0.00516911
internal_weight=7394 7370 7343 741 707 668 642 577 541 6602 514 469 45 521 95 49 6088 5004 1084 1010 74 962 854 4984 3443 3335 108 3308 1656 1652
internal_count=7394 7370 7343 741 707 668 642 577 541 6602 514 469 45 521 95 49 6088 5004 1084 1010 74 962 854 4984 3443 3335 108 3308 1656 1652
is_linear=0
shrinkage=0.05


Tree=98
num_leaves=31
num_cat=0
split_feature=55 57 110 291 15 184 113 64 114 35 2 283 110 27 90 47 130 137 157 24 96 22 33 87 122 10 285 111 17 92
split_gain=34.1998 18.4403 14.3419 26.6999 18.1142 14.7432 20.8507 19.7383 16.5552 14.4177 16.0377 17.2175 21.4032 18.2633 17.9111 16.3536 16.0285 17.5079 15.3861 15.3597 37.8656 15.3212 15.177 17.3565 14.7589 14.2646 23.8443 16.4542 14.0534 20.7311
threshold=5.391608953475953 -5.4521732330322257 6.9453246593475351 6.7244186401367196 0.42095506191253668 4.7261812686920175 3.3074494600296025 0.57125985622406017 2.7936843633651738 4.1328561305999765 -1.8551180958747862 1.6428457498550417 1.921968460083008 3.4475256204605107 2.5209097862243657 -4.4222795963287345 -1.8954553604125974 -0.85193338990211476 -0.75952619314193714 -3.5709818601608272 -1.2087926864624021 -0.27283465862274164 3.1511775255203252 0.56771653890609752 1.5977252721786501 0.1783607751131058 -18.265682220458981 -6.1815712451934806 3.4939994812011723 -0.67784774303436268
decision_type=2 2 2 2 2 2 2 2 2 2 2 2 2 2 2 2 2 2 2 2 2 2 2 2 2 2 2 2 2 2
left_child=1 25 3 5 -5 6 9 -8 -9 10 15 19 13 14 16 -3 -13 -18 -11 20 -12 -14 24 -24 -17 26 -1 -28 -21 -30
right_child=-2 2 -4 4 -6 -7 7 8 -10 18 11 12 21 -15 -16 22 17 -19 -20 28 -22 -23 23 -25 -26 -27 27 -29 29 -31
leaf_value=-0.075128343430432412 0.058235050201416019 0.048808847554028034 -0.042269862890243537 0.067894219226487307 0.012206913731060923 -0.033002938768442944 0.048707424162705321 0.030603917870106863 -0.014216709542605614 -0.049385743910590044 0.0033833764141632454 -0.016397258569486439 -0.045862476408481602 0.051247495749304373 -0.014068396029801207 0.0061160869289507381 0.051413459244649864 0.014915247294424184 -0.0082088921993468591 -0.0016101832231272041 0.064947856127701958 -8.700680645073162e-05 0.0052957037342307367 0.068983487579971553 -0.032015309703570825 0.00286658755942898 0.0089244260958262853 -0.038898900488542547 -0.063169157893761346 -0.003860908646772548
leaf_weight=22 25 24 20 23 40 34 41 38 45 26 180 32 25 31 58 422 40 184 178 5550 29 68 23 20 27 53 35 37 23 41
leaf_count=22 25 24 20 23 40 34 41 38 45 26 180 32 25 31 58 422 40 184 178 5550 29 68 23 20 27 53 35 37 23 41
internal_value=-0.000146589 -0.000344654 1.2191e-05 0.000129609 0.0325372 -0.000156381 8.01861e-07 0.0203242 0.00630358 -0.000360193 3.40428e-05 -0.000664231 0.00889602 0.0146346 0.01102 0.0085067 0.016704 0.0214328 -0.0134569 -0.00138334 0.0119258 -0.0123922 0.00654074 0.0349179 0.00382311 -0.0178762 -0.0295716 -0.0156515 -0.00187882 -0.0251748
internal_weight=7394 7369 7222 7202 63 7139 7105 124 83 6981 6777 6261 438 345 314 516 256 224 204 5823 209 93 492 43 449 147 94 72 5614 64
internal_count=7394 7369 7222 7202 63 7139 7105 124 83 6981 6777 6261 438 345 314 516 256 224 204 5823 209 93 492 43 449 147 94 72 5614 64
is_linear=0
shrinkage=0.05


Tree=99
num_leaves=31
num_cat=0
split_feature=199 93 205 22 80 192 12 5 47 35 12 66 127 71 9 74 174 290 43 218 22 33 183 147 234 47 58 100 77 71
split_gain=33.8346 15.7199 16.3846 15.7405 13.8476 19.9103 16.0023 19.4465 15.6829 14.9186 15.2162 18.6913 19.8062 16.2129 15.863 15.4006 23.2389 14.5968 14.557 20.1018 17.2019 22.3648 16.4334 16.2008 18.3331 24.4753 21.6186 19.2869 16.6852 14.9065
threshold=6.0515389442443857 -5.6356167793273917 -12.491023540496824 0.60008040070533764 -4.3189597129821768 -6.4626951217651358 -3.8500000238418575 -0.7553734779357909 -4.6486220359802237 -4.9332430362701407 0.78047743439674389 -4.4197638034820548 -5.9231247901916495 -3.8125461339950557 4.0129394531250009 3.4936748743057255 1.7507368922233584 -3.8712692260742183 1.6741142272949221 5.0349628925323495 0.4625984281301499 0.31103512644767767 -3.6579226255416866 2.864317893981934 -3.8625366687774654 1.0617482066154482 1.2740157246589663 -2.505944967269897 -1.9846456646919248 1.6653891205787661
decision_type=2 2 2 2 2 2 2 2 2 2 2 2 2 2 2 2 2 2 2 2 2 2 2 2 2 2 2 2 2 2
left_child=1 3 -3 -1 -4 17 7 -7 -8 -10 11 -11 -13 -12 -15 18 -17 -6 19 23 22 -22 -20 24 25 26 -14 -26 -29 -24
right_child=-2 2 4 -5 5 6 8 -9 9 10 13 12 15 14 -16 16 -18 -19 20 -21 21 -23 29 -25 27 -27 -28 28 -30 -31
leaf_value=-0.0075472236222005901 0.059131272633870448 0.039013962833969684 0.011336440060819899 -0.044197321773478487 -0.0098040320976208357 -0.015308385423850268 0.034145826643163506 0.030139518014333223 -0.021344154354717051 -0.031909867294132713 -0.028845687044991387 0.038025005720555782 -0.0097112633449806113 0.0040919423462872579 0.031712716817855834 -0.062904564350843434 0.0075559459288011901 -0.047944569075480108 0.059031567959622902 -0.049791212583130059 0.028122954416004094 -0.0071719352323867253 0.0050589982558179791 -0.025217165144747252 0.0086920122099359547 0.026873386989940296 -0.055479615402442443 -0.011215168262160173 -0.00010713475970693628 0.038862866942965708
leaf_weight=261 24 27 259 33 241 32 33 89 84 50 36 32 581 1391 54 25 22 28 22 22 55 244 135 73 539 44 27 391 2497 43
leaf_count=261 24 27 259 33 241 32 33 89 84 50 36 32 581 1391 54 25 22 28 22 22 55 244 135 73 539 44 27 391 2497 43
internal_value=-0.00013926 -0.000332271 0.000138426 -0.011661 -1.04803e-05 -0.000443301 0.00010661 0.0181202 -0.00023396 -0.000412149 -0.000132301 -0.00149879 -0.00117881 0.0042984 0.00512414 -0.00144459 -0.029923 -0.0137741 -0.00115816 -0.00212307 0.00691297 -0.000679564 0.0182638 -0.00187049 -0.00145266 -0.00913768 -0.0117437 9.43925e-06 -0.00161103 0.0132251
internal_weight=7394 7370 7076 294 7049 6790 6521 121 6400 6367 6283 4802 4752 1481 1445 4720 47 269 4673 4174 499 299 200 4152 4079 652 608 3427 2888 178
internal_count=7394 7370 7076 294 7049 6790 6521 121 6400 6367 6283 4802 4752 1481 1445 4720 47 269 4673 4174 499 299 200 4152 4079 652 608 3427 2888 178
is_linear=0
shrinkage=0.05


Tree=100
num_leaves=31
num_cat=0
split_feature=7 51 39 119 144 168 295 114 236 198 34 0 155 51 116 59 60 109 0 82 6 250 79 5 191 116 77 128 165 90
split_gain=25.7042 20.4787 16.8513 15.1643 20.2965 22.4982 20.4638 17.1813 19.7536 18.1939 16.7272 24.6982 19.3471 16.5851 20.5436 19.2261 19.2443 16.5167 15.2939 18.1085 18.4371 18.1716 25.7046 23.4944 22.0361 17.385 16.9556 18.6419 17.618 16.4558
threshold=4.5813386440277108 -7.7633230686187735 10.801715373992922 -0.23772601038217542 3.8433071374893193 2.8668503761291508 3.417300939559937 2.7936843633651738 1.1146018505096438 0.22612727433443072 -3.175019264221191 0.33990737795829779 -3.692065834999084 4.5127012729644784 2.8933464288711552 3.5833404064178471 2.8744046688079838 2.2759841680526738 0.63713911175727855 -2.6404494047164913 -3.4491823911666866 -11.688976287841795 -5.520075559616088 0.32130357623100286 -9.7628650665283185 1.5072542428970339 -1.2361941933631895 0.27968506515026098 -7.2659821510314933 -2.6918854713439937
decision_type=2 2 2 2 2 2 2 2 2 2 2 2 2 2 2 2 2 2 2 2 2 2 2 2 2 2 2 2 2 2
left_child=1 -1 3 4 5 6 7 8 17 -10 11 -5 -12 15 -15 -14 -17 18 19 20 -3 22 -22 -24 -23 -20 28 29 -21 -28
right_child=-2 2 -4 10 -6 -7 -8 -9 9 -11 12 -13 13 14 -16 16 -18 -19 25 26 21 24 23 -25 -26 -27 27 -29 -30 -31
leaf_value=-0.038466930389404297 0.051033088684082031 -0.040654313564300541 -0.040553844451904297 0.0199411279743626 -0.036848888794581099 0.039895990863442421 -0.040158296669974475 -0.035074665335317452 0.033406432429299818 -0.004717058248534872 0.031405420420747815 -0.048647593036293985 0.0040975588920148225 0.071622314006090163 -4.2884945869445801e-05 -0.0607209118164104 -0.0011418420256990376 0.031910275493895537 0.0022468029689129147 -0.049956916217450742 0.010290597255031269 0.05576624701852384 -0.011890321570847717 -0.082844591699540615 0.0059707132856979123 0.045135072618722918 0.018449124944421042 -0.018127497185111766 -0.0090307264684766856 -0.001515322087892025
leaf_weight=34 25 23 25 21 39 34 33 36 81 51 66 35 1975 20 20 23 33 38 1527 27 48 23 28 20 653 24 113 155 1009 1192
leaf_count=34 25 23 25 21 39 34 33 36 81 51 66 35 1975 20 20 23 33 38 1527 27 48 23 28 20 653 24 113 155 1009 1192
internal_value=0.00041918 0.000248326 0.000426882 0.000566329 -0.000915413 -0.000641434 -0.000912694 -0.000656136 -0.000408916 0.0186769 0.00404873 -0.0229268 0.00475562 0.00390633 0.0357897 0.00327839 -0.0256118 -0.000925171 -0.00118286 -0.00311198 0.00345985 0.00477413 -0.015582 -0.0414546 0.00766494 0.00291045 -0.00520517 -0.00173375 -0.0100973 0.0002134
internal_weight=7431 7406 7372 7347 5154 5115 5081 5048 5012 132 2193 56 2137 2071 40 2031 56 4880 4842 3291 795 772 96 48 676 1551 2496 1460 1036 1305
internal_count=7431 7406 7372 7347 5154 5115 5081 5048 5012 132 2193 56 2137 2071 40 2031 56 4880 4842 3291 795 772 96 48 676 1551 2496 1460 1036 1305
is_linear=0
shrinkage=0.05


end of trees

feature_importances:
Column_299=349
Column_293=53
Column_296=45
Column_295=37
Column_298=37
Column_291=36
Column_297=36
Column_292=35
Column_251=31
Column_288=31
Column_77=27
Column_184=26
Column_183=25
Column_189=25
Column_283=24
Column_294=24
Column_17=23
Column_193=22
Column_121=21
Column_186=21
Column_284=21
Column_24=20
Column_241=20
Column_10=19
Column_32=19
Column_212=19
Column_1=18
Column_182=18
Column_239=18
Column_249=18
Column_57=17
Column_235=17
Column_243=17
Column_289=17
Column_174=16
Column_196=16
Column_234=16
Column_247=16
Column_285=16
Column_18=15
Column_55=15
Column_125=15
Column_187=15
Column_199=15
Column_245=15
Column_252=15
Column_258=15
Column_259=15
Column_272=15
Column_53=14
Column_173=14
Column_0=13
Column_103=13
Column_110=13
Column_146=13
Column_160=13
Column_170=13
Column_185=13
Column_232=13
Column_255=13
Column_3=12
Column_45=12
Column_65=12
Column_76=12
Column_88=12
Column_98=12
Column_119=12
Column_128=12
Column_135=12
Column_153=12
Column_192=12
Column_257=12
Column_2=11
Column_7=11
Column_12=11
Column_14=11
Column_16=11
Column_36=11
Column_100=11
Column_118=11
Column_215=11
Column_220=11
Column_237=11
Column_267=11
Column_22=10
Column_30=10
Column_35=10
Column_46=10
Column_52=10
Column_62=10
Column_79=10
Column_108=10
Column_114=10
Column_143=10
Column_188=10
Column_211=10
Column_240=10
Column_248=10
Column_256=10
Column_8=9
Column_58=9
Column_63=9
Column_80=9
Column_107=9
Column_133=9
Column_164=9
Column_177=9
Column_228=9
Column_236=9
Column_238=9
Column_250=9
Column_271=9
Column_290=9
Column_4=8
Column_9=8
Column_19=8
Column_21=8
Column_26=8
Column_27=8
Column_34=8
Column_71=8
Column_82=8
Column_94=8
Column_102=8
Column_105=8
Column_116=8
Column_139=8
Column_147=8
Column_148=8
Column_149=8
Column_158=8
Column_162=8
Column_198=8
Column_203=8
Column_242=8
Column_6=7
Column_13=7
Column_20=7
Column_28=7
Column_29=7
Column_33=7
Column_43=7
Column_47=7
Column_49=7
Column_59=7
Column_66=7
Column_74=7
Column_111=7
Column_120=7
Column_123=7
Column_124=7
Column_144=7
Column_181=7
Column_190=7
Column_200=7
Column_205=7
Column_244=7
Column_274=7
Column_287=7
Column_5=6
Column_39=6
Column_50=6
Column_68=6
Column_72=6
Column_83=6
Column_84=6
Column_85=6
Column_89=6
Column_99=6
Column_104=6
Column_106=6
Column_109=6
Column_127=6
Column_130=6
Column_138=6
Column_152=6
Column_159=6
Column_161=6
Column_165=6
Column_176=6
Column_178=6
Column_180=6
Column_191=6
Column_194=6
Column_206=6
Column_217=6
Column_229=6
Column_253=6
Column_275=6
Column_282=6
Column_23=5
Column_37=5
Column_41=5
Column_42=5
Column_51=5
Column_64=5
Column_70=5
Column_73=5
Column_91=5
Column_92=5
Column_96=5
Column_97=5
Column_115=5
Column_122=5
Column_129=5
Column_131=5
Column_145=5
Column_157=5
Column_163=5
Column_167=5
Column_168=5
Column_169=5
Column_171=5
Column_195=5
Column_197=5
Column_208=5
Column_213=5
Column_214=5
Column_261=5
Column_265=5
Column_276=5
Column_281=5
Column_11=4
Column_38=4
Column_44=4
Column_54=4
Column_67=4
Column_87=4
Column_93=4
Column_112=4
Column_113=4
Column_126=4
Column_132=4
Column_134=4
Column_137=4
Column_140=4
Column_141=4
Column_151=4
Column_175=4
Column_201=4
Column_202=4
Column_209=4
Column_210=4
Column_218=4
Column_219=4
Column_226=4
Column_233=4
Column_246=4
Column_254=4
Column_263=4
Column_273=4
Column_280=4
Column_25=3
Column_40=3
Column_56=3
Column_69=3
Column_90=3
Column_95=3
Column_142=3
Column_150=3
Column_155=3
Column_156=3
Column_172=3
Column_179=3
Column_204=3
Column_222=3
Column_224=3
Column_225=3
Column_262=3
Column_264=3
Column_266=3
Column_270=3
Column_277=3
Column_279=3
Column_15=2
Column_60=2
Column_61=2
Column_78=2
Column_81=2
Column_86=2
Column_101=2
Column_154=2
Column_207=2
Column_216=2
Column_221=2
Column_227=2
Column_230=2
Column_231=2
Column_260=2
Column_269=2
Column_286=2
Column_75=1
Column_117=1
Column_136=1
Column_166=1
Column_223=1
Column_268=1
Column_278=1

parameters:
[boosting: gbdt]
[objective: regression]
[metric: l2]
[tree_learner: serial]
[device_type: gpu]
[data_sample_strategy: bagging]
[data: ]
[valid: ]
[num_iterations: 150]
[learning_rate: 0.05]
[num_leaves: 31]
[num_threads: 0]
[seed: 46]
[deterministic: 0]
[force_col_wise: 1]
[force_row_wise: 0]
[histogram_pool_size: -1]
[max_depth: -1]
[min_data_in_leaf: 20]
[min_sum_hessian_in_leaf: 0.001]
[bagging_fraction: 0.8]
[pos_bagging_fraction: 1]
[neg_bagging_fraction: 1]
[bagging_freq: 5]
[bagging_seed: 10626]
[bagging_by_query: 0]
[feature_fraction: 0.8]
[feature_fraction_bynode: 1]
[feature_fraction_seed: 28005]
[extra_trees: 0]
[extra_seed: 28586]
[early_stopping_round: 0]
[early_stopping_min_delta: 0]
[first_metric_only: 0]
[max_delta_step: 0]
[lambda_l1: 0]
[lambda_l2: 0]
[linear_lambda: 0]
[min_gain_to_split: 0]
[drop_rate: 0.1]
[max_drop: 50]
[skip_drop: 0.5]
[xgboost_dart_mode: 0]
[uniform_drop: 0]
[drop_seed: 23790]
[top_rate: 0.2]
[other_rate: 0.1]
[min_data_per_group: 100]
[max_cat_threshold: 32]
[cat_l2: 10]
[cat_smooth: 10]
[max_cat_to_onehot: 4]
[top_k: 20]
[monotone_constraints: ]
[monotone_constraints_method: basic]
[monotone_penalty: 0]
[feature_contri: ]
[forcedsplits_filename: ]
[refit_decay_rate: 0.9]
[cegb_tradeoff: 1]
[cegb_penalty_split: 0]
[cegb_penalty_feature_lazy: ]
[cegb_penalty_feature_coupled: ]
[path_smooth: 0]
[interaction_constraints: ]
[verbosity: -1]
[saved_feature_importance_type: 0]
[use_quantized_grad: 0]
[num_grad_quant_bins: 4]
[quant_train_renew_leaf: 0]
[stochastic_rounding: 1]
[linear_tree: 0]
[max_bin: 255]
[max_bin_by_feature: ]
[min_data_in_bin: 3]
[bin_construct_sample_cnt: 200000]
[data_random_seed: 188]
[is_enable_sparse: 1]
[enable_bundle: 1]
[use_missing: 1]
[zero_as_missing: 0]
[feature_pre_filter: 1]
[pre_partition: 0]
[two_round: 0]
[header: 0]
[label_column: ]
[weight_column: ]
[group_column: ]
[ignore_column: ]
[categorical_feature: ]
[forcedbins_filename: ]
[precise_float_parser: 0]
[parser_config_file: ]
[objective_seed: 24573]
[num_class: 1]
[is_unbalance: 0]
[scale_pos_weight: 1]
[sigmoid: 1]
[boost_from_average: 1]
[reg_sqrt: 0]
[alpha: 0.9]
[fair_c: 1]
[poisson_max_delta_step: 0.7]
[tweedie_variance_power: 1.5]
[lambdarank_truncation_level: 30]
[lambdarank_norm: 1]
[label_gain: ]
[lambdarank_position_bias_regularization: 0]
[eval_at: ]
[multi_error_top_k: 1]
[auc_mu_weights: ]
[num_machines: 1]
[local_listen_port: 12400]
[time_out: 120]
[machine_list_filename: ]
[machines: ]
[gpu_platform_id: -1]
[gpu_device_id: -1]
[gpu_use_dp: 0]
[num_gpu: 1]

end of parameters

pandas_categorical:null
