tree
version=v4
num_class=1
num_tree_per_iteration=1
label_index=0
max_feature_idx=299
objective=regression
feature_names=Column_0 Column_1 Column_2 Column_3 Column_4 Column_5 Column_6 Column_7 Column_8 Column_9 Column_10 Column_11 Column_12 Column_13 Column_14 Column_15 Column_16 Column_17 Column_18 Column_19 Column_20 Column_21 Column_22 Column_23 Column_24 Column_25 Column_26 Column_27 Column_28 Column_29 Column_30 Column_31 Column_32 Column_33 Column_34 Column_35 Column_36 Column_37 Column_38 Column_39 Column_40 Column_41 Column_42 Column_43 Column_44 Column_45 Column_46 Column_47 Column_48 Column_49 Column_50 Column_51 Column_52 Column_53 Column_54 Column_55 Column_56 Column_57 Column_58 Column_59 Column_60 Column_61 Column_62 Column_63 Column_64 Column_65 Column_66 Column_67 Column_68 Column_69 Column_70 Column_71 Column_72 Column_73 Column_74 Column_75 Column_76 Column_77 Column_78 Column_79 Column_80 Column_81 Column_82 Column_83 Column_84 Column_85 Column_86 Column_87 Column_88 Column_89 Column_90 Column_91 Column_92 Column_93 Column_94 Column_95 Column_96 Column_97 Column_98 Column_99 Column_100 Column_101 Column_102 Column_103 Column_104 Column_105 Column_106 Column_107 Column_108 Column_109 Column_110 Column_111 Column_112 Column_113 Column_114 Column_115 Column_116 Column_117 Column_118 Column_119 Column_120 Column_121 Column_122 Column_123 Column_124 Column_125 Column_126 Column_127 Column_128 Column_129 Column_130 Column_131 Column_132 Column_133 Column_134 Column_135 Column_136 Column_137 Column_138 Column_139 Column_140 Column_141 Column_142 Column_143 Column_144 Column_145 Column_146 Column_147 Column_148 Column_149 Column_150 Column_151 Column_152 Column_153 Column_154 Column_155 Column_156 Column_157 Column_158 Column_159 Column_160 Column_161 Column_162 Column_163 Column_164 Column_165 Column_166 Column_167 Column_168 Column_169 Column_170 Column_171 Column_172 Column_173 Column_174 Column_175 Column_176 Column_177 Column_178 Column_179 Column_180 Column_181 Column_182 Column_183 Column_184 Column_185 Column_186 Column_187 Column_188 Column_189 Column_190 Column_191 Column_192 Column_193 Column_194 Column_195 Column_196 Column_197 Column_198 Column_199 Column_200 Column_201 Column_202 Column_203 Column_204 Column_205 Column_206 Column_207 Column_208 Column_209 Column_210 Column_211 Column_212 Column_213 Column_214 Column_215 Column_216 Column_217 Column_218 Column_219 Column_220 Column_221 Column_222 Column_223 Column_224 Column_225 Column_226 Column_227 Column_228 Column_229 Column_230 Column_231 Column_232 Column_233 Column_234 Column_235 Column_236 Column_237 Column_238 Column_239 Column_240 Column_241 Column_242 Column_243 Column_244 Column_245 Column_246 Column_247 Column_248 Column_249 Column_250 Column_251 Column_252 Column_253 Column_254 Column_255 Column_256 Column_257 Column_258 Column_259 Column_260 Column_261 Column_262 Column_263 Column_264 Column_265 Column_266 Column_267 Column_268 Column_269 Column_270 Column_271 Column_272 Column_273 Column_274 Column_275 Column_276 Column_277 Column_278 Column_279 Column_280 Column_281 Column_282 Column_283 Column_284 Column_285 Column_286 Column_287 Column_288 Column_289 Column_290 Column_291 Column_292 Column_293 Column_294 Column_295 Column_296 Column_297 Column_298 Column_299
feature_infos=[-12.039215087890625:14.429411888122559] [-9.0282354354858398:13.292186737060547] [-11.898569107055664:14.265478134155273] [-10.631372451782227:13.076930999755859] [-8.5238094329833984:14.311634063720703] [-10.491848945617676:13.314509391784668] [-9.3518953323364258:13.271764755249023] [-9.7712631225585938:14.097861289978027] [-11.87470531463623:13.880392074584961] [-14.166380882263184:14.20517635345459] [-12.881992340087891:18.876077651977539] [-12.354117393493652:12.590195655822754] [-14.029411315917969:14.548078536987305] [-13.770588874816895:14.768497467041016] [-9.0548629760742188:10.76708984375] [-10.485309600830078:12.356471061706543] [-11.702726364135742:11.644741058349609] [-11.649412155151367:11.363529205322266] [-12.91749382019043:13.583529472351074] [-10.983901977539062:10.682222366333008] [-13.80628490447998:10.988137245178223] [-15.105999946594238:13.539934158325195] [-17.025882720947266:11.625097274780273] [-18.139869689941406:12.386275291442871] [-18.87176513671875:14.211568832397461] [-19.694116592407227:14.813071250915527] [-25.580652236938477:15.863724708557129] [-21.482521057128906:17.351371765136719] [-24.044313430786133:17.101961135864258] [-22.320049285888672:20.967321395874023] [-27.440874099731445:20.43450927734375] [-30.349273681640625:19.817647933959961] [-29.913568496704102:21.059999465942383] [-29.774959564208984:20.78209114074707] [-30.86981201171875:20.169412612915039] [-31.973136901855469:20.907516479492188] [-32.777812957763672:20.358430862426758] [-35.278400421142578:20.310195922851562] [-39.441516876220703:17.207450866699219] [-38.570343017578125:17.336349487304688] [-36.374599456787109:18.130195617675781] [-35.931182861328125:17.609830856323242] [-37.719459533691406:16.679214477539062] [-37.653244018554688:15.528738975524902] [-38.097400665283203:17.277311325073242] [-37.589000701904297:17.934902191162109] [-36.226741790771484:18.407842636108398] [-36.602588653564453:18.288627624511719] [-34.403408050537109:19.214902877807617] [-32.581764221191406:21.287057876586914] [-30.942966461181641:22.124706268310547] [-29.190866470336914:23.771764755249023] [-27.214387893676758:24.440784454345703] [-24.415964126586914:26.142353057861328] [-24.469755172729492:25.43450927734375] [-25.274051666259766:28.234901428222656] [-24.800785064697266:30.786901473999023] [-24.622016906738281:31.678745269775391] [-24.393501281738281:34.118198394775391] [-25.903081893920898:36.636238098144531] [-24.608123779296875:35.727764129638672] [-24.666217803955078:37.293804168701172] [-27.188850402832031:37.622509002685547] [-27.605377197265625:37.429096221923828] [-26.75663948059082:37.931217193603516] [-23.361232757568359:38.899215698242188] [-25.428628921508789:38.673332214355469] [-26.808067321777344:39.060939788818359] [-26.73109245300293:40.236469268798828] [-27.132884979248047:39.596469879150391] [-28.967449188232422:44.084316253662109] [-29.376583099365234:39.737335205078125] [-27.995630264282227:39.991687774658203] [-26.539943695068359:38.411766052246094] [-27.642072677612305:39.013725280761719] [-26.998823165893555:37.550586700439453] [-27.856639862060547:36.203529357910156] [-28.78156852722168:34.457256317138672] [-27.597646713256836:34.979606628417969] [-27.683528900146484:35.088626861572266] [-29.686553955078125:32.917018890380859] [-29.349468231201172:31.210588455200195] [-31.798824310302734:29.551294326782227] [-32.838825225830078:28.463138580322266] [-33.152942657470703:27.469804763793945] [-34.988235473632812:27.179214477539062] [-35.224704742431641:27.720001220703125] [-36.191764831542969:27.138038635253906] [-37.374118804931641:25.099216461181641] [-40.145881652832031:24.854118347167969] [-40.601177215576172:26.190587997436523] [-42.9188232421875:25.727058410644531] [-43.197647094726562:25.843528747558594] [-45.908237457275391:29.23176383972168] [-47.443527221679688:25.566274642944336] [-48.197647094726562:26.424314498901367] [-50.041175842285156:27.619216918945312] [-48.658824920654297:24.018039703369141] [-48.0811767578125:25.057647705078125] [-48.791763305664062:24.900785446166992] [-47.616470336914062:24.974117279052734] [-48.799999237060547:26.798038482666016] [-49.474117279052734:27.387144088745117] [-50.187057495117188:27.116470336914062] [-48.944705963134766:29.87176513671875] [-48.729412078857422:28.585098266601562] [-47.979999542236328:30.254117965698242] [-46.805881500244141:32.29058837890625] [-46.051765441894531:29.204704284667969] [-45.5:30.504705429077148] [-46.403530120849609:32.017253875732422] [-45.565883636474609:35.601177215576172] [-45.169414520263672:35.527450561523438] [-44.625885009765625:36.895687103271484] [-43.382350921630859:40.495685577392578] [-43.044704437255859:40.956077575683594] [-43.570587158203125:42.058433532714844] [-42.948234558105469:44.850196838378906] [-41.29058837890625:47.694511413574219] [-40.551765441894531:47.413726806640625] [-41.985881805419922:49.367450714111328] [-41.909412384033203:51.411373138427734] [-41.077648162841797:52.445491790771484] [-40.304702758789062:52.648235321044922] [-43.041175842285156:53.018821716308594] [-41.109413146972656:52.889019012451172] [-40.881175994873047:54.212940216064453] [-41.369411468505859:52.370586395263672] [-41.171764373779297:53.589805603027344] [-43.558822631835938:52.946273803710938] [-43.212944030761719:53.567844390869141] [-42.765880584716797:50.695293426513672] [-43.591766357421875:51.654510498046875] [-43.625881195068359:49.112155914306641] [-44.555294036865234:51.064704895019531] [-45.392940521240234:48.476470947265625] [-46.254116058349609:46.829021453857422] [-46.880001068115234:47.183528900146484] [-48.005882263183594:45.210197448730469] [-49.184703826904297:43.453727722167969] [-50.789409637451172:42.250980377197266] [-51.262351989746094:40.516078948974609] [-54.590587615966797:38.163135528564453] [-56.916469573974609:38.141178131103516] [-57.855293273925781:37.994899749755859] [-60.032939910888672:39.063137054443359] [-62.584705352783203:37.938823699951172] [-65.470588684082031:37.245098114013672] [-68.639999389648438:37.163528442382812] [-68.7564697265625:30.708822250366211] [-68.810585021972656:32.394508361816406] [-69.612937927246094:32.507450103759766] [-69.85882568359375:30.747842788696289] [-70.631767272949219:29.382352828979492] [-71.217643737792969:27.682352066040039] [-72.072944641113281:27.879999160766602] [-72.57293701171875:26.631763458251953] [-72.190589904785156:26.535293579101562] [-71.514114379882812:26.760000228881836] [-72.924705505371094:28.365880966186523] [-72.2435302734375:26.417648315429688] [-72.767059326171875:27.064704895019531] [-73.092941284179688:26.224706649780273] [-73.036468505859375:27.414117813110352] [-73.294120788574219:28.368236541748047] [-72.379997253417969:29.745882034301758] [-72.090591430664062:29.157646179199219] [-70.758827209472656:30.044706344604492] [-72.483528137207031:29.939998626708984] [-71.442352294921875:30.321176528930664] [-69.015296936035156:31.311765670776367] [-69.518821716308594:32.205490112304688] [-70.390586853027344:32.365489959716797] [-69.297645568847656:34.047451019287109] [-67.872940063476562:35.8560791015625] [-68.5552978515625:38.967449188232422] [-68.162353515625:40.450199127197266] [-67.191764831542969:39.852943420410156] [-66.442352294921875:40.739608764648438] [-65.639999389648438:43.32196044921875] [-66.145881652832031:44.689018249511719] [-65.642356872558594:45.349021911621094] [-67.520004272460938:44.700389862060547] [-68.354118347167969:47.1439208984375] [-68.651763916015625:47.249019622802734] [-67.110588073730469:47.46588134765625] [-67.571762084960938:48.014511108398438] [-67.03411865234375:50.321567535400391] [-68.30352783203125:48.436862945556641] [-68.643531799316406:47.650196075439453] [-66.842353820800781:48.107059478759766] [-69.836471557617188:47.574901580810547] [-70.103530883789062:46.194900512695312] [-70.677642822265625:44.561962127685547] [-71.715293884277344:42.810977935791016] [-72.207061767578125:41.735294342041016] [-72.356468200683594:41.569805145263672] [-74.327056884765625:39.018039703369141] [-75.294113159179688:37.216079711914062] [-75.9447021484375:36.003528594970703] [-76.88470458984375:34.338039398193359] [-78.191764831542969:37.752330780029297] [-80.70941162109375:32.81085205078125] [-79.587059020996094:31.221960067749023] [-81.577644348144531:28.543136596679688] [-82.198822021484375:28.455686569213867] [-83.347061157226562:26.186666488647461] [-83.7564697265625:25.967058181762695] [-85.7435302734375:24.57490348815918] [-86.917648315429688:25.301568984985352] [-89.305885314941406:26.673332214355469] [-91.9447021484375:24.125099182128906] [-93.080001831054688:24.676862716674805] [-93.828239440917969:23.903921127319336] [-95.770584106445312:23.229412078857422] [-97.516471862792969:26.420000076293945] [-98.683525085449219:23.570980072021484] [-100.87882232666016:24.142744064331055] [-101.97764587402344:26.280000686645508] [-101.12705993652344:22.170326232910156] [-103.38706207275391:23.777647018432617] [-103.58940887451172:28.7435302734375] [-103.16941070556641:23.155294418334961] [-103.74588012695312:24.477058410644531] [-104.29529571533203:24.896419525146484] [-104.63529205322266:25.107843399047852] [-105.36941528320312:26.678823471069336] [-104.47411346435547:25.978824615478516] [-103.09999847412109:25.845882415771484] [-102.89411926269531:26.169412612915039] [-101.48352813720703:24.49058723449707] [-100.4188232421875:26.141960144042969] [-100.66706085205078:29.605489730834961] [-99.736465454101562:28.908628463745117] [-99.83294677734375:29.93450927734375] [-99.437644958496094:30.992549896240234] [-100.59882354736328:31.351764678955078] [-98.796470642089844:31.699605941772461] [-98.576469421386719:31.917646408081055] [-98.755294799804688:32.439216613769531] [-98.634117126464844:35.281959533691406] [-97.312942504882812:37.061962127685547] [-98.447059631347656:34.064311981201172] [-98.171768188476562:34.335292816162109] [-97.734115600585938:35.466667175292969] [-98.231765747070312:37.425880432128906] [-98.792938232421875:39.500392913818359] [-98.647056579589844:40.177253723144531] [-98.563529968261719:39.360000610351562] [-98.664703369140625:38.72509765625] [-98.85882568359375:40.3062744140625] [-100.01176452636719:41.754116058349609] [-100.99058532714844:40.267452239990234] [-101.39882659912109:38.960784912109375] [-101.81411743164062:38.456863403320312] [-102.45058441162109:36.980785369873047] [-103.36117553710938:39.233726501464844] [-104.94117736816406:38.727058410644531] [-106.48587799072266:36.680000305175781] [-106.91411590576172:31.38764762878418] [-107.32941436767578:30.900588989257812] [-109.26235198974609:32.894706726074219] [-111.43177032470703:33.939411163330078] [-112.64470672607422:30.453529357910156] [-113.68588256835938:27.918039321899414] [-114.48470306396484:28.864706039428711] [-115.43293762207031:29.43450927734375] [-116.83882141113281:28.855295181274414] [-118.38587951660156:27.682352066040039] [-119.95764923095703:26.210588455200195] [-121.47412109375:24.923530578613281] [-122.66588592529297:23.686275482177734] [-123.84823608398438:23.218137741088867] [-125.32470703125:22.997909545898438] [-127.00941467285156:22.841176986694336] [-129.73411560058594:22.94117546081543] [-132.29058837890625:24.985881805419922] [-132.60235595703125:24.12028694152832] [-132.80352783203125:24.398038864135742] [-133.71176147460938:23.732549667358398] [-134.80940246582031:25.052549362182617] [-136.0552978515625:23.432548522949219] [-137.01882934570312:25.840293884277344] [-138.64469909667969:25.008235931396484] [-140.3505859375:27.046276092529297] [-140.08824157714844:25.996078491210938] [-139.5811767578125:26.307058334350586] [-138.35765075683594:26.032155990600586] [-136.96353149414062:25.754901885986328] [-136.7305908203125:24.601175308227539] [-136.5517578125:25.221176147460938] [-135.93411254882812:26.372940063476562] [-135.48353576660156:27.05647087097168] [-135.29646301269531:27.776470184326172] [-134.9705810546875:29.582744598388672] [-134.20941162109375:30.186273574829102] [-133.4482421875:32.170982360839844] [-133.81294250488281:32.79058837890625] [-134.27999877929688:33.094902038574219] [-133.78823852539062:32.888626098632812]
tree_sizes=2812 2860 2863 2865 2885 2869 2904 2872 2875 2907 2879 2872 2902 2889 2884 2887 2881 2900 2884 2891 2893 2893 2887 2906 2886 2893 2893 2897 2878 2896 2877 2891 2908 2888 2896 2900 2901 2882 2901 2888 2897 2915 2903 2911 2911 2913 2894 2896 2917 2919 2902 2898 2936 2932 2928 2928 2885 2896 2901 2899 2940 2896 2942 2887 2915 2927 2919 2922 2955 2909 2900 2903 2905 2857 2883 2900 2921 2906 2891 2901 2915 2889 2872 2926 2908 2911 2929 2925 2932 2916 2909 2934 2896 2919 2874 2939 2924 2877 2891 2872 2919 2922 2935 2922 2903 2883 2913 2929 2942 2891 2985 2901 2902 2944 2881 2888 2887 2888 2884 2876 2968 2911 2960 2949 2926 2903 2866 2902 2900 2886 2875 2903 2892 2868 2886 2909 2914 2867 2911 2940 2872 2904 2848 2876 2883 2829 2933 2890 2883 2844

Tree=0
num_leaves=31
num_cat=0
split_feature=299 299 299 299 299 299 299 299 299 299 299 38 299 299 299 299 299 299 285 131 299 292 299 237 240 294 200 292 292 284
split_gain=465254 136669 84901.7 51670.1 47932 21380.1 17447.9 14296 9253.72 8281.18 8110.89 7518.11 3087.88 3036.61 2436.35 1671.45 1465.77 1346.47 1208.75 1087.76 1047.7 1033.84 940.596 653.52 628.331 599.306 567.93 499.248 471.159 451.18
threshold=-9.3252892494201642 -0.20698039978742597 -22.807588577270504 9.2055773735046404 -3.9911764860153194 -14.68446111679077 -30.106698989868161 2.7801948785781865 -6.4680066108703604 -2.1340724229812618 14.09350109100342 -11.499999999999998 -12.4860782623291 -18.18132400512695 5.888627529144288 1.145187556743622 -5.3688571453094474 -3.1539704799652095 13.691657066345217 -8.5146355628967267 -1.0386274456977842 -7.7521972656249991 -25.65254974365234 -7.5470001697540274 2.2050770521163945 -13.904709339141844 9.3209476470947283 0.74111536145210277 -15.155094623565672 -2.7615422010421748
decision_type=2 2 2 2 2 2 2 2 2 2 2 2 2 2 2 2 2 2 2 2 2 2 2 2 2 2 2 2 2 2
left_child=2 4 6 7 8 13 11 15 21 17 26 -1 -7 28 24 -3 -10 -6 -12 -13 29 -2 -8 -14 -9 -15 -5 -17 -4 -11
right_child=1 3 5 10 9 12 22 14 16 20 18 19 23 25 -16 27 -18 -19 -20 -21 -22 -23 -24 -25 -26 -27 -28 -29 -30 -31
leaf_value=-5.9117508528648663 -3.6482043420846004 -3.2252388025022554 -4.2411256051393451 -2.7784968379868209 -3.402921994958247 -3.9065891097008043 -4.6106362742802123 -3.0929545843460429 -3.5075364175063704 -3.3419110764986866 -2.1733088133751206 -4.8844054884304882 -3.785904158172086 -4.0599831983463215 -2.9033908929810539 -3.1939190851885373 -3.4483282395365173 -3.3607987357670495 -1.7989056161852632 -5.2928116521733122 -3.275600931625736 -3.5709583797141233 -4.4115845519005115 -3.7057208648564797 -3.0194415922269022 -3.920850351102398 -2.548832076210684 -3.138606982934816 -4.0430303589702321 -3.3067090139992046
leaf_weight=32 671 2443 332 63 3196 480 113 548 1551 1279 84 56 632 383 349 679 3206 4668 29 23 2356 1222 125 425 619 97 47 1022 33 3157
leaf_count=32 671 2443 332 63 3196 480 113 548 1551 1279 84 56 632 383 349 679 3206 4668 29 23 2356 1222 125 425 619 97 47 1022 33 3157
internal_value=-3.39709 -3.3346 -4.0192 -3.12127 -3.39351 -3.91249 -4.74753 -3.15068 -3.50484 -3.34299 -2.37474 -5.2652 -3.80142 -4.11452 -3.0193 -3.19874 -3.46763 -3.37792 -2.07722 -5.00331 -3.30255 -3.59834 -4.50609 -3.75366 -3.05396 -4.03187 -2.68037 -3.16069 -4.22322 -3.31686
internal_weight=29920 27189 2731 5883 21306 2382 349 5660 6650 14656 223 111 1537 845 1516 4144 4757 7864 113 79 6792 1893 238 1057 1167 480 110 1701 365 4436
internal_count=29920 27189 2731 5883 21306 2382 349 5660 6650 14656 223 111 1537 845 1516 4144 4757 7864 113 79 6792 1893 238 1057 1167 480 110 1701 365 4436
is_linear=0
shrinkage=1


Tree=1
num_leaves=31
num_cat=0
split_feature=299 299 299 299 299 299 299 299 44 299 299 299 299 299 299 299 299 299 285 299 299 283 299 212 296 283 208 67 256 242
split_gain=420098 120257 82232 46007.3 40015 25431.3 13670.6 12376.3 9182.96 8221.53 7320.07 6321.44 2814.06 2001.99 1979.05 1533.97 1512.39 1111.08 1090.91 964.27 939.671 934.668 704.867 529.521 517.236 503.811 501.374 494.986 478.984 454.006
threshold=-8.7982563972473127 -0.10239776223897933 -19.551215171813961 9.2055773735046404 -3.679807066917419 -30.106698989868161 -13.48679733276367 3.3500785827636723 -11.126580715179442 -5.9837989807128897 14.09350109100342 -1.9804539084434507 -25.65254974365234 -10.819067955017088 1.5689723491668703 -16.238665580749508 5.888627529144288 -4.654627561569213 13.691657066345217 -6.9543528556823722 -2.8881561756134029 -1.3085063695907591 -22.807588577270504 -6.590906858444213 -1.4980882406234739 0.45578435063362127 -19.942638397216793 12.69067430496216 -11.222745418548582 -2.5648443698883052
decision_type=2 2 2 2 2 2 2 2 2 2 2 2 2 2 2 2 2 2 2 2 2 2 2 2 2 2 2 2 2 2
left_child=2 4 5 7 9 8 15 14 -1 19 27 20 -7 -8 25 28 -9 -11 -12 29 -6 23 -14 -13 -16 -3 -10 -5 -4 -2
right_child=1 3 6 10 11 12 13 16 26 17 18 21 22 -15 24 -17 -18 -19 -20 -21 -22 -23 -24 -25 -26 -27 -28 -29 -30 -31
leaf_value=-2.5226719156901041 -0.20767428380259384 0.15330449585511904 -0.70009671063036538 0.59684178969439339 0.006637653915132713 -1.1535572153277103 -0.40696228549011759 0.3442951225345029 -1.6071336829144025 -0.076792125102109143 1.1619035993303573 -0.060079506949654651 -0.96445732421874997 -0.29221504312660213 0.14068333120508628 -0.537040356395181 0.4683259543170219 -0.030487644319305635 1.5175873855064657 -0.13154878990672458 0.042264538704275656 0.11443627379394639 -0.81813838214795132 0.07891163501148496 0.25342364619916619 0.19600135874988683 -1.3560140555245537 0.81515691848028282 -0.5511376453168465 -0.10654994701786387
leaf_weight=30 1058 1489 296 68 3331 113 702 831 46 2385 84 70 125 829 110 487 349 2836 29 1070 4165 3014 241 3252 1354 1289 35 42 66 124
leaf_count=30 1058 1489 296 68 3331 113 702 831 46 2385 84 70 125 829 110 487 349 2836 29 1070 4165 3014 241 3252 1354 1289 35 42 66 124
internal_value=-0.00068666 0.0615095 -0.565059 0.266699 0.00714231 -1.09347 -0.434066 0.23775 -1.77539 -0.0860834 0.970546 0.0575092 -0.93545 -0.344829 0.197908 -0.594985 0.380979 -0.0516399 1.25319 -0.165936 0.026433 0.0942749 -0.868111 0.0759829 0.244953 0.173116 -1.49863 0.680198 -0.672938 -0.197066
internal_weight=29920 26950 2970 5645 21305 590 2380 5422 111 7473 223 13832 479 1531 4242 849 1180 5221 113 2252 7496 6336 366 3322 1464 2778 81 110 362 1182
internal_count=29920 26950 2970 5645 21305 590 2380 5422 111 7473 223 13832 479 1531 4242 849 1180 5221 113 2252 7496 6336 366 3322 1464 2778 81 110 362 1182
is_linear=0
shrinkage=0.05


Tree=2
num_leaves=31
num_cat=0
split_feature=299 299 299 299 299 299 299 299 44 299 299 299 299 299 299 299 299 293 285 299 299 292 293 242 279 293 297 200 285 293
split_gain=379139 111526 69124 43857.3 36254.9 17449.2 14211.5 13741.3 8287.61 6712.15 6606.38 6255.18 2542.22 2488.39 2241.76 1790.39 1065.55 1034.42 984.541 954.255 766.124 718.446 675.27 633.077 558.039 556.477 541.474 473.227 472.716 436.741
threshold=-9.3252892494201642 -0.52764707803726185 -22.807588577270504 9.2055773735046404 -4.2658822536468497 -14.68446111679077 -30.106698989868161 2.5832351446151738 -11.126580715179442 -2.4688866138458248 14.09350109100342 -6.7196080684661856 -12.4860782623291 -18.18132400512695 4.8989648818969735 1.05357301235199 -5.3688571453094474 -3.2593075037002559 13.691657066345217 -1.744662821292877 -25.65254974365234 -7.7521972656249991 -9.1334681510925275 4.1225717067718515 -30.612102508544918 -0.24857444316148755 -11.481882095336912 9.3209476470947283 -2.0240036249160762 -16.854824066162106
decision_type=2 2 2 2 2 2 2 2 2 2 2 2 2 2 2 2 2 2 2 2 2 2 2 2 2 2 2 2 2 2
left_child=2 4 6 7 11 13 8 15 -1 17 27 21 -7 29 -9 25 -13 -6 -12 -11 -8 -2 -14 -16 -10 -3 -15 -5 -21 -4
right_child=1 3 5 10 9 12 20 14 24 19 18 16 22 26 23 -17 -18 -19 -20 28 -22 -23 -24 -25 -26 -27 -28 -29 -30 -31
leaf_value=-2.3965380859374998 -0.23159173446874892 0.12306042969425651 -0.77304148561625374 0.55661320762028776 -0.015888133682852149 -0.46104469299316408 -1.0958794247787611 0.29099358355532179 -1.5381705906080163 0.052692240417201601 1.1038086119152251 -0.10425499814872592 -0.34945049457365385 -0.58529308737625729 0.35946055276053296 0.20821372357536766 -0.053122684105461039 0.022329760476467085 1.4417080057078395 0.065287687692590649 -0.91623496093750001 -0.16392724088839356 -0.26348900509451734 0.46399817403157551 -1.2732400948660716 0.1650004418849092 -0.33135067983107136 0.766257038522274 0.10070221151079127 -0.63256757399615127
leaf_weight=30 634 1540 297 63 3233 480 113 1047 46 3311 84 1781 723 458 280 1700 2381 3914 29 1431 125 1029 334 300 35 1626 22 47 2759 68
leaf_count=30 634 1540 297 63 3233 480 113 1047 46 3311 84 1781 723 458 280 1700 2381 3914 29 1431 125 1029 334 300 35 1626 22 47 2759 68
internal_value=-0.000652328 0.0557572 -0.562248 0.232563 -0.00224262 -0.465962 -1.21942 0.208884 -1.68663 0.039716 0.922019 -0.107755 -0.365621 -0.648476 0.334677 0.166824 -0.0750032 0.0050416 1.19053 0.072754 -1.00153 -0.189724 -0.322288 0.413532 -1.42369 0.1446 -0.573654 0.646188 0.0886072 -0.746871
internal_weight=29920 27189 2731 6716 20473 2382 349 6493 111 14648 223 5825 1537 845 1627 4866 4162 7147 113 7501 238 1663 1057 580 81 3166 480 110 4190 365
internal_count=29920 27189 2731 6716 20473 2382 349 6493 111 14648 223 5825 1537 845 1627 4866 4162 7147 113 7501 238 1663 1057 580 81 3166 480 110 4190 365
is_linear=0
shrinkage=0.05


Tree=3
num_leaves=31
num_cat=0
split_feature=299 299 299 299 299 299 299 299 44 299 242 299 299 297 299 299 299 285 293 299 293 291 299 293 212 295 293 283 242 211
split_gain=342366 98096.9 67075.8 37454.9 32727.6 20680.9 11139.8 10139 7479.58 6694.03 6059.02 5115.87 2278.03 1734.45 1604.66 1244.77 1212.68 1126.03 1003.16 886.727 882.796 829.571 699.835 606.926 498.778 474.621 453.665 448.272 424.289 417.207
threshold=-8.7982563972473127 -0.10239776223897933 -19.551215171813961 9.2055773735046404 -3.679807066917419 -30.106698989868161 -12.944978713989256 3.3500785827636723 -11.126580715179442 -5.8001961708068839 17.603921890258793 -1.9044575095176695 -25.65254974365234 -15.353157520294188 1.5689723491668703 5.888627529144288 -10.819067955017088 13.691657066345217 -5.1524705886840811 -2.7082738876342769 -0.84843131899833668 -4.1161577701568595 -7.572417974472045 -16.854824066162106 -6.590906858444213 0.20557390898466113 12.84140205383301 -0.90176469087600697 -12.207026481628416 -20.649807929992672
decision_type=2 2 2 2 2 2 2 2 2 2 2 2 2 2 2 2 2 2 2 2 2 2 2 2 2 2 2 2 2 2
left_child=2 4 5 7 9 8 13 14 -1 18 -5 19 -7 28 27 -9 -8 26 22 -6 24 -11 -2 -14 -13 -16 -12 -3 -4 -10
right_child=1 3 6 10 11 12 16 15 29 21 17 20 23 -15 25 -17 -18 -19 -20 -21 -22 -23 -24 -25 -26 -27 -28 -29 -30 -31
leaf_value=-2.2767114257812504 -0.20891806653854422 0.1249280171917183 -0.62626558949970657 0.61176103071732957 0.0096893217520799477 -1.0410855183559182 -0.35751330775073453 0.31108842429701605 -1.4442118742028063 -0.065289670892853188 0.91246820398279138 -0.06300912506099958 -0.8058525902884347 -0.45772852074190323 0.1686659116231039 0.42361182619985671 -0.26349503870320984 1.414752084237558 -0.092977195642114763 0.04334516494204245 0.1120644486127574 -0.024521796052424015 -0.14266861234561054 -0.59226317019075958 0.074639823159800389 0.23650833281795536 1.144414691535794 0.16918541927092776 -0.52604852818554237 -1.2120903015136719
leaf_weight=30 594 806 307 110 4175 113 585 831 49 2451 37 67 329 498 334 349 829 27 674 3684 2196 2542 1212 37 3710 1130 49 1972 161 32
leaf_count=30 594 806 307 110 4175 113 585 831 49 2451 37 67 329 498 334 349 829 27 674 3684 2196 2542 1212 37 3710 1130 49 1972 161 32
internal_value=-0.000619711 0.0555281 -0.51011 0.24085 0.00642499 -0.98735 -0.391802 0.214731 -1.60229 -0.0778854 0.875918 0.0519753 -0.844847 -0.522677 0.178669 0.344369 -0.302392 1.13306 -0.145032 0.0254659 0.0868551 -0.0445342 -0.164458 -0.78426 0.0721981 0.221031 1.04462 0.156345 -0.591789 -1.35251
internal_weight=29920 26950 2970 5645 21305 590 2380 5422 111 7473 223 13832 479 966 4242 1180 1414 113 2480 7859 5973 4993 1806 366 3777 1464 86 2778 468 81
internal_count=29920 26950 2970 5645 21305 590 2380 5422 111 7473 223 13832 479 966 4242 1180 1414 113 2480 7859 5973 4993 1806 366 3777 1464 86 2778 468 81
is_linear=0
shrinkage=0.05


Tree=4
num_leaves=31
num_cat=0
split_feature=298 298 298 256 298 298 297 297 293 54 297 295 295 247 297 248 247 293 251 251 285 236 135 297 285 249 298 291 298 284
split_gain=302328 82790 56219.6 34387.2 28942.4 15568.7 11377.9 9522.95 6385.87 6101.15 5721.03 5311.69 2217.59 2134.48 2092.37 1761.11 1329.23 1322.01 1230.09 1098.75 892.359 871.652 806.491 803.16 764.608 674.931 655.219 650.768 563.602 509.711
threshold=-9.3097405433654767 -0.098095264285802827 -22.898797035217282 8.3250689506530779 -4.2947711944580069 -14.646455764770506 -30.450784683227536 3.5193650722503667 -2.1314558982849117 -9.2129001617431623 13.464892387390138 -5.9776384830474845 1.2004294991493227 -8.5489840507507306 -18.303529739379879 -2.8319166898727413 -0.99263301491737355 5.1171076297760019 -5.3885619640350333 -3.5701569318771358 13.691657066345217 -23.278582572937008 -10.56106662750244 -12.780041694641112 -4.2102947235107413 -0.13147059828042981 -2.2040752172470088 -5.235980510711669 -25.922553062438961 -3.0391666889190669
decision_type=2 2 2 2 2 2 2 2 2 2 2 2 2 2 2 2 2 2 2 2 2 2 2 2 2 2 2 2 2 2
left_child=2 4 6 7 11 14 9 12 15 -1 -5 18 25 23 -4 24 29 -9 -2 -13 -12 22 -11 -7 -6 -3 -17 -15 -8 -10
right_child=1 3 5 10 8 13 28 17 16 21 20 19 -14 27 -16 26 -18 -19 -20 -21 -22 -23 -24 -25 -26 -27 -28 -29 -30 -31
leaf_value=-2.158164760044643 -0.18705317498261229 0.10814038974283841 -0.6772565700294515 0.57459605823863635 -0.045373018459638946 -0.43841312513886505 -0.98279355367024746 0.27346245145939224 0.022773097268784945 -1.2427574157714845 1.0013262492854422 -0.07888693682506645 0.20325564763068604 -0.26705032257427014 -0.51915138502915703 0.01643029269555479 0.10327881732019362 0.38082574144871778 -0.10988599625310747 -0.022789383801833665 1.3282527378627234 -1.0706549750434029 -1.6272787475585937 -0.33769970278397543 0.001720814489176394 0.15808187618047764 0.05355402398406009 -0.072058344016904419 -0.82690760079076731 0.066766595960195574
leaf_weight=28 1242 1483 371 110 1292 303 114 674 824 30 82 2065 1733 613 480 3039 2666 499 884 1512 28 27 25 571 2589 1244 1952 46 118 3276
leaf_count=28 1242 1483 371 110 1292 303 114 674 824 30 82 2065 1733 613 480 3039 2666 499 884 1512 28 27 25 571 2589 1244 1952 46 118 3276
internal_value=-0.000588725 0.0497329 -0.502587 0.21632 0.00404469 -0.416584 -1.10209 0.192369 0.0392081 -1.52092 0.82957 -0.0923757 0.159029 -0.321384 -0.588079 0.0113055 0.0757957 0.319135 -0.154967 -0.0551745 1.08454 -1.30332 -1.41754 -0.372615 -0.0139569 0.130923 0.0309495 -0.253439 -0.903507 0.057925
internal_weight=29920 27194 2726 5853 21341 2384 342 5633 15638 110 220 5703 4460 1533 851 8872 6766 1173 2126 3577 110 82 55 874 3881 2727 4991 659 232 4100
internal_count=29920 27194 2726 5853 21341 2384 342 5633 15638 110 220 5703 4460 1533 851 8872 6766 1173 2126 3577 110 82 55 874 3881 2727 4991 659 232 4100
is_linear=0
shrinkage=0.05


Tree=5
num_leaves=31
num_cat=0
split_feature=299 299 299 299 299 299 299 299 238 57 299 299 299 299 299 299 299 288 10 204 251 240 293 293 200 293 238 160 292 239
split_gain=286901 82278.4 58605.9 33025.6 22969.6 13947.2 11889.4 9014.22 8103.29 4918.7 4436.3 3594.02 1934.36 1437.13 1318.26 1274.45 1195.74 862.938 807.485 1365.48 684.108 668.387 621.337 601.035 537.797 438.032 409.215 401.059 392.702 348.643
threshold=-8.7982563972473127 -0.70320266485214222 -21.094438552856442 7.5222966670989999 -3.9911764860153194 -30.106698989868161 -13.48679733276367 2.1810932159423833 15.498609542846681 -9.4288234710693342 -6.0743024349212638 -2.3917809724807735 -17.152404785156246 4.1457877159118661 0.53196078538894664 -25.65254974365234 -10.819067955017088 13.08421564102173 1.4575565457344057 -19.031217575073239 -5.7447984218597403 -4.2010138034820548 -0.93464982509613026 -3.2839040756225581 9.3209476470947283 -9.9847340583801252 2.9890781641006474 -4.9109218120574942 -17.996718406677243 -13.327876091003416
decision_type=2 2 2 2 2 2 2 2 2 2 2 2 2 2 2 2 2 2 2 2 2 2 2 2 2 2 2 2 2 2
left_child=2 4 5 7 10 9 12 14 24 -1 20 23 29 -9 -3 -7 -8 -10 -11 -20 -2 -12 27 -6 -5 -14 -15 -13 -17 -4
right_child=1 3 6 8 11 15 16 13 17 18 21 22 25 26 -16 28 -18 -19 19 -21 -22 -23 -24 -25 -26 -27 -28 -29 -30 -31
leaf_value=-1.9949014597925647 -0.16985519332129784 0.11395753346510358 -0.63273128206261031 0.45944194350131728 -0.0092199129609552687 -0.94242796859120936 -0.33049312878206288 0.23153402632802284 0.9105673085088315 -1.1212395686023642 -0.078915030710837428 -0.034146979496334544 -0.4613014520720885 0.2712167755126953 0.16548546662294261 -0.76526530716154317 -0.24144164928491563 1.1939335216175426 -1.7012379964192708 -1.137567494132302 -0.11306821562030134 -0.036482611345477832 0.085769932854334735 0.021550942161197194 0.63550357160897097 -0.27378901279333867 0.35103302851551627 0.054203451890057125 -0.54794028323629629 -0.53073348703310474
leaf_weight=29 943 2801 239 172 2628 123 692 1147 69 53 1360 132 554 250 2229 216 828 44 21 22 1212 2922 1859 4006 58 33 449 4775 23 129
leaf_count=29 943 2801 239 172 2628 123 692 1147 69 53 1360 132 554 250 2229 216 828 44 21 22 1212 2922 1859 4006 58 33 449 4775 23 129
internal_value=-0.00032405 0.0508213 -0.467504 0.195359 -0.00177825 -0.968889 -0.368848 0.171473 0.674185 -1.42424 -0.0794064 0.0355122 -0.507103 0.265974 0.136792 -0.811654 -0.281984 1.0209 -1.25186 -1.41285 -0.137917 -0.0499595 0.0611529 0.00936134 0.50384 -0.45076 0.322486 0.0518268 -0.744351 -0.596977
internal_weight=30018 27056 2962 7219 19837 487 2475 6876 343 125 6437 13400 955 1846 5030 362 1520 113 96 43 2155 4282 6766 6634 230 587 699 4907 239 368
internal_count=30018 27056 2962 7219 19837 487 2475 6876 343 125 6437 13400 955 1846 5030 362 1520 113 96 43 2155 4282 6766 6634 230 587 699 4907 239 368
is_linear=0
shrinkage=0.05


Tree=6
num_leaves=31
num_cat=0
split_feature=297 297 298 239 297 297 249 297 44 298 293 298 251 293 252 293 239 249 181 298 160 293 293 266 293 247 298 170 292 285
split_gain=252355 71345.4 44079.5 29751.7 26802.9 9761.62 9298.73 9018.44 7016.77 5186.28 4712.96 4406.5 2274.32 1587.63 1380.97 1371.59 1316.33 1203.11 1086.31 1013.91 731.38 690.714 689.466 637.181 581.379 562.608 559.703 533.072 526.117 490.572
threshold=-10.034284591674803 -0.36506220698356623 -22.898797035217282 8.819468021392824 -4.7045488357543936 -15.353157520294188 -23.60837364196777 3.5193650722503667 -11.126580715179442 -2.7074658870697017 -6.8111436367034903 13.48070287704468 0.32949569821357733 -1.8057963848114011 -8.9770393371582013 -3.3680719137191768 -13.327876091003416 -4.5067973136901847 2.6788661479949956 -7.7646384239196768 -5.4868428707122794 -0.40242297947406763 1.6067501306533816 12.273948192596437 -2.2266370058059688 -1.4033333659172056 -12.931302547454832 -0.8999236226081847 -30.637234687805172 -1.1695700287818906
decision_type=2 2 2 2 2 2 2 2 2 2 2 2 2 2 2 2 2 2 2 2 2 2 2 2 2 2 2 2 2 2
left_child=2 4 6 7 10 16 8 12 -1 15 19 -5 21 20 26 -6 -4 -12 -9 -2 -11 -3 -14 -13 -19 -17 -7 -22 -10 -15
right_child=1 3 5 11 9 14 -8 18 28 13 17 23 22 29 -16 25 -18 24 -20 -21 27 -23 -24 -25 -26 -27 -28 -29 -30 -31
leaf_value=-1.9845721620501895 -0.20864519027584741 0.081334791701258166 -0.60746026707156275 0.54053850744524579 -0.026618193203224991 -0.40645953976646976 -0.82508691811462664 0.25023205919618963 -1.2316024481081496 -0.08265777381280294 -0.10254473410667544 0.79771575927734384 0.15020134632027601 0.058444629954703065 -0.25350417530413755 0.0072744031232794774 -0.47324933480778963 -0.051630923292616288 0.34769328255807203 -0.13262763596320337 0.025549317769343112 0.13037060266597628 0.20585010812340712 1.0642099609375 0.034990155256607314 0.055064733656577762 -0.32167156088097365 0.060669266232486356 -0.98195071750217022 0.092616430343334472
leaf_weight=33 853 1290 414 117 3368 362 241 675 51 130 1419 32 1218 2025 485 2781 327 1621 496 903 3167 1620 1025 75 220 791 421 1640 36 2182
leaf_count=33 853 1290 414 117 3368 362 241 675 51 130 1419 32 1218 2025 485 2781 327 1621 496 903 3167 1620 1025 75 220 791 421 1640 36 2182
internal_value=-0.000307848 0.0421372 -0.495465 0.186318 -0.00260671 -0.404058 -1.00415 0.16626 -1.36377 0.0288636 -0.103518 0.752615 0.137796 0.0535987 -0.319804 -0.00372677 -0.548234 -0.0679469 0.291514 -0.169554 0.0343664 0.108633 0.175632 0.984511 -0.0412797 0.0178573 -0.360871 0.0375312 -1.1283 0.0761682
internal_weight=30018 27648 2370 6548 21100 2009 361 6324 120 16084 5016 224 5153 9144 1268 6940 741 3260 1171 1756 4937 2910 2243 107 1841 3572 783 4807 87 4207
internal_count=30018 27648 2370 6548 21100 2009 361 6324 120 16084 5016 224 5153 9144 1268 6940 741 3260 1171 1756 4937 2910 2243 107 1841 3572 783 4807 87 4207
is_linear=0
shrinkage=0.05


Tree=7
num_leaves=31
num_cat=0
split_feature=299 299 299 299 299 299 299 299 44 299 258 299 299 299 299 299 299 299 251 286 251 248 250 250 245 256 284 212 292 9
split_gain=234506 67910.2 47867.7 24950.1 22159.2 11506.6 9624.58 6907.95 4904.31 4896.8 4171.92 3302.5 1592.49 1086.12 1055.42 1049.61 982.143 786.773 739.396 680.34 590.866 479.75 367.132 357.112 347.257 344.625 344.127 337.886 333.065 314.437
threshold=-8.7982563972473127 -0.10239776223897933 -21.094438552856442 9.2055773735046404 -3.5848340988159175 -30.106698989868161 -13.48679733276367 3.1288177967071538 -11.126580715179442 -5.7290277481079093 14.883357524871828 -1.744662821292877 -17.152404785156246 5.888627529144288 1.4807879328727724 -25.65254974365234 -10.819067955017088 -6.9543528556823722 -2.5946890115737911 13.321176528930666 -3.9354907274246211 -1.8063725829124448 3.0423527956008916 -5.3958306312561026 -7.263211488723754 -11.222745418548582 -1.7519453167915342 -6.884157419204711 -17.996718406677243 3.2739706039428715
decision_type=2 2 2 2 2 2 2 2 2 2 2 2 2 2 2 2 2 2 2 2 2 2 2 2 2 2 2 2 2 2
left_child=2 4 5 7 9 8 12 14 -1 17 -5 18 25 22 26 -7 24 23 -6 -12 -11 27 -9 -2 -8 -4 -3 -13 -17 -10
right_child=1 3 6 10 11 15 16 13 29 20 19 21 -14 -15 -16 28 -18 -19 -20 -21 -22 -23 -24 -25 -26 -27 -28 -29 -30 -31
leaf_value=-1.7723896748310812 -0.17023559806187497 0.090252719071446635 -0.55773015940411497 0.50579909647791843 0.0048026426743862337 -0.85165628572789631 -0.31642920448180828 0.22570701543330274 -1.0350569556741154 -0.055973233302141961 0.8516094501201924 -0.076329012339313829 -0.40677354023038226 0.35536177233501975 0.18031419595710846 -0.69115967618094554 -0.21860648445461131 -0.09238198170808852 0.035738321839479482 1.1253929138183594 -0.021041547460243643 0.08599029430067151 0.29024594831595901 -0.1147630239425883 -0.22601605626462981 -0.41142471976902178 0.13660949330994959 0.05802747696654105 -0.49101565402487052 -1.260589065551758
leaf_weight=37 703 490 322 121 3106 123 561 547 68 1903 78 48 587 349 1518 216 828 1428 5108 32 3327 3384 369 494 131 46 2188 1863 23 20
leaf_count=37 703 490 322 121 3106 123 561 547 68 1903 78 48 587 349 1518 216 828 1428 5108 32 3327 3384 369 494 131 46 2188 1863 23 20
internal_value=-0.000292455 0.0459475 -0.422665 0.199414 0.00505938 -0.875794 -0.333504 0.177884 -1.28939 -0.0617202 0.708397 0.0438893 -0.457896 0.280303 0.147007 -0.732977 -0.255349 -0.117444 0.0240405 0.931256 -0.0337519 0.0746804 0.251706 -0.147342 -0.299313 -0.539442 0.128127 0.0546527 -0.671899 -1.08631
internal_weight=30018 27056 2962 5692 21364 487 2475 5461 125 7855 231 13509 955 1265 4196 362 1520 2625 8214 110 5230 5295 916 1197 692 368 2678 1911 239 88
internal_count=30018 27056 2962 5692 21364 487 2475 5461 125 7855 231 13509 955 1265 4196 362 1520 2625 8214 110 5230 5295 916 1197 692 368 2678 1911 239 88
is_linear=0
shrinkage=0.05


Tree=8
num_leaves=31
num_cat=0
split_feature=299 299 299 299 299 299 248 299 242 44 299 299 299 299 238 299 290 226 255 289 291 299 200 299 293 243 299 299 237 247
split_gain=211649 63146.6 40515.1 24880.2 18847.6 9847.04 7638.48 6976.81 5998.62 5085.14 3583.32 2939.86 1678.28 1076.89 1056.78 1013.64 754.517 589.147 530.273 529.518 523.487 426.377 361.7 361.676 358.514 354.885 349.701 329.82 324.725 319.805
threshold=-9.3252892494201642 -0.7816573679447173 -22.807588577270504 7.5222966670989999 -4.4997386932373038 -15.5365834236145 -23.352083206176754 2.1810932159423833 17.603921890258793 -11.126580715179442 -2.7082738876342769 -6.7196080684661856 -12.054685115814207 0.53196078538894664 2.9890781641006474 -18.18132400512695 12.606764793395998 -2.4199019670486446 -5.1055433750152579 -2.4387788772583003 -5.3107812404632559 -25.65254974365234 9.3209476470947283 -1.6339216232299802 -9.9847340583801252 1.3171305656433108 4.5193874835968026 -30.106698989868161 -10.496266841888426 -3.2964291572570796
decision_type=2 2 2 2 2 2 2 2 2 2 2 2 2 2 2 2 2 2 2 2 2 2 2 2 2 2 2 2 2 2
left_child=2 4 6 7 11 15 9 13 22 -1 19 18 24 -3 -9 28 -10 -12 -2 -6 -13 -8 -5 -19 -7 -22 -16 -11 -4 -14
right_child=1 3 5 8 10 12 21 14 16 27 17 20 29 -15 26 -17 -18 23 -20 -21 25 -23 -24 -25 -26 -27 -28 -29 -30 -31
leaf_value=-1.7456896972656251 -0.15957878402739406 0.097083264134934733 -0.56813341592777677 0.39719623743101606 -0.012372225576797477 -0.34865212649833865 -0.81258978224892653 0.199003816923637 0.74908784011314655 -1.0965446606016995 0.023737327806486838 -0.084113899641816731 -0.23925033293492706 0.14280849506417537 0.23902088553605683 -0.43719872320677677 1.0052423845257674 0.044495663227927355 -0.097986327526803488 0.018145208841501687 -0.047322210440552744 -0.68035005268297699 0.54349925177437919 0.069579258093504404 -0.23852748984382269 0.13853278814886624 0.30881160460796553 -0.88440167462384256 -0.38153547668457033 -0.091204896098689037
leaf_weight=35 1166 3049 346 172 4556 615 131 1124 58 57 2035 1431 911 2229 334 353 57 3456 499 2066 2120 114 56 2460 84 26 388 27 25 38
leaf_count=35 1166 3049 346 172 4556 615 131 1124 58 57 2035 1431 911 2229 334 353 57 3456 499 2066 2120 114 56 2460 84 26 388 27 25 38
internal_value=-0.000277833 0.0417665 -0.419523 0.165684 -0.00492983 -0.34415 -0.910687 0.145657 0.581632 -1.23934 0.0243167 -0.0862366 -0.276626 0.116394 0.229324 -0.49785 0.876051 0.0469435 -0.14112 -0.00285108 -0.06069 -0.751058 0.43313 0.054926 -0.335418 -0.0450705 0.276526 -1.02836 -0.555559 -0.233322
internal_weight=30018 27282 2736 7467 19815 2372 364 7124 343 119 14573 5242 1648 5278 1846 724 115 7951 1665 6622 3577 245 228 5916 699 2146 722 84 371 949
internal_count=30018 27282 2736 7467 19815 2372 364 7124 343 119 14573 5242 1648 5278 1846 724 115 7951 1665 6622 3577 245 228 5916 699 2146 722 84 371 949
is_linear=0
shrinkage=0.05


Tree=9
num_leaves=31
num_cat=0
split_feature=296 293 296 172 298 298 295 241 44 298 293 298 298 249 256 293 170 251 298 249 284 280 296 237 296 160 298 290 291 292
split_gain=186538 51034.3 35292.7 22868.4 16831.3 8426.01 7987.48 7189.83 4815.07 3443.2 3284.96 2856.94 1734.67 1607.56 1276.85 1260.75 973.102 946.371 792.72 732.131 712.376 575.287 568.551 467.453 439.917 437.996 420.164 405.339 400.134 389.755
threshold=-9.4274644851684553 -0.61295056343078602 -22.628652572631832 9.6787352561950701 -4.5371296405792227 -14.646455764770506 2.8308138847351079 -23.12764739990234 -11.126580715179442 -2.4560948610305782 -6.1361496448516837 13.48070287704468 4.6550183296203622 0.24398691207170489 -8.8784170150756818 -17.939176559448239 -0.76196077466011036 -2.7583005428314205 -7.4091405868530265 -3.7414938211441036 -3.5812867879867549 8.882517337799074 -1.5265294313430784 -11.08102226257324 -30.293823242187496 -5.1896445751190177 1.3359193205833437 -7.1950571537017813 -3.8137960433959956 -11.748483180999754
decision_type=2 2 2 2 2 2 2 2 2 2 2 2 2 2 2 2 2 2 2 2 2 2 2 2 2 2 2 2 2 2
left_child=2 4 7 6 10 15 13 8 -1 17 18 -5 -8 22 29 -4 20 28 -2 -12 25 -13 -3 -17 -10 -11 -15 -16 -6 -7
right_child=1 3 5 11 9 14 12 -9 24 16 19 21 -14 26 27 23 -18 -19 -20 -21 -22 -23 -24 -25 -26 -27 -28 -29 -30 -31
leaf_value=-1.6662320382254465 -0.16291224500451407 0.045795347912038681 -0.52712910970052085 0.4810347755356591 -0.037114780617653241 -0.32845995840974729 0.19195158149141714 -0.70199106107882381 -1.057395717075893 -0.097720373415313991 -0.069595673450517134 0.75983708798885352 0.29723643274649442 0.12149850730880787 -0.21606284716638063 -0.43441519614277047 0.068481618879941752 0.017615323134158114 -0.10117437257824174 -0.020460382722987586 0.042638991830503049 0.99973422259819211 0.096092072524543604 -0.32734505534172059 -0.8250001907348633 0.0068274862676150133 0.16586442137431789 -0.10347659178078175 -0.0039476280448861398 -0.25915732080436715
leaf_weight=35 941 723 351 101 1642 416 1004 246 56 113 1699 64 641 1254 478 349 3136 3483 1162 1369 3675 41 2521 144 32 883 929 96 2038 396
leaf_count=35 941 723 351 101 1642 416 1004 246 56 113 1699 64 641 1254 478 349 3136 3483 1162 1369 3675 41 2521 144 32 883 929 96 2038 396
internal_value=-0.000263941 0.0381103 -0.405106 0.151588 -0.00289504 -0.330156 0.136461 -0.858054 -1.17018 0.0239686 -0.0806649 0.670889 0.232977 0.107206 -0.254313 -0.454705 0.0469377 -0.00106569 -0.128799 -0.0476706 0.0324737 0.853511 0.0848823 -0.403141 -0.972888 -0.00503387 0.140379 -0.197233 -0.0187467 -0.294662
internal_weight=30018 27419 2599 7278 20141 2230 7072 369 123 14970 5171 206 1645 5427 1386 844 7807 7163 2103 3068 4671 105 3244 493 88 996 2183 574 3680 812
internal_count=30018 27419 2599 7278 20141 2230 7072 369 123 14970 5171 206 1645 5427 1386 844 7807 7163 2103 3068 4671 105 3244 493 88 996 2183 574 3680 812
is_linear=0
shrinkage=0.05


Tree=10
num_leaves=31
num_cat=0
split_feature=299 299 299 299 299 299 299 299 33 254 299 299 241 242 299 296 249 292 279 18 247 245 293 293 241 291 220 299 299 299
split_gain=169480 52431.2 33687 21717.5 15617.4 7826.88 7326.42 7035.62 5418.62 3180.37 3026.26 2252.66 1335.4 1221.39 1026.36 710.148 662.491 641.313 632.298 572.123 440.27 437.506 395.644 389.174 379.001 365.813 353.564 345.1 344.139 322.318
threshold=-9.3252892494201642 -0.74762839078903187 -22.807588577270504 9.2055773735046404 -4.4997386932373038 -30.106698989868161 -14.106372356414793 2.4309099912643437 -11.664800167083738 16.761764526367191 -2.9608881473541255 -6.7196080684661856 -13.515136718749998 4.1225717067718515 0.80107843875885021 -11.909383296966551 -1.7638055086135862 12.937863826751711 -30.612102508544918 -2.5786337852478023 -3.4907245635986324 -3.2460002899169917 -9.9847340583801252 1.2470670342445376 -17.648855209350582 -3.3755146265029903 -4.6531372070312491 -19.551215171813961 5.888627529144288 -7.9332618713378897
decision_type=2 2 2 2 2 2 2 2 2 2 2 2 2 2 2 2 2 2 2 2 2 2 2 2 2 2 2 2 2 2
left_child=2 4 5 7 11 8 12 14 -1 -5 25 21 27 23 -3 -8 26 -11 19 -10 -13 29 -14 -9 -7 -6 -12 -4 -15 -2
right_child=1 3 6 9 10 24 15 13 18 17 16 20 22 28 -16 -17 -18 -19 -20 -21 -22 -23 -24 -25 -26 -27 -28 -29 -30 -31
leaf_value=-1.7967599374276622 -0.16165764280184425 0.091737712354950471 -0.53446643471059219 0.43493162382633321 -0.020224139589033734 -0.71704771790323374 -0.28555729470742303 0.14028251610818457 -0.89645975719798698 0.65770122951931431 -0.022619834124152343 -0.068643335603329872 -0.37278560183927145 0.25245381569375797 0.13746622589585697 -0.21175412582872788 0.053763993820521244 0.89586995777330913 -0.80764560699462895 -1.2321542835235597 -0.03187891510533114 -0.060218477276115935 -0.17619426338760943 0.21081048351755977 -0.583478889465332 0.0057059377377525373 0.030662161294041441 -0.44326894489335428 0.33440768204071447 -0.11449450529538668
leaf_weight=27 658 3369 181 109 2699 158 497 244 22 45 335 2299 491 294 1930 947 4445 76 32 30 1261 221 27 986 80 2742 4410 243 227 806
leaf_count=27 658 3369 181 109 2699 158 497 244 22 45 335 2299 491 294 1930 947 4445 76 32 30 1261 221 27 986 80 2742 4410 243 227 806
internal_value=0.000123114 0.0379068 -0.375034 0.152704 -0.00414006 -0.833856 -0.307922 0.137106 -1.18058 0.630827 0.0223966 -0.0781643 -0.416399 0.223998 0.108393 -0.237156 0.0398937 0.807295 -0.982517 -1.09013 -0.0556209 -0.125793 -0.362539 0.19682 -0.672151 -0.00715664 0.0269004 -0.4822 0.288161 -0.135692
internal_weight=29891 27156 2735 7280 19876 349 2386 7050 111 230 14631 5245 942 1751 5299 1444 9190 121 84 52 3560 1685 518 1230 238 5441 4745 424 521 1464
internal_count=29891 27156 2735 7280 19876 349 2386 7050 111 230 14631 5245 942 1751 5299 1444 9190 121 84 52 3560 1685 518 1230 238 5441 4745 424 521 1464
is_linear=0
shrinkage=0.05


Tree=11
num_leaves=31
num_cat=0
split_feature=299 299 299 238 299 299 299 299 44 299 299 299 299 249 299 299 292 296 249 240 242 133 241 294 185 279 232 183 299 21
split_gain=152955 47440.5 30402.5 17602.7 17051.6 7063.76 6612.09 5992.33 5050.96 3287.78 2984.92 1233.35 1220.74 884.305 674.735 668.171 646.622 561.583 476.537 442.35 358.377 357.77 342.048 340.351 311.518 303.751 269.606 266.216 263.427 256.915
threshold=-9.3252892494201642 0.11893050745129587 -22.807588577270504 15.498609542846681 -3.9911764860153194 -30.106698989868161 -14.106372356414793 3.8590446710586552 -11.126580715179442 -1.9044575095176695 -6.0743024349212638 -18.18132400512695 7.5222966670989999 1.26591032743454 -11.607254981994627 -2.9608881473541255 12.937863826751711 -7.2180213928222647 -1.5723791122436521 -4.2010138034820548 4.1225717067718515 -6.4876573085784903 -17.648855209350582 -12.381953716278074 -1.2516470551490781 -30.612102508544918 -2.2896435260772701 4.5031371116638192 1.8535391688346865 -1.8410307168960569
decision_type=2 2 2 2 2 2 2 2 2 2 2 2 2 2 2 2 2 2 2 2 2 2 2 2 2 2 2 2 2 2
left_child=2 4 5 7 10 8 11 13 -1 15 17 -4 20 24 -8 -6 -5 -2 21 -12 -9 -11 -7 -13 -3 29 -17 -14 -15 -10
right_child=1 3 6 16 9 22 14 12 25 18 19 23 27 28 -16 26 -18 -19 -20 -21 -22 -23 -24 -25 -26 -27 -28 -29 -30 -31
leaf_value=-1.663372802734375 -0.13585449404097977 0.082322420924314382 -0.47135812859786186 0.61398353576660158 -0.0018465367526600625 -0.68119526150860366 -0.26543296550015444 0.2105760802633514 -0.88659261294773639 -0.16696792840957642 -0.061592308301632329 -0.36726183091973985 0.30810170799794823 0.13889273055570817 -0.19619198232853571 0.0097966671527750428 0.847805033101664 -0.086909203638987895 0.071424294366395996 -0.026829300865239991 0.27834077536488494 0.045321847013423566 -0.55430496215820313 -0.25706149795908989 0.12246774359455875 -0.78581054687500007 0.03444756419609149 0.41886619567871097 0.18307482594457167 -1.114920780875466
leaf_weight=31 1008 634 342 48 4026 158 607 518 28 20 1333 519 99 631 837 1718 77 1400 3818 2919 313 2587 80 81 2032 30 3130 120 725 22
leaf_count=31 1008 634 342 48 4026 158 607 518 28 20 1333 519 99 631 837 1718 77 1400 3818 2919 313 2587 80 81 2032 30 3130 120 725 22
internal_value=0.000116959 0.0360114 -0.356282 0.171856 0.00386138 -0.792163 -0.292526 0.15741 -1.12155 0.0329318 -0.0629176 -0.395579 0.263776 0.129641 -0.225298 0.0132091 0.758018 -0.107398 0.0601722 -0.0377275 0.2361 0.0436932 -0.638543 -0.352385 0.112921 -0.91159 0.025712 0.368795 0.162515 -0.987057
internal_weight=29891 27156 2735 5197 21959 349 2386 5072 111 15299 6660 942 1050 4022 1444 8874 125 2408 6425 4252 831 2607 238 600 2666 80 4848 219 1356 50
internal_count=29891 27156 2735 5197 21959 349 2386 5072 111 15299 6660 942 1050 4022 1444 8874 125 2408 6425 4252 831 2607 238 600 2666 80 4848 219 1356 50
is_linear=0
shrinkage=0.05


Tree=12
num_leaves=31
num_cat=0
split_feature=296 297 296 238 293 297 292 297 59 289 247 246 241 251 247 297 293 249 19 296 164 292 297 249 293 293 250 189 246 188
split_gain=134074 37702.1 28382.8 16257.2 12987.5 7208.41 6532.35 5082.44 3985.06 3125.96 2480.94 1284.15 1197.31 1061.53 1034.88 1020.49 951.446 832.395 772.719 695.89 641.65 583.578 562.843 424.705 423.233 394.642 381.625 358.013 352.533 350.694
threshold=-8.9117083549499494 0.21619910746812823 -22.628652572631832 15.498609542846681 -4.2099447250366202 -14.570165634155272 -30.637234687805172 3.7268054485321049 -9.4076848030090314 -2.0462254285812373 -4.7500898838043204 -8.5357279777526838 5.7496302127838144 1.0633725523948672 -2.7260431051254268 -18.303529739379879 -0.65193539857864369 -23.60837364196777 -2.3611896038055415 -6.3403360843658438 -5.4711763858795157 12.937863826751711 -4.9237647056579581 -2.3023408651351924 0.56393539905548107 4.3903174400329599 -17.901763916015621 -1.1518223881721494 -3.7678368091583248 1.0486642122268679
decision_type=2 2 2 2 2 2 2 2 2 2 2 2 2 2 2 2 2 2 2 2 2 2 2 2 2 2 2 2 2 2
left_child=2 4 6 7 10 15 8 13 -1 14 19 -7 25 24 20 -4 23 18 -10 -2 -6 -5 -12 -11 -3 -9 -8 -16 -13 -24
right_child=1 3 5 21 9 11 26 12 17 16 22 28 -14 -15 27 -17 -18 -19 -20 -21 -22 -23 29 -25 -26 -27 -28 -29 -30 -31
leaf_value=-1.5722245841190734 -0.12604138629239001 0.075327179165201902 -0.45229658741842621 0.58328412373860672 -0.098853166888107608 -0.24974273980618614 -0.65031583901219725 0.17167595753566825 -0.80243120608122465 0.017286096582195272 -0.056261331552968308 -0.17450953331053928 0.33245535328555009 0.15040197875863115 0.014548989750044121 -0.34021263351043068 0.076814533421233622 -0.68562868179813519 -1.1968157591643158 -0.07134286748382436 -0.0066749233651258377 0.80541476955661528 -0.019329432420913253 0.048437002123653733 0.11686563267986286 0.23705396965808978 -0.51754780040067794 0.045139993396887221 -0.072903827969560922 0.076336185763230424
leaf_weight=29 1171 1285 352 48 199 874 149 417 23 1535 1360 712 243 1345 3179 480 2509 31 27 1155 3680 77 1860 3810 1173 517 85 1368 97 101
leaf_count=29 1171 1285 352 48 199 874 149 417 23 1535 1360 712 243 1345 3179 480 2509 31 27 1155 3680 77 1860 3810 1173 517 85 1368 97 101
internal_value=0.000111111 0.0345493 -0.325504 0.156928 0.00605739 -0.26724 -0.751475 0.142792 -1.06926 0.0287208 -0.0592799 -0.207723 0.233587 0.114691 0.00756791 -0.387633 0.0514142 -0.889191 -1.0154 -0.0988803 -0.0114038 0.720117 -0.0315442 0.039491 0.09515 0.207865 -0.602088 0.0237525 -0.162327 -0.0144022
internal_weight=29891 27032 2859 5105 21927 2515 344 4980 110 16280 5647 1683 1177 3803 8426 832 7854 81 50 2326 3879 125 3321 5345 2458 934 234 4547 809 1961
internal_count=29891 27032 2859 5105 21927 2515 344 4980 110 16280 5647 1683 1177 3803 8426 832 7854 81 50 2326 3879 125 3321 5345 2458 934 234 4547 809 1961
is_linear=0
shrinkage=0.05


Tree=13
num_leaves=31
num_cat=0
split_feature=299 299 299 299 299 299 299 299 44 299 299 299 299 299 299 241 231 263 241 285 291 245 196 232 251 299 212 279 257 212
split_gain=125139 39316.4 24771.6 16366.1 11163.8 5781.94 5586.86 5390.12 4323.88 2298.72 2052.43 1691.69 1063.6 912.37 877.204 555.064 437.359 414.409 403.522 392.528 339.963 335.858 328.394 312.71 303.449 295.795 253.803 246.909 232.305 212.592
threshold=-9.3252892494201642 -0.89608123898506153 -22.807588577270504 9.2055773735046404 -4.4997386932373038 -30.106698989868161 2.4309099912643437 -15.5365834236145 -11.126580715179442 14.09350109100342 -2.8881561756134029 -6.9543528556823722 -12.4860782623291 4.5193874835968026 0.41441102325916296 -14.245653152465819 -2.1015141010284419 -0.69995096325874318 -3.5713237524032588 13.691657066345217 -13.088202953338621 -3.2460002899169917 -2.6832411289215083 -0.16882354021072385 -8.115041255950926 -25.65254974365234 -7.3594853878021231 -30.612102508544918 5.4241986274719247 -5.7480392456054679
decision_type=2 2 2 2 2 2 2 2 2 2 2 2 2 2 2 2 2 2 2 2 2 2 2 2 2 2 2 2 2 2
left_child=2 4 5 6 11 8 14 15 -1 -5 22 21 -9 -8 26 -4 -12 -15 -13 -11 -17 -2 -6 -16 -14 -7 -3 -10 -19 -18
right_child=1 3 7 9 10 25 13 12 27 19 16 18 24 17 23 20 29 28 -20 -21 -22 -23 -24 -25 -26 -27 -28 -29 -30 -31
leaf_value=-1.5150301041141634 -0.12271598390472216 -0.085286141395568851 -0.43128221788714011 0.37535502115885416 -0.019232745152679968 -0.63341450487446593 0.16360135655027894 -0.26992457915390755 -0.887498046875 0.63519676471578668 0.018012175010296849 -0.064588095661394479 -0.21097868596664582 0.058357233482022444 0.088466532128307587 -0.36056255055897274 -0.044659569763711521 0.2287693601116132 -0.031734409209202175 0.83348257882254462 -0.22643613121726297 -0.049737676332394287 0.0048928189956263047 0.12484174156486989 -0.15797194346032961 -0.52191616089876036 0.074669716784283552 -0.70605621337890634 0.29711494591177962 0.043043379634340496
leaf_weight=31 1270 25 310 108 2429 117 1042 597 50 87 2958 2129 594 31 892 335 70 514 1666 35 55 180 3364 1750 495 121 3087 30 164 5355
leaf_count=31 1270 25 310 108 2429 117 1042 597 50 87 2958 2129 594 31 892 335 70 514 1666 35 55 180 3364 1750 495 121 3087 30 164 5355
internal_value=0.000105555 0.0325726 -0.322262 0.127903 -0.00539547 -0.715713 0.11517 -0.264712 -1.01372 0.543358 0.0176633 -0.0677178 -0.216289 0.193373 0.0913727 -0.381343 0.0334786 0.237127 -0.0501654 0.692082 -0.341647 -0.113657 -0.00522301 0.112561 -0.186885 -0.576728 0.0733847 -0.819457 0.245301 0.0419117
internal_weight=29891 27156 2735 7735 19421 349 7505 2386 111 230 14176 5245 1686 1751 5754 700 8383 709 3795 122 390 1450 5793 2642 1089 238 3112 80 678 5425
internal_count=29891 27156 2735 7735 19421 349 7505 2386 111 230 14176 5245 1686 1751 5754 700 8383 709 3795 122 390 1450 5793 2642 1089 238 3112 80 678 5425
is_linear=0
shrinkage=0.05


Tree=14
num_leaves=31
num_cat=0
split_feature=299 299 299 299 299 292 299 299 183 44 299 258 299 241 242 299 296 247 286 299 251 241 35 293 245 176 100 299 227 299
split_gain=112938 35489 22356.4 14509.1 10499.8 5271.23 4880.39 4705.87 3579.9 5165.81 2310.21 2125.83 1310.31 964.577 859.727 697.905 523.866 498.69 447.135 340.797 325.811 323.032 309.135 304.631 303.112 301.219 295.866 245.684 244.298 233.906
threshold=-9.3252892494201642 -0.74762839078903187 -22.807588577270504 9.2055773735046404 -4.7104978561401358 -30.637234687805172 -14.106372356414793 2.4309099912643437 -18.158104896545407 -11.126580715179442 -2.9608881473541255 14.883357524871828 -6.9543528556823722 -13.515136718749998 4.1225717067718515 0.88294118642807018 -11.909383296966551 -1.6782352924346922 13.321176528930666 -25.65254974365234 -3.6683905124664302 -3.5713237524032588 -5.1940741539001456 -9.9847340583801252 -3.2460002899169917 -1.5265541076660154 -10.947058677673338 -19.551215171813961 -1.1994794011116026 4.5193874835968026
decision_type=2 2 2 2 2 2 2 2 2 2 2 2 2 2 2 2 2 2 2 2 2 2 2 2 2 2 2 2 2 2
left_child=2 4 5 7 12 8 13 15 9 -1 20 -5 24 27 25 -3 -8 22 -13 -7 -6 -14 -12 -15 -2 -9 -10 -4 -17 -27
right_child=1 3 6 11 10 19 16 14 26 -11 17 18 21 23 -16 28 -18 -19 -20 -21 -22 -23 -24 -25 -26 29 -28 -29 -30 -31
leaf_value=-1.8195750858472743 -0.11658018506183399 0.076077499685154648 -0.44003592643948553 0.35879813529349663 -0.025993025031165032 -0.60605698262364416 -0.23529059968484001 0.062396035254103678 -0.53158212141557182 -0.84934832629035517 -0.075412804856896401 0.59533010482788085 -0.06430315219028683 -0.30322846035850515 0.2375363311474703 0.075423876592945874 -0.17190209432035969 0.045561939632551757 0.80181372226812897 -0.48637724004240124 -0.00011333692938479176 -0.032714447997329234 0.023649807421200444 -0.13072451308921532 -0.047250803593132232 0.1523726194431575 -0.76977460384368901 -0.36308758700335469 0.12299331553624729 0.201394901604488
leaf_weight=23 1270 3487 181 111 1711 121 497 73 22 34 80 80 1922 491 521 330 947 4057 39 117 4205 1398 5053 27 180 809 32 243 1482 348
leaf_count=23 1270 3487 181 111 1711 121 497 73 22 34 80 80 1922 491 521 330 947 4057 39 117 4205 1398 5053 27 180 809 32 243 1482 348
internal_value=0.000100277 0.030944 -0.306149 0.12539 -0.00364881 -0.679927 -0.251476 0.11264 -0.964465 -1.24084 0.0167724 0.51619 -0.0683202 -0.340012 0.183704 0.089158 -0.193719 0.0324607 0.663001 -0.547223 -0.00759815 -0.0510016 0.0221059 -0.294237 -0.107974 0.160902 -0.672733 -0.395936 0.11433 0.167117
internal_weight=29891 27156 2735 7280 19876 349 2386 7050 111 57 15106 230 4770 942 1751 5299 1444 9190 119 238 5916 3320 5133 518 1450 1230 54 424 1812 1157
internal_count=29891 27156 2735 7280 19876 349 2386 7050 111 57 15106 230 4770 942 1751 5299 1444 9190 119 238 5916 3320 5133 518 1450 1230 54 424 1812 1157
is_linear=0
shrinkage=0.05


Tree=15
num_leaves=31
num_cat=0
split_feature=299 299 299 299 299 292 249 125 46 299 299 299 299 299 243 242 232 280 160 121 184 190 250 284 299 257 200 257 289 251
split_gain=101987 31272.6 18143.9 12731.8 10622.1 4140.74 3931.13 3101.9 2934.87 2835.86 2183.84 1571.97 787.235 651.69 551.042 519.893 490.801 427.81 374.183 372.612 329.938 323.323 312.888 275.738 263.765 254.151 242.46 228.759 219.118 214.112
threshold=-9.6168870925903303 -0.52764707803726185 -22.807588577270504 7.5222966670989999 -4.4997386932373038 -15.155094623565672 -23.60837364196777 27.841242790222172 -10.158679485321043 2.4309099912643437 -2.3917809724807735 -6.8301239013671866 -12.4860782623291 -18.18132400512695 0.77003139257431041 2.3519362211227421 -2.6493664979934688 10.330391883850099 -6.0231642723083487 -8.7617402076721174 -1.622205853462219 -3.43926990032196 -5.3958306312561026 -1.7197861075401304 4.8989648818969735 0.082809604704380049 9.3209476470947283 -11.2299427986145 -2.1348304748535152 -7.1132550239562979
decision_type=2 2 2 2 2 2 2 2 2 2 2 2 2 2 2 2 2 2 2 2 2 2 2 2 2 2 2 2 2 2
left_child=2 4 6 9 11 13 8 26 -1 14 16 22 -7 -4 23 -11 -6 -9 -12 -10 -20 -13 -2 -3 -17 -23 -5 -15 -18 -14
right_child=1 3 5 7 10 12 -8 17 19 15 18 21 29 27 -16 24 28 -19 20 -21 -22 25 -24 -25 -26 -27 -28 -29 -30 -31
leaf_value=-1.2584560618681069 -0.11962131538377373 0.048416731765065446 -0.39993316746057017 0.28086050057116851 -0.012764281729091002 -0.24381361403785196 -0.51379838887617679 0.57438050246820216 -0.64320564426359583 0.13204078835728139 -0.076614927327719295 -0.060237723308836616 -0.18580537327082761 -0.32598260042960187 0.11089810697440793 0.16768398355554653 0.0031458483264124541 0.79242590627362652 0.025811197224306873 -0.87936731006788171 0.048359082598943975 -0.03359842820620311 -0.075344796075703005 0.083096987776754283 0.22365247311799422 0.072654701563818702 0.39517175527719356 -0.23775909693554198 0.025547936279683898 -0.13135790680685352
leaf_weight=34 1041 748 319 162 3501 626 239 82 61 709 69 1705 664 285 1604 540 2716 31 2510 23 4588 1897 647 2452 345 58 65 99 1825 248
leaf_count=34 1041 748 319 162 3501 626 239 82 61 709 69 1705 664 285 1604 540 2716 31 2510 23 4588 1897 647 2452 345 58 65 99 1825 248
internal_value=2.4436e-05 0.0285172 -0.299325 0.121999 -0.00212331 -0.246587 -0.630382 0.420147 -0.866513 0.106154 0.0191895 -0.062734 -0.200636 -0.347115 0.0869796 0.163944 0.00130333 0.634198 0.0392593 -0.707869 0.0403857 -0.0443245 -0.10265 0.0749905 0.189502 -0.0304462 0.313593 -0.303237 0.0121491 -0.170999
internal_weight=29893 27295 2598 6738 20557 2241 357 340 118 6398 15209 5348 1538 703 4804 1594 8042 113 7167 84 7098 3660 1688 3200 885 1955 227 384 4541 912
internal_count=29893 27295 2598 6738 20557 2241 357 340 118 6398 15209 5348 1538 703 4804 1594 8042 113 7167 84 7098 3660 1688 3200 885 1955 227 384 4541 912
is_linear=0
shrinkage=0.05


Tree=16
num_leaves=31
num_cat=0
split_feature=299 299 299 299 299 296 241 299 299 44 299 299 242 241 249 299 232 248 212 285 179 299 160 291 9 202 293 291 176 251
split_gain=92042.9 28324 16374.8 12324.2 8445.3 3783.31 3665.49 3374.36 2828.78 2286.85 1784.21 1132.34 678.334 648.522 614.311 533.864 473.862 371.194 356.196 320.222 315.788 299.853 295.57 293.353 255.544 241.999 228.946 219.595 213.038 201.825
threshold=-9.6168870925903303 -1.0386274456977842 -22.807588577270504 7.5222966670989999 -4.8680036067962638 -14.615942001342772 -23.12764739990234 1.8535391688346865 14.09350109100342 -11.126580715179442 -3.2063724994659419 -7.572417974472045 2.3519362211227421 -13.515136718749998 -0.089549873024225221 -12.4860782623291 -1.4793463945388792 -5.1860785484313956 -7.3594853878021231 13.691657066345217 -1.8896078467369077 4.8989648818969735 -6.0231642723083487 -3.717124223709106 1.9042885899543764 9.3070936203002947 -11.390769481658934 -3.2020112276077266 -1.6080881953239439 -7.1132550239562979
decision_type=2 2 2 2 2 2 2 2 2 2 2 2 2 2 2 2 2 2 2 2 2 2 2 2 2 2 2 2 2 2
left_child=2 4 6 7 11 13 9 14 25 -1 20 23 28 -4 18 -7 22 -13 -3 -10 -6 -14 -12 -2 -11 -5 -15 -19 -9 -17
right_child=1 3 5 8 10 15 -8 12 19 24 16 17 21 26 -16 29 -18 27 -20 -21 -22 -23 -24 -25 -26 -27 -28 -29 -30 -31
leaf_value=-1.1728536269244028 -0.11705930873193029 -0.10787544734776021 -0.36316191233121436 0.260175047843687 -0.020989302195497415 -0.22592813408232307 -0.486287315719796 0.05197177634429221 0.54858503119890079 -0.63648671725439643 -0.087216882126918749 -0.075632974513407281 0.1552117170485775 -0.2841333808208929 0.09136185372223686 -0.1763447753370625 0.038464061146334182 -0.047754596649215011 0.059730213885619825 0.73602339221585189 0.0043054212253172321 0.21246986278589222 0.016939328662762189 -0.0090772654527603702 -0.83788816134134925 0.37331319696762982 -0.12801297569274903 -0.0075143331007865091 0.12547194555621999 -0.12386196133658643
leaf_weight=34 1027 32 416 155 3216 502 239 109 86 63 69 1120 678 387 2356 657 3922 1893 3375 31 2002 345 5299 67 21 68 25 413 1032 254
leaf_count=34 1027 32 416 155 3216 502 239 109 86 63 69 1120 678 387 2356 657 3922 1893 3375 31 2002 345 5299 67 21 68 25 413 1032 254
internal_value=2.32142e-05 0.0270914 -0.284359 0.104364 -0.0064811 -0.234257 -0.598863 0.0917212 0.39914 -0.826876 0.0121118 -0.0661593 0.144957 -0.319125 0.071731 -0.184526 0.0252529 -0.0520175 0.058156 0.598248 -0.0112844 0.174522 0.0156005 -0.110446 -0.686837 0.294675 -0.27466 -0.0405476 0.11845 -0.161712
internal_weight=29893 27295 2598 8267 19028 2241 357 7927 340 118 14508 4520 2164 828 5763 1413 9290 3426 3407 117 5218 1023 5368 1094 84 223 412 2306 1141 911
internal_count=29893 27295 2598 8267 19028 2241 357 7927 340 118 14508 4520 2164 828 5763 1413 9290 3426 3407 117 5218 1023 5368 1094 84 223 412 2306 1141 911
is_linear=0
shrinkage=0.05


Tree=17
num_leaves=31
num_cat=0
split_feature=299 299 299 236 299 249 299 29 296 299 299 299 242 299 239 292 160 258 299 249 282 299 178 285 247 284 10 189 35 96
split_gain=83068.7 25592.6 14839.3 9962.91 9360.08 4197.74 2625.69 2546.42 2491.18 1846.86 1634.09 1600.66 555.333 489.518 434.955 434.315 373.661 370.638 331.271 321.43 320.416 312.948 306.648 303.431 253.623 243.497 240.159 232.026 265.295 211.813
threshold=-9.6168870925903303 -0.20698039978742597 -21.094438552856442 8.2077941894531268 -3.9911764860153194 -23.60837364196777 3.3500785827636723 -8.3407044410705549 -14.615942001342772 -6.0743024349212638 14.09350109100342 -2.2341176271438594 1.041043817996979 -12.4860782623291 3.8825818300247197 -5.4618330001831046 -6.0231642723083487 -12.774439811706541 -25.65254974365234 -3.4372919797897334 -0.49231526255607599 -7.9332618713378897 -2.3519477844238277 13.691657066345217 -4.5811495780944815 -2.04335606098175 2.11631190776825 -1.2909803986549375 -5.4224510192871085 -13.588463306427
decision_type=2 2 2 2 2 2 2 2 2 2 2 2 2 2 2 2 2 2 2 2 2 2 2 2 2 2 2 2 2 2
left_child=2 4 5 6 9 7 12 -1 17 15 -5 19 25 -10 -8 21 -13 -4 29 -6 24 -2 -11 -12 -18 -3 -9 28 -21 -7
right_child=1 3 8 10 11 18 14 26 13 22 23 16 -14 -15 -16 -17 20 -19 -20 27 -22 -23 -24 -25 -26 -27 -28 -29 -30 -31
leaf_value=-1.1253658397777662 -0.12086181826061673 0.041632418200655399 -0.31777678557804656 0.31086597284994838 -0.014082809494021811 -0.36512683370838994 0.14509163696324659 -0.57546928202519654 -0.21515720161849156 -0.039084648540354774 0.52611087706030879 -0.071710000733534493 0.11063927696207308 -0.15362622798078018 0.20719818176026364 -0.048748973230978945 -0.031675166661726609 -0.24344150557446836 -0.40105464680989589 -0.11577323800987667 0.056948602094330551 -0.078445270128263161 -0.011531247920300587 0.71195180257161461 0.035632510323811886 0.080778367490438055 -0.77151260603041882 0.026595894961593449 0.0063174151922861955 -0.53294904394057185
leaf_weight=37 720 476 448 121 1537 23 643 61 501 2578 82 75 1657 911 502 694 144 268 225 45 2095 1098 1660 30 4987 2401 21 1791 3959 103
leaf_count=37 720 476 448 121 1537 23 643 61 501 2578 82 75 1657 911 502 694 144 268 225 45 2095 1098 1660 30 4987 2401 21 1791 3959 103
internal_value=2.20535e-05 0.0257368 -0.270141 0.117814 0.000279133 -0.52441 0.104667 -0.781041 -0.213982 -0.0484277 0.438259 0.0227469 0.0875816 -0.175458 0.172321 -0.0823986 0.0393189 -0.289953 -0.437404 0.00624507 0.0404713 -0.0952439 -0.0282921 0.57589 0.0337435 0.0743017 -0.625675 0.0116366 0.00494527 -0.502315
internal_weight=29893 27295 2598 5912 21383 470 5679 119 2128 6750 233 14633 4534 1412 1145 2512 7301 716 351 7332 7226 1818 4238 112 5131 2877 82 5795 4004 126
internal_count=29893 27295 2598 5912 21383 470 5679 119 2128 6750 233 14633 4534 1412 1145 2512 7301 716 351 7332 7226 1818 4238 112 5131 2877 82 5795 4004 126
is_linear=0
shrinkage=0.05


Tree=18
num_leaves=31
num_cat=0
split_feature=299 299 299 299 299 241 299 67 236 32 299 299 250 299 241 292 183 280 212 232 294 179 248 236 133 35 299 289 21 283
split_gain=74969.5 23184.9 13392.5 10359.7 6623.85 3911.76 3034.82 2342.79 2257.14 2183.4 1480.85 779.747 655.73 510.215 472.4 407.738 357.62 357.526 325.307 316.466 309.604 297.237 287.391 252.798 235.999 235.173 205.166 204.62 193.482 263.002
threshold=-9.6168870925903303 -1.2017647027969358 -21.094438552856442 7.5222966670989999 -5.0906543731689444 -23.12764739990234 1.5689723491668703 22.333417892456058 -10.980350017547606 -11.055331230163572 -3.2063724994659419 -7.7621183395385733 3.4717853069305424 -16.238665580749508 0.34720586240291601 -10.690709590911863 -1.9941176772117613 10.330391883850099 -6.884157419204711 -0.33120587468147272 -18.018064498901364 -2.1054327487945552 -5.1101074218749991 -1.8930812478065489 -6.043902873992919 -5.4224510192871085 -25.65254974365234 1.9546497464179995 -2.5095216035842891 -31.510085105895993
decision_type=2 2 2 2 2 2 2 2 2 2 2 2 2 2 2 2 2 2 2 2 2 2 2 2 2 2 2 2 2 2
left_child=2 4 5 6 11 9 14 -5 13 -1 21 23 19 -4 18 -10 25 -9 -3 -8 26 -6 -13 -2 -20 -12 -7 -23 -11 -30
right_child=1 3 8 7 10 20 12 17 15 28 16 22 -14 -15 -16 -17 -18 -19 24 -21 -22 27 -24 -25 -26 -27 -28 -29 29 -31
leaf_value=-1.0785341099330359 -0.10811675434104272 -0.076500565786750963 -0.30797259136311061 0.26652236733201379 -0.021528255351095579 -0.47887300088153623 0.069578666228594058 0.49031433282896536 -0.18845311053982983 -0.49771871566772463 -0.096290755959657526 -0.071251377568858479 0.17142963810382705 -0.22859478308327832 0.082143282337083345 -0.13263097889783174 0.029865976314822285 0.68836972636561244 -0.11824947518296541 0.12161814044632258 -0.24862813949584961 -0.00035568378573539214 -0.039722489227370802 0.020238638799637557 0.053922142485999372 0.010821915073272728 -0.39703949284670981 0.1109489259265718 -0.78132919311523441 -0.56336104792933317
leaf_weight=35 936 49 412 223 3191 123 360 86 715 27 52 1158 608 398 1810 603 5123 31 20 1550 26 2448 1923 40 4119 3526 203 42 25 31
leaf_count=35 936 49 412 223 3191 123 360 86 715 27 52 1158 608 398 1810 603 5123 31 20 1550 26 2448 1923 40 4119 3526 203 42 25 31
internal_value=2.09508e-05 0.02445 -0.256634 0.0909437 -0.00748611 -0.49819 0.0801382 0.361591 -0.203283 -0.747326 0.00843046 -0.0639101 0.126206 -0.26897 0.0607988 -0.162914 0.0213946 0.542791 0.051574 0.11181 -0.414673 -0.0114254 -0.0515727 -0.102856 0.0530902 0.00926522 -0.427915 0.00152174 -0.607661 -0.660668
internal_weight=29893 27295 2598 8856 18439 470 8516 340 2128 118 14382 4057 2518 810 5998 1318 8701 117 4188 1910 352 5681 3081 976 4139 3578 326 2490 83 56
internal_count=29893 27295 2598 8856 18439 470 8516 340 2128 118 14382 4057 2518 810 5998 1318 8701 117 4188 1910 352 5681 3081 976 4139 3578 326 2490 83 56
is_linear=0
shrinkage=0.05


Tree=19
num_leaves=31
num_cat=0
split_feature=299 299 299 299 299 299 299 125 32 116 299 299 299 255 294 249 232 212 277 293 179 299 23 256 239 293 235 232 151 291
split_gain=67718.2 21559.7 11293.5 9349.66 6711.14 3335.53 2738.92 2118.71 1859.33 3148.49 1348.37 908.615 625.303 479.014 467.666 465.589 409.823 330.344 309.569 262.908 255.778 244.215 278.566 237.837 234.578 232.431 223.334 220.886 212.363 208.568
threshold=-10.181963443756102 -1.2017647027969358 -25.65254974365234 7.5222966670989999 -5.0906543731689444 -16.238665580749508 1.5689723491668703 27.841242790222172 -11.055331230163572 -13.142504215240477 -3.4080311059951778 -7.7621183395385733 3.8590446710586552 -11.10572576522827 -19.317960739135739 -0.089549873024225221 -2.3858039379119869 -6.884157419204711 10.234251022338869 -5.0246055126190177 -1.8896078467369077 -30.106698989868161 -5.349125623703002 -11.222745418548582 -1.9552941322326658 -5.4272940158843985 0.70236167311668407 -0.33120587468147272 -15.833237171173094 0.21144254505634311
decision_type=2 2 2 2 2 2 2 2 2 2 2 2 2 2 2 2 2 2 2 2 2 2 2 2 2 2 2 2 2 2
left_child=2 4 8 6 11 14 15 -5 9 -1 20 24 27 -7 -4 17 -12 -3 -9 -13 -6 22 -10 -16 -2 -15 -14 -8 -24 -18
right_child=1 3 5 7 10 13 12 18 21 -11 16 19 26 25 23 -17 29 -19 -20 -21 -22 -23 28 -25 -26 -27 -28 -29 -30 -31
leaf_value=-1.3194562639508929 -0.10598648446022721 -0.089121667092496706 -0.3495149617939326 0.25544865814074547 -0.022061623868442352 -0.2156162324987474 0.065788229769740539 0.46953250605885577 -0.41525548458099365 -0.48899267578125 0.0041073941951990127 -0.060461938256106622 0.086949309028021185 -0.15840836855499704 -0.28663825240789675 0.075931677311958226 0.023415959283245219 0.048685215270205591 0.65501376736548644 -0.030391668745811951 0.0018002096036833029 -0.46446352358217596 -0.76412860870361332 -0.17924498588808124 -0.012885774920384089 0.0060469708320769399 0.16649789451528074 0.11156226407425543 -0.56763044920834627 0.055490314040903578
leaf_weight=21 1122 44 346 227 3100 488 325 82 20 25 3125 1906 101 918 306 2220 5841 3734 31 1175 1761 108 20 62 72 22 698 1394 44 555
leaf_count=21 1122 44 346 227 3100 488 325 82 20 25 3125 1906 101 918 306 2220 5841 3734 31 1175 1761 108 20 62 72 22 698 1394 44 555
internal_value=1.99033e-05 0.0221538 -0.25585 0.0863966 -0.00834061 -0.219544 0.0761313 0.343512 -0.5826 -0.868117 0.00800893 -0.0633439 0.119895 -0.175425 -0.307782 0.0577588 0.0189482 0.0470803 0.520417 -0.048994 -0.0134172 -0.514195 -0.578136 -0.268545 -0.100372 -0.154559 0.156442 0.102908 -0.629036 0.0261991
internal_weight=29893 27513 2380 8856 18657 2142 8516 340 238 46 14382 4275 2518 1428 714 5998 9521 3778 113 3081 4861 192 84 368 1194 940 799 1719 64 6396
internal_count=29893 27513 2380 8856 18657 2142 8516 340 238 46 14382 4275 2518 1428 714 5998 9521 3778 113 3081 4861 192 84 368 1194 940 799 1719 64 6396
is_linear=0
shrinkage=0.05


Tree=20
num_leaves=31
num_cat=0
split_feature=299 299 299 255 299 292 299 116 299 295 299 299 21 299 291 251 133 204 293 178 183 212 293 293 124 293 293 190 281 293
split_gain=60226.9 18466.3 13571.5 7497.52 5833.02 3584.63 2432.34 1854.45 1738.67 1245.33 1095.15 1074.83 859.567 474.844 449.375 431.141 387.263 355.771 327.349 284.84 280.337 275.981 261.625 255.881 248.808 232.105 212.193 208.876 201.301 194.405
threshold=-8.1498041152954084 0.11893050745129587 -19.551215171813961 8.2052068710327166 -3.5242744684219356 -30.637234687805172 -12.944978713989256 -13.142504215240477 4.1457877159118661 13.097843170166017 -1.7165294289588926 -5.572495460510253 -4.9413506984710684 -25.65254974365234 1.585649371147156 -7.1132550239562979 -6.4876573085784903 -19.031217575073239 -13.838992118835447 -1.9102837443351743 -1.9941176772117613 -6.884157419204711 5.570711851119996 -4.2891814708709708 27.076405525207523 -5.1524705886840811 -16.854824066162106 -0.40266932547092432 0.054160142317414291 3.3700964450836186
decision_type=2 2 2 2 2 2 2 2 2 2 2 2 2 2 2 2 2 2 2 2 2 2 2 2 2 2 2 2 2 2
left_child=2 4 5 8 11 7 18 -1 14 -5 20 25 -9 -7 27 -8 -12 -14 -4 -13 -6 -18 -10 -17 -11 -2 -15 -3 -23 -22
right_child=1 3 6 9 10 13 15 12 22 24 16 19 17 26 -16 23 21 -19 -20 -21 29 28 -24 -25 -26 -27 -28 -29 -30 -31
leaf_value=-0.99960451126098637 -0.067669476950034751 0.05397422975593244 -0.24055012803993481 0.27692213428112888 0.002463096004285245 -0.44447780761718758 -0.13910233758028542 -0.26403862953186036 0.1356955856288484 0.34567810058593751 -0.14801736407809787 -0.025713222837152563 -0.79124546051025391 -0.34395910702001903 0.10433908237520691 -0.097144597365925761 -0.068659629247018281 -0.53296833674112953 -0.17938768981844622 -0.0010102207372697553 0.020344097314889911 0.037092020283570531 0.1917451954851247 0.019156080572044151 0.54045074798248627 -0.035067735096583001 -0.21436780299459188 0.082715147902047703 0.058274926005867478 0.16936003065414051
leaf_weight=32 1692 1108 604 129 3813 125 1072 20 439 20 27 3388 24 324 1564 651 56 30 343 1780 4253 4099 396 51 91 806 35 1472 1544 22
leaf_count=32 1692 1108 604 129 3813 125 1072 20 439 20 27 3388 24 324 1564 651 56 30 343 1780 4253 4099 396 51 91 806 35 1472 1544 22
internal_value=0.000308211 0.0252521 -0.200833 0.109612 0.00475514 -0.418224 -0.153695 -0.681576 0.0964547 0.382573 0.0241651 -0.0302212 -0.54405 -0.360548 0.0831917 -0.119156 0.0408968 -0.647758 -0.218397 -0.0172048 0.0123196 0.0417918 0.162277 -0.0886954 0.505357 -0.0571503 -0.331325 0.0703721 0.0428879 0.021111
internal_weight=30010 26699 3311 5219 21480 590 2721 106 4979 240 13814 7666 74 484 4144 1774 5726 54 947 5168 8088 5699 835 702 111 2498 359 2580 5643 4275
internal_count=30010 26699 3311 5219 21480 590 2721 106 4979 240 13814 7666 74 484 4144 1774 5726 54 947 5168 8088 5699 835 702 111 2498 359 2580 5643 4275
is_linear=0
shrinkage=0.05


Tree=21
num_leaves=31
num_cat=0
split_feature=299 299 299 255 299 292 299 116 237 299 297 49 299 288 293 241 208 299 299 220 299 294 53 292 239 285 211 189 176 207
split_gain=54391.6 18567.6 8853.84 7726.97 5826.24 2733.57 2563.89 1673.64 1390.25 1193.14 1171.94 838.641 713.834 653.153 488.796 341.067 328.675 303.638 281.628 280.338 279.466 263.442 249.647 245.915 240.4 233.817 222.156 198.108 197.156 176.487
threshold=-10.181963443756102 -1.0016376376152036 -21.094438552856442 8.2052068710327166 -5.0331933498382559 -30.637234687805172 2.9522593021392827 -13.142504215240477 -11.505218982696531 -3.1539704799652095 13.464892387390138 -7.7950932979583731 -7.7621183395385733 -0.1483998969197273 5.1171076297760019 -1.2117647528648374 -19.942638397216793 -25.65254974365234 -17.152404785156246 -3.9907842874526973 0.88294118642807018 -10.764149665832518 -2.8847059011459346 -5.6994781494140616 -3.1720577478408809 13.691657066345217 -5.2961163520812979 2.6862417459487919 -1.9547168016433714 -1.2368409633636472
decision_type=2 2 2 2 2 2 2 2 2 2 2 2 2 2 2 2 2 2 2 2 2 2 2 2 2 2 2 2 2 2
left_child=2 4 5 6 12 7 13 -1 18 24 -5 -9 -2 26 28 19 -13 -7 -4 22 -15 -10 -11 -14 -6 -12 29 -17 -8 -3
right_child=1 3 8 10 9 17 14 11 21 15 25 16 23 20 -16 27 -18 -19 -20 -21 -22 -23 -24 -25 -26 -27 -28 -29 -30 -31
leaf_value=-0.949624252319336 -0.090042499535889081 0.014050104271620512 -0.27336148621606043 0.25407065114667343 -0.021882127237340059 -0.42225393066406253 -0.010074195205684632 -0.29476798728660303 -0.16584130900346414 -0.086398072062282394 0.42942163376581099 -0.77949165675951093 -0.059477274470527308 0.063402560579098224 0.17534727534985495 0.030833269182859665 -0.5149873733520508 -0.32615154266357421 -0.20967865782990944 0.016455810796115338 0.092295815756943456 -0.11637138609868916 -0.00427625754674924 -0.031745638223089463 -0.00114355864785472 0.5848284553079045 0.047838953414604958 0.10574367648952609 0.11830395565693319 -0.13119890742838897
leaf_weight=32 1202 75 305 124 2371 125 31 27 769 109 84 23 1517 1782 509 2930 24 240 403 5523 1578 414 613 1690 3403 34 3105 91 848 29
leaf_count=32 1202 75 305 124 2371 125 31 27 769 109 84 23 1517 1782 509 2930 24 240 403 5523 1578 414 613 1690 3403 34 3105 91 848 29
internal_value=0.0002928 0.0199676 -0.230008 0.0830756 -0.0066364 -0.423976 0.0746106 -0.647497 -0.181695 0.00818064 0.361406 -0.516848 -0.0571804 0.0615642 0.136355 0.0192975 -0.644426 -0.359063 -0.237113 0.0126256 0.0769721 -0.148529 -0.0166741 -0.0448635 -0.00965952 0.4742 0.0454313 0.0330898 0.113776 -0.026452
internal_weight=30010 27648 2362 8199 19449 471 7957 106 1891 15040 242 74 4409 6569 1388 9266 47 365 708 6245 3360 1183 722 3207 5774 118 3209 3021 879 104
internal_count=30010 27648 2362 8199 19449 471 7957 106 1891 15040 242 74 4409 6569 1388 9266 47 365 708 6245 3360 1183 722 3207 5774 118 3209 3021 879 104
is_linear=0
shrinkage=0.05


Tree=22
num_leaves=31
num_cat=0
split_feature=299 299 299 200 299 292 299 116 299 299 295 299 21 284 293 208 296 187 289 183 183 77 297 133 193 293 294 220 176 217
split_gain=49088.4 16766.4 7990.59 6932.34 5411.65 2467.05 2279.89 1510.46 1279.17 1064.46 1029.48 748.335 735.936 529.415 487.595 316.088 310.852 295.63 279.344 279.078 261.234 325.081 226.189 223.962 223.059 192.92 189.655 187.972 186.031 171.663
threshold=-10.181963443756102 -0.89608123898506153 -21.094438552856442 9.3209476470947283 -4.8680036067962638 -30.637234687805172 2.7801948785781865 -13.142504215240477 -15.5365834236145 -2.7082738876342769 13.097843170166017 -6.9543528556823722 -4.9413506984710684 0.4735614955425263 5.570711851119996 -19.942638397216793 -11.909383296966551 -11.162389755249022 -2.0182156562805171 -2.0133824348449703 -3.372310876846313 2.9840638637542729 -1.1245747804641721 -5.8432888984680167 -8.9628176689147931 -7.8807718753814688 6.9339215755462655 -4.6531372070312491 -1.9547168016433714 13.899901866912844
decision_type=2 2 2 2 2 2 2 2 2 2 2 2 2 2 2 2 2 2 2 2 2 2 2 2 2 2 2 2 2 2
left_child=2 4 5 6 11 7 13 -1 24 18 26 25 -9 20 28 -14 -10 -7 27 23 21 -3 -13 -11 -4 -2 -5 -6 -8 -12
right_child=1 3 8 10 9 17 14 12 16 19 29 22 15 -15 -16 -17 -18 -19 -20 -21 -22 -23 -24 -25 -26 -27 -28 -29 -30 -31
leaf_value=-0.90214300155639648 -0.095594356878672126 0.016410129812725806 -0.25346437109522074 0.18875116348266602 -0.032110987646394279 -0.36875250139326421 -0.0028820042394929464 -0.231912260055542 -0.16942352966795071 -0.10937767640138284 0.41729784979336504 -0.038146433909011845 -0.71250225947453427 0.075864466904150551 0.17052483931831694 -0.47039637565612796 -0.12044709039136059 -0.2678579953312874 0.013972906861283364 0.029531054537669684 0.050431172910165779 -0.18307066884907811 0.087948315481965744 0.01130124576221897 -0.18681779437594945 -0.062600739435854633 0.31248751282691956 -0.0058548834472612167 0.11277304542422179 0.54963563617907074
leaf_weight=32 810 285 415 60 789 265 36 20 643 39 69 2940 26 2643 460 28 653 100 1635 4856 3153 22 36 2707 180 978 64 5011 1017 38
leaf_count=32 810 285 415 60 789 265 36 20 643 39 69 2940 26 2643 460 28 653 100 1635 4856 3153 22 36 2707 180 978 64 5011 1017 38
internal_value=0.00027816 0.0189693 -0.218507 0.0808208 -0.00554207 -0.402777 0.0726361 -0.615122 -0.17261 0.00917077 0.350667 -0.0519814 -0.491005 0.059015 0.12758 -0.586966 -0.144746 -0.34111 -0.00428093 0.022327 0.0461442 0.00211509 -0.0366211 0.00958731 -0.233302 -0.0775475 0.252615 -0.00942662 0.108819 0.464296
internal_weight=30010 27648 2362 7847 19801 471 7616 106 1891 15037 231 4764 74 6103 1513 54 1296 365 7435 7602 3460 307 2976 2746 595 1788 124 5800 1053 107
internal_count=30010 27648 2362 7847 19801 471 7616 106 1891 15037 231 4764 74 6103 1513 54 1296 365 7435 7602 3460 307 2976 2746 595 1788 124 5800 1053 107
is_linear=0
shrinkage=0.05


Tree=23
num_leaves=31
num_cat=0
split_feature=299 299 294 200 299 299 29 299 299 299 265 299 23 239 133 282 291 256 212 228 179 182 249 234 260 212 284 232 294 18
split_gain=44339.1 13745.1 10040.2 5380.74 4602.9 3010.28 1629.57 1438.87 1183.57 937.448 877.7 818.444 454.867 437.381 381.031 350.037 319.556 307.836 268.151 238.132 237.949 221.609 221.47 202.312 195.404 184.359 170.851 160.943 158.564 155.696
threshold=-8.1498041152954084 0.41441102325916296 -18.018064498901364 9.3209476470947283 -3.4941176176071163 -30.106698989868161 -10.440084457397459 -12.054685115814207 4.1457877159118661 -1.7165294289588926 12.360588073730471 -5.572495460510253 -4.9488890171051017 -17.364509582519528 -6.4876573085784903 -31.82635402679443 1.585649371147156 -11.222745418548582 -6.884157419204711 -2.3537199497222896 -1.9086918234825132 -7.1912801265716544 3.4015686511993413 -0.67674630880355824 -2.1347604990005489 -5.7480392456054679 -1.8554466366767881 0.83952936530113231 -10.764149665832518 2.5656446218490605
decision_type=2 2 2 2 2 2 2 2 2 2 2 2 2 2 2 2 2 2 2 2 2 2 2 2 2 2 2 2 2 2
left_child=2 4 5 8 11 6 -1 17 16 19 -5 24 -8 -7 -11 -14 26 -4 29 -6 -13 -9 -10 -20 -2 -21 -3 -27 -19 -16
right_child=1 3 7 10 9 13 12 21 22 14 -12 20 15 -15 18 -17 -18 28 23 25 -22 -23 -24 -25 -26 27 -28 -29 -30 -31
leaf_value=-0.94502417246500647 -0.053116966793618187 0.031557809918371808 -0.1949011475878846 0.24687662593653947 -0.00018005775917475861 -0.35188117639734112 -0.29406597216924035 -0.13051149684391666 0.11366852732965181 -0.14754747663225448 0.44457391592172479 -0.022321843416865179 -0.67277117411295573 -0.26299400304426934 0.046020586788654332 -0.43319139480590824 0.092798425126494027 -0.1564171518975678 0.030434434355883389 -0.077002518273451753 -6.8184550762693695e-05 -0.08549421964962739 0.16476773834228517 0.048633594159401959 0.0018169225204264982 0.016053361527923887 0.06906996720869471 0.051782198043699462 -0.086084166545312382 -0.12483876988291741
leaf_weight=24 2324 369 607 122 3088 218 24 356 401 28 104 3446 30 379 20 31 1482 361 3522 51 1844 1178 450 2696 174 4488 1711 339 103 40
leaf_count=24 2324 369 607 122 3088 218 24 356 401 28 104 3446 30 379 20 31 1482 361 3522 51 1844 1178 450 2696 174 4488 1711 339 103 40
internal_value=0.000264252 0.0216666 -0.172319 0.0998991 0.00521513 -0.339568 -0.581195 -0.126991 0.087713 0.0220866 0.337852 -0.0257029 -0.478466 -0.295452 0.0364893 -0.551018 0.0750564 -0.171464 0.0373101 0.0106852 -0.0145646 -0.0959415 0.140689 0.0383252 -0.0492905 0.0175635 0.0624152 0.0185626 -0.140804 -0.0678857
internal_weight=30010 26699 3311 4639 22060 706 109 2605 4413 14272 226 7788 85 597 6306 61 3562 1071 6278 7966 5290 1534 851 6218 2498 4878 2080 4827 464 60
internal_count=30010 26699 3311 4639 22060 706 109 2605 4413 14272 226 7788 85 597 6306 61 3562 1071 6278 7966 5290 1534 851 6218 2498 4878 2080 4827 464 60
is_linear=0
shrinkage=0.05


Tree=24
num_leaves=31
num_cat=0
split_feature=295 293 293 255 247 292 57 291 237 241 291 293 49 295 245 293 248 35 296 201 186 239 44 187 237 188 292 39 290 4
split_gain=39729.8 12733 7563.38 5300.06 4290.51 2396.69 1361.34 1273.54 1224.54 1190.4 909.44 703.284 440.716 407.232 379.271 356.842 343.258 319.07 308.023 301.038 270.542 241.787 234.775 225.997 204.563 203.707 193.01 176.449 180.086 169.779
threshold=-9.1485986709594709 0.38201683759689337 -19.303315162658688 8.2052068710327166 -3.6413234472274776 -30.637234687805172 -9.4288234710693342 -2.1816340684890743 -10.036899566650389 1.7891112565994265 -5.6100678443908683 12.84140205383301 -7.7950932979583731 6.2142541408538827 -2.647967934608459 -3.3115469217300411 -16.476085662841793 -5.4224510192871085 -16.132477760314938 -18.719039916992184 -0.3455411940813064 -3.090078473091125 -1.3061056733131406 1.0416246056556704 -6.7874927520751944 -0.80535292625427235 -10.985982418060301 -8.8577408790588361 -25.257124900817868 3.4018430709838872
decision_type=2 2 2 2 2 2 2 2 2 2 2 2 2 2 2 2 2 2 2 2 2 2 2 2 2 2 2 2 2 2
left_child=2 4 5 9 10 6 -1 15 18 23 24 -5 -8 -11 26 25 27 22 -4 -14 -9 -19 -12 -3 -2 -6 -10 -7 -29 -13
right_child=1 3 8 11 7 16 12 20 14 13 17 29 19 -15 -16 -17 -18 21 -20 -21 -22 -23 -24 -25 -26 -27 -28 28 -30 -31
leaf_value=-0.87898986816406266 -0.082970662345022164 0.051676165221786675 -0.21993571548234847 0.25317455150462964 -0.013256997005225779 -0.19698753356933596 -0.30073607872272362 0.024232719544194536 -0.13682948623989757 0.10062652830543746 0.030047781896941801 0.32813142367771697 -0.69017495654878169 0.16062793838245243 0.005879153237199515 0.012263899420270584 -0.23961320761795882 -0.025451425247677212 -0.15990500490750731 -0.44499109329715858 0.044371072074066431 0.00082853362420252691 -0.11776412256294862 0.081664300690985736 -0.049022397012050356 0.017791631160238488 -0.095215085719039153 -0.39977981785693806 -0.31135439644468593 0.47506630926421195
leaf_weight=25 596 2065 336 135 3384 24 29 5466 475 1346 34 28 21 358 72 4353 182 2208 587 31 2400 1450 128 903 1737 626 674 83 188 66
leaf_count=25 596 2065 336 135 3384 24 29 5466 475 1346 34 28 21 358 72 4353 182 2208 587 31 2400 1450 128 903 1737 626 674 83 188 66
internal_value=0.000251039 0.0184393 -0.181719 0.091435 0.00245542 -0.341403 -0.556457 0.0159349 -0.138297 0.0799234 -0.0330977 0.326291 -0.45691 0.113232 -0.105443 0.00235091 -0.293614 -0.0180753 -0.181758 -0.544008 0.0303771 -0.0150343 -0.0867419 0.0607999 -0.057695 -0.00841 -0.112419 -0.326929 -0.338437 0.431298
internal_weight=30010 27283 2727 4901 22382 583 106 16229 2144 4672 6153 229 81 1704 1221 8363 477 3820 923 52 7866 3658 162 2968 2333 4010 1149 295 271 94
internal_count=30010 27283 2727 4901 22382 583 106 16229 2144 4672 6153 229 81 1704 1221 8363 477 3820 923 52 7866 3658 162 2968 2333 4010 1149 295 271 94
is_linear=0
shrinkage=0.05


Tree=25
num_leaves=31
num_cat=0
split_feature=299 299 299 240 299 235 257 299 25 296 299 251 293 293 289 186 293 293 160 19 296 226 27 239 215 27 285 181 299 215
split_gain=36454.2 11503.9 7545.18 4560.18 3442.12 1762.51 1446.3 1138.61 986.961 692.052 665.298 661.859 362.222 264.963 238.233 236.332 231.437 214.449 198.226 198.129 198.128 179.113 173.909 173.731 239.007 172.897 199.833 168.056 168.027 164.363
threshold=-8.1498041152954084 0.11893050745129587 -19.551215171813961 8.5830063819885272 -3.4941176176071163 -23.207137107849118 -11.2299427986145 3.3500785827636723 -7.1010456085205069 13.685306549072267 -1.9044575095176695 -4.4765210151672354 -9.1334681510925275 -0.5707598328590392 -20.232165336608883 -0.066870268434286104 4.3903174400329599 -4.4309198856353751 -4.2672364711761466 -0.5478186011314391 -14.615942001342772 -2.4457142353057857 -1.1925979852676389 -1.5415850281715391 -6.6030228137969962 5.0847058296203622 13.691657066345217 -5.2087137699127188 -6.5963170528411856 -22.605702400207516
decision_type=2 2 2 2 2 2 2 2 2 2 2 2 2 2 2 2 2 2 2 2 2 2 2 2 2 2 2 2 2 2
left_child=2 4 5 7 11 8 20 15 -1 -5 21 28 27 -13 29 -3 -9 -14 19 -12 -4 -6 -10 24 -20 26 -11 -8 -2 -7
right_child=1 3 6 9 10 14 12 16 22 25 18 13 17 -15 -16 -17 -18 -19 23 -21 -22 -23 -24 -25 -26 -27 -28 -29 -30 -31
leaf_value=-0.74045476277669275 -0.060794500161332699 0.048663874798025697 -0.19924293487995595 0.21506655532701879 -0.0018074600349735103 -0.18902248596322949 -0.12955393549824551 0.096858102869656348 -0.3484868505421807 0.37087648370686699 0.043731965991901239 -0.014133617584877252 -0.07881054115990932 0.047445687701030331 -0.2290717697143555 0.073738655009795998 0.14130235582390088 0.0180119477933453 -0.13596474081277848 -0.047562829518499668 -0.14940451179420092 0.014590821216068459 -0.49579548871878426 0.038543725736642005 0.022713468508860014 0.26176472468809647 0.52958687373570035 -0.08826128865215159 -0.034021659013857716 -0.31415461310441944
leaf_weight=30 855 1623 444 113 2641 29 726 576 51 68 96 5007 737 181 175 2232 596 62 24 156 362 4507 33 4051 2117 22 28 373 1863 276
leaf_count=30 855 1623 444 113 2641 29 726 576 51 68 96 5007 737 181 175 2232 596 62 24 156 362 4507 33 4051 2117 22 28 373 1863 276
internal_value=0.000657235 0.0199906 -0.15619 0.0862841 0.00377648 -0.317548 -0.120744 0.0763025 -0.494278 0.303504 0.0190353 -0.0224565 -0.0969148 -0.0119852 -0.275575 0.0631819 0.119459 -0.0712974 0.030686 -0.0127839 -0.176859 0.00853208 -0.406358 0.0324551 0.0209347 0.388194 0.417167 -0.115539 -0.0424436 -0.302257
internal_weight=30054 26756 3298 5258 21498 594 2704 5027 114 231 13592 7906 1898 5188 480 3855 1172 799 6444 252 806 7148 84 6192 2141 118 96 1099 2718 305
internal_count=30054 26756 3298 5258 21498 594 2704 5027 114 231 13592 7906 1898 5188 480 3855 1172 799 6444 252 806 7148 84 6192 2141 118 96 1099 2718 305
is_linear=0
shrinkage=0.05


Tree=26
num_leaves=31
num_cat=0
split_feature=299 299 299 299 299 241 3 256 299 63 247 0 281 232 289 280 244 285 295 295 190 288 160 39 296 292 292 133 299 27
split_gain=32911.7 10260.6 7050.97 4147.44 2970.02 1872.87 1240.98 1133.82 966.087 715.204 664.52 550.932 561.07 480.548 329.336 292.098 290.994 258.674 244.527 220.989 220.331 206.959 205.349 199.852 199.271 192.183 180.7 177.965 177.633 167.777
threshold=-7.9332618713378897 0.11893050745129587 -18.18132400512695 9.2055773735046404 -3.2063724994659419 -23.12764739990234 3.0838234424591069 -10.426260471343992 3.3500785827636723 21.145302772521976 -3.5225354433059688 2.7220491170883183 -31.101564407348629 -1.4353281855583189 -20.232165336608883 10.330391883850099 -1.8214337825775144 -5.7499999999999991 0.95686271786689769 3.0108332633972172 -0.40266932547092432 -15.679882526397703 -6.0231642723083487 -1.5645449161529539 -11.480784416198729 -0.38960787653923029 -3.2843790054321285 -6.043902873992919 -2.0041923522949214 -1.6439254283905027
decision_type=2 2 2 2 2 2 2 2 2 2 2 2 2 2 2 2 2 2 2 2 2 2 2 2 2 2 2 2 2 2
left_child=2 4 5 8 10 6 11 21 20 -5 17 12 -1 22 29 -11 24 -2 26 -10 -3 -4 23 -6 -9 -15 -12 -24 -29 -7
right_child=1 3 7 9 13 14 -8 16 19 15 18 -13 -14 25 -16 -17 -18 -19 -20 -21 -22 -23 27 -25 -26 -27 -28 28 -30 -31
leaf_value=-0.65781118774414071 -0.046994108618004668 0.04404817393064564 -0.19562070756345185 0.19913782958984375 0.044099243549686494 -0.25223809313935203 -0.83136242866516119 -0.1195268492509679 0.074925818410860434 0.3249916966756185 -0.014418901827469202 -0.19643958663940431 -0.35282021321748436 0.024047675602163851 -0.21058017838169152 0.5051454544067383 0.016365640084533131 -0.022264494964745175 0.087333801719877466 0.12515594108955011 0.069016095478443451 -0.14006942515825702 -0.10081929625677211 -0.10386056975537056 -0.079617494276927409 0.043440225611436532 0.0062045718360972668 0.0052271121896911368 0.022227280826074558 -0.32379641896810663
leaf_weight=25 1663 1369 222 125 33 185 20 410 294 90 2476 25 38 4042 284 30 68 2904 72 858 2492 685 35 74 1319 1868 1860 3726 2615 147
leaf_count=25 1663 1369 222 125 33 185 20 410 294 90 2476 25 38 4042 284 30 68 2904 72 858 2492 685 35 74 1319 1868 1860 3726 2615 147
internal_value=0.000624373 0.0193986 -0.145199 0.0819699 0.00400171 -0.283781 -0.47584 -0.108093 0.0721528 0.28284 -0.0179031 -0.395039 -0.473848 0.0198651 -0.250109 0.37003 -0.0850911 -0.0312694 -0.0040546 0.112337 0.0601632 -0.153666 0.0104645 -0.0582281 -0.0890813 0.0301772 -0.00557212 0.0116173 0.0122379 -0.283922
internal_weight=30054 26626 3428 5258 21368 724 108 2704 5013 245 8975 88 63 12393 616 120 1797 4567 4408 1152 3861 907 6483 107 1729 5910 4336 6376 6341 332
internal_count=30054 26626 3428 5258 21368 724 108 2704 5013 245 8975 88 63 12393 616 120 1797 4567 4408 1152 3861 907 6483 107 1729 5910 4336 6376 6341 332
is_linear=0
shrinkage=0.05


Tree=27
num_leaves=31
num_cat=0
split_feature=299 299 299 240 299 241 299 29 299 299 297 184 256 246 293 240 284 248 244 217 11 165 183 133 273 285 178 247 160 155
split_gain=29702.8 9260.21 6367.87 3750.97 2689.05 1441.97 1305.26 1131.79 921.504 589.239 587.095 474.222 318.131 255.033 244.493 227.689 213.366 211.072 209.185 200.264 193.104 190.287 167.106 165.931 162.91 158.746 152.927 150.474 146.593 151.451
threshold=-7.9332618713378897 0.11893050745129587 -19.551215171813961 8.5830063819885272 -3.5848340988159175 -23.12764739990234 -11.607254981994627 -8.3407044410705549 3.3500785827636723 -2.0041923522949214 13.464892387390138 -3.0513855218887325 -11.683529376983641 -2.1785514354705806 1.5103267431259157 -16.127262115478512 -2.04335606098175 -4.6550123691558829 5.1375656127929696 -2.2199999094009395 -0.63174021244049061 -4.97365379333496 -8.7521319389343244 -6.2450718879699698 -3.9634728431701656 13.691657066345217 2.9599999189376835 1.4248988032341006 -4.2117791175842276 -3.8778777122497554
decision_type=2 2 2 2 2 2 2 2 2 2 2 2 2 2 2 2 2 2 2 2 2 2 2 2 2 2 2 2 2 2
left_child=2 4 5 8 11 7 12 -1 16 21 -5 17 -4 22 26 -7 -3 -2 -10 23 -9 -6 -8 -11 -14 -12 -13 -18 29 -25
right_child=1 3 6 10 9 15 13 20 18 19 25 14 24 -15 -16 -17 27 -19 -20 -21 -22 -23 -24 28 -26 -27 -28 -29 -30 -31
leaf_value=-0.71303994496663414 -0.047650883253195775 0.025097730451964506 -0.16951566662704737 0.19127621737393466 -0.047858377095982202 -0.27654688985724202 -0.12614122580366524 -0.2688509131202827 0.096616172363393094 -0.12082138476164446 0.31434384279472888 -0.011459808936413046 -0.12412602826015756 0.034079084691463736 0.11553402134241203 -0.2058358664041037 0.054666367180586956 -0.022515485993351663 0.14810731743436412 0.032119842340602285 -0.42640169753534041 0.0078103212528353276 -0.073630081378960641 0.06341560238874272 0.020801915973424914 0.44065182277134485 0.068966228812932975 0.077933128408896615 0.019535905641791584 -0.04769329960288117
leaf_weight=30 1592 461 627 110 157 304 171 37 921 23 86 3966 636 51 39 182 2419 1757 251 5132 41 6899 1329 38 20 35 60 975 1546 159
leaf_count=30 1592 461 627 110 157 304 171 37 921 23 86 3966 636 51 39 182 2419 1757 251 5132 41 6899 1329 38 20 35 60 975 1546 159
internal_value=0.000593154 0.0184286 -0.137939 0.0778714 0.00380163 -0.28679 -0.10674 -0.452048 0.0688186 0.0167306 0.274878 -0.0205322 -0.144049 -0.0758778 -0.00905432 -0.250067 0.057015 -0.034464 0.107644 0.0271222 -0.351666 0.00657166 -0.0796164 0.0125992 -0.119707 0.350879 -0.0102612 0.0613502 0.0143598 -0.0262611
internal_weight=30054 26626 3428 5258 21368 594 2834 108 5027 13954 231 7414 1283 1551 4065 486 3855 3349 1172 6898 78 7056 1500 1766 656 121 4026 3394 1743 197
internal_count=30054 26626 3428 5258 21368 594 2834 108 5027 13954 231 7414 1283 1551 4065 486 3855 3349 1172 6898 78 7056 1500 1766 656 121 4026 3394 1743 197
is_linear=0
shrinkage=0.05


Tree=28
num_leaves=31
num_cat=0
split_feature=299 299 299 299 299 235 29 294 299 63 299 248 299 23 289 220 280 256 189 244 187 53 232 131 9 5 26 260 273 183
split_gain=26809.2 8471.89 5561.29 3527.74 2374.11 1541.97 1222.57 900.841 863.323 591.555 492.749 475.777 299.298 291.699 262.281 251.202 245.891 228.092 221.224 216.814 212.635 200.256 183.865 179.091 174.903 161.311 151.515 146.18 142.542 140.967
threshold=-8.1498041152954084 -0.1522322744131088 -18.18132400512695 9.2055773735046404 -3.5848340988159175 -23.207137107849118 -10.440084457397459 2.5960271358489995 -11.607254981994627 21.145302772521976 -5.572495460510253 -2.0694363117218013 5.888627529144288 -5.349125623703002 -20.232165336608883 -4.5353045463562003 10.330391883850099 -11.683529376983641 -0.56855392456054676 -1.8214337825775144 3.332941055297852 -3.145302295684814 -1.2605882287025449 -2.526079416275024 1.9042885899543764 3.617805123329163 -0.74099996685981739 -2.1347604990005489 -3.9634728431701656 -8.7521319389343244
decision_type=2 2 2 2 2 2 2 2 2 2 2 2 2 2 2 2 2 2 2 2 2 2 2 2 2 2 2 2 2 2
left_child=2 4 5 7 10 6 -1 22 17 -5 27 15 -9 -8 25 21 26 -4 -13 29 23 -6 -3 -12 -15 -7 -11 -2 -19 -10
right_child=1 3 8 9 11 14 13 12 19 16 20 18 -14 24 -16 -17 -18 28 -20 -21 -22 -23 -24 -25 -26 -27 -28 -29 -30 -31
leaf_value=-0.7508544921875 -0.041310542421836099 0.027745048471036055 -0.15632137016355416 0.179941357421875 -0.096913573531543507 -0.26895040878107851 -0.19738951778411867 0.082335774585322707 -0.12080533327879731 0.39582198308064392 -0.024201139568021057 0.017235166992245473 0.13549412285409324 -0.34038162285631357 -0.18969680893589075 0.0081606580494258899 0.45932919820149742 -0.11587028643963011 0.035684004456714373 0.033354415874118394 0.091534035861492169 -0.014110302119641691 0.054533125271562378 -0.0046327216683146382 -0.51304627331820407 -0.16396562371935164 0.25268810354173182 0.006821480305237178 0.019762709513306619 -0.071146932626350398
leaf_weight=23 2369 808 517 125 85 284 25 1374 162 26 1890 4565 328 44 284 5675 30 616 2523 46 50 518 3091 3066 22 42 64 169 20 1213
leaf_count=23 2369 808 517 125 85 284 25 1374 162 26 1890 4565 328 44 284 5675 30 616 2523 46 50 518 3091 3066 22 42 64 169 20 1213
internal_value=0.000563497 0.0171432 -0.133944 0.0703536 0.00226662 -0.256368 -0.42516 0.0622302 -0.0995091 0.256065 -0.020159 0.014924 0.0925802 -0.342841 -0.224824 0.00490044 0.335361 -0.131656 0.0238021 -0.0734253 -0.0110602 -0.0257824 0.0489818 -0.0120953 -0.397937 -0.255425 0.294038 -0.0381055 -0.111605 -0.0769976
internal_weight=30054 26756 3298 5846 20910 724 114 5601 2574 245 7544 13366 1702 91 610 6278 120 1153 7088 1421 5006 603 3899 4956 66 326 90 2538 636 1375
internal_count=30054 26756 3298 5846 20910 724 114 5601 2574 245 7544 13366 1702 91 610 6278 120 1153 7088 1421 5006 603 3899 4956 66 326 90 2538 636 1375
is_linear=0
shrinkage=0.05


Tree=29
num_leaves=31
num_cat=0
split_feature=299 299 235 259 299 235 299 29 299 62 248 190 293 23 280 189 246 280 237 249 284 293 9 180 124 65 299 216 293 62
split_gain=24207.4 7565.94 5213.75 3338.31 1827.6 1174.22 1114.81 1103.37 994.952 480.913 441.64 324.315 292.326 263.258 257.11 241.131 233.831 224.83 224.387 211.236 191.462 159.218 157.851 151.808 148.226 148.094 133.576 161.81 132.801 129.134
threshold=-7.9332618713378897 -0.52764707803726185 -14.873272418975828 8.5084495544433612 -3.9911764860153194 -23.207137107849118 -12.4860782623291 -10.440084457397459 3.1288177967071538 20.100801467895511 -2.505124449729919 -3.9092642068862911 -15.104631900787352 -5.349125623703002 1.9768007993698122 -1.1518223881721494 -2.1785514354705806 10.330391883850099 -1.3205999732017515 2.9624139070510869 -5.0290803909301749 -9.1334681510925275 1.9042885899543764 -1.0260450243949888 -1.748078405857086 0.70725491642951976 -22.807588577270504 -22.569657325744625 -1.0000000180025095e-35 -2.2127641439437862
decision_type=2 2 2 2 2 2 2 2 2 2 2 2 2 2 2 2 2 2 2 2 2 2 2 2 2 2 2 2 2 2
left_child=2 4 5 8 11 7 12 -1 14 -5 20 -2 -4 -9 23 -12 21 -11 -13 -10 25 -8 -15 -3 -14 -6 27 -7 -20 -22
right_child=1 3 6 9 10 26 16 13 19 17 15 18 24 22 -16 -17 -18 -19 28 -21 29 -23 -24 -25 -26 -27 -28 -29 -30 -31
leaf_value=-0.71331176757812509 -0.038445884209871294 0.024254646875459231 -0.16679192621470529 0.17388371434705011 -0.012819507731226596 -0.1245463598342169 -0.090412493337318739 -0.18751999950408937 0.074674697441860727 0.27636398315429689 0.010454175178491917 -0.01818741149306553 -0.12146453688519301 -0.32336214564063331 0.064714216129466387 0.027423525741311738 0.030307968265777974 0.43249457574659778 0.009631887995340949 0.11523548037506813 -0.017416899560943364 -0.059985747307487826 -0.48739396767182791 0.045846764682483866 -0.032366285386938129 -0.06975830686050695 -0.20240689022637112 -0.27112639395745247 0.098927677036566741 0.0068189214546882249
leaf_weight=23 2000 1159 462 116 567 21 869 25 639 90 4587 3501 551 44 1354 3851 54 31 439 645 635 851 22 2735 51 143 273 182 46 4088
leaf_count=23 2000 1159 462 116 567 21 869 25 639 90 4587 3501 551 44 1354 3851 54 31 439 645 635 851 22 2735 51 143 273 182 46 4088
internal_value=0.000535322 0.0166366 -0.124527 0.0622869 0.00107501 -0.259767 -0.0964113 -0.403902 0.0555985 0.246627 0.0110398 -0.0220158 -0.136875 -0.325699 0.0459461 0.0181988 -0.0721419 0.316364 -0.013772 0.0950499 -7.87924e-05 -0.0753583 -0.378039 0.0394201 -0.113916 -0.0242875 -0.225247 -0.255963 0.0181012 0.00356045
internal_weight=30054 26626 3428 6769 19857 590 2838 114 6532 237 13871 5986 1064 91 5248 8438 1774 121 3986 1284 5433 1720 66 3894 602 710 476 203 485 4723
internal_count=30054 26626 3428 6769 19857 590 2838 114 6532 237 13871 5986 1064 91 5248 8438 1774 121 3986 1284 5433 1720 66 3894 602 710 476 203 485 4723
is_linear=0
shrinkage=0.05


Tree=30
num_leaves=31
num_cat=0
split_feature=299 299 298 299 299 51 290 240 299 251 85 251 251 182 284 3 236 289 133 178 257 9 173 286 89 212 299 270 19 220
split_gain=23182.9 7885.3 4749.87 3502.31 2468.61 2040.08 1432.16 1167.1 798.294 544.969 369.321 339.77 333.274 314.864 301.56 263.671 252.362 230.353 230.046 198.182 195.102 186.082 185.98 185.029 163.208 152.888 147.779 133.848 126.3 118.67
threshold=-10.48062753677368 -1.2654544711112974 -30.532202720642086 7.5222966670989999 -5.3688571453094474 -9.4915728569030744 -17.763142585754391 1.0741736292839053 14.09350109100342 -2.5505243539810176 -11.776545047760008 3.4847058057785039 -6.1269469261169425 -8.2642750740051252 -2.1997479200363155 2.9171917438507085 3.8276777267456059 -20.232165336608883 -5.686764955520629 -1.5100980401039121 1.5646298527717593 3.2739706039428715 -3.8658331632614131 10.063361167907717 -0.70599091053009022 -6.884157419204711 1.05357301235199 0.68666666746139537 -1.7069349288940427 -5.4056861400604239
decision_type=2 2 2 2 2 2 2 2 2 2 2 2 2 2 2 2 2 2 2 2 2 2 2 2 2 2 2 2 2 2
left_child=2 4 5 7 12 -1 15 14 -5 22 -7 27 -2 24 18 17 19 -4 -3 -11 -14 -12 29 -10 -8 -20 -16 -9 -15 -6
right_child=1 3 6 8 9 10 13 11 23 16 21 -13 20 28 26 -17 -18 -19 25 -21 -22 -23 -24 -25 -26 -27 -28 -29 -30 -31
leaf_value=-0.81720096982758617 -0.060907799339428005 -0.14983835762197323 -0.24972342837615852 0.14869347665824142 -0.057839815849896337 -0.16024045077237217 -0.12729919713910584 0.042855816376013836 0.23820446935193293 0.0026353433414940054 -0.34118604649196976 0.10542872324711135 -0.031926100984493701 -0.061551043124702887 0.03281565049090264 -0.1246127193624323 0.17405918836593628 -0.18009658617393995 -0.073299276098913083 0.01879976207565863 0.117634839090434 -0.508044636497895 -0.0039053316488360315 0.36061379403779004 -0.19769035729890069 0.016810179615989265 0.053036024712404539 0.071034935967325727 -0.10366798344976413 -0.017324025323948524
leaf_weight=29 1428 22 267 255 244 22 579 610 58 3392 55 595 2466 246 3649 88 24 214 49 4300 22 24 5940 66 96 1197 1201 1363 644 697
leaf_count=29 1428 22 267 255 244 22 579 610 58 3392 55 595 2466 246 3649 88 24 214 49 4300 22 24 5940 66 96 1197 1201 1363 644 697
internal_value=-0.000321737 0.0123052 -0.154131 0.050513 -0.0064035 -0.447557 -0.136256 0.0440211 0.199296 0.00305337 -0.341422 0.0723103 -0.0416543 -0.111558 0.0321468 -0.204188 0.0121767 -0.218746 0.0104367 0.0116716 -0.0306036 -0.391877 -0.00717707 0.303358 -0.13731 0.0132665 0.0378228 0.0623227 -0.0920267 -0.0278297
internal_weight=29842 27578 2264 9065 18513 130 2134 8686 379 14597 101 2568 3916 1565 6118 569 7716 481 1268 7692 2488 79 6881 124 675 1246 4850 1973 890 941
internal_count=29842 27578 2264 9065 18513 130 2134 8686 379 14597 101 2568 3916 1565 6118 569 7716 481 1268 7692 2488 79 6881 124 675 1246 4850 1973 890 941
is_linear=0
shrinkage=0.05


Tree=31
num_leaves=31
num_cat=0
split_feature=299 299 241 299 299 44 299 241 62 184 284 241 289 236 133 251 87 299 286 245 255 257 239 18 121 295 3 212 275 174
split_gain=20922.6 7116.48 4329.55 3160.83 2227.92 2026.72 1323.76 1042.23 726.294 496.744 331.803 301.845 297.482 240.558 236.205 216.036 208.265 208.053 191.238 180.971 176.094 170.383 169.615 163.11 147.874 142.732 134.685 132.194 163.832 122.318
threshold=-10.48062753677368 -1.2654544711112974 -23.12764739990234 7.5222966670989999 -5.3688571453094474 -11.126580715179442 -16.238665580749508 1.7891112565994265 20.100801467895511 -2.131725430488586 -2.1997479200363155 -5.2248282432556143 -20.232165336608883 3.8276777267456059 -6.043902873992919 3.4847058057785039 -12.127948284149168 1.05357301235199 10.063361167907717 -7.263211488723754 -7.6652941703796378 1.5646298527717593 -3.0352631807327266 3.5127450227737431 -8.7617402076721174 -4.6276471614837638 1.3641873598098757 -5.5562252998352042 -2.31165599822998 -5.4961602687835684
decision_type=2 2 2 2 2 2 2 2 2 2 2 2 2 2 2 2 2 2 2 2 2 2 2 2 2 2 2 2 2 2
left_child=2 4 5 7 11 -1 12 10 -5 20 14 -2 16 22 -3 -9 -4 -12 -10 -8 -6 -13 -11 -16 -7 -22 -18 28 -24 -14
right_child=1 3 6 8 9 24 19 15 18 13 17 21 29 -15 23 -17 26 -19 -20 -21 25 -23 27 -25 -26 -27 -28 -29 -30 -31
leaf_value=-0.76716627641157675 -0.054499251323255671 -0.16038302486762404 -0.091452229817708341 0.14221754626417712 -0.098641580455708061 -0.27704303893778059 -0.10666664749223986 0.063587280094297358 0.22996852013372604 -0.0051859862175594081 0.032016355200309453 -0.028128090708788134 -0.16178637959503242 0.17226250210533972 0.016322272278371488 0.10044250356056042 -0.25423185599900283 0.0535013105231293 0.35627845237995021 -0.055667328255847817 -0.023149576829993621 0.11175309541550549 0.027016326964453413 -0.076691525809618896 -0.4251589915969155 -0.0034648452147278473 -0.18296895387149092 0.014505655015566811 -0.089637254230568522 -0.060666565597057347
leaf_weight=33 1816 20 30 259 53 72 1118 1279 62 1455 3947 2078 457 23 1237 577 193 1577 58 206 1130 22 54 49 22 4976 101 6838 68 32
leaf_count=33 1816 20 30 259 53 72 1118 1279 62 1455 3947 2078 457 23 1237 577 193 1577 58 206 1130 22 54 49 22 4976 101 6838 68 32
internal_value=-0.00030565 0.0116899 -0.146425 0.0479873 -0.00608333 -0.430056 -0.129569 0.04182 0.189331 0.0029007 0.0327914 -0.0395716 -0.179788 0.0107809 0.0101264 0.075045 -0.216945 0.0381499 0.291018 -0.0987317 -0.00789545 -0.0266627 0.0103396 0.0127782 -0.311708 -0.00710778 -0.22975 0.0135852 -0.0380037 -0.155169
internal_weight=29842 27578 2264 9065 18513 127 2137 8686 379 14597 6830 3916 813 8438 1306 1856 324 5524 120 1324 6159 2100 8415 1286 94 6106 294 6960 122 489
internal_count=29842 27578 2264 9065 18513 127 2137 8686 379 14597 6830 3916 813 8438 1306 1856 324 5524 120 1324 6159 2100 8415 1286 94 6106 294 6960 122 489
is_linear=0
shrinkage=0.05


Tree=32
num_leaves=31
num_cat=0
split_feature=237 295 298 200 299 296 57 299 299 49 292 296 255 289 182 182 3 165 183 114 256 247 212 170 298 226 35 272 57 285
split_gain=18993.1 6156.81 4255.48 2588.98 2042.42 1680.72 1509.71 846.347 636.964 436.605 352.614 304.97 278.761 272.952 270.613 227.52 221.757 211.297 206.99 245.006 205.026 203.354 187.979 144.689 143.768 127.036 121.959 120.722 117.184 116.372
threshold=-7.3317301273345938 -0.23026395589113233 -30.532202720642086 9.3209476470947283 -4.7104978561401358 -16.132477760314938 -9.4288234710693342 1.7570807337760928 -2.1340724229812618 -7.7950932979583731 10.033263206481935 -10.678526878356932 -5.6388795375823966 -20.232165336608883 2.4352679252624516 -2.8560130596160884 2.7904901504516606 -17.344465255737301 -2.4085017442703243 4.2333333492279062 2.2587417364120488 -0.93056029081344593 -7.7565615177154532 1.4781154394149782 -4.9024827480316153 -2.543032050132751 3.9239645004272465 3.1054247617721562 -3.8465098142623897 13.691657066345217
decision_type=2 2 2 2 2 2 2 2 2 2 2 2 2 2 2 2 2 2 2 2 2 2 2 2 2 2 2 2 2 2
left_child=2 4 6 7 12 13 -1 21 15 -8 -5 -7 -2 16 -9 -6 -4 -11 19 22 -14 -3 -10 -20 -17 28 -15 -23 -26 -12
right_child=1 3 5 10 8 11 9 14 18 17 29 -13 20 26 -16 24 -18 -19 23 -21 -22 27 -24 -25 25 -27 -28 -29 -30 -31
leaf_value=-0.69162171307732079 -0.045877956037555262 0.020097868732375908 -0.22880302148106499 0.15032773699079241 -0.014206357956926869 -0.10395474782804165 -0.12421012687683107 0.061782955932683507 -0.10580366205524755 -0.49178652556046193 0.24479342042730098 -0.062515010763010373 -0.021631050422582607 -0.14143595025780495 0.099061245114906979 0.039607475248951342 -0.12478598412126303 -0.30747122069199884 0.021391913337335852 -0.16256893222982235 0.13898085638880731 0.039556227944839789 0.0083069197240128994 0.050421855163675457 -0.070631349086761483 0.0079064874251037875 -0.23837172848837718 0.071135962102827521 -0.0045793276910724452 0.34837225400484528
leaf_weight=34 1688 1384 257 98 2368 984 25 1438 37 23 89 809 3052 445 736 269 64 48 4839 22 20 2196 1469 471 69 3981 35 351 2502 39
leaf_count=34 1688 1384 257 98 2368 984 25 1438 37 23 89 809 3052 445 736 269 64 48 4839 22 20 2196 1469 471 69 3981 35 351 2502 39
internal_value=-0.000290368 0.012352 -0.126148 0.0555217 -0.000795984 -0.112158 -0.405308 0.0493698 0.00774532 -0.303906 0.221705 -0.0852572 -0.0295547 -0.172373 0.0744034 -0.000853364 -0.208064 -0.367179 0.0193003 0.00308352 -0.0205854 0.0355252 0.00550341 0.0239669 0.0037823 0.00231146 -0.148504 0.0439082 -0.00635202 0.276353
internal_weight=29842 27118 2724 6331 20787 2594 130 6105 16027 96 226 1793 4760 801 2174 9189 321 71 6838 1528 3072 3931 1506 5310 6821 6552 480 2547 2571 128
internal_count=29842 27118 2724 6331 20787 2594 130 6105 16027 96 226 1793 4760 801 2174 9189 321 71 6838 1528 3072 3931 1506 5310 6821 6552 480 2547 2571 128
is_linear=0
shrinkage=0.05


Tree=33
num_leaves=31
num_cat=0
split_feature=296 288 241 176 239 9 243 239 251 10 39 183 249 286 182 238 21 284 288 251 87 294 291 25 294 46 247 140 180 3
split_gain=16991.2 5806.68 3559.83 2476.62 2008.68 1709.64 1100.52 896.381 611.456 555.201 782.493 545.218 326.253 303.465 275.236 228.484 226.248 207.864 186.917 186.8 180.04 174.281 154.608 152.7 140.413 140.116 137.447 127.681 115.306 115.163
threshold=-10.360758304595945 -0.41712595522403711 -23.12764739990234 9.7415685653686541 -3.3892513513565059 4.1578514575958261 -13.562054634094237 2.5032445192337041 -6.1269469261169425 -0.95691177248954762 -8.8577408790588361 -2.0133824348449703 4.6147921085357675 10.063361167907717 -0.87647059559822071 -9.9886837005615217 -2.2708662748336788 -4.8642697334289542 -20.199229240417477 3.4847058057785039 -12.127948284149168 -5.8786275386810294 -2.1816340684890743 -4.5967843532562247 3.6894881725311284 3.384892582893372 -3.9857515096664424 -4.9023075103759757 -1.8002900481224058 3.5059624910354619
decision_type=2 2 2 2 2 2 2 2 2 2 2 2 2 2 2 2 2 2 2 2 2 2 2 2 2 2 2 2 2 2
left_child=2 4 5 7 8 9 18 14 -2 16 -11 17 22 -5 27 -8 -1 26 20 -9 -4 -10 -13 -17 -16 -14 -6 -3 -19 -15
right_child=1 3 6 13 11 -7 15 19 21 10 -12 12 25 29 24 23 -18 28 -20 -21 -22 -23 -24 -25 -26 -27 -28 -29 -30 -31
leaf_value=-0.053767909464381994 -0.053105865647160404 -0.094193201636274662 -0.082114121009563584 0.17741873779296877 -0.044291199864961064 -0.8137448954582216 -0.11404357168823481 0.064720284054757271 -0.034202314110703812 -0.64502975778146232 -0.2769310804239164 0.0074814637772557787 0.073094810456482334 0.26016484727250772 0.040739503250745969 -0.014398287848422404 -0.28321145910515705 -0.0055163751896612975 -0.14722707271575927 0.1012259202084299 -0.213696611260038 -0.011798168066040476 0.0214927376275727 -0.081977158527949831 0.076560252070426937 0.2138911600535115 -0.0079859033959607285 0.021840487913730056 0.0096783190141807272 0.39298817062377933
leaf_weight=21 1606 24 29 125 461 20 640 863 1153 22 42 3663 67 47 3106 95 22 3144 416 590 251 3512 4257 696 300 24 600 1950 2071 25
leaf_count=21 1606 24 29 125 461 20 640 863 1153 22 42 3663 67 47 3106 95 22 3144 416 590 251 3512 4257 696 300 24 600 1950 2071 25
internal_value=-0.00027585 0.0105083 -0.132269 0.0497354 -0.00290583 -0.389421 -0.116915 0.0446964 -0.0264963 -0.310108 -0.403465 0.00744876 0.0160941 0.224517 0.035285 -0.0918322 -0.171158 -0.00358659 -0.168485 0.0795436 -0.200068 -0.0173356 0.0150125 -0.0738609 0.0438946 0.110228 -0.0237604 0.0204297 0.000517798 0.306284
internal_weight=29842 27588 2254 7030 20558 127 2127 6833 6271 107 64 14287 8011 197 5380 1431 43 6276 696 1453 280 4665 7920 791 3406 91 1061 1974 5215 72
internal_count=29842 27588 2254 7030 20558 127 2127 6833 6271 107 64 14287 8011 197 5380 1431 43 6276 696 1453 280 4665 7920 791 3406 91 1061 1974 5215 72
is_linear=0
shrinkage=0.05


Tree=34
num_leaves=31
num_cat=0
split_feature=237 295 250 296 44 299 288 242 299 63 246 242 247 292 183 114 28 256 182 34 283 178 298 55 256 44 297 239 18 274
split_gain=15538.3 5075.96 3497.97 2120.01 1784.62 1681.15 1411.56 658.556 532.9 371.929 254.463 247.991 226.752 223.843 194.828 206.955 189.265 174.071 167.644 156.685 147.904 140.182 135.505 132.627 129.775 129.7 136.177 124.87 113.612 105.223
threshold=-7.3317301273345938 -0.23026395589113233 -23.64170932769775 9.5878858566284197 -11.126580715179442 -4.7104978561401358 -14.862573623657225 2.6168626546859746 -2.3917809724807735 21.145302772521976 -1.4885294437408445 -15.419988155364988 -5.3767657279968253 -11.377041339874266 -2.4085017442703243 4.2333333492279062 2.0299501419067387 2.2587417364120488 -2.9438561201095577 2.9537059068679814 1.9564829468727114 3.1410456895828252 -4.9024827480316153 -6.3413507938385001 1.772107779979706 -11.126580715179442 -25.857100486755368 -4.8906416893005362 4.3518714904785165 -10.871370315551756
decision_type=2 2 2 2 2 2 2 2 2 2 2 2 2 2 2 2 2 2 2 2 2 2 2 2 2 2 2 2 2 2
left_child=2 5 4 7 -1 12 11 10 18 -5 -3 25 -2 19 15 28 -11 -14 -7 -8 -12 -9 -20 -6 -16 -4 -27 -15 -10 -13
right_child=1 3 6 9 23 8 13 21 14 16 20 29 17 27 24 -17 -18 -19 22 -21 -22 -23 -24 -25 -26 26 -28 -29 -30 -31
leaf_value=-0.68727500221946025 -0.041818493327009848 0.014465662656800339 -0.064871738267981482 0.13816477101999564 -0.20021808756158707 -0.014438596680373814 -0.087335632734433455 0.062505642334141104 0.0055752870406997335 0.3082836506267389 0.035021203913505876 -0.12120378506894143 -0.019849630563746466 -0.064765246614254382 0.019028545409523357 -0.13550840130558722 0.17263436600565912 0.12813632443547249 0.036420698641376058 -0.16037227087710279 0.056311464086908417 0.095894635019977054 0.00049499012798158838 -0.31964424744896269 0.05731393654709277 -0.23845846112241451 -0.17022375667135325 -0.0035414204649303269 -0.092542999585469576 -0.2088983906281961
leaf_weight=33 1653 1080 23 143 47 2043 637 788 1780 72 2466 453 3087 879 5880 27 40 20 275 83 1219 523 5762 46 230 97 297 92 30 37
leaf_count=33 1653 1080 23 143 47 2043 637 788 1780 72 2466 453 3087 879 5880 27 40 20 275 83 1219 523 5762 46 230 97 297 92 30 37
internal_value=-0.000262057 0.0111728 -0.114099 0.0503705 -0.371381 -0.000765393 -0.101621 0.0444431 0.00698377 0.191605 0.0358088 -0.151944 -0.0268569 -0.0746293 0.0161771 0.00189929 0.259837 -0.018897 -0.0020582 -0.0957551 0.042064 0.0758256 0.00213149 -0.259289 0.0204697 -0.180285 -0.187023 -0.0589644 0.00394902 -0.127826
internal_weight=29842 27118 2724 6331 126 20787 2598 6076 16027 255 4765 907 4760 1691 7947 1837 112 3107 8080 720 3685 1311 6037 93 6110 417 394 971 1810 490
internal_count=29842 27118 2724 6331 126 20787 2598 6076 16027 255 4765 907 4760 1691 7947 1837 112 3107 8080 720 3685 1311 6037 93 6110 417 394 971 1810 490
is_linear=0
shrinkage=0.05


Tree=35
num_leaves=31
num_cat=0
split_feature=299 293 244 173 299 294 299 283 124 288 51 184 44 299 265 237 27 220 181 234 50 41 211 53 181 180 35 77 178 294
split_gain=13296.8 4706.27 2007.72 1999.53 1884.56 705.621 603.798 539.829 1049.63 420.589 380.924 268.468 215.576 213.62 188.055 184.148 176.806 167.513 137.815 133.626 130.737 120.533 135.183 122.519 115.728 106.93 105.11 103.272 102.723 96.9907
threshold=-10.48062753677368 -0.24857444316148755 -17.604784011840817 9.3637599945068377 -3.3513876199722286 2.5960271358489995 -5.9837989807128897 -31.510085105895993 -13.284317970275877 -15.679882526397703 -6.6831231117248526 -0.72666665911674488 -8.4047431945800763 5.888627529144288 12.360588073730471 -1.2249671220779417 3.8754073381423955 -4.726529359817504 -5.431835174560546 -3.696138739585876 -0.42743393778800959 -3.9905271530151363 -4.1639075279235831 1.1987943053245547 -5.2087137699127188 -1.4487690925598142 3.0215402841567998 3.5252883434295659 -2.3069537878036495 -5.7034676074981681
decision_type=2 2 2 2 2 2 2 2 2 2 2 2 2 2 2 2 2 2 2 2 2 2 2 2 2 2 2 2 2 2
left_child=2 4 7 5 6 15 18 8 -1 -4 -10 17 -9 -7 -5 27 24 20 -2 -8 29 -13 23 -23 -11 -19 -16 -3 -22 -6
right_child=1 3 9 14 11 13 19 12 10 16 -12 21 -14 -15 26 -17 -18 25 -20 -21 28 22 -24 -25 -26 -27 -28 -29 -30 -31
leaf_value=-0.55465832334576237 -0.054117055984121032 0.013779841823538995 -0.13186426479499658 0.14955227500513982 -0.0716056222649845 0.059395694459024262 -0.019741526269343234 -0.051148319244384767 -0.049837259451548266 -0.08375363026787859 -0.30301281611124675 0.072305653876617179 -0.20272018671035769 0.10161881829328079 0.28747178960976932 0.036466832059099313 -0.14277391274770102 0.0030499545226923084 -0.03022103799570889 -0.0044694139994725371 0.013168946144959101 -0.036642554711220389 0.02340588168061326 0.086871952271979802 -0.04746277535127269 0.01474371348136163 0.18957414778952417 -0.091329138477643346 -0.066515764454891393 0.016067048094331106
leaf_weight=33 842 889 572 114 37 1505 2177 26 24 926 39 119 240 374 58 3209 105 4311 2129 4187 52 158 3378 23 288 3577 52 24 182 214
leaf_count=33 842 889 572 114 37 1505 2177 26 24 926 39 119 240 374 58 3209 105 4311 2129 4187 52 158 3378 23 288 3577 52 24 182 214
internal_value=8.86805e-05 0.00961903 -0.116708 0.0478806 -0.00151807 0.0424057 -0.0183822 -0.224586 -0.326222 -0.0960565 -0.206565 0.0115453 -0.187905 0.0677999 0.194554 0.0308298 -0.080528 0.00659912 -0.0369933 -0.00969371 -0.0219219 0.0228053 0.0211502 -0.0209473 -0.0751443 0.00835277 0.241193 0.0110168 -0.0488081 0.00314319
internal_weight=29864 27611 2253 6225 21386 6001 9335 362 96 1891 63 12051 266 1879 224 4122 1319 8373 2971 6364 485 3678 3559 181 1214 7888 110 913 234 251
internal_count=29864 27611 2253 6225 21386 6001 9335 362 96 1891 63 12051 266 1879 224 4122 1319 8373 2971 6364 485 3678 3559 181 1214 7888 110 913 234 251
is_linear=0
shrinkage=0.05


Tree=36
num_leaves=31
num_cat=0
split_feature=245 243 291 250 293 295 51 292 291 204 292 193 21 35 30 39 190 293 109 296 26 217 223 235 272 180 201 182 248 251
split_gain=12061.4 3977.73 2497.79 1539.6 1391.46 738.211 877.741 517.13 435.246 382.784 370.388 344.651 306.064 266.267 258.643 166.586 154.085 152.96 140.525 130.399 129.547 133.458 127.304 119.701 115.651 111.595 108.767 108.715 105.201 102.169
threshold=-6.9122846126556388 0.49176467955112463 -19.065169334411618 7.0605626106262216 -3.426915049552917 -30.461294174194332 -9.4915728569030744 -10.690709590911863 2.7959083318710332 14.523137092590334 -6.2378430366516104 -1.4602925181388853 -4.9413506984710684 -5.1940741539001456 -5.6632168292999259 -0.70680993795394886 -1.6293837428092954 0.060352902859449394 4.7147579193115243 -14.615942001342772 -0.74099996685981739 13.899901866912844 -23.340682029724118 -2.9743312597274776 3.1054247617721562 -3.1234395503997798 -18.719039916992184 -6.4131953716278067 -1.7101569175720213 -17.787677764892575
decision_type=2 2 2 2 2 2 2 2 2 2 2 2 2 2 2 2 2 2 2 2 2 2 2 2 2 2 2 2 2 2
left_child=2 4 5 8 10 6 -1 19 24 -5 28 13 -8 15 22 -6 18 -13 -15 -4 -11 -22 -7 -12 -3 -19 -14 -9 -2 -16
right_child=1 3 7 9 11 14 12 27 -10 20 23 17 26 16 29 -17 -18 25 -20 -21 21 -23 -24 -25 -26 -27 -28 -29 -30 -31
leaf_value=-0.5423760005405972 -0.035523589193912984 0.030439733036241392 -0.11169106000119991 0.11612436099928253 0.028694759515371728 0.015001703345257304 -0.069035460551579803 -0.066553180192106515 0.06968840555832409 0.30128073315871395 -0.014350997343168645 0.015224105169017088 -0.33804138592311317 0.0008218164290151955 -0.20389119886582896 -0.079182108297944073 0.015713794862328913 -0.036560085167487461 -0.10432729572057725 -0.079916833200113252 0.14211289117921075 0.27408541361490885 -0.11810934427307873 -5.313027464282211e-05 0.05978188376451276 0.034567471338672273 -0.21050143241882324 -0.035579571164887525 0.011447193866639626 -0.15050896523315782
leaf_weight=28 1943 2497 550 245 47 23 24 465 1252 38 3340 5331 35 4515 186 150 2413 57 32 782 53 30 82 2606 388 1695 32 725 127 173
leaf_count=28 1943 2497 550 245 47 23 24 465 1252 38 3340 5331 35 4515 186 150 2413 57 32 782 53 30 82 2606 388 1695 32 725 127 173
internal_value=8.42465e-05 0.0109083 -0.0931981 0.0537657 0.00223711 -0.186471 -0.29757 -0.0716366 0.0450697 0.152059 -0.0144261 0.0116172 -0.222246 0.00387883 -0.157978 -0.053445 0.00550135 0.0194363 8.18183e-05 -0.0930368 0.22482 0.189814 -0.0889517 -0.00808456 0.0343859 0.0322534 -0.277127 -0.0476827 -0.0326418 -0.178167
internal_weight=29864 26759 3105 4503 22256 583 119 2522 4137 366 8016 14240 91 7157 464 197 6960 7083 4547 1332 121 83 105 5946 2885 1752 67 1190 2070 359
internal_count=29864 26759 3105 4503 22256 583 119 2522 4137 366 8016 14240 91 7157 464 197 6960 7083 4547 1332 121 83 105 5946 2885 1752 67 1190 2070 359
is_linear=0
shrinkage=0.05


Tree=37
num_leaves=31
num_cat=0
split_feature=255 295 289 299 172 295 11 57 299 299 251 132 25 292 189 298 201 235 258 133 5 7 27 287 234 185 254 284 239 175
split_gain=10886 3690.56 2094.27 1668.3 1257.61 552.261 769.159 1253.92 516.609 381.978 349.769 337.839 248.57 215.97 202.408 170.459 169.295 157.648 143.826 143.518 125.994 123.248 119.531 129.19 119.255 114.8 110.704 103.374 103.331 101.886
threshold=-7.6652941703796378 1.0414735674858095 -20.232165336608883 -3.3513876199722286 9.6787352561950701 -30.461294174194332 -1.0478174686431883 -9.4288234710693342 -12.4860782623291 -5.9837989807128897 -2.1105097532272334 1.672127425670624 -8.4292726516723615 8.4085378646850604 -0.51551958918571461 -6.3909409046173087 -18.719039916992184 -0.61333331465721119 3.8161275386810307 -6.043902873992919 3.617805123329163 5.3204705715179452 4.2767984867095956 -13.488352775573729 -3.8527669906616206 -12.786815643310545 -1.7583333253860471 9.1094117164611834 -8.4544682502746564 4.5109806060791025
decision_type=2 2 2 2 2 2 2 2 2 2 2 2 2 2 2 2 2 2 2 2 2 2 2 2 2 2 2 2 2 2
left_child=2 3 5 9 11 6 -1 -8 22 26 20 17 -7 -6 19 -11 -9 -3 -13 -12 -5 -15 23 -4 -17 -14 28 -23 -2 -16
right_child=1 4 8 10 13 12 7 16 -10 15 14 18 25 21 29 24 -18 -19 -20 -21 -22 27 -24 -25 -26 -27 -28 -29 -30 -31
leaf_value=-0.063744919577923914 -0.076249670807053069 0.01071201637691914 -0.10790816051226396 0.0020015116721236021 0.090486048035702468 0.0088372366768973212 -0.70508829832077025 -0.34216417497204199 -0.052233782569442805 0.03062141775427496 -0.092514767462853351 0.058574003652959575 -0.19425645116816231 0.16320936545897069 0.027097049566077704 -0.020874031618630082 -0.18471392245693624 0.04417983785853604 0.096454666011289658 0.013683963729641233 0.061655383374955922 0.1885997014887193 -0.15860610558436469 -0.071117071874578053 -0.0054090218202830923 -0.134383601972035 0.009163128636168234 0.30937094817290434 -0.031336207494968266 0.081292237056775046
leaf_weight=30 136 428 650 5361 59 21 20 31 1276 272 32 732 187 89 3389 1746 38 1978 381 5452 90 34 78 377 4358 140 159 37 2194 89
leaf_count=30 136 428 650 5361 59 21 20 31 1276 272 32 732 187 89 3389 1746 38 1978 381 5452 90 34 78 377 4358 140 159 37 2194 89
internal_value=8.00342e-05 0.00988146 -0.0928959 0.002476 0.0559982 -0.18971 -0.282692 -0.356494 -0.0739072 -0.0145916 0.0129737 0.0487632 -0.157914 0.172253 0.0190484 -0.00810689 -0.255452 0.0382263 0.0715412 0.0130643 0.00298644 0.202405 -0.0989346 -0.0944026 -0.00983266 -0.168623 -0.0312032 0.251537 -0.0339578 0.0284839
internal_weight=29864 27016 2848 23278 3738 467 119 89 2381 8865 14413 3519 348 219 8962 6376 69 2406 1113 5484 5451 160 1105 1027 6104 327 2489 71 2330 3478
internal_count=29864 27016 2848 23278 3738 467 119 89 2381 8865 14413 3519 348 219 8962 6376 69 2406 1113 5484 5451 160 1105 1027 6104 327 2489 71 2330 3478
is_linear=0
shrinkage=0.05


Tree=38
num_leaves=31
num_cat=0
split_feature=245 240 291 299 250 295 11 57 299 50 284 293 30 281 183 114 299 1 298 35 283 298 299 223 191 87 281 35 230 30
split_gain=9860.93 3285.16 2037.08 1416.92 1162.26 598.742 694.166 1131.67 445.805 400.496 348.05 343.112 222.446 208.498 158.027 173.758 156.827 155.959 123.77 122.286 163.394 120.587 113.771 109.182 94.4874 93.8554 98.5105 92.3132 91.6453 124.448
threshold=-6.9122846126556388 1.0028136968612673 -19.065169334411618 -3.3513876199722286 5.9099755287170419 -30.461294174194332 -1.0478174686431883 -9.4288234710693342 -12.4860782623291 7.0127623081207284 -1.5199019312858579 -4.8959236145019522 -5.6632168292999259 2.2906868457794194 -3.0527743101119991 3.2756754159927373 -0.93221661448478688 0.74024277925491344 -8.8067255020141584 3.0215402841567998 7.0316276550292978 -3.2460794448852535 -5.572495460510253 -23.340682029724118 -5.1602485179901114 0.6314634680747987 -7.0127730369567862 -5.4224510192871085 -3.4370683431625362 -1.5783659815788267
decision_type=2 2 2 2 2 2 2 2 2 2 2 2 2 2 2 2 2 2 2 2 2 2 2 2 2 2 2 2 2 2
left_child=2 3 5 11 13 6 -1 -8 25 -6 14 22 23 -3 15 27 21 -9 -13 20 -11 -12 -2 -7 -10 26 -4 -5 -16 -30
right_child=1 4 8 10 9 12 7 17 24 19 16 18 -14 -15 28 -17 -18 -19 -20 -21 -22 -23 -24 -25 -26 -27 -28 -29 29 -31
leaf_value=-0.060557671164472894 -0.032335802838868104 0.031313770541584865 -0.088847371413466644 -0.069301987321753258 0.093355309437897258 0.017443882900735605 -0.66983390331268311 -0.356327619971264 -0.055742127046918603 0.17276780743289877 0.043168503515146395 0.080648834790502277 -0.16156375560919889 0.057756120209620135 -0.0073053383713315261 -0.12314312656720479 0.02826688418868873 -0.19295891290530565 -0.0055377166667904031 0.1441401531919837 0.3080977101075022 0.0096753732227422198 -0.013638333371370145 -0.10582946626151479 -0.028410188387872903 -0.13919318725665411 -0.00087221671234477658 -0.0042905514445399631 0.022572571102618899 0.0063829607239501169
leaf_weight=30 2139 1567 890 57 295 23 20 21 1058 54 297 42 359 1422 785 33 3511 48 5083 80 38 2824 1313 82 451 90 33 1299 1643 4277
leaf_count=30 2139 1567 890 57 295 23 20 21 1058 54 297 42 359 1422 785 33 3511 48 5083 80 38 2824 1313 82 451 90 33 1299 1643 4277
internal_value=7.60325e-05 0.00986306 -0.0842689 0.00311632 0.0553548 -0.168502 -0.268557 -0.33867 -0.0647972 0.128711 0.0125257 -0.0130389 -0.142841 0.0438936 0.00556766 -0.00978212 0.0210177 -0.24268 -0.00483141 0.189351 0.228665 0.0128626 -0.025224 -0.0788267 -0.0475733 -0.0904544 -0.085702 -0.00702333 0.0087475 0.0108761
internal_weight=29864 26759 3105 23303 3456 583 119 89 2522 467 14726 8577 464 2989 8094 1389 6632 69 5125 172 92 3121 3452 105 1509 1013 923 1356 6705 5920
internal_count=29864 26759 3105 23303 3456 583 119 89 2522 467 14726 8577 464 2989 8094 1389 6632 69 5125 172 92 3121 3452 105 1509 1013 923 1356 6705 5920
is_linear=0
shrinkage=0.05


Tree=39
num_leaves=31
num_cat=0
split_feature=293 294 291 299 172 296 23 32 182 1 256 242 30 249 247 183 293 178 277 65 170 292 31 35 257 35 17 289 10 150
split_gain=8913.32 2931.17 2046.24 1403.88 860.233 542.196 699.704 1383.08 493.59 412.279 359.896 298.055 203.282 176.459 162.607 156.616 147.356 145.485 195.184 144.218 143.622 115.216 107.559 107.037 105.841 104.336 98.4059 96.5672 96.2446 93.4002
threshold=-7.6744849681854239 2.5960271358489995 -19.065169334411618 -2.4413547515869136 9.6787352561950701 -30.293823242187496 -5.349125623703002 -8.7535881996154767 -7.1912801265716544 2.2084116935729985 -4.5157191753387442 -0.41970589756965632 -5.6632168292999259 -1.0546340346336363 2.8016874790191655 -3.6949512958526607 -11.390769481658934 -2.3519477844238277 -9.8352384567260724 1.0093899369239809 2.9078431129455571 10.033263206481935 -11.259323596954344 3.9239645004272465 -8.8952693939208967 -2.3464967012405391 -3.4326307773590083 -24.899260520935055 2.0544068813323979 -7.3290913105010977
decision_type=2 2 2 2 2 2 2 2 2 2 2 2 2 2 2 2 2 2 2 2 2 2 2 2 2 2 2 2 2 2
left_child=2 3 5 10 14 6 9 -8 16 -1 24 15 26 22 -3 19 28 -12 -19 -5 -13 -6 -10 -23 -2 -21 -7 -14 -4 -17
right_child=1 4 8 11 21 12 7 -9 13 -11 17 20 27 -15 -16 29 -18 18 -20 25 -22 23 -24 -25 -26 -27 -28 -29 -30 -31
leaf_value=-0.26378686999902129 -0.067934487503150412 0.044029128353514413 -0.086290330263100123 -0.0025383350754728412 0.11254968643188477 0.021878080637682054 -0.68054733059623029 -0.20894666167924988 0.047472222149372106 0.043589928544436891 -0.0094354623593054382 0.024837843683488063 -0.20042952457106256 0.041267240860906898 0.073875634458981085 0.090425251233272066 -0.055526576029391456 0.15223876349627974 0.003002330076734732 -0.13652270916435455 0.058978437659252127 0.22951082790439781 -0.04508014890923194 0.13957271850828468 -0.019297488204152086 -0.029505522549152376 -0.098451474928454075 -0.13904720506634152 -0.13414333410621659 0.012827246697803199
leaf_weight=20 116 1114 721 505 72 21 22 53 32 24 3552 4270 83 64 773 39 373 22 5332 36 332 77 1651 58 3131 62 89 281 123 6816
leaf_count=20 116 1114 721 505 72 21 22 53 32 24 3552 4270 83 64 773 39 373 22 5332 36 332 77 1651 58 3131 62 89 281 123 6816
internal_value=7.22308e-05 0.0101166 -0.0742142 0.00520842 0.0668698 -0.158999 -0.254418 -0.347283 -0.0572515 -0.0961268 -0.00678498 0.0172943 -0.135044 -0.0402216 0.0562556 0.0111197 -0.0816979 -0.00158961 0.00361555 -0.0133101 0.0273008 0.163629 -0.0433204 0.190871 -0.0210351 -0.068818 -0.0754795 -0.153044 -0.0932642 0.0132687
internal_weight=29864 26307 3557 24213 2094 593 119 75 2964 44 12153 12060 474 1747 1887 7458 1217 8906 5354 603 4602 207 1683 135 3247 98 110 364 844 6855
internal_count=29864 26307 3557 24213 2094 593 119 75 2964 44 12153 12060 474 1747 1887 7458 1217 8906 5354 603 4602 207 1683 135 3247 98 110 364 844 6855
is_linear=0
shrinkage=0.05


Tree=40
num_leaves=31
num_cat=0
split_feature=292 299 296 57 299 239 252 250 251 21 292 183 21 296 183 35 28 296 239 290 298 244 185 282 39 292 30 291 91 56
split_gain=8441.7 2749.99 1899.72 1631.52 998.758 992.387 773.973 389.688 324.121 261.452 250.746 160.641 158.306 161.229 137.79 140.407 137.126 134.75 121.382 117.186 118.888 109.544 104.723 102.78 114.305 100.38 95.4 91.9565 88.7777 88.1616
threshold=-9.1595034599304181 0.17571635544300082 -30.293823242187496 -9.4288234710693342 14.09350109100342 -3.0647776126861568 -13.171668052673338 3.255368828773499 -6.026221275329589 -4.9413506984710684 -1.5525198578834531 -4.0440392494201651 -2.6426471471786495 -25.692614555358883 -2.3676717281341548 -5.4224510192871085 2.0299501419067387 -11.480784416198729 2.9988235235214238 -4.2030303478240958 -8.8067255020141584 -3.3997756242752071 -1.7698633074760435 -12.99888229370117 0.065465699881315245 5.7497713565826425 -0.73088231682777394 1.585649371147156 0.70976194739341747 -3.8093698024749751
decision_type=2 2 2 2 2 2 2 2 2 2 2 2 2 2 2 2 2 2 2 2 2 2 2 2 2 2 2 2 2 2
left_child=2 5 3 -1 7 8 12 11 23 -5 14 -3 -4 -14 15 26 -6 21 -16 -10 -21 28 -19 -2 -25 -9 -7 -13 -8 -11
right_child=1 4 6 9 16 10 17 25 19 29 -12 27 13 -15 18 -17 -18 22 -20 20 -22 -23 -24 24 -26 -27 -28 -29 -30 -31
leaf_value=-0.63076793964092559 -0.13115263432264329 -0.025710356617269437 -0.076287780267496913 -0.021975522935390474 0.22511349388144236 0.029833482119899529 -0.068774693803885803 0.054325838143588934 -0.016599874556252107 -0.18428923474417794 0.016831068050668724 0.026409097833248341 -0.19355928025594571 -0.11827641190099183 0.0071065126675179564 -0.0028337070250441091 0.11003843610867477 -0.048749016179068461 0.089527959187204645 0.11609205248809995 -0.0032941119444926943 0.014896638629337154 0.0087715126002546068 -0.024194722454686193 -0.05523903546453604 0.08752492833615716 -0.077247521832871896 0.04208609944325134 -0.12232369313579659 -0.29993930206849029
leaf_weight=26 28 121 192 20 77 26 774 655 2861 45 5296 2297 82 536 6090 3232 39 785 45 21 2982 36 88 905 441 349 104 1578 86 26
leaf_count=26 28 121 192 20 77 26 774 655 2861 45 5296 2297 82 536 6090 3232 39 785 45 21 2982 36 88 905 441 349 104 1578 86 26
internal_value=-2.07113e-05 0.00835965 -0.0844056 -0.281461 0.0413834 0.00069093 -0.0754659 0.0380184 -0.01448 -0.181659 0.00811385 0.0310217 -0.115945 -0.128265 0.00325269 -0.00488299 0.186424 -0.0569312 0.00771107 -0.00935835 -0.00245924 -0.0705526 -0.0429508 -0.0363384 -0.034366 0.0658662 -0.0558313 0.0327932 -0.0741296 -0.22664
internal_weight=29843 27147 2696 117 5116 22031 2579 5000 7238 91 14793 3996 810 618 9497 3362 116 1769 6135 5864 3003 896 873 1374 1346 1004 130 3875 860 71
internal_count=29843 27147 2696 117 5116 22031 2579 5000 7238 91 14793 3996 810 618 9497 3362 116 1769 6135 5864 3003 896 873 1374 1346 1004 130 3875 860 71
is_linear=0
shrinkage=0.05


Tree=41
num_leaves=31
num_cat=0
split_feature=255 299 296 57 298 232 292 299 250 18 299 298 197 298 182 49 297 239 118 28 180 18 201 170 153 95 119 299 298 22
split_gain=7622.55 2453.32 1742.13 1472.45 907.138 882.435 780.382 265.378 256.026 236.478 227.247 212.935 180.714 145.615 145.187 156.162 142.438 136.78 141.157 124.098 123.296 122.853 120.306 102.976 101.526 101.345 102.274 97.7047 95.9186 89.4635
threshold=-7.6652941703796378 0.17571635544300082 -30.293823242187496 -9.4288234710693342 9.3308262825012225 -3.0176218748092647 -15.155094623565672 -6.4680066108703604 3.255368828773499 -2.5786337852478023 -2.1340724229812618 -7.5791859626770011 19.727640151977543 -1.4213480353355405 -13.626190185546873 -9.8558840751647931 -3.0175707340240474 2.9988235235214238 -4.1950979232788077 0.83845588564872753 -2.6018775701522823 -1.3690850138664243 -18.719039916992184 0.72027254104614269 -0.58712622523307789 2.8939044475555424 -1.744167625904083 -1.3608728051185606 -2.305072426795959 -5.3535189628601065
decision_type=2 2 2 2 2 2 2 2 2 2 2 2 2 2 2 2 2 2 2 2 2 2 2 2 2 2 2 2 2 2
left_child=2 5 3 -1 8 7 14 24 16 -5 17 -9 -6 23 15 -4 -3 18 -7 -14 -13 -19 -11 -12 29 26 -8 -15 -20 -2
right_child=1 4 6 9 12 10 25 11 -10 22 13 20 19 27 -16 -17 -18 21 28 -21 -22 -23 -24 -25 -26 -27 -28 -29 -30 -31
leaf_value=-0.59922954852764432 0.033020759437043794 -0.023435026872903109 -0.025390702027540943 -0.065719091801932361 0.094151396670583962 -0.033449512378289283 -0.053099990474839757 0.082900668798931071 0.058764422617474402 -0.31053457613344548 0.020015249412320007 -0.016507339725681493 0.22903369608379545 -0.0055429743402949302 -0.096106413104115163 -0.1549675971811468 0.031009522007579494 0.17803183287382127 0.0056509734951293959 0.1210105579832326 -0.001512821536655303 0.027468400980745045 -0.16616874019945824 0.050570315079620259 -0.067047928781017091 -0.11466955410652474 -0.012266151106313747 0.0127725404809631 -0.0081365212361634073 -0.029911934125784093
leaf_weight=26 59 124 26 33 118 279 1565 63 906 27 2373 2953 63 941 643 220 3851 20 6018 46 2559 42 31 312 181 61 170 3219 1596 1318
leaf_count=26 59 124 26 33 118 279 1565 63 906 27 2373 2953 63 941 643 220 3851 20 6018 46 2559 42 31 312 181 61 170 3219 1596 1318
internal_value=-1.96758e-05 0.00811465 -0.0785208 -0.267388 0.0393222 0.000846689 -0.0702909 -0.0135996 0.0347782 -0.172576 0.00780923 -0.0085013 0.137029 0.0144884 -0.108605 -0.141272 0.0293111 0.00206204 0.00148096 0.183446 -0.00954599 0.0760372 -0.233374 0.0235658 -0.031843 -0.051326 -0.049099 0.00862954 0.00276092 -0.0272155
internal_weight=29843 27041 2802 117 5108 21933 2685 7133 4881 91 14800 5575 227 6845 889 246 3975 7955 7893 109 5512 62 58 2685 1558 1796 1735 4160 7614 1377
internal_count=29843 27041 2802 117 5108 21933 2685 7133 4881 91 14800 5575 227 6845 889 246 3975 7955 7893 109 5512 62 58 2685 1558 1796 1735 4160 7614 1377
is_linear=0
shrinkage=0.05


Tree=42
num_leaves=31
num_cat=0
split_feature=293 299 244 33 236 299 247 249 182 291 146 247 35 39 296 28 21 289 86 129 294 299 282 5 68 114 234 232 25 295
split_gain=7068.33 2180 1666.86 988.225 879.931 741.275 354.22 241.767 216.476 215.973 166.963 139.106 137.702 187.24 133.28 115.338 113.913 120.992 112.706 106.752 102.569 96.0955 94.8259 92.8939 90.0659 93.3796 95.6838 87.8589 91.9549 93.3168
threshold=-8.4543766975402814 1.05357301235199 -17.604784011840817 -11.664800167083738 -2.6563582420349117 14.09350109100342 -11.280642986297606 -1.8568092584609983 1.8296133279800417 -4.9799396991729727 11.482909679412844 -6.0542581081390372 -5.1940741539001456 -0.41893810033798212 -1.7319561243057249 2.0299501419067387 -2.5095216035842891 -24.899260520935055 -0.46225777268409723 -10.432620525360106 6.9339215755462655 -16.238665580749508 0.74807846546173107 1.4934399127960207 -2.2708020210266109 -0.7581064999103545 -1.3222058415412901 -4.5686414241790763 -6.3070585727691642 -11.882030963897703
decision_type=2 2 2 2 2 2 2 2 2 2 2 2 2 2 2 2 2 2 2 2 2 2 2 2 2 2 2 2 2 2
left_child=2 4 3 -1 9 8 18 11 14 -2 22 -6 13 -11 -3 -7 -5 19 21 -18 -10 -4 -9 -21 25 -13 -27 28 -8 -30
right_child=1 5 6 16 7 15 27 10 20 12 -12 24 -14 -15 -16 -17 17 -19 -20 23 -22 -23 -24 -25 -26 26 -28 -29 29 -31
leaf_value=-0.41484310752467107 -0.020718964665307187 -0.010893696576889073 -0.093404762652996187 -0.092583771164600676 -0.062720257909968491 0.2043337866567172 0.00039902412614157038 0.012715101401149365 0.049738589668950291 0.033041257385916095 0.1601471519470215 0.0017747642897662863 -0.002740791774697889 -0.073317914446569141 0.034574237909651931 0.098795899118368447 -0.1628717715923603 -0.13097254331497585 -0.13242542752038652 -0.34288431525230412 0.085255548357963562 -0.058536186847606857 0.025942369254960108 -0.19049183905124667 0.0061647310562143618 -0.047340676351542411 0.010639916239024112 -0.015274206685045592 -0.070959787426134541 -0.044106149636246234
leaf_weight=38 3013 175 441 78 80 77 86 6426 987 57 20 565 5604 151 2040 39 65 136 107 20 256 358 1717 20 5248 253 99 208 478 1001
leaf_count=38 3013 175 441 78 80 77 86 6426 987 57 20 565 5604 151 2040 39 65 136 107 20 256 358 1717 20 5248 253 99 208 478 1001
internal_value=-1.8692e-05 0.00817036 -0.0723257 -0.173815 0.00257796 0.0445241 -0.0588013 0.0101934 0.0403535 -0.00985533 0.0158585 0.00278844 -0.00422351 -0.0441714 0.030982 0.168851 -0.145103 -0.162101 -0.0842351 -0.202421 0.0570534 -0.0777815 0.0155041 -0.266688 0.00363851 -0.0108191 -0.0310336 -0.0458047 -0.0498624 -0.052785
internal_weight=29843 26807 3036 357 23233 3574 2679 14408 3458 8825 8163 6245 5812 208 2215 116 319 241 906 105 1243 799 8143 40 6165 917 352 1773 1565 1479
internal_count=29843 26807 3036 357 23233 3574 2679 14408 3458 8825 8163 6245 5812 208 2215 116 319 241 906 105 1243 799 8143 40 6165 917 352 1773 1565 1479
is_linear=0
shrinkage=0.05


Tree=43
num_leaves=31
num_cat=0
split_feature=293 299 244 32 126 236 232 293 249 250 299 198 247 124 297 160 39 28 240 101 30 39 288 188 89 37 294 253 68 116
split_gain=6379.16 1967.45 1504.34 920.421 1595.55 794.138 678.422 319.81 218.194 217.085 196.424 153.871 127.596 126.723 119.968 110.72 152.582 96.1881 90.9579 89.5007 89.3691 87.1068 86.3006 86.0582 93.9346 85.523 84.4105 83.9745 82.7616 91.766
threshold=-8.4543766975402814 1.05357301235199 -17.604784011840817 -11.055331230163572 -11.545217514038084 -2.6563582420349117 12.602326869964601 -15.104631900787352 -1.8568092584609983 3.4717853069305424 -4.5457341670989981 9.2760639190673846 -6.4016084671020499 -1.3703133463859556 -4.5017406940460196 -6.1657733917236319 -2.0265743732452388 0.83845588564872753 -3.1852287054061885 -0.88955509662628163 3.9892054796218877 4.4314706325531015 -0.093578442931175218 -10.441764354705809 -6.6101958751678458 11.364832401275637 6.9339215755462655 -11.080577373504637 -2.2708020210266109 -1.1675881743431089
decision_type=2 2 2 2 2 2 2 2 2 2 2 2 2 2 2 2 2 2 2 2 2 2 2 2 2 2 2 2 2 2
left_child=2 5 3 4 -1 10 9 20 12 14 21 22 -7 19 -3 16 -12 -8 -16 -9 27 -2 -10 24 -5 -20 -11 -4 29 -14
right_child=1 6 7 23 -6 8 17 13 11 26 15 -13 28 -15 18 -17 -18 -19 25 -21 -22 -23 -24 -25 -26 -27 -28 -29 -30 -31
leaf_value=-0.7082106393575669 -0.017022835764751713 -0.04627771923432545 -0.088916033718867776 -0.11639648936442193 -0.091155486215244649 -0.077718468458980935 0.20927780396059942 -0.046361900274064345 0.011249782548391093 0.049986426602156464 0.029475484153425154 0.15358171463012696 0.0011300295816371905 -0.013249182002974376 -0.030900478390130132 -0.0016663597244180974 -0.083533822036077898 0.11615461585698304 0.035295260280305628 -0.081412147964544351 -0.15489150424336279 -0.078255788350509392 0.022348594978651392 -0.048677792457433852 -0.1734659441139387 -0.037517496434653685 0.084271204471588146 -0.042300602036007384 0.0057007382280211995 -0.031864686008611337
leaf_weight=20 3722 49 533 151 22 49 57 1516 5593 601 44 20 596 262 55 4907 93 54 2461 207 43 59 2550 26 138 41 256 118 5274 326
leaf_count=20 3722 49 533 151 22 49 57 1516 5593 601 44 20 596 262 55 4907 93 54 2461 207 43 59 2550 26 138 41 256 118 5274 326
internal_value=-1.77574e-05 0.00776185 -0.0687094 -0.165124 -0.384991 0.00244906 0.0422979 -0.0558613 0.00968376 0.0383978 -0.00936257 0.0150656 0.00264901 -0.0456465 0.0312188 -0.00290415 -0.0472389 0.163975 0.0327039 -0.0505728 -0.0850779 -0.0179783 0.0147254 -0.135809 -0.143648 0.0341021 0.0602279 -0.0804665 0.00328459 -0.0105362
internal_weight=29843 26807 3036 357 42 23233 3574 2679 14408 3463 8825 8163 6245 1985 2606 5044 137 111 2557 1723 694 3781 8143 315 289 2502 857 651 6196 922
internal_count=29843 26807 3036 357 42 23233 3574 2679 14408 3463 8825 8163 6245 1985 2606 5044 137 111 2557 1723 694 3781 8143 315 289 2502 857 651 6196 922
is_linear=0
shrinkage=0.05


Tree=44
num_leaves=31
num_cat=0
split_feature=299 299 244 32 126 299 62 236 284 244 297 183 133 247 298 23 292 56 298 86 165 28 298 299 48 299 266 42 197 57
split_gain=5676.78 1722.71 1497.97 830.679 1439.99 680.482 585.518 397.301 221.581 162.16 135.776 132.862 142.424 124.379 121.338 112.956 106.601 104.355 102.598 100.825 97.5687 96.7571 87.8087 99.2116 87.4296 87.3589 82.7969 81.0273 85.0355 78.2707
threshold=-7.7621183395385733 1.4807879328727724 -17.604784011840817 -11.055331230163572 -11.545217514038084 -2.4152511358261104 20.100801467895511 -10.520098209381102 -4.5966756343841544 5.1375656127929696 -4.5017406940460196 -2.4085017442703243 -6.2450718879699698 -1.2495237588882444 -7.7646384239196768 3.6955052614212041 -2.382696151733398 3.9516807794570927 -4.4855294227600089 2.133267998695374 0.20570029318332675 2.0299501419067387 -2.1766666173934932 -5.4308888912200919 0.058188786730170257 -16.238665580749508 12.273948192596437 -4.0403892993926993 -11.371775627136229 -3.2401961088180538
decision_type=2 2 2 2 2 2 2 2 2 2 2 2 2 2 2 2 2 2 2 2 2 2 2 2 2 2 2 2 2 2
left_child=2 5 3 4 -1 8 9 19 15 10 -3 12 -7 -9 -10 17 22 29 -13 25 -20 26 23 -16 -11 -4 -8 -5 -29 -2
right_child=1 6 7 27 -6 11 21 13 14 24 -12 18 -14 -15 16 -17 -18 -19 20 -21 -22 -23 -24 -25 -26 -27 -28 28 -30 -31
leaf_value=-0.67280005216598515 -0.032113730062217787 -0.055658010577658061 -0.085872928634613099 -0.10325375495418426 -0.08659766153855758 -0.10159519332827945 0.11836188097617456 -0.038073557156549018 0.06327539205551147 0.022600153656676412 0.036090955083093706 0.10742322515424652 0.0030468052043558565 0.053206985159532018 -0.022317050178184611 -0.10788554176688195 0.0081328778687986686 0.058210949301719661 0.011023214070325967 -0.15318874976573849 0.022146518335582524 0.08764920828657019 -0.026675894976113092 -0.0002521876192431372 0.081208908105107377 -0.056118943965361448 0.2261436851657167 -0.17003419919690091 -0.071226434294994062 -0.011681870608431564
leaf_weight=20 543 41 501 155 22 33 28 2083 75 80 2445 30 2222 38 571 32 2440 50 5806 39 2985 36 409 4726 311 486 49 134 26 3427
leaf_count=20 543 41 501 155 22 33 28 2083 75 80 2445 30 2222 38 571 32 2440 50 5806 39 2985 36 409 4726 311 486 49 134 26 3427
internal_value=-1.68695e-05 0.00793707 -0.0598053 -0.156868 -0.365742 0.00336115 0.0436705 -0.0487944 -0.00474772 0.0392855 0.0345778 0.0123464 0.00151546 -0.0364382 -3.10715e-05 -0.0143172 -0.000613932 -0.0135724 0.0151152 -0.0743377 0.0148002 0.155315 -0.00435424 -0.00263071 0.0692173 -0.071222 0.18695 -0.129018 -0.153978 -0.0144765
internal_weight=29843 26339 3504 357 42 23349 2990 3147 12273 2877 2486 11076 2255 2121 8221 4052 8146 4020 8821 1026 8791 113 5706 5297 391 987 77 315 160 3970
internal_count=29843 26339 3504 357 42 23349 2990 3147 12273 2877 2486 11076 2255 2121 8221 4052 8146 4020 8821 1026 8791 113 5706 5297 391 987 77 315 160 3970
is_linear=0
shrinkage=0.05


Tree=45
num_leaves=31
num_cat=0
split_feature=293 299 250 51 175 293 299 288 23 258 190 165 190 297 299 265 32 293 279 217 26 298 289 89 257 188 188 298 156 6
split_gain=5324.87 1838.9 1281.96 1403.55 775.691 481.622 349.749 244.634 234.282 226.612 198.486 184.443 151.586 150.163 137.764 137.244 135.384 131.467 116.954 108.084 119.772 105.413 115.608 104.998 102.491 102.112 99.7076 98.0314 103.478 95.4838
threshold=-9.9847340583801252 -1.3608728051185606 -23.64170932769775 -9.4915728569030744 5.8596353530883798 -4.6843528747558585 -17.152404785156246 2.6819608211517338 -5.349125623703002 3.5294945240020756 22.578004837036136 -5.3024065494537345 -6.3991301059722892 -8.5003676414489728 -5.572495460510253 -25.607917785644528 -6.2303142547607413 3.8373565673828129 -30.612102508544918 13.899901866912844 -0.74099996685981739 -0.37666672468185419 -1.9899194240570066 6.0310020446777353 -18.191071510314938 0.039607824757695205 -1.5845097899436948 -1.7510034441947935 6.8171029090881357 -3.1372226476669307
decision_type=2 2 2 2 2 2 2 2 2 2 2 2 2 2 2 2 2 2 2 2 2 2 2 2 2 2 2 2 2 2
left_child=2 5 3 -1 7 14 15 12 -5 11 29 26 -3 -13 -2 -4 -8 21 -10 20 -12 22 -15 -9 -17 -16 -7 28 -24 -6
right_child=1 4 6 8 10 9 16 23 18 -11 19 13 -14 17 25 24 -18 -19 -20 -21 -22 -23 27 -25 -26 -27 -28 -29 -30 -31
leaf_value=-0.56450726318359379 -0.023946349752058678 -0.1057204259634018 0.022918781280517581 0.0041906798169726416 0.17256931123279393 -0.017180242540004356 -0.0089560108477842876 0.04252468815562116 -0.25499643412503331 0.12385197846513046 0.19373974890419932 0.10312018072282947 0.017612308605664217 -0.00087473361479624152 -0.0097848427098070848 -0.12758523206961783 -0.05518748416400529 0.10508965292284567 -0.12783577732741833 0.23206378391810825 0.072400267956391817 -0.030688190862367098 0.014579896358357873 0.00097083840849836915 -0.084421897317511013 0.035178266415993371 -0.076397056331728941 -0.0029370522482467516 -0.094237799807028344 0.06215979214372306
leaf_weight=25 2725 25 25 21 21 240 179 1513 33 38 33 37 7237 8192 1953 190 1373 31 40 28 53 242 3140 169 498 135 101 1205 22 290
leaf_count=25 2725 25 25 21 21 240 179 1513 33 38 33 37 7237 8192 1953 190 1373 31 40 28 53 242 3140 169 498 135 101 1205 22 290
internal_value=9.93787e-05 0.0063289 -0.0715767 -0.231538 0.0243035 -0.0029953 -0.0631726 0.0211674 -0.142982 0.00192605 0.0903028 0.00157532 0.0171877 0.00253706 -0.0165416 -0.0921603 -0.0498554 0.00224703 -0.185319 0.14674 0.118961 0.00199798 0.00262781 0.0383495 -0.096342 -0.00687775 -0.0347195 0.00919819 0.0138228 0.0696151
internal_weight=29814 27430 2384 119 9369 18061 2265 8944 94 13248 425 13210 7262 12869 4813 713 1552 12832 73 114 86 12801 12559 1682 688 2088 341 4367 3162 311
internal_count=29814 27430 2384 119 9369 18061 2265 8944 94 13248 425 13210 7262 12869 4813 713 1552 12832 73 114 86 12801 12559 1682 688 2088 341 4367 3162 311
is_linear=0
shrinkage=0.05


Tree=46
num_leaves=31
num_cat=0
split_feature=293 295 286 59 293 241 299 32 21 189 7 201 119 294 62 189 120 85 283 35 133 112 29 160 178 57 29 288 298 27
split_gain=4806.19 1576.83 1297.51 1914.48 616.556 484.857 471.515 293.144 259.134 251.332 173.923 151.597 136.095 133.93 133.704 133.584 123.288 108.94 106.394 94.515 91.6295 115.63 83.3078 94.1931 77.0174 76.6338 74.3042 77.1617 72.3819 71.7739
threshold=-8.4543766975402814 -0.23026395589113233 -30.193594932556149 -9.4076848030090314 9.9932484626770037 -11.643019199371336 -3.3778676986694331 -11.055331230163572 -4.9413506984710684 2.51618504524231 5.3204705715179452 -15.968878746032713 -1.9079716205596922 -19.317960739135739 -5.6575894355773917 -1.1297029852867124 -2.717303872108459 -5.93373680114746 0.055700052529573447 3.9239645004272465 -5.5341141223907462 -0.40975487232208246 -2.7022145986557002 -4.2672364711761466 2.6239216327667241 -3.2401961088180538 6.2371833324432382 2.5401960611343388 -1.7835032343864439 -3.9093436002731319
decision_type=2 2 2 2 2 2 2 2 2 2 2 2 2 2 2 2 2 2 2 2 2 2 2 2 2 2 2 2 2 2
left_child=2 6 3 -1 9 7 12 -4 -5 18 -6 14 -2 -9 -10 17 -7 -8 -3 -15 21 -19 -17 -24 -11 -14 27 28 -20 -18
right_child=1 4 5 8 10 16 15 13 11 24 -12 -13 25 19 -16 22 29 20 26 -21 -22 -23 23 -25 -26 -27 -28 -29 -30 -31
leaf_value=-0.64333926114169038 -0.015041536002078996 0.011743043104270871 0.10562004815964472 0.02987395354679653 0.083177679813269415 -0.045870427400314703 0.057255452375314875 -0.10413425333797932 -0.14710827068142271 0.034178494929460047 0.18198661178839012 -0.081397674823629446 -0.031389411654270873 -0.062559578589771112 -0.32387369528412818 0.031836686721284882 0.025862559201195835 -0.010169487385652386 0.055971552960966765 -0.1370419326035873 0.0021783693756111553 -0.14102117074280979 -0.040495432107921017 0.01178814455980437 0.062742628531880895 -0.00054705422217412583 -0.0076261090040206916 0.039283891379444019 0.020127607426213501 -0.025173667534029172
leaf_weight=22 4404 1840 21 21 165 1301 89 440 23 443 61 29 213 575 20 524 80 52 152 46 7253 25 88 4086 505 3699 150 1072 1919 496
leaf_count=22 4404 1840 21 21 165 1301 89 440 23 443 61 29 213 575 20 524 80 52 152 46 7253 25 88 4086 505 3699 150 1072 1919 496
internal_value=9.44098e-05 0.00690103 -0.0591148 -0.223892 0.0287553 -0.0527108 0.00015533 -0.0793685 -0.124668 0.0257415 0.109847 -0.169743 -0.00901304 -0.0830299 -0.229325 0.00644766 -0.0373439 0.00227 0.0213731 -0.0680768 0.00160237 -0.0526538 0.013045 0.0106859 0.0493946 -0.00222635 0.026754 0.0283948 0.0227584 -0.0180853
internal_weight=29814 26740 3074 115 6307 2959 20433 1082 93 6081 226 72 8316 1061 43 12117 1877 7419 5133 621 7330 77 4698 4174 948 3912 3293 3143 2071 576
internal_count=29814 26740 3074 115 6307 2959 20433 1082 93 6081 226 72 8316 1061 43 12117 1877 7419 5133 621 7330 77 4698 4174 948 3912 3293 3143 2071 576
is_linear=0
shrinkage=0.05


Tree=47
num_leaves=31
num_cat=0
split_feature=299 288 286 59 299 299 257 32 185 165 22 63 119 57 28 190 34 201 73 187 289 36 4 51 70 35 78 85 213 189
split_gain=4310.06 1528.01 1060.9 1727.82 587.489 527.617 292.619 275.461 184.859 183.924 183.299 140.734 130.53 128.818 126.522 126.514 117.288 113.1 135.28 102.544 96.8159 95.8106 94.6681 90.6894 89.3474 84.5225 77.2693 76.9047 70.1492 68.9677
threshold=-10.181963443756102 -0.41712595522403711 -30.193594932556149 -9.4076848030090314 7.5222966670989999 -3.2063724994659419 -13.370882511138914 -11.055331230163572 0.35333333909511572 -5.9117395877838126 -5.9864425659179679 21.145302772521976 -1.9079716205596922 -0.74002298712730397 2.3020323514938359 -6.1005883216857901 -4.4925856590270987 -15.968878746032713 -5.7058510780334464 -6.1428670883178702 -20.232165336608883 2.5825587511062627 2.4508529901504521 5.5045964717864999 3.251813650131226 11.481704235076906 1.0191227793693545 -2.4309201240539546 -4.3682043552398673 -0.83394905924797047
decision_type=2 2 2 2 2 2 2 2 2 2 2 2 2 2 2 2 2 2 2 2 2 2 2 2 2 2 2 2 2 2
left_child=2 5 3 -1 8 9 7 -4 25 28 -5 -6 -11 19 -13 -15 -17 18 -12 -7 22 -8 -9 -14 -10 -3 -21 -28 -2 -18
right_child=1 4 6 10 11 13 21 20 24 12 17 14 23 15 -16 16 29 -19 -20 26 -22 -23 -24 -25 -26 -27 27 -29 -30 -31
leaf_value=-0.61117227727716628 -0.026995913153641846 0.015571945964420087 0.10283895492553713 0.015673174858093261 0.068055337107079658 -0.11320568837225438 -0.038722145792067522 -0.11860801401003351 0.02876517423269866 -0.013926941715097008 -0.12765407100892986 0.16964659030678908 -0.0022140321704502862 -0.10380684398114681 0.045951649014438906 0.058587027946487069 0.0062743521048878904 -0.073942980059870975 -0.30062167648226024 0.0021915254673259706 -0.071325209403704265 -0.080727340869213404 -0.043597995996475222 0.10194619610196068 0.057926489315156288 -0.066049745678901678 -0.067779757449888206 -0.01030260766320943 -0.067866414226591593 0.017181073111691789
leaf_weight=22 584 3595 20 20 234 20 1270 265 2787 4442 26 79 4278 24 28 128 3988 27 20 4146 501 152 50 21 290 32 73 287 128 2277
leaf_count=22 584 3595 20 20 234 20 1270 265 2787 4442 26 79 4278 24 28 128 3988 27 20 4146 501 152 50 21 290 32 73 287 128 2277
internal_value=8.96893e-05 0.00568019 -0.064558 -0.212698 0.0257556 -0.00125409 -0.0570132 -0.0804882 0.0224992 -0.00990656 -0.118435 0.0897762 -0.00791605 0.00622027 0.137278 0.0107762 0.0112064 -0.155177 -0.202857 -0.000239244 -0.0849816 -0.0432122 -0.106702 -0.00170522 0.0315136 0.0148518 0.00026216 -0.0219577 -0.0343434 0.0102384
internal_weight=29814 27441 2373 115 7045 20396 2258 836 6704 9453 93 341 8741 10943 107 6417 6393 73 46 4526 816 1422 315 4299 3077 3627 4506 360 712 6265
internal_count=29814 27441 2373 115 7045 20396 2258 836 6704 9453 93 341 8741 10943 107 6417 6393 73 46 4526 816 1422 315 4299 3077 3627 4506 360 712 6265
is_linear=0
shrinkage=0.05


Tree=48
num_leaves=31
num_cat=0
split_feature=293 295 295 32 189 239 49 299 187 223 268 249 193 28 220 259 30 281 190 130 189 298 298 290 26 232 234 52 299 298
split_gain=3956.8 1396.1 954.334 1150.37 514.545 490.236 271.986 262.649 175.274 167.716 165.808 157.358 156.308 125.755 114.769 117.03 97.7359 103.569 92.4169 87.3401 85.4725 83.3576 82.8631 80.2869 76.6532 74.1462 73.1074 95.7216 69.0645 100.579
threshold=-9.9847340583801252 -0.23026395589113233 -30.461294174194332 -11.055331230163572 5.6764004230499276 -3.090078473091125 -7.7950932979583731 -17.152404785156246 1.1036078929901125 -23.340682029724118 12.347696304321291 -4.55979299545288 -1.7270941734313963 -7.6485931873321524 5.5437254905700692 2.094733834266663 2.1248528957366948 -12.327507019042967 1.0246666669845583 -0.24741176515817639 -1.2444947361946104 -12.931302547454832 -8.8067255020141584 -25.257124900817868 3.0500909090042119 2.251439213752747 -0.73421570658683766 3.8914917707443242 -1.3608728051185606 -1.5763921737670896
decision_type=2 2 2 2 2 2 2 2 2 2 2 2 2 2 2 2 2 2 2 2 2 2 2 2 2 2 2 2 2 2
left_child=2 5 3 -1 8 11 -5 9 26 -4 -6 16 18 -9 15 28 17 -2 20 -20 22 -19 -7 -11 -12 -13 27 -3 29 -14
right_child=1 4 7 6 10 12 -8 13 -10 23 24 25 14 -15 -16 -17 -18 21 19 -21 -22 -23 -24 -25 -26 -27 -28 -29 -30 -31
leaf_value=-0.44130388532366072 -0.081431780854860955 0.0080060073096475167 0.03415000361780967 0.039123435974121101 0.067531932734410258 0.06828496396178152 -0.15977770371870562 0.028579899416131489 0.034099142167711996 -0.12767444925105317 0.19148656576871873 -0.0052368997498312133 0.0091635635122402012 -0.045845884152570189 -0.091082761010953361 0.049814203951528163 -0.044485017213233904 0.072392043526525854 -0.056864459654688837 0.04230131963612857 0.012437906605291286 -0.015893293427538473 -0.0030754663885153577 -0.077931705801873599 0.084078759757372057 0.086797837574373593 0.020977450131583017 -0.099669544984187397 0.01597149993014858 -0.01012658488951327
leaf_weight=35 60 1205 31 25 277 41 55 59 2139 94 46 4148 3655 1493 28 183 349 27 125 27 1167 2742 5220 592 26 22 2595 21 2498 829
leaf_count=35 60 1205 31 25 277 41 55 59 2139 94 46 4148 3655 1493 28 183 349 27 125 27 1167 2742 5220 592 26 22 2595 21 2498 829
internal_value=8.52048e-05 0.00545518 -0.0617011 -0.20222 0.0260944 -0.000709904 -0.0976211 -0.0545791 0.022639 -0.0796071 0.0851025 -0.011139 0.00485408 -0.0430166 0.00994861 0.0103434 -0.0195205 -0.0164407 -0.000715066 -0.0392495 0.00019614 -0.0150324 -0.00251934 -0.0847478 0.1527 -0.00475134 0.0162237 0.00616165 0.00930889 0.00559721
internal_weight=29814 27430 2384 115 6309 21121 80 2269 5960 717 349 7348 13773 1552 7193 7165 3178 2829 6580 152 6428 2769 5261 686 72 4170 3821 1226 6982 4484
internal_count=29814 27430 2384 115 6309 21121 80 2269 5960 717 349 7348 13773 1552 7193 7165 3178 2829 6580 152 6428 2769 5261 686 72 4170 3821 1226 6982 4484
is_linear=0
shrinkage=0.05


Tree=49
num_leaves=31
num_cat=0
split_feature=293 295 250 51 293 235 241 23 189 7 265 249 292 148 183 52 173 119 299 279 36 28 281 245 299 107 111 295 134 187
split_gain=3573.55 1176.78 964.189 1078.95 473.3 366.003 361.111 222.371 197.949 135.573 119.244 116.953 112.789 111.175 113.748 121.817 108.058 91.492 91.2214 86.812 86.7897 84.0899 74.6905 73.0764 110.1 71.1377 69.8959 69.8373 73.7045 75.5465
threshold=-8.4543766975402814 -0.23026395589113233 -23.64170932769775 -9.4915728569030744 9.9932484626770037 -2.6640195846557613 -11.643019199371336 -5.349125623703002 2.51618504524231 5.3204705715179452 -25.607917785644528 4.2587745189666757 -22.53836631774902 -6.496041774749755 -2.8429836034774776 -4.7762272357940665 -3.7271976470947261 0.25684389472007757 -1.4140021204948423 -30.612102508544918 3.3228080272674565 -7.6485931873321524 -2.7633141279220577 -0.90818625688552845 -3.4343490600585933 4.9897875785827646 3.0058186054229741 -11.882030963897703 0.11432025209069253 -2.5382679700851436
decision_type=2 2 2 2 2 2 2 2 2 2 2 2 2 2 2 2 2 2 2 2 2 2 2 2 2 2 2 2 2 2
left_child=2 5 3 -1 8 16 10 -5 17 -6 -4 13 -12 -7 15 -15 -2 23 -16 -9 -14 -8 -19 -3 -25 -20 -17 -23 29 -29
right_child=1 4 6 7 9 11 21 19 -10 -11 12 -13 20 14 18 26 -18 22 25 -21 -22 27 -24 24 -26 -27 -28 28 -30 -31
leaf_value=-0.48245471191406253 -0.01720991698121983 0.00072897484114069482 0.039416294097900394 0.030510173170339494 0.072332618019797595 0.057265559247895781 0.024173114448785782 -0.21415018601851032 0.043180520357839168 0.15957019368156058 -0.10423983986516601 0.077708549371787491 -0.05787124833664279 -0.063871076527763818 0.0039244131716699498 -0.0016695155630915785 -0.0044519312516212144 -0.015972078974657463 0.015025891522822243 -0.10459463935345413 -0.11356211544631363 -0.047964582542925585 0.026910180543427881 0.11301387020697196 0.016349065537821287 -0.069662336349487305 -0.067562447088520702 -0.026023593488121291 0.022606641626251596 -0.06944065274049839
leaf_weight=25 2306 954 25 21 165 102 64 33 948 61 206 56 765 85 6661 2186 5922 106 3049 40 77 608 2415 30 1628 25 41 1029 70 111
leaf_count=25 2306 954 25 21 165 102 64 33 948 61 206 56 765 85 6661 2186 5922 106 3049 40 77 608 2415 30 1628 25 41 1029 70 111
internal_value=8.09446e-05 0.00595017 -0.0509741 -0.190516 0.0248297 0.000122674 -0.0453546 -0.112873 0.0221892 0.095879 -0.0685031 0.00561712 -0.0710775 0.00528482 0.00484471 -0.00512485 -0.00802752 0.0183123 0.00721242 -0.15412 -0.0629641 -0.0321568 0.0251071 0.0117543 0.0180981 0.0143371 -0.00288263 -0.0341398 -0.0271932 -0.030251
internal_weight=29814 26740 3074 119 6307 20433 2955 94 6081 226 1073 12205 1048 12149 12047 2312 8228 5133 9735 73 842 1882 2521 2612 1658 3074 2227 1818 1210 1140
internal_count=29814 26740 3074 119 6307 20433 2955 94 6081 226 1073 12205 1048 12149 12047 2312 8228 5133 9735 73 842 1882 2521 2612 1658 3074 2227 1818 1210 1140
is_linear=0
shrinkage=0.05


Tree=50
num_leaves=31
num_cat=0
split_feature=296 288 286 129 299 295 49 190 185 216 190 189 290 125 51 241 183 83 152 52 35 236 10 53 180 82 253 248 236 283
split_gain=3245.99 1332.79 808.884 1203.93 474.345 467.559 378.763 177.928 172.247 192.273 170.547 164.068 147.003 140.251 112.352 106.596 98.2103 90.6153 86.1022 87.5909 81.7429 84.1782 71.3219 75.6621 70.5557 70.5713 77.8891 66.0831 64.7157 64.3476
threshold=-11.480784416198729 -0.54334908723831166 -30.193594932556149 -13.403481006622313 -5.4308888912200919 7.9286832809448251 -7.7950932979583731 0.37785489857196813 -9.9527449607849103 -22.569657325744625 -11.163130283355711 -0.7910817265510558 -25.257124900817868 1.5460621118545534 6.6991176605224618 0.39775882661342626 -3.0798238515853877 -4.8674509525299063 2.5751833915710454 -5.4879608154296866 11.481704235076906 4.5592646598815927 -2.1220084428787227 -2.823300719261169 -5.4127521514892569 -2.0857033729553218 -5.3723599910736075 -2.2259804010391231 -7.7447898387908927 1.1071699261665346
decision_type=2 2 2 2 2 2 2 2 2 2 2 2 2 2 2 2 2 2 2 2 2 2 2 2 2 2 2 2 2 2
left_child=2 4 3 -1 15 7 -5 20 9 -4 -8 16 -11 -7 24 22 18 28 19 -6 21 -3 23 -2 -13 26 -26 -27 -10 -24
right_child=1 5 8 6 11 13 10 -9 17 12 -12 14 -14 -15 -16 -17 -18 -19 -20 -21 -22 -23 29 -25 25 27 -28 -29 -30 -31
leaf_value=-0.4689976659314386 -0.057369879264015336 0.01267790618302672 0.067003258069356295 0.039305317401885989 -0.065739530324935916 0.027152415702217506 -0.25268396399915222 0.028844531401843967 -0.0268215313139889 -0.14083487153053284 -0.085273134708404544 -0.065416069869552881 -0.069147374810380122 0.098365109783457971 0.10684837500254314 0.06694146273909389 0.0013937857235357782 -0.051279501010031592 -0.090220399759709843 -0.006675425079019269 -0.073930247624715173 0.090563146897724711 -0.016090347564415058 -0.02068298595225531 0.11750865314494481 -0.004690667760520302 0.021861775313283652 0.011585050594105049 0.046118672455058379 0.067822529035417939
leaf_weight=29 222 3942 24 32 64 95 32 3023 288 80 29 31 674 254 30 37 9180 685 32 3266 27 35 3418 383 22 855 655 2305 34 23
leaf_count=29 222 3942 24 32 64 95 32 3023 288 80 29 31 674 254 30 37 9180 685 32 3266 27 35 3418 383 22 855 655 2305 34 23
internal_value=-4.97146e-05 0.00426421 -0.0631615 -0.187721 -0.00228738 0.0224934 -0.100011 0.0196879 -0.0546482 -0.0723188 -0.173095 0.00150084 -0.0767535 0.0789806 0.0104606 -0.0175405 -0.0012838 -0.0409961 -0.00859498 -0.00781059 0.0127747 0.0133633 -0.018313 -0.034145 0.00971297 0.01032 0.0249699 0.00718134 -0.0191198 -0.0155295
internal_weight=29806 27899 1907 122 20523 7376 93 7027 1785 778 61 16440 754 349 3898 4083 12542 1007 3362 3330 4004 3977 4046 605 3868 3837 677 3160 322 3441
internal_count=29806 27899 1907 122 20523 7376 93 7027 1785 778 61 16440 754 349 3898 4083 12542 1007 3362 3330 4004 3977 4046 605 3868 3837 677 3160 322 3441
is_linear=0
shrinkage=0.05


Tree=51
num_leaves=31
num_cat=0
split_feature=296 288 283 127 51 239 295 185 190 216 57 125 188 250 296 51 160 168 24 236 246 79 84 35 124 27 237 86 201 22
split_gain=2929.51 1202.84 744.588 1018.29 468.774 429.288 421.972 165.495 160.58 155.211 143.688 126.577 124.909 124.522 112.817 107.908 104.086 113.943 95.3407 86.829 79.7437 77.6491 112.125 76.3954 68.307 65.847 80.7925 71.8596 64.0678 62.519
threshold=-11.480784416198729 -0.54334908723831166 -31.510085105895993 -13.397440433502195 -7.620823621749877 -3.4186230897903438 7.9286832809448251 -9.9527449607849103 0.37785489857196813 -22.569657325744625 -0.72658410668373097 1.5460621118545534 -11.099114894866942 -5.3958306312561026 -25.692614555358883 6.6991176605224618 -3.5621175765991206 -2.3493463993072505 -1.2766485810279844 -5.0700855255126944 -4.7346882820129386 0.33472730219364172 -2.9758824110031123 2.7832520008087163 -1.4319476485252378 9.0542893409729022 3.6367570161819462 2.5431765317916875 -3.045330166816711 -4.9131152629852286
decision_type=2 2 2 2 2 2 2 2 2 2 2 2 2 2 2 2 2 2 2 2 2 2 2 2 2 2 2 2 2 2
left_child=2 5 3 -1 -5 13 8 9 20 -4 16 -8 -6 21 -11 18 17 -7 29 -19 -3 -2 -23 -9 -24 26 -22 -28 -10 -12
right_child=1 6 7 4 12 10 11 23 28 14 15 -13 -14 -15 -16 -17 -18 19 -20 -21 25 22 24 -25 -26 -27 27 -29 -30 -31
leaf_value=-0.4210840702056885 -0.018379016971790237 -0.028535100537487586 0.061894113367254089 0.08135864822952836 -0.23471028967337176 -0.0024429977301182308 0.025794824455913745 -0.034226716680702193 0.078994479311346011 -0.12229941272735596 0.082368785994393498 0.09344684640018959 -0.098154998351545897 -0.0072214503611384654 -0.065281564261167102 0.096276827770120962 4.7130100999746697e-05 0.063720353941122687 0.0035356420943088961 -0.040326189253110073 0.012798882443264666 -0.14972482696175576 -0.055359579683057075 -0.085158570632338532 -0.0004561258409562153 -0.067524638175964366 0.033254562183970313 0.13538406838973363 0.026375334745137254 0.014974424497028301
leaf_weight=32 2282 117 22 27 33 583 95 924 59 100 35 254 34 3912 655 34 5418 21 5471 444 3777 24 166 80 86 25 61 24 2964 2047
leaf_count=32 2282 117 22 27 33 583 95 924 59 100 35 254 34 3912 655 34 5418 21 5471 444 3777 24 166 80 86 25 61 24 2964 2047
internal_value=-4.72289e-05 0.004051 -0.0600035 -0.177466 -0.0945322 -0.00217301 0.0213687 -0.0516934 0.0187035 -0.0690189 0.00273371 0.0750315 -0.165414 -0.0128305 -0.0728336 0.00740114 -0.0027429 -0.017167 0.00700107 -0.0356273 0.012136 -0.0214086 -0.0464577 -0.038285 -0.0366227 0.0133602 0.0138838 0.0620911 0.0274023 0.0161074
internal_weight=29806 27899 1907 126 94 20523 7376 1781 7027 777 14053 349 67 6470 755 7587 6466 1048 7553 465 4004 2558 276 1004 252 3887 3862 85 3023 2082
internal_count=29806 27899 1907 126 94 20523 7376 1781 7027 777 14053 349 67 6470 755 7587 6466 1048 7553 465 4004 2558 276 1004 252 3887 3862 85 3023 2082
is_linear=0
shrinkage=0.05


Tree=52
num_leaves=31
num_cat=0
split_feature=293 288 286 129 247 237 49 293 293 216 188 50 183 298 293 182 211 18 36 28 124 249 292 97 22 232 135 24 246 146
split_gain=2650.88 1027.25 738.042 1004.1 389.272 323.098 315.185 200.124 177.992 172.553 144.647 127.108 112.105 110.028 107.681 104.15 96.9106 113.022 85.4646 83.1864 79.3818 87.86 78.8525 84.7027 73.8076 78.2492 75.2882 71.2667 70.7862 70.4062
threshold=-9.9847340583801252 -0.54334908723831166 -30.193594932556149 -13.403481006622313 3.2124637365341191 -3.2232352495193477 -7.7950932979583731 -15.867763042449949 9.9932484626770037 -22.569657325744625 -11.099114894866942 7.0127623081207284 -5.8502614498138419 -12.931302547454832 -25.682798385620114 -1.058594763278961 -3.8588930368423457 2.4765019416809086 3.9406862258911137 1.3942596912384035 -1.869163393974304 -2.4388017654418941 -5.6994781494140616 1.7328676581382754 -5.9864425659179679 -2.6748600006103511 -3.16786777973175 0.41288204491138464 -4.7346882820129386 -2.0981175899505611
decision_type=2 2 2 2 2 2 2 2 2 2 2 2 2 2 2 2 2 2 2 2 2 2 2 2 2 2 2 2 2 2
left_child=2 5 3 -1 15 12 -5 9 -6 -4 -8 16 -2 -14 -11 28 17 -7 20 -10 21 27 23 -15 -18 26 -26 -9 -3 -27
right_child=1 4 7 6 8 11 10 18 19 14 -12 -13 13 22 -16 -17 24 -19 -20 -21 -22 -23 -24 -25 25 29 -28 -29 -30 -31
leaf_value=-0.42750691380994077 -0.026012789452763009 -0.034013759048239701 0.04820928284616182 0.03655449748039246 0.0386380846387991 -0.0050268327281780987 -0.23049754460807892 -0.025639900107545632 0.13074950158363208 -0.11671268727519724 -0.076322069275995788 0.11341739973196617 0.099046209454536446 -0.014553648972911622 -0.061466278872270699 0.020091585153615341 0.095881670984354891 -0.057661413380859096 -0.086741977759769995 0.065142997758859983 -3.7574558149254513e-05 -0.13888398895040155 -0.0040336049844952628 -0.074422656488223146 0.018107543624211155 0.014418541979279479 -0.0064746225174576611 -0.054100718032132622 0.0085291573239434353 0.0039854702339759259
leaf_weight=29 989 103 33 32 806 1586 32 832 80 101 29 26 24 1876 696 4337 22 109 70 122 189 20 3782 61 359 2126 2353 299 1928 6755
leaf_count=29 989 103 33 32 806 1586 32 832 80 101 29 26 24 1876 696 4337 22 109 70 122 189 20 3782 61 359 2126 2353 299 1928 6755
internal_value=-4.48675e-05 0.00432964 -0.0508722 -0.170633 0.0202858 -0.00153503 -0.0905324 -0.0443495 0.0491565 -0.0638284 -0.157201 0.00297256 -0.0104645 -0.00778694 -0.0684674 0.0157158 0.00275682 -0.00841159 -0.0328831 0.0911258 -0.0300696 -0.035001 -0.00823527 -0.016439 0.00438665 0.00421302 -0.00322057 -0.033164 0.00637164 0.00648302
internal_weight=29806 27444 2362 122 7376 20068 93 2240 1008 830 61 13336 6732 5743 797 6368 13310 1695 1410 202 1340 1151 5719 1937 11615 11593 2712 1131 2031 8881
internal_count=29806 27444 2362 122 7376 20068 93 2240 1008 830 61 13336 6732 5743 797 6368 13310 1695 1410 202 1340 1151 5719 1937 11615 11593 2712 1131 2031 8881
is_linear=0
shrinkage=0.05


Tree=53
num_leaves=31
num_cat=0
split_feature=296 299 283 124 243 51 292 294 263 185 216 188 232 187 298 299 288 188 174 284 156 275 298 236 0 298 72 281 272 88
split_gain=2399.63 992.361 620.171 842.896 402.566 352.18 292.459 191.611 147.201 137.027 137.996 120.651 105.237 101.367 104.025 114.158 94.0856 91.4797 85.0196 88.1851 83.0225 82.6477 81.0969 79.9056 76.2241 75.4472 73.5677 72.2896 94.7547 72.1887
threshold=-11.480784416198729 -1.744662821292877 -31.510085105895993 -13.284317970275877 2.4944328069686894 -6.6831231117248526 -6.3386273384094229 13.095098018646242 -10.951386928558348 -9.9527449607849103 -22.569657325744625 -11.099114894866942 -2.6493664979934688 1.0416246056556704 -1.0681104660034177 -0.39201460778713221 -20.199229240417477 -4.837817668914794 4.7327969074249276 -4.8642697334289542 5.930941343307496 4.6400001049041757 0.59001019597053539 -2.0344592332839961 -0.13750000298023221 0.46622551977634435 1.7840676903724673 -1.6414915919303892 -4.9379007816314688 -4.0071566104888907
decision_type=2 2 2 2 2 2 2 2 2 2 2 2 2 2 2 2 2 2 2 2 2 2 2 2 2 2 2 2 2 2
left_child=2 6 3 -1 13 -5 27 26 -8 10 -4 -7 -10 14 -3 -16 -12 -17 19 -14 21 22 -21 -15 -9 -19 -6 -2 -29 -11
right_child=1 4 9 5 7 11 8 24 12 29 16 -13 18 23 15 17 -18 25 -20 20 -22 -23 -24 -25 -26 -27 -28 28 -30 -31
leaf_value=-0.38789446430821578 -0.016729335344263675 0.017218214649704102 0.060952294956554069 0.050691699981689459 0.02392872653093683 -0.22546491680606717 -0.1364552566409111 0.037017580223354427 -0.0055581703707216455 -0.019675382624840792 -0.091021131475766515 -0.088096080584959546 -0.014457140400472768 -0.0086347468491447602 -0.0048255067819898785 -0.073439067741855976 -0.053591051679956273 0.021421375548955079 0.093433033388394579 0.0049874559256398963 -0.061024774859348929 0.099583031561063684 -0.080276065745523997 0.025633615643015275 0.12716828776454484 0.0053437465449761691 0.046371420861387548 -0.11599904792599901 -0.020028480970358944 -0.046629228382278738
leaf_weight=31 2832 2502 22 31 830 31 20 33 6220 451 252 33 671 190 1925 32 503 1187 26 6973 48 23 28 1625 81 1894 652 43 64 553
leaf_count=31 2832 2502 22 31 830 31 20 33 6220 451 252 33 671 190 1925 32 503 1187 26 6973 48 23 28 1625 81 1894 652 43 64 553
internal_value=-4.26241e-05 0.0036665 -0.0543063 -0.161507 0.0153977 -0.0876331 -0.00391366 0.0386073 -0.000905231 -0.0467222 -0.0624874 -0.154634 -0.000711436 0.0114381 0.00888449 0.00474575 -0.0660843 0.0106644 0.00316895 0.00286585 0.00450948 0.00495732 0.00464645 0.0220463 0.101072 0.0115379 0.0338023 -0.0182536 -0.0585961 -0.0345215
internal_weight=29806 27899 1907 126 10951 95 16948 1596 14009 1781 777 64 13989 9355 7540 5038 755 3113 7769 7743 7072 7024 7001 1815 114 3081 1482 2939 107 1004
internal_count=29806 27899 1907 126 10951 95 16948 1596 14009 1781 777 64 13989 9355 7540 5038 755 3113 7769 7743 7072 7024 7001 1815 114 3081 1482 2939 107 1004
is_linear=0
shrinkage=0.05


Tree=54
num_leaves=31
num_cat=0
split_feature=292 232 283 127 51 287 237 31 182 170 100 295 21 211 23 255 34 35 119 152 263 220 33 224 189 257 290 283 36 121
split_gain=2167.9 885.193 588.53 763.27 367.801 325.14 312.74 156.438 170.066 132.25 126.568 124.395 102.669 98.9159 93.4401 92.3532 82.5178 73.8847 73.2237 84.1029 88.6382 72.0485 69.0182 64.8979 64.7723 64.0903 63.7824 63.0135 62.9637 60.4909
threshold=-10.690709590911863 0.090607423335313811 -31.510085105895993 -13.397440433502195 -7.620823621749877 -4.8473973274230948 3.9087978601455693 -11.259323596954344 -10.306699275970457 -0.98192679882049549 -2.0070915222167964 13.097843170166017 -2.310065388679504 -4.9405882358551017 -7.9073071479797354 -1.2479354143142698 3.1410893201828007 -6.1725988388061515 -2.0123356580734248 -0.21931370347738263 -11.853333473205565 5.5437254905700692 1.6490502357482912 -3.2873855829238887 -7.3711729049682608 -5.6850900650024405 -25.257124900817868 -13.573980808258055 3.6601150035858159 -2.0896078348159786
decision_type=2 2 2 2 2 2 2 2 2 2 2 2 2 2 2 2 2 2 2 2 2 2 2 2 2 2 2 2 2 2
left_child=2 5 3 -1 -5 18 15 14 26 17 -11 -8 -6 -12 -4 21 -10 -7 19 20 24 -3 -20 -17 -2 -15 -9 -22 -28 -19
right_child=1 6 7 4 12 9 11 8 16 10 13 -13 -14 25 -16 23 -18 29 22 -21 27 -23 -24 -25 -26 -27 28 -29 -30 -31
leaf_value=-0.36434905529022221 -0.032990263547062089 0.0064764796410717307 0.097839736938476571 0.074170398712158206 -0.079684263467788702 0.094778991602361209 0.040802389025210703 -0.10294191093855008 -0.029890119270938077 0.024049303753378048 -0.040442136851912835 0.096238891079894501 -0.20359740393502374 -0.044669770785877784 -0.027022855035189926 -0.035441552018219573 -0.078593332209485653 -0.0072239274354250526 -0.00053305690855733306 -0.056246377324516129 -0.087485488940929557 -0.052586902070928504 -0.030446114421430217 0.020252743554146458 -0.13661728753522037 0.0064753825171244422 -0.053845598205088711 -0.013406161490528305 -0.11599164097146555 0.0010802963663200894
leaf_weight=32 38 1178 31 27 32 20 749 93 1163 1022 118 117 35 62 29 53 94 3135 1513 132 29 54 221 3993 25 5080 553 2836 44 7298
leaf_count=32 38 1178 31 27 32 20 749 93 1163 1022 118 117 35 62 29 53 94 3135 1513 132 29 54 221 3993 25 5080 553 2836 44 7298
internal_value=-4.04929e-05 0.00370325 -0.0486108 -0.153432 -0.0816298 -0.00107397 0.0204429 -0.0420301 -0.0444807 0.00221477 0.00794837 0.0482921 -0.144415 0.00482001 0.0374895 0.0158735 -0.0335322 -0.00123098 -0.0125544 -0.0172061 -0.015446 0.00388766 -0.00434551 0.0195232 -0.0741121 0.0058587 -0.0644259 -0.014156 -0.0584259 -0.00141503
internal_weight=29806 27673 2133 126 94 21529 6144 2007 1947 16735 6282 866 67 5260 60 5278 1257 10453 4794 3060 2928 1232 1734 4046 63 5142 690 2865 597 10433
internal_count=29806 27673 2133 126 94 21529 6144 2007 1947 16735 6282 866 67 5260 60 5278 1257 10453 4794 3060 2928 1232 1734 4046 63 5142 690 2865 597 10433
is_linear=0
shrinkage=0.05


Tree=55
num_leaves=31
num_cat=0
split_feature=240 247 283 7 185 47 299 257 51 74 214 35 23 218 288 118 237 65 120 298 90 28 295 298 297 190 299 298 298 299
split_gain=1928.2 674.801 421.003 991.179 1743.83 426.901 291.139 231.727 230.68 154.346 150.141 105.164 101.668 136.856 98.2537 137.435 96.4972 128.948 94.4092 88.9451 84.8224 85.2685 77.7044 77.5341 123.788 104.357 83.1129 126.197 85.4948 78.0449
threshold=-6.6813559532165518 1.5190138220787051 -31.510085105895993 0.56467160582542431 -17.912597656249996 -7.7678792476654044 -2.5489636659622188 -11.2299427986145 5.5045964717864999 1.1375817060470583 -21.74273586273193 2.6946667432785039 5.8939280509948739 14.013718605041506 -22.327162742614743 -0.44906251132488245 -3.1923302412033077 -7.7875537872314444 -3.7022689580917354 -2.5587813854217525 -9.2205119132995588 3.5206285715103154 -0.90234240889549244 -2.7867156267166133 -3.4034118652343746 -6.3991301059722892 -1.3608728051185606 -1.0348039269447324 -0.94035291671752919 -0.044453477486968034
decision_type=2 2 2 2 2 2 2 2 2 2 2 2 2 2 2 2 2 2 2 2 2 2 2 2 2 2 2 2 2 2
left_child=2 6 3 5 -5 -1 16 10 18 -6 -4 14 13 -10 -12 -16 17 -2 -3 22 -9 -22 -18 24 -8 -25 27 -27 -28 -30
right_child=1 8 7 4 9 -7 23 20 12 -11 11 -13 -14 -15 15 -17 19 -19 -20 -21 21 -23 -24 25 -26 26 28 -29 29 -31
leaf_value=0.23687279701232911 -0.087941515679452936 -0.073290552635211489 0.062894123998181575 -0.55786032500090421 0.041150536707469397 -0.085902785119556249 0.0039986576721519574 0.049455339152638507 0.070940848982146906 -0.1332993207499385 -0.080646800612383357 -0.09774121232654738 0.011896434792301111 0.18420204347179783 -0.044122428199775077 0.074700926285237085 0.0016827423865876689 -0.0080546008430010252 0.024399817944640804 -0.011761225938375156 -0.020163330154912635 -0.062257709090526296 0.029914280519005843 -0.088615244472848964 0.04332576688849718 0.0044114957963849637 0.019814267760985584 -0.019952131865278298 -0.00078486236180936469 0.011633547659442901
leaf_weight=20 51 25 29 27 21 21 433 41 191 32 187 115 57 31 915 25 5087 5292 2303 1254 1613 130 256 29 372 3760 1622 619 2102 3178
leaf_count=20 51 25 29 27 21 21 433 41 191 32 187 115 57 31 915 25 5087 5292 2303 1254 1613 130 256 29 372 3760 1622 619 2102 3178
internal_value=-4.98357e-05 0.00433704 -0.036877 -0.128348 -0.230796 0.0715487 0.00171838 -0.033254 0.0284996 -0.0641777 -0.0495687 -0.0521946 0.0714626 0.0867566 -0.047547 -0.0409622 -0.00382248 -0.00881714 0.0233507 0.000222766 -0.0216308 -0.0233029 0.0030354 0.0071792 0.0221722 0.00611206 0.00635557 0.000967539 0.00977403 0.0066897
internal_weight=29838 26662 3176 121 80 41 24055 3055 2607 53 1271 1242 279 222 1127 940 11940 5343 2328 6597 1784 1743 5343 12115 805 11310 11281 4379 6902 5280
internal_count=29838 26662 3176 121 80 41 24055 3055 2607 53 1271 1242 279 222 1127 940 11940 5343 2328 6597 1784 1743 5343 12115 805 11310 11281 4379 6902 5280
is_linear=0
shrinkage=0.05


Tree=56
num_leaves=31
num_cat=0
split_feature=240 186 235 19 44 3 1 249 296 217 284 20 183 89 40 52 35 4 144 292 120 47 28 60 283 30 247 10 250 22
split_gain=1740.2 624.344 385.014 363.076 681.982 1676.11 345.59 270.419 216.606 125.81 113.754 99.7784 98.2722 94.9386 89.3666 88.3869 87.9268 84.1311 81.4897 78.0266 100.85 75.6263 77.7849 74.86 71.5703 72.6419 71.2647 69.0925 67.7279 65.5428
threshold=-6.6813559532165518 0.26264004409313207 -14.873272418975828 -5.0928590297698966 -11.126580715179442 2.7904901504516606 2.2084116935729985 5.8843138217926034 -4.5001764297485343 13.899901866912844 0.40984593331813818 -0.45478327572345728 -2.0133824348449703 0.94725489616394054 2.0994256734848027 4.5094165802001962 -5.4224510192871085 -4.6917133331298819 -2.7983826398849483 -20.771902084350582 -0.51647058129310597 -0.4687554389238357 -4.5850346088409415 -2.1345616579055782 -2.8173750638961788 -6.0368263721466056 -6.6867384910583487 3.942240953445435 1.2193901538848879 5.658743381500245
decision_type=2 2 2 2 2 2 2 2 2 2 2 2 2 2 2 2 2 2 2 2 2 2 2 2 2 2 2 2 2 2
left_child=2 8 3 6 5 -5 -1 10 13 21 -3 -6 15 17 19 16 18 -2 -10 -4 24 -9 -23 -14 25 -21 -18 -11 -19 -24
right_child=1 7 14 4 11 -7 -8 9 12 27 -12 -13 23 -15 -16 -17 26 28 -20 20 -22 22 29 -25 -26 -27 -28 -29 -30 -31
leaf_value=-0.085749066443670363 0.086156077000002065 0.0073937664883138663 -0.07835565749555827 0.016471357146898905 -0.045656523955750553 -0.595191232363383 0.18938856792449954 -0.010955112754386299 0.04234944316200339 0.078019072115421306 0.02313206166119014 -0.090210696228820345 0.020493168212984192 -0.032342322199528921 -0.058154858972715301 -0.081752805850085097 -0.05039366018559252 -0.0082269963365871977 -0.054744056871822981 0.0080301100735006674 0.020048006504040327 0.12723800140049529 0.055403014657537587 0.0049148299916056994 0.044950892954754337 -0.02862397925746081 0.00029500470344758162 0.18895648002624513 0.081807868635015824 -0.021404568995198898
leaf_weight=21 24 2027 64 24 277 21 25 49 26 32 2648 230 846 414 207 34 70 3898 128 145 132 34 267 8718 36 1994 7370 25 21 31
leaf_count=21 24 2027 64 24 277 21 25 49 26 32 2648 230 846 414 207 34 70 3898 128 145 132 34 267 8718 36 1994 7370 25 21 31
internal_value=-4.73439e-05 0.00412019 -0.0350331 -0.071179 -0.0824258 -0.268971 0.0637823 0.0198278 0.000393185 0.0573947 0.0163082 -0.0658685 0.0029168 -0.00956457 -0.0266486 -0.00131609 -0.000955955 -0.007173 -0.0383516 -0.023898 -0.0223872 0.0470298 0.0555878 0.00629284 -0.0249626 -0.0261392 -0.000181905 0.126676 -0.00774454 0.047413
internal_weight=29838 26662 3176 598 552 45 46 5113 21549 438 4675 507 17192 4357 2578 7628 7594 3943 154 2371 2307 381 332 9564 2175 2139 7440 57 3919 298
internal_count=29838 26662 3176 598 552 45 46 5113 21549 438 4675 507 17192 4357 2578 7628 7594 3943 154 2371 2307 381 332 9564 2175 2139 7440 57 3919 298
is_linear=0
shrinkage=0.05


Tree=57
num_leaves=31
num_cat=0
split_feature=181 232 7 288 30 7 42 293 234 24 286 170 30 36 212 109 30 226 28 254 23 118 219 221 186 80 60 21 132 29
split_gain=1572.45 561.128 417.322 241.582 325.404 374.498 370.167 229.509 228.797 131.393 107.076 107.074 108.376 97.92 96.6817 94.2024 93.0711 91.5968 84.8718 73.64 67.3912 67.3707 72.9727 62.7521 91.2427 80.7045 86.058 63.0623 62.7059 57.6931
threshold=-5.431835174560546 0.78423529863357555 4.5724904537200937 -14.862573623657225 -10.86642551422119 -0.052728755399584763 -11.616470336914061 9.9932484626770037 -3.4175488948822017 6.2749969959259042 5.5039210319519052 -1.0229067802429197 -1.2209189534187315 0.13181157410144809 -5.1083202362060538 4.7147579193115243 2.7230197191238408 -7.1264069080352774 2.3020323514938359 -5.5196228027343741 -0.29578822851181025 -1.0016470551490781 -8.1776580810546857 -9.1741833686828596 -11.615414142608641 -4.1663491725921622 -3.0560972690582271 -0.52422583103179921 1.5989254713058474 -1.3387526273727415
decision_type=2 2 2 2 2 2 2 2 2 2 2 2 2 2 2 2 2 2 2 2 2 2 2 2 2 2 2 2 2 2
left_child=2 8 3 4 5 -1 -6 9 -2 10 20 15 -13 23 -14 17 21 -10 -9 -16 -3 -5 -23 24 25 26 -8 -27 -12 -25
right_child=1 7 -4 16 6 -7 13 18 11 -11 28 12 14 -15 19 -17 -18 -19 -20 -21 -22 22 -24 29 -26 27 -28 -29 -30 -31
leaf_value=0.23859041180461646 -0.0080385338699124863 0.02464296619331334 -0.20073394904265532 -0.021315956259817193 -0.27316788673400877 -0.049197079327244028 -0.057019254433992077 0.10147243885057314 0.079759391273061434 -0.041861167420511658 0.020841933473160393 0.018866745011719394 -0.040324723083748779 -0.091474563376857096 0.042079656252430549 -0.095146526682835367 -0.050236156012267434 -0.00015641570357354627 0.040928577273622042 0.0047005769756295916 0.01058691152092772 0.1042052185535431 -1.4515463928026814e-06 -0.16809823788702488 -0.021776125929572367 -0.18566656716167929 0.045669416050341999 -0.076463799770825958 0.056334180488203572 -0.04800132963806391
leaf_weight=20 5717 1327 37 1761 20 26 281 105 36 92 228 1752 117 154 135 26 269 8928 129 5497 2386 20 105 20 275 20 22 39 274 20
leaf_count=20 5717 1327 37 1761 20 26 281 105 36 92 228 1752 117 154 135 26 269 8928 129 5497 2386 20 105 20 275 20 22 39 274 20
internal_value=-4.49767e-05 0.0038556 -0.0338218 -0.0317982 -0.0536023 0.0759279 -0.060604 0.0198706 0.000580922 0.0172505 0.0185407 0.00356906 0.00797979 -0.0554881 0.004662 -0.000111118 -0.0227225 0.000164531 0.0680957 0.00559656 0.0156104 -0.0187982 0.0166716 -0.0473021 -0.0434875 -0.0599809 -0.0495633 -0.113482 0.0402142 -0.10805
internal_weight=29838 26749 3089 3052 897 46 851 4541 22208 4307 4215 16491 7501 831 5749 8990 2155 8964 234 5632 3713 1886 125 677 637 362 303 59 502 40
internal_count=29838 26749 3089 3052 897 46 851 4541 22208 4307 4215 16491 7501 831 5749 8990 2155 8964 234 5632 3713 1886 125 677 637 362 303 59 502 40
is_linear=0
shrinkage=0.05


Tree=58
num_leaves=31
num_cat=0
split_feature=240 186 282 7 138 81 294 56 273 257 219 197 35 247 77 4 218 288 124 154 16 146 168 170 283 90 284 91 280 43
split_gain=1437.12 521.643 342.27 739.956 1560.67 301.801 240.907 233.518 180.928 178.741 165.426 103.229 88.3796 87.3189 100.297 83.0112 117.315 81.5734 119.046 77.998 73.5321 70.1787 96.6478 96.1121 88.755 68.7895 68.0678 69.2971 65.2327 69.8296
threshold=-6.6813559532165518 0.26264004409313207 -31.82635402679443 0.56467160582542431 -13.916834354400633 -11.000143527984617 6.9339215755462655 -3.5218125581741329 -4.0008950233459464 -11.2299427986145 -22.389563560485836 -9.4439725875854474 2.6946667432785039 -5.8317725658416739 1.8561764359474184 3.4018430709838872 14.013718605041506 -22.327162742614743 -2.1309312582015987 -0.19248662889003751 3.0956805944442753 -2.2646405696868892 1.4121398329734804 0.64449825882911693 -2.1905065774917598 -9.2205119132995588 0.40984593331813818 -0.67091503739356984 -2.2672096490859981 -0.64051470160484303
decision_type=2 2 2 2 2 2 2 2 2 2 2 2 2 2 2 2 2 2 2 2 2 2 2 2 2 2 2 2 2 2
left_child=2 8 3 5 -5 -1 26 -6 -2 10 -4 -9 17 14 -10 -8 -17 -12 20 25 -19 22 23 -15 -23 -11 -3 -28 -27 -30
right_child=1 6 9 4 7 -7 15 11 13 19 12 -13 -14 21 -16 16 -18 18 -20 -21 -22 24 -24 -25 -26 28 27 -29 29 -31
leaf_value=0.19826145172119142 -0.0071604170065122626 0.0081259636088401518 0.089971724800441577 -0.58497215270996095 0.064538455158472063 -0.076420516669750221 0.040149619869696791 -0.22503260314464568 -0.014865547578509261 0.048248603867321486 -0.070819377309332285 -0.064386185258626938 -0.087117022379584935 0.0094522990420084808 -0.11421036915532475 0.065086642333439415 0.19056316873301632 -0.035992331132096912 0.043385734615604521 -0.059558104830621572 -0.10535016692010686 -0.0036077293885015196 -0.035301616905551211 0.046841220527242586 0.0052038790550792908 -0.019041387789814689 0.040862405146022372 0.016987122781428228 -0.014043500274419786 0.10854292499522369
leaf_weight=20 5858 2103 23 20 20 20 312 20 205 41 192 20 115 3092 29 98 23 856 46 108 40 4647 114 182 7422 1588 352 2225 26 21
leaf_count=20 5858 2103 23 20 20 20 312 20 205 41 192 20 115 3092 29 98 23 856 46 108 40 4647 114 182 7422 1588 352 2225 26 21
internal_value=-4.27279e-05 0.00374454 -0.0318362 -0.114669 -0.202463 0.0609205 0.0181023 -0.0749601 0.000337836 -0.0285837 -0.0429042 -0.144709 -0.0453511 0.0031372 -0.0271775 0.0537832 0.0889376 -0.0411155 -0.0350613 -0.0183731 -0.0390887 0.00359612 0.00995491 0.0115307 0.00181109 -0.0157191 0.014801 0.0202483 -0.0173232 0.0407292
internal_weight=29838 26662 3176 120 80 40 5113 60 21549 3056 1272 40 1249 15691 234 433 121 1134 942 1784 896 15457 3388 3274 12069 1676 4680 2577 1635 47
internal_count=29838 26662 3176 120 80 40 5113 60 21549 3056 1272 40 1249 15691 234 433 121 1134 942 1784 896 15457 3388 3274 12069 1676 4680 2577 1635 47
is_linear=0
shrinkage=0.05


Tree=59
num_leaves=31
num_cat=0
split_feature=232 186 282 7 185 81 294 295 256 219 64 105 118 30 298 183 152 237 79 32 291 298 102 27 62 164 20 0 260 35
split_gain=1301.95 484.436 316.961 667.811 1476.05 272.375 212.435 176.029 159.673 143.671 136.347 112.258 98.7206 112.786 98.0227 97.1219 84.4084 81.5596 78.7803 77.5134 66.9941 83.4547 66.3099 65.9941 65.2233 62.6609 62.6052 63.0728 59.373 59.2777
threshold=-6.2084155082702628 0.26264004409313207 -31.82635402679443 0.56467160582542431 -17.912597656249996 -11.000143527984617 6.9339215755462655 -4.9047625064849845 -10.426260471343992 -22.389563560485836 1.331592917442322 0.59252104163169872 -0.44906251132488245 -2.7084022760391231 -8.5819497108459455 -2.9435294866561885 -8.4883823394775373 -16.072333335876461 -1.8355345726013181 7.5484850406646737 2.9867402315139775 -0.6376143991947173 3.8332288265228276 4.5088236331939706 1.4125608801841738 -5.7341434955596915 0.56204575300216686 3.9161064624786381 -0.3049346655607223 -1.5792374610900877
decision_type=2 2 2 2 2 2 2 2 2 2 2 2 2 2 2 2 2 2 2 2 2 2 2 2 2 2 2 2 2 2
left_child=2 7 3 5 -5 -1 20 11 9 -4 -6 -2 17 -14 -9 19 -10 29 -19 25 23 -22 -13 -3 -8 -16 27 -18 -25 -11
right_child=1 6 8 4 10 -7 24 14 16 12 -12 22 13 -15 15 -17 26 18 -20 -21 21 -23 -24 28 -26 -27 -28 -29 -30 -31
leaf_value=0.18834836959838869 -0.007087390136093108 0.012451511477287274 0.085473135243291448 -0.49324679904513896 0.063966460637748246 -0.072599496953189374 0.022262437564355357 0.083670593113512604 0.020123780141138053 -0.046467370912432672 -0.10148069515372769 -0.031544042960053587 -0.053305273994126101 0.10051713115177477 -0.031872249866655364 0.0041933553135105753 -0.015620928430618282 -0.029540811876340296 -0.064671007214038054 -0.075667712562962591 0.10819905171791713 0.023497167939381055 -0.11786211173360546 -0.076199766974896194 0.064155334134229886 -0.0025298927997232383 -0.03504429682134054 0.048227247148752213 0.0044936629820544766 -0.088890419680048044
leaf_weight=20 3026 3568 23 27 20 20 135 37 146 196 33 305 22 26 191 13895 1172 859 196 38 30 949 24 40 298 3839 468 40 53 142
leaf_count=20 3026 3568 23 27 20 20 135 37 146 196 33 305 22 26 191 13895 1172 859 196 38 30 949 24 40 298 3839 468 40 53 142
internal_value=-4.05915e-05 0.0037111 -0.0291167 -0.108935 -0.19234 0.0578744 0.0176002 0.000411669 -0.0262054 -0.0385072 -0.0390478 -0.0101031 -0.040486 0.0300152 0.00237151 0.00220406 -0.0163424 -0.0429154 -0.0360674 -0.00459076 0.0144746 0.0260927 -0.0378408 0.0113677 0.051094 -0.00392056 -0.0195115 -0.0135137 -0.0302132 -0.0642901
internal_weight=29838 26428 3410 120 80 40 5073 21355 3290 1464 53 3355 1441 48 18000 17963 1826 1393 1055 4068 4640 979 329 3661 433 4030 1680 1212 93 338
internal_count=29838 26428 3410 120 80 40 5073 21355 3290 1464 53 3355 1441 48 18000 17963 1826 1393 1055 4068 4640 979 329 3661 433 4030 1680 1212 93 338
is_linear=0
shrinkage=0.05


Tree=60
num_leaves=31
num_cat=0
split_feature=237 232 288 183 23 32 10 247 121 27 16 150 221 10 81 182 65 124 119 114 79 260 17 211 143 294 172 299 298 298
split_gain=1126.51 475.147 230.918 188.523 163.576 513.554 222.384 325.29 160.684 122.72 92.8012 80.3972 79.7487 74.9355 68.1422 66.8901 66.8591 63.47 62.9762 61.7158 61.6414 60.3612 67.8464 60.3375 84.9339 67.3472 60.2582 59.2494 109.522 74.5545
threshold=-6.9556274414062491 0.18394106626510623 -14.862573623657225 3.3501260280609135 -5.349125623703002 -11.055331230163572 2.3185369968414311 -23.341299057006832 -2.0896078348159786 -5.9982318878173819 4.9293501377105722 -9.0657486915588361 -8.8665027618408185 4.6004900932312021 -3.1366308927536006 -13.626190185546873 -6.5940001010894767 -6.7088799476623526 -1.8641830086708067 -1.4605463743209837 0.33472730219364172 -1.8252940773963926 3.5549802780151372 -3.7871446609497066 -1.8212655186653135 0.11364230886101724 -2.0555980205535884 -1.0016376376152036 -0.29420436918735499 -0.37666672468185419
decision_type=2 2 2 2 2 2 2 2 2 2 2 2 2 2 2 2 2 2 2 2 2 2 2 2 2 2 2 2 2 2
left_child=2 8 4 21 6 -6 7 -1 23 -10 12 14 15 16 -4 -7 -13 -11 20 -20 -18 22 -3 24 25 -2 -26 28 -19 -29
right_child=1 3 11 -5 5 10 -8 -9 9 17 -12 13 -14 -15 -16 -17 18 27 19 -21 -22 -23 -24 -25 26 -27 -28 29 -30 -31
leaf_value=0.15672815595354353 -0.0097478339362418887 0.0016740464936175323 0.022137541437850281 0.037909428769784752 -0.29026001225347103 -0.071622914629143497 -0.12260984547676579 -0.021584200294394243 0.07091448765534622 -0.082803650285032671 0.05054473876953125 -0.058314507561070587 -0.11406626019845992 -0.085626483481863275 -0.071379942921074954 -0.039714269429863058 -0.019547404737356409 0.0011957562493039348 0.028775425156751688 -0.021485147047145617 -0.060141583604940978 0.0142459968914468 -0.087388413060795186 -0.0029134753319776242 -0.014998920074740955 0.082396124368533497 -0.052759881603826844 0.01855332033358521 -0.036040656098433363 0.0023434496740563568
leaf_weight=35 2335 763 170 809 23 237 31 95 65 22 22 112 51 46 22 535 1262 11251 129 116 101 4335 22 3688 218 20 205 1133 201 1897
leaf_count=35 2335 763 170 809 23 237 31 95 65 22 22 112 51 46 22 535 1262 11251 129 116 101 4335 22 3688 218 20 205 1133 201 1897
internal_value=-0.000249401 0.00297803 -0.0293838 0.0154798 -0.0485608 -0.0571465 -0.00227279 0.026423 -0.000545768 0.00236553 -0.0508014 -0.0193056 -0.0535105 -0.0226463 0.011422 -0.0495101 -0.020962 0.00205833 -0.0183603 0.00497858 -0.0225555 0.0119358 -0.000821971 -0.00710543 -0.0126706 -0.0089653 -0.0332991 0.00218725 0.000542201 0.00840476
internal_weight=29951 26964 2987 5929 1029 868 161 130 21035 14569 845 1958 823 1766 192 772 1720 14504 1608 245 1363 5120 785 6466 2778 2355 423 14482 11452 3030
internal_count=29951 26964 2987 5929 1029 868 161 130 21035 14569 845 1958 823 1766 192 772 1720 14504 1608 245 1363 5120 785 6466 2778 2355 423 14482 11452 3030
is_linear=0
shrinkage=0.05


Tree=61
num_leaves=31
num_cat=0
split_feature=292 284 288 23 35 10 248 178 186 28 263 183 67 14 177 35 65 266 85 117 185 263 285 256 292 4 14 16 226 278
split_gain=1027.98 371.229 299.372 181.342 383.201 162.678 312.51 146.542 136.521 111.539 95.1372 85.2982 98.295 84.2793 87.6661 74.8805 99.8218 69.3312 68.5369 73.6053 65.9122 66.4913 63.9514 65.2051 57.8302 57.4233 55.893 56.7516 55.4578 66.0804
threshold=-6.2378430366516104 0.65615335106849682 -15.679882526397703 -5.349125623703002 -11.784491539001463 3.502646923065186 -23.352083206176754 4.9270586967468271 2.4587758779525761 1.4635141491889956 -10.951386928558348 -1.8418235182762144 3.45923924446106 2.8954871892929082 2.4280645847320561 -5.1940741539001456 -1.0875000357627866 -4.8356764316558829 0.42551158368587499 -4.2395215034484854 -0.065049517899751649 -0.66165575385093678 -14.778514385223387 -20.286281585693356 -3.6208971738815303 -1.8610294461250303 -0.44868919253349299 0.6296825408935548 -7.747142791748046 -5.6775817871093741
decision_type=2 2 2 2 2 2 2 2 2 2 2 2 2 2 2 2 2 2 2 2 2 2 2 2 2 2 2 2 2 2
left_child=2 7 3 5 -5 6 -1 10 17 20 -2 12 15 -10 -15 16 24 -3 19 -11 21 -4 23 -6 -12 -25 27 -20 29 -17
right_child=1 8 9 4 22 -7 -8 -9 13 18 11 -13 -14 14 -16 28 -18 -19 26 -21 -22 -23 -24 25 -26 -27 -28 -29 -30 -31
leaf_value=0.15376227322746727 -0.10585183848937352 -0.063736583516001699 -0.013604841226825232 -0.26683049883161275 -0.072976920072261878 -0.12720958792737552 -0.020854141040203666 0.052033091363289374 0.025781295813766182 -0.047995185407630189 -0.012177937720780789 0.0041172290280902801 -0.074608009419542681 0.15694402750920167 0.050532880670720752 0.0099894592228035144 -0.048920311070978641 0.012561772849842282 -0.15202323844922441 -0.0047205512794903865 0.021191350198635946 0.071702861688707195 -0.093531311530765007 -0.087231576442718506 0.08229938989132643 -0.031377629865348471 -0.043983907338131123 -0.041746027804911136 -0.001779697834357389 0.1146356632848355
leaf_weight=34 21 30 3319 21 164 21 104 139 816 171 46 9288 47 22 161 48 180 3954 28 231 147 23 77 51 25 471 148 20 10122 22
leaf_count=34 21 30 3319 21 164 21 104 139 816 171 46 9288 47 22 161 48 180 3954 28 231 147 23 77 51 25 471 148 20 10122 22
internal_value=-0.000236931 0.00392465 -0.0208554 -0.0462498 -0.056124 0.00243827 0.0221673 0.000873858 0.0161315 -0.0149961 0.000514692 0.00062763 -0.00246211 0.0326588 0.0633255 -0.00213741 -0.029117 0.0119872 -0.0349478 -0.0231284 -0.0115764 -0.0130177 -0.0503248 -0.0454751 0.0210887 -0.0368346 -0.0591897 -0.106074 -0.00147298 0.0428783
internal_weight=29951 24921 5030 943 784 159 138 19938 4983 4087 19799 19778 10490 999 183 10443 251 3984 598 402 3489 3342 763 686 71 522 196 48 10192 70
internal_count=29951 24921 5030 943 784 159 138 19938 4983 4087 19799 19778 10490 999 183 10443 251 3984 598 402 3489 3342 763 686 71 522 196 48 10192 70
is_linear=0
shrinkage=0.05


Tree=62
num_leaves=31
num_cat=0
split_feature=291 234 290 295 23 90 10 247 128 116 298 122 171 37 143 28 144 211 171 10 118 123 183 105 245 253 175 60 227 178
split_gain=937.488 369.929 222.534 199.443 137.378 411.128 202.04 259.411 104.917 104.123 95.6342 87.191 86.571 83.2242 79.7935 71.949 64.721 65.9016 75.7753 63.2249 63.1066 61.703 61.0634 108.358 59.0262 69.5431 58.7886 70.6194 58.3192 57.8379
threshold=-7.2949507236480704 -0.70407438278198231 -17.763142585754391 2.5260221958160405 -5.349125623703002 -13.353691577911375 2.3185369968414311 -23.341299057006832 4.0105009078979501 -0.092503737658262239 3.9828431606292729 -2.0545315742492671 -6.0966084003448477 0.73879551887512218 -1.9991747736930845 -5.9882619380950919 -3.9210636615753169 -3.8217648267745967 -1.711537718772888 4.2073333263397226 -3.6423529386520381 2.6145426034927373 1.3678757548332217 -0.70363497734069813 -0.93999996781349171 -3.1797633171081539 -5.5943064689636222 -3.1946597099304195 1.7300032377243044 -1.5450700521469114
decision_type=2 2 2 2 2 2 2 2 2 2 2 2 2 2 2 2 2 2 2 2 2 2 2 2 2 2 2 2 2 2
left_child=2 10 4 20 6 -6 7 -1 19 13 11 16 -13 24 21 -11 -2 18 -18 -5 -3 -14 23 -7 25 -4 -22 28 -28 -16
right_child=1 3 9 8 5 22 -8 -9 -10 15 -12 12 14 -15 29 -17 17 -19 -20 -21 26 -23 -24 -25 -26 -27 27 -29 -30 -31
leaf_value=0.14145306178501674 0.0041289478326357563 -0.017420589755151851 -0.015238875500514887 0.022077681588849537 -0.25709934234619142 -0.047994065468094461 -0.12024731550897871 -0.02738615971345168 0.050301791983591006 0.084560776525928139 -0.061064951347582268 -0.055877135020609085 0.0082367260585313583 -0.03791897832872191 -0.0057833532546248834 0.0032430200256524724 -0.011472687428574926 -0.0044870267119524196 -0.039313910513544999 -0.033973208757547231 -0.077098536416888241 -0.073896978212439499 0.033777408479225071 -0.15075673407150642 0.061859838336628552 -0.060811025350643644 0.028141587997397667 0.0078509003918487506 0.1103285510763526 0.0028735557353439856
leaf_weight=35 1253 244 2216 1549 25 514 28 65 355 31 66 65 3945 541 3451 222 1115 2946 313 52 20 23 21 27 24 87 158 6159 25 4376
leaf_count=35 1253 244 2216 1549 25 514 28 65 355 31 66 65 3945 541 3451 222 1115 2946 313 52 20 23 21 27 24 87 158 6159 25 4376
internal_value=-0.000225084 0.00316524 -0.023306 0.0116859 -0.0484667 -0.0587011 -0.00153256 0.0317076 0.0257101 -0.0175418 -0.000990955 -0.000764222 0.00166767 -0.0202543 0.00198479 0.0132069 -0.00588991 -0.00875996 -0.0175751 0.0202572 0.00753341 0.00776065 -0.0498755 -0.0531227 -0.0161475 -0.0169604 0.00849046 0.00876037 0.0393693 -0.000943359
internal_weight=29951 26115 3836 8562 715 587 128 100 1956 3121 17553 17487 11860 2868 11795 253 5627 4374 1428 1601 6606 3968 562 541 2327 2303 6362 6342 183 7827
internal_count=29951 26115 3836 8562 715 587 128 100 1956 3121 17553 17487 11860 2868 11795 253 5627 4374 1428 1601 6606 3968 562 541 2327 2303 6362 6342 183 7827
is_linear=0
shrinkage=0.05


Tree=63
num_leaves=31
num_cat=0
split_feature=239 232 235 247 14 189 3 250 94 183 52 39 18 52 290 46 28 26 34 49 27 4 298 3 294 186 139 288 19 23
split_gain=848.47 337.322 221.487 146.958 145.687 288.508 1104.94 256.908 130.078 107.567 74.372 74.0798 82.538 72.0589 70.4658 69.2874 76.5048 67.8915 66.51 85.4969 65.0755 63.0862 69.4819 59.8648 57.6618 57.403 56.0763 56.6219 55.5789 67.8209
threshold=-5.5528757572174063 0.18394106626510623 -13.90853691101074 2.9922519922256474 -3.8113087415695186 -18.283071517944332 1.7344967126846316 -23.64170932769775 -10.686901569366453 -2.0317758321762081 -4.9870891571044913 -4.6988453865051261 -2.4159762859344478 2.8236982822418217 6.8486275672912607 3.5588780641555791 -3.4407843351364131 -7.1859407424926749 0.1098599322140217 -0.12549019604921338 -6.9251463413238517 -2.1147058010101314 -8.8067255020141584 -1.4175543785095213 -19.317960739135739 -6.5746753215789786 -1.5515552163124082 -5.1088497638702384 -1.1614293456077573 -3.6496640443801875
decision_type=2 2 2 2 2 2 2 2 2 2 2 2 2 2 2 2 2 2 2 2 2 2 2 2 2 2 2 2 2 2
left_child=2 9 4 13 7 6 8 -1 -6 10 26 12 -7 14 -3 -5 -17 -14 19 24 -11 22 -12 25 -4 -23 27 -2 -25 -30
right_child=1 3 18 15 5 11 -8 -9 -10 20 21 -13 17 -15 -16 16 -18 -19 -20 -21 -22 23 -24 28 -26 -27 -28 -29 29 -31
leaf_value=0.16843781244187128 -0.015443189660223519 0.011290618316334383 -0.063065750619112446 0.02174278976032569 0.050073688268661501 0.032671454597692016 -0.46472682952880862 -0.04262312210124472 -0.096029489315473116 0.074923713505268094 0.095377663293710127 -0.053645835498118792 -0.12038786212603253 -0.0080603842106130395 0.076376097400983181 0.13674619482911152 0.042315285554472004 -0.021495964854955675 -0.026099862901128004 0.017756432889980953 0.0035062385671960519 -0.086421925015747553 0.010883453834339939 0.0046217217453740495 -0.012942211860438313 -0.013722159685681232 0.032578994285453251 -0.073680881684755575 -0.040861383220180875 -0.0040936796980868863
leaf_weight=21 82 4222 59 795 25 61 20 46 39 32 26 374 21 504 42 23 318 100 1097 230 9901 28 379 2057 2087 897 27 85 128 6225
leaf_count=21 82 4222 59 795 25 61 20 46 39 32 26 374 21 504 42 23 318 100 1097 230 9901 28 379 2057 2087 897 27 85 128 6225
internal_value=-0.00021383 0.00317543 -0.0211097 0.0136689 -0.046619 -0.0539628 -0.140331 0.0235303 -0.0389579 5.70176e-05 -0.00362191 -0.0409143 -0.0147516 0.00981845 0.0119317 0.0298301 0.0486845 -0.038659 -0.0159167 -0.0112152 0.00373632 -0.00301134 0.0163078 -0.0038495 -0.0143203 -0.0159228 -0.0342762 -0.0450851 -0.00252159 -0.00483447
internal_weight=29951 25771 4180 5904 707 640 84 67 64 19867 9934 556 182 4768 4264 1136 341 121 3473 2376 9933 9740 405 9335 2146 925 194 167 8410 6353
internal_count=29951 25771 4180 5904 707 640 84 67 64 19867 9934 556 182 4768 4264 1136 341 121 3473 2376 9933 9740 405 9335 2146 925 194 167 8410 6353
is_linear=0
shrinkage=0.05


Tree=64
num_leaves=31
num_cat=0
split_feature=292 284 185 8 0 17 38 248 128 286 160 96 66 215 244 55 253 47 4 299 298 190 298 299 148 295 182 23 189 91
split_gain=778.181 286.887 220.572 268.855 199.487 318.6 274.763 121.836 107.288 102.897 82.194 81.7354 85.3242 81.0022 73.3402 72.3036 71.6167 66.5769 65.2841 63.0335 134.392 88.6127 83.6892 94.2994 77.2634 62.8984 60.5118 60.4139 59.923 57.6246
threshold=-6.2378430366516104 0.65615335106849682 -9.9527449607849103 3.3695412874221806 3.9161064624786381 -3.4326307773590083 -11.499999999999998 3.8797057867050175 4.0105009078979501 10.063361167907717 -6.3068346977233878 1.0701034665107729 12.466492652893068 -2.7800309658050533 -1.9316121935844419 0.086666677147150054 -1.7331774234771726 -6.0596230030059806 1.2018431425094607 -2.028374075889587 -2.0771335363388057 -6.3991301059722892 -0.37666672468185419 -0.1522322744131088 -3.021431446075439 -0.86638706922531117 -2.7567842006683345 2.713304996490479 -13.994659423828123 2.3702845573425297
decision_type=2 2 2 2 2 2 2 2 2 2 2 2 2 2 2 2 2 2 2 2 2 2 2 2 2 2 2 2 2 2
left_child=2 7 3 4 6 -6 -1 10 -3 29 15 14 -13 -9 16 -2 -4 18 -8 20 25 -21 -23 -24 -25 -12 -26 -27 -19 -10
right_child=1 8 11 -5 5 -7 17 13 9 -11 19 12 -14 -15 -16 -17 -18 28 -20 21 -22 22 23 24 26 27 -28 -29 -30 -31
leaf_value=-0.20162535447340746 -0.010688443179117805 0.012007768319121429 -0.011798470981163529 -0.21698661077590217 0.20321453267877754 -0.055318345473362854 -0.02803392627953806 0.12160610644905656 0.057730599714720499 0.086199211544460724 -0.00035765349454013404 -0.045707911015972234 0.056568625840273772 0.027624860366708356 0.016721243989393786 -0.06852471559847656 -0.058518062378659252 -0.066410537663117136 0.042901096158944399 -0.084430332056113666 -0.015865331400163742 0.008610423536418858 -0.016270761285529584 0.041138626339200596 -0.037210281800056241 0.024647817793516536 0.0034935931776752835 -0.041309019241874162 -0.033787680728643701 0.010523405836688149
leaf_weight=26 187 4592 3492 21 22 26 110 27 94 90 10166 279 22 152 222 76 84 199 46 28 1434 4802 843 130 97 402 1556 38 481 207
leaf_count=26 187 4592 3492 21 22 26 110 27 94 90 10166 279 22 152 222 76 84 199 46 28 1434 4802 843 130 97 402 1556 38 481 207
internal_value=-0.000203138 0.00341767 -0.0181424 -0.0401121 -0.0360304 0.0631759 -0.0415547 0.000735742 0.0141486 0.0392914 0.000363727 -0.0131524 -0.0382325 0.0418008 -0.0111647 -0.0274016 -0.0128959 -0.0365764 -0.00711719 0.00073828 -0.00149901 0.00435107 0.00468574 -0.00249109 0.00402392 0.000443407 0.00110504 0.0189515 -0.0433347 0.0252659
internal_weight=29951 24921 5030 931 910 48 862 19938 4983 391 19759 4099 301 179 3798 263 3576 836 156 19496 12040 7456 7428 2626 1783 10606 1653 440 680 301
internal_count=29951 24921 5030 931 910 48 862 19938 4983 391 19759 4099 301 179 3798 263 3576 836 156 19496 12040 7456 7428 2626 1783 10606 1653 440 680 301
is_linear=0
shrinkage=0.05


Tree=65
num_leaves=31
num_cat=0
split_feature=181 283 122 182 51 284 292 265 84 85 114 249 85 10 39 35 170 26 28 274 35 290 3 21 44 13 158 86 34 91
split_gain=877.718 640.598 921.69 312.457 218.779 171.065 113.458 125.632 84.9882 79.9794 79.4576 73.0268 71.7929 62.2387 58.0178 118.608 88.6928 54.0578 53.2767 80.4428 52.8043 55.9028 73.479 52.6272 68.1866 51.9722 48.4167 74.4922 47.8571 49.9241
threshold=-5.3143923282623282 -31.510085105895993 -13.544924736022947 1.4770625829696657 -6.1793763637542716 -2.6998583078384395 -12.230000495910643 -25.607917785644528 -5.7888236045837393 10.013957500457765 4.2333333492279062 -5.745490074157714 -4.6358792781829825 3.942240953445435 -1.5005644559860227 -4.9465255737304679 -1.5741046071052549 -3.865686178207397 7.6065447330474862 4.9142353534698495 3.9239645004272465 -17.763142585754391 3.5059624910354619 -5.4913675785064688 -6.5188024044036856 -1.1913032531738279 -2.8643699884414668 -5.0013129711151114 1.1800980567932131 -5.8701176643371573
decision_type=2 2 2 2 2 2 2 2 2 2 2 2 2 2 2 2 2 2 2 2 2 2 2 2 2 2 2 2 2 2
left_child=1 2 -1 5 -4 10 7 -3 -7 12 14 20 -5 -8 16 -16 23 -11 19 -10 21 22 -9 -2 -25 -18 -26 -28 29 -17
right_child=3 6 4 9 -6 8 13 11 18 17 -12 -13 -14 -15 15 28 25 -19 -20 -21 -22 -23 -24 24 26 -27 27 -29 -30 -31
leaf_value=-0.407634030855619 0.046204317499090125 0.074656373483163341 0.040867308647401873 0.096167901477643425 -0.14550746828317643 0.061981459076587975 -0.011222570880921344 -0.048428420206427063 0.0044064551890511854 0.12458028211480095 -0.065746643029007262 -0.1291119034215808 0.015628334465565715 -0.064777617715299135 -0.043422675769305925 -0.05881780657917262 -0.0094374022179812053 0.040149807211680294 -0.031689383506774908 0.034444964394826721 -0.078249969247911805 -0.022002543961220884 0.036431623829735651 -0.049751698335584925 0.0020088916665840909 0.018827541225244493 -0.078753266196984514 -0.0084096753260477358 -0.015004155584797264 -0.0027632622280804042
leaf_weight=26 54 27 31 28 32 65 1736 462 12279 21 51 20 2345 56 206 40 199 195 100 227 61 748 27 78 2112 890 39 1076 1000 5711
leaf_count=26 54 27 31 28 32 65 1736 462 12279 21 51 20 2345 56 206 40 199 195 100 227 61 748 27 78 2112 890 39 1076 1000 5711
internal_value=-0.000251619 -0.0248871 -0.157167 0.00272315 -0.0537992 0.000951846 -0.0211342 -0.03211 0.00495507 0.01923 -0.00347596 -0.0342972 0.0165787 -0.0128962 -0.0031975 -0.00604901 0.00126247 0.0483583 0.00466103 0.00495169 -0.0328362 -0.0305967 -0.0437429 -0.00275767 -0.00355765 0.0136625 -0.00244109 -0.0108701 -0.00490859 -0.00315314
internal_weight=29942 3226 89 26716 63 24127 3137 1345 12671 2589 11456 1318 2373 1792 11405 6957 4448 216 12606 12506 1298 1237 489 3359 3305 1089 3227 1115 6751 5751
internal_count=29942 3226 89 26716 63 24127 3137 1345 12671 2589 11456 1318 2373 1792 11405 6957 4448 216 12606 12506 1298 1237 489 3359 3305 1089 3227 1115 6751 5751
is_linear=0
shrinkage=0.05


Tree=66
num_leaves=31
num_cat=0
split_feature=190 283 57 246 56 182 297 271 263 237 151 24 61 100 35 50 109 53 183 1 192 148 289 195 266 50 3 52 105 260
split_gain=807.017 572.805 819.668 305.595 174.024 134.704 107.249 104.219 93.9849 108.118 85.3423 84.1925 120.453 82.232 116.501 68.8972 90.4462 67.5368 84.377 63.5923 62.7346 81.4611 62.4577 68.4115 62.0598 58.407 62.0556 56.6986 56.2108 55.677
threshold=-6.3991301059722892 -31.510085105895993 -9.4288234710693342 -1.3105392456054685 -3.1315685510635372 1.4770625829696657 -1.5697059035301206 -3.908751249313354 -25.210536003112789 -16.072333335876461 -6.3096077442169181 2.5539072751998906 -3.2034895420074458 -1.8573474884033201 -4.313208580017089 0.57666712999343883 0.24029406905174258 4.4591214656829843 -0.4532864242792129 1.7949019074440005 -4.3022713661193839 -0.78573295474052418 0.99210140109062206 -1.1848870515823362 -5.8950979709625235 7.0127623081207284 4.1847898960113534 -2.907040953636169 0.59252104163169872 -5.7317509651184073
decision_type=2 2 2 2 2 2 2 2 2 2 2 2 2 2 2 2 2 2 2 2 2 2 2 2 2 2 2 2 2 2
left_child=1 2 -1 7 19 10 8 11 -3 -10 -5 22 -13 15 -15 -9 -17 24 -19 -4 21 28 23 -2 -12 27 -27 -7 -11 -26
right_child=3 6 4 5 -6 25 -8 13 9 20 17 12 -14 14 -16 16 -18 18 -20 -21 -22 -23 -24 -25 29 26 -28 -29 -30 -31
leaf_value=-0.40186595916748047 -0.0045379458173931461 0.067680963976629857 -0.066816130280494698 0.086364464642423588 -0.17720879997525896 0.070149983368813992 -0.13027138701923516 0.0040429492484321356 -0.049021035591057971 -0.016972637199407604 -0.030344030589861959 -0.13318289184364782 -0.022638755700573689 -0.045728220617117954 -0.00064323989001021818 0.029082476883422866 -0.020341415768232916 -0.099643258772352167 0.0042311494279166926 0.055090539351753565 0.019306751206302302 -0.063602001356775878 0.082492315769195565 -0.024422972658110637 -0.056085514883909907 0.031513715549639075 0.099938389233180464 0.016236166218602206 -0.085983630555371449 0.0071262498824829481
leaf_weight=24 5860 29 20 33 21 50 23 2422 339 1795 114 29 164 146 7710 614 109 34 46 23 104 104 20 467 35 157 42 1975 30 7403
leaf_count=24 5860 29 20 33 21 50 23 2422 339 1795 114 29 164 146 7710 614 109 34 46 23 104 104 20 467 35 157 42 1975 30 7403
internal_value=-0.000239038 -0.0273643 -0.152675 0.00224505 -0.0592285 0.00927386 -0.0228151 -0.00171754 -0.0217857 -0.0228795 0.00613049 -0.00671607 -0.039249 0.00125405 -0.00148112 0.00808631 0.0216313 0.00578357 -0.0399155 -0.00161024 -0.0185205 -0.0205599 -0.00572681 -0.00600567 0.00626767 0.0201075 0.0459551 0.0175674 -0.0181071 0.0068288
internal_weight=29942 2512 88 27430 64 9889 2424 17541 2401 2372 7665 6540 193 11001 7856 3145 723 7632 80 43 2033 1929 6347 6327 7552 2224 199 2025 1825 7438
internal_count=29942 2512 88 27430 64 9889 2424 17541 2401 2372 7665 6540 193 11001 7856 3145 723 7632 80 43 2033 1929 6347 6327 7552 2224 199 2025 1825 7438
is_linear=0
shrinkage=0.05


Tree=67
num_leaves=31
num_cat=0
split_feature=190 283 122 234 51 295 122 298 143 295 265 24 237 156 283 227 299 262 112 4 186 298 42 12 165 248 286 84 51 75
split_gain=728.333 516.956 751.106 276.333 194.599 128.739 110.402 92.2124 89.3107 88.2921 92.8589 81.5025 77.2511 75.2448 97.659 74.8486 73.5731 72.9701 70.7925 67.1877 64.9299 64.8195 62.7767 62.1937 61.6838 60.9804 58.4283 57.7128 57.1542 54.5416
threshold=-6.3991301059722892 -31.510085105895993 -13.544924736022947 -0.76392877101898182 -6.6831231117248526 2.5260221958160405 -2.2945137023925777 -2.9911806583404537 -2.0466299057006831 -6.6339707374572745 -25.607917785644528 4.1349320411682138 -16.072333335876461 -4.3614997863769522 -15.71905994415283 -2.7666327953338619 -3.2366830110549922 -12.434162139892576 2.4898326396942143 3.5947910547256474 -0.28595191240310663 0.52470871806144725 0.46949572861194616 -5.3662512302398673 -3.5844166278839107 2.4561764001846318 5.0554902553558358 -5.7888236045837393 -1.8219764828681944 -3.1093671321868892
decision_type=2 2 2 2 2 2 2 2 2 2 2 2 2 2 2 2 2 2 2 2 2 2 2 2 2 2 2 2 2 2
left_child=1 2 -1 6 -4 23 11 9 16 10 -3 17 -12 22 -15 -9 -8 -2 27 21 24 25 -14 -5 -10 -7 -21 -18 -24 -26
right_child=3 7 4 5 -6 19 8 15 20 -11 12 -13 13 14 -16 -17 18 -19 -20 26 -22 -23 28 -25 29 -27 -28 -29 -30 -31
leaf_value=-0.3706151228684646 -0.069321309291231245 0.068836240415219907 0.064902873661207117 0.070897503318013366 -0.11847212131206807 0.034858487171027089 0.00071395801248886779 -0.13893215444249413 -0.022408959938663445 0.0098168077173869366 -0.046279154285307857 -0.058437209315114202 -0.018055648722273256 -0.14201567064632067 -0.033575542611612622 -0.02046647503739223 0.067514227390289311 -0.0060706371790863016 -0.061677952927927819 0.01150265726549872 0.0073874632864159018 0.015078057308316678 -0.019956814423203469 0.0058962606128556052 -0.032115199194326031 0.11879471592031993 0.07413640801723187 0.013168351385141686 0.050913764183959848 -0.0020124886467914492
leaf_weight=26 46 27 23 37 39 129 2410 30 422 222 341 77 1273 22 369 24 50 5230 31 58 1562 1604 50 6794 154 26 104 2127 66 6569
leaf_count=26 46 27 23 37 39 129 2410 30 422 222 341 77 1273 22 369 24 50 5230 31 58 1562 1604 50 6794 154 26 104 2127 66 6569
internal_value=-0.000227086 -0.0259961 -0.145041 0.0021328 -0.0504459 0.00946416 -0.00130247 -0.0216743 0.00113398 -0.0202023 -0.0233048 -0.00736743 -0.0244777 -0.0203012 -0.039677 -0.0862807 0.00675475 -0.0066221 0.0133482 0.0208995 -0.00184715 0.0180617 -0.0148469 0.00624834 -0.00386597 0.0489381 0.051712 0.0144165 0.0203661 -0.00270203
internal_weight=29942 2512 88 27430 62 8752 18678 2424 13325 2370 2148 5353 2121 1780 391 54 4618 5276 2208 1921 8707 1759 1389 6831 7145 155 162 2177 116 6723
internal_count=29942 2512 88 27430 62 8752 18678 2424 13325 2370 2148 5353 2121 1780 391 54 4618 5276 2208 1921 8707 1759 1389 6831 7145 155 162 2177 116 6723
is_linear=0
shrinkage=0.05


Tree=68
num_leaves=31
num_cat=0
split_feature=181 283 57 288 56 57 40 292 295 248 157 22 11 298 232 296 84 293 21 264 106 155 208 297 44 144 96 293 122 35
split_gain=661.242 469.993 701.782 240.352 152.282 95.537 90.774 107.604 89.2148 67.7123 66.1592 65.4853 59.3429 57.5078 120.239 73.8746 57.4584 64.6762 84.2207 61.6816 59.4203 55.5974 55.2326 53.7332 52.5978 53.0024 67.9072 62.8507 62.4963 67.7911
threshold=-5.3143923282623282 -31.510085105895993 -9.4288234710693342 -0.41712595522403711 -3.1315685510635372 -0.72658410668373097 -12.040139675140379 -12.230000495910643 7.9286832809448251 -6.5496323108673087 11.087692260742189 -5.9864425659179679 4.2197618484497079 -1.3893595337867735 4.1320633888244638 1.3142431378364565 -5.7888236045837393 -3.1692156791687007 -0.52422583103179921 -5.2040553092956534 -4.4414331912994376 3.0879645347595219 0.28957843780517584 -2.7252941131591792 -6.5188024044036856 -4.0317060947418204 -7.1421356201171866 -0.24857444316148755 -2.2176078557968135 -4.7735092639923087
decision_type=2 2 2 2 2 2 2 2 2 2 2 2 2 2 2 2 2 2 2 2 2 2 2 2 2 2 2 2 2 2
left_child=1 2 -1 5 -4 11 -3 9 10 -8 13 -2 24 14 -5 23 -7 -18 19 -19 -20 22 -9 -15 -13 27 -27 -26 -28 -30
right_child=3 6 4 8 -6 16 7 21 -10 -11 -12 12 -14 15 -16 -17 17 18 20 -21 -22 -23 -24 -25 25 26 28 -29 29 -31
leaf_value=-0.36596393585205078 0.049555476715690217 0.06287012661204619 0.0014329938756095038 0.016667561112178698 -0.16438409492373468 0.040781143784523015 -0.028362594986704071 -0.011493711086819472 0.035009794125611754 -0.10314500086730527 -0.052068668332966896 -0.045088122550446495 -0.060240603214565751 -0.080344711616635325 0.13450739735906775 0.013200282966434296 -0.0027249901922009345 0.049292888116399085 -0.085316992662847049 0.010887795809539967 0.0011183512937130203 -0.085324229836463927 0.051950255100216183 0.0019156012038568837 0.0039046117075315911 -0.082832286294017524 -0.011159431265116945 0.079578419844619941 -0.031106737882752596 -0.00088680724156100545
leaf_weight=24 57 34 45 1350 20 100 1285 1727 348 31 44 77 47 20 22 2527 3509 109 20 2560 3413 25 35 2681 1368 28 2668 28 192 5548
leaf_count=24 57 34 45 1350 20 100 1285 1727 348 31 44 77 47 20 22 2527 3509 109 20 2560 3413 25 35 2681 1368 28 2668 28 192 5548
internal_value=-0.000215732 -0.0215985 -0.134903 0.00236627 -0.0495876 -0.000457387 -0.0183839 -0.0192742 0.0103316 -0.0301242 0.00903903 -0.00388434 -0.00419029 0.00944641 0.0185571 0.00705546 0.00307614 0.00268383 0.00579421 0.0124562 0.000614796 -0.011284 -0.0102335 0.00130649 -0.00392444 -0.00360206 -0.00509544 0.00542242 -0.00483657 -0.00189765
internal_weight=29942 3226 89 26716 65 19724 3137 3103 6992 1316 6644 10013 9956 6600 1372 5228 9711 9611 6102 2669 3433 1787 1762 2701 9909 9832 8436 1396 8408 5740
internal_count=29942 3226 89 26716 65 19724 3137 3103 6992 1316 6644 10013 9956 6600 1372 5228 9711 9611 6102 2669 3433 1787 1762 2701 9909 9832 8436 1396 8408 5740
is_linear=0
shrinkage=0.05


Tree=69
num_leaves=31
num_cat=0
split_feature=173 286 51 182 133 257 208 292 298 21 184 291 263 165 16 28 175 132 154 152 11 291 225 85 299 152 24 22 173 90
split_gain=598.826 389.219 714.487 200.263 142.902 105.041 104.57 79.9723 103.43 85.4544 76.1333 70.1392 69.9609 75.123 69.087 65.9954 63.3232 71.5477 58.9601 57.2759 57.6055 58.6353 65.7051 57.1605 56.306 55.7564 55.6386 74.6158 55.2954 54.8926
threshold=-3.9176943302154537 -30.193594932556149 -9.4915728569030744 1.4770625829696657 -11.662664890289305 -11.2299427986145 -19.942638397216793 -3.4378757476806636 -6.0868289470672599 -1.1117647290229795 -7.5779590606689444 -1.3776078224182127 -4.3374190330505362 -2.792450904846191 -1.6833333373069761 7.6065447330474862 -5.3626961708068839 -6.0276143550872794 1.2422994375228884 -0.84309592843055714 -3.044757485389709 -22.536721229553219 -14.516100406646727 10.013957500457765 -5.8001961708068839 -10.845163345336912 -6.3328840732574454 -5.9864425659179679 -3.0744225978851314 10.588551521301271
decision_type=2 2 2 2 2 2 2 2 2 2 2 2 2 2 2 2 2 2 2 2 2 2 2 2 2 2 2 2 2 2
left_child=1 2 -1 7 -4 6 -3 18 11 12 -6 24 -10 14 -14 16 -11 -18 -2 20 -8 22 -22 28 -9 -23 27 -7 -5 -25
right_child=3 5 4 23 10 26 19 8 9 15 -12 -13 13 -15 -16 -17 17 -19 -20 -21 21 25 -24 29 -26 -27 -28 -29 -30 -31
leaf_value=-0.32656503404889792 -0.0021214840697510915 0.056664404997954498 0.050217571566181798 0.087948942661285404 -0.13000178930952269 0.11774066925048828 -0.066695001045631808 0.0016400247351841979 0.03079414555434682 -0.05551831907668741 -0.0070599097386002535 0.10185517937827267 -0.033473724483822784 0.010648454716270185 0.0027858359604859013 -0.041093346716896184 -0.060785630879842713 0.001699293347167925 -0.026449293496525889 -0.11257190232630819 -0.038379779209693272 0.0061750705471669129 -0.12619333434104921 0.089999622768825963 0.069290824238448706 -0.025137776359460264 -0.010186059148042071 -0.0077957021779027488 0.013188646082115913 0.027934250636407504
leaf_weight=28 6485 37 31 25 34 20 86 89 349 49 20 38 192 2930 416 93 46 11247 259 20 144 174 25 45 47 777 3715 29 2321 171
leaf_count=28 6485 37 31 25 34 20 86 89 349 49 20 38 192 2930 416 93 46 11247 259 20 144 174 25 45 47 777 3715 29 2321 171
internal_value=-0.000204946 -0.0157375 -0.107507 0.00301403 -0.0353472 -0.0136746 -0.0261518 0.00148911 0.00346708 0.00303177 -0.0844678 0.0417996 0.00943635 0.00732954 -0.00866455 0.000854721 0.00119868 0.00144477 -0.00305578 -0.0286512 -0.0272594 -0.0242313 -0.05137 0.0162515 0.0250193 -0.0194086 -0.0094879 0.0434436 0.0139853 0.0408645
internal_weight=29942 5140 113 24802 85 5027 1263 22240 15496 15322 54 174 3887 3538 608 11435 11342 11293 6744 1226 1206 1120 169 2562 136 951 3764 49 2346 216
internal_count=29942 5140 113 24802 85 5027 1263 22240 15496 15322 54 174 3887 3538 608 11435 11342 11293 6744 1226 1206 1120 169 2562 136 951 3764 49 2346 216
is_linear=0
shrinkage=0.05


Tree=70
num_leaves=31
num_cat=0
split_feature=191 7 43 186 9 299 298 298 289 5 123 22 2 55 30 38 297 298 292 189 133 297 295 23 299 296 235 298 260 44
split_gain=496.859 231.887 417.76 212.691 103.42 98.0891 113.906 92.3161 86.0913 82.3574 144.869 123.356 442.422 444.632 166.212 138.864 82.1016 109.617 81.5387 78.0381 81.1905 127.878 117.263 77.2289 68.251 65.6868 63.9946 60.7354 82.8311 59.0455
threshold=-5.1602485179901114 4.5724904537200937 -5.4730148315429679 0.67728760838508617 6.7280230522155771 -1.7165294289588926 -1.7510034441947935 -1.0681104660034177 -1.9899194240570066 3.9070256948471074 -5.8726389408111563 -7.1782352924346915 0.66673204302787792 -6.3413507938385001 -10.86642551422119 -11.499999999999998 -3.0705882310867305 -2.9617789983749385 5.2967255115509042 -2.6254324913024898 -13.488502979278563 -30.450784683227536 -30.461294174194332 5.8939280509948739 -0.85966387391090382 -4.5001764297485343 -15.891237735748289 -5.5156781673431388 -2.5375922918319698 -2.1636006832122798
decision_type=2 2 2 2 2 2 2 2 2 2 2 2 2 2 2 2 2 2 2 2 2 2 2 2 2 2 2 2 2 2
left_child=1 4 -3 5 9 6 8 16 -2 11 -11 12 13 -1 -13 -16 -7 -18 -5 20 22 -22 -17 29 -9 -8 -23 28 -10 -20
right_child=3 2 -4 18 -6 7 25 24 27 10 -12 14 -14 -15 15 19 17 -19 23 -21 21 26 -24 -25 -26 -27 -28 -29 -30 -31
leaf_value=-0.34453145890008835 -0.002469077956866119 -0.29899317860603331 0.016748316721482713 0.0098538751073424802 -0.11682777881622315 -0.0090877508889529481 -0.078831513971090325 -0.0096728272543622137 -0.00044417069132985743 0.14908461240785462 -0.01113075785512148 0.11943941530974017 0.086457702765862149 -0.015120808184146881 -0.14678434371948243 0.12367539978027345 0.10135121780790782 0.015624739240602892 -0.033144924094279611 0.016867771238571794 -0.10995806874455633 -0.040239026440286096 -0.010858071368673575 -0.015480618698652401 0.0044863483907917863 -0.013772886256749745 -0.014436056891096664 0.0058355448990092653 0.083012544534734042 0.038839223925518779
leaf_weight=21 10498 20 22 3401 25 347 40 1084 58 21 43 23 24 20 20 25 38 1995 30 186 37 261 46 86 3961 1291 3029 2695 61 565
leaf_count=21 10498 20 22 3401 25 347 40 1084 58 21 43 23 24 20 20 25 38 1995 30 186 37 261 46 86 3961 1291 3029 2695 61 565
internal_value=6.99716e-05 -0.0167667 -0.133605 0.0025314 -0.0154688 0.00059202 -0.00178171 0.00527331 -0.000387288 -0.0147942 0.0414399 -0.015769 -0.0840399 -0.183843 -0.0145455 -0.0154005 0.0133904 0.0172271 0.013016 -0.0146674 -0.0163935 -0.0175226 0.0365129 0.0288083 0.00144402 -0.0157281 -0.016483 0.0073791 0.0423362 0.0352098
internal_weight=29973 3823 42 26150 3781 22068 14643 7425 13312 3756 64 3692 65 41 3627 3604 2380 2033 4082 3584 3398 3327 71 681 5045 1331 3290 2814 119 595
internal_count=29973 3823 42 26150 3781 22068 14643 7425 13312 3756 64 3692 65 41 3627 3604 2380 2033 4082 3584 3398 3327 71 681 5045 1331 3290 2814 119 595
is_linear=0
shrinkage=0.05


Tree=71
num_leaves=31
num_cat=0
split_feature=181 241 186 8 0 16 168 54 274 288 202 28 298 177 169 21 25 131 57 277 72 180 235 298 201 54 57 39 20 19
split_gain=450.833 204.288 199.358 875.933 477.576 516.838 120.094 117.698 102.859 89.653 87.1388 85.5784 79.3338 70.8617 70.149 69.561 68.9869 67.7773 66.2079 64.0323 61.1159 62.2607 62.7909 63.124 60.2971 59.0371 58.4081 57.2404 56.9202 56.6219
threshold=-5.3143923282623282 -1.0026292800903318 -17.508188247680661 1.8739878535270693 2.7220491170883183 -2.3878431320190425 -17.346542358398434 -7.5936527252197257 4.3101022243499765 -13.0414981842041 -6.0628714561462393 -2.6142389774322505 -0.098095264285802827 -4.9334118366241446 -4.4742445945739737 -3.8154118061065669 5.0468628406524667 2.2484269142150883 -4.4727449417114249 -11.835958480834959 2.1793888807296757 -1.5466421246528623 -8.2480764389038068 -10.764130115509031 -4.7452020645141593 -6.7570819854736319 1.1181134581565859 5.7606804370880136 -2.3315500020980831 0.42559002339839941
decision_type=2 2 2 2 2 2 2 2 2 2 2 2 2 2 2 2 2 2 2 2 2 2 2 2 2 2 2 2 2 2
left_child=2 18 3 4 5 -1 -4 -7 10 13 -3 19 29 26 -13 -11 25 27 -2 -12 21 -20 -23 -24 28 -17 -8 -14 -25 -10
right_child=1 8 6 -5 -6 7 9 -9 12 15 11 14 17 -15 -16 16 -18 -19 20 -21 -22 22 23 24 -26 -27 -28 -29 -30 -31
leaf_value=-0.29868517026305197 -0.022817133078652047 0.094300944677421034 0.073118782043457037 -0.38299240790307526 0.17941821405421132 0.094886126592755318 -0.023834940304865951 -0.057164004232202262 0.13180834214973192 -0.048347668076998425 0.091841487912461162 -0.051869798146865591 0.016716522078980764 -0.10135234084445983 0.0048063027618274381 0.054809871927285807 -0.060535902480284377 0.033371477903781741 -0.0024334046172084876 0.019418651475147767 -0.016872789172067061 -0.076847496380408609 0.090724233502433416 0.032735312106304391 0.0049039291142074781 -0.0073784845440892982 -0.09836226591357479 -0.01955019676522033 -0.030281980807871318 0.040521524914977507
leaf_weight=20 341 28 38 20 23 20 999 35 26 112 32 55 427 32 7435 39 60 452 10224 660 556 24 21 43 6035 1779 27 146 215 49
leaf_count=20 341 28 38 20 23 20 999 35 26 112 32 55 427 32 7435 39 60 452 10224 660 556 24 21 43 6035 1779 27 146 215 49
internal_value=6.6473e-05 0.00218797 -0.0176584 -0.0814403 -0.019899 -0.0810229 -0.0152195 -0.00187305 0.00816947 -0.0163209 0.00624576 0.00594442 0.0225274 -0.0280814 0.00439012 -0.0100683 -0.00778535 0.0188952 -0.00100166 0.0227677 -0.000567083 -1.96869e-05 0.00387395 0.00418078 0.00389198 -0.00604441 -0.0257962 0.00747579 -0.0197791 0.0721676
internal_weight=29973 26769 3204 118 98 75 3086 55 9310 3048 8210 8182 1100 1058 7490 1990 1878 1025 17459 692 17118 16562 6338 6314 6293 1818 1026 573 258 75
internal_count=29973 26769 3204 118 98 75 3086 55 9310 3048 8210 8182 1100 1058 7490 1990 1878 1025 17459 692 17118 16562 6338 6314 6293 1818 1026 573 258 75
is_linear=0
shrinkage=0.05


Tree=72
num_leaves=31
num_cat=0
split_feature=120 7 0 38 137 66 294 251 48 175 28 281 175 285 298 28 13 72 66 219 3 257 203 95 271 39 192 184 63 66
split_gain=412.99 352.741 207.317 336.959 532.664 242.044 177.393 90.1308 83.3699 82.1367 82.0724 81.8956 128.928 93.745 74.1833 71.9617 69.6215 68.9285 68.0675 63.7088 62.7469 61.2175 63.3428 58.6823 57.4906 58.4363 53.2161 50.5619 53.8474 54.7404
threshold=-3.5158495903015132 4.5724904537200937 4.8222994804382333 -11.499999999999998 -13.702743530273436 -6.6602988243103018 2.5960271358489995 -2.2445098161697383 -9.9834403991699201 -10.110587120056151 2.4133332967758183 -11.09435987472534 -4.2510735988616934 -30.614093780517575 -0.90617129206657399 -3.8702940940856929 -1.2293047904968259 3.2871896028518681 -3.6107832193374629 -11.094771385192869 3.2520478963851933 -5.7681076526641837 -1.9764633178710935 4.1232306957244882 -7.9311165809631339 -6.0360355377197257 -0.150653600692749 1.3783333301544192 3.3744862079620366 -1.6836311817169187
decision_type=2 2 2 2 2 2 2 2 2 2 2 2 2 2 2 2 2 2 2 2 2 2 2 2 2 2 2 2 2 2
left_child=1 2 3 4 -1 -4 7 8 -2 -10 11 12 13 -5 16 24 -8 -16 -7 -13 -15 22 -17 27 25 -9 -21 28 29 -11
right_child=6 -3 5 10 -6 18 14 15 9 23 -12 19 -14 20 17 21 -18 -19 -20 26 -22 -23 -24 -25 -26 -27 -28 -29 -30 -31
leaf_value=-0.34262214660644535 0.082659642449740722 -0.17971904277801515 0.22121598958969116 0.063219968010397518 0.0067612568537394214 -0.057041615769267084 0.14182598985731604 0.023777799725532532 -0.080993020173275115 -0.0068365195653704129 -0.034413588343568106 0.056313023043841851 -0.11880158276268932 -0.023260906811530008 0.0093871931130370696 0.00027807109333850719 0.03765544979890556 0.031992666623382654 0.073407120034098633 -0.0079063418366789248 0.04048781178891659 0.0037768647711941003 -0.11263857448230619 -0.031775936246649622 0.018522976010715061 0.13300577662885191 0.032351640858413543 0.022569993756243637 -0.039707864115529873 0.00078126627638268873
leaf_weight=20 29 32 20 34 24 20 20 25 33 3497 402 41 33 1103 1537 27 81 432 20 2396 40 11986 23 163 277 24 85 213 94 7242
leaf_count=20 29 32 20 34 24 20 20 25 33 3497 402 41 33 1103 1537 27 81 432 20 2396 40 11986 23 163 277 24 85 213 94 7242
internal_value=6.31493e-05 -0.0143365 -0.0130878 -0.014413 -0.152049 0.0791938 0.00245534 0.001226 -0.00200777 -0.00222618 -0.0129481 -0.0106359 -0.0213291 -0.0185963 0.0164906 0.00417439 0.0582833 0.0143469 0.00818275 -0.0055055 -0.02103 0.00354655 -0.0516636 -0.00199429 0.0273541 0.0772772 -0.00652709 -0.00155482 -0.00202916 -0.00169936
internal_weight=29973 4270 4238 4178 44 60 25703 23633 11271 11242 4134 3732 1210 1177 2070 12362 101 1969 40 2522 1143 12036 50 11209 326 49 2481 11046 10833 10739
internal_count=29973 4270 4238 4178 44 60 25703 23633 11271 11242 4134 3732 1210 1177 2070 12362 101 1969 40 2522 1143 12036 50 11209 326 49 2481 11046 10833 10739
is_linear=0
shrinkage=0.05


Tree=73
num_leaves=31
num_cat=0
split_feature=112 241 9 0 36 11 119 275 286 281 87 15 28 19 32 57 221 28 225 211 295 79 13 157 2 282 220 251 3 102
split_gain=378.421 195.46 193.88 139.417 254.22 451.04 253.038 100.87 92.2667 87.696 79.1463 74.5417 79.5497 62.6635 63.7194 62.5029 68.6955 60.0952 69.6597 65.6348 62.9605 59.7922 58.1977 56.6236 53.0173 50.3213 48.5379 48.0996 47.4707 48.4998
threshold=-4.7841176986694327 -1.0026292800903318 5.9897737503051767 4.8222994804382333 -11.687750339508055 1.1307523846626284 -9.3554759025573713 5.3509802818298349 -7.5988914966583243 0.6664145588874818 2.2814220190048222 4.5367155075073251 2.3538930416107182 -3.420587301254272 -1.0532991886138914 -0.72658410668373097 4.7613725662231454 -2.6142389774322505 -4.9998137950897208 4.5881481170654306 -7.4958264827728263 -4.74993872642517 3.162148237228394 5.994215965270997 1.8173389434814455 4.1405553817749032 -3.6114083528518672 -9.5003824234008771 4.1847898960113534 1.0070488452911379
decision_type=2 2 2 2 2 2 2 2 2 2 2 2 2 2 2 2 2 2 2 2 2 2 2 2 2 2 2 2 2 2
left_child=2 8 3 4 5 -1 -5 17 13 -9 22 23 -13 14 -2 16 28 19 -19 20 -3 -17 -6 25 -8 -11 -15 -23 29 -10
right_child=1 7 -4 6 10 -7 24 9 15 11 -12 12 -14 26 -16 21 -18 18 -20 -21 -22 27 -24 -25 -26 -27 -28 -29 -30 -31
leaf_value=-0.31310036059468987 0.052272027549999101 0.10537331191741901 -0.13468087381786772 0.19732054528735934 -0.017336067855286071 0.018675607691208521 -0.068810234828428782 0.12316182177852503 -0.0020555370854619961 -0.0040254581205803773 -0.098107883930206308 0.11605448054104317 0.010862215235829354 -0.011461371380293347 -0.038147182790217581 0.042271937305728598 -0.09341716901177452 -0.05135107351975008 0.005118561000539922 -0.033724505946321308 0.021181098363633105 0.067988081063543052 0.051683622286204371 0.00053993932828554677 0.043670232892036441 0.039164329544951526 -0.039901249927569583 0.0023378036828963045 0.059911740223566691 -0.016717752387372799
leaf_weight=20 70 23 36 21 2068 21 22 22 7962 87 30 41 32 1559 27 96 21 55 7750 53 643 28 31 301 20 300 166 7831 30 607
leaf_count=20 70 23 36 21 2068 21 22 22 7962 87 30 41 32 1559 27 96 21 55 7750 53 643 28 31 301 20 300 166 7831 30 607
internal_value=5.99918e-05 0.00166782 -0.0195712 -0.0177154 -0.0198442 -0.143166 0.0556081 0.00757249 -0.00131934 0.0247471 -0.0174692 0.021902 0.0699428 -0.0119994 0.0271038 -0.000145349 -0.00309493 0.00599486 0.00472063 0.019827 0.0240886 0.0030508 -0.0163167 0.0168047 -0.0152481 0.029455 -0.0141982 0.0025717 -0.00287435 -0.00309416
internal_weight=29973 27704 2269 2233 2170 41 63 9307 18397 783 2129 761 73 1822 97 16575 8620 8524 7805 719 666 7955 2099 688 42 387 1725 7859 8599 8569
internal_count=29973 27704 2269 2233 2170 41 63 9307 18397 783 2129 761 73 1822 97 16575 8620 8524 7805 719 666 7955 2099 688 42 387 1725 7859 8599 8569
is_linear=0
shrinkage=0.05


Tree=74
num_leaves=31
num_cat=0
split_feature=120 7 288 0 33 120 166 144 131 235 121 24 285 7 17 5 143 52 5 267 285 163 168 165 156 35 36 276 298 230
split_gain=347.869 315.305 181.088 164.616 294.941 233.212 98.3391 90.4668 84.0577 75.9587 72.8215 67.7875 65.699 67.7291 65.6144 64.9942 63.0665 64.3046 72.9639 59.1948 57.868 56.1616 67.501 55.9331 55.9037 55.3958 57.853 54.2994 126.922 70.7645
threshold=-4.839963197708129 4.0868792533874521 -1.0366911292076109 4.8222994804382333 -11.664800167083738 -9.3164262771606428 -5.5674962997436515 -0.35426467657089228 1.9197808504104616 -1.9663487076759336 -2.0896078348159786 3.574875116348267 8.6536278724670428 5.3204705715179452 -1.0000000180025095e-35 5.315941810607911 -2.0466299057006831 6.9804623126983651 4.259019374847413 7.49642038345337 -30.614093780517575 2.1729271411895756 -1.6109328866004942 -4.2081453800201407 2.3258055448532109 4.2751524448394784 0.93290191888809215 4.5696077346801767 -0.098095264285802827 2.8301119804382329
decision_type=2 2 2 2 2 2 2 2 2 2 2 2 2 2 2 2 2 2 2 2 2 2 2 2 2 2 2 2 2 2
left_child=1 3 10 4 -1 -5 -4 9 11 14 15 27 19 25 20 -2 24 21 -19 -10 -6 23 -23 -18 -12 26 -14 -8 29 -29
right_child=2 -3 6 5 7 -7 8 -9 12 -11 16 -13 13 -15 -16 -17 17 18 -20 -21 -22 22 -24 -25 -26 -27 -28 28 -30 -31
leaf_value=-0.16873806715011597 -0.005885389983892441 -0.16953470952370589 -0.093554513901472097 0.2057287299633026 0.05819945181569746 -0.025451829036076862 0.00571635143811063 -0.067093456464718634 0.017346671928807657 0.035537617310881613 0.006304292103990472 -0.012478649452729749 0.0037793093445626178 0.10136282330467589 -0.028067665211224072 0.070462836538042348 -0.02262442556691581 -0.0058380025625228886 0.12922119259834292 -0.025883148417753334 -0.010892531556178489 -0.10606499042200007 -0.016584699355538877 -0.00024572707007832124 -0.075472436987218408 0.0091060514843791986 0.10518307233085999 0.050630222906063241 0.013015009823070868 0.16178924143314363
leaf_weight=32 6250 34 24 20 31 24 6447 83 1158 75 4336 483 22 42 707 28 290 20 20 85 1353 23 252 7508 21 109 39 41 394 22
leaf_count=32 6250 34 24 20 31 24 6447 83 1158 75 4336 483 22 42 707 28 290 20 20 85 1353 23 252 7508 21 109 39 41 394 22
internal_value=5.69922e-05 -0.0183725 0.00163138 -0.016162 -0.0180098 0.0796302 0.00751933 -0.0158651 0.00779368 -0.0139021 -0.00115305 0.00563006 0.0187783 0.0445051 -0.0156754 -0.00554488 0.001058 -0.00154778 0.0616916 0.0143905 -0.00934495 -0.00186112 -0.0240685 -0.00107797 0.00591014 0.0304579 0.0686112 0.00689693 0.0235517 0.0894477
internal_weight=29973 2359 27614 2325 2281 44 8866 2249 8842 2166 18748 7387 1455 212 2091 6278 12470 8113 40 1243 1384 8073 275 7798 4357 170 61 6904 457 63
internal_count=29973 2359 27614 2325 2281 44 8866 2249 8842 2166 18748 7387 1455 212 2091 6278 12470 8113 40 1243 1384 8073 275 7798 4357 170 61 6904 457 63
is_linear=0
shrinkage=0.05


Tree=75
num_leaves=31
num_cat=0
split_feature=288 131 7 14 14 294 263 50 164 299 36 60 288 3 158 260 154 211 290 6 60 165 260 87 264 299 102 15 222 29
split_gain=316.079 185.41 1083.47 266.469 413.501 184.088 181.044 144.102 178.172 89.9729 78.7858 82.5372 77.0437 75.2066 72.2172 71.8882 73.8676 67.4976 65.794 63.9937 63.2378 62.4748 62.4378 60.8716 58.597 55.6732 54.3914 53.5932 54.4852 52.9734
threshold=-6.6000235080718985 -13.803133487701414 1.2214030027389529 -4.5475687980651847 -3.2837752103805538 3.6894881725311284 -25.210536003112789 -9.5490894317626935 -17.268382072448727 -1.9804539084434507 -0.4518300592899322 10.324315071105959 -16.602788925170895 1.2777243256568911 -4.0131969451904288 3.5554902553558354 2.2882132530212407 -3.9453594684600826 12.606764793395998 -0.76032853126525868 -3.9423528909683223 -5.9117395877838126 -6.1001567840576163 2.1386110782623295 -6.2701890468597403 -2.8611111640930171 -0.94424745440483082 1.3491503596305849 -4.5128755569457999 4.8113865852355966
decision_type=2 2 2 2 2 2 2 2 2 2 2 2 2 2 2 2 2 2 2 2 2 2 2 2 2 2 2 2 2 2
left_child=1 2 3 -1 -5 9 -6 8 -3 15 11 12 -9 25 -11 16 21 -16 29 -18 -19 -2 -22 -12 -24 -7 -21 28 -25 -15
right_child=5 7 -4 4 6 13 -8 10 -10 14 23 -13 -14 18 17 -17 19 20 -20 26 22 -23 24 27 -26 -27 -28 -29 -30 -31
leaf_value=0.1464543104171753 -0.022385454033360338 0.18509037017822266 -0.40957637041807171 -0.2475948640704155 0.13317627679734004 0.096362017095088959 -0.045259656960313976 -0.025077422660113285 0.013120388593830046 0.029222151258191154 -0.018460814156867438 0.089399952780116698 -0.00385313950234482 0.037925863510272544 -0.014758189095249563 0.086931462197200118 -0.048852779733872899 0.039695366015729983 0.094065513610839854 0.052487435733730152 -0.059509613659036786 -0.00035326013259568274 0.059814984964517259 -0.14890482714399697 0.0044340846247979586 0.01216590208793754 -0.016497787628585184 -0.025812921728660811 -0.047830688133835793 -0.046717087328433993
leaf_weight=22 330 20 20 20 21 20 44 526 61 293 1188 22 2285 244 456 23 148 129 50 33 38 12883 48 24 9690 1072 213 67 30 20
leaf_count=22 330 20 20 20 21 20 44 526 61 293 1188 22 2285 244 456 23 148 129 50 33 38 12883 48 24 9690 1072 213 67 30 20
internal_value=0.000208327 -0.0122556 -0.0717807 -0.00864136 -0.0487838 0.0023188 0.0123889 -0.0104655 0.0555821 0.00130037 -0.0117571 -0.00706966 -0.00782467 0.0199089 0.00474273 -0.00139039 -0.00153968 0.00405048 0.041474 -0.0228735 0.00491638 -0.000903523 0.00445745 -0.0219019 0.00470707 0.013708 -0.00724367 -0.0556868 -0.0927525 0.0315135
internal_weight=30040 4350 127 107 85 25690 65 4223 81 24284 4142 2833 2811 1406 10654 13630 13607 10361 314 394 9905 13213 9776 1309 9738 1092 246 121 54 264
internal_count=30040 4350 127 107 85 25690 65 4223 81 24284 4142 2833 2811 1406 10654 13630 13607 10361 314 394 9905 13213 9776 1309 9738 1092 246 121 54 264
is_linear=0
shrinkage=0.05


Tree=76
num_leaves=31
num_cat=0
split_feature=291 129 4 294 50 292 265 299 298 298 299 298 298 3 190 264 293 298 298 123 34 182 57 284 154 298 299 26 297 242
split_gain=294.369 170.116 1061.33 167.138 144.478 173.718 120.11 75.1746 120.143 113.365 75.2619 74.5281 71.2642 70.4277 70.0922 69.5829 67.202 67.0988 64.8616 65.2698 64.7498 62.9816 74.8713 60.9227 58.5576 61.4515 89.5132 58.4546 57.1772 55.0979
threshold=-6.9075629711151114 -13.403481006622313 1.9271479249000552 3.4660784006118779 -9.5490894317626935 -30.637234687805172 -25.607917785644528 -1.9804539084434507 -2.3565167188644405 -1.6399673223495481 -2.8881561756134029 -8.8067255020141584 -0.055182069540023797 1.2777243256568911 -6.2499234676361075 0.13479899615049365 -4.4309198856353751 -3.3071219921112056 -2.2040752172470088 -1.1705775856971739 -5.1463353633880606 -11.626486778259276 0.12924263626337054 9.1094117164611834 2.4906909465789799 -3.6133053302764888 -3.7429531812667842 3.0500909090042119 -6.2106411457061759 5.9154086112976083
decision_type=2 2 2 2 2 2 2 2 2 2 2 2 2 2 2 2 2 2 2 2 2 2 2 2 2 2 2 2 2 2
left_child=1 2 6 7 5 -3 -1 8 10 15 11 16 -10 18 -11 28 -2 -17 -5 -20 -16 22 -6 27 25 26 -13 -15 -9 -22
right_child=3 4 -4 13 21 -7 -8 9 12 14 -12 24 -14 23 20 17 -18 -19 19 -21 29 -23 -24 -25 -26 -27 -28 -29 -30 -31
leaf_value=0.10210107873987269 0.015359180167000344 0.18383647918701174 -0.32875406801700596 0.093903235904872429 -0.025302475738554753 0.01332034094858978 -0.023082329016743286 -0.040870574003487245 -0.0096172730496753966 -0.075788198976681154 0.0096522121346522098 -0.00056310753989964721 -0.065658566416722949 0.035798680442467069 0.048021828167532622 0.11322293645805784 0.09107048811542022 0.030204936352215318 -0.024724069371787383 0.014804729548084559 0.002040753067672822 -0.0095858789583990068 -0.12439806751906873 0.078214253743489587 -0.028396224857649612 -0.0068370289616948611 0.016939246497967891 -0.037379406056096479 0.012855093080535174 -0.041587019438715012
leaf_weight=27 141 20 30 24 406 59 66 51 2586 29 2054 4950 58 228 76 27 37 247 116 1047 8365 3477 20 75 199 2955 857 31 1709 73
leaf_count=27 141 20 30 24 406 59 66 51 2586 29 2054 4950 58 228 76 27 37 247 116 1047 8365 3477 20 75 199 2955 857 31 1709 73
internal_value=0.000197911 -0.012243 -0.0701571 0.00216706 -0.0104541 0.056489 0.0132612 0.0011652 -0.00126055 0.00433861 0.00100386 -0.000939869 -0.0108466 0.0182483 0.00181281 0.0149472 0.0310969 0.0383855 0.0125411 0.010862 0.00207713 -0.0118091 -0.0299549 0.0385312 -0.00157624 -0.000967116 0.0020199 0.0270399 0.0112983 0.00166331
internal_weight=30040 4105 123 25935 3982 79 93 24414 13837 10577 11193 9139 2644 1521 8543 2034 178 274 1187 1163 8514 3903 426 334 8961 8762 5807 259 1760 8438
internal_count=30040 4105 123 25935 3982 79 93 24414 13837 10577 11193 9139 2644 1521 8543 2034 178 274 1187 1163 8514 3903 426 334 8961 8762 5807 259 1760 8438
is_linear=0
shrinkage=0.05


Tree=77
num_leaves=31
num_cat=0
split_feature=189 4 44 299 49 287 299 99 34 31 94 219 293 167 7 28 294 251 282 287 68 73 238 71 28 272 223 224 104 114
split_gain=271.472 663.331 760.265 216.434 170.389 99.6326 91.7682 81.924 72.3205 66.9434 83.3363 64.6218 63.371 62.6877 56.8653 54.7119 64.5411 57.8101 70.7889 51.8065 48.5465 58.0715 51.259 51.1643 48.0714 55.9719 48.0597 54.4416 46.0778 51.3996
threshold=-18.283071517944332 1.8885126709938052 -11.126580715179442 -1.9804539084434507 -9.8558840751647931 -7.5717647075653067 5.888627529144288 -13.426523208618162 -5.5082354545593253 0.03858532756567002 3.1209036111831669 -22.389563560485836 4.3903174400329599 2.8571567535400395 0.81496521830558788 1.9779345989227297 3.6894881725311284 1.3848976492881777 10.898823738098146 -24.819254875183102 -0.86007201671600331 -1.4573911428451536 1.310629725456238 -3.6248928308486934 9.6564702987670916 2.6472917795181279 -2.6904649734497066 -1.9619607329368589 0.58871152997016918 -5.2979214191436759
decision_type=2 2 2 2 2 2 2 2 2 2 2 2 2 2 2 2 2 2 2 2 2 2 2 2 2 2 2 2 2 2
left_child=1 4 -3 5 -1 7 8 14 -5 10 19 -6 13 20 -2 17 -17 -8 -19 -9 -7 22 -22 -23 25 -10 -27 -28 29 -11
right_child=3 2 -4 6 11 12 15 9 24 28 -12 -13 -14 -15 -16 16 -18 18 -20 -21 21 23 -24 -25 -26 26 27 -29 -30 -31
leaf_value=0.13888780593872072 0.00020017434616346618 -0.44731082007998513 -0.026714322377334943 0.045984065532684332 0.040933761596679691 -0.0034626997175811513 0.11608211140290066 -0.044394399536152679 0.0031002807172865422 -0.035709593352539086 0.087218981268613244 -0.071161494238509079 0.087728424966335303 -0.032961851742959791 0.090478774950359817 -0.075206257686728534 0.016000685048854258 0.024291387767069135 0.10231759819117459 -0.0068932726979255678 0.0099215824128343517 0.049447263813778466 0.083603988960385331 -0.00091817947533348414 -0.05111872844206982 0.080756669978682818 -0.064142556747664586 0.013374609562674625 -0.055819508722242041 -0.0097599941303979244
leaf_weight=20 37 21 22 105 20 8314 23 96 9836 306 23 36 20 155 33 21 254 244 33 2264 1430 51 24 4469 39 26 23 1490 98 507
leaf_count=20 37 21 22 105 20 8314 23 96 9836 306 23 36 20 155 33 21 254 244 33 2264 1430 51 24 4469 39 26 23 1490 98 507
internal_value=0.000188015 -0.0751817 -0.232122 0.000487771 0.0136134 -0.00301483 0.00565073 -0.0107654 0.00467763 -0.0119028 -0.00749568 -0.0311275 -0.0012121 -0.00133526 0.0427601 0.0251449 0.00903579 0.0399116 0.0335869 -0.00841874 -0.000992165 0.00244607 0.0111378 -0.000349897 0.00429764 0.00448764 0.0133545 0.0121962 -0.0234311 -0.019527
internal_weight=30040 119 43 29921 76 17827 12094 3364 11519 3294 2383 56 14463 14443 70 575 275 300 277 2360 14288 5974 1454 4520 11414 11375 1539 1513 911 813
internal_count=30040 119 43 29921 76 17827 12094 3364 11519 3294 2383 56 14463 14443 70 575 275 300 277 2360 14288 5974 1454 4520 11414 11375 1539 1513 911 813
is_linear=0
shrinkage=0.05


Tree=78
num_leaves=31
num_cat=0
split_feature=287 119 127 7 1 22 110 148 68 275 79 4 157 2 289 295 292 90 274 46 22 212 160 231 297 217 57 23 98 25
split_gain=245.349 165.991 126.979 846.145 369.285 355.211 144.52 96.0695 82.9572 78.7512 74.3963 73.0343 70.2362 69.736 74.6383 66.5574 66.9078 77.7354 66.6893 66.5483 69.3599 65.6151 62.6601 65.961 60.2152 65.3399 59.79 66.1257 63.3975 54.7196
threshold=-10.501017570495604 0.49340415000915533 -13.397440433502195 1.3877189755439761 3.1364459991455083 -5.9864425659179679 -12.926575660705565 -15.40995407104492 -4.3684310913085929 5.3509802818298349 -10.676255226135252 3.8650957345962529 8.2729411125183123 4.1346750259399423 -24.899260520935055 -15.435744762420653 -3.7135276794433589 1.6394705176353457 9.7728877067565936 -4.4262526035308829 1.8512604832649233 -1.044371426105499 -6.0231642723083487 -5.9262089729309073 -7.8620953559875479 -2.9868627786636348 -0.71183481812477101 -2.633358240127563 3.5510950088500981 -5.7946918010711661
decision_type=2 2 2 2 2 2 2 2 2 2 2 2 2 2 2 2 2 2 2 2 2 2 2 2 2 2 2 2 2 2
left_child=2 15 3 4 5 -1 10 -7 -3 19 -4 12 -11 14 -8 -2 17 -17 24 -10 22 -16 -21 -24 25 -18 28 -28 29 -26
right_child=1 8 6 -5 -6 7 13 -9 9 11 -12 -13 -14 -15 21 16 18 -19 -20 20 -22 -23 23 -25 26 -27 27 -29 -30 -31
leaf_value=-0.23874541044235231 0.086428896947340531 0.085904602834156588 0.14771945953369142 -0.36327596358954906 0.184614953994751 0.067821350097656261 -0.057083936532338467 -0.050543082095682625 -0.055388362878976874 0.031107071724863392 0.017147095998128258 0.069668410148149659 -0.0073203045981270927 0.02573928778821772 -0.013735440165765736 -0.0032791884869798047 0.010388124893169579 -0.028115311871908355 -0.064738576035750547 -0.057787325540009676 -0.0061326547515638541 -0.10482775615877471 0.07682792510006678 0.0097558136669381526 -0.055930286840252252 0.11294608981162312 0.020708973958509128 0.002987288368886171 -0.040770182609558107 -0.0011968731172247427
leaf_weight=20 22 35 20 20 20 30 111 40 43 371 24 81 175 99 1710 7435 41 329 38 34 823 20 37 3941 46 25 566 7520 105 6259
leaf_count=20 22 35 20 20 20 30 111 40 43 371 24 81 175 99 1710 7435 41 329 38 34 823 20 37 3941 46 25 566 7520 105 6259
internal_value=0.000178614 0.00142187 -0.0162448 -0.064117 -0.00972447 -0.052911 -0.013108 0.000184532 0.00917078 0.00868292 0.0764982 0.0253633 0.0187906 -0.0151404 -0.0173387 -0.0004958 -0.00058131 -0.00433162 0.00141303 0.00653888 0.00708963 -0.0147885 0.00980198 0.0103797 0.00158566 0.0492358 0.00136871 0.00422776 -0.00223789 -0.0015962
internal_weight=30040 27926 2114 130 110 90 1984 70 5540 5505 44 627 546 1940 1841 22386 22364 7764 14600 4878 4835 1730 4012 3978 14562 66 14496 8086 6410 6305
internal_count=30040 27926 2114 130 110 90 1984 70 5540 5505 44 627 546 1940 1841 22386 22364 7764 14600 4878 4835 1730 4012 3978 14562 66 14496 8086 6410 6305
is_linear=0
shrinkage=0.05


Tree=79
num_leaves=31
num_cat=0
split_feature=189 3 1 4 296 114 291 298 299 298 119 99 188 270 27 298 293 293 14 23 214 200 48 198 288 155 240 133 269 299
split_gain=236.232 722.217 359.854 348.157 186.932 136.667 95.3787 92.8547 93.9584 75.751 114.874 70.2955 69.3262 67.5969 67.376 82.1053 75.3727 62.0359 62.4409 61.2436 71.8313 56.9166 56.7384 65.1882 54.3066 54.119 53.5361 53.0138 52.0181 50.7354
threshold=-18.283071517944332 3.0838234424591069 2.2843409776687627 1.5550980567932131 -1.1030513048171995 -13.354973316192625 -6.3327121734619132 -1.0000000180025095e-35 -1.4784237742424009 -1.8877468705177305 1.0000000180025095e-35 -13.426523208618162 -9.0053086280822736 3.7356219291687016 1.7838532924652102 -8.8067255020141584 -4.4309198856353751 -0.40242297947406763 -2.6496922969818111 5.8939280509948739 13.47499990463257 3.0538724660873418 -2.0584814548492427 -1.3489676713943479 -5.589287042617797 -4.0414013862609854 -2.6113260984420772 -5.3870618343353263 -26.929179191589352 -1.6038849353790281
decision_type=2 2 2 2 2 2 2 2 2 2 2 2 2 2 2 2 2 2 2 2 2 2 2 2 2 2 2 2 2 2
left_child=1 2 3 5 6 -1 11 12 -9 17 25 28 -8 -12 15 16 -14 18 -6 20 22 -17 -15 -24 -16 -11 -10 -26 -2 -20
right_child=4 -3 -4 -5 9 -7 7 8 26 10 13 -13 14 19 24 21 -18 -19 29 -21 -22 -23 23 -25 27 -27 -28 -29 -30 -31
leaf_value=0.084599395751953133 0.1093076229095459 -0.34419029474258428 0.14923259091377258 -0.23691879051991482 -0.034562892805446277 -0.077638050789634386 0.085244127983848256 -0.094429041426628835 -0.051528725333242535 0.037508233417482939 0.0068881344210588204 -0.0093379598797458142 0.01652620783696572 -0.045069024202724302 -0.040681219184054783 0.00077293655462310666 0.1135910367127508 0.039848637117969772 0.011084872243046965 -0.013973988328024607 0.081960566838582369 0.051736304976723414 0.11190147087687539 0.022609962328219352 -0.085742389907439556 -0.0028734663862106219 -0.0076004770094467008 -0.005696908256175446 0.013897079467773438 0.051796373945068232
leaf_weight=25 20 20 25 22 66 27 24 40 83 85 3553 4482 60 30 130 14023 30 270 587 107 54 55 21 767 21 3474 422 1379 50 88
leaf_count=25 20 20 25 22 66 27 24 40 83 85 3553 4482 60 30 130 14023 30 270 587 107 54 55 21 767 21 3474 422 1379 50 88
internal_value=0.000169684 -0.0701382 -0.0147742 -0.0701818 0.000449308 0.000360722 -0.00216383 -0.000373584 -0.0206632 0.00642634 0.00481395 -0.00856145 0.000329752 0.0100935 0.00019993 0.00127638 0.0488812 0.0193302 0.0118539 0.0217266 0.0261073 0.00097204 0.0224202 0.0249896 -0.00976809 -0.00190903 -0.0148204 -0.00689759 0.0411572 0.0163924
internal_weight=30040 119 99 74 29921 52 20819 16267 545 9102 8091 4552 15722 4532 15698 14168 90 1011 741 979 872 14078 818 788 1530 3559 505 1400 70 675
internal_count=30040 119 99 74 29921 52 20819 16267 545 9102 8091 4552 15722 4532 15698 14168 90 1011 741 979 872 14078 818 788 1530 3559 505 1400 70 675
is_linear=0
shrinkage=0.05


Tree=80
num_leaves=31
num_cat=0
split_feature=174 7 151 111 185 1 297 290 4 38 66 21 117 293 171 164 297 237 11 36 28 296 298 143 160 298 119 147 279 51
split_gain=212.468 186.81 371.937 104.794 93.4768 83.3526 170.481 87.9208 225.724 471.477 225.911 76.624 76.0831 81.2873 70.6586 74.9909 67.154 61.7957 60.9197 57.2135 56.902 54.6437 95.4874 73.0364 65.1498 57.2818 55.46 57.0903 60.4203 51.3452
threshold=-3.5121895074844356 4.5724904537200937 -11.746009826660154 3.5469653606414799 2.891568779945374 4.1492159366607675 -25.857100486755368 -17.763142585754391 2.9192810058593754 -11.499999999999998 -5.8903431892395011 -5.4913675785064688 -13.33890390396118 -30.813568115234371 -1.711537718772888 -2.7315604686737056 -25.857100486755368 -12.57627487182617 1.7975962758064272 3.4195364713668828 7.6065447330474862 -1.2107781171798704 -5.4401426315307608 -1.7998692393302915 -6.1657733917236319 -1.3893595337867735 -0.39758004248142237 -1.3574509620666502 -1.9094206690788267 5.5045964717864999
decision_type=2 2 2 2 2 2 2 2 2 2 2 2 2 2 2 2 2 2 2 2 2 2 2 2 2 2 2 2 2 2
left_child=1 3 -3 5 11 7 -7 8 9 -1 -10 -2 13 -11 19 18 -14 -18 -16 -9 21 23 -23 -13 -25 -24 27 -27 -29 -6
right_child=4 2 -4 -5 29 6 -8 14 10 12 -12 20 16 -15 15 -17 17 -19 -20 -21 -22 22 25 24 -26 26 -28 28 -30 -31
leaf_value=-0.2741856575012207 0.059365290298796537 -0.25957569859244606 -0.0012442337839226976 -0.10747522161557124 0.010182384102320738 0.16882668673992157 0.0060146445908197546 -0.0026650548422110813 0.20424155950546266 0.10490149543398904 -0.0053465637895796034 0.003658000111171763 -0.069444729286490134 -0.015111244556515717 -0.034649344057586677 -0.0046746049920539205 -0.016708160137200053 -0.089645079826004809 -0.12156675332649187 -0.031392054512268973 -0.029067764562719006 0.089762464989766935 0.013214853460599805 -0.046791346652736501 -0.0030349959716185655 0.0093175699987246043 0.0061189522791365815 -0.030232972353979044 -0.0042972623030404136 0.034692899596016367
leaf_weight=20 57 22 38 26 1103 20 82 4673 20 21 36 6435 103 43 241 278 314 32 22 180 153 33 1527 86 7857 634 3871 264 1503 265
leaf_count=20 57 22 38 26 1103 20 82 4673 20 21 36 6435 103 43 241 278 314 32 22 180 153 33 1527 86 7857 634 3871 264 1503 265
internal_value=9.70576e-05 -0.00817006 -0.0959658 -0.00730805 0.00224169 -0.00688006 0.0379386 -0.00764414 -0.0259865 -0.0360195 0.0695063 0.00146746 -0.0267342 0.0242679 -0.00564124 -0.022781 -0.034004 -0.0234538 -0.04192 -0.00373055 0.00131989 0.00152922 0.00488952 -0.000301209 -0.00350875 0.0045304 0.00241606 -0.00355392 -0.00817221 0.0149304
internal_weight=29959 6171 60 6111 23788 6085 102 5983 589 533 56 22420 513 64 5394 541 449 346 263 4853 22363 22210 7832 14378 7943 7799 6272 2401 1767 1368
internal_count=29959 6171 60 6111 23788 6085 102 5983 589 533 56 22420 513 64 5394 541 449 346 263 4853 22363 22210 7832 14378 7943 7799 6272 2401 1767 1368
is_linear=0
shrinkage=0.05


Tree=81
num_leaves=31
num_cat=0
split_feature=174 7 82 185 1 297 287 4 34 17 117 171 21 293 293 298 129 111 52 57 99 118 103 294 228 298 158 11 293 162
split_gain=192.241 181.232 347.906 83.5146 79.7083 152.087 81.2963 144.902 420.168 194.728 90.4824 75.7992 69.2974 68.8757 67.8375 70.8848 61.9619 57.494 54.0179 62.0884 64.8406 57.2423 55.5576 52.4046 70.8555 64.7533 54.1049 49.9892 56.57 57.604
threshold=-3.6434565782546993 4.5724904537200937 -2.89393138885498 2.891568779945374 4.1492159366607675 -25.857100486755368 -16.546274185180661 2.9192810058593754 -11.518387794494627 -1.5322838425636289 -13.33890390396118 -1.7545694708824155 -5.4913675785064688 -30.813568115234371 -30.813568115234371 -13.953213691711424 -4.2636275291442862 2.3907842636108403 3.8914917707443242 -0.65454250574111927 -1.6878595352172849 -5.0390441417694083 2.7389345169067387 -2.844113707542419 2.6614520549774174 -6.0868289470672599 3.4233087301254277 -1.5977123975753782 2.8462134599685673 2.5352753400802617
decision_type=2 2 2 2 2 2 2 2 2 2 2 2 2 2 2 2 2 2 2 2 2 2 2 2 2 2 2 2 2 2
left_child=1 4 -3 12 6 -6 7 8 -1 -9 13 17 -2 -10 -12 -16 -13 -8 19 -14 22 -22 -21 24 26 -25 -23 28 29 -5
right_child=3 2 -4 27 5 -7 11 9 10 -11 14 16 18 -15 15 -17 -18 -19 -20 20 21 23 -24 25 -26 -27 -28 -29 -30 -31
leaf_value=-0.24553727236661047 0.056396995929249551 -0.25856347335945989 -0.0037606257240514495 -0.016437174730441151 0.16038532257080079 0.0062308737635612494 -0.0031952054759593024 0.14052440409859021 0.10267469232732601 -0.039627588639656708 -0.10467631899077318 -0.079053323383026938 -0.0013639823948251647 -0.0025661810389104884 -0.022015373384662969 -0.11000721938908101 -0.018635438199344708 -0.071525668100483955 -0.01809847354888916 0.010060014995269127 -0.061851690780105342 -0.0047451598377562512 0.083505072989142864 0.084563660532236101 0.08459517007524317 0.0039556128223320183 -0.080247554431358975 0.017249755972919185 0.018950802370002778 -0.11483096852898599
leaf_weight=22 57 21 37 51 20 80 4431 30 22 30 29 47 10230 53 494 24 437 31 357 2666 35 2091 26 25 22 7249 24 1231 66 21
leaf_count=22 57 21 37 51 20 80 4431 30 22 30 29 47 10230 53 494 24 437 31 357 2666 35 2091 26 25 22 7249 24 1231 66 21
internal_value=9.22047e-05 -0.00807519 -0.0960168 0.00205636 -0.00718813 0.0370618 -0.00797131 -0.0238686 -0.0307925 0.0504484 -0.023197 -0.00570854 0.0013356 0.0283045 -0.0302585 -0.0260922 -0.0245025 -0.00366994 0.00119749 0.00150546 0.00392385 0.00197296 0.0107694 0.00221032 -0.00467336 0.00423265 -0.00560192 0.0140507 -0.0144855 -0.0451354
internal_weight=29959 5808 58 24151 5750 100 5650 704 644 60 622 4946 22782 75 547 518 484 4462 22725 22368 12138 9446 2692 9411 2137 7274 2115 1369 138 72
internal_count=29959 5808 58 24151 5750 100 5650 704 644 60 622 4946 22782 75 547 518 484 4462 22725 22368 12138 9446 2692 9411 2137 7274 2115 1369 138 72
is_linear=0
shrinkage=0.05


Tree=82
num_leaves=31
num_cat=0
split_feature=186 7 1 16 184 168 143 185 288 21 12 298 287 298 200 160 262 16 68 29 57 7 39 212 265 283 123 44 35 44
split_gain=177.45 740.652 437.549 219.192 136.218 84.5993 79.4153 70.2422 66.0966 62.8862 63.9588 60.5011 58.553 108.646 56.7649 57.2445 61.6115 75.1113 56.4025 54.479 52.7444 51.1965 49.5572 55.8394 51.848 49.4833 49.476 48.8138 85.9854 64.4886
threshold=-17.508188247680661 1.7588795423507693 3.3178594112396245 -2.605340719223022 -3.0831640958786006 -17.346542358398434 -14.841240882873533 2.891568779945374 -15.679882526397703 -5.4913675785064688 1.1919607520103457 -13.953213691711424 -8.9726891517639142 -10.428529739379881 1.595921576023102 1.224836587905884 -2.2124019861221309 0.95964869856834423 -2.5749672651290889 8.1694121360778826 -3.1742856502532955 -0.61842155456542958 -1.314803898334503 -5.7480392456054679 4.218090534210206 -7.4982631206512442 -3.5082018375396724 1.2112885117530825 -0.13612045347690579 2.7228236198425297
decision_type=2 2 2 2 2 2 2 2 2 2 2 2 2 2 2 2 2 2 2 2 2 2 2 2 2 2 2 2 2 2
left_child=1 2 3 -1 5 -2 -5 9 11 10 -6 -7 -11 -14 15 -10 17 -17 -13 20 -15 -16 -22 25 -25 -24 -18 -9 29 -29
right_child=4 -3 -4 6 7 8 -8 27 14 12 -12 18 13 19 21 16 26 -19 -20 -21 22 -23 23 24 -26 -27 -28 28 -30 -31
leaf_value=-0.1994214427471161 0.072254486083984368 -0.33037361295095513 0.20558518648147583 0.0674949125810103 0.088403639333640663 -0.01617575018665297 -0.056718346440503768 0.0036393280508278726 -0.0037595259211114633 -0.026307302824360258 -0.017275027371942999 -0.11827640199455723 0.08404800780117512 -0.01135468638847837 0.11034959902986885 -0.095493787523816556 -0.065976968531807276 -0.016279111450744999 -0.009131587669253349 -0.031611996646819074 0.0065368481372907357 0.0095328679527429978 -0.10285735697485508 0.00066314001432309609 0.022393397686204741 -0.01833288970930403 0.015012667084705424 0.025424101620324348 0.01489884082389227 0.10131709738211199
leaf_weight=20 35 21 20 22 41 671 31 667 6851 188 22 29 40 738 20 57 24 63 20 123 5029 34 20 13975 280 129 88 57 589 55
leaf_count=20 35 21 20 22 41 671 31 667 6851 188 22 29 40 738 20 57 24 63 20 123 5029 34 20 13975 280 129 88 57 589 55
internal_value=8.75944e-05 -0.062175 -0.00161404 -0.058381 0.000325421 -0.00530843 -0.00515813 0.00235076 -0.00565394 0.00162166 0.0515 -0.0200925 0.00146854 0.00172534 -0.00419735 -0.0045867 -0.0290132 -0.0539061 -0.0737275 0.00156308 0.00176538 0.0468724 0.00226364 0.000771691 0.00108997 -0.0296785 -0.00234225 0.013322 0.022535 0.062693
internal_weight=29959 114 93 73 29845 7892 53 21953 7857 20585 63 720 20522 20334 7137 7083 232 120 49 20294 20171 54 19433 14404 14255 149 112 1368 701 112
internal_count=29959 114 93 73 29845 7892 53 21953 7857 20585 63 720 20522 20334 7137 7083 232 120 49 20294 20171 54 19433 14404 14255 149 112 1368 701 112
is_linear=0
shrinkage=0.05


Tree=83
num_leaves=31
num_cat=0
split_feature=181 9 133 0 142 33 119 90 95 299 21 57 57 13 173 21 31 140 12 48 134 69 33 43 82 238 90 257 263 115
split_gain=162.34 169.711 268.317 79.4175 232.386 213.905 78.5627 75.1722 110.309 84.1363 59.3764 73.0369 61.8702 58.5242 58.8178 57.925 55.6901 52.8008 52.784 52.5861 50.8873 51.0998 50.8673 58.6896 47.9546 47.5435 46.9463 45.5204 63.403 49.4458
threshold=-5.3143923282623282 5.9897737503051767 -4.9957385063171378 4.8222994804382333 -14.43705892562866 -11.664800167083738 0.49340415000915533 -13.353691577911375 -13.656627655029295 -22.807588577270504 -1.1117647290229795 -4.4727449417114249 -0.23117649555206296 -2.5108697414398189 2.2791087627410893 -5.4913675785064688 -2.6563864946365352 -4.9023075103759757 -3.7106972932815547 -0.87570261955261219 -6.0314629077911368 -1.3019981384277342 1.3998529314994814 0.96515405178070079 -1.962352931499481 1.8704705238342287 -4.3116667270660392 -2.8433684110641475 1.1701797246932986 7.4552807807922372
decision_type=2 2 2 2 2 2 2 2 2 2 2 2 2 2 2 2 2 2 2 2 2 2 2 2 2 2 2 2 2 2
left_child=1 3 -3 5 -5 -1 10 9 -9 -7 12 -12 16 14 17 -10 -2 19 -14 -13 -15 -22 23 -17 25 -23 -19 28 29 -8
right_child=6 2 -4 4 -6 7 27 8 15 -11 11 13 18 20 -16 22 -18 26 -20 -21 21 24 -24 -25 -26 -27 -28 -29 -30 -31
leaf_value=-0.13687909444173177 0.010362996001467693 -0.2436426030099392 -0.002015104227595859 0.18732814788818361 -0.018224950270219285 0.13134451702237129 -0.0041290927430667904 -0.12694067001342774 -0.061958746349110333 -0.0010503185788790386 -0.035457594188046643 -0.018854601681232454 0.045198049368681735 0.037448727611863859 -0.095142132649198186 -0.0070234190647465158 -0.0022373532922146228 0.059092565482327102 0.0092582069534473312 -0.12352279169218881 -0.0056653166921231497 0.0085693404793858053 -0.021827196367285626 0.026007623443627483 -0.00049032821908129233 0.078204499483108536 -0.013075988447523315 0.0084545696132140909 -0.084570162246624628 0.075548059940338141
leaf_weight=33 1149 20 27 20 44 20 737 20 51 30 160 28 108 86 24 2257 3703 24 1890 21 4268 1255 557 143 8041 25 369 4805 24 20
leaf_count=33 1149 20 27 20 44 20 737 20 51 30 160 28 108 86 24 2257 3703 24 1890 21 4268 1255 557 143 8041 25 369 4805 24 20
internal_value=8.32147e-05 -0.0105194 -0.104835 -0.00912321 0.0460104 -0.0102574 0.0013609 -0.00889988 -0.00990397 0.0519076 -3.19542e-05 -0.00186542 0.00379585 -0.00148534 -0.0189102 -0.0091258 0.00074653 -0.0147709 0.0112009 -0.0637124 -0.000891559 -0.0011342 -0.00821458 -0.00505532 0.000940554 0.0099294 -0.00866875 0.00663486 -0.00456065 -0.00202402
internal_weight=29959 3222 47 3175 64 3111 26737 3078 3028 50 21151 14301 6850 14141 466 3008 4852 442 1998 49 13675 13589 2957 2400 9321 1280 393 5586 781 757
internal_count=29959 3222 47 3175 64 3111 26737 3078 3028 50 21151 14301 6850 14141 466 3008 4852 442 1998 49 13675 13589 2957 2400 9321 1280 393 5586 781 757
is_linear=0
shrinkage=0.05


Tree=84
num_leaves=31
num_cat=0
split_feature=186 8 0 0 174 111 263 30 289 37 288 19 63 29 177 225 118 253 41 298 299 160 77 298 299 221 51 285 8 284
split_gain=163.495 446.658 459.598 335.483 115.384 123.592 86.129 101.042 72.7066 71.395 66.5112 64.0499 60.9073 72.5455 57.2501 74.5823 66.5995 63.252 54.0257 51.2478 85.2602 59.0526 53.5591 51.1189 65.9403 61.6201 50.8871 65.1753 57.6256 62.8334
threshold=-17.508188247680661 1.5931127667427065 2.9381569623947148 1.0556229352951052 -3.5121895074844356 3.5469653606414799 -25.210536003112789 -7.2556374073028556 -24.899260520935055 -5.2219605445861808 0.22493461519479754 -0.56077125668525685 11.826038360595705 6.8515033721923837 -1.6157422661781309 -6.0242576599121085 -0.65622302889823902 1.0466927886009219 1.5410457849502566 -2.9617789983749385 -2.4688866138458248 -4.2672364711761466 -2.3304575681686397 -10.428529739379881 -5.7290277481079093 -9.5264811515808088 0.12287427112460138 -4.2102947235107413 3.3695412874221806 7.9335896968841562
decision_type=2 2 2 2 2 2 2 2 2 2 2 2 2 2 2 2 2 2 2 2 2 2 2 2 2 2 2 2 2 2
left_child=1 2 3 9 5 6 7 -2 -8 -1 11 23 13 19 16 -16 17 -10 -14 20 -13 -21 -23 -6 -25 -26 -12 -28 -29 -30
right_child=4 -3 -4 -5 10 -7 8 -9 14 -11 26 12 18 -15 15 -17 -18 -19 -20 21 -22 22 -24 24 25 -27 27 28 29 -31
leaf_value=0.067055697813630105 0.14728618621826173 -0.27424796868115664 0.19209898994082497 -0.24782064042985441 0.045508827269077304 -0.11065807768276759 -0.052619499040812978 -0.0097456750415620356 -0.0048808893267998496 -0.05266516224452944 0.013425798056803648 0.00063903920184400743 0.0096239581704139713 -0.069371381821110842 -0.1002440151983294 -0.017196954838011907 0.017495013087017293 -0.08624233296141029 0.10884515137776085 -0.03119437286611831 0.03068278663275964 -0.019405558319916957 -0.0024930371581927567 -0.011410647776960596 0.083629361391067511 0.0049761751029320589 -0.072756912512704733 0.0024060711019789566 0.008736976431411447 0.072444786563996347
leaf_weight=20 20 20 21 20 74 28 82 21 5111 33 1869 3990 34 40 29 399 343 24 23 202 251 506 6253 652 25 6336 28 3340 103 62
leaf_count=20 20 20 21 20 74 28 82 21 5111 33 1869 3990 34 40 29 399 343 24 23 202 251 506 6253 652 25 6336 28 3340 103 62
internal_value=7.9054e-05 -0.0596853 -0.0140337 -0.0733322 0.000307338 -0.00585374 -0.005367 0.0668552 -0.00586151 -0.00748748 0.0018761 0.000443011 -0.00189419 -0.00215559 -0.00521231 -0.022824 -0.0038363 -0.00526116 0.0496606 -0.00191558 0.00241715 -0.0045553 -0.00375916 0.00416928 0.00373307 0.0052853 0.00675368 0.00322405 0.00383103 0.0326757
internal_weight=29959 114 94 73 29845 6057 6029 41 5988 53 23788 18386 11299 11242 5906 428 5478 5135 57 11202 4241 6961 6759 7087 7013 6361 5402 3533 3505 165
internal_count=29959 114 94 73 29845 6057 6029 41 5988 53 23788 18386 11299 11242 5906 428 5478 5135 57 11202 4241 6961 6759 7087 7013 6361 5402 3533 3505 165
is_linear=0
shrinkage=0.05


Tree=85
num_leaves=31
num_cat=0
split_feature=282 66 27 182 24 223 121 46 279 293 11 14 178 44 196 8 24 112 30 66 298 133 110 262 51 168 73 65 84 61
split_gain=171.672 430.704 176.563 124.082 100.036 65.6168 69.9698 55.3722 57.6438 58.4331 54.8929 54.3739 52.1108 51.4233 56.4659 50.4727 46.7069 46.6732 51.8427 60.212 56.7409 55.8546 53.1032 48.1646 48.3443 46.4089 43.7121 43.4061 49.4445 51.1176
threshold=-31.82635402679443 -9.4345941543579084 -8.9968938827514631 -1.1946858167648313 -3.8666025400161739 -23.340682029724118 -2.0665409564971919 -2.6251822710037227 0.10291313752532007 -3.0913561582565303 0.82753500342369091 4.2882885932922372 -5.3503565788269034 -3.4340929985046382 -5.079258680343627 6.113215684890748 -1.311803877353668 -5.755722999572753 -5.3588201999664298 -3.8606519699096675 -0.37666672468185419 0.67900636792182933 -2.6906030178070064 -17.228893280029293 3.6771078109741215 -5.5213172435760489 0.33500362932682043 -2.9357873201370235 -5.591294288635253 -5.370858669281005
decision_type=2 2 2 2 2 2 2 2 2 2 2 2 2 2 2 2 2 2 2 2 2 2 2 2 2 2 2 2 2 2
left_child=1 -1 -3 5 -4 -2 16 8 9 -8 11 25 -12 -14 -15 -16 -7 -18 19 -19 21 23 -23 -20 27 -5 -22 -25 -29 -30
right_child=3 2 4 10 -6 6 7 -9 -10 -11 12 -13 13 14 15 -17 17 18 20 -21 26 22 -24 24 -26 -27 -28 28 29 -31
leaf_value=-0.26494038899739586 0.082454899601314385 0.067280835371751044 -0.16054121002554894 0.064403793414433794 -0.024677251705101558 -0.00093671812400199889 0.0067202235782338722 -0.00030091691052784759 -0.04571303544860137 0.037675424768252579 -0.067875300134931302 0.061511108202812005 -0.017437044886134616 0.08907921135347957 0.011012645676923427 0.056647100756245274 -0.021320855979919437 0.10846606106275605 0.068655059238274904 -0.0044200507303078975 -0.021610583586073449 0.10381747287298954 0.010807286823789279 -0.016915891122545219 -0.079547245800495159 0.002099627286088587 -0.080563166455831392 0.065891670987010001 0.063792674079606385 -0.0053047829401169843
leaf_weight=21 23 39 20 30 42 3395 434 9733 38 235 21 39 149 24 2667 62 625 21 21 27 147 21 57 844 23 8057 40 25 27 3091
leaf_count=21 23 39 20 30 42 3395 434 9733 38 235 21 39 149 24 2667 62 625 21 21 27 147 21 57 844 23 8057 40 25 27 3091
internal_value=0.000280558 -0.0589104 -0.0160724 0.000522267 -0.0685043 -0.00194623 -0.00204947 0.000680496 0.0141912 0.0175939 0.00472848 0.00261479 0.0106046 0.0111725 0.0127209 0.0120494 -0.00545703 -0.00854547 -0.00670739 0.0449676 -0.00728476 -0.00605891 0.0358485 -0.00686982 -0.00726533 0.00233075 -0.0342208 -0.00684836 -0.00414489 -0.00470644
internal_weight=29998 122 101 29876 62 18827 18804 10440 707 669 11049 8126 2923 2902 2753 2729 8364 4969 4344 48 4296 4109 78 4031 4010 8087 187 3987 3143 3118
internal_count=29998 122 101 29876 62 18827 18804 10440 707 669 11049 8126 2923 2902 2753 2729 8364 4969 4344 48 4296 4109 78 4031 4010 8087 187 3987 3143 3118
is_linear=0
shrinkage=0.05


Tree=86
num_leaves=31
num_cat=0
split_feature=282 66 27 296 298 25 281 119 265 298 189 184 249 14 112 82 281 3 228 223 241 39 295 77 154 25 295 101 299 123
split_gain=154.934 388.71 159.348 115.372 116.195 82.8534 82.5728 69.7191 66.332 63.093 71.2892 65.898 62.5376 60.7204 64.5457 59.9678 54.5273 75.2255 69.0637 68.2492 51.9448 48.8493 49.4154 48.6695 48.5164 46.8059 46.4299 45.2108 48.2986 44.8639
threshold=-31.82635402679443 -9.4345941543579084 -8.9968938827514631 -1.1030513048171995 -2.5311634540557857 -5.3770732879638663 2.7924057245254521 -0.18320360034704206 -25.607917785644528 -1.0000000180025095e-35 -1.1747415661811826 -2.4193072319030757 -3.8991177082061763 -2.58044421672821 -4.4443044662475577 -2.2913527488708492 -12.327507019042967 3.2520478963851933 -5.8701958656311026 -12.821611881256102 2.2230521440505986 4.7657389640808114 -18.161704063415524 -0.79876878857612599 0.90352943539619457 -3.9561983346939082 6.9159469604492196 3.7526215314865117 -0.10239776223897933 -0.71028187870979298
decision_type=2 2 2 2 2 2 2 2 2 2 2 2 2 2 2 2 2 2 2 2 2 2 2 2 2 2 2 2 2 2
left_child=1 -1 -3 8 6 -4 13 12 -2 10 16 -11 -6 -5 -15 24 17 18 23 -18 21 22 -21 29 -12 -17 -14 28 -13 -10
right_child=3 2 5 4 7 -7 -8 -9 9 11 15 27 26 14 -16 25 19 -19 -20 20 -22 -23 -24 -25 -26 -27 -28 -29 -30 -31
leaf_value=-0.25169332595098587 0.069274104725230823 0.063916790791046937 -0.14584197487149919 -0.025762053055025765 0.028276874684926234 -0.023712767915027896 0.10359496510390082 0.0074586587292179837 -0.01300209409237417 -0.058057373967664 0.014487896310329802 -0.02944693063152954 -0.0027076865026090628 -0.055789417976682833 0.03183513646747204 0.031799325942993166 0.067844727635383614 0.032400638870028566 -0.1018352841877419 0.068588642895221708 -0.074070804908871649 -0.03091341137834307 -0.0017685365915255193 -0.052998009154352516 0.076456124163373856 0.00064867380179272943 -0.066254499040800954 -0.073751074903541144 0.0044729128968520248 0.062591600313317036
leaf_weight=21 33 39 21 59 165 41 33 5049 1054 87 737 160 3259 22 470 125 35 86 23 25 25 144 14378 76 33 3417 29 27 305 20
leaf_count=21 33 39 21 59 165 41 33 5049 1054 87 737 160 3259 22 470 125 35 86 23 25 25 144 14378 76 33 3417 29 27 305 20
internal_value=0.000266531 -0.0559648 -0.0152688 0.000496154 0.00519619 -0.0650791 0.0267702 0.00371427 -0.00155793 -0.00167054 -0.00120359 -0.0179439 -0.0017608 0.0221691 0.027917 0.00449723 -0.00275293 -0.0127371 -0.0160464 -0.00189238 -0.00205988 -0.00193613 -0.00164641 -0.0143306 0.0171437 0.00174801 -0.00326817 -0.0108507 -0.00719843 -0.0115944
internal_weight=29998 122 101 29876 9086 62 584 8502 20790 20757 20178 579 3453 551 492 4312 15866 1259 1173 14607 14572 14547 14403 1150 770 3542 3288 492 465 1074
internal_count=29998 122 101 29876 9086 62 584 8502 20790 20757 20178 579 3453 551 492 4312 15866 1259 1173 14607 14572 14547 14403 1150 770 3542 3288 492 465 1074
is_linear=0
shrinkage=0.05


Tree=87
num_leaves=31
num_cat=0
split_feature=282 66 27 182 24 262 57 143 272 126 23 117 11 14 131 178 44 29 196 198 188 73 19 298 60 217 18 146 281 31
split_gain=139.828 350.811 143.812 104.787 84.5589 57.2028 64.8716 55.1758 82.7157 52.1582 51.6919 49.2787 48.4107 48.5907 47.4565 46.7045 46.9036 60.4093 51.5549 44.7615 67.3287 44.5296 46.5697 49.6965 44.1292 43.5501 39.7873 39.6523 39.6155 56.9924
threshold=-31.82635402679443 -9.4345941543579084 -8.9968938827514631 -1.1946858167648313 -3.8666025400161739 -25.191671371459957 -4.0772058963775626 -1.8444630503654478 -3.625103116035461 3.5006062984466557 -3.991864681243896 0.93500009179115307 0.82753500342369091 4.2882885932922372 -1.8129411339759824 -5.3503565788269034 -3.4340929985046382 -7.2831919193267813 -5.079258680343627 -4.2956578731536856 0.51064166426658641 -4.9940199851989737 -0.3075259774923324 -8.3691864013671857 -7.9665203094482413 1.1713621616363528 -3.2110420465469356 -2.2646405696868892 -25.212203025817868 -4.7723340988159171
decision_type=2 2 2 2 2 2 2 2 2 2 2 2 2 2 2 2 2 2 2 2 2 2 2 2 2 2 2 2 2 2
left_child=1 -1 -3 5 -4 -2 28 8 11 21 -9 24 13 19 -12 -14 25 -18 -19 20 -5 -10 23 -23 -8 -17 -20 -25 -7 -30
right_child=3 2 4 12 -6 6 7 10 9 -11 14 -13 15 -15 -16 16 17 18 26 -21 -22 22 -24 27 -26 -27 -28 -29 29 -31
leaf_value=-0.23910869416736424 0.061169709099663627 0.06072096457848182 -0.14644328966736794 0.014160935546418556 -0.0215308353304863 -0.05186244040727616 0.056928859987566555 -0.040990320926016954 -0.040058667165167788 -0.061498280587019755 -0.008908808883279563 0.036228179738643659 -0.064442494369688491 0.058027943586691833 -0.00079936923685237503 -0.0062870560632657642 0.094393146579915835 0.084166301732572418 0.05265222961252386 0.0015251787376620255 0.10123153750139934 0.08838594433936206 0.0015421693608325387 0.019376613630652153 -0.0028848135931144703 -0.085582427270710471 0.0096868717870892754 0.005366927559805822 0.009566483727672645 -0.015515573752380347
leaf_weight=21 36 39 20 152 42 60 31 94 47 27 2804 83 21 39 5059 129 22 24 55 7909 26 22 1299 1081 5848 20 2652 948 285 1103
leaf_count=21 36 39 20 152 42 60 31 94 47 27 2804 83 21 39 5059 129 22 24 55 7909 26 22 1299 1081 5848 20 2652 948 285 1103
internal_value=0.000253204 -0.0531666 -0.0145054 0.000471346 -0.0618252 -0.00179712 -0.00191775 -0.00106888 0.00152779 0.00772153 -0.00413188 -0.00202929 0.00433671 0.00235174 -0.00369125 0.00985499 0.0103926 0.0118714 0.0112067 0.00208323 0.0268791 0.0082717 0.00894977 0.0136414 -0.00256942 -0.0169307 0.0105598 0.0128309 -0.0120849 -0.0103654
internal_weight=29998 122 101 29876 62 18827 18791 17343 9386 3424 7957 5962 11049 8126 7863 2923 2902 2753 2731 8087 178 3397 3350 2051 5879 149 2707 2029 1448 1388
internal_count=29998 122 101 29876 62 18827 18791 17343 9386 3424 7957 5962 11049 8126 7863 2923 2902 2753 2731 8087 178 3397 3350 2051 5879 149 2707 2029 1448 1388
is_linear=0
shrinkage=0.05


Tree=88
num_leaves=31
num_cat=0
split_feature=283 66 75 113 296 298 284 265 119 298 121 230 143 63 184 249 299 50 190 186 28 280 27 98 270 267 145 63 49 71
split_gain=118.241 419.752 163.835 133.866 99.2543 105.584 64.8515 62.6522 61.3087 57.741 63.1264 65.0665 59.893 60.3517 59.1119 56.9758 54.5451 52.166 53.2003 50.4397 45.4634 59.5449 44.5456 44.3179 43.914 73.3687 43.4952 43.2767 43.1868 41.5212
threshold=-31.510085105895993 -9.4345941543579084 -7.5185368061065665 -9.2031841278076154 -1.1030513048171995 -2.5311634540557857 3.5090200901031499 -25.607917785644528 -0.18320360034704206 1.0000000180025095e-35 -2.5504380464553829 4.2080237865448007 -1.3667659163475034 11.826038360595705 -2.2952705621719356 -4.5067973136901847 -2.6271617412567134 0.49407854676246649 -4.6488656997680655 -6.2582533359527579 -2.7042701244354244 -5.5168137550353995 3.8754073381423955 3.8889837265014653 3.9921147823333745 6.3605217933654794 -5.3725318908691397 -1.3945930004119871 0.048920772969722755 -4.2922134399414054
decision_type=2 2 2 2 2 2 2 2 2 2 2 2 2 2 2 2 2 2 2 2 2 2 2 2 2 2 2 2 2 2
left_child=1 -1 -3 -4 7 6 16 -2 15 10 -9 12 -12 19 -11 -7 20 23 -19 -14 -6 -22 -16 29 25 28 -21 -26 -10 -17
right_child=4 2 3 -5 5 8 -8 9 24 14 11 -13 13 -15 22 17 -18 18 -20 26 21 -23 -24 -25 27 -27 -28 -29 -30 -31
leaf_value=-0.25839534759521487 0.068442749977111819 0.090288650393486033 -0.15869553208351136 -0.0056380850076675412 0.069617298502346575 0.036030343866225376 0.10104225476237912 -0.0051349417328613511 0.01154665330452802 -0.052754006788288205 0.0036669403937927402 0.075638744543338646 -0.0549577246717316 0.068940675669702994 -0.0067301526100025273 -0.063285727851092807 0.042041449648764551 -0.090341510339861819 -0.010020339266656771 0.064218059306343403 -0.062823033786068364 0.011160939565101237 -0.081192345668872207 0.059160911133795069 0.054315011313473674 -0.073200249671936043 -0.0032276293426384858 0.013664373005967363 0.0010841072713732962 0.0015245702540695059
leaf_weight=20 32 30 20 50 29 97 27 6607 1646 97 7460 29 47 29 461 25 207 21 1126 24 30 291 21 33 71 30 5985 841 2461 2151
leaf_count=20 32 30 20 50 29 97 27 6607 1646 97 7460 29 47 29 461 25 207 21 1126 24 30 291 21 33 71 30 5985 841 2461 2151
internal_value=0.000240544 -0.0492922 -0.00747155 -0.0493688 0.000439484 0.00479892 0.0253643 -0.00146557 0.00338629 -0.00157333 -0.00112668 0.000824299 0.000664121 -0.00301723 -0.0171412 -0.00174793 0.0216959 -0.00283986 -0.0114909 -0.00336181 0.00966298 0.00424655 -0.00997436 0.00165211 0.00689758 0.00470819 -0.00295825 0.0168291 0.00527728 0.000779967
internal_weight=29998 120 100 70 29878 9086 584 20792 8502 20760 20181 13574 13545 6085 579 3453 557 3356 1147 6056 350 321 482 2209 5049 4137 6009 912 4107 2176
internal_count=29998 120 100 70 29878 9086 584 20792 8502 20760 20181 13574 13545 6085 579 3453 557 3356 1147 6056 350 321 482 2209 5049 4137 6009 912 4107 2176
is_linear=0
shrinkage=0.05


Tree=89
num_leaves=31
num_cat=0
split_feature=282 66 75 187 232 3 212 15 218 290 298 12 85 14 215 187 298 232 298 123 198 285 226 45 298 282 123 24 13 73
split_gain=115.243 284.152 131.564 144.053 87.68 82.9204 70.5423 70.503 59.4748 68.5718 61.7009 56.3331 51.8367 54.3595 50.7894 48.7568 63.6636 46.3898 46.0986 44.9985 59.1832 43.2828 50.7872 43.267 42.8618 42.4274 49.3894 42.2298 60.4212 43.0353
threshold=-31.82635402679443 -9.4345941543579084 -8.4617643356323224 -17.953894615173336 -2.4103744029998775 3.7865513563156132 0.98955476284027111 -1.7392257452011106 -22.853077888488766 -17.763142585754391 -20.994484901428219 1.3192548751831057 -8.5945730209350568 -0.7823137342929839 -22.605702400207516 0.070200558751821532 -3.1044056415557857 -10.566706180572508 1.3359193205833437 -6.4992780685424796 -6.1517698764801017 -0.91732022166252125 -2.7820549011230464 1.2035847902297976 3.7063556909561162 1.9403665661811831 -0.24885255098342893 2.8919582366943364 -1.8531372547149656 3.1447980403900151
decision_type=2 2 2 2 2 2 2 2 2 2 2 2 2 2 2 2 2 2 2 2 2 2 2 2 2 2 2 2 2 2
left_child=1 -1 -3 -4 5 6 8 -8 -2 17 -11 19 13 -12 -5 -13 21 -10 -9 -6 -21 22 -17 -7 25 27 -27 29 -29 -14
right_child=4 2 3 14 11 23 7 18 9 10 12 15 24 -15 -16 16 -18 -19 -20 20 -22 -23 -24 -25 -26 26 -28 28 -30 -31
leaf_value=-0.21561468215215776 0.081457275436038076 0.097908153988066182 -0.15165133042769 0.032555268940172702 -0.055085384600928856 0.021106305722607657 -0.084804503668261616 -0.0081648465074902893 -0.017073796470640171 0.065276644072111908 0.0085902356811297636 0.002704204557574709 -0.0017732839204488895 0.077177304462529725 -0.065882956981658941 0.082110289213181087 0.012906947595038921 -0.085585879591795117 -0.075707466836119522 0.052082211970640668 0.0014709369699900587 0.095823242273916934 -0.0044190187873535377 0.09543255103582686 -0.072264459610662676 0.0054892677209667264 0.10149352864495345 -0.066772114738289798 -0.010744903198911738 -0.035568286619688333
leaf_weight=21 21 21 22 38 35 178 46 196 497 34 104 1357 11215 40 20 28 1246 26 29 58 14090 38 43 22 22 37 21 56 342 95
leaf_count=21 21 21 22 38 35 178 46 196 497 34 104 1357 11215 40 20 28 1246 26 29 58 14090 38 43 22 22 37 21 56 342 95
internal_value=0.000228517 -0.0482682 -0.0134734 -0.0427111 0.000426555 -0.00266363 -0.00316352 -0.0284016 -0.0026168 -0.00275817 -0.00198361 0.00280085 -0.00217526 0.0276422 -0.00138895 0.0094034 0.0161125 -0.0204798 -0.0168703 0.00153834 0.00167842 0.0527555 0.0297052 0.0292822 -0.00253951 -0.00240914 0.0402494 -0.00262046 -0.0186281 -0.00205715
internal_weight=29998 122 101 80 29876 12981 12781 271 12510 12489 11966 16895 11932 144 58 2712 1355 523 225 14183 14148 109 71 200 11788 11766 58 11708 398 11310
internal_count=29998 122 101 80 29876 12981 12781 271 12510 12489 11966 16895 11932 144 58 2712 1355 523 225 14183 14148 109 71 200 11788 11766 58 11708 398 11310
is_linear=0
shrinkage=0.05


Tree=90
num_leaves=31
num_cat=0
split_feature=112 9 49 2 258 95 21 105 273 198 257 226 135 30 152 232 42 34 4 42 179 20 4 41 147 168 151 66 160 13
split_gain=113.48 120.946 120.517 528.013 600.455 88.3895 106.272 81.375 63.843 72.5479 77.8874 60.2294 56.3455 54.6052 51.029 54.0749 50.9557 51.9512 51.3864 69.3631 87.1401 47.1425 45.7113 54.4265 50.9123 44.2942 57.036 43.7286 74.2352 54.8005
threshold=-5.5801301002502433 5.9897737503051767 -9.8558840751647931 0.66673204302787792 -24.245620727539059 -13.656627655029295 -3.1800838708877559 -2.1056426763534541 -3.4137331247329707 -6.0245099067687979 -8.6601419448852521 -6.9411253929138175 -6.3963294029235831 1.5724644660949709 -3.5001206398010249 -6.3377902507781974 4.4230394363403329 5.1973562240600595 -2.7199019193649288 -0.070179741829633699 -4.3357255458831778 -1.170350134372711 0.70729410648345958 -1.4171484112739561 -2.9857480525970455 -9.3247241973876935 -9.391054153442381 0.45322638750076299 3.6770412921905522 -2.6002520322799678
decision_type=2 2 2 2 2 2 2 2 2 2 2 2 2 2 2 2 2 2 2 2 2 2 2 2 2 2 2 2 2 2
left_child=1 2 3 -1 -5 6 -4 22 13 -10 -11 -12 -9 16 -13 -16 17 18 19 -2 -21 -20 24 -24 25 26 -7 28 -17 -30
right_child=8 -3 5 4 -6 7 -8 12 9 10 11 14 -14 -15 15 27 -18 -19 21 20 -22 -23 23 -25 -26 -27 -28 -29 29 -31
leaf_value=-0.14723479128485822 0.0043567105348027036 -0.11758474950437192 -0.0061974580027163032 0.31048236083984376 0.0093494502801391086 -0.0073131458282470717 -0.16919427325949074 -0.12085272944890535 0.046295202539322226 -0.089696675539016724 0.066981466362873707 0.014301484221483501 -0.033161073202087034 -0.014687948465772533 -0.042514414966538336 0.0010272618342061308 0.076424938954767735 -0.075016779700915026 0.0023801252504562038 0.14575251243684603 0.019740172114004109 -0.0050120081059132973 0.011813092591083667 -0.034423780954116349 -0.044677505203737665 8.4656763847473023e-05 -0.044593725063913001 0.0058178004332664198 -0.094306483605633609 -0.015217608874075295
leaf_weight=27 129 27 20 25 49 250 20 26 94 23 36 837 62 841 69 11809 21 24 3723 23 34 5127 367 77 130 436 174 4926 23 459
leaf_count=27 129 27 20 25 49 250 20 26 94 23 36 837 62 841 69 11809 21 24 3723 23 34 5127 367 77 130 436 174 4926 23 459
internal_value=-2.46066e-05 -0.0126094 -0.0109051 0.0420281 0.111084 -0.0143278 -0.0876959 -0.0123996 0.000729643 0.00248262 0.00225611 0.00237258 -0.05907 -0.00249929 0.00224424 0.00166042 -0.00137048 -0.0015508 -0.00135567 0.0246532 0.0705873 -0.0019023 -0.00953556 0.00379454 -0.0155139 -0.0111054 -0.0226123 0.00183746 0.00024221 -0.0189916
internal_weight=29888 1690 1663 101 74 1562 40 1522 28198 18276 18182 18159 88 9922 18123 17286 9081 9060 9036 186 57 8850 1434 444 990 860 424 17217 12291 482
internal_count=29888 1690 1663 101 74 1562 40 1522 28198 18276 18182 18159 88 9922 18123 17286 9081 9060 9036 186 57 8850 1434 444 990 860 424 17217 12291 482
is_linear=0
shrinkage=0.05


Tree=91
num_leaves=31
num_cat=0
split_feature=112 9 135 49 2 259 95 55 85 272 146 168 284 27 24 241 167 89 282 257 77 31 184 24 133 19 19 128 40 42
split_gain=103.474 108.853 298.755 124.352 310.903 570.432 114.312 85.2881 53.7571 58.7445 55.8576 90.0651 72.1996 54.3183 54.2838 53.5437 50.391 48.8251 46.4427 54.8607 41.8358 41.5785 40.8125 42.536 41.6132 50.4342 40.7347 44.0447 45.7193 40.5352
threshold=-4.3453302383422843 3.7600718736648564 -11.626211166381834 -9.8558840751647931 0.66673204302787792 -24.49565505981445 -13.656627655029295 -6.8690452575683585 -7.2781260013580313 -3.3379271030426021 -2.1433006525039668 1.0115384459495547 -7.6513485908508292 -5.0354905128478995 -1.0752940773963926 1.7891112565994265 3.9288841485977177 0.51073178648948681 -1.9267702698707578 -6.9413728713989249 -4.9588756561279288 2.6191569566726689 -5.9862744808197013 6.2749969959259042 1.1858761310577395 5.0930070877075204 4.0738325119018564 -1.4974651932716367 -2.5669803619384761 0.44953934848308569
decision_type=2 2 2 2 2 2 2 2 2 2 2 2 2 2 2 2 2 2 2 2 2 2 2 2 2 2 2 2 2 2
left_child=1 3 -3 4 -1 -6 -5 -4 -2 14 11 13 -12 -11 16 -13 -10 26 -14 -20 -21 29 -22 -24 -25 -26 27 28 -8 -16
right_child=8 2 7 6 5 -7 17 -9 9 10 12 15 18 -15 21 -17 -18 -19 19 20 22 -23 23 24 25 -27 -28 -29 -30 -31
leaf_value=-0.10497074181815454 0.035644303570996537 -0.2299009072780609 0.072212055325508118 -0.097291586134168842 0.32898088455200197 0.012109122251882693 -0.00077603966482982787 -0.039182401582842974 0.0013475969646246668 0.093205253034830099 -0.065891831219196326 -0.032483820208618723 -0.0029408494809814857 0.010506841898277846 -0.0070249082477153134 0.038493031695965796 0.077220491387627349 -0.040759217384148318 -0.075678828900510628 0.064396474503778986 0.063479989900120673 -0.022779342362727786 0.0034495832546430553 -0.051324818379112659 0.026277683545199656 -0.046656526389874914 0.05498608577030676 0.021745873336476509 -0.015112365736320866 0.0047649599513115235
leaf_weight=24 111 20 20 36 20 49 1044 122 4138 20 40 186 4386 2758 3767 31 22 106 22 28 28 343 10147 70 63 38 27 128 1190 904
leaf_count=24 111 20 20 36 20 49 1044 122 4138 20 40 186 4386 2758 3767 31 22 106 22 28 28 343 10147 70 63 38 27 128 1190 904
internal_value=-2.33763e-05 -0.00919926 -0.0489755 -0.00674356 0.0500394 0.103956 -0.00883002 -0.023493 0.000919876 0.000777072 0.00245088 0.00867889 0.00119242 0.0111022 -0.00247367 -0.0223443 0.00174885 -0.00755362 0.00137395 0.00319434 0.0033616 -0.00597699 0.00319642 0.00303283 -0.021697 -0.00116291 -0.00608029 -0.00677834 -0.00841267 -0.00474316
internal_weight=29888 2786 162 2624 93 69 2531 142 27102 26991 17817 2995 14822 2778 9174 217 4160 2495 14782 10396 10374 5014 10346 10318 171 101 2389 2362 2234 4671
internal_count=29888 2786 162 2624 93 69 2531 142 27102 26991 17817 2995 14822 2778 9174 217 4160 2495 14782 10396 10374 5014 10346 10318 171 101 2389 2362 2234 4671
is_linear=0
shrinkage=0.05


Tree=92
num_leaves=31
num_cat=0
split_feature=112 9 49 2 258 95 16 105 234 298 76 298 258 262 21 44 135 26 291 215 187 113 107 8 285 183 41 143 290 112
split_gain=94.9278 104.732 98.8607 438.549 502.847 70.1324 103.614 72.96 55.1279 89.3077 61.7936 58.8553 60.3604 55.1623 51.2322 59.254 49.9449 49.2931 48.5291 49.0355 47.3269 47.3695 45.9927 45.8018 43.8295 45.2338 42.455 42.1141 58.2355 53.1346
threshold=-5.5801301002502433 5.9897737503051767 -9.8558840751647931 0.66673204302787792 -24.245620727539059 -13.656627655029295 -2.6821568012237544 -2.1056426763534541 -0.76392877101898182 3.7063556909561162 -5.5164506435394278 -2.9911806583404537 -0.74782750010490406 0.81578004360198986 -4.9413506984710684 -8.4047431945800763 -6.3963294029235831 1.9544470310211184 1.49189829826355 -1.941452622413635 -2.0894619226455684 -2.6422352790832515 -4.381086826324462 3.1109579801559453 -4.8354902267456046 -4.3050000667572013 -1.1521568894386289 -2.0466299057006831 -2.7813122272491451 2.4898326396942143
decision_type=2 2 2 2 2 2 2 2 2 2 2 2 2 2 2 2 2 2 2 2 2 2 2 2 2 2 2 2 2 2
left_child=1 2 3 -1 -5 6 -4 20 9 14 -10 12 13 -12 -2 23 -9 26 19 -14 21 -7 -13 -16 -24 -26 -11 28 -17 -30
right_child=8 -3 5 4 -6 7 -8 16 10 17 11 22 18 -15 15 27 -18 -19 -20 -21 -22 -23 24 -25 25 -27 -28 -29 29 -31
leaf_value=-0.13448990910762437 0.027478293158252787 -0.10921819121749313 0.0020733555033802986 0.28340306091308592 0.0078305469274672929 -0.005371822706269058 -0.15887236673384908 -0.11368820942365206 0.078124635134424483 -0.086217532982118428 0.011447178788975049 0.055816370202228432 0.07782530056280193 -0.053960183701094455 -0.10995262861251831 -0.00041058955588162583 -0.031127288288647133 -0.1210741128240313 0.10648303197433606 0.018129191782628729 -0.04932876434851257 -0.077739178958543806 -0.022603803298658354 -0.0054061651229858404 -0.02573053724034622 0.0031587878026902911 0.0078291878631959362 -0.0028702920950944891 0.010093243243338415 -0.06474312817056975
leaf_weight=27 161 27 20 25 49 1343 20 26 28 20 621 40 43 34 22 6744 62 21 23 172 68 23 176 20 138 7469 30 10388 2024 24
leaf_count=27 161 27 20 25 49 1343 20 26 28 20 621 40 43 34 22 6744 62 21 23 172 68 23 176 20 138 7469 30 10388 2024 24
internal_value=-2.22075e-05 -0.0115324 -0.00994644 0.0379955 0.100929 -0.0130464 -0.0783995 -0.0113288 0.000667639 -0.000814528 0.00396522 0.00372699 0.0158879 0.00805199 -0.000609493 -0.000844751 -0.0555203 -0.0567892 0.037453 0.0300684 -0.00861696 -0.00659031 0.00233882 -0.0601686 0.00206397 0.0026347 -0.0297895 -0.000714845 0.00183188 0.00921625
internal_weight=29888 1690 1663 101 74 1562 40 1522 28198 19454 8744 8716 893 655 19383 19222 88 71 238 215 1434 1366 7823 42 7783 7607 50 19180 8792 2048
internal_count=29888 1690 1663 101 74 1562 40 1522 28198 19454 8744 8716 893 655 19383 19222 88 71 238 215 1434 1366 7823 42 7783 7607 50 19180 8792 2048
is_linear=0
shrinkage=0.05


Tree=93
num_leaves=31
num_cat=0
split_feature=291 298 131 35 50 251 9 144 21 275 264 211 1 238 210 298 174 299 297 74 121 272 96 112 56 105 4 235 119 298
split_gain=86.2332 123.279 62.0583 504.21 149.655 208.652 75.4283 57.3726 55.3595 72.2313 64.2746 60.9423 57.5386 52.101 50.7372 50.6248 110.405 88.9502 72.4423 54.5002 64.4667 52.2484 50.0575 49.0362 51.572 47.4139 49.067 46.3112 96.7249 45.4582
threshold=-5.3107812404632559 -8.8067255020141584 -13.803133487701414 -11.784491539001463 -9.5490894317626935 -20.02182579040527 -0.54253196716308583 -2.6086744070053096 -1.2647255063056944 5.7837700843811044 4.9224212169647226 -4.4710152149200431 5.6648201942443857 -3.0219534635543819 -7.9386701583862296 -3.0220340490341182 3.0495260953903203 -3.5509150028228755 -2.9333379268646236 -4.8715009689331046 -1.4502288103103635 -0.97413399815559376 1.0701034665107729 -5.755722999572753 0.085686314851045622 -2.1056426763534541 0.107927393168211 -5.2962636947631827 -0.47598332166671747 -1.2352941632270811
decision_type=2 2 2 2 2 2 2 2 2 2 2 2 2 2 2 2 2 2 2 2 2 2 2 2 2 2 2 2 2 2
left_child=2 7 3 -1 5 -4 -5 -2 9 14 -11 13 15 -10 -3 16 17 -13 29 20 -20 -19 23 24 25 26 -6 28 -16 -17
right_child=1 8 4 6 22 -7 -8 -9 11 10 -12 12 -14 -15 27 18 -18 21 19 -21 -22 -23 -24 -25 -26 -27 -28 -29 -30 -31
leaf_value=-0.25714908946644177 0.10967847634520796 -0.051235942989587779 0.20377289772033694 0.041848567115967392 -0.018547795396522584 0.015633743149893627 -0.049416997428569531 0.025797946434071725 -0.0017426256035137308 0.11745866559169911 0.010256704996372093 -0.00094100795921409964 -0.066558431088924411 -0.026545643402649224 0.013877824442663595 -0.014298349858864266 0.10795135360497694 0.009311757107936405 0.0089310635768231894 8.2007162807486394e-05 -0.11102681552680832 0.031568223067948056 -0.021776428138580894 -0.0016372092399679365 -0.079957634902426189 -0.064198587380531358 0.0018959832437931358 0.0045448823697169767 0.12066352206300229 -0.085770294135031497
leaf_weight=22 36 40 20 61 664 56 36 47 455 27 29 2693 32 396 115 680 26 1267 21 11991 24 333 436 4293 28 41 526 5444 26 23
leaf_count=22 36 40 20 61 664 56 36 47 455 27 29 2693 32 396 115 680 26 1267 21 11991 24 333 436 4293 28 41 526 5444 26 23
internal_value=-2.10971e-05 0.00135054 -0.00527981 -0.0410381 -0.00457809 0.065144 0.00797681 0.0621799 0.0011368 0.00543829 0.0619434 -0.000225258 0.000425021 -0.0132843 0.00487575 0.000550679 0.00522871 0.00460659 -0.00103535 -0.000124106 -0.0550465 0.0139439 -0.005463 -0.00418191 -0.0128589 -0.0113327 -0.0095113 0.00527763 0.0335688 -0.0166367
internal_weight=29888 23705 6183 119 6064 76 97 83 23622 5681 56 17941 17090 851 5625 17058 4319 4293 12739 12036 45 1600 5988 5552 1259 1231 1190 5585 141 703
internal_count=29888 23705 6183 119 6064 76 97 83 23622 5681 56 17941 17090 851 5625 17058 4319 4293 12739 12036 45 1600 5988 5552 1259 1231 1190 5585 141 703
is_linear=0
shrinkage=0.05


Tree=94
num_leaves=31
num_cat=0
split_feature=288 298 283 131 33 50 292 9 10 231 30 158 127 57 34 50 88 16 65 85 19 295 299 65 140 32 93 156 36 60
split_gain=80.5904 90.4356 76.2861 60.0153 486.377 130.041 165.469 64.7496 52.1835 127.024 66.6178 52.027 53.5018 50.076 58.0335 77.031 57.6099 50.8177 49.2023 81.2941 54.3939 48.4318 48.0358 47.0772 54.4401 53.233 51.9207 51.1048 48.3937 47.6098
threshold=-3.7870295047760005 -4.8505687713623038 1.2587401270866396 -13.803133487701414 -11.664800167083738 -9.5490894317626935 -30.637234687805172 -0.54253196716308583 5.0144391059875497 -1.2887874841690061 1.0001470446586611 -6.995431423187255 -6.0830554962158194 -4.9690670967102042 -3.1113206148147579 3.9424020051956181 2.0278971195220952 -0.84159496426582325 0.12495298683643342 1.1153402328491213 -3.7544852495193477 -3.454509854316711 -5.2201960086822501 -4.1450979709625235 -4.4565358161926261 4.4318346977233896 -1.1458170413970945 -4.7968447208404532 1.714411795139313 -6.4123151302337638
decision_type=2 2 2 2 2 2 2 2 2 2 2 2 2 2 2 2 2 2 2 2 2 2 2 2 2 2 2 2 2 2
left_child=3 2 11 4 -1 6 -5 -6 -3 -10 -11 -2 -13 -7 15 18 23 -18 19 -15 -20 22 -14 24 25 26 -16 -28 -26 -25
right_child=1 8 -4 5 7 13 -8 -9 9 10 -12 12 21 14 16 -17 17 -19 20 -21 -22 -23 -24 29 28 -27 27 -29 -30 -31
leaf_value=-0.24550253826638926 -0.059438553483535855 0.0013303706608727688 0.072346744904744215 0.18533971786499026 0.041596140846854354 -0.016519369790200092 0.01779653685433524 -0.043718796159539906 -0.13477627875526316 0.024052522596903145 -0.037027448668412059 0.08318299571318287 -0.00698707969590074 0.0075348946759634609 -0.0037072694892662447 0.098634843934666039 -0.077765018049450158 -0.017994886997370615 0.042717704249591364 0.10914820209145547 -0.018356252306545761 0.030842109762473414 0.021913570945522168 0.066353603482246407 -0.023481950889017139 0.071773434749671391 -0.11765505316711607 -0.0059768841502955182 -0.077520219936828935 -0.0027796056507614474
leaf_weight=23 24 18753 58 20 61 714 56 35 23 80 101 28 346 1243 350 22 42 232 41 20 329 262 246 25 178 21 21 20 54 6460
leaf_count=23 24 18753 58 20 61 714 56 35 23 80 101 28 346 1243 350 22 42 232 41 20 329 262 246 25 178 21 21 20 54 6460
internal_value=-2.00422e-05 0.00181645 0.0167558 -0.00369064 -0.0389861 -0.00326414 0.0618868 0.0104917 0.00105676 -0.0240952 -0.0100308 0.013197 0.0151734 -0.00377084 -0.00276593 0.0056985 -0.00465822 -0.0271567 0.00444645 0.00914397 -0.0115886 0.0129436 0.00502231 -0.0037935 -0.0166871 -0.00577815 -0.00994332 -0.0631779 -0.0360598 -0.00251309
internal_weight=29888 19921 964 9967 119 9848 76 96 18957 204 181 906 882 9772 9058 1655 7403 274 1633 1263 370 854 592 7129 644 412 391 41 232 6485
internal_count=29888 19921 964 9967 119 9848 76 96 18957 204 181 906 882 9772 9058 1655 7403 274 1633 1263 370 854 592 7129 644 412 391 41 232 6485
is_linear=0
shrinkage=0.05


Tree=95
num_leaves=31
num_cat=0
split_feature=286 2 44 10 263 119 155 81 286 28 298 143 212 2 290 298 3 287 278 156 90 298 299 296 299 298 299 59 299 207
split_gain=100.969 357.425 1020.07 160.655 79.4151 83.3981 71.2803 68.9701 65.1177 77.2465 62.6921 51.4392 65.7898 51.2647 50.4026 49.1905 48.1439 45.09 75.8421 43.9328 43.3281 43.1847 65.0755 55.3253 52.9701 63.086 65.5271 64.5141 48.5068 47.5071
threshold=-30.193594932556149 3.0870069265365605 -11.126580715179442 3.717771172523499 -25.210536003112789 -1.8222221732139585 6.2636349201202401 -8.0411763191223127 6.4462943077087411 7.6065447330474862 0.22813729196786883 -2.0466299057006831 -6.1634986400604239 0.79344120621681224 -25.257124900817868 -8.3691864013671857 1.3344989418983462 -7.2538805007934561 -3.6039716005325313 -3.3976470232009883 1.9814338088035586 -3.6133053302764888 -3.046869039535522 -1.7319561243057249 -1.3319679498672483 0.22813729196786883 -0.10239776223897933 -3.9962744712829585 0.059176480397582061 2.8091176748275761
decision_type=2 2 2 2 2 2 2 2 2 2 2 2 2 2 2 2 2 2 2 2 2 2 2 2 2 2 2 2 2 2
left_child=1 2 -1 -3 -2 6 14 -4 9 11 -10 15 13 19 -6 -7 -12 18 -14 -13 -16 22 -19 -24 29 27 -27 -26 -29 -23
right_child=4 3 7 -5 5 8 -8 -9 10 -11 16 12 17 -15 20 -17 -18 21 -20 -21 -22 24 23 -25 25 26 -28 28 -30 -31
leaf_value=-0.41671181678771974 0.082638799733129042 0.17547153949737548 0.058567058086395264 -0.02032959894700484 -0.044324895858764646 0.029431290910878313 -0.088006895542144789 -0.049537524580955505 0.10571772813796998 -0.062011496225992835 0.007256228144606346 -0.11199872105471081 -0.012507237981656913 0.00037717881074192329 -0.0025160820010512079 0.0050544527379607499 0.04307534010073201 0.004888582246930004 -0.11285965915858037 -0.033606341480820749 -0.018337835426714306 -0.0045001955027665491 0.020740317147251941 0.084526585249437236 -0.060164772982106485 -0.023265022508747148 0.00049056229016680069 0.0059412772653712059 0.022449274002126471 0.03456311077822613
leaf_weight=20 29 20 25 22 75 218 25 36 20 48 406 21 182 109 10141 4083 122 1549 21 120 452 5266 139 45 34 317 3445 2313 551 79
leaf_count=20 29 20 25 22 75 218 25 36 20 48 406 21 182 109 10141 4083 122 1549 21 120 452 5266 139 45 34 317 3445 2313 551 79
internal_value=-0.000248842 -0.0454572 -0.106832 0.072909 -6.23064e-05 -0.000142839 -0.003678 -0.00523237 0.00183754 0.00133546 0.018824 0.00149989 4.80992e-05 -0.0253745 -0.00348038 0.00629001 0.0155326 0.000503995 -0.0228885 -0.0452818 -0.00319119 0.000849656 0.00822794 0.0363402 -0.000215447 0.00275992 -0.00151117 0.00830439 0.00911722 -0.00392283
internal_weight=29933 123 81 42 29810 29781 10693 61 19088 18540 548 18492 14191 250 10668 4301 528 13941 203 141 10593 13738 1733 184 12005 6660 3762 2898 2864 5345
internal_count=29933 123 81 42 29810 29781 10693 61 19088 18540 548 18492 14191 250 10668 4301 528 13941 203 141 10593 13738 1733 184 12005 6660 3762 2898 2864 5345
is_linear=0
shrinkage=0.05


Tree=96
num_leaves=31
num_cat=0
split_feature=182 286 7 125 51 41 154 286 28 125 229 165 298 13 57 135 4 121 288 88 80 118 287 17 194 298 299 299 293 231
split_gain=92.5883 80.0295 337.455 926.862 119.682 110.669 70.2363 51.8665 84.1339 56.9696 55.4744 51.5873 51.0943 48.1459 40.3989 60.7071 45.3539 41.6997 52.8887 50.7942 68.5516 50.4272 41.3695 52.688 73.9791 49.2373 110.007 73.1609 50.1011 48.6936
threshold=-7.1912801265716544 -30.193594932556149 -0.61842155456542958 -13.267646789550779 -7.620823621749877 -12.098707675933836 -4.6230404376983634 6.4462943077087411 7.6065447330474862 -0.027017381973564621 1.6683316826820376 -8.741813659667967 1.2533578872680666 -1.2083595991134641 -0.72658410668373097 -6.2147526741027823 -3.5086252689361568 0.40392155945301061 -17.50452899932861 3.8289741277694707 0.21446385234594348 4.4317646026611337 -7.2538805007934561 0.87899366021156322 -4.5272176265716544 0.22813729196786883 0.28511488437652593 0.34811763465404516 3.8373565673828129 4.4711506366729745
decision_type=2 2 2 2 2 2 2 2 2 2 2 2 2 2 2 2 2 2 2 2 2 2 2 2 2 2 2 2 2 2
left_child=1 2 -1 -4 -5 -3 -7 8 14 13 -11 -8 -12 -9 17 -16 -17 18 -2 -20 -21 -19 23 -18 -25 27 28 29 -27 -24
right_child=7 5 3 4 -6 6 11 9 -10 10 12 -13 -14 -15 15 16 22 21 19 20 -22 -23 25 24 -26 26 -28 -29 -30 -31
leaf_value=0.11890753233297305 -0.083908253014087678 0.085118299914944573 -0.39666507720947264 0.096645582914352421 -0.053794089017006066 -0.0051375146527057412 -0.10610881532941546 -0.080218468476896704 -0.056211185003771924 -0.057792764194309711 0.10543085719924422 -0.025301617832787067 0.023582865775296405 0.00024343387982279983 0.043725919809149603 0.028565747803373703 -0.020201848879884146 0.0058651521077027202 -0.0022719021047457747 -0.11358867569554908 -0.0085374349421313538 0.080663495996724011 0.0028960083255349725 0.053455526248287803 -0.010812635460385571 -0.024745115494874657 0.0011773515434165276 0.026000292997600306 0.044856050444973844 0.07736428383399141
leaf_weight=22 20 31 20 20 39 1392 21 23 66 20 20 332 409 97 87 157 453 1110 11405 24 44 23 10012 67 135 610 2865 360 27 22
leaf_count=22 20 31 20 20 39 1392 21 23 66 20 20 332 409 97 87 157 453 1110 11405 24 44 23 10012 67 135 610 2865 360 27 22
internal_value=-0.0002364 -0.0109875 -0.0542811 -0.102511 -0.00279759 -0.00852544 -0.010189 0.00048287 0.000173561 0.0154249 0.0236039 -0.0301088 0.0273986 -0.0151784 0.000309274 0.00208219 0.00183586 -0.00176821 -0.00267041 -0.00252879 -0.0456143 0.00738357 0.00154746 -0.0107322 0.010504 0.00212627 -0.00300123 0.00385385 -0.021795 0.00305928
internal_weight=29933 1877 101 79 59 1776 1745 28056 27487 569 449 353 429 120 27421 14795 14708 12626 11493 11473 68 1133 14551 655 202 13896 3502 10394 637 10034
internal_count=29933 1877 101 79 59 1776 1745 28056 27487 569 449 353 429 120 27421 14795 14708 12626 11493 11473 68 1133 14551 655 202 13896 3502 10394 637 10034
is_linear=0
shrinkage=0.05


Tree=97
num_leaves=31
num_cat=0
split_feature=182 286 125 41 27 25 154 283 153 6 1 4 165 28 25 198 185 298 258 96 263 6 11 1 64 41 65 198 64 73
split_gain=83.5609 72.2267 251.455 99.8789 96.6493 65.6159 63.3883 47.1002 72.1757 52.0662 48.4822 47.6895 46.5575 45.7419 44.6911 44.091 44.6601 51.1672 69.1397 44.3554 44.3141 42.881 42.3119 42.4022 40.8228 41.3662 52.0505 39.2549 44.5255 39.7706
threshold=-7.1912801265716544 -30.193594932556149 -13.267646789550779 -12.098707675933836 -8.9968938827514631 -3.8390424251556392 -4.6230404376983634 1.5015286207199099 -0.31524510681629175 -4.7362964153289786 4.1492159366607675 3.5947910547256474 -8.741813659667967 7.6065447330474862 7.9473640918731698 -4.0388822555541983 0.078333325684070601 -0.098095264285802827 2.2843137979507451 -1.8232859969139097 -1.6713567972183225 5.2858073711395273 -2.9207843542098995 0.89919257164001476 -2.9975817203521724 -1.0605882406234739 0.6506238877773286 -1.5940195918083189 -0.019803923554718491 0.9575391709804536
decision_type=2 2 2 2 2 2 2 2 2 2 2 2 2 2 2 2 2 2 2 2 2 2 2 2 2 2 2 2 2 2
left_child=1 2 -1 -3 -4 -6 22 13 27 -10 11 14 -8 -2 15 -11 24 18 -18 -19 -21 -13 23 -5 -17 26 -26 28 -9 -29
right_child=7 3 4 6 5 -7 12 8 9 10 -12 21 -14 -15 -16 16 17 19 -20 20 -22 -23 -24 -25 25 -27 -28 29 -30 -31
leaf_value=-0.17587727513806573 -0.00025394956205940727 0.080862365230437258 0.07328954626012732 -0.015188828382421943 -0.10810355083508925 0.012679413349732108 -0.1008033729734875 0.021935304115490561 0.076249988377094277 0.067657850281550344 -0.051688784070131256 0.01825832739165149 -0.024036528636892159 -0.064197500050067899 -0.033538928850628862 -0.054802260010741483 0.01505627662932966 -0.046497775837345878 0.086470985412597665 -0.048455631540549042 0.0061574035518228883 0.090565641109759995 -0.0022399351094283307 -0.082715057465247821 -0.0061126703704940154 -0.0018417637095711704 -0.10874806351604915 0.0059951607455486803 0.080372007553731764 0.04382085049176937
leaf_weight=29 24429 31 27 85 22 23 21 78 24 26 41 97 332 28 87 43 160 43 43 38 1649 26 1275 32 30 752 21 294 56 91
leaf_count=29 24429 31 27 85 22 23 21 78 24 26 41 97 332 28 87 43 160 43 43 38 1649 26 1275 32 30 752 21 294 56 91
internal_value=-0.00022458 -0.0104381 -0.0515671 -0.00809916 -0.00149769 -0.04637 -0.00967957 0.000458727 0.0057992 0.00289261 0.00231651 0.00305091 -0.0286034 -0.000327156 0.00175405 0.0028487 0.00224235 0.00643564 0.0301835 0.00364904 0.00492723 0.0335428 -0.00488064 -0.0336575 -0.00733876 -0.00479713 -0.0483743 0.0230483 0.0463566 0.0149358
internal_weight=29933 1877 101 1776 72 45 1745 28056 3599 3080 3056 3015 353 24457 2892 2805 2779 1933 203 1730 1687 123 1392 117 846 803 51 519 134 385
internal_count=29933 1877 101 1776 72 45 1745 28056 3599 3080 3056 3015 353 24457 2892 2805 2779 1933 203 1730 1687 123 1392 117 846 803 51 519 134 385
is_linear=0
shrinkage=0.05


Tree=98
num_leaves=31
num_cat=0
split_feature=182 14 32 184 63 80 141 22 183 61 40 199 224 146 286 28 132 13 52 254 65 5 281 299 149 18 53 22 190 86
split_gain=75.4137 72.5561 328.225 739.537 267.639 72.7931 70.3415 55.4343 52.4718 54.6096 51.7605 51.5629 50.1462 46.9724 45.2317 71.0058 51.0099 56.4561 43.8414 41.5244 51.3849 37.5745 68.0291 73.8659 62.4909 61.6864 41.8794 49.5649 46.9653 40.5867
threshold=-7.1912801265716544 -4.5475687980651847 -11.055331230163572 -17.923649787902828 -9.2548127174377424 -4.2736515998840323 -10.646492958068846 -1.7924929857254026 -5.6175072193145743 -3.4844856262207027 -1.1028099656105039 -5.2901635169982901 -5.4781246185302725 -4.204810142517089 6.4462943077087411 7.6065447330474862 0.86805358529090892 -0.91761764883995045 4.5094165802001962 -11.99032688140869 -7.7875537872314444 0.62364059686660778 -14.63289165496826 -15.5365834236145 -3.5608626604080196 -0.17838524281978604 -2.5415686368942256 -5.9864425659179679 -0.20996732264757154 -5.875049114227294
decision_type=2 2 2 2 2 2 2 2 2 2 2 2 2 2 2 2 2 2 2 2 2 2 2 2 2 2 2 2 2 2
left_child=1 4 3 -3 -1 8 -7 -6 9 10 19 -8 13 -13 15 21 17 -16 -19 -4 -21 22 25 24 -24 -2 27 -23 -29 -25
right_child=14 2 5 -5 7 6 11 -9 -10 -11 -12 12 -14 -15 16 -17 -18 18 -20 20 -22 26 23 29 -26 -27 -28 28 -30 -31
leaf_value=0.18516660170121627 -0.0075823918567039074 -0.3701730346679688 -0.0045298671363887934 0.049922735040838072 -0.060718197024920408 -0.099734484461637643 -0.011493630553490314 0.038531247836848102 -0.051523573696613312 0.030526565024514257 -0.035007286868989469 -0.035517061129212379 -0.022402119932517617 -0.14139111265540125 -0.066072665361894503 -0.051652248068289323 0.022738943204352383 0.030040139738303513 -0.041100403107702736 0.09665088220076129 0.014287246944492356 0.053267386380363914 0.0043502282689918178 -0.020278503631384632 0.12352441705086015 -0.11020280877473179 0.0044886206058056466 -0.0021906332964696904 -0.02736234915123344 -0.00064671782174296967
leaf_weight=22 32 20 399 22 34 26 751 24 44 162 100 20 73 22 36 66 434 67 32 22 136 34 22 267 22 27 7130 791 242 18854
leaf_count=22 32 20 399 22 34 26 751 24 44 162 100 20 73 22 36 66 434 67 32 22 136 34 22 267 22 27 7130 791 242 18854
internal_value=-0.000213351 -0.00991623 -0.0119904 -0.150123 0.036675 -0.00868468 -0.0187008 -0.0196495 0.00166803 0.00452569 -0.00188548 -0.0162679 -0.0474461 -0.0909749 0.000435791 0.000146941 0.0143894 -0.0124529 0.00704522 0.00406098 0.0257556 0.000271618 -0.000936977 -0.000771946 0.0639373 -0.0545443 0.00310607 -0.00613251 -0.00808759 -0.00092085
internal_weight=29933 1877 1797 42 80 1755 892 58 863 819 657 866 115 42 28056 27487 569 135 99 557 158 27421 19224 19165 44 59 8197 1067 1033 19121
internal_count=29933 1877 1797 42 80 1755 892 58 863 819 657 866 115 42 28056 27487 569 135 99 557 158 27421 19224 19165 44 59 8197 1067 1033 19121
is_linear=0
shrinkage=0.05


Tree=99
num_leaves=31
num_cat=0
split_feature=165 87 0 33 286 9 64 57 62 5 210 85 104 189 119 298 26 241 205 84 24 19 210 163 286 28 298 25 48 212
split_gain=69.4633 78.4889 77.5248 206.778 498.216 151.772 92.8379 56.2896 53.345 55.022 71.6674 52.9644 51.4749 61.5617 41.228 64.2078 91.6072 66.2517 55.7621 49.9083 48.7828 49.3797 46.3255 76.4918 46.8593 54.6588 52.0217 47.1042 49.0089 46.4052
threshold=-5.7663235664367667 0.88664883375167858 4.8222994804382333 -11.664800167083738 -30.193594932556149 -0.63886272907257069 -2.3762689828872676 1.8247057795524599 2.6709669828414921 2.0284768342971806 -16.842352867126461 -7.9035294055938712 -3.4444674253463741 -4.9295620918273917 -1.8222221732139585 0.17165967822074893 3.0500909090042119 -0.59564706683158863 1.0255064964294436 1.9648652076721194 4.3929324150085458 0.29635713994503027 -9.3777279853820783 -4.8244442939758292 6.4462943077087411 7.6065447330474862 -1.0000000180025095e-35 7.9473640918731698 1.825105667114258 3.6590664386749272
decision_type=2 2 2 2 2 2 2 2 2 2 2 2 2 2 2 2 2 2 2 2 2 2 2 2 2 2 2 2 2 2
left_child=1 2 3 4 -1 -4 -7 8 9 -5 -11 -2 -3 -14 15 17 -17 20 -18 -19 -13 -22 23 -16 25 -24 -26 28 -28 -30
right_child=11 12 5 7 -6 6 -8 -9 -10 10 -12 14 13 -15 22 16 18 19 -20 -21 21 -23 24 -25 26 -27 27 -29 29 -31
leaf_value=-0.28211570408033287 0.039716812067253644 0.00085403648101621196 0.14705627062357962 -0.0065205654784043169 0.01745182582310268 -0.06820625928895814 0.05646152097033337 -0.068727786567594332 -0.084178315422364647 0.11056022644042969 0.010899964701789229 -0.0022661581523468408 -0.13752572644088004 -0.032610552751555527 -0.014734280739839262 -0.013676500716135263 -0.14889974551541466 0.017028236922444217 -0.032243779972195623 -0.047013216617051518 -0.10196904399940238 -0.019229529152624311 0.0012919997182288289 0.10337206595416726 0.095144745726138361 -0.052134013672669732 -0.0081029874795093774 -0.024896574188286152 0.090426637924143252 0.0231775025964952
leaf_weight=23 86 27 24 2114 35 28 32 35 21 20 184 7209 27 29 26 418 21 617 20 32 22 100 18158 29 20 48 123 71 28 306
leaf_count=23 86 27 24 2114 35 28 32 35 21 20 184 7209 27 29 26 418 21 617 20 32 22 100 18158 29 20 48 123 71 28 306
internal_value=-0.000202683 -0.00801394 -0.00643577 -0.00806692 -0.101342 0.0407898 -0.00171678 -0.00578808 -0.00484627 -0.00412756 0.0206706 0.000540035 -0.0558535 -0.0831947 0.000416386 -0.00248721 -0.0206722 -0.00144123 -0.0919944 0.0138706 -0.00279675 -0.0341498 0.00171914 0.04754 0.00158476 0.00115114 0.0159906 0.0129923 0.0188788 0.0288152
internal_weight=29933 2599 2516 2432 58 84 60 2374 2339 2318 204 27334 83 56 27248 8439 459 7980 41 649 7331 122 18809 55 18754 18206 548 528 457 334
internal_count=29933 2599 2516 2432 58 84 60 2374 2339 2318 204 27334 83 56 27248 8439 459 7980 41 649 7331 122 18809 55 18754 18206 548 528 457 334
is_linear=0
shrinkage=0.05


Tree=100
num_leaves=31
num_cat=0
split_feature=189 8 62 51 284 298 184 117 31 46 273 68 188 105 138 194 29 244 16 74 182 223 288 101 60 171 16 39 95 8
split_gain=75.9868 362.303 722.418 76.8377 57.1084 57.5949 81.2403 53.4258 48.379 55.1479 49.8164 42.0398 53.0721 57.4323 50.1293 56.871 52.0845 48.552 44.2412 48.7353 50.2874 45.2546 48.1156 43.597 41.3403 56.6723 41.0316 66.865 89.1306 40.2638
threshold=-18.283071517944332 -1.7056550979614256 -9.447535037994383 -6.1793763637542716 -2.7332781553268428 -8.8067255020141584 -3.5723338127136226 -13.33890390396118 1.5526148080825808 4.0563788414001474 -3.4411486387252803 -2.1868627071380611 -11.797306060791014 -6.4679412841796866 0.31098037958145147 -1.9486274123191831 -2.5681807994842525 -15.127157211303709 -2.0252325534820552 -4.2356522083282462 -8.5861668586730939 -2.5371063947677608 -5.4443247318267813 -4.5219590663909903 -3.1226961612701412 -3.808007955551147 1.6054901480674746 -1.6238235831260679 -2.3261246681213374 -0.21269305050373075
decision_type=2 2 2 2 2 2 2 2 2 2 2 2 2 2 2 2 2 2 2 2 2 2 2 2 2 2 2 2 2 2
left_child=1 -1 -3 -4 7 6 -6 29 9 11 -11 14 -13 23 15 26 -17 -15 -19 -20 -21 -22 -23 -14 25 -7 -9 28 -28 -2
right_child=4 2 3 -5 5 24 -8 8 -10 10 -12 12 13 17 -16 16 -18 18 19 20 21 22 -24 -25 -26 -27 27 -29 -30 -31
leaf_value=0.092531055667334133 0.0091716151788002916 -0.34302564100785693 0.063321016404939742 -0.052467703780061326 0.0045882372125502563 -0.028017020059319643 0.13384257778525352 -0.002633987900778967 -0.010707060276537903 0.10095741023495793 -0.0049137230450287464 -0.064914336319892643 0.019453044007806217 0.058937029689550405 0.041626537130637603 0.0084677191859199898 -0.031408796121957162 -0.012312050435472939 0.031701271374174576 -0.048528790495430046 0.0035333386313741756 -0.029414983834680275 -0.0026960891862974554 0.09456609922647477 0.0015550671699377037 0.021807074434577658 -0.027547528897625729 0.0015322978315608843 -0.12902224487969999 0.089944299765759045
leaf_weight=36 36 22 23 38 31 65 20 3212 1548 25 20 31 85 35 55 105 372 680 127 52 5136 181 2439 25 14655 468 109 140 27 27
leaf_count=36 36 22 23 38 31 65 20 3212 1548 25 20 31 85 35 55 105 372 680 127 52 5136 181 2439 25 14655 468 109 140 27 27
internal_value=-6.51005e-05 -0.0399398 -0.097397 -0.00880966 9.46345e-05 0.00223067 0.0552762 -0.00215539 -0.00235634 -0.00135082 0.0539036 -0.00154491 0.000391973 0.00062308 -0.00578051 -0.00643811 -0.0226309 0.000166534 -7.22317e-05 0.000976675 0.000476928 0.000805487 -0.00454194 0.0365242 0.00205255 0.015731 -0.00422366 -0.0227238 -0.0476932 0.0437885
internal_weight=29825 119 83 61 29706 15239 51 14467 14404 12856 45 12811 8791 8760 4020 3965 477 8650 8615 7935 7808 7756 2620 110 15188 533 3488 276 136 63
internal_count=29825 119 83 61 29706 15239 51 14467 14404 12856 45 12811 8791 8760 4020 3965 477 8650 8615 7935 7808 7756 2620 110 15188 533 3488 276 136 63
is_linear=0
shrinkage=0.05


Tree=101
num_leaves=31
num_cat=0
split_feature=189 8 62 51 234 245 298 110 76 87 150 8 200 258 230 26 299 62 195 56 262 253 30 20 175 60 166 42 143 132
split_gain=68.578 326.978 651.983 69.346 53.8087 68.1185 54.5498 50.8597 48.8909 48.3358 75.8289 62.8042 61.7616 56.836 52.4545 47.6215 48.0306 45.2124 55.7014 51.8267 46.5152 42.4434 41.7502 48.3926 41.4511 40.6137 55.8203 46.987 40.5483 49.7449
threshold=-18.283071517944332 -1.7056550979614256 -9.447535037994383 -6.1793763637542716 -0.70407438278198231 4.9558823108673105 3.7063556909561162 7.1176469326019296 -5.5164506435394278 2.2814220190048222 -4.1878950595855704 -1.6093463897705076 2.4433755874633794 -24.245620727539059 3.9498717784881596 2.0032352209091191 3.1288177967071538 -2.2466030120849605 -1.7633039355278013 -4.4263939857482901 -2.8485434055328365 -3.1227663755416866 -0.20823530107736585 4.650379180908204 -4.8216149806976309 -3.325257301330566 1.7206723093986513 -2.1515635251998897 -2.0466299057006831 -5.0004181861877433
decision_type=2 2 2 2 2 2 2 2 2 2 2 2 2 2 2 2 2 2 2 2 2 2 2 2 2 2 2 2 2 2
left_child=1 -1 -3 -4 5 6 7 9 -6 12 -11 -12 13 -2 17 16 -8 18 -15 -20 -21 -14 23 -10 -24 26 -26 -27 -19 -30
right_child=4 2 3 -5 8 -7 15 -9 22 10 11 -13 21 14 -16 -17 -18 28 19 20 -22 -23 24 -25 25 27 -28 -29 29 -31
leaf_value=0.087904500216245657 0.061048913646388703 -0.32587434595281428 0.060154991823693986 -0.049844335960714442 0.064172789544770223 -0.091272753760928207 -0.072823234744693918 0.078667348921298993 0.0074576009052004649 -0.093348347472733462 -0.055798599175245003 -0.0053338673798968969 0.1032268411666155 -0.0033498046234481695 0.07800387512626393 -0.11031903445720673 0.02469169412340437 0.0032067685703932335 0.048873550272904909 -0.037761637348465736 -0.0084332301238780171 0.022179769848783813 -0.071171562485396869 0.077323059082031256 0.011667262226343155 -0.022241371728244936 0.092686091087482603 0.0012418437181215775 -0.035072149328646322 -0.0015397874718287279
leaf_weight=36 37 22 23 38 33 21 23 20 2886 29 69 579 20 4053 21 20 28 6592 26 276 265 84 20 25 100 222 27 5261 112 8857
leaf_count=36 37 22 23 38 33 21 23 20 2886 29 69 579 20 4053 21 20 28 6592 26 276 265 84 20 25 100 222 27 5261 112 8857
internal_value=-6.18455e-05 -0.0379428 -0.0925272 -0.00836918 8.99028e-05 -0.00126558 -0.00117605 -0.00102841 0.00343072 -0.00110423 -0.0142474 -0.0107074 -0.000666838 -0.000864328 -0.000977722 -0.0449288 -0.0192856 -0.00105991 -0.00540326 -0.0200817 -0.0233956 0.0377657 0.00319603 0.00805761 0.00068234 0.000938504 0.0288917 0.000291037 0.000229615 -0.00195852
internal_weight=29825 119 83 61 29706 21132 21111 21040 8574 21020 677 648 20343 20239 20202 71 51 20181 4620 567 541 104 8541 2911 5630 5610 127 5483 15561 8969
internal_count=29825 119 83 61 29706 21132 21111 21040 8574 21020 677 648 20343 20239 20202 71 51 20181 4620 567 541 104 8541 2911 5630 5610 127 5483 15561 8969
is_linear=0
shrinkage=0.05


Tree=102
num_leaves=31
num_cat=0
split_feature=189 8 60 284 298 184 117 54 298 190 277 21 106 253 292 48 74 212 299 257 64 16 34 77 0 282 7 41 176 298
split_gain=61.8917 295.098 592.26 49.4234 52.2897 72.6326 47.4852 45.8159 44.9435 58.0142 45.9577 43.691 51.0197 48.0864 63.0966 47.0585 45.8856 42.1693 51.8249 41.1734 39.3942 46.0727 45.0676 45.1381 44.4087 44.1603 45.0271 39.3427 43.6462 39.2225
threshold=-18.283071517944332 -1.7056550979614256 -9.3169755935668928 -2.7332781553268428 -8.8067255020141584 -3.5723338127136226 -13.33890390396118 -4.8114264011383048 -0.94035291671752919 -5.8249454498291007 2.7850408554077153 -0.24499871581792829 -5.6123194694519034 -5.6512150764465323 -6.0334959030151358 3.4920394420623784 -4.5846083164215079 1.4644966125488283 -5.7290277481079093 -6.9413728713989249 -1.3858513832092283 4.9293501377105722 -1.3902088999748228 2.4431785345077519 -0.34657841920852656 -17.607088088989254 -1.1697033643722532 3.118333220481873 -3.3634345531463619 -3.4564706087112422
decision_type=2 2 2 2 2 2 2 2 2 2 2 2 2 2 2 2 2 2 2 2 2 2 2 2 2 2 2 2 2 2
left_child=1 -1 -3 6 5 -5 -2 -4 17 -10 -11 13 -13 -6 -15 -16 -14 20 -19 -18 21 22 -8 25 -22 26 -24 -26 -29 -21
right_child=3 2 7 4 11 -7 8 -9 9 10 -12 12 16 14 15 -17 19 18 -20 29 24 -23 23 -25 27 -27 -28 28 -30 -31
leaf_value=0.083509274354825413 0.041306550162179129 -0.32495223999023443 0.020802439147463214 0.0046885171244221355 0.036613075851888985 0.12690366283059121 -0.00010782495160281505 -0.067000776529312134 -0.085547366848698375 -0.0089145322902869362 -0.077779011569917206 -0.076477051187645306 -0.060959234929853869 -0.041500073955142623 0.0043062112227892461 0.034253978573564277 -0.059494608460829185 -0.083408613281790167 -0.013017887327741909 0.0097286323182845975 -0.0050351882514985784 0.066529506185780393 -0.087031699585564004 -0.081703433536347903 0.0032684016231017288 -0.0069826994104216153 -0.017946694442978153 -0.0046856162736990626 0.078055248404475489 -0.0010168891425002874
leaf_weight=36 63 20 39 31 118 20 3096 24 27 784 25 22 31 74 6221 134 29 32 143 956 1983 23 34 21 5144 2950 77 28 37 7603
leaf_count=36 63 20 39 31 118 20 3096 24 27 784 25 22 31 74 6221 134 29 32 143 956 1983 23 34 21 5144 2950 77 28 37 7603
internal_value=-5.87532e-05 -0.0360457 -0.0879008 8.54076e-05 0.00207253 0.052616 -0.00200776 -0.0126464 -0.0021972 -0.0134489 -0.0110426 0.00190281 -0.000431479 0.0049837 0.00440317 0.00493768 -0.000237373 -0.00150393 -0.0258893 -1.81858e-05 -0.00118529 -0.00410569 -0.00436865 -0.00864883 0.00133269 -0.00814764 -0.0391079 0.00375686 0.042413 0.000183335
internal_weight=29825 119 83 29706 15239 51 14467 63 14404 836 809 15188 8641 6547 6429 6355 8619 13568 175 8588 13393 6201 6178 3082 7192 3061 111 5209 65 8559
internal_count=29825 119 83 29706 15239 51 14467 63 14404 836 809 15188 8641 6547 6429 6355 8619 13568 175 8588 13393 6201 6178 3082 7192 3061 111 5209 65 8559
is_linear=0
shrinkage=0.05


Tree=103
num_leaves=31
num_cat=0
split_feature=131 4 56 251 50 142 232 291 151 8 102 165 298 299 299 236 249 173 21 269 299 108 13 32 165 60 289 299 298 264
split_gain=54.4171 339.739 94.1129 87.2642 80.9962 55.9114 48.1138 71.344 54.7976 49.0767 46.2957 50.2722 44.7168 88.1807 63.512 69.5135 68.4381 56.5077 54.2954 53.8057 45.925 42.3558 46.4576 41.8988 53.3843 51.0939 41.7249 41.5146 64.5023 70.5125
threshold=-13.803133487701414 1.9271479249000552 -9.2350001335144025 -20.02182579040527 -9.5490894317626935 -14.43705892562866 -3.157549142837524 0.44176471233367925 -5.8598976135253897 6.113215684890748 -0.14934875071048734 -0.62784180045127858 -3.1628432273864742 -2.7355599403381343 -2.9117647409439082 -6.9425795078277579 1.5348038673400881 -3.1805914640426631 -0.31734317541122431 -3.2164951562881465 -0.7816573679447173 -0.13469187915325162 -0.59574231505393971 1.1221452951431277 -5.1968336105346671 -3.1946597099304195 -15.661613941192625 1.3861200213432314 3.4320466518402104 -0.34819723665714258
decision_type=2 2 2 2 2 2 2 2 2 2 2 2 2 2 2 2 2 2 2 2 2 2 2 2 2 2 2 2 2 2
left_child=1 4 3 -2 -1 -4 7 9 -8 10 11 -7 14 17 15 -10 20 -14 27 -20 -16 22 -9 24 -12 -26 -5 -15 -29 -30
right_child=2 -3 5 26 -6 6 8 21 12 -11 23 -13 13 18 16 -17 -18 -19 19 -21 -22 -23 -24 -25 25 -27 -28 28 29 -31
leaf_value=0.10246280488513766 0.14404028937930155 -0.1706746393306689 -0.064129818187040444 -0.024289730191230777 -0.009138182664497032 -0.0023557714830238332 0.029415637089983921 -0.057947702077411428 0.075444938558520691 0.052827606201171877 -0.049429424258611972 0.014559216745589488 -0.034866472291549544 0.0031288898659745006 0.021445270233541227 0.0025516213056410273 0.099973371682258755 -0.0068987485175183057 -0.016629714790652041 -0.00022902155362912723 -0.02778218138533143 -0.071327062140581973 0.027418974561185357 -0.024194423901336689 0.062951521611502095 -0.00305288792613639 0.073495525121688846 0.024782371410244221 -0.065176683052992221 0.0056811470369046392
leaf_weight=21 21 33 34 24 72 7656 173 30 33 40 59 466 199 4976 533 3677 26 1954 538 7096 52 59 34 444 31 541 20 592 39 352
leaf_count=21 21 33 34 24 72 7656 173 30 33 40 59 466 199 4976 533 3677 26 1954 538 7096 52 59 34 444 31 541 20 592 39 352
internal_value=-5.58156e-05 -0.0328452 8.32955e-05 0.0601816 0.016062 -4.85257e-05 2.50812e-05 -0.00293925 0.00139594 -0.00243552 -0.00267587 -0.00138527 0.00115438 -8.20598e-05 0.00566002 0.0032 0.0205973 -0.00948378 0.00140708 -0.00138485 0.0170695 -0.0407682 -0.0125967 -0.0124268 -0.00414652 0.000524274 0.0201581 0.00498379 0.0143734 -0.00138651
internal_weight=29825 126 29699 65 93 29634 29600 9360 20240 9237 9197 8122 20067 15746 4321 3710 611 2153 13593 7634 585 123 64 1075 631 572 44 5959 983 391
internal_count=29825 126 29699 65 93 29634 29600 9360 20240 9237 9197 8122 20067 15746 4321 3710 611 2153 13593 7634 585 123 64 1075 631 572 44 5959 983 391
is_linear=0
shrinkage=0.05


Tree=104
num_leaves=31
num_cat=0
split_feature=189 9 78 49 234 245 298 299 294 90 223 298 299 37 142 298 121 52 76 139 297 192 118 133 26 299 98 235 177 1
split_gain=51.6656 207.276 325.725 84.1096 44.5506 61.0548 49.5315 69.939 53.7975 59.6409 49.4423 48.7487 48.6931 46.3961 44.5427 44.3955 44.6908 51.9956 43.3671 43.2921 61.0852 46.7426 47.3203 43.2834 41.9901 42.6227 41.2759 40.9475 42.1286 39.1495
threshold=-18.283071517944332 -4.6367390155792227 -10.5469913482666 -7.7950932979583731 -0.70407438278198231 4.9558823108673105 -0.59411761164665211 -1.4140021204948423 1.5283659696578982 1.9814338088035586 2.5356404781341557 -1.5467810630798338 -0.61678430438041676 -2.6629803180694576 0.19287580996751788 3.7063556909561162 1.6027628779411318 3.8914917707443242 -5.5164506435394278 -4.2958302497863761 -3.0175707340240474 -1.9496569037437437 -1.7246840596199033 -11.662664890289305 1.8601960539817812 3.1288177967071538 -0.69433540105819691 -2.8195176124572749 -0.7589542269706725 0.6286228895187379
decision_type=2 2 2 2 2 2 2 2 2 2 2 2 2 2 2 2 2 2 2 2 2 2 2 2 2 2 2 2 2 2
left_child=1 -1 -3 -4 5 6 7 8 9 10 11 -2 13 -8 29 16 17 26 -6 -9 21 -21 -23 -5 25 -17 -14 28 -28 -10
right_child=4 2 3 23 18 -7 12 19 14 -11 -12 -13 15 -15 -16 24 -18 -19 -20 20 -22 22 -24 -25 -26 -27 27 -29 -30 -31
leaf_value=0.10961936996096658 -0.00030158505215865917 -0.20760904039655415 0.077892574809846432 0.0043352336883544923 0.060326396877115419 -0.086367420923142202 -0.073921528968371841 0.05973689318412826 0.058538749296632081 -0.01578553890475648 0.056927412204645783 -0.01240417858100961 0.0086659697255016543 -0.016861326344262222 0.10307197694977124 -0.069626215540549971 0.027365056689708463 -0.084171488210558892 0.0028975107663378073 -0.045087687415855657 0.011652755427972547 0.074355929158627987 -0.015454754240133546 -0.089670251806577062 -0.10326794013381005 0.023374297709337303 -0.011377499752811023 -0.0067656327441877736 -0.09212344314126919 -0.028293833948671823
leaf_weight=21 15896 28 21 25 33 21 38 42 27 692 37 878 456 570 21 22 124 20 8541 89 1414 20 55 24 20 28 35 572 30 25
leaf_count=21 15896 28 21 25 33 21 38 42 27 692 37 878 456 570 21 22 124 20 8541 89 1414 20 55 24 20 28 35 572 30 25
internal_value=-5.30248e-05 -0.0329328 -0.0634797 -0.00582802 7.86893e-05 -0.00115469 -0.00106992 -0.000304969 -0.00122124 -0.00139988 -0.000807718 -0.00093507 -0.00873784 -0.0204276 0.0416125 -0.00329992 -0.00110779 -0.00427997 0.00311855 0.00963596 0.00830247 -0.0205835 0.00849476 -0.0417083 -0.0420379 -0.0175459 -0.00281809 -0.011039 -0.0486449 0.0167923
internal_weight=29825 119 98 70 29706 21132 21111 19196 17576 17503 16811 16774 1915 608 73 1307 1237 1113 8574 1620 1578 164 75 49 70 50 1093 637 65 52
internal_count=29825 119 98 70 29706 21132 21111 19196 17576 17503 16811 16774 1915 608 73 1307 1237 1113 8574 1620 1578 164 75 49 70 50 1093 637 65 52
is_linear=0
shrinkage=0.05


Tree=105
num_leaves=31
num_cat=0
split_feature=68 8 5 7 22 2 30 43 119 117 296 18 4 58 121 70 73 284 298 223 10 8 12 61 174 87 252 22 21 146
split_gain=58.9681 93.7493 79.5845 109.154 86.7718 350.916 128.454 83.6968 61.5877 57.2043 65.5022 49.8656 42.1531 68.0448 50.6419 49.1321 46.8214 43.669 63.9877 56.1221 46.4661 42.8427 57.9951 42.6158 41.839 46.2159 40.9289 40.5414 40.3267 47.7
threshold=-2.2419297695159908 4.9153673648834237 3.9070256948471074 -0.54923921823501576 -7.1782352924346915 0.66673204302787792 -10.86642551422119 -11.057232379913328 2.0341539382934575 -13.33890390396118 -30.293823242187496 -2.8520840406417842 -0.51343137025833119 3.4054900407791142 -5.0921132564544669 3.7515758275985722 -1.4933332800865171 -3.7013133764266963 -7.9873633384704581 -1.9871943593025205 2.4775162935256962 4.9153673648834237 2.2511477470397954 3.526000022888184 0.76176470518112194 1.0769608616828921 4.7583823204040536 0.2611344605684281 -0.8642655313014983 -12.906960487365721
decision_type=2 2 2 2 2 2 2 2 2 2 2 2 2 2 2 2 2 2 2 2 2 2 2 2 2 2 2 2 2 2
left_child=1 2 4 -4 5 -1 -6 -8 9 10 -9 26 13 15 -14 16 -13 19 -19 -18 -21 -16 -23 -15 -17 -26 -2 -10 -11 -30
right_child=11 -3 3 -5 6 -7 7 8 27 28 -12 12 14 23 21 24 17 18 -20 20 -22 22 -24 -25 25 -27 -28 -29 29 -31
leaf_value=-0.17471581236882644 0.014735476088947095 -0.10523837545643683 0.12458732760235391 0.010660316527968176 0.10878930664062501 0.065942227946860457 -0.094300050001878008 0.11189172918146306 0.0080385806885632603 -0.001326841490889161 0.0058176927788313043 0.01080831960318558 -0.025336574421124761 -0.010437110850685521 -0.00070295938930702733 0.099155946908285844 0.0004196374540374121 0.091169017712984773 0.0036187106858073938 -0.020393091156276771 -0.099206885248422638 0.097039484977722176 0.012640692738454735 -0.061460704462868831 0.078355284032988415 -0.015985155384987595 -0.046709307176726209 0.08983767027301448 -0.081458352959674352 -0.0091537386973730411
leaf_weight=33 845 23 27 95 25 28 26 22 33 2900 43 1961 207 152 16107 24 647 21 3370 288 20 24 134 56 21 34 28 28 23 2762
leaf_count=33 845 23 27 95 25 28 26 22 33 2900 43 1961 207 152 16107 24 647 21 3370 288 20 24 134 56 21 34 28 28 23 2762
internal_value=-8.11538e-05 -0.00448364 -0.00410028 0.0358737 -0.00492366 -0.0642498 -0.00430631 -0.0047907 -0.00439021 -0.00492039 0.0417197 0.00103478 0.000590822 0.00396912 -0.000761561 0.00488578 0.00439494 0.0015011 0.0041609 -0.00794329 -0.0255109 -0.000448802 0.0254608 -0.0241742 0.0440723 0.0200357 0.0127647 0.0455857 -0.00545365 -0.00975087
internal_weight=30007 6068 6045 122 5923 61 5862 5837 5811 5750 65 23939 23066 6594 16472 6386 6307 4346 3391 955 308 16265 158 208 79 55 873 61 5685 2785
internal_count=30007 6068 6045 122 5923 61 5862 5837 5811 5750 65 23939 23066 6594 16472 6386 6307 4346 3391 955 308 16265 158 208 79 55 873 61 5685 2785
is_linear=0
shrinkage=0.05


Tree=106
num_leaves=31
num_cat=0
split_feature=119 9 65 0 66 21 14 298 299 299 183 21 74 7 242 152 258 50 2 40 30 81 160 185 63 17 270 36 89 287
split_gain=55.7702 57.7302 228.54 69.7246 358.32 111.017 262.359 55.8875 58.124 51.7598 50.593 49.7015 62.3246 60.156 50.5836 46.929 46.0255 44.9083 93.0491 44.8196 53.5464 54.3357 46.1811 44.0103 70.3475 43.2897 42.5454 42.0694 41.3485 42.8954
threshold=-0.68235293030738819 5.9897737503051767 -4.1450979709625235 3.9161064624786381 -6.6602988243103018 -6.8003075122833243 -3.4438214302062984 0.1127450577914715 -0.89608123898506153 0.17571635544300082 -5.5094141960144034 -1.3171666860580442 -4.8715009689331046 -1.7417287230491636 9.1826634407043475 -0.12470588460564612 2.148482203483582 -9.5490894317626935 1.8173389434814455 4.2815961837768564 -0.30933986604213709 -3.1366308927536006 -3.7884852886199947 -6.7377412319183341 -2.1347059011459346 2.5310233831405644 -4.9129674434661856 1.6356990337371828 0.87926301360130321 -10.849965095520018
decision_type=2 2 2 2 2 2 2 2 2 2 2 2 2 2 2 2 2 2 2 2 2 2 2 2 2 2 2 2 2 2
left_child=1 3 -3 5 -5 6 -1 8 16 -9 -10 13 -13 27 19 -4 17 18 -7 20 25 -22 -23 24 -6 -15 -12 -2 29 -19
right_child=11 2 15 4 23 7 -8 9 10 -11 26 12 -14 14 -16 -17 -18 28 -20 -21 21 22 -24 -25 -26 -27 -28 -29 -30 -31
leaf_value=-0.21769448226317764 0.020917811188674362 -0.19075310893356801 0.014328789098622048 0.17824946316805754 -0.087475753539512244 0.093639849977833894 0.004098716704174876 -0.027623409374306601 -0.066668927811440973 -0.0051621957422746008 0.064378074415632189 -0.070900616794824609 0.0012803269519378181 0.011559438613203297 -0.060910081421887433 -0.070488359317893087 0.045223164759003204 -0.0092220021728757311 -0.034184164367616177 0.064071312461580557 0.072979058596220878 -0.039557308315609892 -0.0015482578076533712 0.014909016606691 0.026546381708855434 0.071370878073597141 0.0098119927000407375 0.075307440084739122 -0.010642747688393031 -0.00032982629618220498
leaf_weight=20 108 20 73 33 31 35 40 372 21 826 37 30 9516 1254 27 21 52 1519 24 35 22 93 568 143 24 31 1035 53 1287 12657
leaf_count=20 108 20 73 33 31 35 40 372 21 826 37 30 9516 1254 27 21 52 1519 24 35 22 93 568 143 24 31 1035 53 1287 12657
internal_value=-7.70961e-05 -0.0018048 -0.0372747 -0.00158209 0.0257125 -0.00193383 -0.0698323 -0.00170579 -0.000956028 -0.0121368 0.0101897 0.00261227 0.00105349 0.00940378 0.00707057 -0.00461972 -0.00173825 -0.00189557 0.0416436 0.00798693 0.0069895 -0.00432313 -0.00689598 0.000289668 -0.0377206 0.0130024 0.0116953 0.0388225 -0.0020617 -0.00128265
internal_weight=30007 18270 114 18156 231 17925 60 17865 16667 1198 1093 11737 9546 2191 2030 94 15574 15522 59 2003 1968 683 661 198 55 1285 1072 161 15463 14176
internal_count=30007 18270 114 18156 231 17925 60 17865 16667 1198 1093 11737 9546 2191 2030 94 15574 15522 59 2003 1968 683 661 198 55 1285 1072 161 15463 14176
is_linear=0
shrinkage=0.05


Tree=107
num_leaves=31
num_cat=0
split_feature=284 60 9 262 23 297 75 298 31 69 9 4 250 36 205 50 298 299 159 158 100 16 9 77 4 13 22 58 19 77
split_gain=49.7091 59.9585 55.6891 62.7561 50.1829 53.1278 48.6862 46.575 44.024 50.5117 138.931 150.923 348.344 141.655 63.1276 59.6601 59.3989 64.4379 59.751 70.2635 46.788 54.4063 44.1027 43.8209 42.2419 42.1796 41.7226 41.1874 40.471 50.4374
threshold=-1.6553725004196165 -2.9324835538864131 3.7600718736648564 -0.82700979709625233 -0.51133987307548512 -4.8084313869476309 -1.0000000180025095e-35 -5.176194190979003 1.2477684617042544 -3.5569453239440914 5.5544748306274423 3.4018430709838872 -20.142156600952145 -11.687750339508055 -12.374547958374022 -9.5490894317626935 -3.5800000429153438 -3.5242744684219356 0.45852942764759069 -2.8880392313003536 -0.10937257111072539 4.3579308986663827 -4.2771668434143058 1.6129412055015566 -3.5086252689361568 -2.2533333301544185 -2.9939146041870113 -0.7334395945072173 -0.6582331359386443 -2.0498338937759395
decision_type=2 2 2 2 2 2 2 2 2 2 2 2 2 2 2 2 2 2 2 2 2 2 2 2 2 2 2 2 2 2
left_child=8 2 3 -2 24 6 -6 -8 9 10 11 13 -13 -1 -14 -15 18 -18 -11 -20 21 -10 -22 -5 -3 27 -24 -17 -19 -30
right_child=1 4 -4 23 5 -7 7 -9 20 16 -12 12 14 15 -16 25 17 28 19 -21 22 -23 26 -25 -26 -27 -28 -29 29 -31
leaf_value=-0.12146970203944617 0.010913057537080433 0.058718751027033882 -0.04161285052404684 0.039093439660013413 -0.0092758981131874346 0.0001878912490669405 -0.023840010302762192 -0.11527096129094179 -0.0029708632167362481 0.0029776895472909824 -0.13595608926954725 0.23967981636524202 -0.05743431861584003 0.045712139129638674 0.036842684873512818 -0.020777721190231909 -0.015270780876481156 0.0040034849221872509 0.11793127682060003 0.020155089711193491 -0.075083920955657968 0.076247637922113587 -0.078856259087721509 0.11267277573545774 0.0063660768499194656 -0.0060595434631190714 -0.012207474401897539 -0.088735605904366827 -0.01691445833637303 -0.0016388308329680808
leaf_weight=28 284 39 34 129 113 7317 30 26 1462 6192 21 20 26 50 56 314 884 2587 20 226 30 22 24 24 3201 1507 1087 24 636 3594
leaf_count=28 284 39 34 129 113 7317 30 26 1462 6192 21 20 26 50 56 314 884 2587 20 226 30 22 24 24 3201 1507 1087 24 636 3594
internal_value=-7.32413e-05 0.00256443 0.0200248 0.0248204 0.00179771 -0.00045226 -0.0281682 -0.0662901 -0.00164336 -0.000669206 -0.00801208 -0.00668525 0.0525833 -0.00982898 0.00694998 -0.00817941 0.000393353 -0.00256978 0.0039378 0.0281044 -0.00764973 -0.00179646 -0.0152626 0.0506353 0.00699625 -0.00963989 -0.0136472 -0.0256031 -0.000922772 -0.00393559
internal_weight=30007 11197 471 437 10726 7486 169 56 18810 16185 2046 2025 102 1923 82 1895 14139 7701 6438 246 2625 1484 1141 153 3240 1845 1111 338 6817 4230
internal_count=30007 11197 471 437 10726 7486 169 56 18810 16185 2046 2025 102 1923 82 1895 14139 7701 6438 246 2625 1484 1141 153 3240 1845 1111 338 6817 4230
is_linear=0
shrinkage=0.05


Tree=108
num_leaves=31
num_cat=0
split_feature=119 13 11 69 0 66 21 13 298 294 299 185 63 83 183 204 219 299 74 133 124 103 109 298 114 83 272 152 147 298
split_gain=48.623 70.8947 60.4236 135.055 68.8157 314.442 168.099 217.863 52.2127 73.9181 50.4464 47.5072 54.1345 46.5719 49.0627 54.2554 46.8244 45.4124 47.0659 54.1242 44.1421 41.6969 72.5472 40.9828 43.4726 41.5279 44.806 77.143 59.3272 56.449
threshold=-0.68235293030738819 4.8277368545532235 4.2197618484497079 -3.884526133537292 3.9161064624786381 -6.6602988243103018 -6.8003075122833243 -1.5695343017578123 0.1127450577914715 3.6894881725311284 0.17571635544300082 -6.7377412319183341 -2.1347059011459346 -0.19449320435523984 -7.0528290271759024 -7.5401625633239737 3.1421034336090092 -1.0386274456977842 -3.7253693342208858 -4.7635786533355704 0.024607843719422821 4.0441174507141122 2.1579282283782963 -1.1663684844970701 2.2180202007293706 1.5424693226814272 -5.0582351684570304 -0.092066057026386247 -3.2703517675399776 -4.9024827480316153
decision_type=2 2 2 2 2 2 2 2 2 2 2 2 2 2 2 2 2 2 2 2 2 2 2 2 2 2 2 2 2 2
left_child=1 2 4 -4 6 -6 7 -1 9 17 -10 12 -7 16 -15 -16 -2 23 -19 -20 -18 -12 -23 24 25 26 27 -8 -29 -28
right_child=13 -3 3 -5 5 11 8 -9 10 -11 21 -13 -14 14 15 -17 20 18 19 -21 -22 22 -24 -25 -26 -27 29 28 -30 -31
leaf_value=-0.16881118471569875 0.0051359819203916227 0.066540575027465826 -0.14640314332816914 -0.010640783723857669 0.16844909913612136 -0.083130782144144183 -0.0036606158800058272 0.023458812536241918 -0.027121533439330617 0.084974515318870555 -0.0022820410503280437 0.0166960885482175 0.018827039517624225 -0.076632691485186422 0.082141451388597492 -0.00033609297403618794 0.061909581468978403 0.061399297788739204 -0.073294729987780249 0.0076705387194443576 0.010247250021708133 -0.12249161458108576 0.0077158051340476333 -0.013387808497210732 0.038353141018634906 -0.015544382857240246 0.010366393163689524 -0.12375782120972872 -0.028648543947857326 -0.00049835310162759999
leaf_weight=34 4950 38 23 90 33 30 5207 26 369 25 787 140 23 21 20 6576 71 40 21 1208 99 20 23 729 69 503 1430 20 91 7291
leaf_count=34 4950 38 23 90 33 30 5207 26 369 25 787 140 23 21 20 6576 71 40 21 1208 99 20 23 729 69 503 1430 20 91 7291
internal_value=-6.95792e-05 -0.00168278 -0.00182498 -0.0382738 -0.00159766 0.0258202 -0.00194397 -0.0854942 -0.00166286 -0.000936489 -0.0117399 0.00143291 -0.0388849 0.00244156 -0.000328941 -8.60095e-05 0.0060221 -0.0010658 0.00802427 0.00628708 0.0318239 -0.00490161 -0.0528458 -0.00181778 -0.0012405 -0.00142837 -0.000922612 -0.00453986 -0.0457854 0.00128316
internal_weight=30007 18270 18232 113 18119 226 17893 60 17833 16634 1199 193 53 11737 6617 6596 5120 16609 1269 1229 170 830 43 15340 14611 14542 14039 5318 111 8721
internal_count=30007 18270 18232 113 18119 226 17893 60 17833 16634 1199 193 53 11737 6617 6596 5120 16609 1269 1229 170 830 43 15340 14611 14542 14039 5318 111 8721
is_linear=0
shrinkage=0.05


Tree=109
num_leaves=31
num_cat=0
split_feature=68 9 93 117 1 16 263 119 2 31 14 177 119 298 210 212 76 237 127 194 22 26 292 58 125 163 135 79 128 68
split_gain=47.0574 90.9387 150.074 59.2992 232.215 469.75 170.947 57.5888 56.3098 55.8188 62.5138 51.2062 40.406 68.791 62.3937 54.5661 52.3161 68.2343 46.1538 45.6661 42.4987 71.4005 49.3021 41.8613 51.2576 40.4771 37.6087 36.6475 36.3732 35.4214
threshold=-2.2419297695159908 5.9897737503051767 -2.8465687036514278 -13.33890390396118 3.3178594112396245 -2.9690837860107417 -25.210536003112789 0.97510734200477611 -0.83674553036689747 -2.1055006980895992 5.9039213657379159 -2.8664215803146358 -1.5032982826232908 0.1127450577914715 -6.8442201614379874 -5.9331398010253897 0.48099949955940252 -1.7176284193992613 -5.7122170925140372 0.57936432957649242 -0.46787582337856287 2.468308806419373 -9.4352450370788556 -0.81294116377830494 -1.5311822891235349 -3.000234723091125 -2.2500653266906734 1.3854099512100222 -2.0811764001846309 -1.766639709472656
decision_type=2 2 2 2 2 2 2 2 2 2 2 2 2 2 2 2 2 2 2 2 2 2 2 2 2 2 2 2 2 2
left_child=1 3 -3 4 5 -1 -7 -5 -8 10 -2 -9 13 19 23 -16 29 -18 -17 -11 21 26 -22 -14 -25 -26 -20 -13 -21 -15
right_child=9 2 -4 7 -6 6 8 11 -10 12 -12 27 14 16 15 18 17 -19 20 28 22 -23 -24 24 25 -27 -28 -29 -30 -31
leaf_value=-0.18118571604673681 0.006070821789002083 -0.16895922066813165 0.0042207246967430776 -0.0050151915392905701 0.1870054030418396 0.1874105453491211 0.075602856562251144 0.096744343709378011 -0.035458056688308717 -0.0026718377927069459 0.072298691007826071 0.0023955268906985425 -0.023040110334044413 -0.058673243762126993 -0.027170190698511544 0.073862110586328952 -0.12630837575087081 -0.031898971289200218 0.012510099430479597 0.06110198807740666 -0.05346441690556028 0.034493797658076836 -0.00040567998622094854 0.10087727337247797 -0.027870647685432976 0.065120609797537338 0.0015307459132278781 0.061950591283675749 0.0098087081893367314 -0.0055198816278328499
leaf_weight=26 3481 22 29 5717 20 21 21 21 25 5803 36 134 21 35 168 22 23 114 995 46 44 199 8821 36 22 25 3609 32 139 300
leaf_count=26 3481 22 29 5717 20 21 21 21 25 5803 36 134 21 35 168 22 23 114 995 46 44 199 8821 36 22 25 3609 32 139 300
internal_value=-6.61003e-05 -0.00399891 -0.0704843 -0.00343538 0.0324434 -0.000795684 0.0692064 -0.00412209 0.0152437 0.000930779 0.00674873 0.0231821 -7.11665e-05 -0.00334082 0.00144165 0.00115209 -0.0217184 -0.0477487 0.00149966 -0.00189221 0.00138318 0.00517099 -0.000669028 0.040025 0.0559812 0.0215928 0.00390356 0.013876 0.0225627 -0.0110732
internal_weight=30007 6068 51 6017 113 93 67 5904 46 23939 3517 187 20422 6460 13962 13858 472 137 13690 5988 13668 4803 8865 104 83 47 4604 166 185 335
internal_count=30007 6068 51 6017 113 93 67 5904 46 23939 3517 187 20422 6460 13962 13858 472 137 13690 5988 13668 4803 8865 104 83 47 4604 166 185 335
is_linear=0
shrinkage=0.05


Tree=110
num_leaves=31
num_cat=0
split_feature=299 298 298 294 297 145 298 14 299 299 298 299 298 237 296 189 298 299 231 283 213 159 32 263 299 298 299 298 8 92
split_gain=37.9866 109.762 97.4296 86.5869 59.4707 65.9258 57.9836 50.2616 46.3978 45.9183 66.2084 60.8145 54.9571 48.1863 46.5014 45.1361 43.7775 95.7027 55.6416 51.7983 69.9918 51.2092 43.1632 73.5737 43.1572 47.3931 53.882 44.2557 40.3299 46.6076
threshold=-1.7165294289588926 -1.9703711867332456 -1.0681104660034177 2.5960271358489995 -3.0175707340240474 -1.8253921866416929 -2.9617789983749385 -2.6496922969818111 -1.0386274456977842 -2.7082738876342769 -3.1333603858947749 -3.5242744684219356 -2.7867156267166133 -6.0697126388549796 -1.278692841529846 -0.7910817265510558 -4.4855294227600089 -4.9274725914001456 -6.7248477935791007 1.4154500961303713 1.4217810630798342 4.0269606113433847 -2.3808332681655879 -6.0180830955505362 -0.70320266485214222 0.34338822960853582 0.80107843875885021 0.87141656875610363 0.97700318694114696 2.7955920696258549
decision_type=2 2 2 2 2 2 2 2 2 2 2 2 2 2 2 2 2 2 2 2 2 2 2 2 2 2 2 2 2 2
left_child=1 3 4 9 5 -2 -6 -7 -8 10 11 16 14 -12 -11 -9 17 19 -19 20 -1 -18 -4 -24 27 -26 -27 -25 -3 -30
right_child=2 28 22 -5 6 7 8 15 -10 12 13 -13 -14 -15 -16 -17 21 18 -20 -21 -22 -23 23 24 25 26 -28 -29 29 -31
leaf_value=-0.0011389760867452868 0.025092354034616921 -0.0087041708393500433 0.012471257675534642 0.072780071017218798 0.068417257380982241 -0.095264187604188921 0.0078518499412051478 -0.021517071096592996 0.023324978629041416 0.012065575419978646 -0.074032211995550573 0.010132299434501892 0.0014729936010968025 -0.0080416784005619604 0.046576167424127728 0.034600078462002179 -0.0058540053647844273 0.07921688854694367 0.012357254194193069 0.056839056366956554 -0.048787222636672553 -0.08245780058205128 -0.090503771732682772 -0.0069826362601949675 0.007824720921357076 -0.011853662495117642 0.0012609375994358319 -0.05439076867392835 -0.032686989545958854 0.030539131851401183
leaf_weight=6474 120 1808 624 41 48 20 1494 244 717 679 28 1411 2001 2299 114 42 2617 32 1129 38 78 22 23 1416 1764 1034 3229 51 327 32
leaf_count=6474 120 1808 624 41 48 20 1494 244 717 679 28 1411 2001 2299 114 42 2617 32 1129 38 78 22 23 1416 1764 1034 3229 51 327 32
internal_value=0.000192231 -0.0011472 0.00255906 0.000206487 0.0108185 -0.00631728 0.0140499 -0.0186348 0.0128696 3.06494e-05 -0.00112762 0.000392314 0.0058875 -0.00883572 0.0170267 -0.0132761 -0.000930411 0.000963363 0.0142001 -0.00136863 -0.00170622 -0.00649261 -0.000164989 -0.00121395 -0.000939906 0.000932087 -0.00192004 -0.00863077 -0.0117437 -0.0270512
internal_weight=29956 19130 10826 16963 2685 426 2259 306 2211 16922 14128 11801 2794 2327 793 286 10390 7751 1161 6590 6552 2639 8141 7517 7494 6027 4263 1467 2167 359
internal_count=29956 19130 10826 16963 2685 426 2259 306 2211 16922 14128 11801 2794 2327 793 286 10390 7751 1161 6590 6552 2639 8141 7517 7494 6027 4263 1467 2167 359
is_linear=0
shrinkage=0.05


Tree=111
num_leaves=31
num_cat=0
split_feature=186 119 29 82 5 24 65 20 138 50 287 192 288 298 129 3 57 0 17 109 57 25 165 206 123 176 180 85 4 64
split_gain=36.1908 57.9099 48.7711 54.4287 39.3272 115.756 112.654 396.942 270.921 60.0162 54.7673 47.8938 40.8772 53.6212 42.3761 41.2066 42.2009 38.5566 38.2041 38.6265 37.893 38.5192 36.4669 36.0415 33.1384 32.3638 49.0886 42.1457 42.299 34.7756
threshold=0.26264004409313207 -3.5108793973922725 3.7818480730056767 -4.1819231510162345 0.51639404892921459 -7.6765561103820792 -10.334621429443358 -3.3715214729309078 -13.916834354400633 -9.5490894317626935 -24.819254875183102 -17.921796798706051 2.0385015010833745 3.7063556909561162 4.4846122264862069 4.1847898960113534 -5.2107367515563956 0.059729689732193954 4.9772548675537118 4.2712252140045175 1.0000000180025095e-35 4.1495177745819101 4.8315293788909921 -1.6975449323654173 0.81876483559608471 0.74833336472511303 -1.8786956667900083 4.7165727615356454 0.36288927495479589 2.0354657173156743
decision_type=2 2 2 2 2 2 2 2 2 2 2 2 2 2 2 2 2 2 2 2 2 2 2 2 2 2 2 2 2 2
left_child=2 23 4 -4 5 -1 7 -6 -8 -7 -11 -10 13 14 15 17 -17 -13 19 22 21 -19 -12 -2 -18 27 -27 28 -5 -30
right_child=1 -3 3 25 6 9 8 -9 11 10 18 12 -14 -15 -16 16 24 20 -20 -21 -22 -23 -24 -25 -26 26 -28 -29 29 -31
leaf_value=-0.091122985217306357 0.083299083014329284 0.003323523530905897 0.050749052732306371 -0.0042824220647482434 0.24639219596982001 0.07049989309804193 -0.17701819624219622 -0.05817909512830817 0.078223401024228048 -0.044120974063873296 -0.0011151170784344034 -0.0025344297521210481 0.024311272948274117 -0.06706876648323877 -0.047236605646998386 -0.024305765330791474 0.088632393965648648 0.0026578516829218854 -0.050720310822511327 -0.043786107896352719 0.012482451381547079 -0.0609170813113451 0.06644324809312821 0.015840226674283094 0.011141667929901318 -0.10655478796921672 -0.023498655310745197 0.032578233097280772 -0.023877887887302912 -0.08999723548238929
leaf_weight=36 36 5093 34 500 20 29 21 23 21 75 15817 2735 211 28 43 20 37 3281 39 53 1228 24 20 44 22 20 161 56 207 22
leaf_count=36 36 5093 34 500 20 29 21 23 21 75 15817 2735 211 28 43 20 37 3281 39 53 1228 24 20 44 22 20 161 56 207 22
internal_value=0.000182619 0.00398655 -0.000611383 -0.0114284 -0.000156561 -0.00156529 0.00277796 0.083482 0.00232557 -0.0013642 -0.00149442 0.00281789 0.00261032 0.00199306 0.00225472 0.00254438 0.0384608 0.00215399 -0.00129372 -0.00117241 0.00498276 0.00219619 -0.0010298 0.0461967 0.0597375 -0.0136168 -0.0326761 -0.00922228 -0.0124333 -0.03023
internal_weight=29956 5173 24783 1000 23783 16069 7714 43 7671 16033 16004 7650 7629 7418 7390 7347 79 7268 15929 15890 4533 3305 15837 80 59 966 181 785 729 229
internal_count=29956 5173 24783 1000 23783 16069 7714 43 7671 16033 16004 7650 7629 7418 7390 7347 79 7268 15929 15890 4533 3305 15837 80 59 966 181 785 729 229
is_linear=0
shrinkage=0.05


Tree=112
num_leaves=31
num_cat=0
split_feature=296 298 298 240 70 235 112 155 211 19 151 261 253 146 87 230 150 1 183 43 294 207 186 12 42 1 160 202 26 133
split_gain=33.6508 70.0238 63.1848 73.3359 62.4724 48.7783 43.9386 40.6838 66.0322 41.0362 36.4266 36.0098 35.4581 34.416 38.7396 49.4384 40.8861 36.7478 131.892 97.2864 445.249 100.932 62.7351 47.6915 34.292 35.6146 33.1607 42.9967 35.3927 32.6474
threshold=-1.1030513048171995 -1.6949020028114317 0.22813729196786883 -2.8342809677124019 -4.0619413852691642 3.3779935836791997 -4.4443044662475577 -4.0992431640624991 -5.2961163520812979 -2.9838012456893916 -2.5269804000854488 -3.4153593778610225 -5.3723599910736075 11.482909679412844 2.2117419242858891 3.9498717784881596 -4.249225139617919 3.794705986976624 -15.513467788696287 -11.057232379913328 -30.586206436157223 -14.519941329956053 -10.430119991302488 3.4585838317871098 -3.415163397789001 -2.9352666139602657 5.6522581577301034 2.6550139188766484 -3.5586622953414913 -13.488502979278563
decision_type=2 2 2 2 2 2 2 2 2 2 2 2 2 2 2 2 2 2 2 2 2 2 2 2 2 2 2 2 2 2
left_child=2 4 13 -4 -2 6 -6 9 -9 -3 -10 -5 -12 14 15 17 -16 19 -19 20 -1 -22 -20 -24 -8 -26 27 28 -27 -21
right_child=1 7 3 11 5 -7 24 8 10 -11 12 -13 -14 -15 16 -17 -18 18 22 29 21 -23 23 -25 25 26 -28 -29 -30 -31
leaf_value=-0.24398144808682531 0.090526339182486912 0.091845980286598211 -0.065556821004591065 -0.058311400017959793 -0.05218048680711676 0.089613336920738224 -0.029949053324273101 -0.080587039582431325 -0.013047923887736047 0.015986938867717983 0.043619147449731832 -0.0058370132037187314 0.0013673797238622524 0.065041632652282716 -0.065050671775551405 0.073120923405108243 -0.0090076263680269851 0.13825567563374838 -0.06731321680545807 0.032420005296405992 0.11140709207171487 -0.045539439022541046 0.023595505995208054 -0.050788148989280073 0.074354835972189906 0.064926287291511411 -0.047984533248977231 0.073040193617343915 0.010676037317217748 -0.00041570858369690172
leaf_weight=22 26 22 72 36 27 20 46 25 447 94 50 356 7204 20 34 23 760 21 25 76 21 20 211 24 24 31 22 30 996 19171
leaf_count=22 26 22 72 36 27 20 46 25 447 94 50 356 7204 20 34 23 760 21 25 76 21 20 211 24 24 31 22 30 996 19171
internal_value=0.000173488 0.00271772 -0.000930326 -0.0191752 0.0138507 0.0121838 0.010867 0.000982893 0.000541608 0.030374 0.000804978 -0.0106561 0.00165861 -0.000515914 -0.000580161 -0.000141858 -0.0114075 -0.000227869 0.0177234 -0.000489097 -0.0625211 0.0348478 0.0079881 0.0159989 0.0123485 0.0141125 0.0127726 0.0140371 0.0123136 -0.000286051
internal_weight=29956 9064 20892 464 1222 1196 1176 7842 7726 116 7701 392 7254 20428 20408 19614 794 19591 281 19310 63 41 260 235 1149 1103 1079 1057 1027 19247
internal_count=29956 9064 20892 464 1222 1196 1176 7842 7726 116 7701 392 7254 20428 20408 19614 794 19591 281 19310 63 41 260 235 1149 1103 1079 1057 1027 19247
is_linear=0
shrinkage=0.05


Tree=113
num_leaves=31
num_cat=0
split_feature=299 298 298 294 136 297 210 298 237 158 264 299 18 240 165 236 189 200 182 297 298 288 299 298 299 298 299 298 224 265
split_gain=32.5963 99.2766 86.9033 74.8256 53.948 61.4087 51.8906 51.8426 43.5678 47.3331 41.6224 40.9186 38.8843 40.1628 38.8785 61.5631 39.5042 38.6041 38.0162 54.7327 54.3271 39.9808 36.6298 58.0572 55.6171 54.3687 53.1469 47.7199 47.0998 47.6472
threshold=-1.7165294289588926 -1.9703711867332456 -1.0681104660034177 2.5960271358489995 -4.0601127147674552 -3.0175707340240474 -6.0015685558319083 -3.1044056415557857 3.3816221952438359 6.0500001907348642 -6.1720893383026114 -1.0386274456977842 -3.2110420465469356 -5.786078453063964 -2.8780783414840694 -1.3038234710693357 -0.7910817265510558 0.10715369880199434 1.935604512691498 0.46191050112247473 1.1009329557418825 -5.0466139316558829 -2.7082738876342769 -3.1333603858947749 -4.029597043991088 -4.4855294227600089 -4.9274725914001456 -3.9698365926742549 -5.9593248367309561 -5.3424830436706534
decision_type=2 2 2 2 2 2 2 2 2 2 2 2 2 2 2 2 2 2 2 2 2 2 2 2 2 2 2 2 2 2
left_child=1 3 4 8 -2 6 -6 -7 9 22 -9 -12 -4 -14 15 -8 -16 -5 20 -20 21 -3 23 24 25 26 -1 28 -26 -30
right_child=2 18 12 17 5 7 14 10 -10 -11 11 -13 13 -15 16 -17 -18 -19 19 -21 -22 -23 -24 -25 27 -27 -28 -29 29 -31
leaf_value=-0.0013236399476599218 0.051683344241035614 -0.052313241638757037 0.021338778938732896 0.11739155596820638 0.065945597263899716 0.074467057802460421 -0.020163414125832228 0.075463222712278372 0.064722356544091156 -0.059874887403213617 0.0057996780215007343 0.020593384894663877 -0.068232719058340247 -0.00058187376721944325 -0.013187210187155369 -0.1184922848828137 0.032328712968155746 0.020328510954000414 -0.0078196255224091665 0.095867691561579704 -0.088647445258886917 -0.010211906124847327 0.0053082777662932512 -0.008217666442223796 0.07489445918437207 -0.010250893290630421 0.011446233907293889 0.0022028505959721888 -0.02037901185039017 0.018119627179282803
leaf_weight=6577 76 58 204 20 22 33 78 25 26 33 1449 690 22 7915 232 20 60 21 35 20 23 2031 2782 2310 33 1472 930 1918 90 751
leaf_count=6577 76 58 204 20 22 33 78 25 26 33 1449 690 22 7915 232 20 60 21 35 20 23 2031 2782 2310 33 1472 930 1918 90 751
internal_value=0.000164814 -0.00107595 0.00235729 0.000211453 0.0101578 0.00894813 -0.00876577 0.01227 4.79935e-05 -5.15291e-05 0.0113215 0.0105718 -0.000215396 -0.00076939 -0.0129803 -0.0402305 -0.00383462 0.0676763 -0.0111536 0.0298849 -0.0122223 -0.0113808 6.5542e-05 -0.000970272 0.000451994 -0.00146452 0.000258348 0.00661544 0.0162989 0.0139997
internal_weight=29956 19130 10826 16963 2685 2609 412 2197 16922 16896 2164 2139 8141 7937 390 98 292 41 2167 55 2112 2089 16863 14081 11771 8979 7507 2792 874 841
internal_count=29956 19130 10826 16963 2685 2609 412 2197 16922 16896 2164 2139 8141 7937 390 98 292 41 2167 55 2112 2089 16863 14081 11771 8979 7507 2792 874 841
is_linear=0
shrinkage=0.05


Tree=114
num_leaves=31
num_cat=0
split_feature=186 119 70 87 100 16 208 127 14 4 264 119 3 16 289 21 122 106 293 156 83 186 17 13 43 295 219 215 298 240
split_gain=30.9931 51.7532 45.4913 51.7065 56.8558 42.6571 42.282 37.8406 314.176 1005.84 70.5239 69.1685 40.9861 50.243 37.4746 39.5533 42.2045 37.1629 37.0787 36.7596 35.7935 34.4021 33.5617 31.1186 30.9685 53.3121 54.3935 45.5309 30.3941 51.7025
threshold=0.26264004409313207 -3.5108793973922725 3.7515758275985722 1.3228715062141421 0.30584667623043066 4.9293501377105722 4.6236519813537607 -13.397440433502195 -4.5475687980651847 1.8885126709938052 -25.568750381469723 -13.486862659454344 4.1847898960113534 0.76307415962219249 -24.899260520935055 -1.869411766529083 -7.5296704769134513 -4.9484786987304679 -2.3951371908187862 -2.7194346189498897 -4.6282753944396964 -3.2294510602951045 0.7974509894847871 1.4817717075347903 -6.3707473278045645 -6.9108741283416739 -2.6475299596786495 -8.8667645454406721 0.87141656875610363 -2.8817024230957027
decision_type=2 2 2 2 2 2 2 2 2 2 2 2 2 2 2 2 2 2 2 2 2 2 2 2 2 2 2 2 2 2
left_child=2 18 5 21 -5 6 7 8 -1 10 -10 -9 14 -14 15 16 -13 19 -2 -3 -19 -4 -17 -8 -22 26 27 -26 -16 -30
right_child=1 17 3 4 -6 -7 23 11 9 -11 -12 12 13 -15 28 22 -18 20 -20 -21 24 -23 -24 -25 25 -27 -28 -29 29 -31
leaf_value=0.15280086040496826 0.080276264169731659 -0.0033619119047090928 0.041902172518894082 -0.11730461396649482 -0.027557326341047884 0.037770512332654986 -0.046783050806039859 0.072115915471857236 0.090702134912664253 -0.38164793506264688 -0.014190128243575663 0.043656729032388993 0.0067581320283832125 0.073420719820551761 6.8136546762633256e-05 -0.090303489750744231 -0.050853381873596282 0.056187909701839095 0.01200432634674186 -0.09022433762882083 -0.038153272238042622 -0.021428864765912298 -0.008676399136893451 0.0087792280233568616 0.080156987621670672 0.0028049995094537737 0.10789900650472746 -0.0083992360546154537 -0.04766918711073987 -0.0053518480563928853
leaf_weight=20 37 29 32 25 60 73 84 33 22 20 59 27 91 41 22790 34 21 32 43 21 45 65 20 36 21 4875 23 47 77 1153
leaf_count=20 37 29 32 25 60 73 84 33 22 20 59 27 91 41 22790 34 21 32 43 21 45 65 20 36 21 4875 23 47 77 1153
internal_value=0.000156573 0.00367676 -0.000578203 -0.0254839 -0.0539536 -0.000393949 -0.000507534 -0.000361974 -0.0282538 -0.0641062 0.0142991 -0.000223014 -0.000321439 0.0274639 -0.000473485 -0.030716 0.00230856 0.00304997 0.0435801 -0.0398441 0.00347525 -0.000536151 -0.0600712 -0.0301144 0.00313863 0.0035128 0.0414309 0.018949 -0.000345061 -0.00800098
internal_weight=29956 5173 24783 182 85 24601 24528 24408 121 101 81 24287 24254 132 24122 102 48 5093 80 50 5043 97 54 120 5011 4966 91 68 24020 1230
internal_count=29956 5173 24783 182 85 24601 24528 24408 121 101 81 24287 24254 132 24122 102 48 5093 80 50 5043 97 54 120 5011 4966 91 68 24020 1230
is_linear=0
shrinkage=0.05


Tree=115
num_leaves=31
num_cat=0
split_feature=12 65 142 38 10 133 286 287 3 33 158 21 160 148 146 94 9 24 11 134 45 109 85 43 28 16 52 40 215 154
split_gain=41.3554 138.738 108.554 107.698 338.159 50.9138 72.143 46.0501 43.8121 51.868 68.8186 41.3728 44.4944 55.7706 55.1117 54.5185 49.7744 56.7915 44.143 38.554 38.1986 41.1214 37.1482 36.975 49.2687 41.0646 40.9747 39.8319 36.8454 36.8312
threshold=-0.12876676768064496 -10.334621429443358 -14.43705892562866 -11.499999999999998 -0.48950664699077601 -13.488502979278563 -30.193594932556149 -24.819254875183102 2.2108218669891362 2.744948267936707 -1.0417090058326719 -1.1783506274223325 -1.7577081918716428 -2.4211064577102657 2.7422876358032231 -4.2888233661651602 -4.8479902744293204 1.2443681359291079 -5.1335213184356681 -6.0314629077911368 0.84584408998489391 -3.9017517566680904 1.2251009345054629 -5.8786273002624503 -4.5850346088409415 1.6448366641998293 1.8356208801269533 -5.0725581645965567 -4.8685922622680655 4.9702718257904062
decision_type=2 2 2 2 2 2 2 2 2 2 2 2 2 2 2 2 2 2 2 2 2 2 2 2 2 2 2 2 2 2
left_child=3 -2 -3 4 -1 6 -5 -7 -4 20 -11 18 14 22 16 -15 17 -13 -9 -17 21 -10 -14 25 27 -23 -26 -25 -22 -20
right_child=1 2 8 5 -6 7 -8 11 9 10 -12 12 13 15 -16 19 -18 -19 29 -21 28 23 -24 24 26 -27 -28 -29 -30 -31
leaf_value=0.055309486648310792 0.098936091242609811 -0.11161048525855655 0.0013568624186532079 0.12113776206970216 -0.21888687854463404 -0.046336387123977932 0.010245472301136364 -0.043722438812255862 0.036350100912338444 -0.091860243253409871 0.0015839645558948158 -0.022472229072960412 0.014011811649624263 -0.05637247061113948 -0.074338125850384434 0.067580324932932853 -0.0055829985178478363 -0.11644235409796239 0.0028014541558837032 -0.0019645944732948032 0.099614693745970734 0.014320614814226116 -0.040144104217038012 0.0089890968187579089 0.0099056677681373384 -0.065935951219619926 -0.037060644836830241 0.091909166810413209 0.028485005249824433 -0.063538217544555672
leaf_weight=23 37 21 11972 20 22 57 55 52 121 25 93 82 783 46 30 20 4580 20 5656 5589 20 28 33 28 272 37 56 30 203 21
leaf_count=23 37 21 11972 20 22 57 55 52 121 25 93 82 783 46 30 20 4580 20 5656 5589 20 28 33 28 272 37 56 30 203 21
internal_value=0.000122076 0.00225406 0.00197689 -0.00149267 -0.0787421 -0.00128871 0.0398167 -0.00147039 0.00216201 0.0127198 -0.0182135 -0.00131917 -0.00308924 -0.000397953 -0.0067852 -0.00216121 -0.00635235 -0.0408977 0.002136 -0.00171662 0.0173112 0.0104679 0.0118217 0.00352386 0.00939874 -0.0313639 0.00188703 0.0518788 0.0348643 0.00255605
internal_weight=30032 12943 12906 17089 45 17044 75 16969 12885 913 118 16912 11183 6471 4712 5655 4682 102 5729 5609 795 572 816 451 386 65 328 58 223 5677
internal_count=30032 12943 12906 17089 45 17044 75 16969 12885 913 118 16912 11183 6471 4712 5655 4682 102 5729 5609 795 572 816 451 386 65 328 58 223 5677
is_linear=0
shrinkage=0.05


Tree=116
num_leaves=31
num_cat=0
split_feature=280 13 45 127 7 43 18 110 112 112 81 100 20 281 198 287 188 146 239 177 0 7 6 113 203 28 215 7 133 1
split_gain=43.408 61.5712 60.4936 38.1992 300.736 757.534 169.694 109.578 79.5523 43.4019 79.5383 52.431 31.292 30.8855 55.8892 53.157 51.268 46.6786 48.9951 51.8909 42.6417 69.7876 42.6078 49.4678 39.318 41.9578 39.826 51.9507 43.0488 43.8761
threshold=14.056178569793703 2.7775714397430424 9.8251767158508319 -13.397440433502195 -0.65998890995979298 -11.057232379913328 -4.5671873092651358 -12.926575660705565 -12.818375110626219 -9.0343132019042951 -1.9120060205459593 -8.0254507064819318 4.2558169364929208 1.703921437263489 -3.1523463726043697 -3.0120588541030879 -4.5436148643493643 0.32992532849311834 2.9988235235214238 -1.5193529129028318 -3.5991647243499751 -0.31058822572231287 1.0136727690696719 -4.4195187091827384 -2.2341176271438594 2.5388234853744511 1.7092117071151736 -3.9942483901977535 2.4010405540466313 -0.59856972098350514
decision_type=2 2 2 2 2 2 2 2 2 2 2 2 2 2 2 2 2 2 2 2 2 2 2 2 2 2 2 2 2 2
left_child=2 -2 3 4 6 -6 -1 8 -5 10 -9 -11 -4 17 16 -16 -15 18 -13 -20 21 -19 23 -22 25 -17 -26 -28 -29 -30
right_child=1 -3 12 7 5 -7 -8 9 -10 11 -12 13 -14 14 15 24 -18 20 19 -21 22 -23 -24 -25 26 -27 27 28 29 -31
leaf_value=0.17800737917423248 0.013449500901724705 0.10823897322018941 -0.01539741039276123 0.14614217931574042 -0.34631522950671972 0.013736840968097873 -0.01001614115200937 -0.011711315527077645 0.01314961806587551 0.021667571932497159 -0.11458856098353863 0.00033653097453618789 -0.094507519721984873 -0.027649567524592085 -0.059588112024533936 -0.0080785136209565334 0.060364827817568606 0.095069237881236612 0.10672048773616552 0.017591481133869945 -0.057052224352225372 -0.026462083629199436 0.0029813153068119188 -0.007450933078102422 0.014103577593974107 -0.080466937388365092 -0.078707797341048713 -0.0021580565529330203 -0.0088830973356962203 0.02280492143698537
leaf_weight=20 93 21 25 22 21 48 30 310 23 284 20 21056 25 21 33 87 78 27 20 89 51 21 1131 3494 898 26 20 1486 150 402
leaf_count=20 93 21 25 22 21 48 30 310 23 284 20 21056 25 21 33 87 78 27 20 89 51 21 1131 3494 898 26 20 1486 150 402
internal_value=0.000115972 0.0309107 -1.36834e-06 9.06216e-05 -0.0281814 -0.0958442 0.0651933 0.000203714 0.0781682 8.56014e-05 -0.0179463 0.000288179 -0.0549525 7.94566e-05 0.00471276 0.00353247 0.0416951 -0.00049342 0.000509617 0.0339454 -0.00498734 0.0418993 -0.00546864 -0.00816452 0.00421119 -0.0247343 0.00531769 0.00148401 0.00227097 0.014194
internal_weight=30032 114 29918 29868 119 69 50 29749 45 29704 330 29374 50 29090 3201 3102 99 25889 21165 109 4724 48 4676 3545 3069 113 2956 2058 2038 552
internal_count=30032 114 29918 29868 119 69 50 29749 45 29704 330 29374 50 29090 3201 3102 99 25889 21165 109 4724 48 4676 3545 3069 113 2956 2058 2038 552
is_linear=0
shrinkage=0.05


Tree=117
num_leaves=31
num_cat=0
split_feature=66 121 79 81 185 13 14 145 146 11 30 2 252 32 275 99 21 13 64 276 45 91 205 24 64 148 65 282 20 13
split_gain=42.5903 47.0476 49.0423 42.9257 46.9814 42.7706 63.3932 54.9528 51.6451 51.635 59.8917 409.065 556.357 195.573 50.6161 48.0203 51.7599 44.5669 60.3704 40.751 39.2684 38.8077 36.4418 36.3433 34.1586 33.7235 48.7199 36.4216 37.7275 44.656
threshold=0.45322638750076299 -4.694607973098754 0.064347691833972945 -3.0052940845489498 1.2885212302207949 3.162148237228394 4.2882885932922372 -6.3893904685974112 0.46347343921661383 5.4040701389312753 -10.86642551422119 0.66673204302787792 -20.045685768127438 -11.055331230163572 5.3509802818298349 -0.40352939069271082 -2.310065388679504 -2.6887954473495479 -0.72104829549789418 13.486274242401125 9.8251767158508319 0.55815127491951 -2.8118550777435298 2.17774510383606 2.1202625036239628 3.0032954216003422 -2.4574153423309322 -0.65413394570350636 -1.321769058704376 -1.7456333041191099
decision_type=2 2 2 2 2 2 2 2 2 2 2 2 2 2 2 2 2 2 2 2 2 2 2 2 2 2 2 2 2 2
left_child=5 2 -2 4 -3 8 7 -7 9 10 11 -1 -13 -12 25 16 -9 18 21 20 -5 -10 -17 -8 -21 27 -27 28 29 -15
right_child=1 3 -4 19 -6 6 23 15 17 -11 13 12 -14 14 -16 22 -18 -19 -20 24 -22 -23 -24 -25 -26 26 -28 -29 -30 -31
leaf_value=-0.14981014560908079 -0.0046902158608039222 0.016851668121208523 -0.087955223609294211 0.0033318650479881953 0.084993554536124769 -0.067464794083075083 0.10915123909297918 -0.029117011437192558 -0.034143060454655261 -0.074965060275533929 -0.15645061492919923 0.32505998849868778 -0.0038481350781189071 -0.0064667533949124729 0.06716077349015645 -0.05736005443972178 0.061410952957967918 -0.0055967542266061234 -0.0072042387648252777 0.005410168824657318 -0.04462130346963572 -0.12815468887919965 0.0088217110664118078 0.0202241715695709 0.078502522995977694 -0.087572623853786641 -0.0091374885245978123 0.0059843460107121358 -0.0024177120715485061 0.0046802460457624076
leaf_weight=20 48 198 28 5964 29 22 27 20 21 23 20 20 36 1112 28 26 75 3554 64 31 43 23 104 20 33 26 83 2277 11378 4679
leaf_count=20 48 198 28 5964 29 22 27 20 21 23 20 20 36 1112 28 26 75 3554 64 31 43 23 104 20 33 26 83 2277 11378 4679
internal_value=0.000110174 0.00373775 -0.0353668 0.00420963 0.025557 -0.000867176 0.0180848 0.00795689 -0.00110566 -9.21771e-05 -4.66879e-06 0.0442956 0.113619 -0.000176419 -1.68171e-05 0.0153315 0.0423524 -0.0065583 -0.0382003 0.00341144 0.0029886 -0.0832855 -0.00441464 0.0713099 0.0430984 -0.000113006 -0.0278468 4.24493e-05 -0.000745581 0.00253978
internal_weight=30032 6374 76 6298 227 23658 294 247 23364 19702 19679 76 56 19603 19583 225 95 3662 108 6071 6007 44 130 47 64 19555 109 19446 17169 5791
internal_count=30032 6374 76 6298 227 23658 294 247 23364 19702 19679 76 56 19603 19583 225 95 3662 108 6071 6007 44 130 47 64 19555 109 19446 17169 5791
is_linear=0
shrinkage=0.05


Tree=118
num_leaves=31
num_cat=0
split_feature=66 187 13 4 30 2 246 35 23 146 281 296 9 128 62 98 172 78 274 203 88 276 3 40 161 219 203 210 214 61
split_gain=38.4377 61.1295 39.6974 70.6113 60.0938 394.73 490.511 121.528 49.9899 40.1418 42.2751 75.423 48.0284 39.2241 52.212 40.7658 41.9316 39.2663 37.2692 36.1103 45.4484 36.5138 39.5458 37.9892 34.8169 48.1531 46.6035 48.6869 34.1586 33.046
threshold=0.45322638750076299 -9.4717650413513166 4.8277368545532235 6.6163234710693368 -10.86642551422119 0.66673204302787792 -20.003582000732418 -11.784491539001463 2.0498285293579106 0.36327983438968664 -1.1965508460998533 2.924019575119019 2.4149554967880253 4.0105009078979501 -0.3398220539093017 -1.2070626020431516 -3.5958927869796748 2.1820343732833867 4.3101022243499765 -7.7548134326934806 -0.98780387639999379 13.486274242401125 -0.73814564943313588 10.685097694396974 2.4911941289901738 2.1721724271774296 1.682393014431 0.88417109847068798 1.1626259088516238 0.57125943899154674
decision_type=2 2 2 2 2 2 2 2 2 2 2 2 2 2 2 2 2 2 2 2 2 2 2 2 2 2 2 2 2 2
left_child=2 -2 3 4 5 -1 -7 -6 -4 18 11 12 -11 15 -15 17 -17 -12 24 20 -3 23 -23 29 25 -9 -27 -28 -20 -21
right_child=1 19 8 -5 7 6 -8 9 -10 10 13 -13 -14 14 -16 16 -18 -19 28 21 -22 22 -24 -25 -26 26 27 -29 -30 -31
leaf_value=-0.14231964793056248 -0.081615726170795308 0.010789025109261274 0.076615419073237323 -0.094833672046661377 -0.11844338828867132 0.31230971336364749 -0.0073618175834417356 -0.00010845400447930881 -0.0204551800375893 -0.016184549121079979 0.010341965949138859 -0.10732904956454324 0.011626581670464696 0.089443247793328573 -0.0025364956511313924 -0.060093983591479418 -0.0041873896426802594 0.08334603846073152 0.083917341887950914 0.007100659805425175 0.085372474628190198 -0.011532218981048337 0.070381085120323233 -0.055125919410160609 -0.020761893770254371 0.012206908154208759 0.12745007034391165 0.019661127775907519 0.008261013474013354 -0.00022934194972421007
leaf_weight=20 21 64 36 20 22 20 30 19016 21 965 233 21 185 27 36 34 2476 20 25 2924 30 23 41 28 201 171 20 22 37 3243
leaf_count=20 21 64 36 20 22 20 30 19016 21 965 233 21 185 27 36 34 2476 20 25 2924 30 23 41 28 201 171 20 22 37 3243
internal_value=0.000104665 0.00355086 -0.000823817 -0.000924472 -0.000844824 0.0454135 0.120507 -0.00098255 0.0408526 -0.000872535 -0.00543708 -0.0134253 -0.0117106 -0.00212701 0.0368834 -0.00301649 -0.00494469 0.016113 6.34628e-05 0.00383238 0.0345923 0.00337042 0.0409435 0.00298225 -6.00399e-05 0.000156356 0.0237978 0.0709892 0.0387676 0.00324608
internal_weight=30032 6374 23658 23601 23581 70 50 23511 57 23489 3997 1171 1150 2826 63 2763 2510 253 19492 6353 94 6259 64 6195 19430 19229 213 42 62 6167
internal_count=30032 6374 23658 23601 23581 70 50 23511 57 23489 3997 1171 1150 2826 63 2763 2510 253 19492 6353 94 6259 64 6195 19430 19229 213 42 62 6167
is_linear=0
shrinkage=0.05


Tree=119
num_leaves=31
num_cat=0
split_feature=189 7 29 29 90 47 263 81 62 66 13 102 30 298 107 60 272 85 118 280 187 40 17 99 204 14 79 121 179 184
split_gain=38.4302 184.046 469.787 223.067 41.7489 40.5532 50.7381 37.1809 36.0592 35.7098 37.7179 40.57 51.2507 44.9341 48.5956 34.9167 34.6034 46.2294 33.4639 33.2423 41.1588 38.5843 32.0304 31.6895 56.0366 34.8736 31.6685 41.3697 40.5225 44.3375
threshold=-18.283071517944332 -0.63292095065116871 -8.3407044410705549 -3.2747495174407955 -8.3694343566894513 -3.1867523193359371 -25.210536003112789 -9.0028967857360822 -0.80918955802917469 0.45322638750076299 3.162148237228394 2.2839705944061284 -0.45091503858566279 2.3901469707489018 -0.68500000238418568 2.9003893136978154 4.9358038902282724 0.36934967339038854 -4.1950979232788077 14.056178569793703 7.6565401554107675 10.685097694396974 4.9772548675537118 -0.40352939069271082 -2.51245105266571 3.539674043655396 -2.1912745237350459 -4.694607973098754 -4.4112718105316153 -2.5112156867980953
decision_type=2 2 2 2 2 2 2 2 2 2 2 2 2 2 2 2 2 2 2 2 2 2 2 2 2 2 2 2 2 2
left_child=1 3 -3 -1 5 6 -2 -4 18 10 11 15 13 14 -13 16 22 -18 -8 21 -21 26 -6 -12 -25 -26 28 -28 -11 -30
right_child=4 2 7 -5 9 -7 8 -9 -10 19 23 12 -14 -15 -16 -17 17 -19 -20 20 -22 -23 -24 24 25 -27 27 -29 29 -31
leaf_value=0.17615325331687928 0.081711125114689698 -0.2635889286580293 0.059164755684988836 -0.054567006162621758 -0.00058398139634758183 0.056580239313620107 0.005650357776925765 -0.027002295995912248 0.060132500863875504 0.055161666832923485 0.03536139451038952 -0.088322769105434421 -0.0067413913155577269 -0.098147250877486339 -0.0048393887483851161 -0.026126091546420732 0.063595817911875796 -0.0023684500275051286 -0.048513098063995133 0.010526427756185118 0.092445102463597842 -0.060338274637858069 -0.04652932223520781 -0.044404557675285186 0.0060467561279587889 0.073225991733372214 -0.042135082185268402 0.002661305424152759 -0.01952911041891919 0.021481184095605066
leaf_weight=20 23 23 21 22 21561 54 262 31 27 59 130 23 921 27 72 134 49 58 32 46 23 24 38 46 85 25 52 5814 91 239
leaf_count=20 23 23 21 22 21561 54 262 31 27 59 130 23 921 27 72 134 49 58 32 46 23 24 38 46 85 25 52 5814 91 239
internal_value=9.94319e-05 -0.0285006 -0.0754288 0.0552998 0.000211289 0.0162971 0.00997357 0.00779594 0.0048335 -5.6082e-06 -0.000915925 -0.00114146 -0.0107753 -0.0412282 -0.0250512 -0.000681383 -0.000524303 0.0278395 -0.000244984 0.00331688 0.0378327 0.00293758 -0.000664815 0.0171294 0.00193599 0.0213148 0.00318037 0.0022642 0.0169959 0.0101723
internal_weight=30032 117 75 42 29915 398 344 52 321 29517 23169 22883 1043 122 95 21840 21706 107 294 6348 69 6279 21599 286 156 110 6255 5866 389 330
internal_count=30032 117 75 42 29915 398 344 52 321 29517 23169 22883 1043 122 95 21840 21706 107 294 6348 69 6279 21599 286 156 110 6255 5866 389 330
is_linear=0
shrinkage=0.05


Tree=120
num_leaves=31
num_cat=0
split_feature=285 7 124 51 188 281 35 290 180 156 21 198 136 233 67 298 299 299 298 294 298 267 89 267 299 298 264 299 298 298
split_gain=82.8934 207.286 496.255 133.006 49.533 43.0437 47.6446 51.2308 44.3583 41.8467 61.2156 41.2343 50.1015 39.9496 37.9572 37.7618 62.6202 50.0933 74.3917 47.0295 44.0924 43.6437 42.6528 41.1712 37.388 72.7942 45.0542 43.1343 61.7925 47.838
threshold=-30.614093780517575 -0.46421959996223444 -13.284317970275877 -7.620823621749877 -11.099114894866942 1.703921437263489 3.0215402841567998 12.606764793395998 -4.6756207942962638 -1.0530182123184202 -1.282677888870239 -2.6834759712219234 -3.8755882978439327 -2.4464706182479854 0.040406178683042533 0.52470871806144725 0.47605228424072271 -0.89608123898506153 -0.87377449870109547 4.2260293960571298 2.2619608640670781 3.1878044605255131 4.6909327507019052 5.6539585590362558 -2.3385754823684688 -2.5587813854217525 -5.539350986480712 -3.3778676986694331 -3.6482135057449336 -3.3670260906219478
decision_type=2 2 2 2 2 2 2 2 2 2 2 2 2 2 2 2 2 2 2 2 2 2 2 2 2 2 2 2 2 2
left_child=1 -1 -3 -4 -5 15 7 11 -8 -10 -11 -7 -13 14 -14 17 20 18 19 24 -17 22 -19 -18 25 27 -26 28 -2 -29
right_child=5 2 3 4 -6 6 8 -9 9 10 -12 12 13 -15 -16 16 23 21 -20 -21 -22 -23 -24 -25 26 -27 -28 29 -30 -31
leaf_value=0.093155278395051555 -0.00026819206832101822 -0.27665470786716628 0.086005762219429016 -0.11814095057547092 -0.01655660370985667 0.042990381064185179 -0.076932056024670611 0.068547321690453425 -0.059109164203607269 0.044040293272023336 -0.0033396816011211114 -0.061915091310556114 0.0031733757195373381 0.0089299756638589779 -0.090092453956604007 -0.018088171246332409 -0.00098034205394401607 0.0058345734092470451 -0.014414319357407708 0.072613658315756099 -0.081351310605632846 0.052720983296024565 -0.048205890566916078 -0.061100773153633908 0.028992733808167012 -0.010659258908479277 0.0024642883410458671 0.015135943923163191 -0.011049192112110057 0.00076141750336858284
leaf_weight=23 9399 23 24 20 30 83 20 36 31 73 1031 26 24 2056 20 548 1578 2775 1001 22 29 49 37 29 166 1980 4464 844 1548 1842
leaf_count=23 9399 23 24 20 30 83 20 36 31 73 1031 26 24 2056 20 548 1578 2775 1001 22 29 49 37 29 166 1980 4464 844 1548 1842
internal_value=-0.000326012 -0.0417989 -0.0737983 -0.0107484 -0.0571903 -0.000158507 0.00513564 0.00938105 -0.00311627 -0.00181555 -0.000206767 0.00841682 0.00706705 0.00792112 -0.0392202 -0.000842635 -0.00713847 -0.00027273 -0.00110838 -0.000451126 -0.0212678 0.00593871 0.00512351 -0.00206528 -0.000530533 -0.0017007 0.00341542 -0.000399591 -0.00179272 0.00527821
internal_weight=29831 120 97 74 50 29711 3400 2245 1155 1135 1104 2209 2126 2100 44 26311 2184 24127 21266 20265 577 2861 2812 1607 20243 15613 4630 13633 10947 2686
internal_count=29831 120 97 74 50 29711 3400 2245 1155 1135 1104 2209 2126 2100 44 26311 2184 24127 21266 20265 577 2861 2812 1607 20243 15613 4630 13633 10947 2686
is_linear=0
shrinkage=0.05


Tree=121
num_leaves=31
num_cat=0
split_feature=287 8 63 111 27 32 10 33 277 298 299 297 190 141 232 203 25 63 71 29 181 194 121 46 298 291 299 294 32 173
split_gain=78.9659 146.134 325.068 171.51 64.222 80.0641 40.3963 43.2906 45.281 63.156 66.476 51.341 51.5117 49.0356 46.488 46.4579 44.3216 42.3526 42.0705 55.9967 48.2315 47.2766 62.3429 38.9408 38.653 40.1047 45.3544 39.3293 38.6173 67.8298
threshold=-24.819254875183102 -1.8066255450248716 -9.2548127174377424 -12.869215488433836 -8.9968938827514631 -7.6166551113128653 -3.3901206254959102 -3.6219859123229976 -3.8894118070602413 -3.6482135057449336 -3.775185108184814 -2.9583865404129024 -6.3991301059722892 1.5880196094512942 2.1497254371643071 0.89333331584930431 1.5727666020393374 -0.16934639960527417 -4.710735321044921 1.6391140222549441 -8.9267358779907209 2.1325898170471196 1.1457236409187319 4.0563788414001474 -5.4401426315307608 1.0000000180025095e-35 -5.4308888912200919 -9.8086981773376447 -4.8359053134918204 -2.8607528209686275
decision_type=2 2 2 2 2 2 2 2 2 2 2 2 2 2 2 2 2 2 2 2 2 2 2 2 2 2 2 2 2 2
left_child=1 3 -3 -1 -4 -6 18 16 28 10 15 13 -13 -11 -12 24 23 -15 20 -20 -2 22 -21 -8 25 26 27 -10 29 -9
right_child=6 2 4 -5 5 -7 7 8 9 11 14 12 -14 17 -16 -17 -18 -19 19 21 -22 -23 -24 -25 -26 -27 -28 -29 -30 -31
leaf_value=0.16126440048217774 0.00020317951245094415 -0.21250072625967176 0.03565224570197028 -0.031917474170525865 -0.10244477813442548 -0.014883635530346318 0.0053051824965552876 -0.052415301208162596 0.069153609901497312 -0.0062171306579158212 0.018282831675734194 -0.060616113333141097 0.0009987928399191031 -0.08950501683760774 0.095495091527700429 -0.032987045856083141 0.043928783619776368 -0.01652444300800562 0.002140909375048408 -0.030237908236556716 -0.054510020442528298 -0.086515211031354719 0.048193103852681822 0.072291867976838897 -0.00034780195940654733 0.082251017292340606 0.032194008426881165 0.00072801198782117087 -0.0029574778467995333 0.0093686751404462709
leaf_weight=20 67 26 37 27 36 95 1567 105 22 1767 771 34 14675 33 20 85 82 50 642 163 101 29 30 22 1303 21 199 462 7263 77
leaf_count=20 67 26 37 27 36 95 1567 105 22 1767 771 34 14675 33 20 85 82 50 642 163 101 29 30 22 1303 21 199 462 7263 77
internal_value=-0.000309712 -0.0288146 -0.0479786 0.0502876 -0.0225168 -0.0389462 -7.75492e-05 0.000273642 -0.000211668 0.00105808 0.00788778 -0.000130999 0.000856369 -0.00798138 0.0202351 0.00321918 0.00808247 -0.0455408 -0.00979589 -0.00534429 -0.0326899 -0.0269907 -0.0180466 0.00623263 0.00475257 0.0141926 0.0121 0.00383827 -0.00352752 -0.0262759
internal_weight=29831 241 194 47 168 131 29590 28558 26887 19442 2883 16559 14709 1850 791 2092 1671 83 1032 864 168 222 193 1589 2007 704 683 484 7445 182
internal_count=29831 241 194 47 168 131 29590 28558 26887 19442 2883 16559 14709 1850 791 2092 1671 83 1032 864 168 222 193 1589 2007 704 683 484 7445 182
is_linear=0
shrinkage=0.05


Tree=122
num_leaves=31
num_cat=0
split_feature=287 8 63 56 71 73 51 30 289 298 299 299 298 299 73 283 298 299 298 106 83 209 112 222 92 17 48 299 298 298
split_gain=71.2667 131.886 293.374 155.334 58.5501 45.1892 47.0944 50.2514 38.5571 48.3785 58.874 52.5767 64.8053 58.8308 50.4706 60.2583 48.3047 52.7827 55.7035 47.1132 46.8747 45.9474 44.9274 52.8019 46.8911 44.3493 43.4802 43.2759 64.3198 41.1724
threshold=-24.819254875183102 -1.8066255450248716 -9.2548127174377424 -7.790672540664672 -8.246086120605467 -6.7621288299560538 -7.620823621749877 -8.6430416107177717 1.3012562990188601 0.59001019597053539 0.47605228424072271 -0.89608123898506153 -1.5467810630798338 -2.1340724229812618 -1.9939332604408262 2.4091086387634282 -2.5587813854217525 -3.3778676986694331 -3.6482135057449336 -0.12358192726969718 -0.3725284188985824 -5.0391497611999503 -0.3096842616796493 -2.6811587810516353 0.077495574951171889 0.31194771826267248 -2.1494210958480831 -4.2264986038207999 -4.9024827480316153 2.2619608640670781
decision_type=2 2 2 2 2 2 2 2 2 2 2 2 2 2 2 2 2 2 2 2 2 2 2 2 2 2 2 2 2 2
left_child=1 3 -3 -1 -4 -6 -7 -8 9 11 29 12 13 16 19 20 17 18 27 -14 -16 -20 -10 24 -24 -17 -25 -2 -29 -11
right_child=8 2 4 -5 5 6 7 -9 22 10 -12 -13 14 -15 15 25 -18 -19 21 -21 -22 -23 23 26 -26 -27 -28 28 -30 -31
leaf_value=0.14891522725423176 -0.0015060912532661981 -0.20187568664550781 0.052722835540771486 -0.0339184375336537 -0.099147038229487172 0.048869016170501711 -0.10398697398957753 -0.017301541385127277 0.016563069225595618 -0.019833515676451322 -0.0030316758653639326 0.0061473755619842196 -0.013056680643960978 0.007432384083150727 0.00019003684804039567 0.096353385960683227 -0.0077504362925257531 0.0060419174949649631 -0.038815302592377338 -0.048900055931164671 -0.01410760986706891 -0.0076651179337108542 -0.0058932537745152204 -0.034290148891312509 -0.1034393458203836 0.00014788640622535477 0.0040455616282260047 0.033479281557457788 0.0035632050330406265 -0.086919932812452319
leaf_weight=21 7860 26 23 26 22 20 21 82 662 486 1341 2920 311 2364 1254 25 2284 2941 129 130 1056 1438 28 76 22 23 2762 210 1244 24
leaf_count=21 7860 26 23 26 22 20 21 82 662 486 1341 2920 311 2364 1254 25 2284 2941 129 130 1056 1438 28 76 22 23 2762 210 1244 24
internal_value=-0.000294226 -0.0273739 -0.0455796 0.0477732 -0.021391 -0.0331469 -0.0213421 -0.0349753 -7.36718e-05 -0.000740085 -0.00853087 -0.000143915 -0.00100764 6.6769e-05 -0.00809744 -0.00519385 -0.00101434 9.87603e-05 -0.0015076 -0.0236228 -0.00634603 -0.0102295 0.00481461 0.00212158 -0.0488135 0.0502549 0.00301895 -4.02191e-05 0.00788396 -0.0229905
internal_weight=29831 241 194 47 168 145 123 103 29590 26040 1851 24189 21269 18470 2799 2358 16106 13822 10881 441 2310 1567 3550 2888 50 48 2838 9314 1454 510
internal_count=29831 241 194 47 168 145 123 103 29590 26040 1851 24189 21269 18470 2799 2358 16106 13822 10881 441 2310 1567 3550 2888 50 48 2838 9314 1454 510
is_linear=0
shrinkage=0.05


Tree=123
num_leaves=31
num_cat=0
split_feature=286 66 76 129 97 269 298 299 297 243 298 291 299 225 42 97 30 284 44 196 262 215 211 276 143 134 62 82 97 17
split_gain=65.1979 291.114 120.508 47.8979 37.0243 40.5126 51.2114 71.243 67.742 49.7849 52.3978 52.9334 47.9898 47.8848 47.3741 45.9074 41.8183 56.2193 55.3699 40.2203 40.6493 39.6536 41.4252 39.1685 38.8022 36.721 35.9461 63.8156 42.3185 40.3958
threshold=-30.193594932556149 -9.4345941543579084 -8.3750753402709943 -3.648726105690002 -13.540915012359617 -3.6673084497451778 -3.0767647027969356 -3.4080311059951778 -3.0705882310867305 -7.8056304454803458 -6.0003643035888663 -0.39150327444076533 -5.4308888912200919 -6.161289930343627 5.2468626499176034 -5.8775415420532218 -1.0416526794433592 -2.8169251680374141 2.7228236198425297 0.53743967413902294 -6.6755244731903067 -4.2055292129516593 -5.2961163520812979 3.7042214870452885 2.0372059345245366 1.7123529314994814 -2.2757843732833858 -2.787287592887878 1.6238768696784975 1.2989019751548769
decision_type=2 2 2 2 2 2 2 2 2 2 2 2 2 2 2 2 2 2 2 2 2 2 2 2 2 2 2 2 2 2
left_child=1 -1 -3 -4 -2 14 7 9 -8 -7 11 12 19 -10 26 -15 18 -18 21 20 -11 -17 -23 -9 -12 -5 27 -6 29 -28
right_child=4 2 3 25 5 6 8 23 13 10 24 -13 -14 15 -16 16 17 -19 -20 -21 -22 22 -24 -25 -26 -27 28 -29 -30 -31
leaf_value=-0.21119033813476565 0.036721667121438421 0.10420299144018264 -0.071052032826762451 0.055456261429935698 -0.0017998621455230165 -0.05936468001455069 -0.015708582935509859 0.014763324201297912 -0.074958899404321405 0.073219588988771053 0.00071518487947626298 0.097273101084865643 0.048980230841509723 0.064558541668312888 0.050840595946079349 0.023310094418726404 -0.010195195337442174 0.00031577717964280079 0.037839533749126623 -0.062482230141758924 0.0057810378640338229 -0.050861708861258292 0.0030554339571487741 0.083620552931513104 -0.031569605420545203 -0.038154438561336566 -0.001197434100457302 -0.015511711202888396 -0.019200232323974071 0.012609045705424286
leaf_weight=20 68 21 38 20 2232 33 675 1249 21 24 2296 20 81 28 41 245 1471 9411 124 20 324 36 3417 21 97 22 5524 1369 297 586
leaf_count=20 68 21 38 20 2232 33 675 1249 21 24 2296 20 81 28 41 245 1471 9411 124 20 324 36 3417 21 97 22 5524 1369 297 586
internal_value=-0.000279515 -0.0369074 -0.00239591 -0.0303781 -0.00013034 -0.00021488 0.00110892 0.00602875 -0.000219255 0.00169752 0.00240159 0.0176835 0.0141383 0.000489434 -0.00279596 0.000596983 0.000475185 -0.00110507 0.00497448 0.00646924 0.010432 0.00387246 0.00249331 0.0159019 -0.000593476 0.00642209 -0.00301569 -0.00701273 -0.000769189 0.000126723
internal_weight=29831 121 101 80 29710 29642 19593 4165 15428 2895 2862 469 449 14753 10049 14732 14704 10882 3822 368 348 3698 3453 1270 2393 42 10008 3601 6407 6110
internal_count=29831 121 101 80 29710 29642 19593 4165 15428 2895 2862 469 449 14753 10049 14732 14704 10882 3822 368 348 3698 3453 1270 2393 42 10008 3601 6407 6110
is_linear=0
shrinkage=0.05


Tree=124
num_leaves=31
num_cat=0
split_feature=287 8 66 146 70 29 10 34 115 76 1 236 8 33 269 298 244 275 243 231 194 25 297 224 148 296 74 187 297 174
split_gain=60.2389 118.992 451.999 147.833 78.5205 46.2313 36.3891 39.3645 42.5784 90.2401 45.6581 44.0029 39.9084 39.1624 40.7598 51.1032 57.7644 49.4117 46.6198 85.9963 39.9678 39.8358 39.0641 39.9366 41.3933 41.2695 41.5551 40.7775 47.2996 39.0577
threshold=-24.819254875183102 -1.8066255450248716 -9.4345941543579084 -15.520588397979735 -8.1299018859863263 -10.440084457397459 -3.3901206254959102 6.6343135833740243 -0.39503833651542658 0.84601303935050975 -2.0753194093704219 3.8276777267456059 -3.302936196327209 -3.6219859123229976 -3.6673084497451778 -3.2460794448852535 -0.61411765217781056 1.9428186416625979 1.5745064020156863 -1.7286927700042722 1.0182352662086489 1.5727666020393374 -3.0705882310867305 -5.7496666908264151 -2.0075980424880977 -1.9580014944076536 -4.8715009689331046 1.7542436718940737 3.0984706878662114 2.235262513160706
decision_type=2 2 2 2 2 2 2 2 2 2 2 2 2 2 2 2 2 2 2 2 2 2 2 2 2 2 2 2 2 2
left_child=1 3 -3 -1 -4 -6 7 8 9 10 -2 29 -12 21 18 16 -16 20 -15 -20 -18 -8 -17 -24 27 -26 -27 28 -25 -10
right_child=6 2 4 -5 5 -7 13 -9 11 -11 12 -13 -14 14 15 22 17 -19 19 -21 -22 -23 23 24 25 26 -28 -29 -30 -31
leaf_value=0.14488681611560641 -0.043887849538414569 -0.26150904155912852 0.077303909659385689 -0.033477495078337742 -0.087417390611436635 -0.015320500439228786 0.0059439964242111905 -0.052563112258911138 0.0093822878383385041 -0.080988870617812098 0.048714478182442053 -0.043186695286721893 -0.0070509608003502368 -0.0028183320992076002 0.0042711925666911689 -0.010625492369052634 0.025216683080652731 0.085261335632493426 -0.12856013661339169 0.00012903869809473262 -0.029020818440537707 0.041681639411452615 -0.054484937836726512 0.0063581944244260908 -0.0062503364788914651 -0.061025349464681411 0.0010946397823938746 0.044997504620409724 -0.04916633157393871 0.066355222256647223
leaf_weight=21 81 21 20 26 27 126 1589 50 183 46 34 33 569 8153 3123 842 320 31 21 34 38 82 33 2321 2564 27 9274 67 39 36
leaf_count=21 81 21 20 26 27 126 1589 50 183 46 34 33 569 8153 3123 842 320 31 21 34 38 82 33 2321 2564 27 9274 67 39 36
internal_value=-0.000265539 -0.0251621 -0.042455 0.0462172 -0.0158646 -0.0280435 -6.27657e-05 -0.00928651 -0.00708302 -0.0132001 -0.00864126 0.0106372 -0.00390664 0.000270553 -0.000191039 0.00109946 0.00653433 0.0247035 -0.00312783 -0.0490068 0.0194596 0.00769773 -0.000159017 0.000456185 0.000583043 -0.000633953 0.000914311 0.00653264 0.00544063 0.0187477
internal_weight=29831 241 194 47 173 153 29590 1032 982 730 684 252 603 28558 26887 18679 3512 389 8208 55 358 1671 15167 14325 14292 11865 9301 2427 2360 219
internal_count=29831 241 194 47 173 153 29590 1032 982 730 684 252 603 28558 26887 18679 3512 389 8208 55 358 1671 15167 14325 14292 11865 9301 2427 2360 219
is_linear=0
shrinkage=0.05


Tree=125
num_leaves=31
num_cat=0
split_feature=242 3 1 18 112 263 287 85 95 77 66 19 17 54 22 262 273 59 22 4 289 60 298 90 17 277 77 275 13 130
split_gain=64.6463 345.321 328.677 293.055 92.4668 42.3561 36.5533 29.581 45.7497 63.7553 31.8513 44.039 41.7318 38.8866 47.621 38.81 38.6029 38.4037 34.4856 35.3169 64.5719 49.3275 53.9391 43.0545 41.7355 39.5654 36.2553 34.8956 34.3533 35.8725
threshold=-23.437564849853512 3.0838234424591069 1.9795861244201662 -2.7769013643264766 -12.818375110626219 -25.210536003112789 -24.819254875183102 -7.9035294055938712 -6.4104654788970938 -5.1000063419342032 -1.8603037595748899 4.473771572113038 4.9772548675537118 1.5707253813743594 -0.55419155955314625 -16.256960868835446 5.659893512725831 -6.3647058010101309 1.1339037418365481 -0.62775734066963185 -13.022245883941649 -3.6394116878509517 -3.8926665782928462 5.0606126785278329 4.1161098480224618 -2.0750313997268672 -5.5345020294189444 5.7837700843811044 3.162148237228394 1.0954509377479555
decision_type=2 2 2 2 2 2 2 2 2 2 2 2 2 2 2 2 2 2 2 2 2 2 2 2 2 2 2 2 2 2
left_child=1 2 3 -1 -5 -2 -7 8 -8 -10 11 12 13 16 -15 -12 28 -17 19 20 -19 22 -22 24 -23 -24 -21 -28 29 -9
right_child=5 -3 -4 4 -6 6 7 10 9 -11 15 -13 -14 14 -16 17 -18 18 -20 26 21 23 25 -25 -26 -27 27 -29 -30 -31
leaf_value=-0.21371873833239077 0.059346491495768233 -0.2022036600112915 0.15068233917866436 0.092712874639601942 -0.046081636473536497 -0.030273421049118045 0.0022687620715219148 -0.0025257915031820376 0.11941022220112028 0.022658455388413535 0.051260929358632946 0.03998196670564555 -0.073774171443212605 -0.053486076167908063 -0.0072835235034718233 0.061419241244976344 0.058326413768988394 -0.06504358714446426 -0.0032123172236836954 -0.045988885047180315 0.094291994878740029 0.006364327242396251 -0.041917751003056766 -0.053184944006704517 -0.061186040516780775 0.05634640286720935 0.00026943820000588619 0.024765639078049434 0.027976213668783508 -0.025333332333524351
leaf_weight=20 30 25 28 21 28 100 245 6638 21 90 38 59 21 83 170 26 26 32 4647 42 33 3925 20 31 23 21 13215 147 90 177
leaf_count=20 30 25 28 21 28 100 245 6638 21 90 38 59 21 83 170 26 26 32 4647 42 33 3925 20 31 23 21 13215 147 90 177
internal_value=-0.00018275 -0.0365055 0.00620016 -0.0524303 0.0134017 -3.47912e-05 -9.43312e-05 6.87295e-06 0.0143335 0.0409628 -0.000166229 -0.00304016 -0.00339246 -0.00318672 -0.0224409 0.000774142 -0.00248389 0.000687575 0.000616242 0.00163353 0.00570358 0.00626216 0.0467102 0.00550992 0.0059708 0.00841267 0.000393139 0.000538929 -0.00271287 -0.00311815
internal_weight=30072 122 97 69 49 29950 29920 29820 356 111 29464 7264 7205 7184 253 22200 6931 22162 22136 17489 4085 4053 74 3979 3948 41 13404 13362 6905 6815
internal_count=30072 122 97 69 49 29950 29920 29820 356 111 29464 7264 7205 7184 253 22200 6931 22162 22136 17489 4085 4053 74 3979 3948 41 13404 13362 6905 6815
is_linear=0
shrinkage=0.05


Tree=126
num_leaves=31
num_cat=0
split_feature=189 4 124 52 168 7 9 119 92 58 44 26 273 156 167 293 131 209 57 181 91 236 100 47 104 50 13 71 176 298
split_gain=73.5021 183.971 339.088 71.3405 47.5809 34.9937 28.5515 52.9966 44.6788 52.3061 43.0379 42.4771 47.321 56.2375 57.3106 40.4585 34.7558 32.8519 32.36 50.5146 43.3808 41.2046 41.1451 39.7156 49.3643 47.8795 41.5733 35.638 30.413 30.6531
threshold=-18.283071517944332 1.8885126709938052 -13.284317970275877 -7.7432904243469229 -17.346542358398434 -0.10154061391949652 -4.0028433799743643 1.2020509839057925 0.74228748679161083 -7.6205577850341788 1.7913236021995547 -0.35962565243244166 -5.5694959163665763 -6.222745180130004 -5.2314314842224112 -4.4309198856353751 -1.5027352571487425 2.8965954780578618 3.3126798868179326 1.8258987665176394 -0.095194160938262926 8.2077941894531268 -0.10937257111072539 -2.9131928682327266 1.4945752024650576 -1.706754148006439 -0.19209314882755277 -0.50588777661323536 -2.8925133943557735 -1.3296078443527219
decision_type=2 2 2 2 2 2 2 2 2 2 2 2 2 2 2 2 2 2 2 2 2 2 2 2 2 2 2 2 2 2
left_child=1 3 -3 -1 -2 -5 7 8 9 -6 11 -11 13 -13 -15 -9 -12 -17 21 23 22 -8 -21 -20 25 -25 -26 -27 -10 -30
right_child=4 2 -4 5 6 -7 18 15 28 10 16 12 -14 14 -16 17 -18 -19 19 20 -22 -23 -24 24 26 27 -28 -29 29 -31
leaf_value=0.067265140393684655 0.060924077033996583 -0.2656142280215309 0.022055154908448459 -0.058984162446318406 -0.072693693226781389 0.022231824527538958 0.00050754263548075888 0.086638163707684734 -0.078361505720644237 0.00085718974119006858 0.077556895331612655 0.001399567819410755 -0.0092390994564286021 -0.14333465416794239 -0.041732340705181871 -0.0034934098265216791 -0.0087430486362427475 0.055349688496320486 -0.090483040995895866 0.0068308022597597705 -0.0030420748198213689 0.061192949329103741 0.10145038168411702 0.069974311631882488 -0.064810446758444107 -0.05152903603971936 -0.017352675710005306 0.0015502604128583182 0.0048181020429935951 -0.040548278786725581
leaf_weight=29 32 21 20 36 29 21 27601 20 31 574 28 31 203 23 35 101 20 31 20 27 526 28 20 21 78 40 113 151 58 104
leaf_count=29 32 21 20 36 29 21 27601 20 31 574 28 31 203 23 35 101 20 31 20 27 526 28 20 21 78 40 113 151 58 104
internal_value=-0.000173613 -0.0381312 -0.125288 0.00342009 -1.26305e-05 -0.0290625 -7.78187e-05 -0.00736013 -0.0110701 -0.00658413 -0.00448657 -0.00704094 -0.0225667 -0.0529656 -0.0820229 0.0203669 0.0415986 0.0103258 0.000249853 -0.00860445 0.00107035 0.000569043 0.0470945 -0.02171 -0.018297 -0.00168685 -0.0367333 -0.00956582 -0.0329885 -0.024306
internal_weight=30072 127 41 86 29945 57 29913 1288 1136 943 914 866 292 89 58 152 48 132 28625 996 573 27629 47 423 403 212 191 191 193 162
internal_count=30072 127 41 86 29945 57 29913 1288 1136 943 914 866 292 89 58 152 48 132 28625 996 573 27629 47 423 403 212 191 191 193 162
is_linear=0
shrinkage=0.05


Tree=127
num_leaves=31
num_cat=0
split_feature=293 44 127 57 269 7 279 85 91 4 23 96 12 200 235 292 291 49 146 65 62 219 148 258 157 86 80 16 222 79
split_gain=53.5203 178.547 524.609 115.366 58.3336 44.8242 28.4848 29.6188 48.2247 40.9901 39.7377 34.4626 31.2824 42.4415 55.4022 46.5261 53.7418 44.0968 41.9028 44.2274 39.3568 45.2645 73.799 45.2011 44.9117 55.912 55.1668 48.2854 44.2149 43.4109
threshold=-30.813568115234371 -11.126580715179442 -11.602475166320799 -7.8252942562103263 -26.929179191589352 -0.10154061391949652 -24.719915390014645 -7.9035294055938712 -6.9680347442626944 -0.52801677584648121 -3.1001489162445064 -5.9794509410858145 -0.23935738950967786 2.4433755874633794 2.2141829729080205 7.261078119277955 6.162203550338746 3.0617429018020634 3.1313960552215581 3.1231372356414799 -2.2127641439437862 -0.79946777224540699 -1.0900326967239378 -4.3080391883850089 -4.2123372554779044 -6.063145399093627 -4.9409804344177237 1.6054901480674746 -1.5925097465515134 -2.5062868595123287
decision_type=2 2 2 2 2 2 2 2 2 2 2 2 2 2 2 2 2 2 2 2 2 2 2 2 2 2 2 2 2 2
left_child=1 2 -1 -3 -2 -5 -6 8 9 10 -8 -10 13 15 17 16 18 -15 20 -20 21 24 23 -23 27 -26 -27 -9 -28 -29
right_child=4 3 -4 5 6 -7 7 12 11 -11 -12 -13 -14 14 -16 -17 -18 -19 19 -21 -22 22 -24 -25 25 26 28 29 -30 -31
leaf_value=-0.30165293395519255 0.079569260970405911 0.098895275115966796 0.056159398101624992 -0.087840993498407668 -0.026597557917679895 0.002765636189052692 -0.0027881731146148277 0.00083511387094124118 0.090306722676312484 0.01708729582951983 -0.076635423009456305 0.025816141487507341 0.0015769440239131152 0.023647038044605388 -0.0023436865475896288 -0.060596493412466618 0.065959115275021254 0.10123651683330537 -0.01330088516731402 -0.070874396280238505 -0.00047758509332849293 0.10893188161509378 -0.0085676110391452748 0.02802415687168382 -0.069554472433196166 0.032057242966615239 -0.019521839750446215 -0.056293919427054279 0.0027341165267745549 0.021631409600377086
leaf_weight=20 23 25 21 21 101 39 56 1182 27 148 27 89 13704 217 292 34 29 20 273 38 11792 21 178 97 45 65 1115 70 279 24
leaf_count=20 23 25 21 21 101 39 56 1182 27 148 27 89 13704 217 292 34 29 20 273 38 11792 21 178 97 45 65 1115 70 279 24
internal_value=-0.000164932 -0.0326836 -0.118383 0.00865389 -2.81077e-05 -0.0289467 -8.92894e-05 4.8776e-07 0.0145232 0.0013144 -0.0268108 0.0408269 -0.000170483 -0.00168889 0.012234 -0.0021721 -0.00204149 0.0301947 -0.0021714 -0.0203356 -0.00179146 -0.00682825 0.0117597 0.042423 -0.0088074 -0.0146611 -0.012968 -0.00190777 -0.0150675 -0.0363981
internal_weight=30072 126 41 85 29946 60 29923 29822 347 231 83 116 29475 15771 529 15242 15208 237 15179 311 14868 3076 296 118 2780 1504 1459 1276 1394 94
internal_count=30072 126 41 85 29946 60 29923 29822 347 231 83 116 29475 15771 529 15242 15208 237 15179 311 14868 3076 296 118 2780 1504 1459 1276 1394 94
is_linear=0
shrinkage=0.05


Tree=128
num_leaves=31
num_cat=0
split_feature=189 3 0 11 168 148 287 207 183 287 236 152 8 165 201 298 43 11 204 205 90 23 41 292 226 221 84 275 298 158
split_gain=60.2138 353.608 299.685 188.903 42.764 35.5694 26.4775 42.2646 38.1062 34.6662 32.3918 32.3726 55.3854 50.1546 39.8361 38.9635 37.2202 36.1589 35.561 64.2566 35.4712 37.6935 34.9582 32.3497 54.1386 35.8644 43.6354 31.8726 49.7116 45.3624
threshold=-18.283071517944332 2.9171917438507085 1.8289837241172793 -2.7950339317321773 -17.346542358398434 -15.40995407104492 -20.162363052368161 -10.276788234710692 -7.8204903602600089 -30.316691398620602 -17.281746864318844 -8.1285538673400861 1.5067760944366457 -7.6776034832000724 -15.968878746032713 -20.994484901428219 -5.8786273002624503 -3.044757485389709 -4.8607108592987052 -3.4421333074569698 -8.3694343566894513 -7.9073071479797354 -2.8356076478958125 -13.812447071075438 -7.9746274948120108 -9.5264811515808088 -1.1506922245025633 -9.3512601852416974 -14.646455764770506 -3.2345098257064815
decision_type=2 2 2 2 2 2 2 2 2 2 2 2 2 2 2 2 2 2 2 2 2 2 2 2 2 2 2 2 2 2
left_child=1 2 3 -1 -2 -5 7 8 9 -6 -10 12 14 18 -8 -15 -14 22 -13 -20 -17 -22 -16 24 -23 26 -25 29 -29 -27
right_child=4 -3 -4 5 6 -7 11 -9 10 -11 -12 13 16 15 17 20 -18 -19 19 -21 21 23 -24 25 -26 27 -28 28 -30 -31
leaf_value=-0.17743479402735829 0.057758992910385137 -0.22195652382714406 0.1539519513845444 0.042483237937644677 -0.07908544182777405 -0.034385847771430715 -0.057332372665405279 -0.059156656265258789 0.069203926015783235 -0.010194482164723533 -0.0057059304368111399 -0.011864677288669511 0.013742096929086579 0.054408615917870495 -0.00056417360901832585 0.047098046839237212 0.083414645747440619 0.012624899004576966 -0.12459726478904486 0.00062921647969189855 -0.059068879374751339 -0.0051261927970905896 -0.082611769586801539 0.008169689940677273 -0.060182709738226807 -0.0027187324422239152 0.064350657586170285 0.072231108198563251 0.00023906894196313723 -0.03320820681422073
leaf_weight=20 32 21 25 27 20 34 24 45 27 210 31 461 36 33 37 40 41 513 20 21 27 194 20 139 58 432 46 24 27244 170
leaf_count=20 32 21 25 27 20 34 24 45 27 210 31 461 36 33 37 40 41 513 20 21 27 194 20 139 58 432 46 24 27244 170
internal_value=-0.000156686 -0.0345122 0.00262294 -0.0440835 -1.098e-05 -0.000361826 -7.27806e-05 -0.014093 -0.00705183 -0.016185 0.0291659 8.50538e-05 0.0109422 -0.000166948 0.00577018 0.000109904 0.0508405 0.00842713 -0.0158334 -0.0604569 4.67524e-05 -1.96713e-05 -0.0293528 3.66514e-05 -0.0177979 0.000196848 0.022139 5.11967e-05 0.000302433 -0.0113287
internal_weight=30072 127 106 81 29945 61 29913 333 288 230 58 29580 671 28909 594 28407 77 570 502 41 28374 28334 57 28307 252 28055 185 27870 27268 602
internal_count=30072 127 106 81 29945 61 29913 333 288 230 58 29580 671 28909 594 28407 77 570 502 41 28374 28334 57 28307 252 28055 185 27870 27268 602
is_linear=0
shrinkage=0.05


Tree=129
num_leaves=31
num_cat=0
split_feature=189 3 0 11 110 0 148 5 63 64 10 53 74 201 98 16 152 173 285 219 72 82 0 238 187 135 11 70 114 9
split_gain=54.3429 319.131 270.693 183.074 39.5409 44.1652 30.8651 26.575 56.133 60.3105 47.4302 64.7962 38.6547 34.6038 41.7383 34.5748 32.5883 36.4248 31.8019 64.0369 31.5348 42.8582 42.2842 40.1201 38.2414 37.1341 40.0742 38.2943 34.1461 32.6257
threshold=-18.283071517944332 2.9171917438507085 1.7919048070907595 -2.7008938789367671 -12.926575660705565 1.10117644071579 -15.40995407104492 -0.30811545252799982 3.7355884313583378 2.786899328231812 5.0144391059875497 -0.94503182172775257 5.4289705753326425 -14.432800769805906 -4.7015500068664542 1.7368778586387636 4.1177778244018564 -0.43799020349979395 13.691657066345217 13.581732273101808 -7.2325770854949942 -2.7518881559371944 -1.0492941141128538 -16.081956863403317 -3.830294013023376 -0.53985559940338124 -1.2810831069946287 2.0294771194458012 -1.9428011178970335 -1.9758698940277097
decision_type=2 2 2 2 2 2 2 2 2 2 2 2 2 2 2 2 2 2 2 2 2 2 2 2 2 2 2 2 2 2
left_child=1 2 3 -1 5 -2 -5 8 10 -10 12 -12 20 14 -9 -13 17 -11 19 -15 22 23 -6 -22 28 27 -27 -25 -23 -26
right_child=4 -3 -4 6 7 -7 -8 13 9 16 11 15 -14 18 -16 -17 -18 -19 -20 -21 21 24 -24 25 29 26 -28 -29 -30 -31
leaf_value=-0.16984032846632457 -0.0062136598759227335 -0.21085869130634127 0.14264845274961913 0.042808928856482881 0.0079189025191590181 0.08061827286146582 -0.030033781492348872 -0.011299544483661017 -0.088803086731884931 -0.050438212117712412 -0.088592059004145698 -0.03508317910163896 0.066403948409216748 0.0011913350940546271 -0.086444998151906163 0.047483140010652798 -0.064541942399481064 0.028768976735188925 0.037855674452700855 -0.082289478053217346 0.049447346687316901 -0.004223083789672768 -0.052465283743146324 0.0031074712677188476 -0.0090184339223367219 0.080703279723723736 0.014737431248273664 -0.064785668537730268 -0.021852157298223904 1.7960818893466828e-05
leaf_weight=21 27 21 26 26 50 32 33 94 37 21 37 32 21 18814 23 21 23 47 59 23 50 684 69 1891 1195 30 99 21 459 6086
leaf_count=21 27 21 26 26 50 32 33 94 37 21 37 32 21 18814 23 21 23 47 59 23 50 684 69 1891 1195 30 99 21 459 6086
internal_value=-0.000148851 -0.0327866 0.00249179 -0.0430591 -1.0431e-05 0.0408816 0.0020664 -9.11588e-05 -0.00206278 -0.0349784 -0.00167067 -0.0378158 -0.00136536 0.00103635 -0.0260717 -0.00236822 -0.0130937 0.00430793 0.0012042 0.0010894 -0.00149919 -0.00120953 -0.0270938 0.00519761 -0.00279991 0.00411359 0.0300783 0.00236178 -0.0113025 -0.00146514
internal_weight=30072 127 106 80 29945 59 59 29886 10873 128 10745 90 10655 19013 117 53 91 68 18896 18837 10634 10515 119 2091 8424 2041 129 1912 1143 7281
internal_count=30072 127 106 80 29945 59 59 29886 10873 128 10745 90 10655 19013 117 53 91 68 18896 18837 10634 10515 119 2091 8424 2041 129 1912 1143 7281
is_linear=0
shrinkage=0.05


Tree=130
num_leaves=31
num_cat=0
split_feature=131 35 133 270 22 120 0 281 212 37 92 137 156 39 73 219 8 17 192 248 225 9 14 247 53 18 228 47 1 79
split_gain=43.8464 360.491 56.6094 56.272 31.4679 34.7472 49.7245 34.602 52.2996 46.3203 46.0673 44.8912 39.6587 36.4787 35.2184 36.304 33.5977 33.0752 45.2767 32.9702 31.6434 48.8097 31.1691 30.6842 55.2437 30.4242 33.5666 30.1683 31.6465 29.8029
threshold=-13.803133487701414 -11.784491539001463 -13.488502979278563 -27.515634536743161 4.9837124347686776 3.6481549739837651 2.0614249706268315 2.6568543910980229 3.4894537925720219 2.7990107536315922 -0.42140519618988032 2.7361208200454716 -2.4203517436981197 -0.31104157865047449 -3.3212001323699947 -0.95907899737358082 6.113215684890748 4.9772548675537118 -0.83823800086975087 -2.4569362401962276 2.9170043468475346 0.56081673502922069 0.21210347861051562 -1.0000000180025095e-35 1.6034215688705447 -1.1505882143974302 1.1893627643585207 -0.082944452762603746 0.95568624138832103 -0.49624574184417719
decision_type=2 2 2 2 2 2 2 2 2 2 2 2 2 2 2 2 2 2 2 2 2 2 2 2 2 2 2 2 2 2
left_child=1 -1 -2 -3 7 -6 -7 8 16 13 23 -11 -12 -10 -14 22 17 20 -19 -18 -4 -22 -16 -9 -25 -23 -27 -15 -29 -28
right_child=2 3 4 -5 5 6 -8 10 9 11 12 -13 14 27 15 -17 19 18 -20 -21 21 25 -24 24 -26 26 29 28 -30 -31
leaf_value=-0.21751981462751116 0.07119871548243932 0.082793634588068182 -0.00014144326374511193 -0.010284700701313635 -0.0057543783837579673 -0.071791371427200462 0.0061128707546176334 0.056698672226988357 -0.029648398944966334 -0.025856769692314707 -0.051346040610224013 -0.095427777714306314 -0.05959488980117298 0.038033586570044173 -0.079130643006900092 0.0067152384427461133 0.074348300015941879 -0.060927976995706561 0.019421979509018087 -0.005220702570437899 0.000182101631528946 0.083100299691331814 -0.0011887564869790242 0.003266685080084512 0.082811642244744757 0.06208364271172663 -0.046453816369175914 -0.022121413998456317 0.027349899789017702 0.024996315522326364
leaf_weight=21 28 22 26259 62 261 54 33 65 115 92 32 31 21 53 23 1796 30 50 27 23 229 29 29 136 26 41 20 99 48 54
leaf_count=21 28 22 26259 62 261 54 33 65 115 92 32 31 21 53 23 1796 30 50 27 23 229 29 29 136 26 41 20 99 48 54
internal_value=2.38432e-05 -0.0322296 0.000137855 0.014093 7.08076e-05 -0.0148762 -0.0422415 0.000248165 -0.00023221 -0.0173701 0.0063883 -0.0433909 0.00384615 -0.00720956 0.00479112 0.00552278 4.82764e-05 -3.06414e-05 -0.0327533 0.0398184 6.39684e-05 0.0145248 -0.0356631 0.0276775 0.0160332 0.0373338 0.0257926 0.00569278 -0.00596752 0.00568547
internal_weight=29809 105 29704 84 29676 348 87 29328 27200 438 2128 123 1901 315 1869 1848 26762 26709 77 53 26632 373 52 227 162 144 115 200 147 74
internal_count=29809 105 29704 84 29676 348 87 29328 27200 438 2128 123 1901 315 1869 1848 26762 26709 77 53 26632 373 52 227 162 144 115 200 147 74
is_linear=0
shrinkage=0.05


Tree=131
num_leaves=31
num_cat=0
split_feature=186 32 265 56 177 289 11 216 8 15 33 28 103 221 189 191 118 259 215 226 11 105 120 264 46 261 212 138 17 223
split_gain=39.3611 220.176 59.9027 59.545 38.4015 31.9991 36.1715 36.851 40.9722 33.2013 31.112 29.6382 28.2586 27.7987 26.8069 44.539 57.0711 56.2546 42.5253 47.0434 42.3336 40.9655 39.6897 38.541 37.2945 36.8623 35.4737 34.0946 36.0232 33.8475
threshold=-17.508188247680661 -11.055331230163572 -25.607917785644528 -9.2350001335144025 -13.289460659027098 -24.899260520935055 6.5272631645202646 10.83819103240967 6.113215684890748 5.5409207344055185 -5.4078090190887442 2.9181536436080937 -1.0000000180025095e-35 -18.613591194152828 -2.088148713111877 -3.6347057819366451 0.60298478603363048 -1.5652421712875364 -3.4211111068725581 -2.4900420904159541 -5.1335213184356681 0.84591421484947216 -0.61503037810325611 -5.9697647094726554 -5.1333863735198966 -7.32527732849121 -4.9698331356048575 4.3144445419311532 4.9772548675537118 -13.673274517059324
decision_type=2 2 2 2 2 2 2 2 2 2 2 2 2 2 2 2 2 2 2 2 2 2 2 2 2 2 2 2 2 2
left_child=1 -1 4 -3 -2 13 9 8 -8 10 -7 12 -11 -4 20 16 21 -18 19 -17 -12 -16 -23 -21 -20 -26 -27 28 29 -22
right_child=2 3 5 -5 -6 6 7 -9 -10 11 14 -13 -14 -15 15 18 17 -19 24 23 27 22 -24 -25 25 26 -28 -29 -30 -31
leaf_value=-0.15727351262019232 0.096617253010089582 0.083832540512084969 -0.0013025537133216859 -0.013690061039394803 0.011481255072134513 0.010984220950417968 -0.036906289119346472 -0.07967592521950051 0.042317306995391851 0.010095814957749099 -0.04001693460676406 -0.016409857943654061 0.087351256527070861 -0.054573380708694469 0.012353804140846194 0.001595856626654229 0.02019893145006077 0.10560521898010085 -0.062431852329367155 0.064112418371698135 0.01605506361614574 -0.060361610327963722 0.01899156516435771 0.016325981074295864 0.06319713935094036 -0.021782826130990599 0.00014499431645827185 -0.066801017224788664 -0.042602794462779786 -0.0016796069799900886
leaf_weight=26 26 20 48 72 27 649 51 27 24 20 72 20 29 50 614 855 51 31 24 46 275 40 26 510 23 187 13474 20 53 12419
leaf_count=26 26 20 48 72 27 649 51 27 24 20 72 20 29 50 614 855 51 31 24 46 275 40 26 510 23 187 13474 20 53 12419
internal_value=2.2651e-05 -0.0287978 0.000137191 0.0075105 0.0532461 4.22197e-05 0.000136848 -0.0295868 -0.0115547 0.000239838 0.000158448 0.0348827 0.0558184 -0.0284815 -8.61877e-05 0.00128731 0.013082 0.0524867 0.000692858 0.0089581 -0.00178511 0.00833022 -0.0291013 0.0202795 -0.000157905 -4.86847e-05 -0.000155167 -0.0015695 -0.00146716 -0.00129541
internal_weight=29809 118 29691 92 53 29638 29540 102 75 29438 29369 69 49 98 28720 15881 762 82 15119 1411 12839 680 66 556 13708 13684 13661 12767 12747 12694
internal_count=29809 118 29691 92 53 29638 29540 102 75 29438 29369 69 49 98 28720 15881 762 82 15119 1411 12839 680 66 556 13708 13684 13661 12767 12747 12694
is_linear=0
shrinkage=0.05


Tree=132
num_leaves=31
num_cat=0
split_feature=131 35 296 53 185 22 120 0 270 212 226 44 78 148 122 123 298 137 78 161 197 225 95 13 172 174 120 9 150 225
split_gain=38.6113 305.937 51.1402 50.6696 43.9949 26.6659 30.9903 45.4217 30.6157 42.8434 52.0597 55.4399 34.4823 48.8947 36.8362 32.6921 37.9709 45.4226 33.4586 31.1017 43.6115 38.7229 31.0103 30.8125 41.4991 39.6827 34.0546 33.8102 38.6625 35.3548
threshold=-13.803133487701414 -11.784491539001463 -30.293823242187496 -9.810940742492674 -13.960657119750975 4.9837124347686776 3.6481549739837651 2.0614249706268315 3.9921147823333745 3.4894537925720219 5.3704481124877939 -0.13294117897748944 -0.91873392462730397 -1.0643086433410642 0.025679334066808227 -1.1173161864280698 2.3901469707489018 1.0263317227363589 1.0000000180025095e-35 1.2934314012527468 -1.7335294485092161 3.405346274375916 7.345539093017579 -1.4491877555847166 3.8080794811248784 -17.473235130310055 4.3730642795562753 -1.9758698940277097 2.7129594087600712 2.5359910726547246
decision_type=2 2 2 2 2 2 2 2 2 2 2 2 2 2 2 2 2 2 2 2 2 2 2 2 2 2 2 2 2 2
left_child=1 -1 -3 4 -2 8 -7 -8 9 10 22 -12 14 -14 -11 18 17 -17 -10 21 -21 -15 23 24 26 -25 27 28 -5 -29
right_child=3 2 -4 5 -6 6 7 -9 15 12 11 -13 13 19 -16 16 -18 -19 -20 20 -22 -23 -24 25 -26 -27 -28 29 -30 -31
leaf_value=-0.20094041370210194 0.10479963302612305 0.064770189921061191 -0.016650224615026406 -0.010092346060301077 0.017988522847493492 -0.0050922059158022091 -0.067842875062315552 0.0066144470464099539 0.018460097686121509 -0.011531437576666255 -0.016802378529682756 0.088109215705052896 -0.0836833156645298 0.016027063415213316 0.044372464329577414 0.057687944098469918 0.0061649640722882962 0.010950719302892686 -0.038142488206453301 -0.089127765155651351 -0.016922484621863559 -0.049566705690489876 0.051788031746601237 -0.05669076204299927 -0.066812237122884172 0.00085206066909167667 0.055940646678209305 -0.0022314639083868579 -0.065967557532712814 0.028884969287096187
leaf_weight=21 20 30 54 952 54 258 54 33 42 68 20 34 26 135 52 89 663 125 69 22 423 27 29 30 26 23140 24 3163 32 94
leaf_count=21 20 30 54 952 54 258 54 33 42 68 20 34 26 135 52 89 663 125 69 22 423 27 29 30 26 23140 24 3163 32 94
internal_value=2.15185e-05 -0.0302453 0.0124285 0.000128508 0.041451 2.53063e-05 -0.0137943 -0.0396004 0.000188112 -0.000113972 0.000207709 0.0492531 -0.0118808 -0.0165394 0.0126936 0.00884001 0.0120758 0.0303882 -0.0167253 -0.0136634 -0.0204922 0.00509477 0.000111366 5.67936e-05 -0.00383509 0.000777556 -0.00345117 -0.00378727 -0.0119094 -0.00133342
internal_weight=29809 105 84 29704 74 29630 345 87 29285 28297 27544 54 753 633 120 988 877 214 111 607 445 162 27490 27461 4291 23170 4265 4241 984 3257
internal_count=29809 105 84 29704 74 29630 345 87 29285 28297 27544 54 753 633 120 988 877 214 111 607 445 162 27490 27461 4291 23170 4265 4241 984 3257
is_linear=0
shrinkage=0.05


Tree=133
num_leaves=31
num_cat=0
split_feature=131 8 3 57 133 162 269 44 28 3 68 67 5 260 280 5 78 65 27 116 47 38 102 291 289 143 277 294 215 157
split_gain=34.8467 278.221 607.526 168.648 48.9963 26.9744 74.1613 47.568 42.4161 37.937 37.7823 57.5296 33.6428 35.6183 31.5644 28.2806 48.6356 45.0065 43.1429 43.1212 47.0815 38.4165 37.4606 42.7317 36.39 40.7761 37.2143 34.3384 33.7285 52.8774
threshold=-13.803133487701414 -1.6681413650512693 1.1200109124183657 -9.4288234710693342 -13.488502979278563 6.7115838527679452 7.3855295181274423 0.85069933533668529 -0.88909274339675892 3.0838234424591069 1.7032353281974795 0.26964244246482855 6.3994038105010995 -14.268392086029051 -24.664352416992184 0.50501015782356273 -5.9368865489959708 -6.5940001010894767 -1.1199166774749754 -4.5604813098907462 -3.4225710630416866 -1.352009057998657 -1.6293878555297849 1.7775653600692751 6.9229412078857431 5.7857623100280771 3.5790196657180791 6.9339215755462655 -2.60109531879425 1.664282560348511
decision_type=2 2 2 2 2 2 2 2 2 2 2 2 2 2 2 2 2 2 2 2 2 2 2 2 2 2 2 2 2 2
left_child=1 3 -3 -1 -2 6 12 -7 9 -9 11 -8 14 -14 -6 24 18 19 -17 20 -18 28 23 -23 25 -16 -26 -24 29 -19
right_child=4 2 -4 -5 5 7 10 8 -10 -11 -12 -13 13 -15 15 16 17 21 -20 -21 -22 22 27 -25 26 -27 -28 -29 -30 -31
leaf_value=0.16821521759033203 0.06623219762529646 0.020796983232995607 -0.32649512451142071 -0.018015060458152043 -0.023412055277324224 -0.060826995888104043 0.022367239082232121 0.081474376213736835 -0.012945880278367811 -0.0028653582930564881 0.015188051180236721 0.14229388028383255 0.08473310366920804 0.011717175851102735 -0.00098960240573287245 0.014104273382367361 -0.0080733710279067353 0.00077601605874644719 0.070192019790410995 0.022772860050201418 -0.092884940426382762 0.0094673213109242958 0.001603492961740287 0.064513968096839056 0.091924781724810611 -0.045326038851187779 0.012830879179568128 0.045490630467732746 -0.0093360718226769071 0.082531149387359615
leaf_weight=20 28 34 20 31 143 45 20 24 355 30 44 20 23 61 19117 144 30 1781 45 25 36 1705 4667 36 20 52 58 45 1130 20
leaf_count=20 28 34 20 31 143 45 20 24 355 30 44 20 23 61 19117 144 30 1781 45 25 36 1705 4667 36 20 52 58 45 1130 20
internal_value=2.04426e-05 -0.028733 -0.10783 0.0550164 0.000122083 5.97061e-05 0.000247602 -0.0120343 -0.00666592 0.034619 0.0471607 0.0823306 0.000112359 0.0317096 2.10061e-05 0.000136911 0.00234383 0.00184286 0.0274585 -0.033151 -0.0543342 0.00218221 0.00433827 0.0106056 -0.00097119 -0.00110987 0.0331114 0.00202262 -0.00256467 0.0016839
internal_weight=29809 105 54 51 29704 29676 29222 454 409 54 84 40 29138 84 29054 28911 9664 9475 189 91 66 9384 6453 1741 19247 19169 78 4712 2931 1801
internal_count=29809 105 54 51 29704 29676 29222 454 409 54 84 40 29138 84 29054 28911 9664 9475 189 91 66 9384 6453 1741 19247 19169 78 4712 2931 1801
is_linear=0
shrinkage=0.05


Tree=134
num_leaves=31
num_cat=0
split_feature=16 5 49 8 5 125 95 81 33 189 198 189 192 20 127 172 25 249 271 6 1 116 18 156 34 24 2 128 211 81
split_gain=35.7063 140.73 58.1182 151.286 119.879 139.38 91.0029 33.5115 25.5809 32.9574 54.7042 42.9993 37.2839 33.3888 33.7015 41.5486 32.4184 33.6982 32.2428 31.4684 33.2132 31.4534 31.1457 45.221 36.7293 39.6445 33.5223 30.8078 38.8515 35.6587
threshold=-5.0754411220550528 -0.39643886685371393 -9.8558840751647931 -0.17247059196233747 1.7028343081474306 -4.7807443141937247 -13.656627655029295 -4.9793961048126212 -3.6219859123229976 -2.088148713111877 -4.4222497940063468 0.67232024669647228 -6.1264369487762442 2.972450971603394 -5.7122170925140372 -6.0495722293853751 2.331111073493958 -3.3796863555908199 12.745599746704103 2.270280241966248 -2.3105010986328121 -3.4386810064315791 0.15832155942916873 -2.0998015403747554 0.95032349228858959 0.43509805202484136 0.1971835941076279 3.4206862449646001 0.38860334455966955 4.646193504333497
decision_type=2 2 2 2 2 2 2 2 2 2 2 2 2 2 2 2 2 2 2 2 2 2 2 2 2 2 2 2 2 2
left_child=1 -1 3 -2 -5 -6 -4 -3 16 19 11 21 -12 14 -14 -16 -8 -18 -17 27 -21 -11 -15 -24 26 -26 -25 29 -29 -10
right_child=2 7 6 4 5 -7 8 -9 9 10 12 -13 13 22 15 18 17 -19 -20 20 -22 -23 23 24 25 -27 -28 28 -30 -31
leaf_value=-0.11663758010254242 0.12985300080430123 0.050625490011840038 -0.079450029797024202 0.093905744941106872 -0.14442447558754967 0.033740970500461431 0.0046637641234665841 -0.017722466457238857 -0.0016878341799877489 0.051933302070635061 0.05845213376783899 0.072494629478535133 0.052491658431245015 0.012147129477970713 -0.066025959139527843 0.0011221787744338525 0.093560379601660235 0.01204738876549527 0.053011298378308619 0.025196810066699982 -0.019598264189310446 0.0074351738927804908 -0.080148425996303563 0.037485774754895833 -0.070398644698948118 -0.014264769736300446 -0.011199895169916034 -0.085109721288084986 -0.0013342507063381134 0.058091627836227427
leaf_weight=32 31 29 36 21 21 23 1784 47 11558 48 28 37 32 136 23 14449 21 32 30 46 412 230 25 64 34 420 79 25 31 25
leaf_count=32 31 29 36 21 21 23 1784 47 11558 48 28 37 32 136 23 14449 21 32 30 46 412 230 25 64 34 420 79 25 31 25
internal_value=1.94204e-05 -0.028678 0.000123771 0.0389645 -0.00438232 -0.0512925 -2.17765e-06 0.00835767 9.45494e-05 -0.000283957 0.00123221 0.0218577 0.000808116 0.000702568 0.00123612 0.00112302 0.00580862 0.044345 0.00122969 -0.00224355 -0.0150992 0.0151183 -0.00952792 -0.0142672 -0.0115083 -0.0184686 0.0105895 -0.00173768 -0.038734 -0.00155881
internal_weight=29809 108 29701 96 65 44 29605 76 29569 27732 15635 315 15320 15292 14534 14502 1837 53 14479 12097 458 278 758 622 597 454 143 11639 56 11583
internal_count=29809 108 29701 96 65 44 29605 76 29569 27732 15635 315 15320 15292 14534 14502 1837 53 14479 12097 458 278 758 622 597 454 143 11639 56 11583
is_linear=0
shrinkage=0.05


Tree=135
num_leaves=31
num_cat=0
split_feature=14 0 180 3 99 283 153 222 227 6 73 206 2 206 109 201 196 215 38 286 48 10 298 230 293 27 293 253 264 295
split_gain=36.2469 87.2312 73.7712 204.384 73.5889 34.9167 56.6616 50.623 45.9599 40.5798 42.3946 36.0014 35.7352 61.9737 45.1547 38.8193 37.4424 34.233 53.3818 42.7541 32.467 32.0083 31.6474 49.6295 35.6271 35.5717 35.4071 36.1145 48.3066 43.4835
threshold=-5.2107782363891593 3.6264281272888188 -17.621257781982418 0.85108932852745067 -13.426523208618162 1.5015286207199099 -0.15795102715492246 -1.7021918296813963 -2.8128788471221919 -4.7362964153289786 -3.6591755151748653 -1.0713398456573484 1.5281699299812319 -0.24495281279087064 1.7716621756553652 -3.7812496423721309 -1.0786927938461301 4.1753594875335702 -0.43667256832122797 5.5039210319519052 -0.8899720013141631 -1.3336243033409116 -0.37666672468185419 4.2080237865448007 -0.93464982509613026 5.5347735881805429 6.2535784244537362 -4.7541177272796622 -3.6153545379638667 -3.3945561647415157
decision_type=2 2 2 2 2 2 2 2 2 2 2 2 2 2 2 2 2 2 2 2 2 2 2 2 2 2 2 2 2 2
left_child=1 -1 3 4 -2 22 7 11 -9 -8 -11 -7 15 14 -14 -12 -15 19 -19 -17 -18 -20 23 24 -4 26 27 -24 29 -29
right_child=2 -3 5 -5 -6 6 9 8 -10 10 12 -13 13 16 -16 17 20 18 21 -21 -22 -23 25 -25 -26 -27 -28 28 -30 -31
leaf_value=0.0066923338770866403 0.083820044476052999 0.11284018879135449 -0.0004003494068381383 -0.13415394074430592 -0.027920367132599763 0.080064796775860606 0.063185627813692455 -0.047189684361219411 0.01671364535855142 -0.06322644117474556 0.069148813406936835 0.017667826601281401 -0.061162954413919668 0.07230688244761789 0.028633145846071698 0.0011492381629754995 -0.032383544184267525 -0.058702634990799668 -0.024993206247249072 0.032763770410548086 0.021890953017333965 -0.00038320283777697694 0.024577003627942476 0.063588351684231922 0.0061466004228385657 -0.071124285086989411 0.044403936572977018 -0.091020623967051517 -0.0042813349265115588 -0.020837377155939602
leaf_weight=100 23 24 19994 38 41 53 27 30 453 25 20 41 42 34 21 1526 30 51 170 115 338 593 102 31 2319 20 37 26 3372 146
leaf_count=100 23 24 19994 38 41 53 27 30 453 25 20 41 42 34 21 1526 30 51 170 115 338 593 102 31 2319 20 37 26 3372 146
internal_value=0.000260273 0.0272371 0.000147711 -0.0423012 0.0122363 0.000293908 0.00493189 0.019278 0.0127445 0.00216527 0.00160961 0.0528491 0.00216094 0.0148785 -0.0312309 -0.000228433 0.0221047 -0.000793624 -0.0091768 0.00336476 0.0174664 -0.00586643 -0.000341595 0.000367912 0.000280078 -0.00462278 -0.00426165 -0.00475551 -0.00559973 -0.0314465
internal_weight=29842 124 29718 102 64 29616 3569 577 483 2992 2965 94 2940 465 63 2475 402 2455 814 1641 368 763 26047 22344 22313 3703 3683 3646 3544 172
internal_count=29842 124 29718 102 64 29616 3569 577 483 2992 2965 94 2940 465 63 2475 402 2455 814 1641 368 763 26047 22344 22313 3703 3683 3646 3544 172
is_linear=0
shrinkage=0.05


Tree=136
num_leaves=31
num_cat=0
split_feature=232 291 108 14 0 198 4 36 2 52 196 203 60 134 251 70 135 88 143 287 266 222 125 44 68 30 42 20 230 4
split_gain=34.3254 51.4716 61.5391 44.811 73.9068 62.0866 199.002 57.6497 43.7997 41.8056 40.374 40.1845 45.748 51.2605 48.0852 56.6046 40.5024 39.5443 38.4113 38.9606 54.0449 67.3159 43.461 37.9995 36.3558 44.1434 56.6113 43.4562 38.7899 37.2083
threshold=-3.157549142837524 0.27152939140796667 -0.13469187915325162 -5.2107782363891593 2.4013193845748906 -18.294590950012203 1.8885126709938052 -9.0246863365173322 4.1346750259399423 0.55420744419097911 -1.6684611439704893 -7.7548134326934806 -2.9324835538864131 -6.0314629077911368 2.7860784530639653 -5.2709314823150626 -6.3963294029235831 -3.8686057329177852 -2.9783957004547115 -7.4093091487884513 -4.0372958183288565 -3.9649673700332637 -7.1588854789733878 -6.5188024044036856 -2.2419297695159908 -0.47418802976608271 -2.1515635251998897 4.650379180908204 -5.9594202041625968 -1.0305883288383482
decision_type=2 2 2 2 2 2 2 2 2 2 2 2 2 2 2 2 2 2 2 2 2 2 2 2 2 2 2 2 2 2
left_child=1 3 10 4 -1 6 7 -5 18 -10 -3 -2 14 -14 15 -13 -15 -18 -7 20 22 -22 -20 -19 29 27 -27 28 -26 -25
right_child=11 2 -4 5 -6 8 -8 -9 9 -11 -12 12 13 16 -16 -17 17 23 19 -21 21 -23 -24 24 25 26 -28 -29 -30 -31
leaf_value=0.0075700014829635622 -0.056410773595174157 0.053471488286943536 -0.068436103759449904 0.077910270690917979 0.11879048392176628 0.00079297376910943791 -0.14421656369231642 -0.022250529276389704 0.0083584620402409483 0.065066646354066004 -0.026086922935568371 -0.063548395156860352 0.04603565277324783 -0.068540178771529889 0.071214806332307701 0.01289458601876496 0.014885997521794507 -0.063659708525823519 0.054364726238924521 -0.0036794159397219328 -0.01782575529389854 -0.13537104311399162 -0.01582328597945638 -0.017893094075227788 0.059969083556244453 -0.018586814267552095 2.662674033346464e-05 0.06257022097706795 0.0039105193111263117 -0.0014175928602168776
leaf_weight=59 30 23 64 20 20 5050 32 51 117 45 52 25 63 21 34 773 495 23 23 3449 29 21 537 499 31 426 9943 32 6761 1094
leaf_count=59 30 23 64 20 20 5050 32 51 117 45 52 25 63 21 34 773 495 23 23 3449 29 21 537 499 31 426 9943 32 6761 1094
internal_value=0.000247259 -0.00221663 -0.0324215 -0.00177249 0.0357271 -0.00208852 -0.0406942 0.00596378 -0.00165962 0.0241107 -0.00168901 0.00141435 0.00150015 0.00100747 0.0129809 0.0104998 0.000860679 0.000936178 -0.00211793 -0.00573953 -0.0173876 -0.0671948 -0.0129406 0.000569058 0.000647694 0.00131723 -0.000738088 0.00444026 0.00416638 -0.00657847
internal_weight=29842 9592 139 9453 79 9374 103 71 9271 162 75 20250 20220 19388 832 798 19325 19304 9109 4059 610 50 560 18809 18786 17193 10369 6824 6792 1593
internal_count=29842 9592 139 9453 79 9374 103 71 9271 162 75 20250 20220 19388 832 798 19325 19304 9109 4059 610 50 560 18809 18786 17193 10369 6824 6792 1593
is_linear=0
shrinkage=0.05


Tree=137
num_leaves=31
num_cat=0
split_feature=280 13 216 272 86 74 231 2 48 105 286 265 251 255 253 284 1 7 223 233 51 10 134 59 132 242 53 205 166 171
split_gain=32.2998 57.0535 42.1221 36.0641 44.1133 36.3122 54.9601 48.2641 41.106 37.5947 33.1885 42.8446 45.1976 36.1169 34.4841 33.0971 33.1776 32.8174 30.8139 30.1052 29.7797 41.1427 52.4169 48.9453 35.6963 40.2705 37.3964 36.4096 30.2205 31.8991
threshold=14.056178569793703 2.7775714397430424 10.83819103240967 1.1329972147941592 -3.8600000143051143 -1.7697121500968931 4.4711506366729745 0.33181156218051916 -2.3919980525970455 2.2294294834136967 1.9820980429649355 -3.1612988710403438 4.5075073242187509 3.9893991947174077 2.241540908813477 7.9335896968841562 1.7542779445648196 -1.985326826572418 -0.76330062747001637 -4.10931372642517 1.2468627691268923 0.71882352232933056 -1.39176470041275 4.0908291339874276 2.278028249740601 -0.69166666269302357 4.4591214656829843 3.5997166633605961 3.4739502668380742 2.4870294332504277
decision_type=2 2 2 2 2 2 2 2 2 2 2 2 2 2 2 2 2 2 2 2 2 2 2 2 2 2 2 2 2 2
left_child=2 17 3 10 -5 6 7 -6 -7 18 -1 -12 13 14 -13 -4 -17 -2 -9 -10 21 23 -23 28 26 -26 -22 -28 -21 -30
right_child=1 -3 15 4 5 8 -8 9 19 -11 11 12 -14 -15 -16 16 -18 -19 -20 20 24 22 -24 -25 25 -27 27 -29 29 -31
leaf_value=-0.00013547210115135368 0.060876393447751587 0.10394693613052369 -0.083074801382811175 0.055146463596543606 0.0098981153076844464 -0.032155090283198531 -0.034078336455101187 0.073999401180048455 -0.049114601948746929 0.10561877675354481 -0.06653469221337753 -0.0037663791409477498 -0.070691422692367015 0.055767316921897563 -0.045317291787692476 -0.032177608345563595 0.036157153158084203 -0.0092098537527146897 0.018239625784568489 0.0020994091879578056 -0.0045975879185200996 0.063784676827490325 0.014210387599306465 -0.064594516857491388 0.06935082085568596 0.0063907061316177396 -0.095237267794816394 -0.0080677890777587895 0.052312648204656753 0.0033264368772506717
leaf_weight=25185 23 20 23 43 192 83 43 37 27 24 34 461 28 23 56 78 23 61 75 1156 946 60 479 26 27 428 23 25 65 68
leaf_count=25185 23 20 23 43 192 83 43 37 27 24 34 461 28 23 56 78 23 61 75 1156 946 60 479 26 27 428 23 25 65 68
internal_value=0.000234896 0.0280509 0.000137618 0.000259385 0.00478868 0.00421643 0.0190724 0.0260404 0.00260155 0.0488294 -0.000412798 -0.0120149 -0.00875137 -0.00553967 -0.00826706 -0.0289432 -0.0166162 0.00998043 0.0366603 0.00346786 0.00389769 0.00809484 0.0197289 0.00332622 -0.00147259 0.0101268 -0.00678216 -0.0498365 0.00469623 0.0272671
internal_weight=29842 104 29738 29614 3827 3784 371 328 3413 136 25787 602 568 540 517 124 101 84 112 3330 3303 1854 539 1315 1449 455 994 48 1289 133
internal_count=29842 104 29738 29614 3827 3784 371 328 3413 136 25787 602 568 540 517 124 101 84 112 3330 3303 1854 539 1315 1449 455 994 48 1289 133
is_linear=0
shrinkage=0.05


Tree=138
num_leaves=31
num_cat=0
split_feature=9 29 20 263 95 22 12 185 55 114 18 186 144 49 225 92 29 288 224 125 176 218 134 63 293 93 221 199 160 21
split_gain=31.2769 107.68 51.5428 135.625 105.671 50.514 69.1995 38.7147 32.6168 38.6658 37.6582 32.4586 31.0364 37.0054 28.116 53.8097 54.1638 53.4752 42.6209 35.5495 43.7246 48.0544 39.1357 37.559 35.4736 33.9045 35.8158 33.2206 32.5014 32.3974
threshold=-2.0869607925415035 -10.440084457397459 -6.6088237762451163 -20.768673896789547 -13.656627655029295 -5.9864425659179679 -0.87646678090095509 -5.1203594207763663 3.120031595230103 3.2756754159927373 -0.44117642939090723 4.3182842731475839 4.4989964962005624 2.8989596366882329 1.6812747716903689 0.51208335161209118 0.6973039209842683 -4.1505882740020743 4.4613723754882821 -4.3920142650604239 -1.3025205135345457 -1.377373933792114 -2.0907151699066158 0.71001839637756359 5.570711851119996 2.2022286653518681 3.9131217002868657 -2.1942915916442867 5.1162207126617441 4.7136101722717294
decision_type=2 2 2 2 2 2 2 2 2 2 2 2 2 2 2 2 2 2 2 2 2 2 2 2 2 2 2 2 2 2
left_child=1 -1 3 -2 -4 6 -3 -5 9 11 -11 12 13 -7 18 16 -16 -17 24 -19 23 -22 -23 -21 25 26 28 -24 -6 -27
right_child=2 5 4 7 14 8 -8 -9 -10 10 -12 -13 -14 -15 15 17 -18 19 -20 20 21 22 27 -25 -26 29 -28 -29 -30 -31
leaf_value=-0.11381242058493875 0.14649953300302679 0.0012162774162633079 -0.092986755371093757 -0.052354168235546061 0.00081978506036608351 -0.0042966582280039196 0.1160241773795514 0.027864656548173924 0.017692216651780265 -0.09580939053779558 -0.018646284530404955 0.039063229140910233 -0.043666582952291533 0.028824576163707778 0.0077774876097337206 -0.073728855342968649 0.040074095056921832 -0.052040292322635656 -0.051896729836097139 0.015834609657758847 -0.05314062056967464 0.039616810062101909 0.047161796287848404 0.076824973249698392 0.042914448343977639 -0.0056122527553326626 0.043120946943759925 0.00050963904710070039 -0.057399828685447574 -0.048228329160939096
leaf_weight=22 22 35 30 21 20517 4348 21 53 175 21 64 44 49 86 357 23 204 29 39 98 39 70 39 34 49 1462 50 1771 24 46
leaf_count=22 22 35 30 21 20517 4348 21 53 175 21 64 44 49 86 357 23 204 29 39 98 39 70 39 34 49 1462 50 1771 24 46
internal_value=0.000223151 -0.00344457 0.000937548 0.0375039 0.000796461 -0.00294321 0.0442692 0.00509985 -0.00349552 -0.00429948 -0.0377101 -0.00367215 -0.00409159 -0.00365425 0.000909676 0.0057632 0.0195217 0.00209295 0.000326912 0.00293137 0.00370864 0.00179394 0.00293354 0.0315442 0.000418872 0.000324647 0.000854644 0.00151485 0.000751762 -0.00691221
internal_weight=29842 4865 24977 96 24881 4843 56 74 4787 4612 85 4527 4483 4434 24851 2664 561 2103 22187 2080 2051 1919 1880 132 22148 22099 20591 1810 20541 1508
internal_count=29842 4865 24977 96 24881 4843 56 74 4787 4612 85 4527 4483 4434 24851 2664 561 2103 22187 2080 2051 1919 1880 132 22148 22099 20591 1810 20541 1508
is_linear=0
shrinkage=0.05


Tree=139
num_leaves=31
num_cat=0
split_feature=281 298 258 187 287 17 232 132 149 299 14 39 189 29 242 177 152 144 77 97 144 41 24 33 234 295 201 298 299 109
split_gain=31.3118 60.8293 60.791 55.1307 54.9754 45.1909 44.1506 68.7983 40.7813 38.7203 37.9178 166.659 112.352 364.856 40.8392 46.7356 35.6061 42.0197 42.8352 40.8082 38.8907 46.3291 40.6481 39.8761 39.2754 46.8287 38.0416 36.8512 55.9442 43.0516
threshold=-0.24768967926502225 0.22813729196786883 2.148482203483582 0.97731637954711925 -5.9775636196136466 -4.3014707565307608 -2.8589411973953243 0.73403918743133556 -2.31872546672821 -1.1698774695396421 -4.5475687980651847 -11.657578468322752 -18.283071517944332 -8.3407044410705549 -4.9613723754882804 -3.3622981309890743 -8.4883823394775373 -8.2131032943725568 -2.7281175851821895 -8.4465684890747053 -3.9210636615753169 4.2020397186279306 1.5790392160415652 2.0693415403366093 -4.1561014652252188 0.43829655647277838 -11.005083084106444 -4.4855294227600089 -4.654627561569213 2.7027680873870854
decision_type=2 2 2 2 2 2 2 2 2 2 2 2 2 2 2 2 2 2 2 2 2 2 2 2 2 2 2 2 2 2
left_child=10 2 4 -4 -2 -3 7 -7 -6 -5 11 -1 13 -12 -13 -16 -14 18 26 -19 21 22 -21 -24 25 -22 -18 28 29 -26
right_child=1 5 3 9 8 6 -8 -9 -10 -11 12 14 16 -15 15 -17 17 19 -20 20 24 -23 23 -25 27 -27 -28 -29 -30 -31
leaf_value=0.15785720825195315 -0.076165497750043873 -0.057666574375970031 0.012865425202964751 0.11230123084166954 0.029044511206258013 -7.1701670394224288e-05 7.9487477663111843e-05 -0.1135472179136493 0.0054327633884309473 0.041121627895959786 -0.24495389938354492 -0.017420436249625301 0.0097579457936867193 -0.0031813258856115204 0.083442445950848723 0.0058060275420310009 -0.042862451171118116 -0.040632361220195895 -0.054757925156337123 0.0053909971615555934 -0.0062700056881981898 0.078351744583674846 -0.027508279246931579 0.020771713747775981 0.0018491102307828797 -0.066182056520924432 0.0024139564992351967 -0.0015429066539374959 0.018108145441464225 -0.046283046994358305
leaf_weight=20 20 35 121 29 196 34 3699 22 2730 56 20 93 793 71 28 63 63 64 67 3070 2799 21 181 56 1446 33 176 13162 626 48
leaf_count=20 20 35 121 29 196 34 3699 22 2730 56 20 93 793 71 28 63 63 64 67 3070 2799 21 181 56 1446 33 176 13162 626 48
internal_value=0.000211994 0.00315361 0.00828589 0.034545 0.00644971 -0.00111472 -0.000587604 -0.0446514 0.00701441 0.0654064 -0.000679739 0.0207805 -0.000872631 -0.0563182 0.0058808 0.0296942 -0.000649426 -0.0010278 -0.0194257 -0.000766022 -0.000647029 0.0043209 0.00385079 -0.0161003 -0.00155976 -0.00696813 -0.00952083 -0.000557506 0.00556034 0.000302696
internal_weight=29842 6942 3152 206 2946 3790 3755 56 2926 85 22900 204 22696 91 184 91 22605 21812 306 21506 21442 3328 3307 237 18114 2832 239 15282 2120 1494
internal_count=29842 6942 3152 206 2946 3790 3755 56 2926 85 22900 204 22696 91 184 91 22605 21812 306 21506 21442 3328 3307 237 18114 2832 239 15282 2120 1494
is_linear=0
shrinkage=0.05


Tree=140
num_leaves=31
num_cat=0
split_feature=22 2 236 55 95 2 249 64 80 162 233 53 47 148 31 10 147 151 43 7 45 232 267 123 263 274 2 38 21 35
split_gain=37.1189 147.227 311.565 203.722 78.8714 204.2 45.1845 37.2172 35.3132 45.1743 36.2109 35.138 40.1292 33.5051 32.7671 46.0414 32.2783 40.748 36.0028 32.2621 32.0486 29.564 38.9251 27.9693 27.5851 47.4023 27.2155 29.0834 36.1855 26.9554
threshold=-5.9864425659179679 0.66673204302787792 -23.278582572937008 -6.8690452575683585 -13.656627655029295 1.8665862679481509 -15.446078777313231 -2.9309476613998409 -4.2736515998840323 -10.104320049285887 -15.859694957733153 -1.6050439476966856 0.67855143547058117 -8.1154136657714826 2.689858198165894 4.6004900932312021 -0.53597876429557789 -1.0251961350440977 -1.6093557476997373 -3.5482424497604366 -8.0829114913940412 -16.946531295776364 -18.917702674865719 3.1227843761444096 -0.69995096325874318 0.10639708489179613 -2.8771656751632686 -1.6506779789924619 -1.6430412530899046 -5.6021463871002188
decision_type=2 2 2 2 2 2 2 2 2 2 2 2 2 2 2 2 2 2 2 2 2 2 2 2 2 2 2 2 2 2
left_child=1 3 -3 -1 5 -2 -4 -5 11 10 -10 12 14 -12 15 16 17 18 26 23 -21 -22 -23 24 -11 -26 27 28 -6 -13
right_child=4 2 6 7 8 -7 -8 -9 9 19 13 29 -14 -15 -16 -17 -18 -19 -20 20 21 22 -24 -25 25 -27 -28 -29 -30 -31
leaf_value=-0.15428745072820915 0.020177791967536465 0.21897664864857994 -0.0465056160730975 -0.018188863367244019 0.043262009085579353 -0.1738976808993713 0.035693429871291919 0.043835670362813807 -0.0093633462082255963 -0.023568235814200911 -0.11075412432352703 0.07615694224834442 -0.062623812841332491 -0.028957293356858916 0.042905845557554417 -0.072842392250895505 0.062307468756689167 -0.059411913711273183 -0.01553526729792541 -0.059259516583836602 0.05208121626465409 -0.066746016253124582 -0.00021117963089365232 -0.072797071649914696 0.072277641660817293 -0.012978399085945317 0.0050761175134784878 0.082373877938674844 -0.035274541411887517 0.016629156150231836
leaf_weight=23 33 24 21 51 44 23 82 46 88 181 21 20 23 31 52 20 23 26 202 23 27 22 27215 21 23 56 978 23 22 387
leaf_count=23 33 24 21 51 44 23 82 46 88 181 21 20 23 31 52 20 23 26 202 23 27 22 27215 21 23 56 978 23 22 387
internal_value=-8.84155e-05 0.0192141 0.0567377 -0.0204984 -0.000249574 -0.0595318 0.0189344 0.0112248 -0.000137145 -0.000580299 -0.0289106 0.00660951 0.00288088 -0.0619906 0.00396477 0.00245136 0.00359391 0.00255112 0.00382065 -0.000436428 -0.000262852 -0.000213082 -0.000264921 -0.0172918 -0.0128087 0.011843 0.00748503 0.033956 0.0170832 0.0195544
internal_weight=29831 247 127 120 29584 56 103 97 29528 27708 140 1820 1413 52 1390 1338 1318 1295 1269 27568 27287 27264 27237 281 260 79 1067 89 66 407
internal_count=29831 247 127 120 29584 56 103 97 29528 27708 140 1820 1413 52 1390 1338 1318 1295 1269 27568 27287 27264 27237 281 260 79 1067 89 66 407
is_linear=0
shrinkage=0.05


Tree=141
num_leaves=31
num_cat=0
split_feature=80 156 8 4 299 290 8 24 215 287 298 293 299 297 229 186 84 198 40 19 4 203 59 121 53 31 77 227 60 205
split_gain=30.4664 71.4984 50.7885 66.2676 323.702 79.1719 246.667 47.577 41.9301 42.8407 55.8849 105.759 52.6627 49.6656 48.8054 47.2763 40.5687 38.5953 37.2369 46.3074 34.6261 59.8091 46.6008 35.7211 34.1421 39.6184 36.84 34.9057 34.2208 33.611
threshold=-4.2736515998840323 -12.096914291381834 3.6934021711349492 2.4508529901504521 -30.106698989868161 -30.668520927429196 -0.45739215612411493 -6.3328840732574454 -18.148038864135739 -7.5717647075653067 -6.0003643035888663 0.38201683759689337 -5.4308888912200919 -5.7492482662200919 -8.2842092514038068 -6.1241035461425772 -5.2525696754455558 0.88799738883972179 0.036845941096544273 -1.3323796987533567 -1.2602614760398863 -6.506953001022338 -3.201823234558105 1.2394118309020998 -2.1174871921539302 -7.4559805393218985 -6.0620555877685538 -0.64679771661758412 -1.2177451252937315 -0.76493191719055165
decision_type=2 2 2 2 2 2 2 2 2 2 2 2 2 2 2 2 2 2 2 2 2 2 2 2 2 2 2 2 2 2
left_child=2 16 3 5 -5 6 -1 -6 -3 -10 11 12 17 18 -15 -14 -2 20 -12 -20 21 -11 -23 -22 25 -7 -26 -28 -29 -24
right_child=1 8 -4 4 7 24 -8 -9 9 10 13 -13 15 14 -16 -17 -18 -19 19 -21 23 22 29 -25 26 -27 27 28 -30 -31
leaf_value=-0.19524032845161857 -0.11541306585073473 0.064315938949584969 -0.069731338051232425 0.22447731018066408 -0.031846926477220323 0.029366655580632325 0.027291160725960231 0.026816846742826025 -0.0072233779971598482 0.082897699602386535 -0.0075510760297855502 0.1229914739727974 -0.042102898657321933 -0.074648846414956185 -0.00014179921548741558 0.038756326475041986 -0.023479364116986593 -0.058727877167984846 -0.10894005285575986 -0.02661201611487593 0.00031159268769488186 0.063639996700773124 0.011501589016604823 0.064602989889681342 0.067357042702761563 -0.0019438378738032447 0.0086007116019778378 0.10366051780525597 0.011166194093821106 -0.044567044340674919
leaf_weight=20 20 25 22 20 45 111 33 149 2163 34 325 20 20 22 23302 188 30 24 20 117 1204 38 194 22 33 1125 434 20 20 31
leaf_count=20 20 25 22 20 45 111 33 149 2163 34 325 20 20 22 23302 188 30 24 20 117 1204 38 194 22 33 1125 434 20 20 31
internal_value=-8.39947e-05 -0.000516005 0.00582616 0.00665316 0.0329539 0.00351933 -0.056683 0.0132093 -0.000408367 -0.000466732 0.000105023 0.00866337 0.00736049 -0.000533633 -0.000212077 0.0309814 -0.0602528 0.00418457 -0.0167673 -0.0386307 0.00517597 0.0204935 0.012426 0.00146527 0.00534992 0.000868027 0.0162762 0.0127199 0.0574134 0.00377658
internal_weight=29831 27799 2032 2010 214 1796 53 194 27749 27724 25561 1775 1755 23786 23324 208 50 1547 462 137 1523 297 263 1226 1743 1236 507 474 40 225
internal_count=29831 27799 2032 2010 214 1796 53 194 27749 27724 25561 1775 1755 23786 23324 208 50 1547 462 137 1523 297 263 1226 1743 1236 507 474 40 225
is_linear=0
shrinkage=0.05


Tree=142
num_leaves=31
num_cat=0
split_feature=4 23 0 5 239 128 92 46 84 204 3 28 97 111 115 7 72 73 274 196 219 108 10 61 86 191 13 21 44 294
split_gain=28.7979 38.8392 35.9809 32.2126 44.7441 52.7617 66.3476 51.1332 45.5766 43.9505 45.8842 51.8165 36.8509 34.5912 39.7422 33.2205 31.8732 31.8185 29.6593 66.3929 32.8833 39.1856 32.2314 31.3839 30.6947 28.3987 28.2708 56.4147 114.985 88.1208
threshold=-2.8553872108459468 2.1602616310119633 -3.9824814796447749 -2.0794919729232784 -1.6636170744895933 4.0105009078979501 0.90266108512878429 -2.9298857450485225 1.3918727040290835 -7.3389029502868643 -1.5466946363449094 0.2788235098123551 -4.7514050006866446 -1.5227695703506468 -1.2305644750595091 -1.654836058616638 0.52160125970840465 -4.8374264240264884 -11.691568374633787 -3.9041830301284786 -1.6204255223274229 -1.750114321708679 -1.0399887561798093 1.0588405728340151 0.25650767982006079 -1.3964923620223997 -1.7152940630912779 -6.8003075122833243 -11.126580715179442 -13.904709339141844
decision_type=2 2 2 2 2 2 2 2 2 2 2 2 2 2 2 2 2 2 2 2 2 2 2 2 2 2 2 2 2 2
left_child=1 2 -1 4 9 6 7 -6 -9 12 11 25 -2 -8 -15 16 -16 -12 22 24 21 -21 -4 -23 -20 -11 -5 29 -29 -28
right_child=3 -3 18 26 5 -7 13 8 -10 10 17 -13 -14 14 15 -17 -18 -19 19 20 -22 23 -24 -25 -26 -27 27 28 -30 -31
leaf_value=0.066691394105102081 -0.010945387929677964 -0.012179871228260872 0.01571436786491956 -0.0044487354167075969 0.08562690563823866 0.069327367842197424 -0.076573653658851992 0.0025110360084964127 0.066212551680303391 -0.055249319996398233 -0.071640999424878671 -0.010291835425768869 0.036703026707355792 0.03063979761320211 0.055822168225827432 -0.034280318261768958 -0.022411965318024158 -0.011412944244280174 0.036569251380860805 0.017002036484579246 0.017231944730297384 -0.018870495670797446 -0.060850552510884073 -0.092571427021175628 0.10368194441311061 -0.12338221239857378 0.1316483343995753 -0.082139607483432409 0.00066187857442128752 -0.0038452331242816787
leaf_weight=33 108 156 28 3088 23 28 24 298 31 65 23 59 65 42 23 156 30 471 115 54 206 52 27 20 20 20 21 42 24475 28
leaf_count=33 108 156 28 3088 23 28 24 298 31 65 23 59 65 42 23 156 30 471 115 54 206 52 27 20 20 20 21 42 24475 28
internal_value=-7.9795e-05 0.0098623 0.0160579 -0.000322543 -0.00754524 0.00217464 -0.000824208 0.013552 0.00851331 -0.0153955 -0.0214566 -0.0462921 0.0069572 -0.0192257 -0.0137423 -0.0226611 0.0115387 -0.0142171 0.012857 0.0169471 0.00492529 -0.0151951 -0.021872 -0.039343 0.0465119 -0.0712806 6.03482e-05 0.00062715 0.000520032 0.0542234
internal_weight=29831 711 555 29120 1466 655 627 352 329 811 638 144 173 275 251 209 53 494 522 467 332 126 55 72 135 85 27654 24566 24517 49
internal_count=29831 711 555 29120 1466 655 627 352 329 811 638 144 173 275 251 209 53 494 522 467 332 126 55 72 135 85 27654 24566 24517 49
is_linear=0
shrinkage=0.05


Tree=143
num_leaves=31
num_cat=0
split_feature=22 2 2 236 95 2 28 115 50 80 165 240 52 7 96 97 95 48 208 33 36 193 142 127 120 219 7 179 211 283
split_gain=30.8857 132.133 312.225 276.888 68.6816 181.943 44.8744 43.9455 31.0673 29.9066 45.31 59.9273 36.6275 38.4686 34.9684 46.7278 30.0819 29.9877 45.2953 42.7593 38.5342 36.6274 35.1709 33.4515 32.412 29.5675 27.9229 27.3707 26.9977 38.759
threshold=-5.9864425659179679 0.47697167098522192 0.10313726961612703 -23.278582572937008 -13.656627655029295 1.8665862679481509 -4.0949068069457999 -7.2027976512908927 -3.1552940607070918 -5.1058928966522208 -9.1726651191711408 -17.484386444091793 -4.9870891571044913 1.7588795423507693 -1.7765558958053587 -0.87248867750167836 -2.5786763429641719 -4.510514259338378 -0.67116382718086232 -5.4078090190887442 -6.8474595546722403 -3.7341830730438228 -4.2868630886077872 -2.2581464052200313 -1.1073856353759763 -3.5372442007064815 -3.5482424497604366 -5.2031314373016349 -11.699333190917967 -12.094738483428953
decision_type=2 2 2 2 2 2 2 2 2 2 2 2 2 2 2 2 2 2 2 2 2 2 2 2 2 2 2 2 2 2
left_child=1 2 6 -3 5 -2 -1 -5 -8 14 12 -12 13 -11 -6 25 -14 18 21 27 -21 24 23 -23 -13 -16 -22 -19 -28 -30
right_child=4 3 -4 7 9 -7 8 -9 -10 10 11 17 16 -15 15 -17 -18 19 -20 20 26 22 -24 -25 -26 -27 28 -29 29 -31
leaf_value=0.06222708106917494 0.019697140021757646 0.20334410667419434 -0.19787627270533925 -0.024658794010557782 0.0051967661718712605 -0.16349655208380329 -0.048168935819908429 0.039003575628157705 0.03405041609890759 -0.012700578768034371 0.07875412404537202 -0.01303303753766112 -0.035816149447897551 0.065683475817027312 0.087190980214353023 -0.0111695048286382 0.01102500760746075 0.054670873446309047 0.040060951319922294 -0.049958879768084261 -0.015875179669324387 -0.036261697522486036 -0.022512594640643882 -0.12467815635260196 0.053802859489806003 0.014233189342277392 0.034620892895119534 0.012436291533502149 -0.015464049329054472 0.00010210832417106128
leaf_weight=34 33 24 21 41 1033 23 27 80 20 49 24 195 209 23 41 33 41 46 35 39 282 23 91 20 20 21 56 231 406 26610
leaf_count=34 33 24 21 41 1033 23 27 80 20 49 24 195 209 23 41 33 41 46 35 39 282 23 91 20 20 21 56 231 406 26610
internal_value=-7.58053e-05 0.0175316 -0.0260709 0.0482037 -0.000222811 -0.0555431 0.0184712 0.017432 -0.013182 -0.000117896 -0.000435022 -0.000221151 -0.0190843 0.0123388 0.00786648 0.0368961 -0.0281342 -0.000288713 -0.0141653 -9.61361e-05 -0.000293788 -0.0196035 -0.0401211 -0.0773856 -0.00681574 0.0624795 -0.000222978 0.01945 -5.99339e-05 -0.000131822
internal_weight=29831 247 102 145 29584 56 81 121 47 29528 28400 28078 322 72 1128 95 250 28054 384 27670 27393 349 134 43 215 62 27354 277 27072 27016
internal_count=29831 247 102 145 29584 56 81 121 47 29528 28400 28078 322 72 1128 95 250 28054 384 27670 27393 349 134 43 215 62 27354 277 27072 27016
is_linear=0
shrinkage=0.05


Tree=144
num_leaves=31
num_cat=0
split_feature=22 0 19 68 44 5 15 18 22 34 80 162 233 148 57 1 232 267 47 183 64 219 228 153 32 7 39 276 226 294
split_gain=27.8744 123.261 179.459 170.401 69.3549 126.521 34.5943 42.7426 39.4329 29.4457 27.9124 43.5659 36.6477 35.7403 35.3346 37.6041 36.2155 34.8305 33.7753 28.6545 31.664 30.3975 48.0217 53.2509 29.5934 26.9369 29.109 26.7281 57.5958 43.6674
threshold=-5.9864425659179679 3.9161064624786381 -5.999215602874755 -5.3986024856567374 -11.126580715179442 3.617805123329163 0.66491228342056286 -3.9863399267196651 -7.1782352924346915 -1.3031746149063108 -4.2736515998840323 -10.104320049285887 -15.859694957733153 -8.1154136657714826 -6.2324953079223624 0.95568624138832103 -16.946531295776364 -18.917702674865719 -1.8015730977058408 -0.68139329552650441 -0.49799476563930506 -4.0513389110565177 -3.7546328306198116 -5.5795931816101065 2.8892157077789311 -3.9942483901977535 3.4334366321563725 4.5696077346801767 -0.19889992475509641 -1.9807098507881162
decision_type=2 2 2 2 2 2 2 2 2 2 2 2 2 2 2 2 2 2 2 2 2 2 2 2 2 2 2 2 2 2
left_child=1 2 -1 -3 5 -2 7 8 -4 -9 19 12 -12 -14 15 18 -16 -18 -13 21 -21 22 24 -24 -6 26 -19 -27 -29 -30
right_child=4 3 6 -5 10 -7 -8 9 -10 -11 11 14 13 -15 16 -17 17 25 -20 20 -22 -23 23 -25 -26 27 -28 28 29 -31
leaf_value=-0.14347082138061526 0.0085929627077920099 0.19954314082860947 0.098370761871337892 0.013498170860111715 0.0039058617011339101 -0.13701853775061096 0.065567775097276487 -0.027313347660665274 0.0013649839569221845 0.034031144816141862 -0.0086216665716732262 -0.036556710886794172 -0.11029088063673541 -0.025777832187455274 0.062461091124493141 -0.074035287119278856 -0.063193961707028484 -0.011484845876693725 0.041675100291401826 0.050710664163617525 -0.014164036346706921 -0.010505691246505369 0.10358240100053639 0.017235134581201957 0.049847567702333138 -0.00045390579592442912 -0.069760464906692507 0.075791989316542949 0.068351911987971387 0.0039588529352514194
leaf_weight=20 35 20 20 32 1332 26 28 79 22 26 85 37 22 29 23 33 22 150 22 68 26 285 26 57 36 26130 25 30 27 1058
leaf_count=20 35 20 20 32 1332 26 28 79 22 26 85 37 22 29 23 33 22 150 22 68 26 285 26 57 36 26130 25 30 27 1058
internal_value=-7.2015e-05 0.016655 -0.00158471 0.0850539 -0.000211671 -0.053471 0.0146308 0.00492857 0.0475582 -0.0121233 -0.000101627 -0.000496838 -0.0287265 -0.0622344 -0.000357519 -0.0312925 -0.000253895 -0.000306459 -0.00738553 0.00587902 0.0327666 0.00442312 0.00735539 0.0442837 0.00511485 -0.000256002 -0.0198099 -0.000130403 0.00745088 0.00556126
internal_weight=29831 247 195 52 29584 61 175 147 42 105 29523 27693 136 51 27557 92 27465 27442 59 1830 94 1736 1451 83 1368 27420 175 27245 1115 1085
internal_count=29831 247 195 52 29584 61 175 147 42 105 29523 27693 136 51 27557 92 27465 27442 59 1830 94 1736 1451 83 1368 27420 175 27245 1115 1085
is_linear=0
shrinkage=0.05


Tree=145
num_leaves=31
num_cat=0
split_feature=65 21 2 154 3 60 138 34 10 102 295 36 92 151 24 212 49 280 46 94 3 289 298 36 298 89 16 186 74 299
split_gain=95.1383 324.399 97.4193 83.0477 250.877 40.8942 40.3239 33.8607 27.6537 47.8594 55.4034 40.5689 40.5087 32.4923 31.0494 31.0294 27.7923 40.4283 34.0487 32.3164 31.8203 27.4688 47.839 42.4029 56.701 55.8448 52.034 43.3613 46.8371 42.1595
threshold=-10.334621429443358 -6.8003075122833243 2.0374019145965581 -16.268578529357907 2.4628466367721562 -7.9665203094482413 -13.916834354400633 -1.872941195964813 -1.8310543894767759 5.905437946319581 6.2142541408538827 1.9706830978393557 5.7541942596435556 4.0939214229583749 1.9136273860931399 4.0483922958374032 9.5229926109313983 14.056178569793703 9.6980981826782244 14.633529663085939 2.7904901504516606 4.816953420639039 3.4320466518402104 -0.33318628370761866 1.4263616204261782 1.8852614164352419 2.5964813232421879 7.0706486701965341 4.4726145267486581 3.1288177967071538
decision_type=2 2 2 2 2 2 2 2 2 2 2 2 2 2 2 2 2 2 2 2 2 2 2 2 2 2 2 2 2 2
left_child=1 -1 6 4 5 -2 -3 -8 9 10 13 -12 -11 15 -15 -5 19 18 -18 21 -20 22 -10 26 25 -25 -23 28 -26 -24
right_child=3 2 -4 8 -6 -7 7 -9 16 12 11 -13 -14 14 -16 -17 17 -19 20 -21 -22 23 29 24 27 -27 -28 -29 -30 -31
leaf_value=0.22839540481567383 0.05569293444806879 0.093337903703962055 -0.084913105991753668 -0.0034974433742986175 -0.20408619537949566 -0.032861742656677961 -0.013011353362987683 0.066343998815864322 0.00082785013391248579 -0.095096341609954838 0.0036341754888946361 0.098606563553861951 -0.017646952317311212 0.067632726009093952 -0.0037215260478357473 -0.032608562426522693 0.048402245624645339 0.090185756683349605 -0.048023505012194323 -0.05116624812285106 0.030145615857580434 -0.037786902445950545 -0.040284150337972564 0.12692798469437375 0.010285848597113749 0.028853206368202863 0.046155146548214065 -0.042414331270588773 0.074968820363283159 -0.006842066436413898
leaf_weight=20 22 21 22 3493 20 32 41 20 24554 25 22 23 52 31 30 94 37 20 30 30 23 80 119 21 417 47 24 36 30 453
leaf_count=20 22 21 22 3493 20 32 41 20 24554 25 22 23 52 31 30 94 37 20 30 30 23 80 119 21 417 47 24 36 30 453
internal_value=0.000273179 0.0439785 0.00851367 9.11042e-05 -0.0528116 0.00321609 0.0335794 0.0130068 0.000222955 -0.00377824 -0.00296477 0.0521756 -0.0427929 -0.00364496 0.0325405 -0.00426032 0.000804897 0.025884 0.0115947 0.000698016 -0.0141011 0.000758367 0.000494856 0.0108667 0.0163937 0.059141 -0.0184157 0.0103755 0.014627 -0.0137994
internal_weight=29889 124 104 29765 74 54 82 61 29691 3770 3693 45 77 3648 61 3587 25921 110 90 25811 53 25781 25126 655 551 68 104 483 447 572
internal_count=29889 124 104 29765 74 54 82 61 29691 3770 3693 45 77 3648 61 3587 25921 110 90 25811 53 25781 25126 655 551 68 104 483 447 572
is_linear=0
shrinkage=0.05


Tree=146
num_leaves=31
num_cat=0
split_feature=49 9 276 136 102 119 111 11 274 194 225 298 82 82 167 136 289 298 299 299 150 255 265 298 298 288 299 173 297 16
split_gain=48.0142 174.032 340.759 108.596 73.83 32.5696 73.9765 47.4395 45.4676 45.3015 74.9123 46.2923 45.762 42.6053 37.4694 42.0132 36.627 38.9039 56.1152 43.1004 48.2232 50.9039 42.6062 48.0846 37.4989 81.9508 65.9129 53.3425 48.698 48.0284
threshold=-9.8558840751647931 0.92578431963920604 -29.96334075927734 -7.8411343097686759 -13.64309787750244 0.84534636139869701 5.2717051506042489 4.2197618484497079 9.7728877067565936 -1.586634039878845 2.0330027341842656 2.2619608640670781 -2.2913527488708492 0.071125071495771422 1.0208430886268618 -2.6298365592956539 4.816953420639039 -0.37666672468185419 -1.0386274456977842 -0.70320266485214222 2.3860261440277104 -2.2501350641250606 2.2078711986541752 -3.3966666460037227 -4.4855294227600089 -9.0227451324462873 -4.4997386932373038 -3.5418076515197749 -7.6913728713989249 4.3579308986663827
decision_type=2 2 2 2 2 2 2 2 2 2 2 2 2 2 2 2 2 2 2 2 2 2 2 2 2 2 2 2 2 2
left_child=1 2 -1 -3 -2 6 7 8 16 10 11 14 -11 -12 15 -7 17 18 22 -19 -21 -22 24 -24 26 -26 29 -27 -28 -6
right_child=4 3 -4 -5 5 9 -8 -9 -10 12 13 -13 -14 -15 -16 -17 -18 19 -20 20 21 -23 23 -25 25 27 28 -29 -30 -31
leaf_value=0.25418413162231446 -0.070453746898754221 -0.13427962005138397 0.014845922252099061 0.025026239592420021 0.00047245286490804194 0.039271716773509983 -0.071126061516839104 -0.027344843414094711 -0.06759626936912537 -0.025179800642033418 0.1231676836538574 -0.064138992130756384 0.0030096927887693268 0.034518441478862905 0.041650881549837641 0.0024711770287843098 0.021912615598841785 -0.01828638114675964 0.0092374172750981191 -0.00050557123837348926 -0.078010305784204426 -0.013836104893688785 0.10245435163378716 0.014546004704731916 -0.082014497942873285 -0.012064621575044813 -0.04484002205633348 -0.0008100479469515643 0.019171935743098702 0.052305492692523541
leaf_weight=20 37 20 58 23 6519 92 37 162 25 150 23 20 3581 33 98 494 187 529 1697 2699 34 339 20 70 32 1165 31 10934 715 45
leaf_count=20 37 20 58 23 6519 92 37 162 25 150 23 20 3581 33 98 494 187 529 1697 2699 34 339 20 70 32 1165 31 10934 715 45
internal_value=0.00025952 0.0316922 0.0762147 -0.0490695 0.000131753 0.000219597 -0.000478473 -0.000374756 -0.000200276 0.00414283 0.0152694 0.010842 0.00187637 0.070928 0.0130344 0.00824874 -0.000132923 -0.00029896 0.000516203 -0.00510437 -0.00283442 -0.0196858 -0.000241562 0.0340812 -0.000400455 -0.00210509 0.00242839 -0.00189374 0.0165119 0.000827798
internal_weight=29889 121 78 43 29768 29731 25240 25203 25041 4491 760 704 3731 56 684 586 25016 24829 21228 3601 3072 373 19531 90 19441 12131 7310 12099 746 6564
internal_count=29889 121 78 43 29768 29731 25240 25203 25041 4491 760 704 3731 56 684 586 25016 24829 21228 3601 3072 373 19531 90 19441 12131 7310 12099 746 6564
is_linear=0
shrinkage=0.05


Tree=147
num_leaves=31
num_cat=0
split_feature=65 21 11 142 0 13 38 119 111 11 274 194 225 95 182 298 40 82 84 289 166 259 298 299 93 265 298 175 167 53
split_gain=82.2976 278.86 88.5419 77.3894 190.55 57.9516 52.3906 30.2742 69.4531 42.2015 41.0055 38.9003 68.5531 41.5841 40.7796 40.1697 38.0406 34.9064 34.8401 33.4842 39.4092 43.684 39.3761 37.5038 44.8017 35.8672 54.4504 42.7743 33.3013 38.6698
threshold=-10.334621429443358 -6.8003075122833243 -0.5807567536830901 -14.43705892562866 2.7220491170883183 -2.6002520322799678 -5.2964496612548819 0.80589687824249279 5.2717051506042489 4.2197618484497079 9.7728877067565936 -1.586634039878845 2.0330027341842656 2.8939044475555424 -4.1607336997985831 2.2619608640670781 0.72004574537277233 -2.2913527488708492 -2.9034745693206783 3.9383577108383183 -0.30654928088188166 1.3639582991600039 0.59001019597053539 0.66181853413581859 -4.7534966468811026 1.4414348006248476 -3.5800000429153438 3.1117645502090459 1.0208430886268618 2.2978615760803227
decision_type=2 2 2 2 2 2 2 2 2 2 2 2 2 2 2 2 2 2 2 2 2 2 2 2 2 2 2 2 2 2
left_child=1 -1 5 4 6 -3 -2 8 9 10 19 12 15 -14 -13 28 -11 18 -16 22 -21 -22 25 -24 -25 -5 -27 -28 29 -9
right_child=3 2 -4 7 -6 -7 -8 11 -10 16 -12 14 13 -15 17 -17 -18 -19 -20 20 21 -23 23 24 -26 26 27 -29 -30 -31
leaf_value=0.21187898635864261 0.043616860796665324 -0.002740581288482204 -0.051545519811602741 -9.0864485887441355e-05 -0.18281222403049469 0.091693245188798761 -0.054127612366126135 0.011476552990436973 -0.0698790493938658 -0.006472654827861208 -0.06421645408868791 -0.060555855184793478 0.10469541909042164 0.017629736915114335 0.014298679206209877 -0.058175814222721826 -0.055742927950632293 0.0032581889769953743 -0.037046096113703728 -0.019106221426221912 0.051969207952851842 0.009535672683582715 -0.018195510322431333 0.069741093456035561 -0.0038908173524306389 0.063478254112510055 0.0047180004974548845 0.079501785635948188 0.038577216740070593 -0.033232113578409515
leaf_weight=20 29 33 39 22152 20 32 26 553 36 101 25 26 32 24 48 21 64 3657 106 66 92 178 559 21 1271 49 435 20 101 53
leaf_count=20 29 33 39 22152 20 32 26 553 36 101 25 26 32 24 48 21 64 3657 106 66 92 178 559 21 1271 49 435 20 101 53
internal_value=0.000246544 0.0408956 0.00801413 7.72016e-05 -0.050649 0.0437499 -0.00258962 0.000205341 -0.000480148 -0.000380345 -0.000213121 0.00392413 0.014073 0.0673816 0.00185045 0.00997231 -0.0255835 0.00227621 -0.0210425 -0.000148713 0.0155283 0.0239945 -0.000363651 -0.00737545 -0.00269401 0.000209215 0.0133984 0.0080052 0.0119965 0.00756639
internal_weight=29889 124 104 29765 75 65 55 29690 25069 25033 24868 4621 784 56 3837 728 165 3811 154 24843 336 270 24507 1851 1292 22656 504 455 707 606
internal_count=29889 124 104 29765 75 65 55 29690 25069 25033 24868 4621 784 56 3837 728 165 3811 154 24843 336 270 24507 1851 1292 22656 504 455 707 606
is_linear=0
shrinkage=0.05


Tree=148
num_leaves=31
num_cat=0
split_feature=68 30 34 142 2 2 12 3 20 104 213 108 164 104 24 40 37 266 150 112 149 8 102 207 107 125 122 102 164 178
split_gain=49.6785 193.49 72.8543 72.5586 127.142 30.6175 26.1569 31.8226 57.4524 31.9058 34.5103 50.2218 31.9452 45.4042 27.3392 44.7025 49.6096 40.6873 46.8455 37.4512 34.4977 33.0069 34.4959 54.0647 31.0989 32.5426 27.012 26.9996 28.4252 26.9634
threshold=-9.192713260650633 -10.86642551422119 -8.8489036560058576 -14.43705892562866 1.4206302762031557 -0.25458249449729914 -0.11525847390294074 -2.2458496093749996 -3.7393710613250728 3.7398239374160771 -5.5109572410583487 -3.7197488546371456 -5.5962629318237296 -5.2968273162841788 -1.126834452152252 1.767483711242676 1.477617144584656 5.2046551704406747 5.0305347442626962 -4.651960849761962 4.8204178810119638 0.57134801149368297 5.2210936546325692 3.2816226482391362 3.1994116306304936 1.858935594558716 1.4386367797851565 -1.9544962048530576 0.67308226227760326 -5.2172548770904532
decision_type=2 2 2 2 2 2 2 2 2 2 2 2 2 2 2 2 2 2 2 2 2 2 2 2 2 2 2 2 2 2
left_child=1 -1 -3 4 5 -2 7 8 -5 10 11 -10 -12 -14 20 17 24 18 -16 -18 -9 22 -21 -24 25 -17 -19 -15 29 -29
right_child=3 2 -4 6 -6 -7 -8 14 9 -11 12 -13 13 27 15 16 19 26 -20 21 -22 -23 23 -25 -26 -27 -28 28 -30 -31
leaf_value=0.14749255861554827 -0.047106560375541451 -0.086567089557647706 0.020126293301582339 0.043998197979397247 -0.15776115015149117 0.040382675584405663 0.0019363230369058783 0.0024708588195931727 -0.016612760928717066 -0.05651212366563934 0.050022979887823261 -0.088309092142365209 -0.082862007468938834 0.011852513889471691 -0.0034967880742433118 0.019893428055976315 -0.060977302908897406 0.00066691274444262189 -0.069455464639597467 0.00033544834861123874 -0.056393715858459474 0.018505214266114872 -0.080190438368461209 -0.0040169310614918225 0.071942618668365932 -0.025703071335027385 0.064907332220011285 0.035216288343071937 0.011208884758301653 -0.024943184260299563
leaf_weight=28 20 20 80 45 20 20 12632 5650 94 42 24 33 20 150 9007 435 25 30 27 662 25 211 36 66 26 43 36 20 91 271
leaf_count=28 20 20 80 45 20 20 12632 5650 94 42 24 33 20 150 9007 435 25 30 27 662 25 211 36 66 26 43 36 20 91 271
internal_value=0.000234217 0.0313168 -0.00121238 0.000100533 -0.0548283 -0.00336194 0.000211496 -0.00106497 -0.0108652 -0.014179 -0.0116499 -0.0352425 -0.00644806 -0.00890332 -0.000589379 -0.00208836 0.00589706 -0.00340815 -0.00369392 -0.000549739 0.00221154 0.000999686 -0.00383496 -0.0309017 0.0186883 0.0157917 0.0357071 -0.00612292 -0.0131813 -0.0208085
internal_weight=29889 128 100 29761 60 40 29701 17069 790 745 703 127 576 552 16279 10604 1504 9100 9034 1000 5675 975 764 102 504 478 66 532 382 291
internal_count=29889 128 100 29761 60 40 29701 17069 790 745 703 127 576 552 16279 10604 1504 9100 9034 1000 5675 975 764 102 504 478 66 532 382 291
is_linear=0
shrinkage=0.05


Tree=149
num_leaves=31
num_cat=0
split_feature=65 20 2 156 0 138 14 197 26 36 4 57 26 9 101 37 217 103 244 275 44 107 222 37 115 9 132 1 12 63
split_gain=70.789 222.15 95.7083 67.3378 197.305 43.448 32.9699 38.4136 47.9951 39.5674 32.2324 25.9685 33.1339 36.8216 44.9228 36.7574 33.5889 30.1965 33.9243 38.5094 33.7363 39.142 32.8553 30.3875 39.1864 31.9974 53.3568 27.026 25.988 48.3126
threshold=-10.334621429443358 -6.6088237762451163 1.9794117212295534 -16.47764682769775 3.0815870761871342 -13.916834354400633 5.9039213657379159 -1.6033713817596433 -1.8045996427536009 1.31156861782074 1.0719118118286135 -4.6327350139617911 -5.2819983959197989 -2.3314328193664546 -1.0811764597892759 -1.7935897707939146 -0.1688333377242088 -5.5487337112426749 -2.8118234872817989 -6.4197945594787589 -5.2069609165191642 -5.8214290142059317 -2.6311483383178706 1.477617144584656 -10.029781818389891 -1.0316992998123167 -1.9902142286300657 0.13729412108659747 -0.11525847390294074 -5.3900926113128653
decision_type=2 2 2 2 2 2 2 2 2 2 2 2 2 2 2 2 2 2 2 2 2 2 2 2 2 2 2 2 2 2
left_child=1 -1 5 4 10 -3 11 -8 -9 -10 -2 12 27 16 -15 -16 -14 18 22 -20 21 -19 23 24 -13 26 -26 -5 29 -22
right_child=3 2 -4 6 -6 -7 7 8 9 -11 -12 17 13 14 15 -17 -18 20 19 -21 28 -23 -24 -25 25 -27 -28 -29 -30 -31
leaf_value=0.18613688151041669 -0.0243858548050577 0.097368936538696299 -0.082185346665589715 0.045256445695627104 -0.15788228443035712 0.012272958556811014 0.07752476241439582 0.073578346828403682 -0.045309608862609478 0.029408778052996187 0.063317118510603912 -0.049223374359069337 -0.0354551354572177 8.5392343843805386e-06 -0.09350708160888066 -0.020116982957054125 0.02601639571785927 -0.077639921069145204 0.081344278788927832 0.014848799351602793 -0.036260607162701713 -0.011647573596722373 -0.05150785305692504 0.054830079683751781 0.014795990976831114 -0.0015843978111076422 0.099360506087541586 -0.0020101384849205046 0.0020326568297224751 -0.000865155155975976
leaf_weight=21 22 20 23 49 26 60 28 23 37 34 20 31 200 580 22 76 25 25 33 64 97 222 24 33 277 367 20 79 11602 15749
leaf_count=21 22 20 23 49 26 60 28 23 37 34 20 31 200 580 22 76 25 25 33 64 97 222 24 33 277 367 20 79 11602 15749
internal_value=0.000222506 0.0379223 0.00770382 6.54498e-05 -0.0496336 0.033547 0.00017925 0.0261183 0.0108058 -0.00952897 0.0173775 7.22489e-05 -0.00772352 -0.0110982 -0.00528185 -0.0365923 -0.028625 0.000353829 0.00964215 0.037471 6.90925e-05 -0.018327 0.00605253 0.00795013 0.00572417 0.0082895 0.0204906 0.0160841 0.000234636 -0.00108183
internal_weight=29889 124 103 29765 68 80 29697 122 94 71 42 29575 1031 903 678 98 225 28544 849 97 27695 247 752 728 695 664 297 128 27448 15846
internal_count=29889 124 103 29765 68 80 29697 122 94 71 42 29575 1031 903 678 98 225 28544 849 97 27695 247 752 728 695 664 297 128 27448 15846
is_linear=0
shrinkage=0.05


end of trees

feature_importances:
Column_299=440
Column_298=184
Column_293=95
Column_292=54
Column_296=47
Column_297=47
Column_295=43
Column_21=39
Column_28=38
Column_294=37
Column_7=36
Column_35=36
Column_44=36
Column_288=36
Column_4=35
Column_57=35
Column_189=35
Column_291=34
Column_183=33
Column_3=32
Column_284=32
Column_9=31
Column_232=31
Column_249=31
Column_251=30
Column_0=29
Column_241=29
Column_283=29
Column_289=29
Column_247=28
Column_2=27
Column_8=27
Column_30=27
Column_119=27
Column_182=26
Column_212=26
Column_286=26
Column_13=25
Column_22=25
Column_23=25
Column_51=25
Column_133=25
Column_285=25
Column_1=24
Column_10=24
Column_11=23
Column_14=22
Column_16=22
Column_24=22
Column_160=22
Column_186=22
Column_237=22
Column_239=22
Column_287=22
Column_29=21
Column_32=21
Column_190=21
Column_27=20
Column_66=20
Column_185=20
Column_236=20
Column_49=19
Column_65=19
Column_242=19
Column_18=18
Column_19=18
Column_39=18
Column_165=18
Column_257=18
Column_263=18
Column_281=18
Column_290=18
Column_5=17
Column_17=17
Column_36=17
Column_50=17
Column_60=17
Column_63=17
Column_235=17
Column_240=17
Column_250=17
Column_26=16
Column_34=16
Column_85=16
Column_112=16
Column_248=16
Column_282=16
Column_25=15
Column_33=15
Column_52=15
Column_95=15
Column_121=15
Column_187=15
Column_256=15
Column_265=15
Column_62=14
Column_143=14
Column_146=14
Column_184=14
Column_188=14
Column_211=14
Column_219=14
Column_280=14
Column_20=13
Column_53=13
Column_68=13
Column_77=13
Column_131=13
Column_148=13
Column_156=13
Column_178=13
Column_200=13
Column_215=13
Column_244=13
Column_258=13
Column_73=12
Column_90=12
Column_124=12
Column_125=12
Column_198=12
Column_201=12
Column_234=12
Column_245=12
Column_255=12
Column_12=11
Column_31=11
Column_40=11
Column_64=11
Column_114=11
Column_118=11
Column_120=11
Column_152=11
Column_181=11
Column_223=11
Column_226=11
Column_38=10
Column_41=10
Column_42=10
Column_43=10
Column_46=10
Column_48=10
Column_56=10
Column_74=10
Column_79=10
Column_81=10
Column_82=10
Column_84=10
Column_87=10
Column_102=10
Column_123=10
Column_127=10
Column_168=10
Column_173=10
Column_180=10
Column_225=10
Column_238=10
Column_253=10
Column_264=10
Column_272=10
Column_275=10
Column_47=9
Column_105=9
Column_135=9
Column_154=9
Column_170=9
Column_174=9
Column_176=9
Column_220=9
Column_246=9
Column_260=9
Column_262=9
Column_274=9
Column_279=9
Column_37=8
Column_80=8
Column_86=8
Column_89=8
Column_109=8
Column_111=8
Column_116=8
Column_117=8
Column_122=8
Column_132=8
Column_144=8
Column_151=8
Column_158=8
Column_175=8
Column_177=8
Column_217=8
Column_6=7
Column_59=7
Column_70=7
Column_91=7
Column_92=7
Column_96=7
Column_97=7
Column_100=7
Column_128=7
Column_129=7
Column_134=7
Column_142=7
Column_150=7
Column_172=7
Column_179=7
Column_194=7
Column_196=7
Column_203=7
Column_204=7
Column_208=7
Column_216=7
Column_221=7
Column_230=7
Column_231=7
Column_243=7
Column_273=7
Column_277=7
Column_55=6
Column_61=6
Column_76=6
Column_78=6
Column_99=6
Column_138=6
Column_164=6
Column_171=6
Column_192=6
Column_205=6
Column_210=6
Column_222=6
Column_224=6
Column_266=6
Column_267=6
Column_269=6
Column_270=6
Column_276=6
Column_15=5
Column_45=5
Column_54=5
Column_67=5
Column_71=5
Column_72=5
Column_83=5
Column_88=5
Column_98=5
Column_104=5
Column_107=5
Column_110=5
Column_115=5
Column_155=5
Column_157=5
Column_167=5
Column_197=5
Column_207=5
Column_227=5
Column_228=5
Column_259=5
Column_58=4
Column_75=4
Column_93=4
Column_94=4
Column_101=4
Column_103=4
Column_106=4
Column_108=4
Column_136=4
Column_147=4
Column_153=4
Column_162=4
Column_166=4
Column_191=4
Column_193=4
Column_218=4
Column_233=4
Column_252=4
Column_254=4
Column_69=3
Column_113=3
Column_126=3
Column_137=3
Column_140=3
Column_145=3
Column_149=3
Column_163=3
Column_202=3
Column_206=3
Column_213=3
Column_214=3
Column_271=3
Column_130=2
Column_139=2
Column_141=2
Column_159=2
Column_161=2
Column_195=2
Column_199=2
Column_209=2
Column_229=2
Column_261=2
Column_278=2
Column_169=1
Column_268=1

parameters:
[boosting: gbdt]
[objective: regression]
[metric: l2]
[tree_learner: serial]
[device_type: gpu]
[data_sample_strategy: bagging]
[data: ]
[valid: ]
[num_iterations: 150]
[learning_rate: 0.05]
[num_leaves: 31]
[num_threads: 0]
[seed: 43]
[deterministic: 0]
[force_col_wise: 1]
[force_row_wise: 0]
[histogram_pool_size: -1]
[max_depth: -1]
[min_data_in_leaf: 20]
[min_sum_hessian_in_leaf: 0.001]
[bagging_fraction: 0.8]
[pos_bagging_fraction: 1]
[neg_bagging_fraction: 1]
[bagging_freq: 5]
[bagging_seed: 11149]
[bagging_by_query: 0]
[feature_fraction: 0.8]
[feature_fraction_bynode: 1]
[feature_fraction_seed: 21351]
[extra_trees: 0]
[extra_seed: 16806]
[early_stopping_round: 0]
[early_stopping_min_delta: 0]
[first_metric_only: 0]
[max_delta_step: 0]
[lambda_l1: 0]
[lambda_l2: 0]
[linear_lambda: 0]
[min_gain_to_split: 0]
[drop_rate: 0.1]
[max_drop: 50]
[skip_drop: 0.5]
[xgboost_dart_mode: 0]
[uniform_drop: 0]
[drop_seed: 2965]
[top_rate: 0.2]
[other_rate: 0.1]
[min_data_per_group: 100]
[max_cat_threshold: 32]
[cat_l2: 10]
[cat_smooth: 10]
[max_cat_to_onehot: 4]
[top_k: 20]
[monotone_constraints: ]
[monotone_constraints_method: basic]
[monotone_penalty: 0]
[feature_contri: ]
[forcedsplits_filename: ]
[refit_decay_rate: 0.9]
[cegb_tradeoff: 1]
[cegb_penalty_split: 0]
[cegb_penalty_feature_lazy: ]
[cegb_penalty_feature_coupled: ]
[path_smooth: 0]
[interaction_constraints: ]
[verbosity: -1]
[saved_feature_importance_type: 0]
[use_quantized_grad: 0]
[num_grad_quant_bins: 4]
[quant_train_renew_leaf: 0]
[stochastic_rounding: 1]
[linear_tree: 0]
[max_bin: 255]
[max_bin_by_feature: ]
[min_data_in_bin: 3]
[bin_construct_sample_cnt: 200000]
[data_random_seed: 179]
[is_enable_sparse: 1]
[enable_bundle: 1]
[use_missing: 1]
[zero_as_missing: 0]
[feature_pre_filter: 1]
[pre_partition: 0]
[two_round: 0]
[header: 0]
[label_column: ]
[weight_column: ]
[group_column: ]
[ignore_column: ]
[categorical_feature: ]
[forcedbins_filename: ]
[precise_float_parser: 0]
[parser_config_file: ]
[objective_seed: 26397]
[num_class: 1]
[is_unbalance: 0]
[scale_pos_weight: 1]
[sigmoid: 1]
[boost_from_average: 1]
[reg_sqrt: 0]
[alpha: 0.9]
[fair_c: 1]
[poisson_max_delta_step: 0.7]
[tweedie_variance_power: 1.5]
[lambdarank_truncation_level: 30]
[lambdarank_norm: 1]
[label_gain: ]
[lambdarank_position_bias_regularization: 0]
[eval_at: ]
[multi_error_top_k: 1]
[auc_mu_weights: ]
[num_machines: 1]
[local_listen_port: 12400]
[time_out: 120]
[machine_list_filename: ]
[machines: ]
[gpu_platform_id: -1]
[gpu_device_id: -1]
[gpu_use_dp: 0]
[num_gpu: 1]

end of parameters

pandas_categorical:null
