tree
version=v4
num_class=1
num_tree_per_iteration=1
label_index=0
max_feature_idx=299
objective=regression
feature_names=Column_0 Column_1 Column_2 Column_3 Column_4 Column_5 Column_6 Column_7 Column_8 Column_9 Column_10 Column_11 Column_12 Column_13 Column_14 Column_15 Column_16 Column_17 Column_18 Column_19 Column_20 Column_21 Column_22 Column_23 Column_24 Column_25 Column_26 Column_27 Column_28 Column_29 Column_30 Column_31 Column_32 Column_33 Column_34 Column_35 Column_36 Column_37 Column_38 Column_39 Column_40 Column_41 Column_42 Column_43 Column_44 Column_45 Column_46 Column_47 Column_48 Column_49 Column_50 Column_51 Column_52 Column_53 Column_54 Column_55 Column_56 Column_57 Column_58 Column_59 Column_60 Column_61 Column_62 Column_63 Column_64 Column_65 Column_66 Column_67 Column_68 Column_69 Column_70 Column_71 Column_72 Column_73 Column_74 Column_75 Column_76 Column_77 Column_78 Column_79 Column_80 Column_81 Column_82 Column_83 Column_84 Column_85 Column_86 Column_87 Column_88 Column_89 Column_90 Column_91 Column_92 Column_93 Column_94 Column_95 Column_96 Column_97 Column_98 Column_99 Column_100 Column_101 Column_102 Column_103 Column_104 Column_105 Column_106 Column_107 Column_108 Column_109 Column_110 Column_111 Column_112 Column_113 Column_114 Column_115 Column_116 Column_117 Column_118 Column_119 Column_120 Column_121 Column_122 Column_123 Column_124 Column_125 Column_126 Column_127 Column_128 Column_129 Column_130 Column_131 Column_132 Column_133 Column_134 Column_135 Column_136 Column_137 Column_138 Column_139 Column_140 Column_141 Column_142 Column_143 Column_144 Column_145 Column_146 Column_147 Column_148 Column_149 Column_150 Column_151 Column_152 Column_153 Column_154 Column_155 Column_156 Column_157 Column_158 Column_159 Column_160 Column_161 Column_162 Column_163 Column_164 Column_165 Column_166 Column_167 Column_168 Column_169 Column_170 Column_171 Column_172 Column_173 Column_174 Column_175 Column_176 Column_177 Column_178 Column_179 Column_180 Column_181 Column_182 Column_183 Column_184 Column_185 Column_186 Column_187 Column_188 Column_189 Column_190 Column_191 Column_192 Column_193 Column_194 Column_195 Column_196 Column_197 Column_198 Column_199 Column_200 Column_201 Column_202 Column_203 Column_204 Column_205 Column_206 Column_207 Column_208 Column_209 Column_210 Column_211 Column_212 Column_213 Column_214 Column_215 Column_216 Column_217 Column_218 Column_219 Column_220 Column_221 Column_222 Column_223 Column_224 Column_225 Column_226 Column_227 Column_228 Column_229 Column_230 Column_231 Column_232 Column_233 Column_234 Column_235 Column_236 Column_237 Column_238 Column_239 Column_240 Column_241 Column_242 Column_243 Column_244 Column_245 Column_246 Column_247 Column_248 Column_249 Column_250 Column_251 Column_252 Column_253 Column_254 Column_255 Column_256 Column_257 Column_258 Column_259 Column_260 Column_261 Column_262 Column_263 Column_264 Column_265 Column_266 Column_267 Column_268 Column_269 Column_270 Column_271 Column_272 Column_273 Column_274 Column_275 Column_276 Column_277 Column_278 Column_279 Column_280 Column_281 Column_282 Column_283 Column_284 Column_285 Column_286 Column_287 Column_288 Column_289 Column_290 Column_291 Column_292 Column_293 Column_294 Column_295 Column_296 Column_297 Column_298 Column_299
feature_infos=[-12.039215087890625:14.429411888122559] [-9.0282354354858398:13.110523223876953] [-11.898569107055664:13.686274528503418] [-10.695882797241211:11.619999885559082] [-8.8288230895996094:14.311634063720703] [-10.123529434204102:12.736974716186523] [-9.3518953323364258:10.753087997436523] [-9.7712631225585938:11.304950714111328] [-11.587263107299805:11.741029739379883] [-14.166380882263184:13.324966430664062] [-12.881992340087891:14.068366050720215] [-12.354117393493652:11.360392570495605] [-10.538751602172852:14.772090911865234] [-13.770588874816895:12.332402229309082] [-9.0548629760742188:10.460783958435059] [-9.7114286422729492:12.356471061706543] [-11.231764793395996:11.644741058349609] [-10.833507537841797:11.363529205322266] [-12.91749382019043:10.682965278625488] [-10.780783653259277:10.482745170593262] [-13.213725090026855:10.903585433959961] [-15.105999946594238:11.61607837677002] [-13.664706230163574:11.625097274780273] [-15.818301200866699:13.281437873840332] [-17.36235237121582:14.394640922546387] [-19.694116592407227:14.573464393615723] [-22.200000762939453:14.727843284606934] [-21.482521057128906:17.351371765136719] [-22.993373870849609:14.450588226318359] [-22.320049285888672:17.102745056152344] [-27.440874099731445:20.43450927734375] [-30.349273681640625:19.817647933959961] [-29.913568496704102:21.059999465942383] [-29.15656852722168:20.288234710693359] [-30.86981201171875:20.169412612915039] [-31.973136901855469:19.661960601806641] [-32.777812957763672:20.358430862426758] [-35.278400421142578:20.310195922851562] [-39.441516876220703:18.030000686645508] [-38.570343017578125:16.721569061279297] [-36.374599456787109:16.551763534545898] [-35.931182861328125:16.183528900146484] [-37.719459533691406:15.724313735961914] [-37.653244018554688:15.221372604370117] [-38.097400665283203:16.033203125] [-37.589000701904297:14.466706275939941] [-36.226741790771484:15.507451057434082] [-36.602588653564453:17.240283966064453] [-34.403408050537109:19.214902877807617] [-32.581764221191406:19.854116439819336] [-30.942966461181641:22.124706268310547] [-29.190866470336914:21.895687103271484] [-27.214387893676758:23.575685501098633] [-25.052406311035156:25.207843780517578] [-26.373796463012695:23.028627395629883] [-25.274051666259766:28.777908325195312] [-24.800785064697266:28.689411163330078] [-24.622016906738281:28.595882415771484] [-24.679903030395508:30.563072204589844] [-25.903081893920898:30.262025833129883] [-24.608123779296875:33.999477386474609] [-27.645881652832031:31.698040008544922] [-27.188850402832031:32.679805755615234] [-27.605377197265625:31.731372833251953] [-26.75663948059082:31.74078369140625] [-27.354330062866211:33.342353820800781] [-30.751764297485352:31.933856964111328] [-27.929304122924805:32.191764831542969] [-28.552406311035156:32.708236694335938] [-27.132884979248047:33.886665344238281] [-28.967449188232422:33.11529541015625] [-29.376583099365234:33.674118041992188] [-27.995630264282227:33.990589141845703] [-28.15208625793457:32.411762237548828] [-27.642072677612305:33.132549285888672] [-27.306737899780273:32.832550048828125] [-27.992549896240234:32.997646331787109] [-29.173431396484375:32.071762084960938] [-29.548627853393555:30.946666717529297] [-30.848922729492188:31.318822860717773] [-32.824901580810547:30.537647247314453] [-30.863531112670898:29.198823928833008] [-32.476764678955078:28.616470336914062] [-32.838825225830078:27.490589141845703] [-34.357551574707031:26.609804153442383] [-35.516078948974609:27.179214477539062] [-36.489608764648438:27.720001220703125] [-37.052841186523438:27.138038635253906] [-38.631767272949219:25.099216461181641] [-41.137256622314453:24.854118347167969] [-40.601177215576172:25.55882453918457] [-42.9188232421875:25.647058486938477] [-43.197647094726562:25.843528747558594] [-45.908237457275391:29.23176383972168] [-47.443527221679688:25.566274642944336] [-48.197647094726562:26.424314498901367] [-50.041175842285156:27.619216918945312] [-48.658824920654297:24.018039703369141] [-48.0811767578125:23.457647323608398] [-48.791763305664062:23.583530426025391] [-47.616470336914062:24.974117279052734] [-48.799999237060547:24.601568222045898] [-49.474117279052734:26.467451095581055] [-50.187057495117188:26.17137336730957] [-48.944705963134766:26.730588912963867] [-49.401470184326172:25.819868087768555] [-49.608921051025391:27.555599212646484] [-49.543628692626953:28.26823616027832] [-48.223037719726562:28.068235397338867] [-49.146080017089844:28.430587768554688] [-49.885883331298828:30.23411750793457] [-50.181861877441406:32.016471862792969] [-49.870979309082031:32.750587463378906] [-49.358726501464844:33.862354278564453] [-49.819900512695312:32.612941741943359] [-48.97833251953125:34.732940673828125] [-49.952938079833984:35.108234405517578] [-51.260688781738281:35.560001373291016] [-48.178428649902344:36.543529510498047] [-49.066764831542969:37.715293884277344] [-49.673236846923828:38.1688232421875] [-49.862941741943359:38.941173553466797] [-48.651470184326172:38.876338958740234] [-48.849216461181641:38.637649536132812] [-50.794803619384766:40.154117584228516] [-50.631664276123047:40.402351379394531] [-50.150489807128906:41.457645416259766] [-51.701667785644531:41.414707183837891] [-51.086666107177734:40.114707946777344] [-52.223724365234375:41.115882873535156] [-52.8067626953125:40.567058563232422] [-52.015880584716797:39.898235321044922] [-53.847743988037109:39.789413452148438] [-54.230880737304688:40.295883178710938] [-55.430095672607422:40.014705657958984] [-54.959606170654297:38.592941284179688] [-55.471275329589844:37.587646484375] [-56.650688171386719:36.697059631347656] [-57.518333435058594:36.069999694824219] [-57.977352142333984:35.285293579101562] [-56.678920745849609:34.821178436279297] [-59.222156524658203:35.015293121337891] [-59.240882873535156:33.537059783935547] [-60.700489044189453:35.460784912109375] [-63.816173553466797:33.681179046630859] [-64.556861877441406:34.944313049316406] [-64.879310607910156:37.528236389160156] [-68.293037414550781:37.245098114013672] [-68.639999389648438:37.163528442382812] [-69.683822631835938:30.708822250366211] [-72.095489501953125:32.394508361816406] [-71.535194396972656:32.507450103759766] [-73.289405822753906:30.747842788696289] [-75.305976867675781:29.382352828979492] [-75.44000244140625:27.682352066040039] [-74.500289916992188:26.904314041137695] [-76.408134460449219:26.577255249023438] [-77.023330688476562:25.808628082275391] [-77.299514770507812:25.49098014831543] [-75.84735107421875:26.218822479248047] [-78.431076049804688:24.770195007324219] [-78.962448120117188:24.65960693359375] [-79.816566467285156:24.478429794311523] [-81.047843933105469:26.261354446411133] [-80.6439208984375:26.469804763793945] [-79.169700622558594:27.223136901855469] [-81.452354431152344:26.367841720581055] [-80.950294494628906:28.6314697265625] [-81.329704284667969:29.111656188964844] [-82.270103454589844:27.689411163330078] [-81.557846069335938:29.716470718383789] [-81.960395812988281:29.432809829711914] [-81.989906311035156:29.527711868286133] [-83.401275634765625:31.950588226318359] [-83.726959228515625:33.412940979003906] [-83.378532409667969:35.630588531494141] [-84.042259216308594:33.600002288818359] [-82.750297546386719:33.192619323730469] [-83.120002746582031:34.895294189453125] [-83.599319458007812:35.897647857666016] [-83.571083068847656:36.347061157226562] [-84.356269836425781:36.089412689208984] [-86.365394592285156:35.975296020507812] [-86.120681762695312:36.823135375976562] [-86.10430908203125:37.454116821289062] [-85.503433227539062:37.482353210449219] [-86.235885620117188:39.434116363525391] [-86.725494384765625:39.527057647705078] [-86.251274108886719:39.756862640380859] [-87.681083679199219:39.510589599609375] [-87.438529968261719:38.844703674316406] [-88.625:38.158824920654297] [-89.152252197265625:36.818824768066406] [-90.002647399902344:37.904705047607422] [-91.3306884765625:36.721370697021484] [-91.044509887695312:34.550586700439453] [-91.97686767578125:35.654117584228516] [-93.247642517089844:35.341175079345703] [-93.650787353515625:33.9815673828125] [-95.055885314941406:33.930587768554688] [-94.411376953125:34.054508209228516] [-97.962837219238281:31.90313720703125] [-97.131271362304688:32.121959686279297] [-98.411170959472656:29.858430862426758] [-99.444900512695312:28.543136596679688] [-99.398330688476562:26.874509811401367] [-102.76058959960938:26.186666488647461] [-103.59244537353516:25.967058181762695] [-105.36146545410156:23.857646942138672] [-105.39470672607422:24.032548904418945] [-106.49882507324219:22.39647102355957] [-107.78696441650391:21.83098030090332] [-108.70646667480469:24.623136520385742] [-109.52068328857422:23.450588226318359] [-110.75666809082031:22.076862335205078] [-111.50402069091797:23.123529434204102] [-112.24617767333984:23.070589065551758] [-112.76637268066406:23.449411392211914] [-113.67470550537109:26.280000686645508] [-113.75901794433594:21.523529052734375] [-114.98568725585938:23.777647018432617] [-116.97166442871094:28.7435302734375] [-117.63676452636719:22.279214859008789] [-118.010986328125:24.477058410644531] [-118.06166839599609:24.030981063842773] [-117.8251953125:25.107843399047852] [-119.35421752929688:25.06549072265625] [-119.78823852539062:24.560783386230469] [-119.90725708007812:24.723529815673828] [-119.47176361083984:25.373725891113281] [-119.70814514160156:26.851764678955078] [-119.81813812255859:28.342351913452148] [-119.99186706542969:30.404706954956055] [-118.36244964599609:28.843530654907227] [-119.5567626953125:30.491764068603516] [-118.94107818603516:30.904705047607422] [-119.49069213867188:30.615293502807617] [-119.94147491455078:31.171764373779297] [-119.10411834716797:33.771766662597656] [-120.01538848876953:34.727058410644531] [-120.55813598632812:32.467056274414062] [-119.85538482666016:33.951763153076172] [-119.60597991943359:35.624706268310547] [-120.69304656982422:36.421176910400391] [-121.72853088378906:36.959999084472656] [-121.74274444580078:36.758823394775391] [-121.85813140869141:36.462352752685547] [-121.90264129638672:37.332939147949219] [-121.99891662597656:38.298824310302734] [-122.75049591064453:38.512943267822266] [-123.53529357910156:38.627059936523438] [-123.62401580810547:36.976470947265625] [-123.63922119140625:35.575294494628906] [-124.39402008056641:37.314117431640625] [-125.03500366210938:38.443531036376953] [-124.65167236328125:36.671764373779297] [-124.47088623046875:34.691764831542969] [-125.22352600097656:35.120586395263672] [-126.05979919433594:33.523529052734375] [-126.68116760253906:32.091766357421875] [-127.31049346923828:31.088235855102539] [-129.12068176269531:32.894706726074219] [-130.96577453613281:33.939411163330078] [-130.961181640625:30.453529357910156] [-130.78305053710938:29.045883178710938] [-132.28422546386719:28.864706039428711] [-134.02284240722656:29.43450927734375] [-134.98019409179688:28.855295181274414] [-135.83029174804688:27.682352066040039] [-137.57736206054688:26.210588455200195] [-139.26353454589844:24.923530578613281] [-139.06941223144531:23.686275482177734] [-138.79754638671875:22.38078498840332] [-141.45411682128906:21.410587310791016] [-144.20225524902344:22.381175994873047] [-144.936279296875:22.94117546081543] [-145.46607971191406:24.490196228027344] [-145.96745300292969:23.32196044921875] [-146.19108581542969:21.756862640380859] [-147.27842712402344:21.757646560668945] [-148.71470642089844:22.001176834106445] [-148.835693359375:23.432548522949219] [-148.60235595703125:24.804313659667969] [-149.90216064453125:25.008235931396484] [-151.77687072753906:25.741176605224609] [-153.05685424804688:25.996078491210938] [-154.10902404785156:26.307058334350586] [-153.35107421875:26.032155990600586] [-152.50578308105469:25.754901885986328] [-152.59196472167969:25.038824081420898] [-152.79756164550781:27.263528823852539] [-153.52607727050781:28.263530731201172] [-154.27381896972656:29.159999847412109] [-154.62156677246094:29.757646560668945] [-155.0543212890625:29.723527908325195] [-155.0792236328125:30.990589141845703] [-155.1553955078125:32.429412841796875] [-155.52490234375:32.79058837890625] [-155.95108032226562:33.180000305175781] [-156.06205749511719:34.057647705078125]
tree_sizes=2810 2862 2860 2871 2868 2879 2870 2891 2882 2877 2892 2878 2884 2920 2876 2883 2892 2898 2899 2886 2906 2888 2896 2916 2915 2882 2896 2897 2900 2906 2896 2900 2901 2904 2910 2910 2890 2908 2905 2903 2891 2931 2893 2891 2896 2902 2904 2921 2930 2906 2883 2896 2899 2906 2945 2918 2894 2908 2898 2896 2902 2925 2898 2892 2892 2904 2914 2917 2922 2919 2886 2928 2895 2934 2899 2932 2903 2874 2920 2902 2914 2891 2912 2880 2874 2924 2888 2911 2928 2918 2905 2887 2910 2884 2905 2917 2914 2890 2904 2925

Tree=0
num_leaves=31
num_cat=0
split_feature=299 299 299 299 299 299 299 299 29 299 299 299 299 299 84 299 296 291 212 160 12 247 299 298 278 293 293 293 293 35
split_gain=496608 124404 91051.3 37924.5 32815.2 21449.4 20312 13805.1 11054 7835.87 6408.34 5970.51 2988.34 2675.63 2359.1 1674.38 1267.69 1180.41 1019.9 932.68 1004.17 902.75 901.477 831.806 796.351 782.958 763.055 615.875 553.389 524.873
threshold=-9.7227773666381818 -1.2598674893379209 -23.284902572631832 -4.6533334255218497 3.2870007753372197 -15.356809616088865 -31.38612079620361 9.7821078300476092 -9.2954568862915021 0.46161134541034704 -7.1260104179382315 -2.9231373071670528 -18.745240211486813 -12.439054965972899 10.44278144836426 5.6214847564697275 1.4226500391960146 -5.221346139907836 -6.321791172027587 -17.418751716613766 -1.4550245404243467 -1.9522254467010496 -3.621155738830566 -26.362575531005856 5.7759804725646982 -7.1688823699951163 -0.24225491285324094 -11.073015213012694 -8.6407170295715314 -5.1636600494384757
decision_type=2 2 2 2 2 2 2 2 2 2 2 2 2 2 2 2 2 2 2 2 2 2 2 2 2 2 2 2 2 2
left_child=2 3 6 10 9 12 8 15 -1 18 25 22 -4 -7 -9 -6 -11 -12 -3 20 -10 29 -5 -8 -16 -2 -20 -14 -15 -13
right_child=1 4 5 11 7 13 23 14 19 16 17 21 27 28 24 -17 -18 -19 26 -21 -22 -23 -24 -25 -26 -27 -28 -29 -30 -31
leaf_value=-6.3829372027351425 -3.754459235428262 -3.5643273720647506 -4.3547277877232071 -3.5272587797308446 -3.1465819261777317 -4.007799925358289 -4.740722727849783 -2.7857330650036616 -5.1224678354477673 -3.2972448799626606 -3.6277925871886998 -3.5839756735626458 -4.1768643533738148 -3.8904968697912627 -2.552916709007679 -3.0145474886223869 -3.2353186855628953 -3.5701604194692429 -3.3828368228057908 -5.0410111150107415 -5.600191182504763 -3.4226609042489349 -3.4883494108175954 -4.5532982431944475 -2.1956767265983239 -3.6797115870265884 -3.3396727236392389 -3.9117001175585919 -3.7925821629447904 -3.4552800318983388
leaf_weight=25 823 67 360 3094 806 590 115 54 22 1886 1687 81 457 632 26 342 1471 1877 2940 47 22 3496 2869 122 39 610 1571 23 187 3617
leaf_count=25 823 67 360 3094 806 590 115 54 22 1886 1687 81 457 632 26 342 1471 1877 2940 47 22 3496 2869 122 39 610 1571 23 187 3617
internal_value=-3.50295 -3.44017 -4.16303 -3.51608 -3.2904 -4.04585 -4.90959 -3.05411 -5.45172 -3.32813 -3.63334 -3.47154 -4.24583 -3.92662 -2.54149 -3.10725 -3.27011 -3.59744 -3.37068 -5.19589 -5.36133 -3.44088 -3.50854 -4.64424 -2.33857 -3.72264 -3.3678 -4.16416 -3.86814 -3.4581
internal_weight=29958 27356 2602 18154 9202 2249 353 1267 116 7935 4997 13157 840 1409 119 1148 3357 3564 4578 91 44 7194 5963 237 65 1433 4511 480 819 3698
internal_count=29958 27356 2602 18154 9202 2249 353 1267 116 7935 4997 13157 840 1409 119 1148 3357 3564 4578 91 44 7194 5963 237 65 1433 4511 480 819 3698
is_linear=0
shrinkage=1


Tree=1
num_leaves=31
num_cat=0
split_feature=299 299 299 299 299 299 299 299 29 299 299 299 299 299 104 299 299 291 299 249 246 150 293 299 212 293 220 293 291 53
split_gain=448357 110580 85098 36666.3 25516.8 21174.2 18331.5 10714.6 9976.23 6889.85 5855.63 5567.05 2872.12 2696.98 2151.96 1327.3 1082.38 924.134 922.978 921.786 908.255 874.238 844.866 756.687 655.065 654.55 582.609 557.344 545.378 509.736
threshold=-9.3908739089965803 -0.76686277985572804 -23.284902572631832 -4.4937129020690909 4.0706396102905282 -15.356809616088865 -31.38612079620361 9.7821078300476092 -9.2954568862915021 -2.4837311506271358 1.0612179636955263 -6.7267658710479727 -12.439054965972899 -18.745240211486813 10.314215660095217 -3.525101780891418 2.4525979757308964 -5.221346139907836 7.3818626403808603 -0.085929412394762025 -1.466019809246063 -16.020340919494625 -6.2619466781616202 -26.239870071411129 -8.2099714279174787 -8.6407170295715314 -3.8644789457321163 -11.563098430633543 9.7618627548217791 -2.8413726091384883
decision_type=2 2 2 2 2 2 2 2 2 2 2 2 2 2 2 2 2 2 2 2 2 2 2 2 2 2 2 2 2 2
left_child=2 3 6 11 10 13 8 18 -1 15 19 22 -7 -4 -9 -5 -12 -13 -6 24 26 -10 -2 -8 -3 -14 29 -15 -16 -11
right_child=1 4 5 9 7 12 23 14 21 20 16 17 25 27 28 -17 -18 -19 -20 -21 -22 -23 -24 -25 -26 -27 -28 -29 -30 -31
leaf_value=-2.7355639648437502 -0.21418415962750659 -0.15272465527057649 -0.80876505533854182 -0.017762041424668019 0.38338447960623862 -0.47918347892114677 -1.1742837498330663 0.65967992665816333 -1.7950929383973819 -0.10239609138267797 0.22393574407923295 -0.1090012523907439 -0.36260108886533732 -0.6403533161079491 0.8710411834716798 0.02477821132999352 0.29081934089334605 -0.057485174944526277 0.53761936964186952 0.18124368078117331 0.098276540236041973 -1.4795867919921877 -0.13816879280393532 -0.99558614095052089 0.13462194280674747 -0.2663299497911486 0.06875376709092039 -0.39787286949157719 1.1799768371582031 0.033386658321727408
leaf_weight=25 1127 20 360 3081 685 590 117 49 37 82 1710 1492 701 455 20 4529 936 2090 113 1594 2855 54 541 120 2391 236 3433 25 50 440
leaf_count=25 1127 20 360 3081 685 590 117 49 37 82 1710 1492 701 455 20 4529 936 2090 113 1594 2855 54 541 120 2391 236 3433 25 50 440
internal_value=0.000423456 0.061549 -0.611686 -0.000940937 0.223967 -0.503683 -1.33588 0.471225 -1.85091 0.0402497 0.189876 -0.114078 -0.392767 -0.705313 0.913815 0.00755528 0.247595 -0.078943 0.405225 0.151743 0.0767849 -1.60787 -0.189529 -1.0838 0.132238 -0.338354 0.0612706 -0.627724 1.09171 0.0120568
internal_weight=29958 27238 2720 19670 7568 2367 353 917 116 14420 6651 5250 1527 840 119 7610 2646 3582 798 4005 6810 91 1668 237 2411 937 3955 480 70 522
internal_count=29958 27238 2720 19670 7568 2367 353 917 116 14420 6651 5250 1527 840 119 7610 2646 3582 798 4005 6810 91 1668 237 2411 937 3955 480 70 522
is_linear=0
shrinkage=0.05


Tree=2
num_leaves=31
num_cat=0
split_feature=299 299 299 299 299 299 299 299 57 299 299 299 299 52 299 299 299 291 296 212 200 292 252 291 298 76 293 258 241 299
split_gain=404766 103406 71464.9 33073.9 26810 16544.2 15792.4 12008.3 10219.8 6492.07 5519.81 4326.68 2434.02 1971.49 1753.05 1743.52 1131.19 934.783 871.326 860.011 817.619 764.221 699.994 693.905 690.578 651.59 648.917 527.487 460.078 450.33
threshold=-10.04180335998535 -1.2598674893379209 -23.284902572631832 -5.0882844924926749 2.9103076457977299 -31.38612079620361 -15.356809616088865 9.7821078300476092 -9.3845095634460431 -3.2002587318420406 0.46161134541034704 -7.2759711742401114 -18.745240211486813 7.360849380493165 5.6214847564697275 -12.439054965972899 -2.1422688961029048 -3.772013664245605 1.4226500391960146 -6.321791172027587 -18.823035240173336 -5.2620391845703116 -4.5137610435485831 9.7618627548217791 -26.362575531005856 -6.9253222942352286 -0.24225491285324094 -12.048137187957762 -11.282111644744871 -8.849751949310301
decision_type=2 2 2 2 2 2 2 2 2 2 2 2 2 2 2 2 2 2 2 2 2 2 2 2 2 2 2 2 2 2
left_child=2 3 5 11 10 8 12 14 -1 17 19 22 28 -9 -6 -8 -11 -5 -12 -3 25 -13 29 -15 -7 -10 -21 -14 -4 -2
right_child=1 4 6 9 7 24 15 13 20 16 18 21 27 23 -16 -17 -18 -19 -20 26 -22 -23 -24 -25 -26 -27 -28 -29 -30 -31
leaf_value=-2.653751953125 -0.26756038408021671 -0.057961702043774412 -0.78831115245819094 -0.039183947277278704 0.31208545430008927 -1.1175230208687161 -0.45522443351099046 0.63711453951322117 -1.4864828109741213 0.035245258547444723 0.18379654933819023 -0.12528129810280453 -0.62963332906801106 0.80926455543154763 0.44268903230365952 -0.33880702859104295 0.072314765505523418 0.0012086257034319401 0.23733721029033472 0.10863790984088112 -1.3736193598533164 -0.072160376540533006 -0.13714640766382219 1.1561361561650816 -0.94674903994700943 -1.8808088493347168 0.14844304775566039 -0.51382394873577619 -0.60845218658447264 -0.20201793450700201
leaf_weight=25 407 67 320 2673 1033 115 590 52 22 4710 1831 1445 342 21 342 707 3655 3086 1299 2940 49 1274 280 46 122 20 1571 138 40 736
leaf_count=25 407 67 320 2673 1033 115 590 52 22 4710 1831 1445 342 21 342 707 3655 3086 1299 2940 49 1274 280 46 122 20 1571 138 40 736
internal_value=0.000402281 0.0557375 -0.610019 -0.0131195 0.192419 -1.26909 -0.501151 0.386272 -1.75836 0.0233154 0.154845 -0.13736 -0.670048 0.868124 0.34457 -0.391765 0.0514424 -0.0175393 0.206017 0.119859 -1.51238 -0.100391 -0.207999 1.04742 -1.02961 -1.67426 0.1225 -0.596338 -0.768327 -0.225356
internal_weight=29958 27468 2490 18266 9202 353 2137 1494 116 14124 7708 4142 840 119 1375 1297 8365 5759 3130 4578 91 2719 1423 67 237 42 4511 480 360 1143
internal_count=29958 27468 2490 18266 9202 353 2137 1494 116 14124 7708 4142 840 119 1375 1297 8365 5759 3130 4578 91 2719 1423 67 237 42 4511 480 360 1143
is_linear=0
shrinkage=0.05


Tree=3
num_leaves=31
num_cat=0
split_feature=299 299 299 299 299 299 299 299 57 299 299 299 299 101 299 299 291 284 284 247 247 130 292 241 299 299 212 293 291 215
split_gain=365302 93378.4 64497 28528.9 25498.9 14931.2 14252.6 10837.5 9223.34 5691.7 5245.03 3904.83 2196.71 1788.84 1582.12 1578.13 910.128 888.009 850.513 842.389 756.836 831.421 693.261 656.723 628.126 578.221 571.145 490.167 461.207 440.79
threshold=-10.04180335998535 -1.4128633141517637 -23.284902572631832 -5.0882844924926749 2.9103076457977299 -31.38612079620361 -15.356809616088865 9.7821078300476092 -9.3845095634460431 0.3389184325933457 -3.2292157411575313 -7.2759711742401114 -18.745240211486813 10.174475193023683 5.6214847564697275 -12.875282287597654 -2.1304811239242549 -0.20711104571819303 -2.3422548770904537 -3.2042185068130489 -23.625204086303707 -10.62977361679077 -5.4729111194610587 -5.2695612907409659 -26.239870071411129 1.6943417787551882 -6.321791172027587 -11.073015213012694 -2.5066274404525752 -6.8086276054382315
decision_type=2 2 2 2 2 2 2 2 2 2 2 2 2 2 2 2 2 2 2 2 2 2 2 2 2 2 2 2 2 2
left_child=2 3 5 11 9 8 12 14 -1 18 19 23 -4 -9 -6 -8 -12 -11 26 -5 21 -10 -13 -2 -7 -19 -3 -14 -21 -28
right_child=1 4 6 10 7 24 15 13 20 17 16 22 27 -15 -16 -17 -18 25 -20 28 -22 -23 -24 -25 -26 -27 29 -29 -30 -31
leaf_value=-2.5210642089843751 -0.2222154215920521 -0.0737516318834745 -0.7299104817708334 -0.037297534520154468 0.29648120507150749 -1.0605690980568911 -0.44485102786293518 0.61560014204545466 -1.4034189324629935 0.1540640724209259 0.030400872358804266 -0.1210780736480313 -0.57785627200253942 1.0044286727905274 0.42055449011730173 -0.3303204004558874 0.064524590467914297 0.18982466523445252 0.11966413960677649 -0.01203380026168753 -1.2409618377685547 -1.795436023530506 -0.07057540852554961 -0.15072880310671671 -0.89775797526041667 0.24080926901381564 -0.15352406673133376 -0.34129664586937947 0.030925363389619254 0.083468700415253755
leaf_weight=25 933 65 360 2730 1033 117 474 55 38 1026 4333 1335 457 64 342 823 3559 1413 3825 2003 32 21 1384 490 120 917 20 23 908 1033
leaf_count=25 933 65 360 2730 1033 117 474 55 38 1026 4333 1335 457 64 342 823 3559 1413 3825 2003 32 21 1384 490 120 917 20 23 908 1033
internal_value=0.000382168 0.0529507 -0.579518 -0.0156705 0.176802 -1.20563 -0.476093 0.366959 -1.67044 0.14257 0.0194727 -0.130492 -0.636545 0.824718 0.327342 -0.372177 0.0457894 0.192823 0.108451 -0.0173455 -1.43676 -1.54295 -0.0953717 -0.1976 -0.978133 0.20989 0.0700884 -0.566521 0.00136604 0.0789674
internal_weight=29958 27468 2490 17675 9793 353 2137 1494 116 8299 13533 4142 840 119 1375 1297 7892 3356 4943 5641 91 59 2719 1423 237 2330 1118 480 2911 1053
internal_count=29958 27468 2490 17675 9793 353 2137 1494 116 8299 13533 4142 840 119 1375 1297 7892 3356 4943 5641 91 59 2719 1423 237 2330 1118 480 2911 1053
is_linear=0
shrinkage=0.05


Tree=4
num_leaves=31
num_cat=0
split_feature=299 299 299 299 299 299 297 238 60 299 299 299 299 294 294 291 296 299 180 236 285 241 130 299 293 4 299 294 293 18
split_gain=329909 81729 62502.8 27236.8 18939.9 15511.6 13526.6 7899.43 7099.5 5826.36 4281.46 3462.86 2156.23 1992.66 1517.6 1048.55 898.878 842.597 824.022 760.019 726.957 724.776 702.062 675.927 646.875 592.657 579.044 550.923 528.232 518.015
threshold=-9.3908739089965803 -0.76686277985572804 -23.284902572631832 -3.9966099262237544 4.0706396102905282 -15.356809616088865 -31.235121726989743 9.218076705932619 -9.5113725662231428 -6.0886340141296378 1.0612179636955263 -2.4048075675964351 -11.507646560668944 -17.489706039428707 10.116667270660402 -7.137995481491088 1.3418727517127993 7.3818626403808603 -17.973734855651852 -3.7824608087539668 -2.1940615177154537 -0.3564705997705459 -11.838027000427244 -20.069811820983883 -3.2792335748672481 4.0899944305419931 -26.239870071411129 -13.720849514007567 -10.700870513916014 2.2628003358840947
decision_type=2 2 2 2 2 2 2 2 2 2 2 2 2 2 2 2 2 2 2 2 2 2 2 2 2 2 2 2 2 2
left_child=2 3 6 9 10 13 8 17 -1 15 21 24 27 23 -9 -2 -12 -6 22 -11 29 -3 -10 -4 -5 -16 -8 -7 -15 -13
right_child=1 4 5 11 7 12 26 14 18 19 16 20 -14 28 25 -17 -18 -19 -20 -21 -22 -23 -24 -25 -26 -27 -28 -29 -30 -31
leaf_value=-2.2941424334490743 -0.18528444608133421 0.10997712400389326 -0.74170488266717827 -0.0034296202757854127 0.32805754937065973 -0.45152543109791882 -1.0048508994599694 0.59121606445312502 -1.3351242065429689 -0.072434201810811019 0.17772815020661378 0.051580183279686387 -0.27220127023381274 -0.53555431937651676 0.74325766790480852 -0.11787175139076048 0.23689824986042785 0.46752130079639054 -1.2346395263671877 -0.029999682198032809 0.080956319711840141 0.1525485135133211 -1.7490525054931643 -0.61911012318508685 0.028633361779197813 1.0685753141130721 -0.84787756709729212 -0.36392843384491774 -0.27771108718145465 -0.056957608642785443
leaf_weight=27 983 2079 210 2658 675 262 117 50 21 1850 1095 2494 695 367 21 1396 1551 129 50 2456 3864 1926 20 242 3854 42 118 570 21 115
leaf_count=27 983 2079 210 2658 675 262 117 50 21 1850 1095 2494 695 367 21 1396 1551 129 50 2456 3864 1926 20 242 3854 42 118 570 21 115
internal_value=0.000363059 0.0527964 -0.524703 -0.000926434 0.192427 -0.432143 -1.14535 0.405451 -1.58214 -0.0829269 0.163057 0.0412894 -0.337209 -0.604718 0.796897 -0.145727 0.212412 0.350434 -1.37089 -0.048231 0.0671877 0.13045 -1.53704 -0.676068 0.0155462 0.960136 -0.92603 -0.391513 -0.521599 0.046796
internal_weight=29958 27238 2720 19670 7568 2367 353 917 118 6685 6651 12985 1527 840 113 2379 2646 804 91 4306 6473 4005 41 452 6512 63 235 832 388 2609
internal_count=29958 27238 2720 19670 7568 2367 353 917 118 6685 6651 12985 1527 840 113 2379 2646 804 91 4306 6473 4005 41 452 6512 63 235 832 388 2609
is_linear=0
shrinkage=0.05


Tree=5
num_leaves=31
num_cat=0
split_feature=299 299 299 299 299 299 58 299 299 299 299 299 299 299 79 242 175 294 251 285 247 217 77 289 247 296 245 160 299 243
split_gain=300310 76079.8 58291.7 24975.6 19870.1 16903.6 13034.2 9210.09 4427.94 3941.14 3845.12 2845.36 2835.16 1792.1 1688.91 1386.22 951.259 866.965 834.696 815.409 786.206 692.899 657.015 656.279 599.245 591.831 551.299 518.407 432.664 414.458
threshold=-10.04180335998535 -1.1933847665786741 -26.239870071411129 -4.6533334255218497 2.9103076457977299 -16.834774017333981 -9.3330273628234846 9.7821078300476092 -6.7267658710479727 -2.9231373071670528 0.22325491160154345 -31.38612079620361 -13.422548770904539 -20.069811820983883 12.120922565460207 4.1851725578308114 -17.814060211181637 -6.9035398960113517 1.0000000180025095e-35 10.386650085449221 -2.0015097856521602 -2.5187451839447017 2.6235830783843999 -2.2573529481887813 -3.6317111253738399 -11.783878326416014 -16.590239524841305 -5.6696057319641104 1.6943417787551882 -4.6027703285217276
decision_type=2 2 2 2 2 2 2 2 2 2 2 2 2 2 2 2 2 2 2 2 2 2 2 2 2 2 2 2 2 2
left_child=2 3 6 8 10 13 -1 15 17 23 21 16 -7 26 -9 -6 -8 -2 -12 -16 27 22 -3 -5 -10 -14 -4 -11 -20 -27
right_child=1 4 5 9 7 12 11 14 24 20 18 -13 25 -15 19 -17 -18 -19 28 -21 -22 -23 -24 -25 -26 29 -28 -29 -30 -31
leaf_value=-2.2029041637073865 -0.19309734897954123 0.069819332620905367 -0.7859838048617046 -0.013608074291604353 0.26420160630946105 -0.43981389627828227 -1.5216755114103619 0.54351998123468137 -0.085091233041236947 -0.087807054367176327 0.14251751684373426 -0.94778152021389561 -0.35251964167819 -0.56751871137476673 0.80555534362792969 0.37356467904715707 -1.1963727361505681 -0.12407046472434897 0.1728049843288888 1.1842406499953497 0.066005863352661995 0.10839446391726777 -0.089296621329163856 0.025537321406683928 -0.040348152440003678 -0.28408592296645507 -0.66310443658938356 0.036422932766425942 0.2195107940974865 -0.13087463701764743
leaf_weight=33 1120 583 192 4584 1012 616 38 51 2022 86 1550 103 366 335 44 406 55 766 1276 21 3788 3287 73 1397 1188 549 174 3569 811 48
leaf_count=33 1120 583 192 4584 1012 616 38 51 2022 86 1550 103 366 335 44 406 55 766 1276 21 3788 3287 73 1397 1188 549 174 3569 811 48
internal_value=0.000627238 0.0481815 -0.523134 -0.0100176 0.166445 -0.446755 -1.28359 0.330556 -0.104257 0.0257575 0.133233 -1.1288 -0.356044 -0.651081 0.758905 0.295514 -1.32929 -0.165062 0.170312 0.9279 0.0500433 0.0990308 0.0521128 -0.00446477 -0.0685321 -0.302458 -0.727566 0.0334999 0.190955 -0.271767
internal_weight=30143 27634 2509 18520 9114 2280 229 1534 5096 13424 7580 196 1579 701 116 1418 93 1886 3637 65 7443 3943 656 5981 3210 963 366 3655 2087 597
internal_count=30143 27634 2509 18520 9114 2280 229 1534 5096 13424 7580 196 1579 701 116 1418 93 1886 3637 65 7443 3943 656 5981 3210 963 366 3655 2087 597
is_linear=0
shrinkage=0.05


Tree=6
num_leaves=31
num_cat=0
split_feature=299 299 297 299 299 299 58 299 299 299 299 299 299 293 79 249 127 232 285 18 285 178 284 291 293 253 299 299 296 133
split_gain=271201 71752.4 49617.8 22575.8 21428.3 18709.2 17210 8973.62 4342.67 3839.42 3093.44 3088.43 2312.18 1641.61 1524.25 834.933 877.701 831.876 829.992 783.2 735.906 662.147 643.317 606.362 606.273 531.829 467.23 463.667 441.425 384.46
threshold=-10.678664207458494 -1.7150747179985044 -31.235121726989743 -5.4356207847595206 2.4525979757308964 -17.683915138244625 -9.3330273628234846 9.7821078300476092 0.11093683540821077 -3.5527187585830684 -7.7962191104888907 -23.284902572631832 -14.022549152374266 4.5824999809265146 12.120922565460207 -23.717877388000485 -9.2692532539367658 -2.2784967422485347 -2.1398037672042842 2.8215494155883794 10.386650085449221 -1.9062465429306028 0.4599547684192658 -17.160244941711422 -5.062156915664672 -4.9486522674560538 -26.239870071411129 7.3818626403808603 -11.783878326416014 -6.0341823101043692
decision_type=2 2 2 2 2 2 2 2 2 2 2 2 2 2 2 2 2 2 2 2 2 2 2 2 2 2 2 2 2 2
left_child=2 3 6 10 8 11 -1 13 18 21 25 26 -7 -6 -9 16 -8 -11 19 29 -16 -5 -10 -13 -12 -2 -4 -15 -14 -3
right_child=1 4 5 9 7 12 15 14 22 17 24 23 28 27 20 -17 -18 -19 -20 -21 -22 -23 -24 -25 -26 -27 -28 -29 -30 -31
leaf_value=-2.8702960205078125 -0.207028394399729 -0.14138768963191822 -0.90136401735503113 -0.038456841661994756 0.2343553799758723 -0.4429835466603142 -1.2300642804401678 0.51634377872242643 0.13054201895730538 0.011637851213053822 -0.11466672732716515 -0.64081968653303367 -0.35080543759303173 0.31640165815085625 0.76527786254882812 -1.0533830122514205 -1.6275646391369047 0.044247140086214089 0.09565118267663765 -0.096910804073985043 1.1250286283947173 0.00044414474969953395 0.17348440550170835 -0.50947737979073815 -0.062588457124573851 -0.12531900970303284 -0.76063878377278649 0.43464089573019804 -0.27844229936599735 0.064531940279667063
leaf_weight=20 1064 23 116 3281 1215 603 41 51 1596 3365 1617 353 423 463 44 33 21 4670 4054 82 21 1641 1923 117 854 245 120 101 420 1566
leaf_count=20 1064 23 116 3281 1215 603 41 51 1596 3365 1617 353 423 463 44 33 21 4670 4054 82 21 1641 1923 117 854 245 120 101 420 1566
internal_value=0.000595876 0.0433652 -0.525314 -0.0220769 0.141696 -0.47124 -1.53721 0.294863 0.110297 0.00928822 -0.129589 -0.682228 -0.368227 0.26708 0.72096 -1.25656 -1.3647 0.0305906 0.0834285 0.0537752 0.881505 -0.0254872 0.154008 -0.608124 -0.096668 -0.191735 -0.829809 0.337576 -0.314753 0.0615514
internal_weight=30143 27876 2267 16737 11139 2152 115 1895 9244 12957 3780 706 1446 1779 116 95 62 8035 5725 1671 65 4922 3519 470 2471 1309 236 564 843 1589
internal_count=30143 27876 2267 16737 11139 2152 115 1895 9244 12957 3780 706 1446 1779 116 95 62 8035 5725 1671 65 4922 3519 470 2471 1309 236 564 843 1589
is_linear=0
shrinkage=0.05


Tree=7
num_leaves=31
num_cat=0
split_feature=299 299 299 299 299 299 58 299 299 299 299 299 299 299 11 251 175 160 232 289 291 248 236 242 251 249 18 245 288 292
split_gain=244759 64774.3 44909.5 21453.9 18224 17010.6 15316.5 8098.69 3949.15 3393.68 2859.9 2791.83 2031.17 1502.47 1384.87 904.526 817.735 677.044 660.201 612.901 588.356 563.112 536.234 513.396 511.282 506.382 438.704 429.624 411.597 407.117
threshold=-10.678664207458494 -1.5323795080184934 -31.38612079620361 -5.4356207847595206 2.4525979757308964 -18.745240211486813 -9.3330273628234846 9.7821078300476092 -3.2002587318420406 0.11093683540821077 -14.022549152374266 -7.7962191104888907 -23.284902572631832 4.7116589546203622 4.8312940597534189 -3.6680393218994136 -17.814060211181637 -4.2644727230072013 -1.4761983156204221 9.6481356620788592 -1.0000000180025095e-35 -5.1218380928039542 -12.173470497131346 4.1851725578308114 -4.9384310245513907 -1.8020109534263609 3.1486519575119023 -7.7904450893402091 -2.2856286764144893 -23.085033416748043
decision_type=2 2 2 2 2 2 2 2 2 2 2 2 2 2 2 2 2 2 2 2 2 2 2 2 2 2 2 2 2 2
left_child=2 3 6 11 9 12 -1 13 15 17 22 24 29 -6 -9 -5 -8 26 -10 -16 -11 -13 -7 -15 -2 -19 -3 -12 -17 -4
right_child=1 4 5 8 7 10 16 14 18 20 27 21 -14 23 19 28 -18 25 -20 -21 -22 -23 -24 -25 -26 -27 -28 -29 -30 -31
leaf_value=-2.7259381103515627 -0.19833781455838406 0.034322139790825795 -0.82914957917494592 -0.042398496698458785 0.22111064559407692 -0.48245592205612753 -1.3790909616570726 0.51510426149529931 0.024945358240167102 0.11896683947727815 -0.32035691918574288 -0.12093028072380203 -0.60028029750770251 0.27551053246233698 0.65387788252397028 -0.012243356511815993 -1.0774818004261364 0.060614659595188004 0.05601080847027548 0.99066632952008937 0.16159576483972052 -0.07225366997896375 -0.39562214715831778 0.36859995893998582 -0.12183275687565442 0.096581228300492386 -0.13462876057138248 -0.23931574327451691 0.024810086445806012 -0.68237915039062502
leaf_weight=20 1032 178 173 2304 1183 324 38 59 4607 1262 621 994 355 321 22 3056 55 1374 2720 35 2257 1477 394 275 277 3401 49 222 993 65
leaf_count=20 1032 178 173 2304 1183 324 38 59 4607 1262 621 994 355 321 22 3056 55 1374 2720 35 2257 1477 394 275 277 3401 49 222 993 65
internal_value=0.000566082 0.041197 -0.499049 -0.0176717 0.139877 -0.448077 -1.47067 0.28012 0.0114625 0.108688 -0.361474 -0.12311 -0.676049 0.253726 0.684912 -0.0173879 -1.20072 0.0822211 0.0364778 0.860678 0.146308 -0.0918346 -0.434806 0.318463 -0.182148 0.0862319 -0.00214744 -0.299015 -0.00315616 -0.789065
internal_weight=30143 27876 2267 17460 10416 2154 113 1895 13680 8521 1561 3780 593 1779 116 6353 93 5002 7327 57 3519 2471 718 596 1309 4775 227 843 4049 238
internal_count=30143 27876 2267 17460 10416 2154 113 1895 13680 8521 1561 3780 593 1779 116 6353 93 5002 7327 57 3519 2471 718 596 1309 4775 227 843 4049 238
is_linear=0
shrinkage=0.05


Tree=8
num_leaves=31
num_cat=0
split_feature=296 293 293 293 294 57 296 239 296 236 247 296 252 293 289 184 247 249 293 127 250 247 293 284 235 183 296 293 296 257
split_gain=218348 52083.7 41607 17878.8 16644.4 15627.6 14090.9 7934.55 3342.87 3282.38 2622.35 2461.98 2426.29 1545.39 1289 1065.43 985.83 918.79 839.96 827.587 748.189 719.897 683.081 593.817 589.482 499.108 486.526 485.43 465.83 460.736
threshold=-10.230411529541014 -1.2320957183837888 -31.456928253173825 -5.062156915664672 -17.489706039428707 -9.3845095634460431 2.5854998826980595 9.2878832817077654 -6.8285875320434561 -2.7088127136230464 -11.106863021850584 -23.308383941650387 -0.41091066598892206 5.3436274528503427 9.6481356620788592 -1.6872280836105344 -3.7397059202194209 -23.717877388000485 0.38667555153369909 -9.2692532539367658 -4.8293390274047843 -6.1737556457519522 -11.563098430633543 -2.3757663965225215 1.6037908196449282 -5.8693528175353995 -14.449164390563963 2.8421813249588017 -0.22915969043970105 -15.215098381042479
decision_type=2 2 2 2 2 2 2 2 2 2 2 2 2 2 2 2 2 2 2 2 2 2 2 2 2 2 2 2 2 2
left_child=2 3 5 8 11 -1 12 13 21 16 26 -4 23 27 -9 -11 24 19 -14 -7 -10 -2 -12 25 -5 -3 -6 -8 -17 -13
right_child=1 6 4 9 10 17 7 14 20 15 22 29 18 -15 -16 28 -18 -19 -20 -21 -22 -23 -24 -25 -26 -27 -28 -29 -30 -31
leaf_value=-2.6468823242187502 -0.18616949639077915 -0.19526269137859345 -0.74569415964282126 -0.042754105536732825 -0.44125614940256314 -1.0991448425665133 0.17281544794376311 0.52422925676618304 -0.097827750438409744 0.017453223502415821 -0.31467620694874143 -0.58982211909490578 0.10630941219367213 0.3121906724843112 0.86722554524739592 0.047439255616729986 0.0042094477697192509 -0.91230858696831596 0.15645471012568332 -1.4851305189586821 -0.042250235720547202 -0.11931903530038257 -0.23091258844042006 0.087720237579616223 0.17692404062517231 0.046196083090678713 -0.34965482349395755 0.23175388058805779 0.099600586053062601 -0.48959962076215602
leaf_weight=20 885 22 233 2048 345 41 643 70 993 3899 453 267 1440 440 45 4413 3408 36 1988 21 1552 739 526 3108 31 787 250 765 474 201
leaf_count=20 885 22 233 2048 345 41 643 70 993 3899 453 267 1440 440 45 4413 3408 36 1988 21 1552 739 526 3108 31 787 250 765 474 201
internal_value=0.000537778 0.0400554 -0.457722 -0.00860925 -0.410239 -1.37316 0.136475 0.255475 -0.0997007 0.0179976 -0.319984 -0.612894 0.104672 0.230398 0.658445 0.0369463 -0.0123437 -1.11322 0.13539 -1.22988 -0.0639353 -0.155749 -0.269671 0.0777879 -0.0394785 0.0396298 -0.402768 0.204838 0.0524985 -0.546778
internal_weight=30143 27750 2393 18442 2275 118 9308 1963 4169 14273 1574 701 7345 1848 115 8786 5487 98 3428 62 2545 1624 979 3917 2079 809 595 1408 4887 468
internal_count=30143 27750 2393 18442 2275 118 9308 1963 4169 14273 1574 701 7345 1848 115 8786 5487 98 3428 62 2545 1624 979 3917 2079 809 595 1408 4887 468
is_linear=0
shrinkage=0.05


Tree=9
num_leaves=31
num_cat=0
split_feature=299 299 299 299 299 299 151 51 200 299 299 299 299 299 290 293 23 293 220 297 240 212 237 242 245 18 249 293 164 237
split_gain=200209 50100.4 41040.9 16849.8 13019.6 11782 9116.41 11300 4792.92 3368.04 3047.32 2746.06 1912.35 1783.24 1040.12 831.392 700.725 658.38 614.428 579.497 541.802 502.434 501.1 494.341 422.641 420.458 409.452 399.488 388.76 341.718
threshold=-9.3908739089965803 -0.76686277985572804 -26.239870071411129 -4.3588235378265372 -16.03725433349609 4.7116589546203622 -16.230156898498532 -9.2296566963195783 10.493719577789308 1.0612179636955263 -2.5672074556350704 -6.7267658710479727 -12.439054965972899 -20.069811820983883 9.774363040924074 1.5732843279838564 -3.9956433773040767 -3.3599510192871089 -3.8644789457321163 -31.235121726989743 -4.0093626976013175 -8.2099714279174787 -5.4190146923065177 4.1851725578308114 -16.590239524841305 2.3382306098937993 -0.12474791705608367 -0.79693439602851857 -5.6940522193908683 -10.258375167846678
decision_type=2 2 2 2 2 2 2 2 2 2 2 2 2 2 2 2 2 2 2 2 2 2 2 2 2 2 2 2 2 2
left_child=2 3 6 11 13 9 7 -1 23 21 17 22 29 24 -10 -11 -9 -5 25 -8 -13 -3 -2 -7 -4 -12 -23 -20 -19 -6
right_child=1 5 4 10 12 8 19 16 14 15 18 20 -14 -15 -16 -17 -18 28 27 -21 -22 26 -24 -25 -26 -27 -28 -29 -30 -31
leaf_value=-2.4939932686941968 -0.15380527431193286 -0.12314771080017091 -0.64544296860694894 -0.013073684854245822 -0.36260123800671135 0.24976065202724718 -0.97192145453559042 -0.94396601745060504 0.52095624815742925 0.14165875308484918 0.018754148874126499 -0.071854587612810536 -0.22251432882122435 -0.44604191706730778 0.84983298561789766 0.19526831773426431 -1.3260451589311872 -0.10513762964142695 0.04854429414900524 -0.77036225818452386 -0.034562578001864873 0.088187871472782467 -0.098703854708814556 0.33957857475148767 -0.53785322562031357 -0.11062719430242265 0.12061497540753892 0.077592685211686011 0.020098053858113599 -0.29430465032572084
leaf_weight=21 893 25 192 3046 383 326 54 28 53 1328 610 1796 951 455 44 1588 21 63 5049 105 2128 2336 767 289 174 70 1669 1546 3782 351
leaf_count=21 893 25 192 3046 383 326 54 28 53 1328 610 1796 951 455 44 1588 21 63 5049 105 2128 2336 767 289 174 70 1669 1546 3782 351
internal_value=0.000510889 0.0412169 -0.407412 -0.000877706 -0.348862 0.149779 -1.04814 -1.5236 0.343488 0.129923 0.028118 -0.0744366 -0.269311 -0.512132 0.670137 0.170854 -1.10771 0.00429034 0.0506879 -0.838816 -0.051631 0.100306 -0.128346 0.291968 -0.594294 0.00543548 0.101701 0.0553538 0.0180461 -0.329942
internal_weight=30143 27408 2735 19750 2506 7658 229 70 712 6946 14166 5584 1685 821 97 2916 49 6891 7275 159 3924 4030 1660 615 366 680 4005 6595 3845 734
internal_count=30143 27408 2735 19750 2506 7658 229 70 712 6946 14166 5584 1685 821 97 2916 49 6891 7275 159 3924 4030 1660 615 366 680 4005 6595 3845 734
is_linear=0
shrinkage=0.05


Tree=10
num_leaves=31
num_cat=0
split_feature=299 299 299 299 299 293 57 299 236 299 299 299 299 294 299 96 283 160 247 242 127 182 272 133 35 291 183 293 255 288
split_gain=179827 47348.8 31853.1 14684.6 13366.7 8221.92 6858.35 6526.32 5289.72 3740.85 2131.31 1746.58 1109.23 920.31 870.411 743.36 637.849 596.183 570.876 562.623 751.325 488.171 453.339 444.995 423.127 415.965 402.96 372.346 365.231 347.767
threshold=-10.32864189147949 -1.9327451586723325 -23.284902572631832 2.5919922590255742 -5.4356207847595206 -31.456928253173825 -9.3845095634460431 -16.03725433349609 8.6370306015014666 -0.10067786648869513 -3.746037364006042 -7.5910785198211661 5.6214847564697275 -18.467510223388668 -12.439054965972899 10.564918518066408 0.50644016265869152 -4.5194497108459464 -2.6752178668975826 -23.898462295532223 -9.2692532539367658 -6.0026180744171134 -1.9874722361564634 -5.2708575725555411 -5.1636600494384757 -3.5499999523162837 -2.8412157297134395 -5.1946101188659659 -4.0805156230926505 9.6199998855590838
decision_type=2 2 2 2 2 2 2 2 2 2 2 2 2 2 2 2 2 2 2 2 2 2 2 2 2 2 2 2 2 2
left_child=2 4 5 9 11 6 -1 13 12 17 25 28 -5 -4 -9 -10 26 -3 24 20 -8 -15 23 -19 -12 -6 -11 -13 -2 -17
right_child=1 3 7 8 10 -7 19 14 15 16 18 27 -14 21 -16 29 -18 22 -20 -21 -22 -23 -24 -25 -26 -27 -28 -29 -30 -31
leaf_value=-1.9060544527493992 -0.15956908159384423 -0.017284477856094483 -0.52019640494084018 0.20134325545109963 -0.036711026954201031 -0.68030172396106892 -0.93686936242239816 -0.31054098795120177 0.4445964813232422 0.047500275125664272 -0.10950590916621833 -0.094075920062783924 0.30116836310100825 -0.42432190147988519 -0.22863615136057797 0.57679862976074225 0.14413438848498195 -0.12332869884935585 0.030702419038569136 -0.8337993197970921 -1.3000897288322451 -0.21996971815824509 0.07711094038646088 0.051515896051818701 0.0062325965628505856 -0.0038030853032432546 0.11353386602637361 -0.052843801586135719 -0.073352021196462822 0.82476001862556714
leaf_weight=26 1188 221 345 1262 2650 238 35 719 48 267 81 1486 357 337 591 26 2111 37 4643 36 24 32 3699 2210 3149 1506 1715 867 137 31
leaf_count=26 1188 221 345 1262 2650 238 35 719 48 267 81 1486 357 337 591 26 2111 37 4643 36 24 32 3699 2210 3149 1506 1715 867 137 31
internal_value=-8.1126e-05 0.0357858 -0.416863 0.110637 -0.0213238 -0.850915 -1.1865 -0.339875 0.24566 0.0879494 0.00418124 -0.104739 0.223355 -0.461489 -0.27359 0.589571 0.125009 0.0633534 0.0194726 -0.989572 -1.08462 -0.4066 0.0663505 0.0486368 0.00333018 -0.0247863 0.104638 -0.0788833 -0.150655 0.711655
internal_weight=30074 27691 2383 11984 15707 359 121 2024 1724 10260 12029 3678 1619 714 1310 105 4093 6167 7873 95 59 369 5946 2247 3230 4156 1982 2353 1325 57
internal_count=30074 27691 2383 11984 15707 359 121 2024 1724 10260 12029 3678 1619 714 1310 105 4093 6167 7873 95 59 369 5946 2247 3230 4156 1982 2353 1325 57
is_linear=0
shrinkage=0.05


Tree=11
num_leaves=31
num_cat=0
split_feature=299 299 299 299 299 293 57 299 299 299 299 299 11 299 294 299 295 290 242 178 217 77 129 182 299 244 241 280 293 241
split_gain=162294 42784.1 28747.4 12883.3 12463.3 7420.27 6189.67 5890.01 4775.43 2896.22 2234.79 1576.28 1068.26 905.51 830.58 791.414 613.55 563.372 507.778 491.012 487.89 470.222 456.84 440.575 427.472 426.224 361.712 349.63 345.593 330.995
threshold=-10.32864189147949 -1.7444837093353269 -23.284902572631832 -5.4356207847595206 2.5919922590255742 -31.456928253173825 -9.3845095634460431 -16.03725433349609 9.7821078300476092 -0.10067786648869513 -3.5527187585830684 -7.5910785198211661 4.8312940597534189 5.1328105926513681 -18.467510223388668 -13.422548770904539 -1.9352266788482664 -2.5706222057342525 -23.898462295532223 -1.9062465429306028 -2.1357582807540889 2.3019093275070195 -10.572184562683104 -6.0026180744171134 1.1379973292350771 -3.8415284156799312 -4.2156987190246573 6.5455162525177011 -7.8198792934417716 1.5932419896125796
decision_type=2 2 2 2 2 2 2 2 2 2 2 2 2 2 2 2 2 2 2 2 2 2 2 2 2 2 2 2 2 2
left_child=2 3 5 11 9 6 -1 14 13 20 19 28 -10 -6 -4 -9 -11 -12 22 -5 21 -3 -8 -16 -18 -17 -13 -14 -2 -15
right_child=1 4 7 10 8 -7 18 15 12 16 17 26 27 29 23 25 24 -19 -20 -21 -22 -23 -24 -25 -26 -27 -28 -29 -30 -31
leaf_value=-1.8107520470252405 -0.16614043612323612 0.046032217179562067 -0.49418659154919614 -0.031244535972842033 0.18762393819874731 -0.64628675444787298 -0.88887930574088259 -0.31109865702268724 0.41126661158319733 0.06009953252192754 0.0089589371206348495 -0.091866079967701131 0.58964311159574068 0.17632292320853787 -0.40310580431530668 -0.23802502669253439 0.10973001988150627 0.03550532392742968 -0.79210747612847232 0.0025450496861730899 0.072083980510607784 -0.063827428505534231 -1.1671827030181885 -0.20897104684263468 0.14392734335090679 -0.062129601918988753 -0.052235153095046089 0.85429024696350098 -0.1147942256345492 0.29085854455788501
leaf_weight=26 731 1346 345 3265 1160 238 29 479 67 402 3823 1348 26 76 337 795 2027 4188 36 1603 3866 105 30 32 1664 36 1005 24 594 371
leaf_count=26 731 1346 345 3265 1160 238 29 479 67 402 3823 1348 26 76 337 795 2027 4188 36 1603 3866 105 30 32 1664 36 1005 24 594 371
internal_value=-7.70697e-05 0.0339965 -0.39602 -0.016969 0.109786 -0.80837 -1.12718 -0.322881 0.233377 0.0871426 0.00660087 -0.099502 0.541782 0.210923 -0.438415 -0.259911 0.118758 0.0228369 -0.940093 -0.0201179 0.062805 0.0380823 -1.03039 -0.38627 0.125147 -0.230405 -0.0749391 0.716674 -0.143122 0.271385
internal_weight=30074 27691 2383 16557 11134 359 121 2024 1724 9410 12879 3678 117 1607 714 1310 4093 8011 95 4868 5317 1451 59 369 3691 831 2353 50 1325 447
internal_count=30074 27691 2383 16557 11134 359 121 2024 1724 9410 12879 3678 117 1607 714 1310 4093 8011 95 4868 5317 1451 59 369 3691 831 2353 50 1325 447
is_linear=0
shrinkage=0.05


Tree=12
num_leaves=31
num_cat=0
split_feature=299 299 299 299 299 299 3 180 257 299 299 296 299 299 299 228 293 251 247 226 9 288 220 291 239 0 35 256 288 293
split_gain=146470 38646.7 26000.2 12057.9 10770.7 7489.61 5356.1 10476.1 4435.55 2934.08 1707.92 1439.1 1033.14 1018.12 965.551 801.131 630.163 542.903 527.75 517.567 466.369 410.417 394.257 385.117 365.418 349.724 342.098 332.518 329.983 317.757
threshold=-10.32864189147949 -1.9564396142959593 -26.239870071411129 2.4525979757308964 -5.4356207847595206 -16.834774017333981 3.0672549009323125 -15.53787326812744 8.8484272956848162 -0.20171123743057248 -3.746037364006042 -7.2368736267089835 -13.422548770904539 5.6214847564697275 -20.069811820983883 9.7216339111328143 -31.456928253173825 -0.091151162981986986 -4.4745941162109366 -2.441063284873962 0.58891713619232189 -0.7119607925415038 -2.7600840330123897 -7.2801027297973624 -5.6776759624481192 2.5056483745574956 -5.3596622943878165 -11.08826160430908 2.55991542339325 -4.8173000812530509
decision_type=2 2 2 2 2 2 2 2 2 2 2 2 2 2 2 2 2 2 2 2 2 2 2 2 2 2 2 2 2 2
left_child=2 4 6 9 11 14 16 -8 13 18 22 24 -7 28 -4 -10 20 -11 -3 26 -1 -20 -6 -14 -2 -17 -12 -16 -5 -13
right_child=1 3 5 8 10 12 7 -9 15 17 19 29 23 -15 27 25 -18 -19 21 -21 -22 -23 -24 -25 -26 -27 -28 -29 -30 -31
leaf_value=-0.7367927420139313 -0.15546253981191738 -0.025450418989893073 -0.51271438598632812 0.15104719061208399 -0.034837531628718832 -0.30477573363248966 -2.2135214424133305 -0.77136830722584449 0.37650106678838319 0.090698665585079344 -0.10216414806033886 -0.08356782505986611 -0.22944787728125943 0.27279993598632396 -0.41373092009411661 0.56436906896139449 -0.66680819862767271 0.12669771103138322 0.049115864936386512 0.028150159259526138 -0.98671301024300717 0.077112044540918523 -0.0032714444191383864 -0.10920177453184782 -0.10206618781662682 0.81861698003042316 0.0045001947632615598 -0.2653303634288699 0.20045250328392303 -0.044211924899821176
leaf_weight=40 848 193 352 608 2533 605 20 34 46 1930 77 1548 758 362 309 38 114 2290 3871 4517 35 1978 1623 73 515 21 3165 43 761 767
leaf_count=40 848 193 352 608 2533 605 20 34 46 1930 77 1548 758 362 309 38 114 2290 3871 4517 35 1978 1623 73 515 21 3165 43 761 767
internal_value=-7.32163e-05 0.0322967 -0.376219 0.0993569 -0.0197327 -0.320565 -0.866336 -1.3055 0.21737 0.078243 0.00335524 -0.0945269 -0.255071 0.198229 -0.454158 0.532915 -0.740861 0.110234 0.0558992 0.0172098 -0.853422 0.0585835 -0.0225104 -0.218885 -0.135287 0.654864 0.00196683 -0.395602 0.178511 -0.0705285
internal_weight=30074 27691 2383 12098 15593 2140 243 54 1836 10262 11915 3678 1436 1731 704 105 189 4220 6042 7759 75 5849 4156 831 1363 59 3242 352 1369 2315
internal_count=30074 27691 2383 12098 15593 2140 243 54 1836 10262 11915 3678 1436 1731 704 105 189 4220 6042 7759 75 5849 4156 831 1363 59 3242 352 1369 2315
is_linear=0
shrinkage=0.05


Tree=13
num_leaves=31
num_cat=0
split_feature=293 293 293 297 297 293 57 297 239 247 297 170 284 256 289 246 251 35 291 251 294 295 247 297 179 241 293 39 294 251
split_gain=131671 32088.8 23517.1 11552.2 8591.07 6130.01 5331.84 5105.14 4003.23 2354.92 1943.3 1772.82 1229.46 895.736 745.859 719.972 671.897 640.513 633.686 567.44 547.253 438.44 436.182 426.874 394.078 382.036 378.167 277.307 274.573 268.631
threshold=-10.054084300994871 -1.2030196189880369 -22.972187995910641 -4.7195019721984854 2.9113974571228032 -31.456928253173825 -9.3845095634460431 -15.957451343536375 9.2878832817077654 -6.0668649673461905 0.44494555890560156 -0.72830066084861744 -3.5672851800918575 -10.317558765411375 9.6481356620788592 3.334772109985352 -0.17311388999223706 -5.3596622943878165 -6.0789542198181143 -2.2692676782608028 -18.467510223388668 -7.9096078872680655 -5.2897350788116446 -2.5239491462707515 -18.191617965698239 1.9584523439407351 -4.2223961353301993 -6.3287718296051017 -14.274337768554686 -3.352525949478149
decision_type=2 2 2 2 2 2 2 2 2 2 2 2 2 2 2 2 2 2 2 2 2 2 2 2 2 2 2 2 2 2
left_child=2 3 5 9 10 6 -1 20 15 21 16 12 17 28 -10 -6 22 -5 -11 -14 -4 -2 -3 -13 -8 -12 -19 -7 -9 -20
right_child=1 4 7 11 8 27 24 13 14 18 25 23 19 -15 -16 -17 -18 26 29 -21 -22 -23 -24 -25 -26 -27 -28 -29 -30 -31
leaf_value=-1.6529205322265625 -0.15593702835414974 -0.070222932075682504 -0.44571866789860515 -0.098820684326293817 0.16731077784115508 -0.50284069462826375 -0.97367174303209458 -0.31800016593107416 0.41218309402465825 -0.080908200393762189 0.10845774268667541 0.022572315189933616 0.0044187336556009349 -0.19173189767871995 0.69183429918791128 0.24112321126484823 0.093713952225404989 -0.033635274952847315 -0.047958947239068593 0.034796849999335314 -0.35739124417304996 -0.10074852874028817 0.05592727693388392 0.059597904005919577 -0.76552475751456572 0.15321078003429978 -6.5188310048137839e-05 -0.61871979044090886 -0.25024679438123165 -0.011512613586039125
leaf_weight=26 691 70 335 219 970 76 37 231 64 1161 2185 1177 3034 664 38 501 1487 1239 1465 3116 368 751 3246 2299 59 610 2598 161 424 772
leaf_count=26 691 70 335 219 970 76 37 231 64 1161 2185 1177 3034 664 38 501 1487 1239 1465 3116 368 751 3246 2299 59 610 2598 161 424 772
internal_value=-6.95555e-05 0.0306075 -0.356869 -0.00726516 0.107096 -0.729798 -1.01777 -0.290657 0.213454 -0.0736563 0.0850771 0.0162207 0.00571705 -0.232656 0.516367 0.19245 0.0657874 -0.0156522 -0.0509364 0.0198103 -0.399482 -0.127195 0.0532643 0.0470608 -0.845748 0.118225 -0.0109053 -0.58156 -0.274141 -0.0353811
internal_weight=30074 27693 2381 18522 9171 359 122 2022 1573 4840 7598 13682 10206 1319 102 1471 4803 4056 3398 6150 703 1442 3316 3476 96 2795 3837 237 655 2237
internal_count=30074 27693 2381 18522 9171 359 122 2022 1573 4840 7598 13682 10206 1319 102 1471 4803 4056 3398 6150 703 1442 3316 3476 96 2795 3837 237 655 2237
is_linear=0
shrinkage=0.05


Tree=14
num_leaves=31
num_cat=0
split_feature=299 299 299 299 299 299 293 57 200 299 299 299 299 299 292 293 220 293 248 242 127 284 291 164 247 253 245 212 241 190
split_gain=119844 29940.8 24509.6 9863.35 6918.76 6158.37 5431.47 4812.91 2776.7 1904.11 1651.79 1315.3 1065.23 782.387 713.451 523.855 473.234 417.238 396.53 385.568 586.627 380.414 373.048 344.242 319.989 318.357 293.591 289.457 275.521 262.776
threshold=-9.1022062301635724 -0.76686277985572804 -23.284902572631832 -4.4937129020690909 4.0706396102905282 -14.580633640289305 -31.456928253173825 -9.3845095634460431 10.493719577789308 -2.4306797981262203 1.1379973292350771 -6.8468232154846183 -18.745240211486813 -11.507646560668944 10.0651912689209 -3.3599510192871089 -3.8644789457321163 5.9033102989196786 1.4598503112792971 -23.898462295532223 -9.2692532539367658 -1.8136799931526182 -3.583087563514709 -5.8084962368011466 -4.8562450408935538 -11.349068641662596 -1.6778316497802732 -8.2099714279174787 -11.282111644744871 -4.869633436203002
decision_type=2 2 2 2 2 2 2 2 2 2 2 2 2 2 2 2 2 2 2 2 2 2 2 2 2 2 2 2 2 2
left_child=2 3 6 11 10 12 7 -1 17 15 21 24 28 -7 -10 -5 -11 -6 -12 20 -9 27 -13 -17 -2 -14 -15 -3 -4 -29
right_child=1 4 5 9 8 13 -8 19 14 16 18 22 25 26 -16 23 -18 -19 -20 -21 -22 -23 -24 -25 -26 -27 -28 29 -30 -31
leaf_value=-1.5702745877779449 -0.1163849410169827 -0.13296390544800532 -0.43583190745653771 -0.010888995328610146 0.19175438504700268 -0.22920896742078992 -0.55606935645351896 -0.75065544469015943 0.38032455444335939 -0.0012032746740777327 0.11393189730606681 -0.052927754098698813 -0.33489004889199903 -0.16266007134493221 0.66433507407583847 -0.09648220368167934 0.044636974459758054 0.267117674169988 0.15375259093518528 -0.67357423570421016 -1.0716055343548456 0.087300159896911034 -0.014881509198110647 0.016873556471191386 -0.064832405479767485 -0.25337045278893899 0.026727323234081269 -0.079375001213380272 -0.2841130834637266 0.060439499721849137
leaf_weight=26 998 21 321 3369 545 720 238 35 48 621 1524 2844 430 801 41 68 6030 277 1060 36 24 3188 833 4446 431 166 21 35 33 844
leaf_count=26 998 21 321 3369 545 720 238 35 48 621 1524 2844 430 801 41 68 6030 277 1060 36 24 3188 833 4446 431 166 21 35 33 844
internal_value=-6.60777e-05 0.0322347 -0.308492 -0.000347761 0.116623 -0.252849 -0.69474 -0.967498 0.245874 0.0206542 0.0989753 -0.0601288 -0.352989 -0.191154 0.511161 0.0040307 0.0403569 0.217151 0.130267 -0.802528 -0.881211 0.0791961 -0.0443086 0.0151659 -0.100836 -0.312185 -0.157822 0.0504895 -0.421689 0.0548724
internal_weight=30074 27223 2851 19640 7583 2492 359 121 911 14534 6672 5106 950 1542 89 7883 6651 822 2584 95 59 4088 3677 4514 1429 596 822 900 354 879
internal_count=30074 27223 2851 19640 7583 2492 359 121 911 14534 6672 5106 950 1542 89 7883 6651 822 2584 95 59 4088 3677 4514 1429 596 822 900 354 879
is_linear=0
shrinkage=0.05


Tree=15
num_leaves=31
num_cat=0
split_feature=299 299 297 299 299 299 45 291 299 299 142 299 296 299 245 71 284 293 291 283 239 237 183 299 212 299 182 252 252 238
split_gain=111221 27242.3 23887.4 8977.78 6912.73 6737.17 8220.21 5408.14 2923.42 1707.6 1418.35 1269.97 852.066 817.118 764.944 585.955 455.836 442.297 414.403 391.975 373.063 325.98 313.924 305.939 279.909 273.239 272.879 268.457 262.616 257.726
threshold=-9.1022062301635724 -0.72549018263816822 -23.254593849182125 -3.9966099262237544 7.3818626403808603 -31.38612079620361 -9.5067267417907697 -14.584399223327635 1.7940377593040469 -6.1722915172576895 12.486458778381349 -2.1422688961029048 -10.559897422790526 -17.683915138244625 1.9899617433547976 -8.4269223213195783 -1.847058832645416 -4.8173000812530509 -2.3662352561950679 8.7804660797119158 -3.3157651424407955 -10.258375167846678 -2.4133137464523311 0.51907405257225048 -6.9272041320800772 4.3235564231872567 -17.811244964599606 -16.782468795776364 -4.0822222232818595 1.3132788538932803
decision_type=2 2 2 2 2 2 2 2 2 2 2 2 2 2 2 2 2 2 2 2 2 2 2 2 2 2 2 2 2 2
left_child=2 3 5 9 8 6 -1 13 16 17 -6 18 21 -4 -10 -8 24 -2 -5 -12 -11 -9 -13 -18 -3 -16 -17 -7 -14 -22
right_child=1 4 7 11 10 27 15 12 14 20 19 22 28 -15 25 26 23 -19 -20 -21 29 -23 -24 -25 -26 -27 -28 -29 -30 -31
leaf_value=-1.6574329723011365 -0.095165840982356614 -0.099403858482837684 -0.39314403225588196 0.0024028680630777378 0.29002800218986746 -0.55749997633663728 -0.52216081237792966 -0.25648331817554193 0.12384838334987787 -0.042788994655155954 0.46083993530273437 0.01919248726956168 -0.15493409893639304 -0.29395955738268403 0.16105341434478759 -0.95046650279652001 0.077158468716553782 -0.038394055912427817 0.02656071129930794 0.68945154825846355 -0.016386873075998006 -0.19699163201557396 0.048643289738827845 0.10529804667676559 0.055767645838680449 0.21329684292312959 -0.72695173687405057 -0.4359487024943034 -0.033614797486613196 0.09749240457427269
leaf_weight=33 1729 30 433 4943 165 187 25 367 1273 2399 50 1142 631 399 640 22 2230 428 2770 30 1924 618 4357 1704 930 411 36 60 48 51
leaf_count=33 1729 30 433 4943 165 187 25 367 1273 2399 50 1142 631 399 640 22 2230 428 2770 30 1924 618 4357 1704 930 411 36 60 48 51
internal_value=4.88787e-05 0.0312239 -0.29661 0.000462227 0.112602 -0.67559 -0.989912 -0.241494 0.103737 -0.0474937 0.373797 0.024168 -0.189451 -0.345578 0.149913 -0.724513 0.081809 -0.083901 0.0110788 0.546569 -0.0295398 -0.219158 0.0425271 0.089347 0.0509185 0.181484 -0.811733 -0.527973 -0.146358 -0.0134462
internal_weight=30065 27206 2859 19743 7463 363 116 2496 7218 6531 245 13212 1664 832 2324 83 4894 2157 7713 80 4374 985 5499 3934 960 1051 58 247 679 1975
internal_count=30065 27206 2859 19743 7463 363 116 2496 7218 6531 245 13212 1664 832 2324 83 4894 2157 7713 80 4374 985 5499 3934 960 1051 58 247 679 1975
is_linear=0
shrinkage=0.05


Tree=16
num_leaves=31
num_cat=0
split_feature=299 299 292 299 299 291 57 291 299 251 299 8 299 183 296 283 284 299 243 247 170 31 237 35 252 299 247 183 77 240
split_gain=100423 24216.8 22171.5 8086.43 6041.71 6035.45 6306.37 5327.62 2341.41 1388.55 1329.04 1293.82 1221.73 652.28 556.469 531.681 483.169 453.405 430.056 394.299 334.144 325.956 323.062 269.415 268.72 257.708 257.522 254.455 306.4 229.76
threshold=-8.849751949310301 -0.51409405469894398 -23.085033416748043 -3.9966099262237544 7.3818626403808603 -30.803137779235836 -9.3845095634460431 -13.321770668029783 2.4525979757308964 -4.5214931964874259 -2.1422688961029048 3.3595377206802373 -17.683915138244625 -18.803227424621578 -10.559897422790526 0.56611302495002758 7.6217596530914316 -6.4869682788848868 3.2567480802536015 -2.6292157173156734 -0.78833293914794911 -5.6331372261047354 -1.1611484885215757 -5.3596622943878165 -4.038080930709838 -5.4356207847595206 -4.5300836563110343 -2.8673855066299434 3.2264962196350102 0.78911760449409496
decision_type=2 2 2 2 2 2 2 2 2 2 2 2 2 2 2 2 2 2 2 2 2 2 2 2 2 2 2 2 2 2
left_child=2 3 5 9 8 6 -1 12 15 17 19 -6 -4 -8 -9 27 -13 -2 29 23 26 -7 25 -5 -16 -11 -12 28 -3 -10
right_child=1 4 7 10 11 21 13 14 18 22 20 16 -14 -15 24 -17 -18 -19 -20 -21 -22 -23 -24 -25 -26 -27 -28 -29 -30 -31
leaf_value=-1.624354670597957 -0.094127446867694198 0.043477088329382241 -0.37304546665727045 -0.098770094513893125 0.28170964142371874 -0.40966778346470428 -0.90850202772352429 -0.19566801729874733 0.10319301126361231 -0.048984021475599132 -0.03508467218765976 0.40637186368306477 -0.26481704304762466 -0.6357075282505581 -0.14377983476670467 0.10332423120829506 0.66726557050432478 -0.052690035274128792 0.19122370991105189 0.021027209954021346 0.054570310687829984 -0.53764833405960444 0.016658938029097584 0.00029668056565865155 -0.027107418166860093 -0.019424075551088917 0.03398229263316329 0.076492816545017037 -0.14512454737787661 0.15211199622154237
leaf_weight=26 1193 338 456 70 174 70 36 780 353 1108 141 36 609 56 717 2257 35 1478 531 4140 2778 172 432 3503 53 2204 3152 2394 23 750
leaf_count=26 1193 338 456 70 174 70 36 780 353 1108 141 36 609 56 717 2257 35 1478 531 4140 2778 172 432 3503 53 2204 3152 2394 23 750
internal_value=4.64348e-05 0.0303292 -0.275705 0.00271703 0.111266 -0.643587 -0.93677 -0.225059 0.102277 -0.0436568 0.0242992 0.355107 -0.311157 -0.742453 -0.165902 0.085332 0.534981 -0.071198 0.154254 0.0105248 0.041799 -0.500629 -0.0240086 -0.00164417 -0.135749 -0.0293131 0.031025 0.0705921 0.0314609 0.136456
internal_weight=30065 27090 2975 20199 6891 360 118 2615 6646 6415 13784 245 1065 92 1550 5012 71 2671 1634 7713 6071 242 3744 3573 770 3312 3293 2755 361 1103
internal_count=30065 27090 2975 20199 6891 360 118 2615 6646 6415 13784 245 1065 92 1550 5012 71 2671 1634 7713 6071 242 3744 3573 770 3312 3293 2755 361 1103
is_linear=0
shrinkage=0.05


Tree=17
num_leaves=31
num_cat=0
split_feature=296 296 293 293 296 293 46 136 173 247 251 232 257 298 247 245 71 293 189 239 0 292 285 247 210 57 296 293 212 184
split_gain=90080.8 22528.9 17164.3 8565.36 6265.83 6216.65 5817.71 6997.5 3558.02 1619.71 1491.63 1257.25 1123.69 813.797 689.093 530.024 524.288 517.763 477.122 456.746 407.793 375.726 336.097 334.274 297.222 275.903 259.26 250.476 250.212 247.546
threshold=-10.559897422790526 -1.0427125096321104 -31.456928253173825 -4.8703920841217032 -18.697613716125485 2.8421813249588017 -9.380098342895506 -14.260275363922117 9.9992213249206561 -5.2073528766632071 -2.2692676782608028 0.76980391144752514 -11.092243671417235 -23.434816360473629 2.9235293865203862 -0.93607842922210682 -8.4269223213195783 -8.4214687347412092 -1.2289542555809019 -2.9535613059997554 2.5056483745574956 10.0651912689209 -3.8419907093048091 -13.315620899200438 -2.8157436847686763 -3.8503413200378414 -5.4301991462707511 5.3436274528503427 -5.8668236732482901 -1.5264706015586851
decision_type=2 2 2 2 2 2 2 2 2 2 2 2 2 2 2 2 2 2 2 2 2 2 2 2 2 2 2 2 2 2
left_child=2 3 6 9 13 11 7 -1 14 17 19 15 23 -4 -7 24 -8 -2 22 -5 -18 -10 -12 -6 -3 -21 -11 -16 -20 -27
right_child=1 5 4 10 12 8 16 -9 21 26 18 -13 -14 -15 27 -17 20 -19 28 25 -22 -23 -24 -25 -26 29 -28 -29 -30 -31
leaf_value=-2.0410113525390625 -0.13183878253145917 0.0026234863243604963 -0.47864011913660626 -0.015822903207020081 -0.30129313359495069 0.13097452180454147 -0.4172704315185547 -0.71837219238281258 0.35973881312779021 -0.05594219027728984 -0.01631015416308744 0.099885490006170627 -0.17583805832255534 -0.3596770850094882 0.16895169019699097 0.070752144558974592 -0.82553420347325945 -0.079889147795029813 -0.054059343063642108 -0.070479091110630568 -0.55634420712788901 0.55913639775028934 0.024613062164850263 -0.23399210547992455 0.047101422403303485 0.0017342771956353953 -0.023276201175499035 0.23066555855716869 0.046621985641242578 0.027457707498178885
leaf_weight=20 738 475 243 3429 305 939 20 20 42 1123 604 2365 793 352 354 2637 34 1370 63 107 24 54 2963 467 1795 2638 1323 307 3012 1449
leaf_count=20 738 475 243 3429 305 939 20 20 42 1123 604 2365 793 352 354 2637 34 1370 63 107 24 54 2963 467 1795 2638 1323 307 3012 1449
internal_value=4.4113e-05 0.0248247 -0.302229 -0.00625445 -0.27015 0.0900431 -0.889436 -1.37969 0.176245 -0.0659558 0.0128048 0.0699389 -0.217641 -0.408262 0.158505 0.0555057 -0.638023 -0.0980764 0.030126 -0.00228739 -0.714145 0.4719 0.0176835 -0.260581 0.0377944 0.0087792 -0.0382737 0.197615 0.0445592 0.0108542
internal_weight=30065 27787 2278 18819 2160 8968 118 40 1696 4554 14265 7272 1565 595 1600 4907 78 2108 6642 7623 58 96 3567 772 2270 4194 2446 661 3075 4087
internal_count=30065 27787 2278 18819 2160 8968 118 40 1696 4554 14265 7272 1565 595 1600 4907 78 2108 6642 7623 58 96 3567 772 2270 4194 2446 661 3075 4087
is_linear=0
shrinkage=0.05


Tree=18
num_leaves=31
num_cat=0
split_feature=299 299 299 299 299 45 296 299 299 299 291 291 241 56 15 212 190 242 241 215 251 178 293 197 299 286 220 191 247 297
split_gain=82131.7 22330.1 15564.3 7062.54 6650.05 6466.03 5497.98 2354.98 1997.27 1271.54 987.725 946.488 805.986 556.978 499.112 414.087 392.142 375.996 349.861 349.004 340.189 323.05 290.936 281.425 266.328 254.126 243.857 220.679 218.331 216.858
threshold=-10.678664207458494 -1.6335620880126951 -31.38612079620361 -5.4356207847595206 3.7834314107894902 -9.5067267417907697 -18.697613716125485 9.7821078300476092 0.51907405257225048 -3.4940336942672725 -7.9765026569366446 -13.321770668029783 -17.972254753112789 -7.7745096683502188 3.0200735330581669 -6.6180067062377921 0.1142459809780121 4.1851725578308114 -1.76900178194046 -7.294374704360961 -3.0392254590988155 -1.9426499605178831 -0.60606205463409413 -18.471602439880368 -7.5910785198211661 9.9686608314514178 -4.5709805488586417 -5.8416178226470938 -13.315620899200438 -3.1920588016510005
decision_type=2 2 2 2 2 2 2 2 2 2 2 2 2 2 2 2 2 2 2 2 2 2 2 2 2 2 2 2 2 2
left_child=2 3 5 10 8 -1 12 17 15 21 -2 28 -4 -7 -9 -3 29 -6 26 -17 24 -5 -21 -15 -12 -16 -11 -13 -8 -10
right_child=1 4 6 9 7 13 11 14 16 18 20 27 -14 23 25 19 -18 -19 -20 22 -22 -23 -24 -25 -26 -27 -28 -29 -30 -31
leaf_value=-1.4453412605054452 -0.11344355844920402 -0.060586738537054464 -0.46114439591117534 -0.023409145727195747 0.14938262601013053 -0.41484794616699222 -0.28664084193545308 0.29700975957906472 -0.0092271926745340453 -0.027207996162539678 -0.092667533609733344 -0.18990637166680538 -0.34176652061192153 -0.83241103490193691 0.42810536826529155 -0.15162995968546189 0.11144520545417654 0.21576908518161095 0.030097504901417438 0.043642698870817113 -0.017867136261499949 0.0028973191025585235 0.065999478026392611 -0.61011206490652903 -0.05402010205518875 0.63296373685201013 0.012529885940221247 -0.13336653816650104 -0.22959233705814067 0.081690457922464099
leaf_weight=33 1037 83 230 3312 584 24 281 53 69 423 606 621 367 24 41 21 2084 336 3338 3650 478 1802 2420 35 1686 24 4422 239 416 1326
leaf_count=33 1037 83 230 3312 584 24 281 53 69 423 606 621 367 24 41 21 2084 336 3338 3650 478 1802 2420 35 1686 24 4422 239 416 1326
internal_value=4.19073e-05 0.0236589 -0.289136 -0.0117728 0.0803443 -0.853314 -0.258753 0.2006 0.0674131 0.00541878 -0.0718192 -0.209289 -0.387758 -0.617929 0.41089 0.0503404 0.097711 0.173628 0.0176419 0.051852 -0.0562364 -0.0141396 0.0525559 -0.700539 -0.0642384 0.503745 0.00906051 -0.174194 -0.252592 0.0771935
internal_weight=30065 27795 2270 17104 10691 116 2154 1038 9653 13297 3807 1557 597 83 118 6174 3479 920 8183 6091 2770 5114 6070 59 2292 65 4845 860 697 1395
internal_count=30065 27795 2270 17104 10691 116 2154 1038 9653 13297 3807 1557 597 83 118 6174 3479 920 8183 6091 2770 5114 6070 59 2292 65 4845 860 697 1395
is_linear=0
shrinkage=0.05


Tree=19
num_leaves=31
num_cat=0
split_feature=299 299 290 299 46 299 299 291 196 299 251 291 299 284 71 299 248 212 296 247 183 243 251 235 212 297 190 249 260 0
split_gain=74209.9 18146.1 16433 5658.01 5876.05 5457.17 4898.19 3017.96 1930.89 1237.21 1040.5 779.465 550.675 478.064 472.321 416.116 359.33 344.481 344.281 300.796 297.915 290.818 286.278 279.985 273.885 228.495 212.636 210.714 200.585 195.574
threshold=-8.849751949310301 -0.87852695584297169 -20.624117851257321 -31.38612079620361 -9.380098342895506 -3.9966099262237544 4.3235564231872567 -13.321770668029783 11.868544578552248 1.0612179636955263 -4.5214931964874259 -2.1304811239242549 -17.683915138244625 7.6217596530914316 -8.4269223213195783 -11.106372356414793 1.7264111638069155 -5.5904200077056876 -6.3304903507232657 -18.048190116882321 -6.2732050418853751 5.6018061637878427 -2.479803085327148 2.4308272600173955 -8.2099714279174787 -3.0523716211318965 -1.3662641644477842 -0.12474791705608367 -0.95813721418380726 2.8011765480041508
decision_type=2 2 2 2 2 2 2 2 2 2 2 2 2 2 2 2 2 2 2 2 2 2 2 2 2 2 2 2 2 2
left_child=2 5 3 4 -1 10 9 12 21 20 18 22 -4 -10 -6 -9 25 -13 -2 -5 -3 28 -7 -12 -22 -11 -19 -26 -8 -16
right_child=1 6 7 19 14 11 8 15 13 16 23 17 -14 -15 29 -17 -18 26 -20 -21 24 -23 -24 -25 27 -27 -28 -29 -30 -31
leaf_value=-1.3520155552455357 -0.081998848534320865 -0.1090627526649489 -0.30507450968611477 -0.45148726957630736 -0.37899934595281426 -0.001504241100706601 0.045454552976621522 -0.16945896131313401 0.31443149219859734 -0.011265240149064498 -0.021953887439357181 -0.05711551603816805 -0.22652501156350147 0.53554894707419665 -0.71564202553186673 -0.11762836340838259 0.12665920141384687 0.023618526662523363 -0.045831369617101589 -0.35947003536913769 -0.098053096841882792 0.23489440458263466 0.018622859983504391 0.1530353325864543 0.052604830762282867 0.092246154384273027 0.043336739351274911 0.075191260624290879 0.16754888420158429 -0.52333088636398317
leaf_weight=35 1174 26 357 191 22 3871 36 755 55 55 3721 105 595 44 39 795 985 2522 1497 166 27 167 3250 23 2566 1739 2986 1728 513 20
leaf_count=35 1174 26 357 191 22 3871 36 755 55 55 3721 105 595 44 39 795 985 2522 1497 166 27 167 3250 23 2566 1739 2986 1728 513 20
internal_value=3.9812e-05 0.0260719 -0.237005 -0.507275 -0.810648 -0.000280596 0.0896186 -0.185911 0.205735 0.0763384 -0.0378873 0.0186645 -0.255981 0.412706 -0.576724 -0.142875 0.102395 0.032598 -0.0617283 -0.408701 0.0596806 0.177118 0.0076817 -0.0208789 0.0606959 0.0890727 0.0343082 0.0616941 0.159543 -0.650452
internal_weight=30065 27090 2975 473 116 19149 7941 2502 815 7126 6415 12734 952 99 81 1550 2779 5613 2671 357 4347 716 7121 3744 4321 1794 5508 4294 549 59
internal_count=30065 27090 2975 473 116 19149 7941 2502 815 7126 6415 12734 952 99 81 1550 2779 5613 2671 357 4347 716 7121 3744 4321 1794 5508 4294 549 59
is_linear=0
shrinkage=0.05


Tree=20
num_leaves=31
num_cat=0
split_feature=296 299 298 299 299 29 291 299 251 299 7 237 257 242 282 22 299 189 249 299 189 281 220 237 251 183 291 299 57 269
split_gain=65057.1 18485.8 11696.1 5971.89 4690.97 3052.67 2932.7 2696.78 851.894 833.396 794.863 716.125 613.854 514.918 487.215 633.384 474.471 369.453 355.631 336.315 329.4 313.926 287.559 241.823 235.798 229.536 218.264 204.539 198.758 193.355
threshold=-10.559897422790526 -2.1422688961029048 -26.362575531005856 1.4545587897300722 -5.8035295009613028 -9.2954568862915021 -16.083749771118161 7.3818626403808603 -3.5999728441238399 -0.30703179538249964 4.6794848442077646 -5.5272955894470206 -12.059035778045653 1.091968357563019 -31.844785690307614 -3.0494351387023921 -20.069811820983883 -18.783189773559567 -1.700820744037628 -8.849751949310301 -1.6430882811546323 8.8260564804077166 -4.5100979804992667 -2.1502687931060787 3.5720167160034184 -3.1152415275573726 -2.6885540485382076 -11.951136589050291 -4.3605716228485099 -1.1244256496429441
decision_type=2 2 2 2 2 2 2 2 2 2 2 2 2 2 2 2 2 2 2 2 2 2 2 2 2 2 2 2 2 2
left_child=2 4 5 9 11 -1 16 13 26 18 -9 19 -8 25 15 -7 -4 -17 22 -2 28 -12 29 -13 -15 -5 -6 -14 -10 -3
right_child=1 3 6 7 8 14 12 10 20 -11 21 23 27 24 -16 17 -18 -19 -20 -21 -22 -23 -24 -25 -26 -27 -28 -29 -30 -31
leaf_value=-1.0240042550223214 -0.12340247125916458 -0.0082416044172283782 -0.34539815505578719 0.016211973185892459 -0.029470839846611536 -0.46066425758249618 -0.22585593777462246 0.23784389939419059 -0.068849420378467557 0.066410194006828224 0.36701660156250004 -0.055588688937579692 -0.1748431040167566 0.11912405066262217 -0.45745080566406254 -0.90614906311035159 -0.26264337514611807 -0.60223582863807679 0.045175272615310375 -0.075929824491982822 0.01881074391466438 0.61288658142089847 0.027000041899308654 -0.0010638974259717989 0.16220060386838078 0.093195105968122804 0.0051967461143252597 -0.12700350874807778 -0.0002940687846731461 -0.12082982564587957
leaf_weight=35 623 223 341 108 2797 34 427 172 108 3272 37 1470 491 1276 125 20 352 20 3907 930 3147 20 2419 236 423 936 542 410 5021 46
leaf_count=35 623 223 341 108 2797 34 427 172 108 3272 37 1470 491 1276 125 20 352 20 3907 930 3147 20 2419 236 423 936 542 410 5021 46
internal_value=-0.000473166 0.0205414 -0.258733 0.0644951 -0.0173988 -0.593384 -0.219986 0.126629 -0.00252502 0.04578 0.291469 -0.0704084 -0.176476 0.112867 -0.517646 -0.619328 -0.303364 -0.754192 0.0355446 -0.0949739 0.00607602 0.453287 0.0215465 -0.048046 0.129849 0.0852313 -0.0238435 -0.153074 -0.00173762 -0.0274946
internal_weight=29968 27713 2255 12839 14874 234 2021 2972 11615 9867 229 3259 1328 2743 199 74 693 40 6595 1553 8276 57 2688 1706 1699 1044 3339 901 5129 269
internal_count=29968 27713 2255 12839 14874 234 2021 2972 11615 9867 229 3259 1328 2743 199 74 693 40 6595 1553 8276 57 2688 1706 1699 1044 3339 901 5129 269
is_linear=0
shrinkage=0.05


Tree=21
num_leaves=31
num_cat=0
split_feature=299 299 299 299 249 3 299 259 299 299 299 241 59 290 293 7 196 241 242 212 249 183 281 190 237 18 287 251 293 164
split_gain=58728.6 14881.2 12697.4 4271.47 4029.83 5210.93 3918.19 2563.21 1601.55 1008.59 928.023 518.816 500.139 460.054 441.289 359.177 329.1 306.216 298.395 270.244 269.554 266.15 261.486 258.226 251.639 241.636 237.871 218.58 218.437 209.072
threshold=-8.849751949310301 -1.0591586232185362 -21.455874443054196 -4.6533334255218497 -23.717877388000485 2.530267715454102 3.7834314107894902 -11.534853458404539 9.7821078300476092 0.82792335748672496 -2.5916608572006221 -4.165616273880004 -9.4321961402893049 -17.047976493835446 -10.392171382904051 4.6794848442077646 -2.727445006370544 1.1415067315101626 1.1540547609329226 -5.4217255115509024 -0.046471249312162392 -18.803227424621578 8.8260564804077166 -1.1536704301834104 -2.5373855829238887 3.8755882978439335 -7.9263827800750724 -18.200595855712887 5.3436274528503427 -6.2491502761840811
decision_type=2 2 2 2 2 2 2 2 2 2 2 2 2 2 2 2 2 2 2 2 2 2 2 2 2 2 2 2 2 2
left_child=2 3 4 11 5 12 9 13 28 20 16 26 -1 -4 -9 -10 29 -13 -11 -12 25 -14 -17 -21 -16 -3 -2 -6 -8 -5
right_child=1 6 7 10 27 -7 8 14 15 18 19 17 21 -15 24 22 -18 -19 -20 23 -22 -23 -24 -25 -26 -27 -28 -29 -30 -31
leaf_value=-0.30935198465983071 -0.088485707171537253 0.043740772027829326 -0.28104548591394396 -0.079606404097183892 -0.39861296663681667 -1.2557988136045395 0.12872259297278404 -0.15392436759613959 0.26112486521402994 0.073295734363434603 -0.036923529504842699 -0.028272172658024231 -0.6650926022916227 -0.2067840022277832 -0.10533818051489215 0.35560750688825338 0.0080165694433894149 0.11136455778032542 0.10553146089826311 0.019058051158326747 0.067459917993443849 -0.46468740463256836 0.58224225997924806 0.039899923950343134 0.074299822822213174 -0.06498036539325347 -0.051033578019304082 -0.31961801836949699 0.17998698142970482 -0.010805771927078236
leaf_weight=24 540 2973 313 115 192 31 567 772 60 1541 168 2127 37 625 772 35 4570 40 1344 3738 1560 30 20 2467 20 52 1973 161 328 2773
leaf_count=24 540 2973 313 115 192 31 567 772 60 1541 168 2127 37 625 772 35 4570 40 1344 3738 1560 30 20 2467 20 52 1973 161 328 2773
internal_value=-0.000449508 0.0227964 -0.211208 -0.00233193 -0.448201 -0.695928 0.0776489 -0.166216 0.170079 0.0651516 0.0116395 -0.0436222 -0.505203 -0.231564 -0.127023 0.345727 -0.000332987 -0.0256947 0.088313 0.0256502 0.0505779 -0.575359 0.43802 0.0273444 -0.100802 0.0418718 -0.0590814 -0.362584 0.14751 -0.0135454
internal_weight=29968 26991 2977 18511 475 122 8480 2502 1010 7470 13831 4680 91 938 1564 115 7458 2167 2885 6373 4585 67 55 6205 792 3025 2513 353 895 2888
internal_count=29968 26991 2977 18511 475 122 8480 2502 1010 7470 13831 4680 91 938 1564 115 7458 2167 2885 6373 4585 67 55 6205 792 3025 2513 353 895 2888
is_linear=0
shrinkage=0.05


Tree=22
num_leaves=31
num_cat=0
split_feature=296 299 298 299 299 40 187 299 299 299 299 284 242 60 241 299 292 188 160 7 237 249 284 216 284 281 165 183 248 18
split_gain=53131.1 15076.5 9586.72 4905.33 3848.74 2530.84 6164.04 2409.92 1939.14 1093.2 890.686 516.819 476.842 471.469 437.952 388.453 351.912 343.734 324.917 324.157 300.828 283.851 258.22 252.855 244.552 235.991 235.409 215.818 204.855 204.188
threshold=-10.559897422790526 -2.1422688961029048 -26.362575531005856 2.2004574537277226 -5.0338633060455313 -10.172284603118895 -18.193299293518063 -16.834774017333981 9.7821078300476092 -0.20171123743057248 -7.9792549610137931 -4.5027060508728018 4.1851725578308114 -9.5113725662231428 -10.317932128906248 -31.38612079620361 -2.460573554039001 -10.709835052490233 -4.2086274623870841 4.6794848442077646 -2.4430391788482662 -1.5785359144210813 -1.3704322576522825 -22.694178581237789 0.63403722643852245 8.8260564804077166 -5.1121177673339835 -1.0419051647186277 -5.0453855991363517 2.068112969398499
decision_type=2 2 2 2 2 2 2 2 2 2 2 2 2 2 2 2 2 2 2 2 2 2 2 2 2 2 2 2 2 2
left_child=2 4 5 9 10 6 -1 17 12 18 20 26 24 -7 -9 23 -13 -4 29 -10 -2 -20 -11 -15 27 -21 -6 -5 -12 -3
right_child=1 3 7 8 11 13 -8 14 19 22 28 16 -14 15 -16 -17 -18 -19 21 25 -22 -23 -24 -25 -26 -27 -28 -29 -30 -31
leaf_value=-1.5267800903320312 -0.094644234943873043 0.0047335614968543275 -0.30331499026371889 0.0068526919661350896 -0.067902206690270514 -0.25052057902018227 -0.33825429280598962 -0.19177246376567958 0.24806872049967452 0.040717224644249747 -0.055867363276745512 -0.0010293788602778362 0.1629337531870062 -0.66324884515059623 -0.13405179664592615 -0.41984592150616395 0.020439904718561129 -0.23103063106536867 0.022925006399859796 0.3378271484375 0.027060626278508384 0.044019814229056646 0.072221903533992673 -0.47697938101632253 0.11410649899868358 0.5531301116943359 -0.014695604090487605 0.094311097398814228 -0.030382411949562305 -0.09183537078575349
leaf_weight=20 1209 239 416 107 233 24 24 588 60 821 1283 5054 440 38 745 93 3067 272 2784 35 53 3733 3130 35 1192 20 1929 207 2046 71
leaf_count=20 1209 239 416 107 233 24 24 588 60 821 1283 5054 440 38 745 93 3067 272 2784 35 53 3733 3130 35 1192 20 1929 207 2046 71
internal_value=-0.000427032 0.0185639 -0.233818 0.0582581 -0.0156994 -0.536793 -0.878493 -0.198738 0.128934 0.0447433 -0.0537641 0.00129512 0.117144 -0.457663 -0.159513 -0.487611 0.00707877 -0.274737 0.0326293 0.328441 -0.089533 0.0350083 0.0656754 -0.573942 0.103765 0.416119 -0.0204297 0.0645084 -0.0402043 -0.0173838
internal_weight=29968 27713 2255 12839 14874 234 44 2021 2061 10778 4591 10283 1946 190 1333 166 8121 688 6827 115 1262 6517 3951 73 1506 55 2162 314 3329 310
internal_count=29968 27713 2255 12839 14874 234 44 2021 2061 10778 4591 10283 1946 190 1333 166 8121 688 6827 115 1262 6517 3951 73 1506 55 2162 314 3329 310
is_linear=0
shrinkage=0.05


Tree=23
num_leaves=31
num_cat=0
split_feature=293 293 249 291 6 293 293 183 115 243 239 257 239 18 282 247 288 234 295 234 253 297 251 241 53 284 178 65 297 291
split_gain=48016.8 12707.2 8760.1 4767.57 4056.66 3511.92 2903.67 1170.35 1140.84 964.216 916.284 678.006 542.847 521.264 686.472 449.797 385.359 375.345 289.427 249.023 239.137 228.406 207.388 201.075 198.55 184.378 178.846 176.589 174.907 168.872
threshold=-10.054084300994871 -0.60606205463409413 -23.717877388000485 -4.9259812831878653 2.6828961372375493 -17.358823776245114 5.3436274528503427 -2.0024148225784297 13.012810707092287 1.6662745475769045 -4.9685752391815177 -12.059035778045653 -16.300232887268063 -3.8073172569274898 -31.844785690307614 -4.2770371437072745 -0.54218488931655873 -1.2468373179435728 -7.9096078872680655 -2.3196861743926998 -4.3624238967895499 -12.244459629058836 -2.0408040285110469 3.0602940320968632 -3.0311080217361446 10.966274261474611 1.7463333606719973 -1.0000000180025095e-35 -0.1824635565280914 1.7877162694931032
decision_type=2 2 2 2 2 2 2 2 2 2 2 2 2 2 2 2 2 2 2 2 2 2 2 2 2 2 2 2 2 2
left_child=2 3 4 10 13 12 9 15 23 16 18 -7 -4 -1 -15 24 -3 22 -2 -17 -12 -13 -9 -8 27 -10 -11 -5 -19 -18
right_child=1 6 5 7 -6 11 8 17 25 26 20 21 -14 14 -16 19 29 28 -20 -21 -22 -23 -24 -25 -26 -27 -28 -29 -30 -31
leaf_value=-0.28268991907437646 -0.095883635522434563 0.035616798961614335 -0.33448429167084975 -0.015508840674772815 -1.210083262125651 -0.19950486528233555 0.1139966698332206 0.0060909898407410174 0.3187837106210214 0.084232365252089533 -0.043865853563558516 -0.15548134677795344 -0.24606463789309144 -0.69967518856650912 -0.39710961548057766 -0.0069182379220438066 0.057639111087167738 0.031674895470764505 -0.057055224201385882 0.012902184323086378 -0.012902195328388459 -0.10850848109782243 0.026325137452055045 0.18024687137243883 -0.021368660807910594 0.49650047302246092 0.11754761328671706 -0.10673063319902415 0.061439506413509898 0.082252429699897767
leaf_weight=24 795 1669 321 84 24 503 179 2726 54 873 1153 458 378 38 37 3484 2299 2604 1211 2907 1358 595 2365 318 990 20 748 144 609 1000
leaf_count=24 795 1669 321 84 24 503 179 2726 54 873 1153 458 378 38 37 3484 2299 2604 1211 2907 1358 595 2365 318 990 20 748 144 609 1000
internal_value=-0.000405681 0.0181753 -0.215985 -0.00191298 -0.626888 -0.193572 0.0754941 0.0109557 0.183657 0.0661208 -0.0472481 -0.151751 -0.286669 -0.485508 -0.55041 -0.00320981 0.0551951 0.0239356 -0.0724434 0.00209725 -0.0271201 -0.128939 0.0154907 0.156386 -0.0310566 0.366815 0.0996055 -0.0731226 0.0373166 0.0651
internal_weight=29968 27590 2378 20430 123 2255 7160 15913 571 6589 4517 1556 699 99 75 7609 4968 8304 2006 6391 2511 1053 5091 497 1218 74 1621 228 3213 3299
internal_count=29968 27590 2378 20430 123 2255 7160 15913 571 6589 4517 1556 699 99 75 7609 4968 8304 2006 6391 2511 1053 5091 497 1218 74 1621 228 3213 3299
is_linear=0
shrinkage=0.05


Tree=24
num_leaves=31
num_cat=0
split_feature=299 299 298 299 299 25 299 290 299 170 52 23 154 9 292 256 248 212 238 261 164 229 114 170 183 296 299 296 246 251
split_gain=43436.5 12787.6 7548.42 4042.04 3385.9 2277.37 1860.95 1728.67 721.715 586.107 509.353 493.142 646.617 976.864 454.66 422.448 377.875 261.86 258.176 254.889 242.674 225.283 222.34 212.851 194.545 190.155 178.147 168.992 154.959 154.545
threshold=-11.106372356414793 -2.1422688961029048 -26.362575531005856 1.4545587897300722 -6.0886340141296378 -7.9597153663635245 7.3818626403808603 -17.047976493835446 -3.9966099262237544 -0.74834907054901112 7.360849380493165 -5.6541113853454581 -16.346274375915524 -1.1062090992927549 -7.9035425186157218 -11.493586540222166 1.4598503112792971 -6.9272041320800772 0.40941177308559423 -2.4695425033569331 -4.5081374645233145 -1.6181532144546507 4.8536186218261728 -1.3070805668830869 -3.1152415275573726 -18.697613716125485 -16.834774017333981 -0.18848837912082669 -1.3109621405601499 3.5720167160034184
decision_type=2 2 2 2 2 2 2 2 2 2 2 2 2 2 2 2 2 2 2 2 2 2 2 2 2 2 2 2 2 2
left_child=2 4 5 9 14 -1 16 25 21 17 -8 -7 13 -13 -2 26 24 -3 -11 -16 -10 -6 28 -22 -5 -4 -9 -23 -19 -18
right_child=1 3 7 6 8 11 10 15 20 18 -12 12 -14 -15 19 -17 29 22 -20 -21 23 27 -24 -25 -26 -27 -28 -29 -30 -31
leaf_value=-0.88499834614415329 -0.086844369654765219 -0.063365451601289577 -0.27612780712003399 0.010892916287769353 -0.024541208511174729 -0.2215510808504545 0.19248540653205068 -0.2307217915852865 -0.03610140148766066 0.041340311736916935 0.35568903754739201 -0.37872006952762605 -0.40227999406702381 -0.86698377189182096 -0.052726937174850469 -0.12731736102031033 0.099580821021638732 0.018829921056331928 0.065080638744054717 0.013517719746198295 0.00092572886189498476 0.0004859654695942078 -0.12600883245468139 0.018284083498681776 0.079225187991261992 -0.21422065099080406 -0.16824938427897498 0.10405965136486062 0.038060910858234577 0.13542242658634981
leaf_weight=31 1173 84 399 114 3623 26 161 153 328 3764 68 20 136 21 1674 717 990 2594 1646 159 4425 632 24 2939 1207 180 449 42 1757 432
leaf_count=31 1173 84 399 114 3623 26 161 153 328 3764 68 20 136 21 1674 717 990 2594 1646 159 4425 632 24 2939 1207 180 449 42 1757 432
internal_value=-0.000385397 0.016274 -0.217895 0.0528954 -0.0150868 -0.485839 0.104015 -0.184861 -0.00318985 0.0375011 0.240948 -0.424884 -0.454752 -0.628806 -0.0625363 -0.153246 0.0925826 0.0240796 0.0485633 -0.0469807 0.0059792 -0.0196032 0.0257585 0.00785351 0.0733282 -0.256882 -0.184127 0.00694011 0.0265957 0.110469
internal_weight=29968 27836 2132 12841 14995 234 2972 1898 11989 9869 229 203 177 41 3006 1319 2743 4459 5410 1833 7692 4297 4375 7364 1321 579 602 674 4351 1422
internal_count=29968 27836 2132 12841 14995 234 2972 1898 11989 9869 229 203 177 41 3006 1319 2743 4459 5410 1833 7692 4297 4375 7364 1321 579 602 674 4351 1422
is_linear=0
shrinkage=0.05


Tree=25
num_leaves=31
num_cat=0
split_feature=299 299 297 299 299 293 77 299 296 241 226 20 234 242 190 8 183 164 293 293 258 125 75 42 299 232 299 295 251 281
split_gain=38964.4 10492.6 7366.01 3186.57 2743.32 2359.4 2399.39 1471.55 1231.79 658.167 635.087 534.073 504.253 341.167 311.541 295.838 287.242 270.805 251.243 245.006 221.201 220.06 196.289 193.548 222.071 192.676 182.222 181.083 158.665 157.083
threshold=-9.3908739089965803 -0.98963883519172657 -21.35430812835693 -4.4937129020690909 3.7834314107894902 -31.456928253173825 -10.30737257003784 -14.022549152374266 9.5815272331237811 0.94705882668495189 -2.441063284873962 -1.2477154731750486 -4.8840932846069327 -12.418168067932127 -1.3892810344696043 3.3595377206802373 -2.8914831876754756 -5.9444525241851798 -9.1529502868652326 1.0689653158187868 -5.6853864192962638 -5.2803921699523917 -5.8583257198333731 -10.034337043762205 -26.239870071411129 5.4653625488281259 0.63666665554046642 -7.9096078872680655 1.9968043565750124 7.3166129589080819
decision_type=2 2 2 2 2 2 2 2 2 2 2 2 2 2 2 2 2 2 2 2 2 2 2 2 2 2 2 2 2 2
left_child=2 3 5 12 9 6 -1 13 25 16 17 22 27 -4 -12 -10 21 -5 -15 -14 -9 -3 -8 -7 -25 -6 -18 -2 -11 -17
right_child=1 4 7 10 8 23 11 20 15 28 14 -13 19 18 -16 29 26 -19 -20 -21 -22 -23 -24 24 -26 -27 -28 -29 -30 -31
leaf_value=-1.0004187266031901 -0.079415927109511009 -0.14731575335775102 -0.21675247303525308 -0.063616492607620326 0.10966507422313981 -0.16677042643229167 -0.23385850389798485 -0.11527288219019248 0.22036671719308629 0.067347125158361762 0.010407841480532032 -0.58294426844670222 -0.025075075534756103 -0.165632938152522 0.029943291539357465 0.28850307464599612 0.041263368399042211 -0.00091333042002464935 0.0078973293304443366 0.11845302244027456 -0.04537561910152435 0.01744018350463367 -0.42301930934190751 -0.3660571831923265 -0.27678563628716496 0.16417173540763308 0.062615402516545057 -0.045842291387888763 0.095779807152955435 0.46143223335003036
leaf_weight=24 575 21 532 178 723 27 24 1198 59 1472 4634 39 3344 402 3647 24 2954 5279 22 30 125 581 32 104 211 209 1510 1332 736 29
leaf_count=24 575 21 532 178 723 27 24 1198 59 1472 4634 39 3344 402 3647 24 2954 5279 22 30 125 581 32 104 211 209 1510 1332 736 29
internal_value=6.38402e-05 0.018081 -0.179694 -0.00240473 0.0649214 -0.361971 -0.553732 -0.142822 0.140716 0.0540431 0.0102845 -0.440885 -0.0354144 -0.190087 0.0190114 0.297386 0.0441138 -0.00295862 -0.156629 -0.0237989 -0.108669 0.0116929 -0.34195 -0.295247 -0.306259 0.121888 0.0484859 -0.0559654 0.0768247 0.383125
internal_weight=30077 27337 2740 19019 8318 461 119 2279 1044 7274 13738 95 5281 956 8281 112 5066 5457 424 3374 1323 602 56 342 315 932 4464 1907 2208 53
internal_count=30077 27337 2740 19019 8318 461 119 2279 1044 7274 13738 95 5281 956 8281 112 5066 5457 424 3374 1323 602 56 342 315 932 4464 1907 2208 53
is_linear=0
shrinkage=0.05


Tree=26
num_leaves=31
num_cat=0
split_feature=293 299 239 282 117 299 299 299 296 232 247 1 247 299 183 8 35 288 293 247 216 289 295 295 242 200 56 299 239 289
split_gain=35259.2 9023.52 7405.07 2665.68 3343.93 2541.88 2417.33 1865.19 1111.69 574.487 565.978 462.262 413.579 312.492 282.296 266.994 242.585 232.705 228.736 214.489 196.821 239.602 196.3 194.065 183.026 182.808 178.239 178.041 150.193 142.541
threshold=-8.4214687347412092 -0.91893917322158802 -16.300232887268063 -31.844785690307614 -13.599411964416502 -3.814361453056335 3.7834314107894902 -14.022549152374266 9.5815272331237811 0.45228159427642828 -4.6911537647247306 1.9369795918464663 -1.6488965153694151 -10.678664207458494 -6.2732050418853751 3.3595377206802373 -5.3596622943878165 0.41063578426837927 -17.358823776245114 1.4749910831451418 -22.694178581237789 -20.397480964660641 -2.4457702636718746 -0.48120063543319697 5.7049999237060556 0.34263595938682562 -0.45519608259201044 -6.8468232154846183 -1.8587821722030637 9.6481356620788592
decision_type=2 2 2 2 2 2 2 2 2 2 2 2 2 2 2 2 2 2 2 2 2 2 2 2 2 2 2 2 2 2
left_child=2 5 3 4 -1 10 9 18 24 14 27 -6 16 -9 -3 -10 -7 28 -4 -11 -5 -22 -16 -14 -8 -15 -18 -2 -12 -17
right_child=1 6 7 20 11 12 8 13 15 19 17 -13 23 25 22 29 26 -19 -20 -21 21 -23 -24 -25 -26 -27 -28 -29 -30 -31
leaf_value=-1.0245623358364764 -0.060770412850230632 -0.12210482859777079 -0.21411959262060415 -0.13919730808423914 -0.54747130955968593 -0.068555394096194586 0.10499065812048843 -0.12017526575314103 0.20934840056855802 0.058118169662690067 -0.02027889430392316 -0.28759015419266443 0.020640822632339156 -0.0801140770564744 0.010162302151134929 0.27032036159349526 0.0013305740554029771 0.06021365652819282 -0.16374023513760427 0.085113619169992494 -0.3210587004191196 -0.23281620336791217 0.044475608083336789 0.047250245405452446 0.16123902890935293 0.07266980398446321 0.017004808125944227 -0.033034646351968976 0.0030813587258201091 0.43576527913411467
leaf_weight=29 958 27 373 23 28 106 753 744 59 2072 3594 44 3434 929 477 23 4525 103 569 1141 221 118 3303 856 179 20 3027 1461 851 30
leaf_count=29 958 27 373 23 28 106 753 744 59 2072 3594 44 3434 929 477 23 4525 103 569 1141 221 118 3303 856 179 20 3027 1461 851 30
internal_value=6.06482e-05 0.0184056 -0.159697 -0.344111 -0.571242 -0.000475044 0.0626923 -0.127293 0.13368 0.0521352 -0.0244782 -0.388655 0.0135215 -0.0959143 0.0389949 0.282517 0.00655883 -0.0140849 -0.183689 0.0677048 -0.28074 -0.290343 0.0401456 0.0259503 0.115794 -0.0768942 0.00761314 -0.0440189 -0.0158065 0.363968
internal_weight=30077 26979 3098 463 101 18915 8064 2635 1044 7020 6967 72 11948 1693 3807 112 7658 4548 942 3213 362 339 3780 4290 932 949 7552 2419 4445 53
internal_count=30077 26979 3098 463 101 18915 8064 2635 1044 7020 6967 72 11948 1693 3807 112 7658 4548 942 3213 362 339 3780 4290 932 949 7552 2419 4445 53
is_linear=0
shrinkage=0.05


Tree=27
num_leaves=31
num_cat=0
split_feature=293 299 246 282 117 299 299 299 240 293 249 1 11 220 299 238 180 185 53 241 288 41 289 189 51 299 290 27 292 35
split_gain=31821.5 8162.55 6697.34 2864.5 2927.67 2818.09 1933.89 1385.64 706.964 669.761 469.531 457.831 380.491 287.163 279.244 274.218 247.651 225.57 224.948 219.426 210.364 294.213 194.504 186.634 181.139 164.265 156.126 139.986 130.524 143.046
threshold=-8.4214687347412092 -0.20171123743057248 -15.623531818389891 -31.844785690307614 -13.599411964416502 -3.4016736745834346 7.3818626403808603 -14.022549152374266 1.9230980277061465 -4.9361765384674063 -1.700820744037628 1.9369795918464663 4.8312940597534189 -4.5100979804992667 -7.1260104179382315 -6.6815967559814444 -1.1388542652130125 3.154771208763123 -3.0311080217361446 -0.16743945330381391 -22.429322242736813 -5.4126472473144522 9.6481356620788592 -0.74372550845146168 -4.3437147140502921 1.5355798602104189 -17.047976493835446 4.0948152542114267 -2.2489416599273677 -2.5180523395538326
decision_type=2 2 2 2 2 2 2 2 2 2 2 2 2 2 2 2 2 2 2 2 2 2 2 2 2 2 2 2 2 2
left_child=2 5 3 4 -1 9 8 26 16 14 13 -6 -8 18 -2 -9 -3 -10 -7 24 21 -5 -14 -12 -11 -18 -4 -28 -15 -30
right_child=1 6 7 20 11 10 12 15 17 19 23 -13 22 28 -16 -17 25 -19 -20 -21 -22 -23 -24 -25 -26 -27 27 -29 29 -31
leaf_value=-0.97333426639951515 -0.060535857906559 0.029595706376407134 -0.19834433818023478 -0.21458985707531239 -0.53725707442672166 -0.093483384841620332 0.17302898830837676 -0.10373739150638131 0.080016078310316749 -0.058442618241484882 0.020211555070230522 -0.27455971296443499 0.2239021583839699 0.0059461185858922421 -0.028044420917913607 -0.059599596357345588 0.050124768186843784 0.12259081043916592 -0.010570724468259043 0.036771340579798563 -0.22670327103050958 -0.3409229919433594 0.40888422648111977 0.038412053475302591 -0.0087935351206536293 0.07326368817330968 -0.14618580331840364 -0.2445250132145026 0.056878857782133196 0.016865626954008294
leaf_weight=29 921 937 298 73 27 99 180 1188 1161 191 3092 43 27 3582 2345 500 2060 425 471 256 274 125 30 2587 4812 1222 502 39 247 2334
leaf_count=29 921 937 298 73 27 99 180 1188 1161 191 3092 43 27 3582 2345 500 2060 425 471 256 274 125 30 2587 4812 1222 502 39 247 2334
internal_value=5.76158e-05 0.0174853 -0.151712 -0.306367 -0.550896 0.00271116 0.0686814 -0.116766 0.0629658 -0.019423 0.0179137 -0.375886 0.20868 0.00898244 -0.0372069 -0.0906634 0.0522675 0.0914248 -0.0249713 -0.0083787 -0.255079 -0.294346 0.321261 0.0285026 -0.010689 0.0587402 -0.169283 -0.153275 0.0121227 0.0206949
internal_weight=30077 26979 3098 571 99 20937 6042 2527 5805 8525 12412 70 237 6733 3266 1688 4219 1586 570 5259 472 198 57 5679 5003 3282 839 541 6163 2581
internal_count=30077 26979 3098 571 99 20937 6042 2527 5805 8525 12412 70 237 6733 3266 1688 4219 1586 570 5259 472 198 57 5679 5003 3282 839 541 6163 2581
is_linear=0
shrinkage=0.05


Tree=28
num_leaves=31
num_cat=0
split_feature=299 299 239 299 282 121 299 292 295 28 232 241 253 8 297 1 292 160 283 242 241 102 213 289 299 164 242 292 294 258
split_gain=28743.8 7746.98 5469.03 2367.04 2160.79 2668.67 2043.17 1090.67 806.507 707.237 516.396 512.871 398.725 311.509 300.56 267.602 252.735 265.752 239.973 224.73 213.683 189.717 182.491 183.83 175.037 170.549 168.236 139.211 134.937 130.59
threshold=-9.3908739089965803 -0.98963883519172657 -16.300232887268063 -4.4937129020690909 -31.844785690307614 -13.598384857177733 3.7834314107894902 -12.967150211334227 9.8827843666076678 -4.2862432003021231 -2.6717647314071651 0.43644344806671148 -5.8784828186035147 3.3595377206802373 -15.957451343536375 2.5501143932342534 -1.563890755176544 -4.2644727230072013 -2.3445049524307247 -4.9546370506286612 1.0710088014602663 1.8213236927986147 -21.695130348205563 -20.397480964660641 1.7940377593040469 -5.9444525241851798 5.7049999237060556 -6.9540157318115225 -3.6997059583663936 2.1201961040496831
decision_type=2 2 2 2 2 2 2 2 2 2 2 2 2 2 2 2 2 2 2 2 2 2 2 2 2 2 2 2 2 2
left_child=2 3 4 12 5 -1 11 14 26 15 25 18 27 -10 -4 -7 17 -12 21 -9 28 -3 -6 -24 -13 -5 -8 -2 -14 -18
right_child=1 6 7 10 22 9 8 19 13 -11 16 24 20 -15 -16 -17 29 -19 -20 -21 -22 -23 23 -25 -26 -27 -28 -29 -30 -31
leaf_value=-0.97584374745686864 -0.06694945765930653 0.018397038056931225 -0.18483198122162459 -0.059753827297169229 -0.12888839156539353 -0.41040058314800265 0.095417963884731033 -0.098309048070855776 0.17307690728095271 -0.59053986644744871 -0.037080215667891839 0.053328098731297437 -0.028653919705123244 0.34081566524505619 -0.13075851918535028 -0.17725550197064877 0.025660129964378456 0.012108431918763608 0.041113146434438197 -0.030191791627336952 0.080574547588825235 -0.067254576485761455 -0.2909714257880433 -0.2131231326481392 0.078828845609541578 -0.0032965618415699998 0.14878562118696131 -0.035668797864003648 -0.0063113828642632477 0.088878570000330614
leaf_weight=24 796 723 567 138 27 20 748 1104 62 25 288 1822 2912 50 470 32 2969 5898 3591 136 50 71 219 116 1067 4361 184 643 880 84
leaf_count=24 796 723 567 138 27 20 748 1104 62 25 288 1822 2912 50 470 32 2969 5898 3591 136 50 71 219 116 1067 4361 184 643 880 84
internal_value=5.4735e-05 0.0155295 -0.154337 -0.00207306 -0.310991 -0.515484 0.0557776 -0.122484 0.121188 -0.371996 0.00886336 0.0463895 -0.0305231 0.24796 -0.160324 -0.266927 0.015628 0.00981837 0.0356131 -0.0908381 -0.0221149 0.010738 -0.253936 -0.264015 0.0627463 -0.0050283 0.105954 -0.0529721 -0.0234689 0.0273995
internal_weight=30077 27337 2740 19019 463 101 8318 2277 1044 77 13738 7274 5281 112 1037 52 9239 6186 4385 1240 3842 794 362 335 2889 4499 932 1439 3792 3053
internal_count=30077 27337 2740 19019 463 101 8318 2277 1044 77 13738 7274 5281 112 1037 52 9239 6186 4385 1240 3842 794 362 335 2889 4499 932 1439 3792 3053
is_linear=0
shrinkage=0.05


Tree=29
num_leaves=31
num_cat=0
split_feature=293 299 249 29 293 299 299 238 232 299 299 6 89 133 299 277 293 288 247 164 283 261 242 282 184 299 292 254 129 212
split_gain=26025.2 7233.06 4627.68 2454.48 2171.79 2062.62 1503.95 766.269 614.572 547.981 469.68 466.249 449.965 288.107 262.154 236.46 212.033 209.927 196.583 188.988 185.809 154.049 149.614 149.232 149.038 130.575 125.923 124.295 123.853 119.362
threshold=-9.7415709495544416 -1.3864066004753111 -20.297059059143063 -9.2954568862915021 -4.8703920841217032 3.7834314107894902 -16.03725433349609 9.218076705932619 0.45228159427642828 -3.1399999856948848 -7.1260104179382315 2.3529851436614995 -12.548970699310301 -6.666529417037963 -11.507646560668944 10.421205520629885 -19.673722267150875 0.96422255039215099 1.4749910831451418 -5.5646455287933341 -2.499977588653564 -1.8811232447624204 -0.65976476669311512 -31.844785690307614 -3.8507189750671382 0.3389184325933457 2.7903051376342778 -3.5049401521682735 2.1003431081771855 -6.9272041320800772
decision_type=2 2 2 2 2 2 2 2 2 2 2 2 2 2 2 2 2 2 2 2 2 2 2 2 2 2 2 2 2 2
left_child=2 4 3 -1 10 8 16 21 13 17 -2 12 -5 -3 -8 -9 -4 19 -10 -6 29 -7 -11 -14 -12 -22 -24 -16 -23 -15
right_child=1 5 6 11 9 7 14 15 18 22 24 -13 23 20 27 -17 -18 -19 -20 -21 25 28 26 -25 -26 -27 -28 -29 -30 -31
leaf_value=-0.78802347819010421 -0.059480287364957342 -0.1428993841012319 -0.21627918650162667 -0.10002960205078125 -0.050256619457064611 0.0051595703675979526 -0.11968625643343296 0.19770946293086797 0.048523849925557194 0.010599548046657487 -0.039051791616026295 -0.5159156644149967 -0.41395190008755389 -0.06028269507266857 -0.081002021647944331 0.36868500342735877 -0.16481757622692603 0.061152568348405656 0.073669903561220329 -0.005506325931516648 0.029368467467123877 0.088465395940886454 0.026341815113232178 -0.28786448326900727 -0.01563034865553448 0.048321594298992146 0.13339152176465308 0.037537546314137138 0.12637202177498794 0.016006234668268653
leaf_weight=30 1404 24 347 30 246 41 848 91 2277 5918 1077 23 29 54 574 26 473 114 1180 5763 2793 516 1454 123 1839 1347 28 23 370 1015
leaf_count=30 1404 24 347 30 246 41 848 91 2277 5918 1077 23 29 54 574 26 473 114 1180 5763 2793 516 1454 123 1839 1347 28 23 370 1015
internal_value=5.19982e-05 0.0140558 -0.154421 -0.365615 -0.00485759 0.0487252 -0.132509 0.115129 0.0407475 0.0050018 -0.0357207 -0.303799 -0.276994 0.0299401 -0.101817 0.235704 -0.186595 -0.00606315 0.0571071 -0.00733834 0.0307365 0.0999108 0.0141573 -0.311921 -0.0242809 0.0355351 0.0283643 -0.0764352 0.104295 0.0121525
internal_weight=30077 27577 2500 235 17843 9734 2265 1044 8690 13523 4320 205 182 5233 1445 117 820 6123 3457 6009 5209 927 7400 152 2916 4140 1482 597 886 1069
internal_count=30077 27577 2500 235 17843 9734 2265 1044 8690 13523 4320 205 182 5233 1445 117 820 6123 3457 6009 5209 927 7400 152 2916 4140 1482 597 886 1069
is_linear=0
shrinkage=0.05


Tree=30
num_leaves=31
num_cat=0
split_feature=291 294 299 299 288 64 299 299 291 299 18 184 254 3 247 241 189 65 243 248 100 179 89 297 239 236 292 160 236 165
split_gain=23967.8 6055.46 4996.24 2136.79 1608.89 2470.95 1551.04 896.132 740.05 554.905 523.328 369.545 299.835 235.306 226.34 218.07 212.767 197.043 178.677 172.51 171.224 166.463 165.757 195.925 165.647 165.091 162.484 151.191 135.587 127.581
threshold=-8.3902082443237287 -0.46806596219539637 -20.069811820983883 -3.3164253234863277 -30.736217498779293 -9.2027449607849103 7.3818626403808603 -12.439054965972899 1.6066884994506838 -5.9919216632843009 -0.70815646648406971 -0.8289007544517516 9.8715386390686053 1.5247534513473513 -4.5858156681060782 0.38232736289501196 2.9598153829574589 0.51223787665367138 -10.427345752716063 2.6074465513229375 -2.5200747251510616 -1.5736862421035764 -12.548970699310301 -26.222321510314938 -6.007549285888671 -10.29679489135742 10.0651912689209 -5.4314844608306876 -2.4977030754089351 -5.583207130432128
decision_type=2 2 2 2 2 2 2 2 2 2 2 2 2 2 2 2 2 2 2 2 2 2 2 2 2 2 2 2 2 2
left_child=2 3 4 9 5 -1 8 25 19 15 13 14 -8 -7 17 -2 -10 -5 22 28 -13 29 -6 -24 -9 -4 -14 -22 -3 -11
right_child=1 6 7 11 18 10 12 24 16 21 -12 20 26 -15 -16 -17 -18 -19 -20 -21 27 -23 23 -25 -26 -27 -28 -29 -30 -31
leaf_value=-0.93153671264648441 -0.040308876028104769 0.0061841216432448063 -0.14536850145667982 -0.0047729338880683949 -0.12277754081620113 -0.33809765013200899 0.13492559686407343 -0.083116524418697324 0.065698965145598587 -0.048269751375576236 -0.46787119735228394 0.055947012708756176 0.17219551086425783 -0.14102998177210491 0.011181434976392185 0.10818877816200256 0.10368768427462655 -0.083013870878064111 -0.073265658020973207 0.076960363325554781 -0.072428760379552842 0.0038887361742393142 -0.29036619186401369 -0.21421158122566514 -0.043822212869544394 -0.1047060528739554 0.30413886478969032 0.025361603329763307 0.038409158520182569 -0.012569570153779379
leaf_weight=20 2229 360 785 268 36 28 143 989 2101 265 38 486 40 33 7194 25 447 115 20 267 40 1646 115 318 368 366 56 3329 3499 4498
leaf_count=20 2229 360 785 268 36 28 143 989 2101 265 38 486 40 33 7194 25 447 115 20 267 40 1646 115 318 368 366 56 3329 3499 4498
internal_value=0.000143889 0.0152928 -0.131159 0.00140647 -0.259749 -0.424627 0.0556581 -0.0999862 0.0511762 -0.0173234 -0.32222 0.0155997 0.180812 -0.231487 0.00918748 -0.0386618 0.0723634 -0.0282656 -0.219625 0.0380922 0.0282028 -0.00981878 -0.225866 -0.234437 -0.0724604 -0.132438 0.249162 0.0242005 0.0354029 -0.0145558
internal_weight=30124 27008 3116 20095 608 119 6913 2508 6674 8663 99 11432 239 61 7577 2254 2548 383 489 4126 3855 6409 469 433 1357 1151 96 3369 3859 4763
internal_count=30124 27008 3116 20095 608 119 6913 2508 6674 8663 99 11432 239 61 7577 2254 2548 383 489 4126 3855 6409 469 433 1357 1151 96 3369 3859 4763
is_linear=0
shrinkage=0.05


Tree=31
num_leaves=31
num_cat=0
split_feature=296 288 295 299 293 293 66 237 254 299 18 18 183 299 299 291 76 42 18 241 240 242 292 41 230 192 165 188 258 247
split_gain=21670.8 5728.32 4133.16 2021.12 1505.55 1269.64 2338.84 951.633 829.691 577.338 522.574 375.393 332.122 301.593 266.39 242.578 230.238 203.178 201.917 197.242 194.719 168.359 156.376 152.5 147.19 142.005 127.298 127.167 126 124.888
threshold=-9.0188856124877912 -0.58059164881706227 -21.307411193847653 -3.2610771656036373 2.8421813249588017 -31.456928253173825 -9.4834775924682599 -11.25575542449951 9.8715386390686053 -5.724510431289672 -0.70815646648406971 1.1796731948852541 -3.1152415275573726 0.63666665554046642 0.11093683540821077 -6.5203759670257559 -7.5728688240051261 -10.034337043762205 2.604627370834351 0.43644344806671148 4.8624303340911874 -20.118000030517575 10.0651912689209 1.2421942353248598 -3.5121582746505733 -5.3274478912353507 -5.0072548389434806 -1.9966830611228941 -3.9513726234436031 -4.4745941162109366
decision_type=2 2 2 2 2 2 2 2 2 2 2 2 2 2 2 2 2 2 2 2 2 2 2 2 2 2 2 2 2 2
left_child=2 3 5 9 13 6 -1 23 20 19 16 -12 18 29 24 28 -8 -7 -5 25 -6 -19 -10 -4 -14 -2 -11 -28 -9 -3
right_child=1 4 7 12 8 17 10 15 22 26 11 -13 14 -15 -16 -17 -18 21 -20 -21 -22 -23 -24 -25 -26 -27 27 -29 -30 -31
leaf_value=-0.89954650878906262 -0.05466539943664759 -0.022146830386524902 -0.13953837455891682 -0.0025209349465214466 0.075680391098567001 -0.095565697454637111 -0.076561700730096729 -0.08843372839157071 0.16041672869426449 -0.036773132076791913 -0.58309278596531267 -0.28378951340913772 -0.0058038610572656319 0.054194755852222443 0.042896029379905054 -0.0078743173140231708 -0.28488379369179406 -0.28096525067480926 -0.073823188844128182 0.1029645561426878 0.12141584191523808 -0.20455761128421282 0.28893190111432759 -0.21092704398086273 0.017083879728330736 -0.030317713983835065 -0.012467306980619463 0.0035933297505247779 0.00049280099025586759 0.032150704319488049
leaf_weight=20 881 109 758 1378 1289 31 21 1400 41 397 22 20 775 2096 950 107 36 107 107 25 284 221 56 83 7503 1870 3987 1784 41 3725
leaf_count=20 881 109 758 1378 1289 31 21 1400 41 397 22 20 775 2096 950 107 36 107 107 25 284 221 56 83 7503 1870 3987 1784 41 3725
internal_value=0.000136695 0.0138906 -0.130624 -0.000361966 0.0507541 -0.264836 -0.406373 -0.10377 0.0926895 -0.0179087 -0.306742 -0.440567 0.0142874 0.0389443 0.017819 -0.0805101 -0.208134 -0.217919 -0.00765854 -0.0368445 0.0839378 -0.229483 0.234611 -0.146584 0.0149411 -0.038115 -0.00938644 -0.00750245 -0.0859035 0.030607
internal_weight=30124 27257 2867 19657 7600 478 119 2389 1670 8944 99 42 10713 5930 9228 1548 57 359 1485 2776 1573 328 97 841 8278 2751 6168 5771 1441 3834
internal_count=30124 27257 2867 19657 7600 478 119 2389 1670 8944 99 42 10713 5930 9228 1548 57 359 1485 2776 1573 328 97 841 8278 2751 6168 5771 1441 3834
is_linear=0
shrinkage=0.05


Tree=32
num_leaves=31
num_cat=0
split_feature=291 293 299 299 287 64 252 293 252 291 23 183 151 155 299 237 299 212 242 125 188 42 277 125 287 183 146 34 97 299
split_gain=19575.1 5062.69 4092.21 2014.98 1381.44 2064.31 1216.23 751.782 570.361 482.232 473.406 344.374 255.21 205.909 203.898 192.793 186.772 179.54 169.16 160.944 155.509 199.754 147.267 133.651 133.013 131.84 122.572 120.986 119.982 118.194
threshold=-8.3902082443237287 0.11300653964281084 -20.069811820983883 -2.9741638898849483 -31.1700325012207 -9.2027449607849103 6.3488235473632821 -13.020081520080565 -4.2154903411865225 3.3387727737426762 -4.6826469898223868 -2.0210151672363277 11.261004447937013 -16.704402923583981 -0.30703179538249964 -6.9702942371368399 -7.5910785198211661 -6.321791172027587 -0.9065137207508086 -5.0481810569763175 -11.307696819305418 -10.034337043762205 10.421205520629885 1.6404575109481814 -4.8414213657379142 -8.5395946502685529 4.1698856353759775 -3.3574540615081783 -3.2685730457305904 1.6943417787551882
decision_type=2 2 2 2 2 2 2 2 2 2 2 2 2 2 2 2 2 2 2 2 2 2 2 2 2 2 2 2 2 2
left_child=2 3 4 8 5 -1 9 25 16 18 -7 17 -8 -12 -13 -9 -2 -5 -3 28 21 -6 -14 -11 26 -4 -10 -21 -19 -20
right_child=1 6 7 11 20 10 12 15 24 23 13 14 22 -15 -16 -17 -18 19 29 27 -22 -23 -24 -25 -26 -27 -28 -29 -30 -31
leaf_value=-0.8510134887695312 -0.051573026954563131 0.024613819808290145 -0.14089015244576905 -0.054255879119159738 -0.068722538514570761 -0.16129676610231403 0.13422136371638502 -0.081988296839724695 -0.020373371361685929 0.067094375049913085 -0.50524933554909446 0.019357820962920387 0.20323417513978248 -0.3120874994509929 0.039783071445071809 -0.045217391199642618 -0.023449556284300108 -0.14397115449110667 0.042182217418345075 0.044486517106944866 -0.15087233181183157 -0.22422560992863483 0.36055784679594494 0.10181591764058032 -0.00075425067872788437 -0.10346274156952254 0.10434739753603935 0.0062483519586728027 -0.0094150839423811118 0.062578028903261765
leaf_weight=20 739 913 554 123 22 40 147 987 1311 770 22 5959 51 37 1537 558 2935 30 2117 220 130 337 21 433 5112 409 20 3464 37 1069
leaf_count=20 739 913 554 123 22 40 147 987 1311 770 22 5959 51 37 1537 558 2935 30 2117 220 130 337 21 433 5112 409 20 3464 37 1069
internal_value=0.00012986 0.0138203 -0.118533 0.00284707 -0.234908 -0.387688 0.0565268 -0.0903202 -0.0133849 0.0517573 -0.294087 0.0172903 0.171996 -0.384114 0.0235459 -0.0687079 -0.0291064 0.00518595 0.0435882 0.00713512 -0.197729 -0.214696 0.24912 0.0795918 -0.00442003 -0.124994 -0.0184993 0.00853185 -0.0696641 0.0490256
internal_weight=30124 27008 3116 21487 608 119 5521 2508 10117 5302 99 11370 219 59 7496 1545 3674 3874 4099 3751 489 359 72 1203 6443 963 1331 3684 67 3186
internal_count=30124 27008 3116 21487 608 119 5521 2508 10117 5302 99 11370 219 59 7496 1545 3674 3874 4099 3751 489 359 72 1203 6443 963 1331 3684 67 3186
is_linear=0
shrinkage=0.05


Tree=33
num_leaves=31
num_cat=0
split_feature=297 299 241 294 3 299 180 293 1 33 299 246 232 258 57 183 248 174 294 293 277 297 299 284 291 182 23 95 192 299
split_gain=17682.9 5085.67 2915.87 1656.19 1611.46 1444.47 720.687 657.492 545.934 812.057 440.255 321.108 285.739 251.408 247.002 204.879 191.407 188.69 187.602 171.049 161.334 153.442 149.231 140.352 149.966 130.853 125.938 112.291 109.54 109.066
threshold=-10.210770130157469 -1.8240611553192136 -17.972254753112789 3.0134986639022832 4.3405346870422372 -4.9185395240783683 11.145771980285646 -14.775191307067869 3.3762155771255498 -10.341794967651365 0.3389184325933457 -6.0688068866729727 -2.6717647314071651 0.9658823311328889 -9.3845095634460431 -3.3805514574050899 4.5080549716949472 -5.4640882015228263 -25.985345840454098 -5.062156915664672 10.421205520629885 -3.0244443416595455 -20.069811820983883 -4.7053604125976554 1.3393387198448183 -5.7119324207305899 -4.274549961090087 0.87405234575271618 -5.4251422882080069 -8.849751949310301
decision_type=2 2 2 2 2 2 2 2 2 2 2 2 2 2 2 2 2 2 2 2 2 2 2 2 2 2 2 2 2 2
left_child=2 5 4 10 8 11 16 22 9 -1 15 29 26 28 -11 17 -5 -3 -16 25 -8 -12 -4 -14 -25 27 -7 -9 -13 -2
right_child=1 3 7 6 -6 12 20 19 -10 14 21 13 23 -15 18 -17 -18 -19 -20 -21 -22 -23 -24 24 -26 -27 -28 -29 -30 -31
leaf_value=-0.5078699282237461 -0.069225371758307314 -0.15807212114334107 -0.17254439657048662 0.066204540899109141 -0.63243741635923034 -0.050869611899058025 0.18328298992580838 -0.091252920389600062 -0.031028319943335748 -0.092315883021200862 -0.014747723271010801 -0.045155394790518999 -0.013070513891226579 0.12509367665083246 -0.28830498385018316 0.024213926401608549 0.10942814847443001 -0.001716487697346041 -0.20083578650767989 0.055016786672852258 0.34078932262602307 0.045543726567051385 -0.12682374396678286 0.01041666051694942 0.061526666723546536 -0.059520344009793259 -0.0051749186180474194 -0.16226291205734014 -0.01900181299875682 -0.039980050455579411
leaf_weight=28 484 20 258 1195 27 156 72 772 31 31 109 468 634 29 116 5924 326 548 130 22 21 3314 579 6067 147 339 4513 60 2770 934
leaf_count=28 484 20 258 1195 27 156 72 772 31 31 109 468 634 29 116 5924 326 548 130 22 21 3314 579 6067 147 339 4513 60 2770 934
internal_value=0.000123367 0.0113766 -0.130284 0.03676 -0.260804 -0.00668565 0.0837305 -0.106945 -0.230941 -0.25126 0.029114 -0.0300932 0.00283629 -0.0214692 -0.225321 0.0214635 0.0754688 -0.00722197 -0.242081 -0.0831099 0.218849 0.0436238 -0.140917 0.00933931 0.0116257 -0.0857049 -0.00670166 -0.0963738 -0.0227819 -0.0499622
internal_weight=30124 27731 2393 11529 363 16202 1614 2030 336 305 9915 4685 11517 3267 277 6492 1521 568 246 1193 93 3423 837 6848 6214 1171 4669 832 3238 1418
internal_count=30124 27731 2393 11529 363 16202 1614 2030 336 305 9915 4685 11517 3267 277 6492 1521 568 246 1193 93 3423 837 6848 6214 1171 4669 832 3238 1418
is_linear=0
shrinkage=0.05


Tree=34
num_leaves=31
num_cat=0
split_feature=237 288 290 299 294 287 73 255 296 18 293 184 299 160 33 43 247 230 189 258 295 178 3 284 82 299 243 39 151 20
split_gain=16025 4256.08 3224.45 1449.54 1130.04 969.18 1632.2 763.558 608.014 414.18 412.175 260.493 227.466 221.119 220.057 196.114 179.264 155.908 149.927 148.817 146.067 139.194 135.959 125.775 120.892 117.816 117.449 113.473 103.8 103.503
threshold=-6.9702942371368399 -0.58059164881706227 -20.624117851257321 -3.2610771656036373 3.0134986639022832 -31.1700325012207 -9.8183140754699689 -10.947945594787596 9.5815272331237811 -0.70815646648406971 -6.0613296031951895 1.4853242635726931 0.97666668891906749 -6.2184805870056143 -4.4431269168853751 -6.8430392742156974 -13.315620899200438 -3.5121582746505733 2.6400097608566289 2.3651372194290166 -8.5220680236816388 -1.8081626892089842 4.3405346870422372 -5.5154676437377921 -2.5029568672180171 -7.2759711742401114 -0.9054206609725951 -0.36633579432964319 -4.6725490093231192 -1.3204699158668516
decision_type=2 2 2 2 2 2 2 2 2 2 2 2 2 2 2 2 2 2 2 2 2 2 2 2 2 2 2 2 2 2
left_child=2 3 5 10 12 6 -1 16 18 15 25 13 26 27 -7 -8 28 29 -6 23 -9 -19 -10 -12 -23 -2 -3 -5 -4 -15
right_child=1 4 7 11 8 14 9 20 22 -11 19 -13 -14 17 -16 -17 -18 21 -20 -21 -22 24 -24 -25 -26 -27 -28 -29 -30 -31
leaf_value=-0.74106251109730126 -0.047692967105214881 0.017713045150324788 -0.1303185300960448 0.010960712447399046 0.061561056613922117 -0.13715731408860951 -0.1165793204918886 -0.074635441126387508 0.16492253671778312 -0.39561502426057249 -0.022751801958553294 0.046828323635694384 0.049048827906449641 0.018055364099000732 -0.21797273265463965 -0.30610066581340067 -0.099800453058310923 0.0048528251112427943 0.095890852682671307 0.11024666015918438 -0.041057499655145352 0.039883567873355855 0.30474722726004466 -0.0060612514397732874 0.015654931442955277 -0.023679456529805819 0.034690266821306173 -0.091338342279195794 -0.18960368454456331 -0.016030261021310006
leaf_weight=22 944 1710 411 41 975 135 39 979 101 37 1433 519 1800 310 224 21 560 3059 472 26 484 570 21 5316 5321 1113 2520 80 90 791
leaf_count=22 944 1710 411 41 975 135 39 979 101 37 1433 519 1800 310 224 21 560 3059 472 26 484 570 21 5316 5321 1113 2520 80 90 791
internal_value=0.000117199 0.0122499 -0.109497 -0.000107266 0.0439974 -0.228573 -0.352234 -0.0869467 0.0817969 -0.264046 -0.0150969 0.0122759 0.034162 0.010513 -0.187583 -0.182912 -0.11924 0.0113218 0.0727592 -0.00914517 -0.0635269 0.013506 0.188991 -0.00960512 0.0179992 -0.0346998 0.0278271 -0.056675 -0.140969 -0.00643304
internal_weight=30124 27122 3002 19523 7599 478 119 2524 1569 97 8832 10691 6030 10172 359 60 1061 10051 1447 6775 1463 8950 122 6749 5891 2057 4230 121 501 1101
internal_count=30124 27122 3002 19523 7599 478 119 2524 1569 97 8832 10691 6030 10172 359 60 1061 10051 1447 6775 1463 8950 122 6749 5891 2057 4230 121 501 1101
is_linear=0
shrinkage=0.05


Tree=35
num_leaves=31
num_cat=0
split_feature=239 299 249 3 293 291 251 0 299 23 166 241 299 297 133 258 183 183 62 191 255 203 235 284 297 184 240 22 241 299
split_gain=14281 4028.1 2782.86 2429.51 1303.77 1176.59 1098.09 445.384 432.194 395.872 320.435 313.336 303.09 237.244 206.147 193.365 171.385 166.076 166.219 152.513 145.411 176.086 132.775 131.525 123.136 105.044 102.837 100.376 98.9472 97.9137
threshold=-7.5577676296234122 -1.2598674893379209 -23.717877388000485 2.530267715454102 -4.7131373882293692 -16.083749771118161 3.5720167160034184 2.6982657909393315 1.4545587897300722 -3.5715334415435787 10.038431644439699 -1.1777239441871641 -7.4502692222595206 -12.694204330444334 -11.915215969085692 2.6467189788818364 -2.9182438850402828 -3.3805514574050899 -3.9445285797119136 0.63804852962493908 -16.816511154174801 -18.993676185607907 -0.80918768048286427 -0.63658472895622242 -26.222321510314938 -3.0467842817306514 1.3083724379539492 1.9821569323539736 -9.9167742729186994 -2.9741638898849483
decision_type=2 2 2 2 2 2 2 2 2 2 2 2 2 2 2 2 2 2 2 2 2 2 2 2 2 2 2 2 2 2
left_child=2 4 3 7 12 20 8 9 17 -1 26 16 28 27 -11 -13 19 18 -3 -6 21 -4 -19 -10 -23 -14 -8 -7 -2 -18
right_child=1 6 5 -5 11 13 10 -9 23 14 -12 15 25 -15 -16 -17 29 22 -20 -21 -22 24 -24 -25 -26 -27 -28 -29 -30 -31
leaf_value=-0.4744352251291275 -0.14118701528619837 -0.13123902181784314 -0.065017099091500954 -0.75410346303667342 -0.006795397584808377 -0.09103197678923608 0.034721781915806708 -0.037003243466218312 0.021935901097754344 -0.092174275574230025 0.18271444569463316 0.017738277274710439 -0.025538648087215628 -0.061443350591870866 -0.30104986396100791 0.11689429664611817 -0.0011789434178349847 0.018215701745530114 0.0038943081938264922 -0.061622324143361329 -0.13156539571651243 -0.23573478221893313 0.033993152225869981 0.055672577599416906 -0.16617143538690382 -0.0076652183136032837 0.091098201100168558 -0.1432753325592388 -0.044430878862027887 0.010134124070113729
leaf_weight=20 27 24 33 28 2739 560 94 24 337 21 92 2954 1888 1038 27 50 3516 2143 439 133 456 90 3530 2024 217 1456 580 110 1237 4194
leaf_count=20 27 24 33 28 2739 560 94 24 337 21 92 2954 1888 1038 27 50 3516 2143 439 133 456 90 3530 2024 217 1456 580 110 1237 4194
internal_value=0.000356749 0.011007 -0.111085 -0.346297 -0.00265791 -0.0998127 0.0378469 -0.222182 0.0326781 -0.28754 0.0951835 0.0051371 -0.0256403 -0.0764147 -0.209667 0.0193887 0.00109138 0.0256832 -0.00311044 -0.00933439 -0.150018 -0.174767 0.0280332 0.0508571 -0.186565 -0.0177564 0.0832356 -0.0996092 -0.0464977 0.00497501
internal_weight=30081 27457 2624 120 18194 2504 9263 92 8497 68 766 13586 4608 1708 48 3004 10582 6136 463 2872 796 340 5673 2361 307 3344 674 670 1264 7710
internal_count=30081 27457 2624 120 18194 2504 9263 92 8497 68 766 13586 4608 1708 48 3004 10582 6136 463 2872 796 340 5673 2361 307 3344 674 670 1264 7710
is_linear=0
shrinkage=0.05


Tree=36
num_leaves=31
num_cat=0
split_feature=239 293 249 3 299 288 252 184 0 4 59 295 50 299 232 299 255 24 260 133 238 249 209 299 87 299 35 26 264 212
split_gain=12888.6 3655.33 2511.53 2192.63 1470.05 1071.83 817.917 455.884 401.959 367.089 331.513 329.817 241.005 224.581 200.241 175.099 167.986 146.151 140.144 131.855 131.181 116.382 110.985 109.248 102.683 92.627 94.3066 90.443 88.5937 108.298
threshold=-7.5577676296234122 -0.24225491285324094 -23.717877388000485 2.530267715454102 -4.7015032768249503 -15.230794906616209 4.1098663806915292 -0.8289007544517516 2.6982657909393315 1.7337815761566164 -7.810431480407714 2.2585204839706425 7.1045882701873788 -7.4502692222595206 -2.7974509000778194 -11.951136589050291 -16.816511154174801 -0.39727121591567988 3.2755788564682011 -5.5464680194854727 -1.0370290875434873 0.0400284230709076 -0.07945097982883452 -2.3003038167953487 0.10910620167851449 4.0706396102905282 6.0849099159240732 -1.60936564207077 -5.7576928138732901 -5.5904200077056876
decision_type=2 2 2 2 2 2 2 2 2 2 2 2 2 2 2 2 2 2 2 2 2 2 2 2 2 2 2 2 2 2
left_child=2 4 3 8 13 16 11 14 9 10 -1 20 22 21 19 24 17 -4 28 -6 -3 -2 -8 -16 -7 26 -13 -14 -9 -30
right_child=1 6 5 -5 7 15 12 18 -10 -11 -12 25 27 -15 23 -17 -18 -19 -20 -21 -22 -23 -24 -25 -26 -27 -28 -29 29 -31
leaf_value=-0.049179229849860784 -0.042480172249690105 0.014518197854825608 -0.14307225209971269 -0.71639829874038696 -0.064716418460011485 -0.080400566679688298 -0.022093005336466291 0.061381005368581633 -0.03515311454733213 -0.45313555955886842 -0.31405926258475692 0.053260640755591809 0.27226681221615184 -0.016843590019545562 0.0013071987500549737 -0.054185680808443021 -0.1213171606850026 -0.21231727281634788 0.079053307405792847 -0.0053872563125160772 0.035658953659859063 0.073445426401766864 0.095698027732406432 0.013291444272804735 -0.13540662901917686 0.076201908974319776 -0.0041620116484792609 0.15166916419874948 -0.03562065889383411 0.01948534398227502
leaf_weight=21 1363 960 234 28 96 677 21 123 24 20 27 1208 22 3491 3956 825 558 113 101 3823 3114 22 419 3662 97 451 76 53 91 4405
leaf_count=21 1363 960 234 28 96 677 21 123 24 20 27 1208 22 3491 3956 825 558 113 101 3823 3114 22 419 3662 97 451 76 53 91 4405
internal_value=0.000338912 0.0104566 -0.105531 -0.328983 0.000476806 -0.0948221 0.0438063 0.00769896 -0.211073 -0.273163 -0.198174 0.0384522 0.104198 -0.0236025 0.00234344 -0.0702119 -0.138305 -0.165622 0.0207893 -0.00684059 0.0306773 -0.0406388 0.0900762 0.00706807 -0.0872941 0.0567087 0.0498618 0.187044 0.0195153 0.01837
internal_weight=30081 27457 2624 120 21133 2504 6324 16257 92 68 48 5809 515 4876 11537 1599 905 347 4720 3919 4074 1385 440 7618 774 1735 1284 75 4619 4496
internal_count=30081 27457 2624 120 21133 2504 6324 16257 92 68 48 5809 515 4876 11537 1599 905 347 4720 3919 4074 1385 440 7618 774 1735 1284 75 4619 4496
is_linear=0
shrinkage=0.05


Tree=37
num_leaves=31
num_cat=0
split_feature=296 299 249 29 257 239 250 51 184 296 183 291 236 160 236 294 180 26 288 181 252 287 24 15 30 35 133 231 38 16
split_gain=11746.5 3181.98 2349.05 2144.7 1116.71 1057.41 770.154 348.616 345.053 320.475 238.762 217.844 210.845 199.522 192.968 161.401 135.607 134.329 129.774 128.345 128.131 111.112 107.995 99.1659 98.0994 94.629 93.8249 90.024 87.5888 86.5801
threshold=-9.0188856124877912 -0.51409405469894398 -23.717877388000485 -9.2954568862915021 -13.141078472137449 -3.5482742786407466 3.3286060094833378 -7.5406861305236808 -1.7462912201881406 9.5815272331237811 -5.8693528175353995 1.7877162694931032 3.7041667699813847 -6.079547405242919 -9.5339708328247053 -21.034245491027828 -2.409382581710815 -1.2590392231941221 0.11098040267825128 -2.766178965568542 -4.2618365287780753 -4.8946290016174308 -0.35242760181426996 1.1076517701148989 -1.3111529946327207 -4.6269962787628165 2.4279302358627324 -2.389313697814941 2.8350884914398198 2.3265266418457036
decision_type=2 2 2 2 2 2 2 2 2 2 2 2 2 2 2 2 2 2 2 2 2 2 2 2 2 2 2 2 2 2
left_child=2 5 3 -1 15 10 11 -5 21 26 -2 16 13 -10 28 22 -3 -11 24 -16 -12 -7 -4 -9 -15 -26 -8 -23 -6 -17
right_child=1 6 4 7 14 8 9 23 12 17 20 -13 -14 18 19 29 -18 -19 -20 -21 -22 27 -24 -25 25 -27 -28 -29 -30 -31
leaf_value=-0.73529237111409507 -0.045531589790758956 -0.00073435397591079562 -0.13851991733987426 -0.046272567749023441 -0.079727656104821312 -0.016845270215388185 0.057037275866369211 -0.22637852535528294 -0.064752800352871426 0.27031464809956762 -0.022366236587479615 0.047943086282571615 0.13509036122510831 0.020960429804680519 -0.058117315718196928 -0.10825000750214867 0.029843754566164882 0.1337606888937663 0.030973255369975302 -0.012224529634465228 -0.0057760372079715674 -0.0046187047322407372 -0.19870045282416515 -0.35774370580911641 -0.040780977551470102 0.0091165868822805675 0.090613260641694074 0.0076889017150569301 -0.15344322254491408 -0.1670201686066641
leaf_weight=24 710 401 227 25 641 941 493 51 80 23 2426 1745 36 2155 935 534 3784 83 1051 182 2237 2919 111 20 97 4650 360 3026 43 71
leaf_count=24 710 401 227 25 641 941 493 51 80 23 2426 1745 36 2155 935 534 3784 83 1051 182 2237 2919 111 20 97 4650 360 3026 43 71
internal_value=0.000321966 0.0104575 -0.0959971 -0.312533 -0.0865276 0.000505034 0.039825 -0.206844 0.00734037 0.0813968 -0.0185202 0.033102 0.0143564 0.0138154 -0.063447 -0.130608 0.0269138 0.16339 0.0146057 -0.0506397 -0.0144074 -0.000881031 -0.158283 -0.263383 0.0121133 0.00809698 0.0712077 0.00164586 -0.0843618 -0.115147
internal_weight=30081 27217 2864 120 2744 20328 6889 96 14955 959 5373 5930 8069 8033 1801 943 4185 106 7953 1117 4663 6886 338 71 6902 4747 853 5945 684 605
internal_count=30081 27217 2864 120 2744 20328 6889 96 14955 959 5373 5930 8069 8033 1801 943 4185 106 7953 1117 4663 6886 338 71 6902 4747 853 5945 684 605
is_linear=0
shrinkage=0.05


Tree=38
num_leaves=31
num_cat=0
split_feature=296 241 282 61 257 248 299 197 284 0 213 201 299 269 35 299 236 180 293 65 114 281 51 299 292 133 179 293 299 189
split_gain=10601.2 2929.33 2135.73 2801.12 1014.99 900.416 878.569 334.08 292.674 289.355 284.534 245.296 242.81 218.135 257.052 198.289 170.291 169.738 161.08 141.919 117.591 116.103 106.745 106.532 106.453 128.605 99.0281 96.7181 94.5871 92.0433
threshold=-9.0188856124877912 -0.96266645193099964 -31.844785690307614 -9.3611159324645978 -13.141078472137449 2.4436527490615849 -3.9966099262237544 11.810581684112551 0.57472264766693126 2.6982657909393315 -21.695130348205563 -19.125882148742672 -26.239870071411129 -3.6085809469223018 -4.7836151123046866 -7.4502692222595206 -9.5339708328247053 -1.4356820583343504 4.5824999809265146 -0.079006526619195924 4.0080001354217538 7.3166129589080819 -7.5406861305236808 2.0893501043319707 -2.380464911460876 -4.8858933448791495 -6.7338128089904776 -4.2668566703796378 -17.683915138244625 4.1293201446533212
decision_type=2 2 2 2 2 2 2 2 2 2 2 2 2 2 2 2 2 2 2 2 2 2 2 2 2 2 2 2 2 2
left_child=2 6 3 -1 10 8 15 18 24 11 -4 -5 -12 26 19 -2 -6 20 -7 -15 -16 -9 -11 29 -3 -26 -8 -18 -14 -10
right_child=1 5 4 9 16 7 13 21 23 22 12 -13 28 14 17 -17 27 -19 -20 -21 -22 -23 -24 -25 25 -27 -28 -29 -30 -31
leaf_value=-0.83783721923828125 -0.036610003293738091 0.0041373835464454008 0.04958391604216203 -0.38305174020620497 -0.079815286756261011 0.04958519740244044 -0.11125585355541923 0.12362496256828309 0.031149306933905586 -0.019476108551025391 -0.19609450862325473 -0.15013928890228273 -0.13244385015211865 0.043419668653577166 0.0050580922302209518 -0.012884907609880146 -0.050094323272501878 0.018236987045490118 0.084877704523625919 -0.064751442417868274 -0.089689338568485155 0.24524744840768667 -0.16505057671490839 0.053983725223032311 -0.084510021157828838 0.023074568239542636 -0.0047755143895073524 0.060856897868216048 -0.097339784351606229 0.11069253457559121
leaf_weight=20 1063 1058 23 26 682 958 22 80 2131 20 116 20 491 37 4279 5135 1097 4471 488 168 33 26 34 787 28 3499 2917 20 315 37
leaf_count=20 1063 1058 23 26 682 958 22 80 2131 20 116 20 491 37 4279 5135 1097 4471 488 168 33 26 34 787 28 3499 2917 20 315 37
internal_value=0.000305868 0.00993459 -0.0911973 -0.297668 -0.082168 0.0330948 -0.00168323 0.0677767 0.0259561 -0.189634 -0.124125 -0.281785 -0.128459 0.00625236 0.010119 -0.0169539 -0.060128 0.0114108 0.0614958 -0.0452279 0.00433298 0.153457 -0.111134 0.0382267 0.0180478 0.0222205 -0.00557258 -0.0481077 -0.118725 0.0325068
internal_weight=30081 27217 2864 120 2744 9092 18125 1552 7540 100 945 46 922 11927 8988 6198 1799 8783 1446 205 4312 106 54 2955 4585 3527 2939 1117 806 2168
internal_count=30081 27217 2864 120 2744 9092 18125 1552 7540 100 945 46 922 11927 8988 6198 1799 8783 1446 205 4312 106 54 2955 4585 3527 2939 1117 806 2168
is_linear=0
shrinkage=0.05


Tree=39
num_leaves=31
num_cat=0
split_feature=296 295 282 78 299 243 299 234 213 51 299 256 170 183 297 109 174 296 280 189 26 41 35 65 250 291 74 299 189 247
split_gain=9567.63 2647.71 1927.49 2987.28 933.5 897.806 648.414 283.207 276.255 274.24 267.542 225.173 213.801 207.485 179.343 156.292 125.571 124.147 120.137 124.976 118.256 117.693 113.827 151.34 114.871 112.786 112.778 110.598 95.7976 95.8321
threshold=-9.0188856124877912 -0.22245634347200391 -31.844785690307614 -10.489745140075682 -3.4016736745834346 -13.82928943634033 6.2899019718170175 -3.8472449779510494 -21.695130348205563 -7.5406861305236808 1.6943417787551882 -10.317558765411375 -0.7710067331790923 -18.803227424621578 -26.222321510314938 5.5342531204223642 4.4250195026397714 9.5815272331237811 -1.8211273550987241 4.1293201446533212 -1.2590392231941221 -1.5949420332908628 -4.6269962787628165 0.18389540165662768 -2.4281862974166866 -5.5881409645080558 -1.968385577201843 -7.5910785198211661 -0.77241179347038258 3.606960773468018
decision_type=2 2 2 2 2 2 2 2 2 2 2 2 2 2 2 2 2 2 2 2 2 2 2 2 2 2 2 2 2 2
left_child=2 4 3 -1 7 8 10 27 -4 -5 18 -7 15 -11 -10 22 -9 -8 -3 -20 -19 26 23 -6 -24 -13 -14 -2 -23 -30
right_child=1 6 5 9 12 11 17 16 14 13 -12 25 21 -15 -16 -17 -18 20 19 -21 -22 28 24 -25 -26 -27 -28 -29 29 -31
leaf_value=-0.80930945656516329 -0.039112203431372741 0.0083364664654251141 0.049020810560746628 -0.025396761527428258 0.017044052126861536 -0.080050583456494517 0.085119515134577162 -0.0046163489058378589 -0.18864334494666715 -0.34280619621276859 0.04832009297703397 -0.049289596749646634 0.05189461458409042 -0.15854504776000977 -0.11994988558879449 -0.12288027405738831 0.1179091254870097 0.24846081857879959 0.029046022583291722 0.099620573874562982 0.12173033567923536 0.0069364156355203356 -0.001357765870374414 -0.062125123019369559 0.011323195452277002 0.035163907906631146 0.014824639440541612 -0.01789423766064686 0.021407264187019354 0.11464661232062751
leaf_weight=22 784 759 22 26 105 866 228 4942 113 22 2091 1105 456 50 597 24 21 24 3159 64 79 2009 3062 142 4285 41 373 2835 1747 28
leaf_count=22 784 759 22 26 105 866 228 4942 113 22 2091 1105 456 50 597 24 21 24 3159 64 79 2009 3062 142 4285 41 373 2835 1747 28
internal_value=0.000290575 0.00943786 -0.0866374 -0.282784 0.00078732 -0.0780596 0.0375521 -0.0118541 -0.125476 -0.164585 0.0338378 -0.0608087 0.00965731 -0.214847 -0.130883 0.00451315 -0.00409791 0.105701 0.0262329 0.0304474 0.15126 0.0181525 0.00491576 -0.0284702 0.00603817 -0.0462681 0.0352154 -0.0224908 0.0144143 0.0228781
internal_weight=30081 27217 2864 120 20813 2744 6404 8582 732 98 6073 2012 12231 72 710 7618 4963 331 3982 3223 103 4613 7594 247 7347 1146 829 3619 3784 1775
internal_count=30081 27217 2864 120 20813 2744 6404 8582 732 98 6073 2012 12231 72 710 7618 4963 331 3982 3223 103 4613 7594 247 7347 1146 829 3619 3784 1775
is_linear=0
shrinkage=0.05


Tree=40
num_leaves=31
num_cat=0
split_feature=237 288 182 3 239 288 9 245 292 4 51 296 183 241 296 197 27 35 183 29 184 44 133 82 295 117 288 191 105 84
split_gain=9269.85 2511.32 2411.23 5022.6 846.049 826.453 799.673 704.88 319.903 286.133 274.534 258.504 252.001 194.527 179.224 156.215 154.775 151.18 139.806 134.576 131.609 113.779 112.396 103.907 95.826 89.1843 86.9447 82.9026 82.7388 80.4377
threshold=-7.3526959419250479 -0.58059164881706227 -17.811244964599606 2.530267715454102 -3.2258824110031123 -15.230794906616209 -4.5815114974975577 5.5006370544433603 2.377254962921143 1.6705881953239443 -7.5406861305236808 -5.2784552574157706 -2.0210151672363277 -17.972254753112789 9.5815272331237811 11.810581684112551 2.4513864517211919 -4.6269962787628165 -0.43282616138458246 -7.7701678276062003 -6.1907844543457022 -0.86555558443069447 2.7303049564361577 -2.5029568672180171 -3.1634173393249507 -2.638676524162292 -22.429322242736813 0.30368629097938543 -5.3608331680297843 -5.4944190979003897
decision_type=2 2 2 2 2 2 2 2 2 2 2 2 2 2 2 2 2 2 2 2 2 2 2 2 2 2 2 2 2 2
left_child=2 4 3 6 11 13 -1 8 18 10 -8 -2 17 19 -9 23 20 21 -3 -4 -7 -6 -10 -14 -25 -22 28 29 -21 -26
right_child=1 7 5 -5 12 16 9 14 22 -11 -12 -13 15 -15 -16 -17 -18 -19 -20 26 25 -23 -24 24 27 -27 -28 -29 -30 -31
leaf_value=0.14338989332318305 -0.027256793665374965 0.016674237665329474 -0.029442100524902343 -0.92038248410591716 0.012955228463073988 -0.062061939398189651 -0.038200565620704938 0.083092609817433258 0.043061686781949778 -0.37407821476459507 -0.25628215353335104 -0.0068559715755017112 0.028200666936388143 -0.10135989780875221 0.16692161140861095 0.12312495112419129 -0.095862188838249041 0.00067165788509095505 0.032666124688279272 -0.1709926560268564 -0.04401845471900806 -0.062037414091584447 0.07625778995041739 -0.0017418744062078419 0.083093623816967013 6.8377337840773301e-05 -0.12249823319606293 0.028217585307580235 -0.27283352936307587 0.010042259683939297
leaf_weight=20 2613 2812 20 26 72 924 27 213 1505 20 31 3827 917 690 91 32 215 5387 2659 118 399 170 307 1333 38 161 78 788 24 4514
leaf_count=20 2613 2812 20 26 72 924 27 213 1505 20 31 3827 917 690 91 32 215 5387 2659 118 399 170 307 1333 38 161 78 788 24 4514
internal_value=0.000325212 0.00915028 -0.0871177 -0.30258 -0.000266787 -0.0769552 -0.138673 0.033591 0.0304773 -0.210996 -0.154761 -0.0151335 0.00695846 -0.114846 0.108186 0.012884 -0.0562142 -0.00106508 0.0244466 -0.15362 -0.0504701 -0.0397256 0.048686 0.0124192 0.0102505 -0.0313435 -0.164909 0.0132442 -0.188205 0.0106521
internal_weight=30031 27278 2753 124 19691 2629 98 7587 7283 78 58 6440 13251 930 304 7622 1699 5629 5471 240 1484 242 1812 7590 6673 560 220 5340 142 4552
internal_count=30031 27278 2753 124 19691 2629 98 7587 7283 78 58 6440 13251 930 304 7622 1699 5629 5471 240 1484 242 1812 7590 6673 560 220 5340 142 4552
is_linear=0
shrinkage=0.05


Tree=41
num_leaves=31
num_cat=0
split_feature=291 249 3 291 257 240 239 9 295 1 6 288 211 242 18 289 184 133 87 25 122 268 24 39 243 287 183 128 296 298
split_gain=8373.41 2338.79 3891.72 2184.93 900.706 677.592 600.109 554.363 373.241 329.313 388.652 209.902 200.405 167.7 163.499 160.173 157.218 144.788 137.949 134.692 120.005 118.75 115.939 105.078 104.26 100.984 90.2594 84.024 83.0696 93.2243
threshold=-8.3902082443237287 -23.717877388000485 2.530267715454102 -0.92821133136749256 -13.141078472137449 6.5854749679565439 -3.171286821365356 -4.3978235721588126 2.1506212949752812 0.70495095849037182 -0.49399237334728235 -4.8235688209533683 -3.8087513446807857 -3.4281901121139522 1.1796731948852541 -20.397480964660641 -0.92136099934577931 -6.0341823101043692 -0.17915031313896176 -1.6295618414878843 -0.46633988618850702 9.4867973327636737 -1.8826086521148679 2.4687989950180058 -0.30225172638893122 -4.4904015064239493 -8.5395946502685529 2.7081024646759038 -3.5565031766891475 -1.0000000180025095e-35
decision_type=2 2 2 2 2 2 2 2 2 2 2 2 2 2 2 2 2 2 2 2 2 2 2 2 2 2 2 2 2 2
left_child=1 2 7 6 15 8 11 -1 17 10 -9 26 14 18 -8 19 28 -5 -6 -3 -10 -7 -18 -13 25 -19 -2 -27 29 -14
right_child=3 4 -4 5 13 21 12 9 20 -11 -12 23 16 -15 -16 -17 22 24 -20 -21 -22 -23 -24 -25 -26 27 -28 -29 -30 -31
leaf_value=0.087492698289099197 -0.077766810913777185 -0.10813468611902662 -0.80775123153414052 -0.074163578106806835 -0.048326344636591329 0.091484812817542394 -0.0030672199686040771 -0.14958449945829452 0.022080440663661653 -0.095500242121909801 -0.45756108645815402 -0.0021919979751659937 -0.0039438613593337111 0.0060264201982626843 -0.046078559206082274 -0.093386903508390129 0.036588456664274092 -0.048912973684590244 -0.088157130309124476 -0.17124156126983806 0.052358820882296854 0.16972610043807768 0.013169705573872504 -0.040541709636254288 0.029009640165142698 0.01564772040977265 -0.021089162092410133 0.064719798896047814 0.0075437958989344224 -0.10533751339054383
leaf_weight=21 72 189 28 39 1666 153 1471 21 407 38 20 3252 1579 126 260 592 657 59 250 153 1670 71 2702 189 3037 2836 2880 90 5480 23
leaf_count=21 72 189 28 39 1666 153 1471 21 407 38 20 3252 1579 126 260 592 657 59 250 153 1670 71 2702 189 3037 2836 2880 90 5480 23
internal_value=0.000308952 -0.0774534 -0.286728 0.00927298 -0.0684523 0.030495 -0.000285808 -0.140842 0.0281337 -0.201538 -0.299817 -0.0126899 0.00622911 -0.049849 -0.00952762 -0.109125 0.0088414 0.0218653 -0.0535235 -0.136367 0.0464256 0.116285 0.0177503 -0.00429839 0.0224872 0.0158512 -0.0224715 0.0171571 0.00461591 -0.00539958
internal_weight=30031 3104 128 26927 2976 8362 18565 100 8138 79 41 6393 12172 2042 1731 934 10441 6061 1916 342 2077 224 3359 3441 6022 2985 2952 2926 7082 1602
internal_count=30031 3104 128 26927 2976 8362 18565 100 8138 79 41 6393 12172 2042 1731 934 10441 6061 1916 342 2077 224 3359 3441 6022 2985 2952 2926 7082 1602
is_linear=0
shrinkage=0.05


Tree=42
num_leaves=31
num_cat=0
split_feature=292 288 249 40 257 293 61 296 245 249 57 252 15 160 3 174 296 36 100 133 25 45 284 227 7 131 243 68 170 237
split_gain=7602.85 2045.82 2037.13 4061.45 701.413 698.392 668.835 587.12 259.673 255.805 190.624 184.598 183.61 163.332 154.627 152.641 151.582 121.203 113.472 125.499 106.7 105.765 100.215 97.3627 93.9622 90.9091 95.1032 90.7235 88.3942 84.3183
threshold=-8.9535455703735334 -0.58059164881706227 -23.717877388000485 -10.172284603118895 -13.141078472137449 -3.5369020700454707 -9.3611159324645978 4.3358061313629159 6.6076700687408456 -4.782261610031127 -0.74068012833595265 0.50117912888526928 0.83274507522583019 -5.4314844608306876 1.4241699576377871 4.9334754943847665 -18.697613716125485 1.4425069093704226 -2.1612604856491084 -4.6696269512176505 -1.6502884626388548 -1.2178255319595335 10.966274261474611 -6.9316687583923331 1.8852009773254397 1.9155294299125674 -2.0561324357986446 -2.2684434652328487 0.76681947708129894 -7.135058879852294
decision_type=2 2 2 2 2 2 2 2 2 2 2 2 2 2 2 2 2 2 2 2 2 2 2 2 2 2 2 2 2 2
left_child=2 5 3 -1 16 9 -5 11 -9 29 13 -3 14 21 -8 18 20 -6 28 -20 -4 -7 -10 -15 -24 -13 -27 -25 -12 -2
right_child=1 7 4 6 17 10 12 8 22 -11 15 25 -14 23 -16 -17 -18 -19 19 -21 -22 -23 24 27 -26 26 -28 -29 -30 -31
leaf_value=-0.80465523856026788 -0.045523525481045463 0.018858677922412543 -0.098135737557220104 0.12744562058221728 -0.044434736704940379 0.027962294347922911 -0.20361201190031492 0.055642309938342918 0.10189206482934171 -0.0055416957218427376 0.020740823306771225 0.031017084383091253 -0.32095005556941036 0.095098349252449615 -0.032613668441772457 0.10689827040877453 -0.080135642757690639 -0.080795796455608471 -0.064481099106763543 0.010097754516156035 -0.14288447849534977 -0.058515156000438662 0.11140016049146653 -0.013026326449524929 0.25958436494288234 0.15352801066296906 0.049652259914115787 0.0047623753459590697 0.059491047350286742 -0.02090382330969948
leaf_weight=28 418 4143 262 21 1516 44 39 738 122 5193 1056 1993 20 28 20 43 399 270 57 5440 271 180 20 872 23 23 525 4026 171 2070
leaf_count=28 418 4143 262 21 1516 44 39 738 122 5193 1056 1993 20 28 20 43 399 270 57 5440 271 180 20 872 23 23 525 4026 171 2070
internal_value=0.000293504 0.00843354 -0.0774601 -0.272392 -0.0682801 -0.000100764 -0.123358 0.0304785 0.0683204 -0.0118575 0.00747697 0.0253661 -0.190027 0.000228104 -0.145646 0.0129937 -0.103441 -0.0499316 0.0123932 0.00932442 -0.120888 -0.0415285 0.125026 0.0021269 0.190661 0.0359762 0.054012 0.00159542 0.0261412 -0.0250401
internal_weight=30031 27185 2846 128 2718 19598 100 7587 903 7681 11917 6684 79 5150 59 6767 932 1786 6724 5497 533 224 165 4926 43 2541 548 4898 1227 2488
internal_count=30031 27185 2846 128 2718 19598 100 7587 903 7681 11917 6684 79 5150 59 6767 932 1786 6724 5497 533 224 165 4926 43 2541 548 4898 1227 2488
is_linear=0
shrinkage=0.05


Tree=43
num_leaves=31
num_cat=0
split_feature=292 291 182 3 240 9 289 235 122 2 3 251 183 187 277 23 183 173 212 123 247 287 298 97 182 28 224 287 286 144
split_gain=6897.14 2140.2 1546.45 4041.19 861.295 634.052 576.814 335.142 322.213 278.734 346.875 208.365 196.877 191.513 147.584 138.27 136.316 118.366 115.136 126.789 113.15 110.982 97.1845 89.7169 84.8399 84.7274 113.318 82.5095 80.7168 78.8215
threshold=-11.521589279174803 -1.1160784363746641 -17.811244964599606 2.530267715454102 -4.0507843494415274 -4.5815114974975577 3.5881023406982426 -14.246470451354979 4.6943137645721444 1.1505042314529421 -1.0000000180025095e-35 -2.2259759902954097 -5.8693528175353995 1.0541176199913027 10.421205520629885 -4.6826469898223868 4.7734313011169442 0.78851172327995311 -5.0057842731475821 -0.78225648403167714 -5.53100562095642 -25.153039932250973 0.16215688735246661 -2.2435294389724727 -6.4605145454406729 5.7177453041076669 5.7900097370147714 -4.2611587047576895 -10.265495777130125 -2.7572128772735591
decision_type=2 2 2 2 2 2 2 2 2 2 2 2 2 2 2 2 2 2 2 2 2 2 2 2 2 2 2 2 2 2
left_child=2 4 3 5 12 -1 13 15 25 10 -7 17 -2 20 -10 -4 18 22 19 -13 -3 -17 -6 -23 28 26 -8 -22 -14 -20
right_child=1 6 7 -5 11 9 8 -9 14 -11 -12 16 24 -15 -16 21 -18 -19 29 -21 27 23 -24 -25 -26 -27 -28 -29 -30 -31
leaf_value=0.13559238571673632 -0.039059999694757416 -0.055836792367528067 -0.052313988049362985 -0.8167581278544207 -0.0026505652858548265 -0.14317073285579682 0.045688631355621574 -0.064724152674703023 0.10178344032981179 -0.053662555239030296 -0.41199321124702692 0.022706383250352711 -0.11458117615532232 0.035139661141217964 0.22816504069737029 -0.16748331574832692 0.078380318482716885 0.02871244845430573 0.024299340186545209 -0.048096276243882519 -0.026138821378446905 -0.1000666744772206 -0.045620087710723511 -0.17168031373620035 -0.013727655749924733 0.010629736032701077 0.090985524690512465 0.01839249899431843 -0.031901230183366228 0.00826569116321226
leaf_weight=20 1142 53 86 26 7310 30 846 1191 132 28 20 99 37 1917 28 102 72 298 898 175 106 349 134 50 3637 133 165 5566 146 5235
leaf_count=20 1142 53 86 26 7310 30 846 1191 132 28 20 99 37 1917 28 102 72 298 898 175 106 349 134 50 3637 133 165 5566 146 5235
internal_value=0.000278829 0.00650969 -0.0918704 -0.262592 -0.00290869 -0.115568 0.0267056 -0.079964 0.0574409 -0.179968 -0.2507 0.00334954 -0.0208446 0.021461 0.1239 -0.110885 0.00996545 -0.00218709 0.00919663 -0.0225143 0.0168808 -0.120939 -0.00342406 -0.109041 -0.0153991 0.0481459 0.0530813 0.0175603 -0.0486179 0.0106134
internal_weight=30031 28129 1902 124 19183 98 8946 1778 1304 78 50 14221 4962 7642 160 587 6479 7742 6407 274 5725 501 7444 399 3820 1144 1011 5672 183 6133
internal_count=30031 28129 1902 124 19183 98 8946 1778 1304 78 50 14221 4962 7642 160 587 6479 7742 6407 274 5725 501 7444 399 3820 1144 1011 5672 183 6133
is_linear=0
shrinkage=0.05


Tree=44
num_leaves=31
num_cat=0
split_feature=293 287 25 296 23 296 299 245 35 89 175 248 289 296 89 184 42 125 99 160 0 288 200 174 92 242 298 295 294 125
split_gain=6229.32 1821.26 1885.87 1590.86 805.45 766.199 592.353 457.825 375.279 221.677 207.687 184.75 165.785 128.103 116.517 125.938 114.402 113.437 117.922 129.038 115.118 109.372 109.044 98.0675 94.2636 91.5134 91.2761 95.4811 87.5704 82.797
threshold=-7.8198792934417716 -31.1700325012207 -7.9597153663635245 -0.043529422953724854 -5.3147795200347892 -13.793393135070799 -2.7208060026168819 5.5006370544433603 -7.0597984790801993 -7.9291446208953849 0.032286249101161964 -5.1218380928039542 -20.397480964660641 9.5815272331237811 -0.66239258646965016 -4.9897058010101309 -6.259150266647338 -5.0481810569763175 -4.8011052608489981 -4.9427449703216544 -1.0000000180025095e-35 3.3100419044494633 -7.2930324077606192 4.9334754943847665 6.3864688873291025 -0.8762032389640807 0.053636357188224799 -2.7052993774414058 1.1461930871009829 -1.3868680000305174
decision_type=2 2 2 2 2 2 2 2 2 2 2 2 2 2 2 2 2 2 2 2 2 2 2 2 2 2 2 2 2 2
left_child=1 2 -1 6 -4 12 11 10 -6 -10 -5 -2 16 -9 15 -14 -3 20 -19 -20 -8 -12 -17 28 -23 26 -21 -28 -13 -7
right_child=3 5 4 7 8 29 17 13 9 -11 21 23 14 -15 -16 22 -18 18 19 25 -22 24 -24 -25 -26 -27 27 -29 -30 -31
leaf_value=-0.6116529737200056 -0.020478634406170492 -0.073219416691706729 0.11260179229404615 0.015901621155556798 -0.36642232434502964 -0.040631214636995136 0.0065464669034223672 0.069191373189290362 -0.011696569137275219 -0.23502884355187414 0.029882149054395419 -0.0037671237060474972 -0.071679206255251024 0.13886005275852079 -0.11425408955373161 0.10135169565677643 -0.13308538573671622 0.053082466089581871 -0.027539873129177481 0.0095563805190565301 -0.11311581703154623 0.055345120420356823 -0.053940221925194445 0.099926239543634915 0.0078851269072845211 0.018147818861809981 -0.057719012491942681 -0.0018270094816883406 0.074373261961672044 -0.011605245273534235
leaf_weight=28 1867 117 23 2214 29 1743 44 240 20 25 2449 8883 742 91 154 20 251 166 217 5554 37 866 26 23 119 3304 97 360 36 286
leaf_count=28 1867 117 23 2214 29 1743 44 240 20 25 2449 8883 742 91 154 20 251 166 217 5554 37 866 26 23 119 3304 97 360 36 286
internal_value=0.000264887 -0.0628 -0.250179 0.00848775 -0.145836 -0.0557852 0.00189417 0.031192 -0.226161 -0.13577 0.0278426 -0.00617275 -0.0855936 0.088345 -0.0744761 -0.0667023 -0.114052 0.0108108 0.0113029 0.0105753 -0.0481141 0.0355412 0.013578 -0.00318582 0.0496114 0.0114632 0.007789 -0.0136903 -0.00345172 -0.0365398
internal_weight=30031 3464 125 26567 97 3339 20588 5979 74 45 5648 10809 1310 331 942 788 368 9779 9698 9532 81 3434 46 8942 985 9315 6011 457 8919 2029
internal_count=30031 3464 125 26567 97 3339 20588 5979 74 45 5648 10809 1310 331 942 788 368 9779 9698 9532 81 3434 46 8942 985 9315 6011 457 8919 2029
is_linear=0
shrinkage=0.05


Tree=45
num_leaves=31
num_cat=0
split_feature=240 187 3 299 290 248 9 288 296 1 84 184 296 190 29 252 291 88 157 224 8 291 264 239 159 183 3 296 38 251
split_gain=5461.73 1590.41 4285.47 1518.84 606.323 604.335 427.764 338.23 261.784 260.3 180.082 160.761 145.666 144.028 134.689 120.221 114.54 106.508 107.856 104.899 99.8026 97.7743 93.7078 92.462 89.9557 87.3271 83.9334 78.1561 77.924 75.3694
threshold=-7.0856158733367911 -18.193299293518063 2.530267715454102 -1.9842323064804075 -17.047976493835446 2.1515219211578374 -4.2283353805541983 -4.6600217819213858 9.5815272331237811 0.48549738526344305 -9.3223772048950178 0.63396108150482189 -11.783878326416014 -5.7266414165496817 -7.7701678276062003 -18.143450736999508 -2.6885540485382076 -1.8507167696952818 -2.2995079755783077 -0.64657950401306141 -0.047272743657231324 4.2708375453948983 -6.324526071548461 0.20546054840087893 -5.1035947799682608 -3.3805514574050899 4.3405346870422372 -5.9050536155700675 -1.6000435948371885 -2.964686274528503
decision_type=2 2 2 2 2 2 2 2 2 2 2 2 2 2 2 2 2 2 2 2 2 2 2 2 2 2 2 2 2 2
left_child=1 2 6 7 14 11 -1 23 19 -8 -11 13 17 20 -3 -16 29 18 24 -7 -5 -18 -15 27 -6 -24 -10 -2 -25 -9
right_child=3 4 -4 5 12 8 9 16 26 10 -12 -13 -14 22 15 -17 21 -19 -20 -21 -22 -23 25 28 -26 -27 -28 -29 -30 -31
leaf_value=0.095271068882374535 -0.023916126713038617 -0.023787123874082404 -0.89058369114285429 0.0053181711170408458 -0.044231001482429831 0.00063637197084671308 -0.25799714517262251 -0.0087150619290082693 0.099906927409924962 0.024446291273290462 -0.17785995920950717 0.027087231791894595 -0.031216240021934495 0.058551235592647181 -0.13365226337369882 -0.087934895863202328 0.0068999751977499024 -0.085725634644629997 0.058797047675951668 0.046003662189072828 -0.12521174792200326 0.10808712914586067 -0.0045779459674087208 0.099066058988682926 -0.096502731803216446 0.013943356471853605 0.21036439623151507 -0.010294188676806412 -0.0039789417108824091 0.0025275057130427553
leaf_weight=21 1814 59 21 27 616 139 36 2985 95 22 22 2411 1173 111 212 447 4525 247 23 1529 32 24 699 32 95 7109 21 2510 43 2978
leaf_count=21 1814 59 21 27 616 139 36 2985 95 22 22 2411 1173 111 212 447 4525 247 23 1529 32 24 699 32 95 7109 21 2510 43 2978
internal_value=0.000201058 -0.0638817 -0.240693 0.00728508 -0.0563709 0.0203897 -0.105567 -0.00341321 0.047274 -0.158287 -0.0767068 0.0157731 -0.0431071 0.0123539 -0.0961624 -0.102642 0.00145823 -0.0573251 -0.047768 0.0422231 -0.0654777 0.00743383 0.0129338 -0.0150542 -0.0512153 0.0122853 0.119904 -0.0160089 0.0399869 -0.00310038
internal_weight=30078 2994 122 27084 2872 12173 101 14911 1784 80 44 10389 2154 7978 718 659 10512 981 734 1668 59 4549 7919 4399 711 7808 116 4324 75 5963
internal_count=30078 2994 122 27084 2872 12173 101 14911 1784 80 44 10389 2154 7978 718 659 10512 981 734 1668 59 4549 7919 4399 711 7808 116 4324 75 5963
is_linear=0
shrinkage=0.05


Tree=46
num_leaves=31
num_cat=0
split_feature=240 282 121 288 288 299 299 34 213 124 252 183 122 278 57 121 28 260 220 215 133 21 170 168 213 119 190 212 1 1
split_gain=4929.21 1478.62 2787.89 1376.19 512.005 461.562 433.53 315.814 227.464 196.805 176.563 174.082 152.01 148.522 134.294 122.592 111.524 106.388 100.818 129.537 98.0372 96.1841 97.9049 96.182 105.501 85.7267 83.1752 103.38 76.4233 71.8483
threshold=-7.0856158733367911 -31.844785690307614 -13.598384857177733 -0.83084973692893971 -15.230794906616209 -3.621155738830566 4.7116589546203622 -10.012892246246336 -21.695130348205563 -9.14324903488159 -18.143450736999508 -0.17348039895296094 5.7234704494476327 10.366392135620119 -0.70277395844459523 -2.7645784616470332 2.9734312295913701 -0.89039742946624745 -4.5100979804992667 -3.0539215803146358 -5.0057513713836661 -0.90980389714241017 0.26104345917701727 -5.9858555793762198 -4.1650488376617423 1.96427458524704 -4.9614119529724112 -1.2262309193611143 3.6270086765289311 -0.68768554925918568
decision_type=2 2 2 2 2 2 2 2 2 2 2 2 2 2 2 2 2 2 2 2 2 2 2 2 2 2 2 2 2 2
left_child=1 2 -1 5 8 15 11 28 -3 -9 -10 20 17 -14 18 -2 23 -8 19 -7 -5 22 -16 24 -6 -13 27 -23 -4 -27
right_child=3 4 7 6 16 14 12 9 10 -11 -12 25 13 -15 21 -17 -18 -19 -20 -21 -22 26 -24 -25 -26 29 -28 -29 -30 -31
leaf_value=-0.67971835666232649 -0.019097149169775271 0.059307232609501596 -0.077301915486653661 -0.045704776426588281 -0.042896282597960043 0.0036351527037566584 -0.049459909379482275 -0.31176822878420357 -0.12477369278669358 -0.1078893975451075 -0.074832719016145882 0.024634123155675574 0.08335514483244523 0.21672644438566985 0.013958621656476045 -0.0055946240198160753 -0.077296294803507859 0.056093867556922611 0.0020860196525904528 -0.048373492401472096 0.014408513039356122 0.0043294179652418408 0.040557308977952712 -0.022682671799219484 -0.13529211259447038 0.014625875348294223 0.0070668195527782826 -0.12729354939208581 0.053307358423868814 0.052450092662940317
leaf_weight=27 2563 27 21 69 895 243 25 20 240 29 674 2856 92 27 1737 4885 171 529 4718 236 3983 35 432 834 32 162 3908 26 24 558
leaf_count=27 2563 27 21 69 895 243 25 20 240 29 674 2856 92 27 1737 4885 171 529 4718 236 3983 35 432 834 32 162 3908 26 24 558
internal_value=0.000191005 -0.0606876 -0.231905 0.00692083 -0.0534766 -0.000571835 0.0238748 -0.103278 -0.0837212 -0.191105 -0.0879463 0.0204807 0.0623439 0.113616 0.00578165 -0.0102411 -0.0387456 0.0513306 -0.000132954 -0.0219891 0.0133849 0.0107895 0.0192563 -0.0350022 -0.0460858 0.0285211 0.00616252 -0.0517722 -0.00764364 0.0439396
internal_weight=30078 2994 121 27084 2873 18783 8301 94 941 49 914 7628 673 119 11335 7448 1932 554 5197 479 4052 6138 2169 1761 927 3576 3969 61 45 720
internal_count=30078 2994 121 27084 2873 18783 8301 94 941 49 914 7628 673 119 11335 7448 1932 554 5197 479 4052 6138 2169 1761 927 3576 3969 61 45 720
is_linear=0
shrinkage=0.05


Tree=47
num_leaves=31
num_cat=0
split_feature=240 282 57 299 290 293 299 213 249 62 55 299 236 160 28 125 143 298 299 226 292 44 294 69 295 287 261 263 226 272
split_gain=4448.61 1334.46 2531.21 1258.85 498.714 403.307 364.726 230.595 188.05 182.028 223.477 162.03 157.779 145.802 128.321 127.08 105.986 103.138 124.974 102.738 99.8893 99.3167 88.9073 88.8195 84.7869 84.6128 77.2808 76.0039 78.2291 75.6937
threshold=-7.0856158733367911 -31.844785690307614 -9.3845095634460431 -0.91893917322158802 -17.047976493835446 -3.4454412460327144 7.3818626403808603 -21.695130348205563 2.0393333435058598 -2.7029949426650997 -2.4384051561355586 -5.724510431289672 4.0095207691192636 -4.9427449703216544 3.5211490392684941 -5.4199039936065665 -4.894357204437255 -1.0621569156646726 -2.0618259906768794 9.7402868270874041 -23.085033416748043 -0.80118757486343373 1.8674509525299074 -1.0659700632095335 -2.4457702636718746 -8.3618297576904279 0.099169965833425536 -6.9812037944793692 -7.3343398571014395 2.407696127891541
decision_type=2 2 2 2 2 2 2 2 2 2 2 2 2 2 2 2 2 2 2 2 2 2 2 2 2 2 2 2 2 2
left_child=1 2 -1 5 7 11 8 -3 15 -4 -11 -2 13 21 25 -5 -17 18 22 -8 -9 -7 27 -19 29 -6 -24 -15 -29 -18
right_child=3 4 9 6 14 12 19 20 -10 10 -12 -13 -14 17 -16 16 24 23 -20 -21 -22 -23 26 -25 -26 -27 -28 28 -30 -31
leaf_value=-0.71934596470424106 -0.019585760333075512 0.056341867093686708 -0.20353768065169053 -0.083502604692213003 -0.041435114617525082 0.012194572366317925 0.061539120144314244 -0.11959151612619126 0.036909779484903295 0.038151451733348697 -0.15078602125868201 -0.0042050159766173906 0.14611274331808091 -0.059285596869093307 -0.084752044207613231 0.070390461965611106 -0.0066201102105701501 -0.023635180911758456 0.017176670745910266 0.13235146658761163 -0.079161894996701246 -0.049297577675534929 0.12381730679551076 0.0029285634220168237 0.018922068973714318 -0.017668017754012669 -0.0039411897212266924 0.096577271689539376 0.0041975977798423608 0.092669510245323189
leaf_weight=21 2469 27 37 31 1519 98 153 229 1556 29 34 5587 20 47 142 95 477 478 2830 77 459 199 29 921 5613 497 20 23 6341 20
leaf_count=21 2469 27 37 31 1519 98 153 229 1556 29 34 5587 20 47 142 95 477 478 2830 77 459 199 29 921 5613 497 20 23 6341 20
internal_value=0.000181455 -0.0576532 -0.22031 0.00657479 -0.0508027 -0.000418125 0.0231915 -0.0869938 0.0213598 -0.115512 -0.0638148 -0.0089189 0.00580414 0.00554871 -0.0388117 0.0174797 0.0179842 0.00650887 0.00841482 0.0852459 -0.0926188 -0.0290072 0.00457642 -0.00614754 0.0171694 -0.0355759 0.071671 0.00406361 0.00453147 -0.00262455
internal_weight=30078 2994 121 27084 2873 19062 8022 715 7792 100 63 8056 11006 10986 2158 6236 6205 10689 9290 230 688 297 6460 1399 6110 2016 49 6411 6364 497
internal_count=30078 2994 121 27084 2873 19062 8022 715 7792 100 63 8056 11006 10986 2158 6236 6205 10689 9290 230 688 297 6460 1399 6110 2016 49 6411 6364 497
is_linear=0
shrinkage=0.05


Tree=48
num_leaves=31
num_cat=0
split_feature=240 282 121 232 290 294 299 34 213 128 124 251 183 65 28 279 263 299 135 251 291 185 121 22 21 237 10 123 54 91
split_gain=4014.87 1204.35 2374.44 1150.1 450.089 419.461 342.204 285.993 208.112 207.927 172.897 130.561 122.201 129.277 115.809 114.026 107.626 101.464 104.656 93.0327 89.5183 78.5953 78.3102 73.8052 70.4805 66.1997 64.9795 71.7158 63.5758 61.5655
threshold=-7.0856158733367911 -31.844785690307614 -13.598384857177733 -0.91021785140037526 -17.047976493835446 3.0134986639022832 -4.2773811817169181 -10.012892246246336 -21.695130348205563 4.2372357845306405 -9.14324903488159 -0.64647573232650746 -3.4752939939498897 0.46068133413791662 3.5211490392684941 10.338914394378664 0.50281864404678356 -2.1422688961029048 -4.0109553337097159 -16.695614814758297 -8.3902082443237287 2.1548366546630864 -2.9702138900756831 -0.61971276998519886 -5.2005603313446036 -0.54616245627403248 2.7786527872085576 -2.0013072490692134 -2.3629875183105464 7.8715333938598642
decision_type=2 2 2 2 2 2 2 2 2 2 2 2 2 2 2 2 2 2 2 2 2 2 2 2 2 2 2 2 2 2
left_child=1 2 -1 6 8 11 16 24 -3 29 -9 -5 13 -8 20 -11 22 -14 -19 -10 -6 -13 -2 -15 -4 -24 27 -22 -23 -7
right_child=3 4 7 5 14 9 12 10 19 15 -12 21 17 23 -16 -17 -18 18 -20 -21 26 28 25 -25 -26 -27 -28 -29 -30 -31
leaf_value=-0.62257034866898153 -0.02095400466142729 0.053524776741310398 0.067314856392996655 0.0086728642886350574 -0.039630562808709885 0.039304826363786037 -0.0034779850872561531 -0.28726220980286599 -0.10799539062711927 0.072927503053306933 -0.096167769000448045 0.018526182481195638 0.00090492569870548323 -0.064405877781831031 -0.080514441367606049 0.17086485726492748 0.072899984930818146 0.047289392673113245 0.0091855745589008286 -0.071091489338043864 -0.020355754772872603 -0.041388387441635137 -0.0092607556847731694 -0.0099702894720914113 -0.058113400141398111 0.035691104547974348 -0.082437450235540222 0.028519480157410727 0.039826561816628726 -0.0033360910939646293
leaf_weight=27 1846 27 21 3702 1543 1213 1289 20 315 197 29 3681 6144 153 142 35 37 188 4346 373 344 25 3281 105 24 84 33 96 667 91
leaf_count=27 1846 27 21 3702 1543 1213 1289 20 315 197 29 3681 6144 153 142 35 37 188 4346 373 344 25 3281 105 24 84 33 96 667 91
internal_value=0.000172382 -0.0547706 -0.209294 0.00624605 -0.0482626 0.0201385 -0.0013955 -0.0905874 -0.0826441 0.0440886 -0.174165 0.0155828 0.00318909 -0.00994447 -0.0368712 0.0877025 -0.0120751 0.00509185 0.0107655 -0.0879879 -0.0337971 0.0214325 -0.0126785 -0.0422519 0.000419786 -0.00813863 -0.0147673 -0.00969207 0.0368925 0.0363291
internal_weight=30078 2994 121 27084 2873 9611 17473 94 715 1536 49 8075 12225 1547 2158 232 5248 10678 4534 688 2016 4373 5211 258 45 3365 473 440 692 1304
internal_count=30078 2994 121 27084 2873 9611 17473 94 715 1536 49 8075 12225 1547 2158 232 5248 10678 4534 688 2016 4373 5211 258 45 3365 473 440 692 1304
is_linear=0
shrinkage=0.05


Tree=49
num_leaves=31
num_cat=0
split_feature=292 299 282 125 184 182 248 299 34 213 190 292 206 124 293 298 251 165 53 97 282 285 243 7 82 59 288 34 247 221
split_gain=3636.65 1173.68 958.788 2178.8 439.989 341.893 263.252 220.556 209.797 200.812 141.358 109.836 107.089 99.0308 97.1742 99.2615 96.0301 87.4533 87.1727 86.3606 83.1948 81.1 78.1532 73.3002 72.6283 74.4991 71.1805 70.3874 74.5967 64.8887
threshold=-10.744156837463377 -2.1164238452911373 -31.844785690307614 -13.582657814025877 1.2089869379997256 -3.4133943319320674 -15.701922893524168 7.3818626403808603 -10.012892246246336 -21.695130348205563 -6.3105537891387931 1.5240476131439211 -2.6686273813247676 -7.7284233570098868 -6.0613296031951895 -10.00818872451782 -1.2091176509857176 -5.1121177673339835 4.7519328594207773 2.7343170642852788 10.96841335296631 -1.8646779060363767 -0.84506237506866444 1.8852009773254397 -3.2049019336700435 -3.9104576110839839 -25.1621561050415 2.2329971790313725 -2.2885923385620113 -11.803691387176512
decision_type=2 2 2 2 2 2 2 2 2 2 2 2 2 2 2 2 2 2 2 2 2 2 2 2 2 2 2 2 2 2
left_child=2 5 3 -1 10 14 9 -6 -5 -4 12 17 -3 -10 19 -16 24 -7 -18 -2 -9 -13 -19 -22 -12 -26 -11 28 -8 -28
right_child=1 4 6 8 7 11 27 20 13 26 16 21 -14 -15 15 -17 18 22 -20 -21 23 -23 -24 -25 25 -27 29 -29 -30 -31
leaf_value=-0.58550676618303565 -0.02336561314501967 -0.15616222112016245 0.055739514032999676 -0.0048499213324652776 0.029793651705762099 -0.024379993433911881 -0.041676336667527833 0.066883282783703923 -0.24010041208937763 -0.13200393241384756 0.032478755952850463 -0.020837790825787714 -0.0001546959308060733 -0.094426502699830717 0.077812433242797852 -0.010828288054407234 0.016645636150833181 -0.00091384620043210836 -0.052474035387453821 -0.1075103254327851 0.086976082682609562 0.068784282455334855 0.012764139384390409 0.21539938822388649 -0.038006794273853305 0.0056737908890483607 -0.073077612943923509 -0.074283276154444772 0.045483283065259457 -0.12485828669865927
leaf_weight=28 1865 22 24 45 2595 361 1360 156 20 92 248 34 22 28 32 2424 5464 9084 46 31 25 98 1180 20 100 4092 313 169 25 75
leaf_count=28 1865 22 24 45 2595 361 1360 156 20 92 248 34 22 28 32 2424 5464 9084 46 31 25 98 1180 20 100 4092 313 169 25 75
internal_value=0.000163763 0.00502258 -0.0620465 -0.19883 0.016169 -0.004413 -0.0540043 0.033702 -0.0824107 -0.0854053 0.0112638 0.000371061 -0.0781585 -0.155124 -0.0162379 -0.00967336 0.0116592 -0.000192082 0.0160686 -0.0247414 0.0841601 0.0456998 0.000658642 0.144053 0.00618721 0.00463179 -0.0924626 -0.0438202 -0.0401031 -0.0830868
internal_weight=30078 27899 2179 121 12790 15109 2058 2796 93 504 9994 10757 44 48 4352 2456 9950 10625 5510 1896 201 132 10264 45 4440 4192 480 1554 1385 388
internal_count=30078 27899 2179 121 12790 15109 2058 2796 93 504 9994 10757 44 48 4352 2456 9950 10625 5510 1896 201 132 10264 45 4440 4192 480 1554 1385 388
is_linear=0
shrinkage=0.05


Tree=50
num_leaves=31
num_cat=0
split_feature=183 3 97 296 299 296 240 9 18 4 29 170 241 100 160 259 79 101 252 229 50 12 287 233 83 132 141 295 3 285
split_gain=3418.56 1050.89 1607.05 1019.23 461.931 354.483 255.515 214.188 445.673 219.29 454.56 166.315 162.938 126.204 137.209 105.181 121.352 102.771 99.7495 98.8003 90.7389 88.4431 138.883 137.633 86.1693 78.7336 78.88 76.0332 97.5746 74.4452
threshold=-6.2732050418853751 4.3405346870422372 -9.1166563034057599 -0.043529422953724854 -4.9185395240783683 -15.912697792053221 5.5266501903533944 -5.7444336414337149 -3.0303529500961299 3.6814450025558476 -9.2954568862915021 -1.0388935208320615 -9.5855393409728986 -1.7146235108375547 -4.3861470222473136 -0.76168143749237049 1.1958333253860476 -1.0219084620475767 -18.143450736999508 -1.7361764907836912 0.55401960015296947 -0.92818626761436451 -31.1700325012207 -23.282580375671383 -2.0492889881134029 2.0145791769027714 7.2184312343597421 9.8827843666076678 4.3405346870422372 -11.676577568054197
decision_type=2 2 2 2 2 2 2 2 2 2 2 2 2 2 2 2 2 2 2 2 2 2 2 2 2 2 2 2 2 2
left_child=1 5 -3 4 12 7 19 8 -1 10 -9 -6 -2 24 -15 -14 -17 29 21 20 -5 23 -23 -12 -13 -21 -27 -8 -29 -7
right_child=3 2 -4 6 11 17 27 9 -10 -11 18 13 15 14 -16 16 -18 -19 -20 25 -22 22 -24 -25 -26 26 -28 28 -30 -31
leaf_value=0.20560181081295015 -0.055439396202564245 -0.62665046095848087 -0.00039446353912353516 0.016725025314042557 -0.00021245412053445814 -0.047832172535697132 0.05221241013410223 -0.31612678936549599 -0.11712377330531246 0.043091261737486897 0.023538436208452501 0.032890246550425647 -0.013082279387465893 -0.043008473677479703 0.0075084893315509223 -0.0037121472489689625 0.11071104920796447 -0.067251070878657823 -0.068064582142909669 0.02045606522876877 -0.021799883748322854 -0.2338134288787842 -0.10839811539477553 -0.10290730428150906 0.009196002126086086 0.039257295271532995 -0.058820447467622307 0.077617472135103671 0.20390955924987797 -0.023725082154194325
leaf_weight=20 226 20 21 424 10147 486 237 21 23 34 28 866 4247 138 5174 62 37 241 538 4075 239 27 121 93 689 862 21 65 20 939
leaf_count=20 226 20 21 424 10147 486 237 21 23 34 28 866 4247 138 5174 62 37 241 538 4075 239 27 121 93 689 862 21 65 20 939
internal_value=-7.60531e-05 -0.0547426 -0.305885 0.0051108 6.26977e-05 -0.0507376 0.0234464 -0.0759277 0.0329811 -0.0813605 -0.0864708 0.0038543 -0.0140472 0.00986351 0.00619611 -0.0118947 0.0390521 -0.0370539 -0.0804947 0.020965 0.00283746 -0.105355 -0.131278 -0.0736471 0.0223916 0.0233891 0.0369248 0.0667629 0.107333 -0.0319469
internal_weight=30141 2612 41 27529 21586 2571 5943 905 43 862 828 17014 4572 6867 5312 4346 99 1666 807 5621 663 269 148 121 1555 4958 883 322 85 1425
internal_count=30141 2612 41 27529 21586 2571 5943 905 43 862 828 17014 4572 6867 5312 4346 99 1666 807 5621 663 269 148 121 1555 4958 883 322 85 1425
is_linear=0
shrinkage=0.05


Tree=51
num_leaves=31
num_cat=0
split_feature=183 5 116 288 293 183 293 1 35 271 101 25 270 241 188 57 3 227 184 101 160 45 100 190 271 201 26 291 104 68
split_gain=3085.25 1060.6 1651.42 926.021 337.75 307.902 292.502 184.504 322.004 745.011 222.042 215.248 180.949 156.818 147.551 132.082 111.196 107.88 96.4567 94.8139 94.2314 109.562 89.8983 81.8447 77.7695 76.2513 74.008 71.0401 65.7707 64.8762
threshold=-6.2732050418853751 4.2831807136535653 -5.6108078956603995 -1.0441315770149229 -4.183093547821044 1.5586581230163576 -14.775191307067869 3.3762155771255498 -10.132076263427733 -27.694076538085934 -13.402985095977781 -6.1549561023712149 5.6998236179351816 -9.5855393409728986 -18.075293540954586 -0.66117647290229786 4.3405346870422372 -6.9316687583923331 -12.013893604278563 -1.2455546259880064 -4.2644727230072013 -1.6218370795249937 -2.0919653177261348 0.44130900502204901 -3.3949097394943233 5.5805227756500253 4.2815556526184091 -1.6951633691787718 -0.72792154550552357 -2.3287584781646724
decision_type=2 2 2 2 2 2 2 2 2 2 2 2 2 2 2 2 2 2 2 2 2 2 2 2 2 2 2 2 2 2
left_child=1 6 -3 4 13 23 7 8 9 -1 14 -9 26 -2 -10 17 -14 -6 -12 -8 21 -19 24 -5 -17 -24 -7 -15 -20 -22
right_child=3 2 -4 5 15 12 19 11 10 -11 18 -13 16 27 -16 22 -18 20 28 -21 29 -23 25 -25 -26 -27 -28 -29 -30 -31
leaf_value=-0.43287593841552741 -0.052048676628373272 -0.62875892780721188 0.013778878673911095 0.0098584197763895501 0.079915372841060164 0.031327866154034052 -0.029244643862669669 0.14202744279588972 0.1419221591949463 -0.019679061571757001 -0.092221822046754359 -0.04712334196522551 0.06181229556284621 -0.010177648872695635 -0.047839746021089105 0.0047627279768189153 0.17158157348632813 0.012390332652289353 -0.052935779652103013 -0.062068876357410444 -0.012864820960595921 -0.035670546732369295 0.0046058017038127126 0.021555724838951473 0.0288401363028459 0.090462539746211129 -0.025804106663849399 0.052208124712595477 -0.13218468548730017 0.00176813449915537
leaf_weight=20 227 20 20 4970 40 1444 1320 21 20 24 398 53 299 5709 21 551 25 167 403 264 898 409 4823 2139 857 26 59 46 28 4840
leaf_count=20 227 20 20 4970 40 1444 1320 21 20 24 398 53 299 5709 21 551 25 167 403 264 898 409 4823 2139 857 26 59 46 28 4840
internal_value=-7.22505e-05 -0.0520055 -0.30749 0.00485526 -0.00150217 0.0180831 -0.0480321 -0.0693821 -0.0755302 -0.207496 -0.0688561 0.00655458 0.036391 -0.0112868 0.044727 0.00313915 0.0702821 -0.00193867 -0.0744736 -0.0347153 -0.00245722 -0.0217362 0.00829568 0.013378 0.0194178 0.00506616 0.0290852 -0.009679 -0.0580842 -0.000521931
internal_weight=30141 2612 40 27529 18593 8936 2572 988 914 44 870 74 1827 5982 41 12611 324 6354 829 1584 6314 576 6257 7109 1408 4849 1503 5755 431 5738
internal_count=30141 2612 40 27529 18593 8936 2572 988 914 44 870 74 1827 5982 41 12611 324 6354 829 1584 6314 576 6257 7109 1408 4849 1503 5755 431 5738
is_linear=0
shrinkage=0.05


Tree=52
num_leaves=31
num_cat=0
split_feature=246 296 29 190 293 296 60 205 299 299 255 283 160 12 20 10 132 170 30 216 175 65 298 196 36 185 3 2 86 232
split_gain=2801.75 858.2 735.021 2626.38 379.035 225.424 216.385 318.63 213.513 133.421 120.016 117.983 119.299 115.38 98.3096 104.063 95.7018 90.1083 92.6082 88.5223 83.5588 81.2405 80.3067 79.9473 78.6443 82.0275 74.3632 72.3499 71.0997 70.936
threshold=-8.4157557487487775 -0.043529422953724854 -9.2954568862915021 -18.026568412780758 -3.5369020700454707 -15.912697792053221 -9.5113725662231428 -19.023608207702633 6.2899019718170175 -5.724510431289672 -18.436822891235348 -9.5853013992309553 -5.7985613346099845 0.69777053594589245 -0.37571080029010767 3.5484642982482915 2.1117558479309086 -1.0388935208320615 -0.86935356259345997 -7.4892354011535636 -9.8841843605041486 -2.1199769973754878 -7.4637844562530509 1.634236812591553 1.6010819077491762 -2.6328676939010616 4.3405346870422372 -1.9114378690719602 3.9896084070205693 -5.1541945934295645
decision_type=2 2 2 2 2 2 2 2 2 2 2 2 2 2 2 2 2 2 2 2 2 2 2 2 2 2 2 2 2 2
left_child=2 4 3 -1 9 6 7 -4 16 20 14 -6 21 -5 -8 -16 -3 22 -19 -12 -2 -13 -14 -11 25 -7 -10 -21 29 -24
right_child=1 8 5 13 11 24 10 -9 26 23 19 12 17 -15 15 -17 -18 18 -20 27 -22 -23 28 -25 -26 -27 -28 -29 -30 -31
leaf_value=-0.65142716117527177 -0.10463538787983083 0.016070761388924725 0.18264603387741818 -0.076082444190979009 0.10751960463821889 -0.031044649765743532 -0.075585655393494169 -0.054961004922556324 0.052780530954662119 -0.0046543742428609858 -0.052556470859519866 0.026807496900566753 0.069627260174169092 0.073876908551091733 -0.11245787579970189 -0.23476829149506312 0.034039309220324887 0.018958718416193444 0.0056817648863900167 -0.02505483248017051 -0.016272633084837271 -0.049033008194698885 -0.027184509341185693 0.044795248881880065 -0.061828525526062494 0.046750099078885152 0.13657886242044384 -0.1283303345327039 -0.090775672310874578 0.0022555212252606594
leaf_weight=23 27 4750 21 29 28 1063 157 43 304 5371 540 45 43 23 83 22 878 1903 4239 22 2940 164 211 83 212 35 29 74 21 6758
leaf_count=23 27 4750 21 29 28 1063 157 43 304 5371 540 45 43 23 83 22 878 1903 4239 22 2940 164 211 83 212 35 29 74 21 6758
internal_value=-6.86379e-05 0.00436119 -0.0525282 -0.206534 -0.000229646 -0.0474444 -0.065823 0.0230038 0.0211758 -0.0085438 -0.0721537 0.00499057 0.00477607 -0.00975427 -0.100633 -0.138085 0.018874 0.00537063 0.00979542 -0.0604216 -0.0170767 -0.0327037 0.00150641 -0.00390184 -0.033948 -0.0285649 0.0600783 -0.104663 0.00108735 0.00136417
internal_weight=30141 27794 2347 75 21833 2272 962 64 5961 8421 898 13412 13384 52 262 105 5628 13175 6142 636 2967 209 7033 5454 1310 1098 333 96 6990 6969
internal_count=30141 27794 2347 75 21833 2272 962 64 5961 8421 898 13412 13384 52 262 105 5628 13175 6142 636 2967 209 7033 5454 1310 1098 333 96 6990 6969
is_linear=0
shrinkage=0.05


Tree=53
num_leaves=31
num_cat=0
split_feature=183 5 96 299 183 296 14 15 296 269 1 293 241 34 219 19 295 54 38 50 298 101 250 97 32 12 163 183 26 37
split_gain=2542.61 913.192 1461.6 779.014 336.52 236.803 222.736 205.817 201.173 190.052 133.565 125.253 102.655 95.5483 92.1522 90.3892 86.993 132.423 86.2796 105.52 82.8953 80.5102 80.3024 88.9524 79.5217 78.5654 93.1296 73.9562 73.6537 69.6786
threshold=-6.2732050418853751 4.2831807136535653 -7.8718190193176261 -2.5916608572006221 1.1593300700187685 -15.912697792053221 -5.264202117919921 -4.2012746334075919 -5.8158206939697257 5.025740623474122 3.3762155771255498 2.5220263004302983 -9.5855393409728986 -4.2735829353332511 -0.98454999923706044 -0.31686274707317347 -25.889265060424801 -2.7982352972030635 -1.7583613395690916 -0.32487533986568445 -8.9147715568542463 -1.0044724345207212 0.80709150433540355 0.40979523956775671 -1.8303489089012144 -1.7836927771568296 -17.374453544616696 -2.9182438850402828 4.2815556526184091 -5.7698040008544913
decision_type=2 2 2 2 2 2 2 2 2 2 2 2 2 2 2 2 2 2 2 2 2 2 2 2 2 2 2 2 2 2
left_child=1 5 -3 8 13 6 -1 -8 12 28 16 20 -2 -5 15 -15 17 25 19 -17 -10 -7 23 -14 -11 26 -9 -22 -6 -12
right_child=3 2 -4 4 9 21 7 10 11 24 29 -13 22 14 -16 18 -18 -19 -20 -21 27 -23 -24 -25 -26 -27 -28 -29 -30 -31
leaf_value=0.065446293354034429 -0.049152648245746444 -0.58651868939399721 0.017964802980422974 0.039524021587873763 0.024623853110131766 -0.027904893234320147 -0.20475946686885976 0.045380192711239775 0.068459564589318775 0.12868677753170854 0.083765317428679709 0.091802763938903811 -0.011136349440888201 0.0098543460607155055 0.012494230346785196 0.0059746204036862458 -0.061582156522560494 -0.2236297741532326 0.0020401684676346027 -0.035206931070847949 -0.0077793511661719125 -0.059537308494377342 0.06511565381661058 -0.039230742371159484 0.0527706938641355 -0.11181127778097484 -0.10537808772176505 0.0013240990977567469 -0.021834708197732991 -0.034984885702530548
leaf_weight=32 220 20 20 247 2058 1433 27 21 42 38 21 36 2304 3031 6011 261 645 20 2375 385 3476 234 32 321 374 89 20 6229 89 30
leaf_count=32 220 20 20 247 2058 1433 27 21 42 38 21 36 2304 3031 6011 261 645 20 2375 385 3476 234 32 321 374 89 20 6229 89 30
internal_value=-6.52061e-05 -0.0472106 -0.284277 0.00440803 0.0121691 -0.0435237 -0.0641144 -0.0688635 -0.00470728 0.028667 -0.0645264 -0.00128928 -0.0163299 0.00873955 0.00810921 0.0037539 -0.0695583 -0.103856 -0.00236673 -0.0185686 -0.00163311 -0.0323452 -0.0136122 -0.0145719 0.0597727 -0.0854291 -0.0281604 -0.00193645 0.022698 0.0139123
internal_weight=30141 2612 40 27529 14869 2572 905 873 12660 2559 846 9783 2877 12310 12063 6052 795 150 3021 646 9747 1667 2657 2625 412 130 41 9705 2147 51
internal_count=30141 2612 40 27529 14869 2572 905 873 12660 2559 846 9783 2877 12310 12063 6052 795 150 3021 646 9747 1667 2657 2625 412 130 41 9705 2147 51
is_linear=0
shrinkage=0.05


Tree=54
num_leaves=31
num_cat=0
split_feature=246 294 29 190 232 257 241 93 70 98 184 12 299 298 232 119 175 193 53 36 286 292 154 154 108 69 206 211 17 237
split_gain=2295.96 714.041 631.821 2320.41 288.648 223.429 184.057 230.998 206.544 195.353 119.222 107.439 83.6779 90.5822 82.9967 81.4994 74.5117 73.0152 71.4229 70.2069 74.4405 70.0365 68.9833 67.8694 65.9259 82.9485 83.717 80.8956 72.4602 65.7412
threshold=-8.4157557487487775 -0.46806596219539637 -9.2954568862915021 -18.026568412780758 -3.2154411077499385 3.2891654968261723 -14.539257049560545 -12.966254711151121 -9.797963619232176 -13.425039291381834 1.0790828466415407 0.69777053594589245 9.7821078300476092 -0.90412262082099903 -5.3234324455261222 -0.4293725043535232 -1.0000000180025095e-35 -4.3847072124481192 3.8470588922500615 1.6010819077491762 -9.8966393470764142 2.377254962921143 0.99318629503250133 -2.5939460992813106 -1.4656732082366941 -3.9136166572570796 -4.0263400077819815 -3.8448284864425655 -0.95107847452163685 -1.9755825400352476
decision_type=2 2 2 2 2 2 2 2 2 2 2 2 2 2 2 2 2 2 2 2 2 2 2 2 2 2 2 2 2 2
left_child=2 4 3 -1 10 16 7 8 -4 -9 14 -5 13 -7 22 21 23 -17 -18 20 -8 24 -2 -3 25 26 -6 -26 -27 -25
right_child=1 5 6 11 15 12 19 9 -10 -11 -12 -13 -14 -15 -16 17 18 -19 -20 -21 -22 -23 -24 29 27 28 -28 -29 -30 -31
leaf_value=-0.60851294476052997 -0.017307947273238668 0.032506945832815874 0.12096703847249349 -0.069378765184303817 -0.082149129647615504 0.1244409756202783 -0.036311198555094092 -0.22453713189987912 -0.066162819697939121 -0.069248280054865066 0.026853715843624539 0.075328525641690125 0.084776124859800434 0.032745843193107825 -0.0064968015675796039 -0.028106374299432354 0.020826596813279141 0.010380078746299759 -0.016143453997724197 -0.058324707437667156 -0.0097762722949854813 0.063883321596817533 -0.086205532945491173 -0.012849372522512604 -0.021537800086486453 0.015403688289039812 -0.0062226902360894851 -0.00096794168955844815 0.001536899777184547 0.0093129127329941771
leaf_weight=23 2009 259 30 29 51 28 1018 21 29 569 225 23 101 707 4720 127 3315 4158 136 248 357 44 37 403 530 1533 126 4869 2444 1972
leaf_count=23 2009 259 30 29 51 28 1018 21 29 569 225 23 101 707 4720 127 3315 4158 136 248 357 44 37 403 530 1533 126 4869 2444 1972
internal_value=-6.19457e-05 0.00394815 -0.0475509 -0.190336 -0.0006666 0.0178657 -0.0428375 -0.0653425 0.028988 -0.0747755 -0.00895209 -0.00537362 0.0421029 0.036239 -0.0101428 0.00350599 0.0145359 0.00923941 0.0193696 -0.0338382 -0.0294218 0.000946056 -0.0185539 0.00820276 0.000656174 0.00539152 -0.0280998 -0.00298721 0.00688208 0.00555232
internal_weight=30141 27794 2347 75 20873 6921 2272 649 59 590 6991 52 836 735 6766 13882 6085 4285 3451 1623 1375 9597 2046 2634 9553 4154 177 5399 3977 2375
internal_count=30141 27794 2347 75 20873 6921 2272 649 59 590 6991 52 836 735 6766 13882 6085 4285 3451 1623 1375 9597 2046 2634 9553 4154 177 5399 3977 2375
is_linear=0
shrinkage=0.05


Tree=55
num_leaves=31
num_cat=0
split_feature=292 243 183 187 3 57 185 234 124 68 165 183 36 295 104 17 35 269 18 292 298 33 287 253 285 142 4 201 130 94
split_gain=1903.93 703.979 368.342 316.148 2288.18 654.413 183.563 132.442 125.206 118.499 114.106 94.2742 93.6271 83.9903 83.5026 73.7273 71.0379 69.6336 70.7217 67.3505 70.2929 66.0979 60.3227 60.0503 64.4771 59.0194 58.8329 55.796 55.6003 55.4787
threshold=-11.521589279174803 0.53152942657470714 -2.9182438850402828 -18.193299293518063 2.2723319530487065 -9.3845095634460431 3.6899628639221196 -1.4865126013755796 -8.6044983863830549 -2.2997801303863521 -17.491509437561032 -5.8693528175353995 3.1349999904632573 -1.7839026451110838 0.32324698567390447 -1.2610504031181333 -1.0969280600547788 9.2779302597045916 -2.7221176624298091 1.5240476131439211 -0.9351835548877715 2.6523809432983403 -25.153039932250973 -6.8041353225707999 -5.0560784339904776 -1.3791372179985044 4.6316666603088388 -2.5974378585815425 -11.838027000427244 -3.4873015880584712
decision_type=2 2 2 2 2 2 2 2 2 2 2 2 2 2 2 2 2 2 2 2 2 2 2 2 2 2 2 2 2 2
left_child=3 2 11 4 5 -1 19 9 29 13 -10 14 22 -4 -2 25 -16 18 -8 -3 -21 -13 -12 -9 -25 -11 -19 -22 -7 -5
right_child=1 6 7 8 -6 28 17 23 10 15 12 21 -14 -15 16 -17 -18 26 -20 20 27 -23 -24 24 -26 -27 -28 -29 -30 -31
leaf_value=0.16726832071940104 -0.016631526991484628 0.011516596659326601 -0.0061083638259088226 -0.054756069414807554 -0.61424711778759955 -0.078539006302996386 0.11318652641493827 0.074175539943907007 0.078943924470381302 0.018023018342348034 -0.080343165176530049 -0.0048363083289257071 -0.08860477626889568 -0.035847383324289696 -0.12447345795169953 0.00044681229578866146 -0.038238267700832627 0.052532335229822105 0.036738668015018267 0.070992188976158069 0.084301212078167334 -0.025425543283161364 -0.029655741153119267 -0.016832905434137953 0.010325736566537177 -0.0046809469875867234 0.14675517400105795 0.021373207587691873 -0.17314495408535005 -0.095042115274184158
leaf_weight=30 1240 2026 920 441 20 41 32 36 22 1189 62 5779 79 320 31 6364 104 37 554 79 36 418 1102 226 6620 377 30 1637 25 106
leaf_count=30 1240 2026 920 441 20 41 32 36 22 1189 62 5779 79 320 31 6364 104 37 554 79 36 418 1102 226 6620 377 30 1637 25 106
internal_value=0.000364447 0.00366743 0.00023723 -0.0476984 -0.127721 -0.0263612 0.0219556 0.00452528 -0.0425755 0.000590764 -0.0339327 -0.00885307 -0.0359306 -0.0137829 -0.0206971 0.00283836 -0.0580404 0.0464342 0.0409133 0.0177247 0.0249036 -0.00622509 -0.0323556 0.00976787 0.00942918 0.0125572 0.0947217 0.0227273 -0.114375 -0.0625629
internal_weight=29983 28055 23624 1928 116 96 4431 16052 1812 9170 1265 7572 1243 1240 1375 7930 135 653 586 3778 1752 6197 1164 6882 6846 1566 67 1673 66 547
internal_count=29983 28055 23624 1928 116 96 4431 16052 1812 9170 1265 7572 1243 1240 1375 7930 135 653 586 3778 1752 6197 1164 6882 6846 1566 67 1673 66 547
is_linear=0
shrinkage=0.05


Tree=56
num_leaves=31
num_cat=0
split_feature=247 243 5 118 183 243 18 204 185 4 35 299 18 294 19 66 281 62 6 89 288 89 241 139 289 18 26 10 287 87
split_gain=1696.96 579.716 454.542 1076.35 238.556 190.37 219.245 324.581 161.824 122.792 166.269 121.794 89.2612 85.8577 80.6595 86.8829 90.0026 76.4722 89.7644 77.2974 73.7022 113.519 69.9602 69.7195 66.5501 73.6067 73.0942 64.7069 64.1242 62.9413
threshold=-7.2607994079589835 0.53152942657470714 4.2831807136535653 -4.525765895843505 -2.8412157297134395 -13.82928943634033 -5.0023267269134513 -19.217170715332028 3.6899628639221196 3.6814450025558476 -10.132076263427733 -2.5672074556350704 2.604627370834351 1.6766479611396792 -0.44411765038967127 -2.0575457811355586 -1.7578773498535154 -0.4694118052721023 -1.9747450947761533 0.10454216226935388 -22.429322242736813 -12.548970699310301 -9.5855393409728986 -1.1243306994438169 7.7245099544525155 -2.7221176624298091 -1.2590392231941221 0.24212141335010531 -11.372816085815428 1.7352727651596072
decision_type=2 2 2 2 2 2 2 2 2 2 2 2 2 2 2 2 2 2 2 2 2 2 2 2 2 2 2 2 2 2
left_child=2 4 5 -4 12 6 7 -1 27 10 -8 13 22 -6 -13 16 -16 19 -19 28 21 -12 -2 -5 25 -10 -26 -3 -7 -20
right_child=1 8 3 23 11 17 9 -9 24 -11 20 14 -14 -15 15 -17 -18 18 29 -21 -22 -23 -24 -25 26 -27 -28 -29 -30 -31
leaf_value=0.20401062011718751 -0.078127532294302277 0.0116806948007405 -0.47139908045530321 0.041823780816048386 -0.0011449714229592228 -0.035706763573231236 -0.17905555089314781 -0.068722156683603916 0.11195425113042197 0.034816846522417941 0.027078235717046831 0.014177571938192857 -0.034373471386543744 0.078517028426422802 -0.03105981665519052 0.0066526699172024754 0.0078528085606674441 0.096644397164610304 0.00095766041184532221 -0.061202677936724771 -0.04812768890720899 -0.095333515949199865 -0.0051455191928823718 -0.087163050049407928 0.16134329204048431 0.031319733762741088 0.059316328711041783 0.025147914064021323 -0.015988339500969 -0.073049652418403915
leaf_weight=20 33 2333 20 20 6511 775 30 24 30 33 21 3492 279 34 329 4995 271 22 222 164 488 193 6636 22 21 500 107 1444 881 33
leaf_count=20 33 2333 20 20 6511 775 30 24 30 33 21 3492 279 34 329 4995 271 22 222 164 488 193 6636 22 21 500 107 1444 881 33
internal_value=0.000346225 0.00428897 -0.0355409 -0.169502 0.00104288 -0.0326829 -0.0532866 0.0552473 0.0208158 -0.0595291 -0.0637824 0.00446918 -0.00666581 -0.000731143 0.00821477 0.00449321 -0.0134843 -0.0247342 -0.000259427 -0.0284592 -0.0588562 -0.0833211 -0.00550665 -0.0257407 0.0436984 0.035884 0.0760551 0.0168294 -0.0252165 -0.00861976
internal_weight=29983 27015 2968 62 22580 2906 809 44 4435 765 732 15632 6948 6545 9087 5595 600 2097 277 1820 702 214 6669 42 658 530 128 3777 1656 255
internal_count=29983 27015 2968 62 22580 2906 809 44 4435 765 732 15632 6948 6545 9087 5595 600 2097 277 1820 702 214 6669 42 658 530 128 3777 1656 255
is_linear=0
shrinkage=0.05


Tree=57
num_leaves=31
num_cat=0
split_feature=296 186 5 119 296 185 19 283 189 3 60 143 19 35 26 288 211 232 3 105 39 184 122 298 263 289 26 271 119 291
split_gain=1548.29 583.405 308.092 1040.56 290.593 170.928 164.789 222.476 152.555 128.432 227.67 171.89 108.78 107.696 97.0917 91.1891 79.9907 78.9185 92.4773 78.0649 76.7345 75.5709 75.3137 85.5735 80.5617 70.9231 76.4489 73.9222 70.7166 68.3734
threshold=-11.783878326416014 0.26615686714649206 4.2831807136535653 -3.4036862850189205 -4.0797505378723136 3.6899628639221196 -4.9702308177947989 -25.67125034332275 -13.151928424835203 2.7655605077743535 -9.5113725662231428 -15.399411678314207 -0.36816176772117609 -4.3407452106475821 1.6170343160629275 -3.45387852191925 1.186621427536011 -4.3464052677154532 -0.65313696861267079 2.0655719041824345 -1.5455216169357298 -3.251866221427917 -1.0831354856491087 -5.9108796119689933 -5.9818804264068595 7.7245099544525155 -1.2590392231941221 -7.3301961421966544 -0.48792158067226404 -0.30395424365997309
decision_type=2 2 2 2 2 2 2 2 2 2 2 2 2 2 2 2 2 2 2 2 2 2 2 2 2 2 2 2 2 2
left_child=2 4 6 -4 14 28 7 -1 9 10 11 -8 15 20 19 16 -6 -10 -19 21 -14 -2 23 -15 -24 27 -27 -7 -3 -23
right_child=1 5 3 -5 12 25 8 -9 17 -11 -12 -13 13 22 -16 -17 -18 18 -20 -21 -22 29 24 -25 -26 26 -28 -29 -30 -31
leaf_value=0.17309179782867434 -0.011127099859929615 0.0042709314930727575 -0.45073986336588856 -0.024010348141193391 -0.0029288009693773987 0.12162585841572804 0.14876260303315664 -0.014332216664364465 -0.036591717928166401 -0.18676551011475651 -0.075718139111995708 -0.05605290412902833 0.013700298999901862 0.054138057222289426 -0.026540411970224876 0.011617224456399525 0.048399464710603787 0.11079751178622246 -0.039431869070089998 -0.056507195532321933 -0.050232616333629604 -0.00074635280368634549 -0.076555531633396956 -0.0050501018902286889 0.005645076767726312 0.16440207194071266 0.058055781970364512 0.030233512644710411 0.018630337005534146 0.065962336807010274
leaf_weight=20 3339 1167 20 50 1937 23 21 76 1315 22 348 20 64 62 696 5177 79 20 21 78 176 2546 30 4060 4634 20 109 582 3232 39
leaf_count=20 3339 1167 20 50 1937 23 21 76 1315 22 348 20 64 62 696 5177 79 20 21 78 176 2546 30 4060 4634 20 109 582 3232 39
internal_value=0.000328914 0.00331161 -0.0429533 -0.145933 -0.000101072 0.018548 -0.039084 0.0247145 -0.0425501 -0.0692355 -0.0625886 0.0488526 0.00351714 -0.000138307 -0.00886246 0.00810411 -0.000917425 -0.0344618 0.0338508 -0.0068125 -0.0331838 -0.00615818 0.000764371 -0.00415984 0.00511634 0.0408848 0.0745436 0.0337079 0.014821 0.000260084
internal_weight=29983 28050 1933 70 22917 5133 1863 96 1767 411 389 41 16219 9026 6698 7193 2016 1356 41 6002 240 5924 8786 4122 4664 734 129 605 4399 2585
internal_count=29983 28050 1933 70 22917 5133 1863 96 1767 411 389 41 16219 9026 6698 7193 2016 1356 41 6002 240 5924 8786 4122 4664 734 129 605 4399 2585
is_linear=0
shrinkage=0.05


Tree=58
num_leaves=31
num_cat=0
split_feature=292 246 187 3 60 185 183 295 125 85 30 257 51 47 132 271 115 26 52 92 21 212 36 55 125 82 52 179 285 105
split_gain=1415.46 539.408 272.146 1951.32 545.79 223.346 204.598 103.1 89.1868 108.429 85.4531 79.4626 77.702 76.4372 95.64 75.6206 74.2598 71.8926 83.9827 71.3119 71.0668 67.146 63.882 60.5229 60.3498 62.5892 59.8101 59.624 70.5749 58.7901
threshold=-11.521589279174803 -1.1712599992752073 -18.193299293518063 2.2723319530487065 -9.5113725662231428 3.4044482707977299 -2.9182438850402828 2.2585204839706425 -8.4876470565795881 -9.8166947364807111 1.3002729415893557 -5.8174510002136222 0.82573741674423229 4.5468065738677987 0.26975229382514959 -3.7945097684860225 0.69713348150253307 -1.3317194581031797 7.360849380493165 -3.289945006370544 -1.3192056417465208 -4.9489216804504386 3.1349999904632573 -0.45356056094169611 -5.0481810569763175 -1.9551852345466612 3.2605152130126958 -0.60777777433395375 2.6478581428527836 0.17812275886535647
decision_type=2 2 2 2 2 2 2 2 2 2 2 2 2 2 2 2 2 2 2 2 2 2 2 2 2 2 2 2 2 2
left_child=2 6 3 4 -1 7 10 11 -4 -10 16 -3 -9 -14 -15 -8 -2 18 -7 -18 21 -17 -11 -22 -25 -26 -13 -19 -29 -12
right_child=1 5 8 -5 -6 17 15 12 9 22 29 26 13 14 -16 20 19 27 -20 -21 23 -23 -24 24 25 -27 -28 28 -30 -31
leaf_value=0.16401820863996233 -0.0071761262448807456 -0.065096711890923017 -0.05313510894775391 -0.56466257274150855 -0.098273736764402958 0.050867173496738707 -0.0044778279544183197 0.033891709375509831 0.078533330171004598 -0.028126473887683141 -0.012711399613004742 0.0091559963635846741 0.016441426124800457 -0.13016651995480061 -0.0027905385142990521 -0.019453290258792957 0.10421162303537131 0.11311246695972624 0.14423983343716326 0.012632082620014749 -0.002564908620787384 0.016088389610367612 -0.075443924024799158 -0.079633302350994195 0.02418393596789941 0.004712100555711341 -0.018515011208567453 0.0038391254620537872 0.039410556396806101 -0.036680838624133343
leaf_weight=28 5713 37 552 20 68 142 3027 743 23 1161 726 6866 712 20 56 144 24 21 29 186 3259 1722 76 20 481 2906 201 210 415 395
leaf_count=28 5713 37 552 20 68 142 3027 743 23 1161 726 6866 712 20 56 144 24 21 29 186 3259 1722 76 20 481 2906 201 210 415 395
internal_value=0.000312468 0.0031604 -0.0411288 -0.115374 -0.0217719 0.0128868 -0.0017815 0.0105227 -0.0363758 -0.0290336 -0.00849858 0.00798634 0.0222915 0.0113537 -0.0363105 0.00231185 -0.00610275 0.037874 0.0667023 0.0230983 0.00472071 0.0133456 -0.0310336 0.00230635 0.006966 0.00747737 0.00836898 0.030243 0.0274586 -0.0211574
internal_weight=29983 28055 1928 116 96 9452 18603 8635 1812 1260 7044 7104 1531 788 76 11559 5923 817 171 210 8532 1866 1237 6666 3407 3387 7067 646 625 1121
internal_count=29983 28055 1928 116 96 9452 18603 8635 1812 1260 7044 7104 1531 788 76 11559 5923 817 171 210 8532 1866 1237 6666 3407 3387 7067 646 625 1121
is_linear=0
shrinkage=0.05


Tree=59
num_leaves=31
num_cat=0
split_feature=247 236 189 8 15 278 293 16 50 19 128 289 163 159 276 36 297 283 275 85 55 186 97 217 52 122 201 92 289 189
split_gain=1282.89 414.867 390.56 878.069 203.978 204.203 141.279 136.495 155.355 134.434 132.596 123.94 95.9582 81.2143 78.5799 78.251 77.4827 73.3641 85.5158 72.7843 77.7965 66.6166 65.0085 64.1593 65.7169 62.5462 57.9748 57.5306 57.2135 59.3296
threshold=-5.7278952598571768 0.78902247548103344 -14.298860073089598 2.3181942701339726 -3.2973026037216182 -29.731187820434567 -3.3305882215499873 -2.8719083070755 -9.1782693862915021 -0.35501055419445032 3.5698841810226445 -12.206680297851561 -4.0110640525817862 -17.439020156860348 10.639276504516603 2.9597887992858891 -6.3041198253631583 1.8919339776039126 -1.8781372904777525 -9.8166947364807111 0.96216753125190746 -0.73383718729019154 1.7094009518623354 -5.5486683845520011 -1.4491764307022093 -0.50541254878044117 -0.2732317447662353 -2.6952352523803706 -20.397480964660641 -4.1703457832336417
decision_type=2 2 2 2 2 2 2 2 2 2 2 2 2 2 2 2 2 2 2 2 2 2 2 2 2 2 2 2 2 2
left_child=2 6 3 4 5 -1 -2 -6 -9 17 25 13 -11 -4 26 19 -14 -8 -19 -13 22 -18 -21 28 -25 -3 -12 -22 -15 -30
right_child=1 10 11 -5 7 -7 9 8 -10 12 14 15 16 23 -16 -17 21 18 -20 20 27 -23 -24 24 -26 -27 -28 -29 29 -31
leaf_value=0.1583558750152588 -0.0037337190164704807 0.0051712753110655313 0.06204882535067472 -0.35482466266705442 -0.19526784434205011 -0.031804234037796662 0.0091176775650746496 0.067588996887207028 -0.074665418320707153 -0.029880691861615061 0.095907639368222317 0.065719769795735669 0.079164381092414263 -0.056597248067710604 0.10773634477095172 -0.043021491410270812 -0.002299497063524752 0.113412356501325 0.025501600623398964 -0.014287771206187787 0.071878641519026884 0.0071889403201040635 -0.08500106210862711 -0.12587608363675445 -0.033485053899960641 0.020360192352251678 0.032078148393351352 0.004026203149941507 -0.029884653593772039 0.026545039457934246
leaf_weight=20 7464 941 22 26 21 48 5878 21 223 251 39 30 32 197 44 217 5009 31 257 2153 39 2933 33 38 39 2423 405 157 943 49
leaf_count=20 7464 941 22 26 21 48 5878 21 223 251 39 30 32 197 44 217 5009 31 257 2153 39 2933 33 38 39 2423 405 157 943 49
internal_value=0.000296845 0.00451498 -0.0250622 -0.0749765 -0.0531265 0.0241252 0.00184832 -0.0729496 -0.0624222 0.00474349 0.0196447 -0.0204875 0.000559293 -0.0331943 0.0440009 -0.0142622 0.00151746 0.0103249 0.0349642 -0.0116748 -0.0126495 0.00120461 -0.0153553 -0.0348494 -0.0790806 0.0161114 0.0376848 0.0175275 -0.031985 -0.0270973
internal_weight=29983 25707 4276 359 333 68 21855 265 244 14391 3852 3917 8225 1288 488 2629 7974 6166 288 2412 2382 7942 2186 1266 77 3364 444 196 1189 992
internal_count=29983 25707 4276 359 333 68 21855 265 244 14391 3852 3917 8225 1288 488 2629 7974 6166 288 2412 2382 7942 2186 1266 77 3364 444 196 1189 992
is_linear=0
shrinkage=0.05


Tree=60
num_leaves=31
num_cat=0
split_feature=287 293 66 241 23 232 3 243 42 269 29 86 195 190 10 71 30 42 154 124 191 77 16 13 213 113 287 85 21 74
split_gain=1439.78 549.937 1427.14 396.285 375.686 163.195 153.737 148.115 141.445 98.238 92.3962 89.5146 87.3952 85.8358 81.257 78.6695 75.3526 80.553 74.9431 81.3894 71.0799 69.0706 68.8135 67.5876 121.117 65.625 63.289 61.7685 61.0968 74.4516
threshold=-8.1300001144409162 -31.456928253173825 -9.4834775924682599 -1.1777239441871641 -5.3147795200347892 5.4653625488281259 1.8239400386810305 -12.427450656890867 -10.034337043762205 -3.6392717361450191 8.5690727233886737 3.5176539421081547 3.9154736995697026 -0.14164382964372632 2.1208578348159794 -4.4657628536224356 -1.1736547350883482 -2.8878431320190425 -2.5387196540832515 -5.5124018192291251 -15.547410964965819 -6.5044498443603507 0.48197607696056372 -3.1376839876174922 -6.298487424850463 -1.3858793973922727 0.095529437065124526 -5.7720015048980704 -1.9401458501815794 -3.1722308397293086
decision_type=2 2 2 2 2 2 2 2 2 2 2 2 2 2 2 2 2 2 2 2 2 2 2 2 2 2 2 2 2 2
left_child=1 2 -1 9 6 13 -4 8 20 26 -7 16 23 18 -6 22 -11 -18 -5 -20 -3 -17 -10 24 -9 -13 28 -19 29 -2
right_child=3 7 4 5 14 10 -8 12 15 11 -12 25 -14 -15 -16 21 17 27 19 -21 -22 -23 -24 -25 -26 -27 -28 -29 -30 -31
leaf_value=-0.52160179138183593 -0.013740362482754865 0.10964742217745101 -0.045244055092334749 0.021042513848468104 -0.075471883638087545 0.049432094467201919 0.14629502838308162 -0.016751912417156355 -0.048645077866697035 0.0097497023853190708 -0.018687104342276589 -0.10336332096364992 0.044950167834758761 0.014903345809692159 -0.18864867207328126 0.047070531203196597 -0.022266349096322861 0.041438726185167092 -0.092890973185951076 0.0035256437671926997 -0.016313050687313081 -0.037216743978674229 -0.08792263664079436 -0.019749027708425158 -0.11987201309142013 -0.020062291432986969 -0.058227142979178519 0.00062176806348356777 -0.0078088367946585208 0.010893204357175881
leaf_weight=20 434 21 20 667 29 393 22 70 344 2682 57 29 50 4623 35 26 387 94 22 4295 24 373 165 1984 48 128 57 6643 5350 1046
leaf_count=20 434 21 20 667 29 393 22 70 344 2682 57 29 50 4623 35 26 387 94 22 4295 24 373 165 1984 48 128 57 6643 5350 1046
internal_value=-0.000266714 -0.0318041 -0.134205 0.0035203 -0.0611111 0.0113746 0.0550859 -0.0276487 -0.0440588 -0.00116757 0.0408037 0.0020066 -0.0203815 0.0099961 -0.137365 -0.0483471 0.00260629 -8.30196e-05 0.0054443 0.00303429 0.0424685 -0.0317243 -0.0613775 -0.0219356 -0.0586991 -0.0354491 -0.00575944 0.00119128 -0.00532157 0.00366958
internal_weight=30138 3231 126 26907 106 10057 42 3105 953 16850 450 9963 2152 9607 64 908 9806 7124 4984 4317 45 399 509 2102 118 157 6887 6737 6830 1480
internal_count=30138 3231 126 26907 106 10057 42 3105 953 16850 450 9963 2152 9607 64 908 9806 7124 4984 4317 45 399 509 2102 118 157 6887 6737 6830 1480
is_linear=0
shrinkage=0.05


Tree=61
num_leaves=31
num_cat=0
split_feature=296 241 293 66 23 288 183 3 24 124 86 197 141 104 52 28 285 130 39 32 35 55 113 100 20 296 125 265 145 85
split_gain=1272.17 448.675 416.729 1287.99 339.057 169.462 155.294 138.748 100.698 90.8034 83.0132 81.0428 78.7118 150.292 71.9619 72.1929 61.5712 60.686 69.4294 60.2878 85.8535 81.9956 67.3104 65.0383 62.5818 63.0655 59.9136 59.7343 60.0572 59.6063
threshold=-11.783878326416014 -1.1777239441871641 -31.456928253173825 -9.4834775924682599 -5.3147795200347892 -5.0406534671783438 1.1593300700187685 1.8239400386810305 -7.2675812244415274 -8.6044983863830549 3.5176539421081547 11.810581684112551 -12.282333374023436 -7.3072736263275138 4.7775273323059091 -2.4654033184051509 -0.46052721142768854 -6.6958107948303214 4.187568426132203 -2.8371558189392085 -4.4798059463500968 -0.68921568989753712 -2.1350671052932735 -3.2028232812881465 -1.4782072305679319 3.1690196990966801 -6.5805687904357901 -5.9865725040435782 -3.3154902458190914 -8.7241435050964338
decision_type=2 2 2 2 2 2 2 2 2 2 2 2 2 2 2 2 2 2 2 2 2 2 2 2 2 2 2 2 2 2
left_child=2 5 3 -1 7 17 14 -5 -4 -10 19 -8 -6 -14 15 -3 -16 -2 29 22 23 -22 -7 -21 -23 -26 -17 28 -11 -19
right_child=1 6 8 4 12 10 11 -9 9 27 -12 -13 13 -15 16 26 -18 18 -20 20 21 24 -24 -25 25 -27 -28 -29 -30 -31
leaf_value=-0.49552169799804685 -0.031343151674680179 0.023786819521366361 0.034464465447191922 -0.042981825321912769 -0.20711206414482813 -0.0030949734042330489 0.019917214940913357 0.13898027905009011 -0.052261460194553161 -0.023842125167057179 -0.033369377372639904 0.064420639465902457 -0.00018411983143199576 -0.18956515252590181 -0.11372730384270352 -0.077953952515409111 -0.013334963603743486 0.045331621170043947 -0.080132782108643483 0.055369097874923195 -0.0036260722123974015 0.014869561801296477 0.023017142698048585 -0.034150078555861656 0.001729552900256427 0.070057695227510791 0.0066286999790528163 0.034802084919568654 -0.051770090885826806 -0.009049356040569596
leaf_weight=20 326 651 53 20 22 410 2328 22 552 912 178 107 22 20 21 21 56 51 34 22 5767 1207 620 261 4995 34 6917 37 244 4208
leaf_count=20 326 651 53 20 22 410 2328 22 552 912 178 107 22 20 21 21 56 51 34 22 5767 1207 620 261 4995 34 6917 37 244 4208
internal_value=-0.000253378 0.00242922 -0.0395916 -0.127495 -0.0580556 -0.00227937 0.0108726 0.0523317 -0.0334316 -0.0354937 0.000550168 0.0218728 -0.130497 -0.0903656 0.00737854 0.0078665 -0.0407147 -0.0105456 -0.00896629 0.00100358 2.94669e-05 0.000671256 0.012623 -0.027191 0.00464539 0.0021915 0.00637268 -0.0277353 -0.029737 -0.00839816
internal_weight=30138 28214 1924 126 106 18113 10101 42 1798 1745 13494 2435 64 42 7666 7589 77 4619 4293 13316 12286 12003 1030 283 6236 5029 6938 1193 1156 4259
internal_count=30138 28214 1924 126 106 18113 10101 42 1798 1745 13494 2435 64 42 7666 7589 77 4619 4293 13316 12286 12003 1030 283 6236 5029 6938 1193 1156 4259
is_linear=0
shrinkage=0.05


Tree=62
num_leaves=31
num_cat=0
split_feature=257 5 109 241 0 287 299 14 17 183 7 287 29 155 13 239 183 139 66 21 184 230 230 26 28 239 299 70 144 105
split_gain=1183.88 452.985 1058.31 396.928 166.525 147.169 141.364 268.017 184.391 138.286 111.484 90.3409 84.8581 84.8419 91.0286 82.8654 69.6379 65.5915 65.5785 65.2089 65.1876 65.824 62.8815 61.489 61.0905 71.3755 64.1856 67.2388 63.1242 60.8777
threshold=-9.7383818626403791 4.2831807136535653 -7.8174824714660636 -1.1777239441871641 5.3673081398010263 -6.6188666820526114 -20.069811820983883 -5.264202117919921 -4.319809913635253 1.1593300700187685 3.3151531219482426 -25.153039932250973 4.897710084915162 -0.94950884580612172 3.4766097068786626 5.8283824920654306 -1.7509596347808836 5.5353577136993417 -3.798481702804565 -4.7449061870574942 -0.21392158418893811 -3.8261219263076778 -7.1706161499023429 5.3256080150604257 -2.4654033184051509 1.4731996655464175 -2.8733040094375606 3.5986166000366215 -1.1730065345764158 -5.9746685028076163
decision_type=2 2 2 2 2 2 2 2 2 2 2 2 2 2 2 2 2 2 2 2 2 2 2 2 2 2 2 2 2 2
left_child=1 4 -3 5 6 13 7 -1 -9 17 11 29 16 -2 22 23 20 24 -13 -18 -7 -22 -15 -11 -5 -26 28 -28 -27 -10
right_child=3 2 -4 9 -6 12 -8 8 10 15 -12 18 -14 14 -16 -17 19 -19 -20 -21 21 -23 -24 -25 25 26 27 -29 -30 -31
leaf_value=0.11937303997221448 -0.010687876415614956 -0.46919505417346957 -0.021836758576906645 0.021887399229054031 0.098008712132771819 -0.003176960196722825 -0.026069455348293892 -0.20794632009097508 -0.080916616549858683 0.019039719074935842 0.040223662342344015 -0.062199751700823896 -0.032315306102528293 -0.13367577953772111 0.055503901413508833 0.046169891627011794 0.09477173924446107 -0.075465138753255223 -0.013654432726102046 0.0043240293235484641 0.065780086219310765 0.0089127999168834588 -0.043987796406660763 -0.025902807863452768 0.0036998921866873377 0.14186142619699241 0.012343741068835542 0.074742646780278948 0.024663454501165284 -0.16916553481765417
leaf_weight=21 2106 20 39 658 24 9551 1408 21 130 2078 28 234 204 22 21 283 20 24 99 5493 60 335 175 79 5827 20 1063 45 27 23
leaf_count=21 2106 20 39 658 24 9551 1408 21 130 2078 28 234 204 22 21 283 20 24 99 5493 60 335 175 79 5827 20 1063 45 27 23
internal_value=-0.000240709 -0.0369513 -0.173484 0.00243441 -0.0328993 -0.0020202 -0.034499 -0.0558458 -0.0627236 0.0103644 -0.0567903 -0.0623796 -0.000278079 -0.0137615 -0.0434548 0.0207313 0.000144691 0.00706393 -0.0477674 0.00465215 -0.00235377 0.0175509 -0.0540037 0.0173937 0.00732319 0.00595062 0.0173056 0.014878 0.0745349 -0.0941828
internal_weight=30138 2047 59 28091 1988 17987 1964 556 535 10104 514 486 15663 2324 218 2440 15459 7664 333 5513 9946 395 197 2157 7640 6982 1155 1108 47 153
internal_count=30138 2047 59 28091 1988 17987 1964 556 535 10104 514 486 15663 2324 218 2440 15459 7664 333 5513 9946 395 197 2157 7640 6982 1155 1108 47 153
is_linear=0
shrinkage=0.05


Tree=63
num_leaves=31
num_cat=0
split_feature=287 287 70 232 23 49 141 259 183 294 265 128 28 143 224 125 292 3 43 32 90 126 95 132 251 20 210 280 102 27
split_gain=1071.4 422.043 1092.95 315.38 305.233 129.472 120.208 119.157 114.52 110.456 107.781 95.5953 87.692 74.0393 69.3583 68.1928 65.2775 64.6778 64.3657 76.7075 62.9523 62.0334 60.7548 72 58.5249 56.4071 69.9787 55.324 84.2773 62.8251
threshold=-8.1300001144409162 -31.1700325012207 -9.797963619232176 -0.17127806693315503 -4.6826469898223868 -9.2915186882019025 -12.282333374023436 -11.534853458404539 -3.5444117784500118 3.0134986639022832 -25.483474731445309 4.2372357845306405 -4.9482352733612052 4.246666908264161 -8.0190196037292463 -6.8111391067504874 -23.085033416748043 3.0672549009323125 -3.9794754981994624 -4.4343698024749747 2.073317408561707 3.6811032295227055 0.84272149205207836 -1.762443423271179 -8.1756939888000471 -2.7272151708602901 3.3821554183959965 -1.9936260581016538 6.8925981521606454 -3.0256536006927486
decision_type=2 2 2 2 2 2 2 2 2 2 2 2 2 2 2 2 2 2 2 2 2 2 2 2 2 2 2 2 2 2
left_child=1 2 -1 8 5 -4 -6 10 21 25 -3 22 -8 20 -10 -16 -12 24 -17 -20 -9 -2 -11 -24 -18 26 -5 -27 29 -29
right_child=3 7 4 9 6 -7 12 13 14 11 16 -13 -14 -15 15 18 17 -19 19 -21 -22 -23 23 -25 -26 27 -28 28 -30 -31
leaf_value=-0.45615947723388672 -0.0070900570302316022 0.065476600940410912 0.14043167114257812 0.023849250943313246 -0.22654536232352257 -0.030247202873229979 -0.0056654461792537145 -0.015612319540331205 0.070145424374857476 0.036097184094330652 -0.062204332329911183 0.0541817240778045 -0.15195632264018061 0.042203381602410918 -0.061271907332851441 -0.021852148727056438 -0.033115546677778787 0.026439628799756372 0.02823776752962695 0.0017356341527285026 -0.072536449611186979 -0.078090754632026915 -0.065580320255509736 0.014511829352234308 -0.11950311215594411 -0.0040441630929585201 0.11892334982043221 0.052364574552682987 -0.085414477016614837 0.0096789024217095315
leaf_weight=20 4038 26 20 247 20 25 21 1697 37 366 219 227 20 54 43 283 994 45 278 15284 50 31 29 866 20 831 21 88 23 4215
leaf_count=20 4038 26 20 247 20 25 21 1697 37 366 219 227 20 54 43 283 994 45 278 15284 50 31 29 866 20 831 21 88 23 4215
internal_value=-0.000228674 -0.027434 -0.117141 0.00303815 -0.053175 0.0456101 -0.126049 -0.0237937 -0.000144864 0.0122442 -0.0353048 0.024312 -0.0770268 -0.0154592 0.00176792 0.00160868 -0.0373551 -0.0322164 0.00177932 0.00220907 -0.0172415 -0.00763098 0.018935 0.0119167 -0.0348194 0.00893412 0.0312991 0.00777185 0.0100416 0.0105519
internal_weight=30138 3231 126 26907 106 45 61 3105 19994 6913 1304 1488 41 1801 15925 15888 1278 1059 15845 15562 1747 4069 1261 895 1014 5425 268 5157 4326 4303
internal_count=30138 3231 126 26907 106 45 61 3105 19994 6913 1304 1488 41 1801 15925 15888 1278 1059 15845 15562 1747 4069 1261 895 1014 5425 268 5157 4326 4303
is_linear=0
shrinkage=0.05


Tree=64
num_leaves=31
num_cat=0
split_feature=257 5 138 241 0 4 293 4 80 269 178 35 86 121 16 35 44 11 42 113 229 131 154 16 223 82 273 103 201 213
split_gain=967.184 401.669 971.551 331.272 152.37 141.823 209.77 544.107 303.761 121.772 121.273 89.5562 85.0532 81.328 74.1805 70.1672 115.931 70.2507 69.8324 68.1111 66.7398 62.3557 61.3205 59.7025 57.4924 57.3719 67.4459 73.1273 61.0454 56.379
threshold=-9.7383818626403791 4.2831807136535653 -3.8106862306594844 -1.1777239441871641 5.3673081398010263 4.0899944305419931 -31.456928253173825 0.99194768071174633 -7.6675071716308585 -3.6392717361450191 2.5760505199432377 -4.7836151123046866 3.5176539421081547 -4.5333282947540274 1.4886600971221926 -2.3583962917327876 1.9495469927787783 -0.52002802491188038 -10.034337043762205 -1.3858793973922727 -6.5400302410125724 -8.7296285629272443 1.0936399102211001 -2.4706139564514156 -1.0000000180025095e-35 -2.4775735139846797 3.6419672966003422 1.8633408546447756 3.2503921985626225 -2.7305489778518672
decision_type=2 2 2 2 2 2 2 2 2 2 2 2 2 2 2 2 2 2 2 2 2 2 2 2 2 2 2 2 2 2
left_child=1 4 -3 9 5 6 7 8 -1 22 20 29 23 14 18 16 -12 -17 -8 -14 -5 -16 -2 24 -13 28 -27 -28 -22 -11
right_child=3 2 -4 10 -6 -7 13 -9 -10 11 15 12 19 -15 21 17 -18 -19 -20 -21 25 -23 -24 -25 -26 26 27 -29 -30 -31
leaf_value=0.14205483436584473 -0.0058466895609237141 -0.44529588447883728 -0.016666858691053513 -0.065851920458578295 0.095637881755828866 0.063283377121656367 0.030599998897976346 -0.27525456543531152 -0.1243800840219078 -0.032230292801018599 0.032739577480615713 0.012223618614501251 -0.10161581337451936 -0.010984964422509919 -0.097476739521268063 -1.7791461222660466e-05 0.13885196178699985 0.027731282354506389 -0.032912230185420638 -0.017850099116798461 0.018691960175752514 -0.042836560565349346 -0.037115264888852834 0.0024737475361459754 0.059847218469234124 0.0051246689759103618 0.041270326569302539 0.0067080654181913644 0.10728129446506501 0.037918863445520402
leaf_weight=20 7825 20 39 31 24 39 45 31 23 273 117 268 30 441 79 322 33 782 1132 127 702 154 160 9189 83 7479 279 339 20 32
leaf_count=20 7825 20 39 31 24 39 45 31 23 273 117 268 30 441 79 322 33 782 1132 127 702 154 160 9189 83 7479 279 339 20 32
internal_value=-0.00021724 -0.0333984 -0.161965 0.00220068 -0.0295828 -0.031113 -0.0330255 -0.115575 -0.000456866 -0.00186886 0.00944523 0.001807 0.00264608 -0.0297253 -0.0355866 0.0239974 0.0560843 0.0196378 -0.030484 -0.0338563 0.00738326 -0.0613626 -0.00647324 0.0032468 0.023485 0.00764069 0.00643644 0.0223114 0.021146 -0.0248704
internal_weight=30138 2047 59 28091 1988 1964 1925 74 43 17987 10104 10002 9697 1851 1410 1254 150 1104 1177 157 8850 233 7985 9540 351 8819 8097 618 722 305
internal_count=30138 2047 59 28091 1988 1964 1925 74 43 17987 10104 10002 9697 1851 1410 1254 150 1104 1177 157 8850 233 7985 9540 351 8819 8097 618 722 305
is_linear=0
shrinkage=0.05


Tree=65
num_leaves=31
num_cat=0
split_feature=232 187 3 1 186 6 6 239 1 194 296 90 118 292 163 277 19 219 154 37 27 219 213 214 50 130 105 251 189 130
split_gain=786.35 329.832 1752.78 296.875 263.783 163.183 196.054 109.394 99.4185 129.022 107.958 93.0983 78.8195 73.0464 71.532 68.377 67.0977 63.623 80.143 61.4225 61.2085 61.1891 59.414 65.5408 59.2545 57.9322 57.2804 57.0211 57.2659 65.7571
threshold=-6.2593138217926017 -18.193299293518063 2.2723319530487065 2.2858812808990483 0.26615686714649206 -0.93516045808792103 0.33120369911193853 -3.3526427745819087 3.6270086765289311 -13.073703289031981 -18.697613716125485 0.80870804190635692 -0.55232617259025563 5.4870588779449472 -6.3318789005279532 -3.6605670452117915 -0.34315593540668482 0.96147713065147411 -0.19219361245632169 6.1080379486083993 5.3949859142303476 -1.4330588579177854 -1.5459939837455747 -1.9697272777557371 7.1045882701873788 -6.917292356491088 -1.4847128391265867 -6.2644419670104972 -1.8849495649337766 -5.7264437675476065
decision_type=2 2 2 2 2 2 2 2 2 2 2 2 2 2 2 2 2 2 2 2 2 2 2 2 2 2 2 2 2 2
left_child=1 2 3 5 7 -1 -7 17 10 -10 26 12 22 19 -11 -13 27 18 25 24 -15 -18 -12 -24 -6 -2 -3 -9 -29 -30
right_child=4 8 -4 -5 13 6 -8 16 9 14 11 15 -14 20 -16 -17 21 -19 -20 -21 -22 -23 23 -25 -26 -27 -28 28 29 -31
leaf_value=0.029675473123788834 -0.038985997238079044 -0.037661005513512098 -0.53136159285902973 0.15412417739629747 0.011330228465706554 -0.23854152461513878 -0.033574257910783799 0.041931983193865534 0.1368763065338135 -0.032326792837365677 -0.015959772206722209 -0.039668748754204487 0.026111108109959077 0.039349643120490822 0.03697509744191823 -0.12737268866398013 -0.0049044158694823252 0.031829907233742148 -0.024669657088816167 -0.033305350758812649 -0.01016161457912342 0.0035971592289520066 -0.14142378203570843 -0.013419136651791633 0.093585783785039733 -0.003663541005794026 -0.10060771632079896 0.00070840908545074762 0.095808181471445347 0.0091101706341843326
leaf_weight=30 119 493 20 20 4556 20 28 108 20 76 2315 153 111 399 73 26 4244 110 550 77 74 4222 20 20 22 4731 39 3476 22 3724
leaf_count=30 119 493 20 20 4556 20 28 108 20 76 2315 153 111 399 73 26 4244 110 550 77 74 4222 20 20 22 4731 39 3476 22 3724
internal_value=-0.000233448 -0.0226335 -0.104791 -0.0177363 0.00270193 -0.0618031 -0.118977 0.000251546 -0.0197361 0.0176324 -0.0217239 -0.0175903 -0.015063 0.0128829 0.00162648 -0.0524079 0.00236756 -0.00581462 -0.00658146 0.0109806 0.0316037 -0.000664675 -0.0170037 -0.0774215 0.0117255 -0.00453022 -0.0422755 0.00586973 0.00533045 0.00961934
internal_weight=29898 3464 118 98 26434 78 48 21306 3346 169 3177 2645 2466 5128 149 179 15796 5510 5400 4655 473 8466 2355 40 4578 4850 532 7330 7222 3746
internal_count=29898 3464 118 98 26434 78 48 21306 3346 169 3177 2645 2466 5128 149 179 15796 5510 5400 4655 473 8466 2355 40 4578 4850 532 7330 7222 3746
is_linear=0
shrinkage=0.05


Tree=66
num_leaves=31
num_cat=0
split_feature=232 186 3 10 10 284 299 10 1 90 296 118 183 229 89 138 24 284 130 102 96 26 117 54 159 51 193 133 198 21
split_gain=709.681 265.983 1573.42 278.428 286.685 244.522 111.056 100.685 82.7821 94.8769 72.1311 73.1195 67.9248 64.721 69.8498 61.1226 60.6832 55.9265 71.9594 74.069 71.1352 56.1738 54.9111 53.3088 74.7601 66.5528 66.4611 60.431 52.5513 55.8391
threshold=-6.2593138217926017 -17.992004394531246 2.3502361774444585 0.058325313031673438 -1.843944728374481 -1.940639793872833 1.6943417787551882 -3.2131005525588985 3.6270086765289311 1.3380784988403323 -18.697613716125485 -0.49660134315490717 -3.3805514574050899 -1.4229501485824583 1.2737990617752077 -4.154693365097045 -6.1560544967651358 4.5861780643463144 -2.3677588701248165 2.0819485187530522 0.60511538386344921 7.3592541217803964 -11.553325176239012 -1.9821724891662595 -5.2998640537261954 -1.8768627047538755 -3.8428537845611568 -9.2618489265441877 10.997220993041994 -0.34941177070140833
decision_type=2 2 2 2 2 2 2 2 2 2 2 2 2 2 2 2 2 2 2 2 2 2 2 2 2 2 2 2 2 2
left_child=1 2 3 4 -1 12 -7 -3 9 10 -9 16 13 -2 -15 -13 -12 18 20 -20 -8 -19 -18 24 26 -26 27 -24 29 -14
right_child=5 7 -4 -5 -6 6 17 8 -10 -11 11 15 28 14 -16 -17 22 21 19 -21 -22 -23 23 -25 25 -27 -28 -29 -30 -31
leaf_value=0.013694976270198823 -0.0052686817530849805 -0.045136687083006631 -0.49927855938673016 0.096004151915376257 -0.21626152846476307 0.0053561261856435284 0.0037529577460625901 -0.034485551303244072 0.019026902561667582 -0.056885523216536386 0.040700658365171782 0.10460771132437957 0.0028864503183356691 -0.018923498755320907 -0.084254537328429857 0.0093489872105419636 0.058082131385803232 0.031988954409747056 0.021249073654957155 -0.001816813979554273 -0.095211575527985898 -0.025618002149793841 -0.049347799556686528 -0.0068762579251432851 -0.054556821671311179 -0.013206246298737824 -0.097955405434755533 -0.0066252770634773923 0.074141860008239746 -0.004668918575852189
leaf_weight=33 3444 331 20 37 23 9588 46 438 159 149 49 21 6560 370 46 85 25 710 1178 494 30 45 94 857 277 150 23 693 24 3899
leaf_count=33 3444 331 20 37 23 9588 46 438 159 149 49 21 6560 370 46 85 25 710 1178 494 30 45 94 857 277 150 23 693 24 3899
internal_value=-0.000221775 -0.0215018 -0.0969513 -0.0104293 -0.0807514 0.00256684 0.00780449 -0.0189576 -0.0160883 -0.0180398 -0.0159056 -0.0123269 -0.00184845 -0.00751885 -0.0261476 0.028221 -0.0143094 0.0171832 0.0122713 0.0144342 -0.035312 0.0285554 -0.0155814 -0.0164609 -0.0231012 -0.0400309 -0.0141765 -0.0117281 0.000239474 6.9892e-05
internal_weight=29898 3464 113 93 56 26434 12091 3351 3020 2861 2712 2274 14343 3860 416 106 2168 2503 1748 1672 76 755 2119 2094 1237 427 810 787 10483 10459
internal_count=29898 3464 113 93 56 26434 12091 3351 3020 2861 2712 2274 14343 3860 416 106 2168 2503 1748 1672 76 755 2119 2094 1237 427 810 787 10483 10459
is_linear=0
shrinkage=0.05


Tree=67
num_leaves=31
num_cat=0
split_feature=232 187 8 0 0 236 41 293 0 146 236 298 193 128 35 154 27 172 10 292 146 269 258 55 86 119 21 103 90 293
split_gain=640.487 275.931 1632.73 336.129 237.991 224.947 193.27 92.2812 90.0894 108.08 116.717 85.6142 81.6362 81.4266 80.0214 76.4661 69.1639 60.768 61.9692 59.9043 59.338 81.1082 58.0975 57.2605 56.5663 64.5432 66.9989 54.533 52.6397 61.6477
threshold=-6.2593138217926017 -18.193299293518063 1.8508393168449404 2.6982657909393315 0.89432376623153698 0.21514260023832324 -6.2545096874237052 -3.1114125251770015 3.6276496648788457 -10.695317745208738 -10.29679489135742 -7.4637844562530509 -11.476404190063475 3.5698841810226445 -5.1636600494384757 1.1402605175971987 2.5920559167861943 -11.468599796295164 5.459280490875245 -0.75952747464179982 -2.2786043882369991 -2.9371241331100459 3.2423583269119267 -1.6983332633972166 -2.9738903045654292 -0.56946077942848194 2.6333471536636357 1.6436300873756411 6.2381048202514657 5.3436274528503427
decision_type=2 2 2 2 2 2 2 2 2 2 2 2 2 2 2 2 2 2 2 2 2 2 2 2 2 2 2 2 2 2
left_child=1 2 3 4 6 7 -1 15 12 -10 -11 -9 -3 28 -13 19 17 -14 27 -2 -16 23 24 -22 -23 26 -26 -19 29 -7
right_child=5 8 -4 -5 -6 13 -8 11 9 10 -12 14 16 -15 20 -17 -18 18 -20 -21 21 22 -24 -25 25 -27 -28 -29 -30 -31
leaf_value=0.11231610313057901 -0.0030152841429072655 -0.037030188777230008 -0.50727534711360933 0.14254403572816116 -0.20886085647202673 0.0091976249709108168 -0.087045498216344469 0.076941894911802741 0.11563443183898925 -0.054624708297734081 0.046224864909891042 -0.023826648074366987 0.033978979154066606 0.030539144318679285 0.01029979401306474 -0.026842026329944153 -0.041642447762222735 -0.012790733901926352 -0.080700904301234666 0.06776227125315927 -0.027295362061841362 0.02485584788290518 0.048467549350526599 -0.0038781084654309645 -0.0010256424078029084 0.0070909444527086285 -0.0403012541787965 -0.080643706321716316 -0.020485091890607564 0.034327947356986264
leaf_weight=20 8588 550 20 26 21 4225 31 39 25 52 64 277 66 522 2449 343 237 2287 35 30 319 294 72 1437 3559 3769 112 30 140 259
leaf_count=20 8588 550 20 26 21 4225 31 39 25 52 64 277 66 522 2449 343 237 2287 35 30 319 294 72 1437 3559 3769 112 30 140 259
internal_value=-0.000210687 -0.0204268 -0.0955723 -0.0115512 -0.0671968 0.00243849 -0.00886448 0.000170741 -0.0177767 0.0213388 0.00101644 0.00297752 -0.0194975 0.0118197 0.00274277 -0.00369035 -0.0158655 -0.013339 -0.0146668 -0.0027689 0.00335552 0.00157697 0.00376109 -0.00813215 0.00334489 0.00249486 -0.00222392 -0.0136693 0.00970653 0.0106492
internal_weight=29898 3464 118 98 72 26434 51 21288 3346 141 116 12327 3205 5146 12288 8961 2655 2418 2352 8618 12011 9562 7806 1756 7734 7440 3671 2317 4624 4484
internal_count=29898 3464 118 98 72 26434 51 21288 3346 141 116 12327 3205 5146 12288 8961 2655 2418 2352 8618 12011 9562 7806 1756 7734 7440 3671 2317 4624 4484
is_linear=0
shrinkage=0.05


Tree=68
num_leaves=31
num_cat=0
split_feature=232 282 121 47 188 213 189 293 17 275 50 239 290 86 62 289 123 100 31 12 298 39 100 285 82 91 42 105 118 136
split_gain=578.039 233.318 1005.31 295.279 211.918 103.353 107.09 93.0278 77.4082 76.2796 65.5947 64.4764 66.9249 63.935 61.3153 61.0824 65.5796 97.2302 59.26 59.2522 59.0981 55.9026 55.527 56.1349 55.3392 69.6688 53.15 52.182 50.9741 75.9812
threshold=-6.2593138217926017 -31.844785690307614 -13.598384857177733 -9.0284314155578596 -0.95316264033317555 -21.695130348205563 -10.245764732360838 5.3436274528503427 -0.63795751333236683 -0.93231371045112599 -5.6189978122711173 -3.0885294675827022 1.6967876553535464 -2.5011764764785762 -2.3350297212600704 -1.971102178096771 2.852259755134583 -0.47371736168861384 7.429668903350831 -0.90126049518585194 -1.867647051811218 1.5308496356010439 -2.3323072195053096 -2.3680636882781978 0.61353412270545971 -0.16764245182275769 3.9086101055145268 -4.2301130294799796 -0.49660134315490717 -4.6255056858062735
decision_type=2 2 2 2 2 2 2 2 2 2 2 2 2 2 2 2 2 2 2 2 2 2 2 2 2 2 2 2 2 2
left_child=1 2 -1 -4 14 -3 8 11 -7 28 -5 12 -6 -12 19 21 20 -18 24 -2 -17 27 -13 26 -9 -26 -24 -16 -8 -30
right_child=4 5 3 10 7 6 9 18 -10 -11 13 22 -14 -15 15 16 17 -19 -20 -21 -22 -23 23 -25 25 -27 -28 -29 29 -31
leaf_value=-0.37735748291015625 -0.016002925478231411 0.080513452600549776 0.12803688049316406 -0.14534393414855004 -0.0046185881201183327 -0.018696051081291066 -0.013535676824969343 0.002652586347451716 -0.049581293128718146 -0.08809976285944382 0.01088489712826137 0.020861822152156623 -0.089575939252972608 -0.099439763743430387 0.018620192658281475 0.012462549261240796 -0.13656894266605377 -0.0045158108939295227 -0.012970423208524104 -0.00052921961831539654 0.00082456736641845657 -0.015320117616742526 -0.0042256364287655253 0.0087996173412234809 0.13330573566878837 0.039347372291769628 0.077958346307277687 -0.0017278276086513189 0.10634080283343793 0.0026314835279982614
leaf_weight=24 1252 27 26 20 679 424 2297 99 389 33 29 790 24 24 327 1870 20 46 73 1223 2618 736 1203 6466 21 326 20 8641 20 151
leaf_count=24 1252 27 26 20 679 424 2297 99 389 33 29 790 24 24 327 1870 20 46 73 1223 2618 736 1203 6466 21 326 20 8641 20 151
internal_value=-0.000200152 -0.0194054 -0.0870357 -0.0166547 0.00231657 -0.0169156 -0.0177094 0.00819621 -0.0334739 -0.0125848 -0.0681886 0.00703213 -0.00751898 -0.0390734 -0.00109217 0.000168861 0.00494611 -0.0445319 0.0287908 -0.00835673 0.00567373 -0.00207306 0.00823858 0.00694161 0.0356262 0.0450336 -0.00288166 -0.000985878 -0.0115751 0.0147612
internal_weight=29898 3464 123 99 26434 3341 3314 9701 813 2501 73 9182 703 53 16733 14258 4554 66 519 2475 4488 9704 8479 7689 446 347 1223 8968 2468 171
internal_count=29898 3464 123 99 26434 3341 3314 9701 813 2501 73 9182 703 53 16733 14258 4554 66 519 2475 4488 9704 8479 7689 446 347 1223 8968 2468 171
is_linear=0
shrinkage=0.05


Tree=69
num_leaves=31
num_cat=0
split_feature=183 3 126 284 1 33 288 7 32 90 244 146 160 107 165 214 28 240 35 283 39 244 225 168 172 105 293 287 275 10
split_gain=529.198 351.807 710.758 221.145 137.452 122.563 87.5684 167.671 231.378 133.844 85.8864 79.1336 69.625 73.1392 66.3515 63.9173 62.1138 59.6531 64.6204 59.2478 58.5436 63.9165 60.9708 56.0256 55.2949 55.1006 53.9907 53.5965 52.7421 52.2313
threshold=-6.4304902553558341 4.3405346870422372 -3.9513725042343135 -1.940639793872833 4.3875579833984384 -4.004941225051879 -22.429322242736813 3.1182672977447514 -9.9406270980834943 -12.84246778488159 0.21456035971641543 0.33685851097106939 -4.2644727230072013 -1.6486080884933469 -0.53630718588829029 -2.6590348482131954 -3.1160783767700191 -2.2882353067398067 1.2465081810951235 2.0887057781219487 -1.3955259919166563 5.7403001785278329 -2.7553158998489375 4.9959816932678232 -1.9463454484939573 -6.8667573928832999 -8.0069775581359846 -31.1700325012207 -2.2536470890045162 0.27170519530773168
decision_type=2 2 2 2 2 2 2 2 2 2 2 2 2 2 2 2 2 2 2 2 2 2 2 2 2 2 2 2 2 2
left_child=1 4 -3 12 6 -6 7 8 -1 -10 11 19 13 14 -2 24 -17 -8 -19 -5 22 -22 25 -18 -13 -14 -24 -11 -21 -12
right_child=3 2 -4 10 5 -7 17 -9 9 27 29 15 20 -15 -16 16 23 18 -20 28 21 -23 26 -25 -26 -27 -28 -29 -30 -31
leaf_value=-0.19799469841851131 -0.0060517689714879308 -0.38013519480824476 0.041397115737199786 0.0061741221640338531 0.15048567490990869 -0.0072187261988541909 -0.016663378325875489 0.0873417629372506 0.053384233290149324 -0.12121281130560513 0.0079296466449976059 0.020093856917487253 -0.07956538037820296 -0.023644596021892367 0.055424091973238526 0.078634372726082813 -0.0014013016536203605 -0.10882039019756172 -0.010071866177410509 0.10617398915981704 -0.0034180724757824975 0.086075012087821964 0.092772089838981636 -0.073822901867054133 -0.050492142276330435 -0.0001238334435046641 0.010155580420848798 -0.047440070270394985 0.024569095334395618 0.018853039893722588
leaf_weight=27 1782 20 20 4640 22 28 2057 21 31 29 2747 36 22 690 45 24 2443 37 30 22 8215 20 20 27 121 2781 1761 163 198 1819
leaf_count=27 1782 20 20 4640 22 28 2057 21 31 29 2747 36 22 690 45 24 2443 37 30 22 8215 20 20 27 121 2781 1761 163 198 1819
internal_value=-0.000190145 -0.0222841 -0.169369 0.00181268 -0.0198778 0.0621712 -0.0215907 -0.0483567 -0.0597554 -0.0430179 0.00687334 0.00358579 -0.00217256 -0.0097755 -0.00453759 -0.00336309 -0.00141515 -0.0181756 -0.0646046 0.00737622 -0.000679723 -0.00320072 0.00384917 -0.00219295 -0.0343068 -0.000747349 0.0110833 -0.0585828 0.0327296 0.0122813
internal_weight=29898 2485 40 27413 2445 50 2395 271 250 223 12077 7511 15336 2517 1827 2651 2494 2124 67 4860 12819 8235 4584 2470 157 2803 1781 192 220 4566
internal_count=29898 2485 40 27413 2445 50 2395 271 250 223 12077 7511 15336 2517 1827 2651 2494 2124 67 4860 12819 8235 4584 2470 157 2803 1781 192 220 4566
is_linear=0
shrinkage=0.05


Tree=70
num_leaves=31
num_cat=0
split_feature=296 29 128 234 82 244 122 9 3 285 21 32 279 131 19 106 238 219 32 97 67 165 10 205 43 18 292 97 2 2
split_gain=541.565 322.157 1312.76 224.295 125.08 120.713 99.2025 91.6681 82.3995 76.4332 76.9293 73.4584 71.1949 65.2315 62.7448 62.6642 58.9442 52.7674 91.595 60.2674 58.937 53.5214 53.3252 52.4366 51.0466 50.8162 50.6528 49.8168 48.9843 50.9658
threshold=-13.793393135070799 -9.2954568862915021 -13.970980167388914 -0.64192155003547657 -11.055809020996092 -23.315229415893551 -2.2848552465438838 5.8542320728302011 2.3502361774444585 -5.4414703845977774 -2.6762489080429073 -4.6021404266357413 8.4054484367370623 0.17582348734140399 -1.348390996456146 -13.353458404541014 3.0863645076751713 -0.65299925208091725 0.72067973017692577 -0.050857074558734887 2.55049741268158 2.2789902687072758 -1.843944728374481 -3.4122058153152461 1.3378235101699831 1.3065882325172427 -6.4811763763427725 5.4932091236114511 -5.4332797527313224 4.3515465259552011
decision_type=2 2 2 2 2 2 2 2 2 2 2 2 2 2 2 2 2 2 2 2 2 2 2 2 2 2 2 2 2 2
left_child=1 2 -1 6 5 -3 17 9 -4 23 16 14 -9 27 -8 -6 -11 19 -19 20 21 22 25 -5 -25 -2 -21 -12 -17 -30
right_child=3 4 8 7 15 -7 11 12 -10 10 13 -13 -14 -15 -16 28 -18 18 -20 26 -22 -23 -24 24 -26 -27 -28 -29 29 -31
leaf_value=-0.42671273803710941 -0.013648572059454918 0.1236381106906467 -0.049771495427315432 0.04975979042549928 -0.10477720407339244 -0.011870111737932478 0.051541560194031756 0.033392103874322142 0.078705358290328431 0.021736925265111895 0.0036474142600856768 0.00051075099661193374 0.13462327241897584 0.012106088166681916 0.0021123560607433319 0.034714360907673839 0.0753840159985327 0.028831730972686816 -0.013969989175555007 -0.049700075999966696 -0.084408062308405848 0.070229352557140842 -0.0039955879677253513 -0.020359986783602301 -0.10423648841679096 -0.056092358225738853 -0.014592007101740245 -0.04224785458917419 -0.029780215184558884 0.028302988486412245
leaf_weight=25 838 27 24 24 26 42 132 132 26 294 4060 13260 20 3730 125 32 62 271 232 140 24 23 4566 195 20 77 386 60 1195 39
leaf_count=25 838 27 24 24 26 42 132 132 26 294 4060 13260 20 3730 125 32 62 271 232 140 24 23 4566 195 20 77 386 60 1195 39
internal_value=-3.08542e-05 -0.0299953 -0.13088 0.00146993 -0.0244359 0.0411548 -0.00142418 0.00822768 0.0170365 0.007535 0.0083468 0.0010239 0.046712 0.00731584 0.0275001 -0.0279388 0.03108 -0.00647082 0.00909018 -0.00776371 -0.00622485 -0.00588394 -0.00620333 -0.0203376 -0.0281625 -0.0172203 -0.0239364 0.00297904 -0.0263607 -0.0279445
internal_weight=30107 1436 75 28671 1361 69 20074 8597 50 8445 8206 13517 152 7850 257 1292 356 6557 503 6054 5528 5504 5481 239 215 915 526 4120 1266 1234
internal_count=30107 1436 75 28671 1361 69 20074 8597 50 8445 8206 13517 152 7850 257 1292 356 6557 503 6054 5528 5504 5481 239 215 915 526 4120 1266 1234
is_linear=0
shrinkage=0.05


Tree=71
num_leaves=31
num_cat=0
split_feature=287 189 5 9 288 6 2 183 203 289 28 18 143 211 119 58 128 276 51 81 7 156 293 126 267 271 264 299 22 3
split_gain=493.785 297.493 1497.71 532.699 177.643 128.15 228.922 82.9158 80.2185 71.115 69.0353 68.5737 66.7615 72.3429 62.2161 80.8188 61.3273 74.7623 66.4423 61.2949 61.2417 73.1128 59.0077 58.9398 57.5897 59.1386 54.7033 54.3616 52.8397 50.0972
threshold=-8.7953591346740705 -18.783189773559567 2.1520664691925053 -5.0776300430297843 1.1247058510780337 -0.93516045808792103 0.46511763334274298 -1.9834500551223753 -18.993676185607907 -20.397480964660641 -2.2034518718719478 0.82664707303047191 -2.1900980472564693 -3.6576738357543941 -1.6805061697959898 -3.9427894353866573 3.5698841810226445 10.639276504516603 1.1236898303031924 -7.3851225376129142 0.19815962016582492 -8.3850979804992658 -3.3893837928771968 2.0856442451477055 4.9864704608917245 -3.7945097684860225 -0.75773108005523671 2.5919922590255742 2.0264480113983159 2.050241351127625
decision_type=2 2 2 2 2 2 2 2 2 2 2 2 2 2 2 2 2 2 2 2 2 2 2 2 2 2 2 2 2 2
left_child=1 2 3 -1 7 -5 -7 12 -3 20 22 -11 14 -14 19 -16 18 28 -6 -2 21 -10 -9 -21 25 26 -12 -15 -18 -13
right_child=4 8 -4 5 16 6 -8 10 9 11 24 29 13 27 15 -17 17 -19 -20 23 -22 -23 -24 -25 -26 -27 -28 -29 -30 -31
leaf_value=0.21643663331866267 -0.052842580242934881 0.064992752075195323 -0.46967864978042517 0.018452848673418717 0.01543289012188534 -0.249792161192745 -0.038811925984919074 -0.0014806486239967958 -0.043280630088546906 -0.0099241334438041045 -0.0054787617180737623 -0.037200573095422247 -0.017774130170794319 -0.0032370630044695186 0.081946069243791941 0.0072890672782751492 0.035712268099535344 0.095124025344848637 0.0013595034926598701 -0.0010178813956294454 -0.02022338081461688 -0.12692826054458106 0.020643949453420671 -0.071353409240643192 -0.066080824982735417 0.0035995436050463934 -0.050977971504575441 -0.077170850276947034 -0.0051628726746952326 0.0078707835326592129
leaf_weight=20 59 30 22 27 2085 20 36 437 103 1896 1174 429 1131 4523 37 1789 258 40 1403 4158 180 35 971 30 31 8902 70 25 114 72
leaf_count=20 59 30 22 27 2085 20 36 437 103 1896 1174 429 1131 4523 37 1789 258 40 1403 4158 180 35 971 30 31 8902 70 25 114 72
internal_value=-2.93115e-05 -0.0197555 -0.0951923 -0.015205 0.00204927 -0.0710222 -0.114162 0.000398542 -0.0163203 -0.0172188 0.00340029 -0.0142714 -0.00256055 -0.00645766 0.00108373 0.00880183 0.011927 0.0301703 0.00977206 -0.00223468 -0.0394359 -0.0644956 0.0137772 -0.00152172 0.00196464 0.00217254 -0.00803901 -0.00364347 0.023186 -0.0307233
internal_weight=30107 2870 125 103 27237 83 56 23337 2745 2715 11585 2397 11752 5679 6073 1826 3900 412 3488 4247 318 138 1408 4188 10177 10146 1244 4548 372 501
internal_count=30107 2870 125 103 27237 83 56 23337 2745 2715 11585 2397 11752 5679 6073 1826 3900 412 3488 4247 318 138 1408 4188 10177 10146 1244 4548 372 501
is_linear=0
shrinkage=0.05


Tree=72
num_leaves=31
num_cat=0
split_feature=124 42 5 0 291 89 234 261 285 122 63 277 50 122 112 94 24 89 187 90 146 37 35 189 133 84 152 9 159 275
split_gain=449.252 372.299 1293.53 478.589 168.679 102.461 97.8097 84.5632 88.0895 174.78 80.16 75.5655 66.6981 65.4042 59.8413 58.5723 56.7225 51.4866 57.9977 56.219 51.257 50.8226 49.934 49.4601 50.852 48.2125 62.2341 58.8545 47.8055 46.867
threshold=-4.637058973312377 -10.034337043762205 2.1520664691925053 1.7259912490844729 2.9916658401489262 0.18802288174629214 -3.2489600181579585 -11.603794574737547 -30.913211822509762 -11.850000381469725 -2.7678185701370235 0.50231093168258678 -0.90959149599075306 -0.48696662485599512 -0.3048392236232757 -1.3080391883850095 -1.0463398694992063 -2.805686235427856 -11.405581474304197 -4.5700490474700919 -11.741063594818113 6.1080379486083993 -2.9533638954162593 -0.77241179347038258 -5.6776468753814688 1.4842540025711062 2.7628757953643803 1.8454411625862124 1.8862745165824892 5.1946315765380868
decision_type=2 2 2 2 2 2 2 2 2 2 2 2 2 2 2 2 2 2 2 2 2 2 2 2 2 2 2 2 2 2
left_child=1 2 3 -1 6 7 25 8 9 -3 -8 12 -6 16 -15 -14 -13 18 -10 -19 -9 23 -16 24 -12 26 -2 -27 -23 -25
right_child=4 5 -4 -5 11 -7 10 20 17 -11 21 13 15 14 22 -17 -18 19 -20 -21 -22 28 -24 29 -26 27 -28 -29 -30 -31
leaf_value=-0.15992890596389772 -0.0036217344536198129 0.13848813573519389 -0.47321390092372895 0.11222427265984672 0.12744265404180624 -0.044747770986071342 0.017314033971710521 0.06890912055969238 -0.035442335820034553 -0.048626864873445953 -0.049600189734323355 -0.064195738150738188 -0.041988598704338076 0.05541988813783974 0.077003778144717219 0.050966929075903861 0.0010832670739748412 -0.12172743140067906 -0.0089026071280945557 -0.040052716167289212 -0.0062761718210831681 -0.10162718076081503 0.013643065602518618 0.0051314975461079805 0.00044328050078848907 -0.041321084979064962 0.063237597261156353 0.0012905382297255777 -0.015169561598727952 0.04068073414741679
leaf_weight=30 6255 24 20 35 24 270 910 23 401 26 51 40 20 102 32 111 198 25 423 134 1574 21 1100 6778 10954 187 35 143 67 94
leaf_count=30 6255 24 20 35 24 270 910 23 401 26 51 40 20 102 32 111 198 25 423 134 1574 21 1100 6778 10954 187 35 143 67 94
internal_value=-2.78459e-05 -0.0184385 -0.12158 -0.0133849 0.0019984 -0.0154154 0.00100229 -0.0124041 -0.0235518 0.0411883 0.00283638 0.0176074 0.0508141 0.0141107 0.0187393 0.0367752 -0.00988799 -0.0268448 -0.0218182 -0.0528947 -0.00519335 0.00210302 0.0154342 0.00228961 0.000211366 -0.00422706 -0.0032497 -0.022856 -0.0358015 0.00561776
internal_weight=30107 2985 85 65 27122 2900 25495 2630 1033 50 18875 1627 155 1472 1234 131 238 983 824 159 1597 17965 1132 17877 11005 6620 6290 330 88 6872
internal_count=30107 2985 85 65 27122 2900 25495 2630 1033 50 18875 1627 155 1472 1234 131 238 983 824 159 1597 17965 1132 17877 11005 6620 6290 330 88 6872
is_linear=0
shrinkage=0.05


Tree=73
num_leaves=31
num_cat=0
split_feature=120 29 296 284 68 250 288 189 87 21 227 165 104 236 190 72 33 1 201 200 44 17 48 126 133 281 229 10 82 70
split_gain=408.676 342.533 1259.28 163.548 116.964 215.354 97.5863 95.7004 80.3863 79.1142 68.0247 65.5733 64.4201 64.2154 68.7275 63.6844 57.9351 57.215 80.447 56.6691 56.2264 53.9209 53.7492 57.2498 53.6142 54.8027 53.4529 50.6935 59.1522 58.8249
threshold=-4.8099005222320548 -9.2954568862915021 -31.423370361328121 3.3229367733001713 -9.3828911781311017 -23.646674156188961 -4.8235688209533683 -14.298860073089598 -0.15301782637834546 -1.3192056417465208 -7.1101174354553214 -10.438464164733885 -2.1326569318771358 -1.1769400835037229 1.0632145404815676 -8.1766662597656232 4.2950716018676767 -0.64379554986953724 -3.1144706010818477 -2.9273612499237056 -7.7775244712829581 -0.70203015208244313 1.0676103234291079 -4.4327449798583975 -4.8858933448791495 -4.1071014404296866 -17.155160903930661 0.46670588850975042 -1.8419184684753416 -4.1061062812805167
decision_type=2 2 2 2 2 2 2 2 2 2 2 2 2 2 2 2 2 2 2 2 2 2 2 2 2 2 2 2 2 2
left_child=1 2 -1 6 5 -3 -2 11 22 10 -8 20 -11 14 -12 -4 24 21 -19 -15 -6 -5 -9 -24 25 -14 -7 28 -26 -30
right_child=3 4 15 17 7 26 9 8 -10 12 13 -13 16 19 -16 -17 -18 18 -20 -21 -22 -23 23 -25 27 -27 -28 -29 29 -31
leaf_value=-0.42202568054199219 -0.0054821230153838177 0.17989185878208705 0.081083091100056973 0.027616715514793611 -0.10579609870910645 -0.0531512467066447 0.099839930757880224 -0.013128743287773881 -0.044487568429814509 -0.0072690499789876961 0.0053911740401001761 -0.10956582700884021 -0.070293569331075639 0.044366999963133397 -0.024972826257498582 -0.036690642616965551 -0.016158784595565488 0.11976509837522394 0.021025487346379775 0.012708974297640044 -0.027023945206945593 -0.0074325129258874306 0.10493671201169491 -0.0042742731422185896 0.010030003217366279 0.00047756855265568878 0.035623023448846283 0.0075470757233628257 -0.063887804590568351 -0.00069367752103622737
leaf_weight=24 5072 21 24 156 26 30 20 1844 208 2263 3170 37 51 158 198 22 433 21 1166 1342 176 370 20 30 1441 59 39 3844 37 7805
leaf_count=24 5072 21 24 156 26 30 20 1844 208 2263 3170 37 51 158 198 22 433 21 1166 1342 176 370 20 30 1441 59 39 3844 37 7805
internal_value=-2.64536e-05 -0.0193804 -0.128426 0.00172695 -0.0162405 0.0396943 0.000737075 -0.0183909 -0.0149821 0.00225207 0.00781662 -0.0483718 0.000544956 0.00743854 0.00360612 0.0247565 0.00183853 0.0166894 0.0227724 0.0160436 -0.0371629 0.00296232 -0.0117418 0.0394101 0.00242724 -0.0323345 -0.00297449 0.00271853 0.000719081 -0.000991839
internal_weight=30107 2501 70 27606 2431 90 25893 2341 2102 20821 4888 239 15933 4868 3368 46 13670 1713 1187 1500 202 526 1894 50 13237 110 69 13127 9283 7842
internal_count=30107 2501 70 27606 2431 90 25893 2341 2102 20821 4888 239 15933 4868 3368 46 13670 1713 1187 1500 202 526 1894 50 13237 110 69 13127 9283 7842
is_linear=0
shrinkage=0.05


Tree=74
num_leaves=31
num_cat=0
split_feature=287 189 3 9 2 6 131 234 204 289 298 18 19 283 68 59 96 170 143 283 7 156 212 24 165 286 35 298 125 19
split_gain=380.204 261.486 1100.75 353.432 166.103 296.799 132.895 69.7768 67.611 67.2494 67.8046 66.9577 64.4063 76.4755 60.9872 66.9801 57.6091 56.5884 75.9703 65.5453 56.3193 66.0084 52.6146 50.7041 50.6748 49.0827 53.6616 47.3249 49.5869 53.3933
threshold=-6.6188666820526114 -18.783189773559567 3.0672549009323125 -4.5815114974975577 0.62800472974777233 -0.40485292673110956 0.17582348734140399 -1.6450107693672178 -19.217170715332028 -20.397480964660641 -2.8101634979248042 -2.595789790153503 0.44967871904373174 -10.582926273345945 -3.3463299274444576 0.25529411435127264 7.8037889003753671 -1.8836029171943662 -2.1182352304458614 2.9060180187225346 0.19815962016582492 -8.3850979804992658 -2.6268767118453975 2.0674018859863286 -3.6805710792541499 5.5647974014282235 -2.3583962917327876 -1.0315126180648801 -4.5319678783416739 -2.9730947017669673
decision_type=2 2 2 2 2 2 2 2 2 2 2 2 2 2 2 2 2 2 2 2 2 2 2 2 2 2 2 2 2 2
left_child=1 2 3 -1 5 -5 12 -8 -3 20 23 -6 13 -2 15 -9 -14 27 -19 24 21 -10 -12 -11 -20 -16 -27 -15 -29 -30
right_child=6 8 -4 4 11 -7 7 14 9 10 22 -13 16 17 25 -17 -18 18 19 -21 -22 -23 -24 -25 -26 26 -28 28 29 -31
leaf_value=0.16339368706657775 0.089379868023097525 0.065971483503069195 -0.42479748845100407 0.0029243454337120056 0.072492325156927107 -0.25706388237683669 -0.0019300979793392466 0.021092071722854266 -0.037974691849488484 -0.0072359010093439704 -0.023668982638198822 -0.05688856415450573 -0.0041392827026878196 -0.00030885707716311309 0.0092331930672447781 0.13705224372446537 -0.074814345918852707 0.012630911481735091 -0.026270336527269074 0.024291501978510308 -0.015644993035647588 -0.11735747648403048 -0.10057487986981868 -0.026119775848105705 0.0013041538999189971 0.096058652836542871 0.022158487864424675 -0.070827448838635496 0.045392253034208956 -0.016255102574761059
leaf_weight=21 25 28 20 21 20 23 1208 33 104 3473 61 20 5024 6050 4285 20 29 2185 172 304 181 35 35 396 5323 26 445 38 38 464
leaf_count=21 25 28 20 21 20 23 1208 33 104 3473 61 20 5024 6050 4285 20 29 2185 172 304 181 35 35 396 5323 26 445 38 38 464
internal_value=-2.51309e-05 -0.0135382 -0.0848293 -0.0200735 -0.0659403 -0.132979 0.0023112 0.008813 -0.0114721 -0.0119781 -0.0101986 0.00780188 0.000320492 0.0020045 0.0115116 0.0648506 -0.0045449 0.00185462 0.0046852 0.00169135 -0.0340269 -0.0579632 -0.0517076 -0.0091687 0.00044104 0.0109172 0.0262379 -0.00157473 -0.0157572 -0.0115886
internal_weight=30107 4438 125 105 84 44 25669 6017 4313 4285 3965 40 19652 14599 4809 53 5053 14574 7984 5799 320 139 96 3869 5495 4756 471 6590 540 502
internal_count=30107 4438 125 105 84 44 25669 6017 4313 4285 3965 40 19652 14599 4809 53 5053 14574 7984 5799 320 139 96 3869 5495 4756 471 6590 540 502
is_linear=0
shrinkage=0.05


Tree=75
num_leaves=31
num_cat=0
split_feature=232 299 280 24 24 214 298 19 21 299 298 298 295 299 297 297 28 36 298 10 297 130 298 107 258 182 151 32 0 99
split_gain=335.779 131.258 120.45 544.322 362.921 121.292 119.803 98.452 107.378 96.7634 99.7438 84.586 93.6992 81.694 78.7278 69.008 68.9083 62.8418 61.5792 58.061 79.2186 88.0463 58.7345 57.6764 54.9662 55.2997 72.1005 77.6347 54.3804 52.9846
threshold=-6.2593138217926017 -1.7444837093353269 -31.180291175842282 -7.2675812244415274 -5.2061274051666251 -21.720379829406735 -1.3654907345771787 -1.9319981336593626 -0.58558624982833851 0.11093683540821077 0.88989949226379406 -1.9558169841766355 0.25795032083988195 -2.5672074556350704 1.9038235545158388 -3.0759154558181758 -3.3201960325241084 4.0809569358825692 -2.9592267274856563 3.7620121240615849 1.5019001364707949 -1.0000000180025095e-35 -0.058679733425378792 1.829362750053406 -2.1390144824981685 -8.4160294532775861 -5.9255359172821036 3.622590303421021 0.24976113438606265 -2.7360130548477168
decision_type=2 2 2 2 2 2 2 2 2 2 2 2 2 2 2 2 2 2 2 2 2 2 2 2 2 2 2 2 2 2
left_child=2 11 3 -1 -5 -4 15 -6 -9 10 29 12 13 -2 -12 16 -3 23 -17 20 22 -22 28 24 25 26 27 -7 -13 -8
right_child=1 6 5 4 7 17 9 8 -10 -11 14 19 -14 -15 -16 18 -18 -19 -20 -21 21 -23 -24 -25 -26 -27 -28 -29 -30 -31
leaf_value=-0.23699914180871212 -0.0020733209570885139 0.082308606868204862 0.096673767089843765 0.17181666933971904 0.023872799653074015 -0.017030247343664474 0.019835320473046734 -0.18104549558325247 -0.020969557762145999 0.0078471801149656711 -0.056790004354225446 -0.018932617682144288 0.03442648402510249 0.0087094691092184252 0.0015047836117446423 0.077241173665970567 -0.0068304971491218239 -0.050861948862806095 0.019747728488783055 -0.088281348782281083 -0.0069557504776196601 0.10697925060987473 -0.062406101945920715 0.041799184385066232 -0.065432026728987694 -0.007364985476285911 -0.045339162227670843 0.077988677471876156 -0.0016354194720530645 -0.0022989463246488452
leaf_weight=33 11297 23 25 23 23 940 294 22 20 5188 146 923 196 2080 96 48 378 111 1567 24 39 30 56 48 50 1939 243 22 895 3364
leaf_count=33 11297 23 25 23 23 940 294 22 20 5188 146 923 196 2080 96 48 378 111 1567 24 39 30 56 48 50 1939 243 22 895 3364
internal_value=-0.000243992 0.0016684 -0.0148063 -0.0638224 0.00111893 -0.0130506 0.00582003 -0.0592818 -0.104819 0.00337392 -0.00257665 -0.00129813 0.000106165 -0.000396697 -0.0336648 0.0168469 -0.00171778 -0.0138687 0.0214565 -0.0109883 -0.0100335 0.0425812 -0.0119708 -0.0126021 -0.0134197 -0.0125925 -0.0210042 -0.0148573 -0.0104172 -0.000519976
internal_weight=30143 26644 3499 121 88 3378 11104 65 42 9088 3900 15540 13573 13377 242 2016 401 3353 1615 1967 1943 69 1874 3242 3194 3144 1205 962 1818 3658
internal_count=30143 26644 3499 121 88 3378 11104 65 42 9088 3900 15540 13573 13377 242 2016 401 3353 1615 1967 1943 69 1874 3242 3194 3144 1205 962 1818 3658
is_linear=0
shrinkage=0.05


Tree=76
num_leaves=31
num_cat=0
split_feature=232 25 131 81 282 291 124 217 189 127 143 275 105 298 4 180 294 59 168 261 82 124 46 165 68 271 298 231 184 5
split_gain=303.041 151.387 911.46 231.129 287.595 136.842 84.1145 94.8112 69.5689 78.3658 64.937 64.6751 62.7011 60.6716 60.8019 58.7419 82.0511 57.4683 56.6355 95.2229 52.806 59.6076 54.3472 51.8123 51.4789 75.9937 55.9436 65.6245 52.18 51.1308
threshold=-6.2593138217926017 -7.9597153663635245 -14.112977981567381 -10.732772827148436 -31.844785690307614 1.6066884994506838 -7.7284233570098868 -22.448380470275875 -1.3681371808052061 -4.5202970504760733 -1.9553447365760801 -0.93231371045112599 -1.8447310328483579 -3.0199682712554927 0.1575686186552048 -1.8729902505874632 -8.7037501335144025 -6.378647804260253 -14.880661010742186 -20.928730964660641 -2.5029568672180171 -6.8495607376098624 -4.8169202804565421 -4.6048612594604483 -2.2684434652328487 -1.9376470446586607 3.4188904762268071 5.5372025966644296 0.594488024711609 -0.59720712900161732
decision_type=2 2 2 2 2 2 2 2 2 2 2 2 2 2 2 2 2 2 2 2 2 2 2 2 2 2 2 2 2 2
left_child=1 2 -1 4 -3 8 7 -5 10 -10 15 18 -9 14 -7 -2 -17 -4 -8 -20 21 -11 -22 -12 25 29 27 -26 -28 -24
right_child=5 3 17 6 -6 13 11 12 9 20 23 -13 -14 -15 -16 16 -18 -19 19 -21 22 -23 24 -25 26 -27 28 -29 -30 -31
leaf_value=-0.31461478642054969 -0.0014565934214748495 0.22432341142134235 0.099450907558202739 -0.1211474100748698 0.015176283029409555 0.10414368948766164 0.070636476169932974 -0.022597504996382405 0.0526272573220877 -0.068332814886456442 -0.027512787341132879 -0.077674236244389003 -0.094173329602926972 0.01061703335007785 0.0052915884847087521 0.10033814943550777 0.0073606725312830709 -0.0039304383644243567 -0.10001595123060819 -0.0088849193087568688 -0.073119765271743145 0.016930468855013241 0.011611327471430689 -0.0045062790284883377 0.0036366675894764521 0.0088344845781469436 -0.069469025252120828 0.086446298270796751 -0.0059442313995800525 -0.036792719647612264
leaf_weight=28 5214 22 20 27 65 35 22 698 81 21 254 35 32 2928 28 24 2097 41 29 2480 24 858 68 6699 7615 254 49 24 95 276
leaf_count=28 5214 22 20 27 65 35 22 698 81 21 254 35 32 2928 28 24 2097 41 29 2480 24 858 68 6699 7615 254 49 24 95 276
internal_value=-0.000231792 -0.014066 -0.0784421 -0.0123858 0.0680641 0.00158498 -0.0144921 -0.0291382 0.000310753 0.00366015 -0.00188459 -0.0101713 -0.0257351 0.0116616 0.0602094 0.00139724 0.00841275 0.0299651 -0.00923787 -0.00993825 0.00323292 0.0148935 0.00201346 -0.00534673 0.00222861 -0.0119085 0.00331482 0.00389684 -0.0275603 -0.0272245
internal_weight=30143 3499 89 3410 87 26644 3323 757 23653 9365 14288 2566 730 2991 63 7335 2121 61 2531 2509 9284 879 8405 6953 8381 598 7783 7639 144 344
internal_count=30143 3499 89 3410 87 26644 3323 757 23653 9365 14288 2566 730 2991 63 7335 2121 61 2531 2509 9284 879 8405 6953 8381 598 7783 7639 144 344
is_linear=0
shrinkage=0.05


Tree=77
num_leaves=31
num_cat=0
split_feature=287 14 157 25 131 282 81 10 14 140 154 257 260 178 47 121 52 252 1 153 229 36 41 9 3 210 262 21 270 281
split_gain=273.837 130.31 288.116 231.464 1712.61 124.061 107.508 136.979 100.997 68.498 60.6877 89.0175 61.0287 58.1626 62.1377 57.5461 61.1224 56.4271 55.585 55.5312 54.3409 51.8699 84.7871 57.7409 64.3964 58.6736 57.6676 59.5017 56.422 51.9075
threshold=-8.7953591346740705 -5.264202117919921 -14.020479679107664 -7.9597153663635245 -14.112977981567381 -0.66770586371421803 -10.732772827148436 -1.0000000180025095e-35 -2.1949346065521236 -14.804442405700682 1.3423614501953127 -5.3402366638183585 -11.153710842132567 3.0304685831069951 4.5468065738677987 -0.91342338919639576 3.499407291412354 -3.7012666463851924 0.3242823481559754 -5.0766665935516349 -0.79499849677085865 0.50478434562683117 2.3166013956069951 7.6594340801239023 5.322418451309205 -2.7651662826538081 -12.721077442169188 1.9391641616821291 -11.560588359832762 -7.924313783645629
decision_type=2 2 2 2 2 2 2 2 2 2 2 2 2 2 2 2 2 2 2 2 2 2 2 2 2 2 2 2 2 2
left_child=1 2 -1 4 -3 10 7 8 -5 -8 12 17 -2 14 19 -16 -17 -12 -14 -7 -15 22 23 24 25 26 27 28 -11 -27
right_child=5 3 -4 6 -6 13 9 -9 -10 21 11 -13 18 20 15 16 -18 -19 -20 -21 -22 -23 -24 -25 -26 29 -28 -29 -30 -31
leaf_value=0.21239264965057375 0.051874840685299461 -0.500126953125 -0.0310198599292386 0.057541244014194519 0.036432276100947944 0.056245884795983636 -0.084989760262625558 0.14641140496115321 -0.078947792485680277 -0.02343010001572279 -0.037598112909520261 -0.0085482498330141723 -0.00258057293962153 -0.046965007352409882 -0.08290310340623061 0.028460549285598831 -0.052470411949379507 -0.12950004666395809 0.0030903338129888731 0.0053479565142741286 0.021581670319510363 -0.028623163022778255 0.060083472547007771 -0.093094458600336868 0.065050956275728017 -0.016906690936196934 -0.0045968956459663162 0.023904322495218368 -0.093564529245098435 -0.10778032982101043
leaf_weight=20 56 20 31 33 58 54 35 23 23 650 61 768 11247 30 36 51 43 23 7017 7044 798 528 41 22 27 33 1247 64 30 30
leaf_count=20 56 20 31 33 58 54 35 23 23 650 61 768 11247 30 36 51 43 23 7017 7044 798 528 41 22 27 33 1247 64 30 30
internal_value=-0.000220203 -0.0147852 0.064436 -0.0161959 -0.101147 0.00133911 -0.0138176 0.0436775 0.00148325 -0.0154955 -0.000848679 -0.0138932 -0.000242022 0.00654571 0.00510778 -0.0291481 -0.00856106 -0.0627617 -0.00040182 0.00573518 0.0190981 -0.0145852 -0.0111281 -0.0125164 -0.0116645 -0.012673 -0.0111697 -0.0221863 -0.0265243 -0.0601799
internal_weight=30143 2915 51 2864 78 27228 2786 79 56 2707 19172 852 18320 8056 7228 130 94 84 18264 7098 828 2672 2144 2103 2081 2054 1991 744 680 63
internal_count=30143 2915 51 2864 78 27228 2786 79 56 2707 19172 852 18320 8056 7228 130 94 84 18264 7098 828 2672 2144 2103 2081 2054 1991 744 680 63
is_linear=0
shrinkage=0.05


Tree=78
num_leaves=31
num_cat=0
split_feature=287 14 157 280 68 23 299 298 23 299 298 298 117 12 297 297 136 299 58 23 298 299 293 117 25 83 57 258 229 298
split_gain=247.138 117.605 260.025 210.216 832.559 168.342 111.08 105.556 83.1532 80.5483 113.602 76.8599 68.2719 67.2617 65.4486 64.2812 97.5478 63.2432 62.7577 59.7083 58.9467 57.4458 76.5236 74.4774 53.5732 53.3804 53.0465 96.3529 49.4263 48.7831
threshold=-8.7953591346740705 -5.264202117919921 -14.020479679107664 -31.180291175842282 -9.3828911781311017 -4.6826469898223868 -1.8511817455291746 -1.4546182751655576 -2.5811463594436641 0.11093683540821077 0.88989949226379406 -1.9558169841766355 1.863193213939667 4.1870114803314218 -3.4402146339416499 1.0923901796340945 -1.0558496117591856 0.17099658399820331 1.1512941122055056 3.1424686908721928 0.053636357188224799 -2.5672074556350704 1.5732843279838564 -1.2039214968681333 -3.0031617879867549 0.35242155194282537 3.6185309886932377 -4.2392547130584708 -0.40985295176506037 0.16215688735246661
decision_type=2 2 2 2 2 2 2 2 2 2 2 2 2 2 2 2 2 2 2 2 2 2 2 2 2 2 2 2 2 2
left_child=1 2 -1 4 -3 -6 11 13 -7 10 -9 21 -12 14 24 20 -17 -16 -14 -5 -13 22 25 -24 -8 26 28 -28 -2 -11
right_child=6 3 -4 19 5 8 7 9 -10 29 12 15 18 -15 17 16 -18 -19 -20 -21 -22 -23 23 -25 -26 -27 27 -29 -30 -31
leaf_value=0.20177302837371824 -0.0015619998177647701 -0.36624763125465032 -0.029468865548410723 -0.010826585781638538 0.061432206477874368 -0.14424517328540484 0.045698661391030661 -0.00036340966254343486 -0.020278632640838623 0.019847691370628952 -0.048367156548865475 -0.012521303719270746 0.068831090891250862 0.099982670079106883 0.016309001387702703 -0.025088537493959451 0.084727113791519704 0.074485655315220362 -0.0411082865446806 -0.042968865917399041 -0.085713365248271403 0.0075904711157113438 -0.021581757983023472 0.091981057964620139 -0.013343291864930207 -0.010658885825807783 0.10953165518826452 -0.033123138025403023 0.015832938571534876 0.0050597949887474826
leaf_weight=20 9867 21 31 2596 39 24 44 4013 31 635 199 1568 27 23 1745 39 42 48 25 153 28 1992 22 42 303 1510 29 20 426 4581
leaf_count=20 9867 21 31 2596 39 24 44 4013 31 635 199 1568 27 23 1745 39 42 48 25 153 28 1992 22 42 303 1510 29 20 426 4581
internal_value=-0.000209193 -0.014046 0.0612142 -0.0153861 -0.0816162 -0.0180284 0.00127216 0.00496705 -0.0743731 0.00269299 -0.00240448 -0.00148816 -0.0350372 0.0149338 0.0140197 -0.0116001 0.0318529 0.0178664 0.0159756 -0.0126155 -0.0138054 -0.000268893 -0.00158274 0.0529438 -0.0058567 -0.00187718 -0.000594998 0.0513052 -0.000842069 0.00686009
internal_weight=30143 2915 51 2864 115 94 27228 11643 55 9480 4264 15585 251 2163 2140 1677 81 1793 52 2749 1596 13908 11916 64 347 11852 10342 49 10293 5216
internal_count=30143 2915 51 2864 115 94 27228 11643 55 9480 4264 15585 251 2163 2140 1677 81 1793 52 2749 1596 13908 11916 64 347 11852 10342 49 10293 5216
is_linear=0
shrinkage=0.05


Tree=79
num_leaves=31
num_cat=0
split_feature=124 3 0 291 24 4 63 35 232 279 289 189 145 18 136 23 170 118 114 5 14 93 44 227 143 180 295 82 183 1
split_gain=236.728 583.664 150.057 107.632 97.4821 107.565 164.796 137.74 342.063 192.285 70.7776 60.9584 72.1365 66.6722 64.8309 58.7746 57.6428 52.7247 51.9599 57.4756 57.9363 51.2076 67.3913 55.064 50.7028 59.955 55.2974 50.5765 47.9978 48.7619
threshold=-4.9854321479797354 4.3405346870422372 5.3673081398010263 1.6066884994506838 0.37803922593593603 3.6814450025558476 -3.9214960336685176 -10.132076263427733 -23.513594627380368 -30.528203964233395 -25.158457756042477 -1.3681371808052061 -2.5091148614883418 2.068112969398499 -5.3912599086761466 1.2157025933265688 -0.55841910839080799 -3.92426586151123 1.8705882430076601 0.170182079076767 -1.1068001985549925 -2.3600000143051143 0.34018553793430334 -0.5772385001182555 -2.1645592451095577 -1.8729902505874632 -8.7386126518249494 -3.7913955450057979 -6.0001661777496329 0.3242823481559754
decision_type=2 2 2 2 2 2 2 2 2 2 2 2 2 2 2 2 2 2 2 2 2 2 2 2 2 2 2 2 2 2
left_child=1 2 4 11 5 7 -7 8 -1 -9 -11 13 14 18 -13 -12 -16 -5 24 -20 -21 22 23 -19 25 -2 -27 -15 -28 -30
right_child=3 -3 -4 17 -6 6 -8 9 -10 10 15 12 -14 27 16 -17 -18 21 19 20 -22 -23 -24 -25 -26 26 28 -29 29 -31
leaf_value=-0.25307003021240237 -0.0012532686201351412 -0.27696130843389605 0.10720682877760668 -0.05580014845977227 -0.030653496815098658 0.17495137363672258 -0.02335706355727532 0.11405158489942552 0.0023941902737868461 -0.065438201210715558 -0.0059380204708959451 0.077734535550459838 0.0015079732992951296 -0.06341500944561429 0.0047036238787450096 -0.050038360144141363 0.027544753081176532 0.086829920790412213 5.9119266841341471e-06 0.1013126615999323 0.025002877907550864 0.0095945567730618426 0.11353860745827359 -0.0080936161205172538 -0.0045399776041803747 0.079131962784699028 -0.061916759299735225 -0.013050037732830755 0.0022661360446824281 0.019441037681300156
leaf_weight=20 5169 21 26 30 630 20 22 32 38 55 1731 39 8115 54 834 79 413 22 170 33 101 2854 27 50 7148 28 24 648 1011 699
leaf_count=20 5169 21 26 30 630 20 22 32 38 55 1731 39 8115 54 834 79 413 22 170 33 101 2854 27 50 7148 28 24 648 1011 699
internal_value=-0.000198733 -0.0144005 -0.0123222 0.00118375 -0.0135052 -0.00809536 0.0710755 -0.00979622 -0.0856969 -0.00747559 -0.00956077 9.13408e-05 0.00325153 -0.0018781 0.0142539 -0.00786284 0.0122685 0.0101508 -0.00114373 0.0193079 0.0437956 0.0108209 0.0461729 0.0209108 -0.00158533 0.00146182 0.00942681 -0.0169243 0.00830124 0.00928675
internal_weight=30143 2674 2653 27469 2627 1997 42 1955 58 1897 1865 24486 9401 15085 1286 1810 1247 2983 14383 304 134 2953 99 72 14079 6931 1762 702 1734 1710
internal_count=30143 2674 2653 27469 2627 1997 42 1955 58 1897 1865 24486 9401 15085 1286 1810 1247 2983 14383 304 134 2953 99 72 14079 6931 1762 702 1734 1710
is_linear=0
shrinkage=0.05


Tree=80
num_leaves=31
num_cat=0
split_feature=239 124 5 4 68 9 85 3 206 154 13 100 121 60 6 2 31 209 65 85 182 131 143 4 80 19 91 212 87 296
split_gain=201.554 96.0977 404.618 178.87 108.501 147.924 79.074 78.9273 74.5676 70.3481 68.7246 64.9732 54.4016 56.0456 54.4537 48.7143 48.2707 48.0077 52.695 46.2244 61.932 46.1583 52.0754 47.7304 52.0832 57.4448 47.7126 45.8299 45.7179 47.8971
threshold=-3.5852940082550044 -7.7284233570098868 3.5245882272720341 3.6814450025558476 -9.3828911781311017 -5.7444336414337149 -8.0011482238769513 1.5638359189033511 2.2105431556701665 -5.4517626762390128 -1.8104575276374815 -13.283158302307127 -5.152228355407714 -3.4230901002883907 0.058467520400881774 1.527901351451874 -4.1898431777954093 0.34222221374511724 -0.079006526619195924 1.3310196399688723 1.4746539592742922 -1.2574811577796934 -1.7403528690338133 -0.96939393877983082 -2.137026190757751 -1.0219117403030393 -2.0768750905990596 -3.7142651081085201 -3.7458332777023311 -0.62783494591712941
decision_type=2 2 2 2 2 2 2 2 2 2 2 2 2 2 2 2 2 2 2 2 2 2 2 2 2 2 2 2 2 2
left_child=1 2 3 4 5 -1 -3 -7 9 -2 17 -6 -11 14 -14 -10 -13 18 -8 -12 -21 22 23 24 25 -15 28 -24 29 -23
right_child=8 6 -4 -5 11 7 10 -9 15 12 19 16 13 21 -16 -17 -18 -19 -20 20 -22 26 27 -25 -26 -27 -28 -29 -30 -31
leaf_value=0.15001375854015353 0.02698957053440142 0.03715343074461 -0.23829268288044703 0.12451939582824707 -0.097095089574013985 0.026710894297469746 -0.014510168599737481 -0.082644892416217114 0.0083623693780106798 -0.027889899712867074 -0.0019258002320796379 -0.0022088073490567467 0.0030786753072664678 0.0034894939731149113 0.035662160886201159 0.028404793382328465 -0.030725735574435094 0.053616443665131276 -0.048595621938207996 -0.023415399954268119 0.059221687167882925 -0.0019742059648548173 -0.021517012351089056 0.0049748972403240227 0.0020443886085722506 -0.040262890456180124 0.0023206144712147663 -0.0036308099042274434 0.014773623747408343 -0.088214749982927027
leaf_weight=20 277 113 21 22 31 66 769 22 1601 155 5775 201 278 119 238 374 567 23 133 410 24 69 396 3545 467 203 9000 3746 1277 21
leaf_count=20 277 113 21 22 31 66 769 22 1601 155 5775 201 278 119 238 374 567 23 133 410 24 69 396 3545 467 203 9000 3746 1277 21
internal_value=0.000377003 -0.00630543 -0.021258 -0.016352 -0.0197689 0.0272686 -0.00434532 -0.000628052 0.00289359 0.00196909 -0.00500264 -0.0261269 0.00161392 0.00185015 0.0181075 0.0121577 -0.0232623 -0.0177171 -0.0195361 -0.00310847 -0.0188456 0.00140496 -0.00133189 0.00249945 -0.0086228 -0.0240935 0.00364259 -0.00534084 0.0123462 -0.022097
internal_weight=29963 8197 950 929 907 108 7247 88 21766 19791 7134 799 19514 19359 516 1975 768 925 902 6209 434 18843 8476 4334 789 322 10367 4142 1367 90
internal_count=29963 8197 950 929 907 108 7247 88 21766 19791 7134 799 19514 19359 516 1975 768 925 902 6209 434 18843 8476 4334 789 322 10367 4142 1367 90
is_linear=0
shrinkage=0.05


Tree=81
num_leaves=31
num_cat=0
split_feature=232 206 19 61 3 0 125 53 10 292 100 105 5 291 1 29 98 21 2 90 170 146 59 298 299 12 202 166 39 149
split_gain=187.771 83.9571 76.3271 228.445 1045.49 177.273 133.801 95.2464 73.9572 67.8557 63.7717 69.1031 61.8892 58.35 57.9906 57.6765 55.8086 50.9028 48.8018 51.1222 46.44 74.7461 60.8093 57.5244 76.9828 70.1304 75.2892 85.955 67.3507 61.9808
threshold=-5.3234324455261222 2.2105431556701665 -4.9702308177947989 -9.3611159324645978 2.050241351127625 3.6276496648788457 -13.582657814025877 -9.908411502838133 1.2524790763854983 -23.085033416748043 -13.283158302307127 -4.7976672649383536 2.4573068618774419 0.80816191434860241 3.1717889308929448 4.4565327167510995 -2.7136210203170772 -2.4228568077087398 1.527901351451874 -1.6874117851257322 -0.58688241243362416 -2.1365807056426998 -4.6887581348419181 -9.435269355773924 -8.1945657730102521 -1.1795201301574705 -4.7283694744110099 -4.2685611248016349 -1.7080241441726682 3.929207563400269
decision_type=2 2 2 2 2 2 2 2 2 2 2 2 2 2 2 2 2 2 2 2 2 2 2 2 2 2 2 2 2 2
left_child=2 15 5 4 6 -1 -4 8 -5 10 -9 12 -12 14 -11 20 -13 -17 19 -3 23 -22 -23 25 -25 -2 27 -27 -26 -30
right_child=1 18 3 7 -6 -7 -8 9 -10 13 11 16 -14 -15 -16 17 -18 -19 -20 -21 21 22 -24 24 28 26 -28 -29 29 -31
leaf_value=0.004555034868476927 -0.015604962940726962 0.044500965157339534 0.085671431442786911 0.0015701614941159886 -0.40765248589217667 0.16453830093145372 -0.05864171290563213 -0.11959285736083985 0.13591698852367701 -0.0086601399966394123 -0.026111661090894984 -0.12591159551271372 0.04720776421683176 -0.087191791022601342 0.020639563023538914 0.053886253883441294 -0.024181002722336697 -0.021032108780814379 0.028092691326141356 0.0059321344093151967 0.016901072228265073 0.083852397423723468 0.0024109154168697367 -0.033106168049774815 0.0057287072161904618 0.033691241385208237 0.0080490707719730117 0.14828626637657483 -0.0017771597433534363 -0.071462761517614132
leaf_weight=129 63 91 29 21 20 20 36 20 20 3680 162 28 35 23 177 24 26 410 375 1538 1076 23 6606 178 3795 36 59 30 11201 32
leaf_count=129 63 91 29 21 20 20 36 20 20 3680 162 28 35 23 177 24 26 410 375 1538 1076 23 6606 178 3795 36 59 30 11201 32
internal_value=0.000358153 0.00200598 -0.00914944 -0.010375 -0.0915256 0.0260293 0.00574415 -0.00872951 0.0671052 -0.00947854 -0.0336675 -0.0268209 -0.0130854 -0.00778905 -0.00731556 0.00116937 -0.0769302 -0.0168892 0.0118303 0.00808669 0.00150867 0.00467757 0.00269349 -7.7431e-05 -0.000417285 0.0274109 0.0490909 0.0857799 -3.00992e-05 -0.00197568
internal_weight=29963 25537 4426 4277 85 149 65 4192 41 4151 271 251 197 3880 3857 23533 54 434 2004 1629 23099 7705 6629 15394 15206 188 125 66 15028 11233
internal_count=29963 25537 4426 4277 85 149 65 4192 41 4151 271 251 197 3880 3857 23533 54 434 2004 1629 23099 7705 6629 15394 15206 188 125 66 15028 11233
is_linear=0
shrinkage=0.05


Tree=82
num_leaves=31
num_cat=0
split_feature=239 13 284 179 53 2 105 291 271 240 154 60 154 7 20 57 21 94 11 142 86 79 9 13 1 9 125 204 24 92
split_gain=169.407 82.5108 293.538 131.66 99.2633 200.43 136.117 71.3955 65.5743 65.2919 61.1894 66.8482 59.8381 58.3355 74.459 52.5418 68.2091 54.8722 50.6383 50.6064 49.4276 52.6391 48.3475 47.7792 64.2484 46.3211 46.3009 61.4115 46.0701 45.4254
threshold=-3.5852940082550044 -1.8871204257011411 -31.191353797912594 -18.191617965698239 -9.908411502838133 1.4543449282646181 -13.219009876251219 -13.321770668029783 3.0352660417556767 4.8624303340911874 1.2352353334426882 -8.0559492111206037 -5.4517626762390128 -0.92313721776008595 -1.1746113300323484 -0.66117647290229786 -1.3014332652091978 -4.0916340351104727 -1.0678073763847349 -2.7390196323394771 3.5176539421081547 5.7115688323974618 -5.0776300430297843 0.51022410392761242 0.62470588088035595 -3.1235848665237422 1.4532679915428164 -3.229117631912231 -2.8511155843734737 -5.4726226329803458
decision_type=2 2 2 2 2 2 2 2 2 2 2 2 2 2 2 2 2 2 2 2 2 2 2 2 2 2 2 2 2 2
left_child=1 2 -1 -4 5 -3 -6 13 10 12 11 -9 -2 14 29 23 22 18 -18 -12 21 -19 -17 24 -14 -16 -13 -28 -25 -8
right_child=9 4 3 -5 6 -7 7 8 -10 -11 19 26 15 -15 25 16 17 20 -20 -21 -22 -23 -24 28 -26 -27 27 -29 -30 -31
leaf_value=-0.18745271301269531 0.025237356153013032 0.16135263997647498 0.10976339067731584 -0.016569423706635188 -0.1207252197265625 -0.022338331310134948 0.030626449514837829 0.083996979568315588 0.084475364061919134 0.020787348120482926 -0.10515140049159527 -0.0020230253675519601 -0.0053731488627622266 -0.0093544280756017797 -0.12435861365361647 0.072510375082492834 -0.084059272909706287 0.0032198460048907217 -0.011542656800050415 -0.02106802987701753 -0.012207759161939318 0.063801411208179268 0.010652262011419146 -0.022879640037013638 0.0060072056865319613 -0.046314272723559827 0.088197926183541622 0.0044461388885974886 0.0087603227033220248 -0.045370912493672227
leaf_weight=25 279 27 21 1150 25 33 51 23 22 485 20 5524 5515 814 22 32 33 8993 89 170 533 36 2453 124 1600 140 33 65 1594 32
leaf_count=25 279 27 21 1150 25 33 51 23 22 485 20 5524 5515 814 22 32 33 8993 89 170 533 36 2453 124 1600 140 33 65 1594 32
internal_value=0.000340245 -0.00578615 -0.0179232 -0.0143038 -0.00371275 0.0603226 -0.00426629 -0.00384531 -0.00168514 0.00264742 -0.00201 -0.00107063 0.00223401 -0.0157926 -0.0371829 0.00192842 0.00405911 0.00216284 -0.0311578 -0.0299189 0.00258797 0.00346139 0.0114488 -0.00100696 -0.00281397 -0.0569129 -0.00141865 0.0326483 0.00647665 0.00132626
internal_weight=29963 8197 1196 1171 7001 60 6941 6916 5857 21766 5835 5645 21281 1059 245 21002 12169 9684 122 190 9562 9029 2485 8833 7115 162 5622 98 1718 83
internal_count=29963 8197 1196 1171 7001 60 6941 6916 5857 21766 5835 5645 21281 1059 245 21002 12169 9684 122 190 9562 9029 2485 8833 7115 162 5622 98 1718 83
is_linear=0
shrinkage=0.05


Tree=83
num_leaves=31
num_cat=0
split_feature=232 206 18 248 66 8 5 78 294 229 293 70 3 55 29 91 37 10 28 94 155 158 54 230 6 16 284 90 18 135
split_gain=156.267 72.7824 70.9748 149.876 146.686 1046.49 81.2449 206.324 80.5643 61.2445 58.0659 56.8617 55.2761 53.45 51.6389 57.8511 62.3484 49.1719 48.1887 52.6217 46.8446 47.4701 45.1693 44.8972 43.39 44.1207 43.3554 56.0088 69.1303 53.9945
threshold=-5.3234324455261222 2.2105431556701665 -5.7930390834808341 -18.122357368469235 -9.4834775924682599 0.79178377985954296 2.4573068618774419 -5.9693026542663565 -25.985345840454098 -1.2919281125068662 -26.054705619812008 -6.4236843585968009 0.18463455140590671 -1.1705884933471677 4.4565327167510995 -0.16764245182275769 2.459719300270081 1.4618628025054934 2.8749341964721684 -4.8269350528717032 -0.20660329610109326 -2.2096078395843501 -2.1580523252487178 -8.8750438690185529 -1.0753703713417051 3.0502550601959233 -2.7611560821533199 -2.5149819850921626 3.5925490856170659 -4.9546151161193839
decision_type=2 2 2 2 2 2 2 2 2 2 2 2 2 2 2 2 2 2 2 2 2 2 2 2 2 2 2 2 2 2
left_child=2 14 3 -1 5 10 8 -8 11 18 -4 12 -6 -11 23 16 -16 -13 20 -20 24 -22 -17 -2 25 -10 27 28 -25 -28
right_child=1 -3 4 -5 6 -7 7 -9 9 13 -12 17 -14 -15 15 22 -18 -19 19 -21 21 -23 -24 26 -26 -27 29 -29 -30 -31
leaf_value=0.1572824275493622 0.076250463724136353 0.010973679412624794 0.07944837944074111 -0.014298062324523925 -0.046379124471363997 -0.3927773771306966 0.14325020498242871 0.0039169465147593421 -0.012830519772137153 -0.12489865660667419 -0.015101915578012385 -0.049748003539049401 0.056792530412785716 -0.025587003955262755 -0.002491414174437523 -0.093296036610136857 0.097006898149847989 -0.13729346355666286 0.046459761685268448 -0.034173885355925276 -0.080172063813855263 -0.0098527872352860875 -0.02072931584499612 0.005182762349463777 -0.0017494366689861382 -0.075659713508753945 0.031813963870175092 -0.0035834929939126204 -0.083773031492124908 0.0028539483724107752
leaf_weight=20 20 2004 22 35 37 20 29 317 766 20 62 53 20 42 74 23 20 23 22 252 42 56 317 3010 2559 29 163 7084 22 12800
leaf_count=20 20 2004 22 35 37 20 29 317 766 20 62 53 20 42 74 23 20 23 22 252 42 56 317 3010 2559 29 163 7084 22 12800
internal_value=0.000323233 0.00182648 -0.00835017 0.0480948 -0.00906042 -0.0677308 -0.00763044 0.0155952 -0.00967993 -0.00833697 0.00966126 -0.0479291 -0.0101785 -0.057623 0.00104753 -0.0160397 0.0186784 -0.076242 -0.00751686 -0.0276997 -0.00591486 -0.0399896 -0.0256382 0.00136858 -0.00491924 -0.0151224 0.00130369 -0.0011495 0.0045373 0.0032181
internal_weight=29963 25537 4426 55 4371 104 4267 346 3921 3788 84 133 57 62 23533 434 94 76 3726 274 3452 98 340 23099 3354 795 23079 10116 3032 12963
internal_count=29963 25537 4426 55 4371 104 4267 346 3921 3788 84 133 57 62 23533 434 94 76 3726 274 3452 98 340 23099 3354 795 23079 10116 3032 12963
is_linear=0
shrinkage=0.05


Tree=84
num_leaves=31
num_cat=0
split_feature=121 3 4 171 202 63 47 91 68 269 287 228 5 24 37 211 13 182 14 92 218 285 13 22 28 298 236 297 44 121
split_gain=143.433 258.465 111.17 81.4507 72.9173 62.8866 67.4867 56.0075 52.9129 104.614 58.007 62.5998 61.3757 52.5379 50.9759 53.0886 49.6067 47.5493 47.2629 46.634 55.237 48.598 55.6817 45.5211 44.6244 44.2749 54.7929 43.0373 46.5707 45.8623
threshold=-3.8170065879821773 4.3405346870422372 4.0899944305419931 -6.4634966850280753 0.43690195679664617 3.5297124385833745 1.9788741469383242 4.5074117183685312 -9.3828911781311017 -26.602128982543942 -18.830647468566891 -11.175980567932127 2.4573068618774419 -4.4192156791687003 -2.5339393615722652 -4.424304485321044 3.1982523202896123 0.03312561288475991 5.4243910312652597 0.599419265985489 5.1133179664611825 -3.8419907093048091 3.1982523202896123 1.3042646646499636 5.7177453041076669 -1.0315126180648801 0.25833883881568914 -31.235121726989743 -2.4659477472305293 -11.712275028228758
decision_type=2 2 2 2 2 2 2 2 2 2 2 2 2 2 2 2 2 2 2 2 2 2 2 2 2 2 2 2 2 2
left_child=1 2 7 -4 5 13 -7 8 9 -1 11 12 27 -2 25 -16 -12 -8 -15 20 -17 -21 24 -18 -23 26 -6 29 -29 -10
right_child=4 -3 3 -5 14 6 17 -9 10 -11 16 -13 -14 18 15 19 23 -19 -20 21 -22 22 -24 -25 -26 -27 -28 28 -30 -31
leaf_value=0.129456787109375 0.020609679487016468 -0.16576666831970216 0.14307877648444403 0.0020899632573127751 0.033742064280051963 -0.012607298941808457 -0.13957346298731862 -0.076517974932988495 -0.021146680116653445 0.0035243034362792969 -0.0075215685462158149 -0.10889773148704658 0.05891163714907386 0.00024120976537814645 -0.027621339191075251 0.012259954030835822 0.088474594676294011 -0.033051225128160285 0.075289731366293772 -0.035503456315992381 0.069104240157387475 0.004171846879827714 0.032368651817900593 -0.0092489123894748376 -0.022185509729781869 0.013085417234508685 0.12161719407886268 -0.0097606288787873488 -0.053880782148335131 -0.12694169793810164
leaf_weight=20 324 26 21 20 68 161 20 30 20 94 3230 22 22 20573 115 1488 26 22 21 79 44 2637 166 22 171 159 24 237 80 21
leaf_count=20 324 26 21 20 68 161 20 30 20 94 3230 22 22 20573 115 1488 26 22 21 79 44 2637 166 22 171 159 24 237 80 21
internal_value=0.000307071 -0.00864779 -0.00759084 0.0743037 0.0016435 0.000363272 -0.0273319 -0.0084689 -0.00793082 0.0256177 -0.00897009 -0.0268959 -0.0221484 0.000632041 0.00710496 0.00593251 -0.00677175 -0.0837761 0.000317738 0.0067741 0.0138926 0.00320205 0.00423021 0.0436847 0.00256675 0.0290592 0.056666 -0.0271297 -0.0208951 -0.0753344
internal_weight=29963 3891 3865 41 26072 21121 203 3824 3794 114 3680 402 380 20918 4951 4700 3278 42 20594 4585 1532 3053 2974 48 2808 251 92 358 317 41
internal_count=29963 3891 3865 41 26072 21121 203 3824 3794 114 3680 402 380 20918 4951 4700 3278 42 20594 4585 1532 3053 2974 48 2808 251 92 358 317 41
is_linear=0
shrinkage=0.05


Tree=85
num_leaves=31
num_cat=0
split_feature=183 15 187 3 160 57 170 182 240 28 80 29 146 42 153 21 200 146 284 32 230 86 35 68 12 276 236 242 133 18
split_gain=168.49 85.287 223.202 818.453 189.119 91.1662 86.7235 80.6928 74.405 59.352 63.1102 51.7115 60.2697 49.7652 61.1108 49.0821 71.5803 57.055 48.8001 47.3484 60.5981 45.5638 51.242 49.9122 64.5322 46.0349 45.5528 61.088 55.7068 51.6255
threshold=-4.4348862171173087 -4.5539116859436026 -18.193299293518063 2.050241351127625 -17.418751716613766 -9.3845095634460431 -17.520806312561032 -7.776378631591796 4.8624303340911874 1.4583006501197817 2.6816179752349858 0.024000034667551521 -7.1289839744567862 2.018912792205811 -4.6752102375030509 -1.5060309171676634 -1.8119263648986814 -2.0275163650512691 0.4599547684192658 0.44912192225456243 -5.7892472743988028 -6.3120834827423087 -1.6033230423927305 -2.1873656511306758 -0.35624140501022333 3.6161174774169926 -2.8818445205688472 1.4134444594383242 0.98701053857803356 1.2440227866172793
decision_type=2 2 2 2 2 2 2 2 2 2 2 2 2 2 2 2 2 2 2 2 2 2 2 2 2 2 2 2 2 2
left_child=1 4 3 5 -1 -3 -4 -2 15 10 13 19 -13 -8 -15 26 18 -18 21 20 -11 -17 -23 24 -24 -25 27 28 29 -9
right_child=7 2 6 -5 -6 -7 9 8 -10 11 -12 12 -14 14 -16 16 17 -19 -20 -21 -22 22 23 25 -26 -27 -28 -29 -30 -31
leaf_value=0.17541900634765628 -0.062520125447487349 0.077168183099655882 0.070541501726422998 -0.36941983931697908 0.00021484716614680505 -0.043618587609075138 -0.0064278437819382589 0.0045726929096059068 0.021674620382910736 -0.038101549574307031 -0.082134788069460132 0.03153963064153989 -0.020987078325522723 0.096006766915321354 0.0078495347791391872 -0.065784430305163066 0.01218089049134811 0.0014078515347748875 0.01445197887964301 -0.0080962643465575055 -0.13779796377445261 0.0031677658052436776 -0.027784885197235827 -0.0039897421589994344 -0.0012247277250916689 -0.078180845676078692 0.0095519011981076186 -0.084872683261831616 -0.049760712612912344 -0.024537567471165256
leaf_weight=20 49 21 35 20 67 61 3747 1846 458 35 27 60 608 25 92 30 1399 10115 364 34 27 1862 557 4800 388 21 3068 21 53 166
leaf_count=20 49 21 35 20 67 61 3747 1846 458 35 27 60 608 25 92 30 1399 10115 364 34 27 1862 557 4800 388 21 3068 21 53 166
internal_value=-6.56505e-05 -0.00857029 -0.00946102 -0.0826333 0.0404917 -0.0126854 -0.00786964 0.00158114 0.00170604 -0.0084592 -0.00595745 -0.0212004 -0.0162691 -0.00542516 0.0266866 0.00133562 0.000190567 0.00271682 -0.00343537 -0.0555143 -0.0815177 -0.0042856 -0.00404373 -0.00637252 -0.0168798 -0.00431291 0.00567589 -2.47791e-05 0.000838081 0.00217095
internal_weight=30076 4879 4792 102 87 82 4690 25197 25148 4655 3891 764 668 3864 117 24690 19536 11514 8022 96 62 7658 7628 5766 945 4821 5154 2086 2065 2012
internal_count=30076 4879 4792 102 87 82 4690 25197 25148 4655 3891 764 668 3864 117 24690 19536 11514 8022 96 62 7658 7628 5766 945 4821 5154 2086 2065 2012
is_linear=0
shrinkage=0.05


Tree=86
num_leaves=31
num_cat=0
split_feature=183 15 127 3 202 34 1 297 182 219 9 299 50 89 30 276 82 29 207 211 107 96 10 267 28 157 29 35 204 42
split_gain=152.062 76.9715 204.794 951.073 175.905 95.4041 117.26 89.9731 72.8251 66.5002 92.0147 58.0163 57.5014 68.0496 52.8834 50.6813 59.8383 50.3549 59.2019 56.7143 73.0176 57.4054 55.9486 53.4615 48.9298 54.8491 52.8842 55.993 48.8595 52.2485
threshold=-4.4348862171173087 -4.5539116859436026 -13.75740337371826 1.9259387254714968 -19.371787071228024 -10.012892246246336 3.1717889308929448 -31.235121726989743 -7.776378631591796 2.6853431463241582 5.3875885009765634 -31.38612079620361 0.15586519241333011 4.0625953674316415 -3.2612440586090083 7.2115347385406503 1.9921470284461977 -1.9922903776168821 -0.55172383785247792 -3.8448284864425655 -1.5725817084312437 0.77420860528945934 2.8984314203262334 6.155994415283204 1.4583006501197817 -8.8814525604248029 -0.17611411213874814 0.23755279183387759 -3.8389509916305538 2.5550245046615605
decision_type=2 2 2 2 2 2 2 2 2 2 2 2 2 2 2 2 2 2 2 2 2 2 2 2 2 2 2 2 2 2
left_child=1 4 3 11 -1 6 -4 14 -2 17 12 -3 13 -11 -7 16 -12 18 22 20 -19 -22 -10 -21 -9 -26 27 -27 -20 -30
right_child=8 2 5 -5 -6 7 -8 24 9 10 15 -13 -14 -15 -16 -17 -18 19 28 23 21 -23 -24 -25 25 26 -28 -29 29 -31
leaf_value=0.16859558105468753 -0.059394071053485487 0.059881083170572919 -0.0034956727834308853 -0.37878792569750835 -0.00037724793846927477 -0.14044732451438904 0.14085325685640177 -0.0053437913521988296 0.0044422293124806306 0.027922351680921789 0.10613971024751663 -0.031073293924331665 0.0026343721309329856 -0.037839397302893707 -0.025465379953384399 0.10862965136766434 0.0040954233384599874 0.00088594386298194321 0.095809670786062881 0.00087336276659594658 -0.020461529229837998 0.016951397991036638 -0.031389179879001215 -0.069542804470768688 0.033698793856993967 -0.09843889925290239 -0.018077693848898214 -0.0079911346414259492 0.014402268490671451 0.087115708910501924
leaf_weight=20 49 27 34 21 67 20 24 3835 3992 462 20 50 1396 43 20 32 51 1233 21 16104 1019 114 112 27 46 44 643 28 496 26
leaf_count=20 49 27 34 21 67 20 24 3835 3992 462 20 50 1396 43 20 32 51 1233 21 16104 1019 114 112 27 46 44 643 28 496 26
internal_value=-6.23679e-05 -0.00814178 -0.00898797 -0.0805247 0.0384671 -0.00749445 0.0562349 -0.00829175 0.00150208 0.00162074 0.0103585 0.000819799 0.00786461 0.0223228 -0.0829564 0.0563865 0.0328403 0.000864148 0.00551718 -0.000304833 -0.00753401 -0.0166971 0.00346437 0.0007555 -0.00764193 -0.0192232 -0.022628 -0.0632648 0.0210323 0.018024
internal_weight=30076 4879 4792 98 87 4694 58 4636 25197 25148 2004 77 1901 505 40 103 71 23144 4647 18497 2366 1133 4104 16131 4596 761 715 72 543 522
internal_count=30076 4879 4792 98 87 4694 58 4636 25197 25148 2004 77 1901 505 40 103 71 23144 4647 18497 2366 1133 4104 16131 4596 761 715 72 543 522
is_linear=0
shrinkage=0.05


Tree=87
num_leaves=31
num_cat=0
split_feature=181 14 183 4 296 14 240 154 42 21 72 165 12 297 84 130 143 299 41 112 122 111 192 10 290 154 282 197 10 183
split_gain=153.215 82.9347 172.027 535.618 136.457 103.855 64.9621 63.5161 58.2168 54.8413 56.4464 53.9385 60.8685 59.2814 44.664 42.9448 90.2332 67.4323 57.8907 57.7338 58.0512 54.4527 50.9393 48.8175 46.9006 57.6237 59.8277 46.5494 42.365 55.1219
threshold=-5.3282430171966544 -5.264202117919921 -18.803227424621578 2.3359535932540898 -21.308869361877438 -2.4362008571624751 4.8624303340911874 0.24372788518667224 -0.62608173489570607 -5.2005603313446036 -0.61461633443832386 -17.491509437561032 -0.17179273068904874 -31.235121726989743 -3.6266589164733882 -1.1105943322181699 -1.8716293573379514 -1.9564396142959593 4.2389354705810556 -3.6985621452331539 -5.4084968566894522 1.3356380462646487 -6.8464157581329337 1.2205082774162295 -8.0528335571289045 -6.0924317836761466 -9.8620347976684553 -4.9329624176025382 -4.3017647266387931 -4.8480472564697257
decision_type=2 2 2 2 2 2 2 2 2 2 2 2 2 2 2 2 2 2 2 2 2 2 2 2 2 2 2 2 2 2
left_child=1 4 3 5 -1 -3 9 11 -9 10 14 12 -4 -13 -2 16 17 18 -11 20 -18 27 -17 -22 -24 -26 -27 -19 29 -15
right_child=6 2 7 -5 -6 -7 -8 8 -10 15 -12 13 -14 28 -16 22 19 21 -20 -21 23 -23 24 -25 25 26 -28 -29 -30 -31
leaf_value=0.15069829452605477 0.051681760915865509 0.072423605248332024 -0.013488695770502091 -0.29391600503162907 -0.0081171264773920969 -0.053707866808947395 0.019788420465401094 -0.1244319923222065 -0.029512351222885109 3.562420265059512e-05 0.084453162025564757 -0.079944005505792032 0.10839160070532845 -0.021402458674158933 -0.028327411556666765 0.055958741373485991 -0.10881141892501288 0.047790469907888093 0.079504775110146281 -0.0046620193088657471 -0.031651649149279523 -0.029467945173382762 -0.019315726572976394 0.033324272492352654 0.06377669076124827 0.077245924045780193 0.0027336190192070479 0.01236553878366408 -0.0067302869534803999 -0.10744158347899264
leaf_weight=21 33 24 20 22 38 51 461 20 84 6326 39 29 21 121 37 45 21 101 23 6034 193 72 238 34 39 27 11979 1133 2768 22
leaf_count=21 33 24 20 22 38 51 461 20 84 6326 39 29 21 121 37 45 21 101 23 6034 193 72 238 34 39 27 11979 1133 2768 22
internal_value=-5.92495e-05 -0.0103281 -0.0114172 -0.0769803 0.0484104 -0.0133458 0.00118097 -0.00935574 -0.0477661 0.000855724 0.0362482 -0.00801569 0.0489378 -0.00880994 0.0093912 0.000708845 -0.00119266 0.0024519 0.000323511 -0.00563378 -0.0292774 0.0127989 0.00285853 -0.0219196 0.00266399 0.00309829 0.00290119 0.015265 -0.00810129 -0.0346392
internal_weight=30076 3241 3182 97 59 75 26835 3085 104 26374 109 2981 41 2940 70 26265 13937 7655 6349 6282 248 1306 12328 227 12283 12045 12006 1234 2911 143
internal_count=30076 3241 3182 97 59 75 26835 3085 104 26374 109 2981 41 2940 70 26265 13937 7655 6349 6282 248 1306 12328 227 12283 12045 12006 1234 2911 143
is_linear=0
shrinkage=0.05


Tree=88
num_leaves=31
num_cat=0
split_feature=181 5 16 19 214 211 9 230 60 21 29 232 236 257 14 236 90 11 64 154 73 35 102 97 194 16 36 287 66 147
split_gain=138.276 104.404 458.711 88.6549 250.317 61.3409 55.8979 83.1396 54.784 50.3432 54.1992 65.1331 63.8971 52.633 51.1497 76.2537 55.5697 57.323 53.6254 49.9034 47.77 47.3132 46.7028 45.4181 45.3755 45.1217 83.221 42.4399 53.6193 52.5812
threshold=-5.3282430171966544 4.2831807136535653 -0.079140804708003984 -4.9702308177947989 -21.720379829406735 1.246157228946686 5.8542320728302011 2.8790137767791752 -3.4230901002883907 -1.5060309171676634 -1.26694118976593 0.93705877661705028 -1.1235293745994566 -0.49467605352401728 -0.33735294640064234 -10.29679489135742 -3.3014352321624751 -1.9439517855644224 -1.4472849965095518 1.1402605175971987 -6.1042263507843009 -4.4798059463500968 0.29413546621799475 1.9848693013191225 -0.26440106332302088 2.3265266418457036 -3.7947058677673335 -20.283954620361325 0.96693331003189098 -2.9264276027679439
decision_type=2 2 2 2 2 2 2 2 2 2 2 2 2 2 2 2 2 2 2 2 2 2 2 2 2 2 2 2 2 2
left_child=1 3 -3 4 -1 9 8 -8 -7 10 11 20 -13 -14 15 -11 17 -16 24 25 -2 -12 -20 -21 -17 27 -27 -5 29 -29
right_child=5 2 -4 19 -6 6 7 -9 -10 14 21 12 13 -15 16 18 -18 -19 22 23 -22 -23 -24 -25 -26 26 -28 28 -30 -31
leaf_value=0.19417940139770509 -0.049248752179178033 -0.26462677374482152 0.053878750365514018 -0.024746675144858156 0.0025252414786297341 0.039075062455249436 -0.0079414829892932252 0.074571962737374833 0.0046470984105325434 0.089131730998104272 -0.021030115080575874 -0.033494166788560424 0.10717553337300688 0.033308288748517177 -0.026881045306270775 -0.0080451839218894355 0.00050878577500608913 0.022755523065523225 0.00033404143663372406 -0.11592623210024267 0.0079297848305881127 0.0011823041711428171 -0.010291978786083903 -0.020052543779214227 -0.029829362858500748 -0.10394722349715955 -0.018747537854819672 -0.0032990418465352039 0.036969767614371249 -0.022598529970100908
leaf_weight=20 37 20 26 326 115 119 53 72 3986 22 274 22 38 66 66 2085 7889 490 5278 21 2865 1917 1286 30 270 33 218 1928 72 432
leaf_count=20 37 20 26 326 115 119 53 72 3986 22 274 22 38 66 66 2085 7889 490 5278 21 2865 1917 1286 30 270 33 218 1928 72 432
internal_value=-5.62871e-05 -0.00981168 -0.0846019 -0.00873489 0.0309185 0.00112192 0.00664812 0.0395863 0.00564513 8.7822e-05 0.00439452 0.00872879 0.0439218 0.0602982 -0.00120498 -0.00384069 0.00158554 0.0168634 -0.00407002 -0.0104843 0.00720077 -0.00159552 -0.00174778 -0.0595299 -0.0105427 -0.00965302 -0.0299491 -0.00780591 -0.00553507 -0.00683183
internal_weight=30076 3241 46 3195 135 26835 4230 125 4105 22605 5219 3028 126 104 17386 8941 8445 556 8919 3060 2902 2191 6564 51 2355 3009 251 2758 2432 2360
internal_count=30076 3241 46 3195 135 26835 4230 125 4105 22605 5219 3028 126 104 17386 8941 8445 556 8919 3060 2902 2191 6564 51 2355 3009 251 2758 2432 2360
is_linear=0
shrinkage=0.05


Tree=89
num_leaves=31
num_cat=0
split_feature=181 5 68 68 270 119 46 171 79 286 16 89 183 154 10 44 124 50 181 167 298 291 220 18 183 159 67 143 211 241
split_gain=124.794 94.2243 451.637 93.3193 118.825 57.8601 68.333 53.8781 46.8844 46.8656 46.2685 64.8791 68.9747 46.0455 45.8985 45.224 44.9396 70.8357 41.7808 47.5316 40.5461 81.9254 65.7352 47.7218 47.5994 44.199 45.3987 40.8408 56.301 41.7711
threshold=-5.3282430171966544 4.2831807136535653 -2.3578506708145137 -9.3828911781311017 -26.847174644470211 0.40169729292392736 -4.3977506160736075 -9.1925487518310529 -4.3025197982788077 -12.127352714538572 2.3265266418457036 -4.2137789726257315 -7.6570217609405509 1.2352353334426882 6.6533613204956064 -2.503617405891418 -10.439087390899656 -9.1782693862915021 0.27691835165023809 -0.18844256550073621 -10.344181060791014 -7.2801027297973624 -4.2997984886169425 0.94726333022117626 -4.4348862171173087 4.0256776809692392 2.55049741268158 -1.8716293573379514 -3.8448284864425655 0.2920473068952561
decision_type=2 2 2 2 2 2 2 2 2 2 2 2 2 2 2 2 2 2 2 2 2 2 2 2 2 2 2 2 2 2
left_child=1 3 -3 4 -1 7 -7 -2 9 -9 13 12 -12 16 20 -13 -5 -18 19 -11 21 23 -23 -10 25 26 -22 -26 29 -29
right_child=5 2 -4 10 -6 6 -8 8 14 18 11 15 -14 -15 -16 -17 17 -19 -20 -21 24 22 -24 -25 27 -27 -28 28 -30 -31
leaf_value=0.14593271255493165 0.074707823916105559 -0.25900304097682242 0.057036801628195327 -0.02983517796521026 0.012751313552115728 -0.038795570647993757 0.0061030759207394182 -0.057338654055543573 0.018959101630469502 0.015847976306545501 -0.032563793899551517 0.021399673927914014 -0.1499253823643639 -0.068702431581914428 -0.074561090625467757 -0.031033679075036315 0.079880448182423916 -0.006423884595223652 0.068421493924023316 -0.04190310662563302 -0.0066920398487209602 0.14475354804169566 0.023621283068011204 -0.034737995101345912 0.0027802774428457426 -0.069123948415120443 -0.066842050570994613 -0.012921239783461675 -0.0010469136341083368 -0.084378331615811306
leaf_weight=20 24 20 26 207 103 86 5798 23 177 571 31 55 21 31 21 163 24 2540 35 38 1593 21 24 54 7262 30 32 783 10242 21
leaf_count=20 24 20 26 207 103 86 5798 23 177 571 31 55 21 31 21 163 24 2540 35 38 1593 21 24 54 7262 30 32 783 10242 21
internal_value=-5.34727e-05 -0.0093211 -0.0803718 -0.00829814 0.0344068 0.00106583 0.00544684 -0.000164564 -0.000250431 0.0127929 -0.010008 -0.0297756 -0.0799598 -0.00810321 -0.000679843 -0.0178051 -0.00742527 -0.00561604 0.0152976 0.0122445 -0.000603183 0.0184299 0.0801497 0.00640653 -0.000866326 -0.00898676 -0.00787653 -0.000132259 -0.00204705 -0.0147877
internal_weight=30076 3241 46 3195 123 26835 5884 20951 20927 667 3072 270 52 2802 20260 218 2771 2564 644 609 20239 276 45 231 19963 1655 1625 18308 11046 804
internal_count=30076 3241 46 3195 123 26835 5884 20951 20927 667 3072 270 52 2802 20260 218 2771 2564 644 609 20239 276 45 231 19963 1655 1625 18308 11046 804
is_linear=0
shrinkage=0.05


Tree=90
num_leaves=31
num_cat=0
split_feature=273 152 282 288 261 219 132 19 258 66 7 294 19 215 186 104 104 57 10 18 263 203 184 112 7 40 299 280 15 287
split_gain=110.314 75.6108 71.2162 68.2784 79.1303 66.2242 71.1617 53.814 244.753 194.415 621.181 61.0464 53.6149 59.9121 69.7189 77.9853 51.5907 51.0127 49.0124 47.3492 63.2221 47.1363 45.5636 44.6933 53.7729 50.3511 44.9034 53.2194 44.5683 55.5694
threshold=-4.0657761096954337 -6.2701375484466544 -9.0226273536682111 4.125218629837037 -1.5695154666900633 -0.65299925208091725 -3.7238464355468746 -4.9702308177947989 -24.390618324279782 -9.4834775924682599 1.0472269058227541 0.85035979747772228 -0.34315593540668482 3.4927303791046147 -0.73383718729019154 4.288311481475831 -2.9596273899078365 -9.3845095634460431 1.0859476923942568 -2.7981863021850581 -4.8132610321044913 -2.252917885780334 0.50861111283302318 -0.5587254762649535 0.31452941894531256 0.56947711110115062 -1.0000000180025095e-35 10.562519550323488 4.3520243167877206 -18.830647468566891
decision_type=2 2 2 2 2 2 2 2 2 2 2 2 2 2 2 2 2 2 2 2 2 2 2 2 2 2 2 2 2 2
left_child=5 16 -3 12 22 7 -7 8 -1 10 17 28 -4 14 15 19 -2 -9 -16 20 -14 -15 -5 -6 -25 -26 -27 -28 29 -11
right_child=1 2 3 4 23 6 -8 9 -10 11 -12 -13 13 21 18 -17 -18 -19 -20 -21 -22 -23 -24 24 25 26 27 -29 -30 -31
leaf_value=0.182280513218471 0.073749714410390521 0.068555391523987055 0.0042070976476809132 -0.0080084291173190599 0.05156229123724311 0.087587524906677372 0.010216300921925044 0.060192821336829141 0.00079285135920743779 -0.022047584464030011 -0.32423374275211247 0.063866347860312089 -0.11032464633817259 -0.074101733709826617 0.0020913796168142164 -0.062095685941832401 0.0099644093760148152 -0.041139587797914393 0.015448667088506418 -0.0023502629817616204 -0.014427237377008973 -0.012754536115753105 -0.09593355577924978 0.0035831382806727034 -0.0017503994571812015 0.10318933480978013 0.024406543439705469 0.092361623590642761 0.036918416811573894 -0.0046394842620922881
leaf_weight=21 61 40 8185 41 89 34 236 23 161 486 20 32 23 33 3233 56 66 27 872 6591 68 612 23 501 102 25 227 33 62 8081
leaf_count=21 61 40 8185 41 89 34 236 23 161 486 20 32 23 33 3233 56 66 27 872 6591 68 612 23 501 102 25 227 33 62 8081
internal_value=0.000130621 0.00213915 0.00190379 0.00177508 0.0142544 -0.00443652 0.0199593 -0.00517554 0.0217337 -0.00573647 -0.0887287 -0.00506571 0.00111473 -0.00108852 -0.000207857 -0.00333726 0.0406014 0.00547332 0.00492879 -0.00284482 -0.038665 -0.0158932 -0.0396065 0.0177826 0.014397 0.0283964 0.0391858 0.0330316 -0.00532134 -0.00562703
internal_weight=30064 20881 20754 20714 1041 9183 270 8913 182 8731 70 8661 19673 11488 10843 6738 127 50 4105 6682 91 645 64 977 888 387 285 260 8629 8567
internal_count=30064 20881 20754 20714 1041 9183 270 8913 182 8731 70 8661 19673 11488 10843 6738 127 50 4105 6682 91 645 64 977 888 387 285 260 8629 8567
is_linear=0
shrinkage=0.05


Tree=91
num_leaves=31
num_cat=0
split_feature=256 86 9 15 127 5 263 56 30 59 287 114 270 111 132 149 231 228 137 183 85 125 235 266 69 154 127 77 210 11
split_gain=102.527 76.6696 81.7665 148.557 126.132 968.956 175.044 99.8545 155.818 76.4136 71.1292 62.7385 53.9272 53.3931 51.9068 47.0983 46.781 44.3251 43.5172 52.4057 43.4354 42.0621 41.6268 41.2745 59.3064 48.3129 46.8222 52.3793 46.2411 45.0019
threshold=-3.492581725120544 2.4822969436645512 -7.0902607440948477 -1.2456220984458921 -13.75740337371826 1.6879487037658694 -25.146682739257809 -9.1355042457580549 -9.3843035697936994 -2.6489111185073848 -18.830647468566891 0.82365176081657421 -6.8433899879455558 2.9850411415100102 -0.41042506694793696 1.0535408258438113 -10.716374874114988 -8.1163668632507306 -2.7989324331283565 1.7408601045608523 -8.7241435050964338 -3.6051797866821285 0.41568815708160406 -0.096286781132221208 -1.7773768901824949 0.94281041622161876 1.5996791720390322 -0.98109450936317433 -5.2046079635620108 -5.1392879486083975
decision_type=2 2 2 2 2 2 2 2 2 2 2 2 2 2 2 2 2 2 2 2 2 2 2 2 2 2 2 2 2 2
left_child=1 2 3 -1 5 6 -4 8 -6 -3 16 17 15 20 -15 -13 -9 -2 19 22 -12 -20 -14 25 -25 26 29 -28 -27 -22
right_child=11 9 4 -5 7 -7 -8 10 -10 -11 13 12 18 14 -16 -17 -18 -19 21 -21 23 -23 -24 24 -26 28 27 -29 -30 -31
leaf_value=0.15463759472553174 -0.06107124819837767 -0.1130190942149896 0.13809224909002132 0.0010949245048686863 0.17540330886840821 -0.37089721843600276 -0.027160618113259139 -0.019172807829562585 0.0013403297298484379 -0.022102160966740208 0.025114324876478501 0.095868140610400596 0.035376268221831347 -0.091299782072504373 0.0078507596288215041 0.0086648968234658251 -0.093921563232486904 0.00080334883896530376 -0.037642668959769338 0.10839640475809574 -0.052766111029518982 0.0063601721917015894 -0.03515855721735324 -0.01926165998780302 0.044349212672139676 -0.094034527106718585 0.078466421798677063 0.005094186652084472 -0.018113965093104849 -0.002635303650483348
leaf_weight=23 29 26 22 50 20 20 59 431 36 208 143 32 107 33 22 30 22 15107 55 20 45 4321 26 56 106 22 37 71 227 8658
leaf_count=23 29 26 22 50 20 20 59 431 36 208 143 32 107 33 22 30 22 15107 55 20 45 4321 26 56 106 22 37 71 227 8658
internal_value=0.00012409 -0.00390957 -0.00325423 0.0494714 -0.00363798 -0.0592316 0.0177229 -0.00307247 0.0635057 -0.032204 -0.0034501 0.00223774 0.0073576 -0.00251944 -0.0516396 0.053673 -0.022803 0.000684799 0.00672356 0.0329351 -0.00223096 0.00580712 0.0215875 -0.00265498 0.0223603 -0.00310228 -0.00248848 0.030231 -0.0248218 -0.00289451
internal_weight=30064 10337 10103 73 10030 101 81 9929 56 234 9873 19727 4591 9420 55 62 453 15136 4529 153 9365 4376 133 9222 162 9060 8811 108 249 8703
internal_count=30064 10337 10103 73 10030 101 81 9929 56 234 9873 19727 4591 9420 55 62 453 15136 4529 153 9365 4376 133 9222 162 9060 8811 108 249 8703
is_linear=0
shrinkage=0.05


Tree=92
num_leaves=31
num_cat=0
split_feature=191 3 0 80 299 189 179 198 287 10 269 14 44 35 120 299 15 86 26 55 261 298 187 232 226 223 42 152 17 103
split_gain=94.903 137.185 543.304 145.111 254.762 60.3493 58.4023 50.6146 50.2793 49.2665 49.6134 49.0497 47.7381 125.706 46.9464 47.861 44.5084 40.5626 40.4222 50.6606 45.3071 55.6181 42.0529 43.0767 43.9251 64.629 39.4113 45.1511 46.8221 42.8836
threshold=-5.1891484260559073 4.3405346870422372 3.6276496648788457 -10.446196079254149 -31.38612079620361 2.9598153829574589 -6.1732609272003165 -8.6076331138610822 -9.0514535903930646 -3.2131005525588985 0.99619826674461376 5.4243910312652597 1.1604341268539431 -2.3985013961791988 1.1434190869331362 -1.9070837497711179 -4.5539116859436026 3.163226962089539 4.0651798248291025 -3.2432229518890376 3.0072419643402104 -0.86564770340919484 -8.1707935333251935 -8.3807387351989728 -7.7680227756500235 -3.4397147893905635 3.5354210138320927 0.36149913072586065 -1.0000000180025095e-35 -0.50476330518722523
decision_type=2 2 2 2 2 2 2 2 2 2 2 2 2 2 2 2 2 2 2 2 2 2 2 2 2 2 2 2 2 2
left_child=1 3 -3 4 -1 6 -2 -8 -9 -5 16 18 -7 -14 -15 -16 -11 26 20 -20 22 -22 -10 -24 25 -25 27 -18 -29 -30
right_child=5 2 -4 9 -6 12 7 8 11 10 -12 -13 13 14 15 -17 17 -19 19 -21 21 -23 23 24 -26 -27 -28 28 29 -31
leaf_value=0.18383122196903937 0.023620583610101178 0.050938204356602262 -0.29026896476745606 -0.024616259724205856 0.0070189694324171688 0.0024793264060986764 0.067638816205518579 -0.018691105257905474 0.06533871354162693 0.044189896555834045 0.072649041861295713 0.06250397944822908 0.12322639919817449 0.044794663731008766 -0.06649178421124817 0.013104584499929859 -0.0062253680507107821 -0.064886227448781336 -0.089234193272533874 -0.0099794165315953177 0.062655352626249869 0.009713017533987893 -0.042580771694313096 0.012012410228924146 0.00043324582380661788 0.11517865259200336 0.036282746297008589 -0.0030403755605220798 -0.13330621447414159 -0.033197742506213816
leaf_weight=27 275 28 20 392 83 528 28 341 25 43 20 32 30 120 20 339 3054 30 21 506 55 506 58 63 23267 20 53 37 20 23
leaf_count=27 275 28 20 392 83 528 28 341 25 43 20 32 30 120 20 339 3054 30 21 506 55 506 58 63 23267 20 53 37 20 23
internal_value=0.000117885 -0.00723435 -0.0912314 -0.00616828 0.0504183 0.00119127 0.000704759 0.000451896 0.000376326 -0.00786342 -0.00586125 0.000641141 0.0130124 0.0239386 0.0177202 0.00867025 -0.00634291 -0.00701835 0.000560409 -0.0131376 0.000861269 0.0149034 0.000525091 0.00045587 0.00056277 0.0368717 -0.00647363 -0.00719669 -0.0442771 -0.0797598
internal_weight=30064 3830 48 3782 110 26234 25197 24922 24894 3672 3280 24553 1037 509 479 359 3260 3217 24521 527 23994 561 23433 23408 23350 83 3187 3134 80 43
internal_count=30064 3830 48 3782 110 26234 25197 24922 24894 3672 3280 24553 1037 509 479 359 3260 3217 24521 527 23994 561 23433 23408 23350 83 3187 3134 80 43
is_linear=0
shrinkage=0.05


Tree=93
num_leaves=31
num_cat=0
split_feature=183 289 298 249 46 102 261 256 5 68 77 101 299 59 287 18 182 116 4 72 298 299 142 201 21 145 193 28 299 209
split_gain=88.3401 60.5733 55.4546 64.3519 53.8173 53.4958 51.2958 66.48 49.7734 515.99 162.268 130.854 115.18 273.906 49.4022 48.9379 47.4761 60.4211 46.4479 45.155 44.0474 69.2865 59.1526 45.6059 52.228 43.8322 44.7263 43.6587 41.689 42.6908
threshold=-3.5444117784500118 3.0698558092117314 3.4188904762268071 4.5122852325439462 2.3287254571914677 2.287833690643311 -1.662109315395355 0.042000237852334983 4.2831807136535653 -4.1969466209411612 -0.78787723183631886 -13.402985095977781 -31.38612079620361 -9.4321961402893049 -18.830647468566891 2.068112969398499 -5.4708316326141349 -1.0793870687484739 3.0645633935928349 -1.9007047414779661 -8.213160037994383 -6.3761887550353995 -5.1877310276031485 -5.2370488643646231 -5.2005603313446036 -6.1278517246246329 -6.6935217380523673 -2.6595865488052364 -2.9231373071670528 -1.9327124357223509
decision_type=2 2 2 2 2 2 2 2 2 2 2 2 2 2 2 2 2 2 2 2 2 2 2 2 2 2 2 2 2 2
left_child=8 2 3 16 -5 -4 7 -3 11 -10 -11 12 13 -1 18 -16 17 25 -13 -8 21 22 -18 -22 -25 -2 -27 -26 -21 -30
right_child=1 6 5 4 -6 -7 19 -9 9 10 -12 14 -14 -15 15 -17 20 -19 -20 28 23 -23 -24 24 27 26 -28 -29 29 -31
leaf_value=0.24876165390014648 -0.077977428082376732 0.0087311837330179397 -0.0054715973740680213 0.017763893582285886 0.094972123956728383 -0.044055264554624489 0.050508193323364509 -0.080846065112992249 -0.26367242325097323 0.12047512316041523 -0.045963997137732804 -0.026002478768962518 0.0099359875294699612 -0.009784371512276787 -0.0027822944319138149 -0.01892608822760683 0.067874067155427709 -0.08276720320185027 0.034011025769369943 0.071604613879961629 -0.013829922818913763 0.10439216108484702 0.0052826517752844922 0.049164455736938284 0.0095127987105068073 0.059868762283944166 -0.014869707917002426 0.00056264551511826777 -0.049015249609947208 0.011281464304120484
leaf_weight=20 20 53 307 83 31 127 77 34 20 27 32 409 67 21 6039 509 43 36 35 28 506 22 309 57 1473 26 87 18170 30 1366
leaf_count=20 20 53 307 83 31 127 77 34 20 27 32 409 67 21 6039 509 43 36 35 28 506 22 309 57 1473 26 87 18170 30 1366
internal_value=0.000111991 0.00163003 0.0009276 0.00129559 0.0387591 -0.0167622 0.0110504 -0.026276 -0.00472716 -0.0441958 0.0302031 -0.004288 0.0503284 0.116336 -0.00513162 -0.00403721 0.00108976 -0.0253032 -0.0212717 0.0132139 0.00130649 0.018309 0.0129288 0.000991787 0.00137249 -0.00974906 0.00232675 0.0012338 0.0111973 0.00998569
internal_weight=30064 22885 21297 20863 114 434 1588 87 7179 79 59 7100 108 41 6992 6548 20749 169 444 1501 20580 374 352 20206 19700 133 113 19643 1424 1396
internal_count=30064 22885 21297 20863 114 434 1588 87 7179 79 59 7100 108 41 6992 6548 20749 169 444 1501 20580 374 352 20206 19700 133 113 19643 1424 1396
is_linear=0
shrinkage=0.05


Tree=94
num_leaves=31
num_cat=0
split_feature=120 3 115 227 60 1 188 11 287 261 283 80 149 187 298 70 105 5 298 281 298 282 129 284 16 219 88 166 208 181
split_gain=84.2953 131.16 432.995 127.32 338.895 59.0467 65.1463 58.5895 55.5908 67.579 52.7417 45.6261 67.1339 50.0469 60.1579 48.5485 51.9941 43.5891 57.8896 49.1481 43.3288 43.2218 43.1028 48.6273 42.796 42.6628 54.7461 45.4889 45.0083 48.4313
threshold=-2.9115090370178218 4.3405346870422372 -6.4912743568420401 -23.065882682800289 -9.5113725662231428 0.40354309976100927 -9.7217087745666486 4.8312940597534189 2.7638430595397954 -2.5201972723007198 -20.272647857666012 -4.2396321296691886 -10.070899963378904 -0.77984315156936634 1.1051061153411867 2.089037418365479 -0.25713309645652765 -0.93049016594886769 -0.58767813444137562 10.913697719573976 5.2783050537109384 1.1066994071006777 -0.28865687549114222 -4.8562979698181143 0.035624356940388686 -0.68799692392349232 -4.0352864265441886 -4.6143429279327384 2.8661233186721806 0.82517442107200634
decision_type=2 2 2 2 2 2 2 2 2 2 2 2 2 2 2 2 2 2 2 2 2 2 2 2 2 2 2 2 2 2
left_child=1 3 -3 4 -1 25 -7 10 20 -10 -5 -12 -13 14 15 16 -14 -11 -19 -20 -8 -18 23 -15 -16 28 -27 -28 29 -2
right_child=5 2 -4 7 -6 6 8 -9 9 17 11 12 13 22 24 -17 21 18 19 -21 -22 -23 -24 -25 -26 26 27 -29 -30 -31
leaf_value=0.23060022989908854 -0.0017657041391313565 -0.26475124258548022 0.042195849203401144 -0.025293983028907525 -0.0043646176656087247 0.08870400047820548 0.0035414399262973344 -0.069908648899623324 -0.0629198336005211 -0.0038025689135481426 0.0039061017561287624 -0.062470828741788866 -0.0055603435440684679 -0.032028722058599572 -0.015383185854270346 0.04149065696139017 -0.030654387466614259 0.080884953863594844 0.0185868472805991 0.089195227852234479 -0.046210419589822943 0.027690685135977611 -0.020021846531389477 0.027784513800658963 -0.11517272760922259 0.044963108603056377 0.06389446732898553 0.0021512161086985854 0.057726067593020784 -0.017129433380086559
leaf_weight=21 9268 20 27 304 57 23 8094 35 25 143 1396 53 3176 39 21 51 341 46 473 26 44 35 86 264 22 77 30 5293 31 543
leaf_count=21 9268 20 27 304 57 23 8094 35 25 143 1396 53 3176 39 21 51 341 46 473 26 44 35 86 264 22 77 30 5293 31 543
internal_value=0.000106391 -0.00522469 -0.0884199 -0.00456206 0.0588951 0.00142126 0.00466373 -0.00541208 0.00444535 0.0178325 -0.00502207 -0.00389832 -0.00656343 -0.00582908 -0.00764796 -0.00694632 -0.00764179 0.0207669 0.0272135 0.0222658 0.00327244 -0.0252233 0.0112188 0.0200858 -0.0664383 -0.000466536 0.0031047 0.0024992 -0.00242596 -0.00261603
internal_weight=30064 5948 47 5901 78 24116 8874 5823 8851 713 5788 5484 4088 4035 3646 3603 3552 688 545 499 8138 376 389 303 43 15242 5400 5323 9842 9811
internal_count=30064 5948 47 5901 78 24116 8874 5823 8851 713 5788 5484 4088 4035 3646 3603 3552 688 545 499 8138 376 389 303 43 15242 5400 5323 9842 9811
is_linear=0
shrinkage=0.05


Tree=95
num_leaves=31
num_cat=0
split_feature=25 296 27 48 284 122 297 298 232 122 148 49 134 61 242 128 143 125 296 4 44 290 117 10 290 34 293 35 290 112
split_gain=268.562 1285.6 103.176 201.255 93.2904 59.3451 85.5955 69.6774 57.9801 59.0821 51.2644 53.3416 46.1702 44.616 53.5566 44.4442 44.8887 46.5054 51.9432 43.8424 43.696 74.8454 55.0597 92.3946 43.8807 43.7279 70.5794 51.4599 43.5182 55.1785
threshold=-7.9597153663635245 -31.423370361328121 -8.2113165855407697 -9.2859082221984846 -6.1658923625946036 -0.46633988618850702 -9.6237745285034162 0.44666665792465216 0.4013670682907105 -4.9915688037872306 -2.6019281148910518 -0.23651318997144696 -2.0221118927001949 -3.770504236221313 -1.7621309161186216 3.5698841810226445 -5.4966666698455802 -3.6051797866821285 0.22045019268989566 1.9942540526390078 -9.7318873405456525 -31.040042877197262 -13.599411964416502 -0.23932610452175138 -25.549551963806149 -1.4132947921752927 -1.6565635800361631 -4.7836151123046866 4.1109325885772714 -0.1820433437824249
decision_type=2 2 2 2 2 2 2 2 2 2 2 2 2 2 2 2 2 2 2 2 2 2 2 2 2 2 2 2 2 2
left_child=1 -1 3 -2 20 7 -7 8 10 -10 11 -6 13 -8 -15 16 -9 18 -18 -5 21 -4 23 -22 -24 26 -26 -27 -14 -30
right_child=2 -3 4 19 5 6 12 15 9 -11 -12 -13 28 14 -16 -17 17 -19 -20 -21 22 -23 24 -25 25 27 -28 -29 29 -31
leaf_value=-0.4300428481329055 0.18604294170032851 0.0044205050998263893 -0.12742383956909181 -0.042563889101147653 0.0015208219024792852 0.10284967422485353 0.073013634955690757 0.054838047921657564 0.098025514259934429 0.01104115710785503 -0.0025744317866071248 0.016397923253611668 0.0016986408183101425 -0.0014181523491349941 0.02165401129861225 0.060430129652931576 -0.11593498360041693 -0.01198826593740257 -0.021635172250680627 0.055433927919893038 -0.015121562760924141 -0.011175164116753473 -0.037045616069726187 0.11268796614872723 -0.0021177832103080039 -0.070839787721633907 0.066531398637514366 -0.009725001968641768 0.055233230834750284 0.0097360189195746707
leaf_weight=21 22 90 20 25 3428 22 31 24 20 816 9019 731 7667 428 610 21 23 1198 40 21 31 45 113 26 2545 35 38 2169 73 765
leaf_count=21 22 90 20 25 3428 22 31 24 20 816 9019 731 7667 428 610 21 23 1198 40 21 31 45 113 26 2545 35 38 2169 73 765
internal_value=-0.000145316 -0.0777753 0.000141857 0.0616612 2.12492e-06 0.0012552 0.00433844 -0.000676054 0.000353329 0.0131221 -0.000456711 0.00413567 0.00411207 0.0139059 0.0121406 -0.0117218 -0.012901 -0.0141902 -0.0560621 0.00217424 -0.00621483 -0.046944 -0.00568076 0.0431775 -0.00624911 -0.00552214 -0.00110785 -0.0106955 0.00288108 0.0136994
internal_weight=30117 111 30006 68 29938 24916 9596 15320 14014 836 13178 4159 9574 1069 1038 1306 1285 1261 63 46 5022 65 4957 57 4900 4787 2583 2204 8505 838
internal_count=30117 111 30006 68 29938 24916 9596 15320 14014 836 13178 4159 9574 1069 1038 1306 1285 1261 63 46 5022 65 4957 57 4900 4787 2583 2204 8505 838
is_linear=0
shrinkage=0.05


Tree=96
num_leaves=31
num_cat=0
split_feature=25 245 27 255 121 279 114 109 44 8 8 3 219 257 10 105 62 47 38 166 55 94 1 111 134 284 81 67 165 21
split_gain=242.377 1104.06 93.1161 181.824 87.5284 66.1873 67.3614 64.937 58.8653 91.5248 53.5083 96.1826 70.6227 64.4815 59.2634 58.6464 57.6395 56.8671 51.0169 49.7188 49.3368 47.3778 44.9189 68.8412 43.3854 54.44 45.6457 41.731 41.4992 41.2682
threshold=-7.9597153663635245 -23.675622940063473 -8.2113165855407697 -23.829999923706051 -2.0244474411010738 5.3746204376220712 1.947100877761841 -6.77083396911621 -9.7318873405456525 0.81083509325981151 0.022784325294196609 -3.2086812257766719 -22.0181131362915 -15.215098381042479 -2.6262316703796382 -3.3243137598037715 0.12230985984206201 3.5702353715896611 2.001659750938416 0.82729732990264904 0.85554784536361705 -1.8461764454841612 0.31510104238986975 -5.578962802886962 -2.0038670301437373 3.3229367733001713 -4.6920788288116446 2.1098159551620488 -5.0072548389434806 0.28479708731174475
decision_type=2 2 2 2 2 2 2 2 2 2 2 2 2 2 2 2 2 2 2 2 2 2 2 2 2 2 2 2 2 2
left_child=1 -1 3 -2 5 6 8 -6 9 -4 12 21 -10 15 16 -14 -13 -15 20 -20 27 -12 28 -24 -25 26 -26 -16 -9 -28
right_child=2 -3 4 -5 7 -7 -8 22 10 -11 11 14 13 17 18 -17 -18 -19 19 -21 -22 -23 23 24 25 -27 29 -29 -30 -31
leaf_value=-0.41025100708007811 0.18524026870727539 3.9773458962912089e-05 0.002104777271548907 0.005802249908447266 0.09194074288010598 -0.072503820828029086 0.035831474895789243 -0.020575408292285428 0.087256934642791759 -0.12889482052996756 0.099985016552465306 -0.012649686651036308 -0.021796444196922657 -0.0052727008071214582 0.0028772317049913787 -0.097335871894444745 -0.077661732784830614 -0.076700653880834579 -0.026871911828509638 0.048834592313505711 0.029067760582446409 0.019355727369455913 -0.07362837493419648 0.011865420551571387 0.076869830470532183 0.016692667548041249 0.0045004430362658998 -0.064769769881082614 0.0002602352498138469 -0.0042148282513602099
leaf_weight=20 20 91 30 48 20 35 107 244 20 24 35 271 312 5795 2599 28 39 28 225 24 184 38 28 1759 20 653 3590 23 11622 2185
leaf_count=20 20 91 30 48 20 35 107 244 20 24 35 271 312 5795 2599 28 39 28 225 24 184 38 28 1759 20 653 3590 23 11622 2185
internal_value=-0.00013805 -0.0738865 0.000134765 0.0585781 2.01863e-06 -0.00386849 -0.00362292 0.00189044 -0.00405926 -0.0561173 -0.00376707 0.00123347 -0.00654758 -0.00685199 1.68375e-06 -0.0280173 -0.0208286 -0.00561616 0.0021154 -0.0195749 0.00404016 0.0580136 0.00180084 0.00463808 0.0049051 0.00300634 0.00146412 0.00228384 -0.000168207 0.00120298
internal_weight=30117 111 30006 68 29938 9817 9782 20121 9675 54 9621 3438 6183 6163 3365 340 310 5823 3055 249 2806 73 20101 8235 8207 6448 5795 2622 11866 5775
internal_count=30117 111 30006 68 29938 9817 9782 20121 9675 54 9621 3438 6183 6163 3365 340 310 5823 3055 249 2806 73 20101 8235 8207 6448 5795 2622 11866 5775
is_linear=0
shrinkage=0.05


Tree=97
num_leaves=31
num_cat=0
split_feature=132 4 274 293 298 108 222 53 6 123 283 10 295 19 144 295 144 293 50 86 136 225 126 5 189 58 138 218 12 22
split_gain=193.99 1289.32 185.167 72.5291 127.443 65.4348 74.2842 65.2391 92.0376 62.7969 58.3215 51.653 58.5267 53.5856 45.3068 45.9663 44.8772 54.4136 43.3231 43.0285 86.7456 66.9978 47.0496 44.6241 42.5015 42.465 41.8276 41.2619 39.631 39.586
threshold=-13.614973545074461 1.9120785593986513 -28.463851928710934 -3.3037545680999751 -5.1234641075134268 2.5730196237564091 -3.5873070955276485 -9.908411502838133 2.0999412536621098 -6.3950979709625235 -9.5853013992309553 0.67343139648437511 7.7818825244903573 -0.20977591723203656 -2.8453325033187862 -4.8744115829467765 -3.8607844114303584 -1.9550761580467222 5.4576539993286142 4.2568235397338876 -1.014911353588104 2.4895848035812382 4.7110416889190683 -1.942683160305023 4.6761274337768564 4.874117612838746 0.11909154802560808 0.77109763026237499 -5.4065523147582999 2.080714344978333
decision_type=2 2 2 2 2 2 2 2 2 2 2 2 2 2 2 2 2 2 2 2 2 2 2 2 2 2 2 2 2 2
left_child=1 2 -1 7 5 6 16 8 -2 -6 -11 12 13 14 -12 -16 17 -5 24 21 -21 22 -13 -22 28 -17 -23 -25 -15 -14
right_child=3 -3 -4 4 9 -7 -8 -9 -10 10 11 19 29 18 15 25 -18 -19 -20 20 23 26 -24 27 -26 -27 -28 -29 -30 -31
leaf_value=0.14504121633676381 0.0065670226895531945 -0.35281196863486852 -0.015973925642799914 0.043781619175122334 -0.060395167440902897 0.11664009593427181 0.0082280682625023877 -0.0032355243183753743 0.13639664828777315 0.086890197340399031 0.012614069613171559 0.0058507327698258333 0.062935335005893087 0.0667431253194809 -0.061653785536001475 0.001742391943226232 0.034143185430894729 0.15199385604688101 -0.060541050181244366 -0.11196063812822105 -0.060560362460091714 0.047246618248108364 -0.042070167683638061 -0.049111767038702965 0.033348481847515592 -0.069497626807008481 0.015625204535991113 0.0088671367675305368 -0.0037440692035777207 -0.0088758448937109533
leaf_weight=26 43 29 57 26 41 20 273 11637 20 20 1020 3418 61 20 29 5366 115 21 33 20 32 144 52 35 79 21 382 249 6800 28
leaf_count=26 43 29 57 26 41 20 273 11637 20 20 1020 3418 61 20 29 5366 115 21 33 20 32 144 52 35 79 21 382 249 6800 28
internal_value=-0.000131148 -0.0658124 0.0344646 0.000114022 0.00207936 0.0282104 0.0241446 -0.00296081 0.0477828 0.00141328 0.00155557 0.00145963 -6.90336e-05 -0.000338085 0.00294727 0.00112671 0.050967 0.0921318 -0.00338836 0.0062083 -0.0109766 0.00765328 0.00513261 -0.00458521 -0.00311498 0.00146468 0.024282 0.00172185 -0.00353736 0.0403431
internal_weight=30117 112 83 30005 18305 455 435 11700 63 17850 17809 17789 13457 13368 6436 5416 162 47 6932 4332 336 3996 3470 316 6899 5387 526 284 6820 89
internal_count=30117 112 83 30005 18305 455 435 11700 63 17850 17809 17789 13457 13368 6436 5416 162 47 6932 4332 336 3996 3470 316 6899 5387 526 284 6820 89
is_linear=0
shrinkage=0.05


Tree=98
num_leaves=31
num_cat=0
split_feature=25 296 27 48 288 40 9 39 100 131 35 216 211 76 133 266 145 187 9 58 38 14 189 3 43 3 41 194 192 80
split_gain=210.049 1047.73 81.4217 169.92 75.9611 48.4205 52.372 47.0947 46.5398 60.6993 59.4492 54.5336 53.4358 67.8075 49.2813 46.8376 46.914 56.6082 49.1297 48.6785 46.1496 70.3778 95.2943 54.8936 45.9187 45.671 41.3356 40.0504 46.0724 39.8633
threshold=-7.9597153663635245 -31.423370361328121 -8.2113165855407697 -9.2859082221984846 -3.5194678306579585 2.731067538261414 -2.8617428541183467 2.7819820642471318 -2.1612604856491084 0.054117683321237571 1.7975163459777834 -2.5292156934738155 -4.424304485321044 0.95606568455696117 -5.0057513713836661 -6.1024289131164542 0.57002192735672008 1.4563975334167483 2.1924999952316289 1.0823447704315188 -8.0723342895507795 -2.3389352560043331 -16.036421775817868 2.050241351127625 1.8095579147338869 3.2520478963851933 4.2389354705810556 -1.2120081186294553 -2.0529248714447017 -0.8909313678741454
decision_type=2 2 2 2 2 2 2 2 2 2 2 2 2 2 2 2 2 2 2 2 2 2 2 2 2 2 2 2 2 2
left_child=1 -1 3 -2 5 20 7 -7 10 11 27 14 13 -13 -10 -11 17 -17 -19 -20 21 -4 -23 26 -25 -16 -22 29 -29 -6
right_child=2 -3 4 -5 8 6 -8 -9 9 15 -12 12 -14 -15 25 16 -18 18 19 -21 23 22 -24 24 -26 -27 -28 28 -30 -31
leaf_value=-0.38679115658714658 0.16906883933327416 0.005424101087782119 0.055902529340237386 0.00011974832286005436 0.0054941365123322775 -0.021218473198158401 -0.01452583841254447 -0.12711006459735691 -0.035969573367333071 -0.069387588933819827 0.039947295884656557 -0.017503226184011771 -0.0025011053539903353 -0.10593436133737366 0.0062178488712487726 0.0070688477912501189 0.0015167760459310192 0.019056918284204125 0.10149507027119398 0.024424084595271522 -0.0034948409290077838 -0.14219871021452404 -0.02513749492861847 0.014537903884369317 -0.03611318509404858 0.078630809621377432 0.056288715066580945 -0.021841883554290505 0.0041794054699018238 0.021130729538191884
leaf_weight=21 22 90 20 46 1412 21 298 21 69 21 136 224 8143 24 2124 1811 3175 353 40 42 9693 21 101 660 48 22 29 234 623 573
leaf_count=21 22 90 20 46 1412 21 298 21 69 21 136 224 8143 24 2124 1811 3175 353 40 42 9693 21 101 660 48 22 29 234 623 573
internal_value=-0.00012459 -0.0687788 0.00012938 0.0547797 5.24882e-06 -0.00332039 -0.0218929 -0.0741643 0.00191261 0.000847336 0.0076532 -0.00135536 -0.00319743 -0.0260611 0.00562288 0.00514021 0.00542892 0.0109592 0.0271556 0.0620197 -0.00272309 -0.0310353 -0.0452874 -0.00233764 0.0111039 0.0069602 -0.00331651 0.00610781 -0.00292559 0.0100079
internal_weight=30117 111 30006 68 29938 10912 340 42 19026 16048 2978 10606 8391 248 2215 5442 5421 2246 435 82 10572 142 122 10430 708 2146 9722 2842 857 1985
internal_count=30117 111 30006 68 29938 10912 340 42 19026 16048 2978 10606 8391 248 2215 5442 5421 2246 435 82 10572 142 122 10430 708 2146 9722 2842 857 1985
is_linear=0
shrinkage=0.05


Tree=99
num_leaves=31
num_cat=0
split_feature=25 296 68 248 288 5 63 118 298 239 46 190 277 22 89 138 64 162 10 135 53 8 95 144 148 23 28 66 213 25
split_gain=189.569 945.573 68.4454 141.105 74.1892 47.5703 54.6748 58.3467 59.9428 89.2552 55.3043 52.0059 49.7924 49.759 50.199 49.3253 48.0189 47.7391 46.4578 57.858 58.8646 52.7317 72.642 66.7145 92.8574 62.7983 45.6295 48.9097 50.32 44.5908
threshold=-7.9597153663635245 -31.423370361328121 -9.3828911781311017 -23.459822654724118 -4.8235688209533683 0.41943752765655523 3.5297124385833745 2.5715032815933232 0.44666665792465216 3.0711197853088383 -0.43764705955982203 -1.3662641644477842 10.421205520629885 0.11774801835417749 3.364729762077332 3.699916005134583 -0.42229208350181574 -2.331568598747253 -3.2131005525588985 -14.088815212249754 -9.908411502838133 0.080984950065612807 0.085594460368156447 -5.6214053630828849 -5.0713596343994132 3.6354051828384404 5.1623327732086191 -0.30700978636741633 -2.6016077995300289 -2.2383852005004878
decision_type=2 2 2 2 2 2 2 2 2 2 2 2 2 2 2 2 2 2 2 2 2 2 2 2 2 2 2 2 2 2
left_child=1 -1 3 -2 18 6 7 8 9 11 -8 -6 -7 14 29 -12 -11 -13 -4 -20 -21 22 25 -24 -25 -22 27 28 -10 -9
right_child=2 -3 4 -5 5 12 10 13 26 16 15 17 -14 -15 -16 -17 -18 -19 19 20 21 -23 23 24 -26 -27 -28 -29 -30 -31
leaf_value=-0.36745158604213168 0.16026613235473633 0.0051528845893012154 -0.019649895437204155 0.011593681045725376 -0.0021052690894400278 0.0042135960133619461 -0.096978926040232186 -0.027807084132324567 0.027366765362967272 0.089329034249697417 0.00021719711891434216 0.017231883804343606 0.060848509959685493 0.0041693065410907393 0.087227708559769856 -0.065782891762884044 0.017133883310153204 0.0026371816057809941 -0.071546789715366974 0.066800421078999847 -0.0040858068496354679 0.0022669753322600316 0.051674245715141301 -0.12782202679663898 -0.026099452524186047 -0.070451643690466886 -0.040656456947326662 -0.00067920997458207884 -0.018622705889556054 0.037592454360339853
leaf_weight=21 20 90 471 79 7084 7932 25 33 64 42 111 657 39 305 39 38 51 3807 31 30 3615 2528 25 24 344 36 100 1510 842 124
leaf_count=21 20 90 471 79 7084 7932 25 33 64 42 111 657 39 305 39 38 51 3807 31 30 3615 2528 25 24 344 36 100 1510 842 124
internal_value=-0.000118361 -0.0653399 0.000122911 0.0416285 -1.44838e-05 0.0013755 -0.000298668 3.20829e-05 -0.000561353 0.000951209 -0.0281616 0.000558311 0.0044907 0.0168011 0.0364577 -0.016615 0.0497381 0.00478519 -0.00447616 -0.0033987 -0.0030787 -0.00339769 -0.00693881 -0.0273641 -0.0327335 -0.00474019 -0.00755966 -0.00618976 -0.015374 0.0238461
internal_weight=30117 111 30006 99 29907 22803 14832 14658 14157 11641 174 11548 7971 501 196 149 93 4464 7104 6633 6602 6572 4044 393 368 3651 2516 2416 906 157
internal_count=30117 111 30006 99 29907 22803 14832 14658 14157 11641 174 11548 7971 501 196 149 93 4464 7104 6633 6602 6572 4044 393 368 3651 2516 2416 906 157
is_linear=0
shrinkage=0.05


end of trees

feature_importances:
Column_299=352
Column_293=93
Column_296=64
Column_183=55
Column_291=49
Column_3=44
Column_298=44
Column_241=34
Column_247=33
Column_288=33
Column_35=31
Column_287=31
Column_292=31
Column_297=31
Column_18=28
Column_232=28
Column_284=28
Column_251=26
Column_10=25
Column_239=24
Column_294=24
Column_189=23
Column_295=23
Column_1=22
Column_249=22
Column_5=21
Column_212=21
Column_242=21
Column_9=20
Column_29=20
Column_57=20
Column_289=20
Column_184=19
Column_282=19
Column_21=18
Column_236=18
Column_0=17
Column_4=17
Column_28=17
Column_160=17
Column_19=16
Column_125=16
Column_133=16
Column_154=16
Column_240=16
Column_257=16
Column_23=15
Column_237=15
Column_290=15
Column_68=14
Column_182=14
Column_190=14
Column_243=14
Column_252=14
Column_285=14
Column_25=13
Column_42=13
Column_170=13
Column_213=13
Column_248=13
Column_283=13
Column_7=12
Column_14=12
Column_24=12
Column_26=12
Column_89=12
Column_105=12
Column_121=12
Column_124=12
Column_165=12
Column_187=12
Column_6=11
Column_8=11
Column_12=11
Column_82=11
Column_86=11
Column_122=11
Column_143=11
Column_258=11
Column_15=10
Column_16=10
Column_44=10
Column_50=10
Column_100=10
Column_245=10
Column_2=9
Column_36=9
Column_39=9
Column_51=9
Column_53=9
Column_60=9
Column_66=9
Column_90=9
Column_97=9
Column_130=9
Column_211=9
Column_220=9
Column_261=9
Column_269=9
Column_281=9
Column_11=8
Column_27=8
Column_32=8
Column_34=8
Column_55=8
Column_59=8
Column_127=8
Column_128=8
Column_131=8
Column_146=8
Column_180=8
Column_219=8
Column_229=8
Column_234=8
Column_246=8
Column_13=7
Column_22=7
Column_41=7
Column_52=7
Column_58=7
Column_65=7
Column_77=7
Column_85=7
Column_104=7
Column_117=7
Column_119=7
Column_132=7
Column_164=7
Column_178=7
Column_185=7
Column_200=7
Column_201=7
Column_230=7
Column_238=7
Column_271=7
Column_277=7
Column_17=6
Column_20=6
Column_30=6
Column_46=6
Column_70=6
Column_80=6
Column_101=6
Column_118=6
Column_179=6
Column_181=6
Column_188=6
Column_255=6
Column_256=6
Column_280=6
Column_33=5
Column_37=5
Column_38=5
Column_47=5
Column_62=5
Column_79=5
Column_84=5
Column_87=5
Column_91=5
Column_92=5
Column_94=5
Column_96=5
Column_102=5
Column_114=5
Column_126=5
Column_136=5
Column_144=5
Column_159=5
Column_175=5
Column_186=5
Column_191=5
Column_197=5
Column_206=5
Column_226=5
Column_227=5
Column_235=5
Column_250=5
Column_253=5
Column_263=5
Column_275=5
Column_286=5
Column_40=4
Column_43=4
Column_45=4
Column_54=4
Column_61=4
Column_63=4
Column_64=4
Column_71=4
Column_81=4
Column_112=4
Column_123=4
Column_138=4
Column_142=4
Column_145=4
Column_151=4
Column_157=4
Column_166=4
Column_174=4
Column_192=4
Column_193=4
Column_204=4
Column_210=4
Column_214=4
Column_215=4
Column_216=4
Column_217=4
Column_244=4
Column_260=4
Column_270=4
Column_276=4
Column_279=4
Column_31=3
Column_48=3
Column_56=3
Column_67=3
Column_69=3
Column_72=3
Column_76=3
Column_95=3
Column_103=3
Column_107=3
Column_109=3
Column_111=3
Column_113=3
Column_115=3
Column_120=3
Column_129=3
Column_135=3
Column_141=3
Column_149=3
Column_152=3
Column_155=3
Column_163=3
Column_168=3
Column_194=3
Column_196=3
Column_202=3
Column_203=3
Column_209=3
Column_224=3
Column_228=3
Column_231=3
Column_254=3
Column_259=3
Column_264=3
Column_278=3
Column_49=2
Column_73=2
Column_74=2
Column_78=2
Column_83=2
Column_88=2
Column_93=2
Column_98=2
Column_99=2
Column_108=2
Column_116=2
Column_134=2
Column_139=2
Column_148=2
Column_153=2
Column_156=2
Column_171=2
Column_172=2
Column_173=2
Column_198=2
Column_205=2
Column_218=2
Column_223=2
Column_225=2
Column_265=2
Column_266=2
Column_267=2
Column_272=2
Column_273=2
Column_75=1
Column_106=1
Column_137=1
Column_140=1
Column_147=1
Column_150=1
Column_158=1
Column_162=1
Column_167=1
Column_195=1
Column_207=1
Column_208=1
Column_221=1
Column_222=1
Column_233=1
Column_262=1
Column_268=1
Column_274=1

parameters:
[boosting: gbdt]
[objective: regression]
[metric: l2]
[tree_learner: serial]
[device_type: gpu]
[data_sample_strategy: bagging]
[data: ]
[valid: ]
[num_iterations: 150]
[learning_rate: 0.05]
[num_leaves: 31]
[num_threads: 0]
[seed: 46]
[deterministic: 0]
[force_col_wise: 1]
[force_row_wise: 0]
[histogram_pool_size: -1]
[max_depth: -1]
[min_data_in_leaf: 20]
[min_sum_hessian_in_leaf: 0.001]
[bagging_fraction: 0.8]
[pos_bagging_fraction: 1]
[neg_bagging_fraction: 1]
[bagging_freq: 5]
[bagging_seed: 10626]
[bagging_by_query: 0]
[feature_fraction: 0.8]
[feature_fraction_bynode: 1]
[feature_fraction_seed: 28005]
[extra_trees: 0]
[extra_seed: 28586]
[early_stopping_round: 0]
[early_stopping_min_delta: 0]
[first_metric_only: 0]
[max_delta_step: 0]
[lambda_l1: 0]
[lambda_l2: 0]
[linear_lambda: 0]
[min_gain_to_split: 0]
[drop_rate: 0.1]
[max_drop: 50]
[skip_drop: 0.5]
[xgboost_dart_mode: 0]
[uniform_drop: 0]
[drop_seed: 23790]
[top_rate: 0.2]
[other_rate: 0.1]
[min_data_per_group: 100]
[max_cat_threshold: 32]
[cat_l2: 10]
[cat_smooth: 10]
[max_cat_to_onehot: 4]
[top_k: 20]
[monotone_constraints: ]
[monotone_constraints_method: basic]
[monotone_penalty: 0]
[feature_contri: ]
[forcedsplits_filename: ]
[refit_decay_rate: 0.9]
[cegb_tradeoff: 1]
[cegb_penalty_split: 0]
[cegb_penalty_feature_lazy: ]
[cegb_penalty_feature_coupled: ]
[path_smooth: 0]
[interaction_constraints: ]
[verbosity: -1]
[saved_feature_importance_type: 0]
[use_quantized_grad: 0]
[num_grad_quant_bins: 4]
[quant_train_renew_leaf: 0]
[stochastic_rounding: 1]
[linear_tree: 0]
[max_bin: 255]
[max_bin_by_feature: ]
[min_data_in_bin: 3]
[bin_construct_sample_cnt: 200000]
[data_random_seed: 188]
[is_enable_sparse: 1]
[enable_bundle: 1]
[use_missing: 1]
[zero_as_missing: 0]
[feature_pre_filter: 1]
[pre_partition: 0]
[two_round: 0]
[header: 0]
[label_column: ]
[weight_column: ]
[group_column: ]
[ignore_column: ]
[categorical_feature: ]
[forcedbins_filename: ]
[precise_float_parser: 0]
[parser_config_file: ]
[objective_seed: 24573]
[num_class: 1]
[is_unbalance: 0]
[scale_pos_weight: 1]
[sigmoid: 1]
[boost_from_average: 1]
[reg_sqrt: 0]
[alpha: 0.9]
[fair_c: 1]
[poisson_max_delta_step: 0.7]
[tweedie_variance_power: 1.5]
[lambdarank_truncation_level: 30]
[lambdarank_norm: 1]
[label_gain: ]
[lambdarank_position_bias_regularization: 0]
[eval_at: ]
[multi_error_top_k: 1]
[auc_mu_weights: ]
[num_machines: 1]
[local_listen_port: 12400]
[time_out: 120]
[machine_list_filename: ]
[machines: ]
[gpu_platform_id: -1]
[gpu_device_id: -1]
[gpu_use_dp: 0]
[num_gpu: 1]

end of parameters

pandas_categorical:null
