tree
version=v4
num_class=1
num_tree_per_iteration=1
label_index=0
max_feature_idx=299
objective=regression
feature_names=Column_0 Column_1 Column_2 Column_3 Column_4 Column_5 Column_6 Column_7 Column_8 Column_9 Column_10 Column_11 Column_12 Column_13 Column_14 Column_15 Column_16 Column_17 Column_18 Column_19 Column_20 Column_21 Column_22 Column_23 Column_24 Column_25 Column_26 Column_27 Column_28 Column_29 Column_30 Column_31 Column_32 Column_33 Column_34 Column_35 Column_36 Column_37 Column_38 Column_39 Column_40 Column_41 Column_42 Column_43 Column_44 Column_45 Column_46 Column_47 Column_48 Column_49 Column_50 Column_51 Column_52 Column_53 Column_54 Column_55 Column_56 Column_57 Column_58 Column_59 Column_60 Column_61 Column_62 Column_63 Column_64 Column_65 Column_66 Column_67 Column_68 Column_69 Column_70 Column_71 Column_72 Column_73 Column_74 Column_75 Column_76 Column_77 Column_78 Column_79 Column_80 Column_81 Column_82 Column_83 Column_84 Column_85 Column_86 Column_87 Column_88 Column_89 Column_90 Column_91 Column_92 Column_93 Column_94 Column_95 Column_96 Column_97 Column_98 Column_99 Column_100 Column_101 Column_102 Column_103 Column_104 Column_105 Column_106 Column_107 Column_108 Column_109 Column_110 Column_111 Column_112 Column_113 Column_114 Column_115 Column_116 Column_117 Column_118 Column_119 Column_120 Column_121 Column_122 Column_123 Column_124 Column_125 Column_126 Column_127 Column_128 Column_129 Column_130 Column_131 Column_132 Column_133 Column_134 Column_135 Column_136 Column_137 Column_138 Column_139 Column_140 Column_141 Column_142 Column_143 Column_144 Column_145 Column_146 Column_147 Column_148 Column_149 Column_150 Column_151 Column_152 Column_153 Column_154 Column_155 Column_156 Column_157 Column_158 Column_159 Column_160 Column_161 Column_162 Column_163 Column_164 Column_165 Column_166 Column_167 Column_168 Column_169 Column_170 Column_171 Column_172 Column_173 Column_174 Column_175 Column_176 Column_177 Column_178 Column_179 Column_180 Column_181 Column_182 Column_183 Column_184 Column_185 Column_186 Column_187 Column_188 Column_189 Column_190 Column_191 Column_192 Column_193 Column_194 Column_195 Column_196 Column_197 Column_198 Column_199 Column_200 Column_201 Column_202 Column_203 Column_204 Column_205 Column_206 Column_207 Column_208 Column_209 Column_210 Column_211 Column_212 Column_213 Column_214 Column_215 Column_216 Column_217 Column_218 Column_219 Column_220 Column_221 Column_222 Column_223 Column_224 Column_225 Column_226 Column_227 Column_228 Column_229 Column_230 Column_231 Column_232 Column_233 Column_234 Column_235 Column_236 Column_237 Column_238 Column_239 Column_240 Column_241 Column_242 Column_243 Column_244 Column_245 Column_246 Column_247 Column_248 Column_249 Column_250 Column_251 Column_252 Column_253 Column_254 Column_255 Column_256 Column_257 Column_258 Column_259 Column_260 Column_261 Column_262 Column_263 Column_264 Column_265 Column_266 Column_267 Column_268 Column_269 Column_270 Column_271 Column_272 Column_273 Column_274 Column_275 Column_276 Column_277 Column_278 Column_279 Column_280 Column_281 Column_282 Column_283 Column_284 Column_285 Column_286 Column_287 Column_288 Column_289 Column_290 Column_291 Column_292 Column_293 Column_294 Column_295 Column_296 Column_297 Column_298 Column_299
feature_infos=[-8.9014081954956055:14.544755935668945] [-8.8414840698242188:13.22370433807373] [-11.254366874694824:14.064877510070801] [-10.471508026123047:13.069670677185059] [-8.8883848190307617:14.38456916809082] [-10.083579063415527:14.140424728393555] [-9.332489013671875:13.425284385681152] [-8.6533899307250977:14.90554141998291] [-11.459527969360352:14.591217994689941] [-12.727910041809082:15.822780609130859] [-12.669048309326172:18.179910659790039] [-12.620176315307617:15.059906959533691] [-9.8468360900878906:13.949849128723145] [-13.517139434814453:13.852706909179688] [-10.200361251831055:11.872478485107422] [-10.023309707641602:12.227174758911133] [-8.9185876846313477:11.887992858886719] [-10.481606483459473:12.175493240356445] [-11.439810752868652:13.106354713439941] [-11.155787467956543:14.220759391784668] [-15.929338455200195:12.103996276855469] [-14.189176559448242:11.2724609375] [-15.854287147521973:11.204543113708496] [-17.838127136230469:13.303997039794922] [-17.991436004638672:14.19263744354248] [-19.872943878173828:14.523588180541992] [-24.262430191040039:14.821253776550293] [-22.536287307739258:16.694927215576172] [-24.004648208618164:14.976142883300781] [-22.4697265625:16.171875] [-26.879329681396484:18.022462844848633] [-30.062265396118164:18.494421005249023] [-30.168994903564453:20.577444076538086] [-30.082992553710938:20.69384765625] [-31.736137390136719:20.282119750976562] [-32.597789764404297:18.882143020629883] [-33.180278778076172:18.838254928588867] [-35.044517517089844:19.259490966796875] [-38.775112152099609:17.904176712036133] [-37.916675567626953:16.630403518676758] [-37.490066528320312:16.491176605224609] [-36.380378723144531:16.534072875976562] [-37.692886352539062:15.650378227233887] [-36.923076629638672:16.006834030151367] [-37.443473815917969:16.66204833984375] [-37.843818664550781:17.713476181030273] [-35.685581207275391:18.299066543579102] [-35.310428619384766:20.264591217041016] [-33.841552734375:18.58143424987793] [-31.391258239746094:21.623754501342773] [-30.247962951660156:22.51927375793457] [-27.47996711730957:24.026664733886719] [-25.468273162841797:24.475749969482422] [-23.442359924316406:26.293441772460938] [-24.110040664672852:25.97563362121582] [-24.497417449951172:28.529800415039062] [-24.308996200561523:30.91552734375] [-23.910678863525391:31.813085556030273] [-24.090179443359375:34.252231597900391] [-23.951389312744141:36.499797821044922] [-23.418794631958008:38.803550720214844] [-24.121881484985352:41.439952850341797] [-23.901256561279297:42.901622772216797] [-23.51085090637207:45.034687042236328] [-22.893730163574219:45.320301055908203] [-23.1126708984375:45.512371063232422] [-24.975025177001953:46.390598297119141] [-24.138576507568359:46.974700927734375] [-24.580137252807617:46.928043365478516] [-24.540403366088867:47.347034454345703] [-24.343818664550781:49.652431488037109] [-24.293193817138672:47.807041168212891] [-25.802181243896484:45.466358184814453] [-27.279916763305664:46.040725708007812] [-27.121250152587891:47.917362213134766] [-26.292486190795898:47.732395172119141] [-27.700754165649414:46.585216522216797] [-28.695228576660156:45.581680297851562] [-28.994733810424805:45.202648162841797] [-30.414848327636719:45.307605743408203] [-32.143711090087891:44.474178314208984] [-30.449817657470703:41.190937042236328] [-32.126449584960938:40.905517578125] [-33.172512054443359:39.306251525878906] [-33.823764801025391:38.295692443847656] [-35.687908172607422:37.106056213378906] [-36.177970886230469:35.279376983642578] [-37.184917449951172:32.764705657958984] [-38.304096221923828:34.146167755126953] [-40.947532653808594:32.617767333984375] [-41.259483337402344:32.607280731201172] [-43.975990295410156:33.0655517578125] [-44.392955780029297:31.358806610107422] [-47.143161773681641:28.14006233215332] [-48.898746490478516:28.59046745300293] [-49.810165405273438:29.005962371826172] [-51.340385437011719:28.326736450195312] [-50.078025817871094:25.379188537597656] [-49.380882263183594:26.703706741333008] [-50.020767211914062:26.864439010620117] [-48.757862091064453:31.497110366821289] [-50.160896301269531:31.835784912109375] [-50.8701171875:30.559459686279297] [-51.664382934570312:31.290796279907227] [-50.467483520507812:32.450733184814453] [-50.009265899658203:33.011192321777344] [-49.300693511962891:32.192817687988281] [-48.971744537353516:33.653396606445312] [-47.705245971679688:36.917274475097656] [-48.484523773193359:37.983440399169922] [-49.203392028808594:38.758987426757812] [-49.653186798095703:40.200794219970703] [-49.240718841552734:40.305980682373047] [-48.786109924316406:42.822498321533203] [-49.180458068847656:43.798778533935547] [-48.404396057128906:45.960548400878906] [-49.273548126220703:45.428279876708984] [-50.641155242919922:47.829998016357422] [-47.355514526367188:49.293441772460938] [-48.260093688964844:50.841541290283203] [-48.639995574951172:51.504959106445312] [-48.9222412109375:52.963775634765625] [-47.797843933105469:54.750244140625] [-48.14105224609375:57.34564208984375] [-50.031192779541016:55.427196502685547] [-49.907543182373047:56.771369934082031] [-49.517490386962891:57.375923156738281] [-50.973789215087891:59.040443420410156] [-50.399127960205078:58.577365875244141] [-51.771766662597656:60.777397155761719] [-52.211341857910156:59.383090972900391] [-51.334117889404297:58.965904235839844] [-53.341842651367188:55.816024780273438] [-53.547183990478516:56.829376220703125] [-54.71630859375:56.104888916015625] [-54.248939514160156:57.069869995117188] [-54.748210906982422:55.646774291992188] [-55.967170715332031:55.333477020263672] [-56.778797149658203:53.012348175048828] [-57.233772277832031:52.565425872802734] [-56.071895599365234:50.289260864257812] [-58.604743957519531:48.627643585205078] [-58.411312103271484:47.22314453125] [-59.877906799316406:48.555233001708984] [-63.338836669921875:44.214031219482422] [-64.116531372070312:42.532855987548828] [-64.614593505859375:39.583015441894531] [-68.078033447265625:37.20587158203125] [-70.859878540039062:36.8494873046875] [-71.042037963867188:32.549476623535156] [-71.523025512695312:32.118053436279297] [-71.551567077636719:31.188499450683594] [-72.789741516113281:29.924776077270508] [-74.666969299316406:28.865501403808594] [-74.738250732421875:29.298416137695312] [-74.225311279296875:30.393278121948242] [-75.808364868164062:28.396699905395508] [-76.357986450195312:26.862634658813477] [-76.869560241699219:27.585121154785156] [-75.386764526367188:28.652046203613281] [-77.613746643066406:26.474679946899414] [-78.330680847167969:27.131290435791016] [-79.189140319824219:26.27630615234375] [-80.292274475097656:27.642097473144531] [-80.024200439453125:28.408615112304688] [-78.355522155761719:29.81108283996582] [-80.729682922363281:29.204338073730469] [-80.2945556640625:30.093231201171875] [-80.738609313964844:30.720296859741211] [-81.554771423339844:31.181804656982422] [-81.072586059570312:31.40570068359375] [-81.235061645507812:35.673282623291016] [-81.398483276367188:35.250331878662109] [-82.751228332519531:38.459999084472656] [-83.000228881835938:40.108810424804688] [-82.750450134277344:39.209384918212891] [-83.49609375:40.985855102539062] [-82.388824462890625:41.685337066650391] [-82.764404296875:42.559543609619141] [-82.989158630371094:43.893150329589844] [-83.026824951171875:48.494609832763672] [-84.219978332519531:46.379398345947266] [-85.712677001953125:46.414394378662109] [-85.384147644042969:48.242938995361328] [-85.597602844238281:49.073970794677734] [-84.965354919433594:49.152153015136719] [-85.606925964355469:49.700706481933594] [-86.428665161132812:52.728744506835938] [-85.857704162597656:50.612594604492188] [-87.08282470703125:49.922870635986328] [-86.880546569824219:49.862411499023438] [-88.148056030273438:48.842567443847656] [-88.549690246582031:48.7596435546875] [-89.447357177734375:49.859424591064453] [-90.711166381835938:49.976734161376953] [-90.239631652832031:46.729389190673828] [-91.205215454101562:46.604530334472656] [-92.265098571777344:45.925823211669922] [-92.828681945800781:44.500888824462891] [-94.34417724609375:42.200271606445312] [-93.716194152832031:41.042476654052734] [-97.317489624023438:39.284816741943359] [-96.432327270507812:36.903850555419922] [-97.573509216308594:35.581920623779297] [-98.797332763671875:35.309814453125] [-98.554855346679688:33.076404571533203] [-101.95318603515625:31.701284408569336] [-103.09905242919922:29.114223480224609] [-104.72041320800781:30.737783432006836] [-104.69797515869141:27.781484603881836] [-106.20710754394531:26.575839996337891] [-107.44377899169922:24.510637283325195] [-108.20621490478516:24.823028564453125] [-109.03639221191406:23.031589508056641] [-110.05178070068359:23.311975479125977] [-111.10416412353516:25.696348190307617] [-112.07710266113281:23.617349624633789] [-112.43695068359375:23.511638641357422] [-113.26069641113281:21.988880157470703] [-113.18192291259766:21.885866165161133] [-114.26362609863281:21.757535934448242] [-116.38637542724609:22.584438323974609] [-117.29055023193359:23.256999969482422] [-117.64105224609375:23.432916641235352] [-117.56201171875:23.327951431274414] [-117.21577453613281:24.857559204101562] [-118.58757019042969:26.786510467529297] [-119.40877532958984:26.098810195922852] [-119.61516571044922:25.939722061157227] [-118.91397857666016:26.312704086303711] [-119.39543914794922:27.079504013061523] [-119.16254425048828:28.330255508422852] [-119.8350830078125:29.065792083740234] [-117.85729217529297:29.882785797119141] [-119.03466033935547:32.081508636474609] [-118.32971954345703:31.931612014770508] [-118.83980560302734:31.234748840332031] [-119.24342346191406:32.115821838378906] [-118.70231628417969:33.440402984619141] [-119.57975769042969:33.939933776855469] [-119.78318023681641:36.779800415039062] [-119.24550628662109:37.319629669189453] [-119.27526092529297:35.381168365478516] [-120.26784515380859:36.655239105224609] [-121.11908721923828:38.444461822509766] [-121.08165740966797:40.860679626464844] [-121.21597290039062:39.819622039794922] [-121.29177093505859:40.400642395019531] [-121.42014312744141:39.727020263671875] [-122.32200622558594:40.506786346435547] [-123.18501281738281:40.623081207275391] [-123.23445892333984:41.822341918945312] [-123.22920227050781:42.29290771484375] [-124.01823425292969:42.003139495849609] [-124.63442993164062:41.434623718261719] [-124.24742889404297:40.591075897216797] [-124.11241149902344:39.015396118164062] [-124.85356140136719:37.901363372802734] [-125.631103515625:36.047264099121094] [-126.39052581787109:33.625652313232422] [-127.14400482177734:32.407333374023438] [-128.74978637695312:31.681423187255859] [-130.4091796875:30.631370544433594] [-130.41810607910156:29.729785919189453] [-130.25131225585938:28.732833862304688] [-131.74400329589844:28.084800720214844] [-133.46365356445312:27.912990570068359] [-134.45164489746094:27.679222106933594] [-135.34480285644531:26.699750900268555] [-137.05313110351562:26.181295394897461] [-138.72822570800781:25.626453399658203] [-138.58700561523438:24.978065490722656] [-138.34396362304688:24.449911117553711] [-140.88006591796875:23.870197296142578] [-143.54562377929688:23.023605346679688] [-144.54145812988281:22.531587600708008] [-145.32662963867188:23.890857696533203] [-145.77723693847656:24.567634582519531] [-145.92280578613281:24.440402984619141] [-146.87326049804688:23.800661087036133] [-148.10629272460938:24.235342025756836] [-148.01759338378906:24.214733123779297] [-147.72163391113281:25.119731903076172] [-149.38125610351562:25.285747528076172] [-151.54550170898438:25.652849197387695] [-152.65924072265625:25.325311660766602] [-153.49432373046875:24.770078659057617] [-152.91050720214844:25.449548721313477] [-152.28044128417969:25.817026138305664] [-152.32453918457031:25.963176727294922] [-152.48880004882812:26.228490829467773] [-153.25010681152344:27.323909759521484] [-154.0399169921875:28.447299957275391] [-154.29226684570312:29.384679794311523] [-154.584716796875:30.288209915161133] [-154.64846801757812:31.393516540527344] [-154.78102111816406:32.993682861328125] [-155.13618469238281:34.479270935058594] [-155.60894775390625:35.636608123779297] [-155.63999938964844:35.480930328369141]
tree_sizes=2831 2884 2884 2881 2885 2884 2876 2899 2890 2886 2888 2895 2913 2907 2905 2893 2887 2905 2903 2891 2885 2918 2896 2911 2908 2922 2891 2901 2890 2920 2912 2912 2940 2912 2900 2904 2912 2903 2901 2916 2901 2882 2913 2917 2898 2934 2923 2926 2940 2909 2930 2926 2908 2914 2931 2934 2908 2909 2931 2911 2919 2889 2914 2896 2930

Tree=0
num_leaves=31
num_cat=0
split_feature=299 299 299 299 299 299 299 45 299 124 299 299 299 299 299 299 299 299 234 293 293 277 239 2 299 249 234 299 293 279
split_gain=530400 172695 125207 67901.4 52679.6 31028.4 29436.4 17390.9 17089.7 12309.9 11205.1 10165.3 8127.38 5280.85 3505.59 2884.28 2675.14 1871.31 1533.32 1472.38 1178.5 1105.9 1054.19 978.327 832.133 774.5 773.245 772.752 704.026 648.408
threshold=-8.3073458671569806 -0.057328611612319939 -21.664108276367184 9.0691256523132342 -3.9018706083297725 -12.933314323425291 -29.027898788452145 -10.017605781555174 3.1196570396423344 -12.354606628417967 -2.2144612073898311 16.419423103332523 -5.7871792316436759 -16.247627258300778 -10.735863685607908 1.3377713561058047 5.3587667942047128 -1.395978510379791 -2.5852370262145992 -5.4425511360168448 -3.9640210866928096 12.731166362762453 10.316802978515627 -2.90593409538269 -18.415507316589352 -0.3757179975509643 -1.4176451563835142 -24.360757827758786 -10.224141597747801 -30.083299636840817
decision_type=2 2 2 2 2 2 2 2 2 2 2 2 2 2 2 2 2 2 2 2 2 2 2 2 2 2 2 2 2 2
left_child=2 4 6 8 12 13 7 9 15 -1 18 22 19 24 -7 25 -10 -12 23 -2 -14 -13 -5 -6 -4 -3 -19 -8 -15 -9
right_child=1 3 5 11 10 14 27 29 16 -11 17 21 20 28 -16 -17 -18 26 -20 -21 -22 -23 -24 -25 -26 -27 -28 -29 -30 -31
leaf_value=-7.1229226481498635 -3.6360526175771839 -3.3027966270978251 -4.2623473349235672 -2.8270837606173114 -3.5362829792922312 -3.8572821734897387 -4.5806024680248125 -5.1159744006084029 -3.1080726373409941 -5.4268161205725871 -3.3846982475916443 -2.1621435621235849 -3.5318609583002156 -4.0150446265565236 -3.7352328874043037 -3.1994843572271638 -2.9756966508884841 -3.3629533370419704 -3.4193562210678423 -3.5625958059499476 -3.4821718826526338 -1.7937356974662695 -2.5572886672625863 -3.4536427243490415 -4.1416970070099186 -3.25289263224002 -3.3225086853800141 -4.4208829494914896 -3.8570885450363752 -4.8533636271537697
leaf_weight=20 2250 1454 279 75 398 991 154 57 1135 23 3926 110 2965 659 1448 2023 575 1952 4526 979 1997 25 70 3575 293 1671 2995 149 79 40
leaf_count=20 2250 1454 279 75 398 991 154 57 1135 23 3926 110 2965 659 1448 2023 575 1952 4526 979 1997 25 70 3575 293 1671 2995 149 79 40
internal_value=-3.45467 -3.38679 -3.98418 -3.16935 -3.44751 -3.89024 -4.77911 -5.37872 -3.20051 -6.2157 -3.39822 -2.40615 -3.55204 -4.08652 -3.78482 -3.246 -3.06356 -3.35892 -3.43925 -3.61378 -3.51186 -2.09392 -2.69684 -3.46192 -4.20055 -3.27611 -3.33847 -4.50206 -3.99814 -5.00768
internal_weight=36893 32701 4192 7138 25563 3749 443 140 6858 43 17372 280 8191 1310 2439 5148 1710 8873 8499 3229 4962 135 145 3973 572 3125 4947 303 738 97
internal_count=36893 32701 4192 7138 25563 3749 443 140 6858 43 17372 280 8191 1310 2439 5148 1710 8873 8499 3229 4962 135 145 3973 572 3125 4947 303 738 97
is_linear=0
shrinkage=1


Tree=1
num_leaves=31
num_cat=0
split_feature=298 298 298 259 298 298 298 298 60 293 298 293 245 298 298 151 251 234 241 251 245 46 249 241 298 274 249 293 246 239
split_gain=467605 150827 96893.2 65035.6 51576 26401.2 19952.7 19331.2 16588.9 12294.4 9064.07 8828.43 3923.86 3617.21 3239.9 2840.6 2529.87 2435.71 2151.59 1705.3 1657.15 1419.01 1148.96 1140.27 1108.39 1077.44 1070.96 1068.42 985.346 955.881
threshold=-9.2562117576599103 -0.23152557015419004 -21.597152709960934 8.4558148384094256 -4.5200066566467276 -29.122012138366696 -14.552268028259276 2.8251012563705449 -10.124335765838621 -2.6847624778747554 15.480366706848146 -6.1910030841827384 -0.66057613492012013 5.5269196033477792 -11.499492168426512 -15.277491569519041 -1.6812505722045896 -3.6329807043075557 -14.414373874664305 -3.7468022108077998 -5.9381000995635977 -7.6882550716400138 2.3113871812820439 -6.7259759902954093 -2.8671905994415279 12.259405612945558 2.5967040061950688 -0.80027481913566578 -5.1748807430267325 10.316802978515627
decision_type=2 2 2 2 2 2 2 2 2 2 2 2 2 2 2 2 2 2 2 2 2 2 2 2 2 2 2 2 2 2
left_child=2 4 5 7 11 8 18 12 -1 17 29 20 -3 26 -8 21 -11 28 -4 -13 -2 -10 -14 -16 -19 -12 -9 -18 -6 -5
right_child=1 3 6 10 9 -7 14 13 15 16 25 19 22 -15 23 -17 27 24 -20 -21 -22 -23 -24 -25 -26 -27 -28 -29 -30 -31
leaf_value=-3.1582189941406251 -0.22551086990682931 0.12160032195312338 -0.76523501701604313 0.5362175735772825 -0.09900329978235306 -0.99137143128670313 -0.44593008718182969 0.27117608526271736 -2.1269039699009489 0.050105002199144322 1.1876302502818943 -0.10147073315035914 0.19010091015202191 0.44605941898566637 -0.34871617458962106 -1.3975175258091519 0.081612204023779888 -0.0093259147568507395 -0.60072050346899286 -0.031594589848293171 -0.14979781463885641 -1.583188156854539 0.26789405522949877 -0.23799976356327535 0.03367087300889765 1.4960281372070314 0.35821475214137266 0.12845302856052648 -0.02847884708079533 0.80506564201192665
leaf_weight=20 1554 2604 306 51 682 298 868 1002 28 4959 97 2170 2862 605 851 70 3048 3169 567 1461 1351 21 569 320 2844 40 546 2027 1809 94
leaf_count=20 1554 2604 306 51 682 298 868 1002 28 4959 97 2170 2862 605 851 70 3048 3169 567 1461 1351 21 569 320 2844 40 546 2027 1809 94
internal_value=0.000813215 0.0570587 -0.562548 0.239478 -0.00456271 -1.2568 -0.458364 0.213766 -1.82583 0.0380174 0.986044 -0.125332 0.167879 0.342392 -0.372724 -1.6019 0.0755032 -0.00621265 -0.658385 -0.0733548 -0.1903 -1.89388 0.203002 -0.318461 0.0110105 1.27767 0.301876 0.100321 -0.0477874 0.710505
internal_weight=36893 33544 3349 8470 25074 437 2912 8188 139 18538 282 6536 6035 2153 2039 119 10034 8504 873 3631 2905 49 3431 1171 6013 137 1548 5075 2491 145
internal_count=36893 33544 3349 8470 25074 437 2912 8188 139 18538 282 6536 6035 2153 2039 119 10034 8504 873 3631 2905 49 3431 1171 6013 137 1548 5075 2491 145
is_linear=0
shrinkage=0.05


Tree=2
num_leaves=31
num_cat=0
split_feature=297 297 298 259 297 298 298 297 60 298 293 293 251 298 298 241 151 234 239 235 251 246 18 274 298 239 239 249 246 298
split_gain=422302 134689 92251.2 62783.5 35578.2 23827 23192.7 20727.9 14971.5 8409.42 7143.48 5768.92 4648.63 3566.17 3538.86 2665.89 2563.65 1691.61 1663.83 1525.22 1417.96 1346.13 1189.77 972.391 958.664 951.453 922.52 896.206 871.851 832.819
threshold=-8.6999392509460431 -1.0184358954429624 -21.597152709960934 8.4558148384094256 -4.5788238048553458 -29.122012138366696 2.6666368246078496 -13.266593456268309 -10.124335765838621 15.480366706848146 -3.0369209051132198 -6.2740705013275138 0.2354579642415047 5.1214120388031015 -16.189028739929196 -7.7904319763183585 -15.277491569519041 -3.6329807043075557 -2.0376461744308467 -0.80522271990776051 -5.1263508796691886 -4.6123125553131095 -2.1269963979721065 12.259405612945558 0.64624774456024181 10.316802978515627 -14.321779251098631 2.1783487796783452 -5.3796041011810294 -10.889381885528563
decision_type=2 2 2 2 2 2 2 2 2 2 2 2 2 2 2 2 2 2 2 2 2 2 2 2 2 2 2 2 2 2
left_child=2 4 5 6 11 8 12 14 -1 25 17 20 19 27 26 29 22 28 -12 -3 -2 -13 -10 -11 -14 -5 -4 -8 -6 -9
right_child=1 3 7 9 10 -7 13 15 16 23 18 21 24 -15 -16 -17 -18 -19 -20 -21 -22 -23 -24 -25 -26 -27 -28 -29 -30 -31
leaf_value=-3.0003082275390627 -0.20011911374998795 0.090468400933247775 -0.74481489766727804 0.49988886995135617 -0.10439232721447521 -0.94180289658924077 0.24489330491426858 -0.40556868434127902 -1.547729527950287 1.1282489579977451 0.028286748167204306 -0.11469706263908974 0.16027580680330358 0.40893182905893477 -0.5010074303067964 -0.25079950320569772 -1.3276412527901786 0.0022754092808118312 0.071153046001563219 0.14170578962536237 -0.12303650939504261 -0.04927675865403372 -2.0405902976989747 1.4212268066406251 0.21973784211144967 0.76481232338763305 -0.61763128803622347 0.32253434387207031 -0.032433592839545271 -0.32279257711497222
leaf_weight=20 1766 2948 264 53 562 298 917 679 24 97 4019 1300 1181 756 580 790 70 4720 5183 2863 901 1990 25 40 1591 94 310 625 1677 550
leaf_count=20 1766 2948 264 53 562 298 917 679 24 97 4019 1300 1181 756 580 790 70 4720 5183 2863 901 1990 25 40 1591 94 310 625 1677 550
internal_value=0.000772555 0.056485 -0.512878 0.198054 -0.0149779 -1.19396 0.178899 -0.419077 -1.73454 0.931957 0.0235227 -0.119428 0.141127 0.319975 -0.588112 -0.322461 -1.52181 -0.0147032 0.0524311 0.115712 -0.174078 -0.0751267 -1.79919 1.21379 0.194404 0.669296 -0.676127 0.276363 -0.0504956 -0.368525
internal_weight=36893 33283 3610 11165 22118 437 10881 3173 139 284 16161 5957 8583 2298 1154 2019 119 6959 9202 5811 2667 3290 49 137 2772 147 574 1542 2239 1229
internal_count=36893 33283 3610 11165 22118 437 10881 3173 139 284 16161 5957 8583 2298 1154 2019 119 6959 9202 5811 2667 3290 49 137 2772 147 574 1542 2239 1229
is_linear=0
shrinkage=0.05


Tree=3
num_leaves=31
num_cat=0
split_feature=298 298 298 259 293 298 298 298 60 298 298 298 245 298 245 144 250 72 234 245 239 239 295 249 249 274 296 269 264 293
split_gain=381359 123417 78837.4 52110.6 43808.3 21503.9 16291.7 14695.2 13511.8 9134.61 7910.87 7377.9 3048.3 3019.43 2790.31 2399.62 2111.02 2100.49 2060.87 1992.8 1808.11 1778.81 1097.12 1094.82 964.619 877.585 819.683 810.525 807.368 784.885
threshold=-9.2562117576599103 -0.091852679848670946 -21.597152709960934 8.4558148384094256 -4.2401721477508536 -29.122012138366696 -14.552268028259276 2.8251012563705449 -10.124335765838621 -5.8087775707244864 -2.2626157999038692 15.480366706848146 -0.78628021478652943 6.1059131622314462 -8.1990780830383283 -14.173353195190428 -3.7877163887023921 -7.2706201076507559 -1.4455267786979673 -5.6951389312744132 -14.321779251098631 -2.3990479707717891 -12.894760131835936 2.5967040061950688 2.3113871812820439 12.259405612945558 9.7450518608093279 -1.4134373664855955 -4.6958858966827384 -6.1910030841827384
decision_type=2 2 2 2 2 2 2 2 2 2 2 2 2 2 2 2 2 2 2 2 2 2 2 2 2 2 2 2 2 2
left_child=2 4 5 7 9 8 20 12 -1 19 21 26 27 23 22 17 29 -10 28 -2 -4 -6 -8 -9 -14 -13 -5 -3 -12 -11
right_child=1 3 6 11 10 -7 14 13 15 16 18 25 24 -15 -16 -17 -18 -19 -20 -21 -22 -23 -24 -25 -26 -27 -28 -29 -30 -31
leaf_value=-2.8502929687500003 -0.20204473394641706 0.077815217067475073 -0.69474680439737824 0.5371972898157632 -0.012965906601163238 -0.89471275790425764 -0.4521895755140275 0.24637658475349375 -1.3604175949096682 -0.12407972782751692 -0.0026356154833277468 1.0718359878382733 0.17340132816336085 0.4211461103723404 -0.26078792910826837 -1.2737431640625001 -0.021327932856192219 -2.0542204856872561 0.10019217841105449 -0.12274835539491553 -0.5429901356904403 0.03234518818575044 -0.35130777334980046 0.32954942235406842 0.2454266569061245 1.3501654052734375 0.77702528938414561 0.13841273362735568 0.060267674578260946 -0.066626041915105738
leaf_weight=20 1655 1046 298 82 4484 298 386 1047 20 907 594 97 2836 470 760 75 2364 24 4452 1520 575 4190 893 636 556 40 63 1168 3612 1725
leaf_count=20 1655 1046 298 82 4484 298 386 1047 20 907 594 97 2836 470 760 75 2364 24 4452 1520 575 4190 893 636 556 40 63 1168 3612 1725
internal_value=0.000733927 0.0515282 -0.508028 0.222329 -0.0023247 -1.13426 -0.414051 0.198063 -1.64781 -0.0977666 0.0426704 0.889991 0.15542 0.309098 -0.336666 -1.44572 -0.0556224 -1.73886 0.0764815 -0.164082 -0.594793 0.00892174 -0.381754 0.277807 0.185207 1.1531 0.641398 0.109784 0.051384 -0.0864249
internal_weight=36893 33544 3349 8041 25503 437 2912 7759 139 8171 17332 282 5606 2153 2039 119 4996 44 8658 3175 873 8674 1279 1683 3392 137 145 2214 4206 2632
internal_count=36893 33544 3349 8041 25503 437 2912 7759 139 8171 17332 282 5606 2153 2039 119 4996 44 8658 3175 873 8674 1279 1683 3392 137 145 2214 4206 2632
is_linear=0
shrinkage=0.05


Tree=4
num_leaves=31
num_cat=0
split_feature=297 297 298 298 297 298 297 60 298 241 297 248 244 237 144 3 234 293 251 246 241 293 298 293 290 177 249 293 249 237
split_gain=344447 110471 75222.4 45298.5 39293.8 24646.5 12589 12194.4 11520.3 7781.64 7390.73 6826.9 2670.85 2242.54 2165.65 2171.37 1995.79 1971.16 1854.54 1839.64 1702.62 1476.53 1437.33 1071.01 1032.03 992.205 843.819 773.498 771.649 645.463
threshold=-8.6999392509460431 0.046109993010759361 -19.768585205078121 9.4378066062927264 -3.8663890361785884 -29.122012138366696 -13.266593456268309 -10.124335765838621 3.5192997455596928 -4.7662620544433585 -2.1898534297943111 20.380704879760746 0.6025466024875642 -7.5394670963287345 -14.173353195190428 1.0450242757797243 -1.4176451563835142 -7.1462435722351065 3.9252010583877568 -2.8258180618286128 -12.822072982788084 -5.2019021511077872 -24.435883522033688 -0.13476517796516416 12.867596149444582 11.747653961181642 2.3113871812820439 1.1968454718589785 -0.044337380677461617 -3.8030676841735835
decision_type=2 2 2 2 2 2 2 2 2 2 2 2 2 2 2 2 2 2 2 2 2 2 2 2 2 2 2 2 2 2
left_child=2 4 5 8 9 7 20 -1 12 17 19 25 23 -8 15 -9 -12 -2 27 29 -4 -11 -7 -3 -13 -5 -14 -10 -18 -6
right_child=1 3 6 11 10 22 13 14 18 21 16 24 26 -15 -16 -17 28 -19 -20 -21 -22 -23 -24 -25 -26 -27 -28 -29 -30 -31
leaf_value=-2.7077783203125003 -0.19050516887144608 0.10103268531328358 -0.58592142058581842 0.49612059482308324 -0.04780494027523273 -0.92510732675527607 -0.33596926064747379 -1.2843218712579638 0.18997320304990439 -0.084887323186770475 0.051830538393577034 0.95113685021033667 0.18544384089383215 -0.22916845221327833 -1.2100563151041668 -1.9875389555226204 0.086190812916065174 -0.11281592379854155 0.39925893783569338 0.031790389139703598 -0.45376879125585567 -0.027398839103146184 -0.73575684019082099 0.16105733615547127 1.2250649648169949 0.76372215007913535 0.25329393197039407 0.30070286176481303 0.13238743620674026 -0.0021205960211337061
leaf_weight=20 1430 1445 410 86 1090 154 1173 21 191 1707 4628 65 1815 846 75 23 3565 1903 480 4597 601 3231 287 1530 73 58 613 905 1211 2660
leaf_count=20 1430 1445 410 86 1090 154 1173 21 191 1707 4628 65 1815 846 75 23 3565 1903 480 4597 601 3231 287 1530 73 58 613 905 1211 2660
internal_value=0.00069723 0.0510127 -0.463195 0.22346 0.00289432 -0.984867 -0.363337 -1.56542 0.198356 -0.0871164 0.0448344 0.844737 0.163661 -0.291218 -1.37343 -1.65191 0.07523 -0.146148 0.3173 0.0105897 -0.507362 -0.0472718 -0.801879 0.131903 1.09604 0.603905 0.202574 0.281406 0.0979044 -0.0153995
internal_weight=36893 33283 3610 7261 26022 580 3030 139 6979 8271 17751 282 5403 2019 119 44 9404 3333 1576 8347 1011 4938 441 2975 138 144 2428 1096 4776 3750
internal_count=36893 33283 3610 7261 26022 580 3030 139 6979 8271 17751 282 5403 2019 119 44 9404 3333 1576 8347 1011 4938 441 2975 138 144 2428 1096 4776 3750
is_linear=0
shrinkage=0.05


Tree=5
num_leaves=31
num_cat=0
split_feature=299 299 299 299 299 299 299 44 299 299 299 133 299 299 299 299 299 292 250 285 259 299 246 111 293 2 234 299 299 299
split_gain=320967 105777 76146 41949.5 35415.4 23496.4 13743.8 9297.56 8004.02 6841.15 6799.86 5561.05 5067.22 1939.37 1892.05 1726.7 1379.55 1122.08 1082.03 1054.15 783.712 697.097 668.627 656.256 636.271 539.097 495.406 487.771 441.031 424.945
threshold=-7.788407325744628 0.58841234445571911 -18.415507316589352 9.0691256523132342 -2.9531641006469722 -29.027898788452145 -12.139913558959959 -10.351057052612303 -5.1390516757965079 4.028541326522828 16.419423103332523 -12.552131652832029 -1.395978510379791 -15.388754367828367 -21.664108276367184 -10.046202659606932 2.0515229701995854 -5.5477859973907462 -3.2668405771255489 12.70163679122925 -1.66297972202301 5.9020354747772226 -2.5551606416702266 11.399859428405763 -9.9335126876831037 -3.0737503767013545 0.54094356298446666 -24.360757827758786 -6.4729416370391837 -0.34018494188785547
decision_type=2 2 2 2 2 2 2 2 2 2 2 2 2 2 2 2 2 2 2 2 2 2 2 2 2 2 2 2 2 2
left_child=2 4 5 9 8 7 13 11 17 16 23 -1 22 -4 27 -8 -3 28 -10 -12 -14 -11 25 -5 -15 -6 -20 -7 -2 -22
right_child=1 3 6 10 12 14 15 -9 18 21 19 -13 20 24 -16 -17 -18 -19 26 -21 29 -23 -24 -25 -26 -27 -28 -29 -30 -31
leaf_value=-2.6429821196056551 -0.14689445416527999 0.17060183162800194 -0.51712483816646493 0.50330087167245374 -0.047646431489424275 -0.87394425675675691 -0.28389281931135801 -1.1728236421625666 -0.038470805771398865 0.30308557447496354 0.98458996015725675 -1.4923043387276786 0.077995639777624498 -0.40429641275676254 -0.6309423910604941 -0.20088453436616677 0.23085290216336585 -0.07228877053950869 -0.0056136247784005309 1.2653796326880362 0.10024116213163255 0.3837337062043964 0.052439196314140395 0.7214723714192709 -0.27423496536005326 0.028962678753759283 0.068764695821140531 -0.74535651174532314 -0.10399920533213368 0.1320570842915666
leaf_weight=21 1206 2406 439 81 253 148 1033 94 3576 728 97 21 2379 776 296 1592 1570 1680 4358 51 2468 424 5171 60 107 2487 236 147 1191 1826
leaf_count=21 1206 2406 439 81 253 148 1033 94 3576 728 97 21 2379 776 296 1592 1570 1680 4358 51 2468 424 5171 60 107 2487 236 147 1191 1826
internal_value=0.000849963 0.0569742 -0.386376 0.258511 0.0162853 -0.856611 -0.299763 -1.44916 -0.0464008 0.225479 0.84462 -2.06764 0.0689263 -0.431237 -0.720254 -0.23355 0.194393 -0.103621 -0.0178467 1.08135 0.101016 0.332769 0.041858 0.59614 -0.388536 0.0218889 -0.00179271 -0.809868 -0.125581 0.113771
internal_weight=36922 32248 4674 5417 26831 727 3947 136 12247 5128 289 42 14584 1322 591 2625 3976 4077 8170 148 6673 1152 7911 141 883 2740 4594 295 2397 4294
internal_count=36922 32248 4674 5417 26831 727 3947 136 12247 5128 289 42 14584 1322 591 2625 3976 4077 8170 148 6673 1152 7911 141 883 2740 4594 295 2397 4294
is_linear=0
shrinkage=0.05


Tree=6
num_leaves=31
num_cat=0
split_feature=299 299 299 299 299 299 299 44 299 299 299 133 299 299 299 299 299 299 280 237 250 250 111 293 250 293 299 234 41 221
split_gain=289672 95463.8 68721.7 37859.4 31993 21205.5 12403.8 8391.05 7521.95 6174.14 6136.88 5018.85 4305.76 1750.28 1707.58 1558.35 1283.51 1245.05 974.605 973.94 745.949 643.235 592.27 574.238 564.391 453.848 440.213 403.901 395.68 382.454
threshold=-7.788407325744628 0.58841234445571911 -18.415507316589352 9.0691256523132342 -2.8959711790084834 -29.027898788452145 -12.139913558959959 -10.351057052612303 -4.8988914489746085 4.028541326522828 16.419423103332523 -12.552131652832029 -1.395978510379791 -15.388754367828367 -21.664108276367184 -10.046202659606932 -6.3776774406433097 2.0515229701995854 9.8120484352111834 -2.9579036235809322 -1.2190471291542051 4.6421360969543466 11.399859428405763 -9.9335126876831037 -1.9174798130989072 -3.9640210866928096 -24.360757827758786 0.54094356298446666 -5.2123842239379874 -23.036098480224606
decision_type=2 2 2 2 2 2 2 2 2 2 2 2 2 2 2 2 2 2 2 2 2 2 2 2 2 2 2 2 2 2
left_child=2 4 5 9 8 7 13 11 16 17 22 -1 24 -4 26 -8 -2 28 -12 -10 -14 -11 -5 -15 -6 -18 -7 -21 -3 -9
right_child=1 3 6 10 12 14 15 29 19 21 18 -13 20 23 -16 -17 25 -19 -20 27 -22 -23 -24 -25 -26 -27 -28 -29 -30 -31
leaf_value=-2.5108331589471726 -0.12679179829892326 0.26153546447555226 -0.491268594172658 0.4781359448845004 0.028181391170566492 -0.83024704391891901 -0.26969818381118404 -1.1936397157866379 -0.031423465739372991 0.29225616729055465 0.93563264340770491 -1.4176888602120536 0.077168372669865579 -0.38408162636855214 -0.5993951539735537 -0.19084030898971174 -0.08456137762330368 0.21931026385847932 1.2069122161865236 -0.00011920181751312527 0.11083298236397846 0.37460001200259091 0.6853987375895183 -0.26052285889598814 0.055474125204300465 -0.039597547538627341 -0.70808877750318888 0.067382375553567367 0.15793815469328976 -0.98616841634114594
leaf_weight=21 1766 96 439 81 4052 148 1033 58 3774 818 98 21 2947 776 296 1592 2122 1570 50 3889 3726 334 60 107 3557 763 147 235 2310 36
leaf_count=21 1766 96 439 81 4052 148 1033 58 3774 818 98 21 2947 776 296 1592 2122 1570 50 3889 3726 334 60 107 3557 763 147 235 2310 36
internal_value=0.000807465 0.0541255 -0.367057 0.245585 0.0154711 -0.813781 -0.284775 -1.37671 -0.0427753 0.214205 0.802389 -1.96426 0.0666497 -0.409675 -0.684241 -0.221873 -0.0932201 0.184673 1.02728 -0.0130692 0.0959657 0.31613 0.566333 -0.369109 0.04094 -0.0726697 -0.769375 0.00372728 0.162072 -1.11418
internal_weight=36922 32248 4674 5417 26831 727 3947 136 12549 5128 289 42 14282 1322 591 2625 4651 3976 148 7898 6673 1152 141 883 7609 2885 295 4124 2406 94
internal_count=36922 32248 4674 5417 26831 727 3947 136 12549 5128 289 42 14282 1322 591 2625 4651 3976 148 7898 6673 1152 141 883 7609 2885 295 4124 2406 94
is_linear=0
shrinkage=0.05


Tree=7
num_leaves=31
num_cat=0
split_feature=298 297 298 241 297 240 297 42 293 240 293 293 244 251 298 241 251 238 251 298 280 34 247 282 294 293 250 293 293 294
split_gain=252825 80591.7 54485.2 37323.1 26861.9 15792.6 11067.8 9094.04 8543.25 6048.89 5710.43 4824.11 2056.58 2016.81 1677.45 1668.14 1599.61 1258.35 1196.91 1071.86 1044.56 1031.84 946.936 846.011 769.259 733.385 694.82 684.336 662.084 655.32
threshold=-8.3714370727539045 0.046109993010759361 -19.768585205078121 9.2576136589050311 -3.6950923204421993 -22.271720886230465 -12.755142211914061 -11.300307750701903 3.0127948522567753 18.299292564392093 -5.7875807285308829 -2.4815775156021114 0.44392968714237219 -7.8301568031311026 5.5269196033477792 -12.822072982788084 -1.6812505722045896 -3.2900086641311641 -5.0055603981018058 -24.435883522033688 9.8120484352111834 -5.8594949245452872 -2.8662387132644649 -30.757593154907223 9.3552966117858904 0.25165575742721563 4.6421360969543466 -0.63132977485656727 -5.8669629096984854 -10.619371414184569
decision_type=2 2 2 2 2 2 2 2 2 2 2 2 2 2 2 2 2 2 2 2 2 2 2 2 2 2 2 2 2 2
left_child=2 4 5 8 10 7 15 -1 12 24 18 21 25 29 -10 -4 -13 -12 -2 -7 -11 -6 -23 -9 -5 -3 -14 -18 -15 -8
right_child=1 3 6 9 11 19 13 23 14 20 17 16 26 28 -16 -17 27 -19 -20 -21 -22 22 -24 -25 -26 -27 -28 -29 -30 -31
leaf_value=-1.9863375418526787 -0.14288296793526231 0.088641709760687817 -0.50280919544211244 0.43417327572601017 0.15562447139195035 -0.78562400668275123 -0.3032088777507615 -1.2027768554687501 0.233684446562582 0.87587941609896147 -0.058599570580578735 0.042175192159996266 0.16428770095406289 -0.19010295584231995 0.34061814367884252 -0.37887552173566619 0.067973420356337286 -0.0099455938512946242 -0.082135679917028775 -0.6221537796492429 1.1578607320785523 -0.012637113055816064 0.024173532485717377 -0.91735139069733806 0.68954554966517856 0.1422723261072906 0.27331029818608216 0.10494602126367721 -0.044014518759971449 -0.23182684551585805
leaf_weight=35 1991 1740 437 99 119 153 774 50 1206 104 2725 4660 2313 790 527 717 3206 2594 1368 291 48 3250 3778 54 42 1006 156 2053 86 550
leaf_count=35 1991 1740 437 99 119 153 774 50 1206 104 2725 4660 2313 790 527 717 3206 2594 1368 291 48 3250 3778 54 42 1006 156 2053 86 550
internal_value=0.000767092 0.0459695 -0.377948 0.193335 0.0045201 -0.824091 -0.300398 -1.28919 0.170024 0.746119 -0.0671035 0.0409404 0.138063 -0.234616 0.266203 -0.425807 0.0635057 -0.0348717 -0.118143 -0.678485 0.964926 0.0096231 0.00715097 -1.05458 0.510242 0.108289 0.171176 0.0824067 -0.175761 -0.273556
internal_weight=36922 32985 3937 7241 25744 583 3354 139 6948 293 8678 17066 5215 2200 1733 1154 9919 5319 3359 444 152 7147 7028 104 141 2746 2469 5259 876 1324
internal_count=36922 32985 3937 7241 25744 583 3354 139 6948 293 8678 17066 5215 2200 1733 1154 9919 5319 3359 444 152 7147 7028 104 141 2746 2469 5259 876 1324
is_linear=0
shrinkage=0.05


Tree=8
num_leaves=31
num_cat=0
split_feature=299 299 299 299 299 299 299 299 44 299 299 136 299 299 299 299 299 299 2 285 242 250 245 299 111 294 299 185 293 299
split_gain=236868 78805.1 56194.3 33468.2 22904.1 19510.2 7999.91 7083.78 6964.53 4963.92 4265.08 4143.18 3990.78 2039.58 1312.96 1095.64 1030.31 1017.78 871.63 840.301 665.568 629.025 587.05 576.363 464.826 390.112 380.944 373.967 366.603 350.364
threshold=-7.788407325744628 0.043194096535444267 -17.189076423645016 9.0691256523132342 -3.3962023258209224 -29.027898788452145 -11.882213115692137 3.1196570396423344 -10.351057052612303 16.419423103332523 -5.4159798622131339 -13.034111976623533 -1.776526868343353 -21.664108276367184 1.3377713561058047 5.3587667942047128 -9.224357604980467 -14.023072719573973 -3.2900831699371333 12.70163679122925 -2.6831876039505 -3.5790728330612178 -1.5617966651916502 -2.5738232135772701 11.399859428405763 -9.696194648742674 -6.6901857852935782 1.9940871596336367 -7.3527297973632804 -0.85072666406631459
decision_type=2 2 2 2 2 2 2 2 2 2 2 2 2 2 2 2 2 2 2 2 2 2 2 2 2 2 2 2 2 2
left_child=2 4 5 7 10 8 17 14 11 24 20 -1 18 -7 -3 -9 28 -4 -6 -11 26 -12 -14 -20 -5 -19 -2 -23 -8 -24
right_child=1 3 6 9 12 13 16 15 -10 19 21 -13 22 -15 -16 -17 -18 25 23 -21 -22 27 29 -25 -26 -27 -28 -29 -30 -31
leaf_value=-2.2540868585759943 -0.12707735534441675 0.12341375706650522 -0.39720407694327736 0.43554578239535113 -0.053516874070894664 -0.69452102919756364 -0.23676520974762216 0.23521729047753653 -1.0061350720994016 0.84185448086138859 -0.045154076660235312 -1.2597457885742189 0.056875134432040536 -0.52420868972252155 0.1762537366909874 0.31993246011800702 -0.16200297818912116 -0.32312185520604375 0.013682649362192845 1.0925504198261338 -0.046510592349644365 -0.016578997667858055 0.072541680699428152 0.040323773034011245 0.61916010538736987 -0.2139388270834659 -0.090257810907704503 0.067010375782311393 -0.15929062251340262 0.10168416722469516
leaf_weight=22 1180 2842 595 81 354 295 1153 1147 94 97 2702 20 2858 435 2005 572 1159 631 4177 51 580 3580 2178 3950 60 94 1736 139 176 1959
leaf_count=22 1180 2842 595 81 354 295 1153 1147 94 97 2702 20 2858 435 2005 572 1159 631 4177 51 580 3580 2178 3950 60 94 1736 139 176 1959
internal_value=0.000728737 0.0489428 -0.331921 0.199378 0.00833186 -0.695469 -0.249245 0.1762 -1.24531 0.725982 -0.0509892 -1.78059 0.0463447 -0.593034 0.145271 0.263406 -0.196458 -0.34874 0.0232857 0.928243 -0.0954276 -0.0267941 0.0743022 0.0266311 0.51368 -0.308966 -0.105157 -0.0134548 -0.226505 0.0863416
internal_weight=36922 32248 4674 6855 25393 866 3808 6566 136 289 9917 42 15476 730 4847 1719 2488 1320 8481 148 3496 6421 6995 8127 141 725 2916 3719 1329 4137
internal_count=36922 32248 4674 6855 25393 866 3808 6566 136 289 9917 42 15476 730 4847 1719 2488 1320 8481 148 3496 6421 6995 8127 141 725 2916 3719 1329 4137
is_linear=0
shrinkage=0.05


Tree=9
num_leaves=31
num_cat=0
split_feature=299 299 299 299 299 299 299 299 45 299 299 299 133 299 299 299 299 299 279 2 299 299 245 111 32 265 299 185 294 241
split_gain=213872 73422.3 46836.5 30600 22591.7 15679.1 7551.24 6779.57 6207.27 4479.94 4116.32 4060.26 3936.85 1262.86 1255.61 1087.88 1047.76 1036.55 761.206 758.657 722.926 637.372 609.896 419.506 386.949 390.534 344.255 339.9 325.459 325.012
threshold=-8.3073458671569806 -0.057328611612319939 -18.415507316589352 9.0691256523132342 -3.6554607152938838 -29.027898788452145 -12.512019634246824 2.7509986162185673 -10.017605781555174 16.419423103332523 -2.1308917999267574 -5.7871792316436759 -12.552131652832029 4.950881004333497 -24.360757827758786 0.93188998103141796 -15.388754367828367 -10.735863685607908 12.393492221832277 -2.90593409538269 -1.0924878716468809 -4.5567967891693106 -4.3826255798339835 11.399859428405763 -4.7312426567077628 -0.43188023567199701 -2.5738232135772701 2.2141572237014775 -10.619371414184569 -5.4845805168151847
decision_type=2 2 2 2 2 2 2 2 2 2 2 2 2 2 2 2 2 2 2 2 2 2 2 2 2 2 2 2 2 2
left_child=2 4 5 7 11 8 16 15 12 23 19 22 -1 -9 -7 -3 -4 -8 -11 -6 -12 27 -2 -5 -17 -26 -21 -13 -18 -19
right_child=1 3 6 9 10 14 17 13 -10 18 20 21 -14 -15 -16 24 28 29 -20 26 -22 -23 -24 -25 25 -27 -28 -29 -30 -31
leaf_value=-2.2023844909667969 -0.11831783622516699 0.10885687848912862 -0.42269192567447328 0.41376840096932876 -0.048379271862835721 -0.71369364970439197 -0.24901243235966933 0.21217020181281521 -0.96499557495117194 0.82948327611704353 0.05107905068168378 -0.05478738787984741 -1.2103096008300782 0.29495047299266697 -0.54548087712066173 0.24013800547673153 -0.33747565155831455 -0.19193477387913688 1.1274620936467099 0.010504666363342933 0.080598562282689842 -0.018859572802116975 -0.071196135021071569 0.5882021077473959 0.11700776811473626 0.16385413426717502 0.033977669565785774 0.047362332223426729 -0.2359478486908807 -0.13271833629344162
leaf_weight=20 2221 2432 439 81 464 148 876 1289 96 122 4807 2668 20 717 443 130 642 1169 26 5231 3648 3203 994 60 605 1681 2227 84 90 289
leaf_count=20 2221 2432 439 81 464 148 876 1289 96 122 4807 2668 20 717 443 130 642 1169 26 5231 3648 3203 994 60 605 1681 2227 84 90 289
internal_value=0.000692301 0.0439905 -0.333763 0.185702 0.00436749 -0.698993 -0.258008 0.164452 -1.18304 0.689683 0.0395512 -0.0584683 -1.70635 0.241758 -0.587605 0.132464 -0.361619 -0.206025 0.881831 0.0136544 0.0638156 -0.0340221 -0.103749 0.487996 0.156228 0.151456 0.0175138 -0.0516694 -0.324993 -0.180197
internal_weight=36922 32690 4232 7143 25547 727 3505 6854 136 289 16377 9170 40 2006 591 4848 1171 2334 148 7922 8455 5955 3215 141 2416 2286 7458 2752 732 1458
internal_count=36922 32690 4232 7143 25547 727 3505 6854 136 289 16377 9170 40 2006 591 4848 1171 2334 148 7922 8455 5955 3215 141 2416 2286 7458 2752 732 1458
is_linear=0
shrinkage=0.05


Tree=10
num_leaves=31
num_cat=0
split_feature=299 299 299 299 299 299 44 187 299 299 299 299 299 299 230 299 299 2 259 250 285 288 246 15 299 299 187 251 293 185
split_gain=201006 66530 49113.9 27742.3 20502.3 16193.6 10321.8 12515.2 5908.63 4076.63 3917.79 3626.94 2299 2024.61 1588.63 1203.7 992.551 753.941 618.875 590.554 573.463 518.924 516.469 470.959 470.82 459.254 388.482 387.252 372.297 356.513
threshold=-8.3073458671569806 -1.0000000180025095e-35 -24.360757827758786 9.0691256523132342 -3.6554607152938838 -14.023072719573973 -10.351057052612303 -17.247379302978512 3.3303292989730839 16.419423103332523 -1.9278227686882017 -5.8569948673248282 -17.189076423645016 -11.280060291290281 -22.576896667480465 1.5171981453895571 5.3587667942047128 -3.2900831699371333 -2.3562438488006587 -3.0682839155197139 12.70163679122925 -5.098404884338378 -4.7684597969055167 1.2461982369422915 -2.7335941791534419 -19.79257774353027 8.4209413528442401 -0.34575584530830378 -7.8528056144714347 1.9940871596336367
decision_type=2 2 2 2 2 2 2 2 2 2 2 2 2 2 2 2 2 2 2 2 2 2 2 2 2 2 2 2 2 2
left_child=2 4 6 8 11 12 7 -1 15 26 17 22 25 21 23 27 -10 -6 -12 -13 -11 -7 -2 -8 -19 -4 -5 -3 -15 -21
right_child=1 3 5 9 10 13 14 -9 16 20 18 19 -14 28 -16 -17 -18 24 -20 29 -22 -23 -24 -25 -26 -27 -28 -29 -30 -31
leaf_value=-2.250377197265625 -0.11434536440558657 0.09543902170084051 -0.54352347587661998 0.38220867196174518 -0.053625488185371217 -0.2717973753133287 -0.89289146872127767 -0.81781773721018147 0.21318559465226949 0.76226476552535083 0.042210951272987345 -0.044913685979270986 -0.36047295291407577 -0.19251286828155229 -0.69086997672303085 0.16409198838338782 0.2962939202891739 0.0077293798414823124 0.073780454037892823 -0.018265486179984042 0.96768998366135828 -0.031560235438139544 -0.071496068357003464 -1.1590357000177558 0.031277615836069486 -0.45588883109714678 0.54319695621341857 0.12976280982211935 -0.14212903013463654 0.05876574310826959
leaf_weight=30 1972 1525 299 73 373 991 68 31 999 98 2169 3717 588 1249 146 1874 561 4434 5461 2240 52 23 1093 22 4072 299 77 1782 519 161
leaf_count=30 1972 1525 299 73 373 991 68 31 999 98 2169 3717 588 1249 146 1874 561 4434 5461 2240 52 23 1093 22 4072 299 77 1782 519 161
internal_value=0.000467178 0.0425352 -0.322396 0.178701 0.00521839 -0.275976 -0.942579 -1.52236 0.157763 0.649164 0.0385307 -0.0546697 -0.430677 -0.210025 -0.792722 0.132077 0.243073 0.0159514 0.0648061 -0.0324285 0.833479 -0.266348 -0.099065 -0.957949 0.0190024 -0.499706 0.464849 0.113935 -0.177723 -0.0131001
internal_weight=36998 32733 4265 7041 25692 3968 297 61 6741 300 16509 9183 1186 2782 236 5181 1560 8879 7630 6118 150 1014 3065 90 8506 598 150 3307 1768 2401
internal_count=36998 32733 4265 7041 25692 3968 297 61 6741 300 16509 9183 1186 2782 236 5181 1560 8879 7630 6118 150 1014 3065 90 8506 598 150 3307 1768 2401
is_linear=0
shrinkage=0.05


Tree=11
num_leaves=31
num_cat=0
split_feature=299 299 299 299 299 241 299 32 299 248 299 299 299 299 3 299 299 284 234 2 283 250 195 293 251 32 245 299 299 73
split_gain=181408 60072.1 44363.4 26822.9 15906.1 12184.9 11192.4 10359.8 7123.12 3722.17 3232.37 2316.32 1775.96 1563.58 1462.13 1380.9 908.852 704.277 664.185 540.019 508.295 492.499 457.242 429.977 370.24 359.856 356.881 338.218 329.453 328.14
threshold=-8.3073458671569806 -0.55757659673690785 -21.664108276367184 9.0691256523132342 -4.0585522651672354 -22.388072967529293 -13.46117067337036 -10.98666477203369 2.0515229701995854 20.380704879760746 -2.265336155891418 -5.8569948673248282 4.950881004333497 -17.189076423645016 2.7532811164855961 -10.999889850616453 0.71475285291671764 10.337306499481203 -2.4776253700256343 -2.90593409538269 -5.878410577774047 -1.6539731025695799 0.97542881965637218 -8.3483357429504377 2.1618366241455083 -4.9343018531799308 -1.5617966651916502 7.5308458805084237 -24.360757827758786 -3.2593377828598018
decision_type=2 2 2 2 2 2 2 2 2 2 2 2 2 2 2 2 2 2 2 2 2 2 2 2 2 2 2 2 2 2
left_child=2 4 5 8 11 7 13 -1 16 -5 18 20 24 -4 -9 23 26 -11 19 -6 -2 29 -13 -8 -10 -18 -3 -14 -7 -12
right_child=1 3 6 9 10 28 15 14 12 17 21 22 27 -15 -16 -17 25 -19 -20 -21 -22 -23 -24 -25 -26 -27 -28 -29 -30 -31
leaf_value=-1.9333281545928032 -0.11098671437753185 0.065166796856433132 -0.45203576552129426 0.43216638098229893 -0.064709152436256412 -0.64648467033140122 -0.24949987208676774 -0.81820626546101405 0.16260788871130352 0.6922235981801923 -0.0081876999745934698 -0.041095965616387752 0.25417081603456015 -0.33385599772135421 -1.2254948107401531 -0.16522793648931508 0.21450036714056961 0.90594209783217483 0.020275543760741782 -0.001990453948831811 -0.069543022442704591 0.063000595388390312 0.038760813369470487 -0.13326619685381311 0.20728689149246948 0.12508186816014619 0.099397132061346719 0.34135500681486064 -0.54106180970097939 0.042487127022566268
leaf_weight=33 1817 1088 452 143 375 155 931 83 1274 89 354 4326 557 735 30 1617 119 68 4308 4048 1248 3988 187 87 729 2065 2537 139 142 3274
leaf_count=33 1817 1088 452 143 375 155 931 83 1274 89 354 4326 557 735 30 1617 119 68 4308 4048 1248 3988 187 87 729 2065 2537 139 142 3274
internal_value=0.000443819 0.0404084 -0.306276 0.152044 -0.00069011 -0.779936 -0.251375 -1.15394 0.135659 0.616706 0.0270676 -0.0605681 0.202777 -0.378858 -0.926336 -0.193948 0.104474 0.78479 0.00630211 -0.007308 -0.0941118 0.0508733 -0.037787 -0.239566 0.178869 0.129954 0.0891233 0.271583 -0.59608 0.0375426
internal_weight=36998 32733 4265 8808 23925 443 3822 146 8508 300 16347 7578 2699 1187 113 2635 5809 157 8731 4423 3065 7616 4513 1018 2003 2184 3625 696 297 3628
internal_count=36998 32733 4265 8808 23925 443 3822 146 8508 300 16347 7578 2699 1187 113 2635 5809 157 8731 4423 3065 7616 4513 1018 2003 2184 3625 696 297 3628
is_linear=0
shrinkage=0.05


Tree=12
num_leaves=31
num_cat=0
split_feature=295 297 249 256 293 298 45 293 297 248 239 238 297 293 249 234 245 293 133 295 245 260 285 297 34 193 252 295 295 293
split_gain=159110 49899.7 37344.1 23991.7 17201.2 15774.6 11497.8 5949.69 3746.48 3464.98 2777.49 2738.65 1958.68 1713.23 991.275 956.052 880.596 874.834 841.017 835.558 823.676 728.735 673.164 604.436 557.355 505.261 475.239 442.819 407.646 382.437
threshold=-8.7987713813781721 -0.18482457846403119 -22.433983802795407 8.8180055618286151 -3.9640210866928096 -16.189028739929196 -10.017605781555174 1.7552305459976199 -5.5293731689453116 20.380704879760746 -1.7987512946128843 -8.8387675285339338 4.6944327354431161 -21.595141410827633 4.1001150608062753 -2.8684920072555538 -4.9918591976165763 -1.6454954147338865 -7.1604580879211417 -3.0158956050872798 -3.5462841987609859 0.13992296904325488 9.8565974235534686 -13.266593456268309 -5.8594949245452872 -4.4208693504333487 0.79446375370025646 -11.129146099090574 7.9428167343139657 -16.083856582641598
decision_type=2 2 2 2 2 2 2 2 2 2 2 2 2 2 2 2 2 2 2 2 2 2 2 2 2 2 2 2 2 2
left_child=2 4 6 7 8 13 -1 14 16 28 19 23 26 -4 21 25 -2 -12 -8 -6 27 -3 -11 -7 -17 -10 -9 -13 -5 -15
right_child=1 3 5 9 10 11 18 12 15 22 17 20 -14 29 -16 24 -18 -19 -20 -21 -22 -23 -24 -25 -26 -27 -28 -29 -30 -31
leaf_value=-1.8396975868626644 -0.11734059044613694 0.0728109831692655 -0.56132145125973187 0.32403821443256581 -0.0094342454043086915 -0.31804416431153376 -0.76173564033074825 0.12568021822666778 -0.069633662426768814 0.63475089263916018 0.034952146139283082 -0.22521976446798311 0.24777147020612444 -0.43536383616351665 0.22481751666552779 0.13810151597143899 -0.065251246869921509 0.068916203472586257 -1.1073692950335416 0.022826295265045506 -0.046986995255651559 0.11294458996870159 0.84142662186220463 -0.24506964083270946 -0.0049995425928981395 -0.030934063684077071 0.17568876003655864 -0.16349059696441437 0.49389260031960225 -0.34144591412074132
leaf_weight=38 2071 2828 289 76 3078 474 88 759 1284 75 3606 427 840 458 138 71 1334 3998 22 5769 121 1885 83 707 1634 2458 1270 909 66 142
leaf_count=38 2071 2828 289 76 3078 474 88 759 1284 75 3606 427 840 458 138 71 1334 3998 22 5769 121 1885 83 707 1634 2458 1270 909 66 142
internal_value=0.000421628 0.0348555 -0.311807 0.143535 0.000408789 -0.279157 -1.08989 0.126487 -0.0557916 0.582228 0.0306492 -0.217773 0.183564 -0.461309 0.0927303 -0.0300734 -0.0969332 0.0528096 -0.830862 0.0116024 -0.171906 0.0888627 0.743321 -0.274358 0.000959504 -0.0442131 0.156982 -0.18322 0.402985 -0.413137
internal_weight=36998 33323 3675 8020 25303 3527 148 7720 8852 300 16451 2638 2869 889 4851 5447 3405 7604 110 8847 1457 4713 158 1181 1705 3742 2029 1336 142 600
internal_count=36998 33323 3675 8020 25303 3527 148 7720 8852 300 16451 2638 2869 889 4851 5447 3405 7604 110 8847 1457 4713 158 1181 1705 3742 2029 1336 142 600
is_linear=0
shrinkage=0.05


Tree=13
num_leaves=31
num_cat=0
split_feature=293 293 297 74 297 235 298 44 122 293 298 297 293 239 249 239 294 235 247 238 240 135 253 247 298 251 291 277 250 180
split_gain=143593 43752.5 35691.7 19734.2 17046 12585.1 6631.48 6420.64 4735.6 3880.27 3823.8 3255.19 2098.05 1556.73 1472.87 1080.5 1044.03 855.562 815.823 794.622 760.766 734.211 732.362 684.387 500.044 438.126 400.133 398.603 344.35 339.05
threshold=-8.3483357429504377 0.65787285566329967 -19.770052909851071 13.199099063873293 -3.2966406345367427 -22.468946456909176 -13.291761875152586 -10.351057052612303 -12.46582508087158 -5.1488087177276602 3.3183517456054692 -1.4526209831237791 12.815897464752199 -7.9619739055633536 3.7425374984741215 -5.2950968742370597 5.8579373359680185 -0.64181005954742421 -2.6210956573486324 -3.2900086641311641 -12.851583957672117 -8.0422554016113263 -1.0000000180025095e-35 -3.6824126243591304 -24.435883522033688 -2.1817780733108516 5.1031672954559335 12.731166362762453 -3.9409084320068355 -5.8530545234680167
decision_type=2 2 2 2 2 2 2 2 2 2 2 2 2 2 2 2 2 2 2 2 2 2 2 2 2 2 2 2 2 2
left_child=2 4 5 10 9 7 20 8 -1 15 22 18 26 -8 17 -2 -12 25 29 -11 -4 -9 -3 -15 -7 -13 -5 -14 -17 -6
right_child=1 3 6 12 11 24 13 21 -10 19 16 14 27 23 -16 28 -18 -19 -20 -21 -22 -23 -24 -25 -26 -27 -28 -29 -30 -31
leaf_value=-2.0316140879755435 -0.10998547364765568 0.088128850584637083 -0.37642296726155172 0.33765704528145168 -0.060196255462270393 -0.57819637082657727 -0.22062483873651306 -0.71674882173538212 -1.046685321514423 -0.035649821508277967 0.18383035156413186 0.024774908273932094 0.69351629959909544 -0.15223285678176235 0.21097450715949739 -0.071435981494164746 0.27321836483810391 0.079492954936068602 0.031817672952837238 0.00092352175090889817 -0.28880287275926486 -1.0249297795472321 0.13500831826210444 -0.040087605542258216 -0.46786477450666758 0.057470978003977546 0.52359023705506935 0.89999852334299391 -0.035372870579686161 0.0049186637669031245
leaf_weight=23 1542 1384 426 46 213 159 1041 68 26 2575 1087 1552 95 1296 166 1771 467 3398 5565 3509 592 27 2093 152 290 3015 78 31 1057 3254
leaf_count=23 1542 1384 426 46 213 159 1041 68 26 2575 1087 1552 95 1296 166 1771 467 3398 5565 3509 592 27 2093 152 290 3015 78 31 1057 3254
internal_value=0.000400547 0.0351745 -0.278622 0.167036 0.00995966 -0.637381 -0.21796 -1.04412 -1.509 -0.0403728 0.14549 0.0406172 0.600625 -0.173989 0.0635671 -0.0763158 0.210693 0.060495 0.0199567 -0.0145558 -0.325469 -0.804337 0.116348 -0.140461 -0.506935 0.0463599 0.454615 0.744317 -0.0579569 0.000918238
internal_weight=36998 32898 4100 5281 27617 593 3507 144 49 10454 5031 17163 250 2489 8131 4370 1554 7965 9032 6084 1018 95 3477 1448 449 4567 124 126 2828 3467
internal_count=36998 32898 4100 5281 27617 593 3507 144 49 10454 5031 17163 250 2489 8131 4370 1554 7965 9032 6084 1018 95 3477 1448 449 4567 124 126 2828 3467
is_linear=0
shrinkage=0.05


Tree=14
num_leaves=31
num_cat=0
split_feature=299 299 299 299 299 299 299 45 299 129 254 299 299 299 299 299 299 2 283 285 259 299 234 15 241 41 239 2 249 248
split_gain=134549 43975.2 34843.6 18519.3 12589.5 11598.1 7346.25 6353.44 3972.29 3817.99 2721.5 2327.59 2178.07 1113.61 899.718 762.989 721.818 561.811 498.73 486.972 389.822 389.001 359.996 329.195 313.684 284.581 282.751 278.913 261.247 253.446
threshold=-7.788407325744628 1.0000000180025095e-35 -19.79257774353027 9.0691256523132342 -3.3651820421218868 -29.027898788452145 -12.512019634246824 -10.017605781555174 3.1196570396423344 -12.489722728729246 18.734885215759281 -5.0816543102264395 -1.776526868343353 -15.388754367828367 -10.410814762115477 5.3587667942047128 1.3377713561058047 -3.2900831699371333 -5.8078286647796622 9.8565974235534686 -2.9198870658874507 -24.360757827758786 -2.295269131660461 1.4993544816970827 -5.4845805168151847 -5.2123842239379874 -2.3990479707717891 -2.3162052631378169 -1.8295813202857969 0.65272027254104625
decision_type=2 2 2 2 2 2 2 2 2 2 2 2 2 2 2 2 2 2 2 2 2 2 2 2 2 2 2 2 2 2
left_child=2 4 5 8 11 7 13 9 16 -1 -5 18 17 -4 -8 -10 27 -6 -2 -12 -14 -7 -13 -9 -16 -18 -20 -3 -19 -22
right_child=1 3 6 10 12 21 14 23 15 -11 19 22 20 -15 24 -17 25 28 26 -21 29 -23 -24 -25 -26 -27 -28 -29 -30 -31
leaf_value=-1.9917312622070313 -0.083125389261007432 0.055124296617895155 -0.34522978966977419 0.37700742956710193 -0.045151974373432227 -0.54422513521634619 -0.18873966038227083 -0.72526072025299071 0.17275892291152686 -1.0728391207181491 0.58342076407538523 -0.025344795785162962 0.030448149783270703 -0.25307365103943708 -0.14184464326395657 0.24398639971347205 0.21109988655362813 0.01317711464866134 -0.058187955661862203 0.76162143800316784 0.05699820567098484 -0.44395929547057905 0.0013931311170802367 -0.93848428622536051 -0.092851812349456012 0.12656765984050694 -0.013710280617756466 0.098575207383214208 0.03200393436459361 0.088645573898369953
leaf_weight=20 2081 431 595 146 344 143 1024 85 1140 26 72 4024 1274 730 1331 561 105 4997 1678 82 4919 299 1832 23 433 1923 454 2581 2919 726
leaf_count=20 2081 431 595 146 344 143 1024 85 1140 26 72 4024 1274 730 1331 561 105 4997 1678 82 4919 299 1832 23 433 1923 454 2581 2919 726
internal_value=0.000380519 0.0367937 -0.2493 0.147289 0.00597956 -0.606592 -0.197526 -0.980265 0.130182 -1.47236 0.531674 -0.0373704 0.0347358 -0.294457 -0.15146 0.19625 0.107884 0.0174011 -0.0657127 0.678307 0.0554302 -0.476398 -0.0169801 -0.770669 -0.129819 0.130944 -0.0487166 0.0923576 0.0201194 0.0610684
internal_weight=36998 32289 4709 7041 25248 596 4113 154 6741 46 300 10069 15179 1325 2788 1701 5040 8260 4213 154 6919 442 5856 108 1764 2028 2132 3012 7916 5645
internal_count=36998 32289 4709 7041 25248 596 4113 154 6741 46 300 10069 15179 1325 2788 1701 5040 8260 4213 154 6919 442 5856 108 1764 2028 2132 3012 7916 5645
is_linear=0
shrinkage=0.05


Tree=15
num_leaves=31
num_cat=0
split_feature=299 299 299 299 299 299 299 40 185 299 248 299 299 299 299 299 13 278 250 191 234 299 238 299 34 293 242 32 293 282
split_gain=118092 39137.2 30849.2 16025.2 11436.9 10515.1 6505.85 6233.52 7635.05 3435.61 2690.46 2160.69 2017.34 968.166 949.833 822.461 644.71 531.606 440.193 429.708 422.026 414.18 361.365 355.58 301.756 313.284 290.277 282.319 300.807 268.982
threshold=-7.788407325744628 0.043194096535444267 -19.79257774353027 9.0691256523132342 -3.3962023258209224 -29.027898788452145 -12.512019634246824 -12.09346294403076 -17.502517700195309 4.028541326522828 20.380704879760746 -5.4159798622131339 -1.776526868343353 -15.388754367828367 1.7245269417762759 -10.046202659606932 0.75916454195976268 12.829772949218752 4.6421360969543466 -4.7040832042694083 -1.4455267786979673 -24.360757827758786 -5.2648682594299308 -4.5567967891693106 -5.1878223419189444 0.30926506221294409 -4.6180422306060782 -4.5539953708648673 0.5898210108280183 -2.1669783592224117
decision_type=2 2 2 2 2 2 2 2 2 2 2 2 2 2 2 2 2 2 2 2 2 2 2 2 2 2 2 2 2 2
left_child=2 4 5 9 11 7 13 8 -1 14 -5 22 19 -4 24 -8 -9 -12 -11 -6 -14 -7 -2 -13 -3 -26 -17 -16 -29 -21
right_child=1 3 6 10 12 21 15 16 -10 18 17 23 20 -15 27 26 -18 -19 -20 29 -22 -23 -24 -25 25 -27 -28 28 -30 -31
leaf_value=-2.0745097284731657 -0.088103698443302889 0.16837131693249657 -0.32692332767940069 0.35024878460427988 -0.025487201404798505 -0.52419886022180939 -0.17552448391501879 -0.6336630575118527 -0.73874069213867188 0.18450759101238984 0.61168498023081641 -0.036153563528235511 0.03848173821514303 -0.24023053235244235 0.2195433837672075 -0.13029270838237178 -0.89740121686780783 0.85402284349714008 0.25365465464799303 0.01178911373039849 0.063364230169052571 -0.42016147494728595 -0.055033477507479445 -0.010769428086878653 0.074869421851889495 0.10568902373541258 -0.075506350114232013 0.096025205986727105 0.14283862600550834 0.030719566962305003
leaf_weight=23 1345 126 572 138 572 143 1156 62 20 807 118 2021 2970 737 96 1361 37 28 322 4661 3998 289 2141 4347 1733 1573 294 451 1435 3141
leaf_count=23 1345 126 572 138 572 143 1156 62 20 807 118 2021 2970 737 96 1361 37 28 322 4661 3998 289 2141 4347 1733 1573 294 451 1435 3141
internal_value=0.00032665 0.0346577 -0.233884 0.140848 0.00588483 -0.577294 -0.18604 -0.95056 -1.45322 0.124888 0.508542 -0.0361485 0.0328824 -0.278113 0.108343 -0.143164 -0.732232 0.658161 0.204229 0.0163435 0.0527585 -0.4546 -0.0677929 -0.0188255 0.0924278 0.0895334 -0.12056 0.135902 0.131644 0.0194103
internal_weight=36717 32023 4694 6827 25196 574 4120 142 43 6543 284 9854 15342 1309 5414 2811 99 146 1129 8374 6968 432 3486 6368 3432 3306 1655 1982 1886 7802
internal_count=36717 32023 4694 6827 25196 574 4120 142 43 6543 284 9854 15342 1309 5414 2811 99 146 1129 8374 6968 432 3486 6368 3432 3306 1655 1982 1886 7802
is_linear=0
shrinkage=0.05


Tree=16
num_leaves=31
num_cat=0
split_feature=299 299 299 299 299 299 299 40 185 299 243 299 299 299 299 251 3 190 283 280 299 299 45 234 246 258 34 293 299 294
split_gain=106676 34300.5 29343.8 14258.5 9619.37 9489.89 6670.81 5625.75 6890.64 2948.71 2437.7 2146.97 1486.8 951.718 883.164 774.474 561.442 493.634 484.658 442.24 426.191 373.798 341.287 340.061 320.229 298.46 295.963 261.968 258.681 248.946
threshold=-7.3493459224700919 0.14925212413072589 -19.79257774353027 9.0691256523132342 -3.0531516075134273 -29.027898788452145 -12.512019634246824 -12.09346294403076 -17.502517700195309 4.028541326522828 19.407554626464847 -4.7200934886932364 -1.1875587701797483 -10.046202659606932 -16.247627258300778 0.94758921861648571 2.7532811164855961 -1.6340239644050596 -5.2615475654602042 9.8120484352111834 6.5707802772521982 -24.360757827758786 3.5083280801773076 -2.4022470712661739 -2.802345752716064 -10.627914428710936 -3.8227486610412593 0.30926506221294409 1.7245269417762759 -4.6792049407958975
decision_type=2 2 2 2 2 2 2 2 2 2 2 2 2 2 2 2 2 2 2 2 2 2 2 2 2 2 2 2 2 2
left_child=2 4 5 9 11 7 14 8 -1 15 -5 18 17 29 -4 27 -9 22 -2 -12 -11 -7 -6 -13 -15 -16 -17 -3 -28 -8
right_child=1 3 6 10 12 21 13 16 -10 20 19 23 -14 24 25 26 -18 -19 -20 -21 -22 -23 -24 -25 -26 -27 28 -29 -30 -31
leaf_value=-1.9707843282948372 -0.067726450863535195 0.076278973969380395 -0.3233358750320936 0.33867575327555338 0.016558802634022565 -0.49798891294252629 -0.17005416725656153 -0.61522521131178909 -0.70180297851562501 0.17633346341690928 0.57251253423002579 -0.016717843235552962 0.058869733438966315 -0.11436198016027802 -0.25669181166024047 0.20339771807193757 -0.87197188715780938 0.03669640989136902 -0.035441873013379352 0.76515105491460755 0.24738413311832741 -0.39915334312148576 -0.04282061637616625 0.0069702001259016738 -0.018936570928148603 -0.19546271849780195 0.10207916163914912 0.10489052717017118 0.1407386415979455 -0.0038956997187241265
leaf_weight=23 2455 1699 426 144 4741 143 1133 68 20 848 97 4115 4640 1981 580 128 31 4259 2208 43 281 289 255 2398 92 303 740 1512 1042 23
leaf_count=23 2455 1699 426 144 4741 143 1133 68 20 848 97 4115 4640 1981 580 128 31 4259 2208 43 281 289 255 2398 92 303 740 1512 1042 23
internal_value=0.000310318 0.0345861 -0.2116 0.136619 0.00799442 -0.548429 -0.168996 -0.903032 -1.38056 0.120874 0.483115 -0.0265393 0.0357705 -0.130398 -0.264207 0.104748 -0.695621 0.0241897 -0.0524392 0.63168 0.194017 -0.43187 0.013528 -0.00799622 -0.110127 -0.235681 0.12996 0.0897516 0.124685 -0.166748
internal_weight=36717 31605 5112 6534 25071 574 4538 142 43 6250 284 11176 13895 3229 1309 5121 99 9255 4663 140 1129 432 4996 6513 2073 883 1910 3211 1782 1156
internal_count=36717 31605 5112 6534 25071 574 4538 142 43 6250 284 11176 13895 3229 1309 5121 99 9255 4663 140 1129 432 4996 6513 2073 883 1910 3211 1782 1156
is_linear=0
shrinkage=0.05


Tree=17
num_leaves=31
num_cat=0
split_feature=299 299 299 248 249 299 44 299 299 299 57 299 299 254 299 127 299 238 260 279 293 239 190 249 295 74 249 293 41 290
split_gain=96293.7 30693.2 26986.7 12445.5 9977.41 9367.65 7873.49 5090.91 3510.82 2230.38 2139.41 1325.03 862.386 789.936 738.639 619.936 563.558 512.784 447.954 438.276 436.532 375.11 349.28 281.816 267.998 264.085 259.739 254.275 248.6 235.83
threshold=-7.2239522933959952 0.47543841600418096 -18.415507316589352 20.380704879760746 -22.433983802795407 -2.7609720230102535 -10.351057052612303 -11.601910114288328 4.950881004333497 -4.7200934886932364 -9.0153088569641096 -1.1236641407012937 -15.388754367828367 6.9938673973083505 1.9397890567779543 -7.3365502357482901 -24.360757827758786 -7.0667691230773917 -3.6539641618728633 12.393492221832277 -9.9335126876831037 -3.8627556562423702 -1.6340239644050596 0.13691482692956927 9.4017944335937518 -3.5829170942306514 3.2259000539779668 -7.0292947292327872 -4.689523220062255 -1.9451916217803953
decision_type=2 2 2 2 2 2 2 2 2 2 2 2 2 2 2 2 2 2 2 2 2 2 2 2 2 2 2 2 2 2
left_child=2 5 4 8 6 9 10 12 14 21 -1 22 -4 -10 28 -8 -6 -9 25 -5 -14 -2 -7 -13 -15 -11 -16 -19 -3 -20
right_child=1 3 7 19 16 11 15 17 13 18 -12 23 20 24 26 -17 -18 27 29 -21 -22 -23 -24 -25 -26 -27 -28 -29 -30 -31
leaf_value=-1.8211972045898439 -0.061476305899273546 0.16307112790387254 -0.28451847461385465 0.55371515242779845 -0.47291647634198591 0.016573665081972219 -0.56326455652713781 -0.14221578620641068 0.19473511605727964 -0.050451914777517752 -1.0898611450195312 0.052702524442830995 -0.21414918625249274 0.27159489851731522 0.12267402237404941 -0.87449609518051163 -0.36118211861116345 -0.11210831000438404 -0.0018171172059258459 0.78351654052734387 -0.12457111641100259 -0.032445289812400295 0.037517147882442051 0.079779536799183037 0.4016259578236363 -0.012722970219659503 0.16616945754650028 -0.074004860056285635 0.088149123741803989 0.023247476473872392
leaf_weight=20 2532 116 436 122 155 4046 80 1033 656 561 20 3949 1017 130 1701 20 415 1223 3579 25 157 1985 3919 1270 57 2677 430 682 2432 1272
leaf_count=20 2532 116 436 122 155 4046 80 1033 656 561 20 3949 1017 130 1701 20 415 1223 3579 25 157 1985 3919 1270 57 2677 430 682 2432 1272
internal_value=0.000294802 0.0333982 -0.197766 0.138738 -0.484458 0.0102432 -0.862659 -0.153009 0.12665 -0.0205741 -1.45553 0.0397094 -0.22447 0.220577 0.109728 -0.625511 -0.391566 -0.113849 -0.0048579 0.592797 -0.20217 -0.0487186 0.0268784 0.0592915 0.31123 -0.0192597 0.131451 -0.0984671 0.09156 0.00475517
internal_weight=36717 31459 5258 5669 710 25790 140 4548 5522 12606 40 13184 1610 843 4679 100 570 2938 8089 147 1174 4517 7965 5219 187 3238 2131 1905 2548 4851
internal_count=36717 31459 5258 5669 710 25790 140 4548 5522 12606 40 13184 1610 843 4679 100 570 2938 8089 147 1174 4517 7965 5219 187 3238 2131 1905 2548 4851
is_linear=0
shrinkage=0.05


Tree=18
num_leaves=31
num_cat=0
split_feature=299 299 299 241 299 299 2 299 292 299 299 40 299 299 299 258 252 260 13 233 293 283 2 294 259 246 246 183 42 2
split_gain=86955.8 27003.5 25615.6 11070.1 10094.2 8042.72 5148.97 4216.56 2011.63 1933.1 1861.53 1159.79 1066.23 674.388 563.232 496.644 457.074 418.418 362.136 352.572 350.96 324.263 321.487 307.697 288.854 263.61 241.698 227.957 217.537 217.151
threshold=-6.9159455299377433 0.58841234445571911 -17.189076423645016 9.2576136589050311 -29.027898788452145 -2.5738232135772701 4.2949552536010751 -11.280060291290281 12.925746917724611 4.2882292270660409 -4.5567967891693106 -12.09346294403076 -1.0924878716468809 -21.664108276367184 -14.023072719573973 -8.3822913169860822 0.85414445400238048 -3.7267558574676509 1.0419837832450869 9.9374189376831072 6.6257569789886483 -4.7136023044586173 -2.90593409538269 -7.7449123859405509 -2.9198870658874507 -1.4769488573074339 -3.0540022850036617 -1.4309041500091551 -3.1929031610488887 -3.1760934591293331
decision_type=2 2 2 2 2 2 2 2 2 2 2 2 2 2 2 2 2 2 2 2 2 2 2 2 2 2 2 2 2 2
left_child=2 5 4 9 6 10 11 14 19 16 21 -1 25 -6 -4 -9 -3 22 -13 -5 -11 -2 -12 -16 -14 29 -17 -19 -18 -7
right_child=1 3 7 8 13 12 -8 15 -10 20 17 18 24 -15 23 26 28 27 -20 -21 -22 -23 -24 -25 -26 -27 -28 -29 -30 -31
leaf_value=-0.97899475097656252 -0.052814115812620077 0.087892302652163065 -0.24049085993255301 0.2469307157728407 -0.41454114412006576 -0.029265079668590002 -1.4675231323242188 -0.13264183308084376 0.60358478001185834 0.16128959262912923 -0.061273792878586378 -0.52932857051491744 0.031243886929388121 -0.31549879959494082 -0.18547186745373112 -0.094049464419823772 0.18274663597790164 -0.00038892901684224487 -0.74491978202547349 0.39203889465332031 0.22641137289105831 -0.025697790445493803 -0.0108026226185962 -0.066900729721990126 0.062642455321495691 0.040180615973068198 -0.034292824400345916 0.021509644319439494 0.11657835845975124 0.02284330795406295
leaf_weight=25 2619 2282 578 72 285 210 25 926 112 704 357 64 876 433 966 2106 134 3896 28 100 293 1904 2715 58 4471 2712 184 1710 1701 4171
leaf_count=25 2619 2282 578 72 285 210 25 926 112 704 357 64 876 433 966 2106 134 3896 28 100 293 1904 2715 58 4471 2712 184 1710 1701 4171
internal_value=0.000280062 0.0331902 -0.179624 0.134833 -0.430992 0.0117921 -0.816181 -0.134756 0.438677 0.117959 -0.0153917 -0.677006 0.0406389 -0.354812 -0.20103 -0.101743 0.102832 -0.00183656 -0.594943 0.331296 0.180428 -0.0413992 -0.0166679 -0.178756 0.0574984 0.0279295 -0.0892481 0.0062908 0.12141 0.0203455
internal_weight=36717 31039 5678 5398 860 25641 142 4818 284 5114 13201 117 12440 718 1602 3216 4117 8678 92 172 997 4523 3072 1024 5347 7093 2290 5606 1835 4381
internal_count=36717 31039 5678 5398 860 25641 142 4818 284 5114 13201 117 12440 718 1602 3216 4117 8678 92 172 997 4523 3072 1024 5347 7093 2290 5606 1835 4381
is_linear=0
shrinkage=0.05


Tree=19
num_leaves=31
num_cat=0
split_feature=299 299 299 242 240 299 2 299 299 299 25 299 299 299 257 238 244 193 195 2 279 246 299 299 23 295 291 255 294 252
split_gain=78560.8 26080.2 20528.2 11687 7237.91 6296.31 5248.66 4319.01 3297.11 1747.76 1448.22 1364.84 862.468 833.91 704.506 593.238 431.463 362.218 349.822 319.547 297.501 283.123 281.763 277.879 274.769 261.697 248.337 244.247 229.887 227.377
threshold=-7.788407325744628 -0.60064905881881703 -19.79257774353027 10.211637973785402 -22.271720886230465 -4.0182733535766593 4.2949552536010751 -12.512019634246824 2.0515229701995854 16.419423103332523 -6.8920862674713126 -2.265336155891418 5.3587667942047128 -6.0187621116638175 -11.625873565673826 -7.0667691230773917 1.3367515802383425 -4.6557617187499991 0.97542881965637218 -2.6725289821624751 12.393492221832277 -1.4769488573074339 -16.247627258300778 -24.360757827758786 0.037895554676651962 7.9428167343139657 -0.67153158783912648 0.24850238859653476 -5.3029661178588858 -8.3659729957580549
decision_type=2 2 2 2 2 2 2 2 2 2 2 2 2 2 2 2 2 2 2 2 2 2 2 2 2 2 2 2 2 2
left_child=2 5 4 8 6 13 10 14 16 25 -1 17 27 -2 22 29 19 -7 -15 -3 -11 -13 -4 -6 -12 -5 -19 -10 -17 -9
right_child=1 3 7 9 23 11 -8 15 12 20 24 21 -14 18 -16 28 -18 26 -20 -21 -22 -23 -24 -25 -26 -27 -28 -29 -30 -31
leaf_value=-0.97687325110802292 -0.063219801861306893 0.023332591573310371 -0.28826855956358688 0.23270203795614122 -0.42561676025390627 -0.030758151989183302 -1.4749943940535837 -0.15678823880912846 0.089515652513911581 0.5071291052776834 -0.49753891974687581 0.024683877402736296 0.18912882402908704 -0.029432898123679004 -0.18001949725026836 -0.10178872430573274 0.097065226865655274 0.0047678949881279865 0.039584835768306716 0.0673230109342179 0.69440782987154448 0.04432702881843073 -0.22896953717174148 -0.34154034530907351 -0.69029063811668989 0.36873176097869875 0.03844650466297124 0.13052090707934247 -0.035954871545640789 -0.1132123340025834
leaf_weight=26 2300 457 363 79 150 679 23 847 468 115 64 4030 605 4737 499 1354 1163 7259 191 4270 26 3367 447 285 26 64 592 1621 147 463
leaf_count=26 2300 457 363 79 150 679 23 847 468 115 64 4030 605 4737 499 1354 1163 7259 191 4270 26 3367 447 285 26 64 592 1621 147 463
internal_value=0.000266059 0.0282675 -0.190763 0.10118 -0.470897 0.000343008 -0.78499 -0.151734 0.0907397 0.416749 -0.648179 0.0179074 0.136559 -0.0383603 -0.226754 -0.1168 0.0697825 0.00427734 -0.0267579 0.0630701 0.541663 0.0336251 -0.255544 -0.370532 -0.553223 0.293582 0.00730741 0.121334 -0.0953413 -0.141387
internal_weight=36717 32023 4694 8868 574 23155 139 4120 8584 284 116 15927 2694 7228 1309 2811 5890 8530 4928 4727 141 7397 810 435 90 143 7851 2089 1501 1310
internal_count=36717 32023 4694 8868 574 23155 139 4120 8584 284 116 15927 2694 7228 1309 2811 5890 8530 4928 4727 141 7397 810 435 90 143 7851 2089 1501 1310
is_linear=0
shrinkage=0.05


Tree=20
num_leaves=31
num_cat=0
split_feature=299 299 299 249 299 249 42 299 299 299 299 72 250 299 299 293 190 250 293 299 293 293 293 2 284 299 39 295 241 2
split_gain=70334.5 23080.2 18230 8952.25 7499.17 6238.22 4459.89 2954.07 1798.46 1454.82 1393.2 801.02 784.907 585.156 556.261 383.798 374.552 361.376 328.503 287.727 286.18 280.543 277.955 265.271 254.504 241.654 214.031 194.697 189.848 189.751
threshold=-7.2239522933959952 0.71475285291671764 -17.189076423645016 10.309937477111818 -2.5738232135772701 -22.433983802795407 -11.300307750701903 -10.999889850616453 -4.5567967891693106 16.419423103332523 4.2882292270660409 -1.0525202155113218 -0.78124424815177906 -21.664108276367184 -12.933314323425291 -3.9640210866928096 -2.5987495183944698 3.28499448299408 -10.224141597747801 -1.0924878716468809 6.6257569789886483 -7.8528056144714347 1.7552305459976199 -3.2900831699371333 10.337306499481203 -0.46835529804229731 4.5309853553771982 4.3802716732025155 -6.6251273155212393 -3.392934918403625
decision_type=2 2 2 2 2 2 2 2 2 2 2 2 2 2 2 2 2 2 2 2 2 2 2 2 2 2 2 2 2 2
left_child=2 4 5 10 8 6 -1 14 15 27 17 -8 19 -7 18 28 23 22 -4 29 -12 -9 -3 -10 -11 -14 -26 -5 -2 -6
right_child=1 3 7 9 12 13 11 21 16 24 20 -13 25 -15 -16 -17 -18 -19 -20 -21 -22 -23 -24 -25 26 -27 -28 -29 -30 -31
leaf_value=-1.2926591796875 -0.075597702382463161 0.078189013005473998 -0.21655264547108996 0.175741882622242 -0.027013498177895182 -0.37401656726799393 -0.48728732419817639 -0.10894428728684598 -0.057785426370752679 0.43833495182777527 0.14470067136817508 -0.830594943818592 0.044866368043376674 -0.28384862430477792 -0.15021626292165702 -0.01618052001036174 0.0067720462739101197 0.13713721073350532 -0.10894629771892841 0.040740120927132632 0.20367423958248565 -0.0760413288362356 0.10759237307202385 -0.010130206944976496 0.65815267305116398 0.069093743843318969 0.49027918791159603 0.31544920786292152 -0.04343134191803192 0.023214570362954847
leaf_weight=25 535 2036 782 32 195 303 89 1438 318 67 720 21 2590 443 878 1266 4880 458 78 2979 288 1179 1328 3574 37 1708 39 113 3217 5262
leaf_count=25 535 2036 782 32 195 303 89 1438 318 67 720 21 2590 443 878 1266 4880 458 78 2979 288 1179 1328 3574 37 1708 39 113 3217 5262
internal_value=0.000105166 0.0281943 -0.169642 0.125408 0.00943624 -0.377071 -0.689834 -0.12768 -0.0161118 0.396217 0.10926 -0.552828 0.0371029 -0.320472 -0.178212 -0.0399856 -0.0024548 0.0954695 -0.206793 0.0282423 0.16155 -0.094121 0.0897965 -0.0140239 0.509377 0.0544942 0.572007 0.284617 -0.048018 0.0214197
internal_weight=36878 31642 5236 5118 26524 881 135 4355 13790 288 4830 110 12734 746 1738 5018 8772 3822 860 8436 1008 2617 3364 3892 143 4298 76 145 3752 5457
internal_count=36878 31642 5236 5118 26524 881 135 4355 13790 288 4830 110 12734 746 1738 5018 8772 3822 860 8436 1008 2617 3364 3892 143 4298 76 145 3752 5457
is_linear=0
shrinkage=0.05


Tree=21
num_leaves=31
num_cat=0
split_feature=295 293 296 63 293 249 42 295 294 239 297 293 41 70 239 243 246 249 295 249 258 234 245 291 246 200 193 128 150 246
split_gain=62096.7 20134.7 14068 8846.57 7171.59 5030.53 3997.33 2274.36 1736.5 1691.75 1447.84 890.36 768.056 719.145 568.055 497.392 429.138 425.469 417.174 412.564 403.85 382.971 378.263 360.061 321.845 316.324 240.963 218.003 222.25 209.036
threshold=-8.0749664306640607 0.5898210108280183 -18.349162101745602 13.477138519287111 -3.7048530578613277 -22.433983802795407 -11.300307750701903 -12.506492614746092 3.922391533851624 -1.2642113566398618 -4.7530124187469474 12.815897464752199 -5.2123842239379874 -2.38425600528717 -7.5272977352142325 0.70272397994995128 -6.1327402591705313 3.7425374984741215 -2.9322602748870845 5.7991163730621347 -12.837898254394529 -0.87297526001930226 -2.363066434860229 -1.0277264714241026 -18.916063308715817 -2.8364793062210079 -4.0660004615783683 -0.82275161147117604 -5.3983507156372061 -2.5130351781845088
decision_type=2 2 2 2 2 2 2 2 2 2 2 2 2 2 2 2 2 2 2 2 2 2 2 2 2 2 2 2 2 2
left_child=2 4 5 8 10 6 -1 20 15 18 16 -5 25 -8 -9 -3 -2 23 -6 -10 -4 26 -16 -11 -7 -12 -14 -20 -29 -22
right_child=1 3 7 11 9 24 13 14 19 17 12 -13 21 -15 22 -17 -18 -19 27 -21 29 -23 -24 -25 -26 -27 -28 28 -30 -31
leaf_value=-1.228026123046875 -0.074560561680775156 0.062345321928592323 -0.23445875418132248 0.31321574707031252 -0.0031767579043945043 -0.38239222788970745 -0.45150652988641354 -0.13891188970125054 0.13733209709171207 0.030505061916660227 -0.016049748080524992 0.50429749048056727 -0.037774917481305161 -0.74545414115169217 -0.095548301445621264 0.098395001963322168 -0.04013283651110805 0.13604747493092606 0.01278067155040508 0.21617610815799601 -0.1789731421544036 0.036093452490995388 0.019423967825346874 0.053419434516140556 -0.29753873001542402 0.13679442289631724 -0.011735640147757513 0.12196170756450067 0.028275094248220018 -0.039531577990523412
leaf_weight=25 1281 1783 442 125 3097 149 81 1004 1024 3352 47 119 1196 28 1219 2065 3085 123 5293 198 670 346 76 3509 447 121 3455 65 2425 28
leaf_count=25 1281 1783 442 125 3097 149 81 1004 1024 3352 47 119 1196 28 1219 2065 3085 123 5293 198 670 346 76 3509 447 121 3455 65 2425 28
internal_value=9.99074e-05 0.0232633 -0.181635 0.112334 0.00598572 -0.380989 -0.657801 -0.139318 0.0981811 0.024672 -0.029038 0.406407 -0.0111209 -0.527016 -0.110685 0.0816911 -0.0502341 0.0438768 0.0123441 0.150107 -0.197061 -0.0146562 -0.0888009 0.0422244 -0.318752 0.0940344 -0.0184316 0.0185202 0.0307207 -0.173379
internal_weight=36878 32709 4169 5314 27395 730 134 3439 5070 17864 9531 244 5165 109 2299 3848 4366 6984 10880 1222 1140 4997 1295 6861 596 168 4651 7783 2490 698
internal_count=36878 32709 4169 5314 27395 730 134 3439 5070 17864 9531 244 5165 109 2299 3848 4366 6984 10880 1222 1140 4997 1295 6861 596 168 4651 7783 2490 698
is_linear=0
shrinkage=0.05


Tree=22
num_leaves=31
num_cat=0
split_feature=299 299 299 256 299 249 42 299 299 292 299 299 74 299 299 190 293 34 293 129 292 2 246 283 295 299 234 234 252 279
split_gain=57566.3 19203.6 14541.8 7209.47 6523.03 5066.08 3632.16 2274.48 1593.9 1182.06 1100.78 684.683 666.311 487.402 407.904 398.327 395.201 316.906 347.61 312.682 300.883 257.355 253.409 236.615 227.665 210.482 207.909 198.457 185.565 180.285
threshold=-7.3493459224700919 0.78766155242919933 -17.189076423645016 8.8180055618286151 -2.5738232135772701 -22.433983802795407 -11.300307750701903 -11.882213115692137 -4.8988914489746085 12.925746917724611 4.2882292270660409 -0.95797675848007191 -1.0650342106819151 -21.664108276367184 -9.224357604980467 -2.5987495183944698 -10.224141597747801 -5.4883217811584464 0.65787285566329967 29.97021579742432 -4.9574310779571524 -2.90593409538269 -1.5622419118881223 4.862812042236329 -5.1955068111419669 7.5308458805084237 -1.3920016288757322 0.43226242065429693 -12.268057346343992 12.393492221832277
decision_type=2 2 2 2 2 2 2 2 2 2 2 2 2 2 2 2 2 2 2 2 2 2 2 2 2 2 2 2 2 2
left_child=2 4 5 10 8 6 -1 16 20 25 17 26 -8 -7 24 21 28 -3 -19 -11 -2 -10 -13 -12 -9 -5 -6 -17 -4 -21
right_child=1 3 7 9 11 13 12 14 15 19 23 22 -14 -15 -16 27 -18 18 -20 29 -22 -23 -24 -25 -26 -27 -28 -29 -30 -31
leaf_value=-1.166625 -0.051059943615687824 0.15649061277045967 -0.21200904907907386 0.16689252853393555 0.017665391937954817 -0.33861947075368548 -0.44095810466342505 -0.11781518304913829 -0.051364778337024512 0.30452468872070315 0.12357436436733216 0.033228305663923617 -0.76001531124114996 -0.25632704525984168 -0.076076740361497031 0.0027420485910564282 -0.099276215353129832 0.06283400851064147 0.096005507044497354 0.48534902237557082 -0.023618852961866832 -0.011122846981776745 0.056363569782021998 0.17206226853299733 -0.0045413325662198275 0.3048084829792832 0.034317645844111615 0.043148275480169467 -0.16881452647319256 0.65134053457350971
leaf_weight=25 2673 161 367 35 4513 303 90 1243 441 20 524 1840 20 443 1619 4895 162 1195 2329 74 1595 4009 3318 484 46 132 3206 324 771 21
leaf_count=25 2673 161 367 35 4513 303 90 1243 441 20 524 1840 20 443 1619 4895 162 1195 2329 74 1595 4009 3318 484 46 132 3206 324 771 21
internal_value=9.49121e-05 0.0250896 -0.156037 0.115311 0.00835028 -0.340757 -0.622609 -0.117364 -0.0153545 0.360853 0.100556 0.0340064 -0.498969 -0.289751 -0.0927859 -0.00412049 -0.172343 0.087891 0.0847569 0.484213 -0.0408049 -0.0151109 0.0481106 0.146856 -0.113773 0.275904 0.0245817 0.0052505 -0.182745 0.522042
internal_weight=36878 31789 5089 4975 26814 881 135 4208 13937 282 4693 12877 110 746 2908 9669 1300 3685 3524 115 4268 4450 5158 1008 1289 167 7719 5219 1138 95
internal_count=36878 31789 5089 4975 26814 881 135 4208 13937 282 4693 12877 110 746 2908 9669 1300 3685 3524 115 4268 4450 5158 1008 1289 167 7719 5219 1138 95
is_linear=0
shrinkage=0.05


Tree=23
num_leaves=31
num_cat=0
split_feature=295 294 296 63 297 245 42 251 237 234 294 292 74 283 292 247 245 34 135 295 255 243 297 243 41 294 285 67 245 9
split_gain=50678.4 16056.4 11493 6881.42 6408.9 4026.15 2479.31 2065.16 1901.38 1236.13 1210.32 833.096 777.999 570.25 515.057 500.518 472.45 423.136 417.45 357.098 335.035 325.695 292.287 276.831 255.251 245.639 221.254 198.382 191.858 187.871
threshold=-8.0749664306640607 1.0484829545021059 -18.349162101745602 13.477138519287111 -2.6618268489837642 -22.334909439086911 -11.300307750701903 -4.3441650867462149 -9.4802608489990217 -0.16658467054367063 3.922391533851624 12.925746917724611 -0.8813454508781432 -1.8888619542121885 -6.3141295909881583 -2.5951135158538814 -2.6737413406372066 -5.8594949245452872 -4.8657016754150382 -12.506492614746092 -12.726936817169188 4.2736642360687265 -24.393283843994137 2.009865522384644 -2.9443610906600948 -5.3029661178588858 12.70163679122925 -3.5039255619049068 -2.4442270994186397 -4.1236605644226065
decision_type=2 2 2 2 2 2 2 2 2 2 2 2 2 2 2 2 2 2 2 2 2 2 2 2 2 2 2 2 2 2
left_child=2 4 5 10 7 6 -1 14 20 13 23 -5 29 17 -2 25 19 -6 -11 -10 -4 -12 -7 -3 -15 -9 -13 -26 -19 -8
right_child=1 3 8 11 9 22 12 15 16 18 21 26 -14 24 -16 -17 -18 28 -20 -21 -22 -23 -24 -25 27 -27 -28 -29 -30 -31
leaf_value=-1.0096638270786831 -0.064826138113544193 0.066986847242935216 -0.21012011686248094 0.28277652138157894 0.10338217946123485 -0.34817051134611432 -0.28205583572387694 -0.033716235601383711 -0.15770761941775624 0.16562497204258331 0.11685561821108958 0.40892629770132216 -0.76237861514091498 0.081026932032134902 -0.030743990949943574 0.010591979354549537 0.0044895835847498103 -0.0019227224375520436 0.052834128961065742 -0.095405902775727011 -0.1559146264082269 0.17069421702417834 -0.2678161069986244 0.099984551833989466 -0.0089624591426898364 -0.0078766928893019891 0.55222466510275137 0.033503193170465746 0.01671978105434048 -0.45668099851750621
leaf_weight=28 1928 2092 446 133 121 152 20 1173 263 84 793 65 20 269 2608 3596 107 2380 3506 1833 790 435 443 913 292 4260 46 4730 3285 67
leaf_count=28 1928 2092 446 133 121 152 20 1173 263 84 793 65 20 269 2608 3596 107 2380 3506 1833 790 435 443 913 292 4260 46 4730 3285 67
internal_value=9.01664e-05 0.0210159 -0.164088 0.108987 0.00706559 -0.344276 -0.590792 -0.0177059 -0.125839 0.0299759 0.0941037 0.36718 -0.481181 0.0217123 -0.0452304 -0.00387807 -0.0979917 0.0108637 0.0554732 -0.103223 -0.175474 0.135927 -0.288344 0.0770124 0.0335758 -0.0134555 0.468311 0.0310341 0.00888763 -0.416537
internal_weight=36878 32709 4169 4477 28232 730 135 13565 3439 14667 4233 244 107 11077 4536 9029 2203 5786 3590 2096 1236 1228 595 3005 5291 5433 111 5022 5665 87
internal_count=36878 32709 4169 4477 28232 730 135 13565 3439 14667 4233 244 107 11077 4536 9029 2203 5786 3590 2096 1236 1228 595 3005 5291 5433 111 5022 5665 87
is_linear=0
shrinkage=0.05


Tree=24
num_leaves=31
num_cat=0
split_feature=299 299 299 299 299 249 42 299 299 249 299 299 76 299 293 293 258 234 299 234 2 299 285 183 234 181 292 234 42 41
split_gain=47185.8 15074.9 13415.7 5798.43 4768.57 4529.61 2997.64 2046.05 979.663 913.969 869.435 612.477 554.187 519.9 312.647 303.535 288.903 280.799 259.334 245.032 220.707 215.832 198.466 192.772 187.824 180.754 161.562 156.53 155.407 148.925
threshold=-6.6901857852935782 0.93188998103141796 -16.247627258300778 9.0691256523132342 -2.5478658676147456 -22.433983802795407 -11.300307750701903 -10.999889850616453 16.419423103332523 3.4666554927825932 -4.5057950019836417 -0.88300979137420643 -1.2176983952522276 -21.664108276367184 -10.224141597747801 1.7552305459976199 -8.3822913169860822 -4.9901318550109854 6.5707802772521982 0.33705344796180731 -2.2642227411270137 -12.933314323425291 12.70163679122925 -1.9268024563789365 -3.0476205348968501 -2.7078795433044429 -1.6292988657951353 0.54094356298446666 6.1613564491271982 -5.9248652458190909
decision_type=2 2 2 2 2 2 2 2 2 2 2 2 2 2 2 2 2 2 2 2 2 2 2 2 2 2 2 2 2 2
left_child=2 4 5 9 10 6 -1 14 -5 15 19 24 -8 -7 21 -3 -9 -12 -11 -2 -13 -4 -10 -19 -6 -18 -26 -25 -24 -22
right_child=1 3 7 8 11 13 12 16 22 18 17 20 -14 -15 -16 -17 25 23 -20 -21 29 -23 28 27 26 -27 -28 -29 -30 -31
leaf_value=-1.0578105468750001 -0.03131085965102702 0.067962074915712475 -0.17229073815301477 0.23336025938695792 0.0064241459501420926 -0.30569740270230639 -0.39836501889758646 -0.097708071185655498 0.37398461782804104 0.12491221138051828 -0.030787544946199605 0.018402574828187506 -0.68934166789054874 -0.22488556302826979 -0.09563614854625628 0.097288803026691795 -0.071119208342455012 -0.0056420379617203135 0.19162793133709882 0.03268460347166946 0.13086638133634221 -0.13146596829218932 0.60109757922944573 0.0071452807308682118 0.019272228988437182 -0.038998014185808401 0.035151362762782211 0.049821545538448156 0.42249737443595098 0.048078858401361411
leaf_weight=25 4275 1857 646 147 1421 303 90 844 93 685 767 674 20 580 306 1681 1948 4683 185 155 55 649 21 3076 3518 565 2941 231 29 4408
leaf_count=25 4275 1857 646 147 1421 303 90 844 93 685 767 674 20 580 306 1681 1948 4683 185 155 55 649 21 3076 3518 565 2941 231 29 4408
internal_value=8.56581e-05 0.0249573 -0.128526 0.107434 0.0101704 -0.293855 -0.563592 -0.0945796 0.324 0.093186 -0.0110211 0.0316387 -0.45127 -0.252616 -0.141091 0.081896 -0.0723979 -0.00188969 0.139099 -0.0290717 0.0450716 -0.151831 0.417175 0.000884355 0.0228818 -0.0638974 0.0265025 0.0101263 0.497509 0.0490991
internal_weight=36878 30902 5976 4698 26204 1018 135 4958 290 4408 13187 13017 110 883 1601 3538 3357 8757 870 4430 5137 1295 143 7990 7880 2513 6459 3307 50 4463
internal_count=36878 30902 5976 4698 26204 1018 135 4958 290 4408 13187 13017 110 883 1601 3538 3357 8757 870 4430 5137 1295 143 7990 7880 2513 6459 3307 50 4463
is_linear=0
shrinkage=0.05


Tree=25
num_leaves=31
num_cat=0
split_feature=299 299 299 299 299 245 299 44 299 254 251 299 135 299 299 249 32 181 182 247 286 289 299 259 190 299 2 283 283 298
split_gain=42882.9 13552.2 12303.6 5552.47 3790.84 3408.58 2704.88 1743.74 909.976 778.162 681.48 583.857 486.428 443.958 349.438 278.76 261.04 257.422 250.772 244.378 225.237 223.158 215.146 193.6 190.379 182.404 182.315 180.853 174.962 165.36
threshold=-6.58239722251892 0.52916488051414501 -18.415507316589352 9.0691256523132342 -2.7609720230102535 -22.334909439086911 -11.280060291290281 -10.351057052612303 3.1196570396423344 18.734885215759281 -3.5170974731445308 -1.0924878716468809 -8.0422554016113263 -14.023072719573973 -9.224357604980467 5.7991163730621347 -4.9343018531799308 -2.7078795433044429 -0.6022903025150298 -18.878753662109371 12.5565242767334 -5.8008272647857657 -5.0211610794067374 -2.9198870658874507 -1.6577224135398863 -4.5567967891693106 -2.4820512533187862 3.3704665899276738 -0.10754759237170218 -2.1235990524291988
decision_type=2 2 2 2 2 2 2 2 2 2 2 2 2 2 2 2 2 2 2 2 2 2 2 2 2 2 2 2 2 2
left_child=2 4 5 8 10 7 13 -1 16 -5 22 24 -9 -4 -8 27 -3 -16 25 -7 -11 -15 -2 -13 -6 -12 -24 -10 -18 -25
right_child=1 3 6 9 11 19 14 12 15 20 18 23 -14 21 17 -17 28 -19 -20 -21 -22 -23 26 29 -26 -27 -28 -29 -30 -31
leaf_value=-0.83596418108258941 -0.038401552404743147 0.12766726425339503 -0.17425205603889798 0.23075730577647258 0.010772914000273599 -0.31504993438720708 -0.094485787918318576 -0.37079965393227265 0.087856774807625965 0.3514613064852628 -0.022745272294360297 0.018810743117741672 -0.61511735253863875 -0.12837423429720932 -0.067753534540958962 0.16362921388578217 0.048986534723357768 -0.029054203008611997 0.021661319352325896 -0.24027472152878382 0.48610852559407552 -0.012065341167671738 -0.051188295818654833 0.099660556504431258 0.02603518706432317 -0.00092445990599037157 -0.013040820949431989 0.12298018274411478 0.07360162648598248 0.042411498713180396
leaf_weight=35 2034 181 736 139 4081 144 1005 83 734 88 1217 914 27 1008 2104 239 1042 540 992 453 48 43 354 130 4092 4495 2718 732 2350 4242
leaf_count=35 2034 181 736 139 4081 144 1005 83 734 88 1217 914 27 1008 2104 239 1042 540 992 453 48 43 354 130 4092 4495 2718 732 2350 4242
internal_value=9.13222e-05 0.0241907 -0.12014 0.094916 0.00864838 -0.311125 -0.0940711 -0.528574 0.0835035 0.313953 -0.0120256 0.0267894 -0.430769 -0.144471 -0.0693891 0.113558 0.0691619 -0.0598497 -0.00154362 -0.258311 0.398984 -0.123616 -0.0257882 0.0397386 0.0184143 -0.00557361 -0.0174367 0.105395 0.06604 0.0441138
internal_weight=37000 30822 6178 5553 25269 742 5436 145 5278 275 11810 13459 110 1787 3649 1705 3573 2644 6704 597 136 1051 5106 5286 8173 5712 3072 1466 3392 4372
internal_count=37000 30822 6178 5553 25269 742 5436 145 5278 275 11810 13459 110 1787 3649 1705 3573 2644 6704 597 136 1051 5106 5286 8173 5712 3072 1466 3392 4372
is_linear=0
shrinkage=0.05


Tree=26
num_leaves=31
num_cat=0
split_feature=299 299 241 299 299 245 299 9 299 125 29 299 251 237 252 41 293 292 293 259 292 247 18 280 225 5 298 278 295 133
split_gain=38701.9 12230.9 11130 5011.1 3423.07 3089.61 2437.53 1428.9 827.326 729.395 638.056 588.568 574.821 452.32 313.183 276.381 257.025 250.599 246.888 233.014 225.614 223.552 220.196 382.33 209.001 203.082 193.642 190.968 183.523 168.562
threshold=-6.58239722251892 0.52916488051414501 -14.414373874664305 9.0691256523132342 -2.8676526546478267 -22.334909439086911 -11.882213115692137 4.1541752815246591 3.7793724536895756 30.407448768615726 -8.0735125541686994 -1.4301396608352659 -3.5170974731445308 -6.6224896907806388 -8.6414189338684064 -5.2123842239379874 -21.595141410827633 12.925746917724611 -15.309760570526121 -2.9198870658874507 -1.4945732951164243 1.2932994961738589 -3.3999977111816402 -30.409754753112789 2.5641949176788335 -0.8354915678501128 -1.913368761539459 12.829772949218752 -5.7260227203369132 -5.0566587448120108
decision_type=2 2 2 2 2 2 2 2 2 2 2 2 2 2 2 2 2 2 2 2 2 2 2 2 2 2 2 2 2 2
left_child=2 4 5 8 12 7 14 10 15 -5 -1 29 25 28 18 -3 -7 -11 -4 -13 -14 -17 -12 -24 -10 -2 -21 -19 -8 -6
right_child=1 3 6 9 11 16 13 -9 24 17 22 19 20 -15 -16 21 -18 27 -20 26 -22 -23 23 -25 -26 -27 -28 -29 -30 -31
leaf_value=-0.63254562616348275 -0.042159377394810967 0.1299548006255847 -0.18559105707506829 0.2159320158116958 -0.037274538671695875 -0.28430868453979496 -0.093124794489561305 -0.89566844582557692 0.092238388848058961 0.28334334000297218 -0.24670823764801028 0.015399791096748404 -0.0060612531042116332 -0.05440380120029048 -0.090153855059570048 0.057132270521533413 -0.2179299627031599 0.38613467753773006 -0.13825756749583792 0.075051780132295631 0.021646641995746983 0.083127293604479235 -0.58579456495202109 -0.33423774134029044 0.1328400008979885 -0.019100028873135874 0.037175498068654139 0.55473232052542953 -0.024177569150924685 0.015934102115576099
leaf_weight=32 1288 173 406 136 152 250 1533 20 582 46 25 1207 5375 2304 231 2618 350 71 857 361 851 1209 23 44 696 3691 5172 22 103 7172
leaf_count=32 1288 173 406 136 152 250 1533 20 582 46 25 1207 5375 2304 231 2618 350 71 857 361 851 1209 23 44 696 3691 5172 22 103 7172
internal_value=8.67561e-05 0.0229811 -0.114133 0.0901702 0.00821596 -0.295504 -0.0893006 -0.503488 0.0793283 0.298255 -0.440233 0.0246421 -0.0124014 -0.0686794 -0.143683 0.0681388 -0.245588 0.378802 -0.153473 0.0353046 -0.002274 0.0653444 -0.373342 -0.420593 0.11435 -0.0250652 0.0396467 0.426018 -0.088784 0.0148298
internal_weight=37000 30822 6178 5553 25269 744 5434 144 5278 275 124 14064 11205 3940 1494 4000 600 139 1263 6740 6226 3827 92 67 1278 4979 5533 93 1636 7324
internal_count=37000 30822 6178 5553 25269 744 5434 144 5278 275 124 14064 11205 3940 1494 4000 600 139 1263 6740 6226 3827 92 67 1278 4979 5533 93 1636 7324
is_linear=0
shrinkage=0.05


Tree=27
num_leaves=31
num_cat=0
split_feature=299 299 299 299 245 299 299 44 243 125 299 15 299 293 292 299 283 238 259 292 152 23 283 152 2 195 283 289 35 182
split_gain=34928.4 11097.5 10074.4 4985.37 3139.48 2406.84 1853.03 1483.78 1173.06 658.278 541.686 390.071 345.527 322.143 310.383 297.119 288.059 252.584 239.532 226.166 220.805 202.276 223.33 190.013 187.543 185.939 166.338 165.999 159.741 156.911
threshold=-6.58239722251892 -0.20138762891292569 -17.189076423645016 9.0691256523132342 -22.334909439086911 -3.4895132780075069 -10.735863685607908 -10.351057052612303 2.1073887348175053 30.407448768615726 -2.1558246612548824 1.456711530685425 -13.46117067337036 -18.198976516723629 1.1131476759910586 5.9020354747772226 -4.861081361770629 -5.5934002399444571 -3.239779949188232 12.925746917724611 -4.3266930580139151 -4.8239970207214347 -30.774226188659664 -3.3455542325973506 -3.2900831699371333 0.97542881965637218 -4.2318227291107169 -5.8008272647857657 5.9516327381134042 -12.871241092681883
decision_type=2 2 2 2 2 2 2 2 2 2 2 2 2 2 2 2 2 2 2 2 2 2 2 2 2 2 2 2 2 2
left_child=2 5 4 8 7 16 12 -1 14 -5 24 21 -4 29 20 23 -2 -8 -12 -11 -3 -9 -23 -10 -7 28 -19 -14 -18 -6
right_child=1 3 6 9 13 10 17 11 15 19 18 -13 27 -15 -16 -17 25 26 -20 -21 -22 22 -24 -25 -26 -27 -28 -29 -30 -31
leaf_value=-0.76063363211495538 -0.02932579476193356 0.098309194494309374 -0.14815760727031674 0.20513545765596281 -0.27445824504410249 -0.031583887508937293 -0.072449120223065197 -0.21453791260719302 0.16295701430504583 0.26917603534200918 0.0067226315286185489 -0.58659339815378198 -0.10871847856371515 -0.17130823334058126 0.069781030133833979 0.13840808816718539 -0.01091968344388103 -0.053623756429401918 0.028995299198578364 0.40471707415837116 0.041198794719631449 -0.49750298394097225 -0.31139339387416842 0.085470274707609775 0.00789298438228659 0.038994525084122621 -0.013786593648924756 -0.018985060850779216 -0.10356772674960978 -0.21952306835018859
leaf_weight=35 3147 179 741 136 233 315 1826 23 83 46 1469 20 1131 216 1881 369 4602 1203 6772 93 3106 27 40 1691 6699 187 335 54 47 294
leaf_count=35 3147 179 741 136 233 315 1826 23 83 46 1469 20 1131 216 1881 369 4602 1203 6772 93 3106 27 40 1691 6699 187 335 54 47 294
internal_value=8.24183e-05 0.0218321 -0.108426 0.0743495 -0.264266 0.00469238 -0.0822666 -0.477081 0.0664861 0.283343 0.0163329 -0.38686 -0.121376 -0.222734 0.0535848 0.0975867 -0.0175518 -0.0598751 0.0250251 0.359862 0.0443107 -0.342474 -0.386393 0.0890956 0.00612007 -0.00989001 -0.0449466 -0.104629 -0.0118563 -0.243811
internal_weight=37000 30822 6178 7584 888 23238 5290 145 7309 275 15255 110 1926 743 5166 2143 7983 3364 8241 139 3285 90 67 1774 7014 4836 1538 1185 4649 527
internal_count=37000 30822 6178 7584 888 23238 5290 145 7309 275 15255 110 1926 743 5166 2143 7983 3364 8241 139 3285 90 67 1774 7014 4836 1538 1185 4649 527
is_linear=0
shrinkage=0.05


Tree=28
num_leaves=31
num_cat=0
split_feature=299 299 299 299 299 299 299 187 3 299 183 299 294 250 2 276 256 195 248 181 195 2 286 27 187 73 81 294 298 23
split_gain=31577.4 12165.9 6212.68 4675.83 3938.37 1788.52 1280.54 1256.05 3094.22 681.895 594.927 562.649 358.89 333.333 307.143 412.598 251.566 250.37 246.42 232.563 222.183 212.866 206.347 190.208 189.002 185.296 182.787 171.458 167.352 161.239
threshold=-9.224357604980467 -0.5112641155719756 -24.360757827758786 9.0691256523132342 -4.2740197181701651 -15.388754367828367 2.0515229701995854 -17.247379302978512 2.7532811164855961 -2.2377878427505489 26.436579704284672 -6.3776774406433097 -10.294981479644774 4.6421360969543466 0.92716559767723095 -29.099968910217282 -15.263427734374998 -4.4330933094024649 0.81744113564491283 -3.4352648258209224 0.97542881965637218 -2.3162052631378169 12.5565242767334 -0.380039632320404 -1.425480782985687 -3.2998132705688472 1.5920555591583254 -4.9003267288207999 -1.4187359809875486 -4.2088406085968009
decision_type=2 2 2 2 2 2 2 2 2 2 2 2 2 2 2 2 2 2 2 2 2 2 2 2 2 2 2 2 2 2
left_child=2 4 7 6 11 16 18 8 14 17 -5 19 -7 -8 15 -1 -4 -6 21 -2 -13 -3 23 -12 -19 -11 -9 -14 -27 -21
right_child=1 3 5 10 9 12 13 26 -10 25 22 20 27 -15 -16 -17 -18 24 -20 29 -22 -23 -24 -25 -26 28 -28 -29 -30 -31
leaf_value=-0.60284708113897423 -0.05934637818814037 0.013508211187496897 -0.21294791893083223 0.19482668708352482 -0.024923554063303807 -0.11385122966735375 0.080273868144880703 -0.25794041299819948 -0.99656311074892678 -0.0094212673637602065 0.39227652400732044 -0.023982514005467793 -0.078398731844428249 0.12803396298251021 -0.22773546611269313 -0.33030875663204895 -0.15911080984421722 -0.00079830243937283095 0.063975577440351497 0.027981883096038752 0.033288447112268346 0.044765010801458713 0.42715225219726566 0.2433319840451767 0.015005803073912577 0.031891704666388708 -0.40397177982330323 0.023041246391155505 0.016593805021384071 -0.036704919144816793
leaf_weight=21 2007 643 392 136 809 1539 2254 150 24 450 34 4481 782 436 30 41 486 6052 1436 109 176 3563 47 58 2752 3319 25 44 3875 829
leaf_count=21 2007 643 392 136 809 1539 2254 150 24 450 34 4481 782 436 30 41 486 6052 1436 109 176 3563 47 58 2752 3319 25 44 3875 829
internal_value=7.82974e-05 0.0150886 -0.142065 0.0663223 -0.00265022 -0.122206 0.059627 -0.363376 -0.490966 0.0105587 0.269175 -0.0326353 -0.0995818 0.0880149 -0.359071 -0.42262 -0.183147 0.00169578 0.0460922 -0.0497408 -0.0218181 0.0399866 0.34192 0.298377 0.00414183 0.0217046 -0.278802 -0.0729951 0.0236516 -0.029188
internal_weight=37000 33466 3534 8607 24859 3243 8332 291 116 17257 275 7602 2365 2690 92 62 878 9613 5642 2945 4657 4206 139 92 8804 7644 175 826 7194 938
internal_count=37000 33466 3534 8607 24859 3243 8332 291 116 17257 275 7602 2365 2690 92 62 878 9613 5642 2945 4657 4206 139 92 8804 7644 175 826 7194 938
is_linear=0
shrinkage=0.05


Tree=29
num_leaves=31
num_cat=0
split_feature=293 293 239 181 249 293 44 297 239 294 243 292 181 244 135 253 258 247 293 241 130 148 148 258 278 265 283 287 283 29
split_gain=28331.5 8477.44 7688.83 3909.01 2566.43 2501.2 1653.61 1278.6 847.856 755.134 562.803 423.552 410.752 328.972 305.518 291.429 267.106 252.197 229.959 218.635 215.745 243.477 188.642 175.806 174.395 169.538 152.053 151.542 148.831 148.168
threshold=-7.1462435722351065 0.5898210108280183 -13.425089836120604 13.421558380126955 -22.433983802795407 -3.6322844028472896 -10.351057052612303 -10.666322231292723 -1.3497461676597593 4.2236700057983407 1.2790729999542239 12.925746917724611 -3.1178302764892574 -2.3792934417724605 -8.0422554016113263 1.0134536623954775 -11.216756820678709 1.2932994961738589 -21.595141410827633 4.5334541797637948 -1.6761364340782163 -5.6291573047637931 -7.7845230102539054 -8.1028852462768537 12.829772949218752 -2.0268517732620235 -1.656424283981323 -9.1198453903198224 -5.2054295539855948 -2.1182433366775508
decision_type=2 2 2 2 2 2 2 2 2 2 2 2 2 2 2 2 2 2 2 2 2 2 2 2 2 2 2 2 2 2
left_child=2 5 4 9 6 10 -1 16 20 17 12 -5 23 27 -8 26 -4 25 -6 -11 -7 -22 -14 -2 29 -3 -10 -9 -24 -13
right_child=1 3 7 11 18 8 14 13 15 19 -12 24 22 -15 -16 -17 -18 -19 -20 -21 21 -23 28 -25 -26 -27 -28 -29 -30 -31
leaf_value=-0.74228894782788835 -0.073210531097274642 0.0077685329368368033 -0.13421715062571413 0.21031414622991856 -0.23898853174372678 0.00018506758332971696 -0.29810416026247871 -0.082134198232767602 0.016997106863596803 0.087792233349079762 0.087696080712171706 0.4065918078789344 0.084255712601271543 0.013339629563453951 -0.49888122417032721 0.057324948957871685 -0.094790766426385981 0.073362277631657827 -0.18117500161224942 0.13620362814654594 0.11575009979433933 0.013634811813725249 -0.023032985456908742 -0.027251592239981748 0.45692401123046872 0.051218384568174749 0.032715438479480725 -0.055072964923379347 -0.0034962854386173729 0.26369096914927165
leaf_weight=33 222 248 794 142 269 4724 90 706 2515 703 130 26 55 152 24 877 936 1405 477 349 59 5498 1344 3319 25 2370 3963 1936 3549 60
leaf_count=33 222 248 794 142 269 4724 90 706 2515 703 130 26 55 152 24 877 936 1405 477 349 59 5498 1344 3319 25 2370 3963 1936 3549 60
internal_value=7.43825e-05 0.0181943 -0.105571 0.0756985 -0.239649 0.00652485 -0.430599 -0.0791054 0.0173135 0.0661362 -0.0155506 0.267512 -0.0171317 -0.0581891 -0.340373 0.030275 -0.112886 0.0562735 -0.202022 0.103853 0.00804082 0.014719 -0.00782752 -0.0301329 0.340684 0.0471024 0.026613 -0.0623043 -0.00886259 0.306894
internal_weight=37000 31583 5417 5328 893 26255 147 4524 17636 5075 8619 253 8489 2794 114 7355 1730 4023 746 1052 10281 5557 4948 3541 111 2618 6478 2642 4893 86
internal_count=37000 31583 5417 5328 893 26255 147 4524 17636 5075 8619 253 8489 2794 114 7355 1730 4023 746 1052 10281 5557 4948 3541 111 2618 6478 2642 4893 86
is_linear=0
shrinkage=0.05


Tree=30
num_leaves=31
num_cat=0
split_feature=241 293 256 120 185 3 293 295 294 239 243 1 293 296 284 254 293 249 293 85 180 287 269 22 242 33 296 181 3 114
split_gain=25616.7 7920.98 6945.43 3614.84 2914.65 5946.19 2298.66 1388.17 982.384 568.37 552.016 482.304 850.392 477.788 454.419 377.666 302.082 275.797 240.735 254.104 212.199 208.724 193.001 191.938 180.346 178.914 167.826 150.843 143.783 134.636
threshold=-6.515333652496337 -0.17809032648801801 -15.263427734374998 10.12422037124634 -17.502517700195309 2.6182055473327641 -3.7048530578613277 -11.129146099090574 3.922391533851624 -0.94948723912239064 0.043440628796815879 0.95540031790733349 -30.043887138366696 -6.111015558242797 5.869272232055665 -1.5184150934219358 -15.309760570526121 3.7425374984741215 -21.595141410827633 -11.322053909301756 -2.295255064964294 2.8720153570175175 1.0000000180025095e-35 -1.8831230998039243 3.6437237262725835 1.4725153446197512 -7.7780003547668448 -3.6452499628067012 0.95747143030166637 -1.4014540910720823
decision_type=2 2 2 2 2 2 2 2 2 2 2 2 2 2 2 2 2 2 2 2 2 2 2 2 2 2 2 2 2 2
left_child=2 6 4 8 5 11 10 16 15 20 13 12 -1 27 -5 -3 -4 -11 19 -6 28 -17 25 -12 -10 -15 -9 -2 -8 -30
right_child=1 3 7 14 18 -7 9 26 24 17 23 -13 -14 22 -16 21 -18 -19 -20 -21 -22 -23 -24 -25 -26 -27 -28 -29 29 -31
leaf_value=-0.64943222999572758 -0.0543260065935997 0.021133183266402917 -0.1543517202138901 0.17282656325774939 -0.10473726272583009 -1.1653149323463441 -0.0056426414646442088 -0.072384351931386079 0.076708291924518099 0.026706168698119277 0.09876400997812769 -0.15875450489111245 -0.23624631176900232 -0.011674947411209689 0.2982400907597072 0.046633945646019116 -0.1060290202741877 0.10548245614035089 -0.17893355369567873 -0.25867305710202171 0.012789629887015902 0.072664083104233654 0.043445647236916962 0.018013957082801523 0.11523374872622283 -0.035114765557765708 -0.045567633214195227 -0.027264774110314829 -0.010640391446650029 0.03821064350372963
leaf_weight=20 1072 1247 448 147 30 25 3378 1180 644 4377 113 38 33 5620 142 3637 1163 114 320 252 7156 977 144 211 575 952 1154 991 220 393
leaf_count=20 1072 1247 448 147 30 25 3378 1180 644 4377 113 38 33 5620 142 3637 1163 114 320 252 7156 977 144 211 575 952 1154 991 220 393
internal_value=-0.000289732 0.0156133 -0.1098 0.0611167 -0.252837 -0.48233 0.00206029 -0.0837668 0.0540414 0.0136882 -0.0179152 -0.294697 -0.392166 -0.0202806 0.234448 0.0455474 -0.119467 0.0287058 -0.208615 -0.242297 0.00763772 0.0521457 -0.0138157 0.0461768 0.0948807 -0.0150704 -0.0591254 -0.0413266 -0.00159984 0.0206785
internal_weight=36773 32110 4663 7369 718 116 24741 3945 7080 15638 9103 91 53 8779 289 5861 1611 4491 602 282 11147 4614 6716 324 1219 6572 2334 2063 3991 613
internal_count=36773 32110 4663 7369 718 116 24741 3945 7080 15638 9103 91 53 8779 289 5861 1611 4491 602 282 11147 4614 6716 324 1219 6572 2334 2063 3991 613
is_linear=0
shrinkage=0.05


Tree=31
num_leaves=31
num_cat=0
split_feature=299 299 241 299 40 299 257 299 125 246 14 157 239 246 133 257 5 195 253 41 292 234 293 66 292 290 267 63 284 36
split_gain=23589.8 8738.45 5668.26 3477.14 2611.21 2517.04 2144.88 981.92 644.744 504.904 500.049 465.972 388.642 319.595 295.289 260.793 224.621 209.764 202.744 200.904 181.108 179.135 179.121 168.522 167.677 167.219 153.303 140.747 136.897 147.324
threshold=-9.0274729728698713 -0.88300979137420643 -22.388072967529293 7.5308458805084237 -12.09346294403076 -4.5057950019836417 -13.644885063171385 1.9397890567779543 30.407448768615726 -2.2334117889404292 -1.8286988139152525 -16.32264423370361 -7.9619739055633536 -4.9481391906738272 -5.0566587448120108 -16.233737945556637 -3.4425359964370723 0.97542881965637218 3.0012668371200566 -4.1760578155517569 -0.43740372359752649 -2.2233109474182124 -15.309760570526121 4.0205531120300302 -1.7491457462310789 -4.9286346435546866 -6.8381056785583487 -4.1110262870788565 5.869272232055665 -0.73695626854896534
decision_type=2 2 2 2 2 2 2 2 2 2 2 2 2 2 2 2 2 2 2 2 2 2 2 2 2 2 2 2 2 2
left_child=2 5 4 7 -1 13 15 16 23 14 -6 -12 22 27 -7 -4 -3 -15 -9 -18 26 -16 -8 -5 -11 -14 -21 -2 -10 -30
right_child=1 3 6 8 10 9 12 18 28 24 11 -13 25 17 21 -17 19 -19 -20 20 -22 -23 -24 -25 -26 -27 -28 -29 29 -31
leaf_value=-0.78005804764597042 -0.067850832324608409 0.00049577710747435654 -0.2042695434005172 0.11688518007117582 -0.14997826170276951 -0.044115194836174182 -0.13968868154399802 0.062170971238072442 0.20121818843640782 0.0094305093914242126 -0.5230799398114605 -0.26999093375422739 -0.068436142306000355 -0.021875003204968105 -0.0045798197233428558 -0.14897149608707203 0.083082821366066748 0.033407021828448576 0.091572117305302125 -0.10171143373717434 0.044152879456788252 0.010915452346867555 -0.094436284368463186 0.19375150527954102 0.024277077726342661 0.013005712850769955 0.0279250275132778 -0.036799978701606499 0.434082615673542 0.28197289422536509
leaf_weight=38 419 421 432 166 37 387 265 1852 38 4214 31 44 1063 3302 5631 421 240 181 858 23 3391 2789 1251 125 3466 67 2694 2829 20 78
leaf_count=38 419 421 432 166 37 387 265 1852 38 4214 31 44 1063 3302 5631 421 240 181 858 23 3391 2789 1251 125 3466 67 2694 2829 20 78
internal_value=-0.000275246 0.0130165 -0.120932 0.0523334 -0.42191 -0.00375808 -0.108029 0.0460461 0.191906 0.00676085 -0.300395 -0.374601 -0.0858025 -0.0295233 -0.00141005 -0.176977 0.0358637 -0.0190022 0.0714795 0.0382093 0.0364461 0.000552759 -0.102346 0.149903 0.0161308 -0.0636073 0.0268276 -0.0408056 0.281778 0.313016
internal_weight=36773 33124 3649 9906 150 23218 3499 9479 427 16487 112 75 2646 6731 8807 853 6769 3483 2710 6348 6108 8420 1516 291 7680 1130 2717 3248 136 98
internal_count=36773 33124 3649 9906 150 23218 3499 9479 427 16487 112 75 2646 6731 8807 853 6769 3483 2710 6348 6108 8420 1516 291 7680 1130 2717 3248 136 98
is_linear=0
shrinkage=0.05


Tree=32
num_leaves=31
num_cat=0
split_feature=293 244 250 40 293 242 239 249 237 292 250 18 159 294 256 288 239 244 190 235 296 295 111 236 68 82 284 150 256 186
split_gain=20999.7 6817.71 5407.81 3021.09 2896.35 2603.04 2301.84 672.432 607.31 561.99 442.512 381.297 517.253 350.543 321.938 296.467 248.653 236.518 229.756 180.032 177.826 161.111 140.79 138.833 135.437 130.79 122.638 120.247 153.221 116.151
threshold=-8.3483357429504377 0.6025466024875642 -22.418035507202145 -12.09346294403076 -3.3418687582015987 10.211637973785402 -11.913792133331297 3.2259000539779668 -4.5516598224639884 -0.51877510547637928 -8.1170234680175763 -3.3999977111816402 -16.736269950866696 9.3552966117858904 -16.218866348266598 0.40720388293266302 -2.4981358051300044 -2.733364343643188 -2.7049067020416255 -1.0613938570022581 -11.812489986419676 -6.4760830402374259 1.5370537638664248 -3.8537530899047847 -3.4084397554397579 -4.5706839561462393 -2.2465027570724483 -10.099538326263426 -4.9324021339416495 -0.067060176283121095
decision_type=2 2 2 2 2 2 2 2 2 2 2 2 2 2 2 2 2 2 2 2 2 2 2 2 2 2 2 2 2 2
left_child=2 4 3 -1 8 7 14 15 21 16 20 -5 -13 -7 25 -3 22 -12 -11 24 -8 -2 27 -21 -10 -4 -18 -6 -29 -20
right_child=1 5 6 11 9 13 10 -9 19 18 17 12 -14 -15 -16 -17 26 -19 29 23 -22 -23 -24 -25 -26 -27 -28 28 -30 -31
leaf_value=-0.82855853456439399 -0.046766573144921969 0.027932367400732561 -0.17488865610352136 -0.11178355503082277 0.10568571260997228 0.14040552775065104 -0.11034566659932538 0.090611019972208384 -0.031441436679705691 0.0034064091948999304 -0.059076729579281562 -0.49291772246360782 -0.2392303568345529 0.25350271470053903 -0.1381958269682087 0.056584041908555975 0.0080294905922606071 0.011833871221383109 0.028304438468401368 0.079149126700865921 -0.076787024173759932 -0.025100092805304425 -0.037863500869792441 0.0078931103590168528 -0.008752033882046456 -0.23431827501511912 0.02071781973814283 -0.021415203449626764 0.0062390268657271722 0.045662704909644247
leaf_weight=33 1457 1386 266 25 28 111 692 1110 738 648 1149 32 54 179 610 2590 3221 131 2319 78 919 2087 230 553 6045 142 4659 600 3032 1649
leaf_count=33 1457 1386 266 25 28 111 692 1110 738 648 1149 32 54 179 610 2590 3221 131 2319 78 919 2087 230 553 6045 142 4659 600 3032 1649
internal_value=-0.000261484 0.0130367 -0.107618 -0.408534 0.00291671 0.0645103 -0.0965332 0.0562024 -0.0169825 0.0162241 -0.0737653 -0.283661 -0.333626 0.210214 -0.161192 0.0465963 0.0104253 -0.0518195 0.0310102 -0.00884425 -0.091202 -0.0340076 8.18e-05 0.0167013 -0.0112207 -0.195572 0.0155314 0.00246634 0.0016706 0.0355181
internal_weight=36773 32720 4053 144 27344 5376 3909 5086 10958 16386 2891 111 86 290 1018 3976 11770 1280 4616 7414 1611 3544 3890 631 6783 408 7880 3660 3632 3968
internal_count=36773 32720 4053 144 27344 5376 3909 5086 10958 16386 2891 111 86 290 1018 3976 11770 1280 4616 7414 1611 3544 3890 631 6783 408 7880 3660 3632 3968
is_linear=0
shrinkage=0.05


Tree=33
num_leaves=31
num_cat=0
split_feature=299 299 250 299 40 257 299 299 125 18 159 293 234 183 283 294 250 2 252 36 185 243 285 2 36 299 66 157 25 298
split_gain=19282.3 7235.66 4660.24 3083.53 2726.53 1782.78 1717.08 1050.23 527.172 344.12 466.821 324.165 286.709 278.646 231.463 225.18 222.896 211.594 193.222 176.345 172.573 161.904 149.108 148.106 146.746 142.94 132.965 132.41 129.141 127.898
threshold=-9.0274729728698713 -1.4301396608352659 -22.418035507202145 7.5308458805084237 -12.09346294403076 -13.644885063171385 -4.5057950019836417 1.9397890567779543 30.407448768615726 -3.3999977111816402 -16.736269950866696 -10.53284978866577 -2.2233109474182124 1.0939654707908633 -5.878410577774047 -18.167208671569821 -0.78124424815177906 -3.2900831699371333 1.9335566163063052 1.8125470876693728 1.9940871596336367 -2.1092152595520015 6.3891589641571054 -3.5290108919143672 0.098000440746545806 -3.2766237258911128 4.0205531120300302 -3.5667910575866695 3.1386440992355351 -1.6529308557510374
decision_type=2 2 2 2 2 2 2 2 2 2 2 2 2 2 2 2 2 2 2 2 2 2 2 2 2 2 2 2 2 2
left_child=2 6 4 7 -1 15 13 16 26 -6 -11 19 17 14 -2 -4 23 -8 -9 -7 -14 -13 -10 -3 -24 -19 -5 -18 -16 -25
right_child=1 3 5 8 9 11 12 18 22 10 -12 21 20 -15 28 -17 27 25 -20 -21 -22 -23 24 29 -26 -27 -28 -29 -30 -31
leaf_value=-0.78713064482717809 -0.03891113505183541 -0.015848983561992644 -0.1819516999380929 0.10697989406355893 -0.10619440555572511 -0.085739453973253915 -0.035287092402419888 0.051880951201189379 0.17723158654712498 -0.46827179193496704 -0.22726880135359587 -0.058996066211383473 0.0097852893339392885 0.030057251711304373 -0.018108803118890095 -0.12996386726137618 0.077519648541242658 -0.0088077098575126463 0.078594587492852155 -0.13742656761949712 0.052973321750760083 0.075132469897682866 0.41071855738759044 0.048267017141472843 0.25807225071900602 0.0055397033986422936 0.17525715332031253 0.035406240206064366 -0.068157118258636393 0.020708352906906653
leaf_weight=33 3008 250 504 166 25 1404 473 1395 42 32 54 1032 6385 208 3381 355 195 3088 1315 187 240 23 20 473 74 3965 125 4357 134 3830
leaf_count=33 3008 250 504 166 25 1404 473 1395 42 32 54 1032 6385 208 3381 355 195 3088 1315 187 240 23 20 473 74 3965 125 4357 134 3830
internal_value=-0.000248409 0.0117687 -0.109334 0.0422896 -0.388107 -0.0978812 -0.00612408 0.0375191 0.174289 -0.269478 -0.316944 -0.0775634 0.0037643 -0.026913 -0.0287297 -0.160467 0.0293863 -0.00291311 0.0648435 -0.0918146 0.0113498 -0.0560719 0.255555 0.021564 0.29055 -0.000741994 0.136309 0.0372103 -0.0200168 0.0237377
internal_weight=36773 33124 3649 12242 144 3505 20882 11815 427 111 86 2646 14151 6731 6523 859 9105 7526 2710 1591 6625 1055 136 4553 94 7053 291 4552 3515 4303
internal_count=36773 33124 3649 12242 144 3505 20882 11815 427 111 86 2646 14151 6731 6523 859 9105 7526 2710 1591 6625 1055 136 4553 94 7053 291 4552 3515 4303
is_linear=0
shrinkage=0.05


Tree=34
num_leaves=31
num_cat=0
split_feature=299 299 257 299 185 40 299 299 251 62 13 260 2 251 85 258 234 257 297 288 35 32 282 68 72 255 152 0 66 181
split_gain=17409.5 5725.85 5180.51 2339.44 1908.72 4033 1490.66 1157.55 522.738 481.524 453.459 343.886 253.989 251.438 227.949 221.581 198.743 184.931 182.635 177.087 163.084 153.692 220.607 140.062 130.502 128.005 124.643 123.08 117.001 111.08
threshold=-7.1164321899414054 -0.20138762891292569 -16.233737945556637 7.5308458805084237 -17.502517700195309 -12.09346294403076 -3.3962023258209224 -12.933314323425291 2.3067717552185063 22.474497795104984 0.66152301430702221 -1.8052638769149778 -2.5437794923782344 -3.7468022108077998 -11.322053909301756 -8.7416911125183088 2.6931868791580205 -10.909004688262938 -24.393283843994137 2.3459877967834477 -6.780547857284545 1.5462797284126284 -2.5334736108779903 -3.4084397554397579 -2.6613416671752925 -2.0242300033569331 -4.8788979053497306 0.99109095335006725 4.0205531120300302 -0.86026558279991139
decision_type=2 2 2 2 2 2 2 2 2 2 2 2 2 2 2 2 2 2 2 2 2 2 2 2 2 2 2 2 2 2
left_child=2 6 4 8 5 -1 13 17 19 28 20 12 -8 23 27 -9 -15 -4 -16 26 -7 22 25 -2 -10 -17 -3 -6 -5 -28
right_child=1 3 7 9 14 10 11 15 24 -11 -12 -13 -14 16 18 21 -18 -19 -20 -21 -22 -23 -24 -25 -26 -27 29 -29 -30 -31
leaf_value=-0.98360207875569672 -0.042923442851459763 0.077677216537688915 -0.12204444141594512 0.10163102954267018 -0.15301567375659944 -0.072184445858001711 -0.02202137720245154 -0.06902553178166114 0.12500430947500413 0.24282516145358121 -0.46289581626653675 0.020823819386836338 0.0080762189056235723 -0.0071594881837143964 -0.23220002132913342 -0.043760406131296559 0.073827620576341443 -0.078132643154891379 -0.16482318159359605 0.053577733509646265 -0.24161317749899261 -0.073062820529025768 0.03694270701405216 -0.018549430777520286 0.067635781341992343 0.031659800360171957 0.020376501256249971 0.022398379445075989 0.16582574767451133 0.037573519044650533
leaf_weight=24 701 152 831 166 20 20 772 1279 107 137 20 6216 7617 4678 161 1874 77 337 268 1421 49 366 94 3702 1348 58 1442 20 124 2692
leaf_count=24 701 152 831 166 20 20 772 1279 107 137 20 6216 7617 4678 161 1874 77 337 268 1421 49 366 94 3702 1348 58 1442 20 124 2692
internal_value=-0.000235989 0.0140696 -0.0829715 0.0518804 -0.223911 -0.408381 0.00199429 -0.0660203 0.045102 0.165574 -0.253266 0.0119108 0.00530648 -0.0138203 -0.179465 -0.0522263 -0.00584803 -0.109375 -0.190109 0.0382814 -0.192503 -0.0432438 -0.0378569 -0.02243 0.0718546 -0.0414962 0.0332099 -0.0653086 0.12908 0.0315749
internal_weight=36773 31352 5421 7589 582 113 23763 4839 7162 427 89 14605 8389 9158 469 3671 4755 1168 429 5707 69 2392 2026 4403 1455 1932 4286 40 290 4134
internal_count=36773 31352 5421 7589 582 113 23763 4839 7162 427 89 14605 8389 9158 469 3671 4755 1168 429 5707 69 2392 2026 4403 1455 1932 4286 40 290 4134
is_linear=0
shrinkage=0.05


Tree=35
num_leaves=31
num_cat=0
split_feature=299 240 299 294 299 299 45 129 239 299 249 72 239 22 159 293 29 36 297 34 152 2 182 32 179 288 280 185 190 292
split_gain=16261.7 5190.9 5179.31 2135.97 1733.83 1535.76 1390.78 1540.3 1156.1 409.877 324.201 320.144 259.967 259.356 299.571 214.569 184.295 175.955 165.424 154.442 146.867 138.566 135.561 133.788 133.683 127.751 124.484 121.209 115.651 113.675
threshold=-6.6901857852935782 -15.392315387725828 0.47543841600418096 9.3552966117858904 -29.027898788452145 -3.0033527612686153 -10.017605781555174 -12.489722728729246 -9.4368286132812482 3.1196570396423344 -0.84275415539741505 24.414159774780277 -3.8627556562423702 -3.1654244661331172 -16.736269950866696 -7.8528056144714347 -2.378160715103149 -0.65786382555961598 -15.355660438537596 -4.1095652580261222 -3.9927535057067867 -3.2900831699371333 -0.6022903025150298 -2.7871540784835811 -4.9898774623870841 3.9086649417877202 9.8120484352111834 -8.8093152046203596 -6.6008691787719718 -1.2554334998130796
decision_type=2 2 2 2 2 2 2 2 2 2 2 2 2 2 2 2 2 2 2 2 2 2 2 2 2 2 2 2 2 2
left_child=1 4 5 9 6 12 7 -1 18 20 19 -5 28 -8 -15 23 -11 -13 -3 -7 -4 -21 -14 -10 -12 -18 -19 -17 -2 -23
right_child=2 8 3 11 -6 10 13 -9 15 16 24 17 22 14 -16 27 25 26 -20 21 -22 29 -24 -25 -26 -27 -28 -29 -30 -31
leaf_value=-0.92403808593750003 -0.053346706256847981 -0.12042782097219307 0.082777891847206728 0.14224345521156831 -0.16617016089476155 0.061274797295870848 -0.15238091884290472 -0.32407120414402174 -0.041248609808731539 0.12314156242891361 0.11028603645081217 0.35168455454611008 -0.0071127393996754749 -0.4642979303995769 -0.24868353380232444 0.01758059055433361 0.049700763880867853 0.17553538571704519 -0.085413830786910797 -0.019621865151796026 0.038623830521892291 0.0070716253634678554 0.013016682272819383 -0.066744580568685194 0.025514733210422209 0.078492337668404313 0.29447201237534032 -0.036797066499145846 -0.018530424757636246 0.018992111878534557
leaf_weight=20 258 535 199 161 441 146 34 23 842 152 47 31 6234 24 49 109 704 66 913 393 3513 6613 966 1323 4435 851 33 1713 3159 2867
leaf_count=20 258 535 199 161 441 146 34 23 842 152 47 31 6234 24 49 109 704 66 913 393 3513 6613 966 1323 4435 851 33 1713 3159 2867
internal_value=-0.000265818 -0.075388 0.0144184 0.0574025 -0.216117 0.004647 -0.36296 -0.603126 -0.0600852 0.050316 0.0152259 0.189369 -0.00980199 -0.266445 -0.31957 -0.046188 0.0705939 0.247732 -0.0983506 0.0102255 0.0409909 0.00947064 -0.00441204 -0.0568288 0.0264037 0.0654574 0.215181 -0.033544 -0.0211592 0.0106767
internal_weight=36854 6026 30828 5710 591 25118 150 43 5435 5419 14501 291 10617 107 73 3987 1707 130 1448 10019 3712 9873 7200 2165 4482 1555 99 1822 3417 9480
internal_count=36854 6026 30828 5710 591 25118 150 43 5435 5419 14501 291 10617 107 73 3987 1707 130 1448 10019 3712 9873 7200 2165 4482 1555 99 1822 3417 9480
is_linear=0
shrinkage=0.05


Tree=36
num_leaves=31
num_cat=0
split_feature=295 292 242 295 283 3 181 257 296 188 0 286 237 246 294 5 28 34 35 246 237 241 189 32 283 284 27 181 284 85
split_gain=14415.3 4881.19 3932.98 2236.58 1629.46 1560.81 3259.75 1376.24 574.023 534.255 526.282 641.409 337.672 315.219 300.225 282.701 264.095 204.323 190.957 184.086 183.972 183.387 176.36 167.246 149.149 139.954 136.387 122.68 120.211 137.888
threshold=-8.5797839164733869 -0.15136437118053434 -22.568076133728024 9.4017944335937518 -4.6248285770416251 2.6182055473327641 -16.992946624755856 -13.644885063171385 2.697751641273499 -1.5000820159912107 1.2051317095756533 -29.535027503967282 -8.1513257026672346 -4.1303329467773429 -3.734870076179504 3.4056249856948857 1.7410442233085635 2.1492749452590947 -4.6199204921722403 -2.4236087799072261 -1.3030841350555418 -15.483141899108885 4.0856766700744638 -4.5539953708648673 -7.3822293281555167 8.5701122283935565 0.51216930150985729 2.106376171112061 -1.5257232189178465 -5.6245782375335684
decision_type=2 2 2 2 2 2 2 2 2 2 2 2 2 2 2 2 2 2 2 2 2 2 2 2 2 2 2 2 2 2
left_child=2 4 5 8 13 10 -7 21 20 14 11 -1 26 24 17 28 25 -6 -16 -14 -3 -4 -15 -10 -2 -5 -9 -25 -11 -30
right_child=1 3 7 16 9 6 -8 12 23 15 -12 -13 19 22 18 -17 -18 -19 -20 -21 -22 -23 -24 27 -26 -27 -28 -29 29 -31
leaf_value=-0.54106163297380716 -0.042162840637576318 0.015196120631153352 -0.16041264979638786 0.18626059412956239 -0.0068714074501849106 -1.0480544317336311 -0.23582862575848895 -0.071625782952491029 0.15939130539243873 0.0097428646952253499 -0.076711403138728609 -0.19674169847153522 -0.051338867174893291 -0.010349062229706187 0.078400469412294671 0.070949676257221636 0.13874381590474602 -0.040303519228052281 0.0047323964391623591 0.022871457715001372 0.036898796714364031 -0.1147207722431276 0.053257125093225846 0.049866907117171157 -0.022505002805976768 0.29032674153645832 -0.10501321676039251 0.075113285706323751 0.14168577492237092 0.021441664683772961
leaf_weight=21 1534 1299 428 70 2633 21 30 1072 44 4091 36 38 1169 2474 89 238 163 553 7576 90 3933 451 114 1109 2601 60 428 850 24 3615
leaf_count=21 1534 1299 428 70 2633 21 30 1072 44 4091 36 38 1169 2474 89 238 163 553 7576 90 3933 451 114 1109 2601 60 428 850 24 3615
internal_value=-0.000252528 0.0103253 -0.0926969 0.045709 -0.000103336 -0.347151 -0.570275 -0.0824851 0.0402246 0.00744493 -0.227369 -0.319296 -0.0651269 -0.0212324 0.000225787 0.0172761 0.181137 -0.0126743 0.00558777 -0.0460339 0.0315105 -0.136969 -0.00754724 0.0629865 -0.0297977 0.234291 -0.0811523 0.0608212 0.0156236 0.0222347
internal_weight=36854 33070 3784 7528 25542 146 51 3638 7235 18819 95 59 2759 6723 10851 7968 293 3186 7665 1259 5232 879 2588 2003 4135 130 1500 1959 7730 3639
internal_count=36854 33070 3784 7528 25542 146 51 3638 7235 18819 95 59 2759 6723 10851 7968 293 3186 7665 1259 5232 879 2588 2003 4135 130 1500 1959 7730 3639
is_linear=0
shrinkage=0.05


Tree=37
num_leaves=31
num_cat=0
split_feature=293 246 239 295 33 239 295 243 237 293 235 122 244 255 295 156 292 196 10 68 185 292 33 293 38 99 38 6 34 3
split_gain=13168.8 4205.3 3969.66 1830.59 1517.53 1471.1 1149.66 447.732 311.038 303.998 299.778 259.143 234.54 204.835 191.356 177.556 176.845 265.978 331.206 170.252 154.113 153.079 149.087 135.736 129.262 127.945 119.362 119.02 118.765 115.433
threshold=-6.812074899673461 -18.916063308715817 0.49269446730613714 9.4017944335937518 -11.81848096847534 -9.4368286132812482 -2.7915986776351924 3.4909057617187504 -4.1168839931488028 -15.309760570526121 -0.64181005954742421 29.522365570068363 -2.499153614044189 0.049520917236804969 -9.778218746185301 3.212704181671143 -30.108383178710934 -14.685090541839598 1.338175415992737 -2.4785443544387813 1.389728367328644 12.925746917724611 1.1826328635215761 -1.9496472477912901 -5.3419876098632804 -4.9263954162597647 2.8545206785202031 0.15902169793844226 -2.7381423711776729 3.9936220645904545
decision_type=2 2 2 2 2 2 2 2 2 2 2 2 2 2 2 2 2 2 2 2 2 2 2 2 2 2 2 2 2 2
left_child=1 4 6 7 -1 9 8 13 26 -3 19 -5 14 -4 -7 20 17 18 -6 27 -10 -13 -16 -21 -14 -12 -2 -8 -9 -23
right_child=2 5 3 11 16 12 10 28 15 -11 25 21 24 -15 22 -17 -18 -19 -20 23 -22 29 -24 -25 -26 -27 -28 -29 -30 -31
leaf_value=-0.54282187437399843 -0.018643050547357123 -0.12003620495361633 0.023485853686196431 0.12638579529601257 -0.24264926552772523 -0.063295756466868802 -0.015448448948851355 0.10778909140729649 -0.0031005455835448914 -0.078033186009257655 0.082285629751834469 0.14563797660495922 0.059542905596586371 0.045099674666085637 -0.032279591052366857 -0.088300720751285561 -0.17837496589211857 -0.12312145233154298 -0.48719177097082139 0.0046056949788675769 0.042158940696963382 0.21901671886444093 -0.064430734474954413 0.017272827693850145 -0.019904140197990725 0.023291203849452682 -0.059076976038746003 0.01813101524481801 0.064146786253887408 0.33788029988606771
leaf_weight=39 3085 801 1872 154 45 1023 1082 187 7390 932 94 46 78 2645 2131 60 170 24 20 3953 193 64 434 4548 149 4125 194 349 937 30
leaf_count=39 3085 801 1872 154 45 1023 1082 187 7390 932 94 46 78 2645 2131 60 170 24 20 3953 193 64 434 4548 149 4125 194 349 937 30
internal_value=-0.000239901 -0.0690748 0.0127377 0.0495084 -0.252053 -0.0592465 0.00403372 0.043169 -0.00815319 -0.0974472 0.0134398 0.171144 -0.0418935 0.0361422 -0.0450118 -0.00262651 -0.208269 -0.26537 -0.317893 0.0086967 -0.00194862 0.220377 -0.0377196 0.0113826 0.00739484 0.0246056 -0.0210353 -0.00725891 0.0714076 0.256952
internal_weight=36854 5846 31008 5935 298 5548 25073 5641 10922 1733 14151 294 3815 4517 3588 7643 259 89 65 9932 7583 140 2565 8501 227 4219 3279 1431 1124 94
internal_count=36854 5846 31008 5935 298 5548 25073 5641 10922 1733 14151 294 3815 4517 3588 7643 259 89 65 9932 7583 140 2565 8501 227 4219 3279 1431 1124 94
is_linear=0
shrinkage=0.05


Tree=38
num_leaves=31
num_cat=0
split_feature=299 299 240 295 299 299 45 124 258 250 299 22 157 122 249 283 85 299 280 182 298 298 299 234 50 32 288 34 190 298
split_gain=12093.2 3931.11 3836.44 1534.45 1301.92 1288.36 1075.14 1195.18 838.864 286.292 267.717 231.48 255.754 221.484 198.52 173.167 177.026 163.384 140.525 138.702 132.754 132.699 132.056 130.529 130.07 124.924 124.446 109.586 100.379 107.597
threshold=-6.6901857852935782 0.78766155242919933 -15.392315387725828 9.4017944335937518 -2.4653147459030147 -29.027898788452145 -10.017605781555174 -12.354606628417967 -10.627914428710936 3.28499448299408 -4.0182733535766593 -3.0962947607040401 -16.32264423370361 29.522365570068363 -0.69260510802268971 -4.205014467239379 -2.1534280776977535 -10.410814762115477 9.8120484352111834 -1.1159210205078123 -2.6369177103042598 -3.0431538820266719 -12.933314323425291 2.5382435321807866 -3.5301532745361324 -2.3722265958786006 2.601664781570435 -4.1095652580261222 -4.0539937019348136 -2.4981130361557002
decision_type=2 2 2 2 2 2 2 2 2 2 2 2 2 2 2 2 2 2 2 2 2 2 2 2 2 2 2 2 2 2
left_child=2 4 5 9 10 6 7 -1 22 26 23 -8 -13 -5 27 17 -17 -10 25 -19 -16 -12 -4 -2 -22 -15 -3 -6 -29 -30
right_child=1 3 8 13 14 -7 11 -9 15 -11 21 12 -14 18 20 16 -18 19 -20 -21 24 -23 -24 -25 -26 -27 -28 28 29 -31
leaf_value=-0.79354349772135424 -0.014841256388031155 0.033107817551857689 -0.096660674429264196 0.12246438558999595 0.056856764214379456 -0.1429387756486058 -0.12223602248089654 -0.26619165593927557 -0.06171840560758949 0.070571015914364599 0.0071411017690899336 -0.41653633117675781 -0.21442753572245032 0.28077320727435023 0.067910280704498296 0.020713662309363286 -0.040679655638673616 -0.040477720831190021 0.28459597742834758 0.0061198774087637643 0.087333672283551642 -0.0061380973454921335 -0.065494849345567638 0.052889755782153873 0.022119547683287888 0.145273907661438 0.052126152485519828 -0.010236856833013685 0.029930987096434852 0.010502437997485958
leaf_weight=21 5908 2415 882 154 133 441 35 22 942 953 3567 23 49 22 175 223 248 2416 43 171 78 3981 553 72 3872 75 1336 516 797 6731
leaf_count=21 5908 2415 882 154 133 441 35 22 942 953 3567 23 49 22 175 223 248 2416 43 171 78 3981 553 72 3872 75 1336 516 797 6731
internal_value=-0.000227906 0.0124352 -0.0650102 0.0530252 0.0045812 -0.185994 -0.312575 -0.523736 -0.0518545 0.0460991 -0.00612341 -0.227715 -0.27899 0.163843 0.0163526 -0.040089 -0.0116123 -0.0438896 0.209358 -0.0373976 0.0252953 0.000137327 -0.0846504 -0.0140258 0.0234073 0.176006 0.0398816 0.0118413 0.0110971 0.0125594
internal_weight=36854 30828 6026 4998 25830 591 150 43 5435 4704 13528 107 72 294 12302 4000 471 3529 140 2587 4125 7548 1435 5980 3950 97 3751 8177 8044 7528
internal_count=36854 30828 6026 4998 25830 591 150 43 5435 4704 13528 107 72 294 12302 4000 471 3529 140 2587 4125 7548 1435 5980 3950 97 3751 8177 8044 7528
is_linear=0
shrinkage=0.05


Tree=39
num_leaves=31
num_cat=0
split_feature=299 299 242 299 3 181 243 299 299 0 286 125 181 299 67 154 299 298 298 181 292 299 299 298 190 185 89 33 212 6
split_gain=10923.6 4109.36 2989.32 1770.4 1312.93 2767.1 1084.38 995.332 512.618 486.08 534.357 329.08 218.047 212.724 150.835 150.728 148.821 144.571 142.856 142.25 136.237 135.129 133.499 193.765 125.946 120.356 115.386 113.849 112.17 103.939
threshold=-8.4892892837524396 -1.0924878716468809 -22.568076133728024 7.5308458805084237 2.6182055473327641 -16.992946624755856 -12.96202516555786 -3.6907925605773921 1.3377713561058047 1.2051317095756533 -29.535027503967282 30.407448768615726 -2.1718423366546626 -12.933314323425291 -3.4485993385314937 -6.0574078559875479 -19.79257774353027 -3.8075529336929317 -1.1875330805778501 2.3259822130203252 12.925746917724611 -6.0187621116638175 -1.9547558426856992 -1.4467290043830869 -1.2973996996879575 1.723321318626404 -5.4762439727783194 0.87619522213935863 -5.9617397785186759 3.5111436843872075
decision_type=2 2 2 2 2 2 2 2 2 2 2 2 2 2 2 2 2 2 2 2 2 2 2 2 2 2 2 2 2 2
left_child=2 7 4 8 9 -6 16 12 18 10 -1 -5 21 -8 15 -9 -4 -16 -3 -10 -13 -2 -19 -24 -20 26 -14 29 -26 -15
right_child=1 3 6 11 5 -7 13 14 19 -11 -12 20 25 27 17 -17 -18 22 24 -21 -22 -23 23 -25 28 -27 -28 -29 -30 -31
leaf_value=-0.48009508450826011 -0.029811695255535453 0.041690914898900179 -0.14043783690798936 0.10220847517357277 -0.9440329415457589 -0.19569564461708069 -0.07770953646190272 0.055138121619820596 0.039820745260292265 -0.044544883320728944 -0.1658196705736612 0.13151172984730114 0.040820789361788228 -0.04480893629364005 0.028043619943623296 -0.015978311249806035 -0.098979525372926105 0.0023383545727837405 0.0097230405500204169 0.06227778777603276 0.2305869569169714 -0.014862797203183661 0.026006319545978693 0.0026385856701065281 -0.059329945555864239 0.03274158364620762 -0.0091749120646944429 -0.072141537048671517 0.02589396967015653 0.014845191883413414
leaf_weight=21 2467 849 402 283 21 30 772 80 2597 36 38 55 121 1862 818 1085 469 7223 2047 968 94 3904 1753 1796 39 207 2496 388 3857 76
leaf_count=21 2467 849 402 283 21 30 772 80 2597 36 38 55 121 1862 818 1085 469 7223 2047 968 94 3904 1753 1796 39 207 2496 388 3857 76
internal_value=-0.000216511 0.00943429 -0.0769984 0.0347011 -0.299194 -0.503835 -0.0688249 -0.00298503 0.0305646 -0.189334 -0.27768 0.133873 -0.0155251 -0.0549673 0.00605505 -0.0110948 -0.118114 0.00777891 0.0225056 0.0459185 0.194016 -0.0206514 0.00624006 0.0141809 0.0197648 -0.00396025 -0.0068633 -0.0474191 0.0250409 -0.0424696
internal_weight=36854 32739 4115 10789 146 51 3969 21950 10357 95 59 432 9195 3098 12755 1165 871 11590 6792 3565 149 6371 10772 3549 5943 2824 2617 2326 3896 1938
internal_count=36854 32739 4115 10789 146 51 3969 21950 10357 95 59 432 9195 3098 12755 1165 871 11590 6792 3565 149 6371 10772 3549 5943 2824 2617 2326 3896 1938
is_linear=0
shrinkage=0.05


Tree=40
num_leaves=31
num_cat=0
split_feature=299 299 257 299 299 299 238 9 243 196 1 65 33 47 245 2 283 183 190 74 152 34 255 66 280 60 189 242 293 50
split_gain=9366.61 3240.1 2176.66 1513.45 684.177 460.185 402.696 375.845 363.223 345.975 285.687 432.919 184.857 184.296 177.295 170.59 157.559 155.604 143.97 130.702 127.266 122.552 114.204 111.007 110.711 108.033 107.574 107.421 95.4165 122.548
threshold=-6.9159455299377433 -0.5112641155719756 -13.644885063171385 7.5308458805084237 -3.5193097591400142 -24.360757827758786 -8.3029112815856916 5.6357781887054452 2.4870671033859257 22.8087911605835 3.8242993354797368 -9.3786234855651838 0.5884394943714143 -6.4716424942016593 -2.1823396682739253 -2.3737190961837764 -4.0544576644897452 1.0939654707908633 -1.2488286495208738 -4.7453527450561515 -4.8788979053497306 -2.9862486124038692 -0.58141547441482533 -0.9507850408554076 9.8120484352111834 -6.4585986137390128 2.081814289093018 -8.2971220016479474 -1.1170822978019712 -3.619620561599731
decision_type=2 2 2 2 2 2 2 2 2 2 2 2 2 2 2 2 2 2 2 2 2 2 2 2 2 2 2 2 2 2
left_child=2 4 5 8 17 7 -4 10 18 -5 11 -1 16 -13 15 -6 22 19 20 -2 -3 -10 -8 -7 -11 -17 -22 -21 -16 -30
right_child=1 3 6 9 14 23 12 -9 21 24 -12 13 -14 -15 28 25 -18 -19 -20 27 26 -23 -24 -25 -26 -27 -28 -29 29 -31
leaf_value=-0.35223099968650123 -0.035494403491782789 0.068637968890723738 -0.065466772689980246 0.095698300529928781 -0.021313661092551808 -0.11191081876536886 -0.03356155408546329 -0.38925621032714847 0.090258170855350983 0.16216144380115327 -0.031490695135934013 -0.080848597016250884 -0.0583787386175071 -0.18880599958952082 0.0084244359668385321 0.080503957427066314 0.0107308288399353 0.025764486371425161 0.031605697142725868 -0.050385910189814045 0.010506665221973188 0.048074482514046231 0.06462544053792954 -0.052644880534046229 0.25589820014105902 0.0035556219100151723 0.11496486949920655 -0.0092236011044456254 0.10079526441252751 0.018504216114537477
leaf_weight=33 544 105 1541 272 744 647 2308 20 195 105 35 57 642 129 5264 46 234 285 4575 162 1745 1471 30 90 45 5436 25 7337 46 2745
leaf_count=33 544 105 1541 272 744 647 2308 20 195 105 35 57 642 129 5264 46 234 285 4575 162 1745 1471 30 90 45 5436 25 7337 46 2745
internal_value=-7.97256e-05 0.0107571 -0.0586183 0.0369995 0.00084696 -0.125242 -0.0444529 -0.180567 0.0321993 0.129318 -0.164134 -0.185333 -0.0343775 -0.155722 0.00748905 0.00115229 -0.0283866 -0.010543 0.0268235 -0.0118295 0.0151548 0.0530119 -0.0323017 -0.104673 0.190282 0.0042013 0.0119821 -0.0101128 0.012387 0.0198605
internal_weight=36913 31147 5766 8538 22609 1011 4755 274 8116 422 254 219 3214 186 14281 6226 2572 8328 6450 8043 1875 1666 2338 737 150 5482 1770 7499 8055 2791
internal_count=36913 31147 5766 8538 22609 1011 4755 274 8116 422 254 219 3214 186 14281 6226 2572 8328 6450 8043 1875 1666 2338 737 150 5482 1770 7499 8055 2791
is_linear=0
shrinkage=0.05


Tree=41
num_leaves=31
num_cat=0
split_feature=299 299 297 294 299 299 258 11 0 40 15 250 26 250 288 89 33 195 283 45 210 36 122 36 245 117 126 28 277 263
split_gain=8462.08 2835.18 2111.85 1234.84 774.181 480.75 344.327 342.338 328.608 629.272 485.676 287.895 259.548 228.606 178.569 178.47 160.84 143.153 132.71 130.285 124.212 123.702 123.39 120.44 108.859 115.661 107.629 104.719 103.138 102.802
threshold=-6.58239722251892 0.32459715008735662 -15.355660438537596 9.3552966117858904 -2.2377878427505489 -24.360757827758786 -8.5629358291625959 4.4739229679107675 3.0437519550323491 -12.09346294403076 -2.0214941501617427 3.8632667064666752 6.3208961486816415 -3.2668405771255489 2.601664781570435 -11.682427883148192 0.5884394943714143 1.8724970221519472 -2.7145094871520992 2.242417693138123 -20.137676239013668 0.9503023922443391 29.522365570068363 0.12243119999766351 -3.1355713605880733 3.9584217071533208 -8.8510503768920881 5.1030712127685556 12.731166362762453 -13.292652130126951
decision_type=2 2 2 2 2 2 2 2 2 2 2 2 2 2 2 2 2 2 2 2 2 2 2 2 2 2 2 2 2 2
left_child=2 4 5 11 13 7 29 8 9 -1 -10 14 22 19 -3 -11 18 -15 -8 -2 -17 26 -5 -24 27 -26 -7 -6 -25 -4
right_child=1 3 6 12 24 21 16 -9 10 15 -12 -13 -14 17 -16 20 -18 -19 -20 -21 -22 -23 23 28 25 -27 -28 -29 -30 -31
leaf_value=-0.44922120094299323 -0.009224275012998398 0.025613110553117126 -0.083961326735360289 0.12671059926350911 0.0018577709723936382 -0.11600942920361246 -0.025301782427948272 -0.34074767783836085 0.15135825857520105 -0.020007645000110975 -0.15915891764795079 0.065233952264285189 0.052571801096200944 0.00020081414524074508 0.045922638182955972 -0.25822217464447023 -0.049945721222690677 0.040049083993352691 0.028247316164865355 -0.035948572280677223 -0.14868797659873964 -0.13529934381566397 0.28055574315435744 0.139082380639973 0.014950109921534605 0.057720249298936835 -0.074303851199150089 -0.099597305059432983 0.2638567404313521 -0.050934851550557186
leaf_weight=20 5938 3494 273 105 1169 224 2241 27 20 22 34 743 64 7902 1568 33 692 232 122 494 120 164 34 67 8681 161 500 26 22 1721
leaf_count=20 5938 3494 273 105 1169 224 2241 27 20 22 34 743 64 7902 1568 33 692 232 122 494 120 164 34 67 8681 161 500 26 22 1721
internal_value=-7.57394e-05 0.0106939 -0.0532912 0.0412169 0.00312982 -0.114003 -0.0392945 -0.171641 -0.153304 -0.183531 -0.0441526 0.0361702 0.141546 -0.00423274 0.0319042 -0.153166 -0.0287455 0.00133738 -0.0225371 -0.0112768 -0.172313 -0.0960891 0.166521 0.200506 0.0138146 0.0157289 -0.0872072 -0.00034962 0.169925 -0.0554565
internal_weight=36913 30700 6213 6097 24603 1164 5049 276 249 195 54 5805 292 14566 5062 175 3055 8134 2363 6432 153 888 228 123 10037 8842 724 1195 89 1994
internal_count=36913 30700 6213 6097 24603 1164 5049 276 249 195 54 5805 292 14566 5062 175 3055 8134 2363 6432 153 888 228 123 10037 8842 724 1195 89 1994
is_linear=0
shrinkage=0.05


Tree=42
num_leaves=31
num_cat=0
split_feature=299 299 296 299 299 258 243 194 3 2 299 7 6 32 181 67 170 284 181 282 34 99 6 34 74 291 91 17 260 289
split_gain=7649.7 2740.19 1709.33 1243.14 635.312 423.915 299.306 299.296 621.528 402.126 282.126 199.429 238.63 162.772 151.234 148.53 150.592 143.718 136.024 125.203 120.071 109.623 108.522 108.08 107.349 106.736 106.135 105.33 98.7646 98.6976
threshold=-7.2239522933959952 -0.5112641155719756 -18.349162101745602 7.5308458805084237 -3.5193097591400142 -11.216756820678709 2.4870671033859257 -17.128977775573727 2.6182055473327641 1.3581986427307131 16.419423103332523 -0.90835529565811146 0.80144196748733532 1.2555603981018069 -0.86026558279991139 -3.6069015264511104 -6.2863492965698233 -2.2465027570724483 -0.97920712828636158 -3.6400396823883052 -0.20940784364938733 -4.2498657703399649 3.5111436843872075 -2.9862486124038692 -4.7453527450561515 -0.094643630087375627 1.7904506921768191 -5.1693038940429679 -0.34845827519893641 -2.6487997770309444
decision_type=2 2 2 2 2 2 2 2 2 2 2 2 2 2 2 2 2 2 2 2 2 2 2 2 2 2 2 2 2 2
left_child=2 4 7 6 14 -4 18 8 9 11 -5 -1 -13 19 24 16 -6 -17 20 22 -3 28 -7 -8 -2 -16 29 -20 -19 -26
right_child=1 3 5 10 15 13 23 -9 -10 -11 -12 12 -14 -15 25 17 -18 21 27 -21 -22 -23 -24 -25 26 -27 -28 -29 -30 -31
leaf_value=-0.10540489012544806 -0.032997483911110313 0.031228931750750769 -0.071993200713548325 0.087093202911154202 0.047852226653519798 -0.035436895103978017 0.082990600848809271 -0.11199558119569282 -0.42568793396155047 0.036081189557444306 0.17276578336148651 -0.38986704525582139 -0.15674373880028725 -0.059733156284829919 0.0013437597258501638 0.0029076653380613105 -0.015720622097202742 0.024084133968258706 0.10123604607582093 0.013113066762391674 0.0048599082653665738 0.012655726261353637 0.016379507411093938 0.043375902261805321 -0.011481327331170854 0.048917000506642383 -0.029106610544036151 0.02825605395822782 0.13095591819618602 0.0063036450137803849
leaf_weight=33 602 636 1057 274 102 2684 195 606 24 24 148 21 23 596 931 6308 1074 52 50 152 1344 6708 105 1471 5464 135 727 4420 37 910
leaf_count=33 602 636 1057 274 102 2684 195 606 24 24 148 21 23 596 931 6308 1074 52 50 152 1344 6708 105 1471 5464 135 727 4420 37 910
internal_value=-7.19524e-05 0.00927352 -0.0555095 0.0334702 0.000310763 -0.0442093 0.0291198 -0.126526 -0.19697 -0.142621 0.11714 -0.19832 -0.268007 -0.0359063 -0.0102826 0.00681541 -0.0102067 0.00834292 0.0242398 -0.0310777 0.01333 0.0133871 -0.0334861 0.0480127 -0.0127253 0.00736851 -0.0110066 0.0290724 0.068514 -0.00894221
internal_weight=36913 31588 5325 8538 23050 4594 8116 731 125 101 422 77 44 3537 8769 14281 1176 13105 6450 2941 1980 6797 2789 1666 7703 1066 7101 4470 89 6374
internal_count=36913 31588 5325 8538 23050 4594 8116 731 125 101 422 77 44 3537 8769 14281 1176 13105 6450 2941 1980 6797 2789 1666 7703 1066 7101 4470 89 6374
is_linear=0
shrinkage=0.05


Tree=43
num_leaves=31
num_cat=0
split_feature=299 299 293 299 196 299 239 11 0 40 15 250 188 45 190 33 292 36 291 2 299 148 298 278 193 244 288 185 249 298
split_gain=6908.38 2309.51 1774.43 901.67 844.893 397.657 319.805 304.79 297.03 551.161 442.804 240.359 196.554 168.892 155.079 150.497 159.392 124.289 124.273 123.795 119.636 117.77 112.369 112.265 109.468 106.486 106.357 102.429 101.343 100.945
threshold=-6.4729416370391837 1.6200093626976015 -15.309760570526121 -2.2377878427505489 22.8087911605835 -24.360757827758786 -7.9619739055633536 4.4739229679107675 3.0437519550323491 -12.09346294403076 -2.0214941501617427 5.1975235939025888 -1.7991021275520322 -7.6268975734710684 -1.6106770038604734 1.7186517119407656 -4.7920653820037833 0.66632354259490978 0.52939593791961681 -3.1760934591293331 -4.4566564559936515 -4.5439128875732413 -2.6637350320816036 -29.795823097229 -11.401106357574461 -1.7876814007759092 3.6596165895462041 -8.8093152046203596 -7.042980194091796 -4.5677752494812003
decision_type=2 2 2 2 2 2 2 2 2 2 2 2 2 2 2 2 2 2 2 2 2 2 2 2 2 2 2 2 2 2
left_child=2 3 5 12 11 7 -4 8 9 -1 -10 26 19 -11 21 16 25 24 -14 -2 -21 -5 -16 -15 -7 27 -3 -8 -18 -22
right_child=1 4 6 14 -6 17 15 -9 10 13 -12 -13 18 23 22 -17 28 -19 -20 20 29 -23 -24 -25 -26 -27 -28 -29 -30 -31
leaf_value=-0.41573216438293459 -0.032357269341940754 0.030369279134960077 -0.053521464823598874 0.042012541537935086 0.16314392089843752 -0.10125386267900467 0.012647500811465857 -0.3152059625696253 0.15211669832468033 -0.009124567291953347 -0.14437891507849973 0.075858223107832079 0.0027814151430167111 -0.24401002883911135 0.050545914881069867 -0.054351220673157112 0.068769641684704147 -0.12732080464150494 0.039929368488396275 -0.014124240642701971 0.02081034237942235 0.0053700488956057862 0.017675909255445672 -0.13613418728355473 -0.062034459408624468 0.03025356092781294 0.050489879035568619 -0.030522861048450634 -0.0030274559640631141 -0.0040847052736206141
leaf_weight=20 487 1910 1604 231 152 304 145 27 20 22 34 469 4498 30 269 432 61 157 237 3293 440 4323 7779 123 429 80 1001 2622 253 5461
leaf_count=20 487 1910 1604 231 152 304 145 27 20 22 34 469 4498 30 269 432 61 157 237 3293 440 4323 7779 123 429 80 1001 2622 253 5461
internal_value=-6.83548e-05 0.00980338 -0.0474645 0.00483279 0.0478259 -0.103208 -0.0349578 -0.155642 -0.13834 -0.167078 -0.0345657 0.04264 -0.00370734 -0.13866 0.0146022 -0.0266706 -0.0228876 -0.0869476 0.00464077 -0.00779043 -0.00648914 0.00722873 0.0187746 -0.157286 -0.0783001 -0.0266164 0.0372881 -0.0282606 0.0109204 -0.00222844
internal_weight=36913 30550 6363 27018 3532 1166 5197 276 249 195 54 3380 14416 175 12602 3593 3161 890 4735 9681 9194 4554 8048 153 733 2847 2911 2767 314 5901
internal_count=36913 30550 6363 27018 3532 1166 5197 276 249 195 54 3380 14416 175 12602 3593 3161 890 4735 9681 9194 4554 8048 153 733 2847 2911 2767 314 5901
is_linear=0
shrinkage=0.05


Tree=44
num_leaves=31
num_cat=0
split_feature=293 299 299 299 299 299 299 190 3 2 12 299 188 185 2 129 10 183 42 79 79 212 181 79 162 292 212 33 20 71
split_gain=6244.8 2252.17 1400.48 1113.39 392.872 375.745 333.318 281.33 758.762 289.171 239.578 231.744 170.022 153.028 138.74 128.885 123.116 125.217 120.892 116.11 111.883 106.667 104.234 101.362 96.9339 124.215 94.7977 93.9418 92.5201 90.4689
threshold=-7.2458519935607901 -1.1531624197959898 -18.415507316589352 7.5308458805084237 -4.7200934886932364 -11.280060291290281 1.6200093626976015 -16.79882717132568 2.6182055473327641 1.3581986427307131 -2.2413978576660152 16.419423103332523 -2.3631289005279537 0.51305308938026439 3.751065850257874 3.5173016786575322 2.1297369003295903 -2.7598428726196285 2.6085681915283208 -2.6858160495758052 -1.3436837792396543 -7.2278749942779532 1.2700902819633486 -8.9236521720886213 1.521195709705353 -1.1190034151077268 -7.5346832275390616 1.1567918658256533 -3.0244249105453487 -6.0322015285491934
decision_type=2 2 2 2 2 2 2 2 2 2 2 2 2 2 2 2 2 2 2 2 2 2 2 2 2 2 2 2 2 2
left_child=2 4 7 6 15 -4 19 8 9 10 -1 -5 27 18 20 24 -16 -18 29 -3 -9 -14 -8 -12 25 -2 -21 -7 -28 -6
right_child=1 3 5 11 13 12 22 14 -10 -11 23 -13 21 -15 16 -17 17 -19 -20 26 -22 -23 -24 -25 -26 -27 28 -29 -30 -31
leaf_value=-0.32149515666067602 -0.014892131033606301 0.0019006532342340128 -0.058585730222898119 0.079031140960916124 0.03571167952820746 -0.029322927146053324 0.027961208293964337 -0.098619131179721431 -0.42912413024902341 0.015018170233815908 -0.039318625823311186 0.15667802965318836 0.038396713932355248 0.020903008118200533 0.072544915080070493 0.10968752247946603 -0.16872645959258081 0.0041358409957452259 -0.020185881189791761 -0.075105515007789322 -0.1611780557737631 -0.018060581614686686 0.046272245617411258 -0.17605373043228278 -0.059208089971946459 0.029022289840448762 0.055311615348503151 -0.055644785767734642 0.019527395710467778 0.0015893641714756629
leaf_weight=20 4502 1004 1712 274 197 2106 1540 449 25 28 23 148 135 1045 20 21 20 22 638 26 85 220 1569 33 118 167 186 404 6258 13918
leaf_count=20 4502 1004 1712 274 197 2106 1540 449 25 28 23 148 135 1045 20 21 20 22 638 26 85 220 1569 33 118 167 186 404 6258 13918
internal_value=-6.4937e-05 0.00835755 -0.0502806 0.0266197 -0.0013957 -0.0400531 0.023444 -0.114847 -0.181795 -0.122341 -0.172947 0.106263 -0.0289788 0.00241303 -0.100357 -0.0139103 -0.0295587 -0.0781795 0.00110333 0.0177209 -0.108577 0.00340909 0.0372021 -0.119895 -0.0144525 -0.0133214 0.0201758 -0.0335596 0.0205603 0.0020656
internal_weight=36913 31611 5302 11005 20606 4577 10583 725 129 104 76 422 2865 15798 596 4808 62 42 14753 7474 534 355 3109 56 4787 4669 6470 2510 6444 14115
internal_count=36913 31611 5302 11005 20606 4577 10583 725 129 104 76 422 2865 15798 596 4808 62 42 14753 7474 534 355 3109 56 4787 4669 6470 2510 6444 14115
is_linear=0
shrinkage=0.05


Tree=45
num_leaves=31
num_cat=0
split_feature=299 299 190 3 263 299 293 189 9 13 18 66 52 290 183 298 288 298 232 71 73 33 185 299 154 289 184 119 152 298
split_gain=6092.89 2371.94 1358.86 1801.7 809.06 757.053 554.646 301.421 271.219 531.892 253.297 182.852 162.92 162.773 143.722 128.983 137.246 126.271 137.823 120.566 118.783 117.547 111.153 110.176 107.806 108.785 104.832 104.169 100.421 90.2783
threshold=-9.224357604980467 -0.46835529804229731 -16.79882717132568 3.1146125793457036 8.5965242385864276 -3.794305562973022 -15.309760570526121 1.3969596028327944 -3.6627798080444331 -1.7394562959671018 -1.4740161299705503 -3.3355939388275142 -10.021124362945555 -4.7581148147582999 -2.0338006019592281 -0.41047464311122889 0.4616603702306748 -0.41047464311122889 0.69692569971084606 -6.3611943721771231 -3.5285524129867549 0.33300946652889257 1.723321318626404 -18.415507316589352 1.1032842993736269 -4.41762351989746 2.9591341018676762 -3.2776854038238521 -4.3266930580139151 -4.4763259887695304
decision_type=2 2 2 2 2 2 2 2 2 2 2 2 2 2 2 2 2 2 2 2 2 2 2 2 2 2 2 2 2 2
left_child=2 5 3 8 7 11 12 15 -1 -10 -11 -2 -4 21 19 -3 28 18 27 -7 -21 -8 24 -14 25 -13 -6 -16 -17 -27
right_child=1 4 6 -5 26 14 13 -9 9 10 -12 22 23 -15 17 16 -18 -19 -20 20 -22 -23 -24 -25 -26 29 -28 -29 -30 -31
leaf_value=-0.0012379386027654012 -0.028469188060537033 0.039115408022423442 0.021222686767578127 -0.59771914291381845 0.027779767662286761 0.045149836211368956 -0.037962389100325983 0.04271429602175815 -0.37117481207847597 0.038117721270431171 -0.16889868279298148 -0.01381487783773401 -0.10461891999481419 0.046853084906935696 0.041875902907550333 0.051125831250791204 0.025652287957249033 -0.0054063317761027033 0.034214229945720029 -0.022377803568844088 0.0012530826285215221 -0.064295482583517249 0.024783471927174137 -0.071019476846207019 -0.036271570109581916 0.008396292485256824 0.12389592924118042 0.009035302586492721 0.0067229028917915228 -0.0092843575019710411
leaf_weight=30 1451 846 34 25 32 145 1752 2190 25 22 45 4406 564 50 250 135 2748 1181 648 587 5653 559 234 430 377 1307 250 7073 2242 1613
leaf_count=30 1451 846 34 25 32 145 1752 2190 25 22 45 4406 564 50 250 135 2748 1181 648 587 5653 559 234 430 377 1307 250 7073 2242 1613
internal_value=0.00020639 0.00681996 -0.0622036 -0.21103 0.0297248 -0.000938723 -0.0557482 0.0268476 -0.13179 -0.174361 -0.100923 -0.0121489 -0.0864026 -0.0424009 0.00583486 0.0210281 0.0180424 0.00985157 0.0121122 7.74678e-05 -0.000969887 -0.044332 -0.00916532 -0.0900839 -0.0101966 -0.00885477 0.112989 0.0101564 0.00924474 -0.00137045
internal_weight=36904 33368 3536 147 8443 24925 3389 8161 122 92 67 9388 1028 2361 15537 5971 5125 9152 7971 6385 6240 2311 7937 994 7703 7326 282 7323 2377 2920
internal_count=36904 33368 3536 147 8443 24925 3389 8161 122 92 67 9388 1028 2361 15537 5971 5125 9152 7971 6385 6240 2311 7937 994 7703 7326 282 7323 2377 2920
is_linear=0
shrinkage=0.05


Tree=46
num_leaves=31
num_cat=0
split_feature=299 299 190 7 299 283 239 1 286 288 63 35 298 281 181 290 34 190 36 212 52 27 26 123 295 33 27 66 257 26
split_gain=5498.83 2153.48 1226.37 1935.91 843.224 496.124 495.019 346.772 499.472 258.437 228.701 169.023 168.422 150.834 150.228 146.855 142.378 143.795 130.308 126.507 124.954 121.481 118.629 112.44 112.137 108.96 102.193 99.1724 96.2273 95.6938
threshold=-9.224357604980467 -1.4301396608352659 -16.79882717132568 2.2605994939804082 5.9020354747772226 -4.7136023044586173 -11.913792133331297 2.7317184209823613 -29.535027503967282 1.178095877170563 23.254183769226078 2.1993461847305302 -1.6529308557510374 -0.049552371725440018 -3.4759925603866573 -4.7581148147582999 -3.3965361118316646 -3.1840791702270503 -0.080901414155960069 -6.2818021774291983 -10.021124362945555 4.7094318866729745 4.9626009464263925 -1.8554611206054685 -24.291317939758297 0.5884394943714143 -2.6265689134597774 -1.9459285140037534 -14.30088949203491 -7.0360524654388419
decision_type=2 2 2 2 2 2 2 2 2 2 2 2 2 2 2 2 2 2 2 2 2 2 2 2 2 2 2 2 2 2
left_child=2 5 3 7 9 14 20 8 -1 12 -6 13 -3 -7 29 18 -14 -18 28 -19 -4 27 -12 -13 -22 -16 -10 -11 -8 -2
right_child=1 4 6 -5 10 11 15 -9 26 21 22 23 16 -15 25 -17 17 19 -20 -21 24 -23 -24 -25 -26 -27 -28 -29 -30 -31
leaf_value=-0.32541120052337646 -0.11007850862318469 0.038400198493201664 0.018838264147440595 -0.63298911289735282 0.061959720665300401 0.002121900734798397 -0.10099942507567231 0.066460829377174388 -0.015631474991296902 0.0064684677287004892 0.15175024322734393 -0.031053867382409218 0.042170162335116203 0.021706160955200685 -0.0033259583956791227 0.044510554760694508 -0.011027505958181243 -0.071234544866125696 -0.062913335937632139 0.013856822269410414 -0.1231055647134781 -0.0047401845982644412 0.020298021882772448 -0.0030010533930508645 -0.077468513205366324 -0.027211420967554051 -0.13652858498760245 0.035758286925644311 -0.033189657843516518 -0.021787549969033745
leaf_weight=32 31 687 30 22 568 12114 54 20 29 318 121 588 382 1070 2791 50 679 44 567 6009 160 226 20 910 848 576 44 3169 1680 3065
leaf_count=32 31 687 30 22 568 12114 54 20 29 318 121 588 382 1070 2791 50 679 44 567 6009 160 226 20 910 848 576 44 3169 1680 3065
internal_value=0.00019607 0.00647896 -0.0590934 -0.200478 0.0231856 -0.00317844 -0.0529607 -0.124356 -0.160702 0.0199268 0.0761084 0.00190299 0.0147588 0.00371134 -0.0147219 -0.0402633 0.0124758 0.0107908 -0.0421054 0.0132383 -0.0817197 0.0307847 0.133105 -0.0140124 -0.0847125 -0.0074121 -0.088501 0.0330872 -0.0353014 -0.0226716
internal_weight=36904 33368 3536 147 12223 21145 3389 125 105 11514 709 14682 7801 13184 6463 2351 7114 6732 2301 6053 1038 3713 141 1498 1008 3367 73 3487 1734 3096
internal_count=36904 33368 3536 147 12223 21145 3389 125 105 11514 709 14682 7801 13184 6463 2351 7114 6732 2301 6053 1038 3713 141 1498 1008 3367 73 3487 1734 3096
is_linear=0
shrinkage=0.05


Tree=47
num_leaves=31
num_cat=0
split_feature=293 299 296 185 3 263 299 299 1 238 82 288 49 298 298 246 185 34 298 299 297 181 34 298 34 24 289 280 73 234
split_gain=4971.93 1636.41 1477.69 634.682 2483.21 623.429 437.152 289.802 288.377 314.687 277.304 190.113 161.559 327.518 137.219 134.823 134.674 130.727 114.077 129.154 112.407 112.398 111.051 109.163 103.963 103.646 103.184 101.879 99.2603 94.8779
threshold=-6.9182460308074942 0.10011858865618707 -17.204134941101071 -17.502517700195309 2.6182055473327641 8.5965242385864276 -3.5193097591400142 -11.601910114288328 0.33408714830875402 -22.20425987243652 -10.874846935272215 2.601664781570435 -9.0803251266479474 -29.122012138366696 -3.8833124637603755 -2.2119473218917842 -0.88271474838256825 -3.951917171478271 -0.091852679848670946 -1.4301396608352659 -24.393283843994137 -1.9541481733322141 -4.1095652580261222 -8.5602650642395002 -5.4883217811584464 3.3027969598770146 1.0000000180025095e-35 4.0270280838012704 -3.6301561594009395 2.5382435321807866
decision_type=2 2 2 2 2 2 2 2 2 2 2 2 2 2 2 2 2 2 2 2 2 2 2 2 2 2 2 2 2 2
left_child=2 6 3 4 8 11 21 -4 9 -1 -10 24 13 -5 -8 22 -9 -13 19 -17 -14 25 -16 -23 -3 26 -2 29 -24 -25
right_child=1 5 7 12 -6 -7 14 16 10 -11 -12 17 20 -15 15 18 -18 -19 -20 -21 -22 23 28 27 -26 -27 -28 -29 -30 -31
leaf_value=-0.35535316467285161 -0.010744579554729426 0.05521306515027935 -0.050491882386249888 0.15331615266345799 -0.71638250350952148 0.10270512357671212 0.030366556296828585 -0.026391848118972241 0.11151569366455079 -0.084168932489726858 -0.11224483450253804 0.14431560358096815 -0.12929433599694984 -0.08342942396799724 0.044876405078431839 0.0071597112636275738 0.013230412482567455 0.037433912779631789 -0.0038438974142192255 0.020505480060361458 -0.080926336910261784 0.078055013262707251 -0.02096387608597676 -0.00057335177262707977 0.018888134573993211 -0.056860825369755431 0.043507689070165834 -0.10934313024793352 0.0014529910381814995 0.054132624442984424
leaf_weight=20 5747 207 1437 21 20 282 601 3174 20 23 45 29 154 48 138 4708 230 2121 1277 2948 546 46 540 2369 4067 120 89 21 5774 82
leaf_count=20 5747 207 1437 21 20 282 601 3174 20 23 45 29 154 48 138 4708 230 2121 1277 2948 546 46 540 2369 4067 120 89 21 5774 82
internal_value=0.000186267 0.00806099 -0.0425854 -0.101531 -0.20462 0.0299422 0.002062 -0.0316632 -0.109849 -0.210301 -0.0433954 0.0267481 -0.084372 -0.0113764 0.00692867 0.00601309 -0.0237147 0.0388756 0.00999098 0.0122986 -0.0915673 -0.00711887 0.000505583 0.00173746 0.0206474 -0.010863 -0.00991722 0.000317314 -0.000464194 0.00125688
internal_weight=36904 31166 5738 897 128 6706 24460 4841 108 43 65 6424 769 69 15986 15385 3404 2150 8933 7656 700 8474 6452 2518 4274 5956 5836 2472 6314 2451
internal_count=36904 31166 5738 897 128 6706 24460 4841 108 43 65 6424 769 69 15986 15385 3404 2150 8933 7656 700 8474 6452 2518 4274 5956 5836 2472 6314 2451
is_linear=0
shrinkage=0.05


Tree=48
num_leaves=31
num_cat=0
split_feature=295 234 185 31 262 294 236 66 185 41 286 29 130 63 244 44 87 250 36 288 49 298 290 25 183 117 148 217 154 215
split_gain=4495.78 1729.32 980.514 1633.87 613.428 589.766 386.315 200.71 182.846 170.464 161.737 155.135 142.505 121.852 120.163 115.28 114.247 110.43 109.5 103.548 102.163 287.083 129.818 100.105 94.9651 88.9852 88.7994 106.632 88.4289 87.9677
threshold=-9.4751477241516096 -0.16658467054367063 -17.502517700195309 -11.363813400268553 6.7346577644348153 -4.1680302619934073 -11.032396793365477 -3.3355939388275142 1.0675156116485598 -4.689523220062255 -29.535027503967282 2.4359763860702519 -1.9336944818496702 23.254183769226078 -2.5719476938247676 1.5908605456352236 5.37001657485962 0.53217941522598278 -1.0445384383201597 0.40720388293266302 -9.0803251266479474 -29.122012138366696 -21.496946334838864 3.4500224590301518 -2.7598428726196285 -2.2779846191406246 2.6579674482345585 -1.5861082673072813 -1.3794757723808286 -2.8194508552551265
decision_type=2 2 2 2 2 2 2 2 2 2 2 2 2 2 2 2 2 2 2 2 2 2 2 2 2 2 2 2 2 2
left_child=2 5 3 -1 8 7 11 24 16 -7 -5 15 -11 -6 28 20 -3 23 -15 26 21 -4 -22 25 -2 -9 -14 -28 -8 -10
right_child=1 4 6 10 13 9 14 17 29 12 -12 -13 19 18 -16 -17 -18 -19 -20 -21 22 -23 -24 -25 -26 -27 27 -29 -30 -31
leaf_value=-0.6059976196289063 -0.033124550536793411 0.017761070359993022 0.14565033685593379 -0.20268353356255428 0.065906789458494416 0.040160039401415625 -0.034830610445793546 -0.01463264966836908 0.066015180225635101 -0.0025468889185496328 -0.074029008965743215 -0.11876493038295151 0.0061690377547355306 0.20569938442279256 0.024931832075787662 0.048091373795812783 -0.035005242029825849 0.041904797215353361 0.098980048265760748 0.020399127842715154 -0.10392884850502014 -0.069619498818607656 -0.061838787738763237 -0.055264586684978113 -0.0018791864182325019 -0.0028244266710960998 -0.065987481133259362 0.00065977547587041396 -0.073097155126045921 0.030365438309764622
leaf_weight=20 1322 4454 21 36 291 330 1573 2757 185 5736 76 154 9821 31 78 22 105 110 107 1300 240 59 774 113 298 3787 94 166 167 2677
leaf_count=20 1322 4454 21 36 291 330 1573 2757 185 5736 76 154 9821 31 78 22 105 110 107 1300 240 59 774 113 298 3787 94 166 167 2677
internal_value=0.000176953 0.0055727 -0.0562673 -0.189718 0.0261248 -0.000672323 -0.0505628 -0.0115684 0.0227642 0.00456557 -0.115382 -0.0717219 0.00387934 0.0842574 -0.0357817 -0.0652303 0.0165458 -0.00778391 0.122953 0.00711815 -0.0675092 -0.0131112 -0.0718009 -0.00860496 -0.0273769 -0.00779925 0.0054055 -0.0234358 -0.0385033 0.0326698
internal_weight=36904 33684 3220 132 7850 25834 3088 8387 7421 17447 112 1270 17117 429 1818 1116 4559 6767 138 11381 1094 80 1014 6657 1620 6544 10081 260 1740 2862
internal_count=36904 33684 3220 132 7850 25834 3088 8387 7421 17447 112 1270 17117 429 1818 1116 4559 6767 138 11381 1094 80 1014 6657 1620 6544 10081 260 1740 2862
is_linear=0
shrinkage=0.05


Tree=49
num_leaves=31
num_cat=0
split_feature=299 299 190 7 294 299 293 2 276 7 58 66 298 189 298 98 2 290 73 298 299 298 297 167 73 284 265 24 294 31
split_gain=4074.06 1641.57 903.417 1530.56 564.976 526.109 385.665 346.773 406.377 228.516 152.849 144.314 131.347 125.088 127.795 124.098 139.589 123.781 106.82 112.095 131.029 131.131 105.932 106.25 107.74 104.244 98.9134 95.9859 91.8653 94.0164
threshold=-9.224357604980467 -0.46835529804229731 -16.79882717132568 2.2605994939804082 5.2815699577331552 -3.6554607152938838 -15.309760570526121 0.92716559767723095 -29.099968910217282 1.3435857295989992 -8.5205202102661115 -3.3355939388275142 -3.8833124637603755 1.3150147795677187 -0.41047464311122889 -12.853108882904051 2.6248152256011967 -4.7581148147582999 -3.5285524129867549 -0.18501232564449308 -2.1308917999267574 -1.9446136951446531 -24.393283843994137 -11.380478858947752 3.2571972608566289 0.27895109355449682 -3.1700177192687984 0.15167088806629184 1.0484829545021059 3.2897332906723027
decision_type=2 2 2 2 2 2 2 2 2 2 2 2 2 2 2 2 2 2 2 2 2 2 2 2 2 2 2 2 2 2
left_child=2 5 3 7 13 11 15 8 -1 -6 -9 -2 -7 14 -3 16 -4 27 -14 20 -20 -22 23 24 -17 -16 -27 -8 29 -13
right_child=1 4 6 -5 9 12 17 10 -10 -11 -12 28 18 -15 25 22 -18 -19 19 -21 21 -23 -24 -25 -26 26 -28 -29 -30 -31
leaf_value=-0.32758232997013975 -0.02414498084014462 0.034764005607330659 -0.052131972834467889 -0.55678888227451928 0.043104655565009954 0.02486267349673341 -0.0298633363800434 0.1125826406478882 -0.089048623898180967 0.096542483821186326 -0.078402690885757853 -0.0065930570372532277 -0.013974506926957434 0.031512259622340659 0.0058492573593373802 -0.1183108740038686 0.10509068042039871 0.043361073836684229 0.0014584097947901928 -0.01074066070903992 0.025258419933791777 0.0075979504746021501 -0.068838457407536968 -0.052901735513106646 -0.24856250703334812 -0.039028137588106533 0.022088773783144597 -0.052657062760889994 0.06320545971393586 -0.034142134111860525
leaf_weight=26 1488 830 48 22 531 792 1673 20 57 321 22 8102 786 1873 2316 77 20 50 6527 1044 1377 4441 817 46 20 68 2504 638 46 322
leaf_count=26 1488 830 48 22 531 792 1673 20 57 321 22 8102 786 1873 2316 77 20 50 6527 1044 1377 4441 817 46 20 68 2504 638 46 322
internal_value=0.000168106 0.00557612 -0.0508654 -0.172214 0.0246309 -0.000878419 -0.0456019 -0.104529 -0.16377 0.0632379 0.0125427 -0.00978419 0.00504686 0.0202977 0.0166242 -0.0711636 -0.00589002 -0.0344721 0.00393969 0.00499135 0.00632178 0.0117778 -0.0757872 -0.115487 -0.145167 0.013544 0.0204729 -0.036156 -0.00726131 -0.0076461
internal_weight=36904 33368 3536 147 8443 24925 3389 125 83 852 42 9958 14967 7591 5718 1028 68 2361 14175 13389 12345 5818 960 143 97 4888 2572 2311 8470 8424
internal_count=36904 33368 3536 147 8443 24925 3389 125 83 852 42 9958 14967 7591 5718 1028 68 2361 14175 13389 12345 5818 960 143 97 4888 2572 2311 8470 8424
is_linear=0
shrinkage=0.05


Tree=50
num_leaves=31
num_cat=0
split_feature=241 299 187 23 295 290 17 95 299 294 28 298 34 283 27 99 299 73 183 295 71 184 258 20 194 66 298 295 34 69
split_gain=3579.06 1448.65 1080.45 1641.56 752.294 432.845 389.235 417.201 291.989 237.917 173.238 170.095 158.168 154.73 149.903 127.665 114.272 113.023 112.486 102.369 95.8835 95.0991 92.0407 106.567 100.848 95.5294 90.5115 91.4213 88.1253 88.0787
threshold=-6.515333652496337 -1.0924878716468809 -17.247379302978512 -7.9623978137969962 9.4017944335937518 -14.514571189880369 -3.12744128704071 -12.700712680816649 -3.3651820421218868 1.7948236465454104 1.7410442233085635 -2.6637350320816036 -0.28203803300857538 7.4867913722991952 3.6917947530746464 -4.1846082210540763 -2.0438259840011592 -2.0601710081100459 1.0939654707908633 -9.778218746185301 -5.8504402637481681 -10.203604698181151 2.019435048103333 3.147140741348267 1.244119465351105 -2.8738610744476314 0.1418820917606354 2.992748618125916 -3.951917171478271 -2.9627397060394283
decision_type=2 2 2 2 2 2 2 2 2 2 2 2 2 2 2 2 2 2 2 2 2 2 2 2 2 2 2 2 2 2
left_child=2 8 3 -1 9 -4 -5 -8 18 12 13 16 15 -6 19 -3 -10 -14 22 -7 -13 -21 23 24 25 -2 27 29 -11 -22
right_child=1 4 5 6 10 14 7 -9 11 28 -12 20 17 -15 -16 -17 -18 -19 -20 21 26 -23 -24 -25 -26 -27 -28 -29 -30 -31
leaf_value=-0.58266481672014503 -0.018600168818840756 0.054989245538943569 -0.063563967749028991 0.096788107156753553 0.085595559521067538 -0.035265124261654408 -0.32726525465647383 -0.091195287423975327 0.010871799653215632 0.10418833537799557 0.065287584744584876 0.043311468599131334 -0.0078930995150069128 0.19406297683715823 -0.075011984211734592 0.020315061237453094 0.042557677262359199 0.012477179087056331 0.018579250693023949 0.043038991637646212 -0.019039080035829721 -0.019480024967437701 0.093715854734182369 -0.048759057861895654 -0.057441296226655447 -0.0052032906812916717 -0.027876388221875298 0.092569831731142832 0.030348122219271318 0.0018983501199302901
leaf_weight=21 1600 298 1099 20 62 1408 24 85 2943 41 156 128 817 70 158 2431 315 4089 401 63 541 1763 22 163 102 7905 287 27 2793 7022
leaf_count=21 1600 298 1099 20 62 1408 24 85 2943 41 156 128 817 70 158 2431 315 4089 401 63 541 1763 22 163 102 7905 287 27 2793 7022
internal_value=0.00034842 0.00626271 -0.0407024 -0.172708 0.0212377 -0.0362934 -0.105971 -0.143174 -0.001245 0.0190445 0.100959 0.00430384 0.0144523 0.143116 -0.0274578 0.0241014 0.0139354 0.0090849 -0.00737634 -0.0251345 0.00038386 -0.017323 -0.00843926 -0.0086693 -0.0079891 -0.00745842 -0.000313706 0.000728519 0.0314164 0.000400644
internal_weight=36854 32213 4641 150 10757 4491 129 109 21456 10469 288 11263 7635 132 3392 2729 3258 4906 10193 3234 8005 1826 9792 9770 9607 9505 7877 7590 2834 7563
internal_count=36854 32213 4641 150 10757 4491 129 109 21456 10469 288 11263 7635 132 3392 2729 3258 4906 10193 3234 8005 1826 9792 9770 9607 9505 7877 7590 2834 7563
is_linear=0
shrinkage=0.05


Tree=51
num_leaves=31
num_cat=0
split_feature=241 292 187 42 294 290 239 34 177 28 150 33 68 233 212 91 183 279 1 19 282 57 185 292 197 185 185 119 208 37
split_gain=3230.1 1329.68 975.102 1129.63 605.41 390.642 350.437 216.801 165.097 144.869 141.593 138.44 133.005 131.96 123.302 118.899 116.455 114.189 111.55 102.014 181.283 100.626 90.4628 89.3553 87.875 86.6669 96.4963 85.5055 85.3478 79.1956
threshold=-6.515333652496337 -1.0000000180025095e-35 -17.247379302978512 -11.300307750701903 9.3552966117858904 -14.514571189880369 -2.4471836090087886 -3.8227486610412593 3.3071892261505131 1.7410442233085635 -9.6684865951538068 1.3748511075973513 -3.3093230724334712 1.7135047316551211 -7.5346832275390616 5.7172508239746103 -1.3010740280151365 9.5730814933776873 -1.6377384066581724 -3.9891916513442989 -30.757593154907223 -4.4227235317230216 -6.6852216720581046 2.7502763271331792 -1.7443712353706358 -12.799381732940672 -4.9152989387512198 -4.440415382385253 -2.9110348224639888 -3.3846659660339351
decision_type=2 2 2 2 2 2 2 2 2 2 2 2 2 2 2 2 2 2 2 2 2 2 2 2 2 2 2 2 2 2
left_child=2 6 3 -1 8 -4 10 13 15 17 -2 25 18 27 -9 23 21 -6 28 -5 -21 -16 -23 -3 -17 -7 -27 -8 -12 -18
right_child=1 4 5 19 9 11 7 14 -10 -11 12 -13 -14 -15 16 24 29 -19 -20 20 -22 22 -24 -25 -26 26 -28 -29 -30 -31
leaf_value=-0.48649849269701084 0.04835792481899262 0.017676099532631641 -0.060385769448354103 -0.0020288383960723878 0.10954823528948639 0.029848715474333945 0.098765134889828535 -0.064990738720174454 0.047291356657967354 0.063129668365397698 -0.060115852144597463 -0.049878088306477407 -0.0043092259113076611 0.096638865401156446 -0.032724762677047659 -0.10973287224769593 0.047187724032185296 0.22163133292362611 -0.0080215881983439121 -0.24942908701689348 -0.090999369678043188 0.041640267095395665 0.0010222973546741062 0.032166470860334015 -0.0050324116018083363 -0.02894921857079007 -0.008095088256901372 0.020719788910938765 -0.02180294410358221 0.0094996153357600911
leaf_weight=23 120 4578 1099 20 105 79 38 63 591 158 239 518 10407 78 217 22 143 29 750 23 84 140 6572 1386 225 2032 763 459 371 5522
leaf_count=23 120 4578 1099 20 105 79 38 63 591 158 239 518 10407 78 217 22 143 29 750 23 84 140 6572 1386 225 2032 763 459 371 5522
internal_value=0.000330999 0.00594957 -0.0386673 -0.164072 0.025065 -0.0344788 0.000551079 0.00614862 0.0220386 0.0955629 -0.00567981 -0.026085 -0.00623089 0.0361762 0.00478448 0.0196357 0.00513353 0.133805 -0.0209359 -0.10568 -0.125054 0.000786102 0.00186951 0.0210436 -0.014358 -0.0217966 -0.0232563 0.026687 -0.0368141 0.010451
internal_weight=36854 32213 4641 150 7094 4491 25119 13232 6802 292 11887 3392 11767 575 12657 6211 12594 134 1360 127 107 6929 6712 5964 247 2874 2795 497 610 5665
internal_count=36854 32213 4641 150 7094 4491 25119 13232 6802 292 11887 3392 11767 575 12657 6211 12594 134 1360 127 107 6929 6712 5964 247 2874 2795 497 610 5665
is_linear=0
shrinkage=0.05


Tree=52
num_leaves=31
num_cat=0
split_feature=283 292 185 23 54 236 239 34 9 103 256 148 284 294 60 295 293 233 30 154 181 24 133 182 79 212 24 71 95 33
split_gain=2916.15 1156.55 965.669 1471.8 546.724 426.795 324.248 179.829 173.23 401.09 168.69 154.614 152.382 148.912 129.935 127.067 117.155 115.188 104.967 102.369 120.552 95.2591 95.0688 87.5238 102.177 85.511 80.9191 77.1285 76.4327 72.9932
threshold=-7.3822293281555167 0.21100604534149173 -17.502517700195309 -7.9623978137969962 7.6754055023193368 -11.032396793365477 -2.4471836090087886 -3.5917785167694087 -3.5360274314880367 -12.761120319366453 -2.5759974718093868 -8.0606970787048322 13.492138385772707 5.2815699577331552 -10.124335765838621 -5.5294153690338126 -2.0374888181686397 1.7135047316551211 7.8350634574890146 -1.8597894310951231 -5.1492159366607657 -1.2368186116218565 -5.3653731346130362 -11.779568672180174 -1.8255599141120908 -7.5346832275390616 -1.2368186116218565 -3.2874722480773921 0.71948760747909557 -2.8308839797973628
decision_type=2 2 2 2 2 2 2 2 2 2 2 2 2 2 2 2 2 2 2 2 2 2 2 2 2 2 2 2 2 2
left_child=2 6 3 -1 13 14 11 17 -5 -10 19 -2 29 18 -4 -13 -9 27 -3 20 -7 -11 -17 24 -16 -18 -12 -8 -15 -6
right_child=1 4 5 8 12 10 7 16 9 21 26 15 -14 28 23 22 25 -19 -20 -21 -22 -23 -24 -25 -26 -27 -28 -29 -30 -31
leaf_value=-0.56459831237792979 0.041071304215325254 0.020146582493088754 0.06135701718537704 0.024464971086253291 0.14053484197796845 -0.031800518099236182 0.051660852481357079 0.00031482243964905732 -0.29802185821533206 0.029880954585969451 0.051360455445117428 -0.015952430074466669 0.18795537948608398 0.081558735989804926 -0.068767240419863082 -0.031194092245662913 -0.072988331029492037 0.092621997099470443 -0.040615130298667486 -0.051916722353959194 -0.012614960999205116 -0.10493163589976336 -0.0020557621134756664 -0.049434789395082501 -0.14807193077058006 0.010247348529150574 -0.012640965148642824 0.0097840204701437894 0.036696574345487482 0.065711735413884226
leaf_weight=20 180 5547 23 23 41 1696 176 6189 25 20 108 2370 40 116 347 289 31 74 72 326 1583 38 8919 835 46 6654 91 293 523 159
leaf_count=20 180 5547 23 23 41 1696 176 6189 25 20 108 2370 40 116 347 289 31 74 72 326 1583 38 8919 835 46 6654 91 293 523 159
internal_value=0.000314449 0.00600291 -0.0344608 -0.171187 0.0248092 -0.0310528 0.00114875 0.00646081 -0.0969588 -0.130606 -0.0227212 -0.00491281 0.098868 0.021969 -0.0563872 -0.00562772 0.00527199 0.0346465 0.019368 -0.025195 -0.0225383 -0.0584445 -0.00297029 -0.0585925 -0.0780497 0.00986136 0.0220935 0.025499 0.0448406 0.0810505
internal_weight=36854 31673 5181 126 6498 5055 25175 13417 106 83 3804 11758 240 6258 1251 11578 12874 543 5619 3605 3279 58 9208 1228 393 6685 199 469 639 200
internal_count=36854 31673 5181 126 6498 5055 25175 13417 106 83 3804 11758 240 6258 1251 11578 12874 543 5619 3605 3279 58 9208 1228 393 6685 199 469 639 200
is_linear=0
shrinkage=0.05


Tree=53
num_leaves=31
num_cat=0
split_feature=241 292 187 42 117 296 239 34 178 278 150 35 233 6 24 283 78 190 257 84 292 249 181 16 79 196 237 198 8 77
split_gain=2643 1093.43 790.621 955.712 554.256 326.101 252.105 173.869 168.945 156.152 117.411 108.572 107.298 101.917 101.386 194.643 100.278 99.1079 94.6154 96.5754 94.0567 92.1788 79.912 76.4357 73.7968 112.467 92.5692 80.0592 71.5125 71.1161
threshold=-6.515333652496337 -0.51877510547637928 -17.247379302978512 -11.300307750701903 9.301298141479494 -11.812489986419676 -3.1247954368591304 -3.5917785167694087 1.6866971254348757 12.829772949218752 -9.6684865951538068 4.0793895721435556 1.7135047316551211 -2.4036329984664913 -5.3032414913177481 -30.774226188659664 0.7423405945301057 -6.0801651477813712 -10.909004688262938 -4.1279444694519034 -2.9354451894760127 -4.8772382736206046 -2.3681246042251582 1.7261524200439455 -1.2487385272979734 -11.501282691955565 -22.038497924804684 -13.303858280181883 3.7134048938751225 -7.68035864830017
decision_type=2 2 2 2 2 2 2 2 2 2 2 2 2 2 2 2 2 2 2 2 2 2 2 2 2 2 2 2 2 2
left_child=2 6 3 -1 8 18 10 12 13 -6 -2 20 -8 -3 -5 -16 29 22 24 -20 -9 -13 23 -12 26 -26 -4 -28 -10 -7
right_child=1 4 5 14 9 16 7 11 28 -11 17 21 -14 -15 15 -17 -18 -19 19 -21 -22 -23 -24 -25 25 -27 27 -29 -30 -31
leaf_value=-0.44446776016898781 0.042537293249163138 -0.0066504505514876997 0.038676406597268995 0.0034086942672729493 0.075737744352243244 0.024000139037768046 0.020838124886707027 -0.0020583747130041453 0.029655660536952962 0.20176648740415223 -0.027299554904258005 -0.11651895956860647 0.085048861449791333 0.016055553661342394 -0.24317831993103028 -0.07858463147791421 -0.064615176077626776 -0.0063193559452462897 0.0053715671476435994 -0.04413111400805881 0.0062296622211462892 -0.019253521840495759 0.027347303210108573 -0.12415681222365016 -0.17916701777050129 -0.068033934520974837 -0.077332626162096865 -0.044622165168073241 0.098931995740062326 -0.019853639641435175
leaf_weight=23 116 538 29 22 274 96 675 5729 1893 27 678 27 72 6071 23 82 122 7234 146 303 8505 249 66 21 26 183 240 848 38 2498
leaf_count=23 116 538 29 22 274 96 675 5729 1893 27 678 27 72 6071 23 82 122 7234 146 303 8505 249 66 21 26 183 240 848 38 2498
internal_value=0.000298726 0.0053811 -0.0349778 -0.147899 0.0203589 -0.0312063 -0.000284588 0.00350265 0.0180085 0.0870426 -0.00740497 0.00229157 0.0270271 0.0142072 -0.0941894 -0.114638 -0.0203142 -0.00812923 -0.0478726 -0.0280345 0.00289384 -0.0287686 -0.0252438 -0.0302094 -0.05459 -0.0818591 -0.0494877 -0.0518377 0.0310189 -0.0182307
internal_weight=36854 32213 4641 150 8841 4491 23372 15257 8540 301 8115 14510 747 6609 127 105 2716 7999 1775 449 14234 276 765 699 1326 209 1117 1088 1931 2594
internal_count=36854 32213 4641 150 8841 4491 23372 15257 8540 301 8115 14510 747 6609 127 105 2716 7999 1775 449 14234 276 765 699 1326 209 1117 1088 1931 2594
is_linear=0
shrinkage=0.05


Tree=54
num_leaves=31
num_cat=0
split_feature=237 293 187 23 294 17 95 181 296 33 177 5 28 68 256 117 155 288 37 291 285 292 247 105 1 78 50 40 136 21
split_gain=2397.74 1009.56 688.116 1242.91 458.946 345.936 316.196 302.258 253.847 153.657 130.724 129.609 121.337 116.136 115.763 108.019 103.936 105.306 96.5763 94.9874 94.4247 93.7658 90.6968 83.8161 82.2959 81.8481 80.7884 78.3546 78.0293 77.0927
threshold=-6.4941596984863272 -1.0000000180025095e-35 -17.247379302978512 -7.9623978137969962 9.3552966117858904 -3.12744128704071 -12.700712680816649 -1.6863712072372434 -11.431238174438475 1.7586111426353457 2.6096383333206181 2.0671015977859502 1.7410442233085635 -3.2109154462814327 -3.8743464946746822 -0.33066396415233607 4.6319000720977792 0.97194725275039684 -3.3846659660339351 -2.5959891080856319 8.3600530624389666 -2.3715535402297969 -6.8967561721801749 -1.9604087471961973 -0.86462453007698048 1.0540277957916262 3.7631406784057622 -4.2164816856384268 2.0125283002853398 -2.7048343420028682
decision_type=2 2 2 2 2 2 2 2 2 2 2 2 2 2 2 2 2 2 2 2 2 2 2 2 2 2 2 2 2 2
left_child=2 7 3 -1 10 -5 -7 9 22 11 16 13 20 24 -11 25 17 -3 26 28 -6 -20 -4 -12 -2 -10 -9 -8 -15 -19
right_child=1 4 8 5 12 6 27 18 15 14 23 -13 -14 19 -16 -17 -18 29 21 -21 -22 -23 -24 -25 -26 -27 -28 -29 -30 -31
leaf_value=-0.49722478957403277 -0.025808118119724652 0.010699803436133469 -0.047105624952427483 0.1087157173268497 0.072424357079091617 -0.27777109146118167 -0.0072547465314467749 0.022203679902381021 -0.021494158591222161 -0.033933773127430726 0.12029899399856042 0.017771728792068616 0.053658489024714588 -0.0045279049628941205 -0.0077893008572875334 0.01765491360677459 -0.010093187069755863 0.067144060586220952 -4.4646627348009376e-05 0.0056444078005467233 0.15670712092151382 0.0094336003700240968 0.010509017498140604 0.033935747843430494 -0.0030592172565883486 -0.08692779420133756 0.12195262170973278 -0.10770935140550138 -0.085328820745150247 0.023248967861613734
leaf_weight=21 938 2491 1801 20 61 24 30 608 1937 705 29 743 158 7403 1060 177 348 104 4566 3034 73 6089 71 899 690 49 21 55 30 2619
leaf_count=21 938 2491 1801 20 61 24 30 608 1937 705 29 743 158 7403 1060 177 348 104 4566 3034 73 6089 71 899 690 49 21 55 30 2619
internal_value=0.00028379 0.00484846 -0.035349 -0.140504 0.0220208 -0.0824329 -0.117506 0.000349555 -0.0314399 -0.00439973 0.0192619 -0.002498 0.0833409 -0.00374317 -0.0182323 -0.0197729 0.0163633 0.0181291 0.00649576 -0.00181091 0.11834 0.00537188 -0.0449205 0.0366346 -0.0161664 -0.0231086 0.0255339 -0.0722548 -0.00485402 0.0249255
internal_weight=36854 32669 4185 150 6782 129 109 25887 4035 14603 6490 12838 292 12095 1765 2163 5562 5214 11284 10467 134 10655 1872 928 1628 1986 629 85 7433 2723
internal_count=36854 32669 4185 150 6782 129 109 25887 4035 14603 6490 12838 292 12095 1765 2163 5562 5214 11284 10467 134 10655 1872 928 1628 1986 629 85 7433 2723
is_linear=0
shrinkage=0.05


Tree=55
num_leaves=31
num_cat=0
split_feature=283 239 292 9 140 8 263 299 298 279 27 288 85 245 42 299 99 73 141 181 32 298 295 234 243 32 122 71 298 298
split_gain=2232.63 871.524 636.476 665.311 1188.36 382.562 303.809 292.424 158.493 138.651 136.536 136.394 135.168 125.18 123.045 118.96 116.646 114.909 102.232 98.2536 94.5068 90.3281 91.6324 89.2474 84.9708 77.786 76.3782 72.5817 70.8264 70.0601
threshold=-7.3822293281555167 0.28227776288986212 -30.108383178710934 -1.1803673505783079 -13.2358341217041 4.0567717552185067 -13.292652130126951 -3.1376920938491817 -2.9585318565368648 9.5730814933776873 1.2565785646438601 2.601664781570435 -2.9883801937103267 -1.3474689126014707 2.2918937206268315 -1.776526868343353 -4.8262658119201651 -2.6348210573196407 -1.8587688207626341 -0.88357231020927418 -2.5019760131835933 -1.4467290043830869 -2.7915986776351924 -0.40865145623683924 -1.2338811159133909 -2.0306588411331172 1.9584845900535586 -5.8504402637481681 -1.5361042618751524 3.9197814464569096
decision_type=2 2 2 2 2 2 2 2 2 2 2 2 2 2 2 2 2 2 2 2 2 2 2 2 2 2 2 2 2 2
left_child=2 7 3 -1 -5 11 -4 14 -9 20 13 18 -6 -8 19 27 -17 -18 26 -2 -7 -19 -23 29 -13 -26 -3 -10 -29 -20
right_child=1 5 6 4 12 9 10 8 15 -11 -12 24 -14 -15 -16 16 17 21 23 -21 -22 22 -24 -25 25 -27 -28 28 -30 -31
leaf_value=0.050845919259720374 -0.0056074177311291771 0.027309630899585342 -0.05141268221104122 -0.45229773521423344 -0.030040442666342093 0.11783900227811601 -0.019556935469707343 0.021232274925241365 0.042044461478469193 0.16944235777243591 -0.046323363647632336 -0.038314498199356929 -0.1683248212436835 0.025955113394869656 -0.02680030008415123 0.048403400142045548 -0.0093329347267983448 0.020935833422599661 -0.00075952656345261611 0.0096888235663606381 0.044492589831352236 -0.018943692841650751 0.0080778453315286085 0.0154844221094612 0.064516656586657395 0.028341141277455864 0.085802047782474092 0.00066779811035911122 -0.013141291003786923 -0.091137412867762835
leaf_weight=36 8748 489 1016 32 43 63 3452 1492 93 39 466 45 30 158 616 174 945 1335 847 1193 145 334 5172 2574 161 1929 63 4025 1207 22
leaf_count=36 8748 489 1016 32 43 63 3452 1492 93 39 466 45 30 158 616 174 945 1335 847 1193 145 334 5172 2574 161 1929 63 4025 1207 22
internal_value=0.000405571 0.00539874 -0.0298521 -0.134642 -0.198238 0.0219202 -0.0269504 0.00124001 0.00578049 0.0829293 -0.0208529 0.0194619 -0.0868696 -0.017565 -0.00511546 0.00404515 0.00791499 0.00701016 0.0140096 -0.00377175 0.0667081 0.00926776 0.00643869 0.010807 0.0296642 0.0311279 0.0339854 -0.00173963 -0.0025179 -0.00304757
internal_weight=36944 31711 5233 141 105 6377 5092 25334 14777 247 4076 6130 73 3610 10557 13285 7960 7786 3995 9941 208 6841 5506 3443 2135 2090 552 5325 5232 869
internal_count=36944 31711 5233 141 105 6377 5092 25334 14777 247 4076 6130 73 3610 10557 13285 7960 7786 3995 9941 208 6841 5506 3443 2135 2090 552 5325 5232 869
is_linear=0
shrinkage=0.05


Tree=56
num_leaves=31
num_cat=0
split_feature=283 234 245 8 195 0 8 299 3 34 181 298 299 280 34 35 214 283 292 182 143 166 9 148 28 35 28 1 15 211
split_gain=2014.95 794.439 580.523 781.566 1358.06 413.571 406.475 259.004 238.27 220.111 195.548 140.647 140.615 122.621 122.007 121.931 113.908 101.505 91.2465 88.2154 91.6139 86.3144 83.8968 81.9166 76.5527 75.3055 73.9647 81.4495 87.4839 73.3665
threshold=-7.3822293281555167 1.0000000180025095e-35 -18.828264236450192 2.296410441398621 -14.729148387908934 4.4567782878875741 3.7134048938751225 -3.1376920938491817 2.2721726894378667 -7.9109692573547354 -6.9708142280578604 -2.9585318565368648 2.5957891941070561 9.8120484352111834 -2.4631316661834712 2.5149010419845585 6.9207613468170175 -0.25706173479557032 -1.2891615033149717 -1.8160971999168394 -1.2162431478500364 -2.7837191820144649 -3.6627798080444331 1.6017093658447268 -4.2938005924224845 0.41561503708362585 0.31074497103691107 3.8242993354797368 -0.87350022792816151 -1.1578250527381895
decision_type=2 2 2 2 2 2 2 2 2 2 2 2 2 2 2 2 2 2 2 2 2 2 2 2 2 2 2 2 2 2
left_child=2 7 3 5 -5 8 12 15 9 -1 -4 -9 16 26 -13 17 -3 -2 23 20 -12 -19 -21 -16 -22 -24 27 28 -8 -25
right_child=1 6 10 4 -6 -7 13 11 -10 -11 19 14 -14 -15 18 -17 -18 21 -20 22 24 -23 25 29 -26 -27 -28 -29 -30 -31
leaf_value=0.053407915111850293 -0.0045900073414812089 0.013838319160440773 -0.037877300879223703 -0.59641811370849618 -0.056961600056716383 0.15707673311233522 0.01408739315257186 0.020026259754633277 -0.22911423683787385 -0.086754635702701491 -0.01826154877686461 0.021240573576883047 0.02881882821890612 0.16222294987858954 -0.00013386093415164652 -0.025582747353099247 -0.045226002888507158 0.071086339557018027 0.0074074620136250621 0.091904468834400177 -0.13688693294922513 0.0082204315023353472 0.0033734599609891018 -0.04030977506190539 -0.041913064304596744 -0.051326224818411807 0.032556049500459004 0.019929216291223253 0.12654399236293548 0.0024089081752935106
leaf_weight=34 9401 4941 1737 20 28 20 21 1442 24 159 2409 905 1904 37 6478 684 83 78 4900 24 24 182 499 248 183 72 105 35 98 169
leaf_count=34 9401 4941 1737 20 28 20 21 1442 24 159 2409 905 1904 37 6478 684 83 78 4900 24 24 182 499 248 183 72 105 35 98 169
internal_value=0.000385293 0.00512881 -0.0283595 -0.0977495 -0.281735 -0.0604866 0.0196993 0.000830313 -0.0805385 -0.0620628 -0.0243627 0.00522842 0.0172478 0.0770787 0.00354822 -0.00518206 0.0128625 -0.00373769 0.00219073 -0.017052 -0.0210044 0.0270802 0.000325337 -0.00151659 -0.0529245 -0.00352387 0.0649153 0.0869784 0.106699 -0.0229969
internal_weight=36944 31711 5233 285 48 237 7224 24487 217 193 4948 14142 6928 296 12700 10345 5024 9661 11795 3211 2616 260 595 6895 207 571 259 154 119 417
internal_count=36944 31711 5233 285 48 237 7224 24487 217 193 4948 14142 6928 296 12700 10345 5024 9661 11795 3211 2616 260 595 6895 207 571 259 154 119 417
is_linear=0
shrinkage=0.05


Tree=57
num_leaves=31
num_cat=0
split_feature=283 288 257 3 205 81 234 9 85 30 17 34 274 181 32 37 185 216 150 66 3 252 146 277 29 271 23 246 187 104
split_gain=1818.49 725.843 526.774 457.081 1081.58 317.111 227.552 154.541 209.232 130.349 130.118 164.317 133.426 124.444 123.97 119.454 111.483 136.004 117.275 106.138 88.2557 82.0492 104.883 79.1603 98.0106 78.3325 76.3111 75.5235 69.3024 85.7619
threshold=-7.3822293281555167 0.3562434613704682 -15.204834461212156 4.5767574310302743 -18.393626213073727 10.91987180709839 -2.7382003068923946 -3.5360274314880367 -11.322053909301756 2.3290863037109379 -4.5103332996368399 -11.8168888092041 -28.256761550903317 -3.4759925603866573 -3.362480521202087 -2.5466978549957271 0.51305308938026439 -3.3444440364837642 -5.2861890792846671 -2.0467944145202632 0.33738616108894354 0.85414445400238048 3.9965735673904423 12.731166362762453 -4.3865809440612784 2.4852305650711064 -4.5443682670593253 -1.8879066705703733 -2.0934511423110957 3.0734924077987675
decision_type=2 2 2 2 2 2 2 2 2 2 2 2 2 2 2 2 2 2 2 2 2 2 2 2 2 2 2 2 2 2
left_child=2 6 3 7 -5 14 9 8 -1 20 -9 -12 26 -4 25 -15 18 -18 -8 -16 -2 22 -21 24 -7 -3 -13 -24 29 -20
right_child=1 5 13 4 -6 23 16 10 -10 -11 11 12 -14 15 19 -17 17 -19 28 21 -22 -23 27 -25 -26 -27 -28 -29 -30 -31
leaf_value=0.12908174133300782 -0.0064362548474576455 0.038289560438730781 -0.025519050450337213 -0.49735279083251954 -0.022663408915201827 0.16719674955714833 0.034014442629448263 -0.18137237922005034 -0.044412085884495786 -0.025641266971394641 0.077187193007696248 -0.067525938004255298 -0.057450567512977418 0.0082384179620181817 -0.0044225455731520128 -0.023836997419194855 0.058262991482370546 0.011979705570739555 -0.0021145406294646673 0.015481971643066833 0.0037039711006866547 0.024835602317617316 -0.091279873948904786 0.16223721313476563 0.055188857686930694 0.10900603873389109 -0.19361374666293463 -0.0079435544214906742 0.0051060308511422618 -0.068678651293929735
leaf_weight=25 6637 195 3347 20 30 22 303 23 57 690 21 20 492 629 569 539 174 1808 3886 2800 3171 2563 31 25 174 49 30 221 8344 49
leaf_count=25 6637 195 3347 20 30 22 303 23 57 690 21 20 492 629 569 539 174 1808 3886 2800 3171 2563 31 25 174 49 30 221 8344 49
internal_value=0.000366028 0.00487237 -0.0269415 -0.0667224 -0.212539 0.0195588 0.000976028 -0.0558079 0.00848237 -0.00463561 -0.0648042 -0.0600421 -0.0653591 -0.0206154 0.0175341 -0.00656351 0.005021 0.0160429 0.00328475 0.0161548 -0.00315784 0.0182401 0.0127013 0.0784485 0.0677612 0.0524908 -0.143179 -0.0181952 0.00252646 -0.00294342
internal_weight=36944 31711 5233 718 50 6649 25062 668 82 10498 586 563 542 4515 6428 1168 14564 1982 12582 6184 9808 5615 3052 221 196 244 50 252 12279 3935
internal_count=36944 31711 5233 718 50 6649 25062 668 82 10498 586 563 542 4515 6428 1168 14564 1982 12582 6184 9808 5615 3052 221 196 244 50 252 12279 3935
is_linear=0
shrinkage=0.05


Tree=58
num_leaves=31
num_cat=0
split_feature=299 263 243 3 134 188 27 51 9 279 2 272 283 231 292 13 47 299 298 298 122 175 298 293 148 213 99 87 296 71
split_gain=1668.7 638.594 564.738 333.57 1143.93 276.561 167.653 152.519 134.363 169.422 133.067 119.323 106.166 105.68 105.444 363.245 260.346 100.759 119.628 97.7413 101.256 79.4709 78.8868 78.2276 76.4122 94.9513 72.6058 72.1511 73.9859 70.0036
threshold=-5.2017199993133536 -13.292652130126951 3.4909057617187504 4.5767574310302743 -1.7986282706260679 -0.89702087640762318 1.2565785646438601 4.5763561725616464 -3.5360274314880367 -30.083299636840817 -3.392934918403625 0.18433674424886706 -5.9558165073394767 -6.8284802436828604 -30.108383178710934 -1.3337541818618772 -6.8810312747955313 -1.843645393848419 -4.9569814205169669 -1.913368761539459 -2.3834176063537593 -3.9450334310531612 -6.4827930927276602 -8.3483357429504377 1.8925607204437258 -2.9313536882400508 -4.058691978454589 1.0610859394073489 -7.5901420116424552 -6.0322015285491934
decision_type=2 2 2 2 2 2 2 2 2 2 2 2 2 2 2 2 2 2 2 2 2 2 2 2 2 2 2 2 2 2
left_child=1 3 5 8 -5 10 12 -4 9 -1 -2 24 -3 -14 15 -10 -17 18 23 -19 -21 -6 -15 -12 -7 -26 -22 28 -8 -20
right_child=2 6 7 4 21 11 27 -9 14 -11 17 -13 13 22 -16 16 -18 19 29 20 26 -23 -24 -25 25 -27 -28 -29 -30 -31
leaf_value=0.13192101433163597 -0.019458740016621408 -0.014731572322611989 0.027066013128984542 -0.47819638686254629 -0.082887971630463242 0.008959182487186251 -0.037214720151628924 0.064104684698518627 -0.28098069754513827 -0.024165059257261826 -0.062574935754140221 0.018282176511136096 0.030742107611945554 0.0099065984482482328 -0.048004672808983559 0.10374166309833527 -0.11814157565434774 0.02697655812062167 0.032560531882212598 -0.014888609676540219 0.041131856733826321 0.049683889020234351 -0.01249486038978817 0.019577650276177069 -0.052670871553099942 -0.00087922057289908082 0.0064680576103230041 -0.051822504427559507 -0.0068127346151087391 -0.0029134208614962965
leaf_weight=21 773 4386 1050 20 26 5124 443 378 22 101 30 3806 234 590 893 20 39 572 141 559 157 20 1177 850 105 563 3995 311 365 10173
leaf_count=21 773 4386 1050 20 26 5124 443 378 22 101 30 3806 234 590 893 20 39 572 141 559 157 20 1177 850 105 563 3995 311 365 10173
internal_value=0.000347727 -0.018845 0.00623124 -0.0533374 -0.162505 0.0046016 -0.0135052 0.0368704 -0.0467635 0.00270222 0.000816255 0.0114048 -0.0103774 -0.000833535 -0.0529594 -0.107584 -0.0429269 0.00176743 -0.000918656 0.00745892 0.00508912 -0.025248 -0.00501503 0.016777 0.0068856 -0.00902012 0.0077788 -0.031358 -0.0234811 -0.00242847
internal_weight=36944 8668 28276 1162 66 26848 7506 1428 1096 122 17250 9598 6387 2001 974 81 59 16477 11194 5283 4711 46 1767 880 5792 668 4152 1119 808 10314
internal_count=36944 8668 28276 1162 66 26848 7506 1428 1096 122 17250 9598 6387 2001 974 81 59 16477 11194 5283 4711 46 1767 880 5792 668 4152 1119 808 10314
is_linear=0
shrinkage=0.05


Tree=59
num_leaves=31
num_cat=0
split_feature=299 263 185 3 200 294 299 27 9 85 34 2 291 0 16 51 36 117 193 295 272 148 4 279 178 71 99 103 29 291
split_gain=1509.01 591.411 513.201 301.047 1076.41 226.773 161.677 153.906 121.263 160.772 106.992 92.3622 91.1626 168.449 237.362 143.461 88.7655 87.2798 136.896 84.1765 82.5024 86.2441 82.3971 84.3456 82.2298 82.1265 81.718 82.3023 78.4979 77.3179
threshold=-5.0211610794067374 -13.292652130126951 0.85320094227790844 4.5767574310302743 -13.740267276763914 6.5635154247283944 -1.395978510379791 1.2565785646438601 -3.5360274314880367 -11.322053909301756 -0.28203803300857538 -3.689419031143188 -24.313075065612789 3.6515766382217412 -2.6237095594406123 -7.9152662754058829 -7.4683148860931388 -1.3160450458526609 -5.8646838665008536 2.0969357490539555 -1.0577194690704343 2.3185485601425175 3.7552767992019658 9.5730814933776873 -3.0588598251342769 -6.7160489559173575 -2.6300227642059322 -2.2616778612136836 0.9797041416168214 1.1520746946334841
decision_type=2 2 2 2 2 2 2 2 2 2 2 2 2 2 2 2 2 2 2 2 2 2 2 2 2 2 2 2 2 2
left_child=1 3 6 8 -5 26 11 17 9 -1 -8 -2 13 14 -10 -16 -6 -3 24 25 21 -12 -7 -24 -19 -13 27 -4 -9 -28
right_child=2 7 5 4 16 22 10 28 12 -11 20 19 -14 -15 15 -17 -18 18 -20 -21 -22 -23 23 -25 -26 -27 29 -29 -30 -31
leaf_value=0.1128593004666842 -0.023218364114514913 -0.01252754896761011 0.0065147705864341517 -0.4606117272377015 -0.084893539428710946 0.039694176250033908 0.016682483153767576 -0.012285256280354172 -0.24843849974643925 -0.027303696672121687 -0.0014320771182428622 0.049951990289860464 -0.043077848125342752 0.054053277373313904 0.042145672711459081 -0.097411803240203765 0.054547775359380817 0.021966961989315546 -0.0056950918087833148 0.046161970204793581 0.0086355582956732738 -0.043637433964194672 0.060960010150531402 0.14488082048369619 0.098016968074926117 7.3416082522728807e-05 0.007719872457840081 0.056404469480302422 -0.039147861283702151 0.022148110357571835
leaf_weight=26 416 5327 124 20 25 360 2795 431 23 96 1458 83 796 20 22 113 21 205 1186 101 3787 132 111 41 43 14478 1792 248 737 1927
leaf_count=26 416 5327 124 20 25 360 2795 431 23 96 1458 83 796 20 22 113 21 205 1186 101 3787 132 111 41 43 14478 1792 248 737 1927
internal_value=0.00033034 -0.0173575 0.0061035 -0.0506706 -0.15438 0.021357 0.00308364 -0.0124754 -0.0444253 0.00256711 0.00874722 1.40902e-05 -0.0503114 -0.0826593 -0.0999646 -0.0746691 -0.0212355 -0.00958004 0.0013693 0.000673257 0.00462242 -0.00493592 0.0527277 0.0835965 0.0351531 0.000357732 0.0174308 0.0397746 -0.0292354 0.0151959
internal_weight=36944 9091 27853 1162 66 4603 23250 7929 1096 122 8172 15078 974 178 158 135 46 6761 1434 14662 5377 1590 512 152 248 14561 4091 372 1168 3719
internal_count=36944 9091 27853 1162 66 4603 23250 7929 1096 122 8172 15078 974 178 158 135 46 6761 1434 14662 5377 1590 512 152 248 14561 4091 372 1168 3719
is_linear=0
shrinkage=0.05


Tree=60
num_leaves=31
num_cat=0
split_feature=291 234 188 3 29 8 299 188 299 100 287 89 294 9 15 286 28 1 8 148 117 211 74 200 82 221 213 20 131 31
split_gain=1442.1 557.75 361.051 1342.08 495.404 241.949 178.391 140.499 102.792 126.434 101.986 108.483 97.1174 92.7114 97.6098 92.4034 105.231 93.3265 104.666 86.5597 107.701 77.9576 76.0014 89.4338 73.9289 69.4112 78.7335 69.3868 72.6321 68.0834
threshold=-7.8250966072082511 -0.044787840917706483 -14.398221015930174 3.9936220645904545 -10.012316226959227 3.1766550540924077 -3.0531516075134273 -3.5901215076446529 4.2882292270660409 6.5411119461059579 -13.429786682128904 1.0375460982322695 1.406228303909302 3.9967186450958256 -3.2824696302413936 12.5565242767334 0.64793193340301525 3.8242993354797368 6.473581314086915 2.1577517986297612 4.3176186084747323 -1.0681670308113096 -5.4455137252807608 -4.5230667591094962 -4.0923368930816642 -1.9037219882011411 -2.4360929727554317 -4.911639690399169 -1.0658001303672788 -0.90874212980270375
decision_type=2 2 2 2 2 2 2 2 2 2 2 2 2 2 2 2 2 2 2 2 2 2 2 2 2 2 2 2 2 2
left_child=2 6 3 4 -1 8 12 10 9 25 24 -12 22 14 -6 16 17 18 -7 20 -8 -21 23 -2 -4 26 -3 -9 -29 -24
right_child=1 5 7 -5 13 15 19 27 -10 -11 11 -13 -14 -15 -16 -17 -18 -19 -20 21 -22 -23 29 -25 -26 -27 -28 28 -30 -31
leaf_value=0.17817060297185727 -0.011498110739441661 0.0056364120992849461 -0.028675431593954987 -0.46406894411359523 0.029326734498695092 0.068080038367301823 0.0046204698659791368 0.042337213863026017 0.028989524808881197 -0.033462587992350266 -0.018169080914219288 -0.064356119800428518 0.074409097165633473 -0.16975895191232365 -0.071751491577872903 0.11887616316477459 0.0082941957705077677 0.0085804841735146256 0.18267899751663208 -0.034035074596863189 0.047235476692517597 -0.00013721834110233175 0.00037290369011454548 -0.060028698389965399 -0.055282566211938569 0.010551211179651073 0.040047168075169684 0.0092744808948048846 -0.022630333332811781 -0.007650711173462491
leaf_weight=22 385 265 701 21 27 149 12804 77 965 153 2481 134 39 21 207 48 126 55 23 268 150 462 5181 126 416 5127 446 337 379 5399
leaf_count=22 385 265 701 21 27 149 12804 77 965 153 2481 134 39 21 207 48 126 55 23 268 150 462 5181 126 416 5127 446 337 379 5399
internal_value=0.000108932 0.00393127 -0.0253873 -0.0786959 -0.0494799 0.0160221 0.000346515 -0.0218766 0.013845 0.0114056 -0.0259379 -0.0205358 -0.00435423 -0.0691203 -0.0600886 0.053787 0.0449364 0.0652752 0.0834043 0.00416991 0.00511393 -0.0125819 -0.00463119 -0.0234646 -0.0385846 0.0125815 0.0272218 -0.00276347 -0.00761368 -0.00372157
internal_weight=36994 32171 4823 298 277 7357 24814 4525 6956 5991 3732 2615 11130 255 234 401 353 227 172 13684 12954 730 11091 511 1117 5838 711 793 716 10580
internal_count=36994 32171 4823 298 277 7357 24814 4525 6956 5991 3732 2615 11130 255 234 401 353 227 172 13684 12954 730 11091 511 1117 5838 711 793 716 10580
is_linear=0
shrinkage=0.05


Tree=61
num_leaves=31
num_cat=0
split_feature=258 234 3 202 8 282 30 138 124 41 2 5 57 52 299 100 33 286 29 42 152 71 181 292 298 263 90 1 8 102
split_gain=1329.22 539.256 339.581 1506.15 210.748 206.025 184.34 313.956 205.119 137.964 119.709 111.329 212.86 106.528 96.8282 117.918 91.7074 85.6868 94.7127 85.2866 83.9496 81.2976 80.3354 78.9324 100.486 76.907 76.7645 71.9709 76.2928 70.4232
threshold=-8.1028852462768537 -0.044787840917706483 4.5767574310302743 -17.935836791992184 3.1766550540924077 -3.9360637664794917 -10.672629833221434 -13.037680625915526 -8.8862390518188459 -3.0708042383193965 -2.823899388313293 1.587083697319031 -9.0153088569641096 -10.021124362945555 4.2882292270660409 6.5411119461059579 1.3422191739082339 12.5565242767334 2.1661244630813603 -4.765190362930297 -1.1286765336990354 -3.2288888692855831 -4.0762875080108634 -1.2554334998130796 -0.49402393400669092 -4.824326515197753 -4.1053130626678458 3.8242993354797368 6.473581314086915 -6.2289812564849845
decision_type=2 2 2 2 2 2 2 2 2 2 2 2 2 2 2 2 2 2 2 2 2 2 2 2 2 2 2 2 2 2
left_child=2 5 6 -4 14 16 7 -1 11 21 -11 13 -13 -8 15 -3 -2 18 27 29 22 -7 -10 24 26 -18 -12 28 -6 -5
right_child=1 4 3 19 17 9 8 -9 20 10 23 12 -14 -15 -16 -17 25 -19 -20 -21 -22 -23 -24 -25 -26 -27 -28 -29 -30 -31
leaf_value=0.22227376937866211 -0.0047154610043959252 0.011915828878586117 -0.50734970092773446 -0.0013786072532335917 0.059023795260323419 0.037898130670361137 0.061988449096679693 -0.015815311008029517 -0.024320721537061926 -0.014632654759553399 0.023621490711401055 -0.25340627670288085 -0.049962375892533196 -0.05315129231685696 0.027850239989792164 -0.032409150879104419 -0.033819178115753905 0.11293236414591473 -0.0022620928156506888 0.047741974633315518 -0.058191805625514639 0.0060149752046610855 -0.0021786604699375761 0.00851422822592314 -0.013537073901851607 -0.0026913237702510199 0.0014554010785754745 0.0085868914922078449 0.149155769083235 -0.12381408473719722
leaf_weight=20 7911 5844 20 24 180 435 21 45 2309 1010 408 20 36 463 964 154 525 48 91 29 155 370 498 4728 1103 319 9154 60 27 23
leaf_count=20 7911 5844 20 24 180 435 21 45 2309 1010 408 20 36 463 964 154 525 48 91 29 155 370 498 4728 1103 319 9154 60 27 23
internal_value=0.000103485 0.00324542 -0.0284862 -0.121284 0.0151838 -0.000142556 -0.0259887 0.0574429 -0.0275372 0.00303443 0.00204263 -0.0558779 -0.122621 -0.0481556 0.0131417 0.0107778 -0.00638693 0.050201 0.0417901 -0.0196881 -0.0223704 0.0232438 -0.0203924 0.00313676 0.000752829 -0.022054 0.0024012 0.0568041 0.0707801 -0.0612938
internal_weight=36994 33331 3663 96 7368 25963 3567 65 3502 17208 16403 540 56 484 6962 5998 8755 406 358 76 2962 805 2807 15393 10665 844 9562 267 207 47
internal_count=36994 33331 3663 96 7368 25963 3567 65 3502 17208 16403 540 56 484 6962 5998 8755 406 358 76 2962 805 2807 15393 10665 844 9562 267 207 47
is_linear=0
shrinkage=0.05


Tree=62
num_leaves=31
num_cat=0
split_feature=283 232 257 3 248 1 8 299 31 181 142 248 4 33 298 37 110 152 232 190 3 193 293 157 50 26 214 41 153 283
split_gain=1193.33 454.979 305.024 433.673 1144.57 229.33 196.331 151.688 116.89 110.35 105.503 108.29 92.779 209.948 92.5684 80.4768 80.0632 79.4643 79.2744 104.065 82.6188 87.1307 78.6748 85.8488 77.5925 73.8961 73.5726 71.7547 70.679 70.0477
threshold=-7.735306739807128 0.27933458983898168 -15.204834461212156 4.5767574310302743 -22.503974914550778 3.8242993354797368 3.7134048938751225 -1.7110475897788999 3.0068891048431401 -3.6452499628067012 -2.376545667648315 -2.6063445806503291 4.6766889095306405 -11.81848096847534 -1.9446136951446531 -2.0241279602050777 1.3323686718940737 -1.7756084799766538 -9.172327518463133 -7.1283791065216056 0.53114226460456859 -5.5001578330993643 7.8297743797302255 6.6908648014068612 3.2024625539779668 5.4131529331207284 1.8095144629478457 -1.6678918004035947 -6.7055594921112052 5.3006579875946054
decision_type=2 2 2 2 2 2 2 2 2 2 2 2 2 2 2 2 2 2 2 2 2 2 2 2 2 2 2 2 2 2
left_child=2 7 3 5 -5 12 10 8 18 17 26 16 13 -1 -9 24 -12 -4 -2 -20 -21 -22 25 -24 -11 -13 -3 -15 -23 -8
right_child=1 6 9 4 -6 -7 29 14 -10 15 11 22 -14 27 -16 -17 -18 -19 19 20 21 28 23 -25 -26 -27 -28 -29 -30 -31
leaf_value=-0.20339961918917571 0.030007752540087935 0.043193181941808739 -0.020749796459580208 -0.47698705764043903 0.0010951011411605342 0.095417933628476906 0.033057606595117341 0.024584451869266288 -0.020685282867401841 0.0028404126281234916 1.2307856987054284e-05 0.012988368979726848 0.05772430926561356 -0.036491613377553841 0.0047546589656510888 -0.022774339163022517 -0.050282078512288914 -0.056439902267672808 -0.026797811754554587 -0.0028768008431603164 0.028332770239324012 -0.047849179203830555 0.077583822856346768 0.019034781588448419 0.10271925419569015 -0.023823315288339343 -0.027086030092181232 -0.076713511593239581 0.003998668878486847 0.082435399339399265
leaf_weight=22 202 406 2847 21 31 29 159 643 800 701 296 5200 20 461 6947 382 108 165 397 12490 376 67 96 180 20 140 41 146 3470 131
leaf_count=22 202 406 2847 21 31 29 159 643 800 701 296 5200 20 461 6947 382 108 165 397 12490 376 67 96 180 20 140 41 146 3470 131
internal_value=9.83112e-05 0.00358447 -0.0230341 -0.0528202 -0.191977 -0.0421475 0.0151151 0.000516083 -0.0020073 -0.0177501 0.0133103 0.0115701 -0.0482945 -0.0516655 0.00643457 -0.00421966 -0.0134327 -0.0227049 -0.00112844 -0.00150282 -0.000890608 0.00544917 0.0133687 0.0393997 0.00561098 0.0120233 0.036747 -0.0461661 0.00301654 0.0553627
internal_weight=36994 32149 4845 730 52 678 6757 25392 17802 4115 6467 6020 649 629 7590 1103 404 3012 17002 16800 16403 3913 5616 276 721 5340 447 607 3537 290
internal_count=36994 32149 4845 730 52 678 6757 25392 17802 4115 6467 6020 649 629 7590 1103 404 3012 17002 16800 16403 3913 5616 276 721 5340 447 607 3537 290
is_linear=0
shrinkage=0.05


Tree=63
num_leaves=31
num_cat=0
split_feature=258 283 3 248 283 32 30 138 124 26 293 33 41 5 30 123 42 74 42 95 154 181 135 0 201 283 237 298 34 217
split_gain=1094.9 460.758 278.695 1266.55 195.302 170.135 168.606 286.962 175.515 127.688 164.792 119.736 118.121 99.3859 190.079 98.7609 98.691 92.9614 92.6583 75.1881 75.1118 78.0159 72.5512 72.5092 66.5424 84.4888 64.8885 79.8687 62.0106 59.242
threshold=-8.1028852462768537 0.90547689795494091 4.5767574310302743 -22.503974914550778 -4.205014467239379 -4.1170959472656241 -10.672629833221434 -13.037680625915526 -8.8862390518188459 3.9899259805679326 7.8297743797302255 1.0975379943847658 -3.3453387022018428 1.587083697319031 -5.6308648586273184 0.025767981074750427 -7.7223761081695548 -4.3939521312713614 -4.765190362930297 -7.8115103244781485 -0.65094155073165882 -3.6452499628067012 2.5292510986328129 2.3712838888168339 -2.3269513845443721 4.2248966693878183 -1.827251613140106 -4.6726994514465323 -0.28203803300857538 3.0384438037872319
decision_type=2 2 2 2 2 2 2 2 2 2 2 2 2 2 2 2 2 2 2 2 2 2 2 2 2 2 2 2 2 2
left_child=2 4 6 -4 11 -3 7 -1 13 10 24 22 -6 16 -15 -11 -8 23 19 -5 21 -10 -2 -14 25 29 -19 -28 -29 -7
right_child=1 5 3 18 12 9 8 -9 20 15 -12 -13 17 14 -16 -17 -18 26 -20 -21 -22 -23 -24 -25 -26 -27 27 28 -30 -31
leaf_value=0.21378559112548828 -0.0048778052440370786 0.087052763359887264 -0.45313767932710197 0.014935818016529085 0.022670159975259816 0.037886217268564372 0.013331823715796838 -0.013838238186306424 -0.022047140233394609 -0.029617917678104001 0.059568772451919431 -0.021740964052239152 -0.022783037727020047 -0.23327346075148811 -0.042995984383991791 0.011531869333282293 -0.052884913771135425 -5.2427146075810754e-05 0.056171732729878923 -0.11401436145489033 -0.061826162905587505 0.0020446676383899499 0.017873003422017624 0.047922900070746739 0.014469949231251725 0.10869121643213125 0.03200187716160862 0.0100339797065502 0.0015983673489128856 -0.047176181168659875
leaf_weight=20 6960 84 21 20 743 186 65 45 2468 260 228 1056 516 21 35 332 419 9066 29 26 105 389 369 39 4151 39 284 3703 5292 23
leaf_count=20 6960 84 21 20 743 186 65 45 2468 260 228 1056 516 21 35 332 419 9066 29 26 105 389 369 39 4151 39 284 3703 5292 23
internal_value=9.33956e-05 0.00294498 -0.0258542 -0.109923 0.000387885 0.01646 -0.0235917 0.0561999 -0.0250727 0.0153238 0.0181213 -0.00600034 0.00311482 -0.0512885 -0.11435 -0.00654067 -0.0439922 0.00234606 -0.0138224 -0.0579491 -0.0202933 -0.0187669 -0.00373235 -0.0178145 0.0159731 0.041132 0.00295599 0.00589535 0.00507108 0.0285253
internal_weight=36994 33331 3663 96 28028 5303 3567 65 3502 5219 4627 8385 19643 540 56 592 484 18900 75 46 2962 2857 7329 555 4399 248 18345 9279 8995 209
internal_count=36994 33331 3663 96 28028 5303 3567 65 3502 5219 4627 8385 19643 540 56 592 484 18900 75 46 2962 2857 7329 555 4399 248 18345 9279 8995 209
is_linear=0
shrinkage=0.05


Tree=64
num_leaves=31
num_cat=0
split_feature=296 234 124 3 52 52 243 257 13 8 283 27 243 150 74 42 288 68 26 21 225 41 286 18 28 16 283 181 143 180
split_gain=991.027 390.723 286.342 1525.45 353.173 174.841 216.285 167.64 177.071 166.729 122.931 115.999 114.72 112.778 99.3942 90.2974 136.995 80.8832 77.0988 73.6921 89.0655 72.224 70.6891 68.1075 67.3571 65.3336 64.5579 60.627 58.8587 66.2778
threshold=-7.5901420116424552 -0.044787840917706483 -12.354606628417967 2.6182055473327641 -10.021124362945555 -10.021124362945555 -15.515535831451414 -15.204834461212156 3.3970804214477544 3.7134048938751225 -4.16831350326538 0.42379397153854376 -2.8501243591308589 -5.1788527965545645 -5.9470255374908438 2.6786992549896245 1.713953495025635 -3.4084397554397579 3.9899259805679326 -1.2141215801239011 5.7303431034088144 -1.2683008313179014 -1.9845997691154478 3.7652935981750493 1.7864407300949099 -5.1775727272033683 7.4867913722991952 0.42608228325843817 -0.94144016504287709 -1.9913843870162962
decision_type=2 2 2 2 2 2 2 2 2 2 2 2 2 2 2 2 2 2 2 2 2 2 2 2 2 2 2 2 2 2
left_child=2 10 3 4 -1 6 -4 8 21 19 17 12 25 -12 -15 16 28 23 -17 20 -3 -7 -11 -2 26 -9 -24 -21 29 -16
right_child=1 9 5 -5 -6 7 -8 11 -10 22 13 -13 -14 14 15 18 -18 -19 -20 27 -22 -23 24 -25 -26 -27 -28 -29 -30 -31
leaf_value=0.16090694774280898 -0.015597866784461354 0.019461793335264221 0.20111342161893844 -0.46439003228493364 -0.060367912508547311 -0.030701646938406185 -0.017592552762765151 0.040762290689680319 -0.17868014077345531 -0.00048372335731983185 0.028197161681376971 -0.031200172945315394 0.034433628154130508 -0.047360544315740175 0.00038337555715342261 -0.0071101392297504701 0.027810136351251492 -0.0029358248897701708 -0.048659749142825608 0.0036677012572677303 0.086764673625721656 -0.075726354002420393 0.060363888003870249 -0.10645883168492998 0.022777147559792779 -0.014803196785487952 0.13128253491151901 0.014062391584626903 -0.001427046363779382 0.0089743732261450167
leaf_weight=22 1153 1360 20 23 100 435 26 54 24 60 416 1011 130 102 4353 874 540 6341 128 2677 51 112 136 21 84 2600 42 2947 6516 4636
leaf_count=22 1153 1360 20 23 100 435 26 54 24 60 416 1011 130 102 4353 874 540 6341 128 2677 51 112 136 21 84 2600 42 2947 6516 4636
internal_value=8.87259e-05 0.0031561 -0.021745 -0.0908814 -0.0204659 -0.0194728 0.077497 -0.0204945 -0.0457529 0.0132882 0.000183946 -0.0166941 -0.0114263 0.00247364 0.00184963 0.00214408 0.00305347 -0.0051678 -0.0124179 0.0116778 0.0218944 -0.0399206 0.0484708 -0.0172231 0.0596818 -0.0136726 0.0770975 0.00911456 0.00219125 0.00481411
internal_weight=36994 32437 4557 145 122 4412 46 4366 571 7357 25080 3795 2784 17565 17149 17047 16045 7515 1002 7035 1411 547 322 1174 262 2654 178 5624 15505 8989
internal_count=36994 32437 4557 145 122 4412 46 4366 571 7357 25080 3795 2784 17565 17149 17047 16045 7515 1002 7035 1411 547 322 1174 262 2654 178 5624 15505 8989
is_linear=0
shrinkage=0.05


end of trees

feature_importances:
Column_299=367
Column_293=84
Column_298=80
Column_2=35
Column_283=35
Column_234=33
Column_292=32
Column_249=31
Column_295=31
Column_239=30
Column_294=30
Column_297=28
Column_34=27
Column_181=27
Column_3=24
Column_185=24
Column_250=23
Column_245=21
Column_246=21
Column_241=20
Column_190=18
Column_251=17
Column_33=16
Column_42=16
Column_243=16
Column_288=15
Column_32=14
Column_41=13
Column_257=13
Column_258=13
Column_296=13
Column_237=12
Column_9=11
Column_1=10
Column_8=10
Column_36=10
Column_40=10
Column_44=10
Column_66=10
Column_183=10
Column_248=10
Column_259=10
Column_284=10
Column_27=9
Column_28=9
Column_45=9
Column_74=9
Column_148=9
Column_187=9
Column_238=9
Column_244=9
Column_279=9
Column_280=9
Column_285=9
Column_286=9
Column_290=9
Column_291=9
Column_0=8
Column_29=8
Column_71=8
Column_73=8
Column_152=8
Column_195=8
Column_242=8
Column_247=8
Column_256=8
Column_15=7
Column_23=7
Column_35=7
Column_85=7
Column_133=7
Column_252=7
Column_263=7
Column_5=6
Column_13=6
Column_18=6
Column_26=6
Column_60=6
Column_68=6
Column_99=6
Column_117=6
Column_122=6
Column_150=6
Column_182=6
Column_188=6
Column_193=6
Column_212=6
Column_240=6
Column_282=6
Column_6=5
Column_24=5
Column_30=5
Column_52=5
Column_63=5
Column_79=5
Column_111=5
Column_124=5
Column_125=5
Column_135=5
Column_154=5
Column_235=5
Column_255=5
Column_260=5
Column_278=5
Column_289=5
Column_7=4
Column_17=4
Column_31=4
Column_37=4
Column_50=4
Column_72=4
Column_95=4
Column_129=4
Column_157=4
Column_189=4
Column_196=4
Column_233=4
Column_254=4
Column_274=4
Column_277=4
Column_16=3
Column_20=3
Column_22=3
Column_25=3
Column_57=3
Column_67=3
Column_82=3
Column_89=3
Column_159=3
Column_177=3
Column_180=3
Column_200=3
Column_232=3
Column_236=3
Column_253=3
Column_265=3
Column_287=3
Column_4=2
Column_10=2
Column_11=2
Column_21=2
Column_38=2
Column_47=2
Column_49=2
Column_51=2
Column_78=2
Column_81=2
Column_87=2
Column_91=2
Column_100=2
Column_103=2
Column_119=2
Column_123=2
Column_130=2
Column_136=2
Column_138=2
Column_143=2
Column_144=2
Column_151=2
Column_178=2
Column_184=2
Column_194=2
Column_211=2
Column_213=2
Column_214=2
Column_217=2
Column_221=2
Column_225=2
Column_269=2
Column_272=2
Column_276=2
Column_12=1
Column_14=1
Column_19=1
Column_39=1
Column_46=1
Column_54=1
Column_58=1
Column_62=1
Column_65=1
Column_69=1
Column_70=1
Column_76=1
Column_77=1
Column_84=1
Column_90=1
Column_98=1
Column_102=1
Column_104=1
Column_105=1
Column_110=1
Column_114=1
Column_120=1
Column_126=1
Column_127=1
Column_128=1
Column_131=1
Column_134=1
Column_140=1
Column_141=1
Column_142=1
Column_146=1
Column_153=1
Column_155=1
Column_156=1
Column_162=1
Column_166=1
Column_167=1
Column_170=1
Column_175=1
Column_179=1
Column_186=1
Column_191=1
Column_197=1
Column_198=1
Column_201=1
Column_202=1
Column_205=1
Column_208=1
Column_210=1
Column_215=1
Column_216=1
Column_230=1
Column_231=1
Column_262=1
Column_264=1
Column_267=1
Column_271=1
Column_281=1

parameters:
[boosting: gbdt]
[objective: regression]
[metric: l2]
[tree_learner: serial]
[device_type: gpu]
[data_sample_strategy: bagging]
[data: ]
[valid: ]
[num_iterations: 150]
[learning_rate: 0.05]
[num_leaves: 31]
[num_threads: 0]
[seed: 45]
[deterministic: 0]
[force_col_wise: 1]
[force_row_wise: 0]
[histogram_pool_size: -1]
[max_depth: -1]
[min_data_in_leaf: 20]
[min_sum_hessian_in_leaf: 0.001]
[bagging_fraction: 0.8]
[pos_bagging_fraction: 1]
[neg_bagging_fraction: 1]
[bagging_freq: 5]
[bagging_seed: 32645]
[bagging_by_query: 0]
[feature_fraction: 0.8]
[feature_fraction_bynode: 1]
[feature_fraction_seed: 3942]
[extra_trees: 0]
[extra_seed: 24660]
[early_stopping_round: 0]
[early_stopping_min_delta: 0]
[first_metric_only: 0]
[max_delta_step: 0]
[lambda_l1: 0]
[lambda_l2: 0]
[linear_lambda: 0]
[min_gain_to_split: 0]
[drop_rate: 0.1]
[max_drop: 50]
[skip_drop: 0.5]
[xgboost_dart_mode: 0]
[uniform_drop: 0]
[drop_seed: 5926]
[top_rate: 0.2]
[other_rate: 0.1]
[min_data_per_group: 100]
[max_cat_threshold: 32]
[cat_l2: 10]
[cat_smooth: 10]
[max_cat_to_onehot: 4]
[top_k: 20]
[monotone_constraints: ]
[monotone_constraints_method: basic]
[monotone_penalty: 0]
[feature_contri: ]
[forcedsplits_filename: ]
[refit_decay_rate: 0.9]
[cegb_tradeoff: 1]
[cegb_penalty_split: 0]
[cegb_penalty_feature_lazy: ]
[cegb_penalty_feature_coupled: ]
[path_smooth: 0]
[interaction_constraints: ]
[verbosity: -1]
[saved_feature_importance_type: 0]
[use_quantized_grad: 0]
[num_grad_quant_bins: 4]
[quant_train_renew_leaf: 0]
[stochastic_rounding: 1]
[linear_tree: 0]
[max_bin: 255]
[max_bin_by_feature: ]
[min_data_in_bin: 3]
[bin_construct_sample_cnt: 200000]
[data_random_seed: 185]
[is_enable_sparse: 1]
[enable_bundle: 1]
[use_missing: 1]
[zero_as_missing: 0]
[feature_pre_filter: 1]
[pre_partition: 0]
[two_round: 0]
[header: 0]
[label_column: ]
[weight_column: ]
[group_column: ]
[ignore_column: ]
[categorical_feature: ]
[forcedbins_filename: ]
[precise_float_parser: 0]
[parser_config_file: ]
[objective_seed: 14259]
[num_class: 1]
[is_unbalance: 0]
[scale_pos_weight: 1]
[sigmoid: 1]
[boost_from_average: 1]
[reg_sqrt: 0]
[alpha: 0.9]
[fair_c: 1]
[poisson_max_delta_step: 0.7]
[tweedie_variance_power: 1.5]
[lambdarank_truncation_level: 30]
[lambdarank_norm: 1]
[label_gain: ]
[lambdarank_position_bias_regularization: 0]
[eval_at: ]
[multi_error_top_k: 1]
[auc_mu_weights: ]
[num_machines: 1]
[local_listen_port: 12400]
[time_out: 120]
[machine_list_filename: ]
[machines: ]
[gpu_platform_id: -1]
[gpu_device_id: -1]
[gpu_use_dp: 0]
[num_gpu: 1]

end of parameters

pandas_categorical:null
