tree
version=v4
num_class=1
num_tree_per_iteration=1
label_index=0
max_feature_idx=299
objective=regression
feature_names=Column_0 Column_1 Column_2 Column_3 Column_4 Column_5 Column_6 Column_7 Column_8 Column_9 Column_10 Column_11 Column_12 Column_13 Column_14 Column_15 Column_16 Column_17 Column_18 Column_19 Column_20 Column_21 Column_22 Column_23 Column_24 Column_25 Column_26 Column_27 Column_28 Column_29 Column_30 Column_31 Column_32 Column_33 Column_34 Column_35 Column_36 Column_37 Column_38 Column_39 Column_40 Column_41 Column_42 Column_43 Column_44 Column_45 Column_46 Column_47 Column_48 Column_49 Column_50 Column_51 Column_52 Column_53 Column_54 Column_55 Column_56 Column_57 Column_58 Column_59 Column_60 Column_61 Column_62 Column_63 Column_64 Column_65 Column_66 Column_67 Column_68 Column_69 Column_70 Column_71 Column_72 Column_73 Column_74 Column_75 Column_76 Column_77 Column_78 Column_79 Column_80 Column_81 Column_82 Column_83 Column_84 Column_85 Column_86 Column_87 Column_88 Column_89 Column_90 Column_91 Column_92 Column_93 Column_94 Column_95 Column_96 Column_97 Column_98 Column_99 Column_100 Column_101 Column_102 Column_103 Column_104 Column_105 Column_106 Column_107 Column_108 Column_109 Column_110 Column_111 Column_112 Column_113 Column_114 Column_115 Column_116 Column_117 Column_118 Column_119 Column_120 Column_121 Column_122 Column_123 Column_124 Column_125 Column_126 Column_127 Column_128 Column_129 Column_130 Column_131 Column_132 Column_133 Column_134 Column_135 Column_136 Column_137 Column_138 Column_139 Column_140 Column_141 Column_142 Column_143 Column_144 Column_145 Column_146 Column_147 Column_148 Column_149 Column_150 Column_151 Column_152 Column_153 Column_154 Column_155 Column_156 Column_157 Column_158 Column_159 Column_160 Column_161 Column_162 Column_163 Column_164 Column_165 Column_166 Column_167 Column_168 Column_169 Column_170 Column_171 Column_172 Column_173 Column_174 Column_175 Column_176 Column_177 Column_178 Column_179 Column_180 Column_181 Column_182 Column_183 Column_184 Column_185 Column_186 Column_187 Column_188 Column_189 Column_190 Column_191 Column_192 Column_193 Column_194 Column_195 Column_196 Column_197 Column_198 Column_199 Column_200 Column_201 Column_202 Column_203 Column_204 Column_205 Column_206 Column_207 Column_208 Column_209 Column_210 Column_211 Column_212 Column_213 Column_214 Column_215 Column_216 Column_217 Column_218 Column_219 Column_220 Column_221 Column_222 Column_223 Column_224 Column_225 Column_226 Column_227 Column_228 Column_229 Column_230 Column_231 Column_232 Column_233 Column_234 Column_235 Column_236 Column_237 Column_238 Column_239 Column_240 Column_241 Column_242 Column_243 Column_244 Column_245 Column_246 Column_247 Column_248 Column_249 Column_250 Column_251 Column_252 Column_253 Column_254 Column_255 Column_256 Column_257 Column_258 Column_259 Column_260 Column_261 Column_262 Column_263 Column_264 Column_265 Column_266 Column_267 Column_268 Column_269 Column_270 Column_271 Column_272 Column_273 Column_274 Column_275 Column_276 Column_277 Column_278 Column_279 Column_280 Column_281 Column_282 Column_283 Column_284 Column_285 Column_286 Column_287 Column_288 Column_289 Column_290 Column_291 Column_292 Column_293 Column_294 Column_295 Column_296 Column_297 Column_298 Column_299
feature_infos=[-12.039215087890625:13.567867279052734] [-9.0282354354858398:13.292186737060547] [-11.898569107055664:14.265478134155273] [-9.9960784912109375:13.076930999755859] [-11.213831901550293:13.896256446838379] [-10.491848945617676:13.564705848693848] [-9.3518953323364258:14.404314041137695] [-9.3080387115478516:14.619999885559082] [-11.87470531463623:14.22862720489502] [-14.166380882263184:14.42823600769043] [-12.881992340087891:23.624116897583008] [-12.354117393493652:15.315293312072754] [-14.029411315917969:16.659215927124023] [-13.770588874816895:14.768497467041016] [-10.563725471496582:12.904705047607422] [-9.589411735534668:12.419216156005859] [-11.702726364135742:13.142745018005371] [-11.649412155151367:12.141961097717285] [-11.796246528625488:14.045882225036621] [-10.983901977539062:13.527843475341797] [-13.80628490447998:11.539215087890625] [-15.105999946594238:13.539934158325195] [-17.025882720947266:11.382352828979492] [-18.430065155029297:12.386275291442871] [-18.87176513671875:14.211568832397461] [-18.609853744506836:14.813071250915527] [-26.349672317504883:15.863724708557129] [-19.831634521484375:16.475164413452148] [-24.044313430786133:17.056602478027344] [-20.335735321044922:20.967321395874023] [-27.393136978149414:20.43450927734375] [-28.586601257324219:20.286039352416992] [-24.791175842285156:21.059999465942383] [-30.85032844543457:20.949804306030273] [-24.176225662231445:20.910196304321289] [-26.291765213012695:20.907516479492188] [-27.462745666503906:20.358430862426758] [-24.796791076660156:20.310195922851562] [-25.197647094726562:18.030000686645508] [-26.766992568969727:17.336349487304688] [-27.107515335083008:18.130195617675781] [-29.170587539672852:17.609830856323242] [-25.802352905273438:16.679214477539062] [-26.789411544799805:16.837648391723633] [-26.008234024047852:17.277311325073242] [-25.008234024047852:17.934902191162109] [-25.891765594482422:19.444705963134766] [-23.334117889404297:21.054117202758789] [-23.652101516723633:20.129411697387695] [-23.831764221191406:24.012941360473633] [-24.321176528930664:24.389411926269531] [-23.210363388061523:23.771764755249023] [-21.994342803955078:24.440784454345703] [-25.052406311035156:26.649019241333008] [-26.373796463012695:29.309803009033203] [-23.623977661132812:32.080001831054688] [-24.800785064697266:34.453334808349609] [-24.622016906738281:36.893726348876953] [-24.393501281738281:39.973724365234375] [-25.903081893920898:42.108234405517578] [-24.608123779296875:44.737255096435547] [-27.645881652832031:47.723529815673828] [-27.188850402832031:48.278823852539062] [-27.605377197265625:49.909801483154297] [-26.75663948059082:50.381961822509766] [-27.354330062866211:50.342742919921875] [-30.751764297485352:52.160781860351562] [-27.929304122924805:53.063137054443359] [-28.552406311035156:53.026275634765625] [-27.132884979248047:53.074115753173828] [-28.967449188232422:56.340000152587891] [-29.376583099365234:54.759212493896484] [-27.995630264282227:51.036472320556641] [-28.15208625793457:51.672943115234375] [-27.642072677612305:52.930980682373047] [-27.306737899780273:52.524703979492188] [-27.856639862060547:51.689804077148438] [-28.78156852722168:49.923137664794922] [-27.597646713256836:50.178432464599609] [-27.683528900146484:48.658432006835938] [-29.686553955078125:48.380001068115234] [-29.349468231201172:44.809803009033203] [-29.469411849975586:44.785099029541016] [-30.809946060180664:43.024314880371094] [-30.284257888793945:41.577255249023438] [-30.781709671020508:40.223529815673828] [-32.529949188232422:37.958431243896484] [-28.891176223754883:33.409412384033203] [-30.154117584228516:35.985881805419922] [-32.836471557617188:33.982746124267578] [-33.334117889404297:34.431766510009766] [-30.84705924987793:35.136470794677734] [-31.308448791503906:32.743923187255859] [-30.163530349731445:28.667058944702148] [-31.665882110595703:29.103137969970703] [-31.149412155151367:28.95294189453125] [-31.044706344604492:27.740785598754883] [-32.031764984130859:25.461959838867188] [-32.238822937011719:26.949020385742188] [-32.925880432128906:26.561960220336914] [-32.45294189453125:32.365489959716797] [-31.742351531982422:34.129020690917969] [-33.023529052734375:32.685489654541016] [-32.340000152587891:33.330982208251953] [-31.643529891967773:35.152549743652344] [-32.221176147460938:35.691371917724609] [-32.302577972412109:35.232940673828125] [-31.535882949829102:37.582351684570312] [-30.190587997436523:42.203136444091797] [-30.850589752197266:43.480785369873047] [-30.84941291809082:43.513725280761719] [-30.257646560668945:45.181961059570312] [-29.862354278564453:44.949409484863281] [-29.94677734375:48.074115753173828] [-31.536470413208008:49.32470703125] [-31.718822479248047:51.004314422607422] [-30.150588989257812:51.09686279296875] [-29.563529968261719:54.159214019775391] [-29.041175842285156:55.147056579589844] [-28.914707183837891:56.186664581298828] [-27.880224227905273:57.325489044189453] [-29.226667404174805:59.670978546142578] [-29.617256164550781:60.5313720703125] [-29.226387023925781:65.175689697265625] [-30.528739929199219:61.961566925048828] [-29.463809967041016:62.884315490722656] [-29.756862640380859:63.683135986328125] [-30.816694259643555:64.278038024902344] [-30.355186462402344:64.590591430664062] [-29.857006072998047:67.777252197265625] [-27.972940444946289:66.285881042480469] [-27.543474197387695:64.946273803710938] [-29.054845809936523:61.069805145263672] [-28.868236541748047:62.994510650634766] [-28.842781066894531:62.231372833251953] [-30.342353820800781:62.4447021484375] [-29.169410705566406:60.27490234375] [-31.550195693969727:59.196468353271484] [-29.717113494873047:56.230587005615234] [-30.211765289306641:55.236473083496094] [-31.233333587646484:53.882354736328125] [-29.10997200012207:51.530590057373047] [-30.33098030090332:50.692157745361328] [-29.958824157714844:49.863529205322266] [-29.678823471069336:46.571372985839844] [-32.215080261230469:45.270980834960938] [-32.645881652832031:41.001174926757812] [-30.649412155151367:38.738037109375] [-34.489410400390625:37.305492401123047] [-35.801177978515625:33.860393524169922] [-34.515296936035156:32.424705505371094] [-35.702354431152344:33.247058868408203] [-36.573886871337891:31.859214782714844] [-38.729312896728516:31.262746810913086] [-37.265621185302734:30.696079254150391] [-38.321178436279297:32.241962432861328] [-39.389411926269531:29.49725341796875] [-41.179508209228516:29.185489654541016] [-41.340000152587891:29.933725357055664] [-43.905948638916016:31.179609298706055] [-43.722419738769531:27.868625640869141] [-43.951404571533203:28.433725357055664] [-43.222156524658203:26.910587310791016] [-43.343135833740234:29.995292663574219] [-43.725719451904297:32.167449951171875] [-39.929412841796875:31.559215545654297] [-42.674640655517578:31.55372428894043] [-42.396991729736328:31.960000991821289] [-43.319805145263672:35.280784606933594] [-42.689609527587891:36.030197143554688] [-40.238204956054688:34.674118041992188] [-40.311569213867188:39.896862030029297] [-43.156894683837891:40.171371459960938] [-43.756797790527344:41.732940673828125] [-41.930721282958984:42.968235015869141] [-38.852058410644531:43.244705200195312] [-34.152156829833984:45.569805145263672] [-35.982975006103516:45.960391998291016] [-36.240066528320312:45.454902648925781] [-34.608627319335938:47.046272277832031] [-33.588233947753906:48.826667785644531] [-35.489414215087891:50.448234558105469] [-33.589412689208984:50.089412689208984] [-35.444705963134766:55.312156677246094] [-38.431015014648438:55.369804382324219] [-33.090587615966797:55.474903106689453] [-33.560394287109375:55.018039703369141] [-37.828395843505859:53.713333129882812] [-33.596141815185547:55.359607696533203] [-33.915294647216797:54.759609222412109] [-31.311763763427734:54.609806060791016] [-36.926666259765625:54.388236999511719] [-34.511764526367188:54.502742767333984] [-37.861175537109375:53.711372375488281] [-37.390621185302734:54.241958618164062] [-38.824283599853516:52.393333435058594] [-40.223594665527344:50.692546844482422] [-42.719379425048828:49.721569061279297] [-43.228431701660156:48.731372833251953] [-42.514934539794922:47.417255401611328] [-44.993072509765625:45.817649841308594] [-45.763202667236328:43.132156372070312] [-50.182319641113281:39.079998016357422] [-51.299640655517578:38.963920593261719] [-51.322780609130859:37.985095977783203] [-54.619705200195312:35.386276245117188] [-54.14990234375:35.593334197998047] [-52.321437835693359:32.356472015380859] [-58.485195159912109:34.240394592285156] [-56.936897277832031:30.405488967895508] [-57.176506042480469:28.963138580322266] [-62.519477844238281:25.574901580810547] [-59.387874603271484:26.014900207519531] [-60.635032653808594:24.356863021850586] [-70.596145629882812:23.229412078857422] [-71.234245300292969:26.420000076293945] [-65.720947265625:23.570980072021484] [-69.122451782226562:24.142744064331055] [-73.756866455078125:24.053646087646484] [-73.999351501464844:22.170326232910156] [-72.826568603515625:22.623138427734375] [-72.974868774414062:22.501176834106445] [-71.630134582519531:23.155294418334961] [-73.625946044921875:24.23521614074707] [-73.590293884277344:24.896419525146484] [-74.17486572265625:24.758823394775391] [-73.112289428710938:26.678823471069336] [-75.83258056640625:25.978824615478516] [-72.504570007324219:25.845882415771484] [-71.65130615234375:26.169412612915039] [-72.366737365722656:26.602352142333984] [-72.132423400878906:27.851764678955078] [-73.166015625:31.260784149169922] [-69.272651672363281:28.9188232421875] [-67.319931030273438:32.932941436767578] [-68.956565856933594:34.005882263183594] [-67.580848693847656:31.351764678955078] [-66.369537353515625:31.699605941772461] [-68.126731872558594:39.065097808837891] [-64.305946350097656:40.296470642089844] [-61.092746734619141:45.341175079345703] [-59.866371154785156:44.165882110595703] [-62.34686279296875:42.084705352783203] [-63.983757019042969:43.08392333984375] [-65.002128601074219:46.394119262695312] [-64.898300170898438:48.687450408935547] [-64.401962280273438:45.573722839355469] [-64.394218444824219:42.092159271240234] [-66.103431701660156:43.338825225830078] [-69.439964294433594:43.664314270019531] [-70.188003540039062:42.959999084472656] [-68.516471862792969:44.256076812744141] [-67.188369750976562:45.409412384033203] [-67.59820556640625:44.364311218261719] [-67.95989990234375:43.5184326171875] [-66.321342468261719:44.281570434570312] [-66.636993408203125:43.523529052734375] [-69.140556335449219:41.511764526367188] [-70.587814331054688:40.2564697265625] [-71.396926879882812:39.694118499755859] [-73.368270874023438:38.8560791015625] [-75.177383422851562:37.299999237060547] [-76.183197021484375:34.356468200683594] [-77.559249877929688:31.546667098999023] [-79.324409484863281:30.167842864990234] [-81.945198059082031:29.472549438476562] [-84.660324096679688:28.986665725708008] [-86.491470336914062:26.96235466003418] [-88.387191772460938:26.089412689208984] [-90.601791381835938:25.574117660522461] [-92.424934387207031:24.961177825927734] [-94.573562622070312:24.292942047119141] [-96.824539184570312:23.741176605224609] [-98.396766662597656:23.167058944702148] [-99.802848815917969:22.408235549926758] [-102.08882141113281:22.658117294311523] [-104.24277496337891:24.985881805419922] [-105.89427947998047:24.12028694152832] [-107.40853118896484:24.398038864135742] [-109.35349273681641:23.732549667358398] [-108.71257781982422:25.052549362182617] [-105.28483581542969:23.316471099853516] [-105.27013397216797:25.840293884277344] [-108.02156829833984:24.496469497680664] [-108.72444152832031:27.046276092529297] [-107.4571533203125:25.705881118774414] [-107.35810089111328:24.097255706787109] [-107.24219512939453:24.770587921142578] [-105.09016418457031:25.216470718383789] [-102.22682952880859:25.467058181762695] [-101.57088470458984:25.824705123901367] [-103.16349792480469:27.121175765991211] [-103.45925140380859:28.448236465454102] [-101.42156982421875:29.36517333984375] [-99.915130615234375:30.191764831542969] [-99.030265808105469:31.350587844848633] [-99.276901245117188:32.720001220703125] [-100.15496826171875:37.140056610107422] [-100.09666442871094:35.702705383300781] [-99.538467407226562:35.174118041992188]
tree_sizes=2822 2876 2877 2889 2877 2862 2882 2880 2884 2890 2882 2891 2905 2886 2888 2880 2895 2893 2895 2876 2889 2898 2893 2910 2910 2901 2891 2885 2887 2904 2897 2888 2902 2913 2888 2909 2896 2903 2906 2880 2886 2882 2881 2905 2904 2919 2922 2915 2922 2884 2920 2909 2931 2948 2913 2919 2926 2939 2901 2928 2894 2927 2910 2910 2920 2924 2935 2930 2930 2911 2961 2909 2910 2881 2917 2939 2925 2932 2917 2928 2923 2948 2884 2905 2895 2903 2932 2914 2920 2949 2920 2941 2914 2949 2968 2913 2919 2900 2928 2901 2931 2912 2888 2897 2914 2882 2924 2943 2926 2906 2899 2894 2887 2945 2893 2892 2959 2962 2925 2940 2938 2921 2930 2934 2896 2892 2894 2918 2913 2924 2874 2865 2888 2909 2890 2940 2904 2917 2910 2931 2942 2879 2922 2897

Tree=0
num_leaves=31
num_cat=0
split_feature=299 299 299 299 299 299 299 299 299 299 299 299 299 6 299 299 299 299 299 294 299 285 242 284 121 299 77 246 236 242
split_gain=412574 120851 64285.4 53180.5 46954.3 14356.7 10189.1 10113.7 9203.21 8591.84 8510.3 2405.9 1729.99 1700.6 1686.92 1524.69 1285.24 1234.11 1227.61 1058.18 907.72 900.25 682.801 565.947 551.23 539.871 535.163 511.798 497.396 473.402
threshold=-9.3252892494201642 -0.10050980746746062 -18.772038459777828 8.6771097183227557 -3.9969607591629024 -28.381755828857418 3.0577125549316411 -13.797839164733885 15.461685657501222 -6.4381372928619376 -2.1580460071563716 -24.384284973144528 1.1209803223609927 2.612745046615601 -12.274705886840819 4.6948068141937265 -1.2552287578582761 -5.2846496105194083 -3.0620522499084468 -14.24256372451782 -7.5461113452911368 11.712193489074709 4.3122060298919687 -2.6436531543731685 5.4666209220886239 -21.978696823120114 2.5724509954452519 -7.2635712623596183 -3.4127602577209468 0.38552556931972509
decision_type=2 2 2 2 2 2 2 2 2 2 2 2 2 2 2 2 2 2 2 2 2 2 2 2 2 2 2 2 2 2
left_child=2 4 5 6 9 13 12 19 24 20 18 -7 -3 -1 -9 -8 -12 -11 -6 -4 -2 -10 -17 26 -5 -13 -18 -16 -19 -14
right_child=1 3 7 8 10 11 15 14 21 17 16 25 29 -15 27 22 23 28 -20 -21 -22 -23 -24 -25 -26 -27 -28 -29 -30 -31
leaf_value=-4.8531183298252021 -3.6289215258381939 -3.2239459641713046 -4.0646564295078642 -2.7667701343541111 -3.3993762688828668 -4.5336984215514331 -3.0709790246368192 -3.8748857973914932 -2.1647846447815899 -3.502154728385217 -3.323666105804064 -4.3570433925526544 -3.1885797184401259 -5.3176342557350855 -3.7727388827608404 -3.0068893589409318 -3.3081235244907239 -3.4692908898923678 -3.3602444176373854 -3.9325376965550487 -3.5588363739529014 -1.8736918732339893 -2.8845925451729095 -3.2715342081529517 -2.5440898231153009 -4.2292334175189401 -3.4590662782699697 -3.6934559104724709 -3.4294095461549694 -3.1359599310547033
leaf_weight=93 926 2120 456 68 3763 117 586 353 58 1636 3882 126 714 25 608 242 608 1505 4288 227 922 49 216 2743 47 240 65 306 1627 1065
leaf_count=93 926 2120 456 68 3763 117 586 353 58 1636 3882 126 714 25 608 242 608 1505 4288 227 922 49 216 2743 47 240 65 306 1627 1065
internal_value=-3.39707 -3.33991 -4.005 -3.12229 -3.39108 -4.45712 -3.15629 -3.86565 -2.36523 -3.50243 -3.34309 -4.33633 -3.19344 -4.95153 -3.78205 -3.01756 -3.30398 -3.46696 -3.37853 -4.02075 -3.59395 -2.03148 -2.94921 -3.28161 -2.67576 -4.27323 -3.3227 -3.7462 -3.44857 -3.15708
internal_weight=29681 27130 2551 5165 21965 601 4943 1950 222 6616 15349 483 3899 118 1267 1044 7298 4768 8051 683 1848 107 458 3416 115 366 673 914 3132 1779
internal_count=29681 27130 2551 5165 21965 601 4943 1950 222 6616 15349 483 3899 118 1267 1044 7298 4768 8051 683 1848 107 458 3416 115 366 673 914 3132 1779
is_linear=0
shrinkage=1


Tree=1
num_leaves=31
num_cat=0
split_feature=299 299 299 299 299 299 299 299 254 299 299 299 299 299 0 299 299 285 240 285 299 246 247 242 212 299 172 283 280 289
split_gain=372411 106502 63852.3 47995.4 38533.5 12956.9 11423.3 9195.69 8309.15 6929.96 6859.63 2222.95 2171.32 1587.37 1579.43 1376.03 1150 1117.31 990.894 916.344 861.344 834.025 639.531 616.228 611.248 540.55 528.336 514.763 459.585 445.263
threshold=-8.8248767852783185 -0.10050980746746062 -18.772038459777828 8.6771097183227557 -3.8212226629257198 -28.381755828857418 -12.274705886840819 3.0577125549316411 17.944901466369632 -6.0658333301544181 -1.9585031270980833 -15.974465847015379 -24.384284973144528 1.4862990379333498 4.2227451801300058 4.6948068141937265 -2.8619607686996456 11.712193489074709 -4.0479836463928214 -2.2129193544387813 -7.3997714519500724 -6.5762004852294913 -11.066942214965819 4.3122060298919687 -6.9748041629791251 -1.1303888559341428 8.5994024276733416 -13.352681636810301 -28.562280654907223 -2.1015715599060054
decision_type=2 2 2 2 2 2 2 2 2 2 2 2 2 2 2 2 2 2 2 2 2 2 2 2 2 2 2 2 2 2
left_child=2 4 5 7 9 14 11 13 26 20 16 -4 -7 -3 28 -9 29 -10 -11 24 -2 -8 -13 -17 -12 -21 -5 -14 -1 -6
right_child=1 3 6 8 10 12 21 15 17 18 19 22 27 -15 -16 23 -18 -19 -20 25 -22 -23 -24 -25 -26 -27 -28 -29 -30 -31
leaf_value=-1.4852266010485198 -0.20412042146789999 0.17145179309021003 -0.64982151731231508 0.59777175440932762 -0.003535994205534933 -1.0790902944711538 -0.3434487150907517 0.31049296408383109 1.1598389706369174 -0.087164259059739124 -0.082513648093636371 -0.54856939220745304 -0.85123411438681862 0.23898271899656157 -1.8809604549407959 0.37137815696148835 0.043359847640547129 1.4885740860648777 -0.039407947024242024 0.088941747540625463 -0.13820987452763253 -0.2504433897267217 -0.45193094979005138 0.48756014417718962 0.071126601902577469 0.12409264179388753 0.81204163794424022 -0.65211824046240918 -1.2657256010102065 0.033877729238183413
leaf_weight=57 818 2588 338 66 3016 117 800 586 59 1623 67 301 330 1311 20 242 4295 46 3284 2140 1258 345 397 216 1916 2237 51 36 41 1080
leaf_count=57 818 2588 338 66 3016 117 800 586 59 1623 67 301 330 1311 20 242 4295 46 3284 2140 1258 345 397 216 1916 2237 51 36 41 1080
internal_value=0.000704061 0.0576618 -0.550017 0.261748 0.00916135 -1.00634 -0.424272 0.229447 0.980955 -0.0876016 0.0549681 -0.544571 -0.891588 0.194158 -1.47603 0.361241 0.0252835 1.30386 -0.0552034 0.0941322 -0.16418 -0.315425 -0.493605 0.426171 0.0659355 0.106907 0.691171 -0.831649 -1.39339 0.00632895
internal_weight=29681 26899 2782 5165 21734 601 2181 4943 222 6983 14751 1036 483 3899 118 1044 8391 105 4907 6360 2076 1145 698 458 1983 4377 117 366 98 4096
internal_count=29681 26899 2782 5165 21734 601 2181 4943 222 6983 14751 1036 483 3899 118 1044 8391 105 4907 6360 2076 1145 698 458 1983 4377 117 366 98 4096
is_linear=0
shrinkage=0.05


Tree=2
num_leaves=31
num_cat=0
split_feature=299 299 299 299 299 299 299 299 299 299 299 299 299 299 0 299 291 226 293 293 296 285 299 18 242 294 299 172 280 299
split_gain=336270 98553.1 52313.4 44996.9 35901.3 11693.6 9678.71 8287.88 7595.17 6985.48 5926.01 1959.62 1724.46 1628.28 1425.44 1347.82 1080.11 1054.39 983.401 870.96 823.819 724.853 673.857 606.963 556.146 485.475 447.456 446.865 414.771 398.84
threshold=-9.3252892494201642 -0.38699094951152796 -18.772038459777828 8.6771097183227557 -3.9969607591629024 -28.381755828857418 2.6255229711532597 -13.797839164733885 15.461685657501222 -6.4381372928619376 -2.350246667861938 -24.384284973144528 4.6948068141937265 0.8363323211669923 4.2227451801300058 -11.309477329254149 -4.5365133285522452 -2.4690349102020259 -14.201225280761717 -3.2234699726104732 -6.7090315818786612 11.712193489074709 -1.2552287578582761 2.5459665060043339 4.3122060298919687 -20.167254447937008 -5.0791068077087393 8.5994024276733416 -28.562280654907223 -16.839019775390621
decision_type=2 2 2 2 2 2 2 2 2 2 2 2 2 2 2 2 2 2 2 2 2 2 2 2 2 2 2 2 2 2
left_child=2 4 5 6 9 14 13 18 27 20 19 -7 -8 -3 28 -9 26 23 29 -6 -2 -10 -19 -12 -14 -13 -11 -5 -1 -4
right_child=1 3 7 8 10 11 12 15 21 16 17 25 24 -15 -16 -17 -18 22 -20 -21 -22 -23 -24 -25 -26 -27 -28 -29 -30 -31
leaf_value=-1.4109650193599235 -0.20423809952086647 0.14403482037550017 -0.65956813599252462 0.56182160377502444 -0.0073054851114412265 -1.0251360510149572 0.28379392600697612 -0.40211459873892458 1.115484724373653 -0.10693539755256228 0.049740058828959891 -0.83914647732140879 0.35280922188246544 0.20563721347295516 -1.7869124794006348 -0.29871924296241242 -0.039434560481269691 0.073441545476163092 -0.48002525816572472 0.028107131317402553 -0.13609075828559988 1.3766856913663903 0.10841033283242425 -0.079005639577649306 0.46318212085300026 -0.72250160613617342 -0.06266472660522894 0.76021710564108469 -1.202440243232541 -0.56452115731410302
leaf_weight=57 1109 2472 197 64 3001 117 822 589 58 1271 1628 212 242 1895 20 678 2461 3546 235 4120 739 49 2253 97 216 154 1036 51 41 251
leaf_count=57 1109 2472 197 64 3001 117 822 589 58 1271 1628 212 242 1895 20 678 2461 3546 235 4120 739 49 2253 97 216 154 1036 51 41 251
internal_value=0.000668858 0.0522755 -0.54817 0.233656 0.00220629 -0.956021 0.206205 -0.422468 0.931907 -0.0944612 0.0458766 -0.847009 0.327114 0.170766 -1.40223 -0.346785 -0.0624757 0.0768189 -0.562863 0.0131832 -0.176987 1.2351 0.0870275 0.0425004 0.404863 -0.790066 -0.0870549 0.649806 -1.32373 -0.606316
internal_weight=29681 27130 2551 5869 21261 601 5647 1950 222 6616 14645 483 1280 4367 118 1267 4768 7524 683 7121 1848 107 5799 1725 458 366 2307 115 98 448
internal_count=29681 27130 2551 5869 21261 601 5647 1950 222 6616 14645 483 1280 4367 118 1267 4768 7524 683 7121 1848 107 5799 1725 458 366 2307 115 98 448
is_linear=0
shrinkage=0.05


Tree=3
num_leaves=31
num_cat=0
split_feature=299 299 299 299 299 299 299 299 254 299 299 299 299 299 6 293 242 291 285 293 246 236 212 299 299 299 121 290 299 247
split_gain=303543 86860.8 51964.3 39075.8 31411.7 10553.5 9349.31 7528.46 6865.02 5915.57 5352.16 1768.56 1517.5 1453.6 1324.25 1074.49 1062.32 947.922 915.067 871.255 870.518 676.975 664.992 499.296 463.378 439.925 438.479 420.004 415.559 413.893
threshold=-8.8248767852783185 -0.10050980746746062 -18.772038459777828 8.6771097183227557 -3.7588235139846797 -28.381755828857418 -12.738241195678709 3.2675307989120488 17.944901466369632 -5.7162744998931876 -1.9585031270980833 -24.384284973144528 1.4862990379333498 -15.974465847015379 2.612745046615601 -6.2060503959655753 4.3122060298919687 -2.3305213451385494 11.712193489074709 -0.8205905258655547 -6.5762004852294913 -3.6095799207687373 -5.6635985374450675 -7.5461113452911368 -21.978696823120114 -10.961241722106932 5.4666209220886239 -0.050477126613259309 -2.8619607686996456 -11.066942214965819
decision_type=2 2 2 2 2 2 2 2 2 2 2 2 2 2 2 2 2 2 2 2 2 2 2 2 2 2 2 2 2 2
left_child=2 4 5 7 9 14 13 12 26 15 17 -7 -3 -4 -1 23 -9 28 -10 22 25 -11 -12 -2 -13 -8 -5 -14 -6 -15
right_child=1 3 6 8 10 11 20 16 18 21 19 24 27 29 -16 -17 -18 -19 -20 -21 -22 -23 -24 -25 -26 -27 -28 -29 -30 -31
leaf_value=-1.2452753805345105 -0.20732737515223168 0.15470153343922494 -0.58697191949426786 0.54259729657854361 -0.0025855940320282209 -0.97387924846420937 -0.35947170773067993 0.29915951634501364 1.0484817763506358 -0.066243631889293719 -0.036155846941730255 -0.82820870535714297 0.16969970225928777 -0.49994190432501179 -1.6551820297241211 -0.10334404871433596 0.41419619374714617 0.045398741569352224 1.3459812330163043 0.11088077272314412 -0.22861165839634534 -0.027571719902237165 0.075449850922198469 -0.144929062333745 -0.70979899088541665 -0.28945833625793455 0.74003933845682346 0.23391302758035373 0.026363124012827449 -0.41543438162579638
leaf_weight=93 514 2588 338 70 2773 117 407 637 59 1925 138 126 332 282 25 1185 293 3137 46 2156 356 2746 4066 852 240 500 47 1093 2242 298
leaf_count=93 514 2588 338 70 2773 117 407 637 59 1925 138 126 332 282 25 1185 293 3137 46 2156 356 2746 4066 852 240 500 47 1093 2242 298
internal_value=0.000635415 0.0520577 -0.496563 0.236367 0.00825716 -0.90822 -0.383127 0.207222 0.885312 -0.0769509 0.0506616 -0.804658 0.177517 -0.504553 -1.33212 -0.138184 0.335402 0.023841 1.17881 0.0850391 -0.294869 -0.0435091 0.0717863 -0.168408 -0.750563 -0.320876 0.621912 0.218952 0.0103562 -0.456523
internal_weight=29681 26899 2782 5165 21734 601 2181 4943 222 7222 14512 483 4013 918 118 2551 930 8152 105 6360 1263 4671 4204 1366 366 907 117 1425 5015 580
internal_count=29681 26899 2782 5165 21734 601 2181 4943 222 7222 14512 483 4013 918 118 2551 930 8152 105 6360 1263 4671 4204 1366 366 907 117 1425 5015 580
is_linear=0
shrinkage=0.05


Tree=4
num_leaves=31
num_cat=0
split_feature=298 298 298 239 298 297 295 293 298 242 291 297 291 298 247 298 247 237 247 5 298 279 251 164 284 232 241 291 295 170
split_gain=268102 71420.3 45446.2 36837.1 25268.6 11173 6832.8 6225.28 5876.99 5859.22 4714.22 2418.85 1761.52 1624.71 1452.2 1331.95 1204.27 1176.09 1148.08 1361 1131.64 1079.82 997.81 856.8 639.137 609.841 574.41 551.3 533.204 514.294
threshold=-9.0829753875732404 -0.1097474806010723 -17.715607643127438 8.4339637756347674 -4.2943007946014395 -28.773529052734371 3.1002745628356938 -2.1654167175292964 -12.663259029388426 18.362277984619144 -5.6799771785736075 -22.03738975524902 0.27633987367153173 -2.6940671205520625 -1.0431862473487852 4.5398869514465341 -11.066942214965819 -7.2878420352935782 -22.099617004394528 2.34812343120575 -6.9658238887786856 11.009477138519289 -3.6116291284561153 -4.8408133983612052 -3.051620244979858 -2.9477449655532832 0.89416074752807628 -5.3247058391571036 -0.38009804487228388 -0.88235709071159352
decision_type=2 2 2 2 2 2 2 2 2 2 2 2 2 2 2 2 2 2 2 2 2 2 2 2 2 2 2 2 2 2
left_child=2 4 5 6 10 18 12 13 16 -5 20 -7 -3 25 24 -8 -4 -10 19 -1 -2 -11 -12 -15 -9 -6 -14 -19 -16 -25
right_child=1 3 8 9 7 11 15 14 17 21 22 -13 26 23 28 -17 -18 27 -20 -21 -22 -23 -24 29 -26 -27 -28 -29 -30 -31
leaf_value=-1.2496080413697259 -0.17924855550130209 0.11865990501392859 -0.51081087324354379 0.59063955884461006 -0.027519990695172011 -0.85458606784626601 0.24815299487619571 0.018574401369486952 -0.32296306191558166 1.0235009986234 -0.072511924795202312 -0.64816465913579702 0.16041899715034263 -0.067589922887938358 0.085515237435816113 0.36064837739162492 -0.38783269182306712 -0.23875494807265529 -1.0255913628472222 -1.723033986091614 -0.108706481745638 1.3983438720703125 -0.016577843918519863 0.0275687554557776 0.066005755857580659 0.007964096199645743 0.21124980413756578 -0.06174420872513129 0.13059210868303617 0.066340635814877591
leaf_weight=63 1008 1852 450 109 2183 236 613 906 679 83 1665 356 1166 196 1774 461 357 430 36 20 1304 25 1530 2787 3287 2719 1062 49 1041 1234
leaf_count=63 1008 1852 450 109 2183 236 613 906 679 83 1665 356 1166 196 1774 461 357 430 36 20 1304 25 1530 2787 3287 2719 1062 49 1041 1234
internal_value=0.000603644 0.047908 -0.476771 0.2111 0.00739283 -0.81932 0.184232 0.03897 -0.352826 0.849258 -0.0850794 -0.730454 0.154695 0.0117369 0.0744064 0.29644 -0.456408 -0.280641 -1.26141 -1.36369 -0.139462 1.11027 -0.0457266 0.0344915 0.0557571 -0.00783798 0.184648 -0.220647 0.102185 0.0394674
internal_weight=29681 27005 2676 5371 21634 711 5154 16127 1965 217 5507 592 4080 9119 7008 1074 807 1158 119 83 2312 108 3195 4217 4193 4902 2228 479 2815 4021
internal_count=29681 27005 2676 5371 21634 711 5154 16127 1965 217 5507 592 4080 9119 7008 1074 807 1158 119 83 2312 108 3195 4217 4193 4902 2228 479 2815 4021
is_linear=0
shrinkage=0.05


Tree=5
num_leaves=31
num_cat=0
split_feature=299 299 299 299 299 299 299 299 299 237 299 299 299 293 299 279 299 0 247 247 220 226 77 299 299 130 173 180 297 291
split_gain=246669 72995.9 42635.1 35635.4 25844 8147.4 7728.59 6491.61 5930.62 5778.83 3391.81 1519.64 1490.65 1368.19 1059.79 891.317 871.56 841.836 691.436 677.816 667.486 666.894 543.358 489.901 486.461 436.173 398.819 379.543 375.64 360.217
threshold=-8.8248767852783185 -0.20171123743057248 -18.772038459777828 8.6771097183227557 -3.5474510192871089 -28.381755828857418 -12.274705886840819 3.2675307989120488 -5.6404366493225089 15.64067602157593 -1.9585031270980833 -24.384284973144528 1.1983317136764529 -14.201225280761717 -6.9163136482238761 11.009477138519289 5.9051063060760507 3.8730882406234746 -3.3635784387588497 -7.406202793121337 -3.6058822870254512 -2.4251933097839351 1.7692156434059145 -15.974465847015379 -1.0627226233482359 -0.47317096590995783 8.9848313331604022 -4.9597349166870108 -2.2665499448776241 -2.5882912874221797
decision_type=2 2 2 2 2 2 2 2 2 2 2 2 2 2 2 2 2 2 2 2 2 2 2 2 2 2 2 2 2 2
left_child=2 4 5 7 8 17 13 12 14 26 21 -7 -3 23 -2 -11 -9 -1 -10 -8 22 -6 -12 -4 -22 -24 -5 -13 -14 -20
right_child=1 3 6 9 10 11 19 16 18 15 20 27 28 -15 -16 -17 -18 -19 29 -21 24 -23 25 -25 -26 -27 -28 -29 -30 -31
leaf_value=-1.1379519443319301 -0.16075760899823222 0.13254412499055648 -0.54528772934623393 0.49485557666723284 0.006350049622155525 -0.88234121093750018 -0.29235840068474434 0.27622738328090934 -0.05322465172387604 0.9941729315396014 0.045358114745055647 -0.691817101703328 0.084354792407860882 -0.38881724895999153 -0.097965917327524632 1.323022347909433 0.38884114761019384 -1.4936033296585085 -0.028843421337888898 -0.21577832201129163 0.068210576619048821 0.037005816385244188 -0.14299931211830819 -0.44786310784092037 0.098484761880031135 0.12055160269141196 0.68253014882405605 -0.47225964409964427 0.19803561967408076 0.011216616866838598
leaf_weight=99 1191 2467 299 69 2960 125 679 688 2660 87 497 314 76 519 1542 27 229 20 1987 503 3251 4428 73 227 2242 20 48 21 1657 782
leaf_count=99 1191 2467 299 69 2960 125 679 688 2660 87 497 314 76 519 1542 27 229 20 1987 503 3251 4428 73 227 2242 20 48 21 1657 782
internal_value=-0.000560071 0.045841 -0.446728 0.211248 0.00495006 -0.828964 -0.347351 0.183825 -0.065259 0.818706 0.0474893 -0.733567 0.15751 -0.446414 -0.12533 1.07206 0.30435 -1.19773 -0.035019 -0.25977 0.075139 0.0247236 0.0246018 -0.503243 0.0805672 -0.0863217 0.57185 -0.678054 0.19305 -0.01753
internal_weight=29787 26981 2806 5348 21633 579 2227 5117 8162 231 13471 460 4200 1045 2733 114 917 119 5429 1182 6083 7388 590 526 5493 93 117 335 1733 2769
internal_count=29787 26981 2806 5348 21633 579 2227 5117 8162 231 13471 460 4200 1045 2733 114 917 119 5429 1182 6083 7388 590 526 5493 93 117 335 1733 2769
is_linear=0
shrinkage=0.05


Tree=6
num_leaves=31
num_cat=0
split_feature=297 297 298 239 298 297 293 249 298 297 293 297 183 253 247 234 247 290 247 280 237 164 298 249 3 114 293 293 297 255
split_gain=217641 59681.4 38819.5 31030.4 21538.6 8702.65 5418.14 5227.58 5093.68 4911.96 4017.82 2054.65 1363.67 1308.52 1294.35 1255.44 1176.56 1074.57 990.361 971.32 915.352 788.921 784.48 781.834 689.984 568.63 436.016 432.315 404.961 398.264
threshold=-8.7570586204528791 0.23441994190216067 -17.715607643127438 8.4339637756347674 -4.0891106128692618 -28.773529052734371 -2.055882334709167 19.487124443054203 -12.663259029388426 3.4985620975494389 -5.2864882946014395 -22.03738975524902 -2.4169201850891109 -7.4366967678070059 -1.0431862473487852 0.3677829802036286 -5.1839776039123526 5.0073530673980722 -22.099617004394528 11.292820453643801 -11.284510135650633 -5.3128397464752188 -2.0179902315139766 -3.3033986091613765 1.6884360909461977 5.3499348163604745 -10.072381496429442 -4.0509717464447013 1.5576040744781496 -12.300522804260252
decision_type=2 2 2 2 2 2 2 2 2 2 2 2 2 2 2 2 2 2 2 2 2 2 2 2 2 2 2 2 2 2
left_child=2 4 5 9 10 18 12 -5 20 15 16 -7 21 -10 25 -3 -2 -11 24 -9 -4 -6 -14 -12 -1 -8 -22 -15 -17 -13
right_child=1 3 8 7 6 11 14 19 13 17 23 29 22 27 -16 28 -18 -19 -20 -21 26 -23 -24 -25 -26 -27 -28 -29 -30 -31
leaf_value=-1.1459757804870605 -0.14931795880610851 0.11675480445594207 -0.46778294591119507 0.54169009001358703 -0.087294684463601696 -0.77772038998811144 0.05475283576710685 0.94268532237787361 -0.29057058600050895 0.23797146668576108 -0.056436766722263436 -0.60564372436548786 0.016503821639939385 -0.20016552791516593 0.09611120410697982 0.15418419481376414 -0.083632415117418757 0.34855998063287819 -0.92853438214557937 1.2963002929687502 -0.37959264730478265 -0.002940972645237671 0.056265856029471886 -0.0078700805687672137 -1.4850884056091309 -0.18935388525327046 -0.22401444304223156 -0.017890877744981222 0.20087223762230011 -0.44616441408793134
leaf_weight=60 1337 1511 377 115 303 230 3996 87 804 571 1794 301 3833 461 3147 906 1391 357 41 25 385 3253 1834 1540 20 24 51 35 953 45
leaf_count=60 1337 1511 377 115 303 230 3996 87 804 571 1794 301 3833 461 3147 906 1391 357 41 25 385 3253 1834 1540 20 24 51 35 953 45
internal_value=-0.000532067 0.0430877 -0.419297 0.208745 0.00970092 -0.742872 0.039484 0.778482 -0.312562 0.178654 -0.0708245 -0.661896 0.0141422 -0.25117 0.0720957 0.150605 -0.115825 0.280515 -1.12835 1.02162 -0.410728 -0.0101286 0.0293719 -0.0340034 -1.23075 0.0532955 -0.361394 -0.187303 0.178118 -0.584902
internal_weight=29787 26977 2810 4525 22452 697 16390 227 2113 4298 6062 576 9223 1300 7167 3370 2728 928 121 112 813 3556 5667 3334 80 4020 436 496 1859 346
internal_count=29787 26977 2810 4525 22452 697 16390 227 2113 4298 6062 576 9223 1300 7167 3370 2728 928 121 112 813 3556 5667 3334 80 4020 436 496 1859 346
is_linear=0
shrinkage=0.05


Tree=7
num_leaves=31
num_cat=0
split_feature=299 299 299 299 299 299 299 237 299 299 299 299 297 299 285 247 299 250 3 226 239 299 285 133 212 292 291 295 248 251
split_gain=201742 59560.7 36178.5 28168.5 21751.8 6962.95 6674.24 4681.65 4642.14 4369.09 3437.63 1265.98 1114 866.287 789.012 755.112 718.042 708.183 725.173 701.818 634.538 596.194 588.113 396.706 376.19 350.51 343.448 337.226 334.327 327.219
threshold=-8.5631971359252912 0.060448171570897109 -18.772038459777828 8.6771097183227557 -3.5474510192871089 -12.274705886840819 -28.381755828857418 15.64067602157593 3.2675307989120488 -5.6404366493225089 -1.7250240445137022 -24.384284973144528 -15.793828964233397 1.1983317136764529 11.712193489074709 -5.6267995834350577 5.9051063060760507 -22.182589530944821 1.6022462844848635 -2.4251933097839351 -6.8055715560913077 -4.6148529052734366 -2.0482352972030635 -6.3700973987579337 -6.8291594982147208 -5.2356662750244132 -1.9292869567871092 -12.563815593719481 -14.18495464324951 1.0201579332351687
decision_type=2 2 2 2 2 2 2 2 2 2 2 2 2 2 2 2 2 2 2 2 2 2 2 2 2 2 2 2 2 2
left_child=2 4 6 8 9 12 17 -5 13 15 19 -8 -4 -3 -9 -2 -10 18 -1 -6 -7 -11 23 -12 -25 -17 -21 -14 -13 -15
right_child=1 3 5 7 10 20 11 14 16 21 22 28 27 29 -16 25 -18 -19 -20 26 -22 -23 -24 24 -26 -27 -28 -29 -30 -31
leaf_value=-1.0776574850082399 -0.14478358455558324 0.12636043096682814 -0.47558733443139306 0.519328842815171 0.0070129368050491879 -0.2577086936775132 -0.79830693359375005 0.86136501536649812 0.2503870121268339 -0.053854393839477425 -0.16963787436485292 -0.63936539494110001 -0.39401896653186524 0.15572615130608825 1.1294859512992528 -0.10904382117061173 0.35260269631464936 -0.90453876696134872 -1.4190452530270532 0.025653220814269545 -0.18579664701415646 -0.019482935915173749 0.086652499402658137 -0.063697950656597432 0.058898985174402313 -0.06163053687245465 0.051672378892592387 -0.32204702254030643 -0.52117990652720136 0.19939229503636477
leaf_weight=60 1005 1874 355 117 3248 804 125 68 688 1994 20 257 427 952 46 948 229 38 21 3004 496 3435 3856 65 1676 662 2195 263 78 781
leaf_count=60 1005 1874 355 117 3248 804 125 68 688 1994 20 257 427 952 46 948 229 38 21 3004 496 3435 3856 65 1676 662 2195 263 78 781
internal_value=-0.000505464 0.042425 -0.394911 0.202961 0.0078969 -0.307519 -0.748859 0.741518 0.175462 -0.0576815 0.0454049 -0.662516 -0.403615 0.149924 0.969554 -0.110776 0.275913 -1.08262 -1.16617 0.025247 -0.230271 -0.0321071 0.075719 0.0517783 0.0543218 -0.0895484 0.0366384 -0.366586 -0.611848 0.175405
internal_weight=29787 26863 2924 4755 22108 2345 579 231 4524 8044 14064 460 1045 3607 114 2615 917 119 81 8447 1300 5429 5617 1761 1741 1610 5199 690 335 1733
internal_count=29787 26863 2924 4755 22108 2345 579 231 4524 8044 14064 460 1045 3607 114 2615 917 119 81 8447 1300 5429 5617 1761 1741 1610 5199 690 335 1733
is_linear=0
shrinkage=0.05


Tree=8
num_leaves=31
num_cat=0
split_feature=299 299 299 299 299 299 299 299 299 299 299 299 299 293 299 248 299 6 291 220 293 251 247 164 291 102 280 299 0 243
split_gain=182116 55992.5 28696.6 28092.2 18881.7 6246.56 5695.85 4703.28 4279.51 4106.31 2662.47 1392.09 1006.44 839.036 802.563 722.979 686.972 651.002 630.362 595.943 593.145 515.777 460.052 395.966 393.86 379.265 355.993 352.889 342.589 338.324
threshold=-9.3252892494201642 -0.73231375217437733 -20.508529663085934 8.6771097183227557 -4.6148529052734366 2.6255229711532597 -13.797839164733885 -28.381755828857418 15.461685657501222 -2.7195686101913448 -6.7961513996124259 0.43019606173038488 5.2246437072753915 -14.201225280761717 -11.309477329254149 -1.9980391860008238 -24.384284973144528 2.8910870552062993 12.175294399261476 -3.8816248178482051 -3.3484673500061031 -6.2805881500244132 -3.5006532669067378 -5.6759021282196036 1.1745368242263796 0.74168628454208385 11.292820453643801 -17.802817344665524 -0.10413701087236403 -12.457094192504881
decision_type=2 2 2 2 2 2 2 2 2 2 2 2 2 2 2 2 2 2 2 2 2 2 2 2 2 2 2 2 2 2
left_child=2 4 7 5 10 11 13 17 -5 20 21 -3 -7 27 -8 19 -9 28 -10 25 -6 -2 -12 -22 -13 -11 -20 -4 -1 -18
right_child=1 3 6 8 9 12 14 16 18 15 22 24 -14 -15 -16 -17 29 -19 26 -21 23 -23 -24 -25 -26 -27 -28 -29 -30 -31
leaf_value=-1.082612883172384 -0.17473677899156298 0.093961929453272364 -0.51169998361430036 0.48829918902853264 -0.019008702474015239 0.21569129935635176 -0.30213450669428599 -0.758391455078125 0.75805969238281257 0.00069046424967902052 -0.077286215820833781 0.12875210211055263 0.31591085984477502 -0.35151739966484813 -0.22295196316766402 0.060565340877545851 -0.63434896709943067 -1.2740522297945889 0.92524619293212895 0.039432184169614415 -0.1097694820340942 -0.11667087534851311 -0.038792226965687855 0.012014819723277007 0.16849295495286462 -0.11501047282692899 1.1533464138324445 -0.43034296619648837 -0.89239274518830447 -0.44250805561359113
leaf_weight=41 700 2675 218 115 3486 929 586 125 40 483 2232 1473 343 248 705 4625 198 22 50 3162 68 843 1190 3615 1081 83 26 343 56 26
leaf_count=41 700 2675 218 115 3486 929 586 125 40 483 2232 1473 343 248 705 4625 198 22 50 3162 68 843 1190 3615 1081 83 26 343 56 26
internal_value=-0.000480191 0.0374943 -0.402984 0.162597 -0.00361415 0.143343 -0.324079 -0.757042 0.704442 0.0235338 -0.0884864 0.11917 0.242716 -0.428102 -0.258894 0.0473587 -0.664485 -1.02849 0.918722 0.0309743 -0.00422585 -0.143013 -0.0638999 0.00976629 0.145573 -0.0162763 1.00328 -0.461958 -0.972795 -0.612082
internal_weight=29787 27219 2568 6732 20487 6501 2100 468 231 15522 4965 5229 1272 809 1291 8353 349 119 116 3728 7169 1543 3422 3683 2554 566 76 561 97 224
internal_count=29787 27219 2568 6732 20487 6501 2100 468 231 15522 4965 5229 1272 809 1291 8353 349 119 116 3728 7169 1543 3422 3683 2554 566 76 561 97 224
is_linear=0
shrinkage=0.05


Tree=9
num_leaves=31
num_cat=0
split_feature=298 298 298 256 291 247 293 298 298 295 285 291 291 241 234 247 298 296 298 240 291 285 3 298 53 298 245 235 298 296
split_gain=159671 44088.8 27366.3 24226.9 15777 6448.16 4565.92 4222.91 3687.49 3473.28 2899.58 1551.37 1313.31 1286.53 1217.81 1063.96 1040.3 1000.08 773.679 703.095 702.767 683.216 613.16 604.79 593.312 550.403 505.722 424.448 410.942 389.506
threshold=-9.0829753875732404 -0.1097474806010723 -17.715607643127438 8.0136275291442889 -3.750818014144897 -22.099617004394528 3.0113627910614018 -5.191741704940795 14.229981422424318 -11.660419940948485 -2.4625895023345943 -19.971862792968746 -0.90424734354019154 -5.7479271888732901 0.51515138149261486 -3.1855462789535518 -14.329037189483641 4.5603692531585702 -28.607504844665524 -4.6689965724945059 -7.4849867820739737 11.712193489074709 1.6884360909461977 -24.718790054321286 -3.0064082145690914 -2.7162529230117793 -5.0784599781036368 1.3542484045028689 -3.2347199916839595 1.1019280552864077
decision_type=2 2 2 2 2 2 2 2 2 2 2 2 2 2 2 2 2 2 2 2 2 2 2 2 2 2 2 2 2 2
left_child=2 4 5 6 7 18 14 13 -5 16 15 23 25 -2 -3 24 -4 -8 22 -9 -11 -10 -1 -7 -6 -12 -18 -14 -21 -16
right_child=1 3 9 8 10 11 17 19 21 20 12 -13 27 -15 29 -17 26 -19 -20 28 -22 -23 -24 -25 -26 -27 -28 -29 -30 -31
leaf_value=-0.98189088946483172 -0.14569907061258952 0.093724341266881395 -0.39518222081821597 0.468877269603588 -0.092252872488025425 -0.73090442941208522 0.19211189827222505 -0.07007029144332054 0.7774464551140281 -0.22744326439798646 0.01505040748255887 -0.47857449946512703 0.074286959802416244 -0.077142678714587187 0.12161993944822853 0.022035065891510192 -0.30554449173426584 0.28877646704472459 -0.7847003008868243 -0.026923166776313436 -0.1221485338618408 1.0285931735568576 -1.3009121084213258 -0.5887432351404307 -0.011614607712242035 0.04969443553467727 -0.11198517084121705 0.13435881073410447 0.0089601049181379268 0.16928753964602949
leaf_weight=61 1050 2232 446 108 267 121 623 679 68 778 1624 262 2514 1965 737 4363 539 469 37 2306 199 45 20 196 1566 3899 36 333 1220 1024
leaf_count=61 1050 2232 446 108 267 121 623 679 68 778 1624 262 2514 1965 737 4363 539 469 37 2306 199 45 20 196 1566 3899 36 333 1220 1024
internal_value=-0.000456181 0.0360552 -0.367494 0.165302 0.00457715 -0.637256 0.143028 -0.0558588 0.677791 -0.273388 0.0345337 -0.5686 0.0537275 -0.101018 0.118251 0.00860539 -0.337876 0.233628 -0.974131 -0.0234795 -0.205996 0.877461 -1.06066 -0.643007 -0.0233606 0.0395076 -0.293426 0.0813133 -0.0145075 0.149338
internal_weight=29787 27092 2695 5306 21786 697 5085 7220 221 1998 14566 579 8370 3015 3993 6196 1021 1092 118 4205 977 113 81 317 1833 5523 575 2847 3526 1761
internal_count=29787 27092 2695 5306 21786 697 5085 7220 221 1998 14566 579 8370 3015 3993 6196 1021 1092 118 4205 977 113 81 317 1833 5523 575 2847 3526 1761
is_linear=0
shrinkage=0.05


Tree=10
num_leaves=31
num_cat=0
split_feature=299 299 299 296 299 299 299 299 299 299 299 299 5 299 291 299 283 241 299 251 220 281 189 293 299 251 50 293 288 176
split_gain=149496 45384.3 23301.2 21794.1 14840.4 5291.49 4715.66 4484.64 3307.2 3173.03 2377.36 1019.17 971.416 947.881 715.198 658.838 535.906 533.983 506.034 449.708 432.317 420.589 344.482 344.435 339.803 316.59 313.755 313.009 294.758 275.501
threshold=-9.3252892494201642 -0.77352941036224354 -20.508529663085934 8.8343286514282244 -4.4771330356597892 2.159679770469666 -13.797839164733885 -28.381755828857418 15.461685657501222 -2.5764154195785518 -6.7961513996124259 4.6948068141937265 2.4445769786834721 0.48915684223175054 -16.191439628601071 -11.309477329254149 -13.956161499023436 -3.874040842056274 -3.4104779958724971 -5.3125183582305899 -3.6058822870254512 11.510252952575685 -0.78681915998458851 -10.726372241973875 -24.384284973144528 5.2878127098083505 -0.017529411241412159 0.65226277709007274 -0.5625723898410796 9.0319724082946795
decision_type=2 2 2 2 2 2 2 2 2 2 2 2 2 2 2 2 2 2 2 2 2 2 2 2 2 2 2 2 2 2
left_child=2 4 7 5 10 13 14 12 29 18 19 -7 -1 28 -4 -8 24 -12 -6 -2 26 -10 -22 -16 -9 -13 -11 -19 -3 -5
right_child=1 3 6 8 9 11 15 16 21 20 17 25 -14 -15 23 -17 -18 27 -20 -21 22 -23 -24 -25 -26 -27 -28 -29 -30 -31
leaf_value=-0.88665187310199356 -0.14971633994310998 0.070127799897906934 -0.44319642173559642 0.37947254435221356 -0.013977274976518184 0.18251973909389285 -0.2724996337890625 -0.68296858148837314 0.76276488907035744 0.035843438826772565 -0.073047694643015457 0.24471009927883483 -1.2690233755111695 0.12957301308945665 -0.36119696278457813 -0.20005552123493464 -0.36131339695142661 -0.037770410133625872 0.012023098761812371 -0.093590536919844605 0.04167937688615328 0.98556175231933596 0.06579435602778376 -0.21320607163185301 -0.5745098394768261 0.33663246040196387 -0.026915217557146872 0.12777177455096408 0.10176749487147814 0.54936076572963166
leaf_weight=98 933 1493 331 75 3614 1146 575 109 87 522 1845 342 20 2120 459 691 23 1860 3881 578 4340 28 2248 43 214 129 322 29 1452 35
leaf_count=98 933 1493 331 75 3614 1146 575 109 87 522 1845 342 20 2120 459 691 23 1860 3881 578 4340 28 2248 43 214 129 322 29 1452 35
internal_value=0.000351613 0.034897 -0.364632 0.145518 -0.00298016 0.12922 -0.29375 -0.685283 0.62953 0.0224416 -0.0753291 0.207968 -0.951461 0.104079 -0.386141 -0.232959 -0.594505 -0.0539155 -0.000513973 -0.128247 0.0455917 0.817011 0.049908 -0.34852 -0.61111 0.269886 0.0119 -0.035229 0.0857274 0.433528
internal_weight=29642 27079 2563 6907 20172 6682 2099 464 225 14927 5245 1617 118 5065 833 1266 346 3734 7495 1511 7432 115 6588 502 323 471 844 1889 2945 110
internal_count=29642 27079 2563 6907 20172 6682 2099 464 225 14927 5245 1617 118 5065 833 1266 346 3734 7495 1511 7432 115 6588 502 323 471 844 1889 2945 110
is_linear=0
shrinkage=0.05


Tree=11
num_leaves=31
num_cat=0
split_feature=299 299 299 296 299 299 299 297 299 299 299 299 299 6 242 299 196 247 247 239 241 280 291 35 299 165 247 183 292 288
split_gain=134920 40974.8 21029.4 19938.8 13049.5 5083.67 4255.89 4178.16 3340.02 2984.75 1466.31 1184.06 709.82 702.463 669.292 594.605 516.66 510.445 501.445 421.036 414.147 407.909 363.863 357.255 293.395 291.544 285.285 281.795 274.045 256.065
threshold=-9.3252892494201642 -0.89036321640014637 -20.508529663085934 8.8343286514282244 -4.913921356201171 1.8062221407890322 -13.797839164733885 -28.773529052734371 -2.8619607686996456 15.461685657501222 -6.7961513996124259 3.908313632011414 0.43019606173038488 2.612745046615601 -12.495476722717283 -11.309477329254149 -2.6390787363052364 -17.28310394287109 -1.663494288921356 2.4875817298889165 -5.2702558040618888 11.292820453643801 -3.1748247146606441 -5.0618038177490225 -16.839019775390621 -5.1385879516601554 -5.7189812660217276 -3.1125489473342891 -9.8400588035583478 -0.5625723898410796
decision_type=2 2 2 2 2 2 2 2 2 2 2 2 2 2 2 2 2 2 2 2 2 2 2 2 2 2 2 2 2 2
left_child=2 4 7 5 10 12 14 13 16 -5 20 27 26 -1 24 -8 25 -9 23 -13 -2 -11 -12 -10 -4 -6 -3 -7 -16 -28
right_child=1 3 6 9 8 11 15 17 18 21 22 19 -14 -15 28 -17 -18 -19 -20 -21 -22 -23 -24 -25 -26 -27 29 -29 -30 -31
leaf_value=-0.84702698985735569 -0.14397022039476237 -0.10035444091666829 -0.44999208656740397 0.41185133500532678 -0.077873259161352584 0.071914982579128692 -0.25887474524456522 -0.61815451364668594 -0.063879498610129731 0.731651565876413 -0.067966753138430411 0.18574552373683201 0.11775178241903189 -1.1546761968861456 -0.33425803344641158 -0.19005257679653584 0.0042972822734341316 -0.49595742592444786 0.0524491666206287 0.2678300871869525 -0.090879168737502333 0.97539164225260411 -0.016316078109039633 0.029787045725908248 -0.36359369712963441 -0.018686354961018371 0.066928373350937875 0.16566871215853404 -0.17510778575107969 0.095428114347068688
leaf_weight=96 881 22 231 110 223 86 575 189 104 94 2278 235 1890 23 402 691 3819 156 3558 466 630 21 401 4813 171 3106 1677 1178 29 1487
leaf_count=96 881 22 231 110 223 86 575 189 104 94 2278 235 1890 23 402 691 3819 156 3558 466 630 21 401 4813 171 3106 1677 1178 29 1487
internal_value=0.000334033 0.0331521 -0.346401 0.134716 -0.00409434 0.11991 -0.279062 -0.651019 0.01692 0.598054 -0.0824493 0.188194 0.0934759 -0.906489 -0.366834 -0.221311 -0.00825325 -0.5629 0.0381517 0.240312 -0.121834 0.776161 -0.0602355 0.0278059 -0.413241 -0.0226511 0.0790749 0.15929 -0.32355 0.0803225
internal_weight=29642 27079 2563 7266 19813 7041 2099 464 15623 225 4190 1965 5076 119 833 1266 7148 345 8475 701 1511 115 2679 4917 402 3329 3186 1264 431 3164
internal_count=29642 27079 2563 7266 19813 7041 2099 464 15623 225 4190 1965 5076 119 833 1266 7148 345 8475 701 1511 115 2679 4917 402 3329 3186 1264 431 3164
is_linear=0
shrinkage=0.05


Tree=12
num_leaves=31
num_cat=0
split_feature=297 293 296 255 297 297 241 295 251 248 251 297 238 232 251 244 245 234 247 11 213 295 289 281 293 235 256 256 281 297
split_gain=119248 32420.1 20755.4 17714.9 10296.8 4879.61 3784.86 3601.63 2538.57 2327.01 1769.44 985.513 960.796 840.565 792.133 788.886 755.56 707.303 702.151 678.179 550.933 529.247 469.964 464.85 448.414 372.639 369.52 340.903 324.503 316.194
threshold=-8.7570586204528791 -0.24703920632600782 -18.777529716491696 8.0746216773986834 -4.2864668369293204 -28.773529052734371 -9.5760455131530744 2.5631861686706547 -2.2363058328628536 19.288534164428714 -4.9415295124053946 -14.946372509002684 3.7421568632125859 -1.443529427051544 -0.18550530076026914 -17.242352485656735 -4.0728430747985831 -2.4165050983428951 -22.099617004394528 1.5090233683586123 -5.0213406085968009 -10.566214561462401 -5.1571655273437491 11.510252952575685 -6.4195055961608878 0.60827779769897472 1.9070702195167544 -11.980470657348631 2.4770369529724126 1.3616393208503725
decision_type=2 2 2 2 2 2 2 2 2 2 2 2 2 2 2 2 2 2 2 2 2 2 2 2 2 2 2 2 2 2
left_child=2 4 5 7 10 18 11 14 17 -5 24 -4 28 20 -3 -7 21 -6 19 -1 -10 -8 -12 -11 -2 -19 -15 -17 -9 -16
right_child=1 3 6 9 8 15 16 12 13 23 22 -13 -14 26 29 27 -18 25 -20 -21 -22 -23 -24 -25 -26 -27 -28 -29 -30 -31
leaf_value=-0.86030626375167096 -0.11549041241407394 0.073584674903762165 -0.37034936005418956 0.40822172898512621 -0.0098334401165810215 -0.57675819013586005 -0.23107508380748404 0.13131677423970084 -0.041187179368325527 0.68026966566450142 -0.058200114263910856 -0.27006970251331458 0.25579596254014481 0.055509158075492428 0.10344716493463108 -0.46251073395910347 -0.071293607928923197 0.01661884186498274 -0.68492149939903857 -1.1958156514167786 0.031861569393943745 -0.16080658278202753 -0.018595449423389709 0.9205916184645434 -0.068832396084885575 0.083999875201359056 0.12907441334610575 -0.26107498666514523 0.18723926505858493 0.14406062452349477
leaf_weight=61 1040 1936 418 104 4360 199 519 445 277 89 1181 592 388 4162 1337 242 140 2868 39 20 3786 554 2048 26 1020 221 178 23 622 747
leaf_count=61 1040 1936 418 104 4360 199 519 445 277 89 1181 592 388 4162 1337 242 140 2868 39 20 3786 554 2048 26 1020 221 178 23 622 747
internal_value=0.000317331 0.0327521 -0.30976 0.138648 0.00423062 -0.575024 -0.240073 0.12101 0.0243866 0.579609 -0.0561802 -0.311572 0.188418 0.0432254 0.0966125 -0.501524 -0.180541 0.00313505 -0.859224 -0.943148 0.0268814 -0.194795 -0.0330808 0.734603 -0.0923879 0.0214396 0.0585264 -0.445028 0.163916 0.118005
internal_weight=29642 26835 2807 5694 21141 584 2223 5475 15852 219 5289 1010 1455 8403 4020 464 1213 7449 120 81 4063 1073 3229 115 2060 3089 4340 265 1067 2084
internal_count=29642 26835 2807 5694 21141 584 2223 5475 15852 219 5289 1010 1455 8403 4020 464 1213 7449 120 81 4063 1073 3229 115 2060 3089 4340 265 1067 2084
is_linear=0
shrinkage=0.05


Tree=13
num_leaves=31
num_cat=0
split_feature=299 299 299 299 299 299 299 297 299 299 299 251 299 247 79 241 299 248 251 170 292 241 280 299 245 35 94 288 258 289
split_gain=110251 34009.1 17196.5 16849.1 10126 4675.91 3473.83 3372.81 2468.42 2447.68 1162.58 1026.27 741.277 615.104 643.965 549.464 487.98 448.323 444.484 408.904 359.849 347.067 336 295.841 280.212 279.369 275.535 268.846 263.69 262.414
threshold=-9.3252892494201642 -1.1303888559341428 -20.508529663085934 8.6771097183227557 -4.9692933559417716 1.8062221407890322 -13.797839164733885 -28.773529052734371 -2.9611151218414302 15.461685657501222 -7.2222876548767081 3.6957572698593144 0.43019606173038488 -22.099617004394528 -5.0297369956970206 -12.4142689704895 -11.309477329254149 -12.179403781890867 -3.6458562612533565 -0.67106443643569935 1.5469281077384951 -3.2408226728439327 11.292820453643801 -24.384284973144528 -3.2438569068908687 -4.7172851562499991 9.197916507720949 -0.5625723898410796 3.6177333593368535 -1.9699587225913999
decision_type=2 2 2 2 2 2 2 2 2 2 2 2 2 2 2 2 2 2 2 2 2 2 2 2 2 2 2 2 2 2
left_child=2 4 7 5 10 12 15 13 18 -5 24 20 27 14 -1 -4 -8 23 -6 25 -7 -12 -11 -9 -2 -10 -13 -3 -21 -20
right_child=1 3 6 9 8 11 16 17 19 22 21 26 -14 -15 -16 -17 -18 -19 29 28 -22 -23 -24 -25 -26 -27 -28 -29 -30 -31
leaf_value=-0.81526559767175899 -0.1273011208516388 0.0576402491310423 -0.37268814344475742 0.37447525969648787 -0.02934683739066242 0.11979074463167996 -0.23409527322520385 -0.59150480694240992 -0.044192803479932458 0.66174202776969748 -0.070650315058492397 0.22987296787772593 0.10715697838515832 -0.65216273257606916 -1.1422024393081667 -0.29146399260697209 -0.17174834984256301 -0.28554393223353797 -0.0076423498735112968 0.046285248835324366 0.16997400650298261 -0.032710628925985467 0.88295709519159227 -0.49015266100565597 -0.048880890000145887 0.025421108180111909 0.39238232885088242 0.083828071751242503 0.21636371819869332 0.020660115623905049
leaf_weight=61 1035 2234 411 113 2028 557 575 108 148 94 2055 381 1890 38 20 422 691 21 3710 2490 996 853 21 216 128 5498 28 1746 23 1051
leaf_count=61 1035 2234 411 113 2028 557 575 108 148 94 2055 381 1890 38 20 422 691 21 3710 2490 996 853 21 216 128 5498 28 1746 23 1051
internal_value=0.000301465 0.0299679 -0.313135 0.116043 -0.00650956 0.103708 -0.252242 -0.588598 0.0125299 0.539744 -0.0764191 0.170533 0.0813729 -0.81813 -0.895991 -0.33154 -0.200065 -0.509426 -0.0097444 0.031064 0.151975 -0.0595215 0.702138 -0.523937 -0.11867 0.0235963 0.240998 0.0691287 0.0478419 -0.00139453
internal_weight=29642 27079 2563 8060 19019 7832 2099 464 14948 228 4071 1962 5870 119 81 833 1266 345 6789 8159 1553 2908 115 324 1163 5646 409 3980 2513 4761
internal_count=29642 27079 2563 8060 19019 7832 2099 464 14948 228 4071 1962 5870 119 81 833 1266 345 6789 8159 1553 2908 115 324 1163 5646 409 3980 2513 4761
is_linear=0
shrinkage=0.05


Tree=14
num_leaves=31
num_cat=0
split_feature=299 299 299 255 299 297 299 299 299 299 299 293 290 6 247 241 292 178 293 0 226 292 178 270 284 50 235 211 299 193
split_gain=99513.6 29564.8 17567 13694.1 10190.5 3818.83 3515.41 2795.02 2316.13 2026.23 1542.21 645.674 620.452 593.286 583.702 562.137 428.504 392.471 377.457 370.585 333.996 322.725 314.888 304.441 268.894 346.125 268.253 249.191 216.458 215.076
threshold=-8.5631971359252912 -0.20171123743057248 -18.772038459777828 8.0746216773986834 -3.4940336942672725 -28.773529052734371 -12.274705886840819 3.0577125549316411 -5.6404366493225089 15.461685657501222 -1.9827451109886167 5.4048871994018564 -14.729136943817137 2.612745046615601 -17.28310394287109 0.31369797885417944 -6.0017333030700675 -1.8645620942115781 -9.5108928680419904 -0.10413701087236403 -2.338850617408752 12.385365009307863 -1.7713012695312498 -25.769873619079586 -3.2905040979385372 0.017647058703005317 -1.9383333325386045 -0.91023296117782582 -24.384284973144528 -6.9877216815948477
decision_type=2 2 2 2 2 2 2 2 2 2 2 2 2 2 2 2 2 2 2 2 2 2 2 2 2 2 2 2 2 2
left_child=2 4 5 7 8 13 12 15 16 -5 22 -9 29 19 28 27 -2 -10 -8 23 24 -11 -6 -1 25 -12 -20 -3 -7 -4
right_child=1 3 6 9 10 14 18 11 17 21 20 -13 -14 -15 -16 -17 -18 -19 26 -21 -22 -23 -24 -25 -26 -27 -28 -29 -30 -31
leaf_value=-0.9488114674886069 -0.098333183513892877 0.05981226138372088 -0.34497170198719035 0.3642807719863464 0.0043517178406166411 -0.58024424863665292 -0.18616276429111797 0.16679717854217246 -0.030941998208220384 0.53255904912948615 0.034117283067295716 0.25380367702907985 -0.25133171264648441 -1.00531005030093 -0.40780937500000003 0.11961820580061411 -0.057375606566667563 -0.0026287501595452824 -0.1381784704507425 -0.63029902589087394 0.055843595202055285 0.71978095915259388 0.025531523756149661 -0.68812858036586222 0.046137641377495112 -0.045482738523198098 0.035931198169355805 0.095162491815436998 -0.47677714682032923 -0.25345824559529623
leaf_weight=24 1365 773 363 107 3407 89 665 756 3789 32 332 297 625 23 250 1941 1200 1808 580 51 4761 82 3619 21 828 232 23 1404 117 78
leaf_count=24 1365 773 363 107 3407 89 665 756 3789 32 332 297 625 23 250 1941 1200 1808 580 51 4761 82 3619 21 828 232 23 1404 117 78
internal_value=0.000286391 0.0305072 -0.277435 0.135115 0.00407692 -0.524985 -0.216449 0.118642 -0.0398269 0.520552 0.0312674 0.191337 -0.283374 -0.777223 -0.45916 0.100054 -0.0791717 -0.021796 -0.160186 -0.722577 0.0495447 0.667227 0.0152612 -0.827159 0.0280007 0.00137401 -0.131537 0.0826105 -0.521479 -0.328786
internal_weight=29642 26733 2909 5392 21341 575 2334 5171 8162 221 13179 1053 1066 119 456 4118 2565 5597 1268 96 6153 114 7026 45 1392 564 603 2177 206 441
internal_count=29642 26733 2909 5392 21341 575 2334 5171 8162 221 13179 1053 1066 119 456 4118 2565 5597 1268 96 6153 114 7026 45 1392 564 603 2177 206 441
is_linear=0
shrinkage=0.05


Tree=15
num_leaves=31
num_cat=0
split_feature=299 299 299 239 299 247 299 299 299 299 299 129 299 299 212 279 237 248 246 178 288 272 251 283 215 125 250 251 211 28
split_gain=90721.7 27439.2 15799.4 13819.8 9018.73 4339.39 2574.79 2323.64 1967.85 1635.03 1588.24 977.47 782.293 774.049 392.626 367.791 357.916 348.432 307.872 306.606 306.534 299.089 295.582 288.185 265.491 264.974 243.765 237.766 237.524 218.793
threshold=-8.5631971359252912 -0.30421291291713709 -17.802817344665524 8.4339637756347674 -3.7588235139846797 -22.099617004394528 3.908313632011414 -12.274705886840819 15.461685657501222 -2.1580460071563716 -5.7162744998931876 -8.6904897689819318 -21.978696823120114 1.4862990379333498 -6.9748041629791251 11.009477138519289 -11.737255096435545 -5.9549021720886222 -8.3627843856811506 -1.8645620942115781 4.383535861968995 -1.9103540182113645 -2.7428758144378658 -28.695686340332028 -6.6855533123016349 -13.045180320739744 -12.945232868194578 -17.429002761840817 1.2142454981803896 0.82882639765739452
decision_type=2 2 2 2 2 2 2 2 2 2 2 2 2 2 2 2 2 2 2 2 2 2 2 2 2 2 2 2 2 2
left_child=2 4 5 6 10 11 13 16 -5 22 17 23 27 28 -11 29 -4 -2 -9 -12 -8 24 -6 25 -16 -1 -14 -7 -3 -10
right_child=1 3 7 8 9 12 20 18 15 14 19 -13 26 -15 21 -17 -18 -19 -20 -21 -22 -23 -24 -25 -26 -27 -28 -29 -30 -31
leaf_value=-0.86169017923289337 -0.1021922839088725 0.074224505414895767 -0.2981402346066066 0.35185419471518509 -0.0030119018154188214 -0.52738886939154728 0.16444703396235671 -0.1858557349694277 0.65488781571388255 -0.066714559250240085 -0.033704463524821295 -1.0573575246901741 -0.39226156429008202 0.12581789001522448 -0.10983065753243865 0.8010347239176433 -0.23469521001424976 -0.062041687582941957 -0.13530693090275714 -0.0055128573757309181 0.23057313830123666 0.054704153622617782 0.017810838921280821 -0.58647043488242412 0.034983579196731937 -0.63956402587890626 -0.29336415573402691 -0.42153873897734145 0.10517316500984569 0.49130011604678248
leaf_weight=29 803 2151 364 103 2741 144 321 499 60 79 3322 21 270 1639 32 30 571 1652 760 1359 386 3775 4506 44 2890 25 81 84 871 31
leaf_count=29 803 2151 364 103 2741 144 321 499 60 79 3322 21 270 1639 32 30 571 1652 760 1359 386 3775 4506 44 2890 25 81 84 871 31
internal_value=0.000430248 0.0291906 -0.265603 0.127694 0.00315772 -0.472799 0.111637 -0.199685 0.51248 0.0264441 -0.0426025 -0.747793 -0.41628 0.0981502 0.0441006 0.649212 -0.259395 -0.0751744 -0.155342 -0.0255198 0.20055 0.0454078 0.00993515 -0.681457 0.0333977 -0.758854 -0.369439 -0.488391 0.0831445 0.59916
internal_weight=29643 26751 2892 5592 21159 698 5368 2194 224 14023 7136 119 579 4661 6776 121 935 2455 1259 4681 707 6697 7247 98 2922 54 351 228 3022 91
internal_count=29643 26751 2892 5592 21159 698 5368 2194 224 14023 7136 119 579 4661 6776 121 935 2455 1259 4681 707 6697 7247 98 2922 54 351 228 3022 91
is_linear=0
shrinkage=0.05


Tree=16
num_leaves=31
num_cat=0
split_feature=299 299 299 239 299 246 299 299 299 299 299 72 299 291 299 133 248 285 255 165 212 293 248 189 283 183 251 184 234 299
split_gain=81955.1 23990.3 16088.2 11816.4 7959.33 4356.43 2149.46 1937.25 1775.99 1503.48 1328.29 983.988 941.331 477.217 395.122 364.189 341.711 336.736 326.852 318.676 314.805 313.185 304.586 286.988 270.362 318.757 212.62 211.556 209.263 198.631
threshold=-7.9237256050109854 0.11931908503174783 -16.839019775390621 8.4339637756347674 -3.4104779958724971 -22.044195175170895 -10.961241722106932 3.908313632011414 15.461685657501222 -1.6959022879600523 -5.3508794307708731 -3.2215405702590938 -21.978696823120114 1.6588235497474673 -13.797839164733885 -6.3700973987579337 -2.9694211483001705 11.712193489074709 -11.791468143463133 -5.1385879516601554 -6.8291594982147208 1.2329739332199099 -5.0730881690978995 -1.1088538169860838 -28.695686340332028 -17.243610382080075 -17.429002761840817 0.38710340857505804 -0.43312238156795496 5.9051063060760507
decision_type=2 2 2 2 2 2 2 2 2 2 2 2 2 2 2 2 2 2 2 2 2 2 2 2 2 2 2 2 2 2
left_child=2 4 5 7 10 11 14 13 -5 19 22 24 26 27 -4 -11 -12 -10 -14 -6 -17 -9 -2 -21 25 -1 -7 -3 -22 -23
right_child=1 3 6 8 9 12 -8 21 17 15 16 -13 18 -15 -16 20 -18 -19 -20 23 28 29 -24 -25 -26 -27 -28 -29 -30 -31
leaf_value=-0.80551448398166237 -0.080497200408775893 0.074645201307298112 -0.25724468231201175 0.33426149238660496 -0.052852231180295355 -0.50018103982315576 -0.12737129499327463 0.092450642912355191 0.54794069925944011 -0.13961196994781497 -0.027986182803416644 -1.0295167827606202 -0.35823212997822823 0.12487791366325207 -0.19764402098202227 -0.060389234269818952 -0.0027539247704005008 0.71786019461495543 -0.24170932635455064 0.012243818765821167 0.045895879129357227 0.17900862348830607 -0.046239444568301695 0.033342577494821335 -0.54878313427879699 -0.55655555725097661 -0.40046169190179737 0.10445492537592825 0.066395526523438206 0.23615857199011114
leaf_weight=36 1099 1408 464 103 160 147 1272 73 72 25 3188 20 395 1287 694 62 2317 49 71 5493 3640 381 1584 2281 42 20 84 1031 1892 253
leaf_count=36 1099 1408 464 103 160 147 1272 73 72 25 3188 20 395 1287 694 62 2317 49 71 5493 3640 381 1584 2281 42 20 84 1031 1892 253
internal_value=0.000408736 0.0295574 -0.236715 0.132546 0.00749688 -0.428954 -0.17224 0.114643 0.486856 0.0310116 -0.0314253 -0.709906 -0.381389 0.100245 -0.221525 0.0508003 -0.0173662 0.616751 -0.340479 0.0169969 0.0516513 0.190522 -0.060272 0.0184345 -0.644679 -0.716601 -0.463919 0.0872462 0.052907 0.201815
internal_weight=29643 26398 3245 4657 21741 815 2430 4433 224 13553 8188 118 697 3726 1158 5619 5505 121 466 7934 5594 707 2683 7774 98 56 231 2439 5532 634
internal_count=29643 26398 3245 4657 21741 815 2430 4433 224 13553 8188 118 697 3726 1158 5619 5505 121 466 7934 5594 707 2683 7774 98 56 231 2439 5532 634
is_linear=0
shrinkage=0.05


Tree=17
num_leaves=31
num_cat=0
split_feature=299 299 299 299 299 247 299 67 299 299 299 123 295 279 251 242 250 255 232 212 215 293 284 28 246 249 219 257 160 290
split_gain=73964.4 21651.2 14519.6 10722.6 7183.3 3999.74 1939.88 1746.55 1653.83 1357.08 1202.78 997.081 862.22 471.402 440.74 360.905 346.907 322.638 290.001 283.388 287.265 268.334 229.901 226.419 223.587 219.981 210.269 205.724 202.359 198.88
threshold=-7.9237256050109854 0.11931908503174783 -16.839019775390621 8.6771097183227557 -3.4104779958724971 -22.099617004394528 -10.961241722106932 23.439660072326664 3.908313632011414 -1.7250240445137022 -5.5597078800201407 -8.2015528678894025 -21.784576416015621 11.009477138519289 1.0201579332351687 -9.3433065414428693 -3.6165453195571895 -11.791468143463133 -2.6535457372665401 -6.8291594982147208 -7.0084705352783194 0.88619047403335582 -1.7834173440933225 0.82882639765739452 -4.8080761432647696 -16.163569450378414 -0.95497331023216236 -1.8118082880973814 -4.9736366271972647 -28.179580688476559
decision_type=2 2 2 2 2 2 2 2 2 2 2 2 2 2 2 2 2 2 2 2 2 2 2 2 2 2 2 2 2 2
left_child=2 4 5 8 10 11 15 -5 14 18 24 29 25 23 22 -4 -12 -14 -6 -11 -21 -10 -3 -9 -2 -7 -22 -18 -20 -1
right_child=1 3 6 7 9 12 -8 13 21 19 16 -13 17 -15 -16 -17 27 -19 28 20 26 -23 -24 -25 -26 -27 -28 -29 -30 -31
leaf_value=-0.66274049282073977 -0.075611776368198352 0.048329176407331302 -0.23294625034359445 0.31942169445903362 0.00082172469278781433 -0.46956516288177313 -0.12100274727779366 0.5987392078366196 0.081203402413262266 -0.055841682048944331 -0.032848532360076087 -0.99739118576049801 -0.34001356945762157 0.77923443134014425 0.11836788516929263 -0.17581552355958707 -0.014417719837220025 -0.22354553358895438 -0.048785884241865141 -0.12345977214475473 0.040667889227071152 0.18946145860531841 0.089479584844851801 0.43570832855561203 -0.044598958250281089 -0.35829083124796551 0.06000536913089502 0.01449473597523239 0.023342867834123315 -0.514502443586077
leaf_weight=64 1176 409 702 119 2259 171 1272 57 63 65 2314 20 395 26 1328 456 2757 70 99 24 2947 626 1995 34 1149 60 2688 792 5471 35
leaf_count=64 1176 409 702 119 2259 171 1272 57 63 65 2314 20 395 26 1328 456 2757 70 99 24 2947 626 1995 34 1149 60 2688 792 5471 35
internal_value=0.000388299 0.0280795 -0.224879 0.125919 0.00712204 -0.407506 -0.163628 0.454294 0.108389 0.029461 -0.0298541 -0.675385 -0.361705 0.591473 0.0952495 -0.210449 -0.0177863 -0.322481 0.0159325 0.0479647 0.049157 0.179563 0.0824785 0.537827 -0.0602854 -0.440663 0.0498922 -0.00796557 0.0220609 -0.610333
internal_weight=29643 26398 3245 4657 21741 815 2430 236 4421 13553 8188 119 696 117 3732 1158 5863 465 7829 5724 5659 689 2404 91 2325 231 5635 3549 5570 99
internal_count=29643 26398 3245 4657 21741 815 2430 236 4421 13553 8188 119 696 117 3732 1158 5863 465 7829 5724 5659 689 2404 91 2325 231 5635 3549 5570 99
is_linear=0
shrinkage=0.05


Tree=18
num_leaves=31
num_cat=0
split_feature=299 299 294 239 299 246 299 299 299 299 299 34 293 299 299 291 212 179 285 246 231 245 226 293 283 250 6 181 239 291
split_gain=66817.8 20324.8 11729.8 10668.2 6041.65 2787.33 2289.72 2179.37 1438.35 1142.48 990.529 868.291 516.221 497.264 481.042 467.193 320.932 309.453 280.972 247.396 240.812 235.305 234.397 225.779 221.103 212.362 211.492 192.216 176.876 174.296
threshold=-8.5631971359252912 -0.64803919196128834 -18.620413780212399 8.4339637756347674 -3.9969607591629024 -22.044195175170895 2.6255229711532597 -12.274705886840819 15.461685657501222 -2.4254902601242061 -6.1516177654266349 -8.9960093498229963 5.4048871994018564 -20.508529663085934 1.0189304947853091 -14.754117488861082 -7.4703800678253165 -2.4647058248519893 11.712193489074709 -8.3627843856811506 -1.5615828633308408 -19.11818695068359 -2.5405602455139156 0.96326798200607311 -1.4600195884704588 -5.422513246536254 1.4008496999740603 -1.5954902172088621 -2.0192809104919429 5.4760293960571298
decision_type=2 2 2 2 2 2 2 2 2 2 2 2 2 2 2 2 2 2 2 2 2 2 2 2 2 2 2 2 2 2
left_child=2 4 5 6 10 11 14 15 29 22 25 -1 23 21 24 -4 -11 -12 -10 -9 -18 -7 -6 -8 -3 -2 -13 -17 -19 -5
right_child=1 3 7 8 9 13 12 19 18 16 17 26 -14 -15 -16 27 20 28 -20 -21 -22 -23 -24 -25 -26 -27 -28 -29 -30 -31
leaf_value=-0.91536401112874355 -0.088058701467670725 0.043251992955479768 -0.27080272934246513 0.21084205122555005 -0.0064840814441141457 -0.47165510995047433 0.083808759927749638 -0.16029124754055646 0.49486730363633902 -0.083397038157839901 -0.038351594291370687 -0.6188922579859345 0.20472414523740357 -0.302233362197876 0.096607951178947604 -0.20794348801216805 0.023527416003183747 -0.021632277538464608 0.65008093386280297 -0.11492334898365171 0.042101244714793901 -0.37945779321228934 0.01223663464305417 0.14343497127681584 0.071672553004644299 -0.054324477985969878 -0.43826945395696737 -0.050395781770348549 0.012613821570004258 0.34915662710217465
leaf_weight=24 913 954 426 34 2970 105 200 497 72 59 2641 71 316 160 1646 605 3185 1277 49 760 3860 203 3826 770 2421 954 21 20 535 69
leaf_count=24 913 954 426 34 2970 105 200 497 72 59 2641 71 316 160 1646 605 3185 1277 49 760 3860 203 3826 770 2421 954 21 20 535 69
internal_value=0.000368884 0.0250511 -0.227942 0.101737 0.000281855 -0.428125 0.0896936 -0.177289 0.440825 0.0187111 -0.0402509 -0.647532 0.149222 -0.373742 0.074447 -0.230424 0.0327316 -0.0274338 0.557722 -0.132861 0.0337041 -0.410889 0.00405527 0.131141 0.063639 -0.0708212 -0.577663 -0.202902 -0.011521 0.303499
internal_weight=29643 26751 2892 6531 20220 584 6307 2308 224 13900 6320 116 1286 468 5021 1051 7104 4453 121 1257 7045 308 6796 970 3375 1867 92 625 1812 103
internal_count=29643 26751 2892 6531 20220 584 6307 2308 224 13900 6320 116 1286 468 5021 1051 7104 4453 121 1257 7045 308 6796 970 3375 1867 92 625 1812 103
is_linear=0
shrinkage=0.05


Tree=19
num_leaves=31
num_cat=0
split_feature=299 299 299 299 299 297 299 199 250 299 299 28 246 291 279 251 133 293 246 4 237 212 232 239 165 299 299 28 288 297
split_gain=60310.9 17669.4 11889 8776.09 5875.17 2889.57 2013.63 1467.24 1373.65 1173.81 936.714 855.393 539.498 524.911 376.994 342.931 310.228 308.617 292.757 281.939 265.201 264.123 263.984 259.849 247.516 235.325 224.061 202.707 199.412 193.115
threshold=-7.9237256050109854 0.11931908503174783 -17.802817344665524 8.6771097183227557 -3.1940087080001827 -28.773529052734371 -12.274705886840819 19.482352256774906 3.359437227249146 -4.9692933559417716 -1.6185588240623472 -10.173398971557615 -19.34494590759277 1.6588235497474673 11.009477138519289 -7.7115650177001944 -6.3700973987579337 -14.201225280761717 -3.9303921461105342 2.2525490522384648 -11.737255096435545 -6.8291594982147208 0.76284027099609386 -3.4315950870513912 -5.1385879516601554 4.2527384757995614 2.6255229711532597 0.82882639765739452 -28.132426261901852 -3.3348928689956661
decision_type=2 2 2 2 2 2 2 2 2 2 2 2 2 2 2 2 2 2 2 2 2 2 2 2 2 2 2 2 2 2
left_child=2 4 5 8 9 11 20 -5 13 18 22 -1 -7 29 27 -8 -12 -14 -2 28 -4 -18 24 -11 -6 -10 -15 -9 -13 -3
right_child=1 3 6 7 10 12 15 14 25 23 16 19 17 26 -16 -17 21 -19 -20 -21 -22 -23 -24 -25 -26 -27 -28 -29 -30 -31
leaf_value=-0.89987524123418905 -0.058816309089789978 0.00096554461279479064 -0.24469042590686252 0.28614900233381885 -0.051794685028931677 -0.43127898564414374 -0.14471027057752056 0.54580625380788539 0.13583962084860776 -0.025254115192494243 -0.13108965206146239 -0.65164874267578132 -0.32340936760107675 0.094139611978979229 0.69956314652054408 -0.098334358897102014 -0.057971899724397508 -0.12712876229059131 -0.028504336026254868 -0.38583682491665794 -0.19007758204865999 0.046680704761507347 0.062076224266907801 -0.0027349395680389887 0.016319987548866134 0.19504338880128499 0.13558703076861162 0.39241634505135675 -0.48302298916710751 0.074839187871270071
leaf_weight=21 2120 92 364 118 136 126 722 56 358 1933 25 50 432 803 27 890 61 21 1276 21 571 5181 311 3798 6900 316 549 35 27 2303
leaf_count=21 2120 92 364 118 136 126 722 56 358 1933 25 50 432 803 27 890 61 21 1276 21 571 5181 311 3798 6900 316 549 35 27 2303
internal_value=0.00035044 0.0253555 -0.203066 0.113741 0.00642303 -0.385885 -0.152964 0.41082 0.0978826 -0.0241334 0.0285325 -0.610286 -0.339765 0.0860621 0.535491 -0.119106 0.0446249 -0.31431 -0.047427 -0.548231 -0.211339 0.0454629 0.016996 -0.0103304 0.0150034 0.163597 0.11097 0.48681 -0.59252 0.0720015
internal_weight=29643 26398 3245 4657 21741 698 2547 236 4421 9127 12614 119 579 3747 118 1612 5267 453 3396 98 935 5242 7347 5731 7036 674 1352 91 77 2395
internal_count=29643 26398 3245 4657 21741 698 2547 236 4421 9127 12614 119 579 3747 118 1612 5267 453 3396 98 935 5242 7347 5731 7036 674 1352 91 77 2395
is_linear=0
shrinkage=0.05


Tree=20
num_leaves=31
num_cat=0
split_feature=299 299 296 299 299 299 299 258 246 29 299 299 245 293 296 211 273 245 292 239 133 283 245 299 153 39 6 160 212 252
split_gain=54942.4 17758.8 9059.33 8127.7 5403.15 2641.41 2021.95 1470.39 1279.43 1277.46 1088.93 828.411 603.891 412.733 393.19 333.695 327.308 312.691 306.165 293.746 259.561 232.914 206.497 202.063 200.303 202.857 189.209 188.142 186.52 176.728
threshold=-9.9355068206787092 -1.2552287578582761 8.8343286514282244 -21.978696823120114 -4.4771330356597892 1.6813321113586428 -15.974465847015379 15.755115985870363 -22.044195175170895 -10.960882186889647 -6.6637256145477286 -2.376666665077209 2.8730952739715581 0.11284317448735239 -10.151413917541502 -3.7009254693984981 -3.3893836736679073 -3.2438569068908687 12.385365009307863 -0.16225757449865338 -6.1514844894409171 2.9674764871597294 -6.0675315856933585 5.9051063060760507 -4.3645098209381095 0.5272766947746278 1.8229550123214724 -6.276078224182128 -6.9748041629791251 6.0318167209625253
decision_type=2 2 2 2 2 2 2 2 2 2 2 2 2 2 2 2 2 2 2 2 2 2 2 2 2 2 2 2 2 2
left_child=3 4 5 8 10 13 15 29 9 -1 17 16 21 20 22 -5 24 -2 -9 -12 -3 -7 -8 -14 25 -6 -11 -13 -22 -4
right_child=1 2 7 6 11 12 14 18 -10 26 19 27 23 -15 -16 -17 -18 -19 -20 -21 28 -23 -24 -25 -26 -27 -28 -29 -30 -31
leaf_value=-0.92674921209161942 -0.086917080437959135 -0.12999125435238792 0.18733175091627169 -0.27527792020369385 -0.025772954652949927 0.087077727824032503 -0.18064172811025958 0.39196024576822919 -0.38215744681980302 -0.54028571700475303 -0.035263021893464808 -0.072185030331214275 0.141991148630778 0.072172214611997743 -0.11327883286037664 -0.067610222399234782 0.0092669676649502035 -0.024504515162685463 0.58025314529220784 0.046644248641961449 -0.053840502189553309 0.12899948527512042 -0.092318204800847556 0.20325771172841392 -0.0059450507942420336 -0.11116782049367946 -0.36896661818027499 0.027291987727387775 0.047429936569590006 0.316132170275638
leaf_weight=22 1675 21 41 590 429 929 974 30 230 83 3497 48 450 2233 348 20 4703 228 77 113 46 515 71 192 3216 83 20 4868 3926 76
leaf_count=22 1675 21 41 590 429 929 974 30 230 83 3497 48 450 2233 348 20 4703 228 77 113 46 515 71 192 3216 83 20 4868 3926 76
internal_value=-4.29881e-05 0.0198903 0.0797283 -0.231635 -0.0071922 0.0712723 -0.192555 0.393504 -0.452134 -0.580892 -0.0488331 0.0100077 0.119967 0.0549573 -0.159311 -0.268469 0.000495758 -0.0794394 0.527461 -0.0326992 0.0453302 0.102029 -0.174641 0.160314 -0.0105694 -0.0396163 -0.50702 0.0263207 0.0462571 0.270997
internal_weight=29754 27396 8536 2358 18860 8312 2003 224 355 125 5513 13347 2086 6226 1393 610 8431 1903 107 3610 3993 1444 1045 642 3728 512 103 4916 3972 117
internal_count=29754 27396 8536 2358 18860 8312 2003 224 355 125 5513 13347 2086 6226 1393 610 8431 1903 107 3610 3993 1444 1045 642 3728 512 103 4916 3972 117
is_linear=0
shrinkage=0.05


Tree=21
num_leaves=31
num_cat=0
split_feature=299 299 297 299 299 299 299 199 299 299 299 29 288 293 243 289 211 279 184 255 295 57 160 251 6 299 293 173 296 77
split_gain=49585.6 16037.1 8011.19 7367.2 5231.83 2098.98 1686.64 1319.21 1306.3 984.798 927.164 842.538 540.787 379.123 337.555 313.126 307.195 296.702 270.926 258.807 221.659 212.381 199.909 195.623 194.739 194.251 194.163 189.765 180.409 176.523
threshold=-9.9355068206787092 -1.0316250324249265 8.8700981140136737 -20.508529663085934 -4.4771330356597892 2.6255229711532597 -28.381755828857418 19.482352256774906 -14.407794475555418 -6.7961513996124259 -2.376666665077209 -10.960882186889647 -0.15727123618125913 -10.726372241973875 3.820122599601746 -2.0243921279907222 -3.3852940797805782 11.009477138519289 -13.408551216125487 -4.1017258167266837 -10.566214561462401 -3.2238130569458003 -6.276078224182128 -1.0423793792724607 1.4008496999740603 1.1209803223609927 -3.3239215612411495 8.9848313331604022 1.3666677474975588 3.2381222248077397
decision_type=2 2 2 2 2 2 2 2 2 2 2 2 2 2 2 2 2 2 2 2 2 2 2 2 2 2 2 2 2 2
left_child=3 4 5 6 9 12 11 27 13 19 16 -1 23 -5 28 -11 21 -9 -8 -2 -10 -6 -12 29 -13 -14 -18 -4 -7 -3
right_child=1 2 7 8 10 14 18 17 20 15 22 24 25 -15 -16 -17 26 -19 -20 -21 -22 -23 -24 -25 -26 -27 -28 -29 -30 -31
leaf_value=-0.81286425781250005 -0.08521485376524815 0.035262082732519011 0.20723975812885126 -0.2368399635643697 -0.066419137709884238 0.067329124946378716 -0.38313784438572573 0.45369516372680663 -0.15875333170250097 -0.035943399150031627 -0.071055641827675015 -0.53204858970474189 0.064826169332873398 -0.049067190715244846 0.16870220915226175 0.018853627404624082 -0.0057146534029770338 0.64811982374924881 -0.29602280302420675 -0.032693784689302924 -0.11298838904247949 -0.010665105186342224 0.027427932698227148 0.057559304726546238 -0.37634240144065451 0.091357749154634571 0.01285440387906414 0.33440167236328128 0.12360377427808869 -0.075190566681526808
leaf_weight=25 1501 1619 71 673 186 177 178 80 774 3452 52 71 1942 28 381 282 2180 26 179 278 402 2091 5680 1538 28 1070 3974 50 729 37
leaf_count=25 1501 1619 71 673 186 177 178 80 774 3452 52 71 1942 28 381 282 2180 26 179 278 402 2091 5680 1538 28 1070 3974 50 729 37
internal_value=-4.08387e-05 0.0188958 0.0799688 -0.220053 -0.00506656 0.0711035 -0.394639 0.372603 -0.175314 -0.0463915 0.0110193 -0.553505 0.0590523 -0.22934 0.129215 -0.031805 0.000470972 0.501384 -0.339458 -0.0770075 -0.143109 -0.0152195 0.0265345 0.0447193 -0.48801 0.0742514 0.00627648 0.259786 0.11261 0.0327942
internal_weight=29754 27396 7720 2358 19676 7493 481 227 1877 5513 14163 124 6206 701 1287 3734 8431 106 357 1779 1176 2277 5732 3194 99 3012 6154 121 906 1656
internal_count=29754 27396 7720 2358 19676 7493 481 227 1877 5513 14163 124 6206 701 1287 3734 8431 106 357 1779 1176 2277 5732 3194 99 3012 6154 121 906 1656
is_linear=0
shrinkage=0.05


Tree=22
num_leaves=31
num_cat=0
split_feature=299 299 297 291 299 299 248 29 187 246 299 292 250 4 231 292 133 241 35 299 275 289 291 284 296 184 295 184 220 256
split_gain=44751 14505.8 7562.12 6699.2 4172.63 2344.55 1602.25 1350.11 1239.28 1199.16 883.304 583.204 566.11 377.122 374.857 318.117 283.644 272.249 283.844 272 252.345 251.461 237.322 225.336 181.383 170.623 170.282 170.226 167.249 164.036
threshold=-9.9355068206787092 -1.4338732957839964 8.8700981140136737 -19.971862792968746 -5.1499018669128409 1.4862990379333498 -22.166470527648922 -10.960882186889647 25.318379402160648 -12.029181003570555 -3.27435290813446 -5.5061204433441153 3.359437227249146 2.7454994916915898 -0.61588236689567555 -12.477828025817869 -6.1514844894409171 -1.3000980019569395 -5.2650980949401847 -7.5461113452911368 8.1982936859130877 -1.9699587225913999 -16.191439628601071 -1.2891169786453245 -24.499919891357418 -5.151176691055297 0.32719853520393377 -1.8142778873443601 -4.4037253856658927 8.0136275291442889
decision_type=2 2 2 2 2 2 2 2 2 2 2 2 2 2 2 2 2 2 2 2 2 2 2 2 2 2 2 2 2 2
left_child=3 4 5 6 11 14 7 -1 29 22 21 19 23 24 16 25 -3 18 -12 -2 -10 28 -5 -7 -8 -11 -16 -20 -6 -4
right_child=1 2 8 9 10 12 13 -9 20 15 17 -13 -14 -15 26 -17 -18 -19 27 -21 -22 -23 -24 -25 -26 -27 -28 -29 -30 -31
leaf_value=-0.90956008911132824 -0.088219222007506357 -0.14028968707374906 0.18738019307454429 -0.25960684481534091 -0.033258884933327841 0.04263183808029998 -0.40461459541320804 -0.45916276411576712 0.3935683043106743 -0.18716404419146615 -0.078900426361295919 -0.028983122653280124 0.14700880961202498 -0.22752413928508758 0.048840192809019189 -0.12058618968608333 0.035916172677605898 0.028869465334664741 0.0019524517349873037 -0.054376697450698841 0.55038445571373251 0.013491594210574474 -0.19584784124441854 0.097338016460130419 -0.32071074833527458 -0.11284734195040674 0.07148586564473601 0.019027640894636457 -0.01023406079697688 0.30289745028056797
leaf_weight=20 996 23 60 275 997 215 100 99 46 379 90 1560 597 80 1975 816 3259 2508 2890 1470 58 921 311 1512 181 97 1432 2949 3775 63
leaf_count=20 996 23 60 275 997 215 100 99 46 379 90 1560 597 80 1975 816 3259 2508 2890 1470 58 921 311 1512 181 97 1432 2949 3775 63
internal_value=-3.87968e-05 0.017951 0.0689511 -0.20905 -0.00800408 0.0617726 -0.375751 -0.53486 0.353973 -0.166443 0.00479064 -0.0529095 0.105037 -0.323302 0.0467411 -0.139535 0.0346813 0.0150597 0.00921809 -0.0680455 0.481023 -0.0104281 -0.225769 0.0905275 -0.35057 -0.17202 0.0583584 0.0105763 -0.0150446 0.246548
internal_weight=29754 27396 9240 2358 18156 9013 480 119 227 1878 14130 4026 2324 361 6689 1292 3282 8437 5929 2466 104 5693 586 1727 281 476 3407 5839 4772 123
internal_count=29754 27396 9240 2358 18156 9013 480 119 227 1878 14130 4026 2324 361 6689 1292 3282 8437 5929 2466 104 5693 586 1727 281 476 3407 5839 4772 123
is_linear=0
shrinkage=0.05


Tree=23
num_leaves=31
num_cat=0
split_feature=299 299 299 291 299 299 247 29 187 253 299 299 241 238 291 241 289 185 279 241 247 35 249 284 212 292 62 77 146 257
split_gain=40387.7 13106.7 6415.07 6046.03 4460.32 1621.22 1456.15 1236.74 1103.9 1074.88 930.98 751.1 454.776 328.72 313.429 269.823 259.468 247.755 238.774 231.75 224.644 241.513 189.085 178.3 172.852 171.819 171.346 170.831 159.95 155.612
threshold=-9.9355068206787092 -0.89036321640014637 8.6771097183227557 -19.971862792968746 -4.2598037719726554 2.6255229711532597 -22.099617004394528 -10.960882186889647 25.318379402160648 -11.825204849243162 -6.6637256145477286 -2.376666665077209 0.26470588147640234 3.1916722059249882 -16.191439628601071 -0.94176477193832386 -3.982993364334106 -6.5563378334045401 11.009477138519289 -8.9258809089660627 -2.3309313058853145 -5.0618038177490225 -1.8425588011741636 -1.6887255311012266 -7.4703800678253165 -5.1053090095520011 -2.0678316354751582 2.8637254238128667 -1.3034224510192869 3.4985835552215581
decision_type=2 2 2 2 2 2 2 2 2 2 2 2 2 2 2 2 2 2 2 2 2 2 2 2 2 2 2 2 2 2
left_child=3 4 5 6 10 12 7 -1 -4 14 16 20 23 -7 -5 25 -2 -8 -10 -11 21 -6 24 27 -13 -12 -26 -3 -29 -24
right_child=1 2 8 9 11 13 17 -9 18 19 15 22 -14 -15 -16 -17 -18 -19 -20 -21 -22 -23 29 -25 26 -27 -28 28 -30 -31
leaf_value=-0.86408210754394532 -0.074417230919540001 0.031404000045241492 0.23483773223624743 -0.24714354420035975 -0.078892417436619428 0.096895168580029861 -0.32219893947976536 -0.43508508591424855 0.41323146331004612 -0.15307500615824748 -0.041531451877961728 -0.1022824312410047 0.072677668384789992 0.14874556929410579 -0.17897656504947348 0.022674563359186956 -0.011484696983632463 -0.2021217474937439 0.58819456834059503 -0.10874258394712191 0.011963503763338743 -0.0035957338320456948 0.031858080702692179 0.051394837099911585 -0.011476176229659386 -0.020410594985647144 0.022019252768171901 -0.13910095075081136 0.04469943314790726 0.17173650622367861
leaf_weight=20 1722 1064 121 291 109 789 305 105 78 548 1697 31 2212 499 401 264 181 50 26 638 3111 4634 3399 2411 458 2226 2295 29 20 20
leaf_count=20 1722 1064 121 291 109 789 305 105 78 548 1697 31 2212 499 401 264 181 50 26 638 3111 4634 3399 2411 458 2226 2295 29 20 20
internal_value=-3.68569e-05 0.0170535 0.0747089 -0.198598 -0.00369126 0.0662905 -0.356963 -0.503725 0.337513 -0.158121 -0.0394338 0.0117937 0.0549076 0.116983 -0.207642 -0.0262543 -0.0684315 -0.305287 0.456972 -0.129227 0.00152235 -0.00532614 0.0247989 0.0437534 0.0151248 -0.029547 0.0164468 0.0272003 -0.0640804 0.0326763
internal_weight=29754 27396 7249 2358 20147 7024 480 125 225 1878 6090 14057 5736 1288 692 4187 1903 355 104 1186 7854 4743 6203 3524 2784 3923 2753 1113 49 3419
internal_count=29754 27396 7249 2358 20147 7024 480 125 225 1878 6090 14057 5736 1288 692 4187 1903 355 104 1186 7854 4743 6203 3524 2784 3923 2753 1113 49 3419
is_linear=0
shrinkage=0.05


Tree=24
num_leaves=31
num_cat=0
split_feature=296 295 291 173 239 237 247 29 291 292 293 295 183 35 234 255 237 4 237 293 291 290 186 235 7 114 273 257 265 25
split_gain=36321.8 11174.6 6088.08 5325.57 4024.54 1412.35 1314.18 1116.16 1096.16 1080.56 1032.88 825.88 545.371 401.827 324.48 317.637 303.05 271.093 250.421 246.866 241.559 226.429 205.438 190.613 184.719 182.269 168.47 148.918 144.702 134.965
threshold=-9.2340917587280256 0.20446078479290011 -19.971862792968746 8.9848313331604022 -3.2741569280624385 -10.252678871154783 -22.099617004394528 -10.960882186889647 2.5648039579391484 -5.5061204433441153 -1.2835457324981687 13.167610168457033 -2.0060205459594722 -5.0618038177490225 0.13280753791332248 -6.125882387161254 4.5664303302764901 2.7454994916915898 -5.9275324344635001 -3.2774509191513057 -16.191439628601071 -4.0511324405670157 -1.3530251979827879 1.1251177191734316 5.1913673877716073 3.8066666126251225 10.501291275024416 -11.969118118286131 -2.0291175842285152 -3.9486153125762935
decision_type=2 2 2 2 2 2 2 2 2 2 2 2 2 2 2 2 2 2 2 2 2 2 2 2 2 2 2 2 2 2
left_child=2 4 6 8 9 20 7 -1 14 18 12 -5 13 28 -3 27 -10 -8 -2 -15 -4 -11 -12 -14 -13 -23 -26 -7 -6 -17
right_child=1 3 5 11 10 15 17 -9 16 21 22 24 23 19 -16 29 -18 -19 -20 -21 -22 25 -24 -25 26 -27 -28 -29 -30 -31
leaf_value=-0.8208780670166016 -0.07774300229798034 0.041875871851299352 -0.22592996713071589 0.23592803646819763 0.0018303157692706143 -0.17247773826631727 -0.31396867259518135 -0.41333093552362349 0.10102574830492511 -0.027793535842517311 0.021853719822111282 0.35823146729242233 0.016980200453947946 -0.011966416522706908 0.074257987088140839 0.018619557981397594 0.15991295708550349 -0.21029824919816928 -0.04464318837827122 0.0095282478582129019 -0.17112182035140722 -0.0026695053053712053 0.045661754670770015 0.063758772031395836 0.42413980211530417 -0.14121123204628627 0.5940826873779298 -0.11259974955963546 -0.092464974888346416 -0.074647522552145851
leaf_weight=20 911 1448 313 99 54 117 273 105 1145 1866 1363 42 5980 2425 1661 51 270 82 1533 2974 562 2197 2703 226 35 24 25 923 165 162
leaf_count=20 911 1448 313 99 54 117 273 105 1145 1866 1363 42 5980 2425 1661 51 270 82 1533 2974 562 2197 2703 226 35 24 25 923 165 162
internal_value=-3.50141e-05 0.0170881 -0.178265 0.0869692 0.00236133 -0.141983 -0.339115 -0.478538 0.0757802 -0.0306812 0.0159422 0.338804 0.00846682 -0.00281941 0.0591762 -0.107943 0.112262 -0.290022 -0.0569811 -0.000126237 -0.190727 -0.0149539 0.0376809 0.0186837 0.438654 -0.00416658 0.494949 -0.119336 -0.0692141 -0.052316
internal_weight=29754 27146 2608 4725 22421 2128 480 125 4524 6531 15890 201 11824 5618 3109 1253 1415 355 2444 5399 875 4087 4066 6206 102 2221 60 1040 219 213
internal_count=29754 27146 2608 4725 22421 2128 480 125 4524 6531 15890 201 11824 5618 3109 1253 1415 355 2444 5399 875 4087 4066 6206 102 2221 60 1040 219 213
is_linear=0
shrinkage=0.05


Tree=25
num_leaves=31
num_cat=0
split_feature=299 299 299 293 299 291 299 299 251 299 185 95 129 299 238 247 79 288 291 241 299 264 299 232 250 287 292 298 289 219
split_gain=33048.3 10264.4 5943.07 4282.16 3932.71 1560.42 1097.68 902.949 848.382 713.772 434.968 653.336 359.103 349.08 311.101 262.103 258.814 226.698 223.497 204.684 185.084 184.683 184.39 180.613 169.734 164.291 160.792 157.264 155.148 153.006
threshold=-8.5631971359252912 0.43019606173038488 -17.802817344665524 12.384003162384035 -3.4354902505874629 -28.467032432556149 5.2246437072753915 -12.274705886840819 -4.6248018741607657 -1.4338732957839964 -17.520294189453121 -13.656627655029295 28.832218170166019 -24.384284973144528 1.7615169286727907 -1.975767135620117 6.4804635047912607 -2.4664728641510005 -4.9958918094635001 -9.2362093925476056 -4.9692933559417716 -4.0890982151031485 -7.3997714519500724 1.8436754345893862 -12.945232868194578 2.6333713531494145 2.6422924995422368 -1.5438888669013975 -1.9415085315704343 -20.952591896057125
decision_type=2 2 2 2 2 2 2 2 2 2 2 2 2 2 2 2 2 2 2 2 2 2 2 2 2 2 2 2 2 2
left_child=2 4 5 6 8 10 14 19 22 15 11 -1 -5 -7 21 27 25 20 -9 -4 -10 -3 -2 -17 -15 -8 -19 28 -6 -12
right_child=1 3 7 12 9 13 16 18 17 -11 29 -13 -14 24 -16 23 -18 26 -20 -21 -22 -23 -24 -25 -26 -27 -28 -29 -30 -31
leaf_value=-0.752959209939708 -0.073189567161215316 -0.0020211637225172937 -0.17017329188815333 0.25870964236375765 0.002722482483723118 -0.3263550939638753 0.044237964649995173 -0.096296683709930497 -0.030796353617677175 0.035278866669794316 -0.30103948683965776 -0.40791693294749543 0.43957666603915668 -0.24572035163333739 0.09364595283749956 0.020167261464558793 0.22475931572191643 0.005161167607678996 -0.0024920453220161043 -0.11666990104785635 -0.0097825833648096244 0.06460042869007708 -0.039675553236552266 0.086661838690439863 -0.16984762031953415 0.14609923808860922 0.14476770673479353 -0.017489585134145173 0.023594282979202935 -0.45929768880208333
leaf_weight=23 509 109 684 41 3426 121 45 1215 1585 5158 42 34 83 388 1105 3725 99 1155 67 242 3092 2279 2119 105 91 329 21 687 1203 24
leaf_count=23 509 109 684 41 3426 121 45 1215 1585 5158 42 34 83 388 1105 3725 99 1155 67 242 3092 2279 2119 105 91 329 21 687 1203 24
internal_value=0.000115637 0.0175027 -0.15931 0.090436 0.00441089 -0.283733 0.0813897 -0.118569 -0.0225663 0.020406 -0.445968 -0.547145 0.379774 -0.250474 0.0717099 0.0120182 0.152872 -0.0119697 -0.0913943 -0.156191 -0.016904 0.0615595 -0.0461667 0.0219902 -0.231306 0.133843 0.00765414 0.00483367 0.00814672 -0.358588
internal_weight=29806 26875 2931 4090 22785 723 3966 2208 8481 14304 123 57 124 600 3493 9146 473 5853 1282 926 4677 2388 2628 3830 479 374 1176 5316 4629 66
internal_count=29806 26875 2931 4090 22785 723 3966 2208 8481 14304 123 57 124 600 3493 9146 473 5853 1282 926 4677 2388 2628 3830 479 374 1176 5316 4629 66
is_linear=0
shrinkage=0.05


Tree=26
num_leaves=31
num_cat=0
split_feature=299 299 235 237 299 299 299 299 234 241 184 9 238 35 184 284 32 299 251 256 291 292 3 190 235 299 295 114 13 296
split_gain=29826.1 9263.64 5384.9 3860.74 3550.78 1191.6 1081.42 994.217 810.193 637.628 462.524 510.618 289.059 274.08 267.813 257.541 250.684 243.391 239.206 235.195 226.953 213.756 210.781 191.575 187.863 182.059 168.479 165.104 158.245 157.632
threshold=-8.5631971359252912 0.43019606173038488 -14.524870872497557 15.64067602157593 -3.4104779958724971 -28.381755828857418 -13.210916996002195 5.2246437072753915 -4.2044541835784903 -1.2243136763572691 -17.118519783020016 -0.40439912676811213 1.7615169286727907 -4.8740346431732169 -1.512705862522125 12.41129779815674 -3.7045097351074214 -24.384284973144528 -6.2805881500244132 -11.497843742370604 -2.6847404241561885 -11.556328296661375 2.8480688333511357 -1.0097998380661009 0.71552279591560375 -7.3997714519500724 -3.7455881834030147 3.8066666126251225 -3.6361438035964961 -2.3175529241561885
decision_type=2 2 2 2 2 2 2 2 2 2 2 2 2 2 2 2 2 2 2 2 2 2 2 2 2 2 2 2 2 2
left_child=2 4 5 7 8 10 19 12 25 13 11 -1 29 16 27 -5 -6 -7 -8 -4 -10 -21 -17 28 -9 -2 -20 -15 -11 -3
right_child=1 3 6 15 9 17 18 24 20 23 -12 -13 -14 14 -16 22 -18 -19 26 21 -22 -23 -24 -25 -26 -27 -28 -29 -30 -31
leaf_value=-0.40952920317649844 -0.069707715579183094 0.013757302913978531 -0.18341068049996465 0.30499361310686385 0.044583129969292451 -0.31365558995609794 -0.10317711563700632 0.033797732080732078 -0.016016487242302351 -0.11421815781366258 -0.32655487060546878 -0.70801735079806782 0.089391302545542325 0.0055401747459640355 0.022840098168638499 0.36084280720463507 -0.079278292119601704 -0.22970756989359203 -0.064983129798516934 -0.15299022710911361 0.0072057706519022616 -0.05727814662305615 0.56933528293262836 0.041149912089324857 0.15414631877626694 -0.037094273754708168 0.084214473143219948 -0.11212129751841227 0.023621646567056231 0.06217136792813243
leaf_weight=38 527 182 521 70 56 113 1137 35 4418 21 60 23 1107 4823 3580 27 151 366 351 223 1381 79 22 3067 441 2276 20 30 2455 2206
leaf_count=38 527 182 521 70 56 113 1137 35 4418 21 60 23 1107 4823 3580 27 151 366 351 223 1381 79 22 3067 441 2276 20 30 2455 2206
internal_value=0.000109855 0.0166276 -0.151345 0.0859142 0.00419034 -0.284926 -0.116961 0.0775048 -0.0211546 0.0195621 -0.425122 -0.522074 0.0682718 0.0110706 0.0124658 0.366535 -0.0457699 -0.249512 -0.0918018 -0.16306 -0.0104862 -0.127953 0.454452 0.032798 0.145297 -0.043226 -0.0569401 0.00481282 0.0224526 0.0584815
internal_weight=29806 26875 2931 4090 22785 600 2331 3971 8602 14183 121 61 3495 8640 8433 119 207 479 1508 823 5799 302 49 5543 476 2803 371 4853 2476 2388
internal_count=29806 26875 2931 4090 22785 600 2331 3971 8602 14183 121 61 3495 8640 8433 119 207 479 1508 823 5799 302 49 5543 476 2803 371 4853 2476 2388
is_linear=0
shrinkage=0.05


Tree=27
num_leaves=31
num_cat=0
split_feature=299 299 294 204 299 296 297 296 294 241 183 24 284 4 220 35 299 293 183 178 299 258 102 179 299 284 288 8 247 219
split_gain=26922.9 8707.41 4246.27 4188.08 2733.13 1163.94 1148.35 680.526 638.328 619.891 503.266 441.965 332.032 261.69 244.769 244.514 243.65 235.244 227.319 225.286 217.57 198.941 194.977 183.94 176.657 167.628 158.695 138.943 136.898 135.543
threshold=-9.3252892494201642 -0.89036321640014637 -18.620413780212399 8.4017152786254901 -4.2218136787414542 2.9208333492279057 -28.773529052734371 -14.244803905487059 12.815239906311037 -5.3554115295410147 -2.0060205459594722 -5.8465588092803946 0.6227015256881715 2.2525490522384648 -4.5070495605468741 9.0591363906860369 -20.508529663085934 -9.8007268905639631 -2.8297712802886958 -2.1596628427505489 5.2246437072753915 2.848706960678101 -0.17405226826667783 4.4994347095489511 -2.6960129737853999 9.4706697463989276 -1.7809803485870359 4.7021567821502694 -5.6267995834350577 -4.6581668853759757
decision_type=2 2 2 2 2 2 2 2 2 2 2 2 2 2 2 2 2 2 2 2 2 2 2 2 2 2 2 2 2 2
left_child=2 4 6 5 9 12 11 29 -5 -2 14 -1 18 -13 22 25 -8 -9 28 -11 -7 24 -6 -20 -12 -10 -21 -27 -3 -4
right_child=1 3 7 8 10 20 16 17 15 19 21 13 -14 -15 -16 -17 -18 -19 23 26 -22 -23 -24 -25 -26 27 -28 -29 -30 -31
leaf_value=-0.62296766281127935 -0.056780386153346546 -0.12152454455693562 -0.16969556742651434 0.18706051887722192 -0.015494813329316126 0.085548708737226559 -0.2612610052831425 -0.11482465765398482 0.30526348795209612 -0.028616570751269523 0.0070387928404969857 -0.41186244584816073 0.060469945671047715 -0.22537604609131812 0.0030581102646502992 0.20960417208464249 -0.18623661907172642 -0.071344198787466007 0.03910477277375711 -0.011934232285532816 0.1320339652392106 0.11082238601199512 -0.082298653944440567 0.13136752215298739 0.023328775964808049 0.36905910491943361 0.03253977897797259 0.52392755746841435 0.0091275732972686506 -0.03718121606856585
leaf_weight=20 1635 21 549 109 611 903 322 920 35 2951 2505 76 2227 25 5694 23 163 470 3035 1196 349 58 133 55 4959 30 241 28 443 20
leaf_count=20 1635 21 549 109 611 903 322 920 35 2951 2505 76 2227 25 5694 23 163 470 3035 1196 349 58 133 55 4959 30 241 28 443 20
internal_value=0.000104362 0.0146862 -0.154758 0.0615918 -0.00235038 0.0547983 -0.270426 -0.118978 0.27394 -0.0305022 0.00979564 -0.408226 0.0453323 -0.365702 -0.00046601 0.355576 -0.236047 -0.100123 0.0358468 -0.0207107 0.0985067 0.0185785 -0.0274369 0.040747 0.0178617 0.391677 -0.00447547 0.443823 0.00321444 -0.165038
internal_weight=29806 27241 2565 7258 19983 7033 606 1959 225 6023 13960 121 5781 101 6438 116 485 1390 3554 4388 1252 7522 744 3090 7464 93 1437 58 464 569
internal_count=29806 27241 2565 7258 19983 7033 606 1959 225 6023 13960 121 5781 101 6438 116 485 1390 3554 4388 1252 7522 744 3090 7464 93 1437 58 464 569
is_linear=0
shrinkage=0.05


Tree=28
num_leaves=31
num_cat=0
split_feature=299 299 299 294 299 298 296 237 232 246 183 79 213 170 256 244 74 35 32 296 232 289 170 284 248 280 28 114 299 282
split_gain=24385.3 7249.29 5307.47 3213.13 2401.33 1539.71 819.737 590.234 494.379 488.063 450.901 584.723 281.141 260.081 226.167 222.025 221.49 200.962 226.666 197.186 194.774 189.014 185.757 177.919 177.298 142.623 139.221 137.034 129.983 127.433
threshold=-7.5461113452911368 0.43019606173038488 -15.974465847015379 12.815239906311037 -3.1940087080001827 -24.718790054321286 4.1771566867828378 -7.5148260593414298 -3.4300001859664913 -1.5412967801094053 -17.243610382080075 -5.7006125450134268 -4.4146814346313468 8.8737535476684588 1.2589580416679385 -2.5844941139221187 22.004510879516605 -4.8740346431732169 -3.5147666931152339 -10.151413917541502 0.82115688920021068 -1.9699587225913999 -1.1323351860046384 -1.7193464040756223 -4.7489314079284659 11.292820453643801 1.5534218549728396 4.6221413612365732 -20.508529663085934 -28.842115402221676
decision_type=2 2 2 2 2 2 2 2 2 2 2 2 2 2 2 2 2 2 2 2 2 2 2 2 2 2 2 2 2 2
left_child=2 4 5 6 8 10 14 19 24 17 11 29 28 -8 23 -9 -5 18 -6 -4 -11 -10 27 -3 -2 26 -18 -19 -7 -1
right_child=1 3 7 16 9 12 13 15 21 20 -12 -13 -14 -15 -16 -17 25 22 -20 -21 -22 -23 -24 -25 -26 -27 -28 -29 -30 -31
leaf_value=-0.41544057485219599 -0.04084096468028392 0.016518306935988908 -0.12155924138544463 0.22766782972547742 0.038314962585767109 -0.22332413856563652 0.10495123997009058 -0.067286043108034765 -0.0088246656244181879 0.025711876688873758 -0.28244008516010488 -0.66253987073898324 -0.0026910780370235443 0.19274922211964926 0.077794035241521647 0.011526001406084632 0.3937810836653961 0.0058585514147896402 -0.080223939961534207 -0.079016689211130142 0.050556772003518408 0.015717705879398372 0.021551628228724678 0.055734302793031321 -0.019346251492192306 0.47889552116394046 0.23792211465213611 -0.11154017233848573 -0.17761829625974357 -0.27545520683814745
leaf_weight=37 1542 345 937 36 60 233 695 1135 3901 4879 152 20 20 96 1044 97 38 4333 123 384 941 982 2879 1789 2539 24 23 25 468 29
leaf_count=37 1542 345 937 36 60 233 695 1135 3901 4879 152 20 20 96 1044 97 38 4333 123 384 941 982 2879 1789 2539 24 23 25 468 29
internal_value=9.9144e-05 0.0166276 -0.123647 0.0777983 0.00535985 -0.223936 0.0700603 -0.0859753 -0.0146237 0.0188895 -0.334207 -0.425701 -0.187536 0.115607 0.0587239 -0.0610809 0.331615 0.0103875 -0.0413587 -0.109193 0.0297289 -0.00388905 0.011696 0.0493943 -0.027468 0.37564 0.335015 0.00518508 -0.19281 -0.353932
internal_weight=29806 26294 3512 4090 22204 959 3969 2553 8964 13240 238 86 721 791 3178 1232 121 7420 183 1321 5820 4883 7237 2134 4081 85 61 4358 701 66
internal_count=29806 26294 3512 4090 22204 959 3969 2553 8964 13240 238 86 721 791 3178 1232 121 7420 183 1321 5820 4883 7237 2134 4081 85 61 4358 701 66
is_linear=0
shrinkage=0.05


Tree=29
num_leaves=31
num_cat=0
split_feature=299 299 296 294 299 298 250 241 292 189 9 246 178 299 284 114 4 244 280 242 35 77 182 221 232 165 171 184 299 109
split_gain=22021.2 6480.46 4962.29 2899.85 2115.4 1363.75 774.339 642.414 557.407 342.754 545.755 320.812 238.844 224.194 222.916 217.655 216.669 214.118 157.509 152.252 149.77 162.052 145.074 143.398 140.777 137.425 130.521 123.785 122.476 121.7
threshold=-7.3997714519500724 0.43019606173038488 -15.738714218139647 12.815239906311037 -2.7195686101913448 -24.718790054321286 3.359437227249146 -8.9258809089660627 -5.2356662750244132 -17.632146835327145 1.8790523409843447 -1.4442800283432005 -2.0735049247741695 5.9051063060760507 -0.72266939282417286 4.6221413612365732 2.1101632118225102 -2.6494393348693843 -28.562280654907223 -12.495476722717283 -4.8740346431732169 0.35847057402133947 -3.9278792142868038 -10.257320404052733 1.6447188258171084 -5.8566029071807852 -0.29835292696952814 -1.512705862522125 2.4350498914718632 -4.0407168865203849
decision_type=2 2 2 2 2 2 2 2 2 2 2 2 2 2 2 2 2 2 2 2 2 2 2 2 2 2 2 2 2 2
left_child=2 4 5 6 8 9 14 -4 22 10 18 15 25 -8 -3 20 -5 -9 -1 -7 21 -6 -2 -24 -14 -10 -13 -22 -16 -11
right_child=1 3 7 16 11 19 13 17 12 29 -12 26 24 -15 28 -17 -18 -19 -20 -21 27 -23 23 -25 -26 -27 -28 -29 -30 -31
leaf_value=-0.3969580800909745 -0.045146456401964151 0.030760739406063678 -0.11496330202283711 0.2034518089145422 0.023131175587574642 -0.19364451782505504 0.090987258632817591 -0.067801079312423337 -0.054432558068397668 -0.28776508846282961 -0.61669601031712129 0.023230455044050791 0.0039240994584154353 0.1467593432315247 0.054900513924048336 -0.1149795626149033 0.35515384151694485 0.002741411133952763 -0.24882288119372201 -0.14202134920724074 0.0080171013979208668 -0.076783937343987085 0.080705520685981302 -0.023115900240906883 0.075473204936300012 -0.0098606481037680337 0.039494595759974299 0.02266126152094779 0.078515355350918761 -0.15492477059364318
leaf_weight=38 1014 702 906 32 72 506 496 1665 180 125 21 2876 3846 283 1670 33 89 115 34 199 2972 93 34 1526 70 4406 2160 2805 818 20
leaf_count=38 1014 702 906 32 72 506 496 1665 180 125 21 2876 3846 283 1670 33 89 115 34 199 2972 93 34 1526 70 4406 2160 2805 818 20
internal_value=9.41868e-05 0.0160961 -0.115332 0.0739084 0.00539063 -0.214009 0.0665573 -0.0806889 -0.0100377 -0.317496 -0.392419 0.0209101 -0.00386599 0.111248 0.0556437 0.0130748 0.315034 -0.0632436 -0.327005 -0.179073 0.013786 -0.0331846 -0.0304232 -0.0208531 0.00520307 -0.0116101 0.0302063 0.0151275 0.0626646 -0.269442
internal_weight=29806 26177 3629 4090 22087 943 3969 2686 11076 238 93 11011 8502 779 3190 5975 121 1780 72 705 5942 165 2574 1560 3916 4586 5036 5777 2488 145
internal_count=29806 26177 3629 4090 22087 943 3969 2686 11076 238 93 11011 8502 779 3190 5975 121 1780 72 705 5942 165 2574 1560 3916 4586 5036 5777 2488 145
is_linear=0
shrinkage=0.05


Tree=30
num_leaves=31
num_cat=0
split_feature=299 299 255 295 299 299 66 299 251 299 67 235 160 183 283 279 255 239 298 292 9 30 34 131 291 29 189 295 299 295
split_gain=19595.2 6732.12 3194.13 2707.51 2410.18 741.102 725.479 666.617 502.309 480.177 398.155 223.713 219.813 202.1 217.781 191.414 187.261 182.621 173.796 168.669 165.618 157.576 153.375 149.208 144.417 140.014 136.265 133.662 132.123 129.347
threshold=-10.23098039627075 -0.64803919196128834 8.0746216773986834 -21.784576416015621 -4.4771330356597892 2.4350498914718632 4.2757384777069101 -15.974465847015379 -5.5752103328704825 -2.1340528726577754 23.439660072326664 0.65961718559265148 -1.8502759933471677 -17.243610382080075 -28.695686340332028 11.009477138519289 -8.8408470153808576 0.91141775250434887 -1.1484563350677488 0.05831659026443959 -1.3157842755317686 -8.853146553039549 -4.2410051822662345 -4.0673012733459464 -13.420195579528807 2.5015481710433964 -0.59598931670188893 -0.62099188566207875 5.9051063060760507 -2.0631693601608272
decision_type=2 2 2 2 2 2 2 2 2 2 2 2 2 2 2 2 2 2 2 2 2 2 2 2 2 2 2 2 2 2
left_child=3 4 5 6 8 19 13 24 -2 12 -4 -10 23 14 20 25 -9 27 26 22 -1 -15 -3 -6 -5 -12 -11 -7 -19 -24
right_child=1 2 10 7 9 17 -8 16 11 18 15 -13 -14 21 -16 -17 -18 28 -20 -21 -22 -23 29 -25 -26 -27 -28 -29 -30 -31
leaf_value=-0.3040009834549644 -0.050991916598792111 0.085840155516774208 0.17481642950148812 -0.17169938789223727 -0.035926181655717586 -0.020498075509177788 -0.56485243320465084 -0.11251082345587282 -0.021110594212744634 0.02018944500262012 0.32135877955344416 0.069137467252356671 0.0092047244313616296 -0.12957156210234672 -0.23979459490094868 0.4464113144647508 -0.071056467738717488 0.082683406090621636 0.008243049273425538 0.049588987218283934 -0.50030838307880221 -0.24725736275459959 0.0043827511086736038 -0.0034497470859133255 -0.076423305134440581 0.18825750597592059 0.041769268992699692 0.063762082904577258 0.12565088116547518 0.034055222660246666
leaf_weight=22 1911 121 105 530 383 56 20 873 3609 2593 62 70 4603 33 42 21 396 831 2120 2470 21 206 460 4618 43 29 1019 295 228 1822
leaf_count=22 1911 121 105 530 383 56 20 873 3609 2593 62 70 4603 33 42 21 396 831 2120 2470 21 206 460 4618 43 29 1019 295 228 1822
internal_value=0.000233806 0.0117168 0.0561647 -0.143834 -0.00208955 0.0496509 -0.272598 -0.119787 -0.0301957 0.00815519 0.244765 -0.0193935 0.00132015 -0.254558 -0.320775 0.310342 -0.0995747 0.0815746 0.0196074 0.0404137 -0.399872 -0.231008 0.0309827 -0.00593694 -0.16455 0.278942 0.0262774 0.0503189 0.0919342 0.0280739
internal_weight=29612 27426 6500 2186 20926 6283 344 1842 5590 15336 217 3679 9604 324 85 112 1269 1410 5732 4873 43 239 2403 5001 573 91 3612 351 1059 2282
internal_count=29612 27426 6500 2186 20926 6283 344 1842 5590 15336 217 3679 9604 324 85 112 1269 1410 5732 4873 43 239 2403 5001 573 91 3612 351 1059 2282
is_linear=0
shrinkage=0.05


Tree=31
num_leaves=31
num_cat=0
split_feature=299 299 255 299 299 291 296 299 9 255 268 192 0 239 3 299 243 289 184 299 295 258 220 58 244 29 295 11 197 264
split_gain=17684.6 6076.4 2868.86 2456.04 2206.77 698.605 669.15 617.084 566.143 446.853 366.501 299.86 237.946 212.778 193.799 186.372 185.628 184.263 168.913 163.645 153.644 145.705 138.062 197.712 119.518 111.004 109.536 109.197 107.883 105.167
threshold=-10.23098039627075 -0.61151584982871998 8.0746216773986834 -20.508529663085934 -5.2140011787414542 -28.467032432556149 2.5783429145812993 -2.7195686101913448 3.3035947084426884 -10.939023017883299 11.308019638061525 -5.3246159553527823 -0.046252718195319169 -3.3372385501861568 2.9942673444747929 3.908313632011414 2.3035814762115483 -1.7311764955520628 -0.99078866839408863 -16.839019775390621 -1.929844796657562 2.848706960678101 -4.0413973331451407 -1.3508893847465513 -3.6521848440170284 -7.5448758602142325 -12.563815593719481 -1.1123021841049192 -11.250452995300291 -5.4314036369323722
decision_type=2 2 2 2 2 2 2 2 2 2 2 2 2 2 2 2 2 2 2 2 2 2 2 2 2 2 2 2 2 2
left_child=3 4 6 5 11 8 16 13 12 19 -4 26 -1 -6 -12 -8 20 -13 22 -5 -3 -15 23 -9 -11 -7 -2 -14 -27 -20
right_child=1 2 10 9 7 25 15 18 -10 24 14 17 27 21 -16 -17 -18 -19 29 -21 -22 -23 -24 -25 -26 28 -28 -29 -30 -31
leaf_value=-0.40894154084139861 -0.16255035003026327 0.012570798797429273 0.1751868076011783 -0.16375922912206406 -0.015087756969877573 -0.11141149586644666 0.062507415291541676 -0.040439823935289054 -0.57027469251466834 -0.087727222172317362 0.24122344255447389 -0.029307544690468493 -0.14581306536089292 0.0013803129017321489 0.38469684844793278 0.099374463216871281 0.069293251219351731 0.034535236795574929 0.075679764493058133 -0.11863010843806232 0.039309504371064174 0.13657419752329589 0.012573297294202408 0.018745151499077736 0.007932127579389249 -0.22963780229022396 -0.054611157322517069 -0.28647885105094395 -0.15951077837339589 0.022583883398980806
leaf_weight=29 24 629 122 312 2749 29 828 310 23 824 52 2678 22 5664 43 585 446 118 96 564 3683 20 4715 259 34 241 1137 37 71 3268
leaf_count=29 24 629 122 312 2749 29 828 310 23 824 52 2678 22 5664 43 585 446 118 96 564 3683 20 4715 259 34 241 1137 37 71 3268
internal_value=0.000222116 0.0111309 0.0538412 -0.136642 -0.00183763 -0.240447 0.0475578 0.00595659 -0.349398 -0.109584 0.232527 -0.0354826 -0.291669 -0.00366734 0.306164 0.0777708 0.0385853 -0.0266132 0.0153413 -0.134703 0.0354091 0.00185601 0.00976566 -0.0134997 -0.0839365 -0.204982 -0.0568425 -0.234027 -0.213679 0.0240991
internal_weight=29612 27426 6388 2186 21038 452 6171 17081 111 1734 217 3957 88 8433 95 1413 4758 2796 8648 876 4312 5684 5284 569 858 341 1161 59 312 3364
internal_count=29612 27426 6388 2186 21038 452 6171 17081 111 1734 217 3957 88 8433 95 1413 4758 2796 8648 876 4312 5684 5284 569 858 341 1161 59 312 3364
is_linear=0
shrinkage=0.05


Tree=32
num_leaves=31
num_cat=0
split_feature=299 299 255 295 296 299 66 299 232 67 250 184 213 183 170 291 279 262 11 165 299 251 30 291 114 27 292 298 295 281
split_gain=15960.4 5514.69 2909.18 2221.17 1511.07 1055.11 615.28 545.646 468.704 346.473 294.208 226.572 188.314 171.976 169.751 165.532 165.001 155.882 147.492 145.271 142.566 142.11 137.915 135.003 124.713 124.563 118.612 123.026 116.57 116.46
threshold=-10.23098039627075 -1.6959022879600523 8.0746216773986834 -21.784576416015621 -5.9358577728271475 1.1209803223609927 4.2757384777069101 -15.140784263610838 -2.9227696657180782 23.439660072326664 3.359437227249146 -1.7579219341278074 -3.7515686750411983 -17.243610382080075 0.97655466198921215 0.16002223640680316 11.009477138519289 4.1870131492614755 -2.6803809404373165 -4.3725149631500235 -4.073678493499755 -7.7115650177001944 -8.853146553039549 -8.0370221138000471 5.3499348163604745 -0.58180925250053395 -1.0991067290306089 -1.1484563350677488 -0.73901957273483265 -28.718905448913571
decision_type=2 2 2 2 2 2 2 2 2 2 2 2 2 2 2 2 2 2 2 2 2 2 2 2 2 2 2 2 2 2
left_child=3 4 5 6 11 14 13 12 20 -4 28 23 -5 18 24 19 25 -16 -1 -10 -6 -9 -15 -2 26 -11 27 -3 -7 -20
right_child=1 2 9 7 8 10 -8 21 15 16 -12 -13 -14 22 17 -17 -18 -19 29 -21 -22 -23 -24 -25 -26 -27 -28 -29 -30 -31
leaf_value=-0.17592637652442569 -0.062928774037611171 0.026468545589373168 0.15548163360019901 -0.14761062036490155 -0.020016991156633662 0.02557229081286945 -0.51558188438415531 -0.096088534784791749 -0.028101169034695856 0.32818709261277146 0.091616283133508281 -0.005658302835140276 0.0080808252096176147 -0.11320277705337063 0.039225051549728968 0.037743282321723269 0.40793037414550781 0.15645380914211274 -0.39822460605252175 0.0066052738725921323 -0.0038045759080062567 -0.053225904024713416 -0.22330189491938618 -0.037777936406368312 -0.096900370987978851 0.20726409878647117 0.029645939796731708 0.0062171954307829796 0.057784540230506769 -0.26326295679265804
leaf_weight=21 801 1379 106 672 2676 331 20 904 313 34 633 403 20 33 1280 413 21 29 31 8212 2749 246 206 1598 22 57 2871 1644 1854 33
leaf_count=21 801 1379 106 672 2676 331 20 904 313 34 633 403 20 33 1280 413 21 29 31 8212 2749 246 206 1598 22 57 2871 1644 1854 33
internal_value=0.00021101 0.0105744 0.039573 -0.12981 -0.00676055 0.0356505 -0.246438 -0.108029 -0.000208134 0.220275 0.0616005 -0.0403481 -0.143111 -0.229824 0.0255291 0.00682869 0.281598 0.0418222 -0.290907 0.00533101 -0.0118017 -0.0869197 -0.2081 -0.0461755 0.0219241 0.252444 0.0223676 0.0154552 0.0529048 -0.328635
internal_weight=29612 27426 10261 2186 17165 10043 344 1842 14363 218 2818 2802 692 324 7225 8938 112 1309 85 8525 5425 1150 239 2399 5916 91 5894 3023 2185 64
internal_count=29612 27426 10261 2186 17165 10043 344 1842 14363 218 2818 2802 692 324 7225 8938 112 1309 85 8525 5425 1150 239 2399 5916 91 5894 3023 2185 64
is_linear=0
shrinkage=0.05


Tree=33
num_leaves=31
num_cat=0
split_feature=247 296 296 173 291 291 291 241 9 239 272 285 160 184 184 26 7 296 255 131 284 184 87 182 140 12 175 182 291 42
split_gain=14405.5 4336.61 3095.26 1928.83 1538.12 730.259 692.523 531.806 487.727 344.574 305.159 301.621 252.954 237.38 234.859 210.063 190.714 181.514 166.331 150.565 147.086 112.833 116.837 110.949 107.738 106.505 104.607 93.688 92.0872 88.6537
threshold=-6.5464775562286368 1.1019280552864077 -18.777529716491696 8.9848313331604022 -3.5661700963973995 -12.374183177947996 -28.467032432556149 -1.0224019289016721 3.3035947084426884 -3.3372385501861568 2.975759863853455 7.5227448940277108 -5.8393626213073722 0.76381990313529979 -1.9549803733825681 -3.0740211009979244 6.2093875408172616 -5.9358577728271475 -10.183507919311522 2.4613333940505986 0.49501079320907598 -4.5352983474731436 1.1373333334922793 -13.339383602142332 4.4933922290802011 -0.32139484584331507 0.036474257707595832 -2.7888234853744502 -8.2465295791625959 -3.7889938354492183
decision_type=2 2 2 2 2 2 2 2 2 2 2 2 2 2 2 2 2 2 2 2 2 2 2 2 2 2 2 2 2 2
left_child=2 4 6 10 9 21 8 12 15 17 26 -5 -6 27 -14 -1 -13 -2 -7 -12 24 22 -4 -8 -9 -25 -3 -11 -20 -16
right_child=1 3 5 11 7 18 23 20 -10 13 19 16 14 -15 29 -17 -18 -19 28 -21 -22 -23 -24 25 -26 -27 -28 -29 -30 -31
leaf_value=-0.20666030938165234 -0.038413128505507821 0.030754739108021151 -0.11594686889864342 0.14883705405301825 -0.060195279005321047 -0.090281141366930495 -0.20549742066033999 0.020418876812156678 -0.52222216077472861 -0.017319726893200282 0.066711084391577816 0.23535801957293256 -0.0013252625659152086 0.045997524320954039 -0.017170622560285755 -0.36838181172647788 0.38649552209036697 -0.016048096793534014 -0.063860995788997579 0.10827642726270777 0.03962109026051959 -0.052945597275443707 -0.21991677731275561 -0.18578007656752188 0.099094134840098297 -0.12056376341216524 0.054574644926073806 0.00065394145718789963 -0.03902553657009717 0.015377367478338075
leaf_weight=57 1390 758 773 86 138 339 202 3941 23 1130 769 82 4071 238 217 31 28 2612 749 304 1508 69 28 136 44 116 1176 2023 744 5830
leaf_count=57 1390 758 773 86 138 339 202 3941 23 1130 769 82 4071 238 217 31 28 2612 749 304 1508 69 28 136 44 116 1176 2023 744 5830
internal_value=0.000200459 0.0124813 -0.0988315 0.067009 0.00493426 -0.0765766 -0.205261 0.013766 -0.317212 -0.0138797 0.057103 0.218986 0.00704192 -0.00215304 0.00795897 -0.26363 0.273829 -0.0238161 -0.0586639 0.0784873 0.0263207 -0.114296 -0.119581 -0.17789 0.0212876 -0.15576 0.0452388 -0.00578762 -0.0514849 0.0142094
internal_weight=29612 26345 3267 3203 23142 2702 565 15749 111 7393 3007 196 10256 3391 10118 88 110 4002 1832 1073 5493 870 801 454 3985 252 1934 3153 1493 6047
internal_count=29612 26345 3267 3203 23142 2702 565 15749 111 7393 3007 196 10256 3391 10118 88 110 4002 1832 1073 5493 870 801 454 3985 252 1934 3153 1493 6047
is_linear=0
shrinkage=0.05


Tree=34
num_leaves=31
num_cat=0
split_feature=299 299 299 255 299 297 9 255 292 250 294 246 0 164 35 182 207 295 182 1 295 196 11 11 288 285 170 289 133 237
split_gain=13082.8 3996.51 2955.19 1820.46 1350.3 836.674 652.334 441.038 358.816 306.663 290.286 271.154 194.852 170.505 170.243 165.708 160.77 159.403 149.683 142.539 136.33 133.765 122.064 115.34 114.585 112.732 109.931 108.887 107.369 104.631
threshold=-7.5461113452911368 0.54942867159843456 -16.839019775390621 8.0746216773986834 -2.936274409294128 -28.773529052734371 3.1495424509048466 -8.8408470153808576 -5.2356662750244132 3.359437227249146 12.815239906311037 -1.298890948295593 -0.046252718195319169 -6.3042583465576163 -4.7172851562499991 -13.339383602142332 -3.9101469516754146 1.1575163602828982 -2.3780392408370967 1.0329902172088625 -1.851950943470001 -6.5192017555236808 5.1986215114593515 -1.0772055387496946 -5.0942029953002921 11.712193489074709 -1.0579274892807005 -1.9415085315704343 -5.5995426177978507 1.5703921318054201
decision_type=2 2 2 2 2 2 2 2 2 2 2 2 2 2 2 2 2 2 2 2 2 2 2 2 2 2 2 2 2 2
left_child=2 4 5 9 8 6 12 21 -2 20 -5 14 -1 -10 16 -7 -6 27 -9 -12 -3 -4 -21 -14 -20 -24 28 -15 -16 -13
right_child=1 3 7 10 11 15 -8 18 13 -11 19 29 23 17 26 -17 -18 -19 24 22 -22 -23 25 -25 -26 -27 -28 -29 -30 -31
leaf_value=-0.33065734345179343 -0.025583833783038752 0.0072119438233945905 -0.097201883831373209 0.14444508510353291 0.030623859638581052 -0.19016315220717359 -0.56089881312102086 -0.053821654905416287 -0.055127956694776908 0.081590573555868434 0.17801621649946486 0.022291564211070786 -0.095853217962113296 -0.0064252488436364885 -0.068950232343437765 -0.13773584468390351 -0.06461902513530933 0.066529497349771066 -0.028195245204919797 0.22142102281962123 0.047123285927566122 -0.058354022904360009 0.27189558029174804 -0.24554762222593829 0.059518062106023228 0.43776303245907738 0.017981835822304778 0.0096066979043509665 0.0062585326117240436 0.048929519128443594
leaf_weight=39 2561 232 929 113 64 223 20 1233 159 664 35 4442 22 5960 48 465 144 82 166 28 2752 291 20 31 48 21 2949 1288 4181 402
leaf_count=39 2561 232 929 113 64 223 20 1233 159 664 35 4442 22 5960 48 465 144 82 166 28 2752 291 20 31 48 21 2949 1288 4181 402
internal_value=0.000190436 0.0122928 -0.0910745 0.059228 0.00415072 -0.17536 -0.302092 -0.065792 -0.00942798 0.0508587 0.199924 0.015309 -0.24583 -0.00390319 0.00927979 -0.154729 -0.0353135 -0.00279204 -0.0471221 0.260205 0.0440203 -0.0879357 0.301895 -0.18341 -0.00852123 0.356852 0.010572 -0.0035763 0.0054049 0.0245022
internal_weight=29612 26145 3467 3865 22280 800 112 2667 10050 3648 217 12230 92 7489 7386 688 208 7330 1447 104 2984 1220 69 53 214 41 7178 7248 4229 4844
internal_count=29612 26145 3467 3865 22280 800 112 2667 10050 3648 217 12230 92 7489 7386 688 208 7330 1447 104 2984 1220 69 53 214 41 7178 7248 4229 4844
is_linear=0
shrinkage=0.05


Tree=35
num_leaves=31
num_cat=0
split_feature=299 238 257 299 242 294 251 61 293 251 293 29 299 244 183 189 126 299 183 281 245 289 98 35 35 28 7 283 276 35
split_gain=11905.5 3536.85 2782.77 1837.64 1187.94 767.467 454.937 453.352 366.64 334.842 258.241 181.439 170.224 165.866 158.168 156.764 150.356 129.952 129.778 125.963 116.68 114.653 116.821 114.623 107.815 101.904 100.109 94.7788 94.0206 93.6619
threshold=-7.2222876548767081 2.2535790205001835 -13.110523223876951 -2.1340528726577754 18.362277984619144 -28.870437622070309 -3.6458562612533565 -1.9548921585083006 -9.5108928680419904 -0.1000000201165676 5.4048871994018564 -7.5448758602142325 -20.508529663085934 -3.5116676092147823 -2.4169201850891109 -1.1088538169860838 4.6530919075012216 -13.210916996002195 -5.5080914497375479 2.1094353199005131 -0.66896486282348622 -1.9699587225913999 -5.1066384315490714 -5.0618038177490225 -5.6283211708068839 -7.8600981235504142 -0.13657782971858975 -9.0150980949401838 8.769346237182619 -5.449629306793212
decision_type=2 2 2 2 2 2 2 2 2 2 2 2 2 2 2 2 2 2 2 2 2 2 2 2 2 2 2 2 2 2
left_child=2 3 5 6 10 7 18 11 13 14 24 -1 25 17 16 21 29 -4 27 -11 -10 23 -23 -8 -3 -7 -13 -2 -6 -5
right_child=1 4 8 9 28 12 15 -9 20 19 -12 26 -14 -15 -16 -17 -18 -19 -20 -21 -22 22 -24 -25 -26 -27 -28 -29 -30 -31
leaf_value=-0.098809124231338502 -0.1096891258625274 0.15554242394864559 -0.10109941474780315 -0.060712338869388288 0.19136593762566062 -0.079636014741042566 -0.047531020667099355 -0.48469532565637075 -0.042716034866863928 0.030469147963995136 0.10582050629151174 -0.33313744501634079 -0.12270767948012362 0.024494745563238097 0.020884477291917447 0.013071107856367579 -0.12072567741076153 -0.068590792474521475 -0.01516235594884289 0.053331376862037032 0.064220624589003059 -0.11019451647996903 0.011452753124185096 -0.0044485283870438321 0.056193144471127526 -0.17766316700907589 -0.21481069204134817 -0.03514700414045998 0.2784311528791461 0.0074729234625880315
leaf_weight=20 47 28 476 52 68 29 159 22 1349 2205 390 33 469 39 6028 2162 24 868 3890 829 26 20 1494 5321 1105 309 39 460 57 1601
leaf_count=20 47 28 476 52 68 29 159 22 1349 2205 390 33 469 39 6028 2162 24 868 3890 829 26 20 1494 5321 1105 309 39 460 57 1601
internal_value=6.77362e-05 0.0120059 -0.0841063 0.00719707 0.0828896 -0.159357 -0.00504437 -0.280795 -0.0589772 0.0226462 0.0707279 -0.232036 -0.142202 -0.0771546 0.0171059 0.00130387 0.00352397 -0.0801043 -0.0182635 0.0367159 -0.040694 -0.00233365 0.00984579 -0.00569855 0.0586484 -0.169253 -0.269044 -0.0420572 0.231068 0.00532795
internal_weight=29619 25940 3679 24292 1648 921 13553 114 2758 10739 1523 92 807 1383 7705 9156 1677 1344 4397 3034 1375 6994 1514 5480 1133 338 72 507 125 1653
internal_count=29619 25940 3679 24292 1648 921 13553 114 2758 10739 1523 92 807 1383 7705 9156 1677 1344 4397 3034 1375 6994 1514 5480 1133 338 72 507 125 1653
is_linear=0
shrinkage=0.05


Tree=36
num_leaves=31
num_cat=0
split_feature=247 295 291 204 236 189 65 190 292 182 289 182 181 57 242 0 184 288 191 269 292 35 81 27 68 248 67 296 138 79
split_gain=10857.8 3354.32 2247.11 1488.27 1164.86 639.364 706.27 410.288 343.317 316.89 291.858 229.331 218.644 201.983 185.708 165.17 139.443 132.455 130.82 124.897 116.123 119.464 110.23 108.915 108.703 108.366 101.227 99.2879 126.672 92.9493
threshold=-6.5464775562286368 0.76559802889823925 -16.191439628601071 8.4017152786254901 -2.7237873077392574 -17.632146835327145 -4.8078429698944083 -1.218333303928375 -5.5855731964111319 -7.2429914474487296 3.9318628311157231 4.4762184619903573 -5.3281924724578849 -3.3003901243209834 18.362277984619144 0.43061445653438574 -0.67646381258964527 -1.0227113366127012 0.31009803712368017 -3.5153154134750362 -9.2707781791686994 4.4251959323883066 -2.5298217535018916 -0.8025098145008086 -2.2890502214431758 2.4426325559616093 2.9748271703720097 -24.499919891357418 -11.68097400665283 -5.2492797374725333
decision_type=2 2 2 2 2 2 2 2 2 2 2 2 2 2 2 2 2 2 2 2 2 2 2 2 2 2 2 2 2 2
left_child=2 4 5 10 8 6 15 19 -2 22 25 17 27 18 -5 -1 -15 -9 -10 23 21 -11 -4 -6 -25 -3 -22 28 -7 -18
right_child=1 3 9 14 7 12 -8 11 13 20 -12 -13 -14 16 -16 -17 29 -19 -20 -21 26 -23 -24 24 -26 -27 -28 -29 -30 -31
leaf_value=-0.29361902249825972 -0.028659234528401058 0.034242498133353685 -0.076122318786838436 0.12886026913357765 0.0052645371209758254 -0.11684510300799114 -0.54039687395095826 0.013656785677779804 -0.017868501284430106 -0.060587021182026551 0.073768056355989903 0.084997907366071435 -0.053969992883503438 -0.0057887260199707491 0.22122049639301916 -0.15648074900662456 0.091900337636470805 0.02847485835466125 -0.073310516369931494 0.0080450110939862905 -0.033827536437665 -0.17905304323543203 -0.11613454171295823 -0.044630009542431751 -0.0074157320742221887 0.060192441976578193 -0.14499903591793209 -0.14061220721428438 -0.22287624730004205 0.01344244845465503
leaf_weight=37 2138 2187 667 97 934 41 20 3377 310 651 780 140 64 5068 124 54 40 2725 162 6255 821 22 232 285 630 493 21 483 90 671
leaf_count=37 2138 2187 667 97 934 41 20 3377 310 651 780 140 64 5068 124 54 40 2725 162 6255 821 22 232 285 630 493 21 483 90 671
internal_value=6.43494e-05 0.0106058 -0.0868737 0.0548854 0.00343653 -0.160128 -0.271368 0.0120912 -0.0113637 -0.062931 0.0468504 0.0217258 -0.141916 -0.00544823 0.180682 -0.21224 -0.00287963 0.0202742 -0.0368973 0.00467018 -0.048976 -0.0644596 -0.0864481 -0.00674656 -0.0190071 0.0390161 -0.0366002 -0.151083 -0.189691 0.0178564
internal_weight=29619 26416 3203 3681 22735 789 111 14346 8389 2414 3460 6242 678 6251 221 91 5779 6102 472 8104 1515 673 899 1849 915 2680 842 614 131 711
internal_count=29619 26416 3203 3681 22735 789 111 14346 8389 2414 3460 6242 678 6251 221 91 5779 6102 472 8104 1515 673 899 1849 915 2680 842 614 131 711
is_linear=0
shrinkage=0.05


Tree=37
num_leaves=31
num_cat=0
split_feature=299 299 257 299 292 299 238 189 95 67 182 179 184 284 273 27 244 299 183 57 29 29 38 283 234 173 283 35 271 89
split_gain=9755.56 2931.74 2277.45 1707.62 681.699 602.799 431.744 417.862 560.087 362.107 317.866 180.536 151.745 150.166 143.573 140.313 140.012 128.985 123.704 166.955 120.943 118.72 107.296 110.239 106.673 105.564 103.487 95.9749 93.7159 91.7762
threshold=-7.2222876548767081 -1.1887254714965818 -13.110523223876951 6.7822592258453378 -28.757647514343258 -3.5474510192871089 1.6588706374168398 -17.632146835327145 -13.656627655029295 23.439660072326664 -7.2429914474487296 -2.8697065114974971 -0.83980792760848988 -1.935188829898834 -26.468559265136715 -7.1790649890899649 -1.8262465000152586 -20.508529663085934 -2.4169201850891109 2.6079642772674565 -3.2099510431289668 -7.5448758602142325 5.1194181442260751 7.6937417984008798 -4.4634759426116934 4.5398879051208505 -10.251839637756346 -5.449629306793212 -3.5274459123611446 -2.0971568822860713
decision_type=2 2 2 2 2 2 2 2 2 2 2 2 2 2 2 2 2 2 2 2 2 2 2 2 2 2 2 2 2 2
left_child=2 5 4 6 7 11 13 8 -1 -5 29 24 27 18 -9 -13 26 21 19 -3 -14 -6 23 -11 -2 -8 -12 -7 -29 -4
right_child=1 3 10 9 17 12 25 14 -10 22 16 15 20 -15 -16 -17 -18 -19 -20 -21 -22 -23 -24 -25 -26 -27 -28 28 -30 -31
leaf_value=-0.55660268610174002 -0.032098683278619443 -0.0053204389953583333 -0.069938281402963667 0.10601061762595664 -0.056678140560785933 -0.048537468503821984 0.048531892375866519 -0.12317171318586483 -0.21674075656467015 0.18248411019643149 -0.064201871516569614 0.12418017614455451 0.047741757064229916 0.028838358467852133 -0.28532562255859378 -0.0054136961613800768 0.021277291688886358 -0.11120676719811934 0.01966791229338205 -0.15336803019046785 0.013467217365703719 -0.16084510268703586 0.14831607286320178 0.30172081220717661 -0.013394810204722551 0.086882503934022859 -0.038156108747592531 -0.0052565847321876828 0.0072463467383881812 -0.10849243212773761
leaf_weight=22 1257 398 575 245 30 88 1439 43 27 36 530 21 288 4803 20 3869 82 469 1071 20 2421 310 43 42 1937 205 1360 2030 5727 211
leaf_count=22 1257 398 575 245 30 88 1439 43 27 36 530 21 288 4803 20 3869 82 469 1071 20 2421 310 43 42 1937 205 1360 2030 5727 211
internal_value=6.11319e-05 0.0108678 -0.0761347 0.0353686 -0.144211 -0.000664484 0.0304988 -0.259823 -0.369332 0.140961 -0.0534014 -0.0119469 0.00690842 0.0245375 -0.174649 -0.00471409 -0.0426849 -0.128206 0.0106645 -0.0124041 0.017111 -0.151654 0.21173 0.246688 -0.0207557 0.0533141 -0.0454599 0.0033853 0.00397434 -0.0802881
internal_weight=29619 25940 3679 8302 921 17638 7936 112 49 366 2758 7084 10554 6292 63 3890 1972 809 1489 418 2709 340 121 78 3194 1644 1890 7845 7757 786
internal_count=29619 25940 3679 8302 921 17638 7936 112 49 366 2758 7084 10554 6292 63 3890 1972 809 1489 418 2709 340 121 78 3194 1644 1890 7845 7757 786
is_linear=0
shrinkage=0.05


Tree=38
num_leaves=31
num_cat=0
split_feature=247 299 291 299 299 189 65 238 62 293 184 234 232 88 211 236 0 183 119 85 38 283 69 100 170 34 289 6 251 65
split_gain=8883.59 2826.2 1841.12 1535.71 686.923 525.194 629.396 385.522 318.476 257.607 193.379 191.552 156.11 149.226 138.567 137.336 125.714 123.013 110.657 116.418 107.607 116.291 98.3553 97.5416 120.885 96.3483 95.4624 93.8859 89.4263 88.4566
threshold=-6.5464775562286368 -1.1887254714965818 -16.191439628601071 6.7822592258453378 -3.8212226629257198 -17.632146835327145 -4.8078429698944083 2.2535790205001835 20.805239677429203 -11.552843093872069 -4.2856030464172354 -3.9714510440826412 0.76284027099609386 -12.409719944000242 1.3429411649703982 2.3336274623870854 0.43061445653438574 -3.1942534446716304 -1.5271148681640623 -1.0847918987274168 5.1194181442260751 7.6937417984008798 -1.3045815825462339 -2.6705927848815914 0.41963724792003637 -1.0963348150253294 0.67010062932968151 0.79733893275260936 -1.9795059561729429 -6.9483406543731681
decision_type=2 2 2 2 2 2 2 2 2 2 2 2 2 2 2 2 2 2 2 2 2 2 2 2 2 2 2 2 2 2
left_child=2 4 5 7 11 6 13 14 -5 25 -7 29 17 -1 28 26 -15 -6 19 -11 21 -10 -19 24 -24 -4 -13 -9 -3 -2
right_child=1 3 9 8 12 10 -8 27 20 18 -12 15 -14 16 -16 -17 -18 22 -20 -21 -22 -23 23 -25 -26 -27 -28 -29 -30 -31
leaf_value=-0.10500597520308062 -0.11454458060087983 0.0085990855571192199 -0.065233572985393451 0.10133788566279218 -0.0081510004486114868 -0.13575258944715773 -0.49967354297637939 0.047062050212820145 0.17185906818934849 -0.042559541012783454 -0.031641126548250513 -0.0088979672298584358 0.032716003455164122 -0.31985204741358758 0.037156847975761735 0.12033363211722602 -0.17183395051397385 -0.0012351970326468734 -0.013171040205996435 -0.077827698413270308 0.14063991671023163 0.29740192706768331 0.019305782774751337 0.0081969788368168022 0.079934027565248089 -0.099700609420300929 0.053161107198823068 0.079084077438876077 0.024149679073222016 -0.023592059282781283
leaf_weight=33 27 1214 498 246 1608 630 20 883 35 1039 48 3780 518 26 1639 21 32 2705 233 302 46 39 485 6123 99 342 63 309 3877 2699
leaf_count=33 27 1214 498 246 1608 630 20 883 35 1039 48 3780 518 26 1639 21 32 2705 233 302 46 39 485 6123 99 342 63 309 3877 2699
internal_value=5.80753e-05 0.00959315 -0.0785802 0.0337805 -0.00146514 -0.144888 -0.245707 0.0291543 0.133913 -0.0569081 -0.128382 -0.0143438 0.0058906 -0.189891 0.0245123 -0.00718379 -0.238187 0.00462966 -0.044976 -0.0505021 0.200693 0.238024 0.00681318 0.0100592 0.0295835 -0.0792666 -0.00788061 0.0553631 0.0204415 -0.0244929
internal_weight=29619 26416 3203 8288 18128 789 111 7922 366 2414 678 6590 11538 91 6730 3864 58 11020 1574 1341 120 74 9412 6707 584 840 3843 1192 5091 2726
internal_count=29619 26416 3203 8288 18128 789 111 7922 366 2414 678 6590 11538 91 6730 3864 58 11020 1574 1341 120 74 9412 6707 584 840 3843 1192 5091 2726
is_linear=0
shrinkage=0.05


Tree=39
num_leaves=31
num_cat=0
split_feature=247 299 291 294 299 292 249 21 182 251 4 67 38 291 109 35 49 40 237 275 30 34 284 292 34 268 54 292 35 297
split_gain=8017.44 2550.65 1661.61 1399.5 629.816 508.442 442.857 388.787 241.574 212.685 189.842 169.376 154.636 138.232 132.934 130.86 121.947 127.7 121.439 117.513 104.022 99.5402 100.731 97.9475 95.5075 94.7017 91.1406 90.0349 106.316 89.521
threshold=-6.5464775562286368 -1.1887254714965818 -16.191439628601071 9.0561313629150408 -4.913921356201171 -28.757647514343258 2.2608448266983037 0.28770215809345251 -7.2429914474487296 -2.5674408674240108 1.384596109390259 0.41475488245487219 -2.6093757152557369 1.7666630744934084 1.7355017066001894 -5.0618038177490225 -9.923036575317381 -6.1103432178497306 -1.2333269715309141 5.0892157554626474 -6.0762746334075919 -5.629591464996337 -2.2029255628585811 12.385365009307863 -0.62028008699417103 -7.2995021343231192 -2.9576988220214839 -9.2707781791686994 4.4251959323883066 -4.4680392742156974
decision_type=2 2 2 2 2 2 2 2 2 2 2 2 2 2 2 2 2 2 2 2 2 2 2 2 2 2 2 2 2 2
left_child=2 4 5 6 18 7 13 16 24 -6 -5 20 -11 21 26 -14 -1 -18 -2 25 -7 -3 -23 -12 -4 -17 -8 28 -10 -24
right_child=1 3 8 10 9 11 14 -9 27 12 23 -13 15 -15 -16 19 17 -19 -20 -21 -22 22 29 -25 -26 -27 -28 -29 -30 -31
leaf_value=-0.097266443252563478 -0.022285687259078896 0.086561012480940142 -0.061885807128733088 0.095649334946845452 -0.0035209660823412579 -0.083291341933337135 -0.042540780054696373 -0.42993524769941971 -0.051858944273031615 0.031777191097126865 0.13974546823236678 -0.021435232721269133 -0.0482859330756642 0.039163406969038486 0.072137230481856912 -0.10158829338848592 -0.31906517545382185 -0.17509835424811343 0.015874477858478959 0.12279614101756703 -0.13675672353277188 0.0064420883318599131 -0.048776914746782113 0.22243180792015718 -0.09549230659270988 0.0073626133936892232 0.044033538695734217 -0.030981045837498618 -0.16361584771763196 0.023721383008271115
leaf_weight=25 3425 56 559 94 6403 110 32 21 651 665 63 40 107 1164 624 20 24 43 222 22 526 1158 43 83 340 7264 608 842 22 4363
leaf_count=25 3425 56 559 94 6403 110 32 21 651 665 63 40 107 1164 624 20 24 43 222 22 526 1158 43 83 340 7264 608 842 22 4363
internal_value=5.51716e-05 0.00911349 -0.0746512 0.0320915 -0.00139188 -0.137643 0.0285434 -0.235815 -0.0540627 0.00328515 0.15107 -0.121233 0.00868 0.0234806 0.0557158 0.00660801 -0.191505 -0.226669 -0.0199628 0.00741196 -0.12751 0.0202324 0.0195649 0.186752 -0.0745957 0.00706346 0.0397048 -0.0418784 -0.0555122 0.0230138
internal_weight=29619 26416 3203 8288 18128 789 8048 113 2414 14481 240 676 8078 6784 1264 7413 92 67 3647 7306 636 5620 5564 146 899 7284 640 1515 673 4406
internal_count=29619 26416 3203 8288 18128 789 8048 113 2414 14481 240 676 8078 6784 1264 7413 92 67 3647 7306 636 5620 5564 146 899 7284 640 1515 673 4406
is_linear=0
shrinkage=0.05


Tree=40
num_leaves=31
num_cat=0
split_feature=296 235 296 296 299 299 239 284 291 292 20 174 126 262 280 124 28 187 185 183 279 296 282 221 292 13 179 115 242 131
split_gain=7386.61 2263.54 1486.75 1003.53 898.458 313.323 255.763 244.426 230.272 213.49 176.547 228.56 210.105 136.901 139.115 131.979 119.18 113.749 113.213 109.015 122.564 103.116 102.999 113.722 100.03 99.6241 96.3678 95.4273 95.3123 95.1827
threshold=-7.9337267875671378 0.77426594495773327 -18.777529716491696 8.8343286514282244 -3.0620522499084468 -10.552023887634276 2.4875817298889165 -5.9213314056396475 -28.467032432556149 -1.0249019265174864 -5.5541486740112296 -12.034607887268065 -9.5484290122985822 13.44506359100342 11.292820453643801 -3.8959668874740596 0.82882639765739452 0.52617651224136364 -0.3866946399211883 -3.6886100769042964 -8.3317694664001447 -2.1166055202484126 -11.8338565826416 -21.508234977722164 6.2095098495483407 -1.310396611690521 1.6021960377693178 -3.0367739200592037 -12.495476722717283 -1.4313116669654844
decision_type=2 2 2 2 2 2 2 2 2 2 2 2 2 2 2 2 2 2 2 2 2 2 2 2 2 2 2 2 2 2
left_child=2 4 8 6 7 28 15 26 10 19 -1 12 25 -5 16 29 -15 27 -7 -6 -21 -17 23 -10 -8 -12 -2 -9 -4 -3
right_child=1 3 5 13 9 18 24 17 22 -11 11 -13 -14 14 -16 21 -18 -19 -20 20 -22 -23 -24 -25 -26 -27 -28 -29 -30 -31
leaf_value=-0.068821577798752559 -0.025621283910984158 0.011582144349813462 -0.0911883466705984 0.11185601389306224 -0.011758319830910845 -0.039638584874478716 0.051480755517721605 -0.018933589410817252 -0.039247703552246098 0.020333824502742095 -0.2828717780237397 -0.080094060443696533 -0.39726678674871274 0.22077128060343787 0.30584920247395836 0.0049696819606131733 0.098677911036289659 0.026891508262033448 0.024185269507201942 0.10461390220531913 0.0080544516701454346 0.035098618503371808 -0.01699850814683097 -0.13692646339088335 0.090879443302825477 -0.15604459716705607 0.059261776649338363 -0.003364071235886449 -0.062404857215782011 -0.13281159131299883
leaf_weight=21 2020 25 392 117 728 1138 846 1179 32 4345 30 21 22 41 21 327 39 274 74 33 7943 2159 21 433 199 32 34 5955 1080 21
leaf_count=21 2020 25 392 117 728 1138 846 1179 32 4345 30 21 22 41 21 327 39 274 74 33 7943 2159 21 433 199 32 34 5955 1080 21
internal_value=-4.28318e-05 0.0087981 -0.070604 0.0445194 0.00277605 -0.0545686 0.038172 -0.00895451 -0.140929 0.011282 -0.201164 -0.227633 -0.264517 0.14867 0.191316 0.0295827 0.161251 -0.00472293 -0.0357417 0.00676341 0.00845396 0.0311356 -0.125313 -0.130204 0.0589835 -0.217413 -0.0242162 -0.00593717 -0.07007 -0.0543367
internal_weight=29602 26306 3296 3795 22511 2684 3577 9462 612 13049 126 105 84 218 101 2532 80 7408 1212 8704 7976 2486 486 465 1045 62 2054 7134 1472 46
internal_count=29602 26306 3296 3795 22511 2684 3577 9462 612 13049 126 105 84 218 101 2532 80 7408 1212 8704 7976 2486 486 465 1045 62 2054 7134 1472 46
is_linear=0
shrinkage=0.05


Tree=41
num_leaves=31
num_cat=0
split_feature=237 288 296 292 299 262 299 248 292 34 160 284 49 40 251 38 280 28 179 78 299 140 282 81 117 282 206 265 173 119
split_gain=6716.03 2086.88 1240.91 1097.13 635.158 302.812 280.735 234.58 193.499 180.678 193.266 161.36 153.95 200.625 138.869 129.653 118.874 120.13 111.079 97.4682 94.8372 90.9182 88.5453 88.5267 149.016 88.2619 98.5594 84.8347 84.0645 83.6431
threshold=-6.5904405117034903 -0.5625723898410796 -18.777529716491696 6.2095098495483407 -3.5474510192871089 13.44506359100342 -12.274705886840819 0.9252288043498994 -28.757647514343258 -4.3859183788299552 -6.4532127380371085 -6.080742120742797 -9.923036575317381 -6.1103432178497306 -2.1500748395919795 -2.9352940320968623 11.292820453643801 0.82882639765739452 1.1110924482345583 0.61634716391563427 -1.9827451109886167 -4.5142648220062247 -2.5909018516540523 -1.8769608139991758 -1.2074441909790037 -11.8338565826416 -18.527933120727536 2.3216043710708623 0.14568625390529635 -1.5105882287025449
decision_type=2 2 2 2 2 2 2 2 2 2 2 2 2 2 2 2 2 2 2 2 2 2 2 2 2 2 2 2 2 2
left_child=2 4 8 7 11 27 23 21 12 20 -11 18 -1 -14 -12 -15 17 -7 -2 25 -6 22 -3 24 -4 26 -10 -5 -9 -8
right_child=1 3 6 5 9 16 29 28 19 10 14 -13 13 15 -16 -17 -18 -19 -20 -21 -22 -23 -24 -25 -26 -27 -28 -29 -30 -31
leaf_value=-0.10039649963378908 -0.025897518906921754 -0.11326538014411927 -0.070184459953232886 0.00082850544540970412 0.0069323226127146493 0.21915812498221224 -0.045054641214032437 0.023793823561116832 -0.05098357329497466 -0.06263319280948125 0.00054454828033818849 -0.0072115734972080098 -0.33801271893359996 -0.11498071333343113 0.011380544132101253 -0.26067526604836949 0.2905567350841704 0.095834206285653645 0.043748221660064444 -0.016801416111940689 0.067059972751786046 0.02093392102651542 0.014144613246122997 -0.10026587451477925 0.051633004500315743 -0.021751337572932246 -0.13620878255049534 0.093189224088267922 0.046891855479570289 -0.010706781907286045
leaf_weight=35 1931 25 729 27 101 39 1233 536 37 102 5393 5485 27 37 6545 26 21 40 59 22 187 4223 30 251 26 20 408 314 1486 207
leaf_count=35 1931 25 729 27 101 39 1233 536 37 102 5393 5485 27 37 6545 26 21 40 59 22 187 4223 30 251 26 20 408 314 1486 207
internal_value=-4.06902e-05 0.00804284 -0.0702072 0.032072 -0.000136759 0.108313 -0.0542753 0.0267351 -0.133883 0.006836 0.00589982 -0.0116364 -0.189377 -0.22398 0.00648538 -0.175109 0.184822 0.156716 -0.0238326 -0.119639 0.0459735 0.0201021 -0.043769 -0.0745415 -0.0659894 -0.124505 -0.129123 0.0858762 0.0407689 -0.0401171
internal_weight=29602 26544 3058 6741 19803 441 2446 6300 612 12328 12040 7475 125 90 11938 63 100 79 1990 487 288 4278 55 1006 755 465 445 341 2022 1440
internal_count=29602 26544 3058 6741 19803 441 2446 6300 612 12328 12040 7475 125 90 11938 63 100 79 1990 487 288 4278 55 1006 755 465 445 341 2022 1440
is_linear=0
shrinkage=0.05


Tree=42
num_leaves=31
num_cat=0
split_feature=237 293 296 232 299 296 187 184 291 292 34 212 20 176 39 35 135 178 292 282 120 21 184 78 275 273 81 298 86 282
split_gain=6061.21 1961.29 1119.92 979.048 561.936 258.996 253.764 199.062 190.019 187.32 158.246 193.968 154.598 184.718 178.865 129.065 118.162 114.691 110.978 105.466 104.358 98.5903 96.3097 91.4013 91.318 84.8251 81.1801 79.944 79.8611 78.5692
threshold=-6.5904405117034903 -0.57777273654937733 -18.777529716491696 6.5002956390380868 -4.2598037719726554 -10.151413917541502 0.52617651224136364 -1.5292156934738157 -28.467032432556149 12.385365009307863 -4.5544040203094474 -5.6635985374450675 -5.5541486740112296 -10.000693798065184 -6.7598237991332999 4.4251959323883066 4.3311245441436776 -0.095886297523975358 -7.9700326919555655 11.834789752960207 0.12721988558769229 -1.7344368100166319 -4.9549281597137442 0.61634716391563427 4.361497402191163 1.8092911243438723 -4.712477207183837 -2.7162529230117793 1.6133332848548891 -11.8338565826416
decision_type=2 2 2 2 2 2 2 2 2 2 2 2 2 2 2 2 2 2 2 2 2 2 2 2 2 2 2 2 2 2
left_child=2 4 8 6 17 22 -3 -6 12 -5 -9 27 -1 14 -14 19 25 18 -2 -11 -7 -16 28 29 -13 -8 -24 -12 -4 -10
right_child=1 3 5 9 7 20 16 10 23 15 11 24 13 -15 21 -17 -18 -19 -20 -21 -22 -23 26 -25 -26 -27 -28 -29 -30 -31
leaf_value=-0.058062937146141413 -0.035257223392611552 0.018476197730235407 -0.068236218697931963 0.089392270174893471 -0.00051713133342749492 -0.036286821264413092 0.027902738881066331 0.057539687343149883 -0.12196785014750583 0.17177544176578521 0.026668494827754331 0.010780547876132623 -0.3396337553858757 -0.069957045912742613 -0.097640715118031962 0.10800215893603388 0.082705035438276328 0.015949977173058447 -0.012983234045496277 0.31239868164062501 0.032221916785179563 -0.2360976753407158 0.017800700238772803 -0.01096871638936656 0.10849076821080719 0.046689263854284575 -0.052943399132919955 -0.0679611153886336 -0.1392185431791515 -0.020663605593144896
leaf_weight=21 641 3618 1182 220 7837 961 1330 179 445 40 28 6524 29 20 20 47 146 301 4383 20 59 36 56 21 24 1096 147 110 41 20
leaf_count=21 641 3618 1182 220 7837 961 1330 179 445 40 28 6524 29 20 20 47 146 301 4383 20 59 36 56 21 24 1096 147 110 41 20
internal_value=-3.86557e-05 0.0076407 -0.0666969 0.0314662 -0.000112375 -0.0515616 0.0270119 0.00492817 -0.127189 0.115784 0.0111445 0.00990234 -0.181906 -0.206675 -0.238844 0.170048 0.0390191 -0.014029 -0.0158251 0.21865 -0.0323241 -0.186649 -0.0653219 -0.113003 0.0111387 0.03639 -0.0334278 -0.0487609 -0.0706158 -0.117611
internal_weight=29602 26544 3058 6517 20027 2446 6190 14702 612 327 6865 6686 126 105 85 107 2572 5325 5024 60 1020 56 1426 486 6548 2426 203 138 1223 465
internal_count=29602 26544 3058 6517 20027 2446 6190 14702 612 327 6865 6686 126 105 85 107 2572 5325 5024 60 1020 56 1426 486 6548 2426 203 138 1223 465
is_linear=0
shrinkage=0.05


Tree=43
num_leaves=31
num_cat=0
split_feature=296 293 291 290 299 255 173 22 286 174 243 184 284 127 34 114 185 233 117 277 183 160 28 291 112 119 39 80 291 19
split_gain=5488.88 1723.77 1083.92 788.829 583.275 265.041 208.296 186.464 199.757 245.431 176.87 176.407 164.994 164.66 148.292 132.274 97.8104 95.2643 94.7479 90.9952 90.7513 103.564 89.9687 89.7883 119.152 86.6031 84.5464 81.4677 79.5858 97.8885
threshold=-7.9337267875671378 0.40458166599273687 -19.971862792968746 7.0987579822540292 -3.2488235235214229 -10.939023017883299 8.9848313331604022 -7.4350328445434561 -28.231839179992672 -12.034607887268065 2.4328786134719853 -0.65410134196281422 -5.175128459930419 -8.864099979400633 -4.5544040203094474 5.3499348163604745 -0.3866946399211883 -1.9352251291275022 -1.347535967826843 11.134706497192385 -3.650065422058105 -6.4532127380371085 0.82882639765739452 -2.8592724800109859 -4.1596078872680655 2.8076959848403935 -4.3178541660308829 -2.2950615882873531 -7.4849867820739737 -5.2046949863433829
decision_type=2 2 2 2 2 2 2 2 2 2 2 2 2 2 2 2 2 2 2 2 2 2 2 2 2 2 2 2 2 2
left_child=2 4 7 10 12 18 -5 -1 9 13 17 15 25 -9 -13 20 28 -3 27 22 21 -6 -8 -14 -25 -2 -10 -4 29 -7
right_child=1 3 5 6 11 16 19 8 26 -11 -12 14 23 -15 -16 -17 -18 -19 -20 -21 -22 -23 -24 24 -26 -27 -28 -29 -30 -31
leaf_value=-0.040915439746997975 -0.018766758178040709 -0.0033238022686049775 -0.066280093273866816 0.076944206071936569 -0.078929829480601288 0.040034278575330977 0.17534463678705781 -0.19959113616791985 -0.090256700637566786 -0.05469106176625127 0.049824171745790277 0.066830811566776713 -0.007148726249076625 -0.36426228344440464 0.01519990693567078 -0.11517089968142302 0.011000933984448154 0.027461695098054392 0.0010332496836781503 0.21755079789595172 0.0066170010786204617 -0.0057245060188072204 0.077156211696781746 -0.069271233558654791 0.009127704138306672 0.056239629861636047 -0.14109006051359504 -0.10344658809948096 -0.021252691865353505 -0.04846248266821835
leaf_weight=54 2907 276 697 184 51 32 51 63 137 23 907 144 4122 20 4063 23 97 2807 44 44 8100 917 43 50 1578 39 203 187 410 1329
leaf_count=54 2907 276 697 184 51 32 51 63 137 23 907 144 4122 20 4063 23 97 2807 44 44 8100 917 43 50 1578 39 203 187 410 1329
internal_value=-3.67229e-05 0.00758437 -0.0608621 0.0364908 0.00191717 -0.0487369 0.111771 -0.128667 -0.139291 -0.199221 0.0304156 0.00850164 -0.00815188 -0.239271 0.0169672 0.00458409 -0.0378865 0.0247057 -0.0705779 0.158207 0.00488784 -0.0095814 0.130429 -0.0032221 0.00671987 -0.0177738 -0.120607 -0.0741422 -0.0405642 -0.0463817
internal_weight=29602 26306 3296 4312 21994 2796 322 500 446 106 3990 13298 8696 83 4207 9091 1868 3083 928 138 9068 968 94 5750 1628 2946 340 884 1771 1361
internal_count=29602 26306 3296 4312 21994 2796 322 500 446 106 3990 13298 8696 83 4207 9091 1868 3083 928 138 9068 968 94 5750 1628 2946 340 884 1771 1361
is_linear=0
shrinkage=0.05


Tree=44
num_leaves=31
num_cat=0
split_feature=237 235 296 296 299 299 241 285 243 291 20 174 126 192 280 3 284 3 35 32 187 245 128 183 221 41 165 291 287 35
split_gain=4963.31 1597.73 916.504 678.211 649.759 214.556 173.405 168.23 167.403 155.618 133.132 165.676 167.092 104.426 116.931 102.633 118.487 94.8924 93.5212 129.426 89.0781 85.8602 84.0402 83.9569 83.9545 83.0773 109.087 79.6102 77.9274 83.5666
threshold=-6.5904405117034903 0.77426594495773327 -18.777529716491696 8.8343286514282244 -3.2488235235214229 -12.274705886840819 -1.3482201695442197 -5.7584640979766837 2.5889950990676884 -28.467032432556149 -5.5541486740112296 -12.034607887268065 -9.5484290122985822 -0.57000932097434986 -4.0341994762420645 2.7089955806732182 7.8887033462524423 -2.148729562759399 -4.8740346431732169 -3.7045097351074214 0.24955882132053378 1.1034954190254214 5.6534087657928476 -5.1039216518402091 -21.508234977722164 1.1688934564590456 -3.1540195941925044 -21.631050109863278 -4.1213660240173331 4.4251959323883066
decision_type=2 2 2 2 2 2 2 2 2 2 2 2 2 2 2 2 2 2 2 2 2 2 2 2 2 2 2 2 2 2
left_child=2 4 9 8 7 25 18 21 17 10 -1 12 -12 -8 -15 -5 -17 -3 19 -6 -9 -2 -19 -20 -11 26 -4 -26 29 -7
right_child=1 3 5 15 6 28 13 20 -10 24 11 -13 -14 14 -16 16 -18 22 23 -21 -22 -23 -24 -25 27 -27 -28 -29 -30 -31
leaf_value=-0.04967099825541179 -0.021122708745901362 -0.0063453371761031975 -0.061806389289660937 0.096435960133870458 0.035629863334962951 -0.035121670904461166 0.0095462126236470699 -0.0058973395853216546 0.050038315814894596 -0.023964262008666994 -0.17697608845849191 -0.061966724622817271 -0.33736718486655848 0.061427121623777427 0.019804086378835507 0.10826863079536252 0.23000660431690709 0.027176419817056464 -0.029562166844367646 -0.057305968530587295 0.020641425278809696 0.082925629541277898 0.11588176555103727 0.0053821711703871565 -0.13124747225894265 -0.1007212997893529 0.042175467108161405 -0.089094920238487335 0.013672427902929486 -0.11450777562225567
leaf_weight=21 2295 217 844 138 52 1326 3620 6264 925 32 62 21 22 182 2315 41 39 2411 176 134 333 20 27 7355 201 136 26 253 80 34
leaf_count=21 2295 217 844 138 52 1326 3620 6264 925 32 62 21 22 182 2315 41 39 2411 176 134 333 20 27 7355 201 136 26 253 80 34
internal_value=-3.48868e-05 0.00691425 -0.0603547 0.0369345 0.00190164 -0.0466627 0.00868441 -0.00862718 0.0317206 -0.115078 -0.164595 -0.18758 -0.218983 0.014972 0.0228379 0.122557 0.167616 0.0253387 0.00370049 -0.0313239 -0.00455773 -0.0202238 0.0281588 0.00456552 -0.10224 -0.0643798 -0.0586989 -0.107757 -0.0342853 -0.0371063
internal_weight=29602 26544 3058 3798 22746 2446 13834 8912 3580 612 126 105 84 6117 2497 218 80 2655 7717 186 6597 2315 2438 7531 486 1006 870 454 1440 1360
internal_count=29602 26544 3058 3798 22746 2446 13834 8912 3580 612 126 105 84 6117 2497 218 80 2655 7717 186 6597 2315 2438 7531 486 1006 870 454 1440 1360
is_linear=0
shrinkage=0.05


Tree=45
num_leaves=31
num_cat=0
split_feature=291 293 299 257 299 182 189 182 280 9 299 58 164 34 220 58 86 206 175 13 180 23 292 127 287 298 299 1 127 280
split_gain=4520.44 1536.24 908.07 704.613 457.993 226.017 208.368 193.647 160.076 165.756 152.409 142.235 136.438 130.078 172.804 134.971 129.393 107.888 92.0082 106.929 91.0473 90.0953 84.1383 80.1116 76.8001 79.8403 98.2461 75.4782 73.8038 81.7036
threshold=-8.0370221138000471 0.11284317448735239 -16.839019775390621 6.0455391407012948 -2.376666665077209 -3.383629202842712 -17.632146835327145 1.6683460474014284 -28.562280654907223 -1.8646653294563291 3.908313632011414 18.970784187316898 -6.3042583465576163 -3.417843103408813 -4.1635782718658438 -1.120546221733093 1.6657412648200991 -18.527933120727536 0.036474257707595832 -3.418229222297668 -5.0446922779083243 -8.1514687538146955 -10.778578758239744 -0.74862745404243458 -4.9758584499359122 -3.9790197610855098 -3.6681176424026485 0.71437910199165355 -5.4096918106079093 4.2977941036224374
decision_type=2 2 2 2 2 2 2 2 2 2 2 2 2 2 2 2 2 2 2 2 2 2 2 2 2 2 2 2 2 2
left_child=2 4 6 10 5 -2 8 16 9 -1 18 -5 -7 -6 15 23 21 -10 19 -3 -8 -4 -23 -15 -14 26 -26 -13 -16 -30
right_child=1 3 7 11 13 12 20 -9 17 -11 -12 27 24 14 28 -17 -18 -19 -20 -21 -22 22 -24 -25 25 -27 -28 -29 29 -31
leaf_value=-0.14668231410905719 -0.016179399947516146 -0.095511911673979322 0.043885006058600642 0.076808390124090797 0.038346497730204931 -0.055467586560795701 -0.096027506426686338 0.03609042758587748 -0.027512804667154951 -0.32934268605692885 0.050146271940475697 0.075844143427187399 -0.010487633412792569 -0.020579297531304171 -0.073904668339169949 0.010646784941118266 -0.10472362608444402 -0.16099269215653583 0.029522763890196081 0.015476967631500766 -0.028545147842831083 -0.052091012850446317 -0.032325662024305674 -0.075011201292790222 0.0053266100457278632 -0.0015819171175525011 0.035319930337427655 0.16605495365093584 0.0099973119843997007 0.064644914433576062
leaf_weight=27 3385 22 31 232 380 114 672 80 24 23 601 31 1575 162 26 199 82 41 2305 1596 54 1051 1104 116 1860 5486 320 92 7830 69
leaf_count=27 3385 22 31 232 380 114 672 80 24 23 601 31 1575 162 26 199 82 41 2305 1596 54 1051 1104 116 1860 5486 320 92 7830 69
internal_value=-0.000101771 0.00669034 -0.0563321 0.0320221 0.000947683 -0.00510809 -0.100913 -0.0403641 -0.163446 -0.230706 0.0266993 0.0998529 -0.00110207 0.00973277 0.00843864 -0.0207892 -0.0430609 -0.111708 0.0231073 0.0139678 -0.0910082 -0.0407478 -0.0419653 -0.0432919 -0.000431398 0.00163468 0.0097293 0.143319 0.0101978 0.0104747
internal_weight=29590 26401 3189 4879 21522 12740 841 2348 115 50 4524 355 9355 8782 8402 477 2268 65 3923 1618 726 2186 2155 278 9241 7666 2180 123 7925 7899
internal_count=29590 26401 3189 4879 21522 12740 841 2348 115 50 4524 355 9355 8782 8402 477 2268 65 3923 1618 726 2186 2155 278 9241 7666 2180 123 7925 7899
is_linear=0
shrinkage=0.05


Tree=46
num_leaves=31
num_cat=0
split_feature=241 295 288 200 183 293 189 251 52 226 79 247 157 59 99 185 285 10 191 131 292 281 118 151 262 57 17 290 17 299
split_gain=4120.04 1391.9 892.945 571.893 486.734 192.61 185.215 163.995 153.023 149.126 147.417 131.849 105.994 104.401 100.627 97.7319 94.229 94.1198 90.7862 89.4768 89.0384 86.497 86.2283 100.765 94.9091 82.0869 81.2801 82.5977 76.4362 74.7124
threshold=-6.2147109508514395 0.63382652401924144 -15.29126977920532 8.2220697402954119 -2.0060205459594722 -4.8587744235992423 -17.632146835327145 -2.0394805669784541 -4.9291672706603995 3.5174924135208134 -5.0297369956970206 -12.69204521179199 -4.3673248291015616 9.0509805679321307 -8.7799310684204084 -0.62452614307403553 7.5227448940277108 -3.4438757896423335 -7.7222354412078849 2.2966667413711552 -3.9494117498397823 -28.718905448913571 -0.56757354736328114 -3.6968628168106075 -1.5171372294425962 -1.0190047621726988 -4.2665441036224356 -21.547742843627926 -2.5049439668655391 -0.30421291291713709
decision_type=2 2 2 2 2 2 2 2 2 2 2 2 2 2 2 2 2 2 2 2 2 2 2 2 2 2 2 2 2 2
left_child=2 4 6 9 5 18 10 14 -7 -3 17 12 -4 29 -6 26 -5 -1 -2 -11 -16 -19 24 -24 -13 28 -8 -28 -10 -9
right_child=1 3 11 16 7 8 15 13 25 19 -12 22 -14 -15 20 -17 -18 21 -20 -21 -22 -23 23 -25 -26 -27 27 -29 -30 -31
leaf_value=-0.030512436702847479 -0.076972195121549791 0.024084424570563975 -0.054064044813315074 0.07820692979372465 0.10815477317029781 -0.048250666466252562 -0.025044467051823935 0.010664330992243773 -0.032731006369572282 0.036406765203584324 -0.27623952116817235 -0.036608621263083001 -0.13812517207860947 0.10550061464309693 -0.011768153713484664 0.018740879972888667 0.14388477325439453 -0.22032510823216933 -0.015766874575534232 0.071047008856602589 0.0050512980719438225 -0.11051827654876607 0.051749711378019252 -0.028380440035387158 0.063391113702285423 0.0035676396708946853 -0.11738717751165406 -0.081139776504475833 -0.0044888767112607223 0.023009901607545565
leaf_weight=20 62 2847 150 104 22 174 48 5268 258 550 20 2089 50 31 1041 22 115 29 2659 282 3223 47 63 104 24 4594 226 516 3355 1597
leaf_count=20 62 2847 150 104 22 174 48 5268 258 550 20 2089 50 31 1041 22 115 29 2659 282 3223 47 63 104 24 4594 226 516 3355 1597
internal_value=-9.66828e-05 0.00663458 -0.0518097 0.034199 0.00181292 -0.00560323 -0.093649 0.00917601 -0.00185069 0.0295263 -0.152749 -0.0361537 -0.0750793 0.0139497 0.00149535 -0.0852062 0.112695 -0.127021 -0.0171615 0.0481478 0.000945048 -0.152418 -0.0327392 0.0018483 -0.0354728 -0.000866948 -0.088101 -0.0921801 -0.00650561 0.0135363
internal_weight=29590 26182 3408 3898 22284 11102 928 11182 8381 3679 116 2480 200 6896 4286 812 219 96 2721 832 4264 76 2280 167 2113 8207 790 742 3613 6865
internal_count=29590 26182 3408 3898 22284 11102 928 11182 8381 3679 116 2480 200 6896 4286 812 219 96 2721 832 4264 76 2280 167 2113 8207 790 742 3613 6865
is_linear=0
shrinkage=0.05


Tree=47
num_leaves=31
num_cat=0
split_feature=241 238 288 299 58 239 189 280 44 211 247 292 271 298 190 159 30 14 299 191 114 230 206 119 165 87 165 204 177 189
split_gain=3718.34 1250.53 805.883 623.243 342.94 186.99 167.157 147.956 146.252 141.31 118.994 110.47 106.734 103.579 115.045 96.6178 94.0216 91.5002 89.787 89.6404 88.8016 84.7647 83.046 78.193 105.332 96.9091 77.6127 92.0319 91.6213 77.3103
threshold=-6.2147109508514395 2.4213430881500249 -15.29126977920532 -2.0312273502349849 18.970784187316898 -3.1655293703079219 -17.632146835327145 -28.562280654907223 -7.2999999523162833 -0.26829802989959711 -12.69204521179199 6.2095098495483407 -11.713919162750242 -1.5149673819541929 -5.7863473892211905 -4.3435294628143302 -5.6673343181610099 1.2091553807258608 -1.2552287578582761 -7.7222354412078849 -1.6213986277580259 3.6908472776412968 -18.527933120727536 -1.5271148681640623 -5.6001546382904044 -0.43446078896522516 -0.18241833150386808 2.155996680259705 -1.8682352900505064 -1.1493333578109739
decision_type=2 2 2 2 2 2 2 2 2 2 2 2 2 2 2 2 2 2 2 2 2 2 2 2 2 2 2 2 2 2
left_child=2 3 6 5 11 19 7 8 -1 13 15 26 -7 -5 -15 -4 17 -8 -16 -2 -20 29 -9 25 -25 -12 27 -3 -28 -14
right_child=1 4 10 9 -6 12 16 22 -10 -11 23 -13 21 14 18 -17 -18 -19 20 -21 -22 -23 -24 24 -26 -27 28 -29 -30 -31
leaf_value=-0.29550252532958987 -0.066558989797319695 0.024934793440903078 -0.054768016385885833 0.017665364515508455 0.129593115234375 0.11396914592811042 -0.035975526144558734 -0.021766090393066408 -0.12447476959228516 0.019818686578117334 -0.030572977980135842 0.069548393376051038 -0.0019847462355045658 -0.097538933663495961 -0.0085544218749616496 -0.14426716751343496 -0.09054309582555449 -0.1295993398874998 -0.0095224702603012232 -0.0096171396717973506 0.012653001500182878 0.074661770692238436 -0.13835874285016742 0.058816924020648004 -0.02055091946148405 -0.064172241646720446 0.14733514569699765 -0.06148862898349762 0.039131539739531318 0.0087467815355619285
leaf_weight=25 70 134 163 1878 125 21 165 24 25 4356 1730 309 6503 28 1032 37 616 31 554 5475 2439 39 42 50 255 245 20 40 897 2262
leaf_count=25 70 134 163 1878 125 21 165 24 25 4356 1730 309 6503 28 1032 37 616 31 554 5475 2439 39 42 50 255 245 20 40 897 2262
internal_value=-9.18487e-05 0.00630285 -0.0492192 0.00358528 0.050242 -0.00314053 -0.0889666 -0.145111 -0.209989 0.0129806 -0.034346 0.043157 0.00138058 0.00795844 0.00346064 -0.0713254 -0.0809459 -0.0507834 0.00416324 -0.010336 0.00854835 0.00111202 -0.0959614 -0.0311022 -0.0075398 -0.034741 0.0356823 0.00506734 0.0414915 0.000784759
internal_weight=29590 26182 3408 24657 1525 14370 928 116 50 10287 2480 1400 8825 5931 4053 200 812 196 4025 5545 2993 8804 66 2280 305 1975 1091 174 917 8765
internal_count=29590 26182 3408 24657 1525 14370 928 116 50 10287 2480 1400 8825 5931 4053 200 812 196 4025 5545 2993 8804 66 2280 305 1975 1091 174 917 8765
is_linear=0
shrinkage=0.05


Tree=48
num_leaves=31
num_cat=0
split_feature=232 292 299 232 180 292 189 237 76 32 35 35 103 1 26 16 77 23 11 131 299 184 76 92 20 8 292 50 265 235
split_gain=3412.07 1165.83 690.302 544.663 339.068 170.374 150.419 144.345 143.418 115.154 150.608 112.641 108.466 103.338 95.5439 94.5022 84.9272 83.2363 76.3542 124.253 75.2033 73.9611 73.4539 76.8882 72.5311 80.6843 70.1109 69.6896 107.664 71.1037
threshold=-6.2340741157531729 0.05831659026443959 -16.839019775390621 6.5002956390380868 -1.7689396142959593 -5.047255039215087 -17.632146835327145 1.8965834975242617 -5.0750899314880362 -4.4893412590026847 -4.5638809204101554 2.7885620594024663 -2.1122324466705318 3.0963305234909062 5.1352825164794931 3.2145588397979741 -2.311715722084045 -0.91763550043106068 -1.7331481575965879 -13.546093463897703 -6.0658333301544181 -0.74756300449371327 4.5783360004425058 -0.17316991835832593 -2.8683626651763912 1.5805196762084963 -10.778578758239744 0.98582860827445995 -5.7699999809265128 -1.4903275370597837
decision_type=2 2 2 2 2 2 2 2 2 2 2 2 2 2 2 2 2 2 2 2 2 2 2 2 2 2 2 2 2 2
left_child=2 4 6 7 5 27 8 -3 18 -6 -11 13 16 26 15 -5 -12 -14 -1 -20 -15 -7 23 -9 25 -8 -4 29 -29 -2
right_child=1 3 11 14 9 21 24 22 -10 10 12 -13 17 20 -16 -17 -18 -19 19 -21 -22 -23 -24 -25 -26 -27 -28 28 -30 -31
leaf_value=-0.049516898160800342 -0.015797609339983584 0.017657640887259227 -0.0461508519913508 0.075990762566075176 0.040378878724341302 -0.0034013419994526786 -0.064924990457214726 0.060957636895108983 -0.24910857755069934 -0.030983659092464373 -0.023016560912393114 -0.079627032261906261 0.016312235449698866 -0.013049507171115618 0.036782681147257489 0.13488504660540615 0.0028702374264626745 0.0058714263581100441 -0.21677677710851034 -0.071635667645725709 0.064164502881467342 0.012331180000673238 0.083745360374450684 0.028115946977022674 -0.087682685961705961 0.030676730779501112 -0.027751452841841592 -0.098778998378723393 -0.018830692263569419 0.023454553749381511
leaf_weight=32 2481 3542 876 165 255 7165 146 219 24 263 457 132 2959 149 75 116 1033 5379 30 29 40 834 80 957 549 26 1266 63 127 121
leaf_count=32 2481 3542 876 165 255 7165 146 219 24 263 457 132 2959 149 75 116 1033 5379 30 29 40 834 80 957 549 26 1266 63 127 121
internal_value=-8.72562e-05 0.00592717 -0.0480185 0.0272494 0.000728001 -0.00547279 -0.0872765 0.0228219 -0.140382 0.0071955 0.00635695 -0.0346935 0.0073562 -0.032149 0.0869209 0.100303 -0.00506954 0.00957667 -0.111706 -0.145436 0.00329208 -0.00176102 0.0373856 0.0342319 -0.0788062 -0.0504736 -0.0352761 -0.0161069 -0.0453399 -0.0139723
internal_weight=29590 26291 3299 5154 21137 10791 836 4798 115 10346 10091 2463 9828 2331 356 281 1490 8338 91 59 189 7999 1256 1176 721 172 2142 2792 190 2602
internal_count=29590 26291 3299 5154 21137 10791 836 4798 115 10346 10091 2463 9828 2331 356 281 1490 8338 91 59 189 7999 1256 1176 721 172 2142 2792 190 2602
is_linear=0
shrinkage=0.05


Tree=49
num_leaves=31
num_cat=0
split_feature=232 293 299 257 182 248 189 187 280 44 36 164 299 1 63 292 67 39 22 206 291 289 223 26 281 181 202 17 282 143
split_gain=3079.4 1060.42 622.997 524.548 287.404 136.947 135.753 135.613 121.603 126.672 121.204 109.096 105.732 104.942 97.5795 97.3672 97.2044 91.5285 87.562 80.7625 78.8211 76.2754 76.0618 69.7162 68.5054 65.88 80.2224 68.1182 91.2622 65.2034
threshold=-6.2340741157531729 -0.57777273654937733 -16.839019775390621 6.0455391407012948 -3.3125294446945186 -2.6339750289916988 -17.632146835327145 0.069372583180665984 -28.562280654907223 -7.2999999523162833 4.0458407402038583 -5.8119606971740714 -10.23098039627075 3.2641770839691167 21.775351524353031 4.9431185722351083 6.0642416477203378 -2.5911738872528072 -0.12957964092493054 -18.527933120727536 1.4503136873245241 -12.830650806427 -0.44477936625480646 -0.99986928701400746 11.510252952575685 -5.2092039585113517 -8.7497057914733869 -2.5584776401519771 -24.46821308135986 -1.7793121933937071
decision_type=2 2 2 2 2 2 2 2 2 2 2 2 2 2 2 2 2 2 2 2 2 2 2 2 2 2 2 2 2 2
left_child=2 4 6 7 21 11 8 -3 9 -1 12 17 -4 22 -5 -9 20 -6 -18 -10 29 -2 -14 -16 -25 27 -27 -8 -29 -7
right_child=1 3 10 14 5 16 25 15 19 -11 -12 -13 13 -15 23 -17 18 -19 -20 -21 -22 -23 -24 24 -26 26 -28 28 -30 -31
leaf_value=-0.27156896972656253 -0.10287739550289901 0.012017009587211504 -0.041902192668168851 0.063204920190012351 0.029085427853796222 0.012568349382263665 -0.047249483806428627 0.02378035644112508 -0.015422375996907553 -0.11240142822265625 -0.10256015658378602 -0.0014658601836436062 -0.023243370741135902 0.030141970130705065 0.17790119767189028 0.051135494106489682 0.11974797522028287 -0.060573103278875357 0.012884347831330648 -0.13090961735423021 0.066658403503674052 -0.011559948987764889 -0.11510685181407176 0.070547765581046834 0.17581771850585937 0.046411229856312276 -0.077169612769422857 -0.13906516636887642 -0.07889598262154876 0.0032882919218405931
leaf_weight=25 23 2917 1176 234 36 2703 134 2803 24 25 61 6535 1110 93 35 368 36 136 41 41 54 3967 23 68 20 24 29 73 461 6315
leaf_count=25 23 2917 1176 234 36 2703 134 2803 24 25 61 6535 1110 93 35 368 36 136 41 41 54 3967 23 68 20 24 29 73 461 6315
internal_value=-8.28934e-05 0.00563081 -0.0456176 0.0232518 -9.16159e-05 0.00292673 -0.0829127 0.0197976 -0.133363 -0.191985 -0.0329588 -0.00250041 -0.0311912 -0.0209171 0.0821571 0.026955 0.0069053 -0.0418074 0.0628466 -0.0882682 0.00643049 -0.0120863 -0.0251082 0.118213 0.0944728 -0.0748659 -0.0212085 -0.0791231 -0.0871214 0.00606984
internal_weight=29590 26291 3299 6445 19846 15856 836 6088 115 50 2463 6707 2402 1226 357 3171 9149 172 77 65 9072 3990 1133 123 88 721 53 668 534 9018
internal_count=29590 26291 3299 6445 19846 15856 836 6088 115 50 2463 6707 2402 1226 357 3171 9149 172 77 65 9072 3990 1133 123 88 721 53 668 534 9018
is_linear=0
shrinkage=0.05


Tree=50
num_leaves=31
num_cat=0
split_feature=299 299 257 291 294 241 121 182 122 258 28 32 164 287 16 241 150 247 16 8 85 298 35 271 146 298 186 82 35 73
split_gain=2802.04 890.045 736.433 323.798 302.959 293.819 681.995 138.718 131.571 116.38 116.212 110.501 116.181 105.694 104.706 104.318 94.7543 114.504 92.282 91.4204 88.7709 85.0263 80.9884 80.3382 84.3499 79.0646 75.2811 117.875 81.6581 87.5902
threshold=-7.0665874481201163 1.1209803223609927 -13.110523223876951 -2.2803553342819209 7.2632582187652597 -21.856930732727047 -8.70294141769409 -3.5381470918655391 1.516271770000458 4.560070514678956 2.3327708244323735 -5.5932784080505362 -6.3042583465576163 -4.5084965229034415 -2.3860539197921748 -9.2362093925476056 1.5013822317123415 -1.5932919979095457 3.2145588397979741 -4.2225935459136954 -7.12935447692871 -11.34267997741699 -5.6283211708068839 -3.7901960611343379 -2.1471177339553829 -7.1210846900939933 -0.87042483687400807 -2.5216587781906123 -4.2968015670776358 -2.0236109495162959
decision_type=2 2 2 2 2 2 2 2 2 2 2 2 2 2 2 2 2 2 2 2 2 2 2 2 2 2 2 2 2 2
left_child=2 3 5 7 22 6 14 -2 19 13 18 -9 -13 -5 -1 -4 17 -17 -6 -7 -16 -21 -3 -14 -25 -15 27 -27 -29 -30
right_child=1 4 15 9 10 8 -8 11 -10 -11 -12 12 23 25 20 16 -18 -19 -20 21 -22 -23 -24 24 -26 26 -28 28 29 -31
leaf_value=-0.011844252393795895 -0.013162732013791778 0.10607525417881628 -0.042602935378804746 -0.02066642844215387 0.072657858378419246 0.024097230657935145 -0.41859943628311158 0.046132729536905066 0.029947349587173173 0.096390211895892502 0.044234319540518749 -0.052870256156783625 -0.0062421719911431141 0.10024440338214238 -0.17099652555253772 -0.021613177991232496 -0.080167466532021989 0.054238934678883827 0.14443729821737711 -0.072262832239457231 -0.051922242095073068 -0.17674589585047218 0.024788897774550376 0.011745956917208533 -0.00088925098960127035 0.025840750186543221 0.014251452242787462 -0.037512132097951706 -0.01350761601824664 0.0065406370565050517
leaf_weight=26 2622 31 819 297 107 24 20 127 33 38 158 106 3502 24 45 2036 67 51 77 737 24 20 2659 1976 3984 631 4417 122 627 4156
leaf_count=26 2622 31 819 297 107 24 20 127 33 38 158 106 3502 24 45 2036 67 51 77 737 24 20 2659 1976 3984 631 4417 122 627 4156
internal_value=-8.08432e-05 0.00592176 -0.0395562 0.0025132 0.0313612 -0.0784144 -0.153225 -0.0029594 -0.0678452 0.00904985 0.0756874 -0.000199922 -0.000814914 0.00872681 -0.0973571 -0.0274138 -0.0216386 -0.0197596 0.102696 -0.0719773 -0.129579 -0.0750233 0.0257257 -0.000231753 0.00329987 0.0096018 0.00938323 0.00549903 0.00288219 0.00391253
internal_weight=29563 25661 3902 22629 3032 929 115 12317 814 10312 342 9695 9568 10274 95 2973 2154 2087 184 781 69 757 2690 9462 5960 9977 9953 5536 4905 4783
internal_count=29563 25661 3902 22629 3032 929 115 12317 814 10312 342 9695 9568 10274 95 2973 2154 2087 184 781 69 757 2690 9462 5960 9977 9953 5536 4905 4783
is_linear=0
shrinkage=0.05


Tree=51
num_leaves=31
num_cat=0
split_feature=299 299 257 292 299 241 121 160 122 173 5 33 186 59 36 15 285 283 174 0 258 17 30 22 143 225 284 13 190 111
split_gain=2528.84 803.265 664.631 281.725 276.97 265.172 615.501 145.088 118.928 109.739 107.97 98.8556 96.3081 98.2696 112.809 96.2306 139.312 89.9076 85.1163 77.2827 78.2625 74.7365 72.7165 70.3541 70.1895 114.312 67.1621 66.894 65.4204 90.3857
threshold=-7.0665874481201163 1.1209803223609927 -13.110523223876951 -2.5037306547164913 6.7822592258453378 -21.856930732727047 -8.70294141769409 -5.8393626213073722 1.5957298874855044 -4.3004384040832511 4.5226049423217782 1.4281862378120425 -0.69699347019195546 -2.0701216459274288 -2.3043696880340572 5.4003360271453866 11.712193489074709 -3.0934331417083736 -3.5297302007675166 -3.5232212543487544 4.560070514678956 -3.5372244119644161 -5.3562605381011954 -2.3404635190963741 -1.4366150498390196 -2.3393006324768062 -13.947274684906004 -1.6345105171203611 -4.7463138103485099 4.1742265224456796
decision_type=2 2 2 2 2 2 2 2 2 2 2 2 2 2 2 2 2 2 2 2 2 2 2 2 2 2 2 2 2 2
left_child=2 3 5 9 23 6 21 -5 22 -2 24 17 13 -9 -15 -6 -17 -4 -19 -14 -21 -1 -7 -3 25 -11 -13 -23 -16 -30
right_child=1 4 11 7 15 8 -8 12 -10 10 -12 26 19 14 28 16 -18 18 -20 20 -22 27 -24 -25 -26 -27 -28 -29 29 -31
leaf_value=-0.014024106834245764 -0.017567604472248297 0.053147093879477109 -0.023681015239579495 -0.043217864736695505 0.060330187437127675 -0.038257037778384989 -0.39766950726509098 -0.010791272886062412 0.030024546990171076 -0.0027775992738180467 0.065454932848612465 -0.10909827026801232 0.083109616070258907 0.029367520051689123 -0.031762921494933281 0.066264879703521726 0.22971123782071201 0.093113253498449927 -0.010529577248514846 0.013496605725114866 0.092000911198556426 -0.19526580587029457 -0.076052068908162823 0.022031036268678156 -0.0073140800673988666 0.011899506339548 -0.040832309187813241 -0.087665586460095202 0.005559843841357162 0.095631827626909527
leaf_weight=23 1171 196 2377 136 299 160 20 851 32 4816 60 39 41 531 117 32 22 32 52 4020 32 20 622 2483 3717 1831 473 52 5278 28
leaf_count=23 1171 196 2377 136 299 160 20 851 32 4816 60 39 41 531 117 32 22 32 52 4020 32 20 622 2483 3717 1831 473 52 5278 28
internal_value=-7.68011e-05 0.00562567 -0.0375784 0.00238754 0.0297931 -0.0744936 -0.145564 0.00810652 -0.064453 -0.00305474 -0.00142441 -0.0260431 0.00874701 0.0051017 0.00737327 0.0714245 0.132854 -0.0218845 0.0289534 0.0148077 0.0141166 -0.0924893 -0.0683191 0.0243075 -0.00181159 0.00126539 -0.0460323 -0.117555 0.00521967 0.00603516
internal_weight=29563 25661 3902 22629 3032 929 115 11034 814 11595 10424 2973 10898 6805 5954 353 54 2461 84 4093 4052 95 782 2679 10364 6647 512 72 5423 5306
internal_count=29563 25661 3902 22629 3032 929 115 11034 814 11595 10424 2973 10898 6805 5954 353 54 2461 84 4093 4052 95 782 2679 10364 6647 512 72 5423 5306
is_linear=0
shrinkage=0.05


Tree=52
num_leaves=31
num_cat=0
split_feature=246 241 293 244 29 292 284 174 183 7 5 28 284 34 164 187 28 31 269 107 90 196 32 261 232 257 182 19 203 161
split_gain=2269.75 860.583 407.03 392.524 370.642 300.078 138.836 131.138 118.578 116.601 115.888 97.7718 94.6512 91.0225 78.3877 92.5233 73.1427 69.7486 69.4347 94.9636 67.9032 65.5047 64.6609 62.1874 61.8745 92.5206 61.67 58.7012 57.7962 66.7429
threshold=-8.3627843856811506 -0.91277414560317982 6.2053430080413827 -17.242352485656735 -10.960882186889647 -5.5061204433441153 0.49501079320907598 -5.2713725566864005 -2.0060205459594722 1.8261629939079287 2.7315902709960942 5.5040197372436532 12.41129779815674 -6.5365686416625968 -5.8119606971740714 -2.620482206344604 -7.8600981235504142 2.9426470994949345 -3.8447059392929073 -0.047541942447423928 -1.6456426978111265 0.071250010281801238 -2.8633598089218135 -3.4962779283523555 -3.6625013351440425 -4.6034042835235587 1.101641893386841 -1.0452491641044614 -1.1158823966979978 -0.24688238650560376
decision_type=2 2 2 2 2 2 2 2 2 2 2 2 2 2 2 2 2 2 2 2 2 2 2 2 2 2 2 2 2 2
left_child=3 5 6 4 -1 16 13 -5 14 21 -6 12 -11 -3 15 -7 -2 28 19 -10 23 -4 -20 -8 25 -15 27 -16 29 -18
right_child=1 2 9 7 10 8 20 -9 18 11 -12 -13 -14 24 26 -17 17 -19 22 -21 -22 -23 -24 -25 -26 -27 -28 -29 -30 -31
leaf_value=-0.28347186279296877 0.03486037455813986 0.067804432878127471 -0.03515755274891854 -0.046666406653191772 -0.092758229697917735 0.0052576419823463002 0.13040861748158933 -0.014799858629703523 0.0015353377101388278 0.086042722578232103 0.015608811930373865 -0.0060096327554095882 0.17668246514088401 -0.10337649690253395 0.0050879564931781479 -0.050294972978330944 -0.014647379532759207 -0.04812273708256809 0.030224295535890185 -0.034072800719330457 0.020231511285972031 0.049758850641909151 0.0065369327433578957 0.03913618885114202 0.0094505675034491036 -0.0052469016179530585 0.063095868492705959 -0.0049544335165392188 -0.043515772057181025 0.025199674278360992
leaf_weight=25 71 65 25 1479 286 126 20 413 937 130 27 22 37 28 1927 185 2928 165 303 234 2940 248 5860 279 4380 169 36 5943 166 109
leaf_count=25 71 65 25 1479 286 126 20 413 937 130 27 22 37 28 1927 185 2928 165 303 234 2940 248 5860 279 4380 169 36 5943 166 109
internal_value=-7.2961e-05 0.00388429 0.0172695 -0.0485768 -0.0982077 -0.00199631 0.0145955 -0.0397103 0.000959398 0.0628828 -0.0834103 0.0930719 0.106125 0.00905203 -0.00316543 -0.0277881 -0.0153619 -0.0164206 0.00558085 -0.00558021 0.0225402 0.0419826 0.00770151 0.0452414 0.00821766 -0.0191943 -0.00219684 -0.00249552 -0.0147875 -0.0132172
internal_weight=29563 27333 8343 2230 338 18990 7881 1892 15551 462 313 189 167 4642 8217 311 3439 3368 7334 1171 3239 273 6163 299 4577 197 7906 7870 3203 3037
internal_count=29563 27333 8343 2230 338 18990 7881 1892 15551 462 313 189 167 4642 8217 311 3439 3368 7334 1171 3239 273 6163 299 4577 197 7906 7870 3203 3037
is_linear=0
shrinkage=0.05


Tree=53
num_leaves=31
num_cat=0
split_feature=299 186 243 58 299 29 289 5 173 34 182 183 57 190 150 231 156 99 295 298 298 284 33 298 76 38 35 298 272 298
split_gain=2077.49 670.01 550.57 300.357 278.029 202.372 135.204 130.896 122.409 110.324 108.132 90.8324 87.0807 89.3719 77.2245 106.5 76.6159 74.9599 71.8447 89.796 68.1265 68.0888 75.1644 65.4253 85.0419 64.6499 92.2768 63.8896 67.5069 66.3948
threshold=-7.0665874481201163 0.65718477964401256 -13.893791198730467 8.5920672416687029 -1.8301728963851926 -10.960882186889647 7.0981435775756845 2.8549804687500004 -4.1591176986694327 -4.3859183788299552 -7.482470989227294 -3.6886100769042964 -0.052222227677702897 4.5054767131805429 1.5013822317123415 -0.35666668415069575 -0.031764686107635491 -5.8898823261260977 2.2722502946853642 -1.0000000180025095e-35 -8.6299347877502424 12.41129779815674 -5.344411849975585 -1.5149673819541929 -3.375210046768188 -2.6093757152557369 -5.0618038177490225 -8.1574697494506818 -3.6610010862350459 -1.7744941115379331
decision_type=2 2 2 2 2 2 2 2 2 2 2 2 2 2 2 2 2 2 2 2 2 2 2 2 2 2 2 2 2 2
left_child=2 4 5 6 8 -1 -3 -7 20 -6 17 16 23 -14 15 -12 -11 -4 19 25 -2 22 -5 24 -13 -10 -27 -28 -29 -30
right_child=1 3 10 21 9 7 -8 -9 18 11 14 12 13 -15 -16 -17 -18 -19 -20 -21 -22 -23 -24 -25 -26 26 27 28 29 -31
leaf_value=-0.19012097252739801 0.070915123007514264 0.018824225015901398 -0.021365128404953901 0.13645330757805796 0.048919727485303932 -0.074670208391557108 0.060794399298873605 0.011126650124788286 0.0099563110322818671 0.00020291844168595507 -0.019051602361394929 0.09303909284727914 0.015355514163396634 0.12137930035591125 -0.070222390126692111 0.09150521938308058 -0.043989662469729136 -0.051009655957455408 0.062262766295009188 -0.067900474000722175 -0.017771615896349638 0.13989836529987615 0.052792016044259073 0.0012663095445958272 0.013553530914988477 -0.035869689883314418 0.075469008805575208 -0.0066984842595430114 0.0030613550108370031 -0.012138317479626523
leaf_weight=36 22 3232 340 33 173 602 204 48 1267 339 2209 35 3212 20 73 22 138 572 45 50 1377 41 144 2946 873 197 27 4057 6420 809
leaf_count=36 22 3232 340 33 173 602 204 48 1267 339 2209 35 3212 20 73 22 138 572 45 50 1377 41 144 2946 873 197 27 4057 6420 809
internal_value=-6.9313e-05 0.00509927 -0.0340598 0.0249269 0.00180714 -0.0747256 0.0213161 -0.0683344 -0.00233063 0.00944028 -0.0253855 0.0085372 0.00995888 0.0160116 -0.0196172 -0.0179614 -0.0125824 -0.039958 -0.000803991 -0.00102524 -0.016377 0.0818387 0.0683899 0.00488302 0.0166174 -0.000763542 -0.00194356 -0.00135279 -0.00153657 0.00136035
internal_weight=29563 25661 3902 3654 22007 686 3436 650 14271 7736 3216 7563 7086 3232 2304 2231 477 912 12872 12827 1399 218 177 3854 908 12777 11510 11313 11286 7229
internal_count=29563 25661 3902 3654 22007 686 3436 650 14271 7736 3216 7563 7086 3232 2304 2231 477 912 12872 12827 1399 218 177 3854 908 12777 11510 11313 11286 7229
is_linear=0
shrinkage=0.05


Tree=54
num_leaves=31
num_cat=0
split_feature=232 235 182 76 291 293 293 3 17 257 125 287 82 186 36 135 35 97 57 296 21 170 16 256 143 298 68 295 284 223
split_gain=1881.55 662.916 438.315 746.344 273.476 259.442 103.817 100.467 98.5052 124.347 81.4638 77.342 78.9729 94.8988 71.2759 71.4719 70.9065 69.6714 66.8952 64.1277 63.789 63.1303 61.2064 60.8062 63.8878 60.9397 60.6923 59.6706 59.5502 68.9155
threshold=-6.2340741157531729 0.77426594495773327 -9.1755814552307111 0.51830390095710765 -2.5144349336624141 6.2053430080413827 -4.9723529815673819 1.274401903152466 -4.2665441036224356 -15.410140037536619 1.4947741031646731 -4.9758584499359122 -2.5216587781906123 -0.69699347019195546 4.7366666793823251 0.36267973482608801 -5.6283211708068839 2.6207381486892705 -3.5514158010482784 3.8317576646804814 -4.6238887310028067 -0.57116383314132679 0.51274961233139049 2.206680536270142 -1.417745769023895 -8.8774580955505353 -2.3471990823745723 -11.30174684524536 12.41129779815674 5.2306163311004648
decision_type=2 2 2 2 2 2 2 2 2 2 2 2 2 2 2 2 2 2 2 2 2 2 2 2 2 2 2 2 2 2
left_child=2 4 3 8 6 16 10 19 20 22 17 -6 21 26 15 27 -3 -2 -8 -7 -1 -13 -10 24 25 -20 -14 -4 29 -9
right_child=1 5 14 -5 11 7 18 28 9 -11 -12 12 13 -15 -16 -17 -18 -19 23 -21 -22 -23 -24 -25 -26 -27 -28 -29 -30 -31
leaf_value=0.029214057097068202 -0.012106871286817211 0.088719732231564 -0.036141847994050756 -0.35798637923740206 -0.021625665870719943 0.11259493834242738 -0.024738248972029524 0.12982920403347206 -0.069755789072183938 -0.044197676151069176 0.028242914883359789 0.012491867006812471 -0.014492979472284376 0.012599791120676294 -0.10427490163732459 0.0110373807919992 0.018167364239764738 -0.069907721694347988 0.082073641816775011 0.034279999867925105 -0.062342061996459967 0.039941083120023896 -0.11258403750365241 0.065463036554200313 -0.0068419617389309188 0.002221138098962122 0.003813765389720049 -0.018630343879708838 0.14599002035040606 0.04837373247960719
leaf_weight=52 3193 36 758 21 232 29 290 38 311 485 124 664 494 3579 27 148 3309 53 24 265 30 306 114 35 2709 5338 5421 1358 38 82
leaf_count=52 3193 36 758 21 232 29 290 38 311 485 124 664 494 3579 27 148 3309 53 24 265 30 306 114 35 2709 5338 5421 1358 38 82
internal_value=-6.58473e-05 0.00440855 -0.0356267 -0.0630142 0.00114225 0.0237311 -0.00411795 0.0592859 -0.0567698 -0.0614995 -0.0115312 0.00692866 0.00756175 0.00617332 -0.023517 -0.0225539 0.0189267 -0.0130506 -0.0011424 0.0420049 -0.00428208 0.0211511 -0.0812438 -0.000298232 -0.000583406 0.00257855 0.00228485 -0.0249034 0.0914416 0.074168
internal_weight=29563 26259 3304 1013 22462 3797 11766 452 992 910 3370 10696 10464 9494 2291 2264 3345 3246 8396 294 82 970 425 8106 8071 5362 5915 2116 158 120
internal_count=29563 26259 3304 1013 22462 3797 11766 452 992 910 3370 10696 10464 9494 2291 2264 3345 3246 8396 294 82 970 425 8106 8071 5362 5915 2116 158 120
is_linear=0
shrinkage=0.05


Tree=55
num_leaves=31
num_cat=0
split_feature=299 291 291 7 184 119 40 182 28 212 95 65 28 90 74 237 65 187 234 298 299 278 35 39 7 19 78 283 298 241
split_gain=1790.44 566.318 477.487 226.522 216.184 196.38 150.324 119.801 103.683 115.442 103.407 95.6298 91.0176 84.5392 81.9701 81.7428 80.3946 74.1512 73.0196 75.6997 79.3807 70.8824 94.0515 67.3793 67.3258 62.734 60.5447 59.6559 104.211 72.802
threshold=-6.7961513996124259 1.6588235497474673 -19.971862792968746 5.1913673877716073 -1.5292156934738157 7.1136457920074472 -12.752174854278563 -7.482470989227294 -6.7305300235748282 -4.8289477825164786 -13.656627655029295 -7.7259600162506095 -2.1942005157470699 -8.4650979042053205 -0.22964750230312345 -3.2291455268859859 2.4216040372848515 -1.2542647719383238 -1.1433137059211729 -0.70931601524353016 -1.4338732957839964 7.3891406059265146 4.2056567668914804 -4.5095665454864493 2.2276035547256474 -0.38770730793476099 -1.1095232963562009 -13.352681636810301 -15.027255058288572 -9.2362093925476056
decision_type=2 2 2 2 2 2 2 2 2 2 2 2 2 2 2 2 2 2 2 2 2 2 2 2 2 2 2 2 2 2
left_child=2 4 3 6 15 -3 -1 -4 -6 14 -8 -9 17 -13 26 16 -2 -11 19 20 -14 -7 -23 -12 -25 -17 -10 -15 29 -29
right_child=1 5 7 -5 8 21 10 11 9 12 23 13 18 27 -16 25 -18 -19 -20 -21 -22 22 -24 24 -26 -27 -28 28 -30 -31
leaf_value=0.01521218548650327 -0.0069779333988857321 0.023061008813792538 -0.038115183173410748 -0.23475049625743521 0.071311112055702827 0.05112444953580874 -0.15756513644487433 -0.089979383219843334 -0.0091369413422143324 0.0012169488856642984 -0.044010612072751809 0.040427817788816267 0.001313993903761181 -0.043516705706715592 0.023025586720752091 0.0058860545338719041 -0.05757486298680306 0.029386583347246965 0.010608066076939744 -0.012244954775962838 0.020955250638361556 0.15460765325293249 0.036955824035864608 -0.098798932346390256 -0.018500312839945156 -0.0031736937199918986 -0.0510500033138582 -0.0027117765155331847 -0.017961974262029175 0.11251074006924262
leaf_weight=46 4212 2388 1143 22 63 113 39 46 178 327 136 62 2886 220 95 3316 80 818 4832 798 626 49 26 201 30 4509 167 29 2103 26
leaf_count=46 4212 2388 1143 22 63 113 39 46 178 327 136 62 2886 220 95 3316 80 818 4832 798 626 49 26 201 30 4509 167 29 2103 26
internal_value=-0.00022823 0.00470728 -0.0308818 -0.0780777 0.00220772 0.0269345 -0.070452 -0.0247173 0.00735508 0.00697947 -0.0801578 -0.0185574 0.00805221 -0.0172109 -0.0181007 -0.00237592 -0.00792103 0.0213416 0.00638776 0.00165631 0.00481497 0.0761366 0.113822 -0.071932 -0.0883705 0.000665556 -0.0294253 -0.0187137 -0.0161851 0.051757
internal_weight=29586 25483 4103 474 22907 2576 452 3629 10790 10727 406 2486 10287 2440 440 12117 4292 1145 9142 4310 3512 188 75 367 231 7825 345 2378 2158 55
internal_count=29586 25483 4103 474 22907 2576 452 3629 10790 10727 406 2486 10287 2440 440 12117 4292 1145 9142 4310 3512 188 75 367 231 7825 345 2378 2158 55
is_linear=0
shrinkage=0.05


Tree=56
num_leaves=31
num_cat=0
split_feature=299 291 291 7 189 119 40 182 183 32 280 141 288 295 274 148 183 53 239 248 122 198 226 279 37 242 183 283 86 215
split_gain=1615.87 511.102 430.932 204.436 200.934 177.233 135.668 108.121 106.519 102.103 86.9212 112.572 85.1978 88.3297 81.8412 76.1539 86.6678 75.3462 73.4123 72.4354 72.2722 77.2504 71.2446 69.6743 79.8462 65.7666 63.2969 63.1736 61.3933 61.369
threshold=-6.7961513996124259 1.6588235497474673 -19.971862792968746 5.1913673877716073 -0.54102122783660878 7.1136457920074472 -12.752174854278563 -7.482470989227294 -2.9319745302200313 -5.2977125644683829 -28.562280654907223 -13.880588054656981 -5.7090463638305655 -7.8458652496337882 -8.1020884513854963 -0.29754902422428126 -7.1130752563476554 -2.8770481348037715 0.52378150820732128 -2.3583039045333858 -0.47019128501415247 -2.6728860139846797 -12.609895229339598 7.2935292720794687 3.4645489454269414 -0.63028830289840687 -9.7881374359130842 -1.3883987069129942 -6.1267099380493155 -7.3698952198028556
decision_type=2 2 2 2 2 2 2 2 2 2 2 2 2 2 2 2 2 2 2 2 2 2 2 2 2 2 2 2 2 2
left_child=2 4 3 6 8 20 -1 29 15 -10 11 -8 13 -11 -6 -2 -17 -18 26 -16 -3 -22 -12 -7 -25 28 -9 -23 -14 -4
right_child=1 5 7 -5 14 23 10 18 9 12 22 -13 25 -15 19 16 17 -19 -20 -21 21 27 -24 24 -26 -27 -28 -29 -30 -31
leaf_value=0.014451575279235841 -0.0038253444882347478 0.0066199652703912704 -0.029485318200630058 -0.22301296754316852 0.058949585900057194 0.046416219658807878 -0.21149017333984377 -0.065342847279139929 0.049623485614678692 -0.099618647262574203 -0.057927384558102951 -0.081103401767964267 -0.084649217838332777 -0.012710777381869896 -0.002359934710900308 -0.11020723443764907 -0.058241305266967927 -0.011614049019651643 0.069395129227389898 0.012604486622867332 0.096462319409235942 -0.033841144924835219 -0.13871612588564555 0.16029762694318045 0.059690901364495119 0.010384651598530168 -0.017106353355428348 0.026831565603718296 0.00093851410871718683 -0.056171616146134008
leaf_weight=46 4576 584 855 22 86 109 25 70 112 31 302 49 21 514 997 26 99 694 24 4281 39 44 30 38 41 2185 2392 1721 9285 288
leaf_count=46 4576 584 855 22 86 109 25 70 112 31 302 49 21 514 997 26 99 694 24 4281 39 44 30 38 41 2185 2392 1721 9285 288
internal_value=-0.000216819 0.00447192 -0.0293377 -0.0741738 0.00209734 0.0255878 -0.0669294 -0.0234815 -0.000492103 0.00210432 -0.0761499 -0.125153 0.00166213 -0.0176542 0.0105661 -0.0063385 -0.0203803 -0.0174351 -0.0176295 0.00977775 0.021908 0.0268571 -0.0652276 0.0723298 0.108084 0.00257827 -0.0184778 0.025319 0.000745376 -0.0362094
internal_weight=29586 25483 4103 474 22907 2576 452 3629 17543 12148 406 74 12036 545 5364 5395 819 793 2486 5278 2388 1804 332 188 79 11491 2462 1765 9306 1143
internal_count=29586 25483 4103 474 22907 2576 452 3629 17543 12148 406 74 12036 545 5364 5395 819 793 2486 5278 2388 1804 332 188 79 11491 2462 1765 9306 1143
is_linear=0
shrinkage=0.05


Tree=57
num_leaves=31
num_cat=0
split_feature=181 69 295 251 288 239 57 21 8 22 282 298 16 58 215 35 122 118 296 285 26 28 3 92 298 9 232 293 221 52
split_gain=1465.56 555.836 506.713 223.763 218.317 189.609 98.0365 88.9524 86.8768 82.2721 89.6066 78.3357 77.6276 72.2547 71.5033 90.5223 72.8707 76.7838 71.4593 70.5337 70.9877 69.96 69.3858 64.5049 62.2132 62.7242 60.922 59.7176 58.6308 58.4305
threshold=-5.4351415634155265 2.9275294542312627 -0.145375981926918 6.3044118881225595 -15.29126977920532 -3.1655293703079219 -0.60022032260894764 -1.4283393025398252 5.6628627777099618 -6.112255096435546 -24.46821308135986 -12.663259029388426 -0.63860392570495594 8.5920672416687029 -7.3698952198028556 -4.7172851562499991 -1.1121270060539243 -0.32945099472999567 -5.9358577728271475 2.4692715406417851 5.1352825164794931 3.4912445545196538 -0.010251826606690882 -0.17316991835832593 0.28282071650028234 6.4586274623870858 -8.1269936561584455 -0.29973392188549036 -2.6594307422637935 -1.9210419058799741
decision_type=2 2 2 2 2 2 2 2 2 2 2 2 2 2 2 2 2 2 2 2 2 2 2 2 2 2 2 2 2 2
left_child=1 4 5 19 9 8 14 -8 18 22 -11 -12 -5 24 -7 -16 17 -17 -2 -4 23 28 -1 29 25 27 -20 -9 -6 -21
right_child=2 -3 3 12 21 6 7 13 -10 10 11 -13 -14 -15 15 16 -18 -19 26 20 -22 -23 -24 -25 -26 -27 -28 -29 -30 -31
leaf_value=-0.079308627080172306 -0.015109489749768499 -0.28404677347703416 0.010750300996912154 -0.015156458346455388 -0.023630723043881505 0.061882077919112315 0.017809195886662292 0.0040318394837662933 0.09216579090465199 -0.092221488555272429 -0.045982627628142377 -0.14010132214297419 0.065804841284666002 0.085967747811917905 -0.028042145485156461 -0.0021854040947304567 0.0060514075282143646 -0.025436721742153168 -0.081715235680341725 0.12280827653408051 -0.01569030641395355 -0.05955640915632248 0.031538426061160862 0.021780945826278385 -0.0142558542114717 -0.08288809524849057 -0.0034481687643509876 0.02181755132068481 0.0069971765865359387 0.041905003569620305
leaf_weight=20 2052 22 3699 33 1812 45 1572 4671 22 156 570 23 288 27 304 3679 2798 393 25 25 107 125 48 1172 432 20 4542 525 171 208
leaf_count=20 2052 22 3699 33 1812 45 1572 4671 22 156 570 23 288 27 304 3679 2798 393 25 25 107 125 48 1172 432 20 4542 525 171 208
internal_value=-0.000205978 -0.0336638 0.00349537 0.0169653 -0.0317806 -3.49965e-05 0.00317592 0.00728409 -0.00702929 -0.0537225 -0.0585033 -0.0496331 0.0574817 0.00436859 -0.000948194 -0.00134231 -0.000160829 -0.00442945 -0.00735899 0.0144694 0.023568 -0.0232765 -0.00106365 0.0265578 0.00397851 0.00548872 -0.00387661 0.00582889 -0.0209896 0.0505856
internal_weight=29586 2947 26639 5532 2925 21107 14466 7247 6641 817 749 593 321 5675 7219 7174 6870 4072 6619 5211 1512 2108 68 1405 5648 5216 4567 5196 1983 233
internal_count=29586 2947 26639 5532 2925 21107 14466 7247 6641 817 749 593 321 5675 7219 7174 6870 4072 6619 5211 1512 2108 68 1405 5648 5216 4567 5196 1983 233
is_linear=0
shrinkage=0.05


Tree=58
num_leaves=31
num_cat=0
split_feature=181 64 234 292 288 237 2 135 17 282 28 215 289 170 148 40 156 177 21 215 28 28 170 99 297 44 217 235 289 262
split_gain=1322.67 553.38 464.958 225.255 197.227 153.814 93.6737 89.9471 87.0296 95.2833 82.7437 79.3826 77.727 76.1487 99.4655 80.4645 75.3566 70.8973 82.1666 75.6038 64.1592 60.1473 58.3948 59.5607 54.5379 53.1301 52.9366 68.8234 52.2537 52.0821
threshold=-5.4351415634155265 3.3722341060638432 -0.43312238156795496 4.9431185722351083 -15.29126977920532 -3.9673438072204585 1.664607882499695 -1.7729280591011045 -4.2665441036224356 -24.46821308135986 -6.7305300235748282 -17.881778717041012 12.010882854461672 -1.2520976066589353 -1.7047058939933775 -2.8334321975708003 -4.5428657531738272 -1.8292025923728941 -4.3378431797027579 -2.0373796224594112 5.5040197372436532 3.4912445545196538 0.57725363969802868 1.3569254875183108 -13.677721023559569 -0.23333946615457532 -1.8654599189758299 0.92436277866363536 -2.1273088455200191 2.7793637514114384
decision_type=2 2 2 2 2 2 2 2 2 2 2 2 2 2 2 2 2 2 2 2 2 2 2 2 2 2 2 2 2 2
left_child=1 4 5 17 8 11 7 -5 -1 -10 -7 -2 -8 -12 22 -16 24 18 -4 29 -9 -6 28 -24 -11 -20 27 -27 -15 -19
right_child=2 -3 3 6 21 10 12 20 9 16 13 -13 -14 14 15 -17 -18 19 25 -21 -22 -23 23 -25 -26 26 -28 -29 -30 -31
leaf_value=0.0019611874096830124 0.065716729845319483 -0.28180995854464447 0.094400775974447085 -0.05632057902735791 -0.019881279236255784 0.064620272700603193 0.054066234560155163 0.044730615234318594 -0.090724659118896878 -0.038625042691855099 -0.0015005763579770297 -0.0099097967205068298 0.13065890398892491 0.0016056727298513749 -0.032155410296776717 0.0029028519885368649 -0.11305728260660544 0.02812058771168012 0.010073834466407213 0.011717945679027772 -0.0028345950718583735 -0.05550856736917345 0.042261157479013461 -0.041544851855091429 -0.11569481510280942 -0.024545206680361715 -0.0015769509237074518 -0.12245394110679626 0.019735438658815226 0.10499750194342242
leaf_weight=71 35 22 22 28 1981 52 134 383 156 527 9113 4035 44 731 170 4394 40 523 410 4773 87 126 271 23 24 175 322 20 871 23
leaf_count=71 35 22 22 28 1981 52 134 383 156 527 9113 4035 44 731 170 4394 40 523 410 4773 87 126 271 23 24 175 322 20 871 23
internal_value=-0.000195679 -0.0319806 0.0033206 0.0144454 -0.0301016 -0.000601735 0.041867 0.0307394 -0.0509391 -0.0559671 0.00165343 -0.00925945 0.0729993 0.00144317 0.00559586 0.001597 -0.0467925 0.011488 -0.00110135 0.0137341 0.035926 -0.0220118 0.0152218 0.0357049 -0.041982 -0.00336785 -0.0140276 -0.0345871 0.0114627 0.031359
internal_weight=29586 2947 26639 6944 2925 19695 676 498 818 747 15625 4070 178 15573 6460 4564 591 6268 949 5319 470 2107 1896 294 551 927 517 195 1602 546
internal_count=29586 2947 26639 6944 2925 19695 676 498 818 747 15625 4070 178 15573 6460 4564 591 6268 949 5319 470 2107 1896 294 551 927 517 195 1602 546
is_linear=0
shrinkage=0.05


Tree=59
num_leaves=31
num_cat=0
split_feature=232 291 290 7 182 70 189 40 118 29 164 295 215 10 182 39 115 297 99 32 271 10 255 126 298 149 104 55 225 39
split_gain=1203.01 420.398 297.352 187.073 176.658 137.984 119.467 115.331 90.6961 85.0288 80.8649 64.8661 79.801 65.1323 83.5297 63.426 68.6207 64.5796 68.4478 60.823 71.0846 60.6046 72.669 71.8466 60.4366 66.7872 60.1234 61.6485 59.3983 58.8581
threshold=-6.2340741157531729 1.6588235497474673 -21.547742843627926 5.1913673877716073 -3.3125294446945186 4.2434115409851083 -0.54102122783660878 -12.752174854278563 -0.45365007221698755 -1.2401852607727049 -6.3042583465576163 -11.660419940948485 -8.0370264053344709 3.3380497694015507 -3.6603921651840206 6.3593063354492196 1.9737353920936587 4.8807842731475839 -0.18320229649543759 -2.8633598089218135 -3.7901960611343379 -1.9753091335296629 -9.8103356361389142 -6.1871240139007559 3.4967156648635869 1.0224977135658266 -2.2492802143096919 -0.69167757034301747 -6.6875030994415274 -1.181486904621124
decision_type=2 2 2 2 2 2 2 2 2 2 2 2 2 2 2 2 2 2 2 2 2 2 2 2 2 2 2 2 2 2
left_child=2 4 3 7 -2 15 10 -1 11 -8 -6 12 -4 21 28 17 -17 -3 -19 -12 -21 22 23 -13 26 -26 27 -11 -15 -22
right_child=1 5 8 -5 6 -7 9 -9 -10 24 19 13 -14 14 -16 16 -18 18 -20 20 29 -23 -24 -25 25 -27 -28 -29 -30 -31
leaf_value=0.018868245576557363 -0.0079915211606099296 0.016526974790362511 -0.026564799321325203 -0.21697578203110468 -0.036725892570424593 0.055995830936708318 0.020182024141360964 -0.073751110227656944 0.0086287090554833419 -0.032215629352186935 0.013248275588804754 -0.03374599841507999 -0.054640954164653158 0.014320089650573209 -0.14549205557189204 -0.086124752249036526 0.0046759646615864318 0.086888477114206622 0.029720468453296851 -0.0062048697967450814 0.0086447323903548444 -0.010971353782388213 -0.022648965079514756 -0.14065782974163693 0.017023695946524017 -0.069171875891360368 0.0087950211608209677 0.014307089605895074 -0.088540584452450277 0.00010796063392517215
leaf_weight=38 4211 1809 950 21 141 276 1431 291 204 187 995 33 345 32 22 28 81 63 310 3093 2785 1102 189 30 38 55 3344 115 25 7342
leaf_count=38 4211 1809 950 21 141 276 1431 291 204 187 995 33 345 32 22 28 81 63 310 3093 2785 1102 189 30 38 55 3344 115 25 7342
internal_value=-0.000185895 0.0033755 -0.0287291 -0.0722888 0.00129681 0.0225971 0.00329994 -0.0630534 -0.0235293 0.00981711 0.000952929 -0.0259341 -0.0340445 -0.0186047 -0.0627354 0.0185735 -0.018649 0.0204329 0.0393762 0.00132667 0.000429392 -0.0160299 -0.0381508 -0.0846564 0.00585022 -0.0339522 0.00686548 -0.0145 -0.0307942 0.00245564
internal_weight=29586 26304 3282 350 23737 2567 19526 329 2932 5170 14356 2728 1295 1433 79 2291 109 2182 373 14215 13220 1354 252 63 3739 93 3646 302 57 10127
internal_count=29586 26304 3282 350 23737 2567 19526 329 2932 5170 14356 2728 1295 1433 79 2291 109 2182 373 14215 13220 1354 252 63 3739 93 3646 302 57 10127
is_linear=0
shrinkage=0.05


Tree=60
num_leaves=31
num_cat=0
split_feature=287 288 183 11 299 182 57 58 39 18 89 36 273 145 151 3 212 140 173 119 285 107 60 14 158 40 49 64 298 239
split_gain=1102.4 408.337 377.921 444.283 195.257 165.572 133.803 98.2682 91.2508 88.163 85.4927 80.2589 77.7716 77.7264 75.9447 75.4503 74.9784 71.5006 70.9242 64.201 61.206 61.0517 60.789 102.76 59.138 74.6865 64.0603 60.6687 58.9417 61.5021
threshold=-7.6519029140472403 -0.5625723898410796 -17.243610382080075 1.7195098400115969 6.7822592258453378 -9.1755814552307111 -0.75918298959732045 8.5920672416687029 -1.181486904621124 -4.6796178817749015 -5.4018626213073722 -0.50493767857551564 -2.8994389772415157 -15.361706733703612 -5.9156582355499259 0.21820806711912158 -15.432633876800535 -4.5986428260803214 -1.5764951109886167 0.87257891893386852 7.5227448940277108 -1.8865309357643125 -1.98403924703598 -1.8361307382583616 -3.4445098638534541 0.29705700278282171 -1.2191829681396482 -1.1517646908760069 -5.3277778625488272 2.8670347929000859
decision_type=2 2 2 2 2 2 2 2 2 2 2 2 2 2 2 2 2 2 2 2 2 2 2 2 2 2 2 2 2 2
left_child=2 6 3 9 17 10 19 11 22 -1 -4 12 24 -11 -10 -6 -12 21 -16 -2 -17 -3 23 -8 25 -7 -27 -26 -19 -30
right_child=1 4 5 -5 15 7 8 -9 14 13 16 -13 -14 -15 18 20 -18 28 -20 -21 -22 -23 -24 -25 27 26 -28 -29 29 -31
leaf_value=0.024397889971733096 -0.0049043315395286575 0.025084611294525012 -0.025748116275795964 -0.32247522132737294 0.02145916420607058 -0.011397120511732202 -0.044649391734729649 0.075034252528486584 -0.060595796510577206 -0.16013432400567193 -0.12903502782185872 -0.032113763572165263 0.083943603835290384 -0.056806205900815823 -0.0050186707616644071 0.042456440733407035 -0.05087415560977683 0.059061461835003951 0.0056869876690552913 0.01599833212441799 0.097382791454975429 -0.081654220829541629 0.0080674179779461723 0.0335879365266116 -0.056941851453049808 -0.0012588118808344007 0.093654171371599662 -0.0098666366693892886 0.010418831353656479 0.025375128999276433
leaf_weight=20 9578 21 443 21 127 1294 46 29 50 28 33 675 21 52 2635 99 437 68 3747 382 104 37 2579 479 141 40 32 133 5576 784
leaf_count=20 9578 21 443 21 127 1294 46 29 50 28 33 675 21 52 2635 99 437 68 3747 382 104 37 2579 479 141 40 32 133 5576 784
internal_value=0.000171734 0.00363336 -0.0266251 -0.113403 0.0141678 -0.0234219 -4.95768e-05 -0.0164399 0.0041837 -0.0694973 -0.0415078 -0.0175755 -0.0116674 -0.092971 0.000785938 0.0516858 -0.056362 0.0122589 0.00126684 -0.00410264 0.070596 -0.0430074 0.0112244 0.0267329 -0.0128917 -0.00863931 0.0409247 -0.0340915 0.0127576 0.0122625
internal_weight=29711 26312 3399 121 6816 3278 19496 2365 9536 100 913 2336 1661 80 6432 330 470 6486 6382 9960 203 58 3104 525 1640 1366 72 274 6428 6360
internal_count=29711 26312 3399 121 6816 3278 19496 2365 9536 100 913 2336 1661 80 6432 330 470 6486 6382 9960 203 58 3104 525 1640 1366 72 274 6428 6360
is_linear=0
shrinkage=0.05


Tree=61
num_leaves=31
num_cat=0
split_feature=287 295 183 128 8 181 183 145 119 18 67 156 248 7 292 146 45 293 280 87 290 287 100 79 177 126 154 283 148 183
split_gain=994.919 370.28 341.074 359.408 177.055 144.705 140.121 95.0364 94.3604 85.9894 83.3721 81.8641 89.6224 77.2315 76.9912 75.3563 67.3645 80.6159 66.646 62.1419 60.9151 60.751 61.6628 59.2374 58.598 61.7504 57.9083 58.1265 57.4689 56.616
threshold=-7.6519029140472403 -0.23784312605857846 -17.243610382080075 -9.6467990875244123 4.7021567821502694 -8.3155293464660627 -3.2548812627792354 7.0903780460357675 0.2608399242162705 -4.6796178817749015 6.0642416477203378 -2.9772919416427608 -2.5258561372756954 0.17716925591230395 -2.5037306547164913 -3.5634901523590083 -2.0483332872390743 -4.3216209411621085 -28.562280654907223 2.237186193466187 12.144313812255861 6.2664706707000741 3.3479435443878178 0.77373716235160839 -0.87786760926246632 3.5803256034851079 0.40135708451271063 -4.0092928409576407 -6.0281846523284903 -0.38532896339893336
decision_type=2 2 2 2 2 2 2 2 2 2 2 2 2 2 2 2 2 2 2 2 2 2 2 2 2 2 2 2 2 2
left_child=2 6 3 13 8 23 24 14 11 -7 26 15 -13 18 19 -3 -16 -18 -1 28 -6 22 -10 -4 25 -2 27 -11 -8 -14
right_child=1 4 5 -5 20 9 7 -9 21 10 -12 12 29 -15 16 -17 17 -19 -20 -21 -22 -23 -24 -25 -26 -27 -28 -29 -30 -31
leaf_value=-0.16452801418304444 -0.0080101032331275929 0.10227766174234842 -0.034885306812925822 -0.29577719824654713 0.051571873982747402 0.035522993308741875 0.031577771380543705 0.10419965877157192 0.020220802172603795 -0.018684216589819662 0.033050016787501031 -0.020112541595622441 0.00051917984854051664 -0.0083618843661887304 0.021369172301306846 0.022304239846367875 0.086442806119448504 0.0043002085773241614 -0.060460854312404992 -0.027293814073235209 0.13069656160142687 0.039583944531505821 -0.0013951879254607269 -0.1039100291673094 0.013386964564007231 -0.078817375629178954 -0.068822030829531811 0.034901527376272355 -0.00074550985693325059 0.016769050624803349
leaf_weight=25 4567 38 1085 21 75 82 140 23 2237 1890 81 326 1162 35 661 131 30 6852 40 217 36 337 387 32 328 31 56 52 7739 995
leaf_count=25 4567 38 1085 21 75 82 140 23 2237 1890 81 326 1162 35 661 131 30 6852 40 217 36 337 387 32 328 31 56 52 7739 995
internal_value=0.000163148 0.00345169 -0.0252938 -0.107732 0.0147007 -0.0222508 0.00032417 0.0026375 0.0134641 -0.014698 -0.0166788 0.00661396 0.00432211 -0.068243 0.00248814 0.0402864 0.00612267 0.00465828 -0.100487 -0.000898144 0.0772339 0.0195994 0.0170328 -0.0368627 -0.00703097 -0.00848749 -0.0186949 -0.0172494 -0.000171165 0.00801506
internal_weight=29711 26312 3399 121 5724 3278 20588 15662 5613 2161 2079 2652 2483 100 15639 169 7543 6882 65 8096 111 2961 2624 1117 4926 4598 1998 1942 7879 2157
internal_count=29711 26312 3399 121 5724 3278 20588 15662 5613 2161 2079 2652 2483 100 15639 169 7543 6882 65 8096 111 2961 2624 1117 4926 4598 1998 1942 7879 2157
is_linear=0
shrinkage=0.05


Tree=62
num_leaves=31
num_cat=0
split_feature=239 184 61 241 182 250 184 212 125 28 17 47 122 128 206 8 161 146 154 273 119 79 154 25 139 253 22 46 283 108
split_gain=914.45 348.936 485.872 324.5 166.615 159.081 100.404 88.5249 86.9899 74.6908 68.8573 68.682 67.6321 66.3191 64.3957 63.6598 63.1927 62.8684 62.7308 68.7303 60.4484 60.3597 60.2866 56.1261 55.8192 55.7255 55.9535 59.8739 54.2029 68.8019
threshold=-4.95133352279663 -17.118519783020016 -4.8687384128570548 0.2141424044966698 -8.7542986869811994 5.6385173797607431 -1.9733212590217588 -5.1349020004272452 -2.2101184129714961 3.6342157125473027 -2.5584776401519771 -1.5179901719093321 1.0902135372161867 1.8773534893989565 -2.5542215108871456 5.6628627777099618 -8.4940524101257306 2.9486765861511235 -6.0473287105560294 1.916733503341675 -13.088710308074949 -5.2492797374725333 -7.5117225646972647 -7.5282971858978263 -3.4669855833053584 5.0337252616882333 -0.93254899978637684 3.0269047021865849 -1.6310504078865049 -0.97988906502723683
decision_type=2 2 2 2 2 2 2 2 2 2 2 2 2 2 2 2 2 2 2 2 2 2 2 2 2 2 2 2 2 2
left_child=1 2 10 6 8 18 16 14 -3 12 -1 -7 13 28 -8 -13 -2 21 -5 25 -12 -9 -18 -24 -21 26 27 -20 -6 -30
right_child=3 4 -4 5 9 11 7 17 -10 -11 20 15 -14 -15 -16 -17 22 -19 19 24 -22 -23 23 -25 -26 -27 -28 -29 29 -31
leaf_value=-0.0011744926656995502 -0.089330636887323289 -0.033123629800004446 -0.32226969401041666 0.097114553776654344 -0.013163716482070181 -0.031538141691791165 0.0018496926381651848 0.04695879634302319 -0.13840257774107159 -0.04734594761519819 -0.14721577922598675 0.041690383212173943 0.020365405452946211 -0.095437071720759076 -0.036945892563260613 0.098965021116392951 0.057996731051584573 -0.015733505141907845 0.016973984010708366 -0.061786377616226677 -0.048791965469717979 0.0056078985476091716 -0.080778899529705878 -0.0025703578188491652 0.022318957648847417 -0.068104109819978484 0.0039898399602369882 0.083978694166455953 -0.0064669506793672395 0.079463493412671005
leaf_weight=35 21 1036 21 22 3199 28 210 89 20 148 26 363 163 24 218 56 41 345 703 20 39 10479 23 8820 1449 24 1952 35 66 36
leaf_count=35 21 1036 21 22 3199 28 210 89 20 148 26 363 163 24 218 56 41 345 703 20 39 10479 23 8820 1449 24 1952 35 66 36
internal_value=0.00015499 -0.0197961 -0.10363 0.0040117 -0.0176341 0.0159199 0.00127552 0.00439562 -0.0351175 -0.0125564 -0.057716 0.0442787 -0.0110802 -0.0126218 -0.0179107 0.0493452 -0.0026981 0.00527045 0.0129053 0.0124624 -0.0881615 0.00595614 -0.00249331 -0.00277377 0.0211739 0.0077471 0.00842384 0.0201517 -0.0120196 0.0238614
internal_weight=29711 4813 121 24898 4692 4652 20246 11341 1056 3636 100 447 3488 3325 428 419 8905 10913 4205 4183 65 10568 8884 8843 1469 2714 2690 738 3301 102
internal_count=29711 4813 121 24898 4692 4652 20246 11341 1056 3636 100 447 3488 3325 428 419 8905 10913 4205 4183 65 10568 8884 8843 1469 2714 2690 738 3301 102
is_linear=0
shrinkage=0.05


Tree=63
num_leaves=31
num_cat=0
split_feature=239 186 65 241 250 57 30 35 159 124 292 23 201 1 289 225 47 292 272 28 154 253 128 11 114 238 290 93 10 119
split_gain=825.291 321.048 488.126 292.861 143.571 93.383 92.635 75.0793 69.404 69.1684 66.1121 96.3324 62.4329 88.0672 72.6779 72.2887 61.9855 61.2675 57.3415 63.2142 61.0704 59.2626 63.7282 57.1208 69.1717 56.3293 56.1495 55.3904 108.605 58.9399
threshold=-4.95133352279663 -11.429712295532225 0.76374506950378429 0.2141424044966698 5.6385173797607431 -0.75918298959732045 -11.378315448760985 -4.8740346431732169 -6.2119450569152823 -5.027745008468627 -3.0162744522094722 -1.3698257207870481 -15.585999488830565 3.7762745618820195 -21.412296295166012 -18.420980453491207 -1.5179901719093321 -11.181961059570311 3.1484662294387822 5.0134456157684335 -6.0473287105560294 4.3279216289520273 3.11254894733429 1.3961765170097353 -1.3351610302925108 -6.8429067134857169 -0.80872550606727589 1.5011329054832461 2.8609995841979985 -1.8825489878654478
decision_type=2 2 2 2 2 2 2 2 2 2 2 2 2 2 2 2 2 2 2 2 2 2 2 2 2 2 2 2 2 2
left_child=1 2 6 5 18 7 -1 8 -2 -7 25 -12 -3 14 -14 -15 -6 -9 20 -20 -5 -22 -23 26 -25 -11 27 29 -29 -16
right_child=3 12 -4 4 16 9 -8 17 -10 10 11 -13 13 15 23 -17 -18 -19 19 -21 21 22 -24 24 -26 -27 -28 28 -30 -31
leaf_value=0.035009440253762639 0.035059450301859113 -0.096170856641686495 -0.29635685276240115 0.092258825627240276 -0.029961233998515774 -0.040731971471437388 -0.050137569570462365 -0.082924978305464206 -0.03082257393934873 0.067249598801136012 0.018386521764642481 0.0044302199355317831 -0.072140004824508316 0.10203413367271424 -0.014249005894391584 0.0084420947193288489 0.046877963594683318 -0.0012177333199474992 0.028321733711941313 -0.013327067106672861 0.0095896318428050041 0.010968565319975218 -0.092091426054636646 -0.037847421017204785 -0.00011210719424458902 -0.001571587214518552 0.043808406666956012 -0.025195727077461469 -0.15112126067280771 0.0035557219084819563
leaf_weight=34 45 23 20 22 28 84 528 23 358 30 1592 5536 55 24 2600 147 419 9245 789 103 3231 30 30 468 164 3333 45 119 20 566
leaf_count=34 45 23 20 22 28 84 528 23 358 30 1592 5536 55 24 2600 147 419 9245 789 103 3231 30 30 468 164 3333 45 119 20 566
internal_value=0.000147241 -0.0188062 -0.0536245 0.00381111 0.0151239 0.00121174 -0.0449863 -0.00233916 -0.023466 0.0044591 0.00482093 0.00754728 -0.0140168 -0.0135677 -0.0150565 0.0215778 0.0420648 -0.0014205 0.01226 0.0235125 0.00923034 0.0086753 -0.0405614 -0.014268 -0.0280553 -0.00095766 -0.0116669 -0.0124223 -0.0433145 -0.011066
internal_weight=29711 4813 582 24898 4652 20246 562 9671 403 10575 10491 7128 4231 4208 4037 171 447 9268 4205 892 3313 3291 60 3982 632 3363 3350 3305 139 3166
internal_count=29711 4813 582 24898 4652 20246 562 9671 403 10575 10491 7128 4231 4208 4037 171 447 9268 4205 892 3313 3291 60 3982 632 3363 3350 3305 139 3166
is_linear=0
shrinkage=0.05


Tree=64
num_leaves=31
num_cat=0
split_feature=291 189 11 234 15 185 128 284 14 39 170 35 58 91 167 299 138 7 275 37 194 32 72 47 146 182 298 257 295 236
split_gain=738.563 290.74 468.054 280.708 137.949 127.449 129.063 121.701 114.558 85.19 112.877 107.284 84.9759 88.1581 73.0621 72.0816 71.8728 71.6651 69.5035 88.2617 64.1873 62.5661 61.196 58.4073 57.4734 57.3559 54.7085 78.7395 72.7252 65.5883
threshold=-7.1779086589813224 -17.632146835327145 1.5893452763557436 1.0440304875373843 -4.2873868942260733 -5.6568627357482901 0.43529410660266882 -2.4071012735366817 5.69482445716858 -1.0498789548873899 -1.3319607973098753 -4.4225549697875968 8.5920672416687029 -0.098397567868232713 -2.1699672937393184 5.9051063060760507 -0.58287441730499256 0.17716925591230395 5.4984915256500253 6.9687416553497323 -0.30596178770065302 9.0488367080688494 -6.3686273097991934 2.2917842864990239 -3.7921115159988399 -10.630970954895018 0.16308122873306277 -3.588716864585876 -1.3007189631462095 4.5708994865417489
decision_type=2 2 2 2 2 2 2 2 2 2 2 2 2 2 2 2 2 2 2 2 2 2 2 2 2 2 2 2 2 2
left_child=1 2 4 7 -1 6 25 9 15 10 20 -11 13 16 -12 26 -7 -6 19 -9 22 -17 -2 -15 -18 -3 27 -5 -28 -29
right_child=3 5 -4 8 17 12 -8 18 -10 11 14 -13 -14 23 -16 21 24 -19 -20 -21 -22 -23 -24 -25 -26 -27 28 29 -30 -31
leaf_value=0.064396039843559266 -0.055712490677833564 -0.03817149276404689 -0.31809859275817876 -0.02006388606209504 -0.12087554006526868 -0.0073945835050389739 -0.15224962537176909 0.0052057356549291521 0.084195764603153367 -0.037103840295415726 0.024605690149310369 -0.0050566991558382074 0.084611998558044438 -0.027448927218094468 0.0025313714937287932 0.04396135133088179 0.081309371186653157 -0.023346055034668217 0.064582814489092144 -0.063469653180304994 -0.029455549502284219 -0.016069715499877929 -0.00010746999833605355 -0.10455291436186859 0.010394461880903691 -0.019677088799243663 -0.041627628983221421 0.025408488316904933 0.0099432614819227674 0.10468030152497468
leaf_weight=20 50 573 20 95 48 1093 20 10245 62 274 765 5570 25 200 735 329 40 31 49 47 202 50 4763 28 100 1562 71 777 1840 27
leaf_count=20 50 573 20 95 48 1093 20 10245 62 274 765 5570 25 200 735 329 40 31 49 47 202 50 4763 28 100 1562 71 777 1840 27
internal_value=0.000139879 -0.0205705 -0.0974774 0.00314057 -0.0529074 -0.0180569 -0.025825 0.00117262 0.0168818 -0.00217622 0.00175539 -0.00655925 -0.00679167 -0.00835573 0.0137893 0.0155731 -0.00307418 -0.0826045 0.00517496 0.00489212 -0.00184397 0.0360417 -0.000685124 -0.0369178 0.0306559 -0.0246407 0.0128124 0.0229841 0.00802723 0.0280706
internal_weight=29711 3760 119 25951 99 3641 2155 22700 3251 12359 6515 5844 1486 1461 1500 3189 1233 79 10341 10292 5015 379 4813 228 140 2135 2810 899 1911 804
internal_count=29711 3760 119 25951 99 3641 2155 22700 3251 12359 6515 5844 1486 1461 1500 3189 1233 79 10341 10292 5015 379 4813 228 140 2135 2810 899 1911 804
is_linear=0
shrinkage=0.05


Tree=65
num_leaves=31
num_cat=0
split_feature=283 183 3 299 135 236 34 49 283 118 1 21 239 19 14 273 80 263 290 11 132 261 19 160 296 272 268 50 265 62
split_gain=801.071 301.038 439.453 294.924 149.569 134.878 126.793 114.149 90.924 87.1112 76.2138 70.1007 68.9173 67.1762 78.2739 64.63 63.7095 61.687 57.5169 57.0476 53.5642 52.1919 51.0398 78.0583 54.8043 50.668 66.0962 53.8115 73.6893 73.3248
threshold=-7.9700326919555655 -17.243610382080075 1.7333769202232363 -1.6185588240623472 3.1899454593658452 3.6555939912796025 -1.0777721405029295 -1.2526552081108091 -13.352681636810301 -0.45365007221698755 -1.1935439705848692 -1.3064314126968382 -3.0058169364929195 -5.2046949863433829 3.6385082006454472 -10.312990188598631 -6.6622819900512686 -4.8883056640624991 -23.900489807128903 4.0500488281250009 1.0995722413063052 -13.367827415466307 -0.33605779707431788 -6.1329410076141349 0.38873431086540228 3.1484662294387822 5.616955280303956 0.22586667537689212 -5.1600842475891104 -2.1562023162841792
decision_type=2 2 2 2 2 2 2 2 2 2 2 2 2 2 2 2 2 2 2 2 2 2 2 2 2 2 2 2 2 2
left_child=1 2 10 5 11 12 7 13 15 -9 -1 17 19 -3 21 18 -14 -5 -8 -2 -19 -15 24 -24 -18 26 27 -13 -29 -30
right_child=3 6 -4 4 -6 -7 8 9 -10 -11 -12 25 16 14 -16 -17 22 20 -20 -21 -22 -23 23 -25 -26 -27 -28 28 29 -31
leaf_value=-0.136475515195533 -0.0045945127829741137 0.01713409094810486 -0.31625117334537212 0.058618592541842235 0.032983011196673184 0.11754611662278575 -0.11670681067875453 -0.0016908892500214279 -0.024927195264652313 0.056803658400630501 -0.031378029357048053 0.0090989480136037231 0.086579735441641381 -0.033495574742233782 -0.10379987433552743 -0.11997763365507126 0.0043518942513790281 0.011638839574713511 -0.041122963845011705 -0.059300029774506893 0.036863149040962155 -0.013435535900666621 -0.055229225261684722 -0.0013040805082650286 0.039757384918630123 0.017325002482746571 -0.078287077446778625 -0.09129682021554221 -0.029137766824017482 0.002682427731584806
leaf_weight=23 6645 125 20 84 661 24 28 230 759 88 69 3426 22 463 28 36 4531 1661 249 48 241 1082 68 5118 112 881 24 22 194 2711
leaf_count=23 6645 125 20 84 661 24 28 230 759 88 69 3426 22 463 28 36 4531 1661 249 48 241 1082 68 5118 112 881 24 22 194 2711
internal_value=0.000324352 -0.023305 -0.103831 0.00318061 0.0100061 -0.000899909 -0.0203843 -0.0129963 -0.0342783 0.0144963 -0.0576524 0.00836308 -0.00107174 -0.0181451 -0.0209486 -0.056954 0.00158828 0.0166869 -0.0487632 -0.00498684 0.014835 -0.0194471 0.00139805 -0.00201116 0.00520596 0.00608546 0.00453268 0.00484555 -0.000132967 0.00055743
internal_weight=29673 3200 112 26473 9905 16568 3088 2016 1072 318 92 9244 16544 1698 1573 313 9851 1986 277 6693 1902 1545 9829 5186 4643 7258 6377 6353 2927 2905
internal_count=29673 3200 112 26473 9905 16568 3088 2016 1072 318 92 9244 16544 1698 1573 313 9851 1986 277 6693 1902 1545 9829 5186 4643 7258 6377 6353 2927 2905
is_linear=0
shrinkage=0.05


Tree=66
num_leaves=31
num_cat=0
split_feature=283 183 76 299 135 258 255 298 298 291 299 298 298 291 45 36 11 276 198 299 55 291 17 210 116 76 16 148 297 26
split_gain=722.966 271.686 413.624 266.169 134.986 108.611 107.825 105.841 101.049 106.905 85.1049 82.0152 81.9335 83.4811 76.8851 74.3039 72.3525 89.2102 70.0094 69.7442 68.9542 68.335 80.8004 63.4403 74.8895 68.9319 84.6811 69.1505 61.5301 64.2775
threshold=-7.9700326919555655 -17.243610382080075 -4.9157471656799308 -1.6185588240623472 3.1899454593658452 3.6177333593368535 -2.1157323122024532 -1.1791393756866453 -1.6893612742424009 -2.6847404241561885 1.1209803223609927 0.88247057795524608 -5.1261684894561759 1.1745368242263796 -3.2334973812103267 3.2124509811401372 -1.3160509467124937 -27.679496765136715 0.14005824923515323 -0.61151584982871998 -2.7856109142303462 -19.971862792968746 -4.7310049533843985 -5.3183529376983634 -0.27701431512832636 0.16056446731090548 -0.17953278124332425 -7.0141174793243399 -4.712150812149047 -2.3738161325454707
decision_type=2 2 2 2 2 2 2 2 2 2 2 2 2 2 2 2 2 2 2 2 2 2 2 2 2 2 2 2 2 2
left_child=1 2 16 5 7 8 15 14 9 -2 11 19 18 -14 -5 21 -1 -18 -11 -9 -10 22 -3 24 -23 27 -27 -25 29 -16
right_child=3 6 -4 4 -6 -7 -8 10 20 12 -12 -13 13 -15 28 -17 17 -19 -20 -21 -22 23 -24 25 -26 26 -28 -29 -30 -31
leaf_value=0.0068775831721723081 -0.0026906024117790764 0.052707245133139874 -0.30472259238362315 0.075848024764231275 0.031333860434851021 0.11016672185876153 0.027716222885422984 -0.0032940810072584559 0.021129367802885997 0.044205755186555666 0.012670396584760213 -0.014064233356963607 0.0037530675724586253 0.048844132355990867 0.055738094025714835 -0.063155495185478069 -0.16930570602416994 -0.041482132061933859 -0.026091215440205168 0.0099428832863029011 -0.015783807396839718 -0.015227368604305715 -0.046193062772736708 -0.10494378403975413 0.028723598018462096 -0.16161906082521788 -0.038355217874050142 -0.020622450801171366 0.018560756580664629 -0.040151272499386007
leaf_weight=32 9934 22 20 56 661 22 117 1797 138 226 2462 741 4581 105 22 102 21 39 42 2230 1520 1947 337 26 102 22 38 375 1851 85
leaf_count=32 9934 22 20 56 661 22 117 1797 138 226 2462 741 4581 105 22 102 21 39 42 2230 1520 1947 337 26 102 22 38 375 1851 85
internal_value=0.000308135 -0.0221397 -0.0986392 0.00302158 0.00950576 -0.000854913 -0.0193651 0.00794493 -0.00100253 0.000301428 0.00512117 0.00122306 0.00630119 0.00476343 0.0180818 -0.0212192 -0.0538385 -0.0862204 0.0331891 0.00403605 -0.0127114 -0.0197283 -0.0401323 -0.0168099 -0.0130395 -0.0335685 -0.083552 -0.0260897 0.0164297 -0.0204357
internal_weight=29673 3200 112 26473 9905 16568 3088 9244 16546 14888 7230 4768 4954 4686 2014 2971 92 60 268 4027 1658 2869 359 2510 2049 461 60 401 1958 107
internal_count=29673 3200 112 26473 9905 16568 3088 9244 16546 14888 7230 4768 4954 4686 2014 2971 92 60 268 4027 1658 2869 359 2510 2049 461 60 401 1958 107
is_linear=0
shrinkage=0.05


Tree=67
num_leaves=31
num_cat=0
split_feature=283 286 5 232 34 138 261 122 1 21 121 39 112 40 24 39 256 261 283 190 248 191 18 19 198 112 186 21 260 298
split_gain=652.477 256.259 304.711 246.022 123.141 122.049 121.918 78.8503 76.161 72.318 71.5788 68.4739 86.5085 69.91 58.6993 58.4598 56.3073 60.7885 57.1922 55.3945 57.0875 64.0418 54.4325 75.1047 63.4199 54.3344 98.7027 58.2863 54.0866 54.1666
threshold=-7.9700326919555655 -28.231839179992672 4.5226049423217782 -0.91919118165969838 -0.13096217811107633 -0.34392155706882471 3.2997353076934819 -2.0495424270629878 0.84413164854049694 -1.3064314126968382 0.61070591211318981 -1.390322148799896 3.1121568679809575 -2.4368050098419185 -1.7790980935096739 4.2002012729644784 -4.2825636863708487 -5.1967368125915518 -12.387519836425779 -1.3930391669273374 2.1064637899398808 0.93147057294845592 0.90000000596046459 -1.3004587292671201 -2.0548878908157344 -5.3404040336608878 -2.9396924972534175 2.0244628190994267 -0.50937259197235096 -1.7165195941925047
decision_type=2 2 2 2 2 2 2 2 2 2 2 2 2 2 2 2 2 2 2 2 2 2 2 2 2 2 2 2 2 2
left_child=1 2 8 7 5 22 9 15 14 -5 -8 12 -9 -13 -1 28 17 18 -6 20 21 -15 24 -24 25 26 -3 -27 29 -2
right_child=3 4 -4 6 16 -7 10 11 -10 -11 -12 13 -14 19 -16 -17 -18 -19 -20 -21 -22 -23 23 -25 -26 27 -28 -29 -30 -31
leaf_value=-0.051474071234464652 -0.0042510653198519887 -0.017902157449667964 -0.26103062629699708 0.017331342194548269 -0.052575039029121397 0.027226663066211056 0.0024298980454420718 0.0083877717142124882 -0.013709879573434593 0.005354381189448725 0.035501538166650255 -0.022302809966665307 -0.081455824110243061 -0.0029731646515871058 -0.16639732224866749 -0.050277918829044824 0.019938318941387395 -0.10930129932860533 -0.022901783949342995 0.0058087528636535579 -0.085140607328641982 0.070304175925751528 -0.11736148840023414 -0.028545512372757594 -0.07720528287739542 -0.0052281096976344466 -0.13012904210947454 0.079026257175774814 0.014090285795992911 -0.021027792846745483
leaf_weight=25 5031 960 22 1577 300 177 217 3498 52 6277 665 356 27 4888 20 71 42 30 354 2921 21 30 27 201 38 911 20 21 362 532
leaf_count=25 5031 960 22 1577 300 177 217 3498 52 6277 665 356 27 4888 20 71 42 30 354 2921 21 30 27 201 38 911 20 21 362 532
internal_value=0.000292728 -0.0210327 -0.0930285 0.0028705 -0.018252 -0.0127019 0.00973864 -0.000512258 -0.0549249 0.00775923 0.0273649 0.00187012 0.00769961 -0.000630975 -0.102551 -0.00517728 -0.0362553 -0.0397058 -0.0365134 0.000350599 -0.00287744 -0.00252617 -0.0159468 -0.0390632 -0.013244 -0.0119728 -0.0201925 -0.00332967 -0.00463683 -0.00585545
internal_weight=29673 3200 119 26473 3081 2355 8736 17737 97 7854 882 11741 3525 8216 45 5996 726 684 654 7860 4939 4918 2178 228 1950 1912 980 932 5925 5563
internal_count=29673 3200 119 26473 3081 2355 8736 17737 97 7854 882 11741 3525 8216 45 5996 726 684 654 7860 4939 4918 2178 228 1950 1912 980 932 5925 5563
is_linear=0
shrinkage=0.05


Tree=68
num_leaves=31
num_cat=0
split_feature=283 183 3 299 135 298 236 298 8 57 299 292 297 296 20 125 295 20 106 91 298 203 55 127 54 204 28 109 293 247
split_gain=588.861 236.067 389.036 225.405 116.685 111.978 108.295 95.7862 99.9696 92.1964 78.905 78.8391 77.0915 70.7858 85.2855 67.0458 62.5224 62.0572 59.1155 58.6542 56.896 55.1769 74.1981 54.7139 65.4881 54.6615 58.5638 53.8871 52.6009 68.7462
threshold=-7.9700326919555655 -17.243610382080075 1.6884360909461977 -1.4338732957839964 2.7671371698379521 -0.92346641421318043 3.6555939912796025 -0.8586764633655547 1.1548089981079104 8.1092524528503436 -0.61151584982871998 -2.3004901409149165 1.9102777838706972 -14.244803905487059 -2.8170304298400874 -0.4554379135370254 2.2722502946853642 -1.3038935661315916 -1.3722202777862547 -0.8803248107433318 -0.058307552710175507 -3.7435076236724849 1.2261546254158022 -0.56148061156272877 2.2413245439529423 6.1412851810455331 5.0134456157684335 -2.3144197463989253 -2.7063726186752315 -3.2383660078048702
decision_type=2 2 2 2 2 2 2 2 2 2 2 2 2 2 2 2 2 2 2 2 2 2 2 2 2 2 2 2 2 2
left_child=1 2 -1 6 5 -5 7 11 12 13 -7 17 -9 14 -3 -14 28 -2 27 -20 -10 23 -23 24 -15 26 -12 -16 -13 -30
right_child=3 9 -4 4 -6 10 -8 8 20 -11 25 16 15 21 18 -17 -18 -19 19 -21 -22 22 -24 -25 -26 -27 -28 -29 29 -31
leaf_value=-0.045216796729299763 0.0030264938703209688 -0.0040939019381544973 -0.27976998822255567 0.017213220096411488 0.027025350282952155 -0.0075656417464064294 0.10132671210628291 -0.019963153125252577 -0.048992665576045979 0.068398880189464939 0.0069800888505615957 0.018430180022368424 -0.0050184761760411443 -0.010700951194255397 -0.036467622096339865 0.11410155165053548 0.065337896901507708 -0.0047293512020019817 -0.15464547999203204 -0.0497757314844057 -0.14701022477820516 -0.046443373640686014 0.014174690051720694 0.021570187637575369 -0.095689308586651867 0.058165871863271684 -0.028667477480435778 0.02188063781442387 -0.01202668809554233 0.0055734853746126529
leaf_weight=90 3759 262 22 2121 822 1207 26 400 57 31 4882 613 27 1563 684 21 43 8217 20 40 20 226 65 132 23 51 118 42 662 3427
leaf_count=90 3759 262 22 2121 822 1207 26 400 57 31 4882 613 27 1563 684 21 43 8217 20 40 20 226 65 132 23 51 118 42 662 3427
internal_value=0.000278092 -0.0199811 -0.0912897 0.00272698 0.00904824 0.00728464 -0.00064043 -0.000794155 -0.0218236 -0.0173948 0.00391958 -0.000133879 -0.0127782 -0.0182648 -0.0287991 0.0470965 0.00532053 -0.00229496 -0.0370341 -0.0847323 -0.0744518 -0.0127695 -0.0329033 -0.00935924 -0.0119334 0.00666412 0.00613881 -0.0330921 0.00477166 0.00272406
internal_weight=29673 3200 112 26473 9201 8379 17272 17246 525 3088 6258 16721 448 3057 1048 48 4745 11976 786 60 77 2009 291 1718 1586 5051 5000 726 4702 4089
internal_count=29673 3200 112 26473 9201 8379 17272 17246 525 3088 6258 16721 448 3057 1048 48 4745 11976 786 60 77 2009 291 1718 1586 5051 5000 726 4702 4089
is_linear=0
shrinkage=0.05


Tree=69
num_leaves=31
num_cat=0
split_feature=299 286 5 119 275 298 183 296 38 297 262 1 298 22 263 57 28 181 298 235 158 299 298 298 124 37 30 10 90 48
split_gain=534.961 254.714 272.779 219.675 108.262 104.501 103.526 101.055 77.9634 73.2574 70.9442 69.6974 68.1869 66.6091 65.4433 62.806 62.6003 62.0164 61.6808 68.2824 60.0306 59.8882 106.767 84.0357 58.1556 59.8642 57.9342 52.6401 58.8955 86.3934
threshold=-5.4133334159851065 -28.231839179992672 4.5226049423217782 0.6048039197921754 5.4984915256500253 -5.397430181503295 -2.8297712802886958 -14.244803905487059 -3.5046232938766475 -8.7570586204528791 -11.845281600952147 0.84413164854049694 -5.9595777988433829 -2.389934659004211 1.1578582525253298 2.6079642772674565 -2.6761764287948604 -2.0187799930572505 -3.4012916088104244 0.77426594495773327 -4.2549841403961173 -1.1303888559341428 -0.8902941346168517 -0.59390103816986073 -0.28010222315788263 1.0647963881492617 -2.2317059040069576 -2.2492941617965694 -8.4650979042053205 -8.0665683746337873
decision_type=2 2 2 2 2 2 2 2 2 2 2 2 2 2 2 2 2 2 2 2 2 2 2 2 2 2 2 2 2 2
left_child=1 2 11 5 12 9 15 8 10 -2 -3 13 -5 -1 -6 -7 -8 20 19 27 -10 22 -18 -23 25 -17 -16 -9 -29 -30
right_child=3 7 -4 4 14 6 16 18 17 -11 -12 -13 -14 -15 26 24 21 -19 -20 -21 -22 23 -24 -25 -26 -27 -28 28 29 -31
leaf_value=-0.040803446948528291 -0.057790366146299579 -0.017628748615582786 -0.24466025612571021 0.09871726225722921 0.12278468012809754 -0.0049949691475062712 0.014545898710491702 -0.021970827901319531 -0.033303024403694023 0.026629449647989328 0.03988571053459531 -0.010225306728926416 0.010450260962731113 -0.16322501833084971 0.10337551661111691 -0.025926554546422266 0.00089136922054090036 0.042114715078302355 -0.065610331487148371 0.05961089667838973 -0.077298446454537609 0.017824966069356595 -0.022594085063823439 0.0021499905756495888 0.022180652005287509 -0.11616676331036349 0.027766786102395857 0.032665586725194401 -0.11104112356901169 -0.0068507035493035042
leaf_weight=25 27 360 22 22 21 4530 1044 633 524 533 63 52 4006 20 27 40 8539 24 47 37 91 1223 513 2842 24 34 411 94 20 3825
leaf_count=25 27 360 22 22 21 4530 1044 633 524 533 63 52 4006 20 27 40 8539 24 47 37 91 1223 513 2842 24 34 411 94 20 3825
internal_value=0.000264187 -0.0133024 -0.0857044 0.00358641 0.0135541 0.00127491 0.000640543 -0.0117957 -0.0257135 0.0225592 -0.00906277 -0.0496526 0.0109324 -0.095213 0.0365616 -0.00585169 0.00276229 -0.0367358 -0.00862109 -0.00803995 -0.0398129 0.00182441 -0.000439612 0.00686598 -0.045453 -0.0673883 0.0324276 -0.00858743 -0.00643671 -0.00739266
internal_weight=29673 5837 119 23836 4487 19349 18789 5718 1062 560 423 97 4028 45 459 4628 14161 639 4656 4609 615 13117 9052 4065 98 74 438 4572 3939 3845
internal_count=29673 5837 119 23836 4487 19349 18789 5718 1062 560 423 97 4028 45 459 4628 14161 639 4656 4609 615 13117 9052 4065 98 74 438 4572 3939 3845
is_linear=0
shrinkage=0.05


Tree=70
num_leaves=31
num_cat=0
split_feature=292 183 182 284 58 204 30 4 2 200 187 143 126 262 80 244 122 290 85 8 148 215 292 84 120 192 298 112 279 291
split_gain=418.647 209.685 151.227 140.354 98.9547 87.6951 66.682 63.283 63.0022 60.6168 62.8531 60.2162 94.3118 71.7331 70.8302 64.6688 63.1427 59.9807 62.8478 75.7158 62.6593 67.0027 59.658 59.032 57.2104 62.2587 56.0521 53.5862 64.9892 51.6453
threshold=-5.5061204433441153 25.337519645690922 -9.1755814552307111 0.92430004477500927 0.29587879776954656 -14.110495567321776 -6.0762746334075919 2.7454994916915898 1.0729834437370303 -2.7130719423294063 1.5941424369812014 -2.1300251483917232 -4.7754118442535392 -2.5787395238876338 -4.6410028934478751 -2.0746667385101314 -1.8530065417289732 -21.547742843627926 -2.1176470518112178 -0.12004902586340903 -7.5169456005096427 -8.8310713768005353 -10.15805673599243 1.9188071489334109 -0.13644680380821225 0.36467060446739202 -0.9540656805038451 -1.2485153675079343 2.3405429124832158 0.45847056806087499
decision_type=2 2 2 2 2 2 2 2 2 2 2 2 2 2 2 2 2 2 2 2 2 2 2 2 2 2 2 2 2 2
left_child=2 3 4 11 6 -4 8 -3 -1 10 -5 15 -13 16 -15 29 26 -7 24 -20 -21 -22 -23 -18 -19 -26 -14 28 -16 -2
right_child=1 7 5 9 -6 17 -8 -9 -10 -11 -12 12 13 14 27 -17 23 18 19 20 21 22 -24 -25 25 -27 -28 -29 -30 -31
leaf_value=0.030969533619513229 0.0018618352983067834 -0.0046836878572191513 0.079893478325435099 0.029494613094638428 -0.13192573888632267 -0.067638667932776522 -0.032541110911330946 0.092243886344573089 -0.032340971547060872 0.0099294884635104264 0.12421024151146412 -0.036687967083493221 -0.010825175927497738 0.078862332776188857 -0.0036393544581483578 0.011787201369395189 -0.00037476335377042519 -0.0050298506320968989 -0.024983330631488887 -0.093234848380088817 0.043340650754315514 -0.031847110040597253 -0.00095012108770481298 -0.035273165338569216 0.041177624591439962 -0.045257599275559189 -0.042508800031178323 0.0042467277697404915 -0.069591293993749123 -0.046906040988185189
leaf_weight=88 4193 21 28 141 23 43 862 85 71 3753 20 183 1259 30 2194 2203 3165 2473 973 20 70 197 755 126 125 25 157 6337 38 55
leaf_count=88 4193 21 28 141 23 43 862 85 71 3753 20 183 1259 30 2194 2203 3165 2473 973 20 70 197 755 126 125 25 157 6337 38 55
internal_value=-3.4843e-05 0.00287336 -0.0121469 0.00256155 -0.0293636 -0.00832987 -0.0270532 0.0730413 0.0026988 0.0112183 0.0412605 0.000862337 -0.00103781 -0.000547509 0.00216864 0.00483554 -0.00550952 -0.00885759 -0.00831262 -0.0149533 -0.0055874 -0.00387219 -0.00734372 -0.00171089 -0.00321123 0.0267718 -0.0143381 0.00190014 -0.00476219 0.00123042
internal_weight=29713 23960 5753 23854 1044 4709 1021 106 159 3914 161 19940 13489 13306 8599 6451 4707 4681 4638 2015 1042 1022 952 3291 2623 150 1416 8569 2232 4248
internal_count=29713 23960 5753 23854 1044 4709 1021 106 159 3914 161 19940 13489 13306 8599 6451 4707 4681 4638 2015 1042 1022 952 3291 2623 150 1416 8569 2232 4248
is_linear=0
shrinkage=0.05


Tree=71
num_leaves=31
num_cat=0
split_feature=291 62 288 290 154 119 19 36 17 82 131 82 140 146 170 100 0 218 172 298 264 293 176 106 3 81 41 277 222 140
split_gain=378.033 194.188 145.08 107.848 75.4266 69.9144 75.0787 69.4239 67.317 82.1842 88.8131 67.7318 66.8398 83.3587 62.1687 81.8816 62.1049 61.8911 58.0621 61.5775 75.656 55.2531 52.7124 52.0663 52.0637 51.8045 50.9903 51.9953 49.5402 48.8468
threshold=-7.1779086589813224 20.805239677429203 -0.98501399159431446 -21.547742843627926 2.1776955127716069 0.6048039197921754 0.56143254041671764 0.42553709447383886 -4.7310049533843985 -1.8834935426712034 -7.2791090011596671 -4.7388298511505118 -4.5142648220062247 -3.1846077442169185 -1.3319607973098753 -1.789313733577728 -3.2321567535400386 3.2385685443878178 -5.0015711784362784 -3.5812745094299312 1.6008714437484743 -4.4656860828399649 1.0046520233154299 -2.5711764097213741 3.1807487010955815 -1.1195424795150755 8.3768920898437518 7.2873301506042489 -0.39960785210132593 -3.0130364894866939
decision_type=2 2 2 2 2 2 2 2 2 2 2 2 2 2 2 2 2 2 2 2 2 2 2 2 2 2 2 2 2 2
left_child=3 2 4 8 5 6 14 21 -1 10 -10 -12 13 -4 -2 23 -14 -6 -18 20 25 24 -8 -16 -5 28 27 -3 -20 -23
right_child=1 26 12 7 17 -7 22 -9 9 -11 11 -13 16 -15 15 -17 18 -19 19 -21 -22 29 -24 -25 -26 -27 -28 -29 -30 -31
leaf_value=0.020406804084777835 -0.0018683769222057603 0.05009599129358927 0.03166097834204825 -0.0095762045997652909 -0.030543996553335874 0.010503368629548144 -0.0090538976602173669 -0.026670870249879294 -0.044163349050155898 0.014358450306786431 -0.074058729812905608 -0.18826443902216852 0.044203974315414916 -0.07991518008304721 -0.0079728999450592933 0.00042250011539396806 -0.042493042966415144 0.041427656827550952 0.031440873917879412 0.006648916201093218 0.11661516793749549 -0.12215963242575528 0.027998461371118374 0.018717993515913269 0.018419091051883912 0.0087562220066450952 0.018744090024162743 0.13449963299003806 0.10752956407765549 -0.011653101814445108
leaf_weight=40 8657 36 26 2479 315 1401 3156 660 222 45 37 20 116 47 213 2781 58 33 103 7279 22 20 99 1285 178 267 34 37 27 20
leaf_count=40 8657 36 26 2479 315 1401 3156 660 222 45 37 20 116 47 213 2781 58 33 103 7279 22 20 99 1285 178 267 34 37 27 20
internal_value=-3.31008e-05 0.00210079 0.00182292 -0.0149388 -0.000668141 -0.000212154 -0.00113936 -0.0121358 -0.0407893 -0.0483444 -0.0584578 -0.114131 0.00744781 -0.0401757 0.000568555 0.0054988 0.00788944 -0.0237191 0.00734631 0.00772183 0.0263607 -0.00857882 -0.00792696 0.0149228 -0.00770072 0.0213592 0.06932 0.0928759 0.0472439 -0.0669064
internal_weight=29713 25992 25885 3721 17940 17592 16191 3357 364 324 279 57 7945 73 12936 4279 7872 348 7756 7698 419 2697 3255 1498 2657 397 107 73 130 40
internal_count=29713 25992 25885 3721 17940 17592 16191 3357 364 324 279 57 7945 73 12936 4279 7872 348 7756 7698 419 2697 3255 1498 2657 397 107 73 130 40
is_linear=0
shrinkage=0.05


Tree=72
num_leaves=31
num_cat=0
split_feature=296 62 272 182 64 238 32 232 150 50 38 86 110 23 1 11 10 1 109 143 211 275 294 0 2 10 145 297 118 202
split_gain=346.142 179.488 128.401 116.376 83.9656 78.5753 71.8023 74.2701 80.1301 73.9739 71.0838 68.4772 63.7236 63.6808 64.6636 72.2445 66.7898 64.6085 74.1471 62.2118 80.2324 60.5592 55.4824 55.1099 52.5712 50.449 77.8427 80.3062 58.3258 86.9484
threshold=-5.9358577728271475 20.805239677429203 1.1619346737861636 -10.630970954895018 -0.1894852817058563 -18.764631271362301 -5.094472885131835 -2.6535457372665401 1.6985563039779665 2.0704761743545537 5.1194181442260751 -4.1880042552947989 -1.0795311927795408 -2.9376980066299434 0.54020002484321605 -0.89997547864913929 -0.43100488185882563 -1.1377940773963926 -9.5688238143920881 -2.043540239334106 -4.2831149101257315 1.9415019750595095 1.864545524120331 0.55506539344787609 -1.2192156910896299 -3.0515410900115962 -3.2031961679458614 -10.172688961029051 -1.3722549080848692 -3.8935594558715816
decision_type=2 2 2 2 2 2 2 2 2 2 2 2 2 2 2 2 2 2 2 2 2 2 2 2 2 2 2 2 2 2
left_child=3 2 6 4 13 -5 -2 8 9 21 -3 -4 -11 14 23 -16 -17 18 -15 -9 -21 22 -8 -1 -10 28 -27 -28 29 -7
right_child=1 10 11 5 -6 25 7 19 24 12 -12 -13 -14 17 15 16 -18 -19 -20 20 -22 -23 -24 -25 -26 26 27 -29 -30 -31
leaf_value=-0.0033406614755781801 0.023562149363831678 0.10093827105703808 0.093715743750333799 0.089986019134521492 -0.1318039306625724 -0.031025991371300604 -0.0023002598713063637 0.0084559115918339672 -0.1082519755586982 -0.0007050126912072301 0.019182307953419894 0.010651388379072847 -0.061939999086981903 -0.16363747596740724 0.0032301029704254248 -0.13504390859833132 -0.025554604580005011 -0.03037857285620911 -0.052236359209706221 -0.022709766623279712 0.0014087618586644181 -0.07996206265687944 0.06584708749006192 0.0691933269479445 -0.027268121445016696 -0.0021620777119316903 -0.038815379105508335 -0.010656826708063496 -0.084010098404251055 0.03995640647469783
leaf_weight=104 338 63 25 20 20 280 6758 3304 25 75 46 3294 98 20 58 26 30 350 59 357 10104 25 30 35 101 2444 320 1213 40 51
leaf_count=104 338 63 25 20 20 280 6758 3304 25 75 46 3294 98 20 58 26 30 350 59 357 10104 25 30 35 101 2444 320 1213 40 51
internal_value=-3.14458e-05 0.00241638 0.00213196 -0.0119293 -0.0308253 -0.00889239 0.000701245 0.000331125 -0.0038178 -0.00310504 0.0664358 0.0112771 -0.035393 -0.0278641 -0.00796876 -0.035881 -0.0763889 -0.0395972 -0.0804392 0.00247476 0.000585675 -0.00228516 -0.00199908 0.0149233 -0.0433363 -0.00934721 -0.00770223 -0.0165347 -0.0269809 -0.0200891
internal_weight=29713 24643 24534 5070 702 4368 21215 20877 7112 6986 109 3319 173 682 253 114 56 429 79 13765 10461 6813 6788 139 126 4348 3977 1533 371 331
internal_count=29713 24643 24534 5070 702 4368 21215 20877 7112 6986 109 3319 173 682 253 114 56 429 79 13765 10461 6813 6788 139 126 4348 3977 1533 371 331
is_linear=0
shrinkage=0.05


Tree=73
num_leaves=31
num_cat=0
split_feature=292 183 289 284 30 17 82 70 14 162 28 57 21 133 184 272 253 227 32 151 73 219 38 33 42 8 43 19 299 64
split_gain=316.415 155.398 115.748 112.179 60.3203 59.8927 73.007 84.2528 57.7887 57.5823 60.9184 54.5553 61.4153 73.4225 61.6493 52.9175 85.9893 66.5547 56.47 52.8521 53.6303 50.5683 50.0309 49.9357 49.6001 89.692 49.5073 49.3144 47.9156 47.4275
threshold=-5.5061204433441153 25.337519645690922 -19.686781883239743 0.92430004477500927 1.5888848900794985 -4.7310049533843985 -1.8834935426712034 -1.046206474304199 5.69482445716858 -1.6379224658012388 -2.5111961364746089 -0.68190962076187123 -1.12159126996994 -5.4375112056732169 0.067201524972915663 1.1619346737861636 4.3279216289520273 -0.57211995124816883 9.0488367080688494 -9.4621939659118635 -3.5055128335952754 -12.108259677886961 5.1194181442260751 3.5344920158386235 0.59746322035789501 4.7021567821502694 -1.7722229957580564 2.1523529291152959 3.5688934326171879 1.5137168765068056
decision_type=2 2 2 2 2 2 2 2 2 2 2 2 2 2 2 2 2 2 2 2 2 2 2 2 2 2 2 2 2 2
left_child=2 3 5 11 29 -1 7 19 9 10 26 28 14 -14 27 16 -11 -17 -19 -7 -21 -6 24 -15 -3 -26 -5 -13 -2 -4
right_child=1 22 4 8 21 6 -8 -9 -10 15 -12 12 13 23 -16 17 -18 18 -20 20 -22 -23 -24 -25 25 -27 -28 -29 -30 -31
leaf_value=0.017515810798196235 -0.0017707214443798967 0.023248377577825028 -0.0075400238154477066 0.021542445570230485 0.050584580069002898 -0.030216903961533287 0.010566926768590366 -0.14071084809712256 0.094743480682373052 0.00203746648342914 0.020635433753496892 0.0070962335051033623 -0.055160422192822245 0.0021810173613546124 0.024966287635492558 0.046785920010245438 -0.08354265213012696 0.012137839859101517 -0.029237396287363632 -0.097631734171334444 -0.015411795259154003 -0.024840731638706259 0.011813495014653062 -0.018687193123094217 0.039908508762069375 0.1731651625462941 0.12379836481193017 -0.043611259758472444 -0.072505680968364086 0.015071769049581216
leaf_weight=51 9798 22 4337 20 23 259 62 23 20 1359 229 2233 58 6951 528 134 30 2007 86 68 28 657 33 299 23 28 29 49 24 245
leaf_count=51 9798 22 4337 20 23 259 62 23 20 1359 229 2233 58 6951 528 134 30 2007 86 68 28 657 33 299 23 28 29 49 24 245
internal_value=-2.98735e-05 0.00249843 -0.0105597 0.00223 -0.00839328 -0.0337771 -0.0397224 -0.0479709 0.00996923 0.00953382 0.0314623 0.00071088 0.00328767 0.000872123 0.0095698 0.00784795 0.000189084 0.0126249 0.0104378 -0.0419624 -0.0736509 -0.0222896 0.0629041 0.00132038 0.0859998 0.113069 0.0820613 0.00600742 -0.00194356 -0.00633097
internal_weight=29713 23960 5753 23854 5262 491 440 378 3914 3894 278 19940 10118 7308 2810 3616 1389 2227 2093 355 96 680 106 7250 73 51 49 2282 9822 4582
internal_count=29713 23960 5753 23854 5262 491 440 378 3914 3894 278 19940 10118 7308 2810 3616 1389 2227 2093 355 96 680 106 7250 73 51 49 2282 9822 4582
is_linear=0
shrinkage=0.05


Tree=74
num_leaves=31
num_cat=0
split_feature=299 51 298 122 289 297 181 10 51 239 119 109 160 50 17 143 209 111 190 211 37 282 295 126 172 10 90 28 21 298
split_gain=289.614 158.386 122.624 112.206 111.788 111.583 100.585 71.8184 100.304 65.0766 64.1129 61.2981 74.2724 60.4273 65.5577 58.4196 81.9435 76.8628 66.9694 60.6317 55.3958 63.2921 53.4851 53.3073 52.5985 51.3767 54.7322 53.2912 53.2873 50.9371
threshold=-4.913921356201171 6.1610436439514169 -4.9376754760742179 -0.50822722911834706 -19.686781883239743 -7.8899288177490225 -3.0087450742721553 4.4488234519958505 -1.1099203824996946 0.52378150820732128 0.23400078713893893 0.59188231825828563 -1.7432983517646787 0.92508295178413402 -2.5584776401519771 -2.1300251483917232 -5.8472838401794425 2.4122418165206914 -1.5059500336647031 -4.3288235664367667 1.200146555900574 6.6143975257873544 0.56775912642478954 -5.3907403945922843 -5.2164950370788565 -3.0515410900115962 -8.4650979042053205 -1.0765752792358396 -2.8030420541763301 -5.7100653648376456
decision_type=2 2 2 2 2 2 2 2 2 2 2 2 2 2 2 2 2 2 2 2 2 2 2 2 2 2 2 2 2 2
left_child=4 2 5 7 13 6 -2 15 -9 22 -5 12 -11 14 -1 17 -17 24 23 -20 21 -3 25 -18 -4 -6 27 28 -27 -7
right_child=1 20 3 10 9 29 -8 8 -10 11 -12 -13 -14 -15 -16 16 18 -19 19 -21 -22 -23 -24 -25 -26 26 -28 -29 -30 -31
leaf_value=-0.0062738675155021538 -0.12524366586104682 0.050071784682279713 -0.025584503288926752 0.0018122287106201859 -0.023616912300237505 0.053549877299655303 0.022628746084544973 -0.13795949011312234 -0.001939617879124302 -0.0042452333681285382 0.010314228829836285 -0.031405304211546629 0.12014692987004916 0.05303365606814623 -0.04752688392819393 -0.06553682973081211 -0.061222305082612574 -0.056493179753141588 -0.030770034065661846 0.0032641412537257742 0.027181615141065169 0.15153526176105847 0.062359674661247824 -0.0065434200696109909 0.0050073289200523955 0.029440778961299725 -0.0077113587156440152 0.088003585159778602 -0.033178212471306326 0.020660896609499033
leaf_weight=135 23 51 145 4536 495 161 23 23 33 20 4338 21 30 20 336 53 45 53 136 3463 144 22 27 4715 4536 106 5510 25 50 438
leaf_count=135 23 51 145 4536 495 161 23 23 33 20 4338 21 30 20 336 53 45 53 136 3463 144 22 27 4715 4536 106 5510 25 50 438
internal_value=-2.83798e-05 0.00265439 0.00224835 0.00162049 -0.00911139 0.0237378 -0.0513075 -0.00130203 -0.0578049 -0.0073161 0.00596838 0.0402816 0.0703901 -0.0320883 -0.0357028 -0.00106134 -0.00356178 0.00338178 -0.00316883 0.00197805 0.0451686 0.0806498 -0.00786003 -0.00706034 0.00405971 -0.00816651 -0.00682265 0.0202315 0.00937059 0.0295008
internal_weight=29713 22938 22721 22076 6775 645 46 13202 56 6284 8874 71 50 491 471 13146 8412 4734 8359 3599 217 73 6213 4760 4681 6186 5691 181 156 599
internal_count=29713 22938 22721 22076 6775 645 46 13202 56 6284 8874 71 50 491 471 13146 8412 4734 8359 3599 217 73 6213 4760 4681 6186 5691 181 156 599
is_linear=0
shrinkage=0.05


Tree=75
num_leaves=31
num_cat=0
split_feature=191 67 186 62 52 211 57 197 88 79 100 281 286 200 121 250 143 81 11 33 282 28 212 120 121 152 23 3 79 222
split_gain=306.362 358.143 153.871 74.9548 72.4567 82.9693 72.0095 86.1647 63.1289 62.5204 59.3739 65.8114 56.3815 54.5178 55.9135 52.3096 54.5758 59.8031 52.0316 51.9802 60.6414 65.6585 55.6381 51.5093 49.995 51.5184 55.3576 51.0298 51.3583 48.2631
threshold=-5.2327349185943595 3.8840136528015141 1.8467465043067934 -4.6457362174987784 4.5496232509613046 0.083450987935066237 -0.82588234543800343 -8.6139388084411603 -12.409719944000242 -0.019718729890882965 8.7203998565673846 5.2905390262603769 3.7047359943389897 -0.10400092974305152 -0.14188552647829053 -5.7780315876007071 -0.45543979108333582 4.1007378101348886 -1.1307282447814939 0.87002798914909374 -4.6279737949371329 -2.4364706277847286 -0.77298232913017262 -1.0000000180025095e-35 -1.5751743316650388 -7.0306601524353018 -4.2125041484832755 1.8258861899375918 -4.235071897506713 3.7437688112258916
decision_type=2 2 2 2 2 2 2 2 2 2 2 2 2 2 2 2 2 2 2 2 2 2 2 2 2 2 2 2 2 2
left_child=1 3 6 8 15 -6 24 -8 18 -5 11 19 -7 14 -13 -4 -17 -18 -1 20 22 -22 -9 -11 25 -2 -27 28 -26 -14
right_child=2 -3 4 9 5 12 7 10 -10 23 -12 13 29 -15 -16 16 17 -19 -20 -21 21 -23 -24 -25 27 26 -28 -29 -30 -31
leaf_value=0.043357617734817042 0.026866680408110383 -0.21950592881157283 0.089739407714278935 -0.0053396909914024751 0.11114794009310358 -0.0057043298114748571 0.10014236792922021 -0.001412074772871575 -0.029672770628727141 -0.036704205709762003 -0.078789938038045723 0.025308334655486622 0.11445637763965698 0.016541636346614565 0.13003490127995609 -0.010015866895863678 0.019201166056897319 -0.011802030714986089 -0.037129564294891969 -0.0017915406656328421 0.021054208103108082 0.0053189312730564271 -0.037730978225080071 0.026925413712160663 0.035502710953207305 -0.029315135624152402 -0.0049060519862859208 0.020305406308807103 -0.00053580254707709081 0.03457742207928708
leaf_weight=57 122 21 21 2304 34 85 23 1406 779 273 22 26 21 145 25 272 1070 182 31 3987 730 7218 114 36 101 243 5266 339 4664 190
leaf_count=57 122 21 21 2304 34 85 23 1406 779 273 22 26 21 145 25 272 1070 182 31 3987 730 7218 114 36 101 243 5266 339 4664 190
internal_value=0.000253819 -0.0136412 0.00210308 -0.0123989 0.0159066 0.0371741 0.0010437 0.00344695 -0.0251381 -0.00817206 0.00328429 0.00341656 0.0286771 0.0321807 0.0766449 0.0113641 0.0102841 0.0146943 0.0150042 0.00299755 0.00501425 0.00676417 -0.00413599 -0.029291 -0.00202243 -0.00527102 -0.00598273 0.00156158 0.000228078 0.0425275
internal_weight=29807 3501 26306 3480 1875 330 24431 13696 867 2613 13673 13651 296 196 51 1545 1524 1252 88 13455 9468 7948 1520 309 10735 5631 5509 5104 4765 211
internal_count=29807 3501 26306 3480 1875 330 24431 13696 867 2613 13673 13651 296 196 51 1545 1524 1252 88 13455 9468 7948 1520 309 10735 5631 5509 5104 4765 211
is_linear=0
shrinkage=0.05


Tree=76
num_leaves=31
num_cat=0
split_feature=181 69 186 119 26 16 35 134 198 35 52 211 48 128 120 154 98 64 208 296 286 238 7 282 22 265 114 109 57 51
split_gain=281.708 342.248 135.344 71.8346 67.5882 67.2578 63.5048 62.3249 63.3505 70.1483 57.859 70.8401 57.6644 57.7359 65.9616 57.0679 54.4631 54.2491 50.6372 65.9523 49.0786 60.2518 61.5036 47.7701 53.6919 73.0314 49.2389 47.6 49.0612 63.5631
threshold=-5.4351415634155265 2.9275294542312627 1.8467465043067934 -0.82159134745597828 3.7764216661453252 -1.572091221809387 6.1033806800842294 -1.8006862998008726 -7.7520425319671622 -4.2968015670776358 4.5496232509613046 0.083450987935066237 0.30192446708679205 0.50769606232643139 0.12721988558769229 -0.028861228376626965 -5.1066384315490714 2.0459247827529912 -7.3474247455596915 -9.2340917587280256 4.6833891868591317 5.2407131195068368 6.2093875408172616 0.16503266245126727 -1.337681710720062 2.6258431673049931 5.3499348163604745 3.7543362379074101 -0.68190962076187123 -0.14579750597476956
decision_type=2 2 2 2 2 2 2 2 2 2 2 2 2 2 2 2 2 2 2 2 2 2 2 2 2 2 2 2 2 2
left_child=1 6 3 4 27 -4 12 18 -9 -10 -7 -12 13 14 15 -1 -11 -6 -5 -20 -13 -22 -23 -18 25 -25 -26 28 -2 -30
right_child=2 -3 5 7 17 10 -8 8 9 16 11 20 -14 -15 -16 -17 23 -19 19 -21 21 22 -24 24 26 -27 -28 -29 29 -31
leaf_value=-0.013630555459634678 -0.0030667418272950428 -0.21558426902407693 -0.011163666004484351 0.077845073067422568 -0.020411007678402322 0.013727604664021948 -0.075575512647628795 0.083353563336034622 -0.024927587674019185 -0.053338422279718314 0.1068582398873387 -0.0015378233214670962 0.010039292047626543 -0.084554158998974449 0.064131604010860127 -0.08417209463258242 0.00043822078359576061 -0.10635630145668984 -0.067813781147392893 0.01238146151808193 0.11592959666252137 0.016518748125047177 0.088768467150236438 0.017321777291033628 0.0069928486658179245 0.084499098300933842 -0.066529737574898676 -0.052263953685760506 0.0069429400984314243 -0.0041740455372818279
leaf_weight=2527 8881 21 220 29 224 1339 40 24 235 43 33 88 266 29 27 29 5476 20 26 1838 25 131 38 212 2300 50 23 45 3553 2015
leaf_count=2527 8881 21 220 29 224 1339 40 24 235 43 33 88 266 29 27 29 5476 20 26 1838 25 131 38 212 2300 50 23 45 3553 2015
internal_value=0.000241128 -0.0144559 0.00184878 0.000877067 -0.00135902 0.0148088 -0.0130084 0.00409035 0.00223594 0.00200248 0.0182634 0.0375441 -0.0121388 -0.0143974 -0.0136097 -0.0144309 0.0027834 -0.0274557 0.0122829 0.0112629 0.0294329 0.0434814 0.0327642 0.00308277 0.00868493 0.0301419 0.0062649 -0.000919694 -0.000759788 0.00291982
internal_weight=29807 2939 26868 24994 14738 1874 2918 10256 8363 8339 1654 315 2878 2612 2583 2556 8104 244 1893 1864 282 194 169 8061 2585 262 2323 14494 14449 5568
internal_count=29807 2939 26868 24994 14738 1874 2918 10256 8363 8339 1654 315 2878 2612 2583 2556 8104 244 1893 1864 282 194 169 8061 2585 262 2323 14494 14449 5568
is_linear=0
shrinkage=0.05


Tree=77
num_leaves=31
num_cat=0
split_feature=165 69 132 19 170 186 69 86 202 7 143 33 109 83 117 154 150 16 69 129 256 119 152 172 5 280 195 290 44 65
split_gain=258.312 230.012 122.921 74.1012 81.8262 67.0016 60.0505 78.7926 75.5493 56.3005 55.9961 55.3756 64.5913 67.1534 53.5817 64.7254 59.791 50.9246 49.178 48.5169 59.2284 46.7466 46.2058 64.7306 46.1394 48.2997 44.9414 50.7319 44.7558 46.899
threshold=-4.5162794589996329 4.5766012668609628 2.0948616266250615 -0.41212622821331019 -2.1000096797943111 -1.4704901576042173 -3.4808822870254512 -0.46762438118457789 -1.3370972871780393 6.2093875408172616 -1.979919910430908 2.248862743377686 1.7355017066001894 3.1541694402694707 -1.0116806030273435 -0.79997697472572316 -3.0842090845108028 2.7524117231369023 -1.2309844493865965 -1.0000000180025095e-35 -7.3261587619781485 -4.1760065555572501 -0.31077592074871058 -3.7285026311874385 2.8549804687500004 -3.3646497726440425 4.1897261142730722 5.5121335983276376 -4.6995379924774161 -4.4405391216278067
decision_type=2 2 2 2 2 2 2 2 2 2 2 2 2 2 2 2 2 2 2 2 2 2 2 2 2 2 2 2 2 2
left_child=1 6 3 4 -2 11 7 24 14 -4 -6 -5 13 22 15 19 -17 -16 -12 -8 -21 -7 -13 -24 25 -1 27 -20 -23 -30
right_child=2 -3 9 5 10 21 8 -9 -10 -11 18 12 -14 -15 17 16 -18 -19 26 20 -22 28 23 -25 -26 -27 -28 -29 29 -31
leaf_value=-0.019589350706811854 -0.0012200845679598712 -0.15982605860783505 0.01308264025866087 -0.002940926513122034 0.014242436919547373 0.045736182366888367 -0.0030481055713261849 -0.07909523670141605 -0.036743796965123018 0.055566629549352133 -0.0051332412584215907 -0.0047966649069374374 0.022088870374446221 -0.082581675607104638 0.011286209153924854 -0.12403193840926344 -0.0099150326102972041 0.090510896525599738 0.0073075363285647985 -0.11959835328161716 -0.0092351940009863156 -0.057821967669071696 -0.10000399721245612 -0.024158551895801031 0.018214686262992122 0.034792693433839651 -0.060500056048234309 0.056674350039014276 -0.042352246807823929 0.0028162263417268957
leaf_weight=1465 3968 26 1592 6708 2263 62 1766 51 178 82 1011 329 94 43 260 22 24 22 2878 20 31 31 31 304 93 42 24 53 58 6276
leaf_count=1465 3968 26 1592 6708 2263 62 1766 51 178 82 1011 329 94 43 260 22 24 22 2878 20 31 31 31 304 93 42 24 53 58 6276
internal_value=0.000229072 -0.0115938 0.00206157 0.00115274 0.00439173 -0.00121724 -0.010624 -0.0179146 -0.00544237 0.0151637 0.00796657 -0.00442467 -0.0168503 -0.0220275 -0.00284486 -0.00591942 -0.0644927 0.0174669 0.00438556 -0.00443655 -0.0525149 0.00253016 -0.0181061 -0.0311771 -0.0159645 -0.0180737 0.00764224 0.00820021 0.0021093 0.00240262
internal_weight=29807 4000 25807 24133 10197 13936 3974 1651 2323 1674 6229 7509 801 707 2145 1863 46 282 3966 1817 51 6427 664 335 1600 1507 2955 2931 6365 6334
internal_count=29807 4000 25807 24133 10197 13936 3974 1651 2323 1674 6229 7509 801 707 2145 1863 46 282 3966 1817 51 6427 664 335 1600 1507 2955 2931 6365 6334
is_linear=0
shrinkage=0.05


Tree=78
num_leaves=31
num_cat=0
split_feature=191 67 186 16 62 102 280 26 295 1 43 162 79 229 295 197 126 27 52 123 40 99 150 52 99 249 286 131 32 297
split_gain=237.462 296.768 117.706 63.7675 61.641 58.9647 63.1656 58.2266 57.1448 72.6836 60.2543 57.9221 57.0167 54.1941 52.7455 51.4063 51.0191 49.5086 47.1766 73.6941 47.0974 52.8559 48.2025 47.0825 64.7245 48.0903 46.8045 46.5157 45.9134 45.9046
threshold=-5.2327349185943595 3.8840136528015141 1.8467465043067934 -1.572091221809387 -4.6457362174987784 -5.3902769088745108 -3.713117122650146 7.0294151306152353 -0.19155556708574292 0.47604277729988104 -6.5921943187713614 -2.3866364955902095 -0.019718729890882965 1.2914705872535708 -0.81547197699546803 -8.6139388084411603 0.694401115179062 2.209607839584351 2.3354165554046635 2.3049720525741582 2.3629673719406132 -1.1006126403808592 4.3506863117218026 4.5496232509613046 2.2261588573455815 -5.8402206897735587 1.4532905817031863 1.9478520750999453 0.92850974202156078 -0.13874510675668714
decision_type=2 2 2 2 2 2 2 2 2 2 2 2 2 2 2 2 2 2 2 2 2 2 2 2 2 2 2 2 2 2
left_child=1 4 7 -4 5 -1 -7 8 9 10 -2 13 14 28 16 -12 -6 -11 -17 -20 22 -22 -13 25 -25 -5 -24 -23 -10 -19
right_child=2 -3 3 23 12 6 -8 -9 11 17 15 20 -14 -15 -16 18 -18 29 19 -21 21 27 26 24 -26 -27 -28 -29 -30 -31
leaf_value=-0.014346640711775223 -0.059285348783368656 -0.19941260360536123 -0.011306943815218379 0.090140308942645797 -0.0042527793055322713 -0.051153006155161843 0.041638364680111409 -0.051933470368385318 0.031833479421003834 0.0053798309972514311 0.069668606519699097 0.0028893333527451304 -0.027219583274959359 0.093773526804787788 0.076498493878170856 -0.0016317307029999686 -0.074695428059651306 -0.0075242956380349975 -0.012378246560692788 -0.087309039605630412 0.070121579946473597 0.0075343899618709872 -0.106091465651989 0.11737024232067846 0.028457696216345647 0.012021787863999198 -0.0051741315258873842 0.045501398913403775 -0.017470685647205129 -0.067461369311495226
leaf_weight=626 46 21 221 20 2258 221 20 52 209 6115 25 3192 309 28 20 13222 26 366 290 37 43 569 20 22 294 1318 27 94 61 35
leaf_count=626 46 21 221 20 2258 221 20 52 209 6115 25 3192 309 28 20 13222 26 366 290 37 43 569 20 22 294 1318 27 94 61 35
internal_value=0.000217618 -0.0120156 0.0018457 0.0139186 -0.0108847 -0.0224372 -0.0434525 0.000919144 0.00103188 -7.93432e-05 -0.00215714 0.0063054 -0.00705156 0.0275609 -0.00434674 -0.00196354 -0.00505467 0.00426375 -0.00209572 -0.0208567 0.00469978 0.0164015 0.00214919 0.0172891 0.0346478 0.0131895 -0.0481177 0.0129173 0.0206944 -0.0127557
internal_weight=29807 3501 26306 1875 3480 867 241 24431 24379 20136 13620 4243 2613 298 2304 13574 2284 6516 13549 327 3945 706 3239 1654 316 1338 47 663 270 401
internal_count=29807 3501 26306 1875 3480 867 241 24431 24379 20136 13620 4243 2613 298 2304 13574 2284 6516 13549 327 3945 706 3239 1654 316 1338 47 663 270 401
is_linear=0
shrinkage=0.05


Tree=79
num_leaves=31
num_cat=0
split_feature=112 63 119 85 275 147 146 53 206 297 213 46 298 299 299 297 47 243 298 102 189 102 61 2 19 21 98 107 203 263
split_gain=223.402 432.907 116.574 99.5234 80.5182 68.9994 68.7423 66.4895 82.0351 65.1074 62.244 67.8118 58.3291 76.5918 62.0063 57.9043 57.868 59.8688 52.6465 52.6362 52.1888 46.9311 46.416 46.008 54.4026 45.8862 71.6065 56.1444 62.7924 45.15
threshold=-4.7224507331848136 2.0617320537567143 -0.41410394012928003 -7.12935447692871 5.4984915256500253 -0.60045751929283131 4.9756467342376718 -4.0015180110931388 -11.682632923126219 -0.09177288785576819 -4.9555101394653311 -2.6700391769409175 0.055604612454772002 1.0189304947853091 -0.64803919196128834 -4.712150812149047 -1.1406391859054563 -5.5327959060668936 1.5042891502380373 -1.4210293889045713 -3.3765428066253658 -1.5357951521873472 -3.0839215517044063 1.7082709670066836 4.7138562202453622 -1.3390596508979795 -5.1066384315490714 -3.3021020889282222 -0.38049913942813868 -1.9788347482681272
decision_type=2 2 2 2 2 2 2 2 2 2 2 2 2 2 2 2 2 2 2 2 2 2 2 2 2 2 2 2 2 2
left_child=1 5 3 -2 7 29 10 -4 -9 -6 19 16 14 18 -13 -16 -12 -18 -14 -5 -15 -19 -7 24 -11 -10 -27 28 -28 -1
right_child=2 -3 4 6 9 22 -8 8 25 23 11 12 13 20 15 -17 17 21 -20 -21 -22 -23 -24 -25 -26 26 27 -29 -30 -31
leaf_value=-0.012303688665001179 0.039525141443637828 -0.23573168455199764 -0.027842584310793412 -0.0044241098091982629 0.10057745563832146 -0.10971832440367767 -0.047775526740882972 0.087945923407872523 0.012533503257300412 0.018612038032560698 0.0067014100387349455 -0.00053693810164619118 -0.01522986883898416 -0.065479648242203092 -0.050044266507029533 0.016633397463033332 0.11872577153146267 0.00034660998499020935 -0.050799705243110664 -0.021486818201472642 0.0071494833756912887 0.050879809986916373 -0.031104869623321291 0.049095326848328118 -0.046742306670972282 -0.069047452421749353 -0.012603981137982813 0.0042416657612329252 -0.10785907001329841 0.031697421565089222
leaf_weight=2058 151 22 153 2213 27 28 79 30 1683 353 782 12116 620 26 34 769 20 85 125 568 508 100 57 112 35 34 81 6856 22 60
leaf_count=2058 151 22 153 2213 27 28 79 30 1683 353 782 12116 620 26 34 769 20 85 125 568 508 100 57 112 35 34 81 6856 22 60
internal_value=0.000206737 -0.0150339 0.00143617 -0.000898415 0.00596208 -0.0128299 -0.00123668 0.00483257 0.00540681 0.0249494 -0.00103204 0.000227427 -0.000653541 -0.0108389 0.000354829 0.0138102 0.0129002 0.0365461 -0.021198 -0.00790905 0.00361323 0.0276619 -0.0570011 0.0208655 0.0127167 0.00512141 0.00333754 0.0036912 -0.0329497 -0.0110572
internal_weight=29807 2225 27582 18196 9386 2203 18045 8859 8706 527 17966 15185 14198 1279 12919 803 987 205 745 2781 534 185 85 500 388 8676 6993 6959 103 2118
internal_count=29807 2225 27582 18196 9386 2203 18045 8859 8706 527 17966 15185 14198 1279 12919 803 987 205 745 2781 534 185 85 500 388 8676 6993 6959 103 2118
is_linear=0
shrinkage=0.05


Tree=80
num_leaves=31
num_cat=0
split_feature=183 67 8 119 257 46 39 20 298 299 206 34 40 94 8 286 1 283 4 21 79 61 98 299 32 33 96 253 243 73
split_gain=180.754 321.644 105.123 73.9734 89.1043 68.4468 65.1685 60.4431 57.6294 81.1068 60.6978 56.338 71.2295 105.847 66.3675 61.6526 91.271 61.2055 52.8725 51.7387 54.8133 82.6519 59.4387 51.6639 49.9806 48.6128 47.5501 47.3308 47.1765 46.9755
threshold=-4.8469395637512198 4.6557285785675058 5.6628627777099618 -0.41410394012928003 -13.78234815597534 4.0389411449432382 -1.6355155706405637 -1.3038935661315916 0.88247057795524608 1.1983317136764529 2.0759215354919438 -1.225392162799835 -0.64349019527435292 -2.0141398906707759 -3.505800604820251 -28.231839179992672 0.84413164854049694 -13.352681636810301 -2.9366554021835323 -1.3390596508979795 -3.5029411315917964 1.2343121170997622 -4.2063186168670645 1.9111764430999758 -4.1853332519531241 1.3938888907432558 -1.3296663165092466 -0.081812229007482515 -2.335294127464294 -0.53225585818290699
decision_type=2 2 2 2 2 2 2 2 2 2 2 2 2 2 2 2 2 2 2 2 2 2 2 2 2 2 2 2 2 2
left_child=1 11 3 4 -2 28 7 -6 10 -10 -8 12 14 26 -1 16 -16 -13 -19 23 21 -21 -22 29 -20 -26 -14 -12 -4 -5
right_child=2 -3 5 19 6 -7 8 -9 9 -11 27 17 13 -15 15 -17 -18 18 24 20 22 -23 -24 -25 25 -27 -28 -29 -30 -31
leaf_value=0.037772029178378026 -0.099186905473470699 -0.175975278328205 0.086451754293271482 0.017366211088470272 0.010339159847770868 0.11282577849924565 -0.0022758614444471988 -0.0011261567974031243 -0.037949516711866159 -0.0026838648084926372 0.0077807160325150575 -0.035203949407266732 0.035037470651351342 -0.020601281267329213 -0.12438117129994292 -0.0065463261668624127 -0.0094037439260217879 0.026635427569801157 -0.078233921065412715 -0.0075395684275362225 -0.03581589916034749 -0.10590380371681281 0.0039954598663601917 0.032578208358199509 -0.0056123494040740442 -0.024668678250980094 0.10831268541169939 0.061595249551464809 -0.0036905297098007608 -0.00034104220425061762
leaf_weight=81 23 29 21 776 2197 32 10981 2411 272 407 113 313 123 89 28 1645 45 88 29 90 95 28 7155 270 1004 502 27 64 47 724
leaf_count=81 23 29 21 776 2197 32 10981 2411 272 407 113 313 123 89 28 1645 45 88 29 90 95 28 7155 270 1004 502 27 64 47 724
internal_value=-0.0001793 -0.0100624 0.00135973 0.00115991 -0.000841987 0.0525246 -0.000704442 0.00434027 -0.00266829 -0.0168109 -0.00180766 -0.0088517 -0.0030493 0.0225964 -0.00645637 -0.00854165 -0.0535047 -0.0149598 -0.0110557 0.00476762 0.00292361 -0.0308802 0.00347379 0.0124437 -0.0132165 -0.0119645 0.048227 0.0272391 0.0241475 0.00881951
internal_weight=29709 4003 25706 25606 16468 100 16445 4608 11837 679 11158 3974 2038 239 1799 1718 73 1936 1623 9138 7368 118 7250 1770 1535 1506 150 177 68 1500
internal_count=29709 4003 25706 25606 16468 100 16445 4608 11837 679 11158 3974 2038 239 1799 1718 73 1936 1623 9138 7368 118 7250 1770 1535 1506 150 177 68 1500
is_linear=0
shrinkage=0.05


Tree=81
num_leaves=31
num_cat=0
split_feature=183 3 183 57 21 299 298 58 35 291 298 221 129 263 283 34 65 26 274 179 297 274 105 173 1 298 299 298 294 299
split_gain=169.477 333.701 127.751 105.964 86.3911 85.286 106.648 75.4902 73.5935 73.0619 64.1931 57.6332 70.7712 56.1105 73.2332 59.0056 55.1701 55.0096 62.7049 53.1357 52.9925 50.348 49.0746 48.6323 46.5414 46.0491 98.0548 80.1439 76.0385 71.4578
threshold=-17.243610382080075 1.9305858612060549 -3.5414015054702754 4.7031960487365732 -4.6238887310028067 1.6813321113586428 2.1892243623733525 8.5920672416687029 -5.2650980949401847 -7.3317997455596915 0.59053304791450512 4.5475304126739511 1.1865546107292178 -23.931010246276852 -24.17470550537109 -3.2641636133193965 -8.6827392578124982 5.1352825164794931 7.8560786247253427 0.7157912850379945 4.8807842731475839 -2.5361677408218379 1.4703691005706789 -2.5573426485061641 -1.0669117569923399 0.10679756477475168 -1.1303888559341428 -1.1484563350677488 2.59252941608429 1.0000000180025095e-35
decision_type=2 2 2 2 2 2 2 2 2 2 2 2 2 2 2 2 2 2 2 2 2 2 2 2 2 2 2 2 2 2
left_child=1 24 3 13 -4 6 7 9 -7 -6 19 25 -13 -2 -15 21 -17 18 -12 -10 -8 -16 -18 -24 -1 26 27 28 -11 -27
right_child=2 -3 4 -5 5 8 20 -9 10 11 17 12 -14 14 15 16 22 -19 -20 -21 -22 -23 23 -25 -26 29 -28 -29 -30 -31
leaf_value=-0.077078154949205266 0.049587967084801718 -0.24581968873739243 0.034205339478283393 -0.10122670592932866 -0.017240614854552621 0.088686453104019181 -0.043375752234929489 0.078917394914934713 0.01434461279007207 0.001136341657137836 0.0075421362819750454 0.0080628716952611361 0.079168399960662314 -0.050375233377729145 0.0030511177882070911 -0.051146596586200556 -0.0056996715257732478 -0.023586404965474057 0.042622339769001427 0.085259475976228724 0.035474225133657458 0.060828598695866869 -0.057663202149730725 -0.013058648383101593 -0.0012535694323173941 -0.019714567011525463 0.010325115056109065 -0.012550324420643173 0.068521330505609518 0.00010513488575332979
leaf_weight=28 46 20 205 29 544 30 190 31 56 12986 1815 107 52 91 1136 71 5270 130 137 50 24 39 89 195 73 645 2910 1126 42 1542
leaf_count=28 46 20 205 29 544 30 190 31 56 12986 1815 107 52 91 1136 71 5270 130 137 50 24 39 89 195 73 645 2910 1126 42 1542
internal_value=-0.000170334 -0.0592239 7.11648e-05 -0.00584947 0.00189431 0.00159883 0.000576865 0.00095282 0.0109057 0.000831696 0.00983925 0.0013382 0.0313175 -0.00545075 -0.00581815 -0.00522188 -0.0073506 0.00790682 0.0100042 0.047795 -0.0345328 0.00496884 -0.00679073 -0.0270368 -0.0222742 0.0010906 0.00196606 0.000247475 0.00135358 -0.00574018
internal_weight=29709 121 29588 6966 22622 22417 20199 19985 2218 19954 2188 19410 159 6937 6891 6800 5625 2082 1952 106 214 1175 5554 284 101 19251 17064 14154 13028 2187
internal_count=29709 121 29588 6966 22622 22417 20199 19985 2218 19954 2188 19410 159 6937 6891 6800 5625 2082 1952 106 214 1175 5554 284 101 19251 17064 14154 13028 2187
is_linear=0
shrinkage=0.05


Tree=82
num_leaves=31
num_cat=0
split_feature=296 29 248 119 3 27 204 4 5 6 256 282 22 243 120 99 167 297 298 69 242 89 30 158 6 282 124 19 33 14
split_gain=152.988 114.247 354.605 95.5459 82.5355 70.1279 64.5145 52.446 51.9963 50.6837 58.3883 47.562 55.8727 53.6404 79.9809 49.7658 54.9564 72.252 64.8741 47.4036 47.2492 46.6228 58.2649 86.2208 56.7299 61.1062 47.738 46.3368 45.9292 45.8613
threshold=-14.244803905487059 -10.960882186889647 -22.166470527648922 -0.41410394012928003 3.1807487010955815 3.7426121234893803 -14.110495567321776 -2.9366554021835323 5.0167300701141366 5.1330721378326425 -10.311764717102049 0.33578671514987951 1.2800000309944155 2.3035814762115483 1.7969521880149844 0.026588236913084987 -3.124312043190002 5.3799986839294442 -0.78292155265808094 3.5162031650543217 1.7133986949920657 -6.660637140274047 -0.32809954881668085 -4.4479019641876212 -2.3230005502700801 -12.297516345977781 -6.8832936286926261 -1.0278159976005552 2.8397059440612797 -2.9863630533218379
decision_type=2 2 2 2 2 2 2 2 2 2 2 2 2 2 2 2 2 2 2 2 2 2 2 2 2 2 2 2 2 2
left_child=1 2 -1 5 21 7 -4 20 -9 10 -5 12 -12 19 -15 16 -13 18 -18 29 -2 24 23 26 -3 -26 -23 -7 -11 -14
right_child=3 4 6 9 -6 27 -8 8 -10 28 11 15 13 14 -16 -17 17 -19 -20 -21 -22 22 -24 -25 25 -27 -28 -29 -30 -31
leaf_value=-0.25144755045572914 0.012503060476026602 -0.06395367758614677 0.055731456176094388 0.076319253018924171 0.032783556995035594 0.021710845934493201 -0.062695268962694256 -0.0015388849017041848 0.045474864113128795 0.021121185513643118 0.0034586680633326861 -0.055744294433490098 0.066600399667566465 -0.12349482633173466 0.0017591582038081609 0.0055351367877087068 0.045938839687558713 0.088945074111987391 0.0099721139456121401 -0.064853000772349984 0.075666641602010448 -0.049895513076735759 -0.010194449406706647 -0.13337356325886821 -0.0027906523429249465 0.083501919697631488 -0.011397476390686254 -0.030648088870199965 0.095122342348098757 -0.0065208604787739951
leaf_weight=21 288 35 23 28 87 49 23 18410 59 130 4953 23 22 25 26 2558 167 39 503 34 33 186 316 23 304 22 142 307 25 848
leaf_count=21 288 35 23 28 87 49 23 18410 59 130 4953 23 22 25 26 2558 167 39 503 34 33 186 316 23 304 22 142 307 25 848
internal_value=-0.000161818 -0.0177886 -0.0812025 0.000568538 -0.0139781 -0.00145697 -0.00348191 -0.00104045 -0.0013887 0.00470246 0.0042261 0.00400664 0.00132357 -0.00974986 -0.0596399 0.00882474 0.0203204 0.0227879 0.018937 -0.00693527 0.0189965 -0.0179355 -0.0257692 -0.0397909 -0.00346176 0.00303277 -0.0332287 -0.0234414 0.0330569 -0.00467182
internal_weight=29709 1182 67 28527 1115 19146 46 18790 18469 9381 9226 9198 5908 955 51 3290 732 709 670 904 321 1028 667 351 361 326 328 356 155 870
internal_count=29709 1182 67 28527 1115 19146 46 18790 18469 9381 9226 9198 5908 955 51 3290 732 709 670 904 321 1028 667 351 361 326 328 356 155 870
is_linear=0
shrinkage=0.05


Tree=83
num_leaves=31
num_cat=0
split_feature=112 62 119 105 59 146 2 276 43 9 46 50 107 116 168 73 4 60 10 193 39 114 9 40 40 255 104 14 248 167
split_gain=142.503 426.643 85.4916 66.056 66.7133 52.9958 51.6047 57.2608 67.0911 61.9291 56.6627 50.2949 46.2838 50.0291 49.2623 47.9512 43.9684 49.9437 47.927 50.6011 47.0071 80.9526 48.0325 47.3369 56.5553 44.3723 49.0809 43.4122 42.6576 48.9528
threshold=-5.5445098876953116 1.1352941393852236 -0.41410394012928003 -2.1132053136825557 -1.3468029499053953 4.9756467342376718 2.1724340915679936 8.769346237182619 2.0965290069580083 3.0750700235366826 3.3347821235656743 -1.4417086839675901 -4.4427752494812003 0.60918712615966808 -5.7339468002319327 -1.1951785683631895 -2.5095956325531001 -7.1172478199005118 -1.8538777232170103 -8.4505553245544416 -1.6355155706405637 -1.6386927962303159 -3.7115999460220332 1.3347886800765993 -0.81434932351112355 1.8028920888900759 4.7658615112304696 3.3278824090957646 -3.6330116987228389 -5.0811035633087149
decision_type=2 2 2 2 2 2 2 2 2 2 2 2 2 2 2 2 2 2 2 2 2 2 2 2 2 2 2 2 2 2
left_child=1 3 5 -1 11 16 12 8 10 -9 -8 -5 13 15 -14 -4 18 -18 -2 -20 21 27 -22 24 -23 26 -24 -19 -16 -30
right_child=2 -3 6 4 -6 -7 7 9 -10 -11 -12 -13 14 -15 28 -17 17 20 19 -21 22 23 25 -25 -26 -27 -28 -29 29 -31
leaf_value=-0.0091727817727894085 -0.017079871444447527 -0.24401245009154082 -0.053210972796659921 -0.11193741284484088 0.011571960656770639 -0.04322617785135905 0.018184845629156607 0.013065019927241586 -0.016638699561765748 0.13170222545211965 0.10000848207961431 -0.017536057957581112 0.059177502114325764 -0.10048679901020868 -0.0085418890090173481 0.035557935964958425 0.059022787038017721 -0.0023387490056974943 0.09485550715842031 0.016884006953720623 -0.017609622360128835 0.012403086395878275 -0.0028203163862712786 0.086330996237229563 -0.010627046089398509 0.020618558664533018 -0.056334989870963408 -0.074471740211759299 -0.044236407779595435 0.0049091527534399033
leaf_weight=1525 103 20 32 43 28 75 553 22 146 22 22 21 40 21 671 29 34 3096 22 384 559 1831 11935 20 312 202 43 21 51 7826
leaf_count=1525 103 20 32 43 28 75 553 22 146 22 22 21 40 21 671 29 34 3096 22 384 559 1831 11935 20 312 202 43 21 51 7826
internal_value=-0.000153727 -0.0144938 0.000682503 -0.0116549 -0.0527995 -0.00128076 0.00456054 0.0170092 0.0136299 0.0723836 0.0213155 -0.080962 0.00346213 -0.0339243 0.0038191 -0.0110094 -0.00111128 -0.00151989 0.0133812 0.0211091 -0.00163413 0.00233264 -0.00327826 0.00976469 0.00905012 -0.00262052 -0.00301243 -0.00282473 0.00356006 0.00459096
internal_weight=29709 1637 28072 1617 92 18637 9435 765 721 44 575 64 8670 82 8588 61 18562 18053 509 406 18019 5280 12739 2163 2143 12180 11978 3117 8548 7877
internal_count=29709 1637 28072 1617 92 18637 9435 765 721 44 575 64 8670 82 8588 61 18562 18053 509 406 18019 5280 12739 2163 2143 12180 11978 3117 8548 7877
is_linear=0
shrinkage=0.05


Tree=84
num_leaves=31
num_cat=0
split_feature=183 3 119 27 8 1 26 41 5 58 122 166 175 119 281 275 143 28 20 162 298 20 255 4 50 201 121 57 10 115
split_gain=136.289 288.104 105.967 87.1004 80.4017 74.3142 63.0315 56.7976 56.3285 53.7198 65.1621 53.034 71.5469 64.0546 51.5163 70.3951 61.5655 56.6841 50.1101 53.2439 49.2764 64.3049 60.035 47.3068 74.3085 70.222 47.5379 46.4757 46.0275 44.5092
threshold=-17.243610382080075 1.9305858612060549 -1.5105882287025449 2.8201372623443608 5.6628627777099618 3.5037903785705571 -0.32209427654743189 -5.0109167098999015 5.0167300701141366 1.2275736927986147 -2.931416273117065 -5.9246814250946036 -1.5811764597892759 -8.2187347412109357 1.6956022381782534 5.4984915256500253 -2.0015842914581294 7.8716378211975107 2.2338131666183476 -5.1615686416625968 0.40743273496627813 -1.8984534144401548 3.2655367851257329 -2.5095956325531001 -3.7419431209564205 -6.3492507934570304 1.9817647337913515 1.1135882735252383 -1.9338480234146116 -3.0789803266525264
decision_type=2 2 2 2 2 2 2 2 2 2 2 2 2 2 2 2 2 2 2 2 2 2 2 2 2 2 2 2 2 2
left_child=1 28 3 8 14 6 -6 -7 11 -5 -11 12 27 -13 15 16 -4 20 19 -18 21 -16 -23 24 -15 -26 -25 -2 -1 -29
right_child=2 -3 4 9 5 7 -8 -9 -10 10 -12 13 -14 23 17 -17 18 -19 -20 -21 -22 22 -24 26 25 -27 -28 29 -30 -31
leaf_value=0.02658464337647375 -0.0080158431825683527 -0.226482220441103 0.0066717856446008323 -0.017287783857744203 0.16159669466316701 -0.055791438761211579 0.041410498258968198 0.04879306659978979 0.043247556241590587 -0.13115842955157861 -0.024190437210657237 0.049367463228202638 -0.098037519350485963 -0.069786602064319289 0.083975973650813107 0.081911296314663373 -0.031387217813416531 -0.032894809429462143 -0.014360301837654819 0.00046392093215135008 0.006247832586323724 0.014845740702003242 0.092617779397047489 -0.0018996988011494324 0.09116164605845424 0.015007537552088069 -0.038206130610062533 -0.097018867589790253 -0.043889762714791759 -0.0014379517485698066
leaf_weight=36 1832 20 3674 506 20 21 24 34 67 24 35 62 23 23 40 27 133 78 644 9738 1798 544 26 9764 34 276 91 29 65 21
leaf_count=36 1832 20 3674 506 20 21 24 34 67 24 35 62 23 23 40 27 133 78 644 9738 1798 544 26 9764 34 276 91 29 65 21
internal_value=-0.000146041 -0.0531027 7.05257e-05 -0.00335937 0.00268097 0.0476074 0.0960406 0.0088608 -0.00247212 -0.0225524 -0.0677028 -0.00272413 -0.0103851 -0.00130031 0.00241467 0.00125344 0.00109996 0.00905511 -0.000846873 3.47647e-05 0.0104139 0.0226937 0.0183932 -0.00160865 0.0169264 0.0233599 -0.00223495 -0.0093139 -0.0187702 -0.0568749
internal_weight=29709 121 29588 12787 16801 99 44 55 12222 565 59 12155 1905 10250 16702 14216 14189 2486 10515 9871 2408 610 570 10188 333 310 9855 1882 101 50
internal_count=29709 121 29588 12787 16801 99 44 55 12222 565 59 12155 1905 10250 16702 14216 14189 2486 10515 9871 2408 610 570 10188 333 310 9855 1882 101 50
is_linear=0
shrinkage=0.05


Tree=85
num_leaves=31
num_cat=0
split_feature=120 77 288 204 228 1 86 71 298 292 183 250 119 93 286 9 155 19 21 280 7 221 80 57 6 13 63 22 111 35
split_gain=169.439 249.446 86.5337 66.9319 66.3988 60.819 60.3046 61.9165 56.2044 95.7923 52.6028 51.1608 44.894 56.7131 50.752 54.4755 51.8809 49.918 45.0508 44.3245 76.8443 63.6884 45.5493 43.894 43.7114 43.6584 63.9906 53.2806 51.8179 43.4701
threshold=-4.4960877895355216 2.340906143188477 -0.5625723898410796 -14.110495567321776 0.046363648027181632 0.35490195453166967 1.5515717864036562 1.7792618870735171 -1.1791393756866453 3.1594116687774663 -5.5080914497375479 0.56857702136039745 1.9949508905410769 -2.5343872308731075 6.2979178428649911 -2.753137350082397 5.1683580875396737 -3.5801072120666499 2.3613207340240483 -28.562280654907223 -1.2357761263847349 -21.508234977722164 -8.837793827056883 2.732108592987061 3.2711613178253178 -1.3301960825920103 2.6986180543899541 -4.3776187896728507 -1.9198175072669981 -4.8740346431732169
decision_type=2 2 2 2 2 2 2 2 2 2 2 2 2 2 2 2 2 2 2 2 2 2 2 2 2 2 2 2 2 2
left_child=1 4 3 -2 6 29 7 19 9 11 -7 -4 17 -14 16 -16 24 -10 -19 20 -1 -21 -22 -20 -15 26 -12 28 -27 -5
right_child=2 -3 8 5 -6 10 -8 -9 12 -11 25 -13 13 14 15 -17 -18 18 23 21 22 -23 -24 -25 -26 27 -28 -29 -30 -31
leaf_value=-0.13271559998393059 0.088591646012805766 -0.18376979288600742 0.0085614351406472378 -0.019219125061284138 0.046897766495845761 -0.012110643722852643 -0.061825620723982989 0.07693141136318446 0.051003274777714096 0.085245199307151465 -0.0033082832790917501 0.035961979749875188 0.089886869980103312 0.0073293728488039766 0.10560807653126264 0.022153219415373366 -0.024460396370781002 0.0019351936990517052 -0.011280304252556186 0.078680324554443362 0.015417533951836662 -0.010905737666316428 -0.070938694133208344 -0.073524974046214928 0.080638468691280912 0.0029251607050272553 -0.08937155983664774 0.004944781493671742 0.076981190161085608 -0.0023627374222229226
leaf_weight=20 21 21 1348 395 49 557 59 20 49 46 1183 195 23 641 21 284 134 3533 328 20 37 2464 26 31 21 44 22 6070 51 12061
leaf_count=20 21 21 1348 395 49 557 59 20 49 46 1183 195 23 641 21 284 134 3533 328 20 37 2464 26 31 21 44 22 6070 51 12061
internal_value=-0.000206842 -0.0121122 0.000988179 -0.000626546 -0.0107746 -0.000718464 -0.0118426 -0.0107027 0.00593961 0.0141439 0.00270519 0.0120242 0.00336575 0.0121802 0.0105569 0.0278993 0.00391186 0.000851811 0.000220407 -0.0113854 -0.0473285 -0.0101844 -0.0202215 -0.0166552 0.00965489 0.00382493 -0.00487956 0.00552629 0.0426816 -0.00289728
internal_weight=29774 2716 27058 20404 2695 20383 2646 2587 6654 1589 7927 1543 5065 1124 1101 305 796 3941 3892 2567 83 2484 63 359 662 7370 1205 6165 95 12456
internal_count=29774 2716 27058 20404 2695 20383 2646 2587 6654 1589 7927 1543 5065 1124 1101 305 796 3941 3892 2567 83 2484 63 359 662 7370 1205 6165 95 12456
is_linear=0
shrinkage=0.05


Tree=86
num_leaves=31
num_cat=0
split_feature=182 5 284 204 36 90 287 223 9 56 143 26 12 299 298 298 297 19 160 209 66 221 168 277 208 171 154 6 181 10
split_gain=157.741 178.25 90.4077 78.3299 59.0461 55.1928 57.2048 52.86 56.7728 50.679 73.9435 49.9347 68.1077 47.4065 111.18 91.2201 75.8713 59.8051 61.6189 54.2398 53.9331 66.0996 45.9108 45.5937 44.6885 53.8677 44.3885 43.736 52.2616 43.3146
threshold=-8.7542986869811994 4.5226049423217782 0.6227015256881715 -14.110495567321776 7.1457087993621835 -1.6456426978111265 -4.0858087539672843 -8.9929022789001447 -3.2907516956329341 5.4053952693939218 5.707684040069581 7.0294151306152353 1.749274015426636 -3.27435290813446 -3.2347199916839595 -3.4012916088104244 -6.1921570301055899 -0.41212622821331019 -4.1176376342773429 -6.1928694248199454 -2.2623679637908931 -1.4549722075462339 -11.770098209381102 4.5515470504760751 0.34347337484359747 2.1711372137069707 -5.2920067310333243 0.81406861543655407 3.069117665290833 1.7116731405258181
decision_type=2 2 2 2 2 2 2 2 2 2 2 2 2 2 2 2 2 2 2 2 2 2 2 2 2 2 2 2 2 2
left_child=1 7 3 -2 9 24 -7 -1 -9 10 13 12 -8 14 22 16 -15 26 -19 -16 21 -20 -5 -22 25 -4 -17 28 -13 -10
right_child=2 -3 5 4 -6 6 11 8 29 -11 -12 27 -14 15 19 17 -18 18 20 -21 23 -23 -24 -25 -26 -27 -28 -29 -30 -31
leaf_value=-0.010251796755351518 0.095856941313970656 -0.15902026349847967 0.027596768022023446 -0.077014897763729107 -0.063028587479340412 -0.057555195151103869 0.0034214679042343051 -0.095846507080963692 -0.011880876647089334 0.029560339969137442 -0.057214084062083018 -0.051367233829064808 0.020480638338700355 -0.03141418128957351 -0.073952262685066314 0.032239572552667149 0.021127606729518564 -0.027210890460033794 -0.029422730310492941 -0.015447476568903133 -0.00027380456211274833 0.0044343203137960788 -0.0011782908510136348 -0.069320111908018595 0.0018521183140718254 0.097174804777868329 0.003499406270032702 -0.095654049799555829 0.04681537306827048 -0.06670926609361659
leaf_weight=950 21 22 271 20 38 36 3200 35 136 138 58 33 716 75 41 138 819 249 368 1174 6317 237 9300 24 157 31 5077 21 23 49
leaf_count=950 21 22 271 20 38 36 3200 35 136 138 58 33 716 75 41 138 819 249 368 1174 6317 237 9300 24 157 31 5077 21 23 49
internal_value=-0.0001965 -0.0180175 0.000546717 -0.000666947 -0.000751149 0.00706232 0.0051908 -0.0153661 -0.0374508 -0.000652687 -0.000827161 0.00575651 0.00654056 -0.000689972 -0.00319561 0.00129416 0.0167197 0.000182925 -0.00277213 -0.0174217 -0.00189605 -0.0161597 -0.00134103 -0.000535137 0.02349 0.0347389 0.00425993 -0.0341182 -0.0110422 -0.026403
internal_weight=29774 1192 28582 24094 24073 4488 4029 1170 220 24035 23897 3993 3916 23839 10535 13304 894 12410 7195 1215 6946 605 9320 6341 459 302 5215 77 56 185
internal_count=29774 1192 28582 24094 24073 4488 4029 1170 220 24035 23897 3993 3916 23839 10535 13304 894 12410 7195 1215 6946 605 9320 6341 459 302 5215 77 56 185
is_linear=0
shrinkage=0.05


Tree=87
num_leaves=31
num_cat=0
split_feature=189 121 293 298 288 273 290 11 131 12 12 26 254 298 299 20 183 283 136 279 7 288 40 9 212 282 143 212 234 162
split_gain=148.828 280.958 113.436 79.7671 60.0346 59.1577 79.8019 58.3867 101.457 57.3661 56.8691 54.6128 55.9301 60.3109 67.0173 54.1852 49.5462 72.4645 48.8176 44.3136 42.8073 42.2509 41.9828 46.2261 41.5478 82.93 41.0982 76.3764 62.4146 77.0028
threshold=-17.632146835327145 -10.188775539398192 -4.9723529815673819 -7.9897687435150138 -8.8700475692749006 -26.468559265136715 -23.900489807128903 -1.7331481575965879 -13.546093463897703 -0.61131486296653736 1.5325199365615847 7.0294151306152353 0.73472410440444957 -3.7498850822448726 -3.6042549610137935 -0.70137137174606312 1.4714509248733523 -13.352681636810301 -2.1956372261047359 -4.2955939769744864 0.32000000774860388 -3.3248882293701167 2.6492624282836919 -3.36479640007019 -1.3905882239341734 -6.8221731185913077 -2.0015842914581294 -4.8289477825164786 -1.5135982036590574 3.7776348590850835
decision_type=2 2 2 2 2 2 2 2 2 2 2 2 2 2 2 2 2 2 2 2 2 2 2 2 2 2 2 2 2 2
left_child=1 7 5 9 20 -2 -7 -1 -9 -4 26 12 13 14 21 16 24 -18 -11 -14 -5 -12 -17 -24 -8 -26 -6 -28 29 -29
right_child=2 -3 3 4 10 6 15 8 -10 18 11 -13 19 -15 -16 22 17 -19 -20 -21 -22 -23 23 -25 25 -27 27 28 -30 -31
leaf_value=0.033851048460928727 0.040239997532056732 -0.22737827241420747 0.0026800069442771851 -0.11119894336909056 0.0040496236302833373 -0.055314210566078749 -0.0011335164385695498 -0.10735374829348397 0.021171653570075121 0.11118250808825619 -0.0051624622235035564 -0.046544634212147107 0.079480730189431109 0.00018725578873848267 0.069215021413666283 -0.0090580926430261863 -0.017340221387498519 0.079376264926460049 0.020095453993417323 0.018444349310577732 -0.010127766735174439 0.03660625744965814 -0.1031453328828017 -0.024613343192071754 -0.12314802855253221 -0.013304342693633965 -0.022247819961383756 -0.0036557012163435745 0.0027999924039023897 -0.099568046274639319
leaf_weight=32 69 20 47 20 6345 82 3187 34 28 38 143 44 31 1397 66 2736 34 45 24 730 22 105 21 174 20 122 403 5983 7751 21
leaf_count=32 69 20 47 20 6345 82 3187 34 28 38 143 44 31 1397 66 2736 34 45 24 730 22 105 21 174 20 122 403 5983 7751 21
internal_value=-0.000186675 -0.0572066 3.24849e-05 0.001669 0.0014673 -0.00581004 -0.00630489 -0.0209999 -0.04931 0.0443412 0.00157627 0.00867072 0.00965352 0.00463776 0.0244383 -0.00567092 -0.00138387 0.0377514 0.075923 0.0209307 -0.0582569 0.0125219 -0.0106557 -0.0330706 -0.00231259 -0.0287753 0.000705689 -0.000792917 -0.000164322 -0.00399117
internal_weight=29774 114 29660 23170 23061 6490 6421 94 62 109 23019 2516 2472 1711 314 6339 3408 79 62 761 42 248 2931 195 3329 142 20503 14158 13755 6004
internal_count=29774 114 29660 23170 23061 6490 6421 94 62 109 23019 2516 2472 1711 314 6339 3408 79 62 761 42 248 2931 195 3329 142 20503 14158 13755 6004
is_linear=0
shrinkage=0.05


Tree=88
num_leaves=31
num_cat=0
split_feature=120 77 288 36 71 296 1 220 298 291 49 250 11 131 231 143 267 270 63 145 191 13 80 298 22 240 223 101 183 215
split_gain=134.672 221.741 68.3772 61.0468 80.3763 63.2529 57.3059 58.3768 52.7605 107.11 49.5414 49.416 47.3594 45.2482 82.3423 75.9821 52.5726 48.1899 47.7079 54.9062 42.6243 39.8149 58.3136 43.043 41.6435 61.8609 39.1646 38.9793 38.5999 38.5294
threshold=-4.4960877895355216 2.340906143188477 -0.5625723898410796 2.6922302246093754 1.7792618870735171 -0.60395562648773182 0.39490197598934179 -21.023411750793453 -1.0497052669525144 3.2838809490203862 -1.2681390047073362 1.7059117555618288 -4.9892423152923575 1.9478520750999453 -1.8934196233749387 5.707684040069581 -1.9942501187324522 -4.2201678752899161 -1.3868313431739805 1.7816339731216433 0.35329408943653112 -1.3301960825920103 1.6925210356712344 1.2046890854835512 -4.9890196323394767 -7.2709150314331046 1.3813725113868716 -0.54279297590255726 -5.7371764183044425 -2.7814509868621822
decision_type=2 2 2 2 2 2 2 2 2 2 2 2 2 2 2 2 2 2 2 2 2 2 2 2 2 2 2 2 2 2
left_child=1 3 6 4 5 -1 29 -8 9 11 -5 -4 -9 15 -15 17 -16 -10 19 -18 -13 22 23 -14 25 -23 28 -20 -26 -2
right_child=2 -3 8 10 -6 -7 7 12 13 -11 -12 20 21 14 16 -17 18 -19 27 -21 -22 24 -24 -25 26 -27 -28 -29 -30 -31
leaf_value=-0.0093524848426249432 0.00063070036248050838 -0.17263574259621758 0.0091521544966312526 -0.065843152480357034 0.089950845612301711 0.051134898407723423 0.08820158004760742 -0.068973051983377207 0.051898304532970424 0.098194746507538691 -0.014367708777051383 0.075856927775133115 -0.00096537325928712492 -0.086142372588316599 0.09414437175728381 -0.057635210028716501 0.11664644044459514 0.00041241321719716551 -0.029243144533441713 0.012385221517511778 -0.0046990887417147562 -0.031401649794795296 -0.050871141693752377 -0.055019266923007216 -0.011950854457011729 0.066837164709123528 -0.022074455773191795 0.012379127530122384 0.0056367500120490114 -0.0049261982304873442
leaf_weight=2440 5383 21 1597 83 21 44 20 23 46 36 107 52 1195 21 20 56 23 3791 60 28 24 22 66 38 330 59 140 900 5710 7418
leaf_count=2440 5383 21 1597 83 21 44 20 23 46 36 107 52 1195 21 20 56 23 3791 60 28 24 22 66 38 330 59 140 900 5710 7418
internal_value=-0.000177341 -0.0107912 0.000888044 -0.00953005 -0.00745755 -0.00828105 -0.000547318 0.00289096 0.00528948 0.012863 -0.0368543 0.0110268 0.00266596 0.00267207 0.0118728 0.000185772 0.0138692 0.00102965 0.0122812 0.059405 0.0504182 0.00288391 -0.00508225 -0.00263127 0.00453669 0.040155 0.00406984 0.00977774 0.00467584 -0.00258944
internal_weight=29774 2716 27058 2695 2505 2484 20404 7603 6654 1709 190 1673 7583 4945 1052 3893 1031 3837 1011 51 76 7560 1299 1233 6261 81 6180 960 6040 12801
internal_count=29774 2716 27058 2695 2505 2484 20404 7603 6654 1709 190 1673 7583 4945 1052 3893 1031 3837 1011 51 76 7560 1299 1233 6261 81 6180 960 6040 12801
is_linear=0
shrinkage=0.05


Tree=89
num_leaves=31
num_cat=0
split_feature=293 183 279 94 298 263 284 90 12 288 148 209 270 180 298 230 34 237 289 27 16 256 23 69 145 118 16 213 174 55
split_gain=123.043 93.0653 171.514 204.363 72.3577 64.2736 59.0075 53.1002 51.9405 51.8188 53.9572 66.007 66.6788 60.547 58.6861 55.5942 49.0983 55.6711 51.3624 49.9796 52.592 56.93 50.3016 47.9581 47.3874 64.7492 56.7187 52.2174 48.735 46.7471
threshold=-4.9723529815673819 -17.243610382080075 -28.465931892395016 -13.395708560943602 -7.9897687435150138 -23.931010246276852 0.6227015256881715 -1.6456426978111265 -0.61131486296653736 -8.8700475692749006 -1.9779236316680906 -6.3292157649993888 -4.3277449607849112 -1.5835294127464292 -0.3868392258882522 3.6908472776412968 -2.0068137645721431 -1.1834509372711179 -1.6787196993827818 -0.21340196579694745 2.7524117231369023 -8.254269599914549 -0.57291319966316212 -3.9142082929611202 -3.3194514513015743 -0.53245100378990162 0.66084775328636181 -5.8812255859374991 -1.7305784225463865 -2.7856109142303462
decision_type=2 2 2 2 2 2 2 2 2 2 2 2 2 2 2 2 2 2 2 2 2 2 2 2 2 2 2 2 2 2
left_child=1 2 3 -1 8 29 9 -8 -2 -6 13 12 -12 -11 15 -13 17 18 19 20 -7 -22 -21 -18 25 28 -27 -26 -25 -3
right_child=4 5 -4 -5 6 16 7 -9 -10 10 11 14 -14 -15 -16 -17 23 -19 -20 22 21 -23 -24 24 27 26 -28 -29 -30 -31
leaf_value=-0.2463025283813477 0.0025474556496347042 0.014417163655161859 -0.00081750118371212124 -0.029892985026041669 -0.055354234647183191 -0.0026288081669044016 0.022920001761966877 0.0047109493697416746 0.072240830387642258 0.00027348806159965317 -0.10864741424548215 -4.1331537097994336e-05 -0.0031699156328555082 0.010012711890212446 -0.0088509866485500764 0.069295390977941712 -0.022035052951419335 0.042132624873270595 -0.079472683565247629 0.039824468496122534 -0.11997379511594773 -0.010319733696764914 0.00045675479087959301 -0.0051217809394243467 -0.032004538042503493 0.0088226439741750564 0.090536788063389925 -0.0087409195402981185 0.036536946932854433 0.10885681685060263
leaf_weight=20 47 38 66 24 42 1948 445 3992 62 4509 29 9281 31 2470 2233 29 623 75 21 140 20 29 193 1369 285 54 35 1570 74 20
leaf_count=20 47 38 66 24 42 1948 445 3992 62 4509 29 9281 31 2470 2233 29 623 75 21 140 20 29 193 1369 285 54 35 1570 74 20
internal_value=-0.000168474 -0.00618908 -0.0517949 -0.128261 0.00154754 -0.00541657 0.00135544 0.00653719 0.0421896 0.000120938 0.000246326 -0.00184326 -0.0541507 0.00372038 -0.00157137 0.000174648 -0.00588878 -0.000274141 -0.00162697 -0.000925359 -0.00391571 -0.0550765 0.0170077 -0.00928557 -0.00694045 -0.00043262 0.0409574 -0.0123151 -0.00298544 0.0469826
internal_weight=29774 6604 110 44 23170 6494 23061 4437 109 18624 18582 11603 60 6979 11543 9310 6436 2426 2351 2330 1997 49 333 4010 3387 1532 89 1855 1443 58
internal_count=29774 6604 110 44 23170 6494 23061 4437 109 18624 18582 11603 60 6979 11543 9310 6436 2426 2351 2330 1997 49 333 4010 3387 1532 89 1855 1443 58
is_linear=0
shrinkage=0.05


Tree=90
num_leaves=31
num_cat=0
split_feature=283 11 232 210 21 283 8 261 169 31 245 170 35 173 90 204 201 150 122 225 146 7 125 262 73 70 2 100 71 48
split_gain=131.264 117.92 66.5945 62.2255 60.7669 60.1204 56.0927 50.0328 50.519 47.5474 61.7704 60.3482 48.4452 45.4391 45.5391 45.2141 55.3869 44.914 42.3067 52.3995 47.3122 41.9814 41.4047 44.5156 41.3387 40.6012 43.6043 40.2293 40.149 60.5825
threshold=-11.02850294113159 5.1986215114593515 -0.91919118165969838 -5.8851566314697257 -1.3390596508979795 -13.956161499023436 3.2059168815612797 3.2997353076934819 3.4013456106185918 -2.6661003828048702 3.3647618293762211 1.0788413286209109 -4.8740346431732169 0.03051822725683451 -0.050678718835115426 -4.3125143051147452 -5.8751733303070059 -0.73895677924156178 -2.0495424270629878 3.2855392694473271 -2.1471177339553829 -1.8138976693153379 -0.49794583022594446 -2.4804798364639278 -7.3717234134674063 4.2434115409851083 -2.491348028182983 -8.1518750190734846 -4.560783624649047 -0.94408291578292836
decision_type=2 2 2 2 2 2 2 2 2 2 2 2 2 2 2 2 2 2 2 2 2 2 2 2 2 2 2 2 2 2
left_child=1 3 9 6 21 -5 -1 8 15 11 12 24 -11 -10 -15 17 -17 -6 -14 20 -20 22 -4 -24 -2 26 -23 -26 29 -18
right_child=2 -3 4 5 7 -7 -8 -9 13 10 -12 -13 18 14 -16 16 28 -19 19 -21 -22 25 23 -25 27 -27 -28 -29 -30 -31
leaf_value=-0.010273639448326773 -0.044545226873353473 -0.098795893253424236 0.016658721762624656 -0.10673976314478908 0.0039236729462189899 -0.026319479420144332 0.032857920889613 0.014585865319645896 -0.079392552555635057 -0.020085024120461231 -0.072355827785307358 0.045301521682868835 -0.0048732289558785641 0.042393430578522386 -0.021698137282749306 -0.074385295746227112 -0.10986762925982477 0.083027217582361229 0.0053507552619357079 0.063448899216724169 -0.0018995965027414883 0.042581224895678886 0.13008773043751717 0.040435449274049871 0.062454851816097903 0.050327911728718248 0.0064499649256412718 0.0041840009416823521 0.0020590816313296959 0.011725977914673943
leaf_weight=1645 43 39 99 29 38 117 79 753 29 351 31 92 5477 32 207 24 20 34 3259 33 7268 89 20 45 30 61 1352 2336 6004 21
leaf_count=1645 43 39 99 29 38 117 79 753 29 351 31 92 5477 32 207 24 20 34 3259 33 7268 89 20 45 30 61 1352 2336 6004 21
internal_value=-6.39129e-05 -0.0127461 0.00080859 -0.0109514 0.00439453 -0.0422934 -0.00829719 0.00239378 0.000961318 -0.000864594 -0.00184286 0.00555768 -0.00170947 -0.0202885 -0.0131168 0.00188868 0.00142138 0.0412781 -0.00130729 0.000542202 0.000345003 0.0129956 0.0370156 0.0680208 0.00403986 0.0103729 0.00868153 0.00492285 0.00172235 -0.047588
internal_weight=29657 1909 27748 1870 8828 146 1724 7162 6409 18920 16419 2501 16388 268 239 6141 6069 72 16037 10560 10527 1666 164 65 2409 1502 1441 2366 6045 41
internal_count=29657 1909 27748 1870 8828 146 1724 7162 6409 18920 16419 2501 16388 268 239 6141 6069 72 16037 10560 10527 1666 164 65 2409 1502 1441 2366 6045 41
is_linear=0
shrinkage=0.05


Tree=91
num_leaves=31
num_cat=0
split_feature=283 11 215 166 8 104 97 36 12 0 220 219 230 13 144 158 257 194 24 149 154 184 147 295 19 163 90 182 116 95
split_gain=118.466 106.423 64.4302 61.4866 53.8795 48.4433 57.6103 51.5479 46.4322 45.5992 46.6997 44.9891 73.9239 41.6364 53.0219 54.3499 51.5111 68.1198 47.2126 45.5865 45.2039 47.6235 41.9597 49.8204 40.1329 40.8167 42.386 40.0201 40.3606 38.9837
threshold=-11.02850294113159 5.1986215114593515 -7.17844533920288 1.3379412293434145 3.2059168815612797 -0.24689321964979169 -6.7056100368499747 -3.9365360736846919 2.5205229520797734 -3.2321567535400386 4.7790849208831796 -11.480169773101805 -11.966731071472166 -1.6059155464172361 -4.0537843704223624 4.7060294151306161 -3.430686235427856 1.9545280337333681 -5.8465588092803946 -8.1713442802429181 1.2241623997688296 0.98270779848098766 2.3922030925750737 2.1362417936325078 -0.31178179383277888 -3.9290145635604854 5.2182447910308847 0.98760783672332775 -1.6422551870346067 1.689444422721863
decision_type=2 2 2 2 2 2 2 2 2 2 2 2 2 2 2 2 2 2 2 2 2 2 2 2 2 2 2 2 2 2
left_child=1 2 4 11 -1 6 -4 -8 -6 10 -5 -2 -13 22 18 16 17 19 -15 -16 21 -21 27 -24 29 -26 -27 -14 -29 -18
right_child=3 -3 5 9 8 -7 7 -9 -10 -11 -12 12 13 14 15 -17 24 -19 -20 20 -22 -23 23 -25 25 26 -28 28 -30 -31
leaf_value=-0.0088100801891545805 0.049870865609910754 -0.093856090154403299 -0.10525966376066208 0.088536256727050344 0.062400012731552129 -0.085440658243038717 0.057826876640319824 -0.025374383529330177 -0.021055506587028504 0.0065315308916404306 -0.0077511593699455261 -0.08787789965669314 -0.0059767215831303287 0.057705868051407185 0.066030571253403378 0.047373830452561383 0.0054656889776791492 -0.092374472320079809 0.0070347231945060238 -0.0045822535581167547 -0.031843629905155733 0.023845863062888384 -0.01548783006694387 -0.095766267401200755 -0.021446710729476397 -0.00014264792451069885 -0.053782647198720557 0.06703837042408331 0.0065481308589761082 -0.010848096902577245
leaf_weight=1551 45 39 20 34 50 39 21 164 25 3117 20 24 2736 47 23 60 5563 22 2098 4786 147 152 68 27 237 7948 37 35 130 392
leaf_count=1551 45 39 20 34 50 39 21 164 25 3117 20 24 2736 47 23 60 5563 22 2098 4786 147 152 68 27 237 7948 37 35 130 392
internal_value=-6.07173e-05 -0.0121088 -0.0104039 0.000768161 -0.00680862 -0.0343624 -0.024645 -0.0159299 0.0345815 0.00732072 0.0528743 -7.72699e-05 -0.000168892 -8.30007e-05 0.0006861 -0.000140013 -0.000287671 -0.00458102 0.008145 -0.0042029 -0.00452057 -0.00370719 -0.00560533 -0.0383038 0.00126589 -0.000998126 -0.000391199 -0.00453454 0.0193794 0.0043918
internal_weight=29657 1909 1870 27748 1626 244 205 185 75 3171 54 24577 24532 24508 21512 19367 19307 5130 2145 5108 5085 4938 2996 95 14177 8222 7985 2901 165 5955
internal_count=29657 1909 1870 27748 1626 244 205 185 75 3171 54 24577 24532 24508 21512 19367 19307 5130 2145 5108 5085 4938 2996 95 14177 8222 7985 2901 165 5955
is_linear=0
shrinkage=0.05


Tree=92
num_leaves=31
num_cat=0
split_feature=280 29 219 3 88 247 122 158 265 236 107 289 263 238 0 186 261 223 154 298 291 294 242 178 237 167 298 175 256 193
split_gain=112.003 185.532 82.2389 61.5236 51.1223 51.1849 48.0571 49.4208 63.4781 49.5008 48.4446 46.6228 61.1946 44.3568 41.942 41.1829 40.8186 78.0216 60.5678 55.8043 86.9619 59.2421 67.9743 55.1135 52.7511 48.5884 48.4062 48.3505 42.6549 40.631
threshold=-28.562280654907223 -10.960882186889647 -1.4186809659004209 0.02705883048474789 -2.7761904001235957 -4.2698040008544913 -2.0695798397064205 -2.3670686483383174 -6.3229410648345938 -4.079657554626464 -0.31233894824981684 -2.9093698263168331 -4.8883056640624991 2.4213430881500249 -0.75640270113944996 0.87928703427314769 3.0427306890487675 -1.4908193349838255 -1.9808278679847715 0.33901964128017431 3.2838809490203862 3.6051763296127324 3.9237288236618046 2.1861419677734379 -2.6531589031219478 1.5351634025573733 2.6305346488952641 -4.0715539455413809 -0.2176728621125221 -2.5650968551635738
decision_type=2 2 2 2 2 2 2 2 2 2 2 2 2 2 2 2 2 2 2 2 2 2 2 2 2 2 2 2 2 2
left_child=1 -1 6 -3 5 -4 10 11 9 14 -2 -8 -13 -7 -9 -10 19 -18 -19 20 21 22 -6 -22 26 -20 -21 -26 -27 -12
right_child=2 3 4 -5 16 13 7 8 15 -11 29 12 -14 -15 -16 -17 17 18 25 24 23 -23 -24 -25 27 28 -28 -29 -30 -31
leaf_value=-0.16687217125525844 -0.0036843480806002457 -0.074482649333518128 0.07108036928217519 0.014459423076803403 0.0037066062627870732 0.009053492632579048 0.00053200825625145511 -0.070161004557653714 -0.0026559346776762745 -0.064268724661430007 -0.0043312206333894947 0.042055470169815305 0.0080570234974983047 0.063800847911980096 -0.0018096570863871649 0.015600707858162919 0.11032205696217717 0.096626893526408825 -0.013873854817969627 -0.021267627469905015 0.029192222713255417 0.064344516918063172 -0.060868905316584003 0.12242441553136577 -0.08024971300736071 0.084708115161352224 -0.10536483864892612 -0.0022186763365315788 0.012417955231954875 -0.028938286763689498
leaf_weight=26 7120 29 44 59 6737 379 2919 27 5580 68 309 146 1416 41 133 327 20 20 190 77 51 40 41 23 20 21 22 2684 721 367
leaf_count=26 7120 29 44 59 6737 379 2919 27 5580 68 309 146 1416 41 133 327 20 20 190 77 51 40 41 23 20 21 22 2684 721 367
internal_value=-5.76814e-05 -0.0495225 0.000133193 -0.014851 0.00352604 0.0197729 -0.00191796 0.00027108 -0.0026445 -0.028532 -0.00489883 0.00426284 0.0112349 0.0143979 -0.0133439 -0.00164528 0.00281932 0.0125876 0.0105344 0.00183998 0.00425916 0.00367403 0.00331599 0.0581698 -0.0041083 0.00868689 -0.0399559 -0.00279583 0.0144639 -0.0176904
internal_weight=29657 114 29543 88 11131 464 18412 10616 6135 228 7796 4481 1562 420 160 5907 10667 972 952 9695 6892 6818 6778 74 2803 932 99 2704 742 676
internal_count=29657 114 29543 88 11131 464 18412 10616 6135 228 7796 4481 1562 420 160 5907 10667 972 952 9695 6892 6818 6778 74 2803 932 99 2704 742 676
is_linear=0
shrinkage=0.05


Tree=93
num_leaves=31
num_cat=0
split_feature=289 11 210 8 299 298 298 255 19 295 53 61 10 21 38 263 268 145 239 20 14 194 299 298 298 115 9 297 110 35
split_gain=103.091 168.928 70.0483 60.7074 58.7078 111.212 110.282 77.2654 58.5232 54.3191 52.3327 50.0635 48.5728 49.2399 62.303 59.3872 45.8468 45.6476 44.7312 47.7905 44.0722 49.4092 44.0458 89.8416 59.9973 54.1614 42.1318 47.9396 66.622 42.0614
threshold=-12.830650806427 5.1986215114593515 -6.9297738075256339 2.7658181190490727 -2.5502520799636836 -2.6697548627853389 -2.7929260730743404 -1.3039430379867551 -1.0764510035514829 1.1575163602828982 -9.8150978088378888 2.6767112016677861 0.66164788603782665 -0.25316397845745081 -1.6758978366851804 -4.3995089530944815 -5.6075348854064933 0.47531551122665411 2.0367575883865361 2.7480719089508061 -0.85999998450279225 -0.48573854565620417 -3.5474510192871089 -3.5812745094299312 -3.8471001386642452 -3.2223162651062007 -2.0684968233108516 -0.5282108187675475 1.1067973971366885 -5.6283211708068839
decision_type=2 2 2 2 2 2 2 2 2 2 2 2 2 2 2 2 2 2 2 2 2 2 2 2 2 2 2 2 2 2
left_child=1 2 3 -1 5 9 7 17 -4 10 -2 18 13 15 -15 20 -16 -6 19 26 21 -8 23 -12 -24 -25 -7 -28 -29 -14
right_child=4 -3 8 -5 6 11 12 -9 -10 -11 22 -13 29 14 16 -17 -18 -19 -20 -21 -22 -23 24 25 -26 -27 27 28 -30 -31
leaf_value=-0.0097802585112507622 0.073610958705345786 -0.13048245747884116 -0.096571775074852151 0.033044852860523076 0.01868860409077671 -0.029637000406229935 0.013622967352394958 0.045776828073335996 -0.024680852087902595 0.047944783735073222 -0.00024660536252699296 -0.084654072920481369 0.058600189899786929 -0.020814046458959456 -0.072153319224067355 0.0018661559624996351 -0.0013709171597748181 -0.0135366486464168 0.054455232381820685 -0.057155222584635526 0.038449732077989122 -0.06956516561098397 0.021187472826725728 -0.043436576796123408 0.0018630058578458413 -0.011161078774171917 -0.010711234070518069 0.0042499182638354024 0.10120842595669358 0.0063698922712901538
leaf_weight=1179 24 30 38 89 486 270 166 221 111 59 8066 24 39 476 23 4856 4276 142 25 59 201 20 481 153 2435 864 1420 91 22 3311
leaf_count=1179 24 30 38 89 486 270 166 221 111 59 8066 24 39 476 23 4856 4276 142 25 59 201 20 481 153 2435 864 1420 91 22 3311
internal_value=-5.47973e-05 -0.013071 -0.0105852 -0.0067744 0.000612853 -0.00168628 0.00287577 0.02035 -0.0430154 8.6485e-05 -0.000148368 -0.0128943 0.00176598 2.31089e-05 -0.00365006 0.00336841 -0.00174961 0.011402 -0.0119817 -0.0128737 0.0222184 0.00467801 -0.000295899 -0.00201234 0.00505062 -0.0160167 -0.0114246 -0.00821698 0.0231268 0.00697795
internal_weight=29657 1447 1417 1268 28210 13993 14217 849 149 12082 12023 1911 13368 10018 4775 5243 4299 628 1887 1862 387 186 11999 9083 2916 1017 1803 1533 113 3350
internal_count=29657 1447 1417 1268 28210 13993 14217 849 149 12082 12023 1911 13368 10018 4775 5243 4299 628 1887 1862 387 186 11999 9083 2916 1017 1803 1533 113 3350
is_linear=0
shrinkage=0.05


Tree=94
num_leaves=31
num_cat=0
split_feature=280 9 299 298 298 245 299 298 298 299 298 298 151 284 1 295 296 264 206 159 9 6 50 79 242 250 293 247 264 34
split_gain=98.6529 139.409 71.1952 95.297 87.5442 59.886 58.5054 83.423 62.7574 59.3352 80.4294 57.4255 56.1998 54.7091 54.6712 54.5459 54.0785 51.8712 58.0025 48.0331 46.5373 51.4976 53.2725 45.39 47.7986 44.1638 43.4921 43.0422 42.8398 41.7141
threshold=-28.562280654907223 3.5990865230560307 -2.5502520799636836 -2.2685784101486202 -2.6697548627853389 -2.0199719667434688 -1.2552287578582761 -0.63358649611473072 -1.0497052669525144 1.1209803223609927 0.47318625450134283 2.1892243623733525 -6.2089517116546622 -7.6476647853851309 0.86092218756675731 -0.19155556708574292 2.9208333492279057 -4.3130207061767569 -3.0188235044479366 -0.8610192835330962 -2.9874860048294063 -1.6133725047111509 -4.1331799030303946 -10.748857498168944 1.0268011093139651 1.9263586401939394 -0.15388887375593183 1.0000000180025095e-35 -5.223003387451171 1.2090068459510805
decision_type=2 2 2 2 2 2 2 2 2 2 2 2 2 2 2 2 2 2 2 2 2 2 2 2 2 2 2 2 2 2
left_child=1 14 4 15 5 20 8 -8 28 11 -11 16 -7 -6 -1 25 -9 -12 -19 -13 21 22 -2 -22 29 27 -14 -4 -5 -25
right_child=2 -3 3 6 13 12 7 9 -10 10 17 19 26 -15 -16 -17 -18 18 -20 -21 23 -23 -24 24 -26 -27 -28 -29 -30 -31
leaf_value=-0.064369510190609255 -0.084532508728179079 -0.1595449757846919 0.011603375298563031 0.029422656512051299 -0.081626635843089657 0.06365521987683552 0.012332404966203185 -0.0038709070760465239 -0.015866995320119384 0.039223906283195206 -0.06800798073410988 -0.089942721708212048 0.0041834608821971235 -0.011217998561117477 0.013626576060394073 0.040308485327788246 0.034833189107037039 0.05664379646141942 0.0033248202934576449 -0.019207667586548877 0.042600270651154598 -0.0073744311888770363 -0.020426198767452705 4.5901904962117118e-05 -0.056629602190775757 0.070425565540790561 0.038182084407713861 -0.015603424679874531 -0.0018023958181259091 -0.009672328356207717
leaf_weight=39 44 22 1696 114 28 43 1987 3053 867 169 25 32 1887 1883 53 164 93 52 2669 96 59 1025 123 8831 39 30 99 159 3014 1262
leaf_count=39 44 22 1696 114 28 43 1987 3053 867 169 25 32 1887 1883 53 164 93 52 2669 96 59 1025 123 8831 39 30 99 159 3014 1262
internal_value=-5.20574e-05 -0.0464754 0.00012708 0.00267503 -0.00223746 -0.000810879 0.000995574 0.00341879 -0.00396369 0.000557048 0.00574548 -0.00406246 0.00710271 -0.0122496 -0.019437 0.0126509 -0.00272676 0.00368508 0.00434378 -0.0368914 -0.00222146 -0.0115693 -0.0373165 -0.00112808 -0.00138272 0.0102446 0.00587826 0.00927136 -0.000664398 -0.00116924
internal_weight=29657 114 29543 14220 15323 13412 12171 8176 3995 6189 2915 3274 2029 1911 92 2049 3146 2746 2721 128 11383 1192 167 10191 10132 1885 1986 1855 3128 10093
internal_count=29657 114 29543 14220 15323 13412 12171 8176 3995 6189 2915 3274 2029 1911 92 2049 3146 2746 2721 128 11383 1192 167 10191 10132 1885 1986 1855 3128 10093
is_linear=0
shrinkage=0.05


Tree=95
num_leaves=31
num_cat=0
split_feature=122 67 233 286 97 263 190 0 61 230 72 277 235 232 2 242 4 38 96 69 61 246 56 219 220 112 110 1 14 134
split_gain=72.5292 375.611 84.8627 54.3634 52.4211 51.2297 70.4671 52.4181 49.4704 58.7279 52.1842 48.8121 67.9024 54.6141 47.1959 46.077 42.0474 40.0855 53.8731 55.1796 43.3247 41.9044 53.0405 40.156 78.6526 42.9237 39.8689 51.6097 65.2045 45.0363
threshold=-2.0495424270629878 3.8840136528015141 -18.447570800781246 -21.170604705810543 -13.633185863494871 -14.747662067413328 -6.9732384681701651 -2.2922875881195064 -4.506666660308837 -18.555882453918453 -2.3189338445663448 2.6923180818557744 -1.1115500330924986 1.0000000180025095e-35 0.033655270934104926 -4.0072221755981436 -1.4289619922637937 -2.6093757152557369 -4.4539794921874991 -0.093950644135475145 -5.0977644920349112 0.32554548978805548 2.2177516222000127 3.4380390644073491 1.7285680770874026 0.83376222848892223 -4.1745569705963126 4.6622891426086435 2.8986274003982548 -3.9469453096389766
decision_type=2 2 2 2 2 2 2 2 2 2 2 2 2 2 2 2 2 2 2 2 2 2 2 2 2 2 2 2 2 2
left_child=1 4 -2 -4 -1 6 8 16 -6 -10 -11 13 -13 -9 17 -15 -7 21 19 -19 -20 22 -5 -22 25 -25 -16 28 29 -28
right_child=2 -3 3 14 5 7 -8 11 9 10 -12 12 -14 15 26 -17 -18 18 20 -21 23 -23 -24 24 -26 -27 27 -29 -30 -31
leaf_value=0.032826666398481891 0.099593589522621859 -0.21020466631109064 -0.060921690804617748 0.012013009387822651 -0.026124271655983605 0.034089141362791613 -0.10823959488244284 -0.004250209916680325 0.075323493664081281 0.0097091186416241558 -0.056957922449433485 -0.11224378658377605 -0.017389037495567687 0.084898224202069383 0.026877789195410159 0.010504366926501453 0.0033292111362281602 -0.019209186526821909 0.065959677860761678 -0.10860243052288535 -0.0020601604735852484 -0.023122099083455572 0.09274543424447379 0.021399626135826112 0.0059563053747205968 0.1162941661878274 -0.020361711157173827 -0.032985936215049347 0.027418473001994889 0.0038319133423189325
leaf_weight=99 22 22 35 652 349 157 21 7794 26 129 38 23 105 22 189 386 380 97 24 21 9696 83 21 22 529 26 197 95 289 8156
leaf_count=99 22 22 35 652 349 157 21 7794 26 129 38 23 105 22 189 386 380 97 24 21 9696 83 21 22 529 26 197 95 289 8156
internal_value=-0.000254897 -0.00384385 0.00144591 0.00133866 -0.00336742 -0.0037474 -0.0183729 -0.00281877 -0.0148909 0.00542221 -0.00546063 -0.00379486 -0.0344333 -0.00331671 0.00144709 0.0145158 0.0123223 -0.000718816 -0.00152577 -0.0351182 -0.00114081 0.0103982 0.0145321 -0.00129758 0.011517 0.0728008 0.00415774 0.00366626 0.00406917 0.00326132
internal_weight=29705 9551 20154 20132 9529 9430 563 8867 542 193 167 8330 128 8202 20097 408 537 11171 10415 118 10297 756 673 10273 577 48 8926 8737 8642 8353
internal_count=29705 9551 20154 20132 9529 9430 563 8867 542 193 167 8330 128 8202 20097 408 537 11171 10415 118 10297 756 673 10273 577 48 8926 8737 8642 8353
is_linear=0
shrinkage=0.05


Tree=96
num_leaves=31
num_cat=0
split_feature=187 80 37 119 240 298 299 243 157 226 90 57 283 9 19 79 84 135 101 286 267 110 68 21 74 280 220 92 155 191
split_gain=69.684 364.468 70.956 57.385 90.9495 54.9352 68.6061 59.5479 81.6191 61.4832 53.9373 50.1238 48.8928 48.5686 48.0529 43.9318 43.6099 43.5387 43.0788 41.8081 58.3429 49.4447 59.2469 43.3795 42.9958 41.0336 50.2856 50.2579 40.0041 47.3296
threshold=-16.898213386535641 -4.1572639942169181 -2.4766666889190669 -0.41410394012928003 -14.754007339477537 1.2046890854835512 1.0189304947853091 0.68010267615318309 -4.3077855110168448 3.7641879320144658 1.8347581028938296 -0.50655996799468983 -21.433187484741207 -4.0650615692138663 -0.38770730793476099 0.071053706109523787 -3.9656372070312496 -0.58078429102897633 -3.330805659294128 5.6464314460754403 6.5132851600646982 1.0000000180025095e-35 -0.41368728876113886 -1.3390596508979795 -5.0742156505584708 -4.9033472537994376 -9.7119331359863263 -1.0776470303535459 0.41411763429641729 -5.135784149169921
decision_type=2 2 2 2 2 2 2 2 2 2 2 2 2 2 2 2 2 2 2 2 2 2 2 2 2 2 2 2 2 2
left_child=1 2 -1 5 -5 7 -7 10 -9 11 15 -10 -6 -12 17 -2 -15 -8 -18 20 23 -21 -23 -14 -25 26 -17 -27 29 -28
right_child=3 -3 -4 4 12 6 14 8 9 -11 13 -13 19 16 -16 25 18 -19 -20 21 -22 22 -24 24 -26 27 28 -29 -30 -31
leaf_value=0.023346331550539296 -0.0020707689157342941 -0.23312063330784438 -0.071880406943651345 0.093124127388000494 -0.073331399190993546 -0.04247694210234014 0.036048696389292728 0.11328275203704835 -0.0057498373142880164 0.096915137618780137 -0.076780975063641871 0.023135820395056517 0.0096066517142259708 0.060935132354497913 -0.018549593722763349 0.048221986434038952 -0.079781542501101893 -0.011774927728498976 -0.011684820942984835 0.077243133571755607 -0.046081140733534295 -0.045191696414258332 0.018440075806302896 -0.05992399351350193 0.0010835129106309255 0.018076106000374608 -0.034944355992350989 0.0022077605717351367 -0.07640205284953118 0.0037225992232561111
leaf_weight=79 15456 20 26 28 21 176 101 20 320 20 30 283 1762 20 301 34 24 90 719 32 62 40 428 29 6987 752 127 1483 25 210
leaf_count=79 15456 20 26 28 21 176 101 20 320 20 30 283 1762 20 301 34 24 90 719 32 62 40 428 29 6987 752 127 1483 25 210
internal_value=-0.000242152 -0.0374955 -0.000233623 -8.47259e-05 0.00314481 -0.00158649 -0.0156859 -0.00110406 0.0138592 0.0106674 -0.00161367 0.00780678 0.00287567 -0.0143769 -0.00610214 -0.00105408 -0.0119233 0.013514 -0.0138844 0.00304701 0.00225143 0.0171129 0.0130015 0.0025928 0.000831344 0.00491853 -0.00991589 0.00754691 -0.0153763 -0.0108492
internal_weight=29705 125 105 29580 9389 20191 668 19523 643 623 18880 603 9361 793 492 18087 763 191 743 9340 8840 500 468 8778 7016 2631 396 2235 362 337
internal_count=29705 125 105 29580 9389 20191 668 19523 643 623 18880 603 9361 793 492 18087 763 191 743 9340 8840 500 468 8778 7016 2631 396 2235 362 337
is_linear=0
shrinkage=0.05


Tree=97
num_leaves=31
num_cat=0
split_feature=288 11 221 40 79 168 88 44 17 284 298 230 259 91 116 79 277 60 1 85 11 3 13 45 201 53 295 249 251 32
split_gain=65.1784 99.4366 77.9608 66.4883 60.8622 56.4909 55.7239 95.4823 80.8744 48.5498 61.8888 82.9528 68.7174 53.1012 48.3682 47.0856 45.173 46.8741 45.0415 78.2852 54.638 44.0983 43.421 42.8084 61.062 42.7449 42.2535 41.5815 43.3153 47.4862
threshold=-15.29126977920532 5.1986215114593515 -9.877100467681883 1.0000000180025095e-35 0.65881815552711498 -7.6234858036041251 -12.409719944000242 -8.4866862297058088 -1.5464382171630857 0.49501079320907598 -0.34516242146491999 4.2339677810668954 -3.4092156887054439 1.3996961712837221 -2.662483692169189 2.753713965415955 3.5152994394302373 -1.0000000180025095e-35 0.47604277729988104 -10.063848972320555 -4.2847714424133292 -0.89618268609046925 1.560000002384186 1.261996388435364 -2.5280339717864986 -2.2535333633422847 -3.209264755249023 -5.0499999523162833 -2.0833936929702754 0.26420165598392492
decision_type=2 2 2 2 2 2 2 2 2 2 2 2 2 2 2 2 2 2 2 2 2 2 2 2 2 2 2 2 2 2
left_child=1 2 4 -4 6 -6 -1 8 -8 10 11 18 26 15 21 -11 27 -18 19 -2 -20 -15 -17 24 -16 -26 -12 -14 -29 -30
right_child=9 -3 3 -5 5 -7 7 -9 -10 13 12 -13 16 14 23 22 17 -19 20 -21 -22 -23 -24 -25 25 -27 -28 28 29 -31
leaf_value=0.026579831310154234 0.097313679456710822 -0.12063935711270286 -0.08042486294297807 0.013777099947373457 0.11075060864289601 -0.0038989630951122805 -0.020815648216950269 -0.0077961507059505471 -0.12964036205122551 0.0082266450779053014 -0.090722448384622123 0.09949005444844565 0.030924432547880881 -0.10651471741264687 0.077414429932832721 0.025068976372958868 -0.11048298235982656 -0.019090645696888578 -0.042649690806865696 -0.0016776807844065503 0.0037597925476037042 -0.012424014580690049 0.098130579270422458 0.0056607571608278152 -0.068597873877133106 -0.0086778159264535026 -0.026819939679569672 -0.0226281085001604 0.00410151909703788 -0.01168702812546066
leaf_weight=97 20 21 67 26 21 22 38 639 31 2347 32 21 79 20 20 109 20 47 64 14347 6990 33 25 1404 31 746 135 333 1045 875
leaf_count=97 20 21 67 26 21 22 38 639 31 2347 32 21 79 20 20 109 20 47 64 14347 6990 33 25 1404 31 746 135 333 1045 875
internal_value=-0.000230045 -0.0130323 -0.0106308 -0.0540888 -0.00586481 0.0520927 -0.00896067 -0.0138299 -0.0697079 0.000198433 -0.000714165 0.000164035 -0.00805258 0.0048256 -0.000729583 0.00987252 -0.00589375 -0.0463719 6.66616e-05 -0.00153988 0.00333873 -0.0479299 0.0386999 0.000407 -0.00884805 -0.0110684 -0.0390647 -0.00473079 -0.00598101 -0.00309378
internal_weight=29705 962 941 93 848 43 805 708 69 28743 24008 21442 2566 4735 2254 2481 2399 67 21421 14367 7054 53 134 2201 797 777 167 2332 2253 1920
internal_count=29705 962 941 93 848 43 805 708 69 28743 24008 21442 2566 4735 2254 2481 2399 67 21421 14367 7054 53 134 2201 797 777 167 2332 2253 1920
is_linear=0
shrinkage=0.05


Tree=98
num_leaves=31
num_cat=0
split_feature=182 69 121 9 184 20 43 106 231 124 76 298 299 299 40 32 160 1 98 28 295 10 1 158 287 118 77 183 4 186
split_gain=63.0506 184.883 55.1021 60.6806 52.8676 51.8623 53.763 53.2255 52.9559 49.4941 47.7052 47.5219 125.202 58.0267 52.9404 50.3873 71.7816 55.626 54.2199 47.2327 47.0256 41.9436 50.0599 41.143 68.2344 44.704 44.69 40.7197 41.7366 51.2279
threshold=-3.2784874439239498 4.5766012668609628 -5.1292183399200431 -2.9275712966918941 -6.1460421085357657 -0.72820395231246937 1.9766892194747927 1.9480183124542239 -2.1853044033050533 -10.19468832015991 -1.2227063775062559 -5.3277778625488272 -4.9692933559417716 -5.0213217735290518 -3.7531642913818355 -2.3036886453628536 -4.1176376342773429 4.6622891426086435 -5.608529567718505 -0.8025950789451598 -2.3981928825378414 2.2790226936340336 0.60739496350288402 -4.9719326496124259 -14.537187576293944 2.2730065584182744 0.85797980427742015 -5.0208792686462393 -3.1484102010726924 2.2158961296081547
decision_type=2 2 2 2 2 2 2 2 2 2 2 2 2 2 2 2 2 2 2 2 2 2 2 2 2 2 2 2 2 2
left_child=1 5 3 -2 10 6 21 9 19 -7 -4 12 -6 -13 -14 -15 -17 18 -18 -8 -16 -1 -23 26 -25 -26 -11 -20 29 -29
right_child=2 -3 4 -5 11 7 8 -9 -10 23 -12 13 14 15 20 16 17 -19 27 -21 -22 22 -24 24 25 -27 -28 28 -30 -31
leaf_value=0.00091533417409152349 -0.093083732087036672 -0.14897427558898926 -0.0085992517250199473 -0.0137149346546388 0.0036434815796679339 -0.039038653414824917 0.069982066564261911 -0.040390538406081318 0.1058682910298971 0.0014754876422939257 -0.10487098378891296 -0.015694723723668008 0.12068237602710724 0.0087887267474064511 0.023891907976151018 -0.017132611665380212 -0.06104369367871966 -0.050664114235685426 -0.027184699272364377 -0.015385914492410023 0.079690262234847375 -0.0022184742331693443 -0.047019527501706938 -0.074677096192653364 -0.0087535126681514974 0.053692307503058992 0.06461461556368861 0.011335965776003447 0.0011983407948852481 0.075064063817262661
leaf_weight=3333 29 22 31 142 1253 116 26 123 22 834 22 519 20 1991 177 565 35 52 125 43 48 158 103 39 2446 29 29 149 17184 40
leaf_count=3333 29 22 31 142 1253 116 26 123 22 834 22 519 20 1991 177 565 35 52 125 43 48 158 103 39 2446 29 29 149 17184 40
internal_value=-0.000218543 -0.00424576 0.00109909 -0.0271751 0.00131677 -0.00380965 0.000364809 -0.00806376 0.0383191 -0.00692543 -0.0485611 0.00143608 0.0100353 0.000812567 0.0427251 0.00123793 0.000409633 0.000973259 0.00112641 0.0167817 0.0357956 -0.000596194 -0.0198986 -0.00582234 -0.00905586 -0.00802182 0.0035972 0.00125076 0.00145536 0.0248234
internal_weight=29705 7323 22382 171 22211 7301 3685 3616 91 3493 53 22158 1498 20660 245 20141 18150 17585 17533 69 225 3594 261 3377 2514 2475 863 17498 17373 189
internal_count=29705 7323 22382 171 22211 7301 3685 3616 91 3493 53 22158 1498 20660 245 20141 18150 17585 17533 69 225 3594 261 3377 2514 2475 863 17498 17373 189
is_linear=0
shrinkage=0.05


Tree=99
num_leaves=31
num_cat=0
split_feature=187 57 28 8 0 234 199 1 57 56 193 8 285 18 59 65 21 161 88 281 154 242 152 13 96 111 20 47 205 114
split_gain=59.9201 339.241 56.5706 56.2664 54.0734 53.4429 52.6299 67.8172 52.0523 50.2352 47.241 47.127 44.6186 44.178 49.1718 43.3613 54.3189 49.4497 40.4008 49.4863 66.7738 58.7509 56.2466 49.3906 46.1127 45.5762 43.6805 69.1558 52.9497 52.0743
threshold=-16.898213386535641 -3.4703245162963863 0.19477435201406482 5.6628627777099618 -2.6399018764495845 1.5972787737846377 -2.5638724565505977 4.1153528690338144 -1.9570173025131223 3.206928133964539 2.400195956230164 -0.45176471769809717 6.5490851402282724 0.49686272442340856 2.0540195703506474 -6.4864172935485831 3.8366240262985234 3.5654206275939946 -4.1729290485382071 -1.6524657011032102 1.1162418723106386 2.1477731466293339 3.5319985151290898 -1.48388135433197 -2.8680306673049922 2.9273778200149541 -1.3038935661315916 1.8086196780204775 -10.370742797851561 -2.5608627796173091
decision_type=2 2 2 2 2 2 2 2 2 2 2 2 2 2 2 2 2 2 2 2 2 2 2 2 2 2 2 2 2 2
left_child=1 2 -1 4 5 -2 -5 12 9 13 -7 -12 -8 14 -6 -15 17 -17 -10 20 23 24 -23 25 -22 -20 27 29 -28 -25
right_child=3 -3 -4 6 8 10 7 -9 18 -11 11 -13 -14 15 -16 16 -18 -19 19 -21 21 22 -24 26 -26 -27 28 -29 -30 -31
leaf_value=0.018998856141286741 0.0074912099667834272 -0.22348594270646571 -0.074463270753622066 0.10608206609530109 -0.0020402318172034672 0.072771187289617956 0.020106099093598978 -0.036945891720908029 0.011461160643550891 0.068957510460977964 -0.051293298915261402 0.051680322420783346 0.10936755197388787 -0.049317726531586094 -0.050952501772329788 -0.011527656643427246 0.038393309326083577 -0.088901582218351816 -0.0082146003473972141 0.0029562708881020129 -0.08401398325804621 0.080028404957718333 -0.016634936937514475 -0.0099178080191118043 -0.021666569752089773 -0.067606196620247583 0.055452516004443168 0.059661740692038293 -0.0022206644237197878 0.0071610244478875476
leaf_weight=85 689 20 20 21 4331 64 42 35 813 23 20 25 21 77 52 1238 54 21 1527 9029 32 27 34 545 405 33 40 57 7860 2465
leaf_count=85 689 20 20 21 4331 64 42 35 813 23 20 25 21 77 52 1238 54 21 1527 9029 32 27 34 545 405 33 40 57 7860 2465
internal_value=-0.000207615 -0.0347527 0.00119655 -6.1634e-05 -0.000200228 0.0126378 0.0342504 0.0188578 -0.000557648 -0.00478988 0.0451697 0.00591427 0.0498599 -0.0050837 -0.00262053 -0.0128506 -0.0107121 -0.0128182 0.000515078 0.000111561 -0.00186041 -0.0198157 0.0261505 -0.00114661 -0.0262321 -0.00947096 3.74868e-05 0.00510187 -0.00192865 0.00406868
internal_weight=29705 125 105 29580 29461 798 119 98 28663 5796 109 45 63 5773 4383 1390 1313 1259 22867 22054 13025 498 61 12527 437 1560 10967 3067 7900 3010
internal_count=29705 125 105 29580 29461 798 119 98 28663 5796 109 45 63 5773 4383 1390 1313 1259 22867 22054 13025 498 61 12527 437 1560 10967 3067 7900 3010
is_linear=0
shrinkage=0.05


Tree=100
num_leaves=31
num_cat=0
split_feature=290 5 222 181 292 298 266 143 165 295 13 215 11 16 160 122 6 14 0 68 261 10 169 232 215 53 38 73 46 205
split_gain=103.093 126.693 82.6898 62.1189 54.23 64.2822 66.3832 49.3983 52.1576 68.1176 51.1201 49.996 47.6485 65.4854 57.6696 45.5805 44.7056 48.1496 44.3456 44.7102 44.8183 41.4912 40.4477 40.3248 66.3346 52.4282 48.0219 46.4823 41.7193 48.4861
threshold=-23.900489807128903 4.5226049423217782 -18.587174415588375 -13.366961002349852 -2.5037306547164913 -3.5812745094299312 2.5979901552200322 -0.34566174447536463 -0.38303922116756434 -8.6842308044433576 -3.9593137502670284 -8.8310713768005353 -1.2918096780776975 -0.36940939724445337 -16.444770812988278 -1.7274175882339475 -0.48848250508308405 -1.8080391883850095 5.7404046058654794 -2.1010025739669795 -0.39933124184608454 2.2790226936340336 -3.1089588403701778 -2.723529458045959 -2.8685783147811885 2.300419926643372 -1.5481699705123899 -1.985298156738281 4.0389411449432382 -1.1932281851768491
decision_type=2 2 2 2 2 2 2 2 2 2 2 2 2 2 2 2 2 2 2 2 2 2 2 2 2 2 2 2 2 2
left_child=1 2 12 -4 7 6 15 8 18 -10 -9 -12 14 -14 -1 21 -17 -18 19 -2 -21 -6 -11 25 -25 -7 27 -26 29 -29
right_child=4 -3 3 -5 5 23 -8 10 9 22 11 -13 13 -15 -16 16 17 -19 -20 20 -22 -23 -24 24 26 -27 -28 28 -30 -31
leaf_value=0.087296722675191951 -0.0057147354308730728 -0.12726837281257875 -0.026117502980762059 -0.12996607124805451 0.0037955377213089603 -0.0050879504650589366 0.10221803188323975 -0.084826418486508459 0.098045148531144322 0.041257728229480234 0.041689628605939909 -0.0094540607338828263 -0.054660299455500994 0.032020832870054888 -0.023067259825766087 0.0044078002385363616 0.085376630877018786 0.025539741591479551 0.058296645841290878 0.0010827452179280989 -0.02796889797991349 -0.059195224674684667 0.0052908771748763402 0.014205209164456889 -0.022171851215928559 -0.06259754954314814 0.0026722997958097535 0.0090715418569743637 0.059516298274199166 -0.012250545360960322
leaf_weight=29 4281 31 36 24 394 1186 21 22 22 87 49 1927 53 37 20 259 37 368 31 7986 135 28 770 1100 377 41 9104 456 27 642
leaf_count=29 4281 31 36 24 394 1186 21 22 22 87 49 1927 53 37 20 259 37 368 31 7986 135 28 770 1100 377 41 9104 456 27 642
internal_value=9.81386e-05 -0.0332465 -0.0185999 -0.0676569 0.000359443 0.00260379 0.0141678 -0.00169873 -0.000598422 0.0111722 -0.00902971 -0.00818582 0.00257579 -0.0190247 0.0422502 0.0124652 0.0206313 0.0310063 -0.00143059 -0.00157989 0.000599803 -0.000383944 0.00894212 0.00161397 0.00251788 -0.00700962 0.00130573 -0.00697741 -0.00188559 -0.00339547
internal_weight=29580 230 199 60 29350 14040 1107 15310 13312 879 1998 1976 139 90 49 1086 664 405 12433 12402 8121 422 857 12933 11706 1227 10606 1502 1125 1098
internal_count=29580 230 199 60 29350 14040 1107 15310 13312 879 1998 1976 139 90 49 1086 664 405 12433 12402 8121 422 857 12933 11706 1227 10606 1502 1125 1098
is_linear=0
shrinkage=0.05


Tree=101
num_leaves=31
num_cat=0
split_feature=189 6 119 0 55 101 172 79 9 200 183 165 123 187 21 295 146 187 101 120 114 127 166 6 22 7 16 110 127 284
split_gain=101.865 250.736 55.8824 51.6404 50.9541 49.6429 49.4521 53.8718 48.2519 47.9087 67.5312 48.4366 37.8865 49.8548 51.7956 45.3832 64.4691 42.1592 39.4975 38.4364 37.6006 38.5163 38.5115 37.0586 59.7264 41.1071 40.1321 36.9007 66.8853 40.9418
threshold=-17.632146835327145 1.8229550123214724 -1.6467450857162473 5.7404046058654794 3.519852995872498 -13.797005653381346 -3.7285026311874385 -0.019718729890882965 -2.9275712966918941 -4.9576373100280753 -0.35285051167011255 -6.4962747097015372 0.33532087504863745 -2.8394242525100704 -0.94987633824348439 0.20446078479290011 -3.4521890878677364 1.4158474206924441 -1.0000000180025095e-35 -1.2900190353393552 -3.9096077680587764 -1.5003703832626341 -0.33470363914966578 -1.9335294365882871 -1.8699673414230344 -1.5122511386871336 -0.94282445311546315 -2.999789714813232 1.5921070575714114 -2.4071012735366817
decision_type=2 2 2 2 2 2 2 2 2 2 2 2 2 2 2 2 2 2 2 2 2 2 2 2 2 2 2 2 2 2
left_child=1 5 3 4 8 -1 -6 -8 23 10 -4 -11 15 14 -14 -10 -17 -18 -19 -15 21 -13 -23 24 -2 26 -25 28 -22 -29
right_child=2 -3 9 -5 6 -7 7 -9 12 11 -12 20 13 19 -16 16 17 18 -20 -21 27 22 -24 25 -26 -27 -28 29 -30 -31
leaf_value=0.037716686725616455 -0.072239319072856065 -0.20778075208421798 0.010129929384227602 0.064246079017376084 -0.11153761722147465 -0.038757581590482648 0.040040795149450956 -0.064514329590435543 -0.0011575273719549208 -0.043649952037859777 0.06423855243967129 0.0015381217388822153 -0.10920286683572665 0.016901446657381882 -0.019575235033407808 0.096893547700407603 0.0036004217896753784 0.10409678891301155 0.0093513054265217353 -0.0201349348772836 0.0098601079820119855 -0.022445527917717575 -0.090921047353185722 0.047915870007127527 -0.0086063071225698177 -0.011774057680121269 -0.0049942389172449543 -0.0016775698783975024 0.079218527714948403 0.0035011460919178272
leaf_weight=32 62 20 511 29 20 63 22 28 9629 59 65 111 27 103 40 24 247 22 22 219 574 77 28 60 91 1037 89 6136 37 10096
leaf_count=32 62 20 511 29 20 63 22 28 9629 59 65 111 27 103 40 24 247 22 22 219 574 77 28 60 91 1037 89 6136 37 10096
internal_value=9.32317e-05 -0.0468731 0.000276538 -0.00239315 -0.00255773 -0.0129978 -0.0450894 -0.0185101 -0.00230266 0.00205256 0.0162359 0.00157531 -0.0011454 -0.0164529 -0.0556938 -0.000546583 0.0181289 0.0116329 0.056724 -0.00828789 0.00173172 -0.0189971 -0.0407057 -0.0112332 -0.0343922 -0.00824556 0.0163118 0.00199755 0.0140602 0.00154349
internal_weight=29580 115 29465 11771 11742 95 70 50 11672 17694 576 17118 10333 389 67 9944 315 291 44 322 17059 216 105 1339 153 1186 149 16843 611 16232
internal_count=29580 115 29465 11771 11742 95 70 50 11672 17694 576 17118 10333 389 67 9944 315 291 44 322 17059 216 105 1339 153 1186 149 16843 611 16232
is_linear=0
shrinkage=0.05


Tree=102
num_leaves=31
num_cat=0
split_feature=189 3 122 80 93 0 86 6 219 195 100 199 112 118 179 7 59 0 218 171 6 39 79 35 19 39 205 133 70 120
split_gain=91.9328 280.047 51.6103 49.8601 46.8952 42.4811 39.6142 50.6591 39.7498 56.1656 50.5295 50.3596 49.888 42.8653 41.9556 38.1837 36.6468 35.6466 40.7934 57.6931 49.872 36.8868 36.8594 39.1969 35.2595 42.4621 60.612 42.5348 57.4193 52.5641
threshold=-17.632146835327145 2.0585714578628544 -2.3023530244827266 -7.1093084812164298 -13.266823291778563 5.7404046058654794 2.3909320831298833 1.3400840163230898 -1.3621568679809568 -1.3370833992958067 -5.1571505069732657 -0.21140196174383161 -3.6068381071090694 -1.1470032334327696 -0.189104288816452 0.17716925591230395 -1.1516662836074827 -3.5232212543487544 0.76649677753448497 -2.2178431749343868 0.067450962960720076 -0.45560784637928003 -2.5500979423522945 -2.0251321792602535 1.1059215664863589 -6.7598237991332999 -8.7819199562072736 -2.5262236595153804 -0.18823530524969098 0.6750980317592622
decision_type=2 2 2 2 2 2 2 2 2 2 2 2 2 2 2 2 2 2 2 2 2 2 2 2 2 2 2 2 2 2
left_child=1 4 5 -4 -1 6 8 -8 9 11 -10 14 16 -14 -2 -6 -11 -12 22 20 -20 -21 -19 -24 -5 -26 -27 28 -28 -30
right_child=2 -3 3 24 15 -7 7 -9 10 12 17 -13 13 -15 -16 -17 -18 18 19 21 -22 -23 23 -25 25 26 27 -29 29 -31
leaf_value=0.04946322074303261 -0.0030595140659881431 -0.20960805797505949 0.078556032691683098 0.002452053039047105 -0.058056377853418509 0.066246544231068002 -0.013651070516493361 -0.084580826899036773 0.079204929781996683 -0.033605126266678179 0.06335020744800568 -0.043016556843828699 0.00018859557735109793 -0.032922662554999753 0.033160155432091824 0.019650478780269626 -0.12098219376057387 -0.015809185816455754 -0.021958948234812575 0.028518151701427998 -0.11610882519321009 -0.013894881346273456 0.052445283043198287 0.010003689958475927 -0.069055874645709989 0.07858433516129204 -0.005569851885260154 -0.0012082096956050261 -0.031571376198128373 -0.11636529236060122
leaf_weight=26 6192 21 21 17339 43 22 118 32 23 30 25 78 206 186 81 25 20 124 39 72 22 178 60 583 24 23 238 3617 89 23
leaf_count=26 6192 21 21 17339 43 22 118 32 23 30 25 78 206 186 81 25 20 124 39 72 22 178 60 583 24 23 238 3617 89 23
internal_value=8.85701e-05 -0.0445295 0.000262711 0.0015502 -0.0076502 -0.00313844 -0.00332762 -0.0287828 -0.00284546 -0.00428771 0.00585544 -0.00308831 -0.0215216 -0.0155224 -0.00259183 -0.0294877 -0.068556 0.00432594 0.0029571 -0.0123176 -0.0559146 -0.00167993 0.00915062 0.013964 0.00147447 -0.00274835 -0.00234951 -0.00281875 -0.0194625 -0.0489844
internal_weight=29580 115 29465 21374 94 8091 8069 150 7919 6793 1126 6351 442 392 6273 68 50 1103 1078 311 61 250 767 643 21353 4014 3990 3967 350 112
internal_count=29580 115 29465 21374 94 8091 8069 150 7919 6793 1126 6351 442 392 6273 68 50 1103 1078 311 61 250 767 643 21353 4014 3990 3967 350 112
is_linear=0
shrinkage=0.05


Tree=103
num_leaves=31
num_cat=0
split_feature=291 43 4 37 292 298 57 294 21 125 124 155 61 224 258 3 8 190 13 28 62 222 93 123 152 34 74 259 295 193
split_gain=86.7416 160.107 54.3357 50.8837 47.333 88.4508 56.5569 56.4585 53.7217 46.8228 46.7706 44.4923 58.4755 55.1738 43.6129 41.5495 39.2267 38.7968 38.7684 36.6108 36.5078 53.1542 40.5373 40.3519 36.1378 35.9044 42.7033 41.7175 42.0566 67.3119
threshold=-28.467032432556149 -11.048514366149901 1.7630719542503359 -2.9810196161270137 -3.3636578321456905 -5.9595777988433829 -1.8676961064338682 -1.7677778005599973 -1.3236862421035764 -4.5208692550659171 -4.804745912551879 4.3908729553222665 0.44032678008079534 5.9878058433532724 3.0518559217453007 3.1807487010955815 -1.2595140337944029 -2.6800326108932491 0.12899194657802585 -2.6331373453140254 -1.9350060224533079 -1.9795324206352232 -1.9824520945549009 2.0963726043701176 -5.6474270820617667 -2.835216641426086 -7.0211763381957999 0.51420167088508617 0.50512713193893444 -1.417107820510864
decision_type=2 2 2 2 2 2 2 2 2 2 2 2 2 2 2 2 2 2 2 2 2 2 2 2 2 2 2 2 2 2
left_child=1 -1 3 -3 25 7 14 9 11 -6 17 13 -13 19 15 -7 -11 -10 -9 -8 21 22 -12 -23 -21 -2 -27 28 -28 -30
right_child=4 2 -4 -5 5 6 8 18 10 16 20 12 -14 -15 -16 -17 -18 -19 -20 24 -22 23 -24 -25 -26 26 27 -29 29 -31
leaf_value=-0.15270864046536958 0.0033213237724172488 -0.00047049861815240645 0.051098489567637441 -0.096989073181016891 0.086592499490665359 -0.0056871776989368206 0.020656642769064221 0.041520328344456084 -0.066324685640791622 -0.037498355908867194 0.010107327115044674 -0.10332553261891007 -0.0024499310728381663 0.089933783667428158 -0.047356864713853405 0.050850049654642737 0.022333300443934213 0.0021228525284174328 0.13072458117135935 0.068572655579318173 0.0020826758816253265 -0.00019424507761152634 -0.027639062679184458 0.06613800791092217 0.0056187796776584267 -0.037349447255493488 -0.0031835756843219968 -0.031201960360913567 0.083084297754491374 -0.017428462778127964
leaf_weight=26 2317 36 25 22 23 2130 525 29 47 34 88 20 51 21 62 33 141 37 21 23 11144 513 371 24 2569 93 8956 132 36 31
leaf_count=26 2317 36 25 22 23 2130 525 29 47 34 88 20 51 21 62 33 141 37 21 23 11144 513 371 24 2569 93 8956 132 36 31
internal_value=8.41416e-05 -0.0444372 -0.0105209 -0.037081 0.000248806 0.00185919 0.00144272 0.031512 0.00251716 0.0195236 0.0010057 0.00827476 -0.0308656 0.00916035 -0.00600978 -0.00482461 0.0107089 -0.0361752 0.0789861 0.00861615 0.00126296 -0.00790862 -0.0204023 0.00277032 0.0061774 -0.00224453 -0.003639 -0.00329656 -0.00288832 0.0365784
internal_weight=29580 109 83 58 29471 17906 17658 248 15433 198 12224 3209 71 3138 2225 2163 175 84 50 3117 12140 996 459 537 2592 11565 9248 9155 9023 67
internal_count=29580 109 83 58 29471 17906 17658 248 15433 198 12224 3209 71 3138 2225 2163 175 84 50 3117 12140 996 459 537 2592 11565 9248 9155 9023 67
is_linear=0
shrinkage=0.05


Tree=104
num_leaves=31
num_cat=0
split_feature=189 3 119 55 172 79 0 9 200 183 165 80 114 148 84 93 59 12 121 256 174 185 126 6 22 82 55 257 15 28
split_gain=79.0742 248.413 46.0679 46.2873 43.8218 48.2893 42.8483 43.0499 42.6356 60.1211 43.1524 46.8412 55.1465 44.8549 44.8315 42.2126 38.0522 35.6693 35.362 35.2804 45.6791 41.5097 34.1431 33.3121 53.4658 38.7614 43.0844 33.1169 82.3852 40.2635
threshold=-17.632146835327145 2.0585714578628544 -1.6467450857162473 3.519852995872498 -3.7285026311874385 -0.019718729890882965 5.7404046058654794 -2.9275712966918941 -4.9576373100280753 -0.35285051167011255 -6.4962747097015372 -3.9644746780395503 -3.6934510469436641 0.50480893254280101 -0.57316064834594715 -13.266823291778563 -2.5152941942214961 -0.77747893333435047 1.1172156333923342 -15.336422443389891 -8.204802989959715 -13.621421813964842 -5.5450978279113761 -1.9335294365882871 -1.8699673414230344 -8.2524957656860334 -6.0070590972900382 -6.9373404979705802 -1.6152777075767515 -7.8600981235504142
decision_type=2 2 2 2 2 2 2 2 2 2 2 2 2 2 2 2 2 2 2 2 2 2 2 2 2 2 2 2 2 2
left_child=1 15 3 6 -5 -6 7 23 9 -4 -10 13 16 14 -12 -1 -13 -17 19 20 -9 -21 -14 24 -2 26 -25 28 -24 -29
right_child=2 -3 8 4 5 -7 -8 18 10 -11 11 12 22 -15 -16 17 -18 -19 -20 21 -22 -23 27 25 -26 -27 -28 29 -30 -31
leaf_value=0.047620641268216649 -0.068292023584006295 -0.19677599732364928 0.009472775732671912 -0.1052712767571211 0.037734781273386697 -0.061254933263574333 0.058761458561338235 -0.010467196061666257 -0.041283349162441196 0.060526505273301161 0.022118081474878096 -0.068118670597099348 -0.043450750956045732 -0.03611824495185699 0.088980768445943451 -0.060431775853440575 -0.013897536648927551 0.012277505138228017 -0.023613492315087248 0.049526261147998629 -0.072414156704237967 -0.00028757221389544757 -0.10864289532132124 0.0027184578837180628 -0.0080864022680363825 -0.0099574648828569499 0.088318004494621641 0.054725144389602881 -0.0060990807099380734 0.0017890566668191455
leaf_weight=26 62 21 511 20 22 28 29 303 59 65 185 39 42 28 29 37 190 31 170 42 33 9785 23 49 91 1116 21 36 132 16355
leaf_count=26 62 21 511 20 22 28 29 303 59 65 185 39 42 28 29 37 190 31 170 42 33 9785 23 49 91 1116 21 36 132 16355
internal_value=7.99345e-05 -0.0413003 0.000241439 -0.0021825 -0.04272 -0.0176995 -0.00193999 -0.00209081 0.00185398 0.015234 0.00140375 0.00155139 0.00123709 0.0233925 0.0311789 -0.00656634 -0.0231317 -0.0272849 -0.000997708 -0.000619406 -0.0165513 -7.46709e-05 0.00157351 -0.0105262 -0.0324835 -0.00769363 0.0283983 0.0016878 -0.0213153 0.00190532
internal_weight=29580 115 29465 11771 70 50 11701 11672 17694 576 17118 17059 16817 242 214 94 229 68 10333 10163 336 9827 16588 1339 153 1186 70 16546 155 16391
internal_count=29580 115 29465 11771 70 50 11701 11672 17694 576 17118 17059 16817 242 214 94 229 68 10333 10163 336 9827 16588 1339 153 1186 70 16546 155 16391
is_linear=0
shrinkage=0.05


Tree=105
num_leaves=31
num_cat=0
split_feature=286 5 11 14 12 5 10 0 11 10 57 86 20 218 74 146 114 58 232 23 16 44 7 8 156 8 292 281 104 286
split_gain=140.811 191.385 52.5701 49.7031 79.1723 47.6717 65.7784 47.072 52.9542 45.3798 43.4956 45.3779 40.5409 40.4602 40.3991 51.7387 58.3032 59.8172 57.136 39.2211 48.3326 37.6854 37.2891 37.1338 38.3175 53.0652 37.9486 57.4464 39.5559 37.0214
threshold=-28.231839179992672 4.5226049423217782 1.2938057184219363 5.69482445716858 3.5081356763839726 -0.11001877486705779 6.8114054203033456 -0.046252718195319169 -1.1123021841049192 0.15012124180793765 0.37802287936210638 2.3909320831298833 -1.4744975566864011 6.162858486175538 6.1200456619262704 4.9756467342376718 5.3499348163604745 1.1868605613708498 6.5002956390380868 -5.1708421707153311 -0.21291233599185941 -4.4887290000915518 6.2093875408172616 5.6628627777099618 13.804521560668947 4.0277254581451425 -10.778578758239744 -7.1599085330963126 0.2618431448936463 7.1642479896545419
decision_type=2 2 2 2 2 2 2 2 2 2 2 2 2 2 2 2 2 2 2 2 2 2 2 2 2 2 2 2 2 2
left_child=1 2 7 5 9 6 14 -1 -9 -5 11 13 -13 -7 15 16 18 -18 19 20 -2 -12 -6 24 26 -26 28 -28 -23 -29
right_child=3 -3 -4 4 22 10 -8 8 -10 -11 21 12 -14 -15 -16 -17 17 -19 -20 -21 -22 23 -24 -25 25 -27 27 29 -30 -31
leaf_value=-0.097151634780069204 -0.03701235667531249 -0.19205327033996583 0.046825933651998643 0.036207290142774587 -0.037415649132295087 0.00067551233453529494 -0.082074561485877412 0.047352573648095135 -0.059990107199108161 0.14271994337439539 -0.024555141094959144 0.042102579703485528 -0.021452805105019623 -0.055618518590927125 0.068542837649583827 -0.026720741203208581 -0.0069162138303120934 -0.11282055154442788 0.049885513872470498 -0.00176963293542943 0.021224471618947777 -0.0022906762030389573 0.033609175114404588 0.059492741570328224 -0.081713374113214443 0.016658429228342497 0.039390580772477035 0.0055750747222471269 -0.081776263968398183 0.04038899815999545
leaf_weight=27 158 21 20 20 33 12538 26 20 27 20 99 27 355 32 20 218 30 24 53 11898 46 45 42 33 29 26 136 3640 24 78
leaf_count=27 158 21 20 20 33 12538 26 20 27 20 99 27 355 32 20 218 30 24 53 11898 46 45 42 33 29 26 136 3640 24 78
internal_value=-0.000365583 -0.0555859 -0.0250985 -0.000151406 0.0326558 -0.000279147 -0.00262857 -0.0445375 -0.0143124 0.0894636 0.00143838 1.62759e-05 -0.0169607 0.000532202 -0.00246262 -0.0025769 -0.00214579 -0.0539848 -0.00191549 -0.00214235 -0.0238805 0.00591989 0.00235825 0.00667208 0.0062339 -0.0352103 0.00681494 0.00747295 -0.0299378 0.00630544
internal_weight=29765 115 94 29650 115 29535 12473 74 47 40 17062 12952 382 12570 12447 12427 12209 54 12155 12102 204 4110 75 4011 3978 55 3923 3854 69 3718
internal_count=29765 115 94 29650 115 29535 12473 74 47 40 17062 12952 382 12570 12447 12427 12209 54 12155 12102 204 4110 75 4011 3978 55 3923 3854 69 3718
is_linear=0
shrinkage=0.05


Tree=106
num_leaves=31
num_cat=0
split_feature=286 5 11 14 7 5 10 14 15 57 80 150 86 38 112 1 232 60 242 230 167 298 299 9 57 74 176 105 266 55
split_gain=127.082 172.725 47.4445 44.857 71.4733 43.0237 59.3651 42.9911 52.7585 39.2547 41.1371 44.2403 39.2057 46.2806 44.2805 43.421 38.013 56.7986 67.9366 55.394 53.0548 42.0908 67.7593 41.8249 39.7726 38.2103 37.8468 54.3998 42.154 37.3773
threshold=-28.231839179992672 4.5226049423217782 1.2938057184219363 5.69482445716858 -0.16745099425315854 -0.11001877486705779 6.8114054203033456 -3.39780580997467 -1.4921389222145078 0.37802287936210638 -4.6410028934478751 -10.235198497772215 2.3909320831298833 -1.2402085065841673 1.6948384046554568 2.7112981081008916 -3.9620720148086543 -1.9563865065574644 -7.6805882453918448 -6.4250295162200919 0.41267052292823797 -3.9131373167037959 -3.6990072727203365 0.62804067134857189 3.5155204534530644 6.1200456619262704 -1.8035944104194639 -1.6172809004783628 -2.9893089532852168 -0.89856287837028492
decision_type=2 2 2 2 2 2 2 2 2 2 2 2 2 2 2 2 2 2 2 2 2 2 2 2 2 2 2 2 2 2
left_child=1 2 7 5 -5 6 16 -1 -9 10 -7 -12 13 14 15 -13 20 26 -19 -20 24 22 -21 -22 -2 -23 -18 -28 -29 -17
right_child=3 -3 -4 4 -6 9 -8 8 -10 -11 11 12 -14 -15 -16 29 17 18 19 21 23 25 -24 -25 -26 -27 27 28 -30 -31
leaf_value=0.018233465296881541 -0.0057936831530186143 -0.18245059649149578 0.044484640136361123 0.10985868267016485 0.011314056542545112 0.011595949001651444 -0.077970842214731079 -0.13037945637479426 -0.02746365141462196 0.0056238970372127946 -0.059383309434269907 -0.0042471701211049149 -0.016302814563428324 0.002486733332540909 -0.047728951209992695 0.041404468337229147 0.0014673875173789332 0.07688689344666072 -0.068212193378712982 0.00082793110029711107 -0.095655131662885362 -0.0040963449246596518 0.031151262956502085 -0.010685838951862285 -0.069132497072219842 0.065115695893764494 0.039723203828400791 0.033873708653902893 -0.0044967370585072787 -0.015625973345666396
leaf_weight=21 2878 21 20 23 92 724 26 20 33 4110 32 4395 381 7226 57 96 696 27 32 1133 30 6815 220 28 25 20 201 102 240 41
leaf_count=21 2878 21 20 23 92 724 26 20 33 4110 32 4395 381 7226 57 96 696 27 32 1133 30 6815 220 28 25 20 201 102 240 41
internal_value=-0.000347304 -0.0528066 -0.0238436 -0.000143836 0.031023 -0.00026519 -0.00249714 -0.0423106 -0.0662998 0.00136646 1.54621e-05 -0.0006702 -0.000516148 -7.07269e-06 -0.00393391 -0.00338309 -0.00233949 -0.000795723 -0.00229536 -0.00255544 -0.00728517 -0.00229885 0.00575855 -0.0546355 -0.00633914 -0.00389382 0.00918609 0.0190797 0.00694708 0.024337
internal_weight=29765 115 94 29650 115 29535 12473 74 53 17062 12952 12228 12196 11815 4589 4532 12447 9486 8247 8220 2961 8188 1353 58 2903 6835 1239 543 342 137
internal_count=29765 115 94 29650 115 29535 12473 74 53 17062 12952 12228 12196 11815 4589 4532 12447 9486 8247 8220 2961 8188 1353 58 2903 6835 1239 543 342 137
is_linear=0
shrinkage=0.05


Tree=107
num_leaves=31
num_cat=0
split_feature=280 29 12 13 12 57 247 174 170 20 30 211 52 146 203 272 75 0 19 96 61 14 152 155 124 226 199 212 60 239
split_gain=100.012 224.929 55.7684 43.2689 42.898 57.2578 41.6953 55.8867 38.3594 35.8906 45.6066 37.2272 61.2725 59.5374 59.0814 42.8958 43.6225 40.4706 40.1892 48.0677 38.2547 55.2181 51.1931 50.0152 40.267 38.2226 49.056 50.635 36.7992 36.1348
threshold=-28.562280654907223 -10.960882186889647 0.2315478399395943 -1.310396611690521 -0.38464349508285517 4.7031960487365732 5.2646880149841317 4.5643615722656259 -16.611962318420407 -5.012300729751586 0.84294119477272045 -3.8389921188354488 2.9225105047225957 -1.9403049945831297 -2.8189076185226436 -3.9922808408737178 -3.2454771995544429 0.37250040471553808 -1.0764510035514829 0.43213725090026861 -1.7044901847839353 3.6385082006454472 -5.7957234382629386 -4.8482439517974845 0.39125490188598638 3.1216372251510625 0.42416164278984075 1.4334967732429507 -1.9563865065574644 -1.587113559246063
decision_type=2 2 2 2 2 2 2 2 2 2 2 2 2 2 2 2 2 2 2 2 2 2 2 2 2 2 2 2 2 2
left_child=1 -1 -3 4 5 6 7 8 -2 10 -5 12 14 15 20 16 -13 -14 19 -16 21 24 23 -22 -11 26 28 -28 -17 -15
right_child=3 2 -4 9 -6 -7 -8 -9 -10 11 -12 13 17 29 18 25 -18 -19 -20 -21 22 -23 -24 -25 -26 -27 27 -29 -30 -31
leaf_value=-0.17954444885253906 0.050674395468728296 -0.047659871917455757 0.031135791938665305 0.014244727129247828 0.0028719480563981371 -0.077048738454950277 -0.068435467393309982 0.064297130065304894 -0.0070556724965572361 -0.0037196404343917524 0.094890588894486427 0.022329406881623944 -0.0019487236504969392 -0.0031370723121976365 -0.0039279927745461468 0.020315657884185746 -0.0035389880253966031 0.084451162137768487 -0.019362335546794132 0.068786820426583295 0.011017926958169831 -0.065193016905533641 0.0010678930780478771 0.060405148731337656 -0.071705805374817411 0.067433418706059456 -0.0075713004331943419 -0.091679257864043837 0.0073733336785572218 0.002094924363218632
leaf_weight=25 29 47 43 142 1521 29 27 28 3700 2173 20 184 23 5688 250 688 1426 33 833 25 178 38 1767 72 22 28 121 21 2723 7861
leaf_count=25 29 47 43 142 1521 29 27 28 3700 2173 20 184 23 5688 250 688 1426 33 833 25 178 38 1767 72 22 28 121 21 2723 7861
internal_value=-0.000329938 -0.0468677 -0.0100131 -0.000149438 -0.00422761 -0.00705961 -0.00652322 -0.00607828 -0.00660671 0.000745156 0.024201 0.000587839 -0.00306417 0.00164291 -0.00360796 0.00619602 -0.0005826 0.0489655 -0.0138909 0.00268244 -0.000927132 -0.00543558 0.00406412 0.0252414 -0.00440105 0.00924365 0.00878507 -0.0200098 0.00998381 -0.000101518
internal_weight=29765 115 90 29650 5334 3813 3784 3757 3729 24316 162 24154 5414 18740 5358 5191 1610 56 1108 275 4250 2233 2017 250 2195 3581 3553 142 3411 13549
internal_count=29765 115 90 29650 5334 3813 3784 3757 3729 24316 162 24154 5414 18740 5358 5191 1610 56 1108 275 4250 2233 2017 250 2195 3581 3553 142 3411 13549
is_linear=0
shrinkage=0.05


Tree=108
num_leaves=31
num_cat=0
split_feature=286 13 8 8 12 13 57 51 245 20 30 36 123 54 63 28 103 56 139 45 153 0 2 20 43 28 170 1 47 85
split_gain=105.175 163.091 73.5072 54.0822 40.7664 48.0427 52.3703 55.3854 64.7622 48.7862 45.9215 40.0347 56.7668 39.8254 61.254 39.3668 38.7235 44.2468 39.7092 42.1241 38.257 37.9369 43.8695 37.6994 38.5372 37.5079 37.0112 38.4222 47.9041 49.0628
threshold=-28.231839179992672 1.8290398120880129 1.2696141600608828 -2.965661764144897 -0.25764703750610346 -1.3301960825920103 4.7031960487365732 4.2968797683715829 4.6349265575408944 -1.3206622600555418 1.4774509668350222 0.42553709447383886 -4.5414705276489249 -6.28249168395996 -4.919553041458129 -1.9223856925964353 -2.2781372070312496 1.227654039859772 0.93688631057739269 -2.2527484893798824 1.3167582154273989 -2.6399018764495845 -0.70654901862144459 -4.6873228549957267 -8.480470657348631 3.7878038883209233 2.8705643415451054 -1.8254132866859434 -2.9573587179183956 -4.8304941654205313
decision_type=2 2 2 2 2 2 2 2 2 2 2 2 2 2 2 2 2 2 2 2 2 2 2 2 2 2 2 2 2 2
left_child=1 2 3 -1 5 6 7 8 26 10 11 -7 -13 -11 -15 -16 17 18 19 -17 -14 22 -6 -23 -25 -26 27 28 29 -2
right_child=4 -3 -4 -5 21 9 -8 -9 -10 13 -12 12 20 14 15 16 -18 -19 -20 -21 -22 23 -24 24 25 -27 -28 -29 -30 -31
leaf_value=0.023759748183545613 -0.034065270155287264 -0.17780988145619633 0.061845070008365879 -0.071052760528927714 0.032920314446448141 0.0049962999426626017 -0.072473398844401044 0.072952010143886914 -0.070711435845647111 0.037054596561938526 0.026578774505191378 -0.084745743011052796 -0.00084187746808236973 -0.035581216475237973 0.0064610986623278568 0.011676990993796512 -0.0016755786867461344 -0.0519575383928087 0.060866220584139236 -0.013991234588219445 -0.059796231480375418 0.025269404126376641 -9.6088306037421078e-05 -0.045569149472496732 0.0019070149067899472 -0.010909436263753496 0.030606053917504414 -0.0051274176990729822 -0.012152161612494352 -0.12551456897810567
leaf_weight=21 55 20 21 53 209 2952 30 22 39 64 225 26 245 138 1186 188 6210 63 20 1067 31 164 194 44 12150 599 68 3422 219 20
leaf_count=21 55 20 21 53 209 2952 30 22 39 64 225 26 245 138 1186 188 6210 63 20 1067 31 164 194 44 12150 599 68 3422 219 20
internal_value=-0.000313442 -0.0480373 -0.0207168 -0.0441465 -0.00012834 -0.00180734 -0.00666762 -0.00615418 -0.00660941 -0.000290342 0.00473296 0.00322242 -0.014117 -0.00224603 -0.00252954 -0.00200731 -0.00333793 -0.0110533 -0.00903219 -0.0101461 -0.00746356 0.00191889 0.0170266 0.00144899 0.00114363 0.00130485 -0.00594874 -0.00661766 -0.0239633 -0.0584517
internal_weight=29765 115 95 74 29650 16290 3875 3845 3823 12415 3479 3254 302 8936 8872 8734 7548 1338 1275 1255 276 13360 403 12957 12793 12749 3784 3716 294 75
internal_count=29765 115 95 74 29650 16290 3875 3845 3823 12415 3479 3254 302 8936 8872 8734 7548 1338 1275 1255 276 13360 403 12957 12793 12749 3784 3716 294 75
is_linear=0
shrinkage=0.05


Tree=109
num_leaves=31
num_cat=0
split_feature=286 29 12 14 12 10 5 10 36 136 0 40 249 259 298 280 227 292 123 201 170 25 146 117 294 204 163 119 146 243
split_gain=94.92 148.065 66.6211 39.8267 68.2549 41.6843 37.7803 52.8363 36.8424 47.799 52.0809 41.4567 48.3697 56.263 36.69 64.5788 55.7183 49.5287 44.0203 93.3031 48.4693 42.5845 42.108 41.4274 38.5242 58.2704 37.4051 43.556 53.8524 54.7726
threshold=-28.231839179992672 -10.960882186889647 -0.57248586416244496 5.69482445716858 3.5081356763839726 0.15012124180793765 -0.11001877486705779 6.8114054203033456 7.1457087993621835 -0.12972605228424069 -0.91147056221961964 3.9815903902053837 -0.093477822840213762 3.5460979938507085 -0.34516242146491999 -2.0507899522781368 -4.222186565399169 2.6422924995422368 0.45460785925388342 -5.304248332977294 0.53294119238853466 1.0044656395912173 0.17382352799177173 0.15230207890272143 -2.0800653696060176 1.7515032291412356 -3.6393815279006954 -1.8263581395149229 0.20495937019586566 0.61678898334503185
decision_type=2 2 2 2 2 2 2 2 2 2 2 2 2 2 2 2 2 2 2 2 2 2 2 2 2 2 2 2 2 2
left_child=1 -1 -3 6 5 -5 7 14 11 -10 -11 -8 -13 -14 15 18 -16 -17 20 -20 -2 -22 23 -21 25 -18 -26 28 -28 -30
right_child=3 2 -4 4 -6 -7 8 -9 9 10 -12 12 13 -15 16 17 24 -19 19 22 21 -23 -24 -25 26 -27 27 -29 29 -31
leaf_value=-0.14806079158076532 -0.003264442192428477 -0.061866343240253634 0.025504535619014251 0.030949479639530181 0.0011142642498016358 0.13303310573101043 0.0011411032179665917 -0.073530461237980779 -0.089732675671577458 0.058281661253422504 -0.041400249527865335 -0.0019020540826488288 0.073227658376613963 0.010863626924784561 -0.085050319329552038 0.004236074511027435 -0.018763972904497384 0.047385768329395971 -0.11945446712726898 -0.019910097559801786 0.032329255122222879 -0.031603296725980695 -0.040139988898684129 0.018467344004721914 0.040566140955144714 -0.10716376581362315 -0.0042677858275681976 -0.0036604878784596683 -0.087487122074446907 -0.014794707903638482
leaf_weight=27 6239 40 48 20 75 20 16709 26 25 20 38 125 69 76 23 3021 166 68 22 166 163 31 109 122 44 21 122 2026 55 49
leaf_count=27 6239 40 48 20 75 20 16709 26 25 20 38 125 69 76 23 3021 166 68 22 166 163 31 109 122 44 21 122 2026 55 49
internal_value=-0.000297769 -0.0456355 -0.0142095 -0.000121923 0.0292454 0.0819913 -0.000236271 -0.0023278 0.00129272 -0.0319385 -0.00702718 0.00145517 0.0208911 0.0405403 -0.00217907 -0.000816094 -0.00758582 0.00518595 -0.00352192 -0.0192251 -0.00249913 0.0221132 -0.0136708 -0.00365299 -0.00686826 -0.0286912 -0.00509087 -0.00598293 -0.0268027 -0.0532378
internal_weight=29765 115 88 29650 115 40 29535 12473 17062 83 58 16979 270 145 12447 9941 2506 3089 6852 419 6433 194 397 288 2483 187 2296 2252 226 104
internal_count=29765 115 88 29650 115 40 29535 12473 17062 83 58 16979 270 145 12447 9941 2506 3089 6852 419 6433 194 397 288 2483 187 2296 2252 226 104
is_linear=0
shrinkage=0.05


Tree=110
num_leaves=31
num_cat=0
split_feature=29 294 8 29 280 10 163 148 299 6 112 247 39 170 200 163 212 138 137 6 14 14 285 295 164 122 107 298 295 167
split_gain=69.9962 207.896 50.1231 53.7005 38.7965 50.9938 43.9552 42.3836 61.5957 54.3767 50.6942 42.3756 41.3729 40.714 47.1793 40.229 39.8037 45.3741 41.642 50.5969 57.6298 39.6547 38.6315 36.1493 53.5192 45.9692 35.2749 33.9411 71.7998 52.4519
threshold=-10.960882186889647 -28.870437622070309 5.6628627777099618 -6.3766210079193106 -1.9913544058799741 0.4600632786750794 -4.8905732631683341 -0.15396592766046521 2.159679770469666 -0.54189249873161305 2.9104171991348271 -7.0333821773529044 -4.3178541660308829 0.53294119238853466 1.6398039460182192 -0.79777854681015004 -4.3976788520812979 -4.5488235950469962 3.4935195446014409 -2.1659804582595821 -1.5400000214576719 -3.2320915460586543 7.5227448940277108 7.1878573894500741 6.4605882167816171 1.7609633207321169 -2.1231427192687984 0.10679756477475168 2.7302287817001347 2.6179820299148564
decision_type=2 2 2 2 2 2 2 2 2 2 2 2 2 2 2 2 2 2 2 2 2 2 2 2 2 2 2 2 2 2
left_child=1 -1 4 -4 7 16 -7 13 9 10 11 -9 -8 -2 15 26 17 -6 23 -20 -21 -14 -5 24 27 -25 -15 28 -18 -30
right_child=2 -3 3 22 5 6 12 8 -10 -11 -12 -13 21 14 -16 -17 18 -19 19 20 -22 -23 -24 25 -26 -27 -28 -29 29 -31
leaf_value=-0.18536426544189455 -0.00105257248479731 -0.0080002112137643917 0.10795684829354286 -0.00037341939551489693 0.05502513721585274 0.059218118470162152 -0.050084003852680331 -0.071430303764186409 0.039519654866307978 -0.0045553632438219997 -0.09991811059770131 -0.016537043192285172 0.046031276765279475 0.037652875359312901 0.082368638463642285 -0.014815903576160956 0.0030208500689567737 -0.022910811670177375 0.05553976468741894 -0.089426752889994535 -0.01641754929147575 0.0063337618782065832 0.076948572340465732 -0.0087953797992198698 -0.057360403660016185 0.072323482315987356 0.0072901319735903846 -0.0035533575227071471 0.022922580674030756 0.11646841919940452
leaf_weight=20 15274 95 20 70 20 40 32 38 64 1203 21 470 64 137 23 133 4895 282 20 32 174 3688 21 31 39 40 317 2371 43 23
leaf_count=20 15274 95 20 70 20 40 32 38 64 1203 21 470 64 137 23 133 4895 282 20 32 174 3688 21 31 39 40 317 2371 43 23
internal_value=8.66979e-05 -0.0388461 0.000238034 0.033774 0.000111736 0.00233278 0.00707922 -0.00136988 -0.00865027 -0.0104302 -0.0237902 -0.0206432 0.00652807 -0.000546689 0.0121203 0.0093678 5.54406e-05 -0.0177495 0.000756678 -0.0203872 -0.0277588 0.0070109 0.0174701 0.00139878 0.00105677 0.0369054 0.0164525 0.0013675 0.00371931 0.0555219
internal_weight=29700 115 29585 111 29474 11794 3824 17680 1796 1732 529 508 3784 15884 610 587 7970 302 7668 226 206 3752 91 7442 7371 71 454 7332 4961 66
internal_count=29700 115 29585 111 29474 11794 3824 17680 1796 1732 529 508 3784 15884 610 587 7970 302 7668 226 206 3752 91 7442 7371 71 454 7332 4961 66
is_linear=0
shrinkage=0.05


Tree=111
num_leaves=31
num_cat=0
split_feature=38 17 8 29 4 112 154 92 88 62 20 0 71 12 97 95 57 285 146 27 108 16 143 95 144 183 59 127 250 282
split_gain=79.0839 188.547 59.0697 65.7219 38.9112 36.7193 50.3579 47.0143 55.5344 47.6655 41.7072 40.1752 42.1454 42.2415 38.2133 48.4639 35.8855 34.865 33.8946 34.6242 32.6635 45.5547 34.5812 38.7671 32.1656 59.194 40.2825 37.9363 41.3539 39.5979
threshold=-11.595623493194578 -0.11813725158572196 5.6628627777099618 -6.3766210079193106 3.2439216375350957 -4.7224507331848136 -3.2704517841339107 -0.34631808102130884 -1.8551764488220213 0.57156640291214 -1.3396568298339842 -3.2321567535400386 -3.9557389020919795 -0.9852745234966277 -13.633185863494871 -13.656627655029295 -5.2529048919677725 7.5227448940277108 -4.2572302818298331 -1.8778459429740904 2.2218816280364995 2.3217648267745976 -0.72153592109680165 0.34725493192672735 -4.0023000240325919 -5.1039216518402091 -4.8521175384521475 -4.748821258544921 -2.1741340160369869 -0.65075677633285511
decision_type=2 2 2 2 2 2 2 2 2 2 2 2 2 2 2 2 2 2 2 2 2 2 2 2 2 2 2 2 2 2
left_child=1 4 5 -4 -1 6 7 9 -9 14 18 12 -7 -14 -2 -16 -13 -5 -8 -20 21 22 -15 -24 -18 26 -26 28 -27 -29
right_child=2 -3 3 17 -6 11 10 8 -10 -11 -12 16 13 20 15 -17 24 -19 19 -21 -22 -23 23 -25 25 27 -28 29 -30 -31
leaf_value=0.030936535023262397 0.039138545242010381 -0.18083391735795887 0.10961044058203698 -0.00035475126334599089 -0.035815497890847633 0.074105888704458875 -9.100291700590225e-05 0.097441080331802377 -0.0027188789039369553 -0.069260006650750133 -0.013635067358066183 -0.022194700743470876 -0.014041845704643771 0.0052972498635392431 -0.075338407357533776 -0.0037653565371353033 0.0057082483296962468 0.073101143609909783 -0.11488251901630844 -0.040286273296390264 -0.030205454951889504 0.09767636760421422 0.084807204097081479 0.0042087915036827326 0.046072789666981535 0.028545508451251075 -0.013733318352911934 -0.0011363816094484335 -0.015655953095604979 0.0034019763250251983
leaf_weight=34 51 20 24 70 61 30 21 25 31 28 218 175 104 106 24 1629 2689 21 28 35 24 23 37 25 29 227 967 16006 69 6869
leaf_count=34 51 20 24 70 61 30 21 25 31 28 218 175 104 106 24 1629 2689 21 28 35 24 23 37 25 29 227 967 16006 69 6869
internal_value=8.2363e-05 -0.0413007 0.000243223 0.0360082 -0.0119253 0.000103659 -0.00628442 -0.00309472 0.0419954 -0.0045526 -0.0251692 0.000591281 0.0174471 0.0121187 -0.00348933 -0.00480453 0.000373653 0.0165966 -0.0551029 -0.0734402 0.0247731 0.0316814 0.0226464 0.0523078 0.000520714 -5.64897e-05 -0.011992 0.000456554 0.0182418 0.000226415
internal_weight=29700 115 29585 115 95 29470 2090 1788 56 1732 302 27380 349 319 1704 1653 27031 91 84 63 215 191 168 62 26856 24167 996 23171 296 22875
internal_count=29700 115 29585 115 95 29470 2090 1788 56 1732 302 27380 349 319 1704 1653 27031 91 84 63 215 191 168 62 26856 24167 996 23171 296 22875
is_linear=0
shrinkage=0.05


Tree=112
num_leaves=31
num_cat=0
split_feature=38 17 3 284 175 15 11 147 284 64 170 281 112 288 216 48 30 1 0 7 4 219 129 143 287 190 243 201 284 262
split_gain=71.3732 170.164 50.785 49.8887 66.9727 48.992 65.4134 55.4575 50.2723 44.1002 56.7829 40.9082 43.4156 62.4834 40.108 43.8419 38.0239 38.4331 35.5002 35.2765 35.1173 34.8544 49.568 32.1347 66.3307 43.915 52.2776 43.7184 48.6301 43.0323
threshold=-11.595623493194578 -0.11813725158572196 2.8480688333511357 -12.264509677886961 -4.1826331615447989 0.89217430353164684 3.4368021488189702 3.0124645233154301 12.41129779815674 -6.3156862258911124 -8.4981112480163556 -9.6254324913024885 3.6363826990127568 1.2628757953643801 9.0964708328247088 1.9361258149147036 -5.6673343181610099 1.3871292471885683 2.6333659887313847 0.24344804883003238 3.2439216375350957 -11.480169773101805 -4.6227376461029044 -1.7574121356010435 -4.9758584499359122 -1.3722766637802122 -6.1414215564727774 -2.0211764574050899 -6.6401331424713126 -5.1438255310058585
decision_type=2 2 2 2 2 2 2 2 2 2 2 2 2 2 2 2 2 2 2 2 2 2 2 2 2 2 2 2 2 2
left_child=1 20 3 4 16 6 9 -7 14 -4 -11 -12 13 -13 15 -9 17 -2 -17 -6 -1 22 -5 27 -25 -26 -27 -23 -29 -28
right_child=2 -3 5 21 19 7 -8 8 -10 10 11 12 -14 -15 -16 18 -18 -19 -20 -21 -22 23 -24 24 25 26 29 28 -30 -31
leaf_value=0.02938969762420611 0.028493377685751487 -0.17179220595164224 0.074920981863270633 0.0075081424956971957 -0.093875990765677264 0.047412212547801792 -0.063432283401489251 -0.024719137932848315 0.075644509688667635 -0.057241008558443621 0.044561133043402257 -0.0010926770529862274 -0.057519453763961795 0.063537327947398262 -0.066104309667240499 0.066452605517483082 -0.010795122039185763 -0.020634635879756197 -0.0070042079378818652 -0.026128972481693265 -0.034024716840415706 0.00051488636857444548 0.10244161188602448 -0.014795945667655184 -0.0036205693441911167 0.082621541256085049 -0.036017065738638242 -0.022030967382984309 0.0091799815411912535 0.0020248638498085044
leaf_weight=34 132 20 23 44 33 168 35 58 23 35 68 287 28 43 22 38 991 57 29 46 61 8940 20 854 6328 20 75 131 2639 8418
leaf_count=34 132 20 23 44 33 168 35 58 23 35 68 287 28 43 22 38 991 57 29 46 61 8940 20 854 6328 20 75 131 2639 8418
internal_value=7.82448e-05 -0.0392357 0.000231062 -0.000126737 -0.0098593 0.0122251 0.00257753 0.0270389 0.00690527 0.00735096 0.00397979 0.00900967 0.00225688 0.00732881 -0.00384985 0.00710694 -0.00687544 0.013677 0.0346579 -0.0544284 -0.011329 0.00031934 0.0371749 0.00023327 -0.00124564 -0.000465906 0.00187906 0.00221546 0.00770394 0.00168892
internal_weight=29700 115 29585 28728 1259 857 519 338 170 484 461 426 358 330 147 125 1180 189 67 79 95 27469 64 27405 15695 14841 8513 11710 2770 8493
internal_count=29700 115 29585 28728 1259 857 519 338 170 484 461 426 358 330 147 125 1180 189 67 79 95 27469 64 27405 15695 14841 8513 11710 2770 8493
is_linear=0
shrinkage=0.05


Tree=113
num_leaves=31
num_cat=0
split_feature=38 85 8 29 13 85 112 144 212 64 151 112 103 266 54 245 72 5 74 82 222 280 298 25 73 262 82 283 233 196
split_gain=64.4144 158.117 51.3585 57.5207 33.2661 47.7056 34.3773 42.3926 45.1622 40.9773 44.433 68.954 39.2886 39.5045 38.5755 38.9919 36.9794 35.2902 39.9148 36.2182 40.7049 35.4349 49.3509 36.5278 36.3512 36.3898 34.2498 34.8 33.881 33.6851
threshold=-11.595623493194578 -6.7048959732055655 5.6628627777099618 -6.3766210079193106 -1.2562572360038755 -11.812551975250242 -4.7224507331848136 -4.0023000240325919 -4.6029131412506095 1.2179520726203921 -9.4621939659118635 -9.8496890068054181 -2.043402791023254 -12.346658229827879 0.67662036418914806 -0.60155352950096119 0.090144481509923949 0.6295008957386018 6.1200456619262704 -2.5779360532760616 2.1944180727005009 -1.9913544058799741 -1.7744941115379331 -3.3550200462341304 -1.9478343129158018 -4.4110088348388663 0.68174791336059581 -5.1589107513427725 -2.1988890171051021 -5.2229056358337393
decision_type=2 2 2 2 2 2 2 2 2 2 2 2 2 2 2 2 2 2 2 2 2 2 2 2 2 2 2 2 2 2
left_child=1 -1 4 -4 -2 -6 9 12 -9 10 -7 -12 14 -14 15 -8 -16 18 19 20 -10 22 26 -23 -24 28 -21 -28 -26 -25
right_child=2 -3 3 -5 5 6 7 8 17 -11 11 -13 13 -15 16 -17 -18 -19 -20 21 -22 23 24 29 25 -27 27 -29 -30 -31
leaf_value=-0.0024432044169482065 -0.0033433724753493214 -0.13596085011959078 0.10242539439350368 0.01540831473174986 0.078100773096084597 0.013234066700234132 0.0039105627590601665 -0.0070282883226702167 0.0070891051840420083 -0.073465192965839227 -0.079801650047302247 -0.0082901830420191499 0.084243587472222076 0.016084510138887093 -0.0095952900553432606 0.063637502724304795 -0.090517743937671188 0.0047526658232275899 0.057585035264492039 -0.00020286448254186099 0.07163052049279213 -0.03350364621983816 -0.029363868710247928 0.047242363994350528 -0.0099429485698541015 -0.006162115293806671 -0.047514936930706936 -0.0083926450854374304 -0.1008746412023902 0.0017738266147701205
leaf_weight=85 5694 30 24 91 20 238 1135 1760 1070 23 35 914 22 631 48 28 20 5421 30 4402 25 73 257 41 21 925 72 270 20 6275
leaf_count=85 5694 30 24 91 20 238 1135 1760 1070 23 35 914 22 631 48 28 20 5421 30 4402 25 73 257 41 21 925 72 270 20 6275
internal_value=7.43326e-05 -0.0372739 0.000219509 0.0335684 8.93726e-05 0.000911464 0.000846479 0.00128711 0.000632424 -0.00736386 -0.00608305 -0.0109276 0.00846714 0.0183808 0.00320829 0.00534853 -0.033396 0.00134573 -2.42768e-05 -0.000152764 0.00856265 -0.000925132 -0.0036958 0.00166253 -0.0126515 -0.00820523 -0.00138704 -0.0166289 -0.0542999 0.00206898
internal_weight=29700 115 29585 115 29470 23776 23756 22546 20662 1210 1187 949 1884 653 1231 1163 68 18902 13481 13451 1095 12356 5967 6389 1223 966 4744 342 41 6316
internal_count=29700 115 29585 115 29470 23776 23756 22546 20662 1210 1187 949 1884 653 1231 1163 68 18902 13481 13451 1095 12356 5967 6389 1223 966 4744 342 41 6316
is_linear=0
shrinkage=0.05


Tree=114
num_leaves=31
num_cat=0
split_feature=38 17 8 29 19 288 217 119 298 189 8 30 4 57 91 257 176 20 117 275 227 223 43 3 267 44 100 180 298 229
split_gain=58.1339 146.506 46.351 51.9124 33.0374 31.5678 65.8531 40.41 37.4577 33.7201 31.971 38.6754 30.8223 30.5936 58.3889 33.9626 48.0357 35.4807 32.638 29.3963 53.8205 51.0218 50.8397 47.8318 44.7179 43.3596 41.3358 32.6655 31.2138 63.8837
threshold=-11.595623493194578 -0.11813725158572196 5.6628627777099618 -6.3766210079193106 1.3052765727043154 -15.29126977920532 -7.3866665363311759 -10.184442996978758 -18.826393127441403 -13.653137207031248 -3.505800604820251 -3.6116150617599483 3.2439216375350957 -3.5514158010482784 -8.6743450164794904 2.0294281244277959 0.032135112211108215 -0.20434937626123426 -4.0570669174194327 4.361497402191163 4.7320051193237314 0.037420818582177169 -1.1762032508850095 -3.2108334302902217 5.544267177581788 -0.48821079730987543 1.9895342588424685 1.3655920624732973 -3.8471001386642452 -5.9750981330871573
decision_type=2 2 2 2 2 2 2 2 2 2 2 2 2 2 2 2 2 2 2 2 2 2 2 2 2 2 2 2 2 2
left_child=1 12 5 -4 -5 6 10 -7 -9 -10 11 -2 -1 15 18 16 -11 -18 -15 20 28 -21 -22 -23 27 -25 -27 -24 -16 -30
right_child=2 -3 3 4 -6 7 -8 8 9 13 -12 -13 -14 14 19 -17 17 -19 -20 21 22 23 24 25 -26 26 -28 -29 29 -31
leaf_value=0.028631418601007149 0.075733008978888405 -0.15840733142104002 0.097304119387020674 -0.040365728993146194 0.031138987330985926 0.038860631339690269 -0.086369323896037214 0.068673264980316159 -0.064677763432264321 -0.0077928369796151746 -0.0095930371874122216 -0.011366574464437481 -0.03077859262951085 0.008923045992851257 0.0031800903630296896 -0.069735251296134226 0.067951004589731634 0.00079973864180612423 0.093881977521456217 0.066238855021564583 0.037027779149894531 -0.058466088330304179 -0.054402812573437889 -0.026770940246550662 -0.1063709365470069 0.03435259310949626 0.0063461159613375524 -0.0036098445140158955 -0.037805480846892232 -0.00042258183794292099
leaf_weight=34 25 20 24 21 70 68 27 20 20 1441 744 26 61 20 7443 21 37 42 26 38 26 27 60 76 21 172 563 67 115 18345
leaf_count=34 25 20 24 21 70 68 27 20 20 1441 744 26 61 20 7443 21 37 42 26 38 26 27 60 76 21 172 563 67 115 18345
internal_value=7.0616e-05 -0.0354102 0.000208534 0.03189 0.0146379 8.49039e-05 -0.00957591 0.000362103 0.000270504 0.000222603 -0.00696783 0.0313293 -0.00951606 0.000268083 0.000659181 -0.00658413 -0.00571165 0.0322503 0.0569433 0.000563122 0.000260476 0.00957239 -0.0274546 0.00700278 -0.0387826 0.00918239 0.0129 -0.0276065 0.000446648 -0.000655466
internal_weight=29700 115 29585 115 91 29470 822 28648 28580 28560 795 51 95 28540 26999 1541 1520 79 46 26953 26077 876 174 838 148 811 735 127 25903 18460
internal_count=29700 115 29585 115 91 29470 822 28648 28580 28560 795 51 95 28540 26999 1541 1520 79 46 26953 26077 876 174 838 148 811 735 127 25903 18460
is_linear=0
shrinkage=0.05


Tree=115
num_leaves=31
num_cat=0
split_feature=187 12 264 53 4 19 265 152 168 23 33 55 43 26 285 15 286 185 91 65 158 78 2 77 242 26 161 8 229 101
split_gain=44.1354 266.579 71.063 58.0622 39.5733 41.6959 42.021 42.2011 42.7346 39.5442 62.5886 38.0434 32.4823 32.3628 37.3491 64.6607 44.2711 33.239 32.6994 42.2301 52.0606 41.5253 36.5131 37.0627 39.7661 34.7362 32.0912 31.864 44.5569 38.3709
threshold=-16.898213386535641 1.6133332848548891 -24.122632980346676 -3.3352158069610591 -2.7648832798004146 1.1059215664863589 -17.095882415771481 -10.218973159790037 -11.770098209381102 -3.5185294151306148 -5.344411849975585 -0.73119038343429554 -3.7873893976211543 7.0294151306152353 8.9228010177612322 5.4003360271453866 11.311098098754885 -1.7256019115447996 2.5456237792968754 4.6564705371856698 4.7060294151306161 4.2407844066619882 -0.48378235101699824 -0.37145337462425226 -0.086372550576925264 5.6993873119354257 -7.3963098526000968 -0.64337870478630055 4.2591667175292978 -1.0099108219146726
decision_type=2 2 2 2 2 2 2 2 2 2 2 2 2 2 2 2 2 2 2 2 2 2 2 2 2 2 2 2 2 2
left_child=1 -1 3 -2 27 6 26 -8 -9 11 -11 -7 -12 14 18 16 -16 -15 19 20 21 -14 23 24 -20 -24 -6 29 -29 -4
right_child=2 -3 4 -5 5 9 7 8 -10 10 12 -13 13 17 15 -17 -18 -19 22 -21 -22 -23 25 -25 -26 -27 -28 28 -30 -31
leaf_value=0.0048951722132532221 0.0087627310906687097 -0.19195718353702909 0.016774073342414021 0.10905513851730914 -0.014339048672806132 -0.072180479045164253 0.021445836862776339 -0.048601314594799827 0.00072079625909814702 0.043272037261298725 -0.03014750175115441 -0.013576103238948338 -0.0022814099969227768 0.015840033684735712 0.04050443844917493 0.098752379417419434 -0.037553952721988457 -0.055192664914346982 -0.031813827916979794 -0.051542202205885027 0.054227443979609581 0.055843593300350249 -0.0074647374863579148 -0.016569158097664859 -0.11011199398587149 0.056604721329428932 -0.077674626220356341 0.017912011650173889 0.094711770713329313 -0.01651930647817525
leaf_weight=95 31 21 182 27 220 40 246 44 23397 70 119 90 3495 23 39 24 34 58 50 42 42 31 551 232 24 22 22 339 20 165
leaf_count=95 31 21 182 27 220 40 246 44 23397 70 119 90 3495 23 39 24 34 58 50 42 42 31 551 232 24 22 22 339 20 165
internal_value=3.94566e-05 -0.0307419 0.000159765 0.0554506 5.15018e-05 -0.000234068 0.000632632 0.000844416 0.000628216 -0.00439357 -0.003665 -0.0316082 -0.0043515 -0.00369375 -0.0031404 0.0275556 0.00414848 -0.0350229 -0.00380369 -0.00169795 -0.00111122 -0.00177038 -0.0124519 -0.0263968 -0.0572078 -0.00500483 -0.0200968 0.0117473 0.0221905 0.000942927
internal_weight=29795 116 29679 58 29621 28915 23929 23687 23441 4986 4856 130 4786 4667 4586 97 73 81 4489 3610 3568 3526 879 306 74 573 242 706 359 347
internal_count=29795 116 29679 58 29621 28915 23929 23687 23441 4986 4856 130 4786 4667 4586 97 73 81 4489 3610 3568 3526 879 306 74 573 242 706 359 347
is_linear=0
shrinkage=0.05


Tree=116
num_leaves=31
num_cat=0
split_feature=182 65 204 30 80 38 201 91 5 32 285 298 299 299 297 112 150 264 275 225 242 278 89 109 45 8 285 193 105 168
split_gain=40.1307 208.322 74.7974 60.8569 41.883 54.6034 40.7864 40.5633 39.8213 39.4968 66.2836 40.855 90.5923 86.1151 70.1186 68.8745 49.8428 49.8382 68.3961 44.949 46.3497 42.3967 48.2178 47.6566 39.5816 38.0797 40.4556 41.5899 39.5515 43.548
threshold=-9.1755814552307111 1.816405236721039 -14.110495567321776 -5.0797340869903556 -4.2644536495208731 -1.790686249732971 -8.3941411972045881 0.40182758867740637 2.8549804687500004 9.0488367080688494 8.9228010177612322 -3.8471001386642452 -3.5474510192871089 -3.9969607591629024 -6.2979900836944571 -5.3404040336608878 3.3568805456161503 -1.5812593698501585 -2.8333204984664913 -4.8918626308441153 -1.4943325519561765 -9.0482530593872053 6.4940197467803964 2.3649051189422612 5.2260484695434579 0.52866667509078991 -1.5428688526153562 -1.7808539867401121 1.6877284049987795 1.0000000180025095e-35
decision_type=2 2 2 2 2 2 2 2 2 2 2 2 2 2 2 2 2 2 2 2 2 2 2 2 2 2 2 2 2 2
left_child=1 3 -2 -1 5 -4 7 -6 -5 10 11 13 15 24 17 -13 19 18 -15 20 -17 -14 -23 -24 25 28 27 -27 29 -8
right_child=2 -3 4 8 6 -7 9 -9 -10 -11 -12 12 21 14 -16 16 -18 -19 -20 -21 -22 22 23 -25 -26 26 -28 -29 -30 -31
leaf_value=0.016730188595072571 0.08206932204110283 -0.16546517014503481 0.0018220173352563093 -0.014974691258322809 -0.011743500408546596 0.023580722851510964 -0.0019168327894569367 -0.070186426940684526 0.043735571503639221 -0.031259448289871219 0.031815603429620913 -0.095922960340976721 0.047353041076913793 -0.015517338377734025 0.019183240831868412 -0.023740503900418326 0.067834819853305819 0.046035903881420384 -0.12228511600755154 -0.0091983044118686495 -0.093719548014923937 4.2431768468116331e-05 -0.10033710771705956 -0.017387407380625493 0.062379730664766757 0.0095580250805524861 0.038094681044026177 -0.012527469475048059 -0.02977352536848334 0.023458210736862384
leaf_weight=223 28 21 863 775 296 433 4301 33 30 100 165 24 47 60 1092 112 20 20 20 1636 30 17521 20 129 26 1107 101 264 122 176
leaf_count=223 28 21 863 775 296 433 4301 33 30 100 165 24 47 60 1092 112 20 20 20 1636 30 17521 20 129 26 1107 101 264 122 176
internal_value=3.74838e-05 -0.0095684 0.000388022 -0.00638374 0.000308383 0.00909171 -0.000106729 -0.0176056 -0.0127867 0.000105766 0.000221964 2.76535e-05 -0.00116409 0.00322225 0.0155135 -0.0117807 -0.0106575 -0.0245602 -0.0422093 -0.0115405 -0.0385248 -7.22852e-05 -0.000198431 -0.0285216 0.000819238 0.000555596 0.00755506 0.00530524 -0.00168472 -0.000919288
internal_weight=29795 1049 28746 1028 28718 1296 27422 329 805 27093 26993 26828 19539 7289 1192 1822 1798 100 80 1778 142 17717 17670 149 6097 6071 1472 1371 4599 4477
internal_count=29795 1049 28746 1028 28718 1296 27422 329 805 27093 26993 26828 19539 7289 1192 1822 1798 100 80 1778 142 17717 17670 149 6097 6071 1472 1371 4599 4477
is_linear=0
shrinkage=0.05


Tree=117
num_leaves=31
num_cat=0
split_feature=182 66 204 30 298 299 299 297 234 205 297 158 32 220 286 108 84 298 298 299 295 104 42 298 264 57 233 57 87 60
split_gain=36.2179 233.065 67.5047 53.3517 37.4964 90.5211 81.1735 66.1443 43.4661 42.4202 43.4795 64.4603 41.2497 47.8889 44.4805 39.9342 39.1821 39.1008 38.7929 68.0911 39.4168 45.7287 39.605 39.3867 39.3989 37.7484 41.4436 37.8461 54.885 49.9108
threshold=-9.1755814552307111 0.43613371253013616 -14.110495567321776 -5.0797340869903556 -3.4012916088104244 -3.5474510192871089 -3.5219671726226802 -7.5354626178741446 1.7852023839950564 -7.0501506328582755 -1.8932843208312986 1.3156729340553286 -2.424705862998962 -4.5070495605468741 -1.0289216041564939 -1.2538039088249204 9.0405788421630877 -5.3277778625488272 -4.3365685939788809 -4.3846077919006339 -0.88935297727584828 0.1065686345100403 -0.96705880761146534 -5.8706536293029776 -3.4833923578262325 3.0847647190093999 -2.6495401859283443 0.46338234841823583 4.7824590206146249 -1.9563865065574644
decision_type=2 2 2 2 2 2 2 2 2 2 2 2 2 2 2 2 2 2 2 2 2 2 2 2 2 2 2 2 2 2
left_child=1 3 -2 -1 6 9 8 -8 18 -6 -11 -12 16 14 15 -14 -7 -9 19 20 21 -4 -22 24 -21 27 -27 28 29 -15
right_child=2 -3 4 -5 5 12 7 17 -10 10 11 -13 13 25 -16 -17 -18 -19 -20 23 22 -23 -24 -25 -26 26 -28 -29 -30 -31
leaf_value=0.015858505418249739 0.077965872628348212 -0.17398518045166775 0.0021087713905589512 -0.011733841351163921 -0.087604684978723535 0.0062796562516390098 -0.051891274282054325 0.064569874345324935 0.047458425760269166 -0.019832483081457519 -0.0046865341730380171 0.077408566463876657 -0.0025269241963503182 0.0089307958372859212 0.026863934626294807 -0.032188802448027735 0.056415281295776366 0.014375684592561456 -0.0052753700059333178 0.0089167787778106616 0.090796996528903648 -0.011284060310443751 0.0091617788259799656 0.014350244654704976 0.097009846332172564 -0.07067692886138785 -0.0095227199864964338 0.0042551649111293322 -0.049561559143712963 -0.0023540001904938327
leaf_weight=224 28 21 5326 804 20 1514 37 40 50 768 209 27 186 1091 55 291 40 1292 2073 22 24 724 39 591 30 29 620 3946 59 9615
leaf_count=224 28 21 5326 804 20 1514 37 40 50 768 209 27 186 1091 55 291 40 1292 2073 22 24 724 39 591 30 29 620 3946 59 9615
internal_value=3.56096e-05 -0.00908998 0.000368621 -0.0057215 0.000292964 -0.00105282 0.00271847 0.0140513 0.000971127 -0.0155009 -0.0140645 0.0047057 -0.000204781 -0.000965053 -0.0157132 -0.0206225 0.00757015 0.015883 0.000707862 0.00254375 0.000915769 0.000506059 0.0402609 0.0180209 0.0597397 -0.000454244 -0.0122553 6.63813e-05 -0.00146905 -0.00120402
internal_weight=29795 1049 28746 1028 28718 18470 10248 1369 8879 1024 1004 236 17446 15892 532 477 1554 1332 8829 6756 6113 6050 63 643 52 15360 649 14711 10765 10706
internal_count=29795 1049 28746 1028 28718 18470 10248 1369 8879 1024 1004 236 17446 15892 532 477 1554 1332 8829 6756 6113 6050 63 643 52 15360 649 14711 10765 10706
is_linear=0
shrinkage=0.05


Tree=118
num_leaves=31
num_cat=0
split_feature=187 57 231 52 4 3 51 57 9 104 274 75 284 101 71 95 116 8 255 128 182 57 51 45 146 296 184 13 4 17
split_gain=38.0834 242.037 61.7458 58.9606 34.9425 40.1143 57.8061 44.4536 43.97 41.1376 41.8968 40.1418 42.4133 40.1089 45.5566 36.7061 48.8469 34.1882 40.5308 36.6377 33.9049 38.3735 44.5474 42.48 48.4423 45.3931 44.1112 43.1953 39.6448 60.4836
threshold=-16.898213386535641 -3.9812154769897456 -21.705994606018063 -4.7242228984832755 -2.7648832798004146 -1.0720506310462949 -0.35537162423133845 -4.1119682788848868 -4.0650615692138663 3.3116178512573247 -20.042973518371578 -0.85862746834754933 -4.5050265789031974 -6.9432430267333975 -6.4592366218566886 -5.4983508586883536 -5.8214223384857169 -0.64337870478630055 1.549064636230469 0.75491040945053112 1.6683460474014284 4.1593616008758554 0.58586430549621593 3.5169799327850346 1.9408333897590639 2.7429075241088872 0.76381990313529979 -2.4863553047180171 -1.0610980391502378 -0.26002906262874598
decision_type=2 2 2 2 2 2 2 2 2 2 2 2 2 2 2 2 2 2 2 2 2 2 2 2 2 2 2 2 2 2
left_child=1 -1 3 -2 15 6 9 8 -7 10 -6 -8 -13 -10 -15 -4 -17 -18 -19 -20 21 23 -23 24 28 -25 -27 -26 29 -9
right_child=2 -3 4 -5 5 7 11 20 13 -11 -12 12 -14 14 -16 16 17 18 19 -21 -22 22 -24 25 27 26 -28 -29 -30 -31
leaf_value=0.0053977480060175848 0.0078893133004506438 -0.18217451714334035 -0.024473351872328557 0.11429490887600442 -0.062833509445190436 -0.038673825229385068 -0.0019476546352814297 -0.013600958114670171 0.0090168413353262488 -0.046187298518160114 0.0022379333099423315 -0.044751114745726107 -0.013369774234758658 -0.058682053429739811 -0.0088236086567242949 0.058447359075191718 -0.0020050869707565208 0.014928334452037915 0.11688666964415462 0.021181731722317639 0.0084068682526244592 0.01828230329685741 -0.048564440858216935 0.0092030275368342445 -0.054949994564056394 0.1015561657476014 0.019673674024249379 -0.0074443268658290389 0.0017229061212596032 0.0043987492144890172
leaf_weight=95 30 21 66 23 25 112 788 1085 322 46 2348 119 1131 49 705 58 286 257 20 20 1470 36 81 274 50 29 38 1113 18279 819
leaf_count=95 30 21 66 23 25 112 788 1085 322 46 2348 119 1131 49 705 58 286 257 20 20 1470 36 81 274 50 29 38 1113 18279 819
internal_value=3.38291e-05 -0.0285593 0.000145585 0.0540653 4.91242e-05 -0.000219366 -0.00458204 0.000575517 -0.00885868 0.00064457 0.00155239 -0.0107857 -0.0163573 -0.00575524 -0.0120637 0.0110314 0.0146871 0.0103336 0.0222153 0.0690342 0.00105708 0.000561562 -0.0279962 0.00071563 0.000435937 0.0182239 0.0551153 -0.0094867 0.00100771 -0.00585844
internal_weight=29795 116 29679 53 29626 28919 4457 24462 1188 2419 2373 2038 1250 1076 754 707 641 583 297 40 23274 21804 117 21687 21346 341 67 1163 20183 1904
internal_count=29795 116 29679 53 29626 28919 4457 24462 1188 2419 2373 2038 1250 1076 754 707 641 583 297 40 23274 21804 117 21687 21346 341 67 1163 20183 1904
is_linear=0
shrinkage=0.05


Tree=119
num_leaves=31
num_cat=0
split_feature=187 135 235 52 4 19 37 101 36 23 33 86 88 44 55 95 116 283 157 294 246 146 18 138 55 279 298 161 298 295
split_gain=34.3702 221.997 57.3263 61.0341 31.9747 37.092 34.7158 44.1779 48.2047 40.9551 54.9817 35.2563 51.3018 32.8036 31.5161 30.9921 44.5674 30.0715 60.5435 50.8604 48.7239 44.8664 41.3517 40.6603 46.0617 40.3715 44.1151 39.5927 37.4615 46.5595
threshold=-16.898213386535641 -9.6477451324462873 -21.917779922485348 -4.7242228984832755 -2.7648832798004146 1.1059215664863589 4.3885297775268564 0.024313730187714103 3.68746030330658 -3.5185294151306148 -5.344411849975585 -2.9748353958129878 -3.8879039287567134 -2.4723463058471675 -0.67784979939460743 -5.4983508586883536 -5.8214223384857169 -1.5953845381736753 2.9284572601318364 2.4547517299652104 -6.8968908786773673 -0.46470595896244044 -2.7012833356857295 -0.3960364013910293 -4.6573536396026602 0.20813149213790896 -0.30081231892108912 -5.5643961429595938 -2.3587582111358638 -0.19155556708574292
decision_type=2 2 2 2 2 2 2 2 2 2 2 2 2 2 2 2 2 2 2 2 2 2 2 2 2 2 2 2 2 2
left_child=1 -1 3 -2 15 17 9 8 -8 14 13 -12 -13 -11 -7 -4 -17 18 19 21 -19 23 -23 25 -25 26 -6 -24 29 -22
right_child=2 -3 4 -5 5 6 7 -9 -10 10 11 12 -14 -15 -16 16 -18 20 -20 -21 28 22 27 24 -26 -27 -28 -29 -30 -31
leaf_value=0.0053895799737227598 0.0028727630010017984 -0.17424974441528321 -0.02179933492817096 0.11602910350669514 -1.1066757718004894e-05 -0.06698486684117376 -0.11813687624367462 -0.012204266229568272 -0.017574054060074 0.010669490050625157 -0.019337456291294752 0.040800422893038819 -0.0023720351778943488 0.080396889534688765 -0.013812015954961725 0.05613996481947732 0.0098169307190905733 0.075976128293120337 -0.046622958485509312 0.052149410927339213 0.0077303143047377301 0.021135262564077217 -0.070656180123870191 0.07573950416766681 0.0083324875093558695 0.034709086179131328 -0.017823576099429729 -0.0085195397930452107 0.001388619244266121 0.040193044525555902
leaf_weight=95 26 21 67 22 13198 41 22 318 26 37 302 70 4052 31 87 57 583 23 71 46 1167 118 26 26 1004 82 357 1834 5864 122
leaf_count=95 26 21 67 22 13198 41 22 318 26 37 302 70 4052 31 87 57 583 23 71 46 1167 118 26 26 1004 82 357 1834 5864 122
internal_value=3.21377e-05 -0.0271313 0.000138306 0.0547361 4.98614e-05 -0.00020693 -0.00413021 -0.0189533 -0.0636653 -0.00295591 -0.00216124 -0.00284705 -0.00163888 0.042457 -0.0308439 0.0105554 0.0139426 0.000610242 -0.000549289 -0.000353301 0.00331872 -0.000498397 -0.00756721 0.000454907 0.010034 -0.000268602 -0.000480197 -0.00938812 0.0030851 0.0108028
internal_weight=29795 116 29679 48 29631 28924 4986 366 48 4620 4492 4424 4122 68 128 707 640 23938 16762 16691 7176 16645 1978 14667 1030 13637 13555 1860 7153 1289
internal_count=29795 116 29679 48 29631 28924 4986 366 48 4620 4492 4424 4122 68 128 707 640 23938 16762 16691 7176 16645 1978 14667 1030 13637 13555 1860 7153 1289
is_linear=0
shrinkage=0.05


Tree=120
num_leaves=31
num_cat=0
split_feature=200 81 232 11 21 4 13 18 115 298 299 299 298 177 265 245 298 292 113 88 224 295 32 261 38 84 32 295 99 297
split_gain=65.5695 233.997 53.2768 42.6427 43.069 36.9418 31.5976 43.5012 50.9232 31.6769 88.2702 65.2238 66.1897 45.4979 44.5491 43.0716 42.553 38.6147 37.3557 45.0699 36.6846 38.0241 36.0411 61.5858 52.5805 39.2355 35.5146 35.0105 34.1094 34.0016
threshold=-17.764727592468258 -6.9404859542846671 -21.3830451965332 -1.6365309953689573 -2.9882771968841548 0.98941311240196239 -1.0592849254608152 -4.6796178817749015 0.068963710218667998 -6.4461627006530753 -6.7961513996124259 -4.9692933559417716 -5.06347632408142 1.1084313392639162 -0.96966442465782154 -2.2478805780410762 -4.1297385692596427 -1.3075700998306272 -4.7002522945404044 0.29294112324714666 -0.39851684868335718 -3.5790196657180782 -2.3818501234054561 -5.1290194988250724 2.3886847496032719 -3.5780035257339473 -0.83280479907989491 -7.8458652496337882 -6.0758039951324454 -5.8139853477478018
decision_type=2 2 2 2 2 2 2 2 2 2 2 2 2 2 2 2 2 2 2 2 2 2 2 2 2 2 2 2 2 2
left_child=1 3 -2 5 -5 -1 -4 8 -8 10 20 13 29 15 26 16 28 -17 19 -14 21 -9 -20 24 -24 -25 -12 -28 -11 -13
right_child=2 -3 6 4 -6 -7 7 9 -10 11 14 12 18 -15 -16 17 -18 -19 22 -21 -22 -23 23 25 -26 -27 27 -29 -30 -31
leaf_value=-0.0094114759596637815 0.055374700372869325 -0.19285331666469574 -0.0026190843508744287 -0.089170835776762533 0.0043152812336172373 0.080975646201986828 0.011178144828922917 0.0024564112279009311 0.07801337796998653 -0.073485943358391523 0.0086630261536592094 -0.00044446105935743878 -0.012997649976421359 -0.061410589734228652 0.092396113697439441 0.0049688397764498966 -0.040722809040820915 0.072035360778681931 0.0081307475635757336 -0.093175174326946344 -0.048444373302959975 0.064460830261930821 -0.014467732099544668 -0.017309679843611637 -0.092258908599615108 0.0011009335336959324 0.095661356051762902 0.030819908801798419 -0.0076319520645028727 0.03274774132559316
leaf_weight=26 44 20 6997 22 28 20 114 2256 38 20 195 112 106 41 25 203 114 24 1593 21 35 25 391 295 23 15216 24 157 1167 248
leaf_count=26 44 20 6997 22 28 20 114 2256 38 20 195 112 106 41 25 203 114 24 1593 21 35 25 391 295 23 15216 24 157 1167 248
internal_value=0.000249156 -0.0372688 0.000396764 -0.00485537 -0.0368186 0.0298873 0.000314596 0.00122922 0.027887 0.00104745 0.00610652 0.000345213 0.00119723 -0.00943207 0.0277651 -0.00803736 -0.0115439 0.0120596 0.000764209 -0.0262554 0.00235649 0.00313599 0.000960092 0.000242801 -0.0187895 0.000750786 0.0234678 0.0394177 -0.00874154 0.0224213
internal_weight=29600 116 29484 96 50 46 29440 22443 152 22291 2717 19574 18005 1569 401 1528 1301 227 17645 127 2316 2281 17518 15925 414 15511 376 181 1187 360
internal_count=29600 116 29484 96 50 46 29440 22443 152 22291 2717 19574 18005 1569 401 1528 1301 227 17645 127 2316 2281 17518 15925 414 15511 376 181 1187 360
is_linear=0
shrinkage=0.05


Tree=121
num_leaves=31
num_cat=0
split_feature=200 7 4 232 9 298 299 299 297 298 173 56 221 203 298 299 299 297 8 295 99 5 232 174 10 164 160 18 174 298
split_gain=59.1765 227.502 48.6189 48.0824 41.9131 30.7381 95.1093 94.3067 72.2836 72.2014 66.7967 56.4873 56.2398 51.7324 50.384 83.3852 82.0689 51.8894 44.6387 44.3287 45.8473 44.0805 46.36 43.4513 50.2467 43.0546 42.92 42.6888 40.6426 38.205
threshold=-17.764727592468258 1.9372093677520754 1.0801960825920107 -21.3830451965332 -0.63408964872360218 -0.058307552710175507 -0.10050980746746062 -0.89036321640014637 -3.2758289575576778 -2.7929260730743404 -4.3697786331176749 -3.8374019861221309 4.5475304126739511 -3.0119031667709346 -2.5267047882080074 -2.6210465431213374 -2.4755597114562984 -2.0671216249465938 -3.7625992298126216 -2.7250677347183223 3.5203022956848149 -1.8670681715011594 1.9562730193138125 -4.5355558395385733 0.84754905104637157 -1.7576470971107481 0.23787268996238711 -1.1285751461982725 -4.8448233604431143 -1.1484563350677488
decision_type=2 2 2 2 2 2 2 2 2 2 2 2 2 2 2 2 2 2 2 2 2 2 2 2 2 2 2 2 2 2
left_child=1 2 4 -2 -1 7 12 14 13 -10 -8 -12 19 -9 15 18 21 28 27 -7 -21 26 -23 -11 -25 -15 -16 -5 -17 -18
right_child=3 -3 -4 5 -6 6 10 8 9 23 11 -13 -14 25 16 17 29 -19 -20 20 -22 22 -24 24 -26 -27 -28 -29 -30 -31
leaf_value=0.0057183394638391644 0.052605993097478702 -0.18881564974784851 0.049332536881168683 0.052167345702182503 -0.075322281100131852 -0.053815815627746205 0.078307401361288859 0.05419117991945574 0.10558475397882008 -0.054481130652129652 -0.05828480592795781 -1.2982188353001814e-05 0.059267417244289237 -0.085592505389026241 -0.023084461233682102 -0.036676716872236947 0.0021626484115989781 0.043991777146584359 0.00017312375033010389 -0.013724361625536691 -0.073921511615767627 -0.012119563024095068 0.060969138678840622 0.0092188620593312183 0.028590338407283439 -0.017331309259558718 -0.09574697113285463 0.0056078026726027021 0.012301238029669622 -0.0073428612636594935
leaf_weight=39 44 20 30 80 27 87 27 21 21 24 42 4245 23 28 63 44 3901 128 13389 762 33 1571 22 1634 421 132 30 128 1134 1450
leaf_count=39 44 20 30 80 27 87 27 21 21 24 42 4245 23 28 63 44 3901 128 13389 762 33 1571 22 1634 421 132 30 128 1134 1450
internal_value=0.000236698 -0.0354054 -0.0034449 0.000376926 -0.0274346 0.000298866 -0.00318164 0.00104883 0.0107249 0.013338 -9.01185e-05 -0.000583875 -0.0179185 -0.0195929 4.28449e-05 0.00168932 -0.00344407 0.0137571 0.000530201 -0.0199312 -0.0162231 -0.0130636 -0.0111102 0.0124063 0.0131874 -0.029277 -0.046524 0.0235153 0.0104718 -0.00041313
internal_weight=29600 116 96 29484 66 29440 5219 24221 2281 2100 4314 4287 905 181 21940 14903 7037 1306 13597 882 795 1686 1593 2079 2055 160 93 208 1178 5351
internal_count=29600 116 96 29484 66 29440 5219 24221 2281 2100 4314 4287 905 181 21940 14903 7037 1306 13597 882 795 1686 1593 2079 2055 160 93 208 1178 5351
is_linear=0
shrinkage=0.05


Tree=122
num_leaves=31
num_cat=0
split_feature=200 75 231 11 21 295 298 299 299 115 81 131 264 297 43 298 298 8 298 299 298 297 263 232 218 299 70 298 120 284
split_gain=53.4068 211.831 48.7304 46.6487 43.1552 31.0513 29.8194 99.0233 76.7069 61.4171 51.6257 55.1057 47.7562 72.9444 59.4176 45.6374 45.2503 44.7727 43.7699 56.0657 67.5523 44.3556 43.1336 41.2762 40.1537 40.0176 39.5396 39.007 59.387 38.3168
threshold=-17.764727592468258 -6.0881628990173331 -21.705994606018063 -1.6365309953689573 -2.9882771968841548 -28.596941947937008 -3.3716806173324581 -2.7195686101913448 -3.7868530750274654 -2.8678921461105342 0.46422460675239569 3.2269117832183842 -1.4609076976776121 -6.2979900836944571 -1.1920378804206846 -4.3365685939788809 -4.015392303466796 -3.7625992298126216 -2.2685784101486202 -1.6959022879600523 -1.3397270441055296 -2.9509507417678829 -6.1812255382537833 1.0871280431747439 -10.474098205566404 -1.8301728963851926 0.73700034618377697 -0.3868392258882522 0.38274510204792028 1.5660279393196108
decision_type=2 2 2 2 2 2 2 2 2 2 2 2 2 2 2 2 2 2 2 2 2 2 2 2 2 2 2 2 2 2
left_child=1 3 -2 5 -5 -1 8 9 17 -8 -11 23 13 14 -10 -15 26 24 21 27 29 -9 -22 -12 -4 -23 -14 -20 -29 -21
right_child=2 -3 6 4 -6 -7 7 18 12 10 11 -13 16 15 -16 -17 -18 -19 19 20 22 25 -24 -25 -26 -27 -28 28 -30 -31
leaf_value=0.07552136130954909 0.056942638597990342 -0.18166752070188524 0.08132000885627888 -0.089884011376471756 0.0023603586421813818 -0.0096640057768672717 -0.026235320910494381 -0.0031631736539392955 0.0097982374903483275 -0.0033846190537612933 -0.021337306907273902 -0.093587296485900889 0.035927468483214792 0.03086620385272313 -0.072540717273950575 0.006606236658134138 0.012875591518702725 -0.00012155459487517499 -0.0052607036086274803 0.0096222893573170501 -0.057219805613611688 0.0083354925591339092 5.8006821376362325e-05 0.040377779304981237 0.015150857618764828 0.029312351662864469 0.10038307533909879 -0.05039430360729788 0.037022582100083433 0.0439051748863582
leaf_weight=23 38 20 27 21 32 20 423 672 39 2769 412 25 115 226 50 1363 208 9020 2613 1290 33 1191 8265 29 152 281 30 102 24 87
leaf_count=23 38 20 27 21 32 20 423 672 39 2769 412 25 115 226 50 1363 208 9020 2613 1290 33 1191 8265 29 152 281 30 102 24 87
internal_value=0.000224863 -0.0336351 0.00035808 -0.00279502 -0.0341893 0.0359003 0.000285057 -0.00096425 0.00231154 -0.00831855 -0.0059758 -0.0213727 0.0111061 0.00758949 -0.0364596 0.0100567 0.0278223 0.000369839 0.00088367 -0.000255697 0.00153216 0.00748073 -0.000169779 -0.0172789 0.0251317 0.0123399 0.0492631 -0.00657097 -0.0337435 0.0117883
internal_weight=29600 116 29484 96 53 43 29446 18216 11230 3658 3235 466 2031 1678 89 1589 353 9199 14558 12414 9675 2144 8298 441 179 1472 145 2739 126 1377
internal_count=29600 116 29484 96 53 43 29446 18216 11230 3658 3235 466 2031 1678 89 1589 353 9199 14558 12414 9675 2144 8298 441 179 1472 145 2739 126 1377
is_linear=0
shrinkage=0.05


Tree=123
num_leaves=31
num_cat=0
split_feature=195 0 13 26 235 298 299 299 297 104 209 291 298 298 299 291 298 299 297 173 299 268 297 274 56 221 291 298 298 296
split_gain=49.4068 187.108 44.0006 49.7629 33.3928 28.0263 88.1549 76.6627 53.1082 52.3009 50.9055 45.4367 44.4771 43.2425 60.6501 52.2031 45.9319 71.4961 62.7255 60.4419 53.1692 67.3518 54.1299 61.7699 50.7413 48.9911 47.727 43.1646 42.528 38.5449
threshold=-17.365065574645993 3.8730882406234746 -1.310396611690521 -3.5254509449005123 -21.917779922485348 -4.3365685939788809 -4.3846077919006339 -3.8212226629257198 -6.7986764907836905 -2.5709676742553706 -5.8472838401794425 0.16002223640680316 -6.1392929553985587 -3.1521136760711665 -2.4509019851684566 1.1745368242263796 -0.058307552710175507 -0.10050980746746062 0.91994455456733715 -4.3697786331176749 -0.38699094951152796 0.76225939393043529 -3.305490136146545 -2.2033332586288448 -3.8374019861221309 4.5475304126739511 1.7666630744934084 -2.3115032911300655 -1.7444397807121275 -3.5969378948211665
decision_type=2 2 2 2 2 2 2 2 2 2 2 2 2 2 2 2 2 2 2 2 2 2 2 2 2 2 2 2 2 2
left_child=1 2 3 -1 -2 6 11 10 9 -8 -7 -6 -10 15 27 -9 18 25 20 -19 -16 22 23 -22 -21 29 28 -15 -24 -18
right_child=4 -3 -4 -5 5 7 8 13 12 -11 -12 -13 -14 14 16 -17 17 19 -20 24 21 -23 26 -25 -26 -27 -28 -29 -30 -31
leaf_value=0.0072504213488683474 0.050609744678844104 -0.1674296667178472 0.047614198035250105 -0.084637183963280668 0.00071315172413338225 -0.040479626524166805 0.032732482575650874 0.0055464661319528557 0.095020356476306911 -0.051071807720626777 -0.0078037930032898318 0.071103868406751883 0.019529905557184854 -0.0025671287330621215 0.001255536617345141 0.064598723442146663 -0.074465545442292544 0.074495202358122223 0.049146825033617586 -0.055237091190758203 0.0034519277021966203 0.036656380730842236 0.061442568355811425 -0.080793561173292505 -8.4875987989657225e-06 0.056140426967454998 -0.040415951513230457 -0.01426204708980915 0.010789960203332607 -0.015798670044441906
leaf_weight=41 33 21 30 23 7066 127 29 2474 20 52 1939 23 799 2449 6895 38 29 27 74 42 55 237 44 36 4245 23 43 1164 712 810
leaf_count=41 33 21 30 23 7066 127 29 2474 20 52 1939 23 799 2449 6895 38 29 27 74 42 55 237 44 36 4245 23 43 1164 712 810
internal_value=0.00021362 -0.0324955 -0.00235066 -0.0257717 0.000341195 0.000284871 0.00281297 -0.000656144 0.0175537 -0.0210678 -0.00981242 0.000941532 0.0213734 0.000319104 -0.000591475 0.00643977 0.000972036 -0.00270669 0.00332395 -7.98835e-05 0.00290125 0.0129697 0.00666216 -0.029876 -0.000549566 -0.0158529 0.0108236 -0.00633488 0.013738 -0.0178265
internal_weight=29600 115 94 64 29485 29452 7989 21463 900 81 2066 7089 819 19397 16885 2512 13272 5176 8096 4314 8022 1127 890 91 4287 862 799 3613 756 839
internal_count=29600 115 94 64 29485 29452 7989 21463 900 81 2066 7089 819 19397 16885 2512 13272 5176 8096 4314 8022 1127 890 91 4287 862 799 3613 756 839
is_linear=0
shrinkage=0.05


Tree=124
num_leaves=31
num_cat=0
split_feature=275 21 3 11 227 12 298 296 293 298 298 295 214 143 285 11 115 8 2 28 217 164 187 227 1 149 89 7 4 198
split_gain=45.6766 205.353 44.4518 43.2436 35.5419 29.518 37.5205 65.7714 58.6167 94.015 44.2942 44.3876 42.2081 41.928 38.4877 35.9328 35.7644 35.4279 34.7416 33.3277 31.5477 31.5008 43.8223 48.2803 31.4823 31.2427 30.0209 29.4388 29.1309 28.2425
threshold=-27.147294998168942 -0.15783614665269849 0.035294121131300933 -1.2251960635185239 -21.620573997497555 -0.1603213548660278 -3.9131373167037959 -1.9899295568466184 -4.8052289485931388 -8.8774580955505353 0.74029412865638744 -5.8800001144409171 -7.367861032485961 -2.1766732931137081 -8.2450890541076642 5.1986215114593515 -4.0033884048461905 -3.505800604820251 1.3628430962562563 -0.32376392185688013 0.42535296082496649 1.0259803533554079 0.76737394928932201 -0.6774892508983611 1.1345872879028323 -5.1403872966766349 -0.98999774456024159 2.9141451120376591 -3.8609870672225948 -0.069934632629156099
decision_type=2 2 2 2 2 2 2 2 2 2 2 2 2 2 2 2 2 2 2 2 2 2 2 2 2 2 2 2 2 2
left_child=1 2 -1 -4 -2 15 8 10 17 -10 11 18 -13 25 -11 29 20 19 26 -7 -15 22 -16 -24 -12 -9 -8 -5 -19 -6
right_child=4 -3 3 27 5 6 7 13 9 14 24 12 -14 16 21 -17 -18 28 -20 -21 -22 -23 23 -25 -26 -27 -28 -29 -30 -31
leaf_value=-0.063145794126797813 0.057666375901963975 -0.17686215050518514 0.074721572817424725 -0.055157269830815495 -0.00016896491068608421 0.0039476878941059118 -0.046237223512156214 0.075145625661719936 0.11473150175550711 0.075544562625388306 -0.02286328883155396 0.060008225819239251 -0.0039824785798090222 -0.07511065738009555 0.012018312874536061 -0.057675201126507349 0.0025619518079640236 0.045793356725147796 -0.089494569009790817 0.072088543150354831 0.0059599332156635466 -0.013355061768189722 0.017673378897209963 0.11519136997786435 -0.093278764239089054 0.014313774573831603 0.016550064337207005 0.022649839594058932 -0.00016572074035331447 -0.0060698082155919058
leaf_weight=22 27 20 23 20 14631 38 47 22 23 24 57 26 2904 28 1166 28 4939 35 24 34 21 115 30 22 22 520 32 31 2315 2354
leaf_count=22 27 20 23 20 14631 38 47 22 23 24 57 26 2904 28 1166 28 4939 35 24 34 21 115 30 22 22 520 32 31 2315 2354
internal_value=0.000202939 -0.0311108 -0.000745955 0.0178053 0.000326138 0.00027358 0.00212425 0.000303199 0.00626354 0.0144883 -0.00551146 -0.00454874 -0.00341464 0.00357539 0.0127892 -0.00108008 0.00214024 0.00157727 -0.0368099 0.0361253 -0.0403661 0.0116594 0.0140212 0.058931 -0.0424727 0.016783 -0.0208044 -0.00786275 0.000518776 -0.00098678
internal_weight=29600 116 96 74 29484 29457 12444 8642 3802 1380 3112 3033 2930 5530 1357 17013 4988 2422 103 72 49 1333 1218 52 79 542 79 51 2350 16985
internal_count=29600 116 96 74 29484 29457 12444 8642 3802 1380 3112 3033 2930 5530 1357 17013 4988 2422 103 72 49 1333 1218 52 79 542 79 51 2350 16985
is_linear=0
shrinkage=0.05


Tree=125
num_leaves=31
num_cat=0
split_feature=283 5 4 252 9 69 88 30 3 68 16 282 210 86 28 41 285 293 283 208 13 278 135 156 281 278 199 53 2 60
split_gain=45.912 185.069 52.4592 42.7247 33.3249 29.498 48.7449 48.6471 44.6027 52.2181 43.2874 38.9948 38.8721 38.3287 36.7613 36.0665 35.7663 35.6902 34.9883 75.1793 33.9831 42.3021 43.4763 33.2549 42.4638 33.0278 32.841 32.6143 32.3247 31.8942
threshold=-28.695686340332028 4.5226049423217782 1.7630719542503359 -22.551021575927731 -2.2260150909423824 -1.3181758522987364 -1.1967745423316953 3.7317086458206181 -0.51107841730117787 3.5893725156784062 3.2145588397979741 -24.46821308135986 -6.9297738075256339 2.0519825220108037 -3.126648902893066 0.11425533145666124 -2.4350980520248409 5.4048871994018564 2.9674764871597294 0.11854342743754388 3.0610457658767705 -6.1499998569488517 -1.0164479017257688 13.804521560668947 11.510252952575685 0.86458733677864086 -1.7347015738487241 -4.2919876575469962 -3.9481698274612422 -0.35875497758388514
decision_type=2 2 2 2 2 2 2 2 2 2 2 2 2 2 2 2 2 2 2 2 2 2 2 2 2 2 2 2 2 2
left_child=1 2 4 -2 -1 11 7 10 9 14 18 -5 -10 20 15 -8 -11 -14 28 -20 29 -22 -23 25 -25 -19 -9 -16 -7 -13
right_child=3 -3 -4 5 -6 6 8 26 12 16 -12 13 17 -15 27 -17 -18 23 19 -21 21 22 -24 24 -26 -27 -28 -29 -30 -31
leaf_value=0.016490472917971406 0.047198386987050374 -0.16980764746665955 0.045099453509060874 -0.042238415082295741 -0.059763660286798297 -0.040248252238546105 -0.011513111828004614 0.10495627388358116 0.031199600721631096 -0.095515438088256382 0.043448803595134193 -0.00049088789645239264 0.00019727341987508162 -0.021177951323986054 -0.05395254588220269 -0.092582351358040521 -0.024766995324753224 0.073971313835335756 0.087261350472003993 -0.0038414146061296821 -0.013177886977791787 0.080404319045090572 0.0084411966790467873 -0.033953991582838156 0.042742659495427063 0.018965155550106652 0.014345870763063432 -0.0032259530483872249 0.0037620067987304559 -0.0078869055947497751
leaf_weight=23 48 20 36 60 38 42 34 20 107 23 70 9010 8049 250 32 23 80 31 39 54 49 43 41 59 26 228 20 3236 6307 1739
leaf_count=23 48 20 36 60 38 42 34 20 107 23 70 9010 8049 250 32 23 80 31 39 54 49 43 41 59 26 228 20 3236 6307 1739
internal_value=-5.9041e-05 -0.0313189 -0.00276451 6.40211e-05 -0.0310121 -1.22276e-05 0.00121463 0.00467945 -0.000688575 -0.00550313 0.00434179 -0.002038 0.00125311 -0.00182132 -0.00441699 -0.0442253 -0.0405652 0.000871327 0.00391684 0.034363 -0.00137663 0.0237425 0.0452795 0.016643 -0.0104938 0.0255489 0.0596511 -0.00372266 0.00347087 -0.00168743
internal_weight=29837 117 97 29720 61 29672 18480 6552 11928 3428 6512 11192 8500 11132 3325 57 103 8393 6442 93 10882 133 84 344 85 259 40 3268 6349 10749
internal_count=29837 117 97 29720 61 29672 18480 6552 11928 3428 6512 11192 8500 11132 3325 57 103 8393 6442 93 10882 133 84 344 85 259 40 3268 6349 10749
is_linear=0
shrinkage=0.05


Tree=126
num_leaves=31
num_cat=0
split_feature=280 5 9 8 206 12 189 158 57 70 275 11 245 232 134 63 64 114 161 250 193 45 63 160 42 29 46 81 218 70
split_gain=42.6548 133.613 49.8984 47.7282 36.7997 27.4928 38.553 41.2723 35.5218 44.9147 37.3685 34.8344 34.2429 44.1654 42.0572 50.0663 32.5406 39.5305 49.6537 37.5457 36.3129 39.4663 34.2505 34.5499 33.9172 32.4389 52.9076 34.6705 51.9056 34.069
threshold=-28.562280654907223 4.5226049423217782 2.0969440937042241 -1.2962744832038877 -18.527933120727536 1.5325199365615847 -15.214311122894285 -8.552121162414549 3.5155204534530644 -1.9201020598411558 -6.2924277782440177 4.5500569343566903 8.3787789344787615 5.5740261077880868 0.99058821797370922 0.13486785441637042 -5.9381964206695548 -1.6582511663436887 -3.3331943750381465 1.0184977650642397 -6.6124019622802725 -3.5334584712982173 -0.65010914206504811 1.5208309888839724 0.95985743403434765 -5.6993463039398184 1.5492534637451174 1.0000000180025095e-35 2.9223191738128667 -0.22751035541296002
decision_type=2 2 2 2 2 2 2 2 2 2 2 2 2 2 2 2 2 2 2 2 2 2 2 2 2 2 2 2 2 2
left_child=1 2 3 -1 -2 6 7 -6 11 -10 -11 12 13 -8 15 -15 -7 19 24 22 -20 -22 23 -18 -19 26 -23 28 -27 -30
right_child=4 -3 -4 -5 5 16 8 -9 9 10 -12 -13 -14 14 -16 -17 17 18 20 -21 21 25 -24 -25 -26 27 -28 -29 29 -31
leaf_value=0.022920341749808618 0.043805726369222003 -0.13823783501334813 0.05516715650088512 -0.063111397624015811 -0.015593629374223598 0.039496585354208948 -0.00020672555896215211 -0.095424287617206574 -0.066975469242683369 0.034506346844136719 -0.015683520348795488 -0.03401262662128398 -0.065510700941085825 0.048288082012108401 0.051373471003025778 -0.056434896528720857 0.0011197094388550233 0.022180101141771852 0.07024910591897511 0.036913139212365241 -0.038853499952417159 -0.0012565136328339579 -0.021686658347124244 -0.065614702925086019 0.079844769835472118 0.0095880892609916234 0.10784987976774574 -0.00023833310585080677 0.11285250514745714 0.029149960606328903
leaf_weight=28 48 23 26 38 85 64 25482 20 38 42 317 76 20 21 80 25 641 170 21 51 52 25 283 20 30 649 20 1391 20 31
leaf_count=28 48 23 26 38 85 64 25482 20 38 42 317 76 20 21 80 25 641 170 21 51 52 25 283 20 30 649 20 1391 20 31
internal_value=-5.60889e-05 -0.0304486 -0.00350128 -0.0266131 6.15054e-05 -9.2543e-06 -0.000562899 -0.0307995 -0.000441262 -0.0152833 -0.00981173 -0.000212025 -0.000111789 -6.07125e-05 0.0294687 -0.00862658 0.00417437 0.00351026 0.00697312 -0.00487368 0.00481316 0.00418512 -0.00713123 -0.000899486 0.0308298 0.00523288 0.0472352 0.00432896 0.0134048 0.0619745
internal_weight=29837 115 92 66 29722 29674 26206 105 26101 397 359 25704 25628 25608 126 46 3468 3404 2409 995 2209 2188 944 661 200 2136 45 2091 700 51
internal_count=29837 115 92 66 29722 29674 26206 105 26101 397 359 25704 25628 25608 126 46 3468 3404 2409 995 2209 2188 944 661 200 2136 45 2091 700 51
is_linear=0
shrinkage=0.05


Tree=127
num_leaves=31
num_cat=0
split_feature=197 0 231 286 13 9 19 273 154 57 18 26 148 136 63 51 45 61 146 26 188 81 150 68 7 110 13 298 288 55
split_gain=38.9618 225.716 46.9621 51.6958 32.5711 32.0249 28.1793 41.5591 65.5277 40.0595 38.8494 66.3407 37.3816 43.2046 45.9851 43.6091 40.6455 38.9458 37.2492 36.9772 36.2673 44.1997 35.822 38.2813 41.6403 35.2601 34.8916 34.821 46.947 33.8236
threshold=-17.472940444946286 4.2227451801300058 -21.705994606018063 -28.231839179992672 -0.95692810416221608 -0.63408964872360218 -0.33605779707431788 -3.9276471138000484 -5.7691326141357413 -4.3808274269103995 2.3701096773147587 -1.9592335820198057 -2.5795538425445552 -1.2292156815528867 -2.6717017889022823 -0.50071284174919117 2.3988453149795537 1.8533724546432497 -2.5258169174194331 2.6527397632598881 1.5570588707923891 0.40872550010681158 1.2096568346023562 0.79847887158393871 -1.3411764502525327 -2.6000000238418575 -1.0939016938209531 2.3301471471786503 1.5381910204887392 4.160804510116578
decision_type=2 2 2 2 2 2 2 2 2 2 2 2 2 2 2 2 2 2 2 2 2 2 2 2 2 2 2 2 2 2
left_child=1 4 -2 -4 5 -1 7 10 -9 -8 29 -12 16 17 15 -15 22 20 19 26 27 -22 23 -11 -25 -19 -10 -14 -29 -5
right_child=2 -3 3 6 -6 -7 9 8 18 12 11 -13 13 14 -16 -17 -18 25 -20 -21 21 -23 -24 24 -26 -27 -28 28 -30 -31
leaf_value=0.0091233994490984415 0.051676429401744495 -0.18176886737346651 -0.070490088829627415 -0.0014968312265798039 0.04950234015920648 -0.063403363293036821 -0.015422924542251757 0.045499317886981562 -0.0010116593872450072 0.0025823855925296117 -0.10559874911171695 0.0076874833420983377 -0.0052353529989566938 0.0016284135421021626 -0.00047065228928548435 0.048618991130051463 0.051876348866657776 -0.092965316474437718 0.0016581322402959833 -0.047227877804211213 0.0021521891751035585 0.075703951517740897 -0.046109886508848931 0.08265190890857152 0.016086903497040884 -0.021539773997359388 0.014832351618490339 -0.094167541339993485 -0.0054686438611575537 0.046466456555031448
leaf_weight=45 44 20 26 5601 27 23 493 94 471 2629 24 28 4374 104 7605 94 44 20 6189 28 64 30 36 28 146 127 1325 26 35 37
leaf_count=45 44 20 26 5601 27 23 493 94 471 2629 24 28 4374 104 7605 94 44 20 6189 28 64 30 36 28 146 127 1325 26 35 37
internal_value=-5.32845e-05 -0.0291003 5.9104e-05 -1.74228e-05 0.00304041 -0.0154077 4.43703e-05 0.00169671 0.0039957 -0.00139349 -0.00157884 -0.0445985 -0.000943258 -0.00212877 0.00014869 0.0239371 0.00418822 -0.00592925 0.00350882 0.00978837 -0.00510716 0.0256262 0.00344913 0.00408563 0.0267985 -0.0312575 0.0106773 -0.00575856 -0.0432747 -0.00118207
internal_weight=29837 115 29722 29678 95 68 29652 13797 8107 15855 5690 52 15362 12479 7803 198 2883 4676 8013 1824 4529 94 2839 2803 174 147 1796 4435 61 5638
internal_count=29837 115 29722 29678 95 68 29652 13797 8107 15855 5690 52 15362 12479 7803 198 2883 4676 8013 1824 4529 94 2839 2803 174 147 1796 4435 61 5638
is_linear=0
shrinkage=0.05


Tree=128
num_leaves=31
num_cat=0
split_feature=283 5 3 65 252 8 173 122 7 8 25 3 201 280 90 24 46 22 124 298 106 239 1 289 0 20 28 10 18 10
split_gain=36.1909 156.128 48.1051 42.3841 37.0231 26.6756 33.1582 42.781 34.5505 31.3068 45.7569 33.3279 32.1157 30.5045 50.8086 41.7903 43.3768 41.4408 32.7179 29.9671 50.4658 33.7993 36.949 35.1496 31.2063 28.7451 42.5997 44.4129 39.5152 48.9096
threshold=-28.695686340332028 4.5226049423217782 2.8480688333511357 -6.9483406543731681 -22.551021575927731 -4.2225935459136954 -3.4510427713394161 -6.2486262321472159 -1.0548934340476988 -1.5528898835182188 3.9116339683532719 -0.64707657694816578 -15.585999488830565 -1.9913544058799741 1.3947163820266726 -2.7515585422515865 0.78232029080390941 -1.5055768489837644 2.1714770793914799 -0.8586764633655547 -2.9352046251296993 1.6251811981201174 -2.2446079254150386 -23.85809230804443 -1.7499999999999998 -1.3206622600555418 3.2315151691436772 5.5822985172271737 0.13035947829484942 -4.2698485851287833
decision_type=2 2 2 2 2 2 2 2 2 2 2 2 2 2 2 2 2 2 2 2 2 2 2 2 2 2 2 2 2 2
left_child=1 2 3 -1 -2 6 7 -6 -9 10 13 -12 -11 14 18 16 -15 -17 19 21 -21 22 -7 -24 -25 26 27 28 -14 -30
right_child=4 -3 -4 -5 5 9 -8 8 -10 12 11 -13 25 15 -16 17 -18 -19 -20 20 -22 -23 23 24 -26 -27 -28 -29 29 -31
leaf_value=-0.059111191932525897 0.043935394287109381 -0.15500468611717225 0.067511565387248992 0.01523755027390108 0.0093268524714798292 -0.027694783870691408 0.00045291330724015947 0.11824194500627726 0.028384840888902547 -0.034114912107809266 -0.054267353277940016 0.00055848498677098484 0.0049927164560962228 -0.0038660289003298836 -0.050044428790683188 0.024957465109988475 -0.088235760390758519 0.00046344486210813914 -0.069430169165134434 -0.10014734756201507 -0.015313924724665721 0.059709197406967486 -0.067844628691673278 0.019545528401688831 -0.0034265390321457142 -0.00044373317344836827 0.034501366317272186 -0.06237592376195468 -0.067878355979919439 -0.0032748113235831263
leaf_weight=36 48 20 20 41 53 152 127 23 20 67 78 43 5339 39 67 208 25 1017 20 20 142 21 20 164 1500 19113 108 26 30 1250
leaf_count=36 48 20 20 41 53 152 127 23 20 67 78 43 5339 39 67 208 25 1017 20 20 142 21 20 164 1500 19113 108 26 30 1250
internal_value=-5.06202e-05 -0.0278045 -0.00157765 -0.0195229 5.86396e-05 -1.23392e-05 0.0172157 0.0393915 0.0764479 -0.000142797 -0.00457027 -0.0347838 0.000457481 -0.00349345 -0.00720135 0.00256463 -0.036823 0.00462243 -0.00579356 -0.00516319 -0.0257872 -0.003364 -0.00408543 -0.00195441 -0.00116247 0.000547033 0.0033512 0.00284492 0.00310111 -0.00478896
internal_weight=29837 117 97 77 29720 29672 223 96 43 29449 3516 121 25933 3395 2106 1289 64 1225 2039 2019 162 1857 1836 1684 1664 25866 6753 6645 6619 1280
internal_count=29837 117 97 77 29720 29672 223 96 43 29449 3516 121 25933 3395 2106 1289 64 1225 2039 2019 162 1857 1836 1684 1664 25866 6753 6645 6619 1280
is_linear=0
shrinkage=0.05


Tree=129
num_leaves=31
num_cat=0
split_feature=197 0 231 286 3 22 18 8 159 23 69 82 160 95 46 224 34 86 170 159 173 258 71 0 161 19 136 2 284 161
split_gain=34.1737 202.551 45.1311 46.5311 28.3836 27.3378 27.2167 25.3044 36.4473 39.3944 26.997 39.7689 51.8822 40.7411 39.8723 43.4545 37.9753 36.1614 35.5469 45.6054 35.2213 36.021 33.2899 31.8391 32.4706 30.8412 30.84 30.4953 51.9491 63.4643
threshold=-17.472940444946286 4.2227451801300058 -21.705994606018063 -28.231839179992672 0.33968861401081091 -1.8699673414230344 -3.0796951055526729 -4.2225935459136954 -0.93937489390373219 -2.9376980066299434 -1.3181758522987364 -1.8317516446113584 3.7117083072662358 -5.3339378833770743 -4.8962254524230948 -5.4540832042694083 -7.8946406841278067 2.0519825220108037 -0.11727669462561606 -3.700980424880981 -0.88549020886421193 -5.4787178039550772 -3.0219280719757076 1.9176470637321474 -0.03078434523195028 2.5909999608993535 2.4539266824722294 0.093018561601638808 -4.7002241611480704 -0.1547058820724487
decision_type=2 2 2 2 2 2 2 2 2 2 2 2 2 2 2 2 2 2 2 2 2 2 2 2 2 2 2 2 2 2
left_child=1 4 5 -4 6 -2 -1 8 9 -5 17 12 18 -13 15 -15 -16 26 20 -20 22 -22 -12 24 25 -24 -9 28 29 -18
right_child=2 -3 3 7 -6 -7 -8 10 -10 -11 11 13 -14 14 16 -17 27 -19 19 -21 21 -23 23 -25 -26 -27 -28 -29 -30 -31
leaf_value=-0.067664984553703109 0.011246539872478355 -0.17187395632267 -0.066877614534818206 0.08261311675887556 0.03261887844974725 0.090069955502721399 0.0071480312174366373 -0.0018225346220467299 -0.006330094568823514 0.018206662219017743 -0.016340466353053952 0.041396165242955342 -0.074552900791168206 0.0038666909803514895 0.06028670495232711 -0.091363337382674215 -0.0092340799756510574 -0.02115627391771837 -0.053325081496898623 0.021996569735590346 -0.071183409051792254 -0.0044758987361381312 0.0061977434494196945 0.029577060170126013 0.03832757735303275 -0.044850873127579689 0.032461216966762685 0.0023392662446472356 -0.00093794765054879708 -0.053034677906358178
leaf_weight=20 22 20 26 32 44 22 31 10719 95 92 147 59 20 23 26 25 688 242 21 467 21 557 2150 162 78 30 66 6553 7285 94
leaf_count=20 22 20 26 32 44 22 31 10719 95 92 147 59 20 23 26 25 688 242 21 467 21 557 2150 162 78 30 66 6553 7285 94
internal_value=-4.80892e-05 -0.0272518 5.71671e-05 -1.7853e-05 0.00319495 0.0506582 -0.0221904 4.07722e-05 0.0169739 0.0348277 -8.52206e-05 0.00108686 0.00575751 -6.96377e-05 -0.000236133 -0.0457323 -8.70264e-05 -0.00204164 0.00619963 0.0187553 0.00425141 -0.00689953 0.00676222 0.00816556 0.00662939 0.00549524 -0.00161273 -0.000194394 -0.00225254 -0.0144991
internal_weight=29837 115 29722 29678 95 44 51 29652 219 124 29433 18406 3653 14753 14694 48 14646 11027 3633 488 3145 578 2567 2420 2258 2180 10785 14620 8067 782
internal_count=29837 115 29722 29678 95 44 51 29652 219 124 29433 18406 3653 14753 14694 48 14646 11027 3633 488 3145 578 2567 2420 2258 2180 10785 14620 8067 782
is_linear=0
shrinkage=0.05


Tree=130
num_leaves=31
num_cat=0
split_feature=222 93 290 22 43 285 114 23 45 261 196 167 192 115 126 121 102 36 183 6 7 181 154 158 26 45 265 100 94 298
split_gain=32.8376 82.0137 53.3018 34.7817 39.6101 32.4222 40.9642 59.8609 48.1432 39.4053 43.2665 49.4215 38.0964 36.6443 49.5217 56.666 60.9601 36.5692 40.6587 47.5875 35.3315 31.7189 31.674 30.7607 30.4945 35.9248 41.2975 32.3205 35.3212 29.9288
threshold=-18.587174415588375 -4.6990952491760245 -23.900489807128903 -7.4350328445434561 -3.1258239746093746 8.9228010177612322 3.8066666126251225 1.199068605899811 -4.0263440608978263 3.0427306890487675 -1.1545097231864927 1.5351634025573733 3.9623162746429448 3.7268991470336919 1.5837059020996096 -0.41331939399242396 1.2841466665267947 -0.31332677602767939 -0.18568626791238782 -2.2366197109222408 -0.54391002655029286 -13.366961002349852 -0.19240525364875791 0.20632793754339221 -0.81039211153984059 1.231274485588074 0.098137248307466521 1.4500473141670229 5.3483896255493173 1.0000000180025095e-35
decision_type=2 2 2 2 2 2 2 2 2 2 2 2 2 2 2 2 2 2 2 2 2 2 2 2 2 2 2 2 2 2
left_child=1 3 21 -1 -5 6 9 8 -8 12 -11 -12 13 29 15 -15 -17 -7 -19 -20 -14 -2 -13 -24 27 -26 -27 -10 -29 -4
right_child=2 -3 5 4 -6 17 7 -9 24 10 11 22 20 14 -16 16 -18 18 19 -21 -22 -23 23 -25 25 26 -28 28 -30 -31
leaf_value=0.048625047471788196 -0.015885070312854854 0.11271027904890835 0.00044767779824818397 -0.0089684726151673094 0.065717554446309806 0.080017844062637206 -0.059786591281493509 -0.02948159980507651 0.050368139059061103 0.066024744034641314 -0.011424175904874496 0.081400228887796411 -0.064298055964437398 -0.017795505569033001 -0.0084531222398464504 0.12387049592310383 0.025490392395295203 -0.052039004642177714 0.088878838679837924 0.010478545439007305 -0.00627754257275508 -0.083549760950022742 -0.037918938607132691 0.020790777445039259 -0.029901212883285351 0.069335469264537097 -0.005389918468262948 -0.020957272154363719 0.045110743120312692 -0.0043157911564448825
leaf_weight=45 43 21 23678 158 20 22 30 291 63 36 187 20 44 23 65 31 32 22 22 161 65 29 24 317 90 25 71 55 32 3831
leaf_count=45 43 21 23678 158 20 22 30 291 63 36 187 20 44 23 65 31 32 22 22 161 65 29 24 317 90 25 71 55 32 3831
internal_value=-1.927e-05 0.0182474 -0.000171342 0.00935184 -0.000576784 -6.55286e-05 -0.000212815 -0.0125557 0.000901864 7.31947e-05 0.0129267 0.00943851 -0.000197123 -8.0866e-05 0.024483 0.0493765 0.0738996 0.0187573 0.012183 0.0199037 -0.0296987 -0.0431389 0.0202455 0.0166587 0.00632048 -0.00720649 0.0140698 0.0230939 0.00334361 -0.0002157
internal_weight=29553 244 29309 223 178 29237 29010 657 366 28353 584 548 27769 27660 151 86 63 227 205 183 109 72 361 341 336 186 96 150 87 27509
internal_count=29553 244 29309 223 178 29237 29010 657 366 28353 584 548 27769 27660 151 86 63 227 205 183 109 72 361 341 336 186 96 150 87 27509
is_linear=0
shrinkage=0.05


Tree=131
num_leaves=31
num_cat=0
split_feature=285 267 54 32 31 87 8 120 193 113 299 234 236 18 293 90 226 149 200 14 143 43 127 115 76 115 156 173 234 4
split_gain=29.9638 70.2004 40.6417 37.8984 35.6254 34.0218 43.5819 40.2189 37.7569 35.256 34.6032 32.5687 32.1697 38.0909 31.9234 31.6513 37.4839 37.7803 38.2178 44.5416 37.1645 30.5603 29.9516 33.4514 53.1095 32.5914 43.6143 29.4854 41.5909 28.4992
threshold=6.5490851402282724 8.3642973899841326 -1.3892157077789304 -2.2298064231872554 1.157476603984833 3.1546348333358769 -1.5032759904861448 3.3045588731765752 -0.57787078619003285 -1.0685434341430662 1.2848250865936282 -5.7264423370361319 -0.3411764651536941 1.1110473871231081 -10.072381496429442 5.2182447910308847 3.5174924135208134 2.5871624946594243 -1.4648039340972898 0.96507000923156749 0.47527135908603674 0.38571432232856756 3.5599999427795415 3.7268991470336919 0.088898628950119032 0.75430932641029369 -1.6339535713195799 3.4798319339752202 3.3023747205734257 -1.8524177074432371
decision_type=2 2 2 2 2 2 2 2 2 2 2 2 2 2 2 2 2 2 2 2 2 2 2 2 2 2 2 2 2 2
left_child=1 5 -2 -4 -3 7 12 15 9 -9 -10 14 -7 -14 -8 16 22 18 -18 -20 -19 -17 23 -1 -25 -24 -27 -12 -29 -13
right_child=2 4 3 -5 -6 6 11 8 10 -11 27 29 13 -15 -16 21 17 20 19 -21 -22 -23 25 24 -26 26 -28 28 -30 -31
leaf_value=-0.00016891208267821452 -0.052138790229092472 -0.01931927448511124 0.066746225591529817 0.011775821884608743 -0.10554489927447362 -0.078787330641514733 0.0001516639030185239 -0.0054481471081574764 -0.0075646613734994044 0.058110867715440696 0.0043508897966413355 0.027730798166172178 -0.055579653664520293 0.023708692339382002 0.082264061532914642 -0.075856183010798245 0.085154862418770794 -0.059169712949257637 0.010189784291868259 0.06633263591590316 0.0061914851678941491 -0.010260525877986636 0.0075544730728042539 0.06236864539709959 -0.0053859384944204428 -0.095228690267182323 -0.019535929788376247 0.09238796124775564 0.006636962452186989 -0.010955972813747147
leaf_weight=26943 23 25 34 403 23 36 29 30 178 80 67 51 33 28 20 26 25 26 198 43 133 56 58 55 61 26 71 31 26 715
leaf_count=26943 23 25 34 403 23 36 29 30 178 80 67 51 33 28 20 26 25 26 198 43 133 56 58 55 61 26 71 31 26 715
internal_value=-1.83065e-05 -0.000218501 0.0126431 0.0160527 -0.0606357 -0.000118655 -0.00962303 0.000189452 0.0156966 0.0407766 0.00656155 -0.00585223 -0.0413055 -0.019185 0.0336669 -4.10211e-05 5.10042e-05 0.0147854 0.0263111 0.020207 -0.00449651 -0.0310591 -0.000179103 -5.35594e-05 0.0267391 -0.0220957 -0.0398247 0.0268395 0.0532735 -0.00838022
internal_weight=29553 29093 460 437 48 29045 912 28133 412 110 302 815 97 61 49 27721 27639 425 266 241 159 82 27214 27059 116 155 97 124 57 766
internal_count=29553 29093 460 437 48 29045 912 28133 412 110 302 815 97 61 49 27721 27639 425 266 241 159 82 27214 27059 116 155 97 124 57 766
is_linear=0
shrinkage=0.05


Tree=132
num_leaves=31
num_cat=0
split_feature=222 152 265 148 285 267 40 54 32 87 8 219 7 296 146 144 70 257 283 126 22 24 56 194 296 143 130 142 239 179
split_gain=29.2481 68.5562 49.8809 33.6999 26.808 63.4712 44.3341 36.6945 34.5085 33.9358 38.204 31.36 44.0931 43.1184 34.4288 45.7168 36.5876 31.6144 30.4588 35.5512 30.2884 29.7957 29.3738 28.8179 50.9345 28.7633 46.7007 53.9019 52.6406 60.3303
threshold=-18.587174415588375 -9.118705749511717 -17.095882415771481 -8.2383594512939435 6.5490851402282724 8.3642973899841326 1.9448726773262026 -1.5769168734550474 -2.2298064231872554 3.1546348333358769 -1.5032759904861448 2.3836901187896733 -1.1591799855232237 5.5508694648742685 2.3612252473831181 -0.6495268940925597 1.5190588235855105 -2.3874019384384151 -1.2863584756851194 -2.1596699953079219 3.3331446647644047 -1.301551282405853 1.545251250267029 0.88271921873092662 3.8317576646804814 -1.7574121356010435 1.1325210332870486 -3.3606259822845455 0.12886822968721393 -2.9579601287841792
decision_type=2 2 2 2 2 2 2 2 2 2 2 2 2 2 2 2 2 2 2 2 2 2 2 2 2 2 2 2 2 2
left_child=1 -1 3 -2 5 9 -7 -6 -9 11 20 25 13 18 16 -16 17 -14 -13 -20 -11 -10 -19 -23 -25 26 28 -28 -4 -30
right_child=2 -3 4 -5 7 6 -8 8 21 10 -12 12 14 -15 15 -17 -18 22 19 -21 -22 23 -24 24 -26 -27 27 -29 29 -31
leaf_value=0.0063763147335873837 -0.010146943165019235 0.081986656870160782 0.0014104272861891604 -0.049095460055749635 -0.054226374328136442 -0.01699194833636284 -0.11446069583296777 0.063408913923537022 -0.047027224800383141 -0.024107938369115196 -0.0060288617398954539 0.034303228763331264 0.060886625524418536 0.055062951644261685 -0.07044630128712881 0.0056379310696414026 0.045648652390271681 0.016406937979954413 -0.068971849041003175 -0.012957017329521479 -0.090827375514940786 -0.017090025616268958 -0.020144945337222175 0.075328671590683072 0.012984829104238458 -0.0016870611861359336 -0.059597099720249104 -0.006497712013772642 0.058341973529586311 0.010415864106540624
leaf_weight=209 187 35 11902 79 20 28 20 34 21 75 807 28 34 24 21 330 119 356 33 200 22 62 65 37 286 13790 63 198 79 389
leaf_count=209 187 35 11902 79 20 28 20 34 21 75 807 28 34 24 21 330 119 356 33 200 22 62 65 37 286 13790 63 198 79 389
internal_value=-1.73911e-05 0.0172221 -0.000160911 -0.0217144 3.64934e-05 -0.000156218 -0.0576039 0.012011 0.0150218 -5.95822e-05 -0.00959247 0.000252304 0.00812352 -0.00907184 0.0134215 0.00108588 0.0209648 0.014509 -0.0149693 -0.0208904 -0.0392402 0.0109696 0.0107635 0.0141331 0.0201264 -0.000108173 0.00161559 -0.0193148 0.00205721 0.018506
internal_weight=29553 244 29309 266 29043 28583 48 460 440 28535 904 27631 1210 285 925 351 574 455 261 233 97 406 421 385 323 26421 12631 261 12370 468
internal_count=29553 244 29309 266 29043 28583 48 460 440 28535 904 27631 1210 285 925 351 574 455 261 233 97 406 421 385 323 26421 12631 261 12370 468
is_linear=0
shrinkage=0.05


Tree=133
num_leaves=31
num_cat=0
split_feature=12 3 198 15 245 32 20 3 18 270 284 20 28 189 291 289 230 264 18 167 229 85 100 220 100 66 85 57 80 228
split_gain=28.2354 41.5652 48.9766 36.9163 36.0183 32.5679 64.2997 52.9259 35.0516 31.5705 30.4403 36.1798 28.8463 51.8865 43.1914 39.07 43.4715 38.3401 37.0667 31.2309 66.8535 31.1131 39.4398 33.4776 33.7743 30.3597 66.0529 35.7949 46.3648 40.1816
threshold=-0.1603213548660278 1.9305858612060549 0.10117641091346742 -2.0188962221145625 8.3787789344787615 -7.6870589256286612 -2.8170304298400874 4.6881349086761483 0.044255623593926437 7.8039214611053476 12.41129779815674 3.463333368301392 -1.9223856925964353 -17.632146835327145 -1.8563398718833921 -0.56738018989562977 -1.7747058272361753 -4.4336519241332999 2.5459665060043339 0.49118101596832281 -4.048809051513671 0.43774510920047766 -0.77171123027801503 1.3037647008895876 -0.59735763072967518 -1.3859803676605222 -2.8651621341705318 -1.2755305767059324 -2.2950615882873531 -5.8499677181243888
decision_type=2 2 2 2 2 2 2 2 2 2 2 2 2 2 2 2 2 2 2 2 2 2 2 2 2 2 2 2 2 2
left_child=4 -2 5 -4 9 6 -3 -7 -9 12 11 -5 14 -14 15 18 -17 -16 19 -1 -21 22 -19 24 -23 26 -15 -28 -29 -30
right_child=1 2 3 10 -6 7 -8 8 -10 -11 -12 -13 13 25 17 16 -18 21 -20 20 -22 23 -24 -25 -26 -27 27 28 29 -31
leaf_value=0.0017831048263058204 0.00092516119261396284 0.018044352889634099 -0.069025473669171333 0.0042033711846932364 -0.063866059676460599 0.019020420761322078 -0.085618839129095986 0.030970629245042805 0.11469822642207146 0.042042657874879388 0.043720781480943834 -0.037811096385121347 -0.082974548339843746 0.0044708620840796564 0.034823389875973706 -0.10146939929574728 0.002779754484072328 0.011184721241021002 -0.048060942345704794 -0.09969424518446128 0.00089088629158038009 0.014390732107970578 -0.01875577655378791 -0.012495699822902681 0.091111924927099616 -0.00066227086240300216 -0.0037013300752692956 -0.026757899976339025 -0.044675228130575777 -0.0066571609374161808
leaf_weight=3044 11450 52 20 257 23 530 21 25 25 42 37 64 20 1154 158 20 20 405 39 24 53 26 151 25 32 8638 1457 524 74 1143
leaf_count=3044 11450 52 20 257 23 530 21 25 25 42 37 64 20 1154 158 20 20 405 39 24 53 26 151 25 32 8638 1457 524 74 1143
internal_value=-1.65216e-05 0.001791 0.0114068 -0.00291663 -0.00133796 0.0196981 -0.0117766 0.0236596 0.0728344 -0.00125361 0.000776607 -0.00417335 -0.00136053 -0.00250191 0.00235459 -0.000239326 -0.0493448 0.0127693 0.000382262 0.000987609 -0.0304603 0.00731618 0.0030534 0.0358717 0.0567197 -0.00237801 -0.00578348 -0.00948376 -0.0143229 -0.00896886
internal_weight=29553 12481 1031 378 17072 653 73 580 50 17049 358 321 17007 13010 3997 3200 40 797 3160 3121 77 639 556 83 58 12990 4352 3198 1741 1217
internal_count=29553 12481 1031 378 17072 653 73 580 50 17049 358 321 17007 13010 3997 3200 40 797 3160 3121 77 639 556 83 58 12990 4352 3198 1741 1217
is_linear=0
shrinkage=0.05


Tree=134
num_leaves=31
num_cat=0
split_feature=222 93 297 22 4 265 272 1 78 107 9 294 128 195 137 112 154 140 79 86 147 14 57 7 48 151 16 192 157 0
split_gain=25.7545 65.0781 46.4803 30.8324 35.4529 25.9568 33.1374 26.5087 26.3379 32.8431 23.3486 37.8416 43.1737 39.4769 36.4044 40.9239 43.5591 49.3675 40.8541 40.1906 38.3859 63.1539 35.4371 34.7317 35.6678 37.8012 36.926 35.4368 33.5576 32.8042
threshold=-18.587174415588375 -4.6990952491760245 -28.773529052734371 -7.4350328445434561 3.6086252927780156 -17.095882415771481 -18.069557189941403 -1.0000000180025095e-35 -6.1945843696594229 -5.2260849475860587 -2.9874860048294063 5.0001959800720224 3.11254894733429 1.3800510764122011 -5.286266326904296 -5.7297387123107901 -4.3894901275634757 -2.661232471466064 -7.0559020042419425 -2.8400535583496089 -7.4088478088378897 -0.36690995097160334 0.68196079134941112 3.3045777082443242 0.30192446708679205 -10.827572822570799 0.11846405267715455 -8.7250976562499982 -6.1251962184905997 4.2227451801300058
decision_type=2 2 2 2 2 2 2 2 2 2 2 2 2 2 2 2 2 2 2 2 2 2 2 2 2 2 2 2 2 2
left_child=1 3 -2 4 -1 6 7 -4 -8 -10 11 12 29 -13 23 16 17 -16 -17 -18 21 -20 -14 24 25 26 -12 -26 -23 -7
right_child=2 -3 5 -5 -6 10 8 -9 9 -11 14 13 22 -15 15 18 19 -19 20 -21 -22 28 -24 -25 27 -27 -28 -29 -30 -31
leaf_value=0.084908642292022718 -0.065722947650485572 0.10030777145709312 0.022155862416894663 -0.001110623161611932 -0.0044048362970352173 -0.0053864570929170489 -0.0098295249872737481 -0.019671556030056978 -0.10422593286404243 -0.020155234280086698 0.021309623891835688 0.074924303442239756 -0.095419878450532764 -0.00055327862501144411 -0.013972225730222734 0.071671584844589228 -0.089441442670244176 0.065406718372326839 -0.0012555614844719067 -0.023861703062430024 0.00031927010075682435 -0.035367710953173433 -0.011917970412307317 -0.054206464236432862 -0.0039242947953087946 0.0043576931822664885 0.09634426407516003 0.057693885580769613 -0.12392425966449082 0.047239064772923792
leaf_weight=25 27 21 63 178 20 2293 36 95 26 21 91 30 24 41 132 20 33 23 79 80 24723 23 27 22 35 1225 20 70 20 30
leaf_count=25 27 21 63 178 20 2293 36 95 26 21 91 30 24 41 132 20 33 23 79 80 24723 23 27 22 35 1225 20 70 20 30
internal_value=-1.56955e-05 0.0161614 -0.000150372 0.00823735 0.0452138 -8.99092e-05 -0.0164314 -0.00299353 -0.042012 -0.0666624 4.57028e-05 -0.00463018 -0.00570591 0.0313387 0.000475562 2.92496e-05 -0.0194048 -0.00219341 0.000238714 -0.0430133 0.000181211 -0.0277962 -0.051213 0.0081428 0.0090947 0.0068894 0.0348294 0.0371545 -0.0765568 -0.00470683
internal_weight=29553 244 29309 223 45 29282 241 158 83 47 29041 2445 2374 71 26596 25133 268 155 24865 113 24845 122 51 1463 1441 1336 111 105 43 2323
internal_count=29553 244 29309 223 45 29282 241 158 83 47 29041 2445 2374 71 26596 25133 268 155 24865 113 24845 122 51 1463 1441 1336 111 105 43 2323
is_linear=0
shrinkage=0.05


Tree=135
num_leaves=31
num_cat=0
split_feature=112 77 151 119 71 236 166 64 122 211 92 260 215 221 106 5 176 220 179 146 295 182 134 154 255 37 13 209 288 228
split_gain=36.4973 277.104 35.5267 31.4696 51.6665 32.5177 29.9763 40.695 40.2048 41.8959 39.9173 54.0981 37.7307 70.0746 62.6687 56.2161 52.0107 37.2318 53.1211 39.6225 50.3681 43.646 38.906 34.5507 40.3694 36.3148 34.0709 33.8147 33.7838 67.2008
threshold=-9.8496890068054181 -2.982736229896545 -9.4621939659118635 -10.184442996978758 -3.6985228061676021 -21.954647064208981 1.3379412293434145 1.7427420020103457 -0.79565241932868946 -1.6908612847328184 1.0580481290817263 -3.0911437273025508 -1.9213234782218931 -0.045086860656738274 -4.035092592239379 2.4445769786834721 -4.5418691635131827 -2.8640000820159908 -4.8288862705230704 2.4658901691436772 4.1885619163513192 3.1463865041732793 -5.0717647075653067 -0.36627446115016932 1.0735926032066347 -0.85404637455940235 2.1106137037277226 -2.3104951381683345 -11.844509601593016 -7.8991599082946768
decision_type=2 2 2 2 2 2 2 2 2 2 2 2 2 2 2 2 2 2 2 2 2 2 2 2 2 2 2 2 2 2
left_child=1 2 -1 4 -2 -5 12 10 -9 -10 -8 -12 13 28 -15 26 27 22 -19 21 -21 -20 -18 24 -13 -25 -16 -14 29 -7
right_child=3 -3 -4 5 -6 6 7 8 9 -11 11 23 16 14 15 -17 17 18 19 20 -22 -23 -24 25 -26 -27 -28 -29 -30 -31
leaf_value=0.0028655450861409027 0.010441104872595697 -0.19221685821567441 -0.041293350694785742 0.057083940029144291 0.099861514493823064 -0.0033821015962412662 0.016577287538261584 -0.036911354059106616 0.03749475783821362 -0.0035064126129175201 -0.047152798345240839 0.015172918774187567 -0.04420599133903854 0.097663785278797155 0.0081832311718631791 0.095871695947079436 -0.071505685612559322 0.033019697415617714 -0.0010293864659669052 -0.010567008243854514 -0.071088735155157151 0.03476261288620705 -0.0085835817775706154 -0.037585161195171107 0.089676535734906804 0.00445015360667204 0.069653870041171712 -0.0076125386366832325 0.0012783663536985656 -0.041593226826525942
leaf_weight=265 84 21 55 25 20 1065 897 83 67 889 52 75 121 25 371 21 25 113 8880 485 37 86 1418 54 24 1059 24 132 12981 129
leaf_count=265 84 21 55 25 20 1065 897 83 67 889 52 75 121 25 371 21 25 113 8880 485 37 86 1418 54 24 1059 24 132 12981 129
internal_value=-7.54535e-06 -0.0162707 -0.00472427 0.000182105 0.0276373 8.41108e-05 3.51638e-05 0.00460078 -0.00353099 -0.0006329 0.0085105 0.0027859 -0.000528645 0.00114871 0.0207768 0.0161562 -0.0026988 -0.00218531 -0.00105983 -0.00146571 -0.0148569 -0.000686077 -0.00967371 0.00492848 0.0332344 0.0024107 0.0119182 -0.0251138 0.000538061 -0.00751044
internal_weight=29583 341 320 29242 104 29138 29113 3200 1039 956 2161 1264 25913 14616 441 416 11297 11044 9601 9488 522 8966 1443 1212 99 1113 395 253 14175 1194
internal_count=29583 341 320 29242 104 29138 29113 3200 1039 956 2161 1264 25913 14616 441 416 11297 11044 9601 9488 522 8966 1443 1212 99 1113 395 253 14175 1194
is_linear=0
shrinkage=0.05


Tree=136
num_leaves=31
num_cat=0
split_feature=184 80 232 286 99 272 223 271 268 255 284 8 220 160 266 188 58 199 131 142 54 168 52 228 16 143 138 123 9 67
split_gain=35.7343 196.515 52.4342 39.9343 29.3433 29.065 52.3285 41.6799 40.1562 59.1385 35.0033 39.2622 37.2544 32.5016 33.8698 30.8711 27.5105 27.0097 49.9656 47.3788 35.631 30.1823 28.4321 28.6838 27.5199 26.7455 45.0722 44.5672 49.5517 43.8827
threshold=-17.118519783020016 -4.9302289485931388 -21.3830451965332 -28.231839179992672 -13.610995292663572 0.96092158555984508 -2.7646405696868892 -0.64440986514091481 3.9386763572692876 2.4066765308380131 -1.9617974162101743 1.1822624206542971 -2.2588233947753902 -1.9601864814758299 -1.0054117441177366 -0.90386441349983204 -0.087372545152902589 0.42416164278984075 2.2966667413711552 2.8295229673385625 -3.5692058801650997 -2.3861737251281734 -1.896408677101135 3.4589397907257085 -2.9541772603988643 -2.0015842914581294 -0.58287441730499256 1.0970651507377627 -3.5111099481582637 0.33564497530460363
decision_type=2 2 2 2 2 2 2 2 2 2 2 2 2 2 2 2 2 2 2 2 2 2 2 2 2 2 2 2 2 2
left_child=1 4 -2 -4 -1 8 15 -8 25 16 11 -9 13 -12 -15 -7 -10 18 24 -20 -19 -22 23 -23 -14 26 27 -5 -29 -30
right_child=2 -3 3 5 -6 6 7 10 9 -11 12 -13 17 14 -16 -17 -18 20 19 -21 21 22 -24 -25 -26 -27 -28 28 29 -31
leaf_value=-0.032379011674360796 0.049785205553162772 -0.1659742566091674 -0.067331340096213596 0.0010363108518424084 0.027680067099490259 0.019300038799909609 0.048534657567739489 -0.0058829027542965026 -0.049802235821262003 -0.094521683693996494 0.09292819172143936 -0.060553165629159578 -0.044767895111670869 -0.033577618710696699 0.047182717841949218 0.077867258849686816 0.025413407559596726 -0.054680630098446273 0.022354164613144739 0.10758908235508463 -0.049579591353928365 0.011230619219613486 -0.00026503418596258809 0.077216833182003189 0.0072431154617613215 -0.0019128576076624746 0.01348805498024813 0.037277884781360626 -0.016117268042757333 -0.068118071612322112
leaf_weight=33 53 21 22 10657 53 63 50 139 20 28 20 43 26 20 37 35 31 30 56 23 30 58 1949 23 1166 13922 716 33 173 53
leaf_count=33 53 21 22 10657 53 63 50 139 20 28 20 43 26 20 37 35 31 30 56 23 30 58 1949 23 1166 13922 716 33 173 53
internal_value=-7.16808e-06 -0.0288497 9.75326e-05 8.02957e-06 0.00463414 5.84179e-05 0.00415874 0.00319588 -0.000544322 -0.0361372 0.00256966 -0.0187995 0.00370089 0.0380879 0.0188458 0.0402169 -0.00408292 0.00291309 0.00866081 0.0471694 -0.000582294 0.000205545 0.000941286 0.0299674 0.00610865 -0.000434287 0.00133537 0.000538255 -0.0199551 -0.0283121
internal_weight=29583 107 29476 29423 86 29401 3768 3670 25633 79 3620 182 3438 77 57 98 51 3361 1271 79 2090 2060 2030 81 1192 25554 11632 10916 259 226
internal_count=29583 107 29476 29423 86 29401 3768 3670 25633 79 3620 182 3438 77 57 98 51 3361 1271 79 2090 2060 2030 81 1192 25554 11632 10916 259 226
is_linear=0
shrinkage=0.05


Tree=137
num_leaves=31
num_cat=0
split_feature=29 202 12 244 33 280 274 123 21 62 65 35 6 247 114 198 258 208 50 161 108 8 217 94 49 176 71 171 77 8
split_gain=34.6907 129.708 29.0687 45.6631 33.0954 36.6584 48.8415 43.5812 36.2272 34.1598 49.1358 39.1074 34.4892 31.2195 30.9206 44.059 43.1466 34.0033 31.8615 33.7444 40.3424 31.1187 32.5182 30.4891 33.4647 29.4824 29.3786 28.7816 46.2238 33.2166
threshold=-10.960882186889647 -18.291666030883786 -0.23140272498130796 -21.950982093811032 -12.097551822662352 -12.239215850830076 -10.404594421386717 -3.4448086023330684 -0.55751579999923695 -2.0678316354751582 -1.9351724386215208 -0.019792390055954453 1.3698918223381045 -3.8116339445114131 0.28137253224849706 -0.069934632629156099 1.2870490550994875 -1.2995238304138181 0.58910039067268383 -1.4070510268211363 -2.673627376556396 -0.93409413099288929 -1.616421580314636 -6.2719929218292227 1.4195083975791933 -7.9525713920593253 -2.2817647457122798 -7.216636896133422 -5.2805340290069571 1.3409803509712221
decision_type=2 2 2 2 2 2 2 2 2 2 2 2 2 2 2 2 2 2 2 2 2 2 2 2 2 2 2 2 2 2
left_child=1 -1 4 -4 -2 6 27 -8 14 10 23 26 13 -13 15 16 18 -18 -7 -20 -21 22 -17 -10 -25 -11 -12 29 -29 -6
right_child=2 -3 3 -5 5 8 7 -9 9 25 11 12 -14 -15 -16 21 17 -19 19 20 -22 -23 -24 24 -26 -27 -28 28 -30 -31
leaf_value=-0.14319826126098634 0.058640941329624344 -0.0025676161378294562 0.058901982988630024 0.0017139691924230385 -0.0059409169839402557 -0.00046262501893764619 -0.027545285357509632 -0.11295199877815321 0.04697225030624505 0.051261595120796789 -0.0063490819625024288 -0.04141419296696161 0.056541705884349848 0.0069805975294236202 0.0099829593167370147 -0.069745480269193652 -0.00028417869921653504 0.068753524160101304 0.01539930706658032 -0.0666591255068779 0.00049724886984617083 -0.0054401239180151611 -0.018402418387787684 -0.0052716526308006816 0.057748070393096318 -0.0021005972997296322 -0.032910712700786778 -0.090159467359383905 -0.015134308917421692 0.038447626753021845
leaf_weight=20 23 91 35 12946 503 6263 59 20 33 26 140 48 24 109 924 45 31 42 662 25 212 256 98 496 22 5812 406 24 142 46
leaf_count=20 23 91 35 12946 503 6263 59 20 33 26 140 48 24 109 924 45 31 42 662 25 212 256 98 496 22 5812 406 24 142 46
internal_value=-6.80967e-06 -0.0279065 9.82685e-05 0.00186816 -0.00129492 -0.00137862 -0.01186 -0.0491672 -0.00084767 -0.00348379 -0.010888 -0.0194231 0.000718259 -0.00781526 0.00134427 0.000298669 0.0011907 0.0394361 0.000800874 0.0096032 -0.00658676 -0.0158763 -0.0345593 0.000373507 -0.00259514 -0.00186294 -0.0261 -0.00773789 -0.0259813 -0.00222166
internal_weight=29583 111 29472 12981 16491 16468 794 79 15674 7116 1278 727 181 157 8558 7634 7235 73 7162 899 237 399 143 551 518 5838 546 715 166 549
internal_count=29583 111 29472 12981 16491 16468 794 79 15674 7116 1278 727 181 157 8558 7634 7235 73 7162 899 237 399 143 551 518 5838 546 715 166 549
is_linear=0
shrinkage=0.05


Tree=138
num_leaves=31
num_cat=0
split_feature=112 126 9 158 77 119 71 57 63 10 238 284 46 13 123 10 60 43 265 57 165 280 124 70 71 146 12 23 13 21
split_gain=31.514 250.086 35.668 29.7343 37.0815 28.3314 46.733 28.0096 41.8739 43.9634 41.327 38.2979 34.2637 32.572 30.9846 49.5454 46.9302 36.6935 56.9841 35.8107 35.4124 64.3054 42.1465 35.0544 31.2329 32.4182 29.5756 34.2607 37.799 32.208
threshold=-9.8496890068054181 -6.920320749282836 2.1745098829269414 -12.658443450927733 -7.6023528575897208 -10.184442996978758 -3.6985228061676021 -0.82588234543800343 -2.8200980424880977 -5.9406528472900382 -15.773161888122557 -12.799019336700438 -6.4562745094299308 -1.5833573341369627 1.7201318740844729 3.532213687896729 -1.4497699737548826 -1.6762915253639219 -1.2567483782768247 -1.5495882034301756 1.6397059559822085 -4.2541239261627188 1.6072151660919192 3.8043137788772587 2.0381371974945073 3.4941875934600835 0.03378711640834809 -2.9952206611633296 -3.418229222297668 -0.26709149777889246
decision_type=2 2 2 2 2 2 2 2 2 2 2 2 2 2 2 2 2 2 2 2 2 2 2 2 2 2 2 2 2 2
left_child=1 2 3 -1 -5 6 -2 14 -9 -10 -11 13 -13 -12 20 16 -16 -18 19 -19 23 -22 24 -7 25 -23 29 -28 -29 -14
right_child=5 -3 -4 4 -6 7 -8 8 9 10 11 12 26 -15 15 -17 17 18 -20 -21 21 22 -24 -25 -26 -27 27 28 -30 -31
leaf_value=0.0041872104682491324 0.0098654760136490782 -0.15828149904097832 0.046038639572832517 0.0063268406050545831 -0.054929159746194882 -0.0015789301552001185 0.094909506887197501 0.015975646716196182 -0.054934908492224557 0.056230606226360093 -0.065069198448743135 -0.056029488719426673 0.0022411912103317195 -0.011433594560603033 0.0051883699181370247 0.058574092955816365 0.011038166441415486 -0.13147118705511093 -0.027012993496331114 -0.044004241343248977 0.092332524763575452 0.0053794261027477535 0.059073141176958346 -0.058612439257127273 0.053960416525868443 -0.037760972001535054 0.022230220276117325 0.053035312342016319 0.0030051957188763009 -0.0037885268777816533
leaf_weight=177 84 28 34 42 60 12445 20 484 35 34 35 26 5046 148 117 21 38 25 142 22 24 298 37 27 28 51 250 38 5820 3947
leaf_count=177 84 28 34 42 60 12445 20 484 35 34 35 26 5046 148 117 21 38 25 142 22 24 298 37 27 28 51 250 38 5820 3947
internal_value=-6.46919e-06 -0.0151186 -0.00231173 -0.00820389 -0.0297061 0.000169758 0.0262201 7.6779e-05 0.00149492 0.00103919 0.00116686 0.00104458 0.00131963 -0.0216918 -0.00161783 -0.015984 -0.0205355 -0.0337941 -0.042808 -0.0905292 -0.00121166 0.0127622 0.00814941 -0.0017024 0.00315159 -0.000924758 0.00141837 0.00410333 0.00332973 -0.000405233
internal_weight=29583 341 313 279 102 29242 104 29138 15863 15379 15344 15310 15127 183 13275 365 344 227 189 47 12910 438 414 12472 377 349 15101 6108 5858 8993
internal_count=29583 341 313 279 102 29242 104 29138 15863 15379 15344 15310 15127 183 13275 365 344 227 189 47 12910 438 414 12472 377 349 15101 6108 5858 8993
is_linear=0
shrinkage=0.05


Tree=139
num_leaves=31
num_cat=0
split_feature=195 81 232 167 170 199 298 295 158 226 227 48 148 5 144 140 64 4 296 252 124 59 249 133 55 59 231 289 151 215
split_gain=31.8772 162.276 35.5725 37.8115 25.9296 65.6511 47.3744 71.2524 50.102 46.8814 42.5385 39.6196 55.3021 43.5855 51.8313 42.6602 40.0594 38.7864 37.9419 54.4023 34.2931 34.1643 34.1031 34.035 33.4272 68.9055 32.1105 31.7779 31.2425 37.9461
threshold=-17.365065574645993 -6.9404859542846671 -21.3830451965332 -14.476874351501463 0.24188338965177539 -5.0362744331359854 0.055604612454772002 -2.6793314218521114 4.7060294151306161 -2.8363602161407466 -5.1393723487853995 -2.0093907117843623 -1.7261760234832761 -0.78658169507980336 -2.9471690654754634 1.0684313774108889 -2.1624888181686397 -3.8609870672225948 -0.24547514319419858 -4.4333331584930411 -3.0508770942687984 -2.3224072456359859 -4.4376471042633048 -1.8917450904846189 1.8142856955528261 -0.75636321306228627 -3.5288754701614375 2.6646192073822026 -2.3928431272506709 -2.6175370216369624
decision_type=2 2 2 2 2 2 2 2 2 2 2 2 2 2 2 2 2 2 2 2 2 2 2 2 2 2 2 2 2 2
left_child=1 -1 3 -2 6 -6 8 9 18 23 -9 15 24 14 -14 -7 -16 -18 27 -20 -15 -21 -12 -8 26 -26 -13 -4 -22 -30
right_child=2 -3 4 -5 5 11 7 10 -10 -11 22 12 13 20 16 -17 17 -19 19 21 28 -23 -24 -25 25 -27 -28 -29 29 -31
leaf_value=0.0026273020532693757 0.0042703637709984414 -0.15189426073006221 -0.00076125832257636331 0.095715221166610728 0.05456530109255911 -0.0039846926278945226 -0.041931050866842269 -0.078257652260363103 0.062441784469410781 -0.023638862815988794 0.056938649443062872 -0.036717995439238586 -0.078923326792816328 -0.026151296991685575 0.031451620640129678 -0.041565492000193043 0.047273856960237032 -0.0085589899247226053 0.064426593526843046 -0.015337729997211889 -0.021969429122821182 0.00991594044556246 -0.0057303792680755842 -0.13306925679956164 0.12959644168615342 0.015446513509139038 0.017494073529390898 0.043302107209385168 0.026636332175999047 0.0049012670552311868
leaf_weight=89 26 21 20366 20 61 384 20 20 32 86 22 29 24 88 72 94 32 1113 42 155 101 985 1638 21 20 39 470 41 214 3258
leaf_count=89 26 21 20366 20 61 384 20 20 32 86 22 29 24 88 72 94 32 1113 42 155 101 985 1638 21 20 39 470 41 214 3258
internal_value=-6.14572e-06 -0.0268723 9.41248e-05 0.044029 2.54463e-05 0.00295852 -0.000725601 -0.00850298 -7.55975e-05 -0.0446143 -0.00577313 0.00242838 0.00363681 0.00193905 -0.00615877 -0.0113751 -0.00472381 -0.0069986 -0.000168263 0.00854126 0.00468404 0.00648233 -0.00489983 -0.0886116 0.0185515 0.0541414 0.0143435 -0.00067273 0.00544349 0.00624093
internal_weight=29583 110 29473 46 29427 5999 23428 1807 21621 127 1680 5938 5460 4902 1241 478 1217 1145 21589 1182 3661 1140 1660 41 558 59 499 20407 3573 3472
internal_count=29583 110 29473 46 29427 5999 23428 1807 21621 127 1680 5938 5460 4902 1241 478 1217 1145 21589 1182 3661 1140 1660 41 558 59 499 20407 3573 3472
is_linear=0
shrinkage=0.05


Tree=140
num_leaves=31
num_cat=0
split_feature=38 53 9 145 263 110 51 114 31 91 257 275 19 101 48 93 61 291 25 288 156 110 109 299 35 297 281 297 146 178
split_gain=32.0936 136.036 28.709 55.0922 41.3943 40.4854 35.2006 52.0898 41.3022 34.4539 32.977 31.3323 30.2492 28.9901 38.1423 28.5071 26.334 33.8779 29.741 35.345 36.6931 36.5326 49.4557 37.3628 38.2344 37.0438 35.0513 35.9365 34.9674 33.6381
threshold=-11.595623493194578 -2.4115496873855586 -0.075294118374586091 -15.361706733703612 -23.931010246276852 -13.005133628845213 6.1610436439514169 5.3499348163604745 9.0746250152587908 2.5456237792968754 6.0455391407012948 6.1175024509429941 -0.061201406642794602 -8.1650776863098127 -7.0280184745788565 4.1278514862060556 2.0024509429931645 6.162203550338746 -9.0370621681213361 -13.975956439971922 -4.2743139266967765 -3.2864379882812496 -0.37080293893814081 -3.27435290813446 -2.4486643075942989 -12.567287445068358 -3.982980370521545 -6.2979900836944571 -3.6988027095794673 2.4555655717849736
decision_type=2 2 2 2 2 2 2 2 2 2 2 2 2 2 2 2 2 2 2 2 2 2 2 2 2 2 2 2 2 2
left_child=1 -1 5 -4 -5 -2 7 8 10 -9 16 -8 -12 -6 -15 -11 17 18 -7 20 -20 22 26 25 -25 -23 28 -28 -21 -27
right_child=2 -3 3 4 13 6 11 9 -10 15 12 -13 -14 14 -16 -17 -18 -19 19 21 -22 23 -24 24 -26 29 27 -29 -30 -31
leaf_value=-0.0012325232967417292 0.040686831557959845 -0.14483774811029435 -0.081177368164062513 0.059580715240970743 0.02375549817759846 0.058285675162360787 0.089522511959075929 -0.0065244577060907319 -0.062106223191533777 -0.10795844181751212 -0.00048208652955034504 0.0020778315407889232 0.079760819999501117 -0.052180800654671414 0.001636430462341988 -0.028188892063640416 -0.011654005144435845 0.037793579098901582 -0.010611746059376983 0.0053333589115322488 -0.064384910979253404 0.047855826653540136 0.064260021432169842 0.010723281022703019 -0.00099490002927911099 -0.0058079859911014031 0.051801057631770779 0.010719495236264913 -0.011380080828279189 -0.066448266091554062
leaf_weight=94 57 20 20 31 148 21 20 39 28 24 23 21 24 33 14172 21 607 56 474 1066 34 32 35 777 6686 4018 60 472 443 23
leaf_count=94 57 20 20 31 148 21 20 39 28 24 23 21 24 33 14172 21 607 56 474 1066 34 32 35 777 6686 4018 60 472 443 23
internal_value=5.17604e-05 -0.0264264 0.000154204 0.00175012 0.00186543 -0.0013721 -0.00153188 -0.00165865 -0.00143699 -0.0409217 -0.0013226 0.0447338 0.040493 0.00174077 0.00151141 -0.0707327 -0.00145536 -0.00101931 -0.00117302 -0.00126145 -0.0142107 -0.000778179 0.00532791 -0.00187702 0.000225122 -0.0057288 0.00431732 0.0153528 0.000426763 -0.00615313
internal_weight=29579 114 29465 14404 14384 15061 15004 14963 14879 84 14851 41 47 14353 14205 45 14804 14197 14141 14120 508 13612 2076 11536 7463 4073 2041 532 1509 4041
internal_count=29579 114 29465 14404 14384 15061 15004 14963 14879 84 14851 41 47 14353 14205 45 14804 14197 14141 14120 508 13612 2076 11536 7463 4073 2041 532 1509 4041
is_linear=0
shrinkage=0.05


Tree=141
num_leaves=31
num_cat=0
split_feature=4 146 21 95 30 42 6 30 38 103 146 251 298 6 189 13 269 35 20 282 43 145 201 207 81 2 220 61 266 62
split_gain=30.0408 145.371 24.1462 44.0868 38.7141 37.8721 55.849 33.3546 43.0256 33.1181 40.979 35.8241 43.9813 34.8583 64.3313 37.7331 64.0043 36.464 43.8481 34.5893 36.3909 36.1869 36.124 33.9161 31.7591 31.4957 31.4929 42.3679 34.9904 29.8245
threshold=6.446686029434205 -5.4101433753967276 -1.3236862421035764 -11.179084777832029 -6.0762746334075919 -6.092925786972045 -1.6133725047111509 4.0515227317810067 -0.31216597557067866 -2.1122324466705318 1.0554293394088747 1.4601960778236391 -2.7929260730743404 -3.8500887155532832 1.5020172595977785 -3.0682451725006099 -0.77161836624145497 9.0591363906860369 0.88058820366859447 2.1787340641021733 2.0409150123596196 0.18627444654703143 2.3800808191299443 5.3748202323913583 -0.37788234651088709 -2.1888889074325557 3.8310551643371586 -0.25378821790218348 4.5423431396484384 -5.6119620800018302
decision_type=2 2 2 2 2 2 2 2 2 2 2 2 2 2 2 2 2 2 2 2 2 2 2 2 2 2 2 2 2 2
left_child=2 -2 4 -4 25 6 -6 26 -9 11 19 12 -5 14 -12 16 -15 -17 -19 -11 -21 -22 -23 -20 -13 -1 28 -28 -7 -8
right_child=1 -3 3 9 5 7 29 8 -10 10 13 24 -14 15 -16 17 -18 18 23 20 21 22 -24 -25 -26 -27 27 -29 -30 -31
leaf_value=0.065961216438201173 -0.1443697984374705 0.0017264368385076522 -0.071489874476736243 -0.0020054960460855866 -0.08628285266458989 0.0019033648318804025 0.019761621464382519 -0.031104782169036893 0.045885123471123015 0.0011646697698804995 -0.0049968965765502726 0.070355243668891496 -0.013251252650112219 -0.10962975465733071 0.10684612415730954 -0.0033381282508781855 -0.0044640552157010792 -0.10064315952360631 0.031616330457230411 0.021460390072770237 -0.036985091657423579 0.035798655978657987 -0.042671083211898803 -0.040932503768375948 -0.0051453809164321192 0.013510530939370633 -0.086962986041022386 -0.0054637675173580648 0.06000810953286978 -0.027491405273185054
leaf_weight=31 21 90 22 3335 28 7477 55 23 86 12289 36 30 1176 23 20 3574 39 20 24 410 61 55 20 49 26 373 23 52 26 85
leaf_count=31 21 90 22 3335 28 7477 55 23 86 12289 36 30 1176 23 20 3574 39 20 24 410 61 55 20 49 26 373 23 52 26 85
internal_value=4.91724e-05 -0.0259134 0.000146968 -0.000746178 0.00244055 0.0016642 -0.0218202 0.00217746 0.0296395 -0.000672719 0.000363539 -0.00444382 -0.00493722 -0.0042084 0.034947 -0.00479641 -0.0434771 -0.00414241 -0.0350512 0.00171179 0.014026 -0.00838666 0.0148734 -0.0170808 0.0353014 0.0175352 0.00178245 -0.0304569 0.00210471 -0.00892772
internal_weight=29579 111 29468 21209 8259 7855 168 7687 109 21187 16620 4567 4511 3785 56 3729 62 3667 93 12835 546 136 75 73 56 404 7578 75 7503 140
internal_count=29579 111 29468 21209 8259 7855 168 7687 109 21187 16620 4567 4511 3785 56 3729 62 3667 93 12835 546 136 75 73 56 404 7578 75 7503 140
is_linear=0
shrinkage=0.05


Tree=142
num_leaves=31
num_cat=0
split_feature=38 85 31 44 36 34 13 0 6 298 299 271 299 298 299 294 298 299 297 205 93 128 239 189 298 294 297 55 36 240
split_gain=27.7403 145.388 26.204 27.0934 38.3042 25.2706 46.6677 29.7574 27.1225 23.4138 79.177 64.6492 38.7645 73.0503 68.2811 45.1819 44.0202 51.3239 40.6508 71.12 48.3272 45.0267 42.5643 40.9038 40.514 38.6553 37.5445 39.8172 36.4202 34.2595
threshold=-11.595623493194578 -6.7048959732055655 -7.5294117927551261 -8.4866862297058088 -7.8833725452423087 -6.0203342437744132 1.560000002384186 2.0585881471633916 0.7060784399509431 1.5042891502380373 1.5820402503013613 6.7416577339172372 -1.5868963599205015 -2.3587582111358638 -2.6210465431213374 -4.529360055923461 -0.92346641421318043 0.61371394991874706 -2.9509507417678829 -3.0624051094055171 -2.5640335083007808 -3.0915039777755733 -3.0589843988418575 -0.64308124780654896 -2.479967355728149 1.7648267745971682 2.3283752202987675 2.749988436698914 6.1056149005889901 0.086627651005983367
decision_type=2 2 2 2 2 2 2 2 2 2 2 2 2 2 2 2 2 2 2 2 2 2 2 2 2 2 2 2 2 2
left_child=1 -1 5 4 -4 6 7 -2 -7 11 -11 12 13 14 25 -15 18 28 19 22 -21 -22 -14 -23 -20 -5 27 -17 -18 -29
right_child=2 -3 3 9 -6 8 -8 -9 -10 10 -12 -13 16 15 -16 26 17 -19 24 20 21 23 -24 -25 -26 -27 -28 29 -30 -31
leaf_value=0.0053563320737206538 -4.3007509989870921e-05 -0.13110893219709396 0.018891746997833254 -0.00039277542160849431 -0.068800122810132577 0.017581619584077113 -0.0533943130462258 0.045646137999907389 0.085830206703394654 -0.020845984969327051 0.00014917302409018121 0.076454322785139084 0.00032063987190750513 -0.031758341607801097 0.010783238667918469 -0.005276076242045168 -0.0020596536403702671 0.0097765089257767328 0.041381080044764228 -0.073398520183913851 0.056757769733667376 -0.025788886607557106 0.071128942243891158 0.026336316494068698 0.009847522190648994 0.049457125346630049 0.053248325863818606 -0.018336339885505235 -0.065192649157150936 -0.095680444958535116
leaf_weight=89 90 25 20 13594 33 37 27 59 24 574 2063 28 44 171 1563 3903 3365 1140 107 34 23 207 41 46 2120 39 27 41 23 22
leaf_count=89 90 25 20 13594 33 37 27 59 24 574 2063 28 44 171 1563 3903 3365 1140 107 34 23 207 41 46 2120 39 27 41 23 22
internal_value=4.67138e-05 -0.0245703 0.000141957 7.68806e-06 -0.0357089 0.0167006 0.00708866 0.0180487 0.0444335 7.25716e-05 -0.00442088 0.000519072 0.000438869 -0.000723069 0.000884683 -0.00659036 0.00358504 0.000599615 0.00874064 -0.00604191 -0.0171515 -0.0102225 0.0344752 -0.0163116 0.0113626 -0.00025017 -0.00551254 -0.00591258 -0.00248824 -0.0453454
internal_weight=29579 114 29465 29228 53 237 176 149 61 29175 2637 26538 26510 19360 15196 4164 7150 4528 2622 395 310 276 85 253 2227 13633 3993 3966 3388 63
internal_count=29579 114 29465 29228 53 237 176 149 61 29175 2637 26538 26510 19360 15196 4164 7150 4528 2622 395 310 276 85 253 2227 13633 3993 3966 3388 63
is_linear=0
shrinkage=0.05


Tree=143
num_leaves=31
num_cat=0
split_feature=4 146 9 145 263 19 257 162 179 292 160 105 78 13 116 148 140 23 32 284 115 10 36 10 53 139 9 103 113 206
split_gain=26.3044 128.192 25.8732 41.1692 38.7236 31.8792 50.2168 45.0378 41.9521 35.4854 57.6261 38.567 46.2911 31.0339 30.7329 30.1712 29.4065 29.0742 29.3272 49.2586 29.0758 29.3099 43.5931 28.7689 42.0531 37.7538 38.2556 30.7331 28.7377 40.3073
threshold=6.446686029434205 -5.4101433753967276 -0.19309265911579129 -15.361706733703612 -23.931010246276852 -1.0452491641044614 6.0455391407012948 6.296694517135621 3.9449239969253544 -4.2540223598480216 2.1053858995437627 -0.1697353199124336 -1.9389728903770445 -0.54114183783531178 3.7164705991745 -2.6548051834106441 -5.0520586967468253 -1.4225778579711912 2.648151278495789 0.17778592556715014 -9.1718130111694318 2.2790226936340336 0.21999999135732654 0.73475965857505809 3.673802495002747 2.4818269014358525 -2.4873497486114498 3.7539410591125493 1.1408659815788271 2.7447460889816289
decision_type=2 2 2 2 2 2 2 2 2 2 2 2 2 2 2 2 2 2 2 2 2 2 2 2 2 2 2 2 2 2
left_child=2 -2 5 -4 -5 8 9 -8 14 10 11 -7 13 -13 17 -11 -17 18 -1 -20 -19 28 -23 24 -18 27 -27 -25 29 -22
right_child=1 -3 3 4 -6 6 7 -9 -10 15 -12 12 -14 -15 -16 16 23 20 19 -21 21 22 -24 25 -26 26 -28 -29 -30 -31
leaf_value=0.0057078872494308692 -0.13548739502827328 0.001705358773469925 -0.060099852526629416 0.065157417456309 0.0015951337482744195 -0.0050531094501551684 0.089029383233615339 0.0028134685574155867 -0.045084501349407696 0.0060346944005217401 -0.080720513231224492 -0.09810291509433039 -0.01296827607004652 -0.032591973346037167 0.054224168021103442 -0.049081854390747415 -0.0032990897780792276 -0.054482884590442364 0.10261033212411262 -0.00034846854037963427 0.00070053243253990994 -0.063385176625516682 0.01101662135549954 0.0045319829237501635 -0.043753289821056224 0.094019908534193591 0.018166847086018501 -0.046291379486360862 -0.024876997847523955 0.060172328352928163
leaf_weight=2050 21 90 27 24 15001 2341 28 33 46 1166 27 29 252 48 29 34 5500 26 21 26 1622 45 35 735 65 22 68 31 108 29
leaf_count=2050 21 90 27 24 15001 2341 28 33 46 1166 27 29 252 48 29 34 5500 26 21 26 1622 45 35 735 65 22 68 31 108 29
internal_value=4.43781e-05 -0.02425 0.00013589 0.00158581 0.00169666 -0.001378 -0.0028444 0.042388 0.00239207 -0.00311182 -0.00804086 -0.00730589 -0.0233356 -0.0572649 0.00293928 -0.00136748 -0.00270457 0.0025639 0.00660321 0.0456544 -0.00197789 -0.00123557 -0.0308344 -0.00245899 -0.0037716 0.00607448 0.0367087 0.00247516 0.0001106 0.00174516
internal_weight=29579 111 29468 15052 15025 14416 10379 61 4037 10318 2697 2670 329 77 3991 7621 6455 3962 2097 47 1865 1839 80 6421 5565 856 90 766 1759 1651
internal_count=29579 111 29468 15052 15025 14416 10379 61 4037 10318 2697 2670 329 77 3991 7621 6455 3962 2097 47 1865 1839 80 6421 5565 856 90 766 1759 1651
is_linear=0
shrinkage=0.05


end of trees

feature_importances:
Column_299=411
Column_298=141
Column_291=72
Column_297=55
Column_295=53
Column_292=52
Column_293=52
Column_296=49
Column_183=45
Column_8=42
Column_284=41
Column_35=40
Column_247=40
Column_57=39
Column_28=36
Column_283=35
Column_0=34
Column_3=32
Column_9=32
Column_182=32
Column_232=32
Column_280=31
Column_4=30
Column_11=30
Column_119=29
Column_251=29
Column_285=29
Column_288=29
Column_1=28
Column_10=28
Column_239=28
Column_6=27
Column_7=27
Column_13=27
Column_184=27
Column_189=27
Column_241=27
Column_21=26
Column_289=26
Column_5=25
Column_19=25
Column_146=25
Column_29=24
Column_255=24
Column_20=23
Column_32=23
Column_38=21
Column_170=21
Column_237=21
Column_242=21
Column_294=21
Column_12=20
Column_34=20
Column_212=20
Column_286=20
Column_14=19
Column_30=19
Column_79=19
Column_114=19
Column_143=19
Column_257=19
Column_16=18
Column_112=18
Column_160=18
Column_246=18
Column_250=18
Column_282=18
Column_22=17
Column_26=17
Column_40=17
Column_122=17
Column_173=17
Column_187=17
Column_248=17
Column_290=17
Column_17=16
Column_36=16
Column_39=16
Column_154=16
Column_220=16
Column_234=16
Column_235=16
Column_245=16
Column_279=15
Column_18=14
Column_55=14
Column_215=14
Column_281=14
Column_2=13
Column_23=13
Column_43=13
Column_58=13
Column_65=13
Column_67=13
Column_77=13
Column_86=13
Column_165=13
Column_186=13
Column_238=13
Column_256=13
Column_275=13
Column_61=12
Column_62=12
Column_69=12
Column_80=12
Column_121=12
Column_126=12
Column_148=12
Column_158=12
Column_164=12
Column_181=12
Column_204=12
Column_211=12
Column_243=12
Column_265=12
Column_81=11
Column_85=11
Column_90=11
Column_115=11
Column_120=11
Column_131=11
Column_221=11
Column_226=11
Column_263=11
Column_287=11
Column_33=10
Column_45=10
Column_50=10
Column_52=10
Column_53=10
Column_64=10
Column_71=10
Column_95=10
Column_99=10
Column_100=10
Column_124=10
Column_174=10
Column_179=10
Column_190=10
Column_200=10
Column_206=10
Column_219=10
Column_231=10
Column_236=10
Column_258=10
Column_262=10
Column_264=10
Column_272=10
Column_44=9
Column_46=9
Column_59=9
Column_63=9
Column_70=9
Column_82=9
Column_88=9
Column_93=9
Column_109=9
Column_123=9
Column_128=9
Column_133=9
Column_135=9
Column_145=9
Column_150=9
Column_161=9
Column_167=9
Column_201=9
Column_244=9
Column_249=9
Column_261=9
Column_273=9
Column_27=8
Column_37=8
Column_51=8
Column_60=8
Column_76=8
Column_101=8
Column_110=8
Column_118=8
Column_127=8
Column_140=8
Column_151=8
Column_178=8
Column_185=8
Column_191=8
Column_193=8
Column_199=8
Column_222=8
Column_15=7
Column_48=7
Column_54=7
Column_56=7
Column_73=7
Column_74=7
Column_91=7
Column_104=7
Column_107=7
Column_116=7
Column_152=7
Column_156=7
Column_172=7
Column_176=7
Column_198=7
Column_223=7
Column_230=7
Column_25=6
Column_47=6
Column_49=6
Column_68=6
Column_78=6
Column_87=6
Column_102=6
Column_125=6
Column_138=6
Column_168=6
Column_227=6
Column_253=6
Column_268=6
Column_271=6
Column_274=6
Column_24=5
Column_31=5
Column_42=5
Column_66=5
Column_84=5
Column_89=5
Column_92=5
Column_94=5
Column_98=5
Column_103=5
Column_105=5
Column_106=5
Column_117=5
Column_129=5
Column_144=5
Column_159=5
Column_162=5
Column_175=5
Column_180=5
Column_192=5
Column_195=5
Column_196=5
Column_197=5
Column_203=5
Column_205=5
Column_209=5
Column_213=5
Column_218=5
Column_225=5
Column_240=5
Column_266=5
Column_267=5
Column_277=5
Column_41=4
Column_72=4
Column_96=4
Column_97=4
Column_108=4
Column_111=4
Column_134=4
Column_136=4
Column_147=4
Column_149=4
Column_155=4
Column_157=4
Column_163=4
Column_166=4
Column_171=4
Column_177=4
Column_194=4
Column_202=4
Column_208=4
Column_210=4
Column_217=4
Column_228=4
Column_229=4
Column_233=4
Column_252=4
Column_270=4
Column_278=4
Column_75=3
Column_113=3
Column_139=3
Column_224=3
Column_254=3
Column_259=3
Column_269=3
Column_276=3
Column_130=2
Column_132=2
Column_137=2
Column_142=2
Column_153=2
Column_169=2
Column_188=2
Column_207=2
Column_260=2
Column_83=1
Column_141=1
Column_214=1
Column_216=1

parameters:
[boosting: gbdt]
[objective: regression]
[metric: l2]
[tree_learner: serial]
[device_type: gpu]
[data_sample_strategy: bagging]
[data: ]
[valid: ]
[num_iterations: 150]
[learning_rate: 0.05]
[num_leaves: 31]
[num_threads: 0]
[seed: 43]
[deterministic: 0]
[force_col_wise: 1]
[force_row_wise: 0]
[histogram_pool_size: -1]
[max_depth: -1]
[min_data_in_leaf: 20]
[min_sum_hessian_in_leaf: 0.001]
[bagging_fraction: 0.8]
[pos_bagging_fraction: 1]
[neg_bagging_fraction: 1]
[bagging_freq: 5]
[bagging_seed: 11149]
[bagging_by_query: 0]
[feature_fraction: 0.8]
[feature_fraction_bynode: 1]
[feature_fraction_seed: 21351]
[extra_trees: 0]
[extra_seed: 16806]
[early_stopping_round: 0]
[early_stopping_min_delta: 0]
[first_metric_only: 0]
[max_delta_step: 0]
[lambda_l1: 0]
[lambda_l2: 0]
[linear_lambda: 0]
[min_gain_to_split: 0]
[drop_rate: 0.1]
[max_drop: 50]
[skip_drop: 0.5]
[xgboost_dart_mode: 0]
[uniform_drop: 0]
[drop_seed: 2965]
[top_rate: 0.2]
[other_rate: 0.1]
[min_data_per_group: 100]
[max_cat_threshold: 32]
[cat_l2: 10]
[cat_smooth: 10]
[max_cat_to_onehot: 4]
[top_k: 20]
[monotone_constraints: ]
[monotone_constraints_method: basic]
[monotone_penalty: 0]
[feature_contri: ]
[forcedsplits_filename: ]
[refit_decay_rate: 0.9]
[cegb_tradeoff: 1]
[cegb_penalty_split: 0]
[cegb_penalty_feature_lazy: ]
[cegb_penalty_feature_coupled: ]
[path_smooth: 0]
[interaction_constraints: ]
[verbosity: -1]
[saved_feature_importance_type: 0]
[use_quantized_grad: 0]
[num_grad_quant_bins: 4]
[quant_train_renew_leaf: 0]
[stochastic_rounding: 1]
[linear_tree: 0]
[max_bin: 255]
[max_bin_by_feature: ]
[min_data_in_bin: 3]
[bin_construct_sample_cnt: 200000]
[data_random_seed: 179]
[is_enable_sparse: 1]
[enable_bundle: 1]
[use_missing: 1]
[zero_as_missing: 0]
[feature_pre_filter: 1]
[pre_partition: 0]
[two_round: 0]
[header: 0]
[label_column: ]
[weight_column: ]
[group_column: ]
[ignore_column: ]
[categorical_feature: ]
[forcedbins_filename: ]
[precise_float_parser: 0]
[parser_config_file: ]
[objective_seed: 26397]
[num_class: 1]
[is_unbalance: 0]
[scale_pos_weight: 1]
[sigmoid: 1]
[boost_from_average: 1]
[reg_sqrt: 0]
[alpha: 0.9]
[fair_c: 1]
[poisson_max_delta_step: 0.7]
[tweedie_variance_power: 1.5]
[lambdarank_truncation_level: 30]
[lambdarank_norm: 1]
[label_gain: ]
[lambdarank_position_bias_regularization: 0]
[eval_at: ]
[multi_error_top_k: 1]
[auc_mu_weights: ]
[num_machines: 1]
[local_listen_port: 12400]
[time_out: 120]
[machine_list_filename: ]
[machines: ]
[gpu_platform_id: -1]
[gpu_device_id: -1]
[gpu_use_dp: 0]
[num_gpu: 1]

end of parameters

pandas_categorical:null
