tree
version=v4
num_class=1
num_tree_per_iteration=1
label_index=0
max_feature_idx=299
objective=regression
feature_names=Column_0 Column_1 Column_2 Column_3 Column_4 Column_5 Column_6 Column_7 Column_8 Column_9 Column_10 Column_11 Column_12 Column_13 Column_14 Column_15 Column_16 Column_17 Column_18 Column_19 Column_20 Column_21 Column_22 Column_23 Column_24 Column_25 Column_26 Column_27 Column_28 Column_29 Column_30 Column_31 Column_32 Column_33 Column_34 Column_35 Column_36 Column_37 Column_38 Column_39 Column_40 Column_41 Column_42 Column_43 Column_44 Column_45 Column_46 Column_47 Column_48 Column_49 Column_50 Column_51 Column_52 Column_53 Column_54 Column_55 Column_56 Column_57 Column_58 Column_59 Column_60 Column_61 Column_62 Column_63 Column_64 Column_65 Column_66 Column_67 Column_68 Column_69 Column_70 Column_71 Column_72 Column_73 Column_74 Column_75 Column_76 Column_77 Column_78 Column_79 Column_80 Column_81 Column_82 Column_83 Column_84 Column_85 Column_86 Column_87 Column_88 Column_89 Column_90 Column_91 Column_92 Column_93 Column_94 Column_95 Column_96 Column_97 Column_98 Column_99 Column_100 Column_101 Column_102 Column_103 Column_104 Column_105 Column_106 Column_107 Column_108 Column_109 Column_110 Column_111 Column_112 Column_113 Column_114 Column_115 Column_116 Column_117 Column_118 Column_119 Column_120 Column_121 Column_122 Column_123 Column_124 Column_125 Column_126 Column_127 Column_128 Column_129 Column_130 Column_131 Column_132 Column_133 Column_134 Column_135 Column_136 Column_137 Column_138 Column_139 Column_140 Column_141 Column_142 Column_143 Column_144 Column_145 Column_146 Column_147 Column_148 Column_149 Column_150 Column_151 Column_152 Column_153 Column_154 Column_155 Column_156 Column_157 Column_158 Column_159 Column_160 Column_161 Column_162 Column_163 Column_164 Column_165 Column_166 Column_167 Column_168 Column_169 Column_170 Column_171 Column_172 Column_173 Column_174 Column_175 Column_176 Column_177 Column_178 Column_179 Column_180 Column_181 Column_182 Column_183 Column_184 Column_185 Column_186 Column_187 Column_188 Column_189 Column_190 Column_191 Column_192 Column_193 Column_194 Column_195 Column_196 Column_197 Column_198 Column_199 Column_200 Column_201 Column_202 Column_203 Column_204 Column_205 Column_206 Column_207 Column_208 Column_209 Column_210 Column_211 Column_212 Column_213 Column_214 Column_215 Column_216 Column_217 Column_218 Column_219 Column_220 Column_221 Column_222 Column_223 Column_224 Column_225 Column_226 Column_227 Column_228 Column_229 Column_230 Column_231 Column_232 Column_233 Column_234 Column_235 Column_236 Column_237 Column_238 Column_239 Column_240 Column_241 Column_242 Column_243 Column_244 Column_245 Column_246 Column_247 Column_248 Column_249 Column_250 Column_251 Column_252 Column_253 Column_254 Column_255 Column_256 Column_257 Column_258 Column_259 Column_260 Column_261 Column_262 Column_263 Column_264 Column_265 Column_266 Column_267 Column_268 Column_269 Column_270 Column_271 Column_272 Column_273 Column_274 Column_275 Column_276 Column_277 Column_278 Column_279 Column_280 Column_281 Column_282 Column_283 Column_284 Column_285 Column_286 Column_287 Column_288 Column_289 Column_290 Column_291 Column_292 Column_293 Column_294 Column_295 Column_296 Column_297 Column_298 Column_299
feature_infos=[-12.039215087890625:13.567867279052734] [-9.0282354354858398:13.292186737060547] [-11.898569107055664:14.265478134155273] [-10.631372451782227:13.076930999755859] [-11.213831901550293:13.896256446838379] [-10.491848945617676:13.564705848693848] [-9.3518953323364258:14.404314041137695] [-9.3080387115478516:14.619999885559082] [-10.052448272705078:14.22862720489502] [-14.166380882263184:14.42823600769043] [-12.881992340087891:23.624116897583008] [-12.354117393493652:15.315293312072754] [-14.029411315917969:16.659215927124023] [-13.770588874816895:13.739607810974121] [-9.0548629760742188:12.904705047607422] [-10.485309600830078:12.419216156005859] [-11.702726364135742:13.142745018005371] [-10.833507537841797:12.141961097717285] [-12.91749382019043:13.378716468811035] [-10.780783653259277:13.527843475341797] [-13.213725090026855:11.539215087890625] [-13.489934921264648:13.539934158325195] [-11.991443634033203:11.382352828979492] [-15.818301200866699:12.386275291442871] [-14.289803504943848:14.211568832397461] [-16.602981567382812:14.813071250915527] [-19.428497314453125:15.863724708557129] [-21.482521057128906:16.475164413452148] [-22.993373870849609:17.101961135864258] [-22.320049285888672:20.967321395874023] [-27.440874099731445:20.43450927734375] [-30.349273681640625:20.286039352416992] [-29.913568496704102:21.059999465942383] [-29.15656852722168:20.949804306030273] [-30.86981201171875:20.910196304321289] [-31.973136901855469:20.907516479492188] [-32.777812957763672:20.358430862426758] [-35.278400421142578:20.310195922851562] [-39.441516876220703:18.030000686645508] [-38.570343017578125:17.336349487304688] [-36.374599456787109:18.130195617675781] [-35.931182861328125:17.609830856323242] [-37.719459533691406:16.679214477539062] [-37.653244018554688:16.837648391723633] [-38.097400665283203:15.97764778137207] [-37.589000701904297:17.110588073730469] [-36.226741790771484:19.444705963134766] [-36.602588653564453:21.054117202758789] [-34.403408050537109:20.129411697387695] [-32.581764221191406:24.012941360473633] [-30.942966461181641:24.389411926269531] [-29.190866470336914:23.771764755249023] [-27.214387893676758:23.575685501098633] [-25.052406311035156:26.649019241333008] [-26.373796463012695:29.309803009033203] [-25.274051666259766:32.080001831054688] [-24.800785064697266:34.453334808349609] [-24.622016906738281:36.893726348876953] [-24.679903030395508:39.973724365234375] [-25.903081893920898:42.108234405517578] [-24.608123779296875:44.737255096435547] [-27.645881652832031:47.723529815673828] [-27.188850402832031:48.278823852539062] [-27.605377197265625:49.909801483154297] [-26.75663948059082:50.381961822509766] [-27.354330062866211:50.342742919921875] [-30.751764297485352:52.160781860351562] [-27.929304122924805:53.063137054443359] [-28.552406311035156:53.026275634765625] [-27.132884979248047:53.074115753173828] [-28.967449188232422:56.340000152587891] [-29.376583099365234:54.759212493896484] [-27.995630264282227:51.036472320556641] [-28.15208625793457:51.672943115234375] [-27.642072677612305:52.930980682373047] [-27.306737899780273:52.524703979492188] [-27.992549896240234:51.689804077148438] [-29.173431396484375:49.923137664794922] [-29.548627853393555:50.178432464599609] [-30.848922729492188:48.658432006835938] [-32.824901580810547:48.380001068115234] [-30.863531112670898:44.809803009033203] [-32.476764678955078:44.785099029541016] [-32.592254638671875:43.024314880371094] [-34.357551574707031:41.577255249023438] [-35.516078948974609:40.223529815673828] [-36.489608764648438:37.958431243896484] [-37.052841186523438:33.409412384033203] [-38.631767272949219:35.985881805419922] [-41.137256622314453:33.982746124267578] [-39.545589447021484:34.431766510009766] [-40.169803619384766:35.136470794677734] [-40.47784423828125:32.743923187255859] [-43.641277313232422:29.23176383972168] [-42.758625030517578:29.103137969970703] [-44.251960754394531:28.95294189453125] [-45.920394897460938:27.740785598754883] [-45.957645416259766:25.461959838867188] [-46.393234252929688:26.949020385742188] [-48.145389556884766:26.561960220336914] [-47.446372985839844:32.365489959716797] [-47.565097808837891:34.129020690917969] [-47.614311218261719:32.685489654541016] [-50.079704284667969:33.330982208251953] [-48.343334197998047:35.152549743652344] [-49.401470184326172:35.691371917724609] [-49.608921051025391:35.232940673828125] [-49.543628692626953:37.582351684570312] [-48.223037719726562:42.203136444091797] [-49.146080017089844:43.480785369873047] [-49.885883331298828:43.513725280761719] [-50.181861877441406:45.181961059570312] [-49.870979309082031:44.949409484863281] [-49.358726501464844:48.074115753173828] [-49.819900512695312:49.32470703125] [-48.97833251953125:51.004314422607422] [-49.952938079833984:51.09686279296875] [-51.260688781738281:54.159214019775391] [-48.178428649902344:55.147056579589844] [-49.066764831542969:56.186664581298828] [-49.673236846923828:57.325489044189453] [-49.862941741943359:59.670978546142578] [-48.651470184326172:60.5313720703125] [-48.849216461181641:65.175689697265625] [-50.794803619384766:61.961566925048828] [-50.631664276123047:62.884315490722656] [-50.150489807128906:63.683135986328125] [-51.701667785644531:64.278038024902344] [-51.086666107177734:64.590591430664062] [-52.223724365234375:67.777252197265625] [-52.8067626953125:66.285881042480469] [-52.015880584716797:64.946273803710938] [-53.847743988037109:61.069805145263672] [-54.230880737304688:62.994510650634766] [-55.430095672607422:62.231372833251953] [-54.959606170654297:62.4447021484375] [-55.471275329589844:60.27490234375] [-56.650688171386719:59.196468353271484] [-57.518333435058594:56.230587005615234] [-57.977352142333984:55.236473083496094] [-56.678920745849609:53.882354736328125] [-59.222156524658203:51.530590057373047] [-59.240882873535156:50.692157745361328] [-60.700489044189453:49.863529205322266] [-63.816173553466797:46.571372985839844] [-64.556861877441406:45.270980834960938] [-64.879310607910156:41.001174926757812] [-68.293037414550781:38.738037109375] [-67.882545471191406:37.305492401123047] [-69.683822631835938:33.860393524169922] [-72.095489501953125:32.424705505371094] [-71.535194396972656:33.247058868408203] [-73.289405822753906:31.859214782714844] [-75.305976867675781:31.262746810913086] [-75.44000244140625:30.696079254150391] [-74.500289916992188:32.241962432861328] [-76.408134460449219:29.49725341796875] [-77.023330688476562:29.185489654541016] [-77.299514770507812:29.933725357055664] [-75.84735107421875:31.179609298706055] [-78.431076049804688:27.868625640869141] [-78.962448120117188:28.433725357055664] [-79.816566467285156:26.910587310791016] [-81.047843933105469:29.995292663574219] [-80.6439208984375:32.167449951171875] [-79.169700622558594:31.559215545654297] [-81.452354431152344:31.55372428894043] [-80.950294494628906:31.960000991821289] [-81.329704284667969:35.280784606933594] [-82.270103454589844:36.030197143554688] [-81.557846069335938:34.674118041992188] [-81.960395812988281:39.896862030029297] [-81.989906311035156:40.171371459960938] [-83.401275634765625:41.732940673828125] [-83.726959228515625:42.968235015869141] [-83.378532409667969:43.244705200195312] [-84.042259216308594:45.569805145263672] [-82.750297546386719:45.960391998291016] [-83.120002746582031:45.454902648925781] [-83.599319458007812:47.046272277832031] [-83.571083068847656:48.826667785644531] [-84.356269836425781:50.448234558105469] [-86.365394592285156:50.089412689208984] [-86.120681762695312:55.312156677246094] [-86.10430908203125:55.369804382324219] [-85.503433227539062:55.474903106689453] [-86.235885620117188:55.018039703369141] [-86.725494384765625:53.713333129882812] [-86.251274108886719:55.359607696533203] [-87.681083679199219:54.759609222412109] [-87.438529968261719:54.609806060791016] [-88.625:54.388236999511719] [-89.152252197265625:54.502742767333984] [-90.002647399902344:53.711372375488281] [-91.3306884765625:54.241958618164062] [-91.044509887695312:52.393333435058594] [-91.97686767578125:50.692546844482422] [-93.247642517089844:49.721569061279297] [-93.650787353515625:48.731372833251953] [-95.055885314941406:47.417255401611328] [-94.411376953125:45.817649841308594] [-97.962837219238281:43.132156372070312] [-97.131271362304688:39.079998016357422] [-98.411170959472656:38.963920593261719] [-99.444900512695312:37.985095977783203] [-99.398330688476562:35.386276245117188] [-102.76058959960938:35.593334197998047] [-103.59244537353516:32.356472015380859] [-105.36146545410156:34.240394592285156] [-105.39470672607422:30.405488967895508] [-106.49882507324219:28.963138580322266] [-107.78696441650391:25.574901580810547] [-108.70646667480469:26.014900207519531] [-109.52068328857422:24.356863021850586] [-110.75666809082031:22.772941589355469] [-111.50402069091797:23.123529434204102] [-112.24617767333984:23.070589065551758] [-112.76637268066406:23.079608917236328] [-113.67470550537109:24.053646087646484] [-113.75901794433594:22.879018783569336] [-114.98568725585938:22.425752639770508] [-116.97166442871094:23.214967727661133] [-117.63676452636719:23.275032043457031] [-118.010986328125:24.23521614074707] [-118.06166839599609:24.896419525146484] [-117.8251953125:25.107843399047852] [-119.35421752929688:25.06549072265625] [-119.78823852539062:24.560783386230469] [-119.90725708007812:25.34705924987793] [-119.47176361083984:25.670587539672852] [-119.70814514160156:26.851764678955078] [-119.81813812255859:28.342351913452148] [-119.99186706542969:31.260784149169922] [-118.36244964599609:28.9188232421875] [-119.5567626953125:32.932941436767578] [-118.94107818603516:34.005882263183594] [-119.49069213867188:31.351764678955078] [-119.94147491455078:31.699605941772461] [-119.10411834716797:39.065097808837891] [-120.01538848876953:40.296470642089844] [-120.55813598632812:45.341175079345703] [-119.85538482666016:44.165882110595703] [-119.60597991943359:42.084705352783203] [-120.69304656982422:43.08392333984375] [-121.72853088378906:46.394119262695312] [-121.74274444580078:48.687450408935547] [-121.85813140869141:45.573722839355469] [-121.90264129638672:42.092159271240234] [-121.99891662597656:43.338825225830078] [-122.75049591064453:43.664314270019531] [-123.53529357910156:42.959999084472656] [-123.62401580810547:44.256076812744141] [-123.63922119140625:45.409412384033203] [-124.39402008056641:44.364311218261719] [-125.03500366210938:43.5184326171875] [-124.65167236328125:44.281570434570312] [-124.47088623046875:43.523529052734375] [-125.22352600097656:41.511764526367188] [-126.05979919433594:40.2564697265625] [-126.68116760253906:39.694118499755859] [-127.31049346923828:38.8560791015625] [-129.12068176269531:37.299999237060547] [-130.96577453613281:34.356468200683594] [-130.961181640625:31.546667098999023] [-130.78305053710938:30.167842864990234] [-132.28422546386719:29.472549438476562] [-134.02284240722656:29.43450927734375] [-134.98019409179688:28.855295181274414] [-135.83029174804688:27.682352066040039] [-137.57736206054688:26.210588455200195] [-139.26353454589844:24.961177825927734] [-139.06941223144531:24.292942047119141] [-138.79754638671875:23.741176605224609] [-141.45411682128906:23.167058944702148] [-144.20225524902344:22.841176986694336] [-144.936279296875:22.658117294311523] [-145.46607971191406:24.490196228027344] [-145.96745300292969:24.684379577636719] [-146.19108581542969:24.538692474365234] [-147.27842712402344:23.732549667358398] [-148.71470642089844:25.052549362182617] [-148.835693359375:23.432548522949219] [-148.60235595703125:25.840293884277344] [-149.90216064453125:25.008235931396484] [-151.77687072753906:27.046276092529297] [-153.05685424804688:25.996078491210938] [-154.10902404785156:26.307058334350586] [-153.35107421875:26.032155990600586] [-152.50578308105469:25.754901885986328] [-152.59196472167969:25.467058181762695] [-152.79756164550781:27.263528823852539] [-153.52607727050781:28.263530731201172] [-154.27381896972656:29.159999847412109] [-154.62156677246094:29.757646560668945] [-155.0543212890625:30.191764831542969] [-155.0792236328125:31.350587844848633] [-155.1553955078125:32.720001220703125] [-155.52490234375:37.140056610107422] [-155.95108032226562:35.702705383300781] [-156.06205749511719:35.174118041992188]
tree_sizes=2831 2866 2861 2880 2876 2876 2872 2872 2893 2875 2880 2868 2900 2875 2893 2878 2875 2879 2895 2898 2899 2886 2893 2905 2906 2913 2907 2896 2899 2930 2904 2879 2882 2906 2884 2901 2889 2892 2888 2888 2901 2894 2906 2902 2899 2907 2910 2876 2915 2903 2897 2912 2908 2896 2886 2920 2910 2918 2901 2915 2923 2889 2930 2890 2933 2910 2905 2906 2891 2891 2929 2921 2915 2933 2915 2907 2934 2906 2911 2932

Tree=0
num_leaves=31
num_cat=0
split_feature=299 299 299 299 299 299 299 299 44 299 299 299 299 299 299 181 284 293 299 299 160 294 293 253 299 293 299 271 291 294
split_gain=504780 134277 90857.1 49099 43778 24015.3 22085.8 17438.9 10545.6 8818.93 8030.98 3359.96 3300.44 2743.17 2655.94 2481.83 1648.64 1558.2 1164.71 1077.32 970.335 948.441 725.888 713.168 688.252 643.428 625.648 527.924 506.355 454.59
threshold=-9.3328785896301252 -0.20823530107736585 -23.046188354492184 -4.2440242767333975 12.101323604583742 -14.833927154541014 -30.182942390441891 3.3583559989929204 -10.072352886199949 -2.434723854064941 -6.5837361812591544 -18.653985023498532 -12.324445724487303 1.449607849121094 5.7765879631042489 17.541275024414066 9.3217110633850115 -0.93614381551742543 -5.3593602180480948 -3.4166544675827022 -5.9614593982696524 -6.8627166748046866 -14.433006286621092 5.8094513416290292 -25.675490379333493 -9.1225166320800763 -1.3900001049041746 -27.748627662658688 -0.76517650485038746 -18.433526039123532
decision_type=2 2 2 2 2 2 2 2 2 2 2 2 2 2 2 2 2 2 2 2 2 2 2 2 2 2 2 2 2 2
left_child=2 3 6 10 7 11 8 13 -1 19 21 29 -7 28 -9 -6 -17 20 -12 -5 -11 -2 -13 -16 -8 -14 -22 -10 -3 -4
right_child=1 4 5 9 15 12 24 14 27 17 18 22 25 -15 23 16 -18 -19 -20 -21 26 -23 -24 -25 -26 -27 -28 -29 -30 -31
leaf_value=-6.2140380661971593 -3.7918384820489344 -3.4098186954255736 -4.4345737240157783 -3.5699034131316663 -2.7420889762991556 -4.0615181077249023 -4.7510601805549122 -3.1898079242721624 -5.2819489590534774 -3.649314118324555 -3.6668351648637327 -4.2385097103040428 -3.9398620724800284 -3.2941665779883711 -3.0784559306524408 -2.4142762756129081 -1.9886112354815557 -3.4362441729070978 -3.6122107859085655 -3.5298665425654554 -3.4930242514047363 -3.7203595015076969 -4.1126087201877644 -2.9415477753081256 -4.5824438602471931 -3.8581601941362633 -3.4573375531329953 -5.0134815951142597 -3.3627218580170064 -4.3098866558262889
leaf_weight=36 1037 801 258 2729 28 569 114 780 47 87 1656 438 733 1603 322 46 45 2515 2376 4372 3650 840 155 135 129 359 1851 30 1985 102
leaf_count=36 1037 801 258 2729 28 569 114 780 47 87 1656 438 733 1603 322 46 45 2515 2376 4372 3650 840 155 135 129 359 1851 30 1985 102
internal_value=-3.56219 -3.49379 -4.18073 -3.55211 -3.27947 -4.07867 -4.93011 -3.29954 -5.50762 -3.50457 -3.67442 -4.27875 -3.96388 -3.34628 -3.13373 -2.33044 -2.20378 -3.46893 -3.63465 -3.54525 -3.48364 -3.75985 -4.2056 -3.03801 -4.66155 -3.913 -3.48102 -5.17735 -3.37626 -4.39925
internal_weight=29828 26858 2970 21113 5745 2614 356 5626 113 15204 5909 953 1661 4389 1237 119 91 8103 4032 7101 5588 1877 593 457 243 1092 5501 77 2786 360
internal_count=29828 26858 2970 21113 5745 2614 356 5626 113 15204 5909 953 1661 4389 1237 119 91 8103 4032 7101 5588 1877 593 457 243 1092 5501 77 2786 360
is_linear=0
shrinkage=1


Tree=1
num_leaves=31
num_cat=0
split_feature=299 299 299 299 299 299 299 299 44 299 299 299 299 299 299 181 299 284 293 299 299 212 240 242 299 255 249 293 273 293
split_gain=455646 118052 87523.3 39990 39509.6 30368.1 15965.9 15738.6 9517.38 6843 6806.42 2475.72 2448.38 2278.78 2253.53 2239.85 1791.08 1487.89 1076.1 1057.93 979.336 898.304 828.121 759.489 621.146 528.413 485.737 464.86 456.922 419.666
threshold=-8.8686537742614728 -0.20823530107736585 -20.048726081848141 -3.9956535100936885 12.101323604583742 -30.182942390441891 -13.16462182998657 3.3583559989929204 -10.072352886199949 -6.06909155845642 -2.1360032558441158 1.449607849121094 7.2229645252227792 -16.15642166137695 -23.046188354492184 17.541275024414066 -10.793580532073973 9.3217110633850115 -0.93614381551742543 -2.9411536455154415 -7.3690526485443106 -6.9119775295257559 -4.1247549057006827 4.2005653381347665 -25.675490379333493 -11.674117565155028 -23.717877388000485 0.16638236492872241 -3.8725122213363643 -16.518236160278317
decision_type=2 2 2 2 2 2 2 2 2 2 2 2 2 2 2 2 2 2 2 2 2 2 2 2 2 2 2 2 2 2
left_child=2 3 5 9 7 8 13 11 -1 20 19 27 23 25 24 -6 -8 -17 21 28 -2 -12 -11 -9 -7 -4 -10 -3 -5 -16
right_child=1 4 6 10 15 14 16 12 26 22 18 -13 -14 -15 29 17 -18 -19 -20 -21 -22 -23 -24 -25 -26 -27 -28 -29 -30 -31
leaf_value=-2.519663492838542 -0.20184018699071743 0.15556314273444388 -0.69525443675906162 -0.016349025192268864 0.77868826729910712 -1.129834412691886 -0.39543923770680145 0.34485064522694736 -1.6244767731311276 -0.085686258945850968 -0.093379453681919689 0.25421432523673876 0.55421390450156938 -0.52255030890920329 -0.85158706790996053 1.0901102895322052 -0.28793185075311761 1.4944918060302737 0.12268404248931229 0.045409382153495582 -0.13463926520714395 0.083492467163337608 -0.038331474262241677 0.43977633794148768 -0.96964906204578494 -0.5588807248521126 -1.3589280348557693 0.19641381733124777 0.01994871581941491 -0.63874574074378376
leaf_weight=36 930 1377 387 1266 28 114 714 708 51 1384 73 1603 229 582 212 46 847 45 2314 3761 1300 4320 2773 300 129 87 26 1409 2751 26
leaf_count=36 930 1377 387 1266 28 114 714 708 51 1384 73 1603 229 582 212 46 847 45 2314 3761 1300 4320 2773 300 129 87 26 1409 2751 26
internal_value=-0.000408428 0.0674669 -0.563049 0.0122222 0.268175 -1.11097 -0.438683 0.249105 -1.84857 -0.0920033 0.0581793 0.204708 0.406631 -0.588836 -0.937692 1.16975 -0.337106 1.29008 0.095089 0.026352 -0.162665 0.0805533 -0.0540974 0.373102 -1.0448 -0.670224 -1.53481 0.176223 0.0085091 -0.828335
internal_weight=29828 26617 3211 20872 5745 594 2617 5626 113 6387 14485 4389 1237 1056 481 119 1561 91 6707 7778 2230 4393 4157 1008 243 474 77 2786 4017 238
internal_count=29828 26617 3211 20872 5745 594 2617 5626 113 6387 14485 4389 1237 1056 481 119 1561 91 6707 7778 2230 4393 4157 1008 243 474 77 2786 4017 238
is_linear=0
shrinkage=0.05


Tree=2
num_leaves=31
num_cat=0
split_feature=299 299 299 299 299 299 299 299 45 299 299 299 299 299 181 299 218 299 291 293 251 293 212 212 299 293 296 294 164 295
split_gain=411342 109353 73974.7 40081.7 35657.4 19623.1 17989 14267.7 8649.75 7586.6 6168.24 2878.4 2757.24 2698.78 2021.46 1697.72 1351.65 1326.75 1089.36 1023.62 795.57 616.469 584.802 574.936 560.58 556.989 552.936 523.959 515.051 515
threshold=-9.3328785896301252 -0.20823530107736585 -23.046188354492184 -4.3339214324951163 12.101323604583742 -14.833927154541014 -30.182942390441891 3.8825629949569707 -9.9562420845031721 -2.434723854064941 -6.7026360034942618 1.5414597392082217 -18.653985023498532 -12.324445724487303 17.541275024414066 7.2229645252227792 13.440083980560305 -1.1895919442176817 -5.3786096572875968 -3.3243530988693233 -6.0919888019561759 -14.433006286621092 -6.7703921794891349 -5.6901035308837882 -25.675490379333493 -9.1225166320800763 1.7796078324317934 12.162022113800051 -5.5441174507141104 1.8454901576042178
decision_type=2 2 2 2 2 2 2 2 2 2 2 2 2 2 2 2 2 2 2 2 2 2 2 2 2 2 2 2 2 2
left_child=2 3 6 10 7 12 8 11 -1 19 20 -3 -4 -7 -6 29 27 23 -12 -5 -2 -14 -19 -11 -8 -15 -13 -16 -21 -9
right_child=1 4 5 9 14 13 24 15 -10 17 18 26 21 25 16 -17 -18 22 -20 28 -22 -23 -24 -25 -26 -27 -28 -29 -30 -31
leaf_value=-2.4229574764476105 -0.21704839791322864 0.16904361712593285 -0.75667626274956601 -0.0087011260702251556 0.73975437709263403 -0.45118893051817888 -1.0733425207305374 0.26388062312430943 -1.4691562314576743 -0.049532403897494082 -0.10588690165875606 0.21610443411871444 -0.61158473045314288 -0.34188118696538039 0.8931865147181921 0.52650322393558946 1.5146250043596541 -0.088392301855815786 -0.050636805342207325 -0.10150076889911214 -0.14974304381488027 -0.4955601255355343 0.11444526687183135 0.071500106823754503 -0.92116708681564929 -0.26586508711068413 0.27405129939753836 1.1990691048758371 0.031554958536508033 0.38697714678562473
leaf_weight=34 860 2902 360 3013 28 569 114 97 79 100 1372 688 438 733 21 229 28 36 2551 74 897 155 2749 5218 129 359 1025 42 4243 685
leaf_count=34 860 2902 360 3013 28 569 114 97 79 100 1372 688 438 733 21 229 28 36 2551 74 897 155 2749 5218 129 359 1025 42 4243 685
internal_value=-0.000388007 0.0613569 -0.558753 0.00872874 0.254766 -0.466664 -1.23493 0.23665 -1.75614 0.0505231 -0.10483 0.199382 -0.647523 -0.362896 1.11126 0.406771 1.22557 0.0838655 -0.0699596 0.0136644 -0.182687 -0.581258 0.111823 0.0692242 -0.992558 -0.316891 0.250778 1.09711 0.0292742 0.371708
internal_weight=29828 26858 2970 21113 5745 2614 356 5626 113 15433 5680 4615 953 1661 119 1011 91 8103 3923 7330 1757 593 2785 5318 243 1092 1713 63 4317 782
internal_count=29828 26858 2970 21113 5745 2614 356 5626 113 15433 5680 4615 953 1661 119 1011 91 8103 3923 7330 1757 593 2785 5318 243 1092 1713 63 4317 782
is_linear=0
shrinkage=0.05


Tree=3
num_leaves=31
num_cat=0
split_feature=298 298 298 298 240 298 298 297 56 289 295 295 293 291 247 295 295 294 298 249 293 150 219 164 298 297 241 237 247 175
split_gain=363032 90889.4 64835.5 34345.4 32896 17963.4 16187.4 13074.7 8100.33 6869.52 6404.67 2535.51 2470.35 2425.72 2201.92 2175.82 2165.94 1682.06 1442.58 1136.66 1048.39 984.495 747.202 733.655 686.827 677.498 669.788 647.329 633.197 624.691
threshold=-9.5466966629028303 -0.15567694604396817 -23.265294075012203 -4.5032989978790274 11.864052772521974 -14.792321681976317 -30.528627395629879 3.5167380571365361 -9.5091667175292951 -2.1348730325698848 -5.9984595775604239 12.204117774963381 -17.403643608093258 0.69914177060127269 -3.655247569084167 6.1119816303253183 -11.378357410430906 -1.1327668428421018 -7.1839306354522696 -3.7503646612167354 -3.1058177947998042 -16.122447967529293 12.697396278381349 -4.9309945106506339 -18.826393127441403 9.0045094490051287 1.7008537054061892 -5.6969935894012442 -0.16725489497184751 -0.6127614676952361
decision_type=2 2 2 2 2 2 2 2 2 2 2 2 2 2 2 2 2 2 2 2 2 2 2 2 2 2 2 2 2 2
left_child=2 3 6 10 7 12 8 13 -1 14 18 -6 24 29 23 -9 -7 -11 -2 -12 -16 -10 -13 -5 -4 -17 -15 -18 -19 -3
right_child=1 4 5 9 11 16 -8 15 21 17 19 22 -14 26 20 25 27 28 -20 -21 -22 -23 -24 -25 -26 -27 -28 -29 -30 -31
leaf_value=-2.3914279280037714 -0.20613798913658699 0.10674916073383151 -0.75021772051191005 -0.10655936106127135 0.70663180881076393 -0.40422328366529225 -0.94250370807727524 0.30756773069680454 -1.6472727457682295 0.060337085407074498 -0.084007399661584908 1.098354112877036 -0.54174647571095524 0.19130188995011627 0.0045621172536265348 0.40909097055288463 -0.30560916358902612 0.093959594060212051 -0.12485069367364482 -0.023380577906028377 0.04530313665722549 -1.2875885009765626 1.4140427359219256 -0.020586233299944405 -0.62284276826041085 0.55216611570066154 0.24990711676107868 -0.18377889743218057 0.14471837244048064 0.15934442351003425
leaf_weight=29 1156 954 286 294 36 745 239 830 30 4511 1683 53 497 1429 2808 325 676 2103 1034 1430 3608 52 29 1591 168 111 740 130 868 1383
leaf_count=29 1156 954 286 294 36 745 239 830 30 4511 1683 53 497 1429 2808 325 676 2103 1034 1430 3608 52 29 1591 168 111 740 130 868 1383
internal_value=-0.000368607 0.0563488 -0.536837 0.00784247 0.23 -0.447673 -1.17424 0.213105 -1.67319 0.0448315 -0.102246 1.05643 -0.618767 0.173217 0.0135144 0.355076 -0.342766 0.0795767 -0.167759 -0.0561576 0.0274726 -1.41918 1.21 -0.0339953 -0.703083 0.445516 0.211296 -0.285959 0.108789 0.137874
internal_weight=29828 26976 2852 21086 5890 2502 350 5772 111 15783 5303 118 951 4506 8301 1266 1551 7482 2190 3113 6416 82 82 1885 454 436 2169 806 2971 2337
internal_count=29828 26976 2852 21086 5890 2502 350 5772 111 15783 5303 118 951 4506 8301 1266 1551 7482 2190 3113 6416 82 82 1885 454 436 2169 806 2971 2337
is_linear=0
shrinkage=0.05


Tree=4
num_leaves=31
num_cat=0
split_feature=299 299 299 299 299 299 299 299 45 299 299 299 299 187 299 299 299 218 294 212 299 241 247 133 257 294 241 291 299 249
split_gain=336086 87784.1 64510.3 31408.4 28303.9 22393.7 11778.1 10525.6 7486.13 6014.08 5057.13 1783.31 1712.92 1648.7 1634 1374.05 1325.81 1230.13 1006.03 878.802 827.619 725.658 651.311 581.221 571.391 536.549 441.603 421.224 420.287 368.625
threshold=-8.8686537742614728 0.064352925866842284 -20.048726081848141 -3.9956535100936885 12.101323604583742 -30.182942390441891 -13.732353210449217 3.8825629949569707 -9.9562420845031721 -2.1360032558441158 -6.06909155845642 1.8547986745834353 -10.793580532073973 18.11074256896973 -25.675490379333493 7.2229645252227792 -16.925929069519039 13.440083980560305 -0.87696075439453114 -6.7703921794891349 -2.9411536455154415 -5.5571067333221427 -3.93666660785675 -5.8313724994659415 -12.297468662261961 12.162022113800051 1.8022584915161135 1.0000000180025095e-35 -1.0220409631729124 -9.7047171592712385
decision_type=2 2 2 2 2 2 2 2 2 2 2 2 2 2 2 2 2 2 2 2 2 2 2 2 2 2 2 2 2 2
left_child=2 3 5 10 7 8 16 11 -1 20 21 27 -8 -6 -7 26 -4 25 19 -11 -5 -2 -12 -21 -16 -15 -9 -3 -25 -18
right_child=1 4 6 9 13 14 12 15 -10 18 22 -13 -14 17 24 -17 29 -19 -20 23 -22 -23 -24 28 -26 -27 -28 -29 -30 -31
leaf_value=-2.2077121510225184 -0.17369129671997272 0.14003280731236065 -0.59451713454555466 0.0064057170439633026 0.66950116838727691 -0.97052237527412277 -0.34838821484846771 0.27757120598446239 -1.3203824200207674 -0.088177327548756332 -0.069825846846523779 0.23563940736669053 -0.24725621030913333 0.79555431863536008 -0.77174026143234398 0.47688452041825874 -0.49209098153644143 1.3912788108543115 0.10952953224252333 -0.092078511975705629 0.039043195664137803 -0.11593927973411729 -0.029834272203947371 0.066584697647361205 -0.53672782182693479 1.0972776087318978 0.36113345211510983 0.18076934529130773 0.10109845621964748 -0.39353446679956772
leaf_weight=34 941 1025 355 4017 28 114 828 220 79 85 1782 1352 847 23 339 229 468 27 2714 52 3761 1289 2375 3212 28 41 562 1666 1216 119
leaf_count=34 941 1025 355 4017 28 114 828 220 79 85 1782 1352 847 23 339 229 468 27 2714 52 3761 1289 2375 3212 28 41 562 1666 1216 119
internal_value=-0.000350177 0.0579438 -0.483567 0.0133456 0.24282 -0.953974 -0.376796 0.224873 -1.58737 0.0527568 -0.079564 0.18879 -0.297249 1.00501 -0.805172 0.369168 -0.518241 1.10825 0.0854219 0.0710893 0.0221874 -0.140309 -0.0469776 0.0741111 -0.75381 0.988846 0.337625 0.165253 0.0760627 -0.472111
internal_weight=29828 26617 3211 21444 5173 594 2617 5054 113 15057 6387 4043 1675 119 481 1011 942 91 7279 4565 7778 2230 4157 4480 367 64 782 2691 4428 587
internal_count=29828 26617 3211 21444 5173 594 2617 5054 113 15057 6387 4043 1675 119 481 1011 942 91 7279 4565 7778 2230 4157 4480 367 64 782 2691 4428 587
is_linear=0
shrinkage=0.05


Tree=5
num_leaves=31
num_cat=0
split_feature=299 299 299 299 299 299 299 299 7 299 299 299 299 299 7 299 299 286 299 236 291 288 237 212 247 294 160 251 296 247
split_gain=303570 80147.5 57703.3 27284.8 23625.7 17576.5 13482.7 10271.5 6112.95 4625.15 3029.69 2811.77 1904.03 1752.99 1464.69 1405.23 1185.87 880.297 727.439 657.429 606.247 592.636 519.728 515.692 505.402 480.174 463.792 399.027 389.374 387.574
threshold=-8.8686537742614728 -0.75529411435127247 -20.048726081848141 12.101323604583742 -4.5271067619323722 -30.182942390441891 2.6164286136627202 -13.16462182998657 2.7774353027343754 -2.7127149105072017 -6.4623091220855704 5.7765879631042489 0.5500592589378358 -25.675490379333493 4.9909093379974374 -16.925929069519039 -10.793580532073973 9.8100986480712908 -1.9576470255851743 -2.5497028827667232 -4.9763233661651602 -30.438570022583004 7.6294255256652841 -7.3797197341918936 -4.6164109706878653 3.7347093820571904 -5.4490029811859122 -17.071564674377438 1.4114117622375491 -11.902083396911619
decision_type=2 2 2 2 2 2 2 2 2 2 2 2 2 2 2 2 2 2 2 2 2 2 2 2 2 2 2 2 2 2
left_child=2 4 5 6 10 8 12 15 21 19 24 25 23 -7 -5 -4 -9 -16 -11 -6 -12 -1 -13 -3 -2 -8 -20 -15 -14 -17
right_child=1 3 7 14 9 13 11 16 -10 18 20 22 28 27 17 29 -18 -19 26 -21 -22 -23 -24 -25 -26 -27 -28 -29 -30 -31
leaf_value=-1.3077846679687501 -0.16103168327494921 -0.1023044811991545 -0.55996104124247525 0.74298139299665189 -0.012493839267672226 -0.9380357869466146 0.24292115891939298 -0.32391202044051076 -1.9808612923873099 0.043197864571125871 -0.086355958041256717 0.38808524582412218 0.16111035558992343 -0.7715071606081586 0.95617822345934433 -0.47745214206069264 -0.23580264374704074 1.3152130865281628 -0.053220629083438657 0.019338652673515692 -0.042489250172143694 -1.0170862409803603 0.52349036823619499 0.12137047241519996 -0.10284010444657277 0.30508910269374528 0.075596097356110767 -0.66529530588087149 0.20139114022799279 -0.40386129617691041
leaf_weight=50 1255 26 353 42 3253 120 733 711 38 3528 1439 364 1327 172 38 335 825 31 71 3235 1740 27 88 2899 531 539 4408 182 1095 384
leaf_count=50 1255 26 353 42 3253 120 733 711 38 3528 1439 364 1327 172 38 335 825 31 71 3235 1740 27 88 2899 531 539 4408 182 1095 384
internal_value=-4.96029e-05 0.0551957 -0.460433 0.197947 0.00251124 -0.90742 0.185737 -0.359484 -1.46194 0.0347547 -0.0916214 0.307329 0.146533 -0.772885 0.97578 -0.478261 -0.276588 1.11748 0.0601787 0.00337825 -0.0623459 -1.20585 0.414447 0.119382 -0.143731 0.269264 0.0735541 -0.716901 0.179322 -0.438149
internal_weight=29839 26642 3197 7182 19460 589 7071 2608 115 14495 4965 1724 5347 474 111 1072 1536 69 8007 6488 3179 77 452 2925 1786 1272 4479 354 2422 719
internal_count=29839 26642 3197 7182 19460 589 7071 2608 115 14495 4965 1724 5347 474 111 1072 1536 69 8007 6488 3179 77 452 2925 1786 1272 4479 354 2422 719
is_linear=0
shrinkage=0.05


Tree=6
num_leaves=31
num_cat=0
split_feature=299 299 299 256 299 299 299 299 7 299 299 299 299 299 299 295 291 247 251 35 294 286 251 299 219 212 299 289 292 240
split_gain=274021 74375.7 48771.9 24726.7 23851.8 12643.5 12298.5 9886.88 5516.93 4174.2 3553.41 2426.8 2193.68 2142.7 1451.63 1317.27 734.636 693.957 636.414 599.584 582.905 537.206 517.402 515.232 511.47 483.945 440.233 371.729 370.13 366.793
threshold=-9.3328785896301252 -0.75529411435127247 -23.046188354492184 11.91052293777466 -4.5271067619323722 -14.201942920684813 2.9795291423797612 -30.182942390441891 2.7774353027343754 -2.7127149105072017 -6.8144705295562735 -18.653985023498532 5.7765879631042489 0.82898694276809703 -11.531425476074217 12.204117774963381 -5.3786096572875968 -1.6551899313926695 -3.5884875059127803 -5.2279529571533194 -14.518041610717772 -30.228482246398922 -6.0919888019561759 8.5732970237731951 12.697396278381349 -7.3797197341918936 -25.675490379333493 -2.1348730325698848 0.44866289198398596 2.2199999094009404
decision_type=2 2 2 2 2 2 2 2 2 2 2 2 2 2 2 2 2 2 2 2 2 2 2 2 2 2 2 2 2 2
left_child=2 4 7 6 10 11 13 8 21 18 22 -4 29 25 -7 -5 -12 19 -6 -11 -13 -1 -2 -14 -17 -3 -9 -20 -15 -8
right_child=1 3 5 15 9 14 12 26 -10 17 16 20 23 28 -16 24 -18 -19 27 -21 -22 -23 -24 -25 -26 -27 -28 -29 -30 -31
leaf_value=-1.245392468510842 -0.18080372420051838 -0.097189256205008581 -0.62131999622691758 0.63279958871694708 -0.02340003789328329 -0.34255156102968531 0.23138506968142625 -0.89113382975260425 -1.881818159003007 -0.096215402285257989 -0.091544060660047055 -0.49150313090502734 0.36266861881118229 0.15121991529234105 -0.24542209982014387 0.95052092930056009 -0.045092482212624421 0.073567480859397516 0.0029763297091334896 0.04636798170137741 -0.3943505045572917 -0.97085063116891046 -0.12475304304117181 0.48142306615435893 1.214704350062779 0.11935757862811247 -0.75483194986979174 0.032834605867012603 0.19523911312812925 0.29122009277343752
leaf_weight=49 817 26 352 26 1669 714 472 120 38 75 1419 492 332 703 834 53 2127 3573 3294 4359 225 28 830 126 28 3367 117 1525 1489 560
leaf_count=49 817 26 352 26 1669 714 472 120 38 75 1419 492 332 703 834 53 2127 3573 3294 4359 225 28 830 126 28 3367 117 1525 1489 560
internal_value=-4.71228e-05 0.0503193 -0.455872 0.18805 7.65048e-05 -0.38155 0.17664 -1.00843 -1.38884 0.0330169 -0.0918687 -0.513801 0.30427 0.142591 -0.290222 0.94245 -0.063681 0.0571698 0.00320933 0.0439562 -0.461016 -1.14556 -0.152557 0.395339 1.04184 0.117698 -0.823846 0.0124252 0.181122 0.263854
internal_weight=29839 26870 2969 7182 19688 2617 7075 352 115 14495 5193 1069 1490 5585 1548 107 3546 8007 6488 4434 717 77 1647 458 81 3393 237 4819 2192 1032
internal_count=29839 26870 2969 7182 19688 2617 7075 352 115 14495 5193 1069 1490 5585 1548 107 3546 8007 6488 4434 717 77 1647 458 81 3393 237 4819 2192 1032
is_linear=0
shrinkage=0.05


Tree=7
num_leaves=31
num_cat=0
split_feature=299 299 299 299 299 299 299 299 7 299 299 299 299 299 7 294 299 286 299 246 242 293 35 299 288 212 293 297 240 299
split_gain=247410 65265.3 47079.6 22322.1 19215.9 14289.3 11030.8 8379.34 4979.03 3781.17 2487.08 2481.55 1416.68 1406.85 1216.39 1163.81 960.795 742.926 722.303 583.544 564.257 533.486 526.564 509.595 486.902 424.558 422.112 342.258 336.007 335.78
threshold=-8.8686537742614728 -0.75529411435127247 -20.048726081848141 12.101323604583742 -4.5271067619323722 -30.182942390441891 2.4579929113388066 -13.16462182998657 2.7774353027343754 -2.587236642837524 5.2846777439117441 -6.5837361812591544 -25.675490379333493 0.5500592589378358 4.9909093379974374 -14.518041610717772 -10.793580532073973 9.8100986480712908 -3.4799036979675289 -1.2897881865501402 4.2005653381347665 -4.2818627357482901 -5.2279529571533194 -16.925929069519039 -30.438570022583004 -8.1968975067138654 -5.7399561405181876 -2.2866013050079341 0.12602061033248904 -23.046188354492184
decision_type=2 2 2 2 2 2 2 2 2 2 2 2 2 2 2 2 2 2 2 2 2 2 2 2 2 2 2 2 2 2
left_child=2 4 5 6 11 8 13 15 24 18 28 26 -7 25 -5 23 -9 -16 -6 22 -12 -13 -11 -4 -1 -3 -2 -15 -8 -14
right_child=1 3 7 14 9 12 10 16 -10 19 20 21 29 27 17 -17 -18 -19 -20 -21 -22 -23 -24 -25 -26 -27 -28 -29 -30 -31
leaf_value=-1.180675048828125 -0.14751646791143877 -0.12203816980123522 -0.51865701764543481 0.67004510788690474 -0.012410945838420236 -0.84657750447591151 0.17918604869674482 -0.29220768624049537 -1.787727245531584 -0.087378171861988235 0.29786074564337189 -0.072700869679621208 -0.71709052191840283 0.055425433721393351 0.86314470391524467 -0.36735819263278313 -0.21289928644353695 1.192978225215789 0.0196757625098723 0.075153199845889834 0.40059318876127464 -0.030912954688072203 0.047951488605096459 -0.4299733103597565 -0.91718189098216873 0.10912208605216399 -0.090456970221871963 0.16332434100470603 0.24626643748424032 -0.61356875906513719
leaf_weight=50 1223 20 321 42 3184 120 227 711 38 73 219 2101 117 76 38 424 825 31 3905 2650 343 1200 4683 327 27 2905 441 2230 1051 237
leaf_count=50 1223 20 321 42 3184 120 227 711 38 73 219 2101 117 76 38 424 825 31 3905 2650 343 1200 4683 327 27 2905 441 2230 1051 237
internal_value=-4.47669e-05 0.0498293 -0.415667 0.178647 0.00228712 -0.819416 0.167603 -0.324483 -1.3194 0.0313661 0.2729 -0.0826071 -0.698111 0.130565 0.882196 -0.431763 -0.24961 1.01133 0.00526413 0.0563508 0.36056 -0.0575099 0.0458743 -0.473905 -1.08828 0.107542 -0.132394 0.159768 0.234352 -0.647784
internal_weight=29839 26642 3197 7182 19460 589 7071 2608 115 14495 1840 4965 474 5231 111 1072 1536 69 7089 7406 562 3301 4756 648 77 2925 1664 2306 1278 354
internal_count=29839 26642 3197 7182 19460 589 7071 2608 115 14495 1840 4965 474 5231 111 1072 1536 69 7089 7406 562 3301 4756 648 77 2925 1664 2306 1278 354
is_linear=0
shrinkage=0.05


Tree=8
num_leaves=31
num_cat=0
split_feature=299 299 299 256 299 299 299 299 7 299 299 299 299 299 299 295 299 291 234 251 286 299 249 219 212 292 299 292 284 240
split_gain=223292 60569.6 39710.3 20283.4 19415.1 10374.4 10040.3 8052.93 4493.58 3626.49 2691.77 2014.6 1778.2 1755.96 1234.6 1080.51 823.643 579.723 509.679 468.668 441.361 436.847 428.893 423.553 421.526 361.971 358.575 346.813 339.494 338.509
threshold=-9.3328785896301252 -0.75529411435127247 -23.046188354492184 11.91052293777466 -4.63610816001892 -15.588038921356199 2.9795291423797612 -30.182942390441891 2.7774353027343754 -2.9153677225112911 -6.8144705295562735 -12.324445724487303 5.7765879631042489 0.82898694276809703 -18.653985023498532 12.204117774963381 -1.9848130941390989 -5.7030651569366446 -3.4784859418869014 -4.838453769683837 -30.228482246398922 8.5732970237731951 -0.093949563801288591 12.697396278381349 -6.9119775295257559 -9.615254878997801 -25.675490379333493 -11.130849361419676 -2.8020447492599483 1.0000000180025095e-35
decision_type=2 2 2 2 2 2 2 2 2 2 2 2 2 2 2 2 2 2 2 2 2 2 2 2 2 2 2 2 2 2
left_child=2 4 7 6 10 14 13 8 20 18 19 27 -8 22 -4 -5 -11 -12 -6 -2 -1 -14 24 -17 -3 -13 -9 -7 -18 -15
right_child=1 3 5 15 9 11 12 26 -10 16 17 25 21 29 -16 23 28 -19 -20 -21 -22 -23 -24 -25 -26 -27 -28 -29 -30 -31
leaf_value=-1.1243576361208547 -0.15431282116067241 -0.097237599718159651 -0.56129791953346941 0.57253441443810105 -0.027163090264444714 -0.36100420133654043 0.23831175743609437 -0.80424845377604182 -1.6983408777337325 0.033249398772338921 -0.087847485423904581 -0.25774247445395548 0.32660973100777135 0.13502028312170522 -0.43806916869355839 0.85989506559551898 0.038807333670170328 -0.044073094292878 0.0067894880122060051 -0.094863733325315558 -0.87550889423915335 0.43595828707256018 0.12862385259750317 1.100303431919643 0.094723968354419014 -0.19877123795615304 -0.68123560196314115 -0.28004641587393625 0.071055846419438254 0.17705442479965261
leaf_weight=49 1187 29 352 26 1488 542 1032 120 38 4344 1168 617 332 707 481 53 1061 2146 4298 460 28 126 1301 28 2063 450 117 175 3536 1485
leaf_count=49 1187 29 352 26 1488 542 1032 120 38 4344 1168 617 332 707 481 53 1061 2146 4298 460 28 126 1301 28 2063 450 117 175 3536 1485
internal_value=-4.25281e-05 0.0454233 -0.411517 0.169715 8.29248e-05 -0.344453 0.159381 -0.910111 -1.25343 0.0289011 -0.0854653 -0.276427 0.2747 0.128616 -0.490142 0.85298 0.0488607 -0.0595011 -0.00194218 -0.137709 -1.03387 0.356693 0.106082 0.942999 0.0920629 -0.232872 -0.743521 -0.341245 0.0636128 0.163497
internal_weight=29839 26870 2969 7182 19688 2617 7075 352 115 14727 4961 1784 1490 5585 833 107 8941 3314 5786 1647 77 458 3393 81 2092 1067 237 717 4597 2192
internal_count=29839 26870 2969 7182 19688 2617 7075 352 115 14727 4961 1784 1490 5585 833 107 8941 3314 5786 1647 77 458 3393 81 2092 1067 237 717 4597 2192
is_linear=0
shrinkage=0.05


Tree=9
num_leaves=31
num_cat=0
split_feature=299 299 299 299 299 299 299 299 7 299 299 299 242 299 187 252 293 286 293 35 293 239 293 293 299 282 160 293 299 296
split_gain=201645 53251.4 38413.1 17799.4 16798.2 11616.3 8000.83 6814.95 4055.45 3163.98 2669.42 1515.87 1253.44 1144.61 1028.51 983.774 814.038 661.365 646.54 543.511 521.616 519.507 475.094 463.242 447.363 414.444 396.72 366.821 364.634 353.112
threshold=-8.8686537742614728 -0.48786802589893336 -20.048726081848141 12.101323604583742 -3.9956535100936885 -30.182942390441891 3.3583559989929204 -13.16462182998657 2.7774353027343754 -6.06909155845642 -2.1360032558441158 1.449607849121094 4.2005653381347665 -25.675490379333493 18.11074256896973 -12.575170040130613 -9.9374809265136701 12.868235111236574 -3.3243530988693233 -5.2279529571533194 -5.7399561405181876 -1.7955126762390134 -0.93614381551742543 0.11469433084130289 6.3696792125701913 -31.092496871948239 -5.4490029811859122 -10.802309513092039 -16.925929069519039 3.0519381761550908
decision_type=2 2 2 2 2 2 2 2 2 2 2 2 2 2 2 2 2 2 2 2 2 2 2 2 2 2 2 2 2 2
left_child=2 4 5 6 9 8 11 15 25 20 18 23 29 -7 -5 28 -9 -16 -6 -20 -2 -11 26 -3 -14 -1 -12 -17 -4 -8
right_child=1 3 7 14 10 13 12 16 -10 21 22 -13 24 -15 17 27 -18 -19 19 -21 -22 -23 -24 -25 -26 -27 -28 -29 -30 -31
leaf_value=-1.0748503989361702 -0.12580949259683355 0.095160967345124858 -0.48041521803777026 0.52908551251446756 -0.003528392294193208 -0.76403594970703126 0.18277398706451664 -0.25837371849928886 -1.6134238293296415 -0.043870854287363925 -0.048465557503946051 0.1709174249686447 0.28799608624170697 -0.58534752797272249 0.80282762315538203 -0.3608289380163141 -0.18522484512384149 1.1268314906529018 -0.10487537248568102 0.028974527378563791 -0.074527432126541657 0.0036601384031531093 0.081679724847321528 0.13170908257455535 0.38338038126627605 -0.83698085784912113 0.053858929519076018 -0.24697229776037743 -0.39578062589051299 0.25573200458159379
leaf_weight=47 1546 1827 266 27 2632 120 246 843 38 3421 97 1632 252 354 63 479 693 21 77 5045 730 691 1897 1650 240 30 4039 83 244 509
leaf_count=47 1546 1827 266 27 2632 120 246 843 38 3421 97 1632 252 354 63 479 693 21 77 5045 730 691 1897 1650 240 30 4039 83 244 509
internal_value=-4.04018e-05 0.0449852 -0.375258 0.169841 0.00496339 -0.739957 0.158879 -0.292894 -1.19076 -0.0620632 0.0360191 0.131164 0.272427 -0.630585 0.79754 -0.389642 -0.225371 0.883829 0.0166126 0.0269623 -0.109361 -0.0358835 0.0609616 0.112505 0.334525 -0.982174 0.0514592 -0.344014 -0.439923 0.23196
internal_weight=29839 26642 3197 6467 20175 589 6356 2608 115 6388 13787 5109 1247 474 111 1072 1536 84 7754 5122 2276 4112 6033 3477 492 77 4136 562 510 755
internal_count=29839 26642 3197 6467 20175 589 6356 2608 115 6388 13787 5109 1247 474 111 1072 1536 84 7754 5122 2276 4112 6033 3477 492 77 4136 562 510 755
is_linear=0
shrinkage=0.05


Tree=10
num_leaves=31
num_cat=0
split_feature=299 299 299 299 250 291 241 3 299 299 299 299 293 295 296 242 299 288 11 100 285 285 77 248 162 299 299 189 291 295
split_gain=183050 50545 33450.4 19182.5 15469.1 8309.72 7786.79 6848.56 6001.84 4060.41 2823.73 1405.55 1268.07 1181.77 1024.85 957.909 818.174 731.505 542.902 575.916 531.183 500.005 494.347 445.767 398.298 390.913 345.102 324.131 320.274 307.951
threshold=-9.3328785896301252 0.064352925866842284 -23.046188354492184 -3.7703920602798457 12.758286476135256 -14.170943260192869 -23.288798332214352 3.2694678306579594 3.8825629949569707 -5.7956759929656974 -1.7459999918937681 -16.925929069519039 -11.164088726043699 12.204117774963381 1.5899424552917483 4.9573869705200204 -7.5082809925079337 -3.3314448595046993 -1.8313828110694883 -13.680915355682371 -1.9855392575263975 13.586545944213869 2.1538592576980595 -3.0511348247528072 -2.8440393209457393 -13.732353210449217 -25.675490379333493 -1.3554118275642393 -6.4404299259185782 2.5609545707702641
decision_type=2 2 2 2 2 2 2 2 2 2 2 2 2 2 2 2 2 2 2 2 2 2 2 2 2 2 2 2 2 2
left_child=2 3 6 9 8 11 7 18 14 16 17 -4 25 -6 -3 29 -2 -5 -1 -20 22 -15 -12 -11 -24 -7 -8 -19 -14 -10
right_child=1 4 5 10 13 12 26 -9 15 23 20 -13 28 21 -16 -17 -18 27 19 -21 -22 -23 24 -25 -26 -27 -28 -29 -30 -31
leaf_value=-0.73323974990844731 -0.1390427555799042 0.11892921214870751 -0.48354126787276153 -9.6974789009739959e-05 0.51408264160156258 -0.33927738421103537 -0.71477054147159358 -1.8043748092651368 0.17417641660592853 -0.041169565944289471 0.052691662267580042 -0.35923377364873887 -0.21294625399334688 0.76615753173828127 0.17002986656567207 0.34464712229905525 -0.083899530929983368 0.023244160236804909 -1.1780791418892997 -0.87572958999209938 0.078791186345966838 1.0375166575113932 -0.12988998631281512 -0.0089944391180606029 0.05180370106168513 -0.26360210237544701 -0.59764765551966481 0.046118016008255484 -0.11156340255293735 0.25752459797365912
leaf_weight=25 1078 2412 527 2400 40 272 136 30 137 2745 1491 400 827 58 1654 329 1789 3954 28 36 3947 24 70 1771 53 458 117 2546 86 580
leaf_count=25 1078 2412 527 2400 40 272 136 30 137 2745 1491 400 827 58 1654 329 1789 3954 28 36 3947 24 70 1771 53 458 117 2546 86 580
internal_value=0.000220957 0.0409179 -0.374352 0.00747906 0.180474 -0.310208 -0.817495 -1.15105 0.167195 -0.0580962 0.0409582 -0.429903 -0.242675 0.736892 0.139716 0.274011 -0.104634 0.0234934 -0.930826 -1.00801 0.0689094 0.84558 0.0447438 -0.0285517 -0.0515992 -0.291799 -0.660607 0.0322037 -0.203397 0.241599
internal_weight=30020 27078 2942 21844 5234 2570 372 119 5112 7383 14461 927 1643 122 4066 1046 2867 8900 89 64 5561 82 1614 4516 123 730 253 6500 913 717
internal_count=30020 27078 2942 21844 5234 2570 372 119 5112 7383 14461 927 1643 122 4066 1046 2867 8900 89 64 5561 82 1614 4516 123 730 253 6500 913 717
is_linear=0
shrinkage=0.05


Tree=11
num_leaves=31
num_cat=0
split_feature=299 299 299 299 254 293 249 3 299 299 299 299 293 295 241 293 232 293 293 292 115 212 299 299 114 285 251 164 299 240
split_gain=165202 45645.6 30189 16776.7 14237.5 7540.98 7239.91 7395.16 5907.42 3692.39 2113.48 1513.74 1202.2 1117.68 898.851 784.53 714.415 651.112 594.285 538.219 598.846 535.543 489.7 423.702 390.134 386.44 384.237 368.919 340.871 309.815
threshold=-9.3328785896301252 -0.10402964428067206 -23.046188354492184 -4.5271067619323722 13.178431034088137 -13.876312255859373 -23.717877388000485 3.2694678306579594 3.1623529195785527 -2.434723854064941 -7.0911223888397208 -17.78078460693359 5.1516776084899911 12.204117774963381 -8.5023899078369123 0.5896078646183015 -1.5219607949256895 -3.3243530988693233 -4.9813163280487052 -30.652025222778317 -13.718157291412352 -7.2005524635314933 8.5732970237731951 -12.324445724487303 4.6428935527801523 13.586545944213869 -6.3488769531249991 -5.5441174507141104 -1.125373840332031 1.382261395454407
decision_type=2 2 2 2 2 2 2 2 2 2 2 2 2 2 2 2 2 2 2 2 2 2 2 2 2 2 2 2 2 2
left_child=2 3 6 10 8 11 7 19 15 17 26 -4 -10 -6 -7 -3 21 -5 -12 20 -1 -11 -14 -13 -23 -15 -2 -19 -18 -17
right_child=1 4 5 9 13 14 -8 -9 12 16 18 23 22 25 -16 29 28 27 -20 -21 -22 24 -24 -25 -26 -27 -28 -29 -30 -31
leaf_value=-1.154742637047401 -0.15121983129278396 0.10070095720922259 -0.46902238325639206 -0.010265741818405033 0.47690132336738789 -0.26161421465660029 -0.62440631200396834 -1.8077595438276017 0.20436610293915583 -0.0961505152083732 -0.071674749138753227 -0.36066858214205921 0.27574791991919806 0.7289962151954914 -0.18494992345292993 0.12949993620316189 0.055131268017769547 -0.093501414482792228 -0.032106438790514169 -0.73874925466684205 -0.81854329992223684 0.041223693032847342 0.39120537135912026 -0.21848087639644229 -0.15318390956291786 0.96097578452183652 -0.099330607024955248 0.020600310960502747 0.082077220409256246 0.16837204499859229
leaf_weight=26 678 1927 440 3399 39 781 252 28 814 74 1971 542 456 58 749 1320 2786 72 1830 39 27 3466 115 58 26 26 753 4402 2028 838
leaf_count=26 678 1927 440 3399 39 781 252 28 814 74 1971 542 456 58 749 1320 2786 72 1830 39 27 3466 115 58 26 26 753 4402 2028 838
internal_value=0.000209909 0.038872 -0.355634 0.00575007 0.166107 -0.294697 -0.776621 -1.09627 0.154144 0.0308182 -0.0721232 -0.398581 0.243382 0.6981 -0.224084 0.123889 0.0539179 0.00623107 -0.0526245 -0.87973 -0.983471 0.0369555 0.299001 -0.346924 0.0397762 0.800799 -0.123915 0.0187641 0.0664828 0.144595
internal_weight=30020 27078 2942 21485 5593 2570 372 120 5470 16253 5232 1040 1385 123 1530 4085 8380 7873 3801 92 53 3566 571 600 3492 84 1431 4474 4814 2158
internal_count=30020 27078 2942 21485 5593 2570 372 120 5470 16253 5232 1040 1385 123 1530 4085 8380 7873 3801 92 53 3566 571 600 3492 84 1431 4474 4814 2158
is_linear=0
shrinkage=0.05


Tree=12
num_leaves=31
num_cat=0
split_feature=299 299 299 299 299 291 241 51 299 299 135 299 299 293 299 293 289 285 251 292 299 160 234 255 232 183 14 299 293 212
split_gain=149095 41226.9 27245.6 14079.5 13339.8 6826.16 6413.48 6401.95 5639.04 3025.54 2836.06 1328.28 1151.85 1081.47 980.02 847.037 686.101 675.677 444.739 437.576 402.951 389.8 330.477 313.739 307.945 304.604 415.747 302.645 300.633 293.465
threshold=-9.3328785896301252 -0.75529411435127247 -23.046188354492184 8.5732970237731951 -4.9668934345245352 -14.170943260192869 -23.288798332214352 -9.4829511642456037 2.4579929113388066 -3.1025171279907222 19.032352447509769 -7.3690526485443106 -16.925929069519039 -10.802309513092039 0.48749577999114996 5.1516776084899911 -2.1048235893249507 13.586545944213869 -3.6237165927886958 -5.4728455543518058 -13.732353210449217 -4.8909389972686759 -0.27010317146778101 -4.1164052486419669 -0.12814749777317044 -18.469422340393063 -0.65647056698799122 -25.675490379333493 -1.7634314298629759 -8.1968975067138654
decision_type=2 2 2 2 2 2 2 2 2 2 2 2 2 2 2 2 2 2 2 2 2 2 2 2 2 2 2 2 2 2
left_child=2 4 6 8 11 12 7 -1 14 18 -5 23 -4 20 29 22 21 -12 -6 -13 -7 -11 -10 -2 -16 26 -9 -8 -20 -3
right_child=1 3 5 10 9 13 27 25 15 16 17 19 -14 -15 24 -17 -18 -19 28 -21 -22 -23 -24 -25 -26 -27 -28 -29 -30 -31
leaf_value=-1.6865665830414871 -0.13311011581180188 -0.10573972775822593 -0.43700478135747745 0.37134274270037099 -0.027901316532465237 -0.30833772502065138 -0.64612880033605247 -0.79688014348347991 0.11638328017582272 -0.040676782769151036 0.64966394524825244 -0.080352378457706028 -0.32447379934787751 -0.17845891482019946 0.096959799360682053 0.25967032076132418 0.050181204148033759 0.9589685854704485 -0.0036646373324880476 -0.042761297141556194 -0.23426609509928045 0.026996237585217686 0.19241494000632114 -0.057070376876837171 0.13539002719496965 -0.72948516845703137 -1.0911827754974366 -0.53644706530448716 0.036736019428693846 0.081865128279932836
leaf_weight=29 1040 21 527 139 1849 279 136 30 165 224 76 1516 400 827 752 495 5313 23 3344 1582 537 4252 1068 156 1699 40 20 117 534 2830
leaf_count=29 1040 21 527 139 1849 279 136 30 165 224 76 1516 400 827 752 495 5313 23 3344 1582 537 4252 1068 156 1699 40 20 117 534 2830
internal_value=0.000199414 0.0369284 -0.337852 0.138785 -0.00044109 -0.279963 -0.73779 -1.0405 0.12598 0.0211435 0.517006 -0.078435 -0.388448 -0.218754 0.100415 0.204421 0.0380314 0.721523 -0.00772255 -0.0611564 -0.259592 0.0236096 0.18224 -0.123192 0.123599 -0.832327 -0.914601 -0.595406 0.00189853 0.0804833
internal_weight=30020 27078 2942 7268 19810 2570 372 119 7030 15516 238 4294 927 1643 5302 1728 9789 99 5727 3098 816 4476 1233 1196 2451 90 50 253 3878 2851
internal_count=30020 27078 2942 7268 19810 2570 372 119 7030 15516 238 4294 927 1643 5302 1728 9789 99 5727 3098 816 4476 1233 1196 2451 90 50 253 3878 2851
is_linear=0
shrinkage=0.05


Tree=13
num_leaves=31
num_cat=0
split_feature=299 299 299 299 299 296 249 46 299 299 299 294 299 242 251 292 242 226 4 232 285 77 164 292 299 251 299 186 296 251
split_gain=134558 37243.6 24589.2 14252 11490.1 6226.62 5976.25 6527.81 4482.33 3392.56 1883.2 1027.35 971.807 929.932 726.706 668.801 644.78 505.661 460.67 449.687 427.989 395.459 347.899 338.193 327.332 296.415 287.726 285.926 272.365 269.973
threshold=-9.3328785896301252 0.064352925866842284 -23.046188354492184 -3.5994428396224971 12.101323604583742 -14.634477138519285 -23.717877388000485 -9.8584203720092756 3.3583559989929204 -5.7956759929656974 -1.7459999918937681 -17.462434768676754 -12.324445724487303 4.2005653381347665 -5.7845132350921622 12.574411869049074 0.4200000017881394 -2.4502110481262203 2.9451990127563481 -3.3077970743179317 -1.8696274161338804 2.1538592576980595 -2.1843204498291011 -11.42656898498535 6.3696792125701913 -6.8732302188873282 1.8547986745834353 -12.155772209167479 -10.292598247528074 -18.456569671630856
decision_type=2 2 2 2 2 2 2 2 2 2 2 2 2 2 2 2 2 2 2 2 2 2 2 2 2 2 2 2 2 2
left_child=2 3 6 9 8 11 7 -1 16 14 17 27 28 -10 -2 -6 -3 -5 -17 -11 21 -12 -23 -13 -15 -14 -18 -4 -7 -8
right_child=1 4 5 10 15 12 29 -9 13 19 20 23 25 24 -16 18 26 -19 -20 -21 -22 22 -24 -25 -26 -27 -28 -29 -30 -31
leaf_value=-1.566013881138393 -0.11867934876279869 0.094839054201189321 -0.47261490982570004 0.0051856564736156687 0.50329705004422176 -0.2695611858190986 -0.60018537116773207 -0.75467759076286767 0.19025513409638128 -0.038712302646760288 0.045751172102366885 -0.32976508550934547 -0.19421312630824422 0.23916069001752616 -0.067981834767314231 0.53861456274986264 0.12067618456383465 0.031046333188121431 0.82423131316900256 -0.0089547744533644939 0.068994465201127661 -0.11930923356976308 0.048212571523406293 -0.16613239663488724 0.31991479237874354 -0.13423071816250995 0.15917536861581399 -0.39128140813654122 -0.17015072062045714 -0.49133530540027837
leaf_weight=35 1265 1810 178 2915 53 539 165 85 769 2320 1632 443 736 263 1602 20 1229 5377 48 2804 3803 71 55 34 240 286 802 275 79 87
leaf_count=35 1265 1810 178 2915 53 539 165 85 769 2320 1632 443 736 263 1602 20 1229 5377 48 2804 3803 71 55 34 240 286 802 275 79 87
internal_value=0.000189443 0.035082 -0.32096 0.00637827 0.154876 -0.265964 -0.7009 -0.991317 0.14348 -0.0467974 0.0370523 -0.369314 -0.207357 0.224831 -0.090351 0.636447 0.11654 0.0219552 0.740226 -0.0224281 0.0595635 0.0391619 -0.0461846 -0.318102 0.277691 -0.177427 0.135879 -0.42324 -0.256853 -0.562606
internal_weight=30020 27078 2942 21844 5234 2570 372 120 5113 7991 13853 930 1640 1272 2867 121 3841 8292 68 5124 5561 1758 126 477 503 1022 2031 453 618 252
internal_count=30020 27078 2942 21844 5234 2570 372 120 5113 7991 13853 930 1640 1272 2867 121 3841 8292 68 5124 5561 1758 126 477 503 1022 2031 453 618 252
is_linear=0
shrinkage=0.05


Tree=14
num_leaves=31
num_cat=0
split_feature=299 299 294 299 246 249 3 299 299 299 299 253 293 290 242 245 251 251 293 292 115 289 212 232 284 247 119 133 292 297
split_gain=121518 32527 24538.8 12114.3 9979.14 9063.51 6378.44 3625.2 3440.38 2423.45 1993.42 1003.65 830.091 818.528 701.886 570.723 501.531 484.705 481.602 442.155 457.703 439.518 386.585 379.689 352.422 321.968 292.036 290.953 260.838 237.697
threshold=-8.6143140792846662 0.43009804189205175 -18.433526039123532 -3.5378117561340328 12.565624237060549 -23.717877388000485 3.2694678306579594 -12.324445724487303 3.8825629949569707 -5.5596795082092276 -1.7459999918937681 -18.387169837951657 -13.876312255859373 12.301199436187746 4.9573869705200204 1.3309019804000857 -6.8732302188873282 -5.1909446716308585 -0.4447058886289596 -30.652025222778317 -13.718157291412352 -2.1048235893249507 -6.7703921794891349 -3.1128659248352046 -1.9283660650253294 -3.7564723491668697 -1.6631372570991514 -6.0206732749938956 0.75663870573043834 -21.356683731079098
decision_type=2 2 2 2 2 2 2 2 2 2 2 2 2 2 2 2 2 2 2 2 2 2 2 2 2 2 2 2 2 2
left_child=2 3 5 9 8 6 19 12 15 17 21 -7 -4 -6 28 24 -9 -2 22 20 -1 25 -12 -11 -3 -5 -14 -24 -10 -13
right_child=1 4 7 10 13 11 -8 16 14 23 18 29 26 -15 -16 -17 -18 -19 -20 -21 -22 -23 27 -25 -26 -27 -28 -29 -30 -31
leaf_value=-0.98387718200683594 -0.096552844314132566 0.051830876050828562 -0.31747201816091003 -0.019433058330681499 0.50013958656624569 -0.55016514277128581 -1.6002252033778601 -0.18080996347791203 0.10103871542673844 -0.03246966745529524 -0.06467030734232028 -0.46258168824111356 -0.24422012150408531 0.76596558888753252 0.28448701077196969 0.14847211185170262 -0.11738238683841772 -0.055483391864569069 0.078821581542157362 -0.61393674850463875 -0.6899557890715422 0.035254407112147827 -0.11864558088779449 -0.0048809627384822562 0.11297631327695812 0.017155988804461141 -0.11115944186846416 0.052449034202189299 0.20607388286959907 -0.38256849479675292
leaf_weight=26 1422 269 636 709 73 217 28 941 65 2407 73 158 493 48 332 1191 466 1452 2080 40 27 3389 25 2588 1901 3956 45 4086 652 225
leaf_count=26 1422 269 636 709 73 217 28 941 65 2407 73 158 493 48 332 1191 466 1452 2080 40 27 3389 25 2588 1901 3956 45 4086 652 225
internal_value=0.000179971 0.0355448 -0.285973 0.0106139 0.157624 -0.543863 -0.938623 -0.213932 0.145333 -0.0392231 0.0380037 -0.464253 -0.278803 0.605591 0.224383 0.120661 -0.159803 -0.0758038 0.0591585 -0.739431 -0.834144 0.0215506 0.0493833 -0.0181755 0.105397 0.0115951 -0.233091 0.0514086 0.196552 -0.415577
internal_weight=30020 26718 3302 22187 4531 721 121 2581 4410 7869 14318 600 1174 121 1049 3361 1407 2874 6264 93 53 8054 4184 4995 2170 4665 538 4111 717 383
internal_count=30020 26718 3302 22187 4531 721 121 2581 4410 7869 14318 600 1174 121 1049 3361 1407 2874 6264 93 53 8054 4184 4995 2170 4665 538 4111 717 383
is_linear=0
shrinkage=0.05


Tree=15
num_leaves=31
num_cat=0
split_feature=299 299 299 250 299 296 299 299 299 113 8 299 247 299 295 257 258 22 293 249 151 293 179 189 133 255 285 298 295 235
split_gain=107449 28370.6 21236.6 9464.68 8924.51 4755.94 3929.92 3876.35 1617.07 1494.12 1800.96 1492.07 915.598 806.812 797.125 772.107 625.992 502.751 501.63 457.726 457.115 412.699 356.313 353.66 335.932 330.976 314.081 309.031 280.479 248.057
threshold=-8.2233891487121564 -1.0000000180025095e-35 -18.653985023498532 12.758286476135256 -3.5994428396224971 -30.310294151306149 4.1476085186004648 -12.324445724487303 -5.421069622039794 -13.596798896789549 -0.46116340160369867 -1.9848130941390989 -16.840164184570309 2.0715770721435551 12.204117774963381 -11.815951824188231 6.1612746715545663 -4.3746321201324454 -9.1225166320800763 -1.5783333182334898 -13.904118061065672 -5.0487580299377433 -1.8700980544090269 -1.6179901361465452 -6.2106897830963126 -0.67421820759773243 13.586545944213869 -25.837342262268063 2.1859313249588017 -5.1793358325958243
decision_type=2 2 2 2 2 2 2 2 2 2 2 2 2 2 2 2 2 2 2 2 2 2 2 2 2 2 2 2 2 2
left_child=2 4 5 6 8 9 13 15 21 10 -1 23 27 25 -5 -4 28 -11 -9 24 -19 -2 -10 -6 -13 -3 -16 -7 -8 -17
right_child=1 3 7 14 11 12 16 18 22 17 -12 19 -14 -15 26 29 -18 20 -20 -21 -22 -23 -24 -25 -26 -27 -28 -29 -30 -31
leaf_value=-0.71753107417713524 -0.077235250711320702 0.071523526547346866 -0.3033473395532178 0.39180399576822916 0.0083851882621007508 -0.56841930259357809 0.10877256142465692 -0.17195733310719138 -0.026760504545615901 -0.47443353652954107 -1.3731021404266359 -0.11899543574878149 -0.3766561237170542 0.14162111899209404 0.60783815737123847 -0.23017618025445136 0.30114631652832036 -0.92706396920340406 -0.11638398898221054 0.061833672347810058 -0.62290717760721848 -0.035772822349052123 0.002831055160898429 0.030780331817336221 0.036917964687573711 0.10610038890479634 0.82219506835937506 -0.46538133155467903 0.21001448224060729 -0.080017137527465823
leaf_weight=22 1981 1062 620 36 4283 110 76 868 2924 25 20 35 278 1260 54 533 191 21 763 3776 30 861 1560 2996 2676 1987 25 215 685 29
leaf_count=22 1981 1062 620 36 4283 110 76 868 2924 25 20 35 278 1260 54 533 191 21 763 3776 30 861 1560 2996 2676 1987 25 215 685 29
internal_value=0.000975332 0.0355508 -0.257979 0.138086 0.0094163 -0.50008 0.128277 -0.195926 -0.0351672 -0.790374 -1.02971 0.0331428 -0.443273 0.107965 0.586809 -0.264873 0.220216 -0.65811 -0.14596 0.0505799 -0.748148 -0.064674 -0.0164655 0.0176029 0.0349051 0.0940569 0.675673 -0.500256 0.199904 -0.222428
internal_weight=30002 26468 3534 5376 21092 721 5261 2813 7326 118 42 13766 603 4309 115 1182 952 76 1631 6487 51 2842 4484 7279 2711 3049 79 325 761 562
internal_count=30002 26468 3534 5376 21092 721 5261 2813 7326 118 42 13766 603 4309 115 1182 952 76 1631 6487 51 2842 4484 7279 2711 3049 79 325 761 562
is_linear=0
shrinkage=0.05


Tree=16
num_leaves=31
num_cat=0
split_feature=299 299 299 299 251 245 299 299 299 299 283 113 247 295 299 257 258 247 248 114 288 293 239 21 291 35 285 295 293 295
split_gain=96995.3 26213.4 17882.6 8880.5 8552.01 4339.29 3544.4 2968.17 1562.09 1517.62 1085.32 1914.67 841.204 767.378 732.171 696.826 569.923 444.269 426.297 419.725 393.841 361.591 328.655 325.216 296.422 291.9 266.617 256.576 237.061 236.418
threshold=-8.6143140792846662 -1.0000000180025095e-35 -18.653985023498532 -3.7703920602798457 12.607885360717775 -23.499960899353024 4.1476085186004648 -12.324445724487303 -5.7956759929656974 -1.9848130941390989 -31.282950401306149 -13.596798896789549 -16.840164184570309 12.204117774963381 1.5414597392082217 -11.815951824188231 6.1612746715545663 -4.4541962146759024 -1.2739122509956358 5.128875970840455 -3.1585286855697627 -9.1225166320800763 -3.225525856018066 -2.2790598869323726 -22.607102394104 -5.2279529571533194 13.586545944213869 -0.1024089716374874 -9.9374809265136701 -0.91715687513351429
decision_type=2 2 2 2 2 2 2 2 2 2 2 2 2 2 2 2 2 2 2 2 2 2 2 2 2 2 2 2 2 2
left_child=2 3 5 8 6 10 14 15 17 20 11 -1 24 -6 -3 -4 27 -2 19 25 -5 -9 -10 -13 -7 -11 -15 -8 -17 -16
right_child=1 4 7 9 13 12 16 21 22 18 -12 23 -14 26 29 28 -18 -19 -20 -21 -22 -23 -24 -25 -26 -27 -28 -29 -30 -31
leaf_value=-1.1836715172077048 -0.086161426250147319 0.084565647492984855 -0.28817996317340483 -0.00037938519960413486 0.35970730251736116 -0.5173032614702735 0.025337503137795821 -0.16554765307122316 -0.03457657026674138 -0.070003950211309618 -0.5570128067680028 -0.51985150518871492 -0.35733282557645873 0.57345973318273369 0.067096304215731165 -0.22510956285380518 0.28660822416606702 -0.041793970493375229 0.061648877896124388 -0.16416277885437014 0.023327863882109452 -0.11392105645308757 -0.007584634899246873 -0.78675576591491703 -0.41942712975971735 0.03948673408468481 0.76530799070994071 0.19492233626473709 -0.13490770750267561 0.13160749389746071
leaf_weight=29 1602 2457 620 2636 36 183 23 809 2257 62 46 21 283 55 155 476 190 871 3052 26 5223 584 2254 25 134 3347 27 737 86 1696
leaf_count=29 1602 2457 620 2636 36 183 23 809 2257 62 46 21 283 55 155 476 190 871 3052 26 5223 584 2254 25 134 3347 27 737 86 1696
internal_value=0.000926565 0.03251 -0.25498 0.00764084 0.131182 -0.475076 0.121735 -0.193353 -0.038598 0.0301511 -0.748222 -0.865497 -0.419992 0.552145 0.102457 -0.251629 0.209154 -0.070535 0.0480509 0.035969 0.0153762 -0.143904 -0.0210896 -0.664908 -0.47593 0.0374954 0.636629 0.18979 -0.211306 0.126205
internal_weight=30002 26706 3296 21330 5376 721 5258 2575 6984 14346 121 75 600 118 4308 1182 950 2473 6487 3435 7859 1393 4511 46 317 3409 82 760 562 1851
internal_count=30002 26706 3296 21330 5376 721 5258 2575 6984 14346 121 75 600 118 4308 1182 950 2473 6487 3435 7859 1393 4511 46 317 3409 82 760 562 1851
is_linear=0
shrinkage=0.05


Tree=17
num_leaves=31
num_cat=0
split_feature=299 299 299 299 250 246 299 299 299 293 6 246 284 294 299 183 252 35 215 251 13 179 249 293 291 289 279 283 255 295
split_gain=87592 23118.3 17380 8113.11 7327.21 4440.03 2680.42 2560.67 1890.23 1261.28 1095.4 1034.38 658.6 580.904 575.051 488.549 441.323 430.339 423.336 406.398 400.895 363.43 336.216 294.441 286.598 260.419 254.127 252.683 228.398 224.686
threshold=-8.2233891487121564 0.48749577999114996 -17.78078460693359 -3.1615995168685909 12.758286476135256 -23.457214355468746 4.8886632919311532 -11.531425476074217 -5.1525390148162833 -1.2201666235923765 2.0706723928451543 -16.840178489685055 9.3217110633850115 -13.925951004028319 2.4579929113388066 -1.9975279569625852 -3.5210458040237422 -5.429710626602172 -6.635896921157836 5.2577562332153329 -2.5093555450439449 -2.4917112588882442 0.038823509588837631 -7.142709255218505 -25.230325698852536 -1.8796078562736509 -30.299028396606442 -4.0992398262023917 -2.4824430942535396 12.204117774963381
decision_type=2 2 2 2 2 2 2 2 2 2 2 2 2 2 2 2 2 2 2 2 2 2 2 2 2 2 2 2 2 2
left_child=2 3 5 8 6 10 14 13 16 15 20 24 29 -4 28 17 -2 -5 -11 -8 -1 -10 -20 -9 -7 -23 -22 -15 -3 -6
right_child=1 4 7 9 12 11 19 23 21 18 -12 -13 -14 27 -16 -17 -18 -19 22 -21 26 25 -24 -25 -26 -27 -28 -29 -30 -31
leaf_value=-0.43862353096837581 -0.065216227904867738 0.043809620444388957 -0.25989020757507858 -0.093779130202407635 0.34574809483119417 -0.52227369485442166 0.18713208736863529 -0.1360219077870026 -0.022405786511105266 -0.1326824060801802 -0.94926136902400438 -0.32934839725494386 0.68214855194091806 -0.19734694928398488 0.13730026062371001 0.035163562808423095 -0.02247621420052133 0.013593809620297912 0.050599272803167041 0.2666826232405734 -0.78759016672770188 -0.0045324674222270806 0.081119266420914493 -0.078587648251073838 -0.41999162665764156 0.028902417915400748 -0.58502933382987976 -0.017106670886278152 0.099066601031208901 0.52365883721245665
leaf_weight=23 2534 204 570 96 35 97 477 1131 2439 29 35 384 44 701 1152 4922 793 3339 3293 242 30 2594 1243 278 233 751 32 20 2245 36
leaf_count=23 2534 204 570 96 35 97 477 1131 2439 29 35 384 44 701 1152 4922 793 3339 3293 242 30 2594 1243 278 233 751 32 20 2245 36
internal_value=0.000880237 0.0320979 -0.232925 0.0111328 0.136252 -0.432433 0.125766 -0.171299 -0.0250006 0.0366096 -0.713843 -0.385138 0.530152 -0.222169 0.108168 0.0250643 -0.055029 0.010593 0.0577452 0.213907 -0.616906 -0.00772808 0.0589627 -0.12469 -0.450056 0.00297414 -0.683043 -0.192347 0.0944637 0.435956
internal_weight=30002 26468 3534 22033 4435 834 4320 2700 9111 12922 120 714 115 1291 3601 8357 3327 3435 4565 719 85 5784 4536 1409 330 3345 62 721 2449 71
internal_count=30002 26468 3534 22033 4435 834 4320 2700 9111 12922 120 714 115 1291 3601 8357 3327 3435 4565 719 85 5784 4536 1409 330 3345 62 721 2449 71
is_linear=0
shrinkage=0.05


Tree=18
num_leaves=31
num_cat=0
split_feature=297 295 291 258 293 246 293 295 251 140 257 6 251 297 293 244 251 284 133 293 160 13 35 297 240 251 290 178 279 291
split_gain=78783.1 21169 14185 7452.92 6223.36 2996.49 2927.63 2629.56 1585.1 1419.87 1211.85 988.596 703.197 661.675 557.438 503.906 498.921 466.036 459.704 436.217 376.559 361.808 356.644 324.685 310.944 290.114 250.946 245.129 229.349 198.77
threshold=-8.7239217758178693 -0.19602612406015393 -19.393528938293453 7.3185679912567148 -4.2818627357482901 -23.457214355468746 -12.365960597991942 3.0261834859848027 -2.3268429040908809 16.876765251159672 -5.2472314834594718 2.0706723928451543 0.27668628096580511 -15.382647037506102 -1.2201666235923765 -16.724657058715817 3.5925936698913579 9.3217110633850115 -5.8313724994659415 -9.9374809265136701 -5.9614593982696524 -2.5093555450439449 -5.0091063976287833 -6.1552469730377188 -2.7312221527099605 -2.3031964302062984 -5.3980391025543204 -1.8173435330390928 -30.299028396606442 -22.607102394104
decision_type=2 2 2 2 2 2 2 2 2 2 2 2 2 2 2 2 2 2 2 2 2 2 2 2 2 2 2 2 2 2
left_child=2 4 5 7 10 11 13 12 20 -5 23 21 -3 -4 22 29 -9 -11 -16 -8 -6 -1 -10 -2 -22 -12 -21 -24 -23 -7
right_child=1 3 6 9 8 15 19 16 14 17 25 -13 -14 -15 18 -17 -18 -19 -20 26 24 28 27 -25 -26 -27 -28 -29 -30 -31
leaf_value=-0.41669235229492191 -0.08980131427378843 0.061525592038052995 -0.28318871622500214 0.2758575202882752 -0.07967846425745985 -0.47276915450122481 -0.16596673866440689 0.13371329019925823 -0.045126098202683075 0.43477839152018227 -0.031077396455068351 -0.90179828030722486 0.10118195484163331 -0.20696561496679478 -0.15140110386742489 -0.33708287453164859 0.19361461403291508 0.65044775674509447 0.055998524750364702 -0.11971981418615132 -0.0079056324246111875 -0.74821053822835293 0.012264619337546887 -0.050011014169682566 0.014146417505767027 0.0057625445643824597 -0.020377152306692944 0.034777631916055311 -0.55577800348401074 -0.38465047894102156
leaf_weight=23 1166 2616 552 129 139 181 667 1061 171 60 2595 35 1952 588 27 196 517 43 2557 692 3089 30 1715 915 3313 673 70 4099 32 99
leaf_count=23 1166 2616 552 129 139 181 667 1061 171 60 2595 35 1952 588 27 196 517 43 2557 692 3089 30 1715 915 3313 673 70 4099 32 99
internal_value=0.000836225 0.028661 -0.235098 0.108195 0.00386658 -0.454862 -0.184114 0.0976939 0.0202742 0.386386 -0.042482 -0.678151 0.0784716 -0.243874 0.0344231 -0.398571 0.153339 0.524815 0.0538314 -0.13644 0.00173846 -0.58606 0.0260436 -0.0723058 0.00350618 -0.0234907 -0.110594 0.0281368 -0.648891 -0.441613
internal_weight=30002 26837 3165 6378 20459 596 2569 6146 15110 232 5349 120 4568 1140 8569 476 1578 103 2584 1429 6541 85 5985 2081 6402 3268 762 5814 62 280
internal_count=30002 26837 3165 6378 20459 596 2569 6146 15110 232 5349 120 4568 1140 8569 476 1578 103 2584 1429 6541 85 5985 2081 6402 3268 762 5814 62 280
is_linear=0
shrinkage=0.05


Tree=19
num_leaves=31
num_cat=0
split_feature=299 299 299 299 299 296 299 299 183 4 138 251 299 246 299 241 241 286 293 183 299 182 236 0 247 26 239 295 285 292
split_gain=71548.5 19169.2 14193.1 6794.13 5438.95 3622.75 2340.21 2104.21 1431.74 2019.42 1393.55 975.507 897.291 822.868 475.004 414.428 390.563 361.025 353.34 324.513 300.882 293.532 282.971 267.081 253.253 245.437 224.108 216.984 216.653 216.455
threshold=-8.2233891487121564 -0.39833958446979517 -17.78078460693359 8.5732970237731951 -3.7703920602798457 -30.310294151306149 2.4579929113388066 -12.324445724487303 -18.469422340393063 1.9699718952178957 17.883563995361332 -4.4994676113128653 -2.1360032558441158 -16.840178489685055 4.8886632919311532 -0.088328629732131944 -10.342686176300047 12.868235111236574 -8.1201953887939435 -2.4074252843856807 -6.1569898128509513 -2.8688551187515254 -0.68460780382156361 -0.10470588877797125 -4.4541962146759024 -2.0461134910583492 0.92531609535217296 0.15397056937217715 -3.8093210458755489 -25.790353775024411
decision_type=2 2 2 2 2 2 2 2 2 2 2 2 2 2 2 2 2 2 2 2 2 2 2 2 2 2 2 2 2 2
left_child=2 4 5 6 11 8 15 16 9 23 -5 20 21 29 -8 28 -4 25 -9 24 -2 -6 -13 -1 -14 -12 -21 -16 -3 -7
right_child=1 3 7 10 12 13 14 18 -10 -11 17 22 19 -15 27 -17 -18 -19 -20 26 -22 -23 -24 -25 -26 -27 -28 -29 -30 -31
leaf_value=-0.73295568444512105 -0.073741084142708885 -0.0082870145984317942 -0.23356598474646129 0.2684799087631119 -0.0092057363900297333 -0.46520621959979719 0.12489296633821219 -0.13416489392804312 -0.45789828830295143 -1.209386718273163 0.60531644225120551 -0.020082554249779071 -0.051805905413828672 -0.29781647365559977 0.018027891665697099 0.089372727538438654 -0.17163243544729134 0.67863342285156258 -0.08316021420648978 0.040061127262512534 -0.039781085071789526 0.016461360697440624 0.028328163243784777 -0.48366570643016271 0.022645168950698916 0.39806891870498662 0.077727972005448787 0.185563111570031 0.062405863494587058 -0.37851258251402115
leaf_weight=22 1195 115 651 143 1381 104 1154 1149 54 21 20 3787 126 378 20 2330 418 25 482 4487 1436 5759 328 21 1222 50 433 574 1883 234
leaf_count=22 1195 115 651 143 1381 104 1154 1149 54 21 20 3787 126 378 20 2330 418 25 482 4487 1436 5759 328 21 1222 50 433 574 1883 234
internal_value=0.000794414 0.0290086 -0.210517 0.105031 0.00519182 -0.390808 0.0947656 -0.154827 -0.647505 -0.807486 0.367093 -0.0314271 0.023616 -0.348503 0.143593 0.0750452 -0.209349 0.515533 -0.119092 0.0374211 -0.0552057 0.0114969 -0.0162238 -0.611209 0.0156861 0.457282 0.0433761 0.179922 0.058337 -0.405188
internal_weight=30002 26468 3534 6314 20154 834 6076 2700 118 64 238 6746 13408 716 1748 4328 1069 95 1631 6268 2631 7140 4115 43 1348 70 4920 594 1998 338
internal_count=30002 26468 3534 6314 20154 834 6076 2700 118 64 238 6746 13408 716 1748 4328 1069 95 1631 6268 2631 7140 4115 43 1348 70 4920 594 1998 338
is_linear=0
shrinkage=0.05


Tree=20
num_leaves=31
num_cat=0
split_feature=299 299 299 299 299 297 29 299 299 175 299 249 246 183 7 246 288 189 257 286 190 212 181 246 284 246 250 291 299 299
split_gain=67252.9 19407.1 11164.9 6584.03 6475.33 3480.04 3135.58 2768.59 1175.27 1107.91 977.83 636.47 550.231 515.53 565.77 493.679 469.439 361.689 319.188 315.135 304.184 286.221 236.246 229.148 218.228 209.828 197.587 185.654 184.485 179.131
threshold=-10.165010929107664 -1.058290362358093 -25.675490379333493 -5.024134397506713 8.5732970237731951 -16.080246925354 -9.3435297012329084 2.4579929113388066 -3.1025171279907222 13.893536090850832 -7.3690526485443106 -0.093949563801288591 -14.839651107788084 -18.469422340393063 0.74023401737213146 -9.091643810272215 3.2092484235763554 -1.1747148036956785 -1.6619845628738401 12.868235111236574 -6.3475046157836905 -6.9119775295257559 -2.6410456895828243 -3.9481503963470455 -3.5983921289443965 -3.0595098733901973 -4.5259897708892813 1.2020167708396914 4.8886632919311532 -13.732353210449217
decision_type=2 2 2 2 2 2 2 2 2 2 2 2 2 2 2 2 2 2 2 2 2 2 2 2 2 2 2 2 2 2
left_child=2 3 6 10 7 12 -1 11 18 -6 23 20 -4 14 -8 29 -9 24 26 -11 -3 -22 -12 -2 -10 -17 -5 -13 -18 -7
right_child=1 4 5 8 9 15 13 16 17 19 22 27 -14 -15 -16 25 28 -19 -20 -21 21 -23 -24 -25 -26 -27 -28 -29 -30 -31
leaf_value=-1.0124152688419119 -0.096857720925441565 -0.13068307787179947 -0.3308042888060666 -0.032500134618239147 0.25240754855899361 -0.21059977119719542 -0.51531905024139968 0.10751614988683292 -0.0030948919090039938 0.4290412712097168 -0.051191063359557747 0.071785307030867315 -0.24990840767316774 -0.43436647371481396 -0.826629592180252 -0.13461288395272175 0.13794666629893934 0.036437357760238535 0.020719857030000885 0.6466740926106771 -0.081213375777006158 0.053319274185465587 -0.021729076096479047 -0.03886559469577594 0.020906236368850552 0.019435714897902117 -0.0060168733078823297 0.098286731041390712 0.18190164646859897 -0.16692026410585248
leaf_weight=34 1347 23 427 856 127 432 54 787 1215 80 1842 1580 414 131 20 568 483 3355 970 21 40 3404 1079 195 4295 23 3974 1136 472 514
leaf_count=34 1347 23 427 856 127 432 54 787 1215 80 1842 1580 414 131 20 568 483 3355 970 21 40 3404 1079 195 4295 23 3974 1136 472 514
internal_value=0.000168951 0.023395 -0.241952 -0.00413736 0.0879896 -0.209211 -0.567715 0.0804316 0.0120454 0.350698 -0.0573125 0.0647451 -0.290982 -0.49396 -0.599457 -0.164469 0.136109 0.0234946 -0.00545395 0.474292 0.0505465 0.0517568 -0.040308 -0.0895241 0.0156138 -0.128618 -0.0107104 0.0828698 0.159671 -0.186867
internal_weight=29898 27281 2617 19128 8153 2378 239 7925 14665 228 4463 6183 841 205 74 1537 1742 8865 5800 101 3467 3444 2921 1542 5510 591 4830 2716 955 946
internal_count=29898 27281 2617 19128 8153 2378 239 7925 14665 228 4463 6183 841 205 74 1537 1742 8865 5800 101 3467 3444 2921 1542 5510 591 4830 2716 955 946
is_linear=0
shrinkage=0.05


Tree=21
num_leaves=31
num_cat=0
split_feature=296 299 296 299 299 299 183 5 174 299 299 299 256 299 284 193 284 229 299 237 174 240 292 237 289 231 35 212 191 101
split_gain=60817.1 17833.2 9858.93 6218.49 6034.25 2909.21 2721.97 7363.92 2555.73 1307.05 1011.9 984.374 526.814 423.25 393.903 358.33 316.818 314.281 272.521 255.486 246.268 245.105 241.097 237.051 221.541 220.376 219.065 214.939 211.041 208.598
threshold=-10.292598247528074 -1.1895919442176817 -25.833440780639645 -5.1525390148162833 4.8886632919311532 -16.15642166137695 -18.469422340393063 1.967170834541321 12.940059661865236 1.449607849121094 -3.3026953935623165 -7.6768822669982901 -14.425744056701658 -12.696525096893309 -1.7344542145729063 -1.844078481197357 9.3217110633850115 -0.69889524579048146 8.5732970237731951 -4.2984492778778067 -5.4689741134643546 1.833058834075928 -30.652025222778317 -1.9796078801155088 -20.448404312133786 -8.0874543190002424 -5.5996682643890372 -7.7667264938354483 -10.037629604339598 -8.9096951484680158
decision_type=2 2 2 2 2 2 2 2 2 2 2 2 2 2 2 2 2 2 2 2 2 2 2 2 2 2 2 2 2 2
left_child=2 3 6 11 9 12 7 22 18 14 17 19 24 -7 20 26 -10 -5 -6 -2 -3 -11 -1 -13 -4 -14 -12 -22 29 -8
right_child=1 4 5 10 8 13 28 -9 16 21 15 23 25 -15 -16 -17 -18 -19 -20 -21 27 -23 -24 -25 -26 -27 -28 -29 -30 -31
leaf_value=-0.60271188836348688 -0.099731405849789026 -0.13745538322698503 -0.35243544768064455 -0.011695987652437215 0.16178169970242484 -0.1897183151376558 -0.37923864145747954 -1.6054406487941741 0.37217062458847511 0.086498164366930724 -0.081662508432681746 -0.045952217175732939 -0.24460074138794685 -0.13479699132310372 0.062718738901237414 0.029202859166317281 0.55050129413604743 0.028567809241095667 0.24235029816627504 -0.041345028606328105 -0.091115311781565345 0.12059516249490637 -0.41643964424729352 6.9893620148965508e-05 -0.28384171997256552 -0.11704715270745128 0.010839439765221483 0.037982657406789785 -0.29915499325954553 -0.51416967489101273
leaf_weight=38 1263 21 195 4653 583 653 61 20 66 1280 65 2569 311 758 4182 4972 40 541 128 220 33 896 32 314 297 38 4179 1403 33 54
leaf_count=38 1263 21 195 4653 583 653 61 20 66 1280 65 2569 311 758 4182 4972 40 541 128 220 33 896 32 314 297 38 4179 1403 33 54
internal_value=0.000160504 0.0216548 -0.236432 -0.00569161 0.0811376 -0.204088 -0.542474 -0.75931 0.210432 0.0676209 0.0101471 -0.0579675 -0.277699 -0.160214 0.0549186 0.020094 0.439465 -0.00750217 0.176286 -0.0910699 0.0325301 0.100538 -0.517559 -0.0409398 -0.311028 -0.230712 0.0094227 0.0350159 -0.410614 -0.442598
internal_weight=29898 27408 2490 18776 8632 2252 238 90 817 7815 14410 4366 841 1411 5639 9216 106 5194 711 1483 1457 2176 70 2883 492 349 4244 1436 148 115
internal_count=29898 27408 2490 18776 8632 2252 238 90 817 7815 14410 4366 841 1411 5639 9216 106 5194 711 1483 1457 2176 70 2883 492 349 4244 1436 148 115
is_linear=0
shrinkage=0.05


Tree=22
num_leaves=31
num_cat=0
split_feature=296 299 296 299 296 183 5 175 299 299 291 299 256 178 250 283 247 286 292 182 133 241 212 295 296 35 291 239 291 296
split_gain=54887.4 16094.4 8906.82 5612.19 5483.83 2849.92 6007.75 1970.38 1915.97 1578.63 925.454 888.398 448.905 395.034 394.061 377.81 318.772 285.303 278.846 267.425 252.27 247.359 240.146 234.465 222.764 221.639 207.377 202.895 201.379 193.622
threshold=-10.292598247528074 -1.1895919442176817 -23.070332527160641 -5.1525390148162833 6.1518218517303476 -18.469422340393063 2.1601742506027226 13.893536090850832 -15.588038921356199 1.5414597392082217 -3.1947711706161495 -7.6768822669982901 -12.25928735733032 -1.4117059111595152 3.158859491348267 -0.79355549812316883 -8.8499016761779767 12.868235111236574 -30.652025222778317 -2.9294227361679073 -6.2106897830963126 -5.3696584701538077 -6.7703921794891349 1.197949290275574 -1.4036306142807005 -5.2279529571533194 1.6703827977180483 7.7875490188598642 -13.09453248977661 -18.734811782836911
decision_type=2 2 2 2 2 2 2 2 2 2 2 2 2 2 2 2 2 2 2 2 2 2 2 2 2 2 2 2 2 2
left_child=2 3 5 11 9 6 18 27 12 15 19 21 29 25 26 20 -10 -9 -1 -5 -3 -2 -22 -15 -13 -12 -11 -6 -14 -4
right_child=1 4 8 10 7 -7 -8 17 16 14 13 24 28 23 -16 -17 -18 -19 -20 -21 22 -23 -24 -25 -26 -27 -28 -29 -30 -31
leaf_value=-0.57755580804286866 -0.10001573868731195 -0.12736204784849417 -0.2923063229757642 -0.022647090703166058 0.16705487810504374 -0.36763756896735167 -1.4339085715157647 0.3816776321594974 -0.1665076521704498 0.069181498192363466 -0.06234788660691163 -0.041036585858091716 -0.20230333871311612 0.027384627185224122 0.13769182981013403 0.063396201194733381 -0.11490587549006687 0.58797367640904019 -0.38966580390930178 0.0010737859526352221 -0.078085574784944226 -0.055626597504922395 0.041142895486584792 0.087386548197304723 0.051212282678974208 0.01048684102703441 0.10409460716712766 0.25126825787804347 -0.072901695025594612 -0.23797351714463263
leaf_weight=39 1032 23 315 1797 382 257 21 83 824 727 107 2816 144 4447 563 3308 470 21 40 3507 43 451 2369 169 67 4383 1025 88 38 342
leaf_count=39 1032 23 315 1797 382 257 21 83 824 727 107 2816 144 4447 563 3308 470 21 40 3507 43 451 2369 169 67 4383 1025 88 38 342
internal_value=0.000152479 0.020572 -0.22461 -0.00540703 0.0770807 -0.45576 -0.682234 0.226399 -0.185923 0.0664442 0.00963979 -0.0550691 -0.244774 0.0193104 0.101301 0.0523934 -0.147765 0.423334 -0.482422 -0.00696287 0.0374458 -0.0865164 0.0390173 0.0295814 -0.0388928 0.00875114 0.0896073 0.182822 -0.175285 -0.264023
internal_weight=29898 27408 2490 18776 8632 357 100 574 2133 8058 14410 4366 839 9106 2315 5743 1294 104 79 5304 2435 1483 2412 4616 2883 4490 1752 470 182 657
internal_count=29898 27408 2490 18776 8632 357 100 574 2133 8058 14410 4366 839 9106 2315 5743 1294 104 79 5304 2435 1483 2412 4616 2883 4490 1752 470 182 657
is_linear=0
shrinkage=0.05


Tree=23
num_leaves=31
num_cat=0
split_feature=293 293 297 291 239 297 30 124 295 251 297 297 241 239 284 297 186 183 183 284 13 247 288 234 247 4 291 53 254 104
split_gain=49584.2 14055.4 8263.75 5344.51 4409.34 2756.88 2473.13 2823.31 1677.7 1345.12 837.502 780.872 415.135 401.042 399.044 391.162 387.913 347.978 340.906 300.63 280.299 274.213 236.157 210.022 198.091 191.299 185.141 178.353 177.974 167.142
threshold=-9.9374809265136701 -0.2940498143434524 -26.020587921142575 -4.9763233661651602 7.7875490188598642 -16.080246925354 -9.6019854545593244 -10.686298847198485 2.5609545707702641 -2.3031964302062984 -6.700387477874755 11.803725719451906 -9.667144298553465 0.17414565384387973 -3.5669469833374019 5.0556731224060067 -11.44941186904907 -18.469422340393063 -2.9141038656234737 -31.035700798034664 4.5570309162139901 -4.3545587062835684 -0.55279752612113942 -3.866379857063293 -7.4919607639312735 2.1647940874099736 -2.2581176757812496 -3.7024846076965328 -3.9549804925918575 5.9440524578094491
decision_type=2 2 2 2 2 2 2 2 2 2 2 2 2 2 2 2 2 2 2 2 2 2 2 2 2 2 2 2 2 2
left_child=2 3 6 10 8 16 7 -1 13 18 24 -6 -7 29 21 -10 -4 19 27 -8 -13 -11 -16 -12 -2 -19 -20 -5 -14 -3
right_child=1 4 5 9 11 12 17 -9 15 14 23 20 28 -15 22 -17 -18 25 26 -21 -22 -23 -24 -25 -26 -27 -28 -29 -30 -31
leaf_value=-1.2680546426773072 -0.099950641414649058 0.046471714974029861 -0.28793621204517511 -0.066938767800243895 0.2145748999810988 -0.16712111714599737 -0.62009258270263679 -0.42791917324066164 0.10167894041734891 -0.066412282148093901 -0.043687248002656949 0.31170620042450575 -0.12069233224486674 0.075389191920081686 0.026160985169752567 0.15191691551003039 -0.21993683299799077 -0.40443196270960508 -0.00059284047597946588 -0.40805419921875008 0.47478517231188322 0.0092531994765492915 0.04715423817916925 -0.014884051226053231 -0.064147918200157347 -0.26506664322858509 0.020473050114026822 -0.013141029010974546 -0.016113996488410373 -0.086196730782588327
leaf_weight=20 568 2196 405 164 124 736 32 20 1273 132 1429 49 755 2135 5629 557 435 97 3538 35 57 1289 1758 1136 1208 33 1479 2542 43 24
leaf_count=20 568 2196 405 164 124 736 32 20 1273 132 1429 49 755 2135 5629 557 435 97 3538 35 57 1289 1758 1136 1208 33 1479 2542 43 24
internal_value=0.000144855 0.0200629 -0.208014 0.000168551 0.0847915 -0.179909 -0.489542 -0.847987 0.0767978 0.013134 -0.0492053 0.299755 -0.140037 0.0599171 0.0264894 0.11697 -0.252722 -0.416761 -0.00209767 -0.509326 0.3994 0.00222446 0.0311571 -0.0309307 -0.0755983 -0.369055 0.00561734 -0.0164015 -0.115057 0.0450375
internal_weight=29898 27287 2611 20872 6415 2374 237 40 6185 16531 4341 230 1534 4355 8808 1830 840 197 7723 67 106 1421 7387 2565 1776 130 5017 2706 798 2220
internal_count=29898 27287 2611 20872 6415 2374 237 40 6185 16531 4341 230 1534 4355 8808 1830 840 197 7723 67 106 1421 7387 2565 1776 130 5017 2706 798 2220
is_linear=0
shrinkage=0.05


Tree=24
num_leaves=31
num_cat=0
split_feature=299 299 296 299 299 183 5 299 242 299 175 291 249 291 296 292 193 190 229 293 14 281 218 248 295 254 160 27 291 234
split_gain=44906.3 13067.1 7605.69 4371.06 4365.11 2345.4 5244.23 1872.94 1697.83 839.408 730.653 660.767 436.919 382.453 371.85 300.774 266.961 265.094 263.788 244.52 244.215 282.549 237.948 211.923 200.571 195.931 185.315 162.601 162.03 156.999
threshold=-10.165010929107664 -1.058290362358093 -23.070332527160641 -5.024134397506713 8.5732970237731951 -18.469422340393063 2.1601742506027226 2.1917157173156743 -12.231183528900145 -2.9655883312225337 13.893536090850832 -6.9055230617523184 -0.093949563801288591 4.7375433444976816 -17.766470909118649 -12.718715190887449 -1.7213645577430723 -6.3475046157836905 -0.69889524579048146 -5.3960947990417472 -2.6084778308868404 -31.191859245300289 13.440083980560305 -4.730376958847045 -2.2154247760772701 -9.5991668701171857 -4.8909389972686759 -2.6584056615829463 -3.2820588350296016 -0.078733325004577623
decision_type=2 2 2 2 2 2 2 2 2 2 2 2 2 2 2 2 2 2 2 2 2 2 2 2 2 2 2 2 2 2
left_child=2 3 5 11 7 6 20 12 14 18 -6 -2 17 29 -4 -10 26 -3 25 -17 -1 -22 -12 -13 27 -5 -11 -19 -25 -9
right_child=1 4 8 9 10 -7 -8 13 15 16 22 23 -14 -15 -16 19 -18 24 -20 -21 21 -23 -24 28 -26 -27 -28 -29 -30 -31
leaf_value=-0.29786216318607334 -0.072190135785124523 -0.1327672726051374 -0.25668177737465386 -0.16379858216270804 0.20799469234436516 -0.33223302225194556 -1.3199150335221064 0.055618443978568091 -0.16067809277567371 -0.041817287015326228 0.34886449813842774 -0.047985494029061562 0.067591457365828569 0.14089049859480426 -0.18874543159837562 -0.11781658903946952 0.028527359905080547 -0.060494385998357429 0.024187629580175118 0.054817864156904678 -0.62781316583806823 -0.39648434826821993 0.53797556559244797 -0.029072784578154726 0.046558276001639948 -0.0070237642291728179 0.012832462531425261 0.023473401161793032 0.0083902461721779825 0.10105419167234296
leaf_weight=24 1628 22 395 20 127 257 21 229 551 162 80 1217 2554 616 411 882 4460 66 739 21 22 33 21 1242 2862 5630 3654 456 376 1120
leaf_count=24 1628 22 395 20 127 257 21 229 551 162 80 1217 2554 616 411 882 4460 66 739 21 22 33 21 1242 2862 5630 3654 456 376 1120
internal_value=0.000137612 0.0191167 -0.19771 -0.00347528 0.0721203 -0.412176 -0.617628 0.0659148 -0.163832 0.00971035 0.287816 -0.0468021 0.0519578 0.108247 -0.222039 -0.131566 0.0202208 0.0402349 -0.00390438 -0.113802 -0.430944 -0.489016 0.388185 -0.0322229 0.0413596 -0.00757872 0.0105124 0.0128568 -0.0203669 0.0933412
internal_weight=29898 27281 2617 19128 8153 357 100 7925 2260 14665 228 4463 5960 1965 806 1454 8276 3406 6389 903 79 55 101 2835 3384 5650 3816 522 1618 1349
internal_count=29898 27281 2617 19128 8153 357 100 7925 2260 14665 228 4463 5960 1965 806 1454 8276 3406 6389 903 79 55 101 2835 3384 5650 3816 522 1618 1349
is_linear=0
shrinkage=0.05


Tree=25
num_leaves=31
num_cat=0
split_feature=293 299 299 299 288 125 256 297 240 289 247 295 48 190 124 284 15 248 299 247 220 39 257 293 295 291 240 288 239 251
split_gain=40406.9 10646.3 8492.65 4111.68 3271.86 5449.86 3177.6 1662.54 908.909 894.356 747.41 624.828 316.181 489.2 313.096 311.5 292.767 266.841 263.147 254.623 249.488 278.662 244.814 238.538 235.022 205.96 194.131 190.068 183.732 157.149
threshold=-8.4901566505432111 0.36364705860614782 -20.048726081848141 -3.5378117561340328 -30.438570022583004 -13.68968629837036 7.1349515914917001 -13.067720413208006 -4.7380924224853507 3.9465576410293584 -1.148223280906677 12.204117774963381 -9.7245364189147931 -11.062534809112547 -1.2431808710098264 -3.6671569347381587 3.1144443750381474 -3.6311764717102046 -7.3690526485443106 -11.424587726593016 -4.1912472248077384 -0.084567684680223451 -11.815951824188231 1.2760048508644106 -0.19602612406015393 -11.059225082397459 3.7402909994125371 -2.0344663858413692 -1.6346569061279295 -2.5397360324859615
decision_type=2 2 2 2 2 2 2 2 2 2 2 2 2 2 2 2 2 2 2 2 2 2 2 2 2 2 2 2 2 2
left_child=2 3 4 8 5 -1 9 19 18 23 15 -8 -7 -14 25 20 -13 -10 -2 -4 21 -5 -6 29 -12 -9 -11 -19 -17 -3
right_child=1 6 7 10 22 12 11 14 17 26 24 16 13 -15 -16 28 -18 27 -20 -21 -22 -23 -24 -25 -26 -27 -28 -29 -30 -31
leaf_value=-1.1698869376346983 -0.073502729781468712 0.0096102041441427418 -0.19563774177414217 -0.0096616036232302308 -0.28744238019731327 -0.2258709716796875 0.19791012260857532 -0.13162565913492827 -0.025040598686211637 0.1021484587166714 0.03070869192714757 0.24580779636607453 -0.55726249166897368 -0.26417349949479102 -0.037316581208754383 0.012292175479335657 0.42640861019943704 -0.0090578749540321003 -0.037683755083998953 -0.14441584081161682 0.0070310981973163841 -0.089311970150694753 -0.11663875889710405 0.081464021740993403 0.054919024675089481 -0.091904517071731071 0.14692241341568704 0.020568237796133003 0.028430260320144653 0.059871655894823267
leaf_weight=29 750 172 668 389 452 25 127 481 2302 554 3156 34 35 24 195 4366 66 2554 1621 381 1624 153 22 1633 1469 1015 430 687 2959 1623
leaf_count=29 750 172 668 389 452 25 127 481 2302 554 3156 34 35 24 195 4366 66 2554 1621 381 1624 153 22 1633 1469 1015 430 687 2959 1623
internal_value=-0.000257008 0.0202399 -0.164559 0.00574315 -0.337151 -0.578919 0.0890833 -0.127584 -0.0231058 0.0796968 0.021917 0.27152 -0.374894 -0.43804 -0.0969082 0.0138856 0.365004 -0.0120236 -0.0490141 -0.177034 -0.0027722 -0.0321459 -0.279515 0.0676358 0.0383984 -0.104676 0.121714 -0.00277798 0.0188113 0.0550555
internal_weight=29996 26669 3327 22030 587 113 4639 2740 7914 4412 14116 227 84 59 1691 9491 100 5543 2371 1049 2166 542 474 3428 4625 1496 984 3241 7325 1795
internal_count=29996 26669 3327 22030 587 113 4639 2740 7914 4412 14116 227 84 59 1691 9491 100 5543 2371 1049 2166 542 474 3428 4625 1496 984 3241 7325 1795
is_linear=0
shrinkage=0.05


Tree=26
num_leaves=31
num_cat=0
split_feature=293 299 292 64 200 299 299 296 236 257 299 295 21 197 299 294 35 183 293 77 299 178 292 235 15 299 245 178 246 255
split_gain=36492.4 10450.3 6634.72 3987.83 3626.06 3567.1 2678.09 1735.19 653.449 613.541 595.998 558.745 435.359 529.72 412.653 410.4 298.318 294.436 261.664 259.838 248.726 246.556 231.349 228.206 185.559 175.461 169.546 168.74 166.5 164.28
threshold=-9.9374809265136701 -1.1895919442176817 -30.652025222778317 -9.5657348632812482 6.9834096431732187 -5.024134397506713 -16.925929069519039 1.5004627704620364 -2.5263113975524898 -5.3210783004760733 4.8886632919311532 12.204117774963381 -1.8134901523590086 -15.879781723022459 -13.732353210449217 -19.698530197143551 -5.2279529571533194 -3.3725219964981075 -0.57973724603652943 2.767808318138123 -7.8486275672912589 1.0000000180025095e-35 -3.1822749376296993 -0.15679766237735746 3.1144443750381474 -2.8400622606277461 0.60570931434631359 -6.2799482345581046 -2.0397261381149288 -18.392350196838375
decision_type=2 2 2 2 2 2 2 2 2 2 2 2 2 2 2 2 2 2 2 2 2 2 2 2 2 2 2 2 2 2
left_child=2 5 3 -1 7 9 15 17 16 20 -9 -6 -5 -14 -8 29 -7 19 25 -3 -2 -16 -18 -19 -13 -10 -20 -17 -11 -4
right_child=1 4 6 12 11 8 14 10 18 28 -12 24 13 -15 21 27 22 23 26 -21 -22 -23 -24 -25 -26 -27 -28 -29 -30 -31
leaf_value=-1.0922095665564904 -0.078477721390399074 0.014127180579605806 -0.30144778166096009 -0.27975938386387295 0.19059382075757053 -0.069106467542323205 -0.16024761642728536 0.07731200775835835 0.0037653550017053986 -0.029588564534302704 0.13396434979896024 0.2494794813791911 -0.64820374342111453 -0.31057006262597586 -0.1115742793615415 -0.20550576404162815 -0.011353750275675117 0.034840967035290091 0.031538895698031415 -0.11544805571090344 -0.045684539712091007 0.031455187980205787 0.0096760257530486456 0.056071760404590769 0.39843064045560533 0.019541831558277243 0.087086568819069718 -0.065696790425673779 0.0086896121579997567 -0.24057055898161553
leaf_weight=26 1056 386 201 45 113 176 560 2264 2844 1901 584 30 26 21 1074 350 3280 2853 936 43 1278 31 2175 2275 69 4634 161 23 334 247
leaf_count=26 1056 386 201 45 113 176 560 2264 2844 1901 584 30 26 21 1074 350 3280 2853 936 43 1278 31 2175 2275 69 4634 161 23 334 247
internal_value=-0.000244157 0.0167597 -0.179111 -0.54544 0.0623461 -0.00416265 -0.161723 0.0571949 0.00819718 -0.042592 0.0889289 0.266572 -0.390918 -0.497346 -0.125282 -0.235627 -0.00503599 0.040931 0.0168871 0.00113945 -0.0605216 -0.107562 -0.00296883 0.0442599 0.353294 0.0135418 0.0396913 -0.196885 -0.0238682 -0.267884
internal_weight=29996 27392 2604 118 8617 18775 2486 8405 14206 4569 2848 212 92 47 1665 821 5631 5557 8575 429 2334 1105 5455 5128 99 7478 1097 373 2235 448
internal_count=29996 27392 2604 118 8617 18775 2486 8405 14206 4569 2848 212 92 47 1665 821 5631 5557 8575 429 2334 1105 5455 5128 99 7478 1097 373 2235 448
is_linear=0
shrinkage=0.05


Tree=27
num_leaves=31
num_cat=0
split_feature=296 299 292 52 200 299 291 296 247 183 244 295 299 299 24 284 292 165 220 299 133 239 299 68 182 291 263 15 39 295
split_gain=33012.6 9137.64 6236.02 3664.06 3157.15 3036.57 2785.51 1394.99 593.171 567.273 545.293 504.267 426.011 372.377 363.105 343.695 301.39 296.224 282.873 255.821 240.683 236.845 218.135 199.462 184.294 178.576 168.987 167.467 160.688 158.215
threshold=-9.4363417625427228 -0.90969729423522938 -30.652025222778317 -9.6015405654907209 6.9834096431732187 -4.63610816001892 -16.241269111633297 2.5800457000732426 -4.4048757553100577 -2.3846831321716304 -8.8774757385253888 12.204117774963381 -20.048726081848141 4.8886632919311532 -3.9682972431182857 -1.567517817020416 -2.2609897851943965 -17.490873336791989 -4.514317274093627 -7.5082809925079337 -5.6742444038391104 0.26235295832157141 1.0921288132667544 0.66108494997024547 -7.1709148883819571 -5.8659999370574942 -0.59092748165130604 3.1144443750381474 0.24756149947643283 1.121093809604645
decision_type=2 2 2 2 2 2 2 2 2 2 2 2 2 2 2 2 2 2 2 2 2 2 2 2 2 2 2 2 2 2
left_child=2 5 3 -1 7 8 12 15 19 18 24 -6 -4 -9 -5 20 -11 -16 28 -2 -3 -10 -17 -14 -8 -12 -15 -13 -7 -18
right_child=1 4 6 14 11 9 10 13 21 16 25 27 23 26 17 22 29 -19 -20 -21 -22 -23 -24 -25 -26 -27 -28 -29 -30 -31
leaf_value=-1.0176875523158484 -0.068277411175190914 -0.14864804208278656 -0.25712424441500831 -0.23686564249651776 0.18106411284050056 -0.018009580366745378 -0.14943243922253122 0.080532130374820141 -0.018188681037059028 0.0091097741436556978 -0.087758681018656665 0.23700551748275758 -0.19788331516959645 -0.013206727206707 -0.59638069152832029 0.044147749942219192 0.025061879532454031 -0.35516102986676357 0.0018469147516812893 -0.037745269557801629 0.026081486598494841 0.063749440030559254 0.067962605037335339 -0.083453829032044083 -0.10564092714607887 0.010848685855768165 0.13478915883826156 0.37850912170133733 -0.071531229688132067 0.069326856451214489
leaf_weight=28 1087 20 444 35 113 552 781 1252 2131 4812 729 30 333 20 20 2809 4224 35 4325 1860 1352 92 1462 43 347 49 542 69 188 212
leaf_count=28 1087 20 444 35 113 552 781 1252 2131 4812 729 30 333 20 20 2809 4224 35 4325 1860 1352 92 1462 43 347 49 542 69 188 212
internal_value=-0.000231949 0.0167443 -0.162306 -0.518168 0.0629765 -0.00145384 -0.146902 0.0575673 -0.0342977 0.0104097 -0.113751 0.253243 -0.22396 0.0957099 -0.362762 0.045306 0.0177763 -0.442877 -0.00304072 -0.049007 0.0235344 -0.0147976 0.0522998 -0.184797 -0.135961 -0.0815482 0.129522 0.335629 -0.031607 0.0271773
internal_weight=29996 27152 2844 118 7669 19483 2726 7457 5170 14313 1906 212 820 1814 90 5643 9248 55 5065 2947 1372 2223 4271 376 1128 778 562 99 740 4436
internal_count=29996 27152 2844 118 7669 19483 2726 7457 5170 14313 1906 212 820 1814 90 5643 9248 55 5065 2947 1372 2223 4271 376 1128 778 562 99 740 4436
is_linear=0
shrinkage=0.05


Tree=28
num_leaves=31
num_cat=0
split_feature=293 299 296 299 299 5 183 247 251 251 247 7 296 293 292 65 2 284 233 120 261 295 284 237 286 272 239 224 112 89
split_gain=29835.7 7899.35 6306.89 3067.6 2385.73 2135.15 3998.47 1944.81 695.527 655.386 578.314 487.702 357.395 318.603 294.013 420.043 379.502 250.444 220.07 216.031 203.741 182.126 179.853 179.772 170.818 154.962 146.643 134.17 127.04 125.963
threshold=-8.4901566505432111 0.36364705860614782 -23.070332527160641 -3.5378117561340328 8.5732970237731951 4.2668092250823983 -7.5473189353942862 -11.424587726593016 -4.4994676113128653 2.181725382804871 -1.0869747400283811 4.9909093379974374 -11.714195728302 -17.403643608093258 -30.652025222778317 -9.0363850593566877 0.36734937131404882 -3.6671569347381587 -0.1199609264731407 -0.39169116318225855 -0.43387620151042933 -0.19602612406015393 -1.9283660650253294 -7.3720710277557364 9.8100986480712908 4.1198692321777353 -1.6346569061279295 5.1819803714752206 -4.6873855590820304 -12.823035717010496
decision_type=2 2 2 2 2 2 2 2 2 2 2 2 2 2 2 2 2 2 2 2 2 2 2 2 2 2 2 2 2 2
left_child=2 3 5 8 9 14 -7 13 23 22 17 -6 -9 -4 15 -1 -17 18 -5 -14 28 -12 -3 -2 -13 -11 -19 -23 -10 -16
right_child=1 4 7 10 11 6 -8 12 20 25 21 24 19 -15 29 16 -18 26 -20 -21 -22 27 -24 -25 -26 -27 -28 -29 -30 -31
leaf_value=-0.54829039001464852 -0.073886978561905292 0.021348573847637258 -0.20603081716745386 0.0019268915341314624 0.18044508877179483 -1.186660134792328 -0.19882582028706869 -0.1179446451503075 -0.052471788921816788 0.082652430724368869 0.026824144814860697 0.27502516921685666 -0.078974794727383238 -0.14987241221630329 -0.16116870117187501 -0.45836108922958374 -0.20167879263559976 0.010545836070343637 -0.055494340251911189 -0.0076750942020334754 0.036342462733449779 0.045616706669972279 0.060319101395095415 -0.034752524093777507 0.42499464711835311 0.11766873807988616 0.024758926757035046 0.1298036049823372 -0.0091721444263087714 -0.28017688959985232
leaf_weight=25 330 331 422 2006 151 20 21 652 176 687 2992 49 1155 629 25 24 36 4424 182 117 241 1386 2805 2650 31 585 3077 49 4517 201
leaf_count=25 330 331 422 2006 151 20 21 652 176 687 2992 49 1155 629 25 24 36 4424 182 117 241 1386 2805 2650 31 585 3077 49 4517 201
internal_value=-0.000220352 0.0173925 -0.141404 0.00490524 0.0766929 -0.341539 -0.680696 -0.117724 -0.0200131 0.0684845 0.0188755 0.233326 -0.087845 -0.172421 -0.296827 -0.376098 -0.304352 0.0120346 -0.00284946 -0.0724166 -0.00849353 0.0338475 0.0562058 -0.0390862 0.333138 0.0987566 0.0163762 0.0484914 -0.010796 -0.267012
internal_weight=29996 26669 3327 22030 4639 352 41 2975 7914 4408 14116 231 1924 1051 311 85 60 9689 2188 1272 4934 4427 3136 2980 80 1272 7501 1435 4693 226
internal_count=29996 26669 3327 22030 4639 352 41 2975 7914 4408 14116 231 1924 1051 311 85 60 9689 2188 1272 4934 4427 3136 2980 80 1272 7501 1435 4693 226
is_linear=0
shrinkage=0.05


Tree=29
num_leaves=31
num_cat=0
split_feature=296 299 250 45 293 258 291 299 296 299 299 297 257 240 252 239 7 232 183 183 285 103 35 164 179 299 182 184 291 211
split_gain=26961.1 7857.78 4910.29 3543.17 2788.13 2727.1 1795.84 1100.83 620.78 592.685 539.395 345.789 289.95 281.849 258.649 254.249 241.864 225.252 196.738 177.776 165.128 191.871 163.888 151.172 149.692 146.351 140.406 139.892 136.673 121.034
threshold=-10.292598247528074 -1.1895919442176817 -23.650761604309078 -9.9562420845031721 -5.0487580299377433 6.1612746715545663 -16.241269111633297 1.8547986745834353 11.820195674896242 -3.2770587205886836 -6.8144705295562735 -21.356683731079098 -10.975735187530516 0.69516342878341686 -1.2282142639160154 -0.04653594829142093 4.9909093379974374 0.78563991189003002 0.58292880654335033 -2.3846831321716304 -3.8093210458755489 2.4105098247528081 -5.5996682643890372 -5.6857776641845694 -1.6357353329658506 4.8886632919311532 -8.132957458496092 -2.828783273696899 -4.516545057296752 1.2041175961494448
decision_type=2 2 2 2 2 2 2 2 2 2 2 2 2 2 2 2 2 2 2 2 2 2 2 2 2 2 2 2 2 2
left_child=2 4 3 -1 10 7 11 14 -7 15 26 -4 -8 -9 20 23 -10 19 -13 22 21 -3 -11 -6 -14 -15 -2 -25 -12 -16
right_child=1 5 6 -5 9 8 12 13 16 17 28 18 24 25 29 -17 -18 -19 -20 -21 -22 -23 -24 27 -26 -27 -28 -29 -30 -31
leaf_value=-0.95312542093211217 -0.10471263848818267 -0.0026931321024894718 -0.24036533657756368 -0.31586262096058237 -0.049937688452856885 0.14318628640010442 -0.1351417268117269 0.048940593545643674 0.19975727626255579 -0.088531632125377666 -0.029315676393471365 -0.18136321723720869 -0.096264867304965265 0.079282117508686953 0.038622728978316763 0.041366619246977349 0.34546963186825025 0.046440841263426208 -0.024861703742118109 0.017276266838606624 0.027748989652014028 -0.1615646745477404 0.0029707290271999845 -0.017209573452946613 -0.00061415406593749689 0.1125497312576673 -0.055171750595987092 -0.00033503942670078454 0.0010282673097588943 0.057789925956770627
leaf_weight=29 156 200 341 88 210 232 675 611 49 50 2032 459 839 1156 2607 270 68 525 21 5933 2006 21 2298 1967 43 463 1719 3270 454 1204
leaf_count=29 156 200 341 88 210 232 675 611 49 50 2032 459 839 1156 2607 270 68 525 21 5933 2006 21 2298 1967 43 463 1719 3270 454 1204
internal_value=-0.000209334 0.0140687 -0.157588 -0.473817 -0.00398544 0.053634 -0.142029 0.047855 0.190542 0.00654252 -0.0390456 -0.201866 -0.110477 0.0778759 0.0367674 -0.00599348 0.284445 0.0146811 -0.174516 0.0126676 0.0232299 -0.0177895 0.00102221 -0.00834105 -0.0916016 0.088796 -0.0592936 -0.00667306 -0.0237742 0.0446782
internal_weight=29996 27501 2495 117 18884 8617 2378 8268 349 14523 4361 821 1557 2230 6038 5717 117 8806 480 8281 2227 221 2348 5447 882 1619 1875 5237 2486 3811
internal_count=29996 27501 2495 117 18884 8617 2378 8268 349 14523 4361 821 1557 2230 6038 5717 117 8806 480 8281 2227 221 2348 5447 882 1619 1875 5237 2486 3811
is_linear=0
shrinkage=0.05


Tree=30
num_leaves=31
num_cat=0
split_feature=293 299 294 299 251 178 3 297 182 292 241 18 292 220 239 109 241 185 251 292 37 299 191 178 232 60 299 296 241 5
split_gain=24473.1 6697.15 4569.92 2497.81 2075.67 1470.33 3231.58 853.093 621.612 527.685 453.762 406.661 385.851 272.378 259.168 234.632 234.214 227.17 214.896 211.618 189.615 189.447 174.294 159.636 153.305 149.123 143.482 138.388 135.424 133.532
threshold=-8.4901566505432111 0.61540618538856517 -18.433526039123532 -3.9188235998153682 7.4143924713134775 -18.098599433898922 2.7708880901336674 -13.067720413208006 -1.093957185745239 4.8627140522003183 -5.1996247768402091 -4.1683952808380118 12.574411869049074 -3.8428728580474849 -1.9967352747917173 2.5434315204620366 -18.021035194396969 -5.7522222995758048 -2.4226516485214229 -0.048671027645468705 2.8185294866561894 -2.4594081640243526 0.19801260530948642 -6.2799482345581046 5.0977149009704599 -6.1746537685394278 -6.8144705295562735 -1.0608328580856321 1.8022584915161135 2.4795221090316777
decision_type=2 2 2 2 2 2 2 2 2 2 2 2 2 2 2 2 2 2 2 2 2 2 2 2 2 2 2 2 2 2
left_child=2 3 5 10 9 6 11 23 13 18 26 -1 -6 15 -12 22 29 -9 -3 -10 -14 -15 -5 -4 -21 -13 -2 -16 -20 -7
right_child=1 4 7 8 12 16 -8 17 19 -11 14 25 20 21 27 -17 -18 -19 28 24 -22 -23 -24 -25 -26 -27 -28 -29 -30 -31
leaf_value=-0.080156260445004415 -0.057664137415640249 0.0078447672940206298 -0.14349032618077437 -0.002367180376027192 0.17252330093932666 -0.26608389998502274 -0.94841446280479436 -0.092930328579823085 0.023063543085072288 0.10611280560139734 -0.018922445077961512 -0.26596195208720669 0.38531668244338618 0.0033717942686603813 0.0036582926993086657 -0.11803345794186873 -0.18480506778992331 -0.055710115165987756 0.053152548968457364 0.042160515666777497 0.23325147745085928 0.018258051343948142 -0.063269755852813941 -0.089056796976077712 0.15108102271051119 -0.41288110709959458 -0.028069971738503882 0.068304654106415882 0.075143188522733939 -0.16092564231819578
leaf_weight=21 854 204 799 1138 139 187 22 851 4405 674 3933 39 41 3910 917 51 388 791 2004 1535 41 4714 131 162 33 31 787 91 1076 36
leaf_count=21 854 204 799 1138 139 187 22 851 4405 674 3933 39 41 3910 917 51 388 791 2004 1535 41 4714 131 162 33 31 787 91 1076 36
internal_value=6.63753e-05 0.016013 -0.127803 0.00521621 0.0741407 -0.238917 -0.404604 -0.0968983 0.0159293 0.0658141 -0.020691 -0.273133 0.223267 0.00827135 -0.0131252 -0.0128802 -0.208274 -0.0750003 0.0575433 0.0286785 0.309284 0.0115088 -0.00865421 -0.134314 0.0444528 -0.331026 -0.0434712 0.00949442 0.060835 -0.249108
internal_weight=30005 26678 3327 22499 4179 724 113 2603 15917 3958 6582 91 221 9944 4941 1320 611 1642 3284 5973 82 8624 1269 961 1568 70 1641 1008 3080 223
internal_count=30005 26678 3327 22499 4179 724 113 2603 15917 3958 6582 91 221 9944 4941 1320 611 1642 3284 5973 82 8624 1269 961 1568 70 1641 1008 3080 223
is_linear=0
shrinkage=0.05


Tree=31
num_leaves=31
num_cat=0
split_feature=246 293 292 299 245 187 5 299 257 241 292 294 179 292 133 88 292 48 4 212 252 299 189 281 299 299 185 279 86 52
split_gain=22105.3 6522.37 3345.27 2710.91 2096.14 1071.56 2573.83 838.839 735.818 717.272 392.113 374.242 240.665 239.765 228.243 203.069 194.386 193.143 188.188 185.617 184.763 184.753 179.438 161.893 141.113 134.401 127.665 121.151 118.48 117.885
threshold=-8.3649129867553693 0.11469433084130289 -20.910796165466305 -5.1525390148162833 7.1429708003997812 -18.167441368103024 2.1601742506027226 -2.282324910163879 -11.815951824188231 1.7008537054061892 -6.2672555446624747 12.162022113800051 -2.32640528678894 4.8627140522003183 -5.6742444038391104 -12.372876167297362 -11.42656898498535 -9.7245364189147931 4.1799807548522958 -8.4638562202453596 -18.363922119140621 -15.588038921356199 -1.1747148036956785 -5.9966931343078604 1.0921288132667544 -7.5082809925079337 4.9824528694152841 10.406487464904787 -2.006428480148315 -4.782792091369628
decision_type=2 2 2 2 2 2 2 2 2 2 2 2 2 2 2 2 2 2 2 2 2 2 2 2 2 2 2 2 2 2
left_child=2 3 5 10 9 6 15 12 21 24 25 -6 29 -11 23 -1 28 -7 -13 -16 -19 -4 -21 -9 -3 -2 -24 -20 -10 -5
right_child=1 4 8 7 11 17 -8 14 16 13 -12 18 -14 -15 19 -17 -18 20 27 22 -22 -23 26 -25 -26 -27 -28 -29 -30 -31
leaf_value=-0.14968528747558593 -0.060368151556361806 0.034668548287331374 -0.16171970688455017 -0.062878990404814192 0.15918735293891487 -0.111515643145587 -0.8820359262553128 -0.18058718171986668 -0.091533357527326137 0.068785974987005699 -0.01893626089612141 0.21162859916687016 0.006130866766532273 0.10761788030670272 -0.090871602296829224 -0.32352029468332022 -0.068696979386114757 -0.26802308726729013 0.29358348528544109 0.015262567544883386 -0.19302514580231678 -0.11566635945201975 0.029400650974728076 -0.016791861162831389 0.055782201934090773 -0.03553563137728024 0.12270037064681183 0.45245399951934817 -0.14099757089576823 -0.0086370626053405512
leaf_weight=24 1221 2175 609 103 127 37 22 22 340 1254 2057 40 5799 582 36 56 679 171 30 3911 158 339 4049 48 1244 984 37 20 188 3643
leaf_count=24 1221 2175 609 103 127 37 22 22 340 1254 2057 40 5799 582 36 56 679 171 30 3911 158 339 4049 48 1244 984 37 20 188 3643
internal_value=6.30566e-05 0.0133458 -0.138598 0.00115052 0.062176 -0.259766 -0.403082 0.00979353 -0.112284 0.0558874 -0.0346383 0.214463 -0.000250231 0.0810954 0.0216247 -0.27137 -0.0863912 -0.219825 0.292464 0.022408 -0.232006 -0.145251 0.022918 -0.0682704 0.0423507 -0.0492864 0.0302455 0.357132 -0.109146 -0.0101285
internal_weight=30005 27382 2623 21910 5472 468 102 17648 2155 5255 4262 217 9545 1836 8103 80 1207 366 90 8033 329 948 7997 70 3419 2205 4086 50 528 3746
internal_count=30005 27382 2623 21910 5472 468 102 17648 2155 5255 4262 217 9545 1836 8103 80 1207 366 90 8033 329 948 7997 70 3419 2205 4086 50 528 3746
is_linear=0
shrinkage=0.05


Tree=32
num_leaves=31
num_cat=0
split_feature=293 293 296 299 259 178 3 299 241 299 14 189 7 279 257 182 133 179 293 246 299 233 289 279 38 297 111 246 289 299
split_gain=19977 5490.22 3754.08 2075.02 1833.26 1201.82 2749.61 690.926 531.464 507.465 475.85 402.809 296.292 266.179 199.907 192.43 175.504 170.065 165.06 161.658 157.347 154.533 149.747 144.868 122.196 210.825 121.431 118.127 112.732 103.26
threshold=-8.4901566505432111 0.5896078646183015 -18.734811782836911 -3.3335806131362911 7.3071887493133554 -18.098599433898922 3.081637024879456 -11.531425476074217 1.7008537054061892 -5.7230281829833975 -2.4704083204269405 -1.1747148036956785 4.9909093379974374 10.406487464904787 -11.815951824188231 -10.323987007141112 -5.6742444038391104 -1.9281789064407346 -5.2553200721740714 5.075254201889039 -0.25986927747726435 -3.607239723205566 -2.1348730325698848 -30.299028396606442 -10.77333354949951 -26.020587921142575 1.448333263397217 -4.4237253665924063 3.1347059011459355 1.0921288132667544
decision_type=2 2 2 2 2 2 2 2 2 2 2 2 2 2 2 2 2 2 2 2 2 2 2 2 2 2 2 2 2 2
left_child=2 3 5 9 8 6 10 14 27 18 -1 16 -6 -14 -4 24 26 -11 -2 28 -13 -9 -18 -12 -7 -26 -5 -3 -10 -29
right_child=1 4 7 11 12 15 -8 21 19 17 23 20 13 -15 -16 -17 22 -19 -20 -21 -22 -23 -24 -25 25 -27 -28 29 -30 -31
leaf_value=-0.078926222239221855 -0.041092478235035076 -0.027108400100368565 -0.13162607072787444 -0.012119262439070964 0.15587324036492245 -0.091910743713378915 -0.89748013496398937 -0.065133664021121182 0.05824097165974175 -0.013328637566829586 -0.40610516866048174 0.021411125097782806 0.22284261731133947 0.42257184115323154 -0.093384271998445706 -0.14590993106046463 0.0031381334741358209 0.0042236466958042876 -0.014283508993234243 0.11990515946201162 0.040084289443978308 0.0025782594805235392 0.01722774614564683 -0.25637195621218001 -0.27855855353335118 -0.19317140000315902 -0.132057400378916 0.035784870817634325 0.085676628336476157 0.056185514522687052
leaf_weight=28 1883 59 658 51 144 22 20 1138 697 3697 30 4327 69 22 711 187 4066 2202 826 209 1526 91 3517 35 94 313 36 1459 809 1079
leaf_count=28 1883 59 658 51 144 22 20 1138 697 3697 30 4327 69 22 711 187 4066 2202 826 209 1526 91 3517 35 94 313 36 1459 809 1079
internal_value=5.99037e-05 0.0144674 -0.115469 0.00418604 0.0645084 -0.215734 -0.365626 -0.087334 0.0570968 -0.0150036 -0.251248 0.0164011 0.200504 0.271129 -0.111765 -0.188238 0.00886278 -0.00677666 -0.0329182 0.0786977 0.0262796 -0.06012 0.0096729 -0.32548 -0.206688 -0.212892 -0.0617488 0.0428321 0.072979 0.044458
internal_weight=30005 26678 3327 22131 4547 729 113 2598 4312 8608 93 13523 235 91 1369 616 7670 5899 2709 1715 5853 1229 7583 65 429 407 87 2597 1506 2538
internal_count=30005 26678 3327 22131 4547 729 113 2598 4312 8608 93 13523 235 91 1369 616 7670 5899 2709 1715 5853 1229 7583 65 429 407 87 2597 1506 2538
is_linear=0
shrinkage=0.05


Tree=33
num_leaves=31
num_cat=0
split_feature=246 293 289 296 259 183 3 299 257 239 299 18 263 190 4 220 299 299 182 184 292 191 35 217 237 37 170 289 194 293
split_gain=18086.2 5319.04 2760.75 2224.45 1750.24 874.113 2639.45 666.982 585.933 572.962 380.273 359.916 280.28 240.35 192.461 183.576 179.156 175.064 169.061 159.809 145.922 140.546 139.24 164.013 127.823 127.428 129.661 126.872 117.561 114.271
threshold=-8.3649129867553693 0.11469433084130289 -20.448404312133786 -4.7825913429260245 7.3071887493133554 -18.469422340393063 2.7708880901336674 -2.3580337762832637 -11.384206295013426 2.5854471921920781 -7.5082809925079337 -4.1683952808380118 11.224545478820803 -6.3475046157836905 2.284150362014771 -4.3441829681396475 1.5414597392082217 -15.588038921356199 -0.81475493311882008 -2.6057952642440791 -11.42656898498535 0.24333334714174273 4.2533404827117929 13.462647438049318 -1.9796078801155088 7.3762636184692392 -1.4192483425140379 3.6997406482696538 5.4983274936676034 -5.8249020576477042
decision_type=2 2 2 2 2 2 2 2 2 2 2 2 2 2 2 2 2 2 2 2 2 2 2 2 2 2 2 2 2 2
left_child=2 3 5 10 9 6 11 15 17 16 29 -1 -6 -9 -7 21 24 -4 -15 -12 -10 -5 23 -14 -3 26 -17 -11 -20 -2
right_child=1 4 8 7 12 14 -8 13 20 27 19 -13 22 18 -16 25 -18 -19 28 -21 -22 -23 -24 -25 -26 -27 -28 -29 -30 -31
leaf_value=-0.052430756092071533 -0.055717068752644129 0.0060009907085347824 -0.14455386528946423 -0.011587161972957066 0.13400260729667468 -0.21889441245252439 -0.86389325119200222 -0.10582491222180819 -0.098126328664224258 0.061661590112187609 -0.02799760369989733 -0.29498462126805236 0.23970567343820789 0.014555653548668088 -0.13281144822345062 -0.0019753737750890996 0.0560409163198404 -0.10296719148221618 0.028366097976208662 -0.0048948726559845182 -0.060983463612998334 -0.062863832432776698 0.16936158358695963 0.40575153350830084 0.037674550805810239 -0.093750481395160457 0.011404047584527606 0.093113337711793698 0.13127457414354599 -0.013583211892324946
leaf_weight=20 1283 370 639 1106 117 275 21 38 443 582 2107 65 58 5076 85 4625 1279 419 3140 1161 656 152 42 20 2290 34 2976 714 28 184
leaf_count=20 1283 370 639 1106 117 275 21 38 443 582 2107 65 58 5076 85 4625 1279 419 3140 1161 656 152 42 20 2290 34 2976 714 28 184
internal_value=5.69085e-05 0.0120716 -0.125367 0.00105862 0.0561679 -0.235728 -0.361928 0.00942373 -0.101524 0.0501512 -0.0292837 -0.237913 0.189069 0.019634 -0.198569 -8.4997e-05 0.040663 -0.128084 0.0202122 -0.0197901 -0.0759555 -0.0177828 0.24276 0.282282 0.0332688 0.00283102 0.00326304 0.0789892 0.0292756 -0.0504324
internal_weight=30005 27382 2623 21910 5472 466 106 17175 2157 5235 4735 85 237 8282 360 8893 3939 1058 8244 3268 1099 1258 120 78 2660 7635 7601 1296 3168 1467
internal_count=30005 27382 2623 21910 5472 466 106 17175 2157 5235 4735 85 237 8282 360 8893 3939 1058 8244 3268 1099 1258 120 78 2660 7635 7601 1296 3168 1467
is_linear=0
shrinkage=0.05


Tree=34
num_leaves=31
num_cat=0
split_feature=247 292 296 299 299 187 7 299 240 292 23 68 183 186 278 178 299 186 48 296 257 211 203 246 199 276 25 174 25 121
split_gain=16363.7 4462.76 3197.98 1622.72 1424.05 1038.79 2194.92 640.041 584.175 454.247 354.294 299.475 269.63 223.186 207.25 186.853 173.497 165.763 148.212 238.532 145.23 131.569 165.416 124.17 121.05 116.697 112.223 104.522 94.5161 88.6606
threshold=-6.9734146595001212 0.053267957642674453 -18.734811782836911 8.5732970237731951 -3.1913480758666988 -18.167441368103024 1.7814361453056338 -11.531425476074217 1.0910285711288454 -6.2672555446624747 -6.1789658069610587 3.7618079185485844 -1.9975279569625852 2.6365765333175664 14.172156333923342 -2.370446920394897 -1.2598674893379209 -7.387542486190795 -9.7245364189147931 -25.833440780639645 -11.815951824188231 -5.048039197921752 -2.6990898847579952 -4.4672546386718741 5.3898184299469003 -29.482621192932125 5.6618344783782968 -3.0590850114822383 -1.2632713913917539 -1.6282659173011778
decision_type=2 2 2 2 2 2 2 2 2 2 2 2 2 2 2 2 2 2 2 2 2 2 2 2 2 2 2 2 2 2
left_child=2 4 5 8 9 6 10 20 23 -2 -1 -5 21 -10 28 -11 -14 18 -7 -20 29 22 -6 -3 -18 -12 27 -9 -13 -4
right_child=1 3 7 11 12 17 -8 26 13 15 25 14 16 -15 -16 -17 24 -19 19 -21 -22 -23 -24 -25 -26 -27 -28 -29 -30 -31
leaf_value=-0.067858182466947123 -0.033934260523596479 -0.024205768428823 -0.12236479411147677 0.11681781864166262 0.014716668377373171 -0.085902266753347306 -0.77163566921068272 -0.058054033927251281 0.056014906057033277 -0.014515626402497126 -0.38372827938624793 0.29059648132324217 0.013539996414744513 0.090248979716540473 0.37987705230712893 0.0017699791088661232 0.027995120514007266 -0.10690678087147801 -0.25561396502531492 -0.17029782743651634 -0.085998849085647699 0.0062538471729210211 -0.06191265406483424 0.034431621893144852 0.12288686948664047 -0.23817398190498351 -0.15855761337280275 -0.021420710363377962 0.18014665093532831 -0.022437194378479668
leaf_weight=26 1935 93 636 100 124 38 23 1113 1729 3617 21 25 4573 657 20 3433 2919 88 104 386 685 3962 163 3091 34 40 25 236 86 23
leaf_count=26 1935 93 636 100 124 38 23 1113 1729 3617 21 25 4573 657 20 3433 2919 88 104 386 685 3962 163 3091 34 40 25 236 86 23
internal_value=5.40631e-05 0.0133501 -0.102489 0.0521216 0.00251617 -0.195714 -0.337247 -0.0775874 0.0467362 -0.0124752 -0.222409 0.181978 0.0139554 0.0654415 0.231718 -0.00658535 0.0196405 -0.17044 -0.181029 -0.188406 -0.10212 0.00388582 -0.0288045 0.0327189 0.0290877 -0.288283 -0.0535905 -0.0516452 0.205023 -0.118877
internal_weight=30005 26561 3444 5801 20760 726 110 2718 5570 8985 87 231 11775 2386 131 7050 7526 616 528 490 1344 4249 287 3184 2953 61 1374 1349 111 659
internal_count=30005 26561 3444 5801 20760 726 110 2718 5570 8985 87 231 11775 2386 131 7050 7526 616 528 490 1344 4249 287 3184 2953 61 1374 1349 111 659
is_linear=0
shrinkage=0.05


Tree=35
num_leaves=31
num_cat=0
split_feature=299 295 248 3 247 241 291 239 299 15 0 292 293 292 292 245 35 36 119 7 296 116 118 279 281 257 284 299 89 77
split_gain=14667.3 4463.69 2919.56 3207.69 1756.54 1419.21 1114.93 538.533 485.286 426.947 382.244 321.444 222.896 197.646 187.154 182.891 167.563 159.92 158.722 154.754 149.415 145.892 142.84 135.719 122.896 110.383 116.437 106.624 106.283 101.829
threshold=-10.165010929107664 -0.19602612406015393 -23.609879493713375 3.2694678306579594 -3.93666660785675 6.0706126689910898 -16.241269111633297 -2.4229413270950313 2.6164286136627202 4.4722056388854989 2.7514348030090336 -6.2672555446624747 -5.8249020576477042 -1.2365666627883909 -20.910796165466305 -0.75164449214935292 -4.8077685832977286 2.1534312963485722 -1.7059743404388426 2.3256213665008549 -5.012791395187377 7.1307518482208261 0.13569238781929019 10.406487464904787 -31.191859245300289 -10.975735187530516 -17.668602943420407 -2.6611955165863033 -5.2054169178009024 -1.5781213641166685
decision_type=2 2 2 2 2 2 2 2 2 2 2 2 2 2 2 2 2 2 2 2 2 2 2 2 2 2 2 2 2 2
left_child=2 4 3 10 11 8 14 20 15 -7 24 -2 17 21 19 -3 29 22 -18 28 -6 27 25 -11 -1 26 -8 -9 -4 -13
right_child=1 5 6 -5 7 9 12 13 -10 23 -12 16 -14 -15 -16 -17 18 -19 -20 -21 -22 -23 -24 -25 -26 -27 -28 -29 -30 -31
leaf_value=-0.37165876388549807 -0.040363542272737529 0.019030324381891377 -0.17044112860525729 -0.88404360232145907 -0.023183648250041863 0.11805446536041971 -0.17810063958168032 0.0020043774385631128 0.066868246120561442 0.21318237598125755 -0.086393359862267982 -0.015871821212899553 0.059204414281351814 0.025629894914402936 -0.12760853089180244 0.040481734800171226 -0.021490275655302246 -0.11781325657677844 0.0015401809953722991 -0.115139028250453 -0.00094535037080961031 0.10925798331563537 0.014556498334489085 0.36644622802734378 -0.23547810944350989 -0.064682724604213357 -0.087561172263428744 0.014697469818791038 -0.23397557543645991 -0.084104596926783126
leaf_weight=30 2112 1463 189 23 897 258 38 2726 1443 52 32 91 29 2975 457 3097 1912 246 1229 83 4782 37 44 20 37 779 542 4209 101 137
leaf_count=30 2112 1463 189 23 897 258 38 2726 1443 52 32 91 29 2975 457 3097 1912 246 1229 83 4782 37 44 20 37 779 542 4209 101 137
internal_value=-0.00048057 0.0103304 -0.113276 -0.352132 -0.000715892 0.0471462 -0.101658 0.00782674 0.0415966 0.148098 -0.228556 -0.0250704 -0.0782112 0.0148404 -0.149058 0.0335994 -0.0154833 -0.0806279 -0.012479 -0.175339 -0.0044579 0.0102364 -0.0741079 0.255756 -0.296455 -0.0769785 -0.0934931 0.00970809 -0.192569 -0.0568713
internal_weight=30070 27440 2630 122 21107 6333 2508 15626 6003 330 99 5481 1678 9947 830 4560 3369 1649 3141 373 5679 6972 1403 72 67 1359 580 6935 290 228
internal_count=30070 27440 2630 122 21107 6333 2508 15626 6003 330 99 5481 1678 9947 830 4560 3369 1649 3141 373 5679 6972 1403 72 67 1359 580 6935 290 228
is_linear=0
shrinkage=0.05


Tree=36
num_leaves=31
num_cat=0
split_feature=237 241 297 249 64 6 299 297 293 55 0 236 255 283 217 21 198 293 57 299 251 180 256 247 254 293 134 12 274 173
split_gain=13255.9 3903.84 2791.02 1541.06 1481.89 3791.14 1207.04 923.491 613.809 535.88 294.082 282.766 216.215 177.2 165.078 163.17 167.474 149.395 146.087 145.531 141.984 141.895 125.974 121.703 119.805 107.15 104.14 101.607 96.0273 95.2784
threshold=-7.3720710277557364 -0.97438234090805043 -26.020587921142575 4.8156862258911142 -9.5657348632812482 0.61188015341758739 -4.63610816001892 -15.382647037506102 1.2760048508644106 10.521680831909181 1.012606739997864 -2.4141176939010616 -5.085791587829589 -0.15843138843774793 13.462647438049318 -1.407803952693939 -15.892505645751951 -30.972812652587887 -3.9147167205810542 -10.165010929107664 2.4693818092346196 -1.4239775538444517 -15.99634265899658 -5.2579286098480216 -0.044509833678603165 -9.3769116401672346 -0.22936274111270902 0.87852123379707348 -1.2708020210266111 -3.7412589788436885
decision_type=2 2 2 2 2 2 2 2 2 2 2 2 2 2 2 2 2 2 2 2 2 2 2 2 2 2 2 2 2 2
left_child=2 6 4 8 5 -1 12 22 13 -5 17 18 25 -3 -11 27 -17 -6 -8 -9 -10 23 -4 -13 -14 -2 -21 -12 -27 -20
right_child=1 3 7 9 10 -7 11 19 20 14 15 21 24 -15 -16 16 -18 -19 29 26 -22 -23 -24 -25 -26 28 -28 -29 -30 -31
leaf_value=-0.12824810754369806 -0.061079153366408616 0.016397654535554147 -0.15151443390027147 0.09289415540547824 -0.35294826030731202 -1.0365010564029216 -0.041573326013706349 -0.075976778138246492 0.045018742706535303 0.18417901885643434 -0.024055768133451543 -0.067397139777066337 -0.015920396701439278 0.034062585282364784 0.33444658362347152 -0.32233765602111819 -0.12450432500032627 -0.22130346950284685 -0.018791782684752654 -0.0515035150246618 0.071244918469931084 0.017566680999465813 -0.11305695995445748 0.0050279336292870938 0.05235309652758368 -0.029063308709119658 0.02990744535567328 -0.15649207087366709 -0.09856346455430065 0.00070019139804773861
leaf_weight=27 343 3722 326 453 32 20 243 1123 1835 89 30 59 2431 2295 23 20 23 66 725 607 718 4035 614 3438 66 1951 42 28 51 4635
leaf_count=27 343 3722 326 453 32 20 243 1123 1835 89 30 59 2431 2295 23 20 23 66 725 607 718 4035 614 3438 66 1951 42 28 51 4635
internal_value=-0.000456542 0.0105089 -0.100962 0.0371247 -0.262223 -0.514739 -0.00301588 -0.0863345 0.0318517 0.117107 -0.202584 0.00485041 -0.0243549 0.0231354 0.215038 -0.142711 -0.21652 -0.26429 -0.00365536 -0.0650838 0.0523945 0.0111778 -0.126394 0.00380601 -0.0141158 -0.0352577 -0.046235 -0.0879905 -0.0308338 -0.00193632
internal_weight=30070 27112 2958 9135 246 47 17977 2712 8570 565 199 13135 4842 6017 112 101 43 98 5603 1772 2553 7532 940 3497 2497 2345 649 58 2002 5360
internal_count=30070 27112 2958 9135 246 47 17977 2712 8570 565 199 13135 4842 6017 112 101 43 98 5603 1772 2553 7532 940 3497 2497 2345 649 58 2002 5360
is_linear=0
shrinkage=0.05


Tree=37
num_leaves=31
num_cat=0
split_feature=293 295 291 185 293 60 239 296 238 183 19 140 249 182 249 251 294 37 35 5 31 291 30 8 182 257 233 232 190 34
split_gain=11970.5 3179.05 3138.01 1146.08 1108.63 2477.64 890.286 713.497 550.358 357.451 347.892 258.824 240.237 223.648 195.254 186.709 173.121 160.181 154.842 153.741 148.551 142.534 130.937 128.16 125.15 116.205 113.103 107.777 104.822 103.414
threshold=-7.4454426765441886 -0.1024089716374874 -19.393528938293453 18.413876533508304 -30.972812652587887 -9.6997060775756818 -3.0617716312408443 -12.151358604431151 2.9357843399047856 -2.0164052248001094 -1.4406862854957578 -8.6694245338439924 -5.0865685939788809 -0.13618291169404981 4.8156862258911142 0.32374510169029241 12.162022113800051 2.4050710201263432 -5.0091063976287833 1.0167320370674136 -4.5024967193603507 0.33025188744068151 -1.4733753204345701 0.1406233608722687 -8.4335513114929181 -12.753613471984862 -3.1381111145019527 5.0977149009704599 -1.5808088183403013 1.7716503739356997
decision_type=2 2 2 2 2 2 2 2 2 2 2 2 2 2 2 2 2 2 2 2 2 2 2 2 2 2 2 2 2 2
left_child=2 6 4 8 5 -1 12 17 15 18 19 -12 -2 24 21 26 -5 25 22 -7 -6 -11 -8 -22 -9 -4 -3 -10 -20 -18
right_child=1 3 7 16 20 10 9 13 27 14 11 -13 -14 -15 -16 -17 29 -19 28 -21 23 -23 -24 -25 -26 -27 -28 -29 -30 -31
leaf_value=-0.72347917227909486 -0.029877038927308832 -0.017930388199352981 -0.10275725196389592 0.13225714365641278 -0.11400508908338325 -0.19629251062870026 0.027659768016579062 -0.079208187411602293 0.059411889925319573 0.013547384896510389 -0.40034481620788576 -0.16793259732101276 -0.007487082938766253 0.048449489353677364 0.13935731798410417 0.044134990382445949 0.32126261738594625 -0.14013159095040903 -0.0031683152897494828 -0.012780518531799318 -0.19728955591380284 0.036725803001036686 -0.063198377238865386 -0.1310116777101816 -0.042502812827673347 -0.070663073002441942 0.026908045278463633 0.090753367083713343 0.012558357782556127 0.19204526744782924
leaf_weight=29 1613 149 510 48 172 21 52 266 693 7460 25 23 4657 63 32 2181 32 149 3736 25 191 728 167 118 1829 631 2507 454 1479 30
leaf_count=29 1613 149 510 48 172 21 52 266 693 7460 25 23 4657 63 32 2181 32 149 3736 25 191 728 167 118 1829 631 2507 454 1479 30
internal_value=-0.000433715 0.012016 -0.0803734 0.0436183 -0.185504 -0.31946 0.00235 -0.0619573 0.0406784 0.00951227 -0.194816 -0.288981 -0.0132471 -0.044372 0.0160899 0.0332945 0.203546 -0.0913754 -0.000437769 -0.0965577 -0.151249 0.0156082 -0.0416248 -0.17198 -0.0471633 -0.0850084 0.0243926 0.0718173 0.00129185 0.258738
internal_weight=30070 26018 4052 6094 604 123 19924 3448 5984 13654 94 48 6270 2158 8220 4837 110 1290 5434 46 481 8188 219 309 2095 1141 2656 1147 5215 62
internal_count=30070 26018 4052 6094 604 123 19924 3448 5984 13654 94 48 6270 2158 8220 4837 110 1290 5434 46 481 8188 219 309 2095 1141 2656 1147 5215 62
is_linear=0
shrinkage=0.05


Tree=38
num_leaves=31
num_cat=0
split_feature=299 292 292 60 3 200 299 247 299 251 183 15 246 239 109 120 294 18 299 247 292 242 186 108 191 250 37 287 294 167
split_gain=10859.2 2996.59 2707.19 1057.2 3489.15 1030.55 906.992 673.15 409.809 277.353 215.555 198.472 169.338 163.248 154.747 145.798 137.941 256.987 136.644 124.383 124.374 124 117.8 115.719 108.845 103.694 103.549 103.537 95.7161 89.032
threshold=-7.8486275672912589 0.15672097355127337 -20.910796165466305 -9.6997060775756818 1.3851187229156496 6.9834096431732187 -2.8636310100555415 -11.424587726593016 2.6164286136627202 -3.6237165927886958 -3.6229077577590938 4.4722056388854989 -4.4237253665924063 -5.7435429096221915 0.86705884337425243 -3.7100626230239864 -25.481175422668453 -2.6016830205917354 -1.3900001049041746 -4.6164109706878653 -30.652025222778317 0.85206899046897899 -3.0698084831237789 -1.4654440879821775 3.8238934278488164 3.3641531467437749 3.4648571014404301 -12.35869789123535 12.162022113800051 -7.1585974693298331
decision_type=2 2 2 2 2 2 2 2 2 2 2 2 2 2 2 2 2 2 2 2 2 2 2 2 2 2 2 2 2 2
left_child=2 6 3 4 -1 8 9 26 12 22 19 -7 14 -9 -3 16 17 -5 -12 -8 -19 -14 -2 -17 -11 -10 27 -4 -13 -15
right_child=1 5 7 15 -6 11 10 13 25 24 18 28 21 29 -16 23 -18 20 -20 -21 -22 -23 -24 -25 -26 -27 -28 -29 -30 -31
leaf_value=-0.11918988445001405 -0.024633492912304863 0.011092018019129981 -0.10148441373313988 -0.091769574845538424 -0.92473071368411197 0.12051167488098145 -0.058685601822847183 -0.056245021213803016 0.050699596254675239 -0.0016004384609210856 0.0093735247614498418 0.14492515895677649 0.02531437689890877 -0.083420651356379202 -0.11987611522131109 -0.063871816905625808 -0.14863751692679322 -0.31940752029418951 0.021266280349272408 -0.0039723557290654091 -0.20944417706794211 0.043911094337196671 -0.0082191282247842511 -0.19608927228204584 0.085627057444718158 0.077371832467977297 -0.15413394252975265 -0.055843012968699139 0.27129291268282157 -0.019108389275169922
leaf_weight=41 2619 67 724 34 20 128 121 1779 888 5446 5653 23 2285 60 34 59 206 40 4217 734 72 1475 1876 23 36 618 77 150 43 522
leaf_count=41 2619 67 724 34 20 128 121 1779 888 5446 5653 23 2285 60 34 59 206 40 4217 734 72 1475 1876 23 36 618 77 150 43 522
internal_value=-0.000412029 0.0110279 -0.0793315 -0.188395 -0.383302 0.0436146 0.00227438 -0.0630312 0.0395224 -0.00857649 0.0123685 0.156827 0.0308934 -0.048725 -0.0329963 -0.161001 -0.174988 -0.212167 0.0144548 -0.0117154 -0.248717 0.0326096 -0.0177829 -0.100957 -0.00102762 0.0616448 -0.0985484 -0.0936512 0.227256 -0.0257385
internal_weight=30070 26263 3807 495 61 5561 20702 3312 5367 9977 10725 194 3861 2361 101 434 352 146 9870 855 112 3760 4495 82 5482 1506 951 874 66 582
internal_count=30070 26263 3807 495 61 5561 20702 3312 5367 9977 10725 194 3861 2361 101 434 352 146 9870 855 112 3760 4495 82 5482 1506 951 874 66 582
is_linear=0
shrinkage=0.05


Tree=39
num_leaves=31
num_cat=0
split_feature=247 292 291 5 171 190 232 296 251 299 293 17 297 9 192 292 299 181 172 131 200 281 223 34 211 182 18 234 15 296
split_gain=9817.57 2785.59 2422.06 936.458 2507.51 928.991 871.469 462.075 426.88 276.44 232.329 221.43 261.315 197.08 356.754 147.949 141.885 124.242 120.545 113.454 111.91 108.917 107.813 105.634 112.348 99.4078 105.365 93.7709 92.0568 90.5942
threshold=-6.6691706180572501 0.15672097355127337 -19.393528938293453 4.2668092250823983 -15.121606826782225 17.902028083801273 -3.0250016450881954 -13.034442901611326 2.3300032615661626 -2.1360032558441158 -5.9930377006530753 -4.2553620338439933 -30.413599967956539 -1.0954052805900572 -18.221464157104489 12.574411869049074 1.0921288132667544 1.6943727731704714 0.98460489511489879 -4.3111927509307852 -5.3153326511383048 -2.1726143360137935 -1.5568476319313047 4.2182025909423837 -3.4302194118499751 -0.79339870810508717 3.3414902687072758 1.8454428911209109 2.235044121742249 -5.0717449188232413
decision_type=2 2 2 2 2 2 2 2 2 2 2 2 2 2 2 2 2 2 2 2 2 2 2 2 2 2 2 2 2 2
left_child=2 6 3 11 -5 8 10 23 16 19 18 -1 13 -13 -15 -7 21 -10 -2 -8 22 -3 -9 24 -4 26 -11 29 -19 -21
right_child=1 5 7 4 -6 15 9 20 17 25 -12 12 -14 14 -16 -17 -18 28 -20 27 -22 -23 -24 -25 -26 -27 -28 -29 -30 -31
leaf_value=-0.032717876371584444 -0.030952368636901918 -0.0038684981478501572 -0.08427560319313325 -0.81167199134826662 -0.10611176771276139 0.12659929063585071 -0.025928277283862985 -0.051350055669377496 0.041757996014828956 0.012337190193105129 -0.0076576647898959488 -0.15402026716619732 -0.14229391021347942 -0.45413936268199573 -0.16939305483617567 0.24259207589285717 0.04240684579861792 0.06934522092913302 0.075557255882907792 -0.014112147060524431 -0.028515362989389576 0.027505612854278112 -0.15046847668210311 -0.1437173218340487 0.032655650093441922 0.023482163757685328 -0.043954225287717932 0.055871780676876794 0.12355990963078095 0.0048802620167945699
leaf_weight=38 1649 317 942 20 34 54 339 1359 424 3777 4877 36 426 22 22 56 1653 783 27 695 674 2172 28 74 21 2792 85 85 87 6502
leaf_count=38 1649 317 942 20 34 54 339 1359 424 3777 4877 36 426 22 22 56 1653 783 27 695 674 2172 28 74 21 2792 85 85 87 6502
internal_value=-0.000391427 0.0103036 -0.0767095 -0.168836 -0.36743 0.0417938 0.00191856 -0.0589264 0.0388828 0.0088481 -0.0131767 -0.149123 -0.157865 -0.240781 -0.311766 0.18565 0.0310513 0.0639509 -0.0292365 0.00234653 -0.0452291 0.0235098 -0.053351 -0.0861494 -0.0817257 0.0162945 0.0110983 0.00366282 0.0747667 0.0030462
internal_weight=30070 26374 3696 598 54 5546 20828 3098 5436 14275 6553 544 506 80 44 110 4142 1294 1676 7621 2061 2489 1387 1037 963 6654 3862 7282 870 7197
internal_count=30070 26374 3696 598 54 5546 20828 3098 5436 14275 6553 544 506 80 44 110 4142 1294 1676 7621 2061 2489 1387 1037 963 6654 3862 7282 870 7197
is_linear=0
shrinkage=0.05


Tree=40
num_leaves=31
num_cat=0
split_feature=255 251 189 3 297 288 249 183 57 296 291 299 53 293 299 186 290 47 119 35 37 9 23 97 10 2 181 189 41 289
split_gain=8989.97 2425.04 2058.75 3475.86 986.955 924.558 632.26 333.662 259.628 235.136 234.645 161.903 159.853 157.96 150.31 142.368 159.716 125.492 124.839 100.984 97.9669 96.2075 95.3945 91.733 82.2469 79.6167 79.0915 77.3898 74.7882 74.6943
threshold=-7.0903882980346671 0.27668628096580511 -18.828739166259762 2.6391582489013676 -15.382647037506102 -3.8724706172943111 4.8156862258911142 -2.0164052248001094 -9.7717366218566877 9.0824923515319842 2.5940738916397099 -1.5724607110023496 -3.8924076557159419 -10.802309513092039 -5.6409149169921866 -6.9602985382080069 -20.686998367309567 -7.7287907600402823 -1.6859803795814512 -2.5852078199386592 2.6575816869735722 -2.3171646595001216 1.5667787194252016 3.7317645549774174 -3.2225817441940303 -0.24967648088932035 -2.5374999046325679 -3.2872319221496578 -1.4710556268692014 -15.318529605865477
decision_type=2 2 2 2 2 2 2 2 2 2 2 2 2 2 2 2 2 2 2 2 2 2 2 2 2 2 2 2 2 2
left_child=2 5 3 8 15 14 10 12 -1 -8 26 -9 -7 29 -2 16 17 -4 -14 -11 -18 -10 28 24 -15 -23 -3 -26 -17 -6
right_child=1 6 4 -5 13 7 9 11 21 19 -12 -13 18 23 -16 22 20 -19 -20 -21 -22 25 -24 -25 27 -27 -28 -29 -30 -31
leaf_value=-0.032903000404094829 -0.024200745297943475 -0.0026641158907092771 -0.078705258955035301 -0.88172882825136201 -0.1053450416635584 -0.04576807754195255 0.070692504720484967 0.0091061165791845398 -0.13975296409002372 0.21955764248515619 0.05428694269515031 0.02228790753097443 -0.0072044328417490136 -0.07757596604652324 -0.0079186712023208063 -0.053579680961959156 -0.094175832538486839 -0.16104214734178249 0.0074218905809804413 0.12252285524264916 -0.15823868840043226 -0.33138334445655349 0.034291185709563174 -0.12206396067684347 -0.038980414626398369 -0.19199088386126928 0.030211654101722177 -0.0031804484569213608 -0.14287719927502401 -0.061156010063822402
leaf_weight=29 2213 197 57 20 108 184 376 5168 28 33 1208 4241 2441 118 3943 81 546 246 3626 143 67 20 22 33 1061 21 2564 176 33 835
leaf_count=29 2213 197 57 20 108 184 376 5168 28 33 1208 4241 2441 118 3943 81 546 246 3626 143 67 20 22 33 1061 21 2564 176 33 835
internal_value=-0.000454375 0.00955201 -0.0757295 -0.281028 -0.0685686 0.00264523 0.0428806 0.00909884 -0.158436 0.0930191 0.0359074 0.0150477 0.000144685 -0.0504258 -0.0137719 -0.108769 -0.115857 -0.145553 0.00153713 0.140717 -0.101178 -0.211196 -0.0610331 -0.0396974 -0.0376915 -0.259987 0.0278659 -0.0338868 -0.079429 -0.0662169
internal_weight=29838 26337 3501 118 3383 21816 4521 15660 98 552 3969 9409 6251 2331 6156 1052 916 303 6067 176 613 69 136 1388 1355 41 2761 1237 114 943
internal_count=29838 26337 3501 118 3383 21816 4521 15660 98 552 3969 9409 6251 2331 6156 1052 916 303 6067 176 613 69 136 1388 1355 41 2761 1237 114 943
is_linear=0
shrinkage=0.05


Tree=41
num_leaves=31
num_cat=0
split_feature=255 241 189 3 297 291 249 296 0 189 284 299 182 293 35 33 289 9 15 119 41 88 160 286 227 296 116 65 36 10
split_gain=8113.45 2185.26 1858.03 3136.96 890.727 766.011 683.696 285.941 271.529 212.956 196.173 191.99 144.189 142.559 126.326 114.028 174.107 111.416 108.916 108.36 102.711 100.382 96.4496 91.9715 91.8114 87.5566 83.8778 82.5574 81.0459 76.3837
threshold=-7.0903882980346671 -0.045983940362930291 -18.828739166259762 2.6391582489013676 -15.382647037506102 -3.5670719146728511 3.4990491867065434 11.820195674896242 2.7514348030090336 -1.1747148036956785 0.47127448022365576 -5.6409149169921866 -10.323987007141112 -10.802309513092039 -4.8077685832977286 -10.66745090484619 -24.804188728332516 -1.9358445405960081 3.3509802818298344 -2.4137082099914546 -2.2110117673873897 0.024548411369323734 -7.3227233886718741 -9.8313727378845197 -2.2659076452255245 4.4523711204528817 -0.66467320919036854 -4.3329548835754386 2.5517872571945195 -3.2225817441940303
decision_type=2 2 2 2 2 2 2 2 2 2 2 2 2 2 2 2 2 2 2 2 2 2 2 2 2 2 2 2 2 2
left_child=2 5 3 8 12 11 10 -8 17 14 -3 -2 15 -6 20 -4 27 -1 -9 -16 -7 26 -11 -14 -13 -21 29 -17 -18 -15
right_child=1 6 4 -5 13 9 7 18 -10 22 -12 24 23 21 19 16 28 -19 -20 25 -22 -23 -24 -25 -26 -27 -28 -29 -30 -31
leaf_value=-0.13031298021475476 -0.023536936121930044 0.01742647491920744 -0.035039710998535159 -0.8376423753798008 -0.062906060346490128 0.064468040738416763 0.065424533359803624 0.096947830281359088 -0.018920779653957914 -0.083694716977576411 0.037677643306238399 -0.01032624224317428 -0.086524692951486668 -0.075938893478607467 -0.0084501425586147056 -0.15404103625388374 -0.10728067544709266 -0.25778101332485676 0.19976042864615459 0.006724492741794783 -0.047602457447868327 -0.069921571074180233 0.016768694040547868 0.020721313499269034 0.0052242766832042127 0.10663865361024033 0.015750492914196324 -0.26488021314144133 -0.17156262917952103 -0.031469208468504324
leaf_weight=30 2346 2164 38 20 943 23 843 47 28 24 2673 3467 416 107 1358 42 452 40 57 6587 184 206 5235 21 1307 22 85 28 55 990
leaf_count=30 2346 2164 38 20 943 23 843 47 28 24 2673 3467 416 107 1358 42 452 40 57 6587 184 206 5235 21 1307 22 85 28 55 990
internal_value=-0.000431657 0.00907441 -0.071943 -0.266977 -0.0651402 0.00143404 0.0362239 0.0750747 -0.150514 0.00846158 0.0286176 -0.0118245 -0.103331 -0.0479045 0.0034119 -0.118934 -0.12446 -0.203152 0.153297 0.00441383 -0.0351502 -0.0377126 0.0163102 -0.081371 -0.0060689 0.00705709 -0.0320991 -0.198377 -0.114254 -0.0358067
internal_weight=29838 26337 3501 118 3383 20553 5784 947 98 13433 4837 7120 1052 2331 8174 615 577 70 104 7967 207 1388 5259 437 4774 6609 1182 70 507 1097
internal_count=29838 26337 3501 118 3383 20553 5784 947 98 13433 4837 7120 1052 2331 8174 615 577 70 104 7967 207 1388 5259 437 4774 6609 1182 70 507 1097
is_linear=0
shrinkage=0.05


Tree=42
num_leaves=31
num_cat=0
split_feature=256 288 283 124 296 239 296 183 296 252 288 48 211 190 3 290 56 189 13 107 254 175 48 26 246 128 136 203 281 137
split_gain=7330.12 2119.61 1581.79 2807.32 750.565 717.844 666.853 254.775 224.787 219.713 210.413 162.468 149.718 135.744 135.701 130.774 175.883 115.083 114.143 110.828 108.455 97.4954 87.6958 87.3309 80.0043 79.229 78.2583 80.1256 76.918 75.0718
threshold=-7.8784310817718497 -0.55279752612113942 -31.282950401306149 -13.626482009887694 4.75756859779358 -3.225525856018066 -15.26100969314575 -2.0164052248001094 11.820195674896242 0.46490192413330084 -6.8509585857391349 -9.7245364189147931 -4.6582853794097892 -11.062534809112547 3.2694678306579594 -20.686998367309567 -9.5091667175292951 -0.40352942049503321 4.5570309162139901 -1.4481818079948423 -9.5991668701171857 -4.5300273895263663 4.0360784530639657 -0.63730391860008229 4.4775490760803232 3.2246732711791997 -0.48472768068313593 -3.5678633451461788 -7.7733600139617911 -4.9710659980773917
decision_type=2 2 2 2 2 2 2 2 2 2 2 2 2 2 2 2 2 2 2 2 2 2 2 2 2 2 2 2 2 2
left_child=2 5 3 -1 9 10 14 12 -6 21 -2 -5 19 -13 15 16 -4 -9 -10 -7 26 -3 29 -20 -19 -11 27 -8 -17 -23
right_child=1 4 6 11 8 7 20 17 18 25 -12 13 -14 -15 -16 28 -18 24 23 -21 -22 22 -24 -25 -26 -27 -28 -29 -30 -31
leaf_value=-0.70184636999059613 -0.032502893212179071 -0.047207364701388178 -0.019130732119083407 -0.014627603384164665 0.064909529685974118 -0.0052602513410172176 -0.060830946856744145 0.0081231136441940587 0.091270806654444286 0.033789620251734806 -0.0099783477534294632 -0.23096731457249811 0.00078493031954626378 -0.083714813471306118 -0.024729668683019179 -0.094114680893615882 -0.14286934641855106 0.020615384230011621 0.27426565537850062 -0.046189168091708172 -0.037415809926272928 -0.052857964400734231 -0.021262988739443902 0.14220753143871986 0.091177922923390456 0.064493082617891259 0.033866333180949802 -0.14023818450443673 0.00094831463965502644 0.020705695051894086
leaf_weight=27 1314 57 32 26 768 352 851 5558 53 2227 4915 34 4976 29 58 649 280 1985 21 312 962 35 133 31 41 232 21 33 22 3804
leaf_count=27 1314 57 32 26 768 352 851 5558 53 2227 4915 34 4976 29 58 649 280 1985 21 312 962 35 133 31 41 232 21 33 22 3804
internal_value=-0.000410074 0.00791237 -0.0742057 -0.255265 0.0307653 -0.000735162 -0.0669833 0.00585687 0.0742908 0.0249087 -0.0147299 -0.119786 -0.00219092 -0.163184 -0.0990485 -0.103434 -0.130178 0.0118418 0.142908 -0.0244919 -0.0491043 0.0177204 0.0186522 0.195539 0.0220434 0.0366864 -0.0615291 -0.0637952 -0.0909979 0.020035
internal_weight=29838 26814 3024 116 7361 19453 2908 13224 873 6488 6229 89 5640 63 1041 983 312 7584 105 664 1867 4029 3972 52 2026 2459 905 884 671 3839
internal_count=29838 26814 3024 116 7361 19453 2908 13224 873 6488 6229 89 5640 63 1041 983 312 7584 105 664 1867 4029 3972 52 2026 2459 905 884 671 3839
is_linear=0
shrinkage=0.05


Tree=43
num_leaves=31
num_cat=0
split_feature=247 234 189 3 247 232 299 292 0 284 299 182 284 296 292 73 26 79 118 119 80 291 115 278 89 155 180 296 298 43
split_gain=6646.3 1790.85 1565.17 2798.16 803.873 706.564 451.208 258.667 245.452 162.079 161.13 159.905 138.996 126.049 112.307 109.627 100.85 97.4627 97.0012 96.0665 94.4629 96.4686 93.2941 91.2509 81.3987 78.8043 137.568 102.793 92.4786 78.1634
threshold=-6.5406863689422599 0.98877874016761791 -18.828739166259762 2.6391582489013676 -11.424587726593016 -2.6222940683364864 8.5732970237731951 -1.5705569982528684 2.7514348030090336 -17.668602943420407 -4.9668934345245352 2.1181787252426152 -4.7266666889190665 3.6227973699569707 -10.773079395294188 -6.9235293865203849 -3.6423276662826534 -0.33882357180118555 -4.8614706993103018 -1.362696051597595 -8.8861002922058088 -22.607102394104 -2.6013969182968135 -0.052710328251123421 0.75791266560554515 5.9804949760437021 -1.6373856663703916 4.75756859779358 1.5175140500068667 -2.9920588731765743
decision_type=2 2 2 2 2 2 2 2 2 2 2 2 2 2 2 2 2 2 2 2 2 2 2 2 2 2 2 2 2 2
left_child=2 5 3 8 9 10 11 12 15 18 -2 25 23 -9 29 -1 -8 22 20 24 -4 -22 -11 -7 -16 27 -27 -3 -29 -6
right_child=1 6 4 -5 14 7 16 13 -10 17 -12 -13 -14 -15 19 -17 -18 -19 -20 -21 21 -23 -24 -25 -26 26 -28 28 -30 -31
leaf_value=-0.13954265974462032 -0.01817347122165424 0.028989535983468886 -0.074777494641867545 -0.78082036130130295 -0.034726517473998138 -0.0078867060948986951 0.20810622523228328 0.016538534579778916 -0.0067428459014211382 -0.072873643008807235 -0.0034210015336556413 0.053690007322765347 0.0064004409681837826 0.063248934294726403 -0.032513551930480819 -0.27432924299077555 0.099199258960703363 -0.12874682979428606 -0.067979716008359739 -0.0029187562898164844 -0.16723102415640523 -0.11156374746887246 0.00079055430124635279 -0.053219034066495974 -0.071626640555759277 -0.12260486970966061 0.013762008304437323 0.16523744023981549 0.054577117345549847 -0.067692359802750943
leaf_weight=48 2830 2219 88 20 292 796 24 5984 28 655 5350 958 7081 148 1175 22 186 73 110 246 127 201 46 129 150 21 155 21 187 468
leaf_count=48 2830 2219 88 20 292 796 24 5984 28 655 5350 958 7081 148 1175 22 186 73 110 246 127 201 46 129 150 21 155 21 187 468
internal_value=-0.00038957 0.00855592 -0.0626405 -0.241852 -0.0568165 0.0031711 0.040425 0.00993817 -0.131858 -0.0883194 -0.00852485 0.036225 0.00401929 0.0176659 -0.0392474 -0.181904 0.111646 -0.0737654 -0.109735 -0.0316139 -0.120777 -0.133118 -0.0680398 -0.0142087 -0.0369414 0.0297972 -0.00250904 0.03214 0.0657496 -0.0550265
internal_weight=29838 26089 3749 118 3631 22318 3771 14138 98 1300 8180 3561 8006 6132 2331 70 210 774 526 1571 416 328 701 925 1325 2603 176 2427 208 760
internal_count=29838 26089 3749 118 3631 22318 3771 14138 98 1300 8180 3561 8006 6132 2331 70 210 774 526 1571 416 328 701 925 1325 2603 176 2427 208 760
is_linear=0
shrinkage=0.05


Tree=44
num_leaves=31
num_cat=0
split_feature=255 251 283 124 288 257 255 180 131 48 182 273 292 9 245 114 87 290 282 164 287 182 65 120 67 232 160 13 27 121
split_gain=6007.36 1675.03 1422.98 2475.11 709.801 666.566 373.269 280.281 155.745 144.85 143.017 127.622 158.423 123.604 122.796 141.103 116.792 115.886 113.844 110.399 109.14 123.456 108.506 99.623 95.8964 90.4576 89.6985 85.0273 84.9525 83.1313
threshold=-7.0903882980346671 0.79694414138793956 -31.282950401306149 -13.626482009887694 -3.8724706172943111 -12.753613471984862 7.2722826004028329 -1.4425534605979917 1.8874999880790713 -9.7245364189147931 -6.9539706707000724 -28.691118240356442 -22.645638465881344 3.7131558656692509 -1.2594570517539976 4.6428935527801523 -2.4351954460144039 12.301199436187746 -0.15326798707246778 -6.5622551441192618 -7.4997863769531241 1.3765497207641604 -5.1707844734191886 -3.6505343914031978 -4.2533416748046866 6.2673721313476571 -3.8546808958053584 2.3377255201339726 -1.5950527787208555 -1.1596664786338804
decision_type=2 2 2 2 2 2 2 2 2 2 2 2 2 2 2 2 2 2 2 2 2 2 2 2 2 2 2 2 2 2
left_child=2 4 3 -1 20 11 8 14 -3 -5 16 -4 28 23 15 19 -7 -8 26 -6 21 -2 -12 -11 -18 -10 -9 -19 -13 -14
right_child=1 6 5 9 7 10 17 18 25 13 22 12 29 -15 -16 -17 24 27 -20 -21 -22 -23 -24 -25 -26 -27 -28 -29 -30 -31
leaf_value=-0.65342537208839702 -0.032093036675460533 0.028998349808357859 0.033358741941906155 -0.0075960599459134609 -0.061148114599190756 -0.043285982906818392 0.080654311641570067 -0.019721581221004078 0.04689413167462491 -0.17445882802659818 -0.072056903301830025 -0.095491630490869284 -0.084063838840079452 -0.25055857673287391 0.013326618487231261 -0.11418149524501392 -0.13266834452532339 0.082582859559492627 0.022559017467827566 -0.00088244860826238608 -0.0088921457864117575 0.06656454370328875 -0.025903495105898167 -0.022206784004256838 -0.066141199506819251 0.091538208903688384 0.011629463963594459 0.20496099233627318 -0.1594587054664055 0.012326086182957111
leaf_weight=27 811 2294 21 26 77 620 155 237 808 22 142 96 815 20 1622 28 69 22 2802 5804 5362 33 1234 21 252 132 6110 40 113 23
leaf_count=27 811 2294 21 26 77 620 155 237 808 22 142 96 815 20 1622 28 69 22 2802 5804 5362 33 1234 21 252 132 6110 40 113 23
internal_value=-0.000370092 0.00780965 -0.0619039 -0.2341 0.00291315 -0.056003 0.0402818 0.00828423 0.0360222 -0.106889 -0.0409391 -0.0886835 -0.0911314 -0.147867 0.00114043 -0.00220464 -0.0559607 0.103764 0.0141646 -0.00167151 -0.0115228 -0.0282356 -0.0306664 -0.100103 -0.0804414 0.0531633 0.0104588 0.161536 -0.130077 -0.0814183
internal_weight=29838 26337 3501 116 22886 3385 3451 16680 3234 89 2317 1068 1047 63 7531 5909 941 217 9149 5881 6206 844 1376 43 321 940 6347 62 209 838
internal_count=29838 26337 3501 116 22886 3385 3451 16680 3234 89 2317 1068 1047 63 7531 5909 941 217 9149 5881 6206 844 1376 43 321 940 6347 62 209 838
is_linear=0
shrinkage=0.05


Tree=45
num_leaves=31
num_cat=0
split_feature=240 288 288 125 295 299 299 0 77 292 240 183 285 207 177 137 57 18 165 64 29 267 197 119 3 186 152 125 82 170
split_gain=5528.73 1696.32 1214.46 1979.74 639.63 557.376 479.158 308.532 249.134 197.82 190.468 149.473 148.652 120.826 112.802 158.737 101.001 91.3085 115.708 90.8525 90.6408 88.8569 87.21 85.7182 83.0644 80.7698 103.106 78.9704 78.8506 85.7394
threshold=-7.1000425815582267 -0.41796763241291041 -30.438570022583004 -13.68968629837036 6.1119816303253183 -3.1615995168685909 -14.201942920684813 1.012606739997864 7.0493135452270517 -6.2672555446624747 0.88602945208549511 -6.4452860355377188 13.586545944213869 5.3430197238922128 -12.79262590408325 -14.204902172088621 -0.76708608865737904 2.646299004554749 -2.8665117025375362 1.4598529338836672 3.7656363248825078 8.6880712509155291 -8.3627324104309064 -1.9160407185554502 -0.16719633340835569 0.15640524029731753 -0.13533699512481687 -3.9886199235916133 -2.4387611150741573 -0.5913725197315215
decision_type=2 2 2 2 2 2 2 2 2 2 2 2 2 2 2 2 2 2 2 2 2 2 2 2 2 2 2 2 2 2
left_child=2 5 3 -1 10 9 14 -5 -6 22 27 -7 -10 16 15 24 17 -13 -19 -9 -16 -12 -2 -11 -4 26 -24 -3 29 -18
right_child=1 4 6 7 8 11 -8 19 12 23 21 13 -14 -15 20 -17 28 18 -20 -21 -22 -23 25 -25 -26 -27 -28 -29 -30 -31
leaf_value=-0.5875395093645368 -0.076497776051090191 -0.021583886412302342 -0.081988456484043237 -0.25771764387997487 0.06155185995503698 -0.077787373713491592 -0.039718379020690919 0.0033882113425312819 0.11204713704634686 -0.011249982225631994 0.035869417752900555 0.0031064338274531481 0.24267866952078687 0.11174552483218057 -0.065490393158602458 -0.11764697966837961 0.016875367369123279 -0.076981511380937367 0.012969091208651662 -0.11723911938843903 -0.12122665174305439 -0.067428125653948109 -0.019481043987982869 -0.0001367037385448766 0.036265112404470091 0.031136419189472991 -0.062904298190983962 0.018489386663982789 0.0098624614688475887 0.057654760602163152
leaf_weight=28 73 127 33 24 451 51 1775 37 98 3219 2410 4025 28 28 827 309 454 81 64 27 80 21 1791 3764 27 72 148 3846 5683 180
leaf_count=28 73 127 33 24 451 51 1775 37 98 3219 2410 4025 28 28 827 309 454 81 64 27 80 21 1791 3764 27 72 148 3846 5683 180
internal_value=-0.000104249 0.00732735 -0.0625559 -0.221348 0.0284965 -0.000199861 -0.0565186 -0.104833 0.0789177 -0.00929427 0.0239535 0.00760432 0.141076 0.00801849 -0.0798888 -0.103196 0.00774154 0.00170214 -0.0372792 -0.0475014 -0.0704065 0.0349771 -0.0228133 -0.00525967 -0.0287744 -0.0208645 -0.0227955 0.0172084 0.0117283 0.0284531
internal_weight=29781 26614 3167 116 6981 19633 3051 88 577 9067 6404 10566 126 10515 1276 369 10487 4170 145 64 907 2431 2084 6983 60 2011 1939 3973 6317 634
internal_count=29781 26614 3167 116 6981 19633 3051 88 577 9067 6404 10566 126 10515 1276 369 10487 4170 145 64 907 2431 2084 6983 60 2011 1939 3973 6317 634
is_linear=0
shrinkage=0.05


Tree=46
num_leaves=31
num_cat=0
split_feature=291 291 288 125 257 251 133 0 296 36 184 279 178 292 87 224 288 160 191 200 264 65 23 283 65 221 189 266 242 63
split_gain=4946.38 1410.53 1189.89 1795.06 620.569 588.387 466.497 278.985 234.683 193.298 141.062 137.373 122.198 120.561 133.23 106.123 148.995 99.3956 118.816 98.4598 96.3025 95.5144 85.5287 83.2317 81.6067 79.2591 92.8324 77.2137 76.8373 74.477
threshold=-7.3106985092163077 1.6703827977180483 -30.438570022583004 -13.68968629837036 -12.753613471984862 -2.2394608259201045 8.358316898345949 1.012606739997864 -5.012791395187377 2.0538597106933598 -0.80669468641281117 10.406487464904787 -6.7994120121002188 4.8627140522003183 6.8041286468505868 -23.498774528503414 -20.308905601501461 -4.1840069293975821 -0.55953431129455555 1.1171621680259707 -0.37647408246994013 -5.8664691448211661 -1.446881830692291 -3.8171676397323604 1.2093300819396975 -11.515166759490965 -14.532966136932371 3.0941175222396855 -0.61762738227844227 2.2859412431716923
decision_type=2 2 2 2 2 2 2 2 2 2 2 2 2 2 2 2 2 2 2 2 2 2 2 2 2 2 2 2 2 2
left_child=2 5 3 -1 15 8 13 -5 -2 12 23 -8 -6 14 -3 -4 -17 18 -10 -14 -15 -11 27 24 -7 -18 -27 -12 -19 -9
right_child=1 6 4 7 9 10 11 29 17 21 22 -13 19 20 -16 16 25 28 -20 -21 -22 -23 -24 -25 -26 26 -28 -29 -30 -31
leaf_value=-0.55816247122628349 -0.017547739896406803 0.030869717485472271 0.029042629762129353 -0.24483176415475705 -0.046142255523148809 3.1779113082075308e-05 0.10539343460746434 -0.0057483790442347527 -0.0092994355227039756 -0.14724934681041821 0.027887701441044778 0.23265419006347657 -0.024128001389006476 -0.044426204144954684 -0.075270465215047211 -0.11098887451233404 -0.055910710714481497 -0.00026045507670617737 -0.063816405547349228 0.06727064102888107 0.055273878162048345 -0.061717371115400481 0.014453970506103829 0.0089205442859648845 -0.037247817996111543 -0.16844645124493224 -0.079589739563739881 0.10144950070896663 0.017453263761772708 -0.11767906507720119
leaf_weight=28 2647 2040 22 24 809 759 115 42 722 37 994 26 1655 25 30 310 432 6986 116 30 777 277 4195 5468 182 33 269 37 671 23
leaf_count=28 2647 2040 22 24 809 759 115 42 722 37 994 26 1655 25 30 310 432 6986 116 30 777 277 4195 5468 182 33 269 37 671 23
internal_value=-9.90364e-05 0.007917 -0.051899 -0.208996 -0.0471544 0.00366408 0.0400672 -0.0991462 -0.00454803 -0.0348243 0.0115282 0.12886 -0.0301695 0.035708 0.0293315 -0.0796336 -0.0819237 -0.000497386 -0.0168459 -0.0225007 0.052166 -0.071796 0.017625 0.0065568 -0.00717851 -0.0696482 -0.0892992 0.0305276 0.00129184 -0.0453546
internal_weight=29781 25790 3991 117 3874 22777 3013 89 11142 2808 11635 141 2494 2872 2070 1066 1044 8495 838 1685 802 314 5226 6409 941 734 302 1031 7657 65
internal_count=29781 25790 3991 117 3874 22777 3013 89 11142 2808 11635 141 2494 2872 2070 1066 1044 8495 838 1685 802 314 5226 6409 941 734 302 1031 7657 65
is_linear=0
shrinkage=0.05


Tree=47
num_leaves=31
num_cat=0
split_feature=299 288 288 51 289 257 299 119 183 33 3 76 267 119 180 240 24 224 288 286 38 172 189 288 297 204 217 279 187 116
split_gain=4540.89 1316.24 1046.19 1554.52 526.64 494.568 375.787 287.649 165.958 147.642 143.927 183.425 137.834 114.612 113.513 111.788 101.02 95.2705 137.33 93.5372 115.216 87.0161 91.0288 85.6995 83.8882 74.6823 85.0451 72.7346 69.9221 69.6619
threshold=-7.8486275672912589 -0.41796763241291041 -30.438570022583004 -9.4829511642456037 4.8337955474853525 -12.753613471984862 -2.9411536455154415 7.978396177291871 -6.3148458003997794 1.376969635486603 1.7423529028892519 -8.582976818084715 -3.3927450180053706 -2.1525210142135616 5.5254333019256601 0.88602945208549511 -7.37300682067871 -23.498774528503414 -20.308905601501461 12.868235111236574 4.5700178146362314 4.5547058582305917 -1.1747148036956785 -14.605659008026121 -10.63297653198242 -2.3905526399612422 -3.1706209182739253 6.3587501049041757 -4.1471569538116446 4.6562743186950692
decision_type=2 2 2 2 2 2 2 2 2 2 2 2 2 2 2 2 2 2 2 2 2 2 2 2 2 2 2 2 2 2
left_child=2 6 3 -1 15 17 13 -6 28 12 11 -5 16 24 21 27 -7 -4 -19 20 -9 22 -10 -11 -2 26 -14 -3 -8 -15
right_child=1 4 5 10 7 9 8 19 14 23 -12 -13 25 29 -16 -17 -18 18 -20 -21 -22 -23 -24 -25 -26 -27 -28 -29 -30 -31
leaf_value=-0.53129396791811345 -0.10649787088235219 0.016168856759352503 0.027590504559603608 -0.035961152315139772 0.050456010529489226 0.07316784392232481 -0.14569449891214786 0.1413958738988905 0.0035351334747265686 -0.12899120014447432 -0.026416376156684681 -0.23017852633230149 0.012662644701247866 -0.002414197609083962 0.083812563759940006 0.029639051976478675 -0.03224065350315676 -0.10543942932159669 -0.065725878178665639 0.21648890177408853 0.0046437630057334905 -0.096667536124587061 0.013389044844882471 -0.052174070318842115 -0.012722873413808372 -0.027311903834342954 0.15333469494112903 -0.048483309014277026 -0.031401482177898288 0.081239533424377453
leaf_weight=27 24 3848 22 20 825 23 23 67 5500 39 39 31 22 5484 49 2152 1935 310 731 27 20 20 4084 526 3786 25 21 44 32 25
leaf_count=27 24 3848 22 20 825 23 23 67 5500 39 39 31 22 5484 49 2152 1935 310 731 27 20 20 4084 526 3786 25 21 44 32 25
internal_value=-9.40846e-05 0.00734003 -0.0513699 -0.198546 0.0259066 -0.0466574 0.000526017 0.0607431 0.00741056 -0.034875 -0.0987222 -0.154015 -0.0285721 -0.00664591 0.00790403 0.0204943 -0.0310025 -0.0753762 -0.0775522 0.135189 0.109959 0.00751674 0.00773415 -0.0574765 -0.0133136 0.041409 0.0813629 0.0154379 -0.0791967 -0.00203457
internal_weight=29781 26010 3771 117 6983 3654 19027 939 9708 2591 90 51 2026 9319 9653 6044 1958 1063 1041 114 87 9604 9584 565 3810 68 43 3892 55 5509
internal_count=29781 26010 3771 117 6983 3654 19027 939 9708 2591 90 51 2026 9319 9653 6044 1958 1063 1041 114 87 9604 9584 565 3810 68 43 3892 55 5509
is_linear=0
shrinkage=0.05


Tree=48
num_leaves=31
num_cat=0
split_feature=240 295 187 8 259 251 291 19 15 283 293 189 4 249 190 275 284 287 29 181 37 295 133 222 141 39 277 55 15 279
split_gain=4113.91 1266.85 900.938 2190.48 456.719 433.172 365.46 217.445 209.637 192.253 182.21 128.152 137.686 113.992 110.787 93.1146 92.4573 86.3218 85.4206 85.2496 85.1239 82.3964 79.2289 93.1738 78.9733 78.6725 78.1743 77.0588 74.3591 91.6289
threshold=-7.1000425815582267 -0.19602612406015393 -18.167441368103024 1.5664705634117129 7.3071887493133554 -2.9090476036071773 -12.194820404052733 -3.7816644906997676 -1.8366946578025816 1.7139215469360354 -5.1228039264678946 -14.532966136932371 0.87836310267448436 4.3517677783966073 -3.8049066066741939 -7.4549021720886222 -4.1191084384918204 -20.208280563354489 8.1960129737854022 -7.2519800662994376 1.8500490188598635 -2.3564543724060054 2.2809803485870366 -2.1286920309066768 -0.056356230750679963 -6.5711054801940909 0.67751634120941173 2.9101960659027104 3.3509802818298344 10.406487464904787
decision_type=2 2 2 2 2 2 2 2 2 2 2 2 2 2 2 2 2 2 2 2 2 2 2 2 2 2 2 2 2 2
left_child=2 5 3 7 9 10 11 -1 -9 14 19 12 -4 16 24 17 26 -13 22 -2 -19 27 23 -11 -3 -14 -7 -8 -6 -30
right_child=1 4 6 -5 28 13 21 8 -10 18 -12 15 25 -15 -16 -17 -18 20 -20 -21 -22 -23 -24 -25 -26 -27 -28 -29 29 -31
leaf_value=0.010255237274310169 -0.056538362050578543 -0.01320221159085222 -0.12484242874564547 -0.66749388570431623 0.070042906110248868 -0.0010199199442192412 -0.031104472620183961 -0.28002584129571917 -0.080034400235959577 0.098410919904708863 -0.0027561842217353159 -0.085097352386041505 0.028889234542846684 0.095258500675360361 0.017202202115471431 -0.13664119767123148 0.0079324434957994058 -0.046074760947257848 -0.0069511398192374941 -0.016201095564270278 -0.089531510911183443 0.055586558456222214 0.052978092046548048 0.029280572629356683 -0.12077161820294957 -0.078712881229958453 -0.036076198451304706 -0.12336033491984658 0.098860401720614055 0.20646952876338254
leaf_weight=34 137 91 165 20 126 1492 1425 20 38 50 5326 229 25 36 3267 38 10228 942 124 2983 128 27 518 1936 21 53 178 23 74 27
leaf_count=34 137 91 165 20 126 1492 1425 20 38 50 5326 229 25 36 3267 38 10228 942 124 2983 128 27 518 1936 21 53 178 23 74 27
internal_value=-8.93804e-05 0.00632119 -0.0539609 -0.193241 0.0260453 0.000287831 -0.0488547 -0.0901429 -0.148997 0.0234144 -0.00837711 -0.0655637 -0.0989652 0.00642023 0.0155259 -0.059493 0.00615143 -0.0572361 0.0335572 -0.0179723 -0.0512733 -0.0309562 0.0355633 0.031021 -0.0333715 -0.044225 -0.00475646 -0.0325699 0.0956641 0.127627
internal_weight=29781 26614 3167 112 6234 20380 3055 92 58 6007 8446 1580 243 11934 3379 1337 11898 1299 2628 3120 1070 1475 2504 1986 112 78 1670 1448 227 101
internal_count=29781 26614 3167 112 6234 20380 3055 92 58 6007 8446 1580 243 11934 3379 1337 11898 1299 2628 3120 1070 1475 2504 1986 112 78 1670 1448 227 101
is_linear=0
shrinkage=0.05


Tree=49
num_leaves=31
num_cat=0
split_feature=299 288 186 29 295 182 299 77 183 248 299 168 14 293 285 82 175 296 186 167 281 179 87 212 107 259 25 160 65 82
split_gain=3715.53 1088.98 884.845 2077.98 450 421.17 311.036 165.848 147.822 132.346 120.568 117.362 114.477 113.71 113.552 110.043 101.68 99.9914 111.206 95.9429 88.5861 88.0371 125.374 81.4145 79.4047 79.2903 79.0316 75.8658 75.587 74.9066
threshold=-7.8486275672912589 -0.41796763241291041 -17.750608444213864 -9.3435297012329084 6.1119816303253183 -9.1227807998657209 -2.9411536455154415 7.0493135452270517 -6.3148458003997794 0.91362422704696666 -17.78078460693359 -17.7621955871582 -3.8097425699234004 -30.972812652587887 13.586545944213869 -3.4695777893066402 4.6270687580108651 -4.9585986137390128 0.64234966039657604 2.7002942562103276 -11.005649089813231 0.96462184190750133 -0.22588237375020978 -7.7667264938354483 -0.42653876543045038 -5.8837256431579581 3.6982548236846928 -3.6159489154815669 -9.0363850593566877 -2.4930739402770992
decision_type=2 2 2 2 2 2 2 2 2 2 2 2 2 2 2 2 2 2 2 2 2 2 2 2 2 2 2 2 2 2
left_child=2 6 3 -1 9 10 17 -6 -8 25 11 -4 -5 -13 -9 -12 23 18 24 20 21 22 -7 -10 -2 -3 -26 -19 -22 -25
right_child=1 4 5 12 7 19 8 14 16 -11 15 13 -14 -15 -16 -17 -18 27 -20 -21 28 -23 -24 29 26 -27 -28 -29 -30 -31
leaf_value=-0.60870600161345112 -0.011695227509035785 -0.069436008589608342 0.013130840460459392 0.030209511891007425 0.051650972218312607 -0.040653337452795126 -0.075032916697250179 0.091163549617845188 -0.051792109366190636 0.029465559981631265 -0.035766208187167019 -0.19724905594535497 -0.10587257192853619 -0.08368789551393041 0.20533580780029298 -0.082355324543536987 0.071520615079760805 -0.01393681337452821 0.050068076377484338 0.073259308663281536 -0.12148853361606599 0.045682540756220434 -0.10207639139769797 0.018501860834064947 -0.028738690772545095 0.014989010060359898 -0.10823945595937617 0.00010025167010097751 -0.023688695392928887 0.0053975674364188332
leaf_weight=23 2499 28 30 20 451 715 55 98 59 2256 389 23 68 530 28 188 61 1184 67 22 20 26 94 1256 388 4122 34 5147 1623 8277
leaf_count=23 2499 28 30 20 451 715 55 98 59 2256 389 23 68 530 28 188 61 1184 67 22 20 26 94 1256 388 4122 34 5147 1623 8277
internal_value=-8.49113e-05 0.00663973 -0.0464673 -0.185544 0.0235275 -0.0422494 0.000441817 0.0658198 0.00670521 0.0197182 -0.0671493 -0.0831859 -0.0749448 -0.0884111 0.116535 -0.050946 0.00717093 -0.00608303 -0.013622 -0.0306958 -0.0316187 -0.0448797 -0.0477903 0.0067617 -0.0150829 0.0144194 -0.035144 -0.00252491 -0.0248792 0.0071241
internal_weight=29781 26010 3771 111 6983 3660 19027 577 9708 6406 1160 583 88 553 126 577 9653 9319 2988 2500 2478 835 809 9592 2921 4150 422 6331 1643 9533
internal_count=29781 26010 3771 111 6983 3660 19027 577 9708 6406 1160 583 88 553 126 577 9653 9319 2988 2500 2478 835 809 9592 2921 4150 422 6331 1643 9533
is_linear=0
shrinkage=0.05


Tree=50
num_leaves=31
num_cat=0
split_feature=237 234 288 70 245 232 290 182 3 49 3 39 109 252 295 95 39 292 27 78 285 281 120 58 185 28 283 90 92 4
split_gain=3361.6 1157.54 672.244 1741.4 464.32 362.566 254.433 189.074 186.93 140.303 133.76 124.143 119.692 108.311 99.5195 98.7248 92.126 89.4207 86.2452 81.8244 80.1216 79.873 77.2003 79.6133 75.6496 72.4121 69.1902 72.678 68.0525 67.6776
threshold=-7.5938234329223624 -0.44877777993679041 -30.438570022583004 -10.052329063415526 4.1608765125274667 -3.0250016450881954 -18.116234779357907 -1.2019735574722288 2.2517439126968388 8.0478434562683123 3.934983611106873 2.7951797246932988 5.5543272495269784 -2.3824852705001827 2.3068103790283208 -11.140745162963865 2.8817647695541386 -6.2672555446624747 -4.7456865310668936 -8.0026087760925275 -5.4349215030670157 -4.0777506828308097 -1.6314378976821897 0.90842086076736461 -7.1736097335815421 -2.5115233659744258 -4.8664324283599845 1.2053758502006533 1.0000000180025095e-35 -4.0173351764678946
decision_type=2 2 2 2 2 2 2 2 2 2 2 2 2 2 2 2 2 2 2 2 2 2 2 2 2 2 2 2 2 2
left_child=2 5 3 -1 7 17 10 12 19 -6 18 22 20 24 25 -10 -11 21 -4 -5 -3 -2 -8 -24 -7 -9 -23 -28 -16 -27
right_child=1 4 6 8 9 13 11 14 15 16 -12 -13 -14 -15 28 -17 -18 -19 -20 -21 -22 26 23 -25 -26 29 27 -29 -30 -31
leaf_value=-0.5937168884277344 -0.014952259096294204 -0.028822439977899197 -0.03582777787177336 -0.070006151497364041 0.052708366367366769 -0.084614801075723445 -0.038456625062590788 0.047000943498540032 0.073464748859405515 0.18752239625900985 0.015858378281464448 -0.081222851621279929 -0.10183941034170299 0.0083497967027842436 0.058331729667595179 -0.07198391530130592 0.08306137371447779 -0.0062763552968361225 -0.090942128812772222 -0.19972430433957811 0.0093101339494764245 -0.075242607605954026 0.0118666030742152 -0.072041854688099455 -0.0007057027961701527 0.087399853853618398 -0.0030032344331795521 -0.089680233669857834 0.029543319162057369 0.016501739443777509
leaf_weight=20 1839 150 84 20 572 27 1782 217 20 32 37 159 26 7033 251 28 62 5128 458 31 1687 108 147 35 5232 34 110 31 1127 3367
leaf_count=20 1839 150 84 20 572 27 1782 217 20 32 37 159 26 7033 251 28 62 5128 458 31 1687 108 147 35 5232 34 110 31 1127 3367
internal_value=7.44988e-05 0.00549446 -0.0518638 -0.168169 0.0221533 -0.000931501 -0.0467415 0.0182831 -0.0822003 0.0620116 -0.0761214 -0.0387288 0.00468868 0.00429119 0.0233524 -0.0113803 0.118623 -0.00982802 -0.0824004 -0.148854 0.00619642 -0.0185507 -0.0352886 -0.00426964 -0.0011365 0.0189973 -0.0451271 -0.0220599 0.0347871 0.0172105
internal_weight=29854 27033 2821 119 7525 19508 2702 6859 99 666 579 2123 1863 12292 4996 48 94 7216 542 51 1837 2088 1964 182 5259 3618 249 141 1378 3401
internal_count=29854 27033 2821 119 7525 19508 2702 6859 99 666 579 2123 1863 12292 4996 48 94 7216 542 51 1837 2088 1964 182 5259 3618 249 141 1378 3401
is_linear=0
shrinkage=0.05


Tree=51
num_leaves=31
num_cat=0
split_feature=241 239 288 70 293 296 287 0 180 197 80 125 4 36 239 165 298 121 156 288 114 284 200 286 1 227 236 280 155 295
split_gain=2986.68 1050.49 610.069 1571.61 411.741 352.321 256.297 187.712 133.656 128.096 121.882 117.464 108.979 107.119 105.333 102.514 107.293 98.0502 94.4946 98.7844 89.7054 88.9317 88.4659 84.2215 86.4381 79.1503 83.0494 78.164 71.0033 64.7589
threshold=-7.5982766151428214 0.17414565384387973 -30.438570022583004 -10.052329063415526 -3.2980154752731319 6.7393202781677255 -15.104719161987303 1.012606739997864 -1.4048730134963987 -8.3627324104309064 -10.782206058502195 1.7144444584846499 4.7745573520660409 3.351617813110352 2.5854471921920781 -5.5989480018615714 -7.8321044445037833 -2.6471881866455074 -4.5425245761871329 -22.251954078674313 5.128875970840455 -3.7254785299301143 -2.5303529500961299 12.868235111236574 1.6223996281623843 -6.4183530807495108 -2.4593260288238521 -9.1450347900390607 5.9804949760437021 0.90474677085876476
decision_type=2 2 2 2 2 2 2 2 2 2 2 2 2 2 2 2 2 2 2 2 2 2 2 2 2 2 2 2 2 2
left_child=2 4 3 -1 9 14 10 -5 15 -2 -4 -7 18 27 21 -6 -17 -11 19 -12 28 -3 -16 -13 -25 -10 -27 -8 -18 -19
right_child=1 5 6 7 8 11 13 -9 25 17 12 23 -14 -15 22 16 20 29 -20 -21 -22 -23 -24 24 -26 26 -28 -29 -30 -31
leaf_value=-0.56403106689453131 -0.056088295731231246 -0.012459584703381228 -0.00088508484968498585 -0.18505702031583623 -0.040330323853240112 0.033105554325240004 -0.037291328768149903 -0.033775501879198214 0.10319783993713234 -0.014582686192174069 -0.10206076487731397 0.071842937489860079 0.024262356347051161 -0.071115994825959206 0.08952657169464863 0.10084803435537551 0.0017371308797239197 -0.0037905117835632116 -0.13476103415091834 -0.059391262295999031 -0.091721798823429998 0.018654864053920996 0.030112247442909579 0.094683027416467669 0.21995326422509695 -0.0018972481348106954 0.012737650919438671 -0.014324194094227924 -0.084448973834514621 0.078518074688812112
leaf_weight=20 137 246 67 29 151 168 1048 70 23 3045 178 234 29 168 66 27 5571 5586 60 570 26 3456 1235 40 21 1164 5798 573 24 24
leaf_count=20 137 246 67 29 151 168 1048 70 23 3045 178 234 29 168 66 27 5571 5586 60 570 26 3456 1235 40 21 1164 5798 573 24 24
internal_value=7.07739e-05 0.00517056 -0.048972 -0.159761 0.000210389 0.0247499 -0.0440764 -0.0780903 0.00593845 -0.00811849 -0.0657757 0.066478 -0.07097 -0.0331115 0.0208882 0.000327476 0.00141447 -0.00735917 -0.074388 -0.0695452 0.000936846 0.0165873 0.0331263 0.0854833 0.137809 0.0105967 0.0102908 -0.0291728 0.00136743 -0.00343839
internal_weight=29854 27042 2812 119 21576 5466 2693 99 12784 8792 904 463 837 1789 5003 5799 5648 8655 808 748 5621 3702 1301 295 61 6985 6962 1621 5595 5610
internal_count=29854 27042 2812 119 21576 5466 2693 99 12784 8792 904 463 837 1789 5003 5799 5648 8655 808 748 5621 3702 1301 295 61 6985 6962 1621 5595 5610
is_linear=0
shrinkage=0.05


Tree=52
num_leaves=31
num_cat=0
split_feature=237 238 288 70 232 288 63 292 0 3 288 30 176 293 299 111 88 86 120 285 288 164 152 109 22 43 283 243 277 164
split_gain=2749.88 964.308 556.375 1418.38 450.776 228.503 225.248 196.815 172.173 125.56 116.707 112.132 91.7121 92.1648 91.3997 90.1582 86.4738 85.6623 111.374 84.4706 82.1393 78.546 76.2017 74.4273 72.578 71.8994 70.1238 69.2677 68.4503 68.0821
threshold=-7.3720710277557364 1.5840014815330508 -30.438570022583004 -10.052329063415526 -3.0250016450881954 -15.280392169952391 16.092091560363773 -1.5705569982528684 0.21491228044033053 3.5531373023986821 4.2984614372253427 -0.89633479714393605 0.18400736898183825 -6.1975350379943839 -0.1529411897063255 -1.5286274552345274 -12.372876167297362 1.3018627762794497 -1.1589373946189878 13.586545944213869 -20.308905601501461 1.5100784301757815 6.6904904842376718 3.8204836845397954 -2.4766947031021114 4.2655448913574228 -13.361966133117674 -15.645588397979735 2.8169606924057011 -5.6857776641845694
decision_type=2 2 2 2 2 2 2 2 2 2 2 2 2 2 2 2 2 2 2 2 2 2 2 2 2 2 2 2 2 2
left_child=2 4 3 -1 12 9 10 11 -5 16 24 15 13 21 -12 -6 -4 18 -7 25 -18 26 -9 28 -3 -8 -2 -11 -15 -13
right_child=1 6 5 8 7 17 19 22 -10 27 14 29 -14 23 -16 -17 20 -19 -20 -21 -22 -23 -24 -25 -26 -27 -28 -29 -30 -31
leaf_value=-0.53582954406738281 -0.087761362280164457 0.056234225680101793 -0.0091823914011970893 -0.20126445690790812 -0.0013539802397884953 -0.032071309521568545 0.11574353486872638 0.01306666602219194 -0.039972292307095654 0.084734703302383418 0.15156734915450218 -0.043257400049891287 0.020987857656151642 -0.0051046731022472711 0.043385660843912349 0.013701383815172351 -0.093035482302092132 -0.07181319074659813 0.017436244512801288 0.18258713942307692 -0.059376413115497795 -0.10683563359081745 -0.04050107251352339 -0.079709291600567458 0.019905848522709373 0.020486807031556965 -0.01633520663254184 -0.030224213160966573 -0.095564799782420912 -0.0022187018501476927
leaf_weight=20 35 151 61 21 1622 1650 52 7283 78 20 20 103 255 5006 821 2570 276 123 122 26 528 25 67 34 1536 32 1888 38 21 5370
leaf_count=20 35 151 61 21 1622 1650 52 7283 78 20 20 103 255 5006 821 2570 276 123 122 26 528 25 67 34 1536 32 1888 38 21 5370
internal_value=6.72352e-05 0.00507984 -0.0458723 -0.151773 0.00196033 -0.0414003 0.0337905 0.00641184 -0.0741858 -0.0618012 0.0307428 0.00172234 -0.00846675 -0.00953836 0.0459584 0.00787605 -0.0665765 -0.0314636 -0.0286628 0.103832 -0.070931 -0.01878 0.0125784 -0.00598122 0.0231575 0.0794553 -0.0176352 0.00941679 -0.00548257 -0.00299104
internal_weight=29854 26917 2937 119 24279 2818 2638 17015 99 923 2528 9665 7264 7009 841 4192 865 1895 1772 110 804 1948 7350 5061 1687 84 1923 58 5027 5473
internal_count=29854 26917 2937 119 24279 2818 2638 17015 99 923 2528 9665 7264 7009 841 4192 865 1895 1772 110 804 1948 7350 5061 1687 84 1923 58 5027 5473
is_linear=0
shrinkage=0.05


Tree=53
num_leaves=31
num_cat=0
split_feature=237 234 283 61 245 232 288 3 187 49 1 31 63 288 252 36 39 44 119 62 287 156 190 166 95 219 203 95 241 280
split_gain=2482.26 885.592 494.582 1459.21 353.99 268.099 192.02 152.875 141.117 107.512 105.355 104.644 87.3055 95.3487 85.828 85.7063 78.5131 76.5523 96.3264 114.319 96.5985 73.5496 72.6424 70.2878 67.4766 66.5083 81.4733 82.8507 66.3115 65.9457
threshold=-7.5938234329223624 -0.44877777993679041 -31.282950401306149 -9.6451001167297346 4.1608765125274667 -3.0250016450881954 -15.280392169952391 3.5531373023986821 0.72096949815750133 8.0478434562683123 0.61233332753181469 -9.908226013183592 -9.5225148200988752 -22.251954078674313 -2.3824852705001827 3.940588235855103 2.8817647695541386 -1.1888235211372373 -2.2263101339340206 -3.8704444169998165 -3.502708792686462 -4.5425245761871329 -3.4849555492401119 2.6656317710876469 4.637294054031373 -3.7803221940994258 -2.3776059150695796 1.0502148866653445 6.0706126689910898 -4.5451374053955069
decision_type=2 2 2 2 2 2 2 2 2 2 2 2 2 2 2 2 2 2 2 2 2 2 2 2 2 2 2 2 2 2
left_child=2 5 3 -1 8 22 7 12 17 -6 -5 -12 -4 -14 24 29 -11 23 19 -19 -20 -15 -2 -3 25 26 -7 -28 -10 -8
right_child=1 4 6 10 9 14 15 -9 28 16 11 -13 13 21 -16 -17 -18 18 20 -21 -22 -23 -24 -25 -26 -27 27 -29 -30 -31
leaf_value=-0.52255982898530506 -0.014063542076321538 0.022260444127656577 -0.0070356225210522847 -0.15430977760503692 0.045950736199225579 -0.0025322804534955632 -0.029976494433346542 0.023747326518004798 0.024382617058179592 0.16725654397159817 0.042456429345267166 -0.080142309257517697 -0.099995949373140436 -0.053475177782574594 0.0072046038626598381 -0.072327609450920774 0.070821652393187259 -0.1214958297709624 -0.025420991743730349 -0.0089058718894438078 0.012464782580321318 -0.1135350373041417 -0.0039853264476722742 0.098173744510859251 -0.055345574387332855 0.0019925236244508451 -0.02678877876998062 -0.12757192077961835 0.097962077971427683 0.015745802962008011
leaf_weight=21 3268 647 63 24 572 630 1582 53 2503 32 28 46 182 568 7033 115 62 24 178 372 3072 56 3948 32 57 4271 279 22 31 83
leaf_count=21 3268 647 63 24 572 630 1582 53 2503 32 28 46 182 568 7033 115 62 24 178 372 3072 56 3948 32 57 4271 279 22 31 83
internal_value=6.38734e-05 0.00472131 -0.0445673 -0.144327 0.0192924 -0.000899342 -0.0401737 -0.0586939 0.0159132 0.0540946 -0.0632776 -0.0337536 -0.0637219 -0.0681528 0.00359172 -0.0305807 0.103651 0.0104236 0.00755293 -0.0157295 0.0103898 -0.0588652 -0.00854957 0.0258381 -0.0012399 -0.000647043 -0.0127562 -0.034155 0.0252828 -0.0276972
internal_weight=29854 27033 2821 119 7525 19508 2702 922 6859 666 98 74 869 806 12292 1780 94 4325 3646 396 3250 624 7216 679 5259 5202 931 301 2534 1665
internal_count=29854 27033 2821 119 7525 19508 2702 922 6859 666 98 74 869 806 12292 1780 94 4325 3646 396 3250 624 7216 679 5259 5202 931 301 2534 1665
is_linear=0
shrinkage=0.05


Tree=54
num_leaves=31
num_cat=0
split_feature=237 238 288 61 189 295 288 0 296 249 37 0 3 25 123 289 265 156 296 109 86 122 68 288 80 288 17 114 243 7
split_gain=2241.55 797.833 460.052 1310.75 391.395 186.889 184.54 147.217 132.455 124.626 107.954 101.525 101.049 100.583 82.8873 82.27 80.3613 76.93 75.8311 85.0391 75.102 99.2061 80.9672 71.3184 65.947 73.8829 65.4149 65.1555 62.6394 60.993
threshold=-7.3720710277557364 1.5840014815330508 -30.438570022583004 -9.6451001167297346 -2.1426867246627803 12.204117774963381 -15.280392169952391 0.31537255644798284 -4.7825913429260245 -1.8040359020233152 2.8975857496261601 -4.0439679622650138 3.5531373023986821 5.110227346420289 1.4433293938636782 -13.523662090301512 -3.6040129661560054 -4.5425245761871329 1.1734506487846377 4.4501962661743173 1.3018627762794497 -1.7383577823638914 0.94323527812957775 2.0993939638137822 -10.782206058502195 -22.251954078674313 3.280439138412476 2.3340989351272587 -15.645588397979735 -0.47687427699565882
decision_type=2 2 2 2 2 2 2 2 2 2 2 2 2 2 2 2 2 2 2 2 2 2 2 2 2 2 2 2 2 2
left_child=2 4 3 -1 8 11 12 -5 13 -6 -7 -3 17 15 16 -2 -13 24 19 -10 21 22 -8 -18 -4 -26 -25 -17 -14 -23
right_child=1 5 6 7 9 10 20 -9 18 -11 -12 14 28 -15 -16 27 23 -19 -20 -21 -22 29 -24 26 25 -27 -28 -29 -30 -31
leaf_value=-0.50691188812255861 -0.10111794792688811 0.11929192026456198 -0.0054007860024770102 -0.17396326308017193 0.0018339215744321577 0.14106148227021612 -0.028271061118048897 -0.029587063556046862 -0.002027600477117383 0.011423335915220541 0.044169494222130692 0.10401355546933633 0.079830051660537721 -0.094290225129378472 0.036944678893381676 -0.012425824343024156 0.0046040314549311593 -0.11362967190723267 0.025584754455520449 -0.067480555474758161 -0.066200445928588147 0.056389789706936068 -0.12276345815347589 0.031209661379326188 -0.088090418085540079 -0.051078509244501802 -0.034568942636251453 0.06858347994089127 -0.029490279523949878 -0.0091321427168117638
leaf_weight=20 26 30 60 23 5968 58 1581 76 6616 7838 57 27 20 38 1109 3469 631 62 249 50 123 51 23 686 177 566 40 25 38 117
leaf_count=20 26 30 60 23 5968 58 1581 76 6616 7838 57 27 20 38 1109 3469 631 62 249 50 123 51 23 686 177 566 40 25 38 117
internal_value=6.06797e-05 0.00458634 -0.041416 -0.137714 0.00174885 0.0307014 -0.0373495 -0.063129 -0.00554003 0.00727806 0.0930368 0.0278601 -0.0556832 -0.0133791 0.0267598 -0.0125056 0.0185987 -0.0599671 -0.00150658 -0.00251855 -0.0284197 -0.0257972 -0.029626 0.0168992 -0.0558238 -0.0598956 0.0275855 -0.0118462 0.00820639 0.0107584
internal_weight=29854 26917 2937 119 24279 2638 2818 99 10473 13806 115 2523 923 3558 2493 3520 1384 865 6915 6666 1895 1772 1604 1357 803 743 726 3494 58 168
internal_count=29854 26917 2937 119 24279 2638 2818 99 10473 13806 115 2523 923 3558 2493 3520 1384 865 6915 6666 1895 1772 1604 1357 803 743 726 3494 58 168
is_linear=0
shrinkage=0.05


Tree=55
num_leaves=31
num_cat=0
split_feature=299 182 284 64 296 183 213 257 289 185 289 160 293 76 142 191 3 269 236 37 118 79 297 55 111 2 213 28 4 298
split_gain=2098.74 801.248 595.576 2055.08 332.877 288.718 149.972 207.754 130.123 122.32 119.12 118.419 105.602 99.6081 341.191 95.394 94.1343 89.4126 86.1901 84.828 84.7775 100.808 75.5131 74.9423 100.153 73.2566 66.5955 66.0423 65.8657 65.5901
threshold=-10.46466541290283 -0.3035293966531753 -31.035700798034664 -9.5657348632812482 -3.9399019479751582 5.0549759864807138 -21.758666992187496 -15.287399768829344 -13.523662090301512 0.55119565129280101 12.604166507720949 -3.6725491285324092 -5.8249020576477042 -7.7026984691619864 -11.485522270202635 0.19801260530948642 3.5531373023986821 7.1177778244018564 -23.399136543273922 6.4872026443481454 -2.2099193334579463 -1.9588888883590696 -2.2866013050079341 -0.41607843339443201 3.0468921661376958 -1.6765850186347959 3.0513234138488774 -3.0139528512954707 -0.61416247487068165 -5.8696861267089835
decision_type=2 2 2 2 2 2 2 2 2 2 2 2 2 2 2 2 2 2 2 2 2 2 2 2 2 2 2 2 2 2
left_child=2 4 3 -1 8 9 -4 16 -2 -3 -7 15 20 -5 -15 -6 -8 19 -16 23 21 -9 -21 24 27 -22 -10 -13 -25 -29
right_child=1 5 6 13 11 10 7 12 26 -11 -12 17 -14 14 18 -17 -18 -19 -20 22 25 -23 -24 28 -26 -27 -28 29 -30 -31
leaf_value=-0.61561046600341796 -0.12208395692018362 0.0095604392007117671 0.072521972656250003 0.024761372346144457 -0.0047360525415868319 0.047400463752026833 -0.070860038686722401 -0.029568615470632609 -0.0096110758579432756 0.023455772103780661 0.12126410007476807 0.025842959513523486 0.0799186449675333 -0.26465739607810973 0.045297664642333986 -0.040019980264480885 0.023156175868851797 0.097420780475323029 -0.084727416588709914 -0.1022413324903358 0.069706694833163566 -0.058998763805720958 -0.012183893151298355 0.01663000371358166 -0.070802070196562761 -0.015301380037279122 -0.07781009475390116 0.048048308077785706 0.0055003867355541171 3.8416289420741218e-05
leaf_weight=20 26 3334 30 26 1122 371 542 1129 6302 3017 64 271 21 20 25 231 28 26 26 33 29 392 79 1898 48 201 36 72 4437 5959
leaf_count=20 26 3334 30 26 1122 371 542 1129 6302 3017 64 271 21 20 25 231 28 26 26 33 29 392 79 1898 48 201 36 72 4437 5959
internal_value=-3.88204e-05 0.00396483 -0.0439937 -0.15412 -0.000956381 0.0188605 -0.0385617 -0.0399846 -0.0104564 0.0161613 0.0582678 0.00330843 -0.0315385 -0.0589673 -0.0896284 -0.0107601 -0.0662417 0.00479285 -0.0209896 0.00460466 -0.0328753 -0.0371535 -0.0387187 0.00498717 0.00114856 -0.00458297 -0.00999845 0.00169658 0.00883488 0.000611574
internal_weight=29815 27326 2489 117 20540 6786 2372 2342 6364 6351 435 14176 1772 97 71 1353 570 12823 51 12797 1751 1521 112 12685 6350 230 6338 6302 6335 6031
internal_count=29815 27326 2489 117 20540 6786 2372 2342 6364 6351 435 14176 1772 97 71 1353 570 12823 51 12797 1751 1521 112 12685 6350 230 6338 6302 6335 6031
is_linear=0
shrinkage=0.05


Tree=56
num_leaves=31
num_cat=0
split_feature=287 283 64 182 299 182 183 219 182 183 182 85 9 298 289 184 16 273 289 298 274 299 6 25 298 297 182 298 159 241
split_gain=1906.61 655.619 1862.23 647.809 272.749 224.521 205.595 178.058 121.22 105.851 101.49 117.14 100.224 98.8263 92.7836 91.8394 100.658 89.7134 87.0964 92.5329 101.102 90.8434 84.4049 81.2437 76.6617 70.5753 69.9981 69.4671 67.7569 66.5788
threshold=-7.6470375061035147 -31.282950401306149 -9.5657348632812482 0.63278883695602428 -2.1360032558441158 -8.4335513114929181 5.9872059822082528 -22.457647323608395 -2.6459670066833492 -6.3148458003997794 1.5341733098030093 -1.3273389339447019 4.0544817447662362 -8.8335294723510724 12.604166507720949 -11.576110839843748 -1.6784914731979368 -2.9492802619934078 4.1845750808715829 -1.6175612807273863 3.4748631715774541 -1.058290362358093 3.0804901123046879 5.110227346420289 0.10337563976645471 -3.0017391443252559 -3.604950904846191 -0.61352941393852223 -5.1372549533843985 6.0706126689910898
decision_type=2 2 2 2 2 2 2 2 2 2 2 2 2 2 2 2 2 2 2 2 2 2 2 2 2 2 2 2 2 2
left_child=1 2 -1 4 8 7 -5 -3 23 26 11 17 22 -10 -8 16 -9 -7 19 20 -11 -21 -4 -2 -15 -23 -6 -27 -17 -20
right_child=3 5 12 6 9 10 14 15 13 18 -12 -13 -14 24 -16 28 -18 -19 29 21 -22 25 -24 -25 -26 27 -28 -29 -30 -31
leaf_value=-0.58980094909667968 -0.007941169241993791 0.088842280705769869 -0.069234868884086614 0.020059498081992734 0.0024908577638035195 -0.016348609488231306 0.049675033206031442 -0.030966597255210435 0.074050486897644791 0.01499567372041551 0.049539782778889527 -0.041877651574779615 -0.14327393048084699 0.0008706890127682138 0.12082695279802597 -0.029141953048445669 -0.076503825601208164 0.087687345647386145 0.029360627187568634 -0.004232638103625533 0.11414237297498263 -0.064258785997376305 0.045349819660186773 -0.057190402535831235 -0.076686033641453835 0.0209838186799363 -0.11922359973368996 0.0057222614474775266 -0.067004950576134634 0.12214103426252093
leaf_weight=20 5647 24 45 3622 21 1565 252 171 46 2324 51 543 26 7414 56 586 418 21 244 2034 26 33 25 85 32 961 27 3327 148 21
leaf_count=20 5647 24 45 3622 21 1565 252 171 46 2324 51 543 26 7414 56 586 418 21 244 2034 26 33 25 85 32 961 27 3327 148 21
internal_value=-3.68794e-05 -0.0339269 -0.150888 0.00468043 0.00137381 -0.0300802 0.0233944 -0.0461289 -0.00319853 0.00807868 -0.0201638 -0.0218336 -0.0594474 0.000988742 0.0626117 -0.0485773 -0.0632833 -0.0149711 0.00847495 0.00761532 0.0160926 0.00448052 -0.0283118 -0.00867149 0.000537381 0.00858201 -0.0659735 0.00914259 -0.0367765 0.036713
internal_weight=29815 3643 116 26172 22242 3527 3930 1347 13224 9018 2180 2129 96 7492 308 1323 589 1586 8970 8705 2350 6355 70 5732 7446 4321 48 4288 734 265
internal_count=29815 3643 116 26172 22242 3527 3930 1347 13224 9018 2180 2129 96 7492 308 1323 589 1586 8970 8705 2350 6355 70 5732 7446 4321 48 4288 734 265
is_linear=0
shrinkage=0.05


Tree=57
num_leaves=31
num_cat=0
split_feature=287 296 284 64 299 183 185 42 145 25 298 182 152 77 142 26 299 119 209 243 236 152 38 296 37 166 298 289 298 264
split_gain=1720.71 599.032 557.859 1691.47 233.663 212.728 212.365 172.925 124.448 117.146 112.215 97.0073 117.63 91.6703 308.655 90.1813 89.5695 86.4982 85.6866 79.1896 78.5432 75.4999 72.7396 72.6957 68.2809 67.6172 66.3558 70.0041 65.5936 89.3747
threshold=-7.6470375061035147 -0.48184999823570246 -31.035700798034664 -9.5657348632812482 6.3696792125701913 -2.9932092428207393 -10.112531185150145 -10.256535053253172 7.1710557937622079 5.110227346420289 -2.6813863515853877 1.5341733098030093 -0.030588244087994095 -7.8794443607330313 -11.485522270202635 -3.9582999944686885 -2.1587842702865596 0.40352942049503332 -17.315299034118649 -1.5011470317840574 -23.399136543273922 5.9424707889556894 5.1222417354583749 -12.151358604431151 1.4086077809333803 -4.1045672893524161 -2.3195573091506954 -1.8796078562736509 -1.7047895789146421 0.18043469637632373
decision_type=2 2 2 2 2 2 2 2 2 2 2 2 2 2 2 2 2 2 2 2 2 2 2 2 2 2 2 2 2 2
left_child=2 5 3 -1 10 9 7 18 16 -2 19 12 23 -5 -15 -6 22 21 -4 24 -16 -12 26 -8 -3 -14 27 -7 29 -18
right_child=1 4 6 13 15 8 11 -9 -10 -11 17 -13 25 14 20 -17 28 -19 -20 -21 -22 -23 -24 -25 -26 -27 -28 -29 -30 -31
leaf_value=-0.55831981658935548 -0.0073991688135423717 0.036195708060692444 0.12056934265863328 0.027006393212538501 0.14352239072322845 -0.00039984498228965229 -0.032544950073266903 -0.053609670590091231 0.12490356082007999 -0.068710292140139809 0.0086701147878300334 0.047062792614394548 -0.15365969459102913 -0.24920543193817141 0.04583167266845703 0.045886012387874466 0.012355136427783471 0.019215932117743948 -0.017729175090789796 0.073610235103651098 -0.078291429006136393 -0.044178017712049732 -0.055526347584643615 -0.014249446099756174 -0.057627067101808885 -0.053971769954388342 -0.010111552689191705 0.012225913264622357 0.004114390254055013 0.050851849646655373
leaf_weight=20 5642 101 21 26 25 5325 820 906 21 79 3287 51 22 20 25 438 1643 3051 24 133 26 69 59 1607 24 75 1307 1383 3419 166
leaf_count=20 5642 101 21 26 25 5325 820 906 21 79 3287 51 22 20 25 438 1643 3051 24 133 26 69 59 1607 24 75 1307 1383 3419 166
internal_value=-3.50354e-05 0.00444641 -0.0322306 -0.139642 0.0168108 -0.000181466 -0.0286664 -0.0488579 0.00328142 -0.0082458 0.0144248 -0.0212093 -0.0225888 -0.0533168 -0.0827309 0.051158 0.00308942 0.0131229 0.0468101 0.0467553 -0.0174468 0.00758355 -0.000212112 -0.0204309 0.0181817 -0.0765814 0.000195067 0.00220323 0.00818822 0.0158877
internal_weight=29815 26172 3643 117 7128 19044 3526 951 13323 5721 6665 2575 2524 97 71 463 13302 6407 45 258 51 3356 8074 2427 125 97 8015 6708 5228 1809
internal_count=29815 26172 3643 117 7128 19044 3526 951 13323 5721 6665 2575 2524 97 71 463 13302 6407 45 258 51 3356 8074 2427 125 97 8015 6708 5228 1809
is_linear=0
shrinkage=0.05


Tree=58
num_leaves=31
num_cat=0
split_feature=293 283 64 182 296 182 219 4 183 9 257 117 217 47 283 149 285 9 181 32 114 3 27 77 191 174 229 179 143 154
split_gain=1557.58 555.625 1535 533.661 256.136 218.023 155.565 138.385 126.725 91.9127 84.5767 83.3741 82.9986 80.9578 80.4553 80.3014 75.9721 75.9125 74.8782 72.0441 69.4487 67.3018 66.8169 66.4734 63.7808 60.9467 69.5615 73.882 59.8376 59.5087
threshold=-7.4454426765441886 -31.282950401306149 -9.5657348632812482 1.3765497207641604 -1.3761519789695738 -8.132957458496092 -22.457647323608395 3.4841502904891972 -2.9141038656234737 4.0544817447662362 -15.287399768829344 1.0116862654685976 13.462647438049318 -7.7287907600402823 1.7139215469360354 -3.32578432559967 -18.820454597473141 -5.2467892169952384 -6.2949438095092765 -2.2881324291229244 4.6428935527801523 3.2694678306579594 -3.9334902763366695 -4.0098066329956046 0.79339426755905162 -3.2773433923721309 -1.3665835857391355 -4.6696889400482169 0.70658409595489513 -0.64222079515457142
decision_type=2 2 2 2 2 2 2 2 2 2 2 2 2 2 2 2 2 2 2 2 2 2 2 2 2 2 2 2 2 2
left_child=1 2 -1 4 8 6 -3 -5 20 13 21 16 19 -4 25 17 -7 -12 -10 -9 24 22 -8 -15 28 26 27 -6 -2 -16
right_child=3 5 9 7 14 11 10 12 18 -11 15 -13 -14 23 29 -17 -18 -19 -20 -21 -22 -23 -24 -25 -26 -27 -28 -29 -30 -31
leaf_value=-0.53535400390624999 -0.0052857719038509922 0.085380188624064129 0.04811083221435547 0.022945806875755679 0.050401166677474976 -0.089746621492746717 -0.025857279419898987 0.096141146147061915 -0.059391175478696823 -0.13412337154150009 -0.088144765545924514 0.023576750672929657 0.15272740173339844 -0.12624515814876014 0.043923384933666869 -0.06712085400393468 -0.01751244015955214 -0.023214759130174942 0.0019469221378759225 0.027186136716290527 -0.10087205052375794 0.02312434387082855 -0.071397452810464279 -0.0046756162105695059 -0.039998777038386085 0.008040922511031029 0.018296750770373779 -0.040950996081291706 -0.028741795569658279 0.015627852278303583
leaf_weight=20 4863 24 25 2367 25 37 100 63 50 26 48 123 25 22 213 151 2247 724 10144 95 20 24 414 23 147 5748 110 193 288 1456
leaf_count=20 4863 24 25 2367 25 37 100 63 50 26 48 123 25 22 213 151 2247 724 10144 95 20 24 414 23 147 5748 110 193 288 1456
internal_value=-3.32836e-05 -0.0290323 -0.136866 0.00447046 0.00208963 -0.0258183 -0.0408847 0.0261845 -0.00161808 -0.0538476 -0.0429589 -0.0165231 0.0680752 -0.0240309 0.00951558 -0.0337743 -0.0186826 -0.0272519 0.00164607 0.0546809 -0.00787507 -0.0587162 -0.0625375 -0.0641096 -0.007524 0.00684469 -0.0141185 -0.0304748 -0.00659723 0.019239
internal_weight=29815 4008 116 25807 23257 3892 1485 2550 15512 96 1461 2407 183 70 7745 923 2284 772 10194 158 5318 538 514 45 5298 6076 328 218 5151 1669
internal_count=29815 4008 116 25807 23257 3892 1485 2550 15512 96 1461 2407 183 70 7745 923 2284 772 10194 158 5318 538 514 45 5298 6076 328 218 5151 1669
is_linear=0
shrinkage=0.05


Tree=59
num_leaves=31
num_cat=0
split_feature=299 283 121 182 48 237 183 183 230 244 114 298 280 29 129 23 33 296 190 217 4 205 246 298 1 269 298 42 291 20
split_gain=1415.47 512.541 1416.75 485.849 212.958 199.659 186.516 171.291 151.789 114.576 99.0993 90.2252 86.5906 81.7292 80.3589 88.865 77.8626 72.008 67.8138 65.2942 62.9036 68.2807 91.94 62.4183 61.5164 61.3433 61.2987 94.9925 59.9715 59.4461
threshold=-7.0911223888397208 -31.282950401306149 -13.682509899139403 0.63278883695602428 -9.7245364189147931 -10.266771793365477 -2.9141038656234737 5.0549759864807138 -23.467442512512203 0.35997200012207037 5.128875970840455 -8.1874904632568342 14.098923683166506 -6.1081056594848624 -8.7813420295715314 -2.2625058889389034 -8.6614780426025373 -3.5484201908111568 4.2788517475128183 2.0097168684005742 -2.0941765308380123 -0.043088238686323159 -2.0397261381149288 -4.8723723888397208 0.23681513220071795 -9.8982353210449201 -2.9930392503738399 1.589235842227936 -10.699383258819578 -1.4832842946052549
decision_type=2 2 2 2 2 2 2 2 2 2 2 2 2 2 2 2 2 2 2 2 2 2 2 2 2 2 2 2 2 2
left_child=1 2 -1 6 -4 8 10 -5 -3 11 28 -8 13 -9 15 -10 -6 19 26 -13 25 22 -22 -19 -25 -7 27 -11 -2 -26
right_child=3 5 4 7 16 20 9 12 14 18 -12 17 -14 -15 -16 -17 -18 23 -20 -21 21 -23 -24 24 29 -27 -28 -29 -30 -31
leaf_value=-0.43267761756633893 -0.081323688305341285 0.084194015502929695 0.094054565429687501 0.017021766373162977 -0.1405565789767674 -0.039193013953227628 0.08931434243917466 0.1309431428909302 -0.031444785544382674 0.022728495074956268 -0.092443122285785106 -0.0037091580183362133 0.12181376921824921 0.037401166137328933 -0.031369895405067245 -0.072667613753657434 -0.027963437753565176 0.030964617419091092 0.087492580432444816 -0.063784386088018827 -0.017830481510648602 -0.068304718549434956 0.048754587773022787 0.0003873588563396579 0.017628175984483119 0.022778695240697783 0.011767564095273311 0.11719887250236104 -0.0052178358532511265 0.0047508854928545834
leaf_weight=29 26 25 25 3529 28 51 30 25 224 111 33 2701 39 354 961 314 34 216 32 46 2375 65 53 5831 1210 184 1919 35 5854 3456
leaf_count=29 26 25 25 3529 28 51 30 25 224 111 33 2701 39 354 961 314 34 216 32 46 2375 65 53 5831 1210 184 1919 35 5854 3456
internal_value=-3.16195e-05 -0.026327 -0.130023 0.004482 -0.0291377 -0.023498 0.00152183 0.0206066 -0.037994 0.00439017 -0.00603928 0.00270001 0.0508716 0.0435715 -0.0400318 -0.0555042 -0.078812 0.00250696 0.015263 -0.00471515 -0.0153998 -0.0177309 -0.016377 0.00435884 0.00381136 0.00932952 0.0141437 0.0453755 -0.00555436 0.00809026
internal_weight=29815 4368 116 25447 87 4252 21500 3947 1524 15587 5913 13490 418 379 1499 538 62 13460 2097 2747 2728 2493 2428 10713 10497 235 2065 146 5880 4666
internal_count=29815 4368 116 25447 87 4252 21500 3947 1524 15587 5913 13490 418 379 1499 538 62 13460 2097 2747 2728 2493 2428 10713 10497 235 2065 146 5880 4666
is_linear=0
shrinkage=0.05


Tree=60
num_leaves=31
num_cat=0
split_feature=193 5 252 283 119 293 68 275 283 28 30 287 34 154 89 56 35 289 21 254 47 4 293 58 23 124 88 173 16 291
split_gain=1273.05 937.452 1570.14 529.673 228.763 196.316 168.338 267.98 116.795 113.528 111.791 109.635 108.557 93.0461 88.0853 85.3431 81.3716 78.9709 74.8883 88.9365 72.5518 78.4261 85.7336 71.2494 70.9808 69.7565 67.0569 65.2869 64.0072 73.4035
threshold=-7.7690713405609122 4.2668092250823983 -23.895186424255368 -0.053137309849262231 -1.849418520927429 9.7425255775451678 -9.5697059631347638 -28.87522983551025 -20.335947036743161 9.3058786392211932 -0.42854031920433039 -7.0553052425384513 1.2909057736396792 0.2519217729568482 2.984177947044373 5.9419951438903817 -5.0091063976287833 2.1231540441513066 -5.2493195533752433 -11.648284435272215 -7.7287907600402823 2.3550980091094975 -30.972812652587887 -0.75199097394943226 -0.91916668415069569 0.025418370962142948 -0.42841857671737665 -0.087058849632740007 3.635509848594666 -8.5462746620178205
decision_type=2 2 2 2 2 2 2 2 2 2 2 2 2 2 2 2 2 2 2 2 2 2 2 2 2 2 2 2 2 2
left_child=1 6 -3 4 11 9 7 -1 20 17 15 13 -7 23 27 18 -12 24 -6 -20 -8 22 -22 -2 -5 -11 -10 -13 29 -18
right_child=3 2 -4 5 10 12 8 -9 26 25 16 14 -14 -15 -16 -17 28 -19 19 -21 21 -23 -24 -25 -26 -27 -28 -29 -30 -31
leaf_value=0.19222135543823243 -0.011951233065851472 -0.59435699462890623 -0.0050849987910344049 0.023504268110277969 0.081145283404518584 0.1252437902184633 -0.0083491124212741862 -0.0093340812845433014 -0.027580023330372717 -0.012799350646409122 -0.040532447238459841 -0.0050693084453500362 0.042572758914459323 -0.094990788820462357 -0.052128151027779839 0.070217585674038643 -0.044058860356759544 0.022520640995963154 -0.06853516972981967 0.0071814764355821736 -0.16208994465489543 0.0053382573856247803 -0.07272734957188369 -0.038619183249019258 0.0071526043974976632 -0.12937093313251222 -0.063088554241789538 0.014571562566319625 0.039375866554221331 -0.00065283705504356083
leaf_weight=20 1360 20 26 839 34 52 48 94 1392 33 131 5704 168 39 95 54 99 2108 39 6959 31 27 200 307 3176 21 147 457 98 6025
leaf_count=20 1360 20 26 839 34 52 48 94 1392 33 131 5704 168 39 95 54 99 2108 39 6959 31 27 200 307 3176 21 147 457 98 6025
internal_value=0.000301187 -0.0381769 -0.26129 0.00307651 -0.000696934 0.0157005 -0.0329379 0.0260265 -0.0365812 0.0140474 0.00328206 -0.00741305 0.0621132 -0.0186485 -0.00434915 0.00760002 -0.00153409 0.014684 0.00711916 0.00675951 -0.0647937 -0.0752951 -0.0847197 -0.0168625 0.0105696 -0.0581327 -0.0309717 -0.00361242 -0.000713008 -0.00135453
internal_weight=29803 2005 46 27798 21401 6397 1959 114 1845 6177 13439 7962 220 1706 6256 7086 6353 6123 7032 6998 306 258 231 1667 4015 54 1539 6161 6222 6124
internal_count=29803 2005 46 27798 21401 6397 1959 114 1845 6177 13439 7962 220 1706 6256 7086 6353 6123 7032 6998 306 258 231 1667 4015 54 1539 6161 6222 6124
is_linear=0
shrinkage=0.05


Tree=61
num_leaves=31
num_cat=0
split_feature=291 283 184 3 68 293 293 179 230 182 28 34 36 30 273 296 118 10 86 132 60 35 210 287 20 19 291 136 298 162
split_gain=1152.45 402.725 331.601 2290.7 358.815 165.734 151.366 133.458 113.557 134.866 106.698 100.569 99.7641 86.097 84.2716 90.1079 81.8993 78.6068 77.9999 76.8082 74.0836 73.6411 70.2802 68.4904 68.0273 67.7319 64.4333 63.7438 62.5163 61.3704
threshold=-7.3106985092163077 0.50204792618751537 -18.039011001586911 2.2517439126968388 -9.5697059631347638 9.7425255775451678 -15.757059097290037 -1.8513251543045042 -23.467442512512203 -12.166470050811766 9.3058786392211932 1.2909057736396792 -0.54627451300621022 -1.5797276496887205 -10.092639923095701 -25.833440780639645 -1.9050971865653989 0.15188235044479373 -3.9672297239303584 1.8075046539306643 -5.4461274147033683 -4.631701946258544 -2.2098218202590938 -3.4658824205398555 3.2369129657745366 2.7405294179916386 -3.1947711706161495 -0.38679410517215723 -0.7704000174999236 -9.8954949378967267
decision_type=2 2 2 2 2 2 2 2 2 2 2 2 2 2 2 2 2 2 2 2 2 2 2 2 2 2 2 2 2 2
left_child=2 7 3 4 -1 10 8 21 9 -4 17 25 16 -9 15 -10 -8 18 -3 22 -6 28 -19 -20 -23 -7 -24 -21 -2 -14
right_child=1 5 6 -5 20 11 12 13 14 -11 -12 -13 29 -15 -16 -17 -18 19 23 27 -22 24 26 -25 -26 -27 -28 -29 -30 -31
leaf_value=0.11846821043226455 -0.019962435820123702 0.091521252357754213 0.1265875735066154 -0.59467471659183502 -0.041713343369655126 0.057032742901988655 -0.014492274076911419 0.012631222503348138 -0.086131145075747845 -0.043154304981231691 -0.05522610832143713 0.040444118431991055 -0.10656790637969971 0.0022745176166743307 -0.11530902477411123 -0.034529942914091755 0.013111036198628901 0.056287711703528968 -0.053519498903390972 0.096537345769100419 -0.16007463783025744 -0.0018717758152165494 -0.049471517499440759 0.010075724244969698 -0.034367421871369201 0.17283276936837608 0.015678349428979811 0.033337605044003203 -0.1051069568336496 -0.027251576746105177
leaf_weight=36 344 29 22 20 39 23 1599 2635 95 25 54 168 25 8416 39 773 323 105 43 43 20 8967 39 2746 164 28 1411 553 23 996
leaf_count=36 344 29 22 20 39 23 1599 2635 95 25 54 168 25 8416 39 773 323 105 43 43 20 8967 39 2746 164 28 1411 553 23 996
internal_value=0.000286128 0.00416403 -0.0246428 -0.108321 -0.00593113 0.0165345 -0.0221735 0.00100835 -0.0394812 0.0362993 0.0146781 0.0591127 -0.016563 0.00474397 -0.0434081 -0.0401775 -0.00985342 0.0154378 0.00994348 0.0226359 -0.0818358 -0.00333807 0.0167865 0.00909523 -0.00245542 0.120609 0.013926 0.0378973 -0.0252985 -0.0291937
internal_weight=29803 25791 4012 115 95 5242 3897 20549 954 47 5023 219 2943 11051 907 868 1922 4969 2818 2151 59 9498 1555 2789 9131 51 1450 596 367 1021
internal_count=29803 25791 4012 115 95 5242 3897 20549 954 47 5023 219 2943 11051 907 868 1922 4969 2818 2151 59 9498 1555 2789 9131 51 1450 596 367 1021
is_linear=0
shrinkage=0.05


Tree=62
num_leaves=31
num_cat=0
split_feature=193 5 133 283 182 81 299 213 283 56 25 112 31 35 170 148 218 98 28 289 10 222 246 284 154 144 296 31 152 82
split_gain=1051.12 810.927 1526.68 434.092 193.659 184.951 162.439 142.133 116.83 100.435 84.9905 74.304 75.9888 77.9414 75.498 113.739 71.481 70.9681 68.7337 73.7139 74.0251 69.1986 71.094 66.7275 78.6086 62.8275 65.5241 60.892 60.0666 71.8231
threshold=-7.7690713405609122 4.2668092250823983 -5.8313724994659415 -0.053137309849262231 -3.5579137802124019 -11.265564441680906 8.5732970237731951 -21.758666992187496 -20.335947036743161 5.9419951438903817 5.6618344783782968 -5.7297387123107901 -2.2721469402313228 -5.2279529571533194 -1.725392162799835 -2.1263927221298213 13.440083980560305 -1.121911823749542 9.3058786392211932 3.1347059011459355 -2.0759803056716915 -3.6939792633056636 -4.0741612911224356 -12.405037879943846 -3.3966560363769527 -3.5803554058074947 -1.3428125977516172 2.4865379333496098 -9.9174308776855451 -3.8708374500274654
decision_type=2 2 2 2 2 2 2 2 2 2 2 2 2 2 2 2 2 2 2 2 2 2 2 2 2 2 2 2 2 2
left_child=1 5 -3 4 23 7 18 -1 28 11 16 -6 -13 -14 -15 -16 -8 -10 19 21 -21 -5 -23 24 -2 26 -25 -17 -7 -30
right_child=3 2 -4 6 9 8 10 -9 17 -11 -12 12 13 14 15 27 -18 -19 -20 20 -22 22 -24 25 -26 -27 -28 -29 29 -31
leaf_value=0.11577521430121528 -0.023419919777221569 -0.57062860041856767 0.010431799751061661 0.051679671239672292 -0.041370303332805641 -0.047107243537902833 0.059767141213288182 -0.0080673452524038462 -0.02402468201682004 0.055772877952387168 -0.0044345654381646058 0.01011945184495225 -0.030210567426447777 -0.003516249547896937 0.01548924147223135 0.0025644570919169402 0.15279071132342023 -0.057658290859880085 -0.034845382531483969 -0.0035936954409577122 0.028299750259188607 -0.023421470935122587 0.010604690275608264 -0.0027604864304660794 -0.10437514867414446 -0.013450990052744595 0.058970361152155842 -0.013653747742638202 -0.12852667413525662 -0.036415351249954923
leaf_weight=36 254 20 26 99 100 212 148 65 1377 86 45 2384 204 5691 1701 5960 24 177 75 215 1183 159 4449 1867 34 2435 44 641 59 33
leaf_count=36 254 20 26 99 100 212 148 65 1377 86 45 2384 204 5691 1701 5960 24 177 75 215 1183 159 4449 1867 34 2435 44 641 59 33
internal_value=0.000271822 -0.0346917 -0.242203 0.00279365 -0.000622406 -0.029819 0.014222 0.0360746 -0.033401 0.00187807 0.0567417 0.00160021 0.00185937 0.00047231 0.000919627 0.00396041 0.0727472 -0.0278555 0.012729 0.0133134 0.0233948 0.0103192 0.00943061 -0.00966977 -0.0329771 -0.00812524 -0.00133916 0.000989564 -0.0617484 -0.0954867
internal_weight=29803 2005 46 27798 21401 1959 6397 101 1858 16767 217 16681 16581 14197 13993 8302 172 1554 6180 6105 1398 4707 4608 4634 288 4346 1911 6601 304 92
internal_count=29803 2005 46 27798 21401 1959 6397 101 1858 16767 217 16681 16581 14197 13993 8302 172 1554 6180 6105 1398 4707 4608 4634 288 4346 1911 6601 304 92
is_linear=0
shrinkage=0.05


Tree=63
num_leaves=31
num_cat=0
split_feature=190 5 260 234 121 81 184 293 213 24 3 34 15 170 81 254 88 171 116 296 74 232 230 200 282 162 193 231 171 140
split_gain=954.266 642.793 1550.19 366.39 192.231 143.143 136.025 131.926 126.586 118.756 95.6799 86.594 78.4854 74.3081 91.5048 74.1144 63.4614 71.608 62.6277 61.0266 59.2523 57.4076 65.5263 57.2034 55.1479 59.6409 53.8092 53.0692 51.8007 59.7149
threshold=-6.2103922367095938 4.2668092250823983 -24.801700592041012 0.98877874016761791 -2.1178216934204097 -11.265564441680906 -11.576110839843748 9.7425255775451678 -21.758666992187496 6.2892854213714608 3.081637024879456 1.4554085135459902 3.1144443750381474 -0.98522755503654469 -2.1870588064193721 -12.049892902374266 -1.3062744736671446 -3.9055804014205928 7.1307518482208261 -11.714195728302 -5.1772329807281485 5.0977149009704599 -1.7721465229988096 -4.4548485279083243 3.3949509859085087 -2.2867938280105586 -7.9848508834838858 -15.162440299987791 2.6950476169586186 0.2044194117188454
decision_type=2 2 2 2 2 2 2 2 2 2 2 2 2 2 2 2 2 2 2 2 2 2 2 2 2 2 2 2 2 2
left_child=1 5 -3 4 15 8 10 9 -1 21 -7 12 -9 14 20 -2 17 -15 -18 23 -6 22 -5 -16 25 -19 -17 -10 -23 -30
right_child=3 2 -4 7 13 6 -8 11 27 -11 -12 -13 -14 16 19 26 18 24 -20 -21 -22 28 -24 -25 -26 -27 -28 -29 29 -31
leaf_value=0.10998646418253583 -0.087632336361067639 -0.54587249755859379 0.018741004697738158 0.044271744536072542 0.075111133711678657 -0.050777898483968291 -0.020033338764359757 0.037553664617240433 -0.040462932132539299 -0.050625423531034101 0.060479334443807597 0.035891278378213896 0.15287456115086873 -0.078571451678872112 -0.010654848441481591 -0.044071979205245561 0.004314887971888612 0.030127061738134561 0.065605431227456962 -0.0012693488824254459 0.0094324015363395873 0.0615065863309813 0.012417544483527278 -0.096958716411609205 0.090306572198867799 0.0098224139607366017 -0.0055562869868996025 0.052740689118703214 -0.06071525547653437 0.028713696282356978
leaf_weight=36 28 20 31 171 35 572 2211 25 42 67 20 165 36 20 48 92 5457 503 42 7354 1820 121 2889 32 25 1287 6330 24 20 280
leaf_count=36 28 20 31 171 35 572 2211 25 42 67 20 165 36 20 48 92 5457 503 42 7354 1820 121 2889 32 25 1287 6330 24 20 280
internal_value=0.000258231 -0.0267049 -0.202676 0.00322702 0.000864677 -0.0236156 -0.0257328 0.0176696 0.0345671 0.0153102 -0.0470192 0.0547097 0.105612 0.00370753 0.000737104 -0.00646196 0.00746978 0.0155213 0.00478301 -0.00174185 0.0106716 0.0165793 0.0141976 -0.0451764 0.0165581 0.0155281 -0.00610805 -0.00657071 0.0338903 0.0227518
internal_weight=29803 2956 51 26847 23073 2905 2803 3774 102 3548 592 226 61 16623 9289 6450 7334 1835 5499 7434 1855 3481 3060 80 1815 1790 6422 66 421 300
internal_count=29803 2956 51 26847 23073 2905 2803 3774 102 3548 592 226 61 16623 9289 6450 7334 1835 5499 7434 1855 3481 3060 80 1815 1790 6422 66 421 300
is_linear=0
shrinkage=0.05


Tree=64
num_leaves=31
num_cat=0
split_feature=183 5 116 299 294 81 9 224 284 236 296 298 298 10 178 18 25 287 298 297 296 98 284 56 4 281 296 220 156 3
split_gain=870.759 614.937 1445.52 359.63 152.439 133.662 125.311 236.861 121.147 120.627 107.408 97.8186 94.279 89.6351 79.3023 87.5315 68.4875 68.3296 66.7713 87.7451 81.8891 69.2045 64.8151 64.2571 80.0699 64.8154 62.7332 71.5361 70.0602 62.3032
threshold=-6.3148458003997794 4.2668092250823983 -5.3697571754455558 -1.3606536388397215 9.6383137702941912 -11.265564441680906 -1.6573089957237241 -23.498774528503414 -22.262711524963375 3.7130391597747807 -5.8423261642456046 1.2469940781593325 -8.6172709465026838 0.64075365662574779 1.6846405267715456 -0.9756002128124236 6.5457503795623788 12.915587902069094 -1.0877698063850401 1.7276961207389834 -0.44379732012748713 6.6077227592468271 -12.405037879943846 -0.68078431487083424 -0.61416247487068165 -8.9682779312133771 -14.057424068450926 -11.354548931121824 -4.9651308059692374 1.2958781123161318
decision_type=2 2 2 2 2 2 2 2 2 2 2 2 2 2 2 2 2 2 2 2 2 2 2 2 2 2 2 2 2 2
left_child=1 5 -3 9 13 6 7 -1 29 10 14 12 -12 -5 15 -2 17 -6 20 -20 21 23 -17 -14 -25 -26 28 -28 -10 -7
right_child=3 2 -4 4 16 8 -8 -9 26 -11 11 -13 18 -15 -16 22 -18 -19 19 -21 -22 -23 -24 24 25 -27 27 -29 -30 -31
leaf_value=0.21431468781970797 -0.00084188183626079244 -0.52992999315261835 0.011938323080539704 0.006848924523305041 0.049865067005157471 -0.076321081963419191 -0.035750148934312165 0.0078190298024110681 -0.026122466261749324 0.099080631186564766 0.074535038443498833 -0.11004555735737086 -0.0028677834337926316 0.017913905533472881 0.047389575232893735 -0.048896044267798373 0.0066495055152523911 0.12424941179228993 -0.017377295301874492 0.051583026653649861 0.018122556358428809 -0.070896210170844021 -0.015350696856092215 0.012858916120177389 0.084302155997442174 0.00015810091794988239 0.02162867187180071 -0.018989013228376036 -0.063292655213312662 -0.014778157608075576
leaf_weight=21 1199 20 32 6263 125 163 40 41 717 30 43 20 6803 2586 59 159 62 41 787 49 681 34 1526 1857 23 4621 117 1475 154 55
leaf_count=21 1199 20 32 6263 125 163 40 41 717 30 43 20 6803 2586 59 159 62 41 787 49 681 34 1526 1857 23 4621 117 1475 154 55
internal_value=0.000245319 -0.0261142 -0.196473 0.00301635 0.0111226 -0.022931 0.0332469 0.0777611 -0.0250684 -0.00109636 -0.00126462 0.00045755 0.000605896 0.0100825 -0.00999425 -0.0111682 0.0514896 0.0682371 0.000391897 -0.0133354 0.0012105 0.000347019 -0.0185161 0.00052909 0.00408376 0.000574835 -0.0219063 -0.0160039 -0.0326945 -0.0607942
internal_weight=29803 2835 52 26968 9077 2783 102 62 2681 17891 17861 14918 14898 8849 2943 2884 228 166 14855 836 14019 13338 1685 13304 6501 4644 2463 1592 871 218
internal_count=29803 2835 52 26968 9077 2783 102 62 2681 17891 17861 14918 14898 8849 2943 2884 228 166 14855 836 14019 13338 1685 13304 6501 4644 2463 1592 871 218
is_linear=0
shrinkage=0.05


Tree=65
num_leaves=31
num_cat=0
split_feature=241 187 3 186 73 286 272 35 257 8 57 16 89 149 33 100 35 235 231 13 187 181 20 242 60 298 296 46 34 0
split_gain=774.83 386.479 1952.23 294.959 205.252 104.361 103.024 100.021 101.844 81.0546 93.7692 68.5962 69.0042 67.7379 81.3649 67.2971 105.759 91.2178 67.0824 65.9272 65.9206 65.8163 62.2821 68.8679 61.3621 60.544 67.8403 59.1504 58.5896 57.8065
threshold=-5.6708433628082267 -18.167441368103024 2.0886274576187138 0.3600000143051148 -10.161637783050535 6.0325489044189462 -4.6413469314575186 6.0593724250793466 -12.753613471984862 1.7245882749557497 1.1858484148979189 0.49931597709655767 -8.1505875587463361 -13.716502189636229 -8.6614780426025373 -1.8011317849159239 -4.1815612316131583 -2.572922825813293 -4.9731922149658194 -2.4436229467391963 -1.3435124158859251 -8.7268629074096662 3.1016079187393193 0.7968721091747285 -7.3273506164550772 -3.2821813821792598 -1.5238561034202573 -0.15901190042495725 -2.7079764604568477 -4.0439679622650138
decision_type=2 2 2 2 2 2 2 2 2 2 2 2 2 2 2 2 2 2 2 2 2 2 2 2 2 2 2 2 2 2
left_child=1 2 4 6 -1 18 21 8 9 10 11 -3 -13 -11 -15 17 -17 -8 -5 -20 22 -2 23 -18 -10 26 -22 -9 -7 -21
right_child=3 7 -4 5 -6 28 15 27 24 13 -12 12 -14 14 -16 16 20 -19 19 29 25 -23 -24 -25 -26 -27 -28 -29 -30 -31
leaf_value=0.094651463826497403 -0.086019964860035825 -0.023869481215215461 -0.55878059136681257 0.063862767595736711 -0.066442845649374971 0.10126059176099877 -0.00089513936487024012 -0.1469386523962021 0.032618348319809164 0.089942150115966804 -0.14211351511999967 -0.13920261209661311 -0.04656477468927659 -0.088134452929863563 0.010301875603308372 -0.032990962597521351 -0.0024153118480076557 0.013477778363966018 -0.017561751957206675 0.079378052055835729 0.013387304977449672 -0.0061900479802339953 -0.02751363569434653 0.022898700020650531 -0.01257924730685437 0.0031254696860961335 0.063597553496559461 -0.047649204929669703 0.03062858441626435 0.011896879465023305
leaf_weight=30 26 637 20 61 58 31 1865 20 77 20 20 22 233 26 109 231 6128 2705 192 32 653 3712 235 281 3035 4993 75 60 555 3846
leaf_count=30 26 637 20 61 58 31 1865 20 77 20 20 22 233 26 109 231 6128 2705 192 32 653 3712 235 281 3035 4993 75 60 555 3846
internal_value=7.08497e-06 -0.0194602 -0.112868 0.00332521 -0.0115243 0.0146189 0.000776792 -0.0170916 -0.0160314 -0.0293617 -0.035043 -0.0326423 -0.0545571 0.00406614 -0.00865623 0.00241478 0.000529063 0.00761224 0.0118178 0.0110377 0.00115528 -0.00674531 -0.00223242 -0.00130543 -0.0114609 0.00508953 0.0185601 -0.0724716 0.0343651 0.0124537
internal_weight=29988 4367 108 25621 88 4717 20904 4259 4179 1067 912 892 255 155 135 17166 12596 4570 4131 4070 12365 3738 6644 6409 3112 5721 728 80 586 3878
internal_count=29988 4367 108 25621 88 4717 20904 4259 4179 1067 912 892 255 155 135 17166 12596 4570 4131 4070 12365 3738 6644 6409 3112 5721 728 80 586 3878
is_linear=0
shrinkage=0.05


Tree=66
num_leaves=31
num_cat=0
split_feature=291 187 3 234 68 182 30 119 26 12 10 12 283 4 5 34 203 51 173 287 94 160 7 160 92 133 48 287 247 139
split_gain=703.669 357.665 1761.89 257.47 187.003 117.78 107.646 102.004 80.721 79.733 72.7504 74.4592 71.8479 71.8154 70.134 69.9148 87.7061 70.9067 69.801 79.078 71.417 64.5643 63.8155 63.4642 62.4284 61.5702 61.0243 76.0281 74.9574 58.3695
threshold=-6.3366401195526114 -18.167441368103024 2.0886274576187138 1.056470572948456 -9.5697059631347638 -10.323987007141112 -5.8973805904388419 -1.5120915174484251 5.9847373962402353 2.6046710014343266 -3.2225817441940303 -1.6481652259826658 1.7139215469360354 -4.0173351764678946 2.7977490425109868 -1.14176470041275 -1.8740026354789732 3.8752942085266118 -3.6951752901077266 0.65403008460998546 -6.6767210960388175 3.6869608163833623 -2.202039241790771 -6.3658168315887442 -0.37619826197624201 2.7067648172378544 -9.7245364189147931 -17.737128257751461 -18.160775184631344 0.70819002389907848
decision_type=2 2 2 2 2 2 2 2 2 2 2 2 2 2 2 2 2 2 2 2 2 2 2 2 2 2 2 2 2 2
left_child=1 2 4 7 -1 6 26 8 13 24 11 -7 21 -2 -8 17 29 -12 19 -15 -20 23 -13 -9 -5 -26 28 -28 -3 -17
right_child=3 5 -4 9 -6 10 14 12 -10 -11 15 22 -14 18 -16 16 -18 -19 20 -21 -22 -23 -24 -25 25 -27 27 -29 -30 -31
leaf_value=0.090397872924804695 0.0575669675153129 0.12729291379451754 -0.53084158226847655 0.026518572068417408 -0.063368467472750573 -0.061226694254608416 -0.044288461426832931 -0.033454775156710172 -0.075825598365382149 0.034751482475588534 -0.0043056738685498998 0.068406417682057338 0.017399497573334043 -0.011547055167394297 0.026476655376924053 -0.015444983151294615 -0.056929659963861928 0.083996040924735699 0.076051363100608199 -0.11163952709175647 -0.0012718015204466033 -0.032911505838555677 -0.023646095231339172 0.0037064728597118986 0.0057703977238828799 0.026139776703036788 -0.049971513525914335 0.045742758549749851 0.00055579159940992082 0.045755008235573769
leaf_weight=30 49 20 20 657 58 143 652 116 38 471 1971 21 930 1478 37 1499 128 23 30 20 6503 124 182 12023 2158 448 59 32 28 40
leaf_count=30 49 20 20 657 58 143 652 116 38 471 1971 21 930 1478 37 1499 128 23 30 20 6503 124 182 12023 2158 448 59 32 28 40
internal_value=6.7307e-06 -0.0172336 -0.107225 0.00340937 -0.0109481 -0.0152235 -0.0323908 0.00128731 -0.00312256 0.0155206 -0.011676 -0.033591 0.00400081 -0.00278064 -0.0404883 -0.00960486 -0.0171619 -0.00328715 -0.00314884 -0.0128834 -0.000916728 0.00298468 -0.0141234 0.00335136 0.0127447 0.00927212 0.00774726 -0.0163137 0.0533629 -0.0138543
internal_weight=29988 4943 108 25045 88 4835 828 21311 8118 3734 4007 346 13193 8080 689 3661 1667 1994 8031 1498 6533 12263 203 12139 3263 2606 139 91 48 1539
internal_count=29988 4943 108 25045 88 4835 828 21311 8118 3734 4007 346 13193 8080 689 3661 1667 1994 8031 1498 6533 12263 203 12139 3263 2606 139 91 48 1539
is_linear=0
shrinkage=0.05


Tree=67
num_leaves=31
num_cat=0
split_feature=288 187 3 186 73 292 298 35 232 18 220 28 4 288 205 79 62 119 178 177 62 38 4 113 42 52 297 297 79 253
split_gain=643.367 285.422 1590.1 264.821 169.788 118.31 98.6468 87.28 81.3858 77.8236 130.591 80.3061 76.4951 86.9596 95.3149 104.84 81.7444 74.6732 74.0257 72.6796 68.9897 68.7747 67.1472 66.8695 66.4453 78.6216 63.0413 62.8964 62.7163 69.951
threshold=-8.8987789154052717 -18.167441368103024 2.0886274576187138 0.3600000143051148 -10.161637783050535 -3.7999738454818721 -8.8335294723510724 4.6770980358123788 5.0977149009704599 1.2710861563682558 -4.7040581703186026 -2.0739868879318233 2.3550980091094975 -19.005883216857907 -3.4487391710281368 -2.589875221252441 -9.811372756958006 -1.2044180035591123 1.7638431191444399 -15.355359077453612 -4.3818747997283927 4.8229904174804696 -2.5186275243759151 -1.2018861770629881 -5.9094116687774649 -0.72816014289855946 -30.413599967956539 5.9690551757812509 -2.0373314619064327 -14.388523578643797
decision_type=2 2 2 2 2 2 2 2 2 2 2 2 2 2 2 2 2 2 2 2 2 2 2 2 2 2 2 2 2 2
left_child=1 2 4 5 -1 20 -7 12 -5 11 -11 18 13 16 17 -16 -3 28 -8 -14 -2 -12 -22 -19 25 -21 -18 -13 -15 -30
right_child=3 7 -4 8 -6 6 9 -9 -10 10 21 27 19 14 15 -17 26 23 -20 24 22 -23 -24 -25 -26 -27 -28 -29 29 -31
leaf_value=0.086167831420898441 -0.027783178169036582 0.039921393217863865 -0.50429947845637801 0.010694449859559247 -0.060349941279353773 0.087739684104042898 0.013054332441153707 -0.071575112002236513 0.030380334885809508 -0.051246532294529169 0.00015499242605307166 0.002297188083296208 0.091446096246892761 -0.01179393836338327 -0.13564113224997665 -0.031907170578356715 -0.13660751581192018 0.061391910705715418 0.093690379118097245 -0.014605719039711772 0.021969454004487732 -0.031073171751839775 -0.0050076689963841434 -0.015302520003859644 0.011133697928148808 -0.12558193966746331 -0.045009418656525108 0.083324873323241871 -0.12104803432117811 -0.029257602750371932
leaf_weight=30 321 27 20 4106 58 34 1534 77 602 151 1755 11412 22 1423 33 93 20 60 29 79 239 196 6612 54 259 20 309 24 22 367
leaf_count=30 321 27 20 4106 58 34 1534 77 602 151 1755 11412 22 1423 33 93 20 60 29 79 239 196 6612 54 259 20 309 24 22 367
internal_value=6.39417e-06 -0.0220701 -0.101863 0.00243591 -0.0104007 0.000161647 0.00266827 -0.0190622 0.0132116 0.00247673 -0.00644936 0.00392012 -0.0176119 -0.020902 -0.0169443 -0.0590756 -0.043714 -0.0141881 0.0145505 0.00323671 -0.00512805 -0.00298223 -0.00406656 0.025063 -0.00218397 -0.0370252 -0.0505777 0.00246724 -0.0166575 -0.0344488
internal_weight=29988 2973 108 27015 88 22307 15135 2865 4708 15101 2102 12999 2788 2408 2052 126 356 1926 1563 380 7172 1951 6851 114 358 99 329 11436 1812 389
internal_count=29988 2973 108 27015 88 22307 15135 2865 4708 15101 2102 12999 2788 2408 2052 126 356 1926 1563 380 7172 1951 6851 114 358 99 329 11436 1812 389
is_linear=0
shrinkage=0.05


Tree=68
num_leaves=31
num_cat=0
split_feature=190 5 134 241 19 266 119 182 38 35 147 35 219 21 284 93 183 110 189 65 6 263 96 93 109 205 299 5 225 239
split_gain=587.391 404.108 1049.79 265.792 129.458 135.74 111.499 110.015 99.2266 94.7582 95.6711 87.5338 89.5581 84.5235 77.0606 72.9053 89.0901 65.8444 64.753 71.7479 63.2213 60.4718 67.4058 79.3629 60.3345 59.6855 58.76 58.1431 54.0398 58.6713
threshold=-6.3475046157836905 4.2668092250823983 -4.9793002605438224 -1.1843274235725401 -5.0926251411437979 -25.827734947204586 -1.849418520927429 2.1181787252426152 4.5700178146362314 -10.279732704162596 -16.742829322814938 -5.0091063976287833 -8.3933610916137678 -5.2493195533752433 -13.444040298461912 -13.239884376525877 -10.547852039337156 -3.1856861114501949 -14.532966136932371 -8.1084704399108869 4.8636746406555185 -11.886339664459227 -5.3510265350341788 -2.732678890228271 -6.1546936035156241 -6.5240914821624747 -8.6143140792846662 3.5532165765762334 -4.7310750484466544 -3.3185790777206416
decision_type=2 2 2 2 2 2 2 2 2 2 2 2 2 2 2 2 2 2 2 2 2 2 2 2 2 2 2 2 2 2
left_child=1 4 -3 6 5 -1 8 13 21 10 -6 -8 -13 -5 -14 -11 25 26 -18 24 -19 22 -2 -24 -20 -17 -16 -9 29 -15
right_child=3 2 -4 7 9 -7 11 27 -10 15 -12 12 14 28 17 16 18 20 19 -21 -22 -23 23 -25 -26 -27 -28 -29 -30 -31
leaf_value=0.15062854766845704 0.0058101161321004232 -0.44261007633060223 0.028264389135714236 0.086434907624215795 -0.16457844609799593 0.0079365586042404179 -0.024928589050586411 0.017944222173573058 -0.060544586465472276 0.050571065478854704 -0.023276832580566408 0.060139173091347545 -0.095909570232033725 -0.0929157064675733 0.098318994652641864 -0.031936190950634123 -0.083524870346574229 0.0012006634906356149 -0.022281067836575394 -0.011840235269797165 0.079275697584335628 -0.0053588511841903639 -0.1578520304438743 -0.020233455523848535 -0.11389202447608114 -0.09012648895620666 0.016431223641002225 0.050071241282209571 0.0067018793616383347 -0.0073995504480523951
leaf_weight=20 30 20 29 33 23 100 299 1296 84 36 25 67 20 27 23 706 34 9441 41 1739 26 6565 22 20 32 47 461 158 8486 78
leaf_count=20 30 20 29 33 23 100 299 1296 84 36 25 67 20 27 23 706 34 9441 41 1739 26 6565 22 20 32 47 461 158 8486 78
internal_value=6.07445e-06 -0.0215792 -0.163929 0.00227469 -0.0190908 0.0317186 -0.00152887 0.0087126 -0.00654214 -0.0213633 -0.0909839 0.0017307 0.0025248 0.00656756 0.00213766 -0.020095 -0.0210739 0.00233472 -0.0151615 -0.0138787 0.00141509 -0.00585867 -0.0514321 -0.0923194 -0.0624393 -0.0355683 0.0203226 0.0214353 0.00626077 -0.0293894
internal_weight=29988 2852 49 27136 2803 120 17058 10078 6721 2683 48 10337 10038 8624 9971 2635 2599 9951 1846 1812 9467 6637 72 42 73 753 484 1454 8591 105
internal_count=29988 2852 49 27136 2803 120 17058 10078 6721 2683 48 10337 10038 8624 9971 2635 2599 9951 1846 1812 9467 6637 72 42 73 753 484 1454 8591 105
is_linear=0
shrinkage=0.05


Tree=69
num_leaves=31
num_cat=0
split_feature=173 3 136 186 0 183 14 3 140 296 120 6 65 19 160 21 89 60 30 284 11 11 107 183 284 145 182 0 67 92
split_gain=534.798 359.816 971.276 199.344 122.568 132.734 130.088 128.429 97.6377 93.3329 86.2364 79.4109 79.022 64.3337 77.7534 73.7993 61.2786 59.1313 70.1571 66.0664 55.9063 55.1732 53.9005 53.4004 53.2358 63.5158 52.4039 59.1648 51.6801 56.3674
threshold=-3.8912838697433467 4.4415686130523691 -5.4033157825469962 0.80432027578353893 5.5116667747497567 -10.547852039337156 -5.2500190734863272 3.081637024879456 0.57862746715545665 -4.9585986137390128 -1.556440472602844 3.0804901123046879 3.3071676492691044 -0.19773618131875989 -4.2459058761596671 -5.2493195533752433 1.9371708631515505 -0.49392592906951899 -5.8973805904388419 -25.324477195739743 -1.7246524095535276 0.29449470341205602 3.9153066873550419 1.0653293728828432 -13.444040298461912 -3.4195330142974849 -4.4368989467620841 -4.0439679622650138 -0.94994187355041493 -2.9407763481140132
decision_type=2 2 2 2 2 2 2 2 2 2 2 2 2 2 2 2 2 2 2 2 2 2 2 2 2 2 2 2 2 2
left_child=1 4 -3 9 5 6 -1 11 -4 24 16 17 26 15 -15 -11 -7 18 21 -20 -14 -8 -17 -12 -2 -26 -5 -28 -16 -30
right_child=3 2 8 12 -6 10 7 -9 -10 13 23 -13 20 14 28 22 -18 -19 19 -21 -22 -23 -24 -25 25 -27 27 -29 29 -31
leaf_value=0.073404035897090519 -0.06145027187135485 -0.42109290927648546 0.027809052680057879 -0.062901231483556336 0.08348718989979137 -0.011704497387232482 0.02724401904155075 -0.15948474604636431 -0.1020817605287606 0.076945568952295526 0.0031215288224413929 0.048600325683752693 -0.03159971815698287 -0.024806923706886138 -0.0045708348454444169 0.0054983189684274947 -0.05218074687290937 -0.097810840287378853 -0.081250204358782094 -0.031977166380567405 0.034439928824329037 -0.046449918788228489 -0.0470839723032348 0.070160691776583281 0.0046537144158101647 -0.012050108933138459 0.082348825602695866 0.010588441869039769 0.036167172506247881 0.0025969481003986256
leaf_weight=29 45 20 39 24 33 3602 81 20 23 36 711 30 34 316 3248 9062 96 35 77 584 558 37 49 31 845 1743 29 3010 128 5413
leaf_count=29 45 20 39 24 33 3602 81 20 23 36 711 30 34 316 3248 9062 96 35 77 584 558 37 49 31 845 1743 29 3010 128 5413
internal_value=5.77073e-06 -0.0141655 -0.118112 0.00315187 -0.0125771 -0.0131715 -0.0307605 -0.0342568 -0.0203762 0.00126666 -0.00963391 -0.0312893 0.0139242 0.00253618 -0.000439141 0.00549783 -0.0127553 -0.0342337 -0.0313772 -0.037717 0.0306471 0.0041366 0.00521553 0.00592236 -0.00753369 -0.00659619 0.010692 0.0112732 0.000436979 0.00337244
internal_weight=29988 5448 82 24540 5366 5333 893 864 62 20885 4440 844 3655 18252 9105 9147 3698 814 779 661 592 118 9111 742 2633 2588 3063 3039 8789 5541
internal_count=29988 5448 82 24540 5366 5333 893 864 62 20885 4440 844 3655 18252 9105 9147 3698 814 779 661 592 118 9111 742 2633 2588 3063 3039 8789 5541
is_linear=0
shrinkage=0.05


Tree=70
num_leaves=31
num_cat=0
split_feature=258 292 19 21 249 165 296 205 220 143 183 270 189 177 27 29 291 246 74 104 163 30 297 26 289 47 201 119 154 47
split_gain=496.373 181.235 189.92 293.799 180.97 144.084 103.775 75.1423 73.1035 72.7088 69.3591 67.2688 64.8926 64.5424 150.116 176.776 58.0999 57.3303 58.7979 57.0947 58.8416 55.1884 54.4116 54.2309 54.1947 58.7115 54.1945 53.5714 61.4288 58.823
threshold=-4.6008758544921866 -12.718715190887449 -5.0926251411437979 -6.2210271358489981 2.2400882244110112 -17.490873336791989 -1.4036306142807005 0.70992735028266918 -6.1097059249877921 -1.664432644844055 -3.284760475158691 -3.892705917358398 -1.6390481591224668 -12.79262590408325 -8.5746536254882795 -7.8547644615173331 1.122500002384186 -6.0767891407012931 -4.8817646503448477 -5.4791831970214835 -5.3138825893402091 -5.8973805904388419 -16.946058273315426 1.0156188011169436 2.9885449409484868 3.7969914674758916 -3.1756739616394039 -2.5539652109146114 -2.7822941541671748 2.708137154579163
decision_type=2 2 2 2 2 2 2 2 2 2 2 2 2 2 2 2 2 2 2 2 2 2 2 2 2 2 2 2 2 2
left_child=1 2 5 -4 6 -1 9 16 13 12 -11 -6 -2 14 -5 -16 22 -12 -19 -14 -21 -17 -3 -24 27 -26 -13 29 -29 -8
right_child=4 7 3 8 11 -7 24 -9 -10 10 17 26 19 -15 15 21 -18 18 -20 20 -22 -23 23 -25 25 -27 -28 28 -30 -31
leaf_value=0.13661785125732423 0.0002569396764825163 0.073478753226143986 -0.20795074960459836 0.090221490859985362 0.085329235002801235 0.0032047167216261775 -0.0065001018591830774 -0.055616051746131503 -0.075359166815102879 -0.015567807432723372 0.04717704481997733 0.086240843231124548 -0.064764699588219329 -0.019021614995891473 -0.18462721679521643 0.012271771952509881 0.071130044370268791 0.048627445381134754 -0.0028545592402600406 0.090631964678565657 0.01177081073190542 -0.049013728470423928 -0.004813806456075217 -0.018212771860630493 0.026351024060209921 -0.0085937148729960128 0.016132252721364929 0.023497777291190541 0.0052332111632305677 -0.093854967467486866
leaf_weight=28 4365 21 23 20 37 73 529 79 77 1095 59 28 24 1059 23 42 24 56 5767 24 1639 293 4301 916 605 150 1773 496 6406 20
leaf_count=28 4365 21 23 20 37 73 529 79 77 1095 59 28 24 1059 23 42 24 56 5767 24 1639 293 4301 916 605 150 1773 496 6406 20
internal_value=7.81561e-06 -0.0116762 -0.0262257 -0.0305901 0.00354194 0.0401905 0.00223917 -0.00721411 -0.0278957 -0.000534784 -0.00401353 0.0185933 0.00347566 -0.0253525 -0.0430889 -0.0505364 -0.00648744 -0.00186257 -0.00235945 0.0118039 0.0129089 -0.0413302 -0.00684307 -0.00716639 0.00664349 0.0194084 0.0172222 0.00535005 0.00654576 -0.00968243
internal_weight=30052 6979 1638 1537 23073 101 21235 5341 1514 13029 6977 1838 6052 1437 378 358 5262 5882 5823 1687 1663 335 5238 5217 8206 755 1801 7451 6902 549
internal_count=30052 6979 1638 1537 23073 101 21235 5341 1514 13029 6977 1838 6052 1437 378 358 5262 5882 5823 1687 1663 335 5238 5217 8206 755 1801 7451 6902 549
is_linear=0
shrinkage=0.05


Tree=71
num_leaves=31
num_cat=0
split_feature=182 292 19 30 95 165 289 175 155 155 56 233 236 13 150 24 13 99 45 297 193 19 79 236 125 287 216 34 195 118
split_gain=454.074 230.849 118.832 351.216 528.686 150.888 106.694 72.442 75.3013 71.2627 78.8998 67.6479 109.65 63.3254 68.4924 68.0039 62.7013 71.6051 79.6375 73.2538 60.2911 57.5641 60.1149 56.2806 56.1507 55.9187 64.4532 55.0517 88.6987 52.114
threshold=-6.4321703910827628 -1.938390791416168 -5.0926251411437979 -9.6019854545593244 -13.563675880432127 -17.490873336791989 4.1845750808715829 -4.6114814281463614 0.26786494255065924 5.9804949760437021 -0.50670588016509999 -13.503791332244871 -16.571774482727047 -1.3866193294525144 3.1376471519470219 -7.37300682067871 3.5323529243469243 0.88143137097358715 0.24901961535215381 -1.0000000180025095e-35 1.2656399607658388 -0.72537815570831288 -0.039999989792704575 -6.6784813404083243 0.81064423918724071 12.915587902069094 10.502417564392092 -1.2251592874526975 -15.796078681945799 -2.7986274957656856
decision_type=2 2 2 2 2 2 2 2 2 2 2 2 2 2 2 2 2 2 2 2 2 2 2 2 2 2 2 2 2 2
left_child=2 11 5 4 -4 -1 7 8 -3 23 -11 12 -2 14 20 -15 17 19 -19 -8 -13 22 -17 -9 -20 26 -18 -5 -29 -25
right_child=1 6 3 27 -6 -7 16 9 -10 10 -12 13 -14 15 -16 21 25 18 24 -21 -22 -23 -24 29 -26 -27 -28 28 -30 -31
leaf_value=0.12978694098336357 0.02329720908945257 -0.014953250470605209 -0.32258027394612632 -0.012505318271810565 0.0059620971679687504 -0.0019743712906984939 0.12977165837179533 0.081414829373359685 -0.11881264053285122 -0.12180836249142886 -0.01413881446055153 -0.0090668571711473665 -0.12586835793086462 0.091642034053802501 -0.081593802175484606 0.001168860108870833 0.061909657630367557 -0.031665200736258448 -0.0025685646953395166 0.033448659954592584 0.044791417590008598 -0.0031331372342222677 0.016125255987697255 -0.0068993844425460499 0.026657789024845269 0.12079153794508715 -0.03473939480988876 -0.097249096090143372 -0.024866169125083114 0.0072351764039365598
leaf_weight=28 22 137 24 1258 25 97 22 25 20 20 114 2654 28 20 32 3619 69 97 251 192 53 8120 825 698 476 26 23 44 1111 9922
leaf_count=28 22 137 24 1258 25 97 22 25 20 20 114 2654 28 20 32 3619 69 97 251 192 53 8120 825 698 476 26 23 44 1111 9922
internal_value=7.42484e-06 0.0018937 -0.0200183 -0.0224329 -0.154957 0.0275402 0.00706232 0.00553531 -0.0281837 0.00602644 -0.0302089 -0.0021718 -0.0602355 -0.00198233 -0.00887203 -0.000482739 0.0215081 0.0175819 0.0108894 0.043351 -0.00801237 -0.000629388 0.00394542 0.00648258 0.0165673 0.0560453 0.0377474 -0.0197418 -0.0276236 0.00630618
internal_weight=30052 27465 2587 2462 49 125 12092 10936 157 10779 134 15373 50 15323 2739 12584 1156 1038 824 214 2707 12564 4444 10645 727 118 92 2413 1155 10620
internal_count=30052 27465 2587 2462 49 125 12092 10936 157 10779 134 15373 50 15323 2739 12584 1156 1038 824 214 2707 12564 4444 10645 727 118 92 2413 1155 10620
is_linear=0
shrinkage=0.05


Tree=72
num_leaves=31
num_cat=0
split_feature=239 291 182 18 16 27 214 132 122 272 143 15 157 81 27 185 0 155 294 221 297 53 248 103 260 122 258 149 272 261
split_gain=414.204 177.478 153.095 108.295 192.283 190.479 109.026 90.1099 74.1379 71.1953 66.9179 65.0201 234.184 66.0248 73.271 68.6288 58.9314 65.7724 60.8028 55.9001 55.5755 63.7602 54.9104 56.0943 62.8702 53.2952 51.3043 56.2598 53.4523 52.3262
threshold=-3.4516339302062984 -12.194820404052733 -1.1601628661155698 -5.6436429023742667 -4.3664705753326407 -2.2342351675033565 -21.993690490722653 2.0639746189117436 -2.0447160005569454 3.3135513067245488 -2.0175422430038448 0.32345397770404821 -16.968039512634274 -11.265564441680906 -6.7276470661163321 -18.157414436340328 4.0877778530120858 -0.20504017174243924 1.826993525028229 -10.23542547225952 -10.995059013366697 -4.0102791786193839 2.5313184261322026 5.7137255668640146 0.78571897745132457 -5.5329272747039786 -4.6512217521667472 0.91757279634475719 -8.6328725814819318 -5.1685783863067618
decision_type=2 2 2 2 2 2 2 2 2 2 2 2 2 2 2 2 2 2 2 2 2 2 2 2 2 2 2 2 2 2
left_child=1 3 8 6 5 -5 -1 25 26 -9 -10 13 -13 14 -6 -15 17 18 -3 -14 21 -21 23 -12 -25 -4 27 29 -28 -2
right_child=2 16 7 4 11 -7 -8 9 10 -11 22 12 19 15 -16 -17 -18 -19 -20 20 -22 -23 -24 24 -26 -27 28 -29 -30 -31
leaf_value=0.13974151611328126 0.0033108178777089391 -0.0046577511340971578 -0.073287969863130936 -0.23760397647108353 0.10065983772277831 -0.021998235136270524 -0.012004996990335399 0.01021136142037533 0.0091110957506058948 0.032263606777341351 -0.00086032246462306957 -0.20450813293457035 -0.017680294939198676 -0.079732331362637618 -0.010764435927073162 -0.015906608730887738 0.034176587021869161 -0.019695108416236475 0.078614428639411926 -0.086153685860335838 -0.12959485311061145 -0.02374332803670022 0.038668135639237267 -0.0018325696978718044 -0.10806056840273624 0.0064629049179460041 0.07202067051244819 -0.10296560801565646 -0.0045654718150966991 -0.029150027582614587
leaf_weight=20 193 6118 21 21 25 20 29 864 2458 635 5584 20 339 44 36 984 92 789 22 58 20 139 87 30 26 8575 23 20 2412 348
leaf_count=20 193 6118 21 21 25 20 29 864 2458 635 5584 20 339 44 36 984 92 789 22 58 20 139 87 30 26 8575 23 20 2412 348
internal_value=7.05358e-06 -0.00913275 0.00377707 -0.0233545 -0.0254595 -0.13243 0.0499324 0.00824075 -0.000253051 0.019553 0.00221021 -0.0228254 -0.0364113 -0.0156394 0.0349012 -0.0186384 -0.00557781 -0.00610565 -0.00435938 -0.0303647 -0.0501803 -0.042118 -0.000751609 -0.00135968 -0.0511527 0.00626807 -0.00698264 -0.0206141 -0.00384207 -0.0175697
internal_weight=30052 8776 21276 1755 1706 41 49 10095 11181 1499 8185 1665 576 1089 61 1028 7021 6929 6140 556 217 197 5727 5640 56 8596 2996 561 2435 541
internal_count=30052 8776 21276 1755 1706 41 49 10095 11181 1499 8185 1665 576 1089 61 1028 7021 6929 6140 556 217 197 5727 5640 56 8596 2996 561 2435 541
is_linear=0
shrinkage=0.05


Tree=73
num_leaves=31
num_cat=0
split_feature=182 283 0 0 274 9 132 23 63 233 208 299 298 299 154 155 298 200 157 5 18 235 195 166 112 57 80 57 79 232
split_gain=377.343 199.022 107.961 271.717 501.042 195.823 96.7075 83.0161 72.8743 71.9601 86.9847 67.1588 91.6683 96.5673 82.9748 64.3165 64.1307 62.8395 60.858 62.3265 103.701 81.9564 55.3674 75.8715 54.6293 81.6864 57.8974 54.5181 53.862 59.4923
threshold=-6.4321703910827628 -0.15843138843774793 4.5996034145355233 3.7527170181274419 -15.571751117706297 -2.1178418397903438 2.0639746189117436 -3.3400000333786006 16.092091560363773 -13.503791332244871 -11.778933048248289 -2.1587842702865596 -0.34612198173999781 -0.5767209231853484 1.3364216685295107 -3.5214272737503047 -2.1742745637893672 3.568547368049622 -4.3632869720458975 2.5716017484664921 -2.2541046142578121 -15.398701190948485 1.0044928193092348 0.03254899941384793 0.44504901766777044 0.25696210563182836 0.64098039269447338 -3.3003901243209834 -4.4098234176635733 -4.152794122695922
decision_type=2 2 2 2 2 2 2 2 2 2 2 2 2 2 2 2 2 2 2 2 2 2 2 2 2 2 2 2 2 2
left_child=2 8 3 18 -5 -4 15 -7 9 10 -2 14 17 -14 16 -3 22 -13 19 21 -21 -1 27 -24 26 -26 -8 -11 -17 -30
right_child=1 6 5 4 -6 7 24 -9 -10 11 -12 12 13 -15 -16 28 -18 -19 -20 20 -22 -23 23 -25 25 -27 -28 -29 29 -31
leaf_value=-0.034076041345705903 -0.0050468005239963538 0.043909192088592265 0.15177862214354368 -0.32936872787773613 -0.010347963450476528 -0.096545201539993297 0.074265928495871394 0.042740440044714056 0.086393626530965176 -0.012191303205129671 -0.14157364204525949 0.0066600107860223905 -0.027248162204779471 -2.2820887602027208e-05 -0.022068199093518728 0.065741927639858144 -0.012526155908188327 0.089500251801117606 -0.032266662502065439 0.10888748373146412 -0.0062356983586935935 -0.0094101007746024562 0.05113358274619613 -0.031828675172417553 -0.012874553422187711 0.024073785670279041 0.018615984940982384 -8.5759840996401835e-05 -0.044723137834314579 0.0057665450360792278
leaf_weight=446 28 112 26 20 32 20 95 23 24 1017 20 4890 412 1555 529 37 1278 23 547 27 71 1375 108 37 182 840 92 10880 59 5247
leaf_count=446 28 112 26 20 32 20 95 23 24 1017 20 4890 412 1555 529 37 1278 23 547 27 71 1375 108 37 182 840 92 10880 59 5247
internal_value=6.7009e-06 0.00172623 -0.0182488 -0.0199396 -0.133048 0.0434546 0.00924601 -0.0220436 -0.000682874 -0.000783458 -0.061933 -0.000641861 0.00339596 -0.00572533 -0.0026478 0.00641039 -0.00187652 0.00704782 -0.0175545 -0.0133609 0.0254819 -0.0154513 -0.000746293 0.0299639 0.0220403 0.0174939 0.0468873 -0.00112059 0.00562434 0.00520513
internal_weight=30052 27465 2587 2518 52 69 6664 43 20801 20777 48 20729 6880 1967 13849 5455 13320 4913 2466 1919 98 1821 12042 145 1209 1022 187 11897 5343 5306
internal_count=30052 27465 2587 2518 52 69 6664 43 20801 20777 48 20729 6880 1967 13849 5455 13320 4913 2466 1919 98 1821 12042 145 1209 1022 187 11897 5343 5306
is_linear=0
shrinkage=0.05


Tree=74
num_leaves=31
num_cat=0
split_feature=119 288 3 292 81 289 38 192 226 183 4 28 156 289 195 66 11 91 33 30 210 47 90 42 187 241 290 298 155 75
split_gain=351.272 151.432 178.721 146.664 121.064 114.823 97.0521 92.6418 83.7891 78.2431 66.3254 63.5362 62.0081 64.5961 60.8881 60.6828 77.9883 59.2397 82.7381 60.0787 88.9567 66.6686 58.5055 58.4776 56.6988 52.3136 50.3817 81.5377 53.8393 48.3279
threshold=-2.4137082099914546 -12.958566665649412 3.934983611106873 -1.2365666627883909 -11.265564441680906 -30.289971351623532 5.5905163288116464 -0.88855248689651478 -5.1235191822051993 5.9872059822082528 -2.0941765308380123 9.3058786392211932 -2.9707843065261836 -24.804188728332516 -1.8356596231460569 0.11847059056162836 -0.15700402110815045 -8.76867628097534 -8.6614780426025373 -0.42854031920433039 -8.9862742424011213 4.0850539207458505 2.2186927795410161 -2.7187991142272945 -0.6187395155429839 -1.4127109646797178 5.6141397953033456 0.86754900217056286 6.8460783958435067 0.65613186359405529
decision_type=2 2 2 2 2 2 2 2 2 2 2 2 2 2 2 2 2 2 2 2 2 2 2 2 2 2 2 2 2 2
left_child=1 2 4 17 5 -1 7 10 -5 11 15 26 13 -6 24 -3 -17 -2 -19 21 -21 -20 -12 -22 -9 -24 28 -28 -10 -30
right_child=3 6 -4 8 12 -7 -8 14 9 -11 22 -13 -14 -15 -16 16 -18 18 19 20 23 -23 25 -25 -26 -27 27 -29 29 -31
leaf_value=0.10812253085049717 0.067922937124967581 0.017901448953950884 -0.14108086973428727 0.074192786100320526 -0.057941043572347674 -0.0070086358085511228 -0.05805824906988577 0.010218692600860127 0.0070243743215122447 0.033899485810371485 -0.0078682848482501382 -0.035679406897966254 -0.082702901226508876 -0.019489463238886711 0.001807266142173314 0.015257903326939987 -0.091607407364814042 -0.080490781366825109 0.0027909488852779422 0.086869557036293885 -0.026034916823916784 0.089962282370437283 -0.02708513412314157 -0.002983247289272488 0.061748045598905468 -0.10975008501225841 0.11178950387239457 0.018759298408792997 -0.087164607803736416 -0.0056879809556099094
leaf_weight=33 32 413 32 48 122 63 88 112 7751 281 5289 86 46 1043 405 38 31 32 7289 27 289 22 114 5729 102 23 25 407 28 52
leaf_count=33 32 413 32 48 122 63 88 112 7751 281 5289 86 46 1043 405 38 31 32 7289 27 289 22 114 5729 102 23 25 407 28 52
internal_value=6.36589e-06 -0.00900392 -0.0243381 0.00324955 -0.0214798 0.0325677 -0.00589999 -0.00519677 0.00831504 0.00794863 -0.00712492 0.0070752 -0.0257644 -0.0235162 0.0132064 0.0106499 -0.032754 -2.60366e-05 -0.000188448 3.95028e-06 -0.00368398 0.00305326 -0.00870389 -0.00409025 0.0347794 -0.0409632 0.00752019 0.024143 0.00660318 -0.0342048
internal_weight=30052 7954 1339 22098 1307 96 6615 6527 8678 8630 5908 8349 1211 1165 619 482 69 13420 13388 13356 6045 7311 5426 6018 214 137 8263 432 7831 80
internal_count=30052 7954 1339 22098 1307 96 6615 6527 8678 8630 5908 8349 1211 1165 619 482 69 13420 13388 13356 6045 7311 5426 6018 214 137 8263 432 7831 80
is_linear=0
shrinkage=0.05


Tree=75
num_leaves=31
num_cat=0
split_feature=292 283 22 11 62 49 255 257 88 41 25 22 89 71 280 43 189 126 119 21 298 288 298 299 18 261 235 239 80 191
split_gain=336.425 141.414 128.197 397.547 69.0025 99.8307 217.364 86.4733 88.7574 79.9069 65.1231 75.1297 76.6148 63.6432 82.6727 63.4838 62.3537 75.4586 61.1331 70.9366 61.4759 59.8702 59.164 57.6864 56.5902 55.3769 54.1028 53.7803 52.8452 73.832
threshold=-5.4728455543518058 1.7139215469360354 -6.7995371818542472 0.62278872728347789 -3.582155585289001 -9.6775321960449201 -23.724959373474118 -18.526350021362301 -2.9484966993331905 2.743248820304871 -3.2945550680160518 -2.7236067056655879 -4.9193696975707999 4.0530147552490243 14.098923683166506 -8.1077775955200178 -5.4934790134429923 -4.6017024517059317 -0.75915536284446705 -1.1894435882568357 -8.1874904632568342 4.2984614372253427 0.10337563976645471 -1.2598674893379209 1.581629276275635 -3.8352286815643306 -5.2591955661773673 2.1982067823410039 -1.446697413921356 -1.7471005916595457
decision_type=2 2 2 2 2 2 2 2 2 2 2 2 2 2 2 2 2 2 2 2 2 2 2 2 2 2 2 2 2 2
left_child=2 18 3 15 5 6 -4 10 9 -9 -7 -12 -13 16 -15 -1 -3 -18 20 24 -2 22 27 -24 26 -19 -20 -22 29 -27
right_child=1 13 4 -5 -6 7 -8 8 -10 -11 11 12 -14 14 -16 -17 17 25 19 -21 21 -23 23 -25 -26 28 -28 -29 -30 -31
leaf_value=0.039504182509013587 0.037918129503726965 -0.059035932511324066 0.18023067474365237 -0.24374701303895563 -0.0060003472137408493 -0.0079454809274585522 -0.020827512043278394 -0.010452633305964337 -0.036256478399000307 0.085817320306192754 -0.15038876143905025 -0.025773238390684128 -0.1146383560076356 0.025610173462722707 0.11169881820678712 -0.054432002611055567 0.092828448254814636 -0.046645094361156228 0.090259034559130674 0.0020231905750573392 -0.00095843727771254884 0.082892479215349479 -0.062295726574957369 -0.01114587749316423 -0.013170050465046091 0.082901874110601584 0.014663909201791711 0.042701896024264503 0.0089615451714415238 0.019168327634582198
leaf_weight=35 100 32 20 24 4469 61 41 1065 392 22 24 79 35 217 32 37 28 42 24 6824 10711 21 60 678 188 56 1714 71 2692 241
leaf_count=35 100 32 20 24 4469 61 41 1065 392 22 24 79 35 217 32 37 28 42 24 6824 10711 21 60 678 188 56 1714 71 2692 241
internal_value=9.18414e-05 0.00281925 -0.0101753 -0.0675132 -0.00928865 -0.0177391 0.0450932 -0.0200233 -0.0158598 -0.00850421 -0.050967 -0.0699838 -0.0530564 0.0123561 0.0366738 -0.00876858 0.0103971 0.0111235 0.00125714 0.00441491 -0.00111641 -0.00145463 -0.00160839 -0.0153044 0.012889 0.0103687 0.0157078 -0.000670932 0.0111698 0.0311854
internal_weight=30035 23731 6304 96 6208 1739 61 1678 1479 1087 199 138 114 3340 249 72 3091 3059 20391 8750 11641 11541 11520 738 1926 3031 1738 10782 2989 297
internal_count=30035 23731 6304 96 6208 1739 61 1678 1479 1087 199 138 114 3340 249 72 3091 3059 20391 8750 11641 11541 11520 738 1926 3031 1738 10782 2989 297
is_linear=0
shrinkage=0.05


Tree=76
num_leaves=31
num_cat=0
split_feature=292 284 22 11 137 9 213 115 110 131 11 205 52 31 288 35 29 298 299 299 187 84 56 3 68 121 0 230 23 17
split_gain=303.623 130.15 115.698 358.786 82.6751 233.149 151.672 112.586 65.0426 83.2299 68.1079 68.1497 57.0379 55.4743 67.8404 55.0735 52.7846 50.7476 93.1746 78.7755 49.6546 50.9749 64.8501 62.384 70.3808 55.9916 61.9796 50.3994 48.0872 47.6404
threshold=-5.4728455543518058 0.87498268485069286 -6.7995371818542472 0.62278872728347789 -14.204902172088621 -0.87098041176795948 -21.758666992187496 -9.6724658012390119 -0.53650155663490284 0.51349672675132763 3.4812809228897099 -2.7724308967590328 -5.1824071407318106 -2.6400170326232906 -6.9746053218841544 -5.0091063976287833 -2.5998319387435909 -0.39077702164649958 -1.4170453548431394 -0.31124351918697352 -16.017157554626461 0.19768169522285464 5.9419951438903817 2.7708880901336674 -0.22272801399230954 -2.6798193454742427 4.5996034145355233 -13.316471099853514 2.0425490140914921 1.0200351476669314
decision_type=2 2 2 2 2 2 2 2 2 2 2 2 2 2 2 2 2 2 2 2 2 2 2 2 2 2 2 2 2 2
left_child=2 13 3 12 5 6 -4 -6 28 -10 11 -11 -1 14 -2 16 -15 18 -17 -19 -9 25 23 -23 -25 26 -22 -26 -3 -27
right_child=1 8 4 -5 7 -7 -8 20 9 10 -12 -13 -14 15 -16 17 -18 19 -20 -21 21 22 -24 24 27 29 -28 -29 -30 -31
leaf_value=0.029281396383330938 -0.037272594074408215 0.025160201821147879 0.17192953109741213 -0.23155964910207938 -0.037832087027021205 -0.089900252372026451 0.016592533683234996 -0.054328810541253339 -0.0014897352083361277 -0.080739812292158611 0.045059616840444509 0.01205975598793483 -0.060986358132213363 0.034282212352587119 0.011319275754665613 -0.00027227102857483817 -0.030644163324808085 -0.019224267871225182 0.010574386623219635 -0.00046200685319111183 -0.0099020658132076209 -0.017777372394891407 0.050981192434987714 -0.14379718190147764 -0.098268180936574939 -0.0018397296429357006 0.070736868679523474 0.0023204284183906787 -0.0071129544440544012 0.021138217813956243
leaf_weight=42 75 919 30 24 332 25 33 57 1611 20 160 1831 30 36 1699 11927 240 790 2374 1917 3337 624 31 21 20 1371 24 33 132 270
leaf_count=42 75 919 30 24 332 25 33 57 1611 20 160 1831 30 36 1699 11927 240 790 2374 1917 3337 624 31 21 20 1371 24 33 132 270
internal_value=8.72493e-05 0.00267829 -0.00966655 -0.0641375 -0.00882421 0.0392947 0.0905625 -0.00951612 0.0101561 0.00697852 0.0137624 0.0110571 -0.00833017 0.000844734 0.00926494 -1.95013e-05 -0.0221755 0.000340039 0.0015283 -0.00593751 -0.00789191 -0.00743006 -0.0197822 -0.0229249 -0.0663315 -0.00562984 -0.00932624 -0.0356375 0.0211069 0.00194092
internal_weight=30035 23731 6304 96 6208 88 63 6120 4673 3622 2011 1851 72 19058 1774 17284 276 17008 14301 2707 5788 5731 729 698 74 5002 3361 53 1051 1641
internal_count=30035 23731 6304 96 6208 88 63 6120 4673 3622 2011 1851 72 19058 1774 17284 276 17008 14301 2707 5788 5731 729 698 74 5002 3361 53 1051 1641
is_linear=0
shrinkage=0.05


Tree=77
num_leaves=31
num_cat=0
split_feature=282 234 25 7 2 7 214 285 298 68 202 288 4 168 32 34 4 156 22 30 226 13 182 30 209 88 145 119 50 143
split_gain=275.621 163.849 119.372 464.893 88.3283 84.106 80.5263 77.4755 70.6934 70.5384 148.459 82.6178 68.9294 68.5934 68.0925 64.8038 60.7615 60.6958 60.4404 60.0569 59.9276 57.5939 56.632 58.1516 55.3932 76.7788 78.0188 53.1083 76.0087 50.9724
threshold=-10.105693340301512 -1.1362840533256529 -7.9682354927062979 2.7774353027343754 3.6732156276702885 4.9909093379974374 -21.993690490722653 13.586545944213869 4.6694602966308603 -9.5697059631347638 -19.642392158508297 -20.308905601501461 -2.0941765308380123 -5.1778919696807852 -2.2881324291229244 5.4542253017425546 4.1799807548522958 -7.9023919105529776 0.96300655603408825 5.9621567726135263 1.0163361430168154 -1.0738235116004942 -0.77079710364341725 -1.4519301652908323 0.63612952828407299 1.0361437797546389 1.5713725686073305 -2.9338489770889278 0.99981170892715465 -1.8858007192611692
decision_type=2 2 2 2 2 2 2 2 2 2 2 2 2 2 2 2 2 2 2 2 2 2 2 2 2 2 2 2 2 2
left_child=2 8 3 -1 9 22 -6 14 12 10 -4 16 20 -8 -7 -13 17 -11 -19 21 -2 24 23 -3 25 -14 -27 28 -25 -23
right_child=1 5 4 -5 6 7 13 -9 -10 11 -12 15 19 -15 -16 -17 -18 18 -20 -21 -22 29 -24 27 -26 26 -28 -29 -30 -31
leaf_value=-0.0036583714301769554 0.010225625520015692 0.014692955633407046 0.14818712234497072 -0.26115943466623626 0.11314114657315343 0.088751434122748454 -0.018241792698701225 0.13204754916104405 -0.074595721562703457 -0.02656531370323123 -0.018654218912124636 -0.012586734560666599 -0.0067031403957614148 0.068262041382717367 0.0023862608708441258 -0.092112545257147696 -0.12344900994073778 -0.1542189339833567 -0.03412200121833435 -0.038829827945340761 0.073167365826666358 0.0033615893822745539 0.0090454964139060519 -0.0085085197760958534 0.02308148107662493 -0.028141258509575037 -0.12947730096903715 0.00062115220082888545 -0.072607334223339121 -0.0030385182393626378
leaf_weight=65 693 691 20 24 22 33 75 22 33 262 40 1738 3633 33 74 26 21 20 22 110 40 5746 6055 214 147 139 22 3172 59 6784
leaf_count=65 693 691 20 24 22 33 75 22 33 262 40 1738 3633 33 74 26 21 20 22 110 40 5746 6055 214 147 139 22 3172 59 6784
internal_value=8.28868e-05 0.00148416 -0.0162891 -0.0730969 -0.0140707 0.00647281 0.0259509 0.0465925 -0.00148367 -0.0164917 0.0369596 -0.0180269 -0.00134432 0.00818993 0.0290222 -0.0137589 -0.0411926 -0.0355104 -0.091311 -0.00200763 0.0136604 -0.00176172 0.00596496 0.00145514 -0.00703366 -0.00820049 -0.0419884 -0.0012001 -0.0223614 -0.000103561
internal_weight=30035 27667 2368 89 2279 10320 130 129 17347 2149 60 2089 17314 108 107 1764 325 304 42 16581 733 16471 10191 4136 3941 3794 161 3445 273 12530
internal_count=30035 27667 2368 89 2279 10320 130 129 17347 2149 60 2089 17314 108 107 1764 325 304 42 16581 733 16471 10191 4136 3941 3794 161 3445 273 12530
is_linear=0
shrinkage=0.05


Tree=78
num_leaves=31
num_cat=0
split_feature=256 234 29 189 87 62 221 9 19 134 132 124 18 57 215 93 219 44 282 52 165 283 223 101 10 164 215 4 101 80
split_gain=256.562 114.584 104.147 437.601 82.4188 75.0786 100.604 65.7931 60.8435 63.6882 63.2767 68.0948 98.2043 60.8276 55.421 67.2934 54.1649 55.2517 56.4661 53.6143 60.1646 53.0643 67.6195 64.7652 49.8508 49.3306 58.4402 48.4155 47.967 48.3703
threshold=-4.4744644165039054 1.056470572948456 -9.3435297012329084 -18.828739166259762 0.93807798624038707 -4.5285096168518058 -23.224308967590328 6.0443792343139657 1.1189005970954897 5.4658670425415048 -1.9088190197944639 -1.9806862473487852 -1.3381372094154356 -1.0000000180025095e-35 -2.5774803161621089 -0.74358192086219776 -1.9305881857872007 -4.1680147647857657 -22.150326728820797 -5.752476453781127 -9.1981725692749006 1.1256414055824282 -2.4967942237853999 -0.74350443482398976 0.87131524085998546 -4.2447059154510489 -2.5774803161621089 0.69686272740364086 2.7727657556533818 -8.8861002922058088
decision_type=2 2 2 2 2 2 2 2 2 2 2 2 2 2 2 2 2 2 2 2 2 2 2 2 2 2 2 2 2 2
left_child=2 8 3 -1 5 6 -4 14 9 21 11 -10 13 -13 15 -3 17 18 -8 -5 -21 -2 23 -23 -12 -6 -27 -28 29 -7
right_child=1 7 4 19 25 28 16 -9 10 -11 24 12 -14 -15 -16 -17 -18 -19 -20 20 -22 22 -24 -25 -26 26 27 -29 -30 -31
leaf_value=-0.26778944015502931 0.0015298061124112213 0.081194597098708021 0.062600196035284758 0.039141616690903908 -0.053080397904888402 0.061847268683569767 -0.042645156626798672 0.049318077829149036 -0.0029987699041763944 0.085584652715403109 -0.0060458137316404016 -0.048009923558682208 -0.023639218402405581 -0.16200549025511879 0.008502669664820342 0.0074407782753069807 0.054140122529740133 -0.031761465563486399 3.9624757057911646e-05 -0.10677632167935372 0.013046317124231297 0.010449418385286589 0.0095278455361063261 0.10223093999549747 0.0096583118024540868 0.0026415906349215117 -0.018415562060163027 -0.062644303019882913 0.049304963890896288 -0.0040347357477094484
leaf_weight=20 14665 59 38 36 123 28 98 108 354 23 1695 25 300 22 3402 65 24 607 370 20 22 37 1015 40 720 206 198 90 43 5582
leaf_count=20 14665 59 38 36 123 28 98 108 354 23 1695 25 300 22 3402 65 24 607 370 20 22 37 1015 40 720 206 198 90 43 5582
internal_value=7.87425e-05 0.00274589 -0.00792803 -0.0591347 -0.00725053 -0.00566063 -0.017384 0.0108769 0.00118217 0.00244295 -0.00520262 -0.0184275 -0.0341675 -0.10137 0.00969944 0.0425333 -0.0201496 -0.0218082 -0.00889864 -0.00563345 -0.0440121 0.00232159 0.0129548 0.0581281 -0.00136384 -0.0247471 -0.0176925 -0.032237 -0.00330268 -0.00370591
internal_weight=30035 22530 7505 98 7407 6790 1137 3634 18896 15780 3116 701 347 47 3526 124 1099 1075 468 78 42 15757 1092 77 2415 617 494 288 5653 5610
internal_count=30035 22530 7505 98 7407 6790 1137 3634 18896 15780 3116 701 347 47 3526 124 1099 1075 468 78 42 15757 1092 77 2415 617 494 288 5653 5610
is_linear=0
shrinkage=0.05


Tree=79
num_leaves=31
num_cat=0
split_feature=232 62 5 221 11 12 109 37 236 80 4 113 44 282 275 11 27 151 299 298 298 125 159 246 18 6 295 282 4 2
split_gain=237.389 130.911 333.215 184.138 188.964 78.9651 65.173 56.3383 54.0305 53.4358 52.132 55.311 50.6273 51.4005 50.5729 50.5427 47.0719 46.0747 44.8365 122.227 65.6779 94.7298 52.8271 45.6354 45.4739 48.154 48.7444 43.2892 55.0072 50.7189
threshold=-2.1924326419830318 -4.5285096168518058 4.2668092250823983 -23.224308967590328 -0.63074466586112965 2.6046710014343266 -11.170828342437742 7.3762636184692392 0.040167210623621948 -8.8861002922058088 -3.5898727178573604 2.9022027254104619 -4.1680147647857657 -22.150326728820797 3.2512254714965825 0.29449470341205602 -0.12117646634578703 -5.8804900646209708 0.91492262482643139 0.86754900217056286 0.22401709109544757 -2.6628103256225581 4.8338308334350595 3.2202359437942509 -0.90747052431106556 2.9051898717880253 2.1859313249588017 -10.105693340301512 -2.2479038238525386 4.4680409431457528
decision_type=2 2 2 2 2 2 2 2 2 2 2 2 2 2 2 2 2 2 2 2 2 2 2 2 2 2 2 2 2 2
left_child=1 2 3 4 -1 10 -3 9 -7 -8 11 -2 13 -5 27 16 -15 -12 19 24 21 -20 23 -21 25 26 -19 29 -29 -11
right_child=5 6 -4 12 -6 8 7 -9 -10 14 17 -13 -14 15 -16 -17 -18 18 20 22 -22 -23 -24 -25 -26 -27 -28 28 -30 -31
leaf_value=0.16730558892229089 0.02056734870220053 -0.09328766822814942 -0.22226355552673338 -0.039684619353367735 -0.021549381867337687 0.0042035918071198818 0.071753711253404615 -0.065420388016435835 0.028246941123705183 -0.013068775620093984 0.041180768797669236 0.10875285580044701 -0.029019838302987024 0.0049947425121080295 -0.067765752043730268 -0.028379162943517597 0.079586754675003021 0.0077049967896187736 -0.063264473564922805 -0.020498144208419347 0.0065573985226362458 0.052719472875805945 0.048292220080340349 -0.093885120478543374 0.00069850210363605811 -0.04535644167945499 0.05563159177976626 0.015231957659125328 -0.0024562812551680887 0.032482548058032988
leaf_weight=27 116 20 20 104 26 402 24 36 558 1353 79 21 722 263 30 114 23 3026 20 571 2818 147 27 22 7948 42 54 458 10900 64
leaf_count=27 116 20 20 104 26 402 24 36 558 1353 79 21 722 263 30 114 23 3026 20 571 2818 147 27 22 7948 42 54 458 10900 64
internal_value=7.48054e-05 -0.0046243 -0.0197528 -0.0165861 0.0746598 0.00427972 -0.00309912 -0.00295891 0.0181788 -0.00278364 0.00338367 0.0340848 -0.0205307 -0.00836967 -0.00292334 -0.00022778 0.0109934 0.00309859 0.00289358 0.00149702 0.00836289 0.0388292 -0.0201065 -0.0232208 0.00270697 0.00782013 0.00854527 -0.00277107 -0.00174302 -0.0110114
internal_weight=30035 14184 1299 1279 53 15851 12885 12865 960 12829 14891 137 1226 504 12805 400 286 14754 14675 11690 2985 167 620 593 11070 3122 3080 12775 11358 1417
internal_count=30035 14184 1299 1279 53 15851 12885 12865 960 12829 14891 137 1226 504 12805 400 286 14754 14675 11690 2985 167 620 593 11070 3122 3080 12775 11358 1417
is_linear=0
shrinkage=0.05


end of trees

feature_importances:
Column_299=351
Column_293=78
Column_296=60
Column_292=49
Column_291=45
Column_288=40
Column_295=38
Column_183=37
Column_298=37
Column_182=35
Column_251=33
Column_3=31
Column_297=31
Column_284=30
Column_247=28
Column_289=26
Column_35=24
Column_241=24
Column_283=24
Column_4=22
Column_246=22
Column_239=21
Column_257=21
Column_294=20
Column_189=19
Column_249=19
Column_0=18
Column_119=18
Column_5=17
Column_7=17
Column_232=17
Column_212=16
Column_240=16
Column_285=15
Column_160=14
Column_187=13
Column_286=13
Column_287=13
Column_18=12
Column_30=12
Column_133=12
Column_186=12
Column_190=12
Column_234=12
Column_237=12
Column_9=11
Column_15=11
Column_178=11
Column_236=11
Column_242=11
Column_255=11
Column_25=10
Column_37=10
Column_11=9
Column_13=9
Column_19=9
Column_34=9
Column_164=9
Column_181=9
Column_279=9
Column_21=8
Column_27=8
Column_29=8
Column_48=8
Column_65=8
Column_68=8
Column_77=8
Column_179=8
Column_191=8
Column_200=8
Column_219=8
Column_245=8
Column_252=8
Column_256=8
Column_281=8
Column_6=7
Column_10=7
Column_23=7
Column_28=7
Column_56=7
Column_57=7
Column_64=7
Column_80=7
Column_88=7
Column_89=7
Column_109=7
Column_114=7
Column_125=7
Column_155=7
Column_175=7
Column_185=7
Column_220=7
Column_248=7
Column_250=7
Column_254=7
Column_282=7
Column_290=7
Column_22=6
Column_26=6
Column_36=6
Column_38=6
Column_39=6
Column_47=6
Column_60=6
Column_62=6
Column_79=6
Column_81=6
Column_120=6
Column_121=6
Column_124=6
Column_156=6
Column_165=6
Column_184=6
Column_193=6
Column_258=6
Column_2=5
Column_14=5
Column_31=5
Column_33=5
Column_44=5
Column_52=5
Column_116=5
Column_118=5
Column_152=5
Column_154=5
Column_180=5
Column_205=5
Column_213=5
Column_217=5
Column_233=5
Column_235=5
Column_8=4
Column_12=4
Column_16=4
Column_24=4
Column_42=4
Column_45=4
Column_63=4
Column_82=4
Column_86=4
Column_87=4
Column_95=4
Column_113=4
Column_115=4
Column_132=4
Column_140=4
Column_143=4
Column_170=4
Column_173=4
Column_174=4
Column_203=4
Column_211=4
Column_218=4
Column_221=4
Column_224=4
Column_230=4
Column_259=4
Column_272=4
Column_273=4
Column_280=4
Column_1=3
Column_17=3
Column_20=3
Column_41=3
Column_43=3
Column_49=3
Column_51=3
Column_53=3
Column_55=3
Column_70=3
Column_73=3
Column_92=3
Column_93=3
Column_101=3
Column_107=3
Column_111=3
Column_112=3
Column_122=3
Column_131=3
Column_134=3
Column_136=3
Column_137=3
Column_145=3
Column_149=3
Column_162=3
Column_166=3
Column_171=3
Column_177=3
Column_195=3
Column_197=3
Column_215=3
Column_226=3
Column_229=3
Column_231=3
Column_238=3
Column_243=3
Column_244=3
Column_253=3
Column_261=3
Column_263=3
Column_274=3
Column_275=3
Column_32=2
Column_46=2
Column_58=2
Column_61=2
Column_67=2
Column_74=2
Column_76=2
Column_90=2
Column_98=2
Column_100=2
Column_103=2
Column_104=2
Column_110=2
Column_142=2
Column_150=2
Column_151=2
Column_157=2
Column_159=2
Column_167=2
Column_168=2
Column_172=2
Column_192=2
Column_209=2
Column_210=2
Column_214=2
Column_222=2
Column_223=2
Column_227=2
Column_260=2
Column_264=2
Column_266=2
Column_267=2
Column_269=2
Column_277=2
Column_278=2
Column_50=1
Column_66=1
Column_71=1
Column_75=1
Column_78=1
Column_84=1
Column_85=1
Column_91=1
Column_94=1
Column_96=1
Column_97=1
Column_99=1
Column_108=1
Column_117=1
Column_123=1
Column_126=1
Column_128=1
Column_129=1
Column_135=1
Column_138=1
Column_139=1
Column_141=1
Column_144=1
Column_147=1
Column_148=1
Column_163=1
Column_176=1
Column_194=1
Column_198=1
Column_199=1
Column_201=1
Column_202=1
Column_204=1
Column_207=1
Column_208=1
Column_216=1
Column_225=1
Column_265=1
Column_270=1
Column_271=1
Column_276=1

parameters:
[boosting: gbdt]
[objective: regression]
[metric: l2]
[tree_learner: serial]
[device_type: gpu]
[data_sample_strategy: bagging]
[data: ]
[valid: ]
[num_iterations: 150]
[learning_rate: 0.05]
[num_leaves: 31]
[num_threads: 0]
[seed: 42]
[deterministic: 0]
[force_col_wise: 1]
[force_row_wise: 0]
[histogram_pool_size: -1]
[max_depth: -1]
[min_data_in_leaf: 20]
[min_sum_hessian_in_leaf: 0.001]
[bagging_fraction: 0.8]
[pos_bagging_fraction: 1]
[neg_bagging_fraction: 1]
[bagging_freq: 5]
[bagging_seed: 400]
[bagging_by_query: 0]
[feature_fraction: 0.8]
[feature_fraction_bynode: 1]
[feature_fraction_seed: 30056]
[extra_trees: 0]
[extra_seed: 12879]
[early_stopping_round: 0]
[early_stopping_min_delta: 0]
[first_metric_only: 0]
[max_delta_step: 0]
[lambda_l1: 0]
[lambda_l2: 0]
[linear_lambda: 0]
[min_gain_to_split: 0]
[drop_rate: 0.1]
[max_drop: 50]
[skip_drop: 0.5]
[xgboost_dart_mode: 0]
[uniform_drop: 0]
[drop_seed: 17869]
[top_rate: 0.2]
[other_rate: 0.1]
[min_data_per_group: 100]
[max_cat_threshold: 32]
[cat_l2: 10]
[cat_smooth: 10]
[max_cat_to_onehot: 4]
[top_k: 20]
[monotone_constraints: ]
[monotone_constraints_method: basic]
[monotone_penalty: 0]
[feature_contri: ]
[forcedsplits_filename: ]
[refit_decay_rate: 0.9]
[cegb_tradeoff: 1]
[cegb_penalty_split: 0]
[cegb_penalty_feature_lazy: ]
[cegb_penalty_feature_coupled: ]
[path_smooth: 0]
[interaction_constraints: ]
[verbosity: -1]
[saved_feature_importance_type: 0]
[use_quantized_grad: 0]
[num_grad_quant_bins: 4]
[quant_train_renew_leaf: 0]
[stochastic_rounding: 1]
[linear_tree: 0]
[max_bin: 255]
[max_bin_by_feature: ]
[min_data_in_bin: 3]
[bin_construct_sample_cnt: 200000]
[data_random_seed: 175]
[is_enable_sparse: 1]
[enable_bundle: 1]
[use_missing: 1]
[zero_as_missing: 0]
[feature_pre_filter: 1]
[pre_partition: 0]
[two_round: 0]
[header: 0]
[label_column: ]
[weight_column: ]
[group_column: ]
[ignore_column: ]
[categorical_feature: ]
[forcedbins_filename: ]
[precise_float_parser: 0]
[parser_config_file: ]
[objective_seed: 16083]
[num_class: 1]
[is_unbalance: 0]
[scale_pos_weight: 1]
[sigmoid: 1]
[boost_from_average: 1]
[reg_sqrt: 0]
[alpha: 0.9]
[fair_c: 1]
[poisson_max_delta_step: 0.7]
[tweedie_variance_power: 1.5]
[lambdarank_truncation_level: 30]
[lambdarank_norm: 1]
[label_gain: ]
[lambdarank_position_bias_regularization: 0]
[eval_at: ]
[multi_error_top_k: 1]
[auc_mu_weights: ]
[num_machines: 1]
[local_listen_port: 12400]
[time_out: 120]
[machine_list_filename: ]
[machines: ]
[gpu_platform_id: -1]
[gpu_device_id: -1]
[gpu_use_dp: 0]
[num_gpu: 1]

end of parameters

pandas_categorical:null
