tree
version=v4
num_class=1
num_tree_per_iteration=1
label_index=0
max_feature_idx=299
objective=regression
feature_names=Column_0 Column_1 Column_2 Column_3 Column_4 Column_5 Column_6 Column_7 Column_8 Column_9 Column_10 Column_11 Column_12 Column_13 Column_14 Column_15 Column_16 Column_17 Column_18 Column_19 Column_20 Column_21 Column_22 Column_23 Column_24 Column_25 Column_26 Column_27 Column_28 Column_29 Column_30 Column_31 Column_32 Column_33 Column_34 Column_35 Column_36 Column_37 Column_38 Column_39 Column_40 Column_41 Column_42 Column_43 Column_44 Column_45 Column_46 Column_47 Column_48 Column_49 Column_50 Column_51 Column_52 Column_53 Column_54 Column_55 Column_56 Column_57 Column_58 Column_59 Column_60 Column_61 Column_62 Column_63 Column_64 Column_65 Column_66 Column_67 Column_68 Column_69 Column_70 Column_71 Column_72 Column_73 Column_74 Column_75 Column_76 Column_77 Column_78 Column_79 Column_80 Column_81 Column_82 Column_83 Column_84 Column_85 Column_86 Column_87 Column_88 Column_89 Column_90 Column_91 Column_92 Column_93 Column_94 Column_95 Column_96 Column_97 Column_98 Column_99 Column_100 Column_101 Column_102 Column_103 Column_104 Column_105 Column_106 Column_107 Column_108 Column_109 Column_110 Column_111 Column_112 Column_113 Column_114 Column_115 Column_116 Column_117 Column_118 Column_119 Column_120 Column_121 Column_122 Column_123 Column_124 Column_125 Column_126 Column_127 Column_128 Column_129 Column_130 Column_131 Column_132 Column_133 Column_134 Column_135 Column_136 Column_137 Column_138 Column_139 Column_140 Column_141 Column_142 Column_143 Column_144 Column_145 Column_146 Column_147 Column_148 Column_149 Column_150 Column_151 Column_152 Column_153 Column_154 Column_155 Column_156 Column_157 Column_158 Column_159 Column_160 Column_161 Column_162 Column_163 Column_164 Column_165 Column_166 Column_167 Column_168 Column_169 Column_170 Column_171 Column_172 Column_173 Column_174 Column_175 Column_176 Column_177 Column_178 Column_179 Column_180 Column_181 Column_182 Column_183 Column_184 Column_185 Column_186 Column_187 Column_188 Column_189 Column_190 Column_191 Column_192 Column_193 Column_194 Column_195 Column_196 Column_197 Column_198 Column_199 Column_200 Column_201 Column_202 Column_203 Column_204 Column_205 Column_206 Column_207 Column_208 Column_209 Column_210 Column_211 Column_212 Column_213 Column_214 Column_215 Column_216 Column_217 Column_218 Column_219 Column_220 Column_221 Column_222 Column_223 Column_224 Column_225 Column_226 Column_227 Column_228 Column_229 Column_230 Column_231 Column_232 Column_233 Column_234 Column_235 Column_236 Column_237 Column_238 Column_239 Column_240 Column_241 Column_242 Column_243 Column_244 Column_245 Column_246 Column_247 Column_248 Column_249 Column_250 Column_251 Column_252 Column_253 Column_254 Column_255 Column_256 Column_257 Column_258 Column_259 Column_260 Column_261 Column_262 Column_263 Column_264 Column_265 Column_266 Column_267 Column_268 Column_269 Column_270 Column_271 Column_272 Column_273 Column_274 Column_275 Column_276 Column_277 Column_278 Column_279 Column_280 Column_281 Column_282 Column_283 Column_284 Column_285 Column_286 Column_287 Column_288 Column_289 Column_290 Column_291 Column_292 Column_293 Column_294 Column_295 Column_296 Column_297 Column_298 Column_299
feature_infos=[-21.799999237060547:15.300000190734863] [-11.199999809265137:14.300000190734863] [-12.899999618530273:14.800000190734863] [-11.600000381469727:13.600000381469727] [-12.5:15.899999618530273] [-15.5:16.100000381469727] [-12.699999809265137:15.800000190734863] [-12.300000190734863:17.5] [-15.699999809265137:18] [-18.299999237060547:18.799999237060547] [-15.899999618530273:26.399999618530273] [-13.899999618530273:18.299999237060547] [-15.899999618530273:18.799999237060547] [-16.299999237060547:16.899999618530273] [-14.800000190734863:16.799999237060547] [-13.5:16.600000381469727] [-14.300000190734863:16.799999237060547] [-14.899999618530273:15.300000190734863] [-17.5:16.899999618530273] [-16:15.5] [-16.299999237060547:14.600000381469727] [-20.100000381469727:16.799999237060547] [-18.100000381469727:13.699999809265137] [-16.600000381469727:14.300000190734863] [-17.100000381469727:15.600000381469727] [-22.399999618530273:15.899999618530273] [-26.399999618530273:17.799999237060547] [-24.799999237060547:17.799999237060547] [-26.899999618530273:17.799999237060547] [-27.899999618530273:22.200000762939453] [-32.299999237060547:20.600000381469727] [-35.400001525878906:24.100000381469727] [-35.099998474121094:23.200000762939453] [-36.900001525878906:24] [-37.099998474121094:22.799999237060547] [-38.700000762939453:22.700000762939453] [-38.799999237060547:20.600000381469727] [-41.400001525878906:22.600000381469727] [-46.099998474121094:20.700000762939453] [-45.099998474121094:20.899999618530273] [-42.299999237060547:21.299999237060547] [-41.799999237060547:19] [-44.099998474121094:19.600000381469727] [-44.400001525878906:21.200000762939453] [-44.799999237060547:21] [-44.099998474121094:23.399999618530273] [-42.5:24.600000381469727] [-42.799999237060547:23.399999618530273] [-40.299999237060547:23.600000381469727] [-38:27.899999618530273] [-36.200000762939453:28.299999237060547] [-33.5:25.899999618530273] [-31.5:27.299999237060547] [-28.799999237060547:31.100000381469727] [-28.5:33.599998474121094] [-29.299999237060547:36.700000762939453] [-28.5:38.5] [-29.200000762939453:41.5] [-27.399999618530273:46.099998474121094] [-28.5:47.5] [-28.399999618530273:50.900001525878906] [-26.700000762939453:54.700000762939453] [-27.5:55.400001525878906] [-30.299999237060547:57.599998474121094] [-28.299999237060547:58.099998474121094] [-34.5:57.799999237060547] [-28.200000762939453:60.799999237060547] [-28.600000381469727:61.900001525878906] [-29.799999237060547:62.599998474121094] [-29.700000762939453:61.5] [-30.100000381469727:64.400001525878906] [-28.600000381469727:64.199996948242188] [-30.200000762939453:58] [-31.100000381469727:60.200000762939453] [-31.700000762939453:61.900001525878906] [-30.600000381469727:62.599998474121094] [-32.599998474121094:62.599998474121094] [-33.200000762939453:59.5] [-32.299999237060547:59.5] [-33.200000762939453:57.099998474121094] [-35.599998474121094:56.700000762939453] [-32.900001525878906:53.599998474121094] [-34.900001525878906:53.5] [-34.900001525878906:52.400001525878906] [-36.900001525878906:50.099998474121094] [-38.200000762939453:48.200000762939453] [-39.200000762939453:46.5] [-39.799999237060547:40] [-41.400001525878906:44.099998474121094] [-44.400001525878906:41.700000762939453] [-42.400001525878906:41.900001525878906] [-43.5:40.799999237060547] [-45.200000762939453:39.200000762939453] [-47.900001525878906:36] [-49.5:36] [-51.799999237060547:34.5] [-52.900001525878906:34.700000762939453] [-52.700000762939453:32.099998474121094] [-52.599998474121094:33.700000762939453] [-54.200000762939453:32.099998474121094] [-51.900001525878906:39.599998474121094] [-52.099998474121094:40.900001525878906] [-52:40.700000762939453] [-54.299999237060547:41.200000762939453] [-52:42.900001525878906] [-52.900001525878906:44.099998474121094] [-53.200000762939453:42] [-53:45.5] [-51.599998474121094:51.799999237060547] [-53:52.299999237060547] [-53.799999237060547:51.900001525878906] [-53.5:53.900001525878906] [-53.5:53.599998474121094] [-53.200000762939453:56.5] [-53.5:57.5] [-52.299999237060547:60.799999237060547] [-53.599998474121094:59.700000762939453] [-54.900001525878906:62.599998474121094] [-51.799999237060547:63.799999237060547] [-52.599998474121094:66] [-53.5:67.099998474121094] [-53.700000762939453:69.199996948242188] [-52.400001525878906:70.400001525878906] [-52.299999237060547:77.300003051757812] [-54.599998474121094:71.099998474121094] [-54.099998474121094:73.900001525878906] [-53.299999237060547:74.5] [-55.299999237060547:74.300003051757812] [-54.700000762939453:75] [-55.700000762939453:80.099998474121094] [-56.599998474121094:78.400001525878906] [-55.799999237060547:75.199996948242188] [-57.700000762939453:70.300003051757812] [-58.099998474121094:74.099998474121094] [-59.599998474121094:71.5] [-59.099998474121094:71.199996948242188] [-59.799999237060547:69.099998474121094] [-61:68.699996948242188] [-62.099998474121094:65.699996948242188] [-62.5:65.300003051757812] [-60.599998474121094:63.700000762939453] [-63.5:60.900001525878906] [-63.599998474121094:60.299999237060547] [-65.5:58.700000762939453] [-68.699996948242188:55.599998474121094] [-69.800003051757812:53.700000762939453] [-70:47.700000762939453] [-73.099998474121094:45.599998474121094] [-72.5:43.900001525878906] [-74.099998474121094:39.900001525878906] [-77.400001525878906:39.599998474121094] [-76.599998474121094:40.400001525878906] [-78.699996948242188:40.299999237060547] [-81:38.900001525878906] [-80.800003051757812:37] [-79.599998474121094:40] [-82:36.099998474121094] [-82.699996948242188:37.299999237060547] [-82.800003051757812:37.799999237060547] [-81:38.400001525878906] [-84:35.599998474121094] [-84.599998474121094:36.799999237060547] [-85.400001525878906:34.799999237060547] [-87:37.799999237060547] [-86.400001525878906:40.900001525878906] [-84.699996948242188:40.799999237060547] [-87.199996948242188:39.599998474121094] [-86.5:39.200000762939453] [-86.900001525878906:44.700000762939453] [-88.300003051757812:45.299999237060547] [-87:42.799999237060547] [-87.400001525878906:46.299999237060547] [-87.5:47] [-89.300003051757812:49.799999237060547] [-89.900001525878906:51.400001525878906] [-89.400001525878906:52] [-90:55.200000762939453] [-88.400001525878906:55.5] [-89.099998474121094:53.900001525878906] [-89.800003051757812:55.599998474121094] [-89.400001525878906:58.099998474121094] [-89.699996948242188:61.099998474121094] [-92.5:60.700000762939453] [-92.099998474121094:68] [-92.099998474121094:65.900001525878906] [-91.300003051757812:68] [-92.400001525878906:65.800003051757812] [-92.400001525878906:61.900001525878906] [-91.900001525878906:66.099998474121094] [-93.800003051757812:65.900001525878906] [-93.300003051757812:65.400001525878906] [-94.5:64.300003051757812] [-95.5:65] [-96.199996948242188:63.900001525878906] [-97.800003051757812:66.199996948242188] [-97.5:63.799999237060547] [-98.300003051757812:61.099998474121094] [-100.19999694824219:61.299999237060547] [-100.30000305175781:61.700000762939453] [-102:60.099998474121094] [-101.40000152587891:57.900001525878906] [-105.19999694824219:53.5] [-104.19999694824219:48.599998474121094] [-105.19999694824219:49.700000762939453] [-106.40000152587891:47.799999237060547] [-106.09999847412109:45.400001525878906] [-109.69999694824219:46.400001525878906] [-110.69999694824219:42.900001525878906] [-112.59999847412109:41.900001525878906] [-112.69999694824219:39.599998474121094] [-113.5:39.200000762939453] [-115.30000305175781:35] [-116.09999847412109:32.099998474121094] [-117.09999847412109:31.100000381469727] [-118.59999847412109:31.299999237060547] [-119.30000305175781:32.299999237060547] [-120.09999847412109:27.5] [-120.40000152587891:34] [-121.59999847412109:37.900001525878906] [-121.69999694824219:30.5] [-123.09999847412109:34.5] [-124.90000152587891:41.400001525878906] [-125.69999694824219:32.099998474121094] [-126.30000305175781:35.200000762939453] [-126.80000305175781:33.900001525878906] [-126.40000152587891:31.299999237060547] [-127.90000152587891:33.700000762939453] [-128.10000610351562:31.5] [-128:35.299999237060547] [-128:35.099998474121094] [-128.10000610351562:32.700000762939453] [-128.5:31.5] [-127.90000152587891:39.700000762939453] [-126.69999694824219:38.799999237060547] [-128.19999694824219:43.5] [-127.59999847412109:43.599998474121094] [-128.30000305175781:38.599998474121094] [-128.80000305175781:38.700000762939453] [-127.59999847412109:49.200000762939453] [-128.39999389648438:50.299999237060547] [-129.30000305175781:58.5] [-128.39999389648438:57] [-127.30000305175781:56] [-128.60000610351562:54.900001525878906] [-130:57.900001525878906] [-130.30000305175781:61.400001525878906] [-130.69999694824219:56.099998474121094] [-130.69999694824219:49.900001525878906] [-130.69999694824219:51.900001525878906] [-131.30000305175781:54.700000762939453] [-132:55.200000762939453] [-132.19999694824219:55.299999237060547] [-132.30000305175781:55.700000762939453] [-133.10000610351562:56.099998474121094] [-133.80000305175781:56.299999237060547] [-133.30000305175781:56.400001525878906] [-133.10000610351562:54.799999237060547] [-134:53.099998474121094] [-134.89999389648438:52.200000762939453] [-135.39999389648438:51.299999237060547] [-136:50] [-138.19999694824219:48.700000762939453] [-140.39999389648438:48.200000762939453] [-140.10000610351562:43.700000762939453] [-139.60000610351562:40.099998474121094] [-141.10000610351562:41.5] [-142.89999389648438:41.599998474121094] [-144:36.900001525878906] [-145:35.099998474121094] [-146.80000305175781:33.299999237060547] [-148.5:30.5] [-148.19999694824219:28] [-147.80000305175781:27.600000381469727] [-150.80000305175781:31] [-153.89999389648438:32.700000762939453] [-154.60000610351562:33.799999237060547] [-155.10000610351562:33.200000762939453] [-155.69999694824219:30.899999618530273] [-156:28.700000762939453] [-157.19999694824219:28.399999618530273] [-158.80000305175781:29.799999237060547] [-159.10000610351562:31.399999618530273] [-159:30.700000762939453] [-160.30000305175781:34] [-162.30000305175781:34.599998474121094] [-163.89999389648438:32.299999237060547] [-165.19999694824219:30.200000762939453] [-164:31.399999618530273] [-162.69999694824219:33.400001525878906] [-162.80000305175781:33.099998474121094] [-163.10000610351562:31.899999618530273] [-164:32.400001525878906] [-164.89999389648438:34.900001525878906] [-165.30000305175781:35.299999237060547] [-165.80000305175781:38] [-165.5:40.200000762939453] [-165.30000305175781:41.5] [-165.89999389648438:42.900001525878906] [-166.60000610351562:42.599998474121094] [-166.80000305175781:42.799999237060547]
tree_sizes=2833 2868 2865 2866 2885 2876 2893 2884 2896 2889 2902 2902 2896 2905 2896 2905 2895 2914 2903 2904 2906 2900 2898 2900 2901 2910 2897 2902 2916 2912 2919 2912 2917 2902 2924 2908 2915 2924 2920 2919 2918 2921 2910 2898 2927 2911 2915 2899 2910 2912 2929 2903 2921 2932 2915 2919 2930 2900 2924 2928 2909 2937 2936 2915 2918 2929 2930 2922 2921 2918 2941 2904 2904 2944 2934 2926 2868 2933 2895 2908 2941 2939 2941 2941 2951

Tree=0
num_leaves=31
num_cat=0
split_feature=299 299 299 299 299 169 299 299 299 299 299 299 299 299 299 299 291 283 299 293 296 299 293 243 160 299 297 291 297 291
split_gain=735357 225898 138400 81589 79837.6 45512.2 30163.9 25200.3 21672.1 10074 8216.62 6528.65 6255.91 4728.57 4434.06 4188.34 2904.58 2867.71 2692.17 1916.4 1683.93 1663.52 1638.45 1635.22 1590.84 1387.39 1344.16 1294.66 1222.79 1180.28
threshold=-11.65000009536743 0.55000001192092907 -30.05000019073486 -3.6499999761581416 13.050000190734865 -29.64999961853027 -19.05000019073486 -6.4500000476837149 3.9500000476837163 21.150000572204593 -2.1499999761581416 -14.15000009536743 -41.04999923706054 8.6500000953674334 -23.449999809265133 -8.7499999999999982 -4.6499998569488517 -0.94999998807907093 1.6500000357627871 -4.8500001430511466 1.0000000180025095e-35 28.550000190734867 -5.0499999523162833 4.7500000000000009 -7.3500001430511466 -34.249999999999993 -16.949999809265133 -1.8499999642372129 -14.249999999999998 -3.7499999999999996
decision_type=2 2 2 2 2 2 2 2 2 2 2 2 2 2 2 2 2 2 2 2 2 2 2 2 2 2 2 2 2 2
left_child=2 3 5 7 8 -1 14 15 18 -6 27 26 -7 23 -4 19 -9 24 -3 -2 -20 -11 -13 -10 -12 -14 -8 -5 -16 -17
right_child=1 4 6 10 9 12 11 16 13 21 17 22 25 -15 28 29 -18 -19 20 -21 -22 -23 -24 -25 -26 -27 -28 -29 -30 -31
leaf_value=-7.1967230862008158 -3.6841357357905204 -3.1676806561256461 -4.4536117596873055 -3.3435030106198766 -2.3999889905368961 -5.4859441723740385 -4.0858775247019974 -3.4502651970417726 -2.9845173720311031 -1.8997711418808878 -3.3856148405239055 -3.8133887040273922 -5.0314827433188718 -2.7215322228424692 -4.2278495417019339 -3.5586445575201431 -3.3906351622945246 -3.2264685744151347 -3.1782839930538107 -3.4926417540772965 -3.0686719466187444 -1.4783217093761862 -3.392096299740337 -2.8696838806125897 -3.2752674693645187 -4.757531769897362 -3.9588140523006223 -3.2933872200751662 -3.8686255939827987 -3.4511801343174024
leaf_weight=27 1061 1735 303 5221 137 58 344 3833 907 61 346 601 90 285 452 1411 4371 3850 420 149 2114 38 24 471 5831 95 527 1711 25 312
leaf_count=27 1061 1735 303 5221 137 58 344 3833 907 61 346 601 90 285 452 1411 4371 3850 420 149 2114 38 24 471 5831 95 527 1711 25 312
internal_value=-3.35909 -3.29817 -4.17892 -3.35832 -3.02417 -5.24924 -4.05195 -3.46347 -3.06005 -2.12229 -3.28928 -3.92052 -5.03285 -2.90692 -4.30404 -3.58926 -3.41849 -3.26034 -3.11969 -3.66056 -3.08684 -1.738 -3.79721 -2.94527 -3.28145 -4.89081 -4.009 -3.33113 -4.20902 -3.53918
internal_weight=36810 34264 2546 28096 6168 270 2276 11137 5932 236 16959 1496 243 1663 780 2933 8204 10027 4269 1210 2534 99 625 1378 6177 185 871 6932 477 1723
internal_count=36810 34264 2546 28096 6168 270 2276 11137 5932 236 16959 1496 243 1663 780 2933 8204 10027 4269 1210 2534 99 625 1378 6177 185 871 6932 477 1723
is_linear=0
shrinkage=1


Tree=1
num_leaves=31
num_cat=0
split_feature=299 299 299 299 299 169 297 299 299 299 299 299 299 299 299 299 291 160 295 299 291 234 246 299 293 299 299 289 249 239
split_gain=663660 203873 124906 73634.1 72053.4 41074.8 27232.5 22743.3 19559.1 9091.78 7613.02 6894.85 5645.96 4286.25 3779.98 3214.01 2621.39 2619.74 2444.47 2414.37 2334.35 1875.82 1818.31 1501.33 1387.26 1332.75 1252.12 1094.78 1082.23 981.418
threshold=-11.65000009536743 0.55000001192092907 -30.05000019073486 -3.6499999761581416 13.050000190734865 -29.64999961853027 -16.949999809265133 -6.4500000476837149 3.9500000476837163 21.150000572204593 -1.3499999642372129 -21.449999809265133 -41.04999923706054 9.2500000000000018 -8.7499999999999982 -13.949999809265135 -4.6499998569488517 -7.2499999999999991 -2.0499999523162837 1.6500000357627871 -1.8499999642372129 4.1499998569488534 -3.6499999761581416 28.550000190734867 -5.0499999523162833 -27.249999999999996 -34.249999999999993 -3.9500000476837154 4.9500000476837167 13.949999809265138
decision_type=2 2 2 2 2 2 2 2 2 2 2 2 2 2 2 2 2 2 2 2 2 2 2 2 2 2 2 2 2 2
left_child=2 3 5 7 8 -1 11 14 18 29 20 25 -7 21 22 -8 -9 -12 -3 -20 -5 -10 -2 -11 -17 -4 -14 -16 -19 -6
right_child=1 4 6 10 9 12 15 16 13 23 17 -13 26 -15 27 24 -18 28 19 -21 -22 -23 -24 -25 -26 -27 -28 -29 -30 -31
leaf_value=-3.6464601869936346 -0.31255585980969808 0.10920800950907711 -1.1677514347029321 0.022515404455696952 0.7869589264328416 -2.0212202400996766 -0.56929258003901984 -0.087324982065150547 0.34764948451707772 1.3856442811059171 -0.027666394371630217 -0.72990072365779035 -1.5894815402560765 0.63230426652090888 -0.19224580421475723 -0.42077542031219251 -0.030676417775133386 0.11501421181639471 0.19025122630146316 0.27097611322979825 0.070794715894823113 0.46297632154909157 -0.1395155253035299 1.7860213430304279 -0.032060060898462937 -0.94476813090216261 -1.3292283871299342 -0.094111230446435615 0.30018492206931113 1.0554755861797032
leaf_weight=27 1032 401 81 6820 74 58 629 3833 821 61 328 628 90 224 1364 526 4371 5775 1537 2331 3956 618 178 38 24 388 95 359 80 63
leaf_count=27 1032 401 81 6820 74 58 629 3833 821 61 328 628 90 224 1364 526 4371 5775 1537 2331 3956 618 178 38 24 388 95 359 80 63
internal_value=-0.000706823 0.0571654 -0.77955 2.00152e-05 0.31747 -1.79635 -0.658927 -0.0998657 0.283383 1.17425 0.0656151 -0.838227 -1.59079 0.428849 -0.219366 -0.492097 -0.0571433 0.109841 0.226717 0.238899 0.0402393 0.397178 -0.2871 1.53932 -0.403813 -0.983279 -1.45584 -0.171799 0.117544 0.910437
internal_weight=36810 34264 2546 28096 6168 270 2276 11137 5932 236 16959 1097 243 1663 2933 1179 8204 6183 4269 3868 10776 1439 1210 99 550 469 185 1723 5855 137
internal_count=36810 34264 2546 28096 6168 270 2276 11137 5932 236 16959 1097 243 1663 2933 1179 8204 6183 4269 3868 10776 1439 1210 99 550 469 185 1723 5855 137
is_linear=0
shrinkage=0.05


Tree=2
num_leaves=31
num_cat=0
split_feature=299 299 299 299 299 169 299 299 299 299 299 299 299 299 299 299 250 296 292 247 293 299 242 77 293 299 200 256 299 293
split_gain=598953 183996 112728 66454.8 65048.9 37070 24850.7 20525.8 16837.9 9456.17 6870.75 5343.25 5095.47 3641.94 3502.14 3466.48 2417.59 2212.69 2162.07 2105.03 1904.43 1520.95 1514.68 1388.87 1377.52 1354.95 1170.55 1139.46 1130.04 1048.68
threshold=-11.65000009536743 0.55000001192092907 -30.05000019073486 -3.6499999761581416 12.449999809265138 -29.64999961853027 -19.05000019073486 -6.4500000476837149 3.8500000238418584 21.150000572204593 -1.3499999642372129 -14.349999904632567 -41.04999923706054 -23.449999809265133 6.3500001430511483 -8.3499999046325666 -4.1499998569488517 0.15000000223517421 -1.7499999999999998 -2.1499999761581416 -4.8500001430511466 1.6500000357627871 5.3500001430511483 4.8500001430511483 -5.0499999523162833 28.550000190734867 13.84999990463257 -10.050000190734862 -34.249999999999993 -17.249999999999996
decision_type=2 2 2 2 2 2 2 2 2 2 2 2 2 2 2 2 2 2 2 2 2 2 2 2 2 2 2 2 2 2
left_child=2 3 5 7 8 -1 13 15 17 26 18 27 -7 -4 -10 20 -9 -3 -5 23 -2 -19 -16 -12 -13 -11 -6 -8 -14 -15
right_child=1 4 6 10 9 12 11 16 14 25 19 24 28 29 22 -17 -18 21 -20 -21 -22 -23 -24 -25 -26 -27 -28 -29 -30 -31
leaf_value=-3.4641373245804399 -0.28592463616157376 0.15265690664596418 -0.99034733032629441 0.023175024668591115 0.71802609833804043 -1.920159070245151 -0.61872599111837256 -0.084380482027064205 0.34015380936052336 1.3163622246413935 0.069593166471496826 -0.41618276737435811 -1.5100073581271702 -0.80195906708762998 0.4104247908843191 -0.15413300765461466 -0.029806136025674147 0.18776804993632085 0.071550768863797506 0.12394288249231977 -0.12192243927890817 0.26098712829244758 0.55716524743243478 -0.14714452078590146 -0.030459879835446676 1.6967201634457236 0.9909193361309212 -0.46074595621032438 -1.2627671733655428 -0.60352752685546873
leaf_weight=27 1258 1088 303 7423 88 58 684 3680 995 61 1845 651 90 397 342 1469 4524 1089 3353 4261 206 2034 362 77 24 38 71 137 95 80
leaf_count=27 1258 1088 303 7423 88 58 684 3680 995 61 1845 651 90 397 342 1469 4524 1089 3353 4261 206 2034 362 77 24 38 71 137 95 80
internal_value=-0.000671482 0.0543071 -0.740572 1.90093e-05 0.301596 -1.70654 -0.625981 -0.0948724 0.26767 1.07874 0.0623343 -0.506682 -1.51125 -0.854789 0.400537 -0.208398 -0.0542861 0.214063 0.0382274 0.104349 -0.262848 0.235455 0.485879 0.0609101 -0.402468 1.46236 0.839884 -0.592364 -1.38305 -0.768679
internal_weight=36810 34264 2546 28096 6168 270 2276 11137 5910 258 16959 1496 243 780 1699 2933 8204 4211 10776 6183 1464 3123 704 1922 675 99 159 821 185 477
internal_count=36810 34264 2546 28096 6168 270 2276 11137 5910 258 16959 1496 243 780 1699 2933 8204 4211 10776 6183 1464 3123 704 1922 675 99 159 821 185 477
is_linear=0
shrinkage=0.05


Tree=3
num_leaves=31
num_cat=0
split_feature=299 299 299 299 299 100 297 299 299 299 299 299 299 236 299 299 299 283 291 77 295 293 299 291 299 299 263 299 243 299
split_gain=540555 166056 101737 59975.4 58791 34249.8 22467.4 18524.6 16046.6 7374.83 6346.37 5871.96 5630.54 3258.29 2995.76 2605.85 2458.66 2283.61 2242.04 1976.82 1724.57 1610.52 1448.33 1235.11 1222.84 1178.94 1134 1074.74 1023.66 1016.06
threshold=-11.65000009536743 0.55000001192092907 -30.05000019073486 -3.6499999761581416 13.050000190734865 -22.199999809265133 -16.949999809265133 -6.4500000476837149 5.0499999523162851 21.150000572204593 -2.1499999761581416 -41.04999923706054 -23.449999809265133 -7.2499999999999991 1.6500000357627871 -13.949999809265135 9.2500000000000018 -0.94999998807907093 -4.6499998569488517 4.8500001430511483 -2.0499999523162837 -5.0499999523162833 -19.849999427795407 2.6499999761581425 28.550000190734867 -48.600000381469719 -3.7499999999999996 -8.3499999046325666 4.5499999523162851 -34.249999999999993
decision_type=2 2 2 2 2 2 2 2 2 2 2 2 2 2 2 2 2 2 2 2 2 2 2 2 2 2 2 2 2 2
left_child=2 3 5 7 8 -1 12 13 14 -6 -5 25 -4 -2 -3 -8 23 19 -9 -12 -16 27 -14 -10 -11 -7 -17 -15 -22 -13
right_child=1 4 6 10 9 11 15 18 16 24 17 29 22 21 20 26 -18 -19 -20 -21 28 -23 -24 -25 -26 -27 -28 -29 -30 -31
leaf_value=-3.5603396461123511 -0.27605517635158466 0.16334555018532174 -0.94133158298517705 0.02243106718773245 0.8228392663663322 -2.1445088704427082 -0.5126581610481008 -0.079484337607159061 0.28237166359311056 1.2505439883372824 0.070931701881266337 -1.4347438951556604 -0.76401575738857685 -0.24268791982163429 0.11000856295603952 -0.382936585144109 0.57365444047110425 0.11487351152197951 -0.027094821721567658 -0.090440017671077233 0.24489039652687739 -0.092686536405521117 -0.62802564274569805 0.42074291064584862 1.6118842677066203 -1.7032683628361402 -0.096322566955476197 -0.15461751073064769 0.33733783700010361 -1.1996283812271922
leaf_weight=21 918 1735 302 6932 137 24 629 3833 210 61 5981 89 349 591 218 513 224 3850 4371 196 2510 587 446 695 38 41 37 837 340 95
leaf_count=21 918 1735 302 6932 137 24 629 3833 210 61 5981 89 349 591 218 513 224 3850 4371 196 2510 587 446 695 38 41 37 837 340 95
internal_value=-0.000637908 0.0515918 -0.703543 1.80611e-05 0.286516 -1.62121 -0.594682 -0.0901288 0.255726 1.06044 0.0592176 -1.45767 -0.757542 -0.197978 0.215856 -0.443149 0.425344 0.0846494 -0.0515718 0.0658113 0.245551 -0.162407 -0.687724 0.388635 1.38924 -1.86619 -0.363655 -0.191067 0.255919 -1.31335
internal_weight=36810 34264 2546 28096 6168 270 2276 11137 5932 236 16959 249 1097 2933 4803 1179 1129 10027 8204 6177 3068 2015 795 905 99 65 550 1428 2850 184
internal_count=36810 34264 2546 28096 6168 270 2276 11137 5932 236 16959 249 1097 2933 4803 1179 1129 10027 8204 6177 3068 2015 795 905 99 65 550 1428 2850 184
is_linear=0
shrinkage=0.05


Tree=4
num_leaves=31
num_cat=0
split_feature=299 299 299 299 299 293 297 299 299 45 299 299 299 299 299 299 294 239 292 291 247 295 299 212 291 299 232 299 299 171
split_gain=488107 146990 97682.2 53213.7 50163.6 33605.8 20344.2 16357.1 13718.6 9489.56 5735.38 4200.48 4131.09 3502.67 3328.47 3291.58 2738.63 2397.13 2131.79 1878.77 1829.85 1745.48 1253.98 1166.76 1127.36 1103.62 1075.26 931.185 925.005 913.758
threshold=-10.949999809265135 0.55000001192092907 -27.249999999999996 14.949999809265138 -3.6499999761581416 -50.950000762939446 -16.949999809265133 5.6499998569488534 -6.2499999999999991 -12.949999809265135 -1.3499999642372129 21.150000572204593 -34.249999999999993 3.1499999761581425 -20.650000572204586 -13.65000009536743 -7.4500000476837149 6.4500000476837167 -3.0499999523162837 -1.8499999642372129 -2.1499999761581416 -2.0499999523162837 1.6500000357627871 -9.8499999046325666 -3.7499999999999996 28.550000190734867 -6.2499999999999991 -8.3499999046325666 -3.1499999761581416 11.750000000000002
decision_type=2 2 2 2 2 2 2 2 2 2 2 2 2 2 2 2 2 2 2 2 2 2 2 2 2 2 2 2 2 2
left_child=2 4 5 7 8 9 14 13 16 -1 19 -5 -7 21 -4 -8 27 -9 -10 28 23 -3 -23 -12 -18 -13 -17 -2 -6 -19
right_child=1 3 6 11 10 12 15 17 18 -11 20 25 -14 -15 -16 26 24 29 -20 -21 -22 22 -24 -25 -26 -27 -28 -29 -30 -31
leaf_value=-3.5060733613513761 -0.25829855048138167 0.082265098482778631 -0.79193452902775974 0.85050632642663049 -0.017043892701029614 -1.4497059836316466 -0.48244608335965417 0.37465162829264703 -0.061933463595681276 -1.9842638397216796 -0.19745673285590279 1.1880166976178279 -1.0812595714222302 0.28341834673484817 -0.61071968424275913 -0.3636167356393476 -0.15652661537273332 0.49480788429288103 -0.0024764057736337921 0.061643522281926669 0.11291172857935912 0.16370273059210999 0.22446656171811777 0.060175133682688189 -0.066520853242081013 1.5312900743986431 -0.22289004104004967 -0.1725693898649476 0.027916151800436224 0.685059500903618
leaf_weight=21 828 365 479 92 1454 134 669 596 5900 20 45 61 176 1226 538 552 1149 274 2025 3956 4261 1537 1897 1877 499 38 180 513 5366 82
leaf_count=21 828 365 479 92 1454 134 669 596 5900 20 45 61 176 1226 538 552 1149 274 2025 3956 4261 1537 1897 1877 499 38 180 513 5366 82
internal_value=-0.000606013 0.0513224 -0.638993 0.272191 0.00244658 -1.41845 -0.525847 0.245937 -0.0811677 -2.76373 0.0562567 1.09374 -1.24052 0.209935 -0.696071 -0.402279 -0.172446 0.435971 -0.046741 0.0342314 0.0946434 0.18622 0.19727 0.0541432 -0.129274 1.31978 -0.329012 -0.225503 0.0183308 0.53863
internal_weight=36810 34041 2769 6168 27873 351 2418 5977 10914 41 16959 191 310 5025 1017 1401 2989 952 7925 10776 6183 3799 3434 1922 1648 99 732 1341 6820 356
internal_count=36810 34041 2769 6168 27873 351 2418 5977 10914 41 16959 191 310 5025 1017 1401 2989 952 7925 10776 6183 3799 3434 1922 1648 99 732 1341 6820 356
is_linear=0
shrinkage=0.05


Tree=5
num_leaves=31
num_cat=0
split_feature=299 299 299 299 299 112 299 299 299 299 299 299 299 299 299 243 153 160 287 289 239 187 295 173 299 233 244 214 291 290
split_gain=449047 135592 85514.4 51154 41571.9 30151.2 23125 15866.1 9199.51 8840.44 7364.29 4325.8 4022.64 3605.99 3075.01 2946.04 2021.7 1867.08 1806.66 1463.33 1412.45 1310.08 1210.23 1198.28 1095.58 1077.01 974.967 974.132 957.439 926.264
threshold=-11.449999809265135 -0.35000000894069666 -31.99999904632568 11.09999990463257 -4.8500001430511466 -21.39999961853027 -19.05000019073486 3.3500000238418584 -3.0499999523162837 21.150000572204593 -8.0500001907348615 -41.04999923706054 -14.349999904632567 -24.849999427795407 1.6500000357627871 4.7500000000000009 -3.9500000476837154 -7.5499999523162833 -1.5500000119209287 -3.2499999999999996 -4.8500001430511466 0.15000000223517421 -2.0499999523162837 11.299999713897707 -48.600000381469719 -10.65000009536743 -6.7499999999999991 16.050000190734867 -15.550000190734862 -0.35000000894069666
decision_type=2 2 2 2 2 2 2 2 2 2 2 2 2 2 2 2 2 2 2 2 2 2 2 2 2 2 2 2 2 2
left_child=2 4 5 7 10 -1 13 14 16 23 19 24 28 -4 17 29 -6 -3 -10 -2 -12 -18 -16 -5 -7 -15 -14 -11 -8 -9
right_child=1 3 6 9 8 11 12 15 18 27 20 -13 26 25 22 -17 21 -19 -20 -21 -22 -23 -24 -25 -26 -27 -28 -29 -30 -31
leaf_value=-3.4433355712890625 -0.23298820487887487 -0.1339723702118947 -0.8998834529393156 0.58253074158403206 -0.060096711664819974 -1.9687226472077548 -0.55392156039379026 0.17314322718792718 0.036571088493668802 1.0912482452392578 -0.13508856859162591 -1.2256065802845528 -0.36986199022390648 -0.70877814870327716 0.079185577460697723 0.41033968333131776 -0.0095418422732694436 0.13627765621400897 0.075773223621002708 -0.080146962268785996 -0.07285332131476803 0.066673270408803276 0.21615204761836157 0.82118775597934057 -1.5604886009579613 -0.50590096155802411 -0.21659404762147921 1.4150607029596964 -0.44606542887675033 0.29629049835552412
leaf_weight=20 1421 65 284 133 1954 27 453 177 6835 45 1284 123 567 512 175 644 5369 3813 5156 176 3144 630 2057 87 42 75 127 48 377 1112
leaf_count=20 1421 65 284 133 1954 27 453 177 6835 45 1284 123 567 512 175 644 5369 3813 5156 176 3144 630 2057 87 42 75 127 48 377 1112
internal_value=-0.000676654 0.0473718 -0.633306 0.222562 -0.00899886 -1.59581 -0.548107 0.198158 0.0257719 0.849677 -0.124097 -1.40336 -0.430651 -0.753621 0.158658 0.323011 -0.0159254 0.131748 0.0534276 -0.216144 -0.0908999 -0.00153792 0.205413 0.676909 -1.72023 -0.682857 -0.341814 1.25838 -0.504931 0.27938
internal_weight=36932 34325 2607 8356 25969 212 2395 8043 19944 313 6025 192 1524 871 6110 1933 7953 3878 11991 1597 4428 5999 2232 220 69 587 694 93 830 1289
internal_count=36932 34325 2607 8356 25969 212 2395 8043 19944 313 6025 192 1524 871 6110 1933 7953 3878 11991 1597 4428 5999 2232 220 69 587 694 93 830 1289
is_linear=0
shrinkage=0.05


Tree=6
num_leaves=31
num_cat=0
split_feature=299 299 299 299 299 169 298 299 299 299 299 299 237 299 243 250 291 262 77 295 299 290 299 130 289 293 299 285 237 295
split_gain=405345 119948 81339.6 41633.7 40140.5 30312.2 21268.5 10630.6 9743.61 7978.49 4896.1 3850.18 3628.96 3097.12 2457.45 2079.98 2011.19 1869.55 1792.62 1572.63 1246.53 1128.22 1114.53 1096.79 1063.25 984.701 935.711 910.181 899.982 891.437
threshold=-10.749999999999998 0.55000001192092907 -30.05000019073486 11.09999990463257 -3.6499999761581416 -29.64999961853027 -17.55000019073486 -6.4500000476837149 3.6499999761581425 21.150000572204593 -2.0499999523162837 -21.749999999999996 -28.949999809265133 -13.949999809265135 4.7500000000000009 -7.7499999999999991 -2.4500000476837154 -2.6499999761581416 4.8500001430511483 -2.0499999523162837 1.6500000357627871 -2.7499999999999996 -0.45000000298023218 9.3499999046325701 -3.0499999523162837 -4.8500001430511466 -5.0499999523162833 -3.7499999999999996 -19.55000019073486 23.60000038146973
decision_type=2 2 2 2 2 2 2 2 2 2 2 2 2 2 2 2 2 2 2 2 2 2 2 2 2 2 2 2 2 2
left_child=2 4 5 8 7 -1 11 15 19 23 21 28 -7 -8 27 -2 26 18 -12 -3 -21 -6 -19 -5 -17 -15 -9 -10 -4 -11
right_child=1 3 6 9 10 12 13 16 14 29 17 -13 -14 25 -16 24 -18 22 -20 20 -22 -23 -24 -25 -26 -27 -28 -29 -30 -31
leaf_value=-2.9359791722790951 -0.23114821151062684 0.076757478069189672 -0.85082356893471656 0.54208084295603853 0.0019744027647422202 -1.4917157847706866 -0.44600338914999116 -0.082132873429237696 0.06822126431847518 1.0609758197136647 0.052830997069294144 -0.57834031367262928 -1.0799504044768098 -0.31294958947983109 0.39423118436202143 -0.14866459965705872 0.0043218211412711293 0.077251455414092229 -0.10901665905858954 0.14935570641045989 0.20761176180378982 0.04003039269109273 0.12373149688144013 0.76648629313767558 -0.04968173772645143 -0.037977034313713805 -0.042612482510603872 0.28043370188410816 -0.70913812710688662 1.3736477661132813
leaf_weight=29 728 379 197 121 3811 82 686 2341 53 53 2853 611 154 768 621 1617 1694 4346 182 1563 2226 3983 1834 99 326 34 4158 1083 260 40
leaf_count=29 728 379 197 121 3811 82 686 2341 53 53 2853 611 154 768 621 1617 1694 4346 182 1563 2226 3983 1834 99 326 34 4158 1083 260 40
internal_value=-0.000642822 0.0469932 -0.576648 0.245186 0.0026374 -1.41048 -0.490199 -0.0724409 0.215497 0.807193 0.0505914 -0.660444 -1.22302 -0.368007 0.314253 -0.159065 -0.0442005 0.0752625 0.0431255 0.173867 0.183581 0.0214223 0.091045 0.643063 -0.132057 -0.301292 -0.0568481 0.270533 -0.770215 1.19546
internal_weight=36932 34111 2821 6238 27873 265 2556 10864 5925 313 17009 1068 236 1488 1757 2671 8193 9215 3035 4168 3789 7794 6180 220 1943 802 6499 1136 457 93
internal_count=36932 34111 2821 6238 27873 265 2556 10864 5925 313 17009 1068 236 1488 1757 2671 8193 9215 3035 4168 3789 7794 6180 220 1943 802 6499 1136 457 93
is_linear=0
shrinkage=0.05


Tree=7
num_leaves=31
num_cat=0
split_feature=299 299 299 299 299 112 299 299 244 299 299 299 239 170 293 174 160 232 287 288 295 277 299 294 168 247 235 293 299 294
split_gain=365901 112327 67299.3 42300 35969.7 25371.4 16691 10775.9 10318.8 7252.24 7233.62 3458.86 3012.88 2793.23 2464.59 1784.47 1720.38 1663.41 1460.17 1412.98 1227.47 1208.84 1166.14 1164.82 1066.21 1052.13 897.547 886.949 828.569 790.364
threshold=-12.050000190734862 -0.45000000298023218 -31.99999904632568 9.2500000000000018 -4.8500001430511466 -21.39999961853027 -19.05000019073486 3.3500000238418584 21.550000190734867 -3.0499999523162837 -8.0500001907348615 -41.04999923706054 -19.849999427795407 2.3500000238418584 -12.349999904632567 -3.5499999523162837 -7.5499999523162833 5.2500000000000009 -1.5500000119209287 -4.1499998569488517 23.60000038146973 -6.2499999999999991 -15.849999904632567 0.35000000894069677 1.1500000357627871 8.5500001907348651 -1.7499999999999998 -17.249999999999996 -48.600000381469719 -1.8499999642372129
decision_type=2 2 2 2 2 2 2 2 2 2 2 2 2 2 2 2 2 2 2 2 2 2 2 2 2 2 2 2 2 2
left_child=2 4 5 7 10 -1 12 13 25 15 19 28 -4 16 22 -6 -3 -9 -11 -2 -10 -12 -8 -18 -17 -5 -16 -14 -7 -23
right_child=1 3 6 8 9 11 14 17 20 18 21 -13 27 -15 26 24 23 -19 -20 -21 -22 29 -24 -25 -26 -27 -28 -29 -30 -31
leaf_value=-3.1362310791015626 -0.22070876333137487 -0.12739703365985086 -0.83073516798413483 0.44599140325241549 -0.053774721201123865 -1.7643684669777198 -0.50090687790990396 0.24845919261692437 0.96742522357261351 0.032248320647381305 -0.12360050630373642 -1.1059767808371443 -0.64497645770599699 0.19871021408524792 -0.31223228044705853 -0.0068490395579829918 0.10333524976515998 0.35299264847577277 0.067894475116471495 -0.093337206349653368 1.3148741110777245 -0.073323324093293604 -0.39213292002113481 0.15352403364586445 0.068363267111968481 0.62403907541848402 0.02392004912806962 -0.46176223882039391 -1.4093489147367932 0.014221355871892428
leaf_weight=20 1490 68 242 169 2117 27 462 1256 73 6775 1248 123 554 1599 365 5319 2569 546 4988 255 39 2897 528 2102 517 163 21 75 42 283
leaf_count=20 1490 68 242 169 2117 27 462 1256 73 6775 1248 123 554 1599 365 5319 2569 546 4988 255 39 2897 528 2102 517 163 21 75 42 283
internal_value=-0.00061068 0.0414223 -0.589876 0.198164 -0.0105485 -1.44146 -0.50953 0.172242 0.673408 0.0224291 -0.115876 -1.26493 -0.680812 0.141567 -0.40111 -0.0144508 0.122286 0.280132 0.0473638 -0.202096 1.08841 -0.0818985 -0.442894 0.125921 -0.000186126 0.533406 -0.293944 -0.623131 -1.54827 -0.0655324
internal_weight=36932 34473 2459 8584 25889 212 2247 8140 444 19716 6173 192 871 6338 1376 7953 4739 1802 11763 1745 112 4428 990 4671 5836 332 386 629 69 3180
internal_count=36932 34473 2459 8584 25889 212 2247 8140 444 19716 6173 192 871 6338 1376 7953 4739 1802 11763 1745 112 4428 990 4671 5836 332 386 629 69 3180
is_linear=0
shrinkage=0.05


Tree=8
num_leaves=31
num_cat=0
split_feature=295 296 233 237 291 294 100 293 295 247 248 241 284 296 237 293 245 291 293 259 262 292 263 239 250 190 243 195 296 220
split_gain=324090 88432.1 57632.1 37041.2 34857.3 18536.7 15821 12732.1 10182.2 6861.92 4487.27 3570.01 3392.96 3387.06 3121.54 2360.29 2311.61 1946.37 1514.81 1390.95 1347.97 1248.05 1178.13 999.555 987.345 960.595 948.182 938.549 914.551 911.68
threshold=-12.65000009536743 0.15000000223517421 -28.249999999999996 11.449999809265138 -4.8500001430511466 -21.349999427795407 -22.199999809265133 3.6499999761581425 -6.8500001430511466 -1.8499999642372129 24.44999980926514 -13.749999999999998 -1.0000000180025095e-35 7.2500000000000009 -21.55000019073486 -3.3500000238418575 -7.0499999523162833 -1.4499999880790708 -12.550000190734862 2.1499999761581425 -2.7499999999999996 -50.350000381469719 -12.15000009536743 -2.7499999999999996 3.5499999523162846 1.2500000000000002 7.5499999523162851 0.84999999403953563 23.44999980926514 -4.8500001430511466
decision_type=2 2 2 2 2 2 2 2 2 2 2 2 2 2 2 2 2 2 2 2 2 2 2 2 2 2 2 2 2 2
left_child=2 4 6 7 8 14 -1 12 16 15 -5 -7 20 -9 -4 27 -2 -11 -13 -14 -3 -8 -10 -24 -22 -19 -15 -6 -12 -17
right_child=1 3 5 10 9 11 21 13 22 17 28 18 19 26 -16 29 -18 25 -20 -21 24 -23 23 -25 -26 -27 -28 -29 -30 -31
leaf_value=-2.8454928311434662 -0.23887433785447812 0.018761350992143253 -0.91689888834953315 0.61900752338010878 -0.032676622440718721 -0.51687310284006582 -1.6643296461838943 0.23811169617092265 -0.35290353079052533 0.037641234719612587 0.93464831971285633 -0.39921125872142116 0.13619333778276194 0.34253663916266369 -0.67389624658620584 -0.047503590766915432 -0.13848147446598766 0.076731061779048607 -0.25044920256263331 0.20012096461552462 0.095392439224846429 -1.2623271484375 -0.068306484636757689 -0.0082636174296177711 0.25468916232840949 0.14403536600090802 0.48550618997839995 0.094011097519021286 1.2442887469035824 0.024184059890359325
leaf_weight=22 1131 617 192 134 3827 629 26 1252 34 3898 57 686 2290 356 424 473 1163 3658 228 1354 1504 75 3857 845 104 620 172 152 41 7111
leaf_count=22 1131 617 192 134 3827 629 26 1252 34 3898 57 686 2290 356 424 473 1163 3658 228 1354 1504 75 3857 845 104 620 172 152 41 7111
internal_value=-0.000580146 0.0374307 -0.577738 0.184645 -0.00591023 -0.517763 -1.63047 0.165766 -0.101516 0.0281397 0.807059 -0.425194 0.13024 0.282902 -0.749637 0.00335033 -0.187978 0.0631983 -0.362102 0.159947 0.0815882 -1.36581 -0.0596367 -0.0575161 0.105695 0.0864853 0.38911 -0.0278371 1.06419 0.019713
internal_weight=36932 34650 2282 7881 26769 2159 123 7649 7030 19739 232 1543 5869 1780 616 11563 2294 8176 914 3644 2225 101 4736 4702 1608 4278 528 3979 98 7584
internal_count=36932 34650 2282 7881 26769 2159 123 7649 7030 19739 232 1543 5869 1780 616 11563 2294 8176 914 3644 2225 101 4736 4702 1608 4278 528 3979 98 7584
is_linear=0
shrinkage=0.05


Tree=9
num_leaves=31
num_cat=0
split_feature=299 299 299 299 299 111 299 299 299 299 299 297 299 299 299 238 160 250 243 239 239 284 249 299 263 247 121 159 214 293
split_gain=299679 89763.7 60414.1 31121 30065.5 23362.1 15653.8 8381.88 8007.69 4746.16 3773.32 3762.08 2992.04 2110.53 1930.54 1815.95 1670.15 1601.77 1312.24 1268.91 1208.52 1110.79 919.86 917.025 836.124 766.008 718.887 714.317 710.77 707.733
threshold=-10.749999999999998 0.55000001192092907 -30.05000019073486 11.949999809265138 -3.6499999761581416 -22.850000381469723 -18.150000572204586 5.6499998569488534 -6.2499999999999991 21.150000572204593 -1.3499999642372129 -41.100000381469719 -13.949999809265135 -23.449999809265133 1.6500000357627871 -4.0499999523162833 -6.7499999999999991 -4.1499998569488517 1.9499999880790713 6.3500001430511483 -1.9499999880790708 -2.4500000476837154 4.9500000476837167 -8.7499999999999982 -3.7499999999999996 0.35000000894069677 -1.4499999880790708 4.5499999523162851 16.44999980926514 -2.7499999999999996
decision_type=2 2 2 2 2 2 2 2 2 2 2 2 2 2 2 2 2 2 2 2 2 2 2 2 2 2 2 2 2 2
left_child=2 4 5 7 8 -1 13 14 15 -5 20 -7 -8 -4 -3 23 -12 -10 21 -9 -6 -16 -18 -2 -14 -22 -15 -17 -11 -19
right_child=1 3 6 9 10 11 12 19 17 28 16 -13 24 26 18 27 22 29 -20 -21 25 -23 -24 -25 -26 -27 -28 -29 -30 -31
leaf_value=-2.8575601196289067 -0.20437150765235459 0.12139579902995717 -0.69054585394458234 0.58647446299708172 0.0091995721796486237 -1.3870255161339129 -0.39521022787526572 0.28608698581885611 -0.061505418493386955 0.89599861303965245 -0.030072323228726841 -0.95514522859419904 -0.27508364542816688 -0.54966111250263672 0.064197852057734817 -0.086520612293056076 0.07894052996788703 -0.030713838759419982 0.22736406672605713 0.41144769592890668 0.034290288610890056 0.17566955316451288 0.25635811115388535 -0.13429415621765101 -0.085355756053375823 0.085488966379075437 -0.36572306317798164 0.10766728901863098 1.1725965966118708 0.012027988768603705
leaf_weight=20 743 1760 321 172 5461 71 838 562 3582 48 358 174 742 533 254 896 5740 2877 1222 315 4504 1860 74 1256 63 872 59 50 45 1460
leaf_count=20 743 1760 321 172 5461 71 838 562 3582 48 358 174 742 533 254 896 5740 2877 1222 315 4504 1860 74 1256 63 872 59 50 45 1460
internal_value=-0.000551139 0.040408 -0.495822 0.21186 0.00203696 -1.21444 -0.421318 0.188337 -0.0629396 0.742069 0.0435388 -1.0803 -0.329078 -0.587308 0.163765 -0.133331 0.0747445 -0.0367616 0.186118 0.331114 0.0257662 0.162276 0.0811987 -0.160341 -0.260235 0.0425948 -0.531329 -0.076257 1.02984 -0.0163253
internal_weight=36932 34111 2821 6238 27873 265 2556 5973 10864 265 17009 245 1643 913 5096 2945 6172 7919 3336 877 10837 2114 5814 1999 805 5376 592 946 93 4337
internal_count=36932 34111 2821 6238 27873 265 2556 5973 10864 265 17009 245 1643 913 5096 2945 6172 7919 3336 877 10837 2114 5814 1999 805 5376 592 946 93 4337
is_linear=0
shrinkage=0.05


Tree=10
num_leaves=31
num_cat=0
split_feature=299 299 299 299 299 99 298 299 299 299 299 260 299 235 273 244 242 299 77 245 232 183 263 187 291 299 234 243 298 175
split_gain=262081 83895.1 49500.1 30139.6 28176.1 20291.4 9810.62 9137.64 8157.8 4599.12 3483.3 3442.23 1886.61 1847.42 1840.05 1601.24 1567.44 1464.23 1241.97 1235.59 1116.56 1002.34 954.69 918.003 762.006 731.299 729.837 713.539 706.21 658.652
threshold=-11.65000009536743 0.55000001192092907 -28.749999999999996 -4.8500001430511466 13.050000190734865 -23.849999427795407 -17.55000019073486 5.1499998569488534 -2.3500000238418575 -8.2499999999999982 -41.04999923706054 20.849999427795414 -20.650000572204586 -7.6499998569488517 -4.6499998569488517 -0.25000000745058054 5.3500001430511483 1.6500000357627871 4.8500001430511483 -2.3500000238418575 -4.2499999999999991 -6.4500000476837149 -3.5499999523162837 -2.0499999523162837 1.6500000357627871 -14.349999904632567 2.0499999523162846 3.2500000000000004 -36.249999999999993 -1.2499999999999998
decision_type=2 2 2 2 2 2 2 2 2 2 2 2 2 2 2 2 2 2 2 2 2 2 2 2 2 2 2 2 2 2
left_child=2 3 5 9 7 -1 12 17 14 19 -7 -6 -4 25 -5 18 24 -3 29 -2 -11 -19 -15 -16 -9 -8 -25 -23 -12 -10
right_child=1 4 6 8 11 10 13 16 15 20 28 -13 -14 22 23 -17 -18 21 -20 -21 -22 27 -24 26 -26 -27 -28 -29 -30 -31
leaf_value=-2.5200434145720112 -0.18913978013205196 0.11574312287258964 -0.59272122085094459 -0.035314697132516608 0.59970814145844564 -1.3120704142252606 -0.38710273313708243 0.15416392538282608 0.035381775686375787 -0.10394876785596602 -1.0349204012325832 1.0019469124930245 -0.45554293498487919 -0.23219486190392091 -0.0055118212530710399 0.088094394888901112 0.37921598428561365 -0.012704362604819552 -0.070306142220007514 -0.032103795158690301 -0.053711284977358748 0.16484103781139983 0.056034197590567852 0.022577815051558259 0.28856461117376431 -0.3000788608402537 0.11442695610483229 0.22387856443646512 -0.828945788042045 0.065048898637976943
leaf_weight=23 1357 1730 512 3147 145 60 513 135 4026 1839 56 84 491 222 4422 3129 486 71 224 138 2775 2421 33 3394 482 456 231 649 162 3495
leaf_count=23 1357 1730 512 3147 145 60 513 135 4026 1839 56 84 491 222 4422 3129 486 71 224 138 2775 2421 33 3394 482 456 231 649 162 3495
internal_value=0.00037336 0.036503 -0.490978 -0.000144046 0.202971 -1.09279 -0.409637 0.182107 0.0270638 -0.0984291 -0.974709 0.747254 -0.525568 -0.314639 -0.0028986 0.057908 0.312057 0.152681 0.0457126 -0.174644 -0.0737344 0.173026 -0.194895 0.00977861 0.259158 -0.34615 0.0284308 0.177322 -0.881857 0.0491681
internal_weight=36908 34380 2528 28177 6203 301 2227 5974 22068 6109 278 229 1003 1224 11194 10874 1103 4871 7745 1495 4614 3141 255 8047 617 969 3625 3070 218 7521
internal_count=36908 34380 2528 28177 6203 301 2227 5974 22068 6109 278 229 1003 1224 11194 10874 1103 4871 7745 1495 4614 3141 255 8047 617 969 3625 3070 218 7521
is_linear=0
shrinkage=0.05


Tree=11
num_leaves=31
num_cat=0
split_feature=299 299 299 299 299 112 296 299 299 299 299 293 299 299 273 293 291 235 293 295 218 160 299 299 239 187 244 171 299 109
split_gain=236528 75715.3 44793.3 27201 25513.8 16672.8 11704.7 7850.37 7362.42 4451.69 4177.8 2585.15 1887.63 1867.57 1660.64 1461.91 1231.1 1150.4 1069.13 1013.24 1007.62 969.026 1034.07 938.844 908.155 828.495 787.821 732.661 679.809 679.143
threshold=-11.65000009536743 0.55000001192092907 -31.99999904632568 -4.8500001430511466 8.6500000953674334 -21.39999961853027 -19.150000572204586 16.849999427795414 -2.3500000238418575 3.5499999523162846 -7.9500000476837149 -13.050000190734862 -27.249999999999996 -41.04999923706054 -4.6499998569488517 1.0000000180025095e-35 -4.9500000476837149 -1.1500000357627866 4.6499998569488534 -2.0499999523162837 14.949999809265138 -4.8500001430511466 -1.0500000119209287 -15.550000190734862 -5.0499999523162833 -2.0499999523162837 -20.249999999999996 11.400000095367433 1.6500000357627871 5.5499999523162851
decision_type=2 2 2 2 2 2 2 2 2 2 2 2 2 2 2 2 2 2 2 2 2 2 2 2 2 2 2 2 2 2
left_child=2 3 5 10 9 -1 12 27 14 19 16 23 -4 -7 -5 21 -2 -13 -11 -3 -9 -10 -23 -8 -12 -16 -14 -6 -21 -27
right_child=1 4 6 8 7 13 11 20 15 18 24 17 26 -15 25 -17 -18 -19 -20 28 -22 22 -24 -25 -26 29 -28 -29 -30 -31
leaf_value=-2.5373912048339844 -0.17931524503332361 0.055170362824473157 -0.73212119531995468 -0.033548961132101915 0.37200489687672128 -1.2377313701923078 -0.41292118917424264 0.73962702402254443 -0.012949871632211131 0.19648843118717577 -0.10612269156730512 -0.24991578254029584 -0.64090561425986414 -0.90775439550006198 -0.0052362019328627109 0.09293443857068287 -0.068839344450239245 0.11139152451701786 0.27833243866452401 0.11670701839510569 1.0147687298910959 0.037624398642096046 0.074812679051027051 -0.31392392954280102 -0.0541967638024686 0.024062083767720215 -0.49885617812913652 0.53335259806725288 0.16022359900339322 0.18593295437820032
leaf_weight=20 1412 369 131 3147 289 65 559 82 643 916 1136 523 119 126 4422 2060 307 23 707 1540 56 5276 2895 419 3254 3559 543 93 2151 66
leaf_count=20 1412 369 131 3147 289 65 559 82 643 916 1136 523 119 126 4422 2060 307 23 707 1540 56 5276 2895 419 3254 3559 543 93 2151 66
internal_value=0.000354692 0.0346778 -0.466429 -0.000136841 0.192823 -1.16387 -0.402916 0.528053 0.0257107 0.162149 -0.0935077 -0.321851 -0.558707 -1.02005 -0.00275367 0.0550126 -0.159585 -0.234696 0.232141 0.134169 0.851279 0.0461496 0.0508003 -0.370508 -0.0676336 0.00928968 -0.524391 0.411286 0.142067 0.0270092
internal_weight=36908 34380 2528 28177 6203 211 2317 520 22068 5683 6109 1524 793 191 11194 10874 1719 546 1623 4060 138 8814 8171 978 4390 8047 662 382 3691 3625
internal_count=36908 34380 2528 28177 6203 211 2317 520 22068 5683 6109 1524 793 191 11194 10874 1719 546 1623 4060 138 8814 8171 978 4390 8047 662 382 3691 3625
is_linear=0
shrinkage=0.05


Tree=12
num_leaves=31
num_cat=0
split_feature=299 299 299 299 299 112 296 299 299 299 295 293 295 299 299 299 299 235 293 174 284 77 247 187 241 244 298 243 177 271
split_gain=213540 69036 39305.5 26579.6 22201.7 15047.2 9611.2 7084.96 6318.55 4464.59 4276.35 1994.54 1741.72 1703.59 1685.49 1255.36 1239.73 1220.02 1134.56 1122.57 1105.58 1060.78 941.419 876.382 743.225 711.01 683.476 674.696 649.615 628.144
threshold=-12.050000190734862 -0.45000000298023218 -31.99999904632568 8.6500000953674334 -4.8500001430511466 -21.39999961853027 -19.150000572204586 16.849999427795414 3.1499999761581425 -3.1499999761581416 -6.8500001430511466 -13.749999999999998 -2.0499999523162837 -27.249999999999996 -41.04999923706054 -8.9499998092651349 1.3499999642372134 -3.6499999761581416 4.6499998569488534 -3.6499999761581416 -2.0499999523162837 4.8500001430511483 31.500000000000004 0.35000000894069677 -4.7499999999999991 -20.249999999999996 -17.150000572204586 7.5499999523162851 1.0500000119209292 10.550000190734865
decision_type=2 2 2 2 2 2 2 2 2 2 2 2 2 2 2 2 2 2 2 2 2 2 2 2 2 2 2 2 2 2
left_child=2 4 5 8 10 -1 13 27 12 19 15 26 21 -4 -7 -2 29 -13 -10 -6 -11 -3 -9 -21 -12 -15 -8 -5 -26 -14
right_child=1 3 6 7 9 14 11 22 18 20 24 17 16 25 -16 -17 -18 -19 -20 23 -22 -23 -24 -25 28 -27 -28 -29 -30 -31
leaf_value=-2.4105216979980471 -0.18925207921159948 0.057282846541823564 -0.69551517399212792 0.31729760474936908 -0.047627403586501388 -1.1758449143629808 -0.41458876990731652 0.73404502135056715 0.18117591617794648 0.022038030206543647 -0.095445452482316645 -0.26219463751973943 0.09658319863634901 -0.60886038131072739 -0.86236661880735377 -0.11286064458235119 0.14730652015517764 0.0040077064899688075 0.26036151592451168 -0.0097579731256877099 0.051814499889761556 -0.15762774475639868 1.0371163760914521 0.05442012413939501 -0.053746254290170173 -0.47391331814929266 -0.32390235244637672 0.45085933344704765 0.039166185733548714 0.37097164016394391
leaf_weight=20 984 777 131 172 1858 65 353 104 1124 6971 1106 511 3079 119 126 1186 2233 47 757 4629 5639 62 34 601 2739 543 505 210 202 21
leaf_count=20 984 777 131 172 1858 65 353 104 1124 6971 1106 511 3079 119 126 1186 2233 47 757 4629 5639 62 34 601 2739 543 505 210 202 21
internal_value=0.000336958 0.0321953 -0.453683 0.155189 -0.00849256 -1.10568 -0.391406 0.501651 0.132817 0.0175071 -0.09087 -0.313357 0.108367 -0.530772 -0.969048 -0.147501 0.118902 -0.239773 0.213044 -0.0142431 0.0353536 0.0414015 0.808715 -0.00238301 -0.0605046 -0.498171 -0.361213 0.390722 -0.0473646 0.098442
internal_weight=36908 34488 2420 8573 25915 211 2209 520 8053 19698 6217 1416 6172 793 191 2170 5333 558 1881 7088 12610 839 138 5230 4047 662 858 382 2941 3100
internal_count=36908 34488 2420 8573 25915 211 2209 520 8053 19698 6217 1416 6172 793 191 2170 5333 558 1881 7088 12610 839 138 5230 4047 662 858 382 2941 3100
is_linear=0
shrinkage=0.05


Tree=13
num_leaves=31
num_cat=0
split_feature=295 297 298 291 171 100 295 295 297 297 297 298 293 292 255 284 250 239 196 242 257 293 253 72 99 297 285 251 124 298
split_gain=189888 58367.1 34221.9 22118.9 21787.9 13049.6 10167.4 6681.19 6267.78 4762.39 2756.88 2687.38 1790.91 1751.96 1478.61 1471.38 1237.05 1151.08 1089.32 1004.52 970.412 937.848 923.268 894.008 843.52 816.507 739.041 726.689 690.021 685.659
threshold=-12.65000009536743 0.45000000298023229 -36.249999999999993 -4.8500001430511466 12.700000286102297 -22.199999809265133 -21.55000019073486 4.4500000476837167 -7.8500001430511466 -2.6499999761581416 -14.749999999999998 16.550000190734867 8.7500000000000018 -1.3499999642372129 -19.150000572204586 -0.25000000745058054 -7.3500001430511466 -4.0499999523162833 -0.45000000298023218 -9.7499999999999982 -1.9499999880790708 -3.3500000238418575 -0.55000001192092884 4.0499999523162851 -9.0500001907348615 -49.749999999999993 13.000000000000002 1.9499999880790713 -7.8500001430511466 2.0499999523162846
decision_type=2 2 2 2 2 2 2 2 2 2 2 2 2 2 2 2 2 2 2 2 2 2 2 2 2 2 2 2 2 2
left_child=2 3 5 8 7 -1 14 15 16 18 19 -6 27 23 -4 24 -2 -10 21 -8 -12 -5 28 -11 -3 -7 -13 -9 -15 -17
right_child=1 4 6 9 11 25 10 12 17 13 20 26 -14 22 -16 29 -18 -19 -20 -21 -22 -23 -24 -25 -26 -27 -28 -29 -30 -31
leaf_value=-2.3855999755859378 -0.20102418713060599 0.38690458138783779 -0.65000390495035554 -0.028235293008555873 0.46269821498704994 -1.2470173023365163 -0.39855352644234493 0.15570393101922397 -0.082632564969625955 0.0302038477699502 -0.25321149774171692 0.6637619910416781 0.34133878931941758 -0.24355265587568284 -0.48304931573700483 0.10931741593476339 -0.11646898602725242 -0.03440348757425462 0.039591590383357501 -0.25386838887235247 0.10146321088075638 0.0059512143081479809 0.091459282274494416 -0.075767442208796165 0.067483203999863225 -0.93430311783500342 0.91317892580321347 0.23935742633210288 0.051019147227194354 0.15321299880523465
leaf_weight=20 918 21 317 3708 115 27 876 406 1939 5877 540 54 332 20 228 1580 818 3418 1299 139 20 4371 2118 206 1309 92 66 720 3318 2036
leaf_count=20 918 21 317 3708 115 27 876 406 1939 5877 540 54 332 20 228 1580 818 3418 1299 139 20 4371 2118 206 1309 92 66 720 3318 2036
internal_value=0.00032011 0.0292783 -0.443847 -0.00231562 0.162573 -1.20387 -0.394015 0.145222 -0.0786166 0.0235582 -0.329604 0.635418 0.239285 0.0450664 -0.580159 0.117494 -0.161182 -0.0518603 -0.00290619 -0.37874 -0.240545 -0.00973929 0.0656381 0.0266151 0.0725267 -1.00526 0.800941 0.209195 0.0492542 0.134033
internal_weight=36908 34649 2259 28010 6639 139 2120 6404 7093 20917 1575 235 1458 11539 545 4946 1736 5357 9378 1015 560 8079 5456 6083 1330 119 120 1126 3338 3616
internal_count=36908 34649 2259 28010 6639 139 2120 6404 7093 20917 1575 235 1458 11539 545 4946 1736 5357 9378 1015 560 8079 5456 6083 1330 119 120 1126 3338 3616
is_linear=0
shrinkage=0.05


Tree=14
num_leaves=31
num_cat=0
split_feature=299 299 299 299 299 299 297 299 299 25 299 299 245 297 299 284 250 250 252 299 247 242 174 293 241 127 229 165 212 184
split_gain=174629 55088.6 35559.3 19004.9 18775 15087.9 7388.05 6342.94 4964.72 3166.39 2385.4 2341.97 1471.07 1389.56 1244.98 1212.63 1112.58 1028.04 961.33 903.704 878.652 877.911 708.907 699.078 652.475 650.019 598.76 590.541 586 575.361
threshold=-10.749999999999998 0.55000001192092907 -27.249999999999996 13.050000190734865 -3.6499999761581416 -48.600000381469719 -16.949999809265133 5.6499998569488534 -6.7499999999999991 -7.6499998569488517 -1.3499999642372129 21.150000572204593 -7.8500001430511466 -36.649999618530266 -20.249999999999996 -0.25000000745058054 -4.1499998569488517 -6.9500000476837149 -0.94999998807907093 2.6499999761581425 0.35000000894069677 5.3500001430511483 -7.3500001430511466 -15.15000009536743 0.25000000745058065 -0.84999999403953541 -2.5499999523162837 2.5499999523162846 -10.949999809265135 -8.3499999046325666
decision_type=2 2 2 2 2 2 2 2 2 2 2 2 2 2 2 2 2 2 2 2 2 2 2 2 2 2 2 2 2 2
left_child=2 4 5 7 8 9 14 15 17 -1 20 -5 23 -7 -4 25 -10 -2 22 -17 26 -9 -12 -8 -19 -3 -6 -14 -24 -16
right_child=1 3 6 11 10 13 12 21 16 -11 18 -13 27 -15 29 19 -18 24 -20 -21 -22 -23 28 -25 -26 -27 -28 -29 -30 -31
leaf_value=-2.2128818917274478 -0.15637790613195968 0.04709521021951512 -0.47059331834316254 0.46991943599670893 -0.0011838899841884825 -0.89512527749893511 -0.33120451983372878 0.22234690209523822 -0.05150131072381834 -1.3231648612022402 -0.22969880141317844 0.79163818359375004 -0.16698243242556235 -0.66399707974980793 -0.39002860098922809 0.12310562780279861 -0.015318188712680956 -0.096677547925581059 0.080697413150109823 0.17429007930540794 0.063649176473735511 0.32007173729156224 -0.13618412547641331 -0.24256784248789517 0.042967050344672769 0.11752525263878166 0.024697943907257647 0.10644539921056657 0.045480184169119538 -0.26546285289232852
leaf_weight=20 886 593 512 127 3459 94 314 473 3931 20 24 102 331 211 386 2375 4623 1391 2817 1354 1051 447 45 763 89 732 6313 21 3282 122
leaf_count=20 886 593 512 127 3459 94 314 473 3931 20 24 102 331 211 386 2375 4623 1391 2817 1354 1051 447 45 763 89 732 6313 21 3282 122
internal_value=0.000304104 0.0314295 -0.379728 0.166208 0.00147594 -0.854974 -0.312779 0.149073 -0.049677 -1.76802 0.0343516 0.613218 -0.239407 -0.73523 -0.41557 0.127092 -0.0319462 -0.113781 0.0591682 0.141691 0.0202087 0.269828 0.0410698 -0.26841 -0.08828 0.0860045 0.0155365 -0.15067 0.043023 -0.360113
internal_weight=36908 34114 2794 6203 27911 345 2449 5974 10920 40 16991 229 1429 305 1020 5054 8554 2366 6168 3729 10823 920 3351 1077 1480 1325 9772 352 3327 508
internal_count=36908 34114 2794 6203 27911 345 2449 5974 10920 40 16991 229 1429 305 1020 5054 8554 2366 6168 3729 10823 920 3351 1077 1480 1325 9772 352 3327 508
is_linear=0
shrinkage=0.05


Tree=15
num_leaves=31
num_cat=0
split_feature=299 299 299 299 169 299 298 299 299 299 287 237 170 299 239 168 160 239 299 294 251 234 299 299 239 104 299 232 115 268
split_gain=157943 49175.4 34200.6 19232.9 14606.7 14230.3 6817.78 4830.6 4767.46 3600.1 2443.67 1645.91 1392.08 1328.91 1254.76 1034.11 1026.44 912.68 835.115 815.759 788.313 761.791 685.521 641.084 624.344 634.353 578.734 572.857 532.204 499.874
threshold=-10.949999809265135 -0.45000000298023218 -28.749999999999996 9.2500000000000018 -29.64999961853027 -4.8500001430511466 -17.55000019073486 3.3500000238418584 16.849999427795414 -3.1499999761581416 -7.3500001430511466 -28.949999809265133 2.4500000476837163 -13.949999809265135 -14.550000190734862 0.84999999403953563 -7.5499999523162833 -1.8499999642372129 28.550000190734867 -3.5499999523162837 3.8500000238418584 -9.9499998092651349 -7.2499999999999991 -8.3499999046325666 1.4499999880790713 7.7500000000000009 -21.449999809265133 -6.1499998569488517 -4.7499999999999991 3.0499999523162846
decision_type=2 2 2 2 2 2 2 2 2 2 2 2 2 2 2 2 2 2 2 2 2 2 2 2 2 2 2 2 2 2
left_child=2 5 4 7 -1 10 14 12 -5 15 23 -6 16 -8 26 21 -3 -11 -10 22 -9 -7 -12 -2 25 -18 -4 -15 -23 -17
right_child=1 3 6 8 11 9 13 20 18 17 19 -13 -14 27 -16 29 24 -19 -20 -21 -22 28 -24 -25 -26 -27 -28 -29 -30 -31
leaf_value=-1.8913798670614921 -0.15998274441960725 -0.11224881024725403 -0.49474172504670033 0.34789911116132088 -0.9293859459372128 -0.31281297396529806 -0.28483508844844629 0.16507047490517507 0.62519583494766895 0.016618963019734707 -0.10558468935083505 -0.66468656238756685 0.13670237090595333 -0.21261900778835183 -0.33707374001924811 0.032888501380987596 0.076848191698423551 0.043527415964942778 0.90382666336862671 -0.0080820560554817605 0.23570291370252439 -0.047367723882287605 -0.051914425372592776 -0.097221607843012037 0.11977803166825973 -0.20551189795136451 -0.39322314650062623 -0.11184956337446753 -0.0110697078427774 0.17276176947028671
leaf_weight=31 734 67 327 322 85 22 671 1149 92 5836 769 190 1545 604 416 511 3662 6850 38 805 602 1252 2629 913 1005 20 246 184 5221 73
leaf_count=31 734 67 327 322 85 22 671 1149 92 5836 769 190 1545 604 416 511 3662 6850 38 805 602 1252 2629 913 1005 20 246 184 5221 73
internal_value=0.000115124 0.0295169 -0.364119 0.133712 -0.862487 -0.00506683 -0.301823 0.115892 0.451077 0.0152081 -0.0735683 -0.746503 0.0954706 -0.233123 -0.403171 -0.0133583 0.0820707 0.0311486 0.706642 -0.053339 0.189354 -0.0190887 -0.0640605 -0.125192 0.0848485 0.0753145 -0.451158 -0.189089 -0.0180904 0.0503727
internal_weight=36871 34117 2754 8502 306 25615 2448 8050 452 19765 5850 275 6299 1459 989 7079 4754 12686 130 4203 1751 6495 3398 1647 4687 3682 573 788 6473 584
internal_count=36871 34117 2754 8502 306 25615 2448 8050 452 19765 5850 275 6299 1459 989 7079 4754 12686 130 4203 1751 6495 3398 1647 4687 3682 573 788 6473 584
is_linear=0
shrinkage=0.05


Tree=16
num_leaves=31
num_cat=0
split_feature=299 299 299 299 169 299 299 299 299 299 299 237 233 170 234 160 244 273 247 283 292 19 185 180 281 295 260 213 299 166
split_gain=142544 44215.5 31183.5 17198.4 13182.5 12831.6 6414.3 4776.15 4296.19 3838 1612.82 1485.44 1363.67 1206.35 1054.56 956.508 894.215 808.872 754.156 732.06 652.34 622.474 677.74 584.073 601.839 580.042 567.483 555.801 535.953 523.409
threshold=-10.749999999999998 -0.35000000894069666 -28.749999999999996 8.6500000953674334 -29.64999961853027 -3.6499999761581416 -15.849999904632567 16.849999427795414 -6.2499999999999991 3.1499999761581425 -21.749999999999996 -28.949999809265133 -1.6500000357627866 2.4500000476837163 -6.7499999999999991 -7.5499999523162833 -6.3500001430511466 -4.1499998569488517 27.60000038146973 2.3500000238418584 -11.749999999999998 -4.1499998569488517 0.84999999403953563 -2.5499999523162837 -8.7499999999999982 0.55000001192092907 1.2500000000000002 -11.449999809265135 5.6499998569488534 -5.7499999999999991
decision_type=2 2 2 2 2 2 2 2 2 2 2 2 2 2 2 2 2 2 2 2 2 2 2 2 2 2 2 2 2 2
left_child=2 5 4 9 -1 8 10 26 14 13 -4 -6 29 15 -2 -3 -8 27 -9 -11 -12 -14 -23 24 -17 -16 -5 -10 -21 -7
right_child=1 3 6 7 11 12 16 18 17 19 20 -13 21 -15 25 23 -18 -19 -20 28 -22 22 -24 -25 -26 -27 -28 -29 -30 -31
leaf_value=-1.796811011529738 -0.14184278792404867 -0.11116880699992181 -0.45030255429738503 0.14469226184414655 -0.88291684318991281 -0.058095380450172943 -0.22352475363893848 0.54518868231004292 -0.25849389433860781 0.12972903236389161 -0.33787429393223017 -0.63145213478489925 -0.043165198382404117 0.12975962403398619 -0.082214186903023789 -0.23254365265369414 -0.11040074002175104 -0.0081645311262582895 0.78630237579345708 0.16961018574205255 -0.15349473555882773 0.038254191745699301 0.082767685921306164 0.088364438960738007 0.04593102588147522 0.060424532258027311 0.3415755505173787 -0.038889142135225187 0.23789763585457591 0.014305336163133531
leaf_weight=31 910 66 383 41 85 258 1039 62 29 625 808 190 207 1489 1934 20 210 3476 68 732 51 5766 1004 3708 649 74 341 4448 473 7694
leaf_count=31 910 66 383 41 85 258 1039 62 29 625 808 190 207 1489 1934 20 210 3476 68 732 51 5766 1004 3708 649 74 341 4448 473 7694
internal_value=0.000109368 0.0282761 -0.343027 0.128853 -0.819363 -0.00397864 -0.284513 0.409531 -0.0453006 0.110339 -0.364973 -0.709178 0.0261112 0.0908106 -0.0971925 0.0777575 -0.204505 -0.0262612 0.67131 0.17364 -0.326927 0.0422441 0.0448556 0.0806063 0.0376059 -0.0769576 0.320444 -0.0403116 0.196415 0.0119563
internal_weight=36871 34074 2797 8274 306 25800 2491 512 10871 7762 1242 275 14929 5932 2918 4443 1249 7953 130 1830 859 6977 6770 4377 669 2008 382 4477 1205 7952
internal_count=36871 34074 2797 8274 306 25800 2491 512 10871 7762 1242 275 14929 5932 2918 4443 1249 7953 130 1830 859 6977 6770 4377 669 2008 382 4477 1205 7952
is_linear=0
shrinkage=0.05


Tree=17
num_leaves=31
num_cat=0
split_feature=293 298 292 293 239 239 296 247 298 40 298 235 292 298 247 237 189 151 211 185 293 235 114 188 289 256 252 213 267 243
split_gain=127401 37974.5 23402.9 15933.1 14960.3 10130.9 5803.47 4545.53 4533.75 4202.72 2113.67 1778.8 1754.32 1578.65 1319.84 1167.58 1012.26 914.994 812.027 800.884 672.603 631.443 621.848 608.8 569.024 535.565 516.896 456.965 450.407 421.168
threshold=-13.449999809265135 1.0000000180025095e-35 -50.350000381469719 -5.0499999523162833 13.949999809265138 -19.849999427795407 6.1499998569488534 -2.8500000238418575 -9.0500001907348615 -10.749999999999998 -17.55000019073486 2.6499999761581425 -1.7499999999999998 -31.05000019073486 27.60000038146973 -1.0000000180025095e-35 -4.3500001430511466 -9.2499999999999982 -1.7499999999999998 0.84999999403953563 8.2500000000000018 -7.5499999523162833 -2.5499999523162837 2.1499999761581425 -22.55000019073486 -11.050000190734862 2.2500000000000004 -6.3500001430511466 -9.1500000953674299 3.2500000000000004
decision_type=2 2 2 2 2 2 2 2 2 2 2 2 2 2 2 2 2 2 2 2 2 2 2 2 2 2 2 2 2 2
left_child=2 3 9 8 6 13 11 17 21 -1 24 15 -9 -4 -6 22 28 -5 27 -14 -8 -2 -3 -18 -7 -12 -21 -19 -10 -13
right_child=1 4 5 7 14 10 20 12 16 -11 25 29 19 -15 -16 -17 23 18 -20 26 -22 -23 -24 -25 -26 -27 -28 -29 -30 -31
leaf_value=-1.9918754230846059 -0.18361364855450027 -0.010694594809796377 -0.7081854109330612 -0.19795372407160589 0.4654220112583094 -0.43682001588123093 0.19619866448479731 0.015760083138395078 -0.15800807727256994 -1.0443239440917969 -0.27314658397354813 0.12100146122473426 0.044184616160466123 -0.50194492767441945 0.74248575404070438 0.10275933041071182 -0.041118948184839701 -0.045071318523393689 0.020370487946538479 0.077396429772924435 0.28470886557442804 -0.1169360553561631 0.062853705132897536 0.059820388447327226 -0.33714303919609562 -0.1838963224411011 0.17806438771234889 -0.013029014753222129 -0.075625288956050168 0.17388604967066876
leaf_weight=22 784 342 165 67 114 183 555 6748 191 25 513 1364 5531 212 69 2237 3078 1435 1526 962 350 649 1800 157 658 250 147 4954 1263 520
leaf_count=22 784 342 165 67 114 183 555 6748 191 25 513 1364 5531 212 69 2237 3078 1435 1526 962 350 649 1800 157 658 250 147 4954 1263 520
internal_value=0.0001039 0.0225268 -0.385142 -0.00446482 0.123473 -0.35898 0.112075 0.0159085 -0.0755817 -1.48786 -0.304162 0.0949734 0.0337141 -0.592209 0.569889 0.0774953 -0.051795 -0.0139565 -0.012399 0.0519602 0.230429 -0.153416 0.0511107 -0.0362202 -0.358833 -0.243903 0.0907402 -0.0202259 -0.0864472 0.135598
internal_weight=36871 34843 2028 27492 7351 1981 7168 21370 6122 47 1604 6263 13388 377 183 4379 4689 7982 7915 6640 905 1433 2142 3235 841 763 1109 6389 1454 1884
internal_count=36871 34843 2028 27492 7351 1981 7168 21370 6122 47 1604 6263 13388 377 183 4379 4689 7982 7915 6640 905 1433 2142 3235 841 763 1109 6389 1454 1884
is_linear=0
shrinkage=0.05


Tree=18
num_leaves=31
num_cat=0
split_feature=299 299 297 299 299 299 150 299 299 248 241 296 170 213 160 237 168 272 273 242 299 299 242 290 247 250 67 242 291 241
split_gain=116630 39117 21442.5 14652.5 14326.9 9468.81 6675.42 3645.7 3600.35 3518.73 2621.78 2261.74 1044.84 856.105 808.861 800.732 797.085 727.472 698.469 677.86 605.948 595.263 571.877 560.215 514.658 509.618 485.912 474.136 457.704 444.757
threshold=-13.249999999999998 -0.45000000298023218 -49.749999999999993 -5.6499998569488517 9.2500000000000018 -27.249999999999996 -27.999999999999996 -3.1499999761581416 3.1499999761581425 23.349999427795414 -6.1499998569488517 -19.150000572204586 2.4500000476837163 -12.550000190734862 -7.5499999523162833 -26.55000019073486 0.84999999403953563 -0.94999998807907093 -6.1499998569488517 2.3500000238418584 -9.7499999999999982 28.550000190734867 2.4500000476837163 -5.8500001430511466 10.250000000000002 -4.1499998569488517 6.6499998569488534 -21.55000019073486 0.75000000000000011 -14.550000190734862
decision_type=2 2 2 2 2 2 2 2 2 2 2 2 2 2 2 2 2 2 2 2 2 2 2 2 2 2 2 2 2 2
left_child=2 3 6 10 8 15 -1 13 12 24 20 27 14 -5 -3 -4 25 -9 29 -10 -2 -11 23 -12 -6 -15 28 -7 -16 -13
right_child=1 4 5 7 9 11 -8 17 19 21 22 18 -14 16 26 -17 -18 -19 -20 -21 -22 -23 -24 -25 -26 -27 -28 -29 -30 -31
leaf_value=-2.0910838317871092 -0.16293772032501502 -0.10414652973413469 -0.70827484130859375 -0.32673303010788834 0.26672936559797406 -0.47649831942149573 -0.91179880777994793 0.019051046084476692 0.12380344302948379 0.55677884972613789 -0.087396821581128215 -0.30513427042099367 0.1175937181877757 -0.036900062276319569 0.060720097530546441 -0.53632401535191487 0.036654403785538574 0.04503492349440185 -0.069466200012427121 0.18484687878096359 -0.1053024222474218 0.80758794148763036 0.082655162563626206 -0.04388936733140654 0.39357118759155274 -0.0099149130279770452 -0.16781637021118689 -0.34922678923942674 0.09323368441146386 -0.23534796242837866
leaf_weight=20 872 66 104 22 222 84 30 8805 762 69 1213 332 1503 2637 2809 194 701 3881 52 1128 956 36 71 1897 125 5199 21 568 1761 731
leaf_count=20 872 66 104 22 222 84 30 8805 762 69 1213 332 1503 2637 2809 194 701 3881 52 1128 956 36 71 1897 125 5199 21 568 1761 731
internal_value=9.8705e-05 0.0220355 -0.360391 -0.00815016 0.115248 -0.335618 -1.38351 0.00998722 0.0998681 0.389162 -0.0850774 -0.291648 0.0813462 -0.0152292 0.0696477 -0.596334 -0.0144264 0.0270002 -0.248391 0.160236 -0.132796 0.642771 -0.0576554 -0.0608587 0.312422 -0.0189961 0.0721462 -0.365624 0.0732489 -0.257144
internal_weight=36871 34756 2115 26254 8502 2065 50 21245 8050 452 5009 1767 6160 8559 4657 298 8537 12686 1115 1890 1828 105 3181 3110 347 7836 4591 652 4570 1063
internal_count=36871 34756 2115 26254 8502 2065 50 21245 8050 452 5009 1767 6160 8559 4657 298 8537 12686 1115 1890 1828 105 3181 3110 347 7836 4591 652 4570 1063
is_linear=0
shrinkage=0.05


Tree=19
num_leaves=31
num_cat=0
split_feature=299 299 297 299 299 295 40 299 299 251 299 299 246 283 234 299 213 160 299 243 233 19 204 283 108 299 250 260 133 273
split_gain=105259 35303.1 19351.9 13257.5 12958.9 8626.83 5030.91 3541.27 2957.6 2742.71 2705.86 1702.23 1247.59 939.774 819.948 787.834 678.861 641.021 607.976 595.528 571.101 599.744 560.309 552.371 542.308 486.582 471.163 465.102 435.714 435.223
threshold=-13.249999999999998 -0.45000000298023218 -49.749999999999993 -5.0499999523162833 8.6500000953674334 -23.749999999999996 -10.749999999999998 16.849999427795414 3.3500000238418584 -7.3500001430511466 -2.9500000476837154 -34.249999999999993 -12.949999809265135 0.15000000223517421 0.84999999403953563 -7.4500000476837149 -11.65000009536743 -7.1499998569488517 28.550000190734867 1.9499999880790713 -1.8499999642372129 -4.1499998569488517 -2.9500000476837154 2.3500000238418584 6.5499999523162851 -18.749999999999996 -20.949999809265133 1.2500000000000002 -7.3500001430511466 -6.1499998569488517
decision_type=2 2 2 2 2 2 2 2 2 2 2 2 2 2 2 2 2 2 2 2 2 2 2 2 2 2 2 2 2 2
left_child=2 3 6 9 8 11 -1 27 13 -2 14 -4 25 17 16 19 -5 -3 -9 -11 -12 -22 -18 -10 28 -7 -13 -6 -19 -14
right_child=1 4 5 10 7 12 -8 18 23 15 20 26 29 -15 -16 -17 22 24 -20 -21 21 -23 -24 -25 -26 -27 -28 -29 -30 -31
leaf_value=-1.9285994243621827 -0.13280277381066619 -0.094736283456069839 -0.66140664475304745 -0.30358446735888722 0.11751999629706872 -0.33860322436621026 -0.90482898076375329 0.50925851075545603 0.11217617861768032 -0.093431683220560599 0.014954217984794672 -0.51426439160615012 -0.22165819228188066 0.094744336899466861 0.054759270814979603 -0.040697877507543584 -0.025124739196441544 -0.14287120037608678 0.74699690969366772 0.079232068015978888 -0.051868400951990717 0.040205669801122522 0.00071409790304272579 0.17278776646929711 0.24972299891146454 -0.26579223817926118 -0.3984337696751345 0.29576067504120712 0.059046463121848428 -0.07223319591216322
leaf_weight=20 1450 69 126 20 41 430 30 92 564 1260 4897 153 605 3614 477 3257 4110 27 38 52 182 6263 4286 1127 37 492 206 341 2552 53
leaf_count=20 1450 69 126 20 41 430 30 92 564 1260 4897 153 605 3614 477 3257 4110 27 38 52 182 6263 4286 1127 37 492 206 341 2552 53
internal_value=9.37697e-05 0.0209337 -0.342371 -0.00774265 0.109486 -0.318837 -1.31434 0.353341 0.0938595 -0.0728893 0.0116355 -0.503293 -0.262216 0.0780978 -0.00901311 -0.0538754 -0.0126276 0.0556916 0.578751 -0.0865883 0.0278257 0.0376056 -0.0119345 0.152572 0.0596593 -0.29975 -0.447799 0.27663 0.0569326 -0.209622
internal_weight=36871 34756 2115 26254 8502 2065 50 512 7990 6019 20235 485 1580 6299 8893 4569 8416 2685 130 1312 11342 6445 8396 1691 2616 922 359 382 2579 658
internal_count=36871 34756 2115 26254 8502 2065 50 512 7990 6019 20235 485 1580 6299 8893 4569 8416 2685 130 1312 11342 6445 8396 1691 2616 922 359 382 2579 658
is_linear=0
shrinkage=0.05


Tree=20
num_leaves=31
num_cat=0
split_feature=299 299 285 299 299 200 183 299 299 299 299 257 285 292 257 292 160 250 291 271 295 186 109 295 233 123 295 249 272 232
split_gain=97632.4 30102.7 21791.7 11240.7 11098.4 9670.47 7276.39 3060.58 2836.53 2641.54 1783.89 1754.65 1303.25 950.242 850.554 850.417 847.085 686.886 647.129 602.903 592.009 568.108 556.734 535.269 492.601 470.306 434.012 426.123 419.224 414.289
threshold=-10.749999999999998 1.2500000000000002 -51.399999618530266 -3.3500000238418575 -23.449999809265133 13.84999990463257 -28.449999809265133 -6.2499999999999991 -15.849999904632567 6.3500001430511483 -1.3499999642372129 -25.650000572204586 13.000000000000002 -3.0499999523162837 -0.84999999403953541 -7.2499999999999991 -6.4500000476837149 3.3500000238418584 1.7500000000000002 10.550000190734865 -2.0499999523162837 4.7500000000000009 3.9500000476837163 -15.15000009536743 -10.249999999999998 -1.5500000119209287 0.55000001192092907 1.2500000000000002 -13.449999809265135 -5.6499998569488517
decision_type=2 2 2 2 2 2 2 2 2 2 2 2 2 2 2 2 2 2 2 2 2 2 2 2 2 2 2 2 2 2
left_child=2 3 6 7 11 9 -1 15 24 17 21 -4 -7 28 29 23 -12 20 -11 27 -3 25 -15 -2 -6 -5 -17 -18 -9 -10
right_child=1 5 4 10 8 12 -8 13 14 18 16 -13 -14 22 -16 26 19 -19 -20 -21 -22 -23 -24 -25 -26 -27 -28 -29 -30 -31
leaf_value=-2.0864533996582035 -0.33697694897651675 0.024680381427320205 -0.61660445967530897 -0.00029921867342128295 -0.29526808626941009 0.3814707371725965 -0.80692663574218748 -0.22960903942584993 -0.18632785720703304 0.076971918021339972 -0.024780148418744406 -0.41505178716591984 0.64642971200002752 0.0027326944999614164 0.091328233168009795 -0.059039278671989638 0.046736694000275934 0.14740302113848178 0.22501707182027056 0.29268911916476031 0.10245217840728112 0.20871935301019173 0.14101412897805374 -0.10338881128546251 -0.19555018277003849 0.022926122626151731 0.069178653303263851 0.083974598983768384 -0.028433019772197282 -0.10463877492915086
leaf_weight=20 25 267 153 3306 849 134 25 26 1022 83 375 367 71 2468 31 1518 6050 814 667 26 2929 38 75 1291 145 6398 69 880 6477 183
leaf_count=20 25 267 153 3306 849 134 25 26 1022 83 375 367 71 2468 31 1518 6050 814 667 26 2929 38 75 1291 145 6398 69 880 6477 183
internal_value=-0.000140408 0.0232202 -0.284204 0.00375707 -0.266344 0.136988 -1.37561 -0.0334386 -0.21784 0.122507 0.0297895 -0.474355 0.473237 -0.0191035 -0.167269 -0.0781081 0.0484207 0.106399 0.208633 0.052367 0.095955 0.0157692 0.00681099 -0.107826 -0.280722 0.0150136 -0.0534646 0.0514653 -0.0292374 -0.173922
internal_weight=36782 33987 2795 29022 2750 4965 45 11949 2230 4760 17073 520 205 9046 1236 2903 7331 4010 750 6956 3196 9742 2543 1316 994 9704 1587 6930 6503 1205
internal_count=36782 33987 2795 29022 2750 4965 45 11949 2230 4760 17073 520 205 9046 1236 2903 7331 4010 750 6956 3196 9742 2543 1316 994 9704 1587 6930 6503 1205
is_linear=0
shrinkage=0.05


Tree=21
num_leaves=31
num_cat=0
split_feature=299 299 233 296 100 299 296 299 292 299 299 287 299 184 299 234 296 221 237 197 133 130 123 247 79 212 200 246 155 183
split_gain=88113.3 27222.5 19771.2 10404.8 9785.15 7611.51 7110.35 3542.66 2119.6 1583.71 1533.48 1414.17 1276.83 1183.71 728.606 716.619 703.558 633.919 631.805 621.18 607.843 589.927 552.127 525.952 497.08 485.136 420.488 402.063 398.346 375.336
threshold=-10.749999999999998 -0.35000000894069666 -28.249999999999996 11.750000000000002 -22.199999809265133 -4.8500001430511466 -19.150000572204586 5.1499998569488534 -2.6499999761581416 24.750000000000004 -27.249999999999996 -7.3500001430511466 -14.15000009536743 1.6500000357627871 -3.1499999761581416 -3.0499999523162837 0.75000000000000011 -1.5500000119209287 -2.3500000238418575 -0.65000000596046437 -7.8500001430511466 9.8499999046325701 -1.7499999999999998 0.35000000894069677 -13.249999999999998 -7.4500000476837149 13.84999990463257 -32.949998855590813 6.0499999523162851 -8.7499999999999982
decision_type=2 2 2 2 2 2 2 2 2 2 2 2 2 2 2 2 2 2 2 2 2 2 2 2 2 2 2 2 2 2
left_child=2 5 4 7 -1 11 10 13 14 26 -4 -2 22 16 -7 -10 20 -9 -13 -14 -3 -19 -8 28 -6 -22 -5 -26 -17 -12
right_child=1 3 6 9 24 8 12 17 15 -11 29 18 19 -15 -16 23 -18 21 -20 -21 25 -23 -24 -25 27 -27 -28 -29 -30 -31
leaf_value=-1.886029968261719 -0.093948309433452795 -0.16680847903092702 -0.47713929819943285 0.28409217972504464 -0.5258349138147691 -0.019852593393898246 -0.23624455788346568 0.041458960227024416 0.00078528045635439651 0.65250841776529955 -0.34040133475804923 -0.048454233252234233 -0.14743152425287714 0.10693083060672307 0.0089354758774793965 0.028723452485110414 0.085618645490314699 0.17557398106517463 5.9733195197142838e-05 0.077084708074107777 -0.090251205782177019 0.31892122521232341 -0.10389345767854274 0.060336477972487826 -0.8627641817418541 0.052411092087819314 0.42735642951021913 -0.63542652645626596 -0.051535085161935681 -0.2509882401946365
leaf_weight=20 1601 33 203 114 34 4898 836 81 2260 54 527 3322 827 2318 3987 7191 2007 899 841 32 61 78 87 1410 41 2581 93 37 158 151
leaf_count=20 1601 33 203 114 34 4898 836 81 2260 54 527 3322 827 2318 3987 7191 2007 899 841 32 61 78 87 1410 41 2581 93 37 158 151
internal_value=-0.000133387 0.0220592 -0.269993 0.100662 -0.867296 -0.00341598 -0.240386 0.0905982 0.0112362 0.411364 -0.356583 -0.0540121 -0.18294 0.0777093 -0.00693441 0.0258877 0.0632421 0.175874 -0.0386535 -0.139068 0.0464535 0.187018 -0.223769 0.0323647 -0.685379 0.0491172 0.348457 -0.754925 0.0269979 -0.320488
internal_weight=36782 33987 2795 8319 132 25668 2663 8058 19904 261 881 5764 1782 7000 8885 11019 4682 1058 4163 859 2675 977 923 8759 112 2642 207 78 7349 678
internal_count=36782 33987 2795 8319 132 25668 2663 8058 19904 261 881 5764 1782 7000 8885 11019 4682 1058 4163 859 2675 977 923 8759 112 2642 207 78 7349 678
is_linear=0
shrinkage=0.05


Tree=22
num_leaves=31
num_cat=0
split_feature=299 299 293 299 296 299 183 299 299 255 299 296 256 299 292 241 299 123 160 221 191 271 109 250 120 247 270 187 190 200
split_gain=79525.5 26336.4 16578.7 9680.25 9390.33 6637.07 5969.02 3197.25 2351.01 1850.72 1429.3 1281.51 1145.1 1074.12 863.509 579.697 650.562 579.386 578.768 572.112 532.717 528.568 508.445 491.55 475.844 429.677 425.695 423.334 412.546 379.805
threshold=-13.249999999999998 -0.35000000894069666 -50.950000762939446 -5.6499998569488517 11.750000000000002 -24.849999427795407 -28.449999809265133 5.1499998569488534 -2.3500000238418575 -7.8500001430511466 24.750000000000004 -19.150000572204586 -25.849999427795407 1.5500000119209292 -2.6499999761581416 1.8499999642372134 -7.8500001430511466 -1.7499999999999998 -7.5499999523162833 -1.5500000119209287 -4.6499998569488517 10.550000190734865 2.6499999761581425 -4.1499998569488517 10.650000095367433 -8.3499999046325666 -9.4499998092651349 0.75000000000000011 2.0499999523162846 13.150000095367433
decision_type=2 2 2 2 2 2 2 2 2 2 2 2 2 2 2 2 2 2 2 2 2 2 2 2 2 2 2 2 2 2
left_child=2 3 6 9 7 12 -1 13 14 -2 29 -7 -4 18 23 16 -11 -13 -3 -9 -15 25 -16 -5 -21 -20 -19 -24 -10 -6
right_child=1 4 5 8 10 11 -8 19 28 15 -12 17 -14 20 22 -17 -18 26 21 24 -22 -23 27 -25 -26 -27 -28 -29 -30 -31
leaf_value=-1.8955036926269533 -0.12095527970763119 -0.092373599226658165 -0.56024668047505044 -0.032964366457749576 0.26926266492995538 -0.29377827245892191 -0.72593091328938808 0.039386011568116552 0.026038397895166626 -0.087396458972362423 0.61988300747341585 -0.21318968099648836 -0.3904187105704045 -0.0086087205260992044 0.00778387872218667 0.078544645401693536 -0.040584622168366308 -0.15056724118203235 -0.17454772055149081 0.16782505631611494 0.098731862211489121 0.28726215696334839 0.030407631930691251 -0.0067570682302028791 0.30137978430009554 0.057843829251317619 0.064946223298711622 0.16019863138347867 0.081837395011730818 0.4052919387817383
leaf_weight=20 1289 65 155 2640 113 546 24 81 8313 1051 54 976 276 120 4270 84 2526 97 20 905 3143 25 169 5552 72 3627 30 100 345 94
leaf_count=20 1289 65 155 2640 113 546 24 81 8313 1051 54 976 276 120 4270 84 2526 97 20 905 3143 25 169 5552 72 3627 30 100 345 94
internal_value=-0.000126718 0.0180737 -0.297109 -0.00642159 0.0956288 -0.276792 -1.25755 0.0860683 0.00816054 -0.0694311 0.390796 -0.23113 -0.451494 0.0738239 -0.0055098 -0.05129 -0.054339 -0.200118 0.055522 0.167081 0.0947843 0.05814 0.0119841 -0.0152028 0.177667 0.0565694 -0.0996585 0.0786571 0.0282619 0.331034
internal_weight=36782 34658 2124 26339 8319 2080 44 8058 21389 4950 261 1649 431 7000 12731 3661 3577 1103 3737 1058 3263 3672 4539 8192 977 3647 127 269 8658 207
internal_count=36782 34658 2124 26339 8319 2080 44 8058 21389 4950 261 1649 431 7000 12731 3661 3577 1103 3737 1058 3263 3672 4539 8192 977 3647 127 269 8658 207
is_linear=0
shrinkage=0.05


Tree=23
num_leaves=31
num_cat=0
split_feature=292 297 289 292 295 239 183 251 297 247 297 260 256 293 295 297 242 250 185 67 289 188 168 237 178 283 278 118 135 36
split_gain=71089 21018.1 15736.9 8544.11 7450.77 7389.77 5381.93 2654.69 2594.76 2038.22 2009.75 1125 961.374 758.248 726.838 699.883 656.609 619.152 610.241 576.765 501.131 484.673 480.411 474.22 430.184 422.991 413.137 410.565 408.391 361.902
threshold=-11.65000009536743 1.1500000357627871 -51.29999923706054 -3.8500000238418575 12.84999990463257 -19.849999427795407 -28.449999809265133 -6.3500001430511466 -15.249999999999998 -1.8499999642372129 6.1499998569488534 20.849999427795414 -25.849999427795407 -0.84999999403953541 -2.0499999523162837 -5.5499999523162833 -4.7499999999999991 3.3500000238418584 8.3499999046325701 -3.9500000476837154 -21.349999427795407 8.2500000000000018 4.3500001430511483 -8.8499999046325666 2.8500000238418584 0.35000000894069677 -2.7499999999999996 0.35000000894069677 -4.2499999999999991 -4.4500000476837149
decision_type=2 2 2 2 2 2 2 2 2 2 2 2 2 2 2 2 2 2 2 2 2 2 2 2 2 2 2 2 2 2
left_child=2 3 6 7 10 12 -1 23 20 19 14 -6 -4 -11 28 -9 -10 25 27 -5 -7 -15 -17 -2 26 -16 -21 -12 -3 -22
right_child=1 4 5 9 11 8 -8 15 16 13 18 -13 -14 21 17 22 -18 -19 -20 24 29 -23 -24 -25 -26 -27 -28 -29 -30 -31
leaf_value=-1.8007286071777344 -0.13702332397214079 -0.23479902070015668 -0.53601787542206014 -0.044818844850436274 0.31491777292887368 -0.31224401974586691 -0.69016125996907551 -0.046934211609708704 -0.1529992613211735 0.025673278199796798 0.08323923664057957 0.5542447547390037 -0.37652107037995997 0.052869433682652171 0.047741379177899099 -0.015869453509262374 -0.016872101604938509 0.12866272368570458 0.27206892302778901 -0.0026664192517801086 -0.19122962351474498 0.24825163371860981 0.15388077282834622 -0.07730053996631675 0.094899020114160612 0.088910280368082184 0.018495588246642273 0.17223950052753501 0.0080248695762120473 -0.25698171725178331
leaf_weight=20 452 20 153 542 150 261 24 2397 776 5439 170 73 247 3920 834 5478 100 757 122 5099 324 32 42 1256 141 2477 4211 545 129 591
leaf_count=20 452 20 153 542 150 261 24 2397 776 5439 170 73 247 3920 834 5478 100 757 122 5099 324 32 42 1256 141 2477 4211 545 129 591
internal_value=-0.000120382 0.0186346 -0.257746 0.00193774 0.110422 -0.240928 -1.19496 -0.0365709 -0.202605 0.021059 0.0979417 0.393262 -0.437529 0.037784 0.0838947 -0.0243743 -0.13746 0.0878674 0.168714 0.00534152 -0.251131 0.0544515 -0.0145779 -0.0931054 0.00821814 0.0785403 0.00690535 0.151079 -0.0245689 -0.233699
internal_weight=36782 34286 2496 29009 5277 2452 44 9625 2052 19384 5054 223 400 9391 4217 7917 876 4068 837 9993 1176 3952 5520 1708 9451 3311 9310 715 149 915
internal_count=36782 34286 2496 29009 5277 2452 44 9625 2052 19384 5054 223 400 9391 4217 7917 876 4068 837 9993 1176 3952 5520 1708 9451 3311 9310 715 149 915
is_linear=0
shrinkage=0.05


Tree=24
num_leaves=31
num_cat=0
split_feature=299 299 299 100 299 299 296 283 299 299 256 292 299 255 160 243 299 186 291 249 109 173 262 290 183 184 130 184 88 210
split_gain=65134.7 20319.9 14660.1 7724.45 7653.02 6505.81 4115.94 2093.1 1937.9 1259.44 997.007 816.628 725.473 701.199 646.298 543.956 492.025 485.99 471.139 469.291 463.771 455.029 431.04 430.251 429.202 406.436 385.178 356.405 335.156 330.341
threshold=-10.749999999999998 1.2500000000000002 -31.99999904632568 -22.199999809265133 -3.3500000238418575 14.949999809265138 -19.150000572204586 -7.2499999999999991 6.3500001430511483 -1.3499999642372129 -11.050000190734862 -3.0499999523162837 28.550000190734867 -20.849999427795407 -6.4500000476837149 2.4500000476837163 -6.6499998569488517 4.7500000000000009 1.5500000119209292 4.9500000476837167 3.8500000238418584 -6.7499999999999991 -2.6499999761581416 -41.79999923706054 -4.8500001430511466 -2.2499999999999996 8.7500000000000018 2.4500000476837163 1.0000000180025095e-35 -2.8500000238418575
decision_type=2 2 2 2 2 2 2 2 2 2 2 2 2 2 2 2 2 2 2 2 2 2 2 2 2 2 2 2 2 2
left_child=2 4 3 -1 7 8 13 21 15 17 -8 16 -7 -4 -11 24 -9 25 -10 -16 -13 -2 -12 -5 -3 -6 -20 -27 -29 -24
right_child=1 5 6 23 9 12 10 11 18 14 22 20 -14 -15 19 -17 -18 -19 26 -21 -22 -23 29 -25 -26 27 -28 28 -30 -31
leaf_value=-1.5484810965401787 -0.11785158426747942 -0.016082420081022335 -0.3733670564977134 -0.62800728352864588 -0.0037984141701457811 0.36041817090190054 -0.19120947245663811 -0.060340812781221102 0.064350686333645352 -0.023829238526026409 -0.12538168885520048 0.00072619006319951825 0.61474565778459822 -0.26636832245125258 0.041926247527287103 0.11609033856385831 -0.022408804639193106 0.19113589480127161 0.17396355048934026 0.14697164938681656 0.12287056585308165 -0.061687958576630578 0.13550126999616624 -0.47211884392632381 0.07978232713717176 0.021316038012036902 0.28884902768824472 -0.061659191682400465 0.042680513737974941 -0.12863946937024592
leaf_weight=21 490 122 205 75 2874 141 983 989 87 375 749 2719 35 605 6848 1177 6305 38 603 108 80 1366 29 108 2717 6468 83 251 111 20
leaf_count=21 490 122 205 75 2874 141 983 989 87 375 749 2719 35 605 6848 1177 6305 38 603 108 80 1366 29 108 2717 6468 83 251 111 20
internal_value=-0.000114363 0.0189663 -0.232134 -0.640233 0.00297547 0.112438 -0.200002 -0.0277156 0.101465 0.0244554 -0.157503 -0.0187417 0.410995 -0.293448 0.0401102 0.0875112 -0.027552 0.012675 0.173962 0.0435572 0.00421728 -0.0765156 -0.115983 -0.536008 0.0756627 0.0119762 0.187864 0.0186139 -0.0296655 0.0276887
internal_weight=36782 33987 2795 204 29022 4965 2591 11949 4789 17073 1781 10093 176 810 7331 4016 7294 9742 773 6956 2799 1856 798 183 2839 9704 686 6830 362 49
internal_count=36782 33987 2795 204 29022 4965 2591 11949 4789 17073 1781 10093 176 810 7331 4016 7294 9742 773 6956 2799 1856 798 183 2839 9704 686 6830 362 49
is_linear=0
shrinkage=0.05


Tree=25
num_leaves=31
num_cat=0
split_feature=299 299 299 299 295 299 299 243 299 256 296 297 295 173 243 77 299 241 282 52 295 232 217 158 271 256 299 257 232 257
split_gain=58763.2 18448.6 14829.2 7224.72 6793 6422.21 1887.48 1785.26 1378.39 1335.4 1333.06 1130.97 759.772 650.585 578.301 637.219 573.87 504.314 494.532 448.048 439.517 419.495 410.26 397.636 379.472 376.921 374.947 372.996 370.589 338.118
threshold=-10.949999809265135 0.75000000000000011 -48.600000381469719 11.949999809265138 -21.55000019073486 -4.3500001430511466 -2.0499999523162837 3.2500000000000004 -30.05000019073486 -11.15000009536743 -7.0499999523162833 22.94999980926514 -1.5500000119209287 -4.4500000476837149 0.94999998807907116 4.8500001430511483 6.5499999523162851 0.45000000298023229 -9.8499999046325666 0.55000001192092907 -14.249999999999998 -3.4500000476837154 -4.2499999999999991 -1.2499999999999998 10.550000190734865 -16.650000572204586 -14.349999904632567 2.0499999523162846 -2.8500000238418575 -2.1499999761581416
decision_type=2 2 2 2 2 2 2 2 2 2 2 2 2 2 2 2 2 2 2 2 2 2 2 2 2 2 2 2 2 2
left_child=2 5 -1 7 8 10 13 12 -4 26 20 -5 29 18 15 28 22 21 -7 23 -2 -12 -9 -17 -16 -10 -6 -15 -8 -3
right_child=1 3 4 11 9 6 14 16 25 -11 17 -13 -14 27 24 19 -18 -19 -20 -21 -22 -23 -24 -25 -26 -27 -28 -29 -30 -31
leaf_value=-1.2042443526418587 -0.22511166272064054 -0.037184909098025222 -0.44960588921440969 0.29378314586954379 -0.2124352379018665 -0.26868523231574465 0.0082921400508495467 0.33189147143136888 -0.32460391298632757 -0.11397379225955583 -0.045719295700242968 0.53734258432857329 0.077132396629861488 0.0047727616535701289 0.059525857550664342 -0.30110538244247437 0.18179919849742543 0.047048582224284902 -0.024514223509220688 0.074304795119349121 -0.071857881479829008 -0.016937300874256985 0.10852536881581332 -0.065111855719889325 0.2739010702996027 -0.21807250614677157 -0.1479807911735492 0.076073884543649023 0.034389652667300007 0.048624628308008476
leaf_weight=38 48 213 225 218 939 21 1724 21 321 798 2333 61 3638 9586 1214 20 440 221 1656 53 1846 2768 975 166 21 112 297 187 6448 249
leaf_count=38 48 213 225 218 939 21 1724 21 321 798 2333 61 3638 9586 1214 20 440 221 1656 53 1846 2768 975 166 21 112 297 187 6448 249
internal_value=-0.00019619 0.0176603 -0.223415 0.0987775 -0.20957 0.000999599 0.0149272 0.086266 -0.349215 -0.164394 -0.0397177 0.347034 0.0694621 0.00119996 0.0312216 0.0265304 0.134243 -0.0268974 -0.0275718 -0.0539436 -0.0757418 -0.0301011 0.113235 -0.0904875 0.0631711 -0.297048 -0.196947 0.00613706 0.028884 0.00906309
internal_weight=36857 34127 2730 5815 2692 28312 21096 5536 658 2034 7216 279 4100 11450 9646 8411 1436 5322 1677 239 1894 5101 996 186 1235 433 1236 9773 8172 462
internal_count=36857 34127 2730 5815 2692 28312 21096 5536 658 2034 7216 279 4100 11450 9646 8411 1436 5322 1677 239 1894 5101 996 186 1235 433 1236 9773 8172 462
is_linear=0
shrinkage=0.05


Tree=26
num_leaves=31
num_cat=0
split_feature=292 299 299 299 299 295 299 299 252 299 299 295 247 121 291 243 126 291 160 236 299 173 285 237 247 180 205 186 256 3
split_gain=53106.4 17130 12948 6902.48 6571.58 5166.49 2029.76 1953.5 1479.81 1151.2 999.33 685.96 623.123 586.802 553.085 536.37 549.837 530.845 490.947 476.999 479.099 476.734 477.357 397.82 360.075 347.547 335.394 330.5 326.899 321.364
threshold=-11.949999809265135 0.75000000000000011 -48.600000381469719 -4.8500001430511466 14.949999809265138 -23.05000019073486 6.0499999523162851 -2.1499999761581416 -6.6499998569488517 -15.050000190734862 -31.99999904632568 -2.0499999523162837 31.500000000000004 -2.9500000476837154 2.4500000476837163 0.94999998807907116 5.1499998569488534 1.5500000119209292 -6.3500001430511466 -1.1500000357627866 -8.8499999046325666 0.94999998807907116 -20.150000572204586 5.6499998569488534 -2.0499999523162837 -0.94999998807907093 7.3500001430511483 4.7500000000000009 -9.8499999046325666 4.8500001430511483
decision_type=2 2 2 2 2 2 2 2 2 2 2 2 2 2 2 2 2 2 2 2 2 2 2 2 2 2 2 2 2 2
left_child=2 3 -1 8 6 10 11 13 28 -7 -4 25 -6 -5 -15 16 18 -8 -9 20 -10 22 -11 -13 -25 -3 -17 -16 -2 -12
right_child=1 4 5 7 12 9 17 15 19 21 29 23 -14 14 27 26 -18 -19 -20 -21 -22 -23 -24 24 -26 -27 -28 -29 -30 -31
leaf_value=-1.1440322072882401 -0.12062587708855668 -0.032180335290631537 -0.44637834846628888 -0.021996474495257129 0.33957536962648105 -0.20698015853310192 0.051016404194252518 -0.028428867168611649 -0.088340673474209735 -0.36960316924821762 -0.31680521648054177 0.073477456449106388 0.56852845887880077 0.0032176393892562848 0.067612748638179801 0.054557154771495378 -0.064507052380787702 0.1701041800167222 0.028514207006193022 0.014592657737340779 -0.031317702200840895 0.051712872460484505 -0.12771680687724704 0.33801484789167136 0.12100715807905781 0.064215673389112424 0.2053933215768714 0.270059316419065 -0.072332827838673008 -0.16362444099627044
leaf_weight=38 480 227 173 2620 151 1021 107 396 411 21 346 4154 37 9246 126 1222 171 746 8577 500 3550 36 710 21 213 159 38 24 1298 38
leaf_count=38 480 227 173 2620 151 1021 107 396 411 21 346 4154 37 9246 126 1222 171 746 8577 500 3550 36 710 21 213 159 38 24 1298 38
internal_value=-0.000186381 0.0155934 -0.228466 -0.00028285 0.0938386 -0.21363 0.084123 0.0126615 -0.0467988 -0.172207 -0.346599 0.0714293 0.384635 -0.00107189 0.00476276 0.0285228 0.0243086 0.155166 0.0260012 -0.0314256 -0.0372345 -0.125918 -0.134666 0.0770506 0.140482 0.00752683 0.0591062 0.100004 -0.0853703 -0.301647
internal_weight=36857 34474 2383 28659 5815 2345 5627 22420 6239 1788 557 4774 188 12016 9396 10404 9144 853 8973 4461 3961 767 731 4388 234 386 1260 150 1778 384
internal_count=36857 34474 2383 28659 5815 2345 5627 22420 6239 1788 557 4774 188 12016 9396 10404 9144 853 8973 4461 3961 767 731 4388 234 386 1260 150 1778 384
is_linear=0
shrinkage=0.05


Tree=27
num_leaves=31
num_cat=0
split_feature=293 299 212 299 299 299 242 241 292 177 299 283 249 234 247 125 299 201 249 212 164 299 299 249 299 202 123 299 255 71
split_gain=48008.7 16009.1 11464.9 6676.73 6432.93 3974.33 2042.6 1546.48 1431.57 1137.95 937.232 626.002 606.748 599.2 453.559 446.572 442.935 409.614 408.619 394.091 387.826 380.785 376.994 353.288 341.759 359.599 330.697 325.085 324.177 320.629
threshold=-13.449999809265135 -0.35000000894069666 -39.649999618530266 11.09999990463257 -5.4500000476837149 -27.249999999999996 2.7500000000000004 -6.5499999523162833 -2.6499999761581416 27.44999980926514 -18.150000572204586 -1.6500000357627866 7.4500000476837167 -3.0499999523162837 0.35000000894069677 -5.8500001430511466 -3.1499999761581416 1.6500000357627871 -29.650000572204586 -7.8500001430511466 -9.4499998092651349 1.6500000357627871 -9.8499999046325666 -0.45000000298023218 5.0499999523162851 -6.7499999999999991 -2.2499999999999996 32.95000076293946 -10.249999999999998 6.9500000476837167
decision_type=2 2 2 2 2 2 2 2 2 2 2 2 2 2 2 2 2 2 2 2 2 2 2 2 2 2 2 2 2 2
left_child=2 4 -1 6 7 18 11 22 16 29 26 15 24 -10 -15 -3 20 -9 -4 -17 -6 -13 -2 -19 25 -8 -7 -11 -12 -5
right_child=1 3 5 9 8 10 12 17 13 27 28 21 -14 14 -16 19 -18 23 -20 -21 -22 -23 -24 -25 -26 -27 -28 -29 -30 -31
leaf_value=-1.1474352668313419 -0.11555389172598099 -0.1424032837152481 -0.48230861229232591 0.18834587254307489 -0.13261769320283617 -0.24287483538774884 0.26102638617157936 -0.038942050565551792 -0.0033689686343801664 0.39812955038888115 -0.17353917427104096 0.04581813829160887 0.17985909825830318 0.020135184017850916 0.05065314928505868 -0.10178230153886897 0.0060055308394903507 -0.030737013744530139 -0.35107137816292899 0.032423743757812144 -0.014216988477256316 0.0746526229348521 -0.069149220803821534 0.12429302889209444 0.13359291384918523 0.079650975077663444 -0.13088797992222931 0.62670303344726563 -0.10414845497758539 0.30772689763380562
leaf_weight=34 887 40 79 132 70 680 28 3512 2334 70 696 2326 268 7538 1452 57 3970 74 238 1356 5778 2255 864 73 495 1138 73 20 222 98
leaf_count=34 887 40 79 132 70 680 28 3512 2334 70 696 2326 268 7538 1452 57 3970 74 238 1356 5778 2255 864 73 495 1138 73 20 222 98
internal_value=-0.000177061 0.0135714 -0.237035 0.0742591 -0.00536041 -0.221464 0.0652601 -0.0540124 0.00708907 0.298194 -0.190673 0.0509419 0.110048 0.0192038 0.0250642 0.0223461 -0.00688399 -0.0355194 -0.383777 0.0270099 -0.0156342 0.0600119 -0.0926563 0.0462507 0.0987839 0.0840065 -0.232018 0.448924 -0.156758 0.239213
internal_weight=36857 34835 2022 8283 26552 1988 7963 5410 21142 320 1671 6034 1929 11324 8990 1453 9818 3659 317 1413 5848 4581 1751 147 1661 1166 753 90 918 230
internal_count=36857 34835 2022 8283 26552 1988 7963 5410 21142 320 1671 6034 1929 11324 8990 1453 9818 3659 317 1413 5848 4581 1751 147 1661 1166 753 90 918 230
is_linear=0
shrinkage=0.05


Tree=28
num_leaves=31
num_cat=0
split_feature=299 299 299 295 299 299 294 243 299 232 252 292 299 295 247 245 228 271 232 125 119 77 292 94 121 249 217 236 46 299
split_gain=43427.1 12804.9 11772.1 6715.07 5117.29 3982.92 1794.24 1475.02 1014.21 884.321 874.687 538.753 529.318 514.309 514.017 485.018 441.585 427.723 412.74 449.818 358.595 354.555 336.699 345.925 334.566 325.417 307.776 302.774 296.395 291.003
threshold=-8.9499998092651349 1.2500000000000002 -48.600000381469719 -21.55000019073486 14.949999809265138 -3.1499999761581416 -13.349999904632567 3.2500000000000004 -28.749999999999996 -3.7499999999999996 -0.65000000596046437 1.1500000357627871 6.5499999523162851 -1.5500000119209287 31.500000000000004 -3.1499999761581416 -7.2499999999999991 10.550000190734865 -2.5499999523162837 -8.0500001907348615 2.1499999761581425 2.4500000476837163 -1.3499999642372129 4.8500001430511483 -1.6500000357627866 -29.650000572204586 -3.8500000238418575 -2.8500000238418575 1.0000000180025095e-35 -19.849999427795407
decision_type=2 2 2 2 2 2 2 2 2 2 2 2 2 2 2 2 2 2 2 2 2 2 2 2 2 2 2 2 2 2
left_child=2 5 -1 8 7 9 24 13 25 16 18 20 26 27 -6 -8 21 22 19 -7 -11 -2 23 -12 29 -4 -9 28 -3 -5
right_child=1 4 3 6 14 10 15 12 -10 11 17 -13 -14 -15 -16 -17 -18 -19 -20 -21 -22 -23 -24 -25 -26 -27 -28 -29 -30 -31
leaf_value=-1.0401335063733554 -0.065358885567809263 0.028908581286668778 -0.46560514789738072 -0.22429840227133011 0.30693495542008359 -0.19973787175757546 -0.097251815061412158 0.28219258266946545 -0.24919821020938288 -0.011218929737145689 0.025448945687679421 0.0648794596105121 0.16499101887901857 0.07032717638680383 0.51487997931403084 -0.0058700779024858651 -0.027797794768511311 0.25732649402184921 0.02014636749061708 0.0013701765971282582 0.042179172157563949 -0.26960797900841998 0.045398536016429666 -0.054277255000999648 -0.086331846802656001 -0.3413115708285539 0.09695593931745472 0.030942493982310665 -0.16864158949533176 -0.16258443599965233
leaf_weight=38 621 34 73 241 151 28 1480 23 397 6654 1686 258 513 2972 37 161 4123 22 6873 3986 330 22 3550 148 116 189 896 271 43 921
leaf_count=38 621 34 73 241 151 28 1480 23 397 6654 1686 258 513 2972 37 161 4123 22 6873 3986 330 22 3550 148 116 189 896 271 43 921
internal_value=-0.000168209 0.0177324 -0.164724 -0.155427 0.0920102 0.00476706 -0.122881 0.0818881 -0.299588 -0.0170821 0.02087 -0.00607467 0.124304 0.0635931 0.34786 -0.0882863 -0.0338081 0.0373104 0.0127064 -3.26698e-05 -0.00869582 -0.0723472 0.0364113 0.0190152 -0.167301 -0.375943 0.101592 0.00608253 -0.0814116 -0.175384
internal_weight=36857 33241 3616 3578 4940 28301 2919 4752 659 12008 16293 7242 1432 3320 188 1641 4766 5406 10887 4014 6984 643 5384 1834 1278 262 919 348 77 1162
internal_count=36857 33241 3616 3578 4940 28301 2919 4752 659 12008 16293 7242 1432 3320 188 1641 4766 5406 10887 4014 6984 643 5384 1834 1278 262 919 348 77 1162
is_linear=0
shrinkage=0.05


Tree=29
num_leaves=31
num_cat=0
split_feature=257 299 225 299 200 295 299 291 299 299 285 299 153 101 252 180 186 295 124 238 287 298 72 118 14 179 299 160 185 283
split_gain=39228.5 12827.5 9828.15 5679.54 4631.15 3879.57 1759.17 1442.14 1239.66 871.209 720.088 693.885 539.976 532.677 511.989 507.495 431.867 413.03 381.419 377.365 375.882 350.276 340.249 327.589 321.184 320.483 296.437 295.154 283.07 279.029
threshold=-10.849999904632567 1.2500000000000002 -43.04999923706054 -4.8500001430511466 13.84999990463257 -21.55000019073486 -2.0499999523162837 6.1499998569488534 -8.3499999046325666 -31.99999904632568 13.000000000000002 -14.349999904632567 -3.9500000476837154 2.2500000000000004 -0.65000000596046437 -0.94999998807907093 5.3500001430511483 -2.7499999999999996 -7.9500000476837149 -1.3499999642372129 1.0500000119209292 -4.5499999523162833 5.8500001430511483 7.1499998569488534 2.4500000476837163 -0.65000000596046437 9.9499998092651385 -4.5499999523162833 0.25000000745058065 -9.2499999999999982
decision_type=2 2 2 2 2 2 2 2 2 2 2 2 2 2 2 2 2 2 2 2 2 2 2 2 2 2 2 2 2 2
left_child=2 3 -1 8 7 9 12 15 19 -4 -6 -7 24 21 18 17 28 -3 -8 29 25 -13 23 -16 -5 -10 -9 -20 -14 -2
right_child=1 4 5 6 10 11 14 26 20 -11 -12 13 16 -15 22 -17 -18 -19 27 -21 -22 -23 -24 -25 -26 -27 -28 -29 -30 -31
leaf_value=-1.0584946141098486 -0.10259930610101631 -0.073823513864643045 -0.38690779396657193 -0.018780851213273372 0.24390136690905495 -0.17392043203736346 -0.169555881453885 0.12300421200138079 -0.034278453668719837 -0.25683086231190672 0.43269495129585267 -0.10873671069561097 0.0011583408251252072 0.11533258442695325 0.041993665274490423 0.073217830810823545 0.16633407228240155 0.040992108675410713 -0.01332936952422357 0.0057054767471093407 0.080741790356114507 -0.32156758740544322 -0.034130106483762329 0.23544316698204387 -0.11783928383799161 0.0063680687788739187 0.19773269151089459 0.022518069870368449 0.029961644738749578 -0.061719576511623825
leaf_weight=33 859 90 178 2194 137 960 27 618 3941 465 80 579 9515 26 4164 3239 41 604 641 130 79 20 148 22 85 553 169 5511 937 812
leaf_count=33 859 90 178 2194 137 960 27 618 3941 465 80 579 9515 26 4164 3239 41 604 641 130 79 20 148 22 85 553 169 5511 937 812
internal_value=-0.000159798 0.0130273 -0.201938 0.000605559 0.0876506 -0.189251 0.0120532 0.0772672 -0.0412141 -0.29284 0.313503 -0.147227 -0.000415452 -0.106226 0.0272011 0.0649041 0.00437581 0.0261025 0.01796 -0.0763506 -0.0273762 -0.115843 0.0403761 0.0430104 -0.0224754 -0.0292768 0.139051 0.018783 0.0037405 -0.0827344
internal_weight=36857 34596 2261 29659 4937 2228 23285 4720 6374 643 217 1585 12772 625 10513 3933 10493 694 6179 1801 4573 599 4334 4186 2279 4494 787 6152 10452 1671
internal_count=36857 34596 2261 29659 4937 2228 23285 4720 6374 643 217 1585 12772 625 10513 3933 10493 694 6179 1801 4573 599 4334 4186 2279 4494 787 6152 10452 1671
is_linear=0
shrinkage=0.05


Tree=30
num_leaves=31
num_cat=0
split_feature=295 299 289 243 299 183 299 299 233 241 196 241 170 283 254 247 95 233 191 236 124 297 77 19 189 165 292 299 263 112
split_gain=34945.6 10560.8 6993.93 4591.21 2802.07 2604.34 1540 1521.66 857.77 697.555 623.247 562.865 508.816 460.655 436.101 425.812 420.387 622.394 417.66 367.562 346.941 330.627 329.713 286.484 328.219 284.442 283.662 282.599 274.372 254.307
threshold=-9.8499999046325666 -0.45000000298023218 -24.05000019073486 11.250000000000002 -4.3500001430511466 -28.449999809265133 -14.349999904632567 3.6499999761581425 -1.8499999642372129 -6.5499999523162833 32.95000076293946 -17.249999999999996 2.4500000476837163 2.9500000476837163 -3.2499999999999996 -2.5499999523162837 -19.650000572204586 -28.249999999999996 4.7500000000000009 -0.84999999403953541 -1.5500000119209287 -0.94999998807907093 3.7500000000000004 -4.1499998569488517 -1.0000000180025095e-35 -6.7499999999999991 -5.3500001430511466 -18.150000572204586 -11.849999904632567 -7.6499998569488517
decision_type=2 2 2 2 2 2 2 2 2 2 2 2 2 2 2 2 2 2 2 2 2 2 2 2 2 2 2 2 2 2
left_child=2 4 5 7 9 -1 20 12 15 28 -5 16 14 21 22 25 -7 -18 -8 -11 27 -9 -3 -10 -25 -6 -16 -4 -2 -21
right_child=1 3 6 10 8 11 18 13 23 19 -12 -13 -14 -15 26 -17 17 -19 -20 29 -22 -23 -24 24 -26 -27 -28 -29 -30 -31
leaf_value=-0.76251396410392991 -0.16473261131690098 0.012751537665875778 -0.1957398589621199 0.23636373840602098 -0.085826748091445748 -0.11951345671778141 -0.091739754338859517 -0.080342583329631734 -0.03325983944298333 -0.025859245722841696 0.45521851589805201 -0.1763691293226706 0.069702782223254309 0.11420348318873859 -0.036361149204048246 0.011740512462247644 -0.4602564409554723 -0.3044858575712705 0.11082899077580527 -0.15836332738399506 -0.065066402441844709 0.07032131424652098 -0.093660354210310673 0.015995911786011448 0.03861921102371868 -0.007767676087912203 0.044978830001765051 -0.14870422329024172 -0.058847432196369322 0.02319519751853277
leaf_weight=33 65 592 611 226 119 23 1194 39 239 5244 38 74 1567 1220 110 3957 83 282 26 20 82 549 83 5757 2222 6050 4188 669 1041 541
leaf_count=33 65 592 611 226 119 23 1194 39 239 5244 38 74 1567 1220 110 3957 83 282 26 20 82 549 83 5757 2222 6050 4188 669 1041 541
internal_value=0.000102759 0.0147606 -0.161229 0.0625742 -0.00154392 -0.333393 -0.128223 0.056082 0.00867862 -0.0286778 0.267866 -0.302741 0.0448579 0.0966821 0.0370293 -0.00106168 -0.326843 -0.339908 -0.0874227 -0.0217441 -0.164769 0.0603283 -0.000333184 0.0206804 0.0222961 -0.00927344 0.0428971 -0.171156 -0.0650703 0.0167225
internal_weight=36944 33867 3077 8612 25255 495 2582 8348 18344 6911 264 462 6540 1808 4973 10126 388 365 1220 5805 1362 588 675 8218 7979 6169 4298 1280 1106 561
internal_count=36944 33867 3077 8612 25255 495 2582 8348 18344 6911 264 462 6540 1808 4973 10126 388 365 1220 5805 1362 588 675 8218 7979 6169 4298 1280 1106 561
is_linear=0
shrinkage=0.05


Tree=31
num_leaves=31
num_cat=0
split_feature=255 299 286 243 24 299 296 293 287 233 28 249 184 196 121 241 247 174 299 21 299 109 72 185 299 179 99 293 293 243
split_gain=31611 9667.56 6166.59 4148.45 2890.51 2760.32 1380.71 1300.52 838.462 767.734 723.298 745.755 568.102 562.48 447.573 386.688 377.286 331.314 313.809 303.016 292.937 291.359 279.003 412.779 288.742 265.01 261.005 288.596 245.941 227.522
threshold=-9.1500000953674299 -0.45000000298023218 -23.55000019073486 11.250000000000002 -10.249999999999998 -4.3500001430511466 5.4500000476837167 -11.949999809265135 -7.3500001430511466 -1.8499999642372129 -14.749999999999998 -29.650000572204586 1.5500000119209292 32.95000076293946 -3.8500000238418575 0.35000000894069677 -2.5499999523162837 -6.2499999999999991 -8.5500001907348615 -2.0499999523162837 -22.249999999999996 0.65000000596046459 5.2500000000000009 0.84999999403953563 -1.8499999642372129 -0.25000000745058054 -8.7499999999999982 0.65000000596046459 8.9499998092651385 1.1500000357627871
decision_type=2 2 2 2 2 2 2 2 2 2 2 2 2 2 2 2 2 2 2 2 2 2 2 2 2 2 2 2 2 2
left_child=2 5 4 6 -1 8 12 20 18 16 -6 19 14 -5 -3 -10 -7 -16 29 -12 -4 -8 23 24 -11 -9 -19 -28 -14 -2
right_child=1 3 7 13 10 9 21 25 15 22 11 -13 28 -15 17 -17 -18 26 -20 -21 -22 -23 -24 -25 -26 -27 27 -29 -30 -31
leaf_value=-0.86375904212827281 -0.08718728091148352 -0.019523453212935818 -0.20946126131667306 0.22454555351122291 -0.010074442083185371 -0.008639175246290055 0.056115492520568612 -0.079976443191824384 -0.021823507073527051 0.0081703010571383301 -0.33024346701800827 -0.27274946633138158 0.063385898513181937 0.43245760767083424 -0.11564062868847567 0.041714644604232687 0.011146631362394927 0.22125144571065905 -0.039146683596678687 -0.51487620443105697 -0.1437387608595497 0.12066929158720657 -0.033005505009386385 0.050743886914889638 0.028829337041455586 0.062603248217526608 0.029524081844139367 0.055157730040938373 0.1899826927826955 0.079663987954457616
leaf_weight=23 755 341 194 226 22 6170 222 786 5208 4012 40 380 2353 38 34 251 3953 20 888 50 1345 822 244 1034 2924 34 2630 1885 39 21
leaf_count=23 755 341 194 226 22 6170 222 786 5208 4012 40 380 2353 38 34 251 3953 20 888 50 1345 822 244 1034 2924 34 2630 1885 39 21
internal_value=9.76215e-05 0.0135307 -0.159145 0.0593312 -0.315896 -0.00195802 0.0531585 -0.124925 -0.0283732 0.00830294 -0.290285 -0.303401 0.0454687 0.254472 0.0357345 -0.0189021 -0.000912879 0.0398586 -0.0594445 -0.432817 -0.152023 0.106942 0.0196606 0.0212729 0.0168795 -0.0740646 0.0410244 0.0402261 0.06545 -0.082672
internal_weight=36944 34070 2874 8610 515 25460 8346 2359 7123 18337 492 470 7302 264 4910 5459 10123 4569 1664 90 1539 1044 8214 7970 6936 820 4535 4515 2392 776
internal_count=36944 34070 2874 8610 515 25460 8346 2359 7123 18337 492 470 7302 264 4910 5459 10123 4569 1664 90 1539 1044 8214 7970 6936 820 4535 4515 2392 776
is_linear=0
shrinkage=0.05


Tree=32
num_leaves=31
num_cat=0
split_feature=295 299 293 299 299 25 241 239 243 247 81 246 262 183 257 299 205 38 299 291 299 293 255 178 293 295 198 237 233 172
split_gain=28542.6 8701.64 5783.23 3322.99 3109.44 3101.87 1887.24 957.749 935.625 671.937 646.388 613.161 591.967 414.532 413.165 407.472 351.682 340.186 322.761 313.293 305.842 302.857 300.999 264.348 299.438 244.809 237.293 234.172 232.896 230.424
threshold=-9.8499999046325666 1.4499999880790713 -29.150000572204586 -3.3500000238418575 14.949999809265138 -9.9499998092651349 -13.249999999999998 -5.9500000476837149 4.7500000000000009 -1.8499999642372129 -16.30000019073486 -32.949998855590813 0.65000000596046459 -3.8500000238418575 -0.84999999403953541 -19.05000019073486 24.500000000000004 -3.2499999999999996 -1.2499999999999998 2.4500000476837163 -6.6499998569488517 -15.550000190734862 -14.15000009536743 2.8500000238418584 -5.1499998569488517 7.3500001430511483 4.0499999523162851 5.8500001430511483 1.9499999880790713 -6.5499999523162833
decision_type=2 2 2 2 2 2 2 2 2 2 2 2 2 2 2 2 2 2 2 2 2 2 2 2 2 2 2 2 2 2
left_child=2 3 5 7 8 -1 15 22 13 23 -7 -12 20 -3 21 -4 -6 -14 26 -15 -9 -8 -2 24 -5 29 -11 -10 -22 -20
right_child=1 4 6 9 16 10 14 12 27 18 11 -13 17 19 -16 -17 -18 -19 25 -21 28 -23 -24 -25 -26 -27 -28 -29 -30 -31
leaf_value=-0.95969782233238221 -0.24263378708135513 -0.0092302688679813793 -0.20198266920061206 -0.036905250765049635 0.25174219676426479 -0.060763062601504117 -0.13245386969856437 -0.037281727657579526 0.091329202905716195 0.014774420515303064 -0.51706025719642645 -0.30305064236245505 0.13911281102456344 0.04960155418543058 0.077439472493198186 -0.14133706213670402 0.43786430358886719 0.024213038331552132 -0.12077251261410614 0.080611413994329514 -0.01208506014388365 -0.081840963864313387 -0.052006200826176074 0.077566461951937532 0.0073960349915675599 0.18760592814248345 0.12542940906952232 0.14280928436394602 0.059557500497397525 0.034524555645578749
leaf_weight=20 21 221 602 402 140 23 387 1286 498 4307 40 205 78 2140 36 513 31 370 24 1315 8354 1251 1488 128 7454 26 49 397 115 5023
leaf_count=20 21 221 602 402 140 23 387 1286 498 4307 40 205 78 2140 36 513 31 370 24 1315 8354 1251 1488 128 7454 26 49 397 115 5023
internal_value=9.27403e-05 0.0133398 -0.145711 0.00311325 0.0761506 -0.359025 -0.123684 -0.0174799 0.0683196 0.0169642 -0.314199 -0.337991 -0.0119812 0.0571576 -0.0901164 -0.17408 0.285484 0.0442179 0.0260023 0.0614041 -0.0145622 -0.093799 -0.0546591 0.00629041 0.00512909 0.0345744 0.0160192 0.114165 -0.0111122 0.0337861
internal_weight=36944 33867 3077 29125 4742 288 2789 11712 4571 17413 268 245 10203 3676 1674 1115 171 448 9429 3455 9755 1638 1509 7984 7856 5073 4356 895 8469 5047
internal_count=36944 33867 3077 29125 4742 288 2789 11712 4571 17413 268 245 10203 3676 1674 1115 171 448 9429 3455 9755 1638 1509 7984 7856 5073 4356 895 8469 5047
is_linear=0
shrinkage=0.05


Tree=33
num_leaves=31
num_cat=0
split_feature=255 299 286 299 299 24 297 287 251 83 299 247 262 3 183 271 293 247 232 36 298 297 177 299 38 166 291 188 189 48
split_gain=25859.3 7908.45 5065.48 3142.68 2811.08 2444.79 1068.24 998.526 888.504 653.269 803.996 626.741 491.322 434.352 385.635 340.712 326.518 317.425 313.757 313.423 309.896 301.88 290.037 287.847 283.984 280.607 267.489 285.962 266.863 266.561
threshold=-9.1500000953674299 1.4499999880790713 -23.55000019073486 -3.4500000476837154 14.949999809265138 -10.249999999999998 -14.749999999999998 -7.3500001430511466 3.8500000238418584 -16.55000019073486 -37.499999999999993 -1.8499999642372129 0.65000000596046459 4.8500001430511483 -3.8500000238418575 10.550000190734865 -0.55000001192092884 31.500000000000004 -3.4500000476837154 -4.5499999523162833 -13.550000190734862 -6.3500001430511466 -6.2499999999999991 -8.5500001907348615 -2.8500000238418575 -2.3500000238418575 2.9500000476837163 -4.6499998569488517 1.1500000357627871 -6.4500000476837149
decision_type=2 2 2 2 2 2 2 2 2 2 2 2 2 2 2 2 2 2 2 2 2 2 2 2 2 2 2 2 2 2
left_child=2 3 5 7 8 -1 19 23 14 -7 -11 21 18 -12 -3 16 -13 -6 20 22 -9 25 -4 -2 -14 -5 27 -16 -8 -29
right_child=1 4 6 11 17 9 28 12 -10 10 13 15 24 -15 26 -17 -18 -19 -20 -21 -22 -23 -24 -25 -26 -27 -28 29 -30 -31
leaf_value=-0.78986410200595858 -0.075296328984892247 -0.011860776183217072 -0.12292502252144598 -0.20337182211153434 0.24106526408162152 -0.027916582993098668 -0.084172079796846072 0.15154771089553834 0.10640217789912128 -0.40380150493310424 -0.26109030895480295 0.016549344143649152 0.10618256627239733 -0.082522581360842062 -0.070516425430774687 0.20524998536476724 0.03556424001681413 0.42516016278948099 -0.0055744625578753471 -0.16763304661806316 -0.025005793078200778 0.006596731358312422 0.060094385976781663 -0.034458963343022779 0.015938778408416357 -0.0074936306331215841 0.078306689735157475 0.2276819007737296 0.084195855756600713 0.048711542710379668
leaf_weight=23 776 215 368 33 143 28 1214 25 999 98 328 5760 117 38 50 26 3713 28 5031 730 4267 8229 23 972 342 41 1038 21 24 2244
leaf_count=23 776 215 368 33 143 28 1214 25 999 98 328 5760 117 38 50 26 3713 28 5031 730 4267 8229 23 972 342 41 1038 21 24 2244
internal_value=8.81033e-05 0.0122377 -0.143941 0.00255594 0.0721758 -0.286009 -0.112925 -0.0177802 0.0647235 -0.262455 -0.276608 0.0157273 -0.0115602 -0.24255 0.0530539 0.0244984 0.0240023 0.271209 -0.0140466 -0.148284 -0.0239774 0.00569264 -0.112159 -0.0525881 0.0389421 -0.0948447 0.0572164 0.0477599 -0.0809081 0.0503709
internal_weight=36944 34070 2874 29332 4738 515 2359 11530 4567 492 464 17802 9782 366 3568 9499 9473 171 9323 1121 4292 8303 391 1748 459 74 3353 2315 1238 2265
internal_count=36944 34070 2874 29332 4738 515 2359 11530 4567 492 464 17802 9782 366 3568 9499 9473 171 9323 1121 4292 8303 391 1748 459 74 3353 2315 1238 2265
is_linear=0
shrinkage=0.05


Tree=34
num_leaves=31
num_cat=0
split_feature=293 299 293 299 239 24 242 241 130 292 17 34 299 288 167 187 299 77 299 287 268 72 255 202 109 298 55 222 139 293
split_gain=23338.3 7911.78 3699.46 3580.36 2351.84 2335.77 1428.65 1148.12 924.108 793.241 764.702 527.938 466.874 435.891 424.644 404.395 384.843 379.387 357.038 355.018 338.12 317.464 312.703 294.415 293.878 281.023 246.045 226.915 224.107 222.641
threshold=-13.449999809265135 -1.8499999642372129 8.7500000000000018 -37.499999999999993 -5.9500000476837149 -7.7499999999999991 1.5500000119209292 -18.55000019073486 8.0500001907348651 -3.7499999999999996 -3.5499999523162837 -4.0499999523162833 2.6499999761581425 -0.74999999999999989 6.0499999523162851 -1.0000000180025095e-35 -6.6499998569488517 4.6499998569488534 -9.8499999046325666 -8.5500001907348615 21.250000000000004 -4.9500000476837149 -3.6499999761581416 -6.7499999999999991 4.7500000000000009 -17.55000019073486 3.5499999523162846 -3.7499999999999996 -4.9500000476837149 -3.7499999999999996
decision_type=2 2 2 2 2 2 2 2 2 2 2 2 2 2 2 2 2 2 2 2 2 2 2 2 2 2 2 2 2 2
left_child=3 4 6 5 18 -1 11 -5 -4 14 -7 -3 23 17 16 21 -6 19 -2 -13 -10 -11 -21 -8 -17 -9 -19 28 -27 -23
right_child=1 2 8 7 9 10 12 25 20 15 -12 13 -14 -15 -16 24 -18 26 -20 22 -22 29 -24 -25 -26 27 -28 -29 -30 -31
leaf_value=-0.9175112247467041 -0.081134746761287457 0.056202595994728689 0.11611622557227995 -0.21739165123019899 -0.042566422840520257 -0.058332612968626477 0.19235209181453244 -0.14814176869061257 0.22879051999612288 -0.058312423672865744 -0.39488228711971018 -0.16078497022390367 0.082564899826049809 0.032564953712860112 0.1893145192563534 0.025200733018956967 -0.012106002386675857 -0.075240677353723084 -0.041662250062032127 -0.015449817951230708 0.42884976069132491 -0.02258550500297736 0.019609436793611747 0.041559370022959417 0.13748234105105589 -0.11664768735470837 0.10967001628130675 -0.22328807763559255 -0.055457171121681186 0.0050434742212050257
leaf_weight=20 914 1154 324 448 1240 21 33 720 176 220 86 29 1500 4181 25 1305 6332 179 1535 741 24 803 4489 1695 61 487 20 38 216 7928
leaf_count=20 914 1154 324 448 1240 21 33 720 176 220 86 29 1500 4181 25 1305 6332 179 1535 741 24 803 4489 1695 61 487 20 38 216 7928
internal_value=8.36981e-05 0.00968122 0.0378461 -0.164469 -0.0104366 -0.421536 0.0329713 -0.147368 0.168285 -0.00415382 -0.32883 0.0242428 0.0621555 0.0204165 -0.016415 0.00487478 -0.0170942 0.0111105 -0.0563939 0.0136748 0.252798 0.00100768 0.0146422 0.0444391 0.0302148 -0.125895 -0.0566567 -0.10428 -0.0978466 0.00250241
internal_weight=36944 34908 14545 2036 20363 127 14021 1909 524 17914 107 10793 3228 9639 7597 10317 7572 5458 2449 5259 200 8951 5230 1728 1366 1461 199 741 703 8731
internal_count=36944 34908 14545 2036 20363 127 14021 1909 524 17914 107 10793 3228 9639 7597 10317 7572 5458 2449 5259 200 8951 5230 1728 1366 1461 199 741 703 8731
is_linear=0
shrinkage=0.05


Tree=35
num_leaves=31
num_cat=0
split_feature=255 291 239 299 171 284 297 0 299 299 170 116 241 284 185 23 189 249 293 265 293 231 77 182 235 104 288 242 119 265
split_gain=21012.3 6801.62 4181 2741.72 2384 1496.83 1055.65 971.162 908.375 890.041 623.547 529.474 430.847 395.56 334.923 331.03 305.715 270.109 265.89 263.358 250.327 247.888 246.435 289.531 238.708 227.263 223.884 223.742 221.301 215.552
threshold=-9.1500000953674299 1.3499999642372134 -21.05000019073486 -3.1499999761581416 12.34999990463257 -50.600000381469719 -16.05000019073486 5.4500000476837167 -7.4500000476837149 5.1499998569488534 2.5499999523162846 -6.8500001430511466 1.0000000180025095e-35 -2.0499999523162837 -0.55000001192092884 -0.94999998807907093 1.1500000357627871 0.65000000596046459 -11.15000009536743 17.050000190734867 -3.1499999761581416 -10.849999904632567 4.5499999523162851 -1.3499999642372129 0.15000000223517421 -0.55000001192092884 -13.249999999999998 -9.0500001907348615 2.1499999761581425 5.5499999523162851
decision_type=2 2 2 2 2 2 2 2 2 2 2 2 2 2 2 2 2 2 2 2 2 2 2 2 2 2 2 2 2 2
left_child=2 3 5 8 9 7 25 -1 17 11 13 -3 21 22 -13 -12 18 26 -8 -6 -16 -10 23 -5 -19 27 -2 -4 -23 -15
right_child=1 4 6 10 19 -7 16 -9 12 -11 15 14 -14 29 20 -17 -18 24 -20 -21 -22 28 -24 -25 -26 -27 -28 -29 -30 -31
leaf_value=-0.80583943756563325 -0.10858193023786325 -0.16530663761599312 -0.14284745295373322 -0.0020092872280430122 0.18881667677561442 -0.24937511525751985 -0.10225771398544313 -0.33554623745705769 -0.18400772519054867 0.1019383128120013 0.064253748709744915 0.025760423497989845 0.028574015611279618 0.020040217811172129 0.16128518136881165 0.015179467553022767 0.074384861346334222 0.078075207408823788 -0.058708654706420151 0.30461128705168428 0.057002547126029063 -0.013420219671241046 -0.05101130495289552 0.017808700113796781 -0.10980982032011857 -0.2377040566968136 -0.046395217813435953 -0.015914837436543573 0.027732142692531006 0.11939586227590389
leaf_weight=21 159 29 974 4530 150 327 750 23 21 955 945 1055 685 7308 59 540 32 73 658 73 2337 9762 194 3107 22 61 1613 36 338 55
leaf_count=21 159 29 974 4530 150 327 750 23 21 955 945 1055 685 7308 59 540 32 73 658 73 2337 9762 194 3107 22 61 1613 36 338 55
internal_value=8.72184e-05 0.0110718 -0.12954 0.00216438 0.0672014 -0.286215 -0.106392 -0.560004 -0.0153667 0.0591804 0.0154848 0.0474466 -0.00980249 0.0124624 0.0492344 0.0464086 -0.0784328 -0.0475717 -0.081906 0.226723 0.0595704 -0.0123999 0.00463968 0.00605337 0.034565 -0.143983 -0.0519752 -0.138323 -0.012043 0.0207824
internal_weight=36892 34010 2882 29352 4658 371 2511 44 12673 4435 16679 3480 10806 15194 3451 1485 1440 1867 1408 223 2396 10121 7831 7637 95 1071 1772 1010 10100 7363
internal_count=36892 34010 2882 29352 4658 371 2511 44 12673 4435 16679 3480 10806 15194 3451 1485 1440 1867 1408 223 2396 10121 7831 7637 95 1071 1772 1010 10100 7363
is_linear=0
shrinkage=0.05


Tree=36
num_leaves=31
num_cat=0
split_feature=287 299 239 299 239 212 299 294 281 251 85 239 113 285 261 184 121 183 275 251 16 83 288 234 88 39 299 87 65 38
split_gain=19011.2 5909.52 4227.61 2103.12 2073.89 1538.39 1058.16 695.875 622.742 550.175 489.245 467.718 384.272 376.885 358.671 343.632 290.063 287.472 259.62 256.863 251.64 249.635 238.594 237.273 321.919 226.718 225.888 220.861 236.868 217.17
threshold=-9.3499999046325666 1.2500000000000002 -19.849999427795407 10.750000000000002 -2.8500000238418575 -39.649999618530266 -13.249999999999998 -1.0500000119209287 -5.8500001430511466 3.8500000238418584 10.84999990463257 21.250000000000004 2.6499999761581425 -20.150000572204586 7.6499998569488534 -3.1499999761581416 -2.8500000238418575 -3.8500000238418575 -8.9499998092651349 -12.449999809265135 -2.4500000476837154 -3.2499999999999996 -19.150000572204586 -26.55000019073486 -15.949999809265135 -5.1499998569488517 -1.0500000119209287 -3.6499999761581416 -8.0500001907348615 -7.9500000476837149
decision_type=2 2 2 2 2 2 2 2 2 2 2 2 2 2 2 2 2 2 2 2 2 2 2 2 2 2 2 2 2 2
left_child=2 4 5 9 8 -1 22 12 19 17 13 -5 16 -8 -9 18 20 -3 -10 -2 -6 -17 25 24 -7 -4 -18 -24 -29 -19
right_child=1 3 6 11 7 23 10 14 15 -11 -12 -13 -14 -15 -16 21 26 29 -20 -21 -22 -23 27 -25 -26 -27 -28 28 -30 -31
leaf_value=-0.56569605646906673 -0.17623859168961645 -0.0095590618278445869 -0.11074288537332772 0.14452036485708819 -0.057596099354693148 -0.12529303752459015 -0.25471314299106601 0.027332513933686881 -0.12466121395513163 0.088333189653309246 0.16084965157508851 0.27472771177900601 0.044750959974229343 -0.058702918361895576 0.23945023834705356 0.027834865111905617 0.004035917545512596 0.20819890555881321 -0.018778421251044133 -0.033693546501972177 -0.005514253559329909 -0.004095870616999368 -0.086903760199363411 -0.20185568103083862 -0.32126656307114498 -0.18012609622091988 0.024846560450672989 -0.26514364827063774 -0.12233187216598394 0.04693206805303192
leaf_weight=37 32 232 218 259 305 26 25 5603 59 876 25 94 625 1288 20 699 8050 21 3086 2552 968 4924 650 270 108 256 1556 31 458 3539
leaf_count=37 32 232 218 259 305 26 25 5603 59 876 25 94 625 1288 20 699 8050 21 3086 2552 968 4924 650 270 108 256 1556 31 458 3539
internal_value=8.28574e-05 0.0115041 -0.112716 0.061518 0.0026864 -0.257112 -0.0911369 0.0136713 -0.0138867 0.0526193 -0.058263 0.179193 0.0066251 -0.062435 0.028087 -0.00752928 0.00443476 0.044369 -0.0207648 -0.0354588 -0.0179926 -0.000126533 -0.118406 -0.22885 -0.283242 -0.148216 0.00740687 -0.106001 -0.131385 0.0478834
internal_weight=36892 33500 3392 5021 28479 441 2951 17127 11352 4668 1338 353 11504 1313 5623 8768 10879 3792 3145 2584 1273 5623 1613 404 134 474 9606 1139 489 3560
internal_count=36892 33500 3392 5021 28479 441 2951 17127 11352 4668 1338 353 11504 1313 5623 8768 10879 3792 3145 2584 1273 5623 1613 404 134 474 9606 1139 489 3560
is_linear=0
shrinkage=0.05


Tree=37
num_leaves=31
num_cat=0
split_feature=255 291 242 299 243 212 297 295 295 116 184 41 100 174 291 265 58 164 286 262 38 149 185 274 299 239 36 167 172 161
split_gain=17218.6 5638.92 3400.31 2257.98 1995.43 1105.31 1000.28 971.913 688.833 448.094 441.002 432.338 361.012 315.626 314.845 308.465 288.107 261.299 256.978 254.073 328.16 243.6 244.463 239.623 252.748 239.592 237.085 235.316 228.986 227.591
threshold=-9.1500000953674299 1.3499999642372134 -22.949999809265133 -2.2499999999999996 10.449999809265138 -39.649999618530266 -16.05000019073486 -6.8500001430511466 2.6499999761581425 -6.8500001430511466 -3.1499999761581416 -5.4500000476837149 -18.64999961853027 1.7500000000000002 0.55000001192092907 17.050000190734867 -1.1500000357627866 -7.5499999523162833 -20.849999427795407 0.65000000596046459 -2.9500000476837154 8.8499999046325701 -0.55000001192092884 -3.0499999523162837 6.5499999523162851 -1.0000000180025095e-35 -4.5499999523162833 6.0499999523162851 -3.8500000238418575 -7.0499999523162833
decision_type=2 2 2 2 2 2 2 2 2 2 2 2 2 2 2 2 2 2 2 2 2 2 2 2 2 2 2 2 2 2
left_child=2 3 5 7 8 -1 18 27 9 -3 -9 14 -7 -8 28 -6 29 -12 -4 -19 -21 22 -11 -10 -25 -18 -20 -2 -5 -13
right_child=1 4 6 11 15 12 13 10 23 21 17 16 -14 -15 -16 -17 25 19 26 20 -22 -23 -24 24 -26 -27 -28 -29 -30 -31
leaf_value=-0.53741133406355579 -0.043205904304796393 -0.1726716527572045 -0.16693388764195297 -0.10663686394691468 0.15795236888684727 -0.059965395927429201 -0.074467783750782543 -0.017888232150188938 0.18157711841911078 0.016596833917726744 -0.071331966315209869 -0.088697127608152543 -0.26423609746645577 0.12080180162475224 0.22906265473365783 0.27558163341722991 0.015193551386045716 -0.00036152913731312525 -0.080809575087611329 0.11141377989433508 0.013968472813106364 -0.11046071685850621 0.050840615393927681 0.060405157268174949 0.10048278630790064 0.033809686744123678 -0.13837667054232258 0.12117498273199255 0.05360766022001745 0.0057394068155334141
leaf_weight=37 2096 26 392 23 209 24 1420 4766 50 836 125 65 219 21 25 76 5364 9657 283 113 367 28 1384 1518 531 2550 486 22 726 3453
leaf_count=37 2096 26 392 23 209 24 1420 4766 50 836 125 65 219 21 25 76 5364 9657 283 113 367 28 1384 1518 531 2550 486 22 726 3453
internal_value=7.87147e-05 0.0100224 -0.117265 0.0019119 0.0611298 -0.282825 -0.0994488 -0.00978891 0.0527753 0.0337098 -0.00531986 0.0183483 -0.244061 -0.0716221 0.054513 0.18932 0.0158997 0.000517287 -0.133986 0.00140327 0.0369087 0.0360967 0.0379452 0.0734303 0.0707913 0.0211919 -0.117191 -0.0414985 0.0486869 0.00399456
internal_weight=36892 34010 2882 29352 4658 280 2602 17146 4373 2274 15028 12206 243 1441 774 285 11432 10262 1161 10137 480 2248 2220 2099 2049 7914 769 2118 749 3518
internal_count=36892 34010 2882 29352 4658 280 2602 17146 4373 2274 15028 12206 243 1441 774 285 11432 10262 1161 10137 480 2248 2220 2099 2049 7914 769 2118 749 3518
is_linear=0
shrinkage=0.05


Tree=38
num_leaves=31
num_cat=0
split_feature=255 299 293 296 116 239 293 65 253 288 293 23 292 125 57 36 297 285 167 109 271 183 296 293 21 45 180 133 16 34
split_gain=15539.7 5049.73 3113.53 2380.45 1705.75 1246.73 898.157 760.432 708.387 545.422 411.495 360.546 358.898 333.104 315.121 280.263 272.821 271.078 252.179 243.867 237.703 221.642 216.691 215.234 200.369 194.629 241.981 209.669 203.083 189.166
threshold=-9.1500000953674299 -1.0500000119209287 -29.150000572204586 7.2500000000000009 -20.650000572204586 -3.3500000238418575 -13.749999999999998 9.6500000953674334 1.9499999880790713 -7.3500001430511466 -3.3500000238418575 -7.4500000476837149 -4.7499999999999991 -6.4500000476837149 -0.94999998807907093 1.1500000357627871 4.8500001430511483 -4.1499998569488517 6.0499999523162851 5.5499999523162851 9.9499998092651385 -12.849999904632567 -9.4499998092651349 7.3500001430511483 3.1499999761581425 -3.3500000238418575 2.7500000000000004 -5.7499999999999991 3.7500000000000004 1.2500000000000002
decision_type=2 2 2 2 2 2 2 2 2 2 2 2 2 2 2 2 2 2 2 2 2 2 2 2 2 2 2 2 2 2
left_child=2 5 4 8 -1 9 15 -5 13 -2 18 -6 -10 17 -15 21 19 -3 22 25 -9 -4 -7 -14 -16 26 27 -12 -27 -24
right_child=1 3 6 7 11 10 -8 20 12 -11 16 -13 23 14 24 -17 -18 -19 -20 -21 -22 -23 29 -25 -26 28 -28 -29 -30 -31
leaf_value=-0.71112960815429693 -0.046821887771829718 -0.24621788501739503 -0.13989766452242347 0.091037885737379198 -0.10344494581222535 -0.076879691116903959 -0.058548298842938433 0.1438636486019407 -0.057170716402205557 -0.013542501146758146 -0.12285125422335806 -0.25820057024126469 0.056504910646769026 0.010210065072609992 0.03434135567301818 -0.17376760374661068 0.17484290623664855 -0.011563492566347124 0.13664000938336054 0.097562657943807363 0.24984145786451256 -0.096093932096820558 -0.0027349824899774913 0.11810848921924443 -0.0018010504741743567 0.008339408525095994 0.2050403660251981 0.038606911169140584 -0.041006749800620648 -0.030831393326287211
leaf_weight=20 1542 20 425 597 45 114 1062 98 66 6108 21 230 1788 2458 5201 199 25 32 30 78 115 901 3864 154 414 9869 21 473 213 709
leaf_count=20 1542 20 425 597 45 114 1062 98 66 6108 21 230 1788 2458 5201 199 25 32 30 78 115 901 3864 154 414 9869 21 473 213 709
internal_value=7.47788e-05 0.00952125 -0.111401 0.0374936 -0.265301 -0.00374883 -0.093852 0.119975 0.0309002 -0.0202506 0.00443943 -0.232877 0.0574931 0.0243281 0.0251406 -0.118437 0.0098631 -0.101815 -0.00786358 0.00947673 0.201082 -0.110134 -0.0087885 0.0613901 0.0316765 0.00882837 0.0388098 0.0317433 0.00729688 -0.00709106
internal_weight=36892 34010 2882 10943 295 23067 2587 810 10133 7650 15417 275 2008 8125 8073 1525 10700 52 4717 10675 213 1326 4687 1942 5615 10597 515 494 10082 4573
internal_count=36892 34010 2882 10943 295 23067 2587 810 10133 7650 15417 275 2008 8125 8073 1525 10700 52 4717 10675 213 1326 4687 1942 5615 10597 515 494 10082 4573
is_linear=0
shrinkage=0.05


Tree=39
num_leaves=31
num_cat=0
split_feature=256 299 242 296 299 120 253 65 239 83 295 292 235 34 194 190 165 16 167 285 83 125 243 205 71 271 25 133 192 81
split_gain=14034.8 4943.96 2349.86 2269.56 1464.96 1057.68 686.223 683.84 539.952 501.518 446.3 332.975 326.329 321.948 344.28 295.752 293.323 290.848 286.906 275.462 262.796 252.518 243.826 239.081 247.722 214.527 213.44 213.235 231.854 210.541
threshold=-10.849999904632567 -1.3499999642372129 -22.949999809265133 7.2500000000000009 -6.2499999999999991 -20.80000019073486 1.9499999880790713 9.6500000953674334 -2.8500000238418575 -16.55000019073486 -19.449999809265133 -4.7499999999999991 -8.5500001907348615 -3.2499999999999996 -3.4500000476837154 0.15000000223517421 -7.2499999999999991 6.6499998569488534 6.0499999523162851 5.2500000000000009 1.8499999642372134 -5.8500001430511466 -32.199998855590813 -0.74999999999999989 -4.8500001430511466 9.9499998092651385 6.1499998569488534 -1.5500000119209287 0.25000000745058065 4.2500000000000009
decision_type=2 2 2 2 2 2 2 2 2 2 2 2 2 2 2 2 2 2 2 2 2 2 2 2 2 2 2 2 2 2
left_child=2 4 5 6 12 -1 13 -5 16 -7 -4 -8 -2 -3 21 27 -6 -12 -14 20 29 -15 -11 24 -16 -9 -26 28 -10 -17
right_child=1 3 10 7 8 9 11 25 15 22 17 -13 18 14 23 19 -18 -19 -20 -21 -22 -23 -24 -25 26 -27 -28 -29 -30 -31
leaf_value=-0.58978028730912646 -0.067732143748484991 0.047656338839722728 -0.13624841552315184 0.086695677111778779 -0.066989431269633928 -0.0057734033335810125 -0.053210836297699383 0.13667046214853015 -0.0020685694388273531 -0.34836854887008672 -0.088604059230867047 0.057766818374365009 -0.029825174352636735 -0.14693346709916086 -0.088982160604101121 0.029913920099479675 -0.0088216213784161873 0.083576762109994887 0.14376111626625063 0.18773722235973067 -0.015370559804141521 -0.005892524187979491 -0.22385276931783427 0.030395635378972496 0.015459100228481099 0.23734938828841501 -0.12075296866482702 0.01002376646354452 -0.048926917783601184 0.13264115492884929
leaf_weight=22 643 1080 639 598 223 23 70 98 3746 50 1295 1963 2914 33 59 1222 7709 25 24 26 340 828 184 4035 3472 115 29 5091 284 52
leaf_count=22 643 1080 639 598 223 23 70 98 3746 50 1295 1963 2914 33 59 1222 7709 25 24 26 340 828 184 4035 3472 115 29 5091 284 52
internal_value=7.104e-05 0.00790823 -0.121283 0.0332402 -0.00617143 -0.257044 0.0275721 0.114097 -0.000559049 -0.228561 -0.101948 0.0539456 -0.0354683 0.0219494 0.0186661 0.00673675 -0.0104569 -0.0853431 -0.0284072 0.026285 0.0236841 -0.0112983 -0.250459 0.022063 0.0126186 0.191028 0.0143308 0.00322189 -0.00537075 0.0341069
internal_weight=36892 34654 2238 12380 22274 279 11569 811 18693 257 1959 2033 3581 9536 8456 10761 7932 1320 2938 1640 1614 861 234 7595 3560 213 3501 9121 4030 1274
internal_count=36892 34654 2238 12380 22274 279 11569 811 18693 257 1959 2033 3581 9536 8456 10761 7932 1320 2938 1640 1614 861 234 7595 3560 213 3501 9121 4030 1274
is_linear=0
shrinkage=0.05


Tree=40
num_leaves=31
num_cat=0
split_feature=287 58 295 289 292 130 284 72 296 245 120 121 178 88 292 233 167 298 291 274 62 14 165 185 251 133 24 133 27 89
split_gain=13102.9 5533.77 3946.77 2386.57 1708.2 1198.38 706.154 534.787 525.289 507.308 394.209 384.206 368.277 334.882 279.985 273.877 267.575 256.73 251.917 288.631 239.611 237.079 258.931 236.508 231.459 222.076 217.571 312.577 240.621 297.429
threshold=-9.3499999046325666 -16.39999961853027 2.6499999761581425 -23.249999999999996 -3.8500000238418575 9.0500001907348651 -0.25000000745058054 -14.050000190734862 -14.749999999999998 -29.55000019073486 18.000000000000004 -3.6499999761581416 -4.3500001430511466 -4.6499998569488517 18.849999427795414 -3.4500000476837154 6.1499998569488534 0.75000000000000011 2.0499999523162846 -3.0499999523162837 -12.050000190734862 7.6499998569488534 9.3499999046325701 0.75000000000000011 -12.249999999999998 7.8500001430511483 -1.5500000119209287 -5.6499998569488517 -0.55000001192092884 -3.2499999999999996
decision_type=2 2 2 2 2 2 2 2 2 2 2 2 2 2 2 2 2 2 2 2 2 2 2 2 2 2 2 2 2 2
left_child=1 -1 4 7 12 18 11 -3 13 -9 20 -6 17 -5 -7 -13 -14 24 -4 -20 -10 22 23 -8 -2 -11 28 -28 -17 -30
right_child=2 3 5 8 6 14 21 9 10 25 -12 15 16 -15 -16 26 -18 -19 19 -21 -22 -23 -24 -25 -26 -27 27 -29 29 -31
leaf_value=-0.90267825807843893 -0.16276118421193325 0.05540265088731592 0.031269385328955644 -0.070568723399631106 -0.021271208380265971 0.14234384628334595 0.018168566552210486 -0.29795601656942655 -0.17510312435830511 -0.18492987114043277 0.14837016314268112 -0.0074441214063557639 -0.0095509054646870425 -0.12468767335702634 0.27037236300381745 0.01367768239805843 0.17359044443815949 -0.1682979469214167 0.1934654332350853 0.062409631535818466 -0.052730568269368575 0.19408169530686881 -0.14165270769077798 0.038454316065483489 -0.029107413540368457 -0.068315939475660739 -0.10519058345435339 0.0083720791014310902 0.10717015282998373 0.031550086069731552
leaf_weight=21 33 22 759 594 1178 191 3526 99 41 363 24 2286 7126 551 55 2044 20 35 43 1828 1643 21 23 2425 1761 46 61 9091 157 757
leaf_count=21 33 22 759 594 1178 191 3526 99 41 363 24 2286 7126 551 55 2044 20 35 43 1828 1643 21 23 2425 1761 46 61 9091 157 757
internal_value=-7.81397e-05 -0.0935319 0.00944061 -0.0885091 0.00416807 0.0654365 0.0117955 -0.185945 -0.0704085 -0.196397 -0.0528423 0.00618245 -0.0141624 -0.096612 0.170968 0.00842894 -0.00903834 -0.0341825 0.0555655 0.0654216 -0.0557099 0.0263773 0.0257878 0.0264349 -0.0315659 -0.171814 0.0114253 0.00761516 0.0232138 0.0445395
internal_weight=36824 3404 33420 3383 30544 2876 21569 530 2853 508 1708 15574 8975 1145 246 14396 7146 1829 2630 1871 1684 5995 5974 5951 1794 409 12110 9152 2958 914
internal_count=36824 3404 33420 3383 30544 2876 21569 530 2853 508 1708 15574 8975 1145 246 14396 7146 1829 2630 1871 1684 5995 5974 5951 1794 409 12110 9152 2958 914
is_linear=0
shrinkage=0.05


Tree=41
num_leaves=31
num_cat=0
split_feature=287 212 291 289 295 171 232 294 295 57 232 148 24 22 113 249 186 298 142 243 109 274 297 88 72 236 295 298 195 231
split_gain=11825.4 4966.2 3566.22 1876.63 1367.34 1283.42 551.98 491.951 441.093 352.682 333.46 317.531 280.012 278.677 275.101 274.247 264.406 251.993 387.253 246.185 245.66 243.854 239.829 245.901 239.604 218.376 211.739 209.713 209.77 207.989
threshold=-9.3499999046325666 -39.649999618530266 1.5500000119209292 -23.249999999999996 -2.1499999761581416 12.700000286102297 -3.4500000476837154 -13.349999904632567 2.6499999761581425 0.35000000894069677 -7.5499999523162833 6.7500000000000009 -6.8500001430511466 -0.55000001192092884 2.5499999523162846 4.5499999523162851 -9.3499999046325666 -11.449999809265135 -7.5499999523162833 3.2500000000000004 2.1499999761581425 -3.0499999523162837 -10.849999904632567 -4.6499998569488517 -5.0499999523162833 -16.150000572204586 23.60000038146973 -0.35000000894069666 -1.8499999642372129 -4.8500001430511466
decision_type=2 2 2 2 2 2 2 2 2 2 2 2 2 2 2 2 2 2 2 2 2 2 2 2 2 2 2 2 2 2
left_child=1 -1 4 12 6 8 16 17 10 19 -4 -9 -3 -11 15 27 -2 22 -19 -6 -21 -10 23 -5 -18 -14 -7 -8 29 -29
right_child=2 3 5 7 9 26 14 11 21 13 -12 -13 25 -15 -16 -17 24 18 -20 20 -22 -23 -24 -25 -26 -27 -28 28 -30 -31
leaf_value=-0.66496854215054901 -0.087227910911595374 -0.075958846220329626 -0.16922859322457087 -0.066152681367615915 0.0077256120070664973 0.1472569434920703 -5.1001592288629825e-05 -0.049593239459116811 0.16980553228481143 0.041042076660477399 0.031044013979904507 0.11754623065734733 -0.20008144146300832 0.015424650593757933 0.034316687586788949 0.17913860944764956 -0.051808904278065004 -0.31219711371006503 -0.07801113964580908 0.034443657358105367 0.16590386350949607 0.059078749896565697 0.040993251220176101 -0.10959084299309163 -0.013841470061242329 -0.099514011633656335 0.2719882698946221 -0.20259279167652131 -0.00077283933442010575 -0.050539598234796104
leaf_weight=37 135 67 21 698 7772 163 9279 1412 51 1931 2026 29 377 2358 572 21 447 31 41 169 45 1987 38 611 5904 63 43 25 247 224
leaf_count=37 135 67 21 698 7772 163 9279 1412 51 1931 2026 29 377 2358 572 21 447 31 41 169 45 1987 38 611 5904 63 43 25 247 224
internal_value=-7.42326e-05 -0.0888553 0.00896858 -0.0825244 0.00269973 0.051524 -0.00654522 -0.0668078 0.0453833 0.0153934 0.0289894 -0.0462296 -0.171182 0.0269582 0.000611616 -0.00135646 -0.0179856 -0.087705 -0.178841 0.00918233 0.0620872 0.0618496 -0.0828336 -0.0864282 -0.0165137 -0.185682 0.173293 -0.00174423 -0.0334205 -0.065806
internal_weight=36824 3404 33420 3367 29129 4291 16854 2860 4085 12275 2047 1441 507 4289 10368 9796 6486 1419 72 7986 214 2038 1347 1309 6351 440 206 9775 496 249
internal_count=36824 3404 33420 3367 29129 4291 16854 2860 4085 12275 2047 1441 507 4289 10368 9796 6486 1419 72 7986 214 2038 1347 1309 6351 440 206 9775 496 249
is_linear=0
shrinkage=0.05


Tree=42
num_leaves=31
num_cat=0
split_feature=295 58 295 289 239 293 296 3 174 69 245 241 3 171 60 122 42 27 232 88 252 49 102 194 252 183 187 190 173 167
split_gain=10696.6 4841.36 3222.49 1796.41 1483.45 1007.35 592.692 535.882 511.426 398.398 414.017 375.264 349.838 274.749 268.477 249.753 248.127 239.477 235.847 232.483 208.204 204.752 206.041 227.018 191.628 188.113 186.574 239.565 184.612 181.495
threshold=-9.6500000953674299 -16.39999961853027 2.6499999761581425 -23.249999999999996 -2.8500000238418575 9.6500000953674334 -1.9499999880790708 0.45000000298023229 -3.6499999761581416 -13.749999999999998 -29.55000019073486 -13.249999999999998 7.3500001430511483 1.9499999880790713 -3.7499999999999996 -4.1499998569488517 5.7500000000000009 1.6500000357627871 5.3500001430511483 -4.5499999523162833 -0.15000000223517415 -6.0499999523162833 -2.9500000476837154 0.45000000298023229 -12.449999809265135 1.7500000000000002 0.55000001192092907 5.0499999523162851 -10.15000009536743 0.84999999403953563
decision_type=2 2 2 2 2 2 2 2 2 2 2 2 2 2 2 2 2 2 2 2 2 2 2 2 2 2 2 2 2 2
left_child=1 -1 4 9 8 20 13 -7 12 -3 -11 19 17 15 -8 -6 -13 24 -10 -5 -4 -16 23 -23 -2 -12 -15 -28 -21 -19
right_child=2 3 5 11 6 7 14 -9 18 10 25 16 -14 26 21 -17 -18 29 -20 28 -22 22 -24 -25 -26 -27 27 -29 -30 -31
leaf_value=-0.84409296228772124 -0.14576930398742358 0.052360891699790961 0.019432180384360592 -0.068818894658029456 -0.031351440633515928 0.071974842239281925 0.044145733497232172 0.18526445751043935 -0.0033820330941075542 -0.2663370442390442 -0.16111949088698535 -0.054363169801610933 -0.2334394818544388 0.0086873799562454234 0.11267898354147161 0.0026384413893490713 0.11853691438833874 -0.051645694592628966 0.1474706697349365 -0.16217670350704555 0.054345257934589913 0.019224144183020177 0.019248712873704471 -0.029789432931204136 -0.018884262467410512 -0.013927611125552138 0.096254190300469819 -0.046458053929465164 -0.092880135912586148 -0.18178087020742484
leaf_weight=21 30 20 549 483 582 202 1037 216 7471 100 386 1745 20 226 56 7569 21 352 26 159 1922 471 8510 474 3662 23 184 35 243 29
leaf_count=21 30 20 549 483 582 202 1037 216 7471 100 386 1745 20 226 56 7569 21 352 26 159 1922 471 8510 474 3662 23 184 35 243 29
internal_value=-7.0521e-05 -0.0874086 0.0082443 -0.0824116 0.00349847 0.0587317 0.0120457 0.130517 -0.0106195 -0.166539 -0.17514 -0.0656243 -0.0248343 0.00230013 0.0199877 0.000211486 -0.0523072 -0.02381 -0.00285887 -0.0921983 0.0465884 0.0173537 0.0167891 -0.00536044 -0.0199153 -0.152842 0.0405575 0.0734463 -0.120288 -0.061551
internal_weight=36824 3201 33623 3180 30734 2889 19144 418 11590 529 509 2651 4093 8596 10548 8151 1766 4073 7497 885 2471 9511 9455 945 3692 409 445 219 402 381
internal_count=36824 3201 33623 3180 30734 2889 19144 418 11590 529 509 2651 4093 8596 10548 8151 1766 4073 7497 885 2471 9511 9455 945 3692 409 445 219 402 381
is_linear=0
shrinkage=0.05


Tree=43
num_leaves=31
num_cat=0
split_feature=287 58 291 289 295 243 72 232 181 297 119 57 33 256 294 85 298 286 276 24 109 231 85 243 109 149 298 3 77 287
split_gain=9703.02 4398.66 2958.5 1703.02 1118.49 1074.76 479.167 466.719 411.83 381.693 316.649 298.689 284.35 273.932 257.397 256.885 247.784 235.908 233.449 218.606 235.512 246.606 222.603 212.492 216.55 208.943 197.535 197.263 195.888 187.117
threshold=-9.3499999046325666 -16.39999961853027 1.5500000119209292 -23.249999999999996 -2.1499999761581416 10.050000190734865 -14.050000190734862 -3.2499999999999996 -5.6499998569488517 -41.100000381469719 -4.1499998569488517 0.35000000894069677 -2.8500000238418575 -8.9499998092651349 7.3500001430511483 10.84999990463257 24.849999427795414 -2.6499999761581416 -3.1499999761581416 -2.2499999999999996 3.6499999761581425 0.15000000223517421 -7.4500000476837149 3.2500000000000004 2.1499999761581425 3.3500000238418584 -4.3500001430511466 4.8500001430511483 4.5499999523162851 -4.8500001430511466
decision_type=2 2 2 2 2 2 2 2 2 2 2 2 2 2 2 2 2 2 2 2 2 2 2 2 2 2 2 2 2 2
left_child=1 -1 4 6 7 10 -3 13 12 -8 17 23 -5 26 -12 -10 -7 -4 -13 -9 22 -22 -21 28 -25 -16 -2 -11 29 -6
right_child=2 3 5 8 11 16 9 19 15 27 14 18 -14 -15 25 -17 -18 -19 -20 20 21 -23 -24 24 -26 -27 -28 -29 -30 -31
leaf_value=-0.8018883092062814 -0.043335256429513913 0.070135156403888357 -0.17016730175043149 -0.052666512552301759 -0.021037808749968596 0.11906010205628442 -0.27486371000607812 0.018053958938655995 -0.037293001609730585 -0.16429187029520459 0.037951366446879756 0.043516863750129128 -0.090905381347113678 -0.01282918189903515 0.13056190357362826 0.11932156792393439 0.24333468278249107 -0.0020784505916273464 0.01736813916454084 -0.14926358054821881 -0.01371862312290268 0.1197477144980803 -0.0027091076627341944 0.031376573426880432 0.15480257981353338 0.055877200488324535 -0.16405135057111447 -0.067996693883211376 -0.048101303288303088 0.010091035024548001
leaf_weight=21 403 22 27 891 518 244 72 1648 865 374 3435 1176 1070 7091 134 27 48 92 3113 26 61 80 7508 169 45 311 37 62 159 7095
leaf_count=21 403 22 27 891 518 244 72 1648 865 374 3435 1176 1070 7091 134 27 48 92 3113 26 61 80 7508 169 45 311 37 62 159 7095
internal_value=-6.69949e-05 -0.0804874 0.00812424 -0.0760093 0.00241447 0.0468844 -0.158317 -0.005947 -0.060719 -0.168211 0.0401226 0.0138951 -0.0735312 -0.0152046 0.0425866 -0.0325524 0.139489 -0.0402163 0.0245379 0.00153117 -0.00201666 0.062007 -0.00321487 0.00817918 0.0573306 0.0783665 -0.0534864 -0.150599 0.00682581 0.00797298
internal_weight=36824 3404 33420 3383 29129 4291 530 16854 2853 508 3999 12275 1961 7531 3880 892 292 119 4289 9323 7675 141 7534 7986 214 445 440 436 7772 7613
internal_count=36824 3404 33420 3383 29129 4291 530 16854 2853 508 3999 12275 1961 7531 3880 892 292 119 4289 9323 7675 141 7534 7986 214 445 440 436 7772 7613
is_linear=0
shrinkage=0.05


Tree=44
num_leaves=31
num_cat=0
split_feature=299 123 299 256 299 248 184 51 293 293 299 293 125 148 298 262 186 99 136 184 266 82 45 254 18 131 298 38 213 298
split_gain=8865.33 4212.65 2696.65 1515.82 1490.02 523.069 522.751 500.164 414.061 299.433 295.974 288.06 270.223 252.179 229.48 300.435 221.838 220.885 203.192 194.001 191.226 197.817 192.806 190.075 187.123 270.452 186.098 184.791 265.275 181.683
threshold=-8.9499998092651349 -21.150000572204586 -1.3499999642372129 -18.05000019073486 9.2500000000000018 2.6499999761581425 -3.2499999999999996 -13.349999904632567 -29.150000572204586 -12.550000190734862 24.750000000000004 -3.3500000238418575 -6.4500000476837149 6.3500001430511483 -15.15000009536743 -12.050000190734862 4.7500000000000009 -3.2499999999999996 -4.5499999523162833 -2.7499999999999996 -1.6500000357627866 8.9499998092651385 -3.8500000238418575 -11.050000190734862 2.5499999523162846 -1.4499999880790708 0.75000000000000011 -3.1499999761581416 0.55000001192092907 -0.45000000298023218
decision_type=2 2 2 2 2 2 2 2 2 2 2 2 2 2 2 2 2 2 2 2 2 2 2 2 2 2 2 2 2 2
left_child=1 -1 6 7 5 12 26 -3 -9 -5 -6 18 -4 14 15 -11 27 -14 -8 -7 22 -22 -19 -20 -24 -26 -2 28 -13 -29
right_child=2 3 4 9 10 19 11 8 -10 13 -12 16 17 -15 -16 -17 -18 20 23 -21 21 -23 24 -25 25 -27 -28 29 -30 -31
leaf_value=-0.63640104351621696 -0.015061654877717073 0.071422932829175681 -0.079035483141030594 -0.06978004354378109 0.10174436274263049 -0.044242981780659073 -0.037826434501226518 -0.19888015042729024 -0.11566179419056542 -0.074568584816796443 0.22771304148548055 0.021312127501756938 0.039207797271385791 0.13860278930515052 -0.044987426403090891 0.11491389376684452 0.11582782042628909 0.075052287953324845 0.088551933711225342 0.051140823518342531 0.022964554049873014 -0.13078651190513657 0.0081391430927495508 -0.0048864349202647995 -0.10022099680081009 0.013640059636683639 -0.15756975697434469 0.0062670492299443242 0.1243033803999424 -0.032786760220008759
leaf_weight=33 5778 28 70 1409 388 55 482 228 434 35 53 666 1250 20 1410 52 47 101 55 1733 5510 21 2914 5224 100 109 23 8218 69 309
leaf_count=33 5778 28 70 1409 388 55 482 228 434 35 53 666 1250 20 1410 52 47 101 55 1733 5510 21 2914 5224 100 109 23 8218 69 309
internal_value=-6.36452e-05 -0.0740362 0.00807277 -0.068904 0.0266391 0.0232843 -0.00287254 -0.135568 -0.144323 -0.0531834 0.116883 0.00203699 0.0188613 -0.0377684 -0.0401247 0.0386853 0.00747516 0.0195463 -0.00675034 0.0482068 0.0167391 0.0223808 0.0070603 -0.00391293 0.00486139 -0.0408389 -0.0156267 0.00692532 0.0309807 0.00485182
internal_weight=36824 3649 33175 3616 12304 11863 20871 690 662 2926 441 15070 10075 1517 1497 87 9309 10005 5761 1788 8755 5531 3224 5279 3123 209 5801 9262 735 8527
internal_count=36824 3649 33175 3616 12304 11863 20871 690 662 2926 441 15070 10075 1517 1497 87 9309 10005 5761 1788 8755 5531 3224 5279 3123 209 5801 9262 735 8527
is_linear=0
shrinkage=0.05


Tree=45
num_leaves=31
num_cat=0
split_feature=299 291 290 241 183 299 299 293 97 165 170 293 256 24 239 185 268 119 191 277 285 54 19 100 156 293 96 162 33 168
split_gain=7914.15 2494.99 1912.4 1086.03 1005.49 976.885 918.798 410.567 358.484 285.956 267.327 290.984 257.924 291.615 242.535 242.21 241.87 240.915 235.138 202.118 201.633 199.155 256.343 188.657 195.644 178.623 173.394 172.933 169.516 168.585
threshold=-8.3499999046325666 1.5500000119209292 -41.79999923706054 -13.249999999999998 -28.449999809265133 -2.3500000238418575 6.9500000476837167 19.150000572204593 -18.39999961853027 -6.2499999999999991 2.4500000476837163 -9.8499999046325666 -16.650000572204586 -6.1499998569488517 2.8500000238418584 -0.55000001192092884 -13.349999904632567 2.1499999761581425 -5.0499999523162833 7.0499999523162851 -12.550000190734862 4.3500001430511483 2.3500000238418584 -7.2499999999999991 -10.65000009536743 -2.6499999761581416 -13.949999809265135 -0.94999998807907093 1.0500000119209292 5.0499999523162851
decision_type=2 2 2 2 2 2 2 2 2 2 2 2 2 2 2 2 2 2 2 2 2 2 2 2 2 2 2 2 2 2
left_child=2 5 4 12 -1 9 15 -8 -6 16 11 -7 13 -4 26 -3 -2 20 -17 29 -11 22 -12 -14 -25 -19 -5 -24 -28 -13
right_child=1 6 3 14 8 10 7 -9 -10 17 21 19 23 -15 -16 18 -18 25 -20 -21 -22 -23 27 24 -26 -27 28 -29 -30 -31
leaf_value=-0.57766431725543477 -0.18810328578948976 0.012118292928843527 -0.049490819727243097 -0.13736355602741243 -0.01753997802734375 -0.17107424302534624 0.082930151572367508 0.21040386744907927 -0.2687380732322226 -0.12015586534613057 0.034983893184871676 0.011200325488555807 -0.034430626628674431 -0.13042400284723177 0.11986513928226804 -0.083949718443123073 -0.029990279468237076 -0.0020139884514113267 0.042974199559483284 0.165917529804366 -0.0048259261018533889 0.099453015880925311 -0.13541167129913126 -0.19543183829103197 -0.080394785703679972 0.054203862879742375 -0.035369572828300264 -0.0045407130219023298 -0.069371366266979761 -0.05712660646045601
leaf_weight=23 25 974 135 48 20 22 647 70 49 38 1261 11358 212 634 23 37 744 264 2648 21 14126 105 34 42 308 304 2058 98 446 91
leaf_count=23 25 974 135 48 20 22 647 70 49 38 1261 11358 212 634 23 37 744 264 2648 21 14126 105 34 42 308 304 2058 98 446 91
internal_value=0.000387994 0.0084679 -0.0660358 -0.0607286 -0.291361 0.00306896 0.043619 0.0953753 -0.195927 -0.00540649 0.0131827 0.0105931 -0.0973998 -0.116216 -0.0417735 0.0334771 -0.0351305 -0.00385492 0.0412252 0.0109415 -0.00513534 0.0330496 0.0280443 -0.0716531 -0.0941992 0.0280744 -0.0432303 -0.0382499 -0.0414258 0.0106572
internal_weight=36865 32867 3998 3906 92 28491 4376 717 69 15501 12990 11492 1331 769 2575 3659 769 14732 2685 11470 14164 1498 1393 562 350 568 2552 132 2504 11449
internal_count=36865 32867 3998 3906 92 28491 4376 717 69 15501 12990 11492 1331 769 2575 3659 769 14732 2685 11470 14164 1498 1393 562 350 568 2552 132 2504 11449
is_linear=0
shrinkage=0.05


Tree=46
num_leaves=31
num_cat=0
split_feature=299 291 293 121 299 299 240 31 287 170 293 165 298 284 293 183 168 239 261 267 136 124 50 14 77 299 298 256 147 248
split_gain=7142.52 2252.65 1687.08 1205.69 854.238 851.859 683.498 420.045 284.767 267.999 261.506 257.644 256.745 249.388 247.268 231.03 217.801 211.154 202.864 200.417 188.538 186.13 185.925 193.596 182.098 215.081 179.309 175.744 175.156 189.814
threshold=-8.3499999046325666 1.3499999642372134 -29.150000572204586 -19.80000019073486 9.2500000000000018 -2.3500000238418575 -11.949999809265135 -15.949999809265135 -4.5499999523162833 2.4500000476837163 -9.8499999046325666 -6.2499999999999991 -10.65000009536743 -4.4500000476837149 19.150000572204593 -0.25000000745058054 1.5500000119209292 2.8500000238418584 7.2500000000000009 2.0499999523162846 0.45000000298023229 1.8499999642372134 5.9500000476837167 5.6499998569488534 -7.9500000476837149 -22.249999999999996 -36.249999999999993 -15.15000009536743 4.5499999523162851 -3.3500000238418575
decision_type=2 2 2 2 2 2 2 2 2 2 2 2 2 2 2 2 2 2 2 2 2 2 2 2 2 2 2 2 2 2
left_child=2 5 3 -1 8 11 20 -5 -3 10 -7 21 -13 -11 -6 18 28 -8 22 -18 24 -2 23 -10 27 -26 -9 -4 29 -14
right_child=1 4 6 7 14 9 17 26 15 13 -12 12 16 -15 -16 -17 19 -19 -20 -21 -22 -23 -24 -25 25 -27 -28 -29 -30 -31
leaf_value=-0.54426326751708987 -0.029252288233548564 -0.091671851873397825 -0.074723274918163538 0.053495345944943644 0.091366642399838105 -0.16252053813500839 -0.038390097129523182 -0.22275713424092713 0.01773708535984567 0.10870099100470543 0.010032904625350229 0.14757568937327181 -0.010432645503913856 0.02687700326875006 0.19662162896358606 0.043440003027216727 0.014145838843204347 0.11387187890384509 0.16957040266557175 0.099058618582785141 0.01741364230500891 -0.18018426299095155 -0.078150547958910466 0.1744172263145447 -0.13602266087491288 -0.081970312015916258 -0.13505467454048053 0.012339925978864942 -0.056143062512674737 0.0012533797219965604
leaf_weight=21 748 45 187 23 361 22 2274 97 1386 100 11253 28 6998 1354 66 2715 529 23 22 80 47 21 50 20 234 862 146 84 167 6902
leaf_count=21 748 45 187 23 361 22 2274 97 1386 100 11253 28 6998 1354 66 2715 529 23 22 80 47 21 50 20 234 862 146 84 167 6902
internal_value=0.000368594 0.00804451 -0.062734 -0.179528 0.0402293 0.0027207 -0.0537014 -0.150733 0.0334378 0.0123015 0.00969621 -0.00516108 -0.00368558 0.0325045 0.107636 0.0347805 -0.00397417 -0.0368655 0.0188735 0.0253002 -0.0810509 -0.033374 0.0165964 0.0199658 -0.0844363 -0.0935107 -0.170063 -0.0477369 -0.00524154 -0.00462999
internal_weight=36865 32867 3998 287 4665 28202 3711 266 4238 12729 11275 15473 14704 1454 427 4193 14676 2297 1478 609 1414 769 1456 1406 1367 1096 243 271 14067 13900
internal_count=36865 32867 3998 287 4665 28202 3711 266 4238 12729 11275 15473 14704 1454 427 4193 14676 2297 1478 609 1414 769 1456 1406 1367 1096 243 271 14067 13900
is_linear=0
shrinkage=0.05


Tree=47
num_leaves=31
num_cat=0
split_feature=299 299 290 299 128 241 255 102 170 240 295 128 239 175 13 150 274 284 72 239 4 289 62 298 273 110 294 297 298 298
split_gain=6453.45 2084.89 1573.22 918.208 918.017 779.298 583.467 367.239 282.587 279.97 273.666 258.466 232.917 241.482 230.437 228.898 244.481 225.626 220.985 217.721 215.989 268.007 209.166 197.072 196.204 194.5 220.243 186.767 185.026 178.049
threshold=-8.9499998092651349 2.6499999761581425 -41.79999923706054 -2.3500000238418575 -21.449999809265133 -13.249999999999998 16.250000000000004 -18.949999809265133 2.4500000476837163 -4.0499999523162833 -0.45000000298023218 1.3499999642372134 -2.4500000476837154 -7.8500001430511466 2.4500000476837163 4.7500000000000009 4.0499999523162851 -4.4500000476837149 5.9500000476837167 4.6499998569488534 5.8500001430511483 -22.55000019073486 -11.849999904632567 -2.8500000238418575 17.44999980926514 -3.2499999999999996 1.6500000357627871 -14.050000190734862 1.0500000119209292 -10.65000009536743
decision_type=2 2 2 2 2 2 2 2 2 2 2 2 2 2 2 2 2 2 2 2 2 2 2 2 2 2 2 2 2 2
left_child=2 3 4 9 -1 20 10 -6 12 27 14 19 13 -5 15 16 -3 -10 23 -11 21 -4 -7 -14 -8 -13 -27 -2 -12 -29
right_child=1 6 5 8 7 22 24 -9 17 11 28 25 18 -15 -16 -17 -18 -19 -20 -21 -22 -23 -24 -25 -26 26 -28 29 -30 -31
leaf_value=-0.56643154144287111 -0.16729748860932889 -0.018810173842143649 -0.12431866043400996 -0.17606957584619523 -0.013275506279685281 -0.15132773438604868 0.11577678499995053 -0.25841555213928225 0.10799432709649369 -0.0028216039864497498 0.12114968091981221 0.0906739395638963 0.052665693078650148 -0.0016813648354857659 0.12320770918775131 -0.169395640949634 0.12814140550326555 0.027182687096968691 -0.03467248351478474 0.13206743806600571 0.036627507998662837 -0.075446295633115334 -0.03735026872271429 0.013450447595398743 0.26989428599675497 0.0082570854556959748 0.10883741198728483 0.10525477716038306 0.045591834300960393 -0.014963119599983849
leaf_weight=20 20 245 412 20 22 41 148 50 91 10539 84 106 332 2671 34 22 32 1699 231 30 34 879 2208 9147 24 586 60 31 2287 4760
leaf_count=20 20 245 412 20 22 41 148 50 91 10539 84 106 332 2671 34 22 32 1699 231 30 34 879 2208 9147 24 586 60 31 2287 4760
internal_value=0.000350164 0.00730189 -0.0626041 0.00344304 -0.266755 -0.0573489 0.0479875 -0.183512 0.0127197 -0.00471746 0.0423075 -0.000423507 0.0100391 -0.00297745 -0.000136966 -0.0141628 -0.00183382 0.031291 0.0136464 -0.00243872 -0.087767 -0.0910431 -0.0394281 0.014824 0.137282 0.0278994 0.0175989 -0.0148218 0.0482687 -0.0141853
internal_weight=36865 33199 3666 30323 92 3574 2876 72 14191 16132 2704 11321 12401 2691 333 299 277 1790 9710 10569 1325 1291 2249 9479 172 752 646 4811 2371 4791
internal_count=36865 33199 3666 30323 92 3574 2876 72 14191 16132 2704 11321 12401 2691 333 299 277 1790 9710 10569 1325 1291 2249 9479 172 752 646 4811 2371 4791
is_linear=0
shrinkage=0.05


Tree=48
num_leaves=31
num_cat=0
split_feature=299 234 212 241 299 299 178 267 297 213 166 72 289 34 69 205 78 118 23 65 11 21 279 150 266 3 54 202 22 294
split_gain=5833.3 1875.43 1463.33 960.928 803.201 635.68 302.209 297.507 246.49 245.139 240.534 238.789 285.399 231.171 234.027 304 242.412 213.015 214.854 206.678 306.989 251.828 195.507 201.113 185.907 210.568 182.415 181.409 177.746 176.852
threshold=-8.3499999046325666 1.5500000119209292 -39.649999618530266 -14.550000190734862 -2.9500000476837154 6.9500000476837167 5.8500001430511483 21.35000038146973 -6.7499999999999991 5.5499999523162851 -2.1499999761581416 -14.299999713897703 -22.55000019073486 -5.0499999523162833 -1.2499999999999998 -7.2499999999999991 -3.0499999523162837 -3.7499999999999996 3.0499999523162846 -6.5499999523162833 1.4499999880790713 -3.2499999999999996 0.15000000223517421 -1.5500000119209287 -14.15000009536743 7.3500001430511483 1.8499999642372134 5.9500000476837167 1.0500000119209292 -0.35000000894069666
decision_type=2 2 2 2 2 2 2 2 2 2 2 2 2 2 2 2 2 2 2 2 2 2 2 2 2 2 2 2 2 2
left_child=2 4 -1 11 9 17 8 -7 10 24 -6 -4 -13 -10 15 -15 -16 -3 27 20 -5 -22 -21 -24 -2 -26 -17 -19 -8 -18
right_child=1 5 3 19 6 7 28 -9 13 -11 -12 12 -14 14 16 26 29 18 -20 22 21 -23 23 -25 25 -27 -28 -29 -30 -31
leaf_value=-0.38331689273609837 -0.14611598427097003 -0.011506112511772727 0.061055186271667485 -0.04829128725579912 -0.1626128478872976 0.075704918310974756 0.13976298074277355 0.25135852050781254 0.032270002069331158 0.15995972510427237 0.0097241112717892982 -0.12543001723764788 -0.07465804176019511 -0.14792792516095296 0.04853666640354546 0.0029658637880515984 0.0061876584822466336 0.035869768405013283 0.0062361615407909897 -0.034606167795986152 -0.27430991407098443 -0.09385497431302893 0.17247693279515142 -0.013075274778530002 -0.0065208754671228636 -0.14630391404584603 -0.034090189757522121 0.086109985234503902 0.012745400369167329 0.020474956899626005
leaf_weight=34 24 287 25 326 41 674 71 25 1080 22 40 464 686 35 446 4150 6638 2434 592 2313 29 58 23 40 12466 27 361 194 45 3215
leaf_count=34 24 287 25 326 41 674 71 25 1080 22 40 464 686 35 446 4150 6638 2434 592 2313 29 58 23 40 12466 27 361 194 45 3215
internal_value=0.000332656 0.00726949 -0.0566941 -0.0538926 0.00269409 0.0384477 0.0100758 0.0819872 0.00949305 -0.00679696 -0.0775082 -0.0918201 -0.0951434 0.00993557 0.0083107 -0.00113852 0.0124816 0.0297696 0.0334485 -0.0379138 -0.0705606 -0.154007 -0.0322391 0.054666 -0.00709006 -0.00682298 3.93753e-07 0.0395785 0.0904889 0.0108496
internal_weight=36865 32867 3998 3964 28661 4206 16122 699 16006 12539 81 1175 1150 15925 14845 4546 10299 3507 3220 2789 413 87 2376 63 12517 12493 4511 2628 116 9853
internal_count=36865 32867 3998 3964 28661 4206 16122 699 16006 12539 81 1175 1150 15925 14845 4546 10299 3507 3220 2789 413 87 2376 63 12517 12493 4511 2628 116 9853
is_linear=0
shrinkage=0.05


Tree=49
num_leaves=31
num_cat=0
split_feature=299 299 121 299 279 293 236 99 284 170 237 77 298 287 185 206 36 165 261 229 192 299 298 295 217 91 68 127 259 28
split_gain=5288.29 2016.9 1119.95 966.993 646.579 379.037 368.958 440.409 293.487 279.963 253.334 222.469 224.373 259.65 213.207 228.823 212.394 194.815 208.789 190.683 187.483 180.332 264.068 179.114 214.417 176.469 172.513 227.801 170.31 169.867
threshold=-13.949999809265135 -1.8499999642372129 -20.80000019073486 5.6499998569488534 -6.6499998569488517 19.150000572204593 -23.249999999999996 -20.150000572204586 -0.65000000596046437 2.7500000000000004 -2.4500000476837154 4.8500001430511483 1.2500000000000002 -5.2499999999999991 0.84999999403953563 4.1499998569488534 3.7500000000000004 10.949999809265138 9.9499998092651385 0.25000000745058065 -3.6499999761581416 -6.6499998569488517 -8.9499998092651349 -0.45000000298023218 0.55000001192092907 -6.9500000476837149 -3.9500000476837154 -5.5499999523162833 -1.3499999642372129 -3.3500000238418575
decision_type=2 2 2 2 2 2 2 2 2 2 2 2 2 2 2 2 2 2 2 2 2 2 2 2 2 2 2 2 2 2
left_child=2 4 -1 8 29 23 7 -4 9 11 21 12 -3 20 15 26 -8 18 25 -17 -14 -6 -23 24 -5 -10 -12 -28 -11 -2
right_child=1 3 6 5 10 -7 16 -9 17 28 14 -13 13 -15 -16 19 -18 -19 -20 -21 -22 22 -24 -25 -26 -27 27 -29 -30 -31
leaf_value=-0.41203405761718753 -0.0077395868342555038 0.01064479579581624 0.04020359862235285 -0.1636194140277803 -0.027722903290056292 0.17589956556047714 -0.062760938407973865 -0.16254196626885895 0.11811177846975625 0.10243187552677985 -0.033355703352814702 -0.045765169417741253 -0.2368062308227474 -0.010670049253262972 0.029717153574283218 0.0033283177018165592 -0.13616139231781874 -0.12270456643208215 0.18437243074178697 0.17511437846081598 -0.050536152763026101 0.15150487290488349 -0.0051042617507735082 0.060234019336207312 0.050732074006061473 0.021899346761692379 0.063880078438179277 0.00192530149404402 0.021968431071359287 -0.033361613628580984
leaf_weight=25 905 5413 31 20 935 70 1606 197 48 119 336 204 22 589 803 30 105 23 20 35 35 27 8722 1028 28 6709 152 6213 147 2268
leaf_count=25 905 5413 31 20 935 70 1606 197 48 119 336 204 22 589 803 30 105 23 20 35 35 27 8722 1028 28 6709 152 6213 147 2268
internal_value=0.000316023 0.00480836 -0.0795144 0.0190866 -0.00531001 0.0631603 -0.0752272 -0.134976 0.0152973 0.0077255 -0.00149503 0.00559173 0.00732086 -0.0205312 0.00535816 0.00246719 -0.0672653 0.0225673 0.0230603 0.0958285 -0.12243 -0.00685147 -0.00462096 0.0558259 -0.038581 0.0225828 0.00156158 0.00340482 0.0579652 -0.0260537
internal_weight=36865 34901 1964 14475 20426 1146 1939 228 13329 6529 17253 6263 6059 646 7569 6766 1711 6800 6777 65 57 9684 8749 1076 48 6757 6701 6365 266 3173
internal_count=36865 34901 1964 14475 20426 1146 1939 228 13329 6529 17253 6263 6059 646 7569 6766 1711 6800 6777 65 57 9684 8749 1076 48 6757 6701 6365 266 3173
is_linear=0
shrinkage=0.05


Tree=50
num_leaves=31
num_cat=0
split_feature=256 299 212 299 238 296 252 95 130 148 62 11 241 295 291 257 83 104 119 54 287 154 39 233 111 21 295 285 127 48
split_gain=5026.77 1780.31 1141.09 884.196 609.646 386.916 329.79 291.945 246.649 219.76 243.289 211.592 210.667 195.466 192.998 211.21 189.931 180.142 180.099 196.894 195.242 186.467 180.084 193.104 190.419 176.1 206.491 234.42 190.103 180.403
threshold=-11.050000190734862 -1.3499999642372129 -39.649999618530266 9.2500000000000018 -4.6499998569488517 -22.650000572204586 -1.0000000180025095e-35 -19.650000572204586 -1.9499999880790708 -1.2499999999999998 -5.1499998569488517 0.94999998807907116 -6.9500000476837149 -10.449999809265135 6.8500001430511483 4.4500000476837167 1.8499999642372134 4.2500000000000009 1.9499999880790713 -1.4499999880790708 -2.1499999761581416 -1.4499999880790708 5.3500001430511483 3.0499999523162846 -2.0499999523162837 -1.8499999642372129 -0.65000000596046437 -9.8499999046325666 3.7500000000000004 -3.6499999761581416
decision_type=2 2 2 2 2 2 2 2 2 2 2 2 2 2 2 2 2 2 2 2 2 2 2 2 2 2 2 2 2 2
left_child=2 4 -1 6 12 7 9 -4 13 -3 -11 -5 17 -6 15 16 25 -2 -8 20 -20 -21 23 -15 -25 26 27 -10 -27 -28
right_child=1 3 5 11 8 -7 18 -9 14 10 -12 -13 -14 22 -16 -17 -18 -19 19 21 -22 -23 -24 24 -26 28 29 -29 -30 -31
leaf_value=-0.35281344519721136 -0.032546917692973069 0.021962836201318607 0.075189211151816635 0.040877671570529066 -0.096464866275588673 -0.055902732008527058 0.020799622236149232 -0.11045865075327062 0.16265635146544533 -0.11491574286699816 0.0046034871437195309 0.11262931356785133 -0.012461729856566614 -0.0058252136496529262 0.13453762695707125 0.10051436488484514 -0.016269844984076531 -0.17361939627191295 -0.14677644154947739 0.10844660531688968 0.011448792327428237 0.041896171797398365 -0.096738783380499599 0.20264556965028702 0.0089788946385184927 0.0026380550882292271 0.19903847900303928 0.011042448653011766 0.054080786210302594 0.049692180775478489
leaf_weight=36 1404 2519 22 156 60 1556 3455 566 26 43 4341 301 4025 6456 29 58 966 23 23 115 128 1242 54 22 30 7492 22 1313 184 250
leaf_count=36 1404 2519 22 156 60 1556 3455 566 26 43 4341 301 4025 6456 29 58 966 23 23 115 128 1242 54 22 30 7492 22 1313 184 250
internal_value=1.96781e-06 0.004624 -0.0736474 0.0198899 -0.00376906 -0.0689599 0.0172615 -0.103513 0.000906015 0.0101936 0.0034312 0.0881364 -0.0183139 -0.00662818 0.0057311 0.00536883 0.00483061 -0.0348207 0.0270922 0.0415093 -0.0126517 0.047536 -0.00580675 -0.00505224 0.0909148 0.0070254 0.0220544 0.0139864 0.00387118 0.0617717
internal_weight=36917 34737 2180 12323 22414 2144 11866 588 16962 6903 4384 457 5452 6622 10340 10311 10253 1427 4963 1508 151 1357 6562 6508 52 9287 1611 1339 7676 272
internal_count=36917 34737 2180 12323 22414 2144 11866 588 16962 6903 4384 457 5452 6622 10340 10311 10253 1427 4963 1508 151 1357 6562 6508 52 9287 1611 1339 7676 272
is_linear=0
shrinkage=0.05


Tree=51
num_leaves=31
num_cat=0
split_feature=256 284 57 188 293 73 285 248 167 241 298 194 183 209 82 0 10 236 102 3 57 102 104 236 35 199 298 108 270 147
split_gain=4536.66 1578.22 1471.08 831.058 633.804 508.317 500.715 317.222 293.649 250.561 272.618 308.684 232.608 258.743 202.212 201.553 186.408 186.026 234.404 192.284 183.429 171.939 166.964 166.364 174.098 161.017 158.118 154.405 173.793 164.97
threshold=-11.050000190734862 -1.0000000180025095e-35 -16.150000572204586 8.4499998092651385 -3.9500000476837154 -14.700000286102293 -21.05000019073486 1.7500000000000002 6.0499999523162851 -6.8500001430511466 1.1500000357627871 -3.6499999761581416 -1.6500000357627866 -9.0500001907348615 7.9500000476837167 -4.5499999523162833 -6.6499998569488517 -25.349999427795407 -15.849999904632567 4.8500001430511483 -0.84999999403953541 -3.9500000476837154 4.1499998569488534 -2.8500000238418575 6.3500001430511483 4.4500000476837167 -9.0500001907348615 10.84999990463257 5.0499999523162851 -3.8500000238418575
decision_type=2 2 2 2 2 2 2 2 2 2 2 2 2 2 2 2 2 2 2 2 2 2 2 2 2 2 2 2 2 2
left_child=2 4 -1 7 8 -4 17 14 9 22 -11 -12 13 21 20 -14 -9 18 -7 -19 25 -6 -2 24 -8 -3 -15 28 29 -18
right_child=1 3 5 -5 12 6 23 16 -10 10 11 -13 15 26 -16 -17 27 19 -20 -21 -22 -23 -24 -25 -26 -27 -28 -29 -30 -31
leaf_value=-0.45925941467285158 -0.029955768646036076 -0.0019762207625556036 0.14601919267858779 0.10340903762848147 -0.04232983657317918 -0.062618266582489021 -0.053073323681764054 0.14400294851034115 0.125602861297758 -0.0083659200645641047 -0.2634325087425255 -0.045218814615632451 0.087113470202648494 0.093394881622357817 -0.10267637481761945 0.0088164278519167159 0.14175884475310643 -0.10074926046963553 -0.19318445574153553 0.0048627583930889763 0.020265892543934797 -0.21559997507455675 -0.17536246452480556 0.053498160839080815 -0.18885946366935968 0.084224824341280133 -0.0016154872404754207 -0.07360832781502695 0.055175513983013819 0.023337621972403692
leaf_weight=24 1531 1661 28 310 41 50 1438 39 38 6663 21 71 83 44 37 8461 30 422 110 48 4151 22 20 36 24 56 9189 33 742 1494
leaf_count=24 1531 1661 28 310 41 50 1438 39 38 6663 21 71 83 44 37 8461 30 422 110 48 4151 22 20 36 24 56 9189 33 742 1494
internal_value=1.86945e-06 0.0043928 -0.069965 0.0230401 -0.00169834 -0.0656315 -0.0684164 0.0200176 -0.013073 -0.0137075 -0.00954622 -0.0950285 0.00362176 -0.00185177 0.0138457 0.00957704 0.0356058 -0.105816 -0.152383 -0.0899634 0.0145804 -0.102837 -0.0318308 -0.0526877 -0.0553024 0.000835229 -0.00116271 0.033767 0.0353307 0.0256687
internal_weight=36917 34737 2180 8553 26184 2156 2128 8243 8344 8306 6755 92 17840 9296 5905 8544 2338 630 160 470 5868 63 1551 1498 1462 1717 9233 2299 2266 1524
internal_count=36917 34737 2180 8553 26184 2156 2128 8243 8344 8306 6755 92 17840 9296 5905 8544 2338 630 160 470 5868 63 1551 1498 1462 1717 9233 2299 2266 1524
is_linear=0
shrinkage=0.05


Tree=52
num_leaves=31
num_cat=0
split_feature=287 57 299 295 299 52 293 114 125 3 298 251 256 16 299 298 45 42 28 127 287 28 298 23 141 26 212 36 177 55
split_gain=4147.07 1421.89 1414.51 630.877 593.371 523.86 444.283 312.304 280.662 253.007 235.134 219.966 206.473 201.261 195.101 254.149 209.979 189.032 201.038 186.804 185.081 277.979 227.633 200.091 170.137 169.018 165.836 161.11 160.466 160.059
threshold=-9.3499999046325666 -16.150000572204586 2.6499999761581425 -19.449999809265133 -4.3500001430511466 -13.599999904632567 9.6500000953674334 -2.3500000238418575 -8.0500001907348615 0.15000000223517421 1.2500000000000002 -24.650000572204586 -2.1499999761581416 -4.1499998569488517 -0.84999999403953541 -0.55000001192092884 -3.4500000476837154 5.7500000000000009 0.65000000596046459 -6.2499999999999991 0.84999999403953563 -3.9500000476837154 -3.7499999999999996 6.9500000476837167 5.6499998569488534 6.4500000476837167 -7.5499999523162833 4.3500001430511483 2.1499999761581425 2.6499999761581425
decision_type=2 2 2 2 2 2 2 2 2 2 2 2 2 2 2 2 2 2 2 2 2 2 2 2 2 2 2 2 2 2
left_child=1 -1 4 5 20 -3 -4 10 -9 -8 29 13 -12 -7 16 -16 -10 18 -5 -18 22 -22 23 28 26 -11 -17 -13 -2 -6
right_child=2 3 6 17 7 11 9 8 14 25 12 27 -14 -15 15 24 19 -19 -20 -21 21 -23 -24 -25 -26 -27 -28 -29 -30 -31
leaf_value=-0.4362964312235515 -0.0099290680872033254 0.1408256072998047 0.030622985984925251 -0.029813892498645012 -0.0047361825289178065 -0.010330223485275552 0.043401484012755814 -0.13477137047687876 0.034359093911785196 0.13441271288929699 -0.12116237532060881 -0.071500084709976222 -0.020399196542901538 -0.15705098614267921 0.035889078790276523 -0.077076584509774754 0.073257564600753916 0.11277004111380805 -0.063824009372476939 0.0035971450660439888 0.21569881826639176 0.01725398979584376 -0.041734531602877031 -0.13400003444403411 -0.04652252098321915 -0.0029782400429248812 0.013584466530811586 -0.16460006064176561 0.043502806934217618 0.047772242907434703
leaf_weight=24 5806 25 2419 1828 4472 27 196 34 603 214 78 658 146 174 1312 51 97 21 570 12274 20 150 595 32 125 25 4597 50 144 150
leaf_count=24 5806 25 2419 1828 4472 27 196 34 603 214 78 658 146 174 1312 51 97 21 570 12274 20 150 595 32 125 25 4597 50 144 150
internal_value=1.77595e-06 -0.0528116 0.00531933 -0.0500667 0.00218786 -0.0849702 0.0389886 0.00587904 0.00875618 0.0855093 -0.00545673 -0.0911802 -0.0554864 -0.137342 0.00901222 0.016399 0.0055477 -0.03659 -0.037898 0.00414335 -0.0109088 0.0406004 -0.0122402 -0.00930655 0.0110416 0.120041 0.0125897 -0.0780749 -0.00863593 -0.0030321
internal_weight=36917 3377 33540 3353 30686 934 2854 23939 19093 435 4846 909 224 201 19059 6085 12974 2419 2398 12371 6747 170 6577 5982 4773 239 4648 708 5950 4622
internal_count=36917 3377 33540 3353 30686 934 2854 23939 19093 435 4846 909 224 201 19059 6085 12974 2419 2398 12371 6747 170 6577 5982 4773 239 4648 708 5950 4622
is_linear=0
shrinkage=0.05


Tree=53
num_leaves=31
num_cat=0
split_feature=299 57 299 295 94 193 253 277 268 170 102 284 298 292 175 23 15 243 292 122 298 299 50 298 20 178 133 265 36 168
split_gain=3767.95 1300.08 1222.17 608.919 532.113 490.845 409.402 271.73 248.62 205.957 215.209 203.765 241.099 195.327 200.16 190.18 234.765 182.667 175.37 277.046 201.289 198.068 261.926 206.782 199.185 169.155 192.784 164.64 164.408 174.526
threshold=-8.7499999999999982 -16.150000572204586 2.6499999761581425 -19.449999809265133 -22.949999809265133 -1.9499999880790708 18.550000190734867 -50.600000381469719 8.2500000000000018 -0.45000000298023218 -3.3500000238418575 -1.2499999999999998 -0.74999999999999989 0.25000000745058065 2.0499999523162846 -0.74999999999999989 5.7500000000000009 -3.8500000238418575 -10.749999999999998 -7.3500001430511466 -9.9499998092651349 -4.3500001430511466 6.3500001430511483 -3.7499999999999996 1.0000000180025095e-35 -5.9500000476837149 -1.3499999642372129 0.65000000596046459 1.7500000000000002 -11.050000190734862
decision_type=2 2 2 2 2 2 2 2 2 2 2 2 2 2 2 2 2 2 2 2 2 2 2 2 2 2 2 2 2 2
left_child=1 -1 5 4 -3 18 11 -6 9 17 -11 -4 -13 14 27 -12 -17 25 19 -2 -20 23 24 -22 -23 26 -7 -5 29 -9
right_child=2 3 6 13 7 8 -8 28 -10 10 15 12 -14 -15 -16 16 -18 -19 20 -21 21 22 -24 -25 -26 -27 -28 -29 -30 -31
leaf_value=-0.41448163986206055 -0.22964652296155694 0.17492654800415042 -0.0038169790337654365 -0.035834847399012881 -0.23914022445678712 -0.030735464879509174 0.11233610340527125 -0.0890465966598043 -0.10183825056050338 -0.016514247278295587 0.02670416990333287 0.17802119950453443 0.035359781076583795 -0.18542480355217345 0.059546349682556149 0.0088135768802664795 0.11470830659118464 0.0058176418181047455 0.076867251194916775 -0.031535156950354575 -0.008921620657886653 0.007046741632320247 -0.14988970599811655 -0.043308840347109023 -0.0078921992177711335 -0.012785924424209087 -0.22746594486758115 0.067649959600888765 -0.13844239894950061 -0.038157624694017261
leaf_weight=24 20 20 348 2651 28 33 168 530 51 517 2923 30 2312 21 58 4196 53 7510 77 150 4352 5183 29 486 3918 814 20 39 109 247
leaf_count=24 20 20 348 2651 28 33 168 530 51 517 2923 30 2312 21 58 4196 53 7510 77 150 4352 5183 29 486 3918 814 20 39 109 247
internal_value=1.68714e-06 -0.047667 0.00535454 -0.0452896 -0.0802005 0.00240935 0.0366118 -0.0857831 0.00838277 0.00873266 0.0146417 0.0318826 0.0371872 -0.0335139 -0.032353 0.0168876 0.0101345 0.00330896 -0.00436332 -0.0548424 -0.00375232 -0.00419675 0.00013744 -0.012376 0.000615496 -0.0184214 -0.104973 -0.0343345 -0.0809366 -0.0728695
internal_weight=36917 3727 33190 3703 934 30332 2858 914 16117 16066 7689 2690 2342 2769 2748 7172 4249 8377 14215 170 14045 13968 9130 4838 9101 867 53 2690 886 777
internal_count=36917 3727 33190 3703 934 30332 2858 914 16117 16066 7689 2690 2342 2769 2748 7172 4249 8377 14215 170 14045 13968 9130 4838 9101 867 53 2690 886 777
is_linear=0
shrinkage=0.05


Tree=54
num_leaves=31
num_cat=0
split_feature=287 299 277 5 293 286 293 100 174 298 36 209 193 167 243 2 121 271 145 128 291 289 267 41 18 23 88 97 49 298
split_gain=3413.37 1151.62 1021.5 2092.09 511.253 410.517 380.695 333.941 282.579 258.387 252.775 225.283 224.915 221.765 215.889 211.747 194.152 184.089 182.104 178.044 173.669 172.389 171.258 167.421 164.172 163.56 157.276 225.219 200.604 156.244
threshold=-9.3499999046325666 2.6499999761581425 -50.600000381469719 4.8500001430511483 -3.9500000476837154 -21.449999809265133 9.6500000953674334 -18.64999961853027 -3.2499999999999996 0.94999998807907116 6.1499998569488534 -8.1500000953674299 -4.7499999999999991 5.9500000476837167 0.94999998807907116 -0.65000000596046437 -1.5500000119209287 -19.05000019073486 9.3499999046325701 -12.349999904632567 0.75000000000000011 -6.8500001430511466 7.7500000000000009 -3.6499999761581416 -3.3500000238418575 6.9500000476837167 -4.5499999523162833 -9.1500000953674299 0.25000000745058065 -10.050000190734862
decision_type=2 2 2 2 2 2 2 2 2 2 2 2 2 2 2 2 2 2 2 2 2 2 2 2 2 2 2 2 2 2
left_child=2 4 3 -1 9 7 -3 -4 11 13 16 -6 -11 20 18 -8 21 -18 23 -9 25 26 -16 -10 -19 -2 28 -28 -7 -13
right_child=1 6 5 -5 8 10 15 19 14 12 -12 29 -14 -15 22 -17 17 24 -20 -21 -22 -23 -24 -25 -26 -27 27 -29 -30 -31
leaf_value=0.020368677156942863 -0.0088655631806713112 0.027461903205633461 0.088001219715390891 -0.63647912036288867 -0.075296097970371997 -0.028967311582292873 0.028419698483043616 -0.12515468632065974 0.023386031864512317 -0.20361903200793111 -0.1608207766711712 0.099823229355471485 -0.043284727678519125 0.14690099099408024 0.02305887651084304 0.10268125438628949 0.11298702205381086 0.07012479465741378 -0.14484074372798203 -0.06848375753714489 0.069786852725914547 -0.10894704078197143 -0.08251899274495933 0.0047090191572957225 -0.02463107011305592 -0.12585179398457211 -0.17677216274397714 -0.047597776507324684 0.082393660700126062 -0.0063957161494683102
leaf_weight=27 7327 2419 28 22 119 1089 143 215 1298 29 40 35 89 23 2539 292 31 52 20 390 70 88 39 15871 378 30 35 940 42 3197
leaf_count=27 7327 2419 28 22 119 1089 143 215 1298 29 40 35 89 23 2539 292 31 52 20 390 70 88 39 15871 378 30 35 940 42 3197
internal_value=1.60282e-06 0.00482588 -0.0479126 -0.274543 0.00200035 -0.0445758 0.0352058 -0.0808103 0.00569296 -0.00927947 -0.0360651 -0.00773307 -0.0826889 -0.00811674 0.00796901 0.0782688 -0.0341855 -0.00468863 0.00594538 -0.088623 -0.0085968 -0.0403834 0.0214617 0.00612103 -0.0131722 -0.0093426 -0.0375184 -0.0522348 -0.0248319 -0.00524545
internal_weight=36917 33540 3377 49 30686 3328 2854 633 23118 7568 2695 3351 118 7450 19767 435 2655 461 17189 605 7427 2194 2578 17169 430 7357 2106 975 1131 3232
internal_count=36917 33540 3377 49 30686 3328 2854 633 23118 7568 2695 3351 118 7450 19767 435 2655 461 17189 605 7427 2194 2578 17169 430 7357 2106 975 1131 3232
is_linear=0
shrinkage=0.05


Tree=55
num_leaves=31
num_cat=0
split_feature=228 57 299 299 285 72 267 174 251 172 295 239 279 165 211 200 233 108 36 89 298 167 82 23 81 296 180 136 127 194
split_gain=3225.4 1472.82 1099.6 533.989 436.962 459.341 337.51 231.77 195.542 200.493 194.271 224.173 197.64 192.816 204.635 190.116 191.447 186.167 178.73 165.155 208.962 166.573 162.927 161.019 164.255 162.771 160.89 158.477 220.272 158.114
threshold=-8.0500001907348615 -16.150000572204586 2.6499999761581425 -5.5499999523162833 -21.05000019073486 -14.15000009536743 21.35000038146973 -3.6499999761581416 4.1499998569488534 4.5499999523162851 0.94999998807907116 3.9500000476837163 2.5499999523162846 9.8499999046325701 1.6500000357627871 -11.249999999999998 2.4500000476837163 0.55000001192092907 4.2500000000000009 4.9500000476837167 -7.1499998569488517 2.6499999761581425 -2.7499999999999996 -0.25000000745058054 3.3500000238418584 7.4500000476837167 -25.150000572204586 -7.1499998569488517 -1.6500000357627866 -1.9499999880790708
decision_type=2 2 2 2 2 2 2 2 2 2 2 2 2 2 2 2 2 2 2 2 2 2 2 2 2 2 2 2 2 2
left_child=1 -1 3 10 5 -3 8 19 9 -4 11 12 15 14 22 -2 27 -12 -6 20 -5 -22 -9 24 -16 -25 -7 28 -17 -24
right_child=2 4 6 7 18 26 -8 13 -10 -11 17 -13 -14 -15 23 16 -18 -19 -20 -21 21 -23 29 25 -26 -27 -28 -29 -30 -31
leaf_value=-0.46586042131696437 0.096487762799134125 0.15468826651573184 0.029698510177790967 0.11125544567365904 -0.033210085374501527 -0.18204965535984485 0.22906212373213336 0.015005267780862622 0.050633872344123101 -0.017063745077866229 0.020064768635413864 0.13271921497583392 -0.1240934266600498 -0.11669682152569294 0.025419396243123688 -0.04085350077316801 0.087582544116086736 0.18906097754836082 -0.10080513299680223 -0.12285279631614686 -0.0067999637477538163 -0.095328720507246487 -0.0035316817463528975 0.0067507544138929523 0.085814925151005875 0.13779001757502557 -0.081998489264757377 -0.01600358821324421 -0.1925287323486474 0.0063387619091630869
leaf_weight=21 37 20 1584 37 2371 43 22 2969 971 268 88 25 43 32 1222 211 43 20 102 31 3315 54 6869 1884 124 24 613 3806 27 9912
leaf_count=21 37 20 1584 37 2371 43 22 2969 971 268 88 25 43 32 1222 211 43 20 102 31 3315 54 6869 1884 124 24 613 3806 27 9912
internal_value=-0.000306084 -0.0485192 0.00424015 0.00149063 -0.045736 -0.0813601 0.0339804 0.00414514 0.0324601 0.0229316 -0.0148519 -0.0165577 -0.0174533 0.00595225 0.00612286 -0.0163414 -0.0173629 0.0513604 -0.0359981 -0.00796672 -0.00692107 -0.00821895 0.00420867 0.0177409 0.0309833 0.00839905 -0.0885567 -0.0184787 -0.0580604 0.00229847
internal_weight=36788 3170 33618 30773 3149 676 2845 26473 2823 1852 4300 4192 4167 23036 23004 4124 4087 108 2473 3437 3406 3369 19750 3254 1346 1908 656 4044 238 16781
internal_count=36788 3170 33618 30773 3149 676 2845 26473 2823 1852 4300 4192 4167 23036 23004 4124 4087 108 2473 3437 3406 3369 19750 3254 1346 1908 656 4044 238 16781
is_linear=0
shrinkage=0.05


Tree=56
num_leaves=31
num_cat=0
split_feature=299 132 299 293 52 239 268 182 237 138 230 7 124 185 298 299 35 42 48 298 299 298 38 27 202 4 273 298 4 133
split_gain=2926.21 1406.18 935.783 521.288 574.781 342.842 308.798 268.847 215.082 203.011 224.286 192.54 181.309 172.578 206.438 175.221 165.858 216.772 183.822 164.336 187.021 205.601 178.069 155.816 151.078 148.089 147.502 139.367 171.727 154.761
threshold=-7.3500001430511466 -22.699999809265133 2.6499999761581425 -18.05000019073486 -13.599999904632567 -2.8500000238418575 21.250000000000004 -25.30000019073486 -1.1500000357627866 5.9500000476837167 -12.249999999999998 1.0000000180025095e-35 -7.3500001430511466 -1.7499999999999998 2.0499999523162846 8.4499998092651385 -9.8499999046325666 -4.6499998569488517 -9.8499999046325666 2.9500000476837163 -1.2499999999999998 -0.74999999999999989 -3.0499999523162837 2.1499999761581425 -6.5499999523162833 3.1499999761581425 -7.0499999523162833 -7.0499999523162833 -3.0499999523162837 -0.74999999999999989
decision_type=2 2 2 2 2 2 2 2 2 2 2 2 2 2 2 2 2 2 2 2 2 2 2 2 2 2 2 2 2 2
left_child=1 -1 5 4 -3 9 13 -6 16 10 -2 26 23 25 -15 -16 17 -5 -18 20 22 -22 -7 -12 -23 -4 -10 29 -29 -20
right_child=2 3 6 8 7 19 -8 -9 11 -11 12 -13 -14 14 15 -17 18 -19 27 -21 21 24 -24 -25 -26 -27 -28 28 -30 -31
leaf_value=-0.43628949252041904 -0.15790178303917249 0.14053638342655067 -0.017194126158272812 -0.010799259102592867 -0.23011480111342211 0.022298786436306305 0.20069055910463685 -0.067395130191832339 0.078718808541695273 0.15038879513740541 -0.035951235974152417 0.077264354532704721 -0.0039600465136055271 0.081027879297464828 0.023439814490406483 0.057196595175555115 -0.17456221465360036 0.18180514836595174 -0.029972143624996714 -0.026465290057755025 0.029120642799614672 0.10566399734467269 0.0009963839285577951 -0.17209728642677269 0.0081461514228867941 0.10576791432168749 -0.067269013537424469 -0.17223971518687906 -0.049165387417850717 0.0098325515303329739
leaf_weight=22 24 33 263 48 26 1085 27 1072 24 21 169 93 10133 222 1825 487 22 21 2648 373 1604 40 10235 24 5609 27 62 32 248 269
leaf_count=22 24 33 263 48 26 1085 27 1072 24 21 169 93 10133 222 1825 487 22 21 2648 373 1604 40 10235 24 5609 27 62 32 248 269
internal_value=-0.00029078 -0.0375008 0.00505337 -0.0355928 -0.0650688 0.00239396 0.0324002 -0.0712482 -0.0259771 -0.00491416 -0.00522926 0.0273975 -0.00487442 0.0307912 0.0349726 0.0305503 -0.0288828 0.0478195 -0.030527 0.00639441 0.00705433 0.0133225 0.00303818 -0.0528813 0.00883667 -0.00574594 -0.0265282 -0.0295358 -0.063231 -0.0263014
internal_weight=36788 4620 32168 4598 1131 29317 2851 1098 3467 10371 10350 179 10326 2824 2534 2312 3288 69 3219 18946 18573 7253 11320 193 5649 290 86 3197 280 2917
internal_count=36788 4620 32168 4598 1131 29317 2851 1098 3467 10371 10350 179 10326 2824 2534 2312 3288 69 3219 18946 18573 7253 11320 193 5649 290 86 3197 280 2917
is_linear=0
shrinkage=0.05


Tree=57
num_leaves=31
num_cat=0
split_feature=257 57 299 299 295 69 288 259 247 298 285 212 243 190 299 231 196 298 179 227 295 279 239 298 8 88 191 97 89 190
split_gain=2647.18 1247.56 973.267 474.843 446.264 347.449 289.486 251.835 223.563 223.451 211.958 201.323 193.004 185.437 180.556 184.519 176.167 167.8 252.322 166.781 166.127 170.165 160.968 157.836 155.267 139.685 209.804 173.423 156.732 138.921
threshold=-11.749999999999998 -16.150000572204586 -0.35000000894069666 -5.6499998569488517 12.84999990463257 -13.849999904632567 -26.249999999999996 3.2500000000000004 31.500000000000004 -0.15000000223517415 -12.550000190734862 -6.6499998569488517 -1.0000000180025095e-35 -5.3500001430511466 5.1499998569488534 -0.84999999403953541 3.8500000238418584 -0.55000001192092884 -5.7499999999999991 2.4500000476837163 0.94999998807907116 2.5499999523162846 3.9500000476837163 -8.6500000953674299 -0.84999999403953541 -4.6499998569488517 -5.9500000476837149 -9.1500000953674299 -0.65000000596046437 -6.2499999999999991
decision_type=2 2 2 2 2 2 2 2 2 2 2 2 2 2 2 2 2 2 2 2 2 2 2 2 2 2 2 2 2 2
left_child=1 -1 3 20 11 -3 -7 -6 -9 10 -5 -4 23 -11 17 19 -15 18 -13 -16 21 22 -2 -12 -22 -8 27 -27 -29 -14
right_child=2 5 4 9 7 6 25 8 -10 13 12 14 29 16 15 -17 -18 -19 -20 -21 24 -23 -24 -25 -26 26 -28 28 -30 -31
leaf_value=-0.44018260410853793 -0.01643509376601952 0.12539174106937867 -0.056486459742055128 -0.12587080886587501 0.25122141185260954 -0.097362439597435735 -0.0324251918066304 0.049670075301242914 0.2013227258409773 -0.10992159312421626 0.12420568271325186 -0.050049995867217457 0.12487158508136356 -0.019317912216953795 0.00817820741882864 0.04145087402139034 0.10168538718454299 0.010705833440323463 0.041854238342783075 -0.1555883201685819 0.16467990096319807 -0.11689019550879796 0.11614311454088794 0.00092231192789891676 0.015647669837755316 -0.21478134393692017 0.0019755215093027801 -0.055272936840898339 -0.11787447293992999 0.014781801849526524
leaf_weight=21 5002 27 95 32 21 336 846 184 28 55 26 82 29 1013 53 1001 31 5981 837 22 22 42 23 17753 85 21 108 470 127 2415
leaf_count=21 5002 27 95 32 21 336 846 184 28 55 26 82 29 1013 53 1001 31 5981 837 22 22 42 23 17753 85 21 108 470 127 2415
internal_value=-0.000276241 -0.0568758 0.00290212 -0.00177402 0.0178406 -0.0527159 -0.0552363 0.08606 0.0696997 0.00151878 0.00271018 0.0158712 0.00291364 -0.020439 0.016733 0.0357833 -0.0157249 0.0137622 0.0336539 -0.03986 -0.015364 -0.016666 -0.0158283 0.0011026 0.0462898 -0.0462323 -0.0623215 -0.0735578 -0.0685902 0.0160881
internal_weight=36788 1956 34832 26528 8304 1935 1908 233 212 21354 20255 8071 20223 1099 7976 1076 1044 6900 919 75 5174 5067 5025 17779 107 1572 726 618 597 2444
internal_count=36788 1956 34832 26528 8304 1935 1908 233 212 21354 20255 8071 20223 1099 7976 1076 1044 6900 919 75 5174 5067 5025 17779 107 1572 726 618 597 2444
is_linear=0
shrinkage=0.05


Tree=58
num_leaves=31
num_cat=0
split_feature=257 132 284 93 239 295 234 259 248 247 121 82 51 23 188 280 3 269 30 28 35 83 127 35 219 5 127 146 159 22
split_gain=2389.08 1136.28 887.042 441.249 429.015 382.416 284.928 230.078 226.018 207.43 180.758 179.79 164.448 177.531 163.67 179.956 157.954 163.186 154.845 155.246 188.988 154.331 158.83 153.746 147.739 167.167 147.728 141.095 151.391 155.643
threshold=-11.749999999999998 -22.699999809265133 -1.0000000180025095e-35 -21.749999999999996 -3.9500000476837154 12.84999990463257 -26.55000019073486 3.2500000000000004 1.7500000000000002 31.500000000000004 -3.8500000238418575 7.9500000476837167 1.7500000000000002 -5.2499999999999991 -1.5500000119209287 -11.15000009536743 4.2500000000000009 -8.3499999046325666 2.7500000000000004 0.15000000223517421 -3.4500000476837154 -3.6499999761581416 3.6499999761581425 6.2500000000000009 2.0499999523162846 7.8500001430511483 -5.5499999523162833 -0.25000000745058054 -2.5499999523162837 -0.55000001192092884
decision_type=2 2 2 2 2 2 2 2 2 2 2 2 2 2 2 2 2 2 2 2 2 2 2 2 2 2 2 2 2 2
left_child=1 -1 4 -3 18 8 -5 -7 11 -9 12 16 13 -6 15 -12 17 -4 24 -20 -21 -17 -23 -8 25 -2 -16 -19 29 -29
right_child=2 3 5 6 10 7 23 9 -10 -11 14 -13 -14 -15 26 21 -18 27 19 20 -22 22 -24 -25 -26 -27 -28 28 -30 -31
leaf_value=-0.41134182323109025 -0.010547736417505095 0.16308897336324057 -0.13333040462108331 -0.12657528959336828 -0.072201416984200475 0.23866035184335141 -0.04571759113655418 0.044740511496043342 0.027850068492900823 0.19125659806387765 -0.10305600894593397 -0.098684511760151708 -0.058357446609685816 -0.0025677811288921841 0.058263152779466448 0.019449295856245288 0.067442548218644968 0.019102155244108812 0.010901045847714431 -0.18361238292776622 -0.044308685275966757 -0.0033974670222920202 0.04936771763488651 -0.16178869145826019 0.06847299271720951 -0.151850720175675 0.0076838192733786372 -0.094756165070411499 0.0056183644325503148 0.00078443620908767622
leaf_weight=22 6357 24 20 122 100 21 1759 176 2428 28 43 38 192 1081 147 878 119 2362 123 26 383 8685 145 29 59 21 8047 78 3181 94
leaf_count=22 6357 24 20 122 100 21 1759 176 2428 28 43 38 192 1081 147 878 119 2362 123 26 383 8685 145 29 59 21 8047 78 3181 94
internal_value=-0.000262429 -0.054032 0.00275702 -0.0499675 -0.00179222 0.0167518 -0.0526447 0.0810728 0.0150124 0.0648506 0.00204432 0.00972218 -0.015441 -0.00846394 0.00338215 -0.00099514 0.0104259 0.0092428 -0.0124271 -0.0383521 -0.0531642 -0.000543078 -0.00253099 -0.0476002 -0.0102844 -0.011013 0.00859121 0.00974174 0.00314786 -0.0425421
internal_weight=36788 1956 34832 1934 26287 8545 1910 225 8320 204 19318 5892 1373 1181 17945 9751 5854 5735 6969 532 409 9708 8830 1788 6437 6378 8194 5715 3353 172
internal_count=36788 1956 34832 1934 26287 8545 1910 225 8320 204 19318 5892 1373 1181 17945 9751 5854 5735 6969 532 409 9708 8830 1788 6437 6378 8194 5715 3353 172
is_linear=0
shrinkage=0.05


Tree=59
num_leaves=31
num_cat=0
split_feature=228 57 242 299 72 299 249 293 35 284 230 88 158 247 267 280 85 214 259 35 89 114 186 40 138 133 104 110 19 104
split_gain=2209.23 1201.11 805.838 434.6 329.573 400.535 274.399 197.65 191.136 175.041 176.458 171.661 281.222 170.729 182.004 160.756 161.785 162.219 224.422 158.439 155.503 159.69 151.668 147.26 185.084 145.999 144.296 242.816 144.111 145.508
threshold=-8.1500000953674299 -16.150000572204586 2.5499999523162846 -4.3500001430511466 -14.299999713897703 -24.05000019073486 7.4500000476837167 -10.749999999999998 -8.2499999999999982 -2.0499999523162837 5.7500000000000009 -2.5499999523162837 -12.449999809265135 4.7500000000000009 21.35000038146973 -11.349999904632567 -1.3499999642372129 3.2500000000000004 1.0000000180025095e-35 6.0499999523162851 6.6499998569488534 2.2500000000000004 -6.5499999523162833 1.3499999642372134 -2.6499999761581416 -7.5499999523162833 -4.9500000476837149 -9.5500001907348615 2.0499999523162846 0.25000000745058065
decision_type=2 2 2 2 2 2 2 2 2 2 2 2 2 2 2 2 2 2 2 2 2 2 2 2 2 2 2 2 2 2
left_child=1 -1 3 8 -3 26 20 -5 -2 10 25 23 -13 -8 -15 -10 17 18 -17 -11 21 -4 -18 24 -7 -9 27 -6 29 -14
right_child=2 4 6 7 5 11 13 9 15 19 -12 12 28 14 -16 16 22 -19 -20 -21 -22 -23 -24 -25 -26 -27 -28 -29 -30 -31
leaf_value=-0.41737703595842635 0.068763471198709389 0.1428490047454834 0.015247987196940449 -0.14557102214206349 -0.094591674367890108 -0.024972599985460149 0.167312194449561 -0.079803392572099716 -0.048558825344502274 0.01004262608616713 0.14176513892175122 -0.2368393135070801 -0.04788314503835641 0.04656847596418958 0.19366748116233135 -0.0026214888328617882 -0.062979701610784686 0.12887628441271576 -0.085670907633850379 -0.021219026578718582 -0.01858668433295356 0.042862599783422578 -0.016216962234405358 -0.086951618084962351 0.036167820994811715 0.00040204439482233677 -0.13543419814383498 -0.0091945081888163676 -0.0075509944541306152 -0.11680361844761217
leaf_weight=21 76 25 1487 22 262 1623 35 57 273 10869 22 20 457 476 22 4080 189 23 83 421 225 808 2100 87 134 12402 98 122 177 92
leaf_count=21 76 25 1487 22 262 1623 35 57 273 10869 22 20 457 476 22 4080 189 23 83 421 225 808 2100 87 134 12402 98 122 177 92
internal_value=-0.000249308 -0.0405137 0.00347936 0.00103675 -0.0379583 -0.0394297 0.0279751 0.00422703 -0.0100867 0.00436567 0.000284929 -0.0316412 -0.0518791 0.0605689 0.0530668 -0.0109747 -0.00939011 -0.00354568 -0.00427729 0.00887689 0.0210812 0.0249703 -0.0200781 -0.0234538 -0.0203096 3.5104e-05 -0.0812807 -0.0674603 -0.0467838 -0.0594327
internal_weight=36788 3118 33670 30617 3097 3072 3053 23793 6824 23771 12481 2590 746 533 498 6748 6475 4186 4163 11290 2520 2295 2289 1844 1757 12459 482 384 726 549
internal_count=36788 3118 33670 30617 3097 3072 3053 23793 6824 23771 12481 2590 746 533 498 6748 6475 4186 4163 11290 2520 2295 2289 1844 1757 12459 482 384 726 549
is_linear=0
shrinkage=0.05


Tree=60
num_leaves=31
num_cat=0
split_feature=235 123 284 51 285 186 299 271 84 208 298 121 179 21 228 58 124 57 167 97 20 84 64 228 130 224 154 142 180 10
split_gain=2077.71 1307.23 676.682 415.285 371.633 362.304 271.385 206.513 194.703 220.537 183.231 171.667 168.546 167.506 196.092 196.016 180.552 173.09 165.448 163.895 162.178 157.847 154.8 150.764 149.833 149.464 148.504 147.036 143.265 140.774
threshold=-8.4499998092651349 -21.150000572204586 -1.0000000180025095e-35 -15.900000572204588 -21.05000019073486 5.6499998569488534 -4.7499999999999991 -9.5500001907348615 -6.1499998569488517 -5.0499999523162833 -3.7499999999999996 4.2500000000000009 -5.3500001430511466 2.2500000000000004 -6.4500000476837149 -6.7499999999999991 3.0499999523162846 -0.94999998807907093 6.0499999523162851 2.9500000476837163 -5.6499998569488517 3.1499999761581425 0.84999999403953563 0.55000001192092907 -0.35000000894069666 -11.15000009536743 -7.8500001430511466 -11.749999999999998 -2.3500000238418575 6.6499998569488534
decision_type=2 2 2 2 2 2 2 2 2 2 2 2 2 2 2 2 2 2 2 2 2 2 2 2 2 2 2 2 2 2
left_child=1 -1 6 -3 25 7 10 -4 9 -8 18 -6 -11 14 -9 -16 -15 -17 21 23 22 24 -10 -12 27 28 -26 -2 29 -5
right_child=2 3 5 4 11 -7 8 13 20 12 19 -13 -14 16 15 17 -18 -19 -20 -21 -22 -23 -24 -25 26 -27 -28 -29 -30 -31
leaf_value=-0.36413904005481351 -0.12660117966157419 0.18935737609863282 -0.14793996438384058 -0.068753219677527302 -0.030653423713126654 0.052657687442977566 0.04135247083524099 -0.082113104552030566 0.020953385284929363 -0.20195961640216412 -0.043363177464730618 0.11651957720518112 -0.049584992235640481 -0.0097479422151414245 0.12904382653725452 0.0026920753864538736 0.03412824122540211 0.021532404121301474 0.10921083997935058 -0.17825704855578287 0.0020762885531935443 -0.056236646515095523 0.1232026403148969 0.076934617119176055 0.14923866033554076 -0.20701829135417937 0.010918607465077215 -0.009569983932547781 0.010489948065775745 -0.16713696244435433
leaf_weight=31 27 20 20 537 2130 605 65 50 135 20 373 20 196 1281 39 1651 287 4660 30 21 19270 168 51 28 20 20 652 4491 53 39
leaf_count=31 27 20 20 537 2130 605 65 50 135 20 373 20 196 1281 39 1651 287 4660 30 21 19270 168 51 28 20 20 652 4491 53 39
internal_value=-0.000209316 -0.0412231 0.0032145 -0.037672 -0.0392943 0.015352 -0.000868058 0.0125265 0.00192796 -0.0393948 -0.0103663 -0.0292844 -0.0636938 0.0129293 0.0165176 0.0172942 -0.00171703 0.0166036 -0.00788136 -0.0420941 0.00252478 -0.00853697 0.0489895 -0.0349633 -0.00699293 -0.0724549 0.0150353 -0.0102694 -0.0681762 -0.0754146
internal_weight=36990 2850 34140 2819 2799 8593 25547 7988 19737 281 5810 2150 216 7968 6400 6350 1568 6311 5388 422 19456 5358 186 401 5190 649 672 4518 629 576
internal_count=36990 2850 34140 2819 2799 8593 25547 7988 19737 281 5810 2150 216 7968 6400 6350 1568 6311 5388 422 19456 5358 186 401 5190 649 672 4518 629 576
is_linear=0
shrinkage=0.05


Tree=61
num_leaves=31
num_cat=0
split_feature=240 123 299 73 202 184 183 295 161 281 12 253 31 109 34 1 105 100 210 27 125 298 28 50 141 38 245 45 185 21
split_gain=1883.57 1124.09 679.238 463.915 316.25 259.257 240.014 188.791 204.325 184.347 196.544 181.429 167.551 170.361 164.995 220.723 166.826 204.659 163.056 154.077 153.238 152.574 147.812 179.263 193.489 144.926 168.685 144.527 143.426 143.092
threshold=-10.849999904632567 -21.150000572204586 -1.3499999642372129 -14.700000286102293 6.1499998569488534 -3.2499999999999996 -12.849999904632567 3.7500000000000004 3.4500000476837163 -5.8500001430511466 -2.9500000476837154 9.8499999046325701 -0.25000000745058054 5.5499999523162851 -1.4499999880790708 -1.4499999880790708 -2.8500000238418575 -4.1499998569488517 2.4500000476837163 -9.6500000953674299 -7.9500000476837149 0.35000000894069677 11.750000000000002 0.65000000596046459 -1.0000000180025095e-35 -2.1499999761581416 1.4499999880790713 -0.74999999999999989 -6.6499998569488517 3.0499999523162846
decision_type=2 2 2 2 2 2 2 2 2 2 2 2 2 2 2 2 2 2 2 2 2 2 2 2 2 2 2 2 2 2
left_child=1 -1 5 -3 11 18 -5 9 -9 10 -7 20 -11 27 15 -8 -17 -18 19 -2 -4 -21 23 -6 -25 26 -12 -14 -27 -22
right_child=2 3 4 6 22 7 14 8 -10 12 25 -13 13 -15 -16 16 17 -19 -20 21 29 -23 -24 24 -26 28 -28 -29 -30 -31
leaf_value=-0.34593212989068806 -0.13609729756911595 0.18074543842964846 -0.09004721547427931 -0.068223755596453078 -0.0060752294251635195 -0.055318332770626061 0.048240648287521531 0.033711227290332317 0.21238928407430652 0.0073269542328675804 0.0030830669656346735 -0.11092660830866906 -0.018687877096867155 0.068763792281970382 -0.052317876030987934 -0.016396734357184292 -0.17299721439073726 -0.024225937308005568 -0.070982346859845252 -0.0087830913130996693 0.012151435646305388 -0.14375962643396287 -0.046855767175208694 0.18833136484026911 0.053670730299468263 -0.14998765750364826 0.11916504441337153 -0.00048006595360761817 -0.020088049188184527 -0.0084626718539402256
leaf_weight=31 24 23 38 715 124 262 113 80 20 7615 606 31 1416 80 552 490 41 53 110 6924 10662 21 43 28 564 22 33 4732 623 914
leaf_count=31 24 23 38 715 124 262 113 80 20 7615 606 31 1416 80 552 490 41 53 110 6924 10662 21 43 28 564 22 33 4732 623 914
internal_value=-0.00019885 -0.0471686 0.00251146 -0.0425075 0.0119106 -0.00265455 -0.045122 0.000968406 0.0694468 0.000523423 -0.015852 0.00987232 0.00235225 -0.00373035 -0.0318971 -0.0157246 -0.0281015 -0.0891155 -0.0105816 -0.00962827 0.0101948 -0.00919123 0.0431824 0.0485897 0.0600398 -0.00779891 0.00907791 -0.00467367 -0.0245187 0.0105238
internal_weight=36990 2018 34972 1987 12404 22568 1964 15489 100 15389 1546 11645 13843 6228 1249 697 584 94 7079 6969 11614 6945 759 716 592 1284 639 6148 645 11576
internal_count=36990 2018 34972 1987 12404 22568 1964 15489 100 15389 1546 11645 13843 6228 1249 697 584 94 7079 6969 11614 6945 759 716 592 1284 639 6148 645 11576
is_linear=0
shrinkage=0.05


Tree=62
num_leaves=31
num_cat=0
split_feature=185 123 299 72 257 51 136 77 293 35 242 148 26 104 61 248 127 116 133 265 2 155 7 18 167 43 3 84 0 194
split_gain=1718.67 1038.09 612.706 469.066 347.744 323.674 229.144 222.255 186.528 194.033 174.495 177.891 214.512 206.514 167.083 152.745 168.602 177.936 150.995 148.544 167.554 154.143 148.043 143.742 180.606 138.809 192.946 163.896 138.704 137.07
threshold=-7.7499999999999991 -21.150000572204586 -1.8499999642372129 -14.849999904632567 -19.150000572204586 8.4499998092651385 -4.5499999523162833 -5.8500001430511466 5.1499998569488534 7.4500000476837167 1.3499999642372134 -2.1499999761581416 -6.6499998569488517 -3.2499999999999996 -4.9500000476837149 -3.3500000238418575 -5.2499999999999991 -3.0499999523162837 -3.5499999523162837 -3.2499999999999996 0.25000000745058065 0.45000000298023229 0.65000000596046459 1.1500000357627871 0.65000000596046459 -6.7499999999999991 6.2500000000000009 -2.9500000476837154 3.1499999761581425 -20.449999809265133
decision_type=2 2 2 2 2 2 2 2 2 2 2 2 2 2 2 2 2 2 2 2 2 2 2 2 2 2 2 2 2 2
left_child=1 -1 6 -3 7 10 -2 14 9 15 11 -4 -13 -14 -5 25 17 -17 -19 21 -21 -15 -11 24 -6 -8 27 28 -27 -9
right_child=2 3 5 4 23 -7 8 29 -10 22 -12 12 13 19 -16 16 -18 18 -20 20 -22 -23 -24 -25 -26 26 -28 -29 -30 -31
leaf_value=-0.32863548032699097 -0.017920176363586858 0.19239254092628308 0.017791508196736871 -0.068180662997298899 -0.025103664914002788 0.067825154676910276 -0.054831002688863206 -0.22495299119215748 0.098383599646548012 -0.029777723864505168 0.018866736044928653 -0.13315119235615791 -0.028298474708572031 0.0053462734085417563 0.022679654523612015 -0.016665708214828844 0.0021307880053044919 0.20153886725505196 0.057042226147873756 0.0016371448207382505 0.018091741184243428 -0.041559324029754298 -0.1904991388320923 -0.06047575438951517 0.11920649053698236 0.0011782120857499318 0.11184240253908294 -0.012189812202587198 0.083471959141584548 -0.10158553682267667
leaf_weight=31 2282 22 2532 257 1495 242 144 26 47 38 3692 29 492 372 63 76 9529 21 130 4414 2382 331 23 308 22 3340 35 4395 52 168
leaf_count=31 2282 22 2532 257 1495 242 144 26 47 38 3692 29 492 372 63 76 9529 21 130 4414 2382 331 23 308 22 3340 35 4395 52 168
internal_value=-0.000188907 -0.041178 0.00264495 -0.0374037 -0.0395651 0.0104851 -0.00300204 -0.0758925 -0.00109272 -0.00135563 0.00951091 0.00623744 0.00258969 0.00308231 -0.0502925 -0.00104921 0.00314529 0.0457322 0.0771378 0.00514116 0.00740449 -0.0167387 -0.0903776 -0.0293337 -0.0230108 -0.00618625 -0.00529071 -0.00581719 0.00243979 -0.118119
internal_weight=36990 2392 34598 2361 2339 14486 20112 514 17830 17783 14244 10552 8020 7991 320 17722 9756 227 151 7499 6796 703 61 1825 1517 7966 7822 7787 3392 194
internal_count=36990 2392 34598 2361 2339 14486 20112 514 17830 17783 14244 10552 8020 7991 320 17722 9756 227 151 7499 6796 703 61 1825 1517 7966 7822 7787 3392 194
is_linear=0
shrinkage=0.05


Tree=63
num_leaves=31
num_cat=0
split_feature=256 58 284 72 243 257 299 296 293 180 77 277 34 73 66 61 186 35 47 75 248 85 127 273 197 44 251 215 128 49
split_gain=1558.38 1075.54 575.309 358.347 290.029 265.502 260.759 205.156 197.884 197.072 184.823 183.966 180.667 176.153 162.715 162.177 157.845 156.585 152.264 145.348 139.065 137.764 157.166 144.452 191.218 143.909 139.363 134.212 132.777 132.72
threshold=-11.050000190734862 -15.649999618530272 -1.0000000180025095e-35 -14.849999904632567 7.5499999523162851 -19.150000572204586 -4.7499999999999991 -4.3500001430511466 -10.749999999999998 -2.3500000238418575 -5.8500001430511466 -6.3500001430511466 -3.7499999999999996 5.9500000476837167 2.8500000238418584 -4.9500000476837149 5.4500000476837167 -7.3500001430511466 -0.74999999999999989 -1.1500000357627866 -4.3500001430511466 -1.1500000357627866 1.0000000180025095e-35 -1.9499999880790708 -5.2499999999999991 -5.9500000476837149 1.9499999880790713 -0.25000000745058054 1.7500000000000002 -5.9500000476837149
decision_type=2 2 2 2 2 2 2 2 2 2 2 2 2 2 2 2 2 2 2 2 2 2 2 2 2 2 2 2 2 2
left_child=1 -1 6 -3 11 9 21 12 -8 10 15 20 -7 14 16 -5 -13 -14 19 -16 -4 23 25 -2 -25 -23 28 -26 -27 -10
right_child=2 3 4 5 -6 7 8 -9 29 -11 -12 13 17 -15 18 -17 -18 -19 -20 -21 -22 22 -24 24 27 26 -28 -29 -30 -31
leaf_value=-0.40627906143665315 -0.0075588043395084211 0.1727453960478306 0.028310421109199527 -0.067717444944730101 0.051834012857123996 -0.0014075327161813807 -0.12677774180968601 -0.15634470092913799 0.049066943629663823 0.074878356250448405 -0.10914963206711324 0.0092568718852590864 0.087851665603617832 -0.043049522009219084 0.16984352366716574 0.020807449629137411 0.054545535931758808 -0.041387705619748055 0.023220973702416544 0.052952539580908134 -0.11110275086929214 0.10432432413101196 0.0064139566863887013 0.11963040670570063 -0.013755469903632812 -0.03028623339637081 0.097171824460937861 0.074621727563819643 -0.1332811470143497 0.0013798973316200202
leaf_weight=20 4268 20 27 270 469 489 30 31 147 23 228 6795 24 142 33 64 198 999 748 137 53 20 400 49 158 1414 21 59 32 19622
leaf_count=20 4268 20 27 270 469 489 30 31 147 23 228 6795 24 142 33 64 198 999 748 137 53 20 400 49 158 1414 21 59 32 19622
internal_value=-0.000179462 -0.0413097 0.00238129 -0.0379115 0.0136017 -0.0398914 -0.00129981 -0.0290168 0.00153977 -0.0685743 -0.0744451 0.011397 -0.0264062 0.0121465 0.0131373 -0.0507546 0.0105392 -0.0383557 0.0329288 0.0756431 -0.0640508 -0.0100556 -0.0214081 -0.00533078 0.0304181 -0.0288922 -0.0307083 0.0102734 -0.0325655 0.00173449
internal_weight=36990 2168 34822 2148 8602 2128 26220 1543 19799 585 562 8133 1512 8053 7911 334 6993 1023 918 170 80 6421 1887 4534 266 1487 1467 217 1446 19769
internal_count=36990 2168 34822 2148 8602 2128 26220 1543 19799 585 562 8133 1512 8053 7911 334 6993 1023 918 170 80 6421 1887 4534 266 1487 1467 217 1446 19769
is_linear=0
shrinkage=0.05


Tree=64
num_leaves=31
num_cat=0
split_feature=235 58 242 36 183 183 293 180 158 124 249 11 259 97 22 233 229 193 68 192 56 195 267 183 117 247 207 84 44 119
split_gain=1425.22 997.251 493.575 317.46 320.087 264.637 205.456 202.541 179.52 180.814 167.02 159.687 155.966 167.054 153.265 214.266 207.749 214.228 166.454 160.138 145.375 159.394 138.601 140.946 192.048 142.319 135.865 171.26 166.549 130.396
threshold=-8.4499998092651349 -15.649999618530272 2.5499999523162846 -18.949999809265133 -12.849999904632567 -2.1499999761581416 8.9499998092651385 -8.5500001907348615 6.0499999523162851 -1.2499999999999998 7.4500000476837167 -6.1499998569488517 3.0499999523162846 4.4500000476837167 -0.45000000298023218 -7.1499998569488517 -3.1499999761581416 3.2500000000000004 -3.3500000238418575 5.0499999523162851 1.6500000357627871 4.0499999523162851 -3.5499999523162837 4.8500001430511483 5.6499998569488534 -2.8500000238418575 -0.94999998807907093 3.8500000238418584 -1.0500000119209287 2.0499999523162846
decision_type=2 2 2 2 2 2 2 2 2 2 2 2 2 2 2 2 2 2 2 2 2 2 2 2 2 2 2 2 2 2
left_child=1 -1 5 -3 -5 8 7 -7 29 -10 -4 -6 13 -12 16 -16 18 -18 -9 26 21 -21 23 24 25 -13 27 -17 -29 -2
right_child=2 3 10 4 11 6 -8 14 9 -11 12 22 -14 -15 15 19 17 -19 -20 20 -22 -23 -24 -25 -26 -27 -28 28 -30 -31
leaf_value=-0.38596512377262115 -0.0049069272307177341 0.16202857607886906 0.016422330412620784 -0.061040970570247835 -0.14603276183971992 -0.10262647968801586 0.11394202709197998 -0.043724473344627771 -0.16420281331454006 -0.015405874208984328 0.064747198141283463 -0.021200443910243012 0.037038770401515618 0.23553390247481212 -0.085209387602905431 -0.0021086982979937555 0.016164605989748945 -0.027217881473709512 0.00090193190958380391 -0.049600890960012162 -0.0038031443593002133 -0.22384426022569337 0.049389513887798608 0.10210579288276761 -0.12611251567166462 -0.14633754193175422 0.0086203306713167616 -0.20056700043380263 -0.034301020552358424 0.025602075670742325
leaf_weight=20 12901 21 2522 751 26 44 43 256 35 49 45 1874 473 21 72 5412 5896 299 1137 35 62 21 67 22 46 23 4376 20 61 360
leaf_count=20 12901 21 2522 751 26 44 43 256 35 49 45 1874 473 21 72 5412 5896 299 1137 35 62 21 67 22 46 23 4376 20 61 360
internal_value=-0.000170489 -0.0341391 0.0026652 -0.0316527 -0.0331007 0.000778461 0.00478083 0.0045155 -0.00454024 -0.0774046 0.0218217 -0.0229048 0.0470857 0.119088 0.00478265 0.000735556 0.0101477 0.0140708 -0.00729933 0.00135517 -0.0565471 -0.114942 -0.0213293 -0.0237406 -0.0251655 -0.0227177 0.00204748 -0.00318878 -0.0753543 -0.00407869
internal_weight=36990 2850 34140 2830 2809 31079 17734 17691 13345 84 3061 2058 539 66 17647 10059 7588 6195 1393 9987 118 56 2032 1965 1943 1897 9869 5493 81 13261
internal_count=36990 2850 34140 2830 2809 31079 17734 17691 13345 84 3061 2058 539 66 17647 10059 7588 6195 1393 9987 118 56 2032 1965 1943 1897 9869 5493 81 13261
is_linear=0
shrinkage=0.05


Tree=65
num_leaves=31
num_cat=0
split_feature=299 183 78 234 240 185 178 298 26 101 117 198 173 37 148 272 3 146 130 4 298 4 262 295 126 77 65 145 128 87
split_gain=1255.93 910.43 543.922 498.077 307.925 246.591 198.311 189.929 214.622 182.593 180.865 179.486 176.778 142.91 140.279 173.227 155.918 151.468 143.443 137.019 136.193 229.381 205.852 135.941 164.353 152.157 175.758 147.519 133.691 132.805
threshold=-7.3500001430511466 -28.449999809265133 -18.699999809265133 1.5500000119209292 -14.849999904632567 26.399999618530277 6.1499998569488534 -8.9499998092651349 0.35000000894069677 -6.6499998569488517 -2.4500000476837154 0.65000000596046459 -3.5499999523162837 7.1499998569488534 -1.6500000357627866 -3.7499999999999996 4.8500001430511483 -4.5499999523162833 -4.6499998569488517 -1.1500000357627866 -7.0499999523162833 -3.0499999523162837 -1.0500000119209287 -3.9500000476837154 -6.0499999523162833 -7.9500000476837149 -6.8500001430511466 -3.4500000476837154 -3.6499999761581416 -3.9500000476837154
decision_type=2 2 2 2 2 2 2 2 2 2 2 2 2 2 2 2 2 2 2 2 2 2 2 2 2 2 2 2 2 2
left_child=1 -1 -3 6 19 9 7 8 -2 -5 13 -8 -9 -11 15 17 -16 -14 -19 -4 23 -22 -23 25 -25 -6 28 -28 -27 -26
right_child=3 2 4 5 20 -7 11 12 -10 10 -12 -13 14 -15 16 -17 -18 18 -20 -21 21 22 -24 24 29 26 27 -29 -30 -31
leaf_value=-0.27137362505938556 0.1200560392907766 0.23782883644104005 -0.080085636050956935 0.16092113649303263 0.023200061709456179 0.082345919853804128 0.1394001279763567 -0.0077794124930226976 -0.035345885470848194 -0.0079032914677497814 0.019967883019867252 0.018197384764928194 0.01837388856607361 -0.13145294672250749 -0.0013082255919829803 0.012642976826119035 0.061363702330738304 -0.045382503011863529 -0.0033122620674639809 -0.037327555552624243 -0.15804197533828457 -0.047650917836266467 0.08201353383915766 -0.099180873706936845 0.17327943637967111 -0.041448249642928821 -0.0057219849484277906 -0.030435054017261848 -0.13560217670772387 0.032699784040451055
leaf_weight=37 68 20 247 22 233 151 48 5138 33 367 3628 84 777 25 13072 5690 100 219 2708 776 41 244 35 20 20 209 1622 962 46 105
leaf_count=37 68 20 247 22 233 151 48 5138 33 367 3628 84 777 25 13072 5690 100 219 2708 776 41 244 35 20 20 209 1622 962 46 105
internal_value=3.84541e-05 -0.0243462 -0.0223506 0.00354247 -0.0234917 0.0196115 0.0011307 0.000840449 0.0692812 0.0172679 0.0164818 0.0622711 0.000590936 -0.0157827 0.00249676 0.00716486 -0.000832429 -0.0012505 -0.00645998 -0.0476514 -0.0165041 -0.0476127 -0.0313848 -0.0134097 0.0338996 -0.0156427 -0.0188306 -0.0149224 -0.0584329 0.0551925
internal_weight=36747 4617 4580 32130 4560 4193 27937 27805 101 4042 4020 132 27704 392 22566 9394 13172 3704 2927 1023 3537 320 279 3217 145 3072 2839 2584 255 125
internal_count=36747 4617 4580 32130 4560 4193 27937 27805 101 4042 4020 132 27704 392 22566 9394 13172 3704 2927 1023 3537 320 279 3217 145 3072 2839 2584 255 125
is_linear=0
shrinkage=0.05


Tree=66
num_leaves=31
num_cat=0
split_feature=245 123 291 51 239 205 278 190 24 57 74 36 21 127 294 59 35 112 191 288 3 123 5 77 166 77 178 299 191 41
split_gain=1166.45 807.634 497.893 469.119 257.133 242.247 183.743 173.231 171.683 164.583 172.569 160.894 150.589 174.698 171.015 171.169 169.488 149.7 162.377 146.628 187.951 145.677 144.814 140.274 128.143 125.765 133.596 126.498 125.167 124.002
threshold=-8.4499998092651349 -21.150000572204586 6.1499998569488534 -15.900000572204588 -2.9500000476837154 25.400000572204593 -27.749999999999996 -10.550000190734862 -4.5499999523162833 -0.65000000596046437 4.8500001430511483 0.94999998807907116 -1.4499999880790708 -4.7499999999999991 -1.8499999642372129 -1.1500000357627866 -1.3499999642372129 -9.6500000953674299 -7.9500000476837149 0.35000000894069677 5.0499999523162851 -1.4499999880790708 -1.1500000357627866 1.8499999642372134 -5.5499999523162833 4.8500001430511483 6.3500001430511483 7.1499998569488534 -0.55000001192092884 -9.4499998092651349
decision_type=2 2 2 2 2 2 2 2 2 2 2 2 2 2 2 2 2 2 2 2 2 2 2 2 2 2 2 2 2 2
left_child=1 -1 4 -3 7 -4 8 -2 22 10 17 21 14 16 -11 23 -14 -6 -19 29 -21 -8 -5 -16 -15 26 27 -20 -13 -9
right_child=2 3 5 6 9 -7 11 19 -10 12 -12 28 13 24 15 -17 -18 18 25 20 -22 -23 -24 -25 -26 -27 -28 -29 -30 -31
leaf_value=-0.28842742919921877 -0.069167021307551743 0.1972570502239725 0.033461752133311179 -0.10762205931448168 -0.1312696448103948 0.19424349268277485 -0.023238313570051614 -0.085535859564940142 -0.10528041904613579 0.0075824223904285117 0.075665667381238297 -0.045242452969312924 0.089114234472314521 -0.040536318309905478 0.056637724056359265 0.023925985198414497 -0.007921970417050438 0.0910350251942873 -0.00034340967507711772 0.01510883555179689 0.16423854495991361 0.027876593708992082 0.024041738372761759 0.17314924329519274 0.0052963036669397235 -0.040785612591675353 0.082039622749601096 -0.089464097172021861 -0.15595884426600404 -0.0049850270407169883
leaf_weight=30 103 23 982 31 22 24 1971 48 146 1572 74 468 120 155 186 1045 72 48 8700 533 22 150 64 30 9476 196 49 40 27 10340
leaf_count=30 103 23 982 31 22 24 1971 48 146 1572 74 468 120 155 186 1045 72 48 8700 533 22 150 64 30 9476 196 49 40 27 10340
internal_value=3.65314e-05 -0.0303402 0.00264895 -0.0276518 0.00158726 0.0372975 -0.0294624 -0.00462691 -0.0712388 0.00473812 -0.000378931 -0.0256138 0.00842915 0.00550015 0.018585 0.0323011 0.0527257 -0.00100039 -0.000683116 -0.00401943 0.0210203 -0.0196234 -0.0189222 0.0728199 0.00455868 -0.0011731 -0.000289713 -0.000751285 -0.0512815 -0.00535723
internal_weight=36747 2910 33837 2880 32831 1006 2857 11046 241 21785 9129 2616 12656 9823 2833 1261 192 9055 9033 10943 555 2121 95 216 9631 8985 8789 8740 495 10388
internal_count=36747 2910 33837 2880 32831 1006 2857 11046 241 21785 9129 2616 12656 9823 2833 1261 192 9055 9033 10943 555 2121 95 216 9631 8985 8789 8740 495 10388
is_linear=0
shrinkage=0.05


Tree=67
num_leaves=31
num_cat=0
split_feature=245 183 60 291 117 287 183 174 20 214 41 293 298 119 48 36 44 121 222 90 291 264 30 125 62 269 293 3 196 238
split_gain=1052.72 757.416 622.064 458.451 215.595 212.99 174.087 168.572 150.796 140.585 139.027 153.125 137.285 156.49 143.166 132.841 126.78 125.097 125.574 123.045 164.366 180.43 134.784 125.751 147.008 122.134 121.107 168.956 134.539 146.487
threshold=-8.4499998092651349 -28.449999809265133 -15.65000009536743 1.7500000000000002 25.000000000000004 -4.5499999523162833 -12.849999904632567 -3.2499999999999996 3.1499999761581425 -12.449999809265135 -4.0499999523162833 -15.15000009536743 -14.65000009536743 -5.2499999999999991 -9.4499998092651349 3.0499999523162846 3.3500000238418584 -6.4500000476837149 -5.5499999523162833 5.3500001430511483 8.5500001907348651 2.9500000476837163 -3.3500000238418575 -3.0499999523162837 -1.9499999880790708 -0.65000000596046437 -3.4500000476837154 -1.3499999642372129 -4.6499998569488517 2.0499999523162846
decision_type=2 2 2 2 2 2 2 2 2 2 2 2 2 2 2 2 2 2 2 2 2 2 2 2 2 2 2 2 2 2
left_child=1 -1 -3 7 5 -5 -4 8 9 -2 16 -12 13 -11 -14 25 -9 -7 -19 20 22 -22 -20 -21 -25 -8 27 -13 -29 -30
right_child=3 2 6 4 -6 17 15 10 -10 12 11 26 14 -15 -16 -17 -18 18 19 23 21 -23 -24 24 -26 -27 -28 28 29 -31
leaf_value=-0.25360323931719803 -0.084118903321879254 0.25195062696933745 -0.048727991923629518 -0.097210354158064227 0.078662308112724677 -0.098899599197118188 -0.015564499074400433 0.014876598659877944 -0.046208362244549231 -0.021031202480196954 -0.13360078160961469 -0.025846886434374924 -0.13881256572902204 0.14592608388047665 -0.0048212723316362373 -0.063216777761200701 0.1170320442607326 -0.074880958948698312 0.060122047346469365 -0.11816588802771136 0.15753074833413674 0.042848314977385463 0.016969097454904072 0.084849177870680303 -0.0036396487548011267 -0.13680213832606872 0.0037208816731871784 0.019268424205957837 -0.0058564439491774669 0.062870814872882028
leaf_weight=37 56 20 741 41 143 23 1923 1498 233 25 21 814 20 32 6183 168 31 36 194 22 42 187 2690 51 589 21 15968 687 4172 79
leaf_count=37 56 20 741 41 143 23 1923 1498 233 25 21 814 20 32 6183 168 31 36 194 22 42 187 2690 51 589 21 15968 687 4172 79
internal_value=3.47048e-05 -0.0288232 -0.0259284 0.0025165 0.0183713 0.0161464 -0.0278764 0.000380119 -0.0067063 -0.00524905 0.00237449 0.00134958 -0.0045435 0.0726992 -0.00525329 -0.0205605 0.0169478 0.0173586 0.0180603 0.0189466 0.0231094 0.0638818 0.0198719 -0.000628542 0.0034118 -0.0168742 0.00148005 -0.00474066 -0.00126142 -0.00457923
internal_weight=36747 2910 2873 33837 4018 3875 2853 29819 6549 6316 23270 21741 6260 57 6203 2112 1529 3834 3811 3775 3113 229 2884 662 640 1944 21720 5752 4938 4251
internal_count=36747 2910 2873 33837 4018 3875 2853 29819 6549 6316 23270 21741 6260 57 6203 2112 1529 3834 3811 3775 3113 229 2884 662 640 1944 21720 5752 4938 4251
is_linear=0
shrinkage=0.05


Tree=68
num_leaves=31
num_cat=0
split_feature=256 123 234 51 174 205 58 117 41 114 104 289 194 24 293 286 96 39 53 240 144 89 78 278 23 167 96 15 104 58
split_gain=956.924 703.519 438.949 422.264 208.875 191.902 165.029 181.249 162.729 268.851 161.223 151.394 183.477 149.165 136.361 154.814 144.158 134.944 152.147 141.138 133.153 132.828 128.065 126.605 193.725 123.882 123.382 115.897 115.058 114.264
threshold=-11.050000190734862 -21.150000572204586 1.5500000119209292 -15.900000572204588 -3.2499999999999996 26.94999980926514 -6.7499999999999991 -2.3500000238418575 -9.4499998092651349 -3.7499999999999996 4.7500000000000009 5.5499999523162851 4.6499998569488534 -1.5500000119209287 -0.84999999403953541 -5.4500000476837149 3.6499999761581425 -1.5500000119209287 5.4500000476837167 6.1499998569488534 -0.94999998807907093 2.5499999523162846 -0.25000000745058054 -27.749999999999996 -5.8500001430511466 5.9500000476837167 6.7500000000000009 -6.7499999999999991 -2.4500000476837154 4.5499999523162851
decision_type=2 2 2 2 2 2 2 2 2 2 2 2 2 2 2 2 2 2 2 2 2 2 2 2 2 2 2 2 2 2
left_child=1 -1 4 -3 8 6 -4 26 9 -2 -10 13 -13 20 16 -16 25 -17 19 -19 29 -22 -12 24 -5 -15 -8 -9 -18 -6
right_child=2 3 5 23 11 -7 7 27 10 -11 22 12 -14 14 15 17 28 18 -20 -21 21 -23 -24 -25 -26 -27 -28 -29 -30 -31
leaf_value=-0.27256085713704431 -0.00090217468413439665 0.18434181213378908 0.13327985845506193 0.018861020735974583 0.012536968037612357 0.17167657375335696 -0.0095804084377745409 0.11860290872382706 -0.0062029488897754736 -0.22359121927748557 -0.18363678850557494 0.070936124068456938 -0.081217743197213046 -0.0022655669022063679 -0.066492974884073505 0.03217097079783094 -0.1404541708190333 0.0068747940009449802 -0.074126015752553939 -0.10197561328609786 -0.0084691378740089588 0.053014868046057984 -0.014897260069847108 -0.02672049737361781 -0.089563381913545972 0.11649371211163023 -0.13399603636713611 0.018259854394231802 -0.023706301129117438 0.13231809712946416
leaf_weight=30 33 23 30 53 4425 20 390 29 7127 23 23 143 23 11778 71 510 22 4061 60 30 1341 94 22 1888 185 22 21 3732 518 20
leaf_count=30 33 23 30 53 4425 20 390 29 7127 23 23 143 23 11778 71 510 22 4061 60 30 1341 94 22 1888 185 22 21 3732 518 20
internal_value=3.29696e-05 -0.0321041 0.00205874 -0.0287473 -4.28565e-05 0.0171641 0.0164287 0.0155884 -0.00746156 -0.0923637 -0.00679863 0.00227665 0.0498546 0.00193255 -0.000433045 0.00678316 -0.00320023 0.00789936 0.0049173 0.00607658 0.0088008 -0.00444161 -0.101142 -0.0310526 -0.0654185 -0.00204415 -0.0159374 0.0190336 -0.0284627 0.0130759
internal_weight=36747 2179 34568 2149 30346 4222 4202 4172 7228 56 7172 23118 166 22952 17072 4732 12340 4661 4151 4091 5880 1435 45 2126 238 11800 411 3761 540 4445
internal_count=36747 2179 34568 2149 30346 4222 4202 4172 7228 56 7172 23118 166 22952 17072 4732 12340 4661 4151 4091 5880 1435 45 2126 238 11800 411 3761 540 4445
is_linear=0
shrinkage=0.05


Tree=69
num_leaves=31
num_cat=0
split_feature=299 183 60 291 180 205 183 170 34 65 109 290 243 40 211 218 196 13 78 55 148 70 297 127 297 160 19 0 13 299
split_gain=872.39 680.875 548.857 387.595 201.776 197.133 182.481 157.54 145.131 142.336 165.803 132.471 130.619 126.98 125.234 137.289 158.034 139.43 147.205 131.248 134.896 125.014 124.154 119.211 118.793 116.801 113.682 139.732 119.962 112.03
threshold=-8.9499998092651349 -28.449999809265133 -15.65000009536743 6.1499998569488534 -1.7499999999999998 25.400000572204593 -12.849999904632567 -7.9500000476837149 -1.2499999999999998 -8.4499998092651349 -5.7499999999999991 -14.849999904632567 -10.249999999999998 2.2500000000000004 1.6500000357627871 4.8500001430511483 4.4500000476837167 1.8499999642372134 2.3500000238418584 -2.0499999523162837 -0.74999999999999989 -4.9500000476837149 -4.5499999523162833 -11.749999999999998 -1.4499999880790708 3.9500000476837163 -0.74999999999999989 3.7500000000000004 -1.6500000357627866 5.1499998569488534
decision_type=2 2 2 2 2 2 2 2 2 2 2 2 2 2 2 2 2 2 2 2 2 2 2 2 2 2 2 2 2 2
left_child=1 -1 -3 4 11 24 -4 -6 9 10 -8 -2 -9 -11 15 17 -17 18 19 20 -14 -19 -10 -13 -5 29 27 -21 -29 -23
right_child=3 2 6 5 7 -7 8 12 22 13 -12 23 14 -15 -16 16 -18 21 -20 26 -22 25 -24 -25 -26 -27 -28 28 -30 -31
leaf_value=-0.23657183260531039 -0.12015525608633955 0.24021540582180023 -0.044324204757077448 0.13729572057724002 -0.10742643701453364 0.17474278608957927 -0.032597825982120653 0.13309407591819764 -0.028117566312641909 -0.0044500273447019064 -0.18579847272485495 0.116454251713696 0.0060596539138578903 0.099452365984519328 0.013228370869055062 -0.023306544934134078 -0.17150021093431861 0.11126197317713185 -0.019121731054308831 0.011582840660369435 -0.022476334998369679 0.0093949645398175019 -0.15378747019916772 -0.0027623722012098603 0.026887588676797799 0.076627639369874059 0.0018988235839464203 0.15043196022948799 0.013254563510417939 0.11300947536472922
leaf_weight=37 24 20 753 25 31 24 151 20 1134 1483 20 21 765 30 3845 179 20 38 756 3528 903 772 20 14279 956 79 6743 34 30 27
leaf_count=37 24 20 753 25 31 24 151 20 1134 1483 20 21 765 30 3845 179 20 38 756 3528 903 772 20 14279 956 79 6743 34 30 27
internal_value=3.13211e-05 -0.0231744 -0.0209878 0.00258893 0.00163147 0.0331649 -0.0224426 0.00519091 -0.0166368 -0.00727676 -0.050516 -0.00278429 0.00538771 -0.00238983 0.00524357 0.00303068 -0.0382004 0.00363068 0.00227791 0.00362575 -0.00938879 0.0224735 -0.0302956 -0.0025873 0.0297013 0.0186307 0.00572621 0.0129111 0.0861301 0.0128963
internal_weight=36747 3648 3611 33099 32094 1005 3591 17770 2838 1684 171 14324 17739 1513 17719 13874 199 13675 12759 12003 1668 916 1154 14300 981 878 10335 3592 64 799
internal_count=36747 3648 3611 33099 32094 1005 3591 17770 2838 1684 171 14324 17739 1513 17719 13874 199 13675 12759 12003 1668 916 1154 14300 981 878 10335 3592 64 799
is_linear=0
shrinkage=0.05


Tree=70
num_leaves=31
num_cat=0
split_feature=69 240 71 295 247 165 298 57 29 117 256 297 21 171 20 109 232 21 272 294 120 143 110 263 283 298 92 253 299 299
split_gain=2214 723.483 354.874 346.63 218.13 196.199 187.124 190.261 186.657 186.52 181.295 165.446 165.433 161.33 158.138 156.031 154.288 149.557 149.147 147.644 140.197 148.246 165.815 267.731 145.841 162.684 153.362 167.796 140.075 137.162
threshold=-17.249999999999996 -11.949999809265135 -15.249999999999998 -0.55000001192092884 8.5500001907348651 8.3499999046325701 -3.4500000476837154 -0.94999998807907093 -2.9500000476837154 -3.6499999761581416 -25.849999427795407 -21.249999999999996 7.8500001430511483 1.2500000000000002 2.5499999523162846 2.6499999761581425 2.0499999523162846 2.1499999761581425 5.8500001430511483 -2.9500000476837154 -7.6499998569488517 -2.6499999761581416 0.45000000298023229 -7.7499999999999991 -3.0499999523162837 -12.249999999999998 -3.9500000476837154 -1.5500000119209287 5.0499999523162851 -4.0499999523162833
decision_type=2 2 2 2 2 2 2 2 2 2 2 2 2 2 2 2 2 2 2 2 2 2 2 2 2 2 2 2 2 2
left_child=-1 2 -2 5 6 9 8 15 -5 11 -4 -3 -6 14 20 19 -16 28 -15 -8 -11 22 24 -24 25 -22 27 -26 -9 -10
right_child=1 3 10 4 12 -7 7 17 29 13 -12 -13 -14 18 16 -17 -18 -19 -20 -21 21 -23 23 -25 26 -27 -28 -29 -30 -31
leaf_value=-0.52604943297803408 0.17291720552103862 0.13289177173748612 -0.080206185325663149 0.11256173826141719 0.036039923757746603 -0.14123771595954895 -0.12752827764130556 0.012463245889543211 -0.0015390410253377719 -0.055348551482893527 -0.028165403823429365 -0.011250128329988554 0.15763371686140698 0.012476315097496721 -0.025215357421136914 0.036723233124452269 0.077706397403227656 -0.0040810647187184317 0.10773261043997039 -0.0076716695455266853 0.058952152378418866 -0.0020411194973192592 -0.20268755913712086 -0.014445654358166983 0.036066195941888368 0.0032305634253568267 0.019385200356938751 0.16100424163316082 0.03993529609010963 0.05768411840208703
leaf_weight=20 21 20 188 73 414 25 26 4113 214 112 1524 4301 30 1903 872 203 38 1225 42 2183 136 13372 20 340 78 3556 1110 41 523 180
leaf_count=20 21 20 188 73 414 25 26 4113 214 112 1524 4301 30 1903 872 203 38 1225 42 2183 136 13372 20 340 78 3556 1110 41 523 180
internal_value=-0.00012142 0.000163767 -0.0313743 0.00171869 0.0100675 -0.00123425 0.00833076 0.00659253 0.0391238 -0.00109933 -0.0338802 -0.010583 0.0442557 0.000796086 -0.000561922 -0.00522727 -0.0209175 0.0114568 0.0145333 -0.00908239 0.000425213 0.000760101 0.00785306 -0.0249035 0.0102494 0.00528315 0.0251684 0.0791121 0.0155624 0.0255172
internal_weight=36903 36883 1733 35150 9184 25966 8740 8273 467 25941 1712 4321 444 21620 19675 2412 910 5861 1945 2209 18765 18653 5281 360 4921 3692 1229 119 4636 394
internal_count=36903 36883 1733 35150 9184 25966 8740 8273 467 25941 1712 4321 444 21620 19675 2412 910 5861 1945 2209 18765 18653 5281 360 4921 3692 1229 119 4636 394
is_linear=0
shrinkage=0.05


Tree=71
num_leaves=31
num_cat=0
split_feature=69 280 211 71 293 77 117 153 293 195 185 293 298 277 165 221 28 66 27 283 120 53 132 63 298 299 221 98 167 35
split_gain=1998.14 665.715 316.959 298.308 218.379 176.936 181.001 216.695 169.766 151.088 147.602 142.845 198.735 251.084 146.633 155.237 139.333 135.688 170.384 123.93 144.765 122.559 126.639 151.167 121.284 169.748 138.624 126.225 122.766 119.184
threshold=-17.249999999999996 -10.949999809265135 1.6500000357627871 -15.249999999999998 -29.150000572204586 -7.9500000476837149 -0.55000001192092884 -0.15000000223517415 26.050000190734867 -3.7499999999999996 -1.0000000180025095e-35 -3.5499999523162837 1.2500000000000002 -4.6499998569488517 -6.9500000476837149 -5.5499999523162833 11.750000000000002 -11.949999809265135 -11.050000190734862 -1.9499999880790708 0.15000000223517421 4.2500000000000009 3.6499999761581425 -1.3499999642372129 -1.5500000119209287 -0.15000000223517415 -4.4500000476837149 7.3500001430511483 4.7500000000000009 4.8500001430511483
decision_type=2 2 2 2 2 2 2 2 2 2 2 2 2 2 2 2 2 2 2 2 2 2 2 2 2 2 2 2 2 2
left_child=-1 3 11 -2 17 -6 7 -7 10 -9 21 12 29 -14 -13 19 24 -5 -19 -16 -21 22 -4 -24 25 27 -26 28 -12 -3
right_child=1 2 8 4 5 6 -8 9 -10 -11 16 14 13 -15 15 -17 -18 18 -20 20 -22 -23 23 -25 26 -27 -28 -29 -30 -31
leaf_value=-0.49974696338176727 0.16427134573459626 -0.0032321480763808849 0.00018159867165170782 -0.1893057255517869 0.012314983769502054 -0.028725480293335562 0.010686676082562428 -0.062410183430745683 0.15851174354553224 -0.24104605283588174 0.035257592453106404 -0.041038622800260785 -0.20324907245544288 -0.032590148822655755 0.016322082536490309 0.0019794924017960099 -0.073785713196891117 0.054839742978413902 -0.072047210112214086 0.11767925667694548 0.0066133336964994674 -0.054346934599535802 0.18536591157317162 0.022244786741021944 -0.089713518273445869 0.16437412063004797 0.016515075054612506 -0.07627611990271059 0.15659909338944339 -0.039298813296283819
leaf_weight=20 21 9060 1437 21 358 1764 294 29 20 20 397 192 26 126 601 18299 41 30 224 71 50 98 20 49 31 27 3296 24 22 235
leaf_count=20 21 9060 1437 21 358 1764 294 29 20 20 397 192 26 126 601 18299 41 30 224 71 50 98 20 49 31 27 3296 24 22 235
internal_value=-0.000115349 0.000155579 0.00206639 -0.0234593 -0.0248981 -0.0201833 -0.0257051 -0.0316065 0.013105 -0.135323 0.0125707 -3.7353e-05 -0.00507138 -0.0617818 0.00243787 0.00287673 0.017894 -0.0671593 -0.0570606 0.025617 0.0717842 -0.000166914 0.00335875 0.0695263 0.018884 0.0426594 0.0155253 0.0352411 0.0416287 -0.004144
internal_weight=36903 36883 34122 2761 2740 2465 2107 1813 5462 49 5442 28660 9447 152 19213 19021 3838 275 254 722 121 1604 1506 69 3797 470 3327 443 419 9295
internal_count=36903 36883 34122 2761 2740 2465 2107 1813 5462 49 5442 28660 9447 152 19213 19021 3838 275 254 722 121 1604 1506 69 3797 470 3327 443 419 9295
is_linear=0
shrinkage=0.05


Tree=72
num_leaves=31
num_cat=0
split_feature=56 280 255 72 293 294 121 23 273 90 47 287 39 206 252 114 243 12 88 153 293 59 133 246 286 193 283 117 32 27
split_gain=1858.83 590.204 286.218 226.375 185.927 173.282 158.987 178.368 202.573 165.702 155.41 158.579 155.171 188.092 171.283 155.539 155.069 151.344 202.165 170.586 139.913 138.264 179.532 135.64 130.932 128.426 125.035 124.62 130.626 136.279
threshold=-16.949999809265133 -10.949999809265135 2.0499999523162846 -14.299999713897703 -29.150000572204586 9.4499998092651385 -2.9500000476837154 -5.2499999999999991 -2.7499999999999996 10.949999809265138 -6.3500001430511466 -2.1499999761581416 1.4499999880790713 4.1499998569488534 1.2500000000000002 -1.0000000180025095e-35 -10.449999809265135 7.1499998569488534 -2.1499999761581416 -10.249999999999998 26.050000190734867 -1.8499999642372129 -1.9499999880790708 -6.5499999523162833 -2.6499999761581416 -6.1499998569488517 4.1499998569488534 -0.94999998807907093 -5.7499999999999991 -9.6500000953674299
decision_type=2 2 2 2 2 2 2 2 2 2 2 2 2 2 2 2 2 2 2 2 2 2 2 2 2 2 2 2 2 2
left_child=-1 3 5 -2 -5 6 7 8 -3 16 -4 24 14 -14 26 -16 23 18 27 -20 -13 22 25 -8 -12 -21 -9 28 -6 -30
right_child=1 2 10 4 17 -7 9 12 -10 -11 11 20 13 -15 15 -17 -18 -19 19 21 -22 -23 -24 -25 -26 -27 -28 -29 29 -31
leaf_value=-0.45957142223011371 0.1219883801760497 -0.026065736880760321 0.15551968567073346 -0.063218355716619282 0.0059549836637494778 0.11016393899917604 0.03187797291283595 -0.0035745815655484404 -0.13566626760424402 -0.12912119820248336 0.0035014258169416171 0.017867094872620778 -0.028903547062338154 0.12271160497551872 0.014598845972051456 0.12771306320866371 0.0021162166544997324 0.050719143142302837 -0.17390374386539828 -0.075460985016484725 0.15058616638183595 -0.022739292529729917 -0.18519542480935344 0.18734476924408228 -0.078655456202594856 0.051329346070997421 0.095583020173944544 0.029467162365714714 -0.15199524448031473 -0.02356748412113796
leaf_weight=22 27 302 20 266 438 36 47 4896 49 24 134 2792 790 21 86 47 24730 75 26 119 20 316 32 20 76 24 32 153 21 1262
leaf_count=22 27 302 20 266 438 36 47 4896 49 24 134 2792 790 21 86 47 24730 75 26 119 20 316 32 20 76 24 32 153 21 1262
internal_value=-0.000109581 0.000164494 0.00196307 -0.0220794 -0.0235032 0.000530417 0.000403281 -0.00674286 -0.0413661 0.00219493 0.0166004 0.015681 -0.00467325 -0.0249776 -0.00141958 0.0545715 0.00232202 -0.0192193 -0.0214131 -0.0490935 0.018811 -0.0424844 -0.0781383 0.078286 -0.0262315 -0.0541815 -0.0029307 -0.0137766 -0.017621 -0.0256696
internal_weight=36903 36881 34122 2759 2732 31080 31044 6223 351 24821 3042 3022 5872 811 5061 133 24797 2466 2391 517 2812 491 175 67 210 143 4928 1874 1721 1283
internal_count=36903 36881 34122 2759 2732 31080 31044 6223 351 24821 3042 3022 5872 811 5061 133 24797 2466 2391 517 2812 491 175 67 210 143 4928 1874 1721 1283
is_linear=0
shrinkage=0.05


Tree=73
num_leaves=31
num_cat=0
split_feature=58 284 33 119 114 292 298 277 11 173 200 97 284 248 72 148 189 185 158 28 286 70 109 211 298 299 236 23 269 298
split_gain=1720.73 537.716 374.345 284.682 186.094 160.438 206.629 236.852 163.826 150.172 197.645 151.104 150.35 139.755 150.883 148.887 135.675 134.176 129.599 129.022 152.761 126.899 157.22 124.167 168.779 128.615 153.063 126.967 121.971 116.174
threshold=-15.649999618530272 -12.849999904632567 -18.449999809265133 2.1499999761581425 -2.2499999999999996 -3.6499999761581416 1.2500000000000002 -6.2499999999999991 3.8500000238418584 0.84999999403953563 -4.5499999523162833 1.9499999880790713 -50.600000381469719 -9.1500000953674299 -3.5499999523162837 -1.6500000357627866 -2.3500000238418575 -6.7499999999999991 -7.1499998569488517 11.84999990463257 9.1500000953674334 -1.0000000180025095e-35 0.25000000745058065 -5.1499998569488517 1.3499999642372134 -1.0500000119209287 4.7500000000000009 -5.2499999999999991 -0.74999999999999989 -3.5499999523162837
decision_type=2 2 2 2 2 2 2 2 2 2 2 2 2 2 2 2 2 2 2 2 2 2 2 2 2 2 2 2 2 2
left_child=-1 2 -2 5 -5 6 8 -8 -3 10 12 -12 -4 -7 -15 18 -14 -6 28 20 21 22 -19 24 -17 26 29 -27 -16 -25
right_child=1 3 9 4 17 13 7 -9 -10 -11 11 -13 16 14 15 23 -18 19 -20 -21 -22 -23 -24 25 -26 27 -28 -29 -30 -31
leaf_value=-0.4421687654473565 0.1911447334289551 -0.0029163656371792566 -0.12885309668148268 -0.027050880975861408 -0.10655621744337536 0.087096469560448017 -0.20999065989797769 -0.036035605844131298 -0.047021749403414338 0.04582583306091173 -0.064741839828822659 -0.21143559338968423 -0.024884684217716779 -0.016190790192723039 0.037003441055615746 -0.022692256327718499 0.062050139499099356 0.0024556963742695384 0.0086432160525910431 -0.072488505695317243 0.053987931928414612 0.010380434808043786 0.05176517676546516 0.0059653724086842037 -0.16977272663604132 0.08127217274159193 0.1250272854514744 0.0056247103424357132 0.17958151490427554 -0.0083890752464173355
leaf_weight=22 20 10154 34 233 21 49 22 177 215 70 107 21 1843 1021 60 172 46 244 6949 37 321 1829 479 1995 22 56 23 5838 20 4803
leaf_count=22 20 10154 34 233 21 49 22 177 215 70 107 21 1843 1021 60 172 46 244 6949 37 321 1829 479 1995 22 56 23 5838 20 4803
internal_value=-0.000104102 0.000159595 -0.0241597 0.00165838 0.015957 0.000225614 -0.00479945 -0.0552668 -0.00383089 -0.02619 -0.0286478 -0.0888088 -0.0246434 0.00275345 0.00255627 0.00351628 -0.0227677 0.0193759 0.00937168 0.0202847 0.0214795 0.0173905 0.0351241 0.000327992 -0.0393715 0.00093371 -0.00374083 0.00634345 0.072648 -0.00417649
internal_weight=36903 36881 2141 34740 3164 31576 10568 199 10369 2121 2051 128 1923 21008 20959 19938 1889 2931 7029 2910 2873 2552 723 12909 194 12715 6821 5894 80 6798
internal_count=36903 36881 2141 34740 3164 31576 10568 199 10369 2121 2051 128 1923 21008 20959 19938 1889 2931 7029 2910 2873 2552 723 12909 194 12715 6821 5894 80 6798
is_linear=0
shrinkage=0.05


Tree=74
num_leaves=31
num_cat=0
split_feature=69 168 72 289 7 138 234 262 227 189 83 26 91 299 268 99 283 8 77 109 289 276 58 51 261 184 298 184 180 177
split_gain=1629.48 496.199 316.56 256.169 230.26 193.435 172.918 164.022 153.658 168.246 199.372 152.823 151.232 149.225 149.956 147.05 138.625 131.183 127.876 126.07 125.964 124.51 123.342 127.698 141.79 123.669 122.491 125.736 129.03 116.49
threshold=-17.249999999999996 -6.8500001430511466 -14.299999713897703 3.3500000238418584 2.2500000000000004 4.6499998569488534 -26.55000019073486 -1.3499999642372129 6.1499998569488534 -1.1500000357627866 0.94999998807907116 -8.9499998092651349 -6.0499999523162833 -8.9499998092651349 7.6499998569488534 4.9500000476837167 8.9499998092651385 4.0499999523162851 -7.5499999523162833 -3.1499999761581416 2.5499999523162846 1.2500000000000002 -6.7499999999999991 -3.1499999761581416 4.4500000476837167 -1.8499999642372129 3.1499999761581425 -0.45000000298023218 -11.449999809265135 -1.7499999999999998
decision_type=2 2 2 2 2 2 2 2 2 2 2 2 2 2 2 2 2 2 2 2 2 2 2 2 2 2 2 2 2 2
left_child=-1 2 -2 8 7 6 11 19 9 10 26 -4 -11 -14 16 -9 22 18 -8 -5 21 -10 25 24 29 -15 27 28 -3 -24
right_child=1 3 5 4 -6 -7 17 15 20 12 -12 -13 13 14 -16 -17 -18 -19 -20 -21 -22 -23 23 -25 -26 -27 -28 -29 -30 -31
leaf_value=-0.45129075765609744 0.13858026314166286 -0.090250681849514569 0.01730431074445898 -0.12063652500510216 0.047623947899779216 -0.1528469944106681 0.0024299576183751462 0.023266563810337166 -0.090374609098142517 0.049454593940256794 -0.016427240304031771 -0.106632337092173 -0.048441461628446217 0.0052744261581789366 -0.087762561994929655 -0.0094345571824759576 0.13413153177215939 0.040779033772971318 -0.02580999488799228 -0.014541157319243731 -0.13607201874256133 0.0084844896099069613 0.020856308017539071 0.0067208001205323904 0.094941438888681354 0.17292492071335966 -0.047695726371473735 0.010202574880620489 -0.001427441618341073 -0.027068725006649058
leaf_weight=20 31 41 33 32 495 28 504 1352 49 193 2137 101 130 22 43 461 21 92 1959 224 32 91 158 10451 29 22 135 2624 14751 642
leaf_count=20 31 41 33 32 495 28 504 1352 49 193 2137 101 130 22 43 461 21 92 1959 224 32 91 158 10451 29 22 135 2624 14751 642
internal_value=-9.88972e-05 0.000145764 -0.020294 0.00179125 0.0169904 -0.0221067 -0.0207453 0.00966142 0.000556867 0.000815039 -0.00200776 -0.0761106 0.00556061 0.0048251 0.00543317 0.0149515 0.0057864 -0.0178416 -0.0200313 -0.0278031 -0.0465731 -0.0261162 0.00554839 0.00522248 -0.0136665 0.0890997 -0.000252056 0.000115703 -0.00167364 -0.0176035
internal_weight=36903 36883 2748 34135 2564 2717 2689 2069 31571 31399 19688 134 11711 11518 11388 1813 11345 2555 2463 256 172 140 11324 11280 829 44 17551 17416 14792 800
internal_count=36903 36883 2748 34135 2564 2717 2689 2069 31571 31399 19688 134 11711 11518 11388 1813 11345 2555 2463 256 172 140 11324 11280 829 44 17551 17416 14792 800
is_linear=0
shrinkage=0.05


Tree=75
num_leaves=31
num_cat=0
split_feature=239 286 6 94 253 295 3 183 87 286 82 130 121 0 41 35 23 140 287 83 234 187 15 281 119 16 52 89 60 144
split_gain=472.344 265.56 673.995 285.056 233.074 237.629 151.265 138.656 132.558 130.009 131.693 123.002 122.299 169.7 159.008 154.911 158.03 135.362 129.142 126.592 148.375 143.198 137.331 119.267 119.256 117.729 116.002 115.762 115.707 113.949
threshold=-6.1499998569488517 -50.249999999999993 1.7500000000000002 -19.650000572204586 1.9499999880790713 12.84999990463257 4.2500000000000009 4.5499999523162851 4.3500001430511483 -23.55000019073486 -9.2499999999999982 -3.9500000476837154 -2.9500000476837154 6.4500000476837167 -8.8499999046325666 -8.0500001907348615 -5.5499999523162833 3.8500000238418584 4.3500001430511483 -3.6499999761581416 -11.15000009536743 0.15000000223517421 4.3500001430511483 2.9500000476837163 -2.3500000238418575 1.0000000180025095e-35 5.6499998569488534 -3.3500000238418575 -2.9500000476837154 -0.35000000894069666
decision_type=2 2 2 2 2 2 2 2 2 2 2 2 2 2 2 2 2 2 2 2 2 2 2 2 2 2 2 2 2 2
left_child=1 2 -1 -3 5 8 -6 9 12 -5 -11 -10 13 14 -2 -16 -17 18 -18 23 -21 24 -23 29 -22 -8 -12 28 -26 -14
right_child=4 3 -4 7 6 -7 25 -9 11 10 26 -13 19 -15 15 16 17 -19 -20 20 21 22 -24 -25 27 -27 -28 -29 -30 -31
leaf_value=0.080299428597136291 -0.13764788534330286 0.13963679313659669 -0.3091219128728262 -0.041541023117093401 0.012177726424077585 0.16894689911887761 0.13479819145913308 0.093945337112607635 -0.10211140467700633 0.019637676640365365 -0.014635606793344759 -0.015619982792735099 0.016530088347511747 0.13594913450734955 0.090910353384366857 -0.050330342893399785 -0.0045675766528795276 -0.077067594672553252 0.093235681403209189 -0.13459696739912033 -0.0099047867650385781 0.0088875528939117484 0.085084768521289045 0.10184138472142973 0.061610625653440582 0.038203553555138187 -0.11504256987366185 0.0003963502035426876 0.011224475129259916 -0.019574124448292898
leaf_weight=20 23 30 25 439 3005 21 39 29 44 289 3562 625 1958 21 41 199 4630 64 34 20 2748 4092 60 38 139 165 29 13700 632 246
leaf_count=20 23 30 25 439 3005 21 39 29 44 289 3562 625 1958 21 41 199 4630 64 34 20 2748 4092 60 38 139 165 29 13700 632 246
internal_value=0.000129054 -0.0152019 -0.136046 -0.0139598 0.00221266 0.000813157 0.0150062 -0.0150196 0.000692709 -0.0157512 -0.0128332 -0.0213085 0.00120654 -0.00588778 -0.00648457 -0.00587734 -0.00668275 -0.00484564 -0.0038546 0.00271108 0.00152636 0.00165375 0.00998867 0.0140146 -0.000356038 0.0566702 -0.0154465 0.00145724 0.0203084 0.0125003
internal_weight=36967 4423 45 4378 32544 29335 3209 4348 29314 4319 3880 669 28645 5012 4991 4968 4927 4728 4664 23633 21391 21371 4152 2242 17219 204 3591 14471 771 2204
internal_count=36967 4423 45 4378 32544 29335 3209 4348 29314 4319 3880 669 28645 5012 4991 4968 4927 4728 4664 23633 21391 21371 4152 2242 17219 204 3591 14471 771 2204
is_linear=0
shrinkage=0.05


Tree=76
num_leaves=31
num_cat=0
split_feature=239 121 54 291 232 181 106 43 75 3 287 154 173 180 102 32 293 287 124 124 23 91 228 163 298 119 84 213 58 25
split_gain=426.291 251.784 383.393 210.993 174.24 126.29 124.986 143.795 130.939 124.159 122.353 132.098 161.819 177.697 128.231 120.258 115.534 184.2 129.051 108.126 114.814 107.891 129.75 109.473 108.008 121.048 110.523 106.133 133.295 110.437
threshold=-6.1499998569488517 -20.80000019073486 -16.849999427795407 1.7500000000000002 -7.5499999523162833 -8.0500001907348615 4.8500001430511483 4.8500001430511483 0.25000000745058065 4.2500000000000009 -24.650000572204586 -1.5500000119209287 -4.3500001430511466 -4.4500000476837149 -15.849999904632567 -4.9500000476837149 -3.1499999761581416 -2.4500000476837154 1.3499999642372134 -0.25000000745058054 -0.15000000223517415 -4.0499999523162833 -3.6499999761581416 1.4499999880790713 -2.5499999523162837 -2.2499999999999996 5.2500000000000009 -2.0499999523162837 0.65000000596046459 -2.6499999761581416
decision_type=2 2 2 2 2 2 2 2 2 2 2 2 2 2 2 2 2 2 2 2 2 2 2 2 2 2 2 2 2 2
left_child=1 -1 -3 5 -5 15 7 10 -9 16 14 -12 13 -13 -4 -2 18 19 -6 20 -18 -19 23 -23 -24 26 -26 29 -29 -14
right_child=3 2 6 4 9 -7 -8 8 -10 -11 11 12 27 -15 -16 -17 17 21 -20 -21 -22 22 24 -25 25 -27 -28 28 -30 -31
leaf_value=-0.17944344230320142 -0.1523025567829609 0.20483829200267795 0.031848544655022799 -0.11886862683296205 0.028159645168731613 0.00089134762940438832 0.078204001486301425 -0.028736127354204655 -0.18323207870125771 0.053554360516167979 -0.008005289988979078 -0.04705126171246312 -0.12014021110885285 -0.17307344412333089 -0.050733130667409955 -0.024521064205930154 -0.037688808617266742 0.059173301150317964 0.17220347543125569 -0.014184263167875029 -0.20321440771222116 -0.012624410726130009 0.053066813663329951 -0.15852281846106053 -0.0091069810028440775 0.013205817656141173 -0.10566007373007863 -0.0098229741819481232 0.1123990265528361 -0.022596542672677477
leaf_weight=23 20 20 54 25 48 28206 36 32 24 185 3378 106 34 38 363 232 22 119 23 67 20 36 153 20 291 3044 33 87 30 198
leaf_count=23 20 20 54 25 48 28206 36 32 24 185 3378 106 34 38 363 232 22 119 23 67 20 36 153 20 291 3044 33 87 30 198
internal_value=0.000122601 -0.0144418 -0.0135793 0.00210203 0.0127268 0.000576513 -0.0145766 -0.0153455 -0.0949487 0.013537 -0.0143059 -0.0115339 -0.0357114 -0.0803071 -0.0400391 -0.0346625 0.011627 0.0104478 0.0748217 -0.0536127 -0.116511 0.012337 0.0107788 -0.064731 0.0119798 0.0101133 -0.0189411 -0.0173109 0.021516 -0.0368917
internal_weight=36967 4423 4400 32544 4086 28458 4380 4344 56 4061 4288 3871 493 144 417 252 3876 3805 71 109 42 3696 3577 56 3521 3368 324 349 117 232
internal_count=36967 4423 4400 32544 4086 28458 4380 4344 56 4061 4288 3871 493 144 417 252 3876 3805 71 109 42 3696 3577 56 3521 3368 324 349 117 232
is_linear=0
shrinkage=0.05


Tree=77
num_leaves=31
num_cat=0
split_feature=185 285 73 234 167 259 30 21 58 257 122 287 263 184 130 27 191 2 83 252 245 266 85 19 43 203 201 77 259 216
split_gain=375.277 265.974 291.119 215.559 149.265 138.929 132.887 188.216 131.215 126.502 123.604 123.41 122.291 121.246 126.126 120.337 119.609 118.145 109.493 199.907 165.915 123.331 172.221 122.957 119.506 129.979 153.753 120.938 132.044 189.205
threshold=-8.1500000953674299 -51.399999618530266 -15.050000190734862 1.5500000119209292 0.65000000596046459 -0.55000001192092884 -1.1500000357627866 -4.9500000476837149 -6.6499998569488517 7.3500001430511483 36.549999237060554 -5.0499999523162833 -4.7499999999999991 -10.349999904632567 -3.1499999761581416 7.2500000000000009 -11.249999999999998 -0.25000000745058054 0.94999998807907116 1.1500000357627871 6.6499998569488534 -1.9499999880790708 -5.5499999523162833 -0.65000000596046437 -13.15000009536743 -13.849999904632567 -11.249999999999998 -3.6499999761581416 1.0000000180025095e-35 -4.6499998569488517
decision_type=2 2 2 2 2 2 2 2 2 2 2 2 2 2 2 2 2 2 2 2 2 2 2 2 2 2 2 2 2 2
left_child=1 -1 -3 9 5 6 12 -8 -5 13 11 -10 -4 14 17 -13 -15 -2 24 21 23 -20 -23 -21 -18 -26 -27 28 -28 -30
right_child=3 2 4 8 -6 -7 7 -9 10 -11 -12 15 -14 16 -16 -17 18 -19 19 20 -22 22 -24 -25 25 26 27 -29 29 -31
leaf_value=-0.15463492075602214 -0.097384102950277551 0.12542804854256767 -0.0075093360387781848 0.12176954448223115 0.10962187641046264 -0.15244734009727837 -0.15822100939850015 -0.030731291009367702 -0.032388390522975867 0.11465932329495748 0.089346530199050908 0.013907800592100953 -0.1264489469753409 0.067737858020342309 -0.14261938033004604 -0.026751955428906762 -0.1153663087466901 0.05555516370971289 -0.022533440759042192 0.057922202178160666 -0.1270865587424487 -0.1504091511666775 -0.0030171538362623461 0.0089246707363998569 -0.099489141965750608 0.056885237222717655 -0.0047157227800470776 0.0025049135850361433 -0.12239122934508742 -0.018650876218453051
leaf_weight=36 23 35 1223 27 22 20 30 827 163 24 50 3851 22 65 30 191 22 28 1615 160 20 20 2188 641 32 124 3502 21727 57 192
leaf_count=36 23 35 1223 27 22 20 30 827 163 24 50 3851 22 65 30 191 22 28 1615 160 20 20 2188 641 32 124 3502 21727 57 192
internal_value=0.000116471 -0.0198381 -0.0176111 0.00138832 -0.0199461 -0.0212894 -0.0200415 -0.0351942 0.0118928 -8.78959e-05 0.0111956 0.0102664 -0.00961108 -0.000178349 -0.06127 0.0119865 -1.53842e-05 -0.0134174 -0.000160729 -0.00722538 0.0151602 -0.0120328 -0.00435223 0.0187119 0.00111805 0.00121802 0.00134389 0.00107357 -0.0072172 -0.0423987
internal_weight=36967 2215 2179 34752 2144 2122 2102 857 4282 30470 4255 4205 1245 30446 81 4042 30365 51 30300 4644 821 3823 2208 801 25656 25634 25602 25478 3751 249
internal_count=36967 2215 2179 34752 2144 2122 2102 857 4282 30470 4255 4205 1245 30446 81 4042 30365 51 30300 4644 821 3823 2208 801 25656 25634 25602 25478 3751 249
is_linear=0
shrinkage=0.05


Tree=78
num_leaves=31
num_cat=0
split_feature=284 23 212 15 234 222 255 111 69 169 298 77 17 58 250 33 200 13 123 14 42 189 53 106 59 14 224 122 23 2
split_gain=353.542 230.323 421.18 268.503 202.321 154.209 190.459 136 132.274 179.439 150.489 122.081 118.196 117.964 116.409 113.717 133.91 119.927 117.176 121.973 115.844 113.416 111.526 120.719 112.542 111.132 110.868 110.504 115.444 107.654
threshold=-12.849999904632567 -9.9499998092651349 -39.649999618530266 -3.7499999999999996 1.5500000119209292 -4.7499999999999991 -9.1500000953674299 -12.849999904632567 -4.2499999999999991 -11.349999904632567 -15.15000009536743 -5.3500001430511466 -3.5499999523162837 -6.6499998569488517 -12.65000009536743 -3.8500000238418575 -21.349999427795407 0.15000000223517421 -19.850000381469723 -5.9500000476837149 -9.5500001907348615 -6.1499998569488517 0.45000000298023229 -4.9500000476837149 2.2500000000000004 -7.3500001430511466 -10.349999904632567 36.549999237060554 3.4500000476837163 1.7500000000000002
decision_type=2 2 2 2 2 2 2 2 2 2 2 2 2 2 2 2 2 2 2 2 2 2 2 2 2 2 2 2 2 2
left_child=1 3 -3 -1 7 15 -7 -2 9 11 14 -9 26 -6 -10 18 -17 -18 -4 -20 -21 -22 24 -24 -14 -12 -11 28 29 -15
right_child=4 2 5 -5 13 6 -8 8 10 12 25 -13 22 27 -16 16 17 -19 19 20 21 -23 23 -25 -26 -27 -28 -29 -30 -31
leaf_value=0.20694261193275454 0.099843921380884507 -0.24476374217442107 0.11642344951629641 -0.032126982348120732 0.1156810688889689 -0.21379047740589488 -0.038784621641883316 -0.031255182706647448 -0.012970897673883222 0.074368855352513502 0.078050775348168358 -0.18459086915850642 -0.0019907150427588812 0.0097459730685760457 0.10295250303747634 -0.1265088363127275 -0.008152651801182513 -0.040658686122799347 -0.12803089670836926 -0.04268744643529257 -0.0040981536697862406 0.048658739093188491 0.062744306772947317 -0.057762706630052098 0.087721842299732899 0.00027202640201268012 -0.047514213934848955 0.085492679537559055 -0.0081978080727324633 0.033052974368560827
leaf_weight=24 34 21 20 23 27 22 53 27 33 20 46 25 1208 2889 63 33 570 565 20 150 532 126 24 155 36 28572 278 49 724 598
leaf_count=24 34 21 20 23 27 22 53 27 33 20 46 25 1208 2889 63 33 570 565 20 150 532 126 24 155 36 28572 278 49 724 598
internal_value=0.000110647 -0.0195228 -0.021959 0.0899511 0.00132843 -0.0197214 -0.0901197 -0.000100228 -0.000211689 -0.0134655 0.000606695 -0.104974 -0.0107006 0.0114997 0.0631038 -0.0171024 -0.0272209 -0.0243341 -0.00316566 -0.00605429 -0.00303507 0.00600423 -0.00470425 -0.0416053 0.000605468 0.000397046 -0.0393341 0.0108394 0.00997069 0.013743
internal_weight=36967 2159 2112 47 34808 2091 75 30521 30487 1773 28714 52 1721 4287 96 2016 1168 1135 848 828 808 658 1423 179 1244 28618 298 4260 4211 3487
internal_count=36967 2159 2112 47 34808 2091 75 30521 30487 1773 28714 52 1721 4287 96 2016 1168 1135 848 828 808 658 1423 179 1244 28618 298 4260 4211 3487
is_linear=0
shrinkage=0.05


Tree=79
num_leaves=31
num_cat=0
split_feature=239 121 54 293 27 183 154 257 260 142 159 186 265 170 35 297 263 287 268 270 26 194 212 213 292 79 40 40 120 149
split_gain=332.386 237.904 324.045 185.974 129.003 122.704 151.577 165.565 161.348 152.797 127.838 121.438 154.235 182.211 136.522 135.805 119.859 114.864 109.336 178.036 109.274 106.515 105.701 132.143 145.558 118.797 108.558 103.324 117.625 116.894
threshold=-6.1499998569488517 -20.80000019073486 -16.849999427795407 9.6500000953674334 4.2500000000000009 4.5499999523162851 -2.2499999999999996 -19.150000572204586 -18.650000572204586 -6.3500001430511466 -2.9500000476837154 -0.84999999403953541 -6.0499999523162833 -4.6499998569488517 -8.0500001907348615 -3.1499999761581416 3.9500000476837163 -3.1499999761581416 8.2500000000000018 4.7500000000000009 -8.6500000953674299 5.6499998569488534 1.8499999642372134 -1.6500000357627866 -7.6499998569488517 5.3500001430511483 1.1500000357627871 -3.1499999761581416 -12.349999904632567 -7.9500000476837149
decision_type=2 2 2 2 2 2 2 2 2 2 2 2 2 2 2 2 2 2 2 2 2 2 2 2 2 2 2 2 2 2
left_child=1 -1 -3 11 16 6 7 8 27 10 -8 14 13 -13 17 -15 -5 -2 -14 -20 -16 22 25 26 -25 -22 -24 29 -29 -4
right_child=3 2 5 4 -6 -7 9 -9 -10 -11 -12 12 18 15 20 -17 -18 -19 19 -21 21 -23 23 24 -26 -27 -28 28 -30 -31
leaf_value=-0.17314449807871946 0.03055866703170499 0.18888494968414307 -0.018451583822384293 0.12900586711793124 -0.0023762370828857146 0.089674023513136247 -0.04010938764973121 -0.0049471872385683773 -0.12115752958521551 -0.027490446200005167 -0.18151037724268052 -0.17264008174339932 0.007178006536744802 0.011477702134599289 -0.088185180765059268 -0.061474982090294367 0.039671424429980111 0.16523009831551463 -0.14945348741279707 -0.011510898398501532 -0.00050294969358883983 0.077614812293024957 -0.019455938709193266 -0.15351681679487228 -0.017391150659336472 0.068819040739007534 0.10974731398998082 -0.12774021547701625 -0.032841010346319997 0.098201114643851062
leaf_weight=23 76 20 324 44 164 29 33 3101 49 626 31 21 10833 150 36 111 256 20 27 175 19355 43 29 20 1085 62 37 45 119 23
leaf_count=23 76 20 324 44 164 29 33 3101 49 626 31 21 10833 150 36 111 256 20 27 175 19355 43 29 20 1085 62 37 45 119 23
internal_value=0.000105115 -0.0127555 -0.0119171 0.00185298 0.0332811 -0.012834 -0.0135172 -0.00946573 -0.0344871 -0.0350137 -0.1086 0.00139841 0.00556527 -0.0309486 -0.000872768 -0.0195482 0.0527738 0.0586152 0.00649839 -0.0299488 -0.0011491 -0.000997222 -0.00116141 -0.01575 -0.019855 -0.000281599 0.0529762 -0.0261763 -0.0588804 -0.0107196
internal_weight=36967 4423 4400 32544 464 4380 4351 3661 560 690 64 32080 11317 282 20763 261 300 96 11035 202 20667 20631 20588 1171 1105 19417 66 511 164 347
internal_count=36967 4423 4400 32544 464 4380 4351 3661 560 690 64 32080 11317 282 20763 261 300 96 11035 202 20667 20631 20588 1171 1105 19417 66 511 164 347
is_linear=0
shrinkage=0.05


Tree=80
num_leaves=31
num_cat=0
split_feature=58 35 183 242 68 43 39 21 288 298 45 3 178 75 148 15 299 298 195 78 137 222 243 210 10 91 97 15 157 288
split_gain=1009.31 383.388 381.03 200.602 135.827 130.769 122.265 120.895 129.21 165.762 140.593 128.509 125.233 123.554 123.418 157.951 143.411 299.689 124.272 121.642 113.872 110.858 108.291 108.416 131.901 106.785 154.516 135.724 121.692 105.724
threshold=-15.649999618530272 -20.249999999999996 -4.8500001430511466 2.8500000238418584 6.2500000000000009 -10.550000190734862 7.2500000000000009 2.3500000238418584 0.55000001192092907 3.3500000238418584 3.1499999761581425 6.0499999523162851 -8.0500001907348615 -3.6499999761581416 -3.5499999523162837 4.2500000000000009 -4.3500001430511466 -5.2499999999999991 3.4500000476837163 3.3500000238418584 -3.3500000238418575 -0.45000000298023218 3.0499999523162846 0.65000000596046459 -1.0000000180025095e-35 3.7500000000000004 -0.55000001192092884 5.3500001430511483 0.15000000223517421 -20.650000572204586
decision_type=2 2 2 2 2 2 2 2 2 2 2 2 2 2 2 2 2 2 2 2 2 2 2 2 2 2 2 2 2 2
left_child=-1 -2 4 5 6 -4 29 8 9 14 21 13 -9 -10 22 16 18 -18 -16 -19 -15 -11 23 -7 -25 -14 -27 28 -28 -3
right_child=1 2 3 -5 -6 7 -8 12 11 10 -12 -13 25 20 15 -17 17 19 -20 -21 -22 -23 -24 24 -26 26 27 -29 -30 -31
leaf_value=-0.35520808070898058 0.21893854141235353 -0.03083539580387927 -0.10527513397151028 0.015244626128656064 -0.11513038533739746 0.0077822111909643076 -0.096775271796754436 -0.12421128897694872 -0.029593700293328737 -0.10350641275206246 0.058680788094976122 0.11994361480077108 -0.0027865977964471223 0.05897925919853151 -0.0097779464375966282 0.052647449736938856 0.067003597557880865 0.00065182126161278332 -0.10730185811266756 -0.033335909101444842 0.010767580129586151 -0.022501925738571689 -0.10500456435339792 0.0046665205097779997 0.13397405567137818 -0.12481339805019208 -0.097603421556678685 0.085508778904165542 -0.018132849976650833 -0.0085611809700019414
leaf_weight=20 20 602 29 2641 32 4525 42 24 182 83 28 27 1546 128 3223 137 169 14871 33 268 2838 86 21 41 38 39 55 28 388 4630
leaf_count=20 20 602 29 2641 32 4525 42 24 182 83 28 27 1546 128 3223 137 169 14871 33 268 2838 86 21 41 38 39 55 28 388 4630
internal_value=-0.000109381 8.37437e-05 -3.5348e-05 0.0020558 -0.0124293 0.000846658 -0.0118062 0.000953598 0.00185815 0.000580234 -0.0450921 0.011326 -0.0106569 0.0103944 0.00096596 -0.000842723 -0.00123747 0.000789314 -0.0107664 5.01493e-05 0.0128482 -0.0622852 0.0082793 0.00879601 0.0668651 -0.00933137 -0.029171 -0.0212516 -0.0279994 -0.0111241
internal_weight=36794 36774 36754 31448 5306 28807 5274 28778 26698 23523 197 3175 2080 3148 23326 18701 18564 15308 3256 15139 2966 169 4625 4604 79 2056 510 471 443 5232
internal_count=36794 36774 36754 31448 5306 28807 5274 28778 26698 23523 197 3175 2080 3148 23326 18701 18564 15308 3256 15139 2966 169 4625 4604 79 2056 510 471 443 5232
is_linear=0
shrinkage=0.05


Tree=81
num_leaves=31
num_cat=0
split_feature=57 72 283 36 242 63 212 70 41 59 180 35 274 196 76 87 108 45 73 55 24 133 98 178 120 169 299 291 298 77
split_gain=913.62 357.722 344.202 190.35 188.771 147.466 124.793 165.971 144.676 116.242 115.382 113.077 122.375 107.333 124.397 106.517 123.509 122.28 107.377 105.104 103.041 99.4629 99.6678 98.865 108.69 107.978 105.844 123.881 102.945 101.201
threshold=-16.150000572204586 -14.849999904632567 -7.3500001430511466 4.1499998569488534 2.8500000238418584 7.7500000000000009 -3.3500000238418575 -7.0499999523162833 3.6499999761581425 -3.0499999523162837 -4.5499999523162833 5.9500000476837167 8.4499998092651385 -9.9499998092651349 -4.7499999999999991 4.0499999523162851 5.2500000000000009 -3.4500000476837154 3.8500000238418584 -3.9500000476837154 -8.0500001907348615 -3.5499999523162837 -6.2499999999999991 5.0499999523162851 7.0499999523162851 6.4500000476837167 6.9500000476837167 6.3500001430511483 7.7500000000000009 6.0499999523162851
decision_type=2 2 2 2 2 2 2 2 2 2 2 2 2 2 2 2 2 2 2 2 2 2 2 2 2 2 2 2 2 2
left_child=-1 -2 3 6 5 10 8 -8 13 -10 -4 12 15 14 -3 16 17 -12 -18 -17 -15 -6 -23 24 25 26 27 28 29 -19
right_child=1 2 4 -5 21 -7 7 -9 9 -11 11 -13 -14 20 -16 19 18 23 -20 -21 -22 22 -24 -25 -26 -27 -28 -29 -30 -31
leaf_value=-0.30849752426147464 0.20165620378472587 -0.0085670225763008999 -0.010286464379617208 -0.066457778290382727 -0.026027697450448792 -0.11612919469674428 -0.16948827301914043 -0.028748769621198923 0.15497310990872593 0.018716937731191211 0.017662732146353197 -0.021473531693968075 0.070112854185881035 0.064556015052578672 -0.038869148096282669 -0.12923107509102141 0.063753964464691754 0.0010570118478120079 -0.029913624051289684 -0.015249444861058488 -0.0046283197584758972 -0.089126457138495013 0.017762061531601689 0.041430622081156651 0.093201381363905975 -0.090794091080169892 0.069167047810920507 -0.079292777723943206 -0.11227917950600386 0.071564270073876654
leaf_weight=24 22 879 2182 159 143 27 22 438 23 49 1207 518 66 55 551 21 142 24248 39 548 2506 22 2510 153 32 32 57 48 20 51
leaf_count=24 22 879 2182 159 143 27 22 438 23 49 1207 518 66 55 551 21 142 24248 39 548 2506 22 2510 153 32 32 57 48 20 51
internal_value=-0.000103912 9.73783e-05 -2.32894e-05 -0.0126872 0.00182578 0.000668416 -0.0107969 -0.0354798 -0.00800241 0.0622432 0.00077581 0.00166382 0.00211331 -0.00926968 -0.0202429 0.00194457 0.0024124 0.00212418 0.0435714 -0.0194561 -0.00314252 0.0145421 0.0168333 0.00136305 0.00111271 0.000992218 0.00111247 0.00095328 0.00111167 0.001205
internal_weight=36794 36770 36748 4682 32066 29391 4523 460 4063 72 29364 27182 26664 3991 1430 26598 26029 25848 181 569 2561 2675 2532 24641 24488 24456 24424 24367 24319 24299
internal_count=36794 36770 36748 4682 32066 29391 4523 460 4063 72 29364 27182 26664 3991 1430 26598 26029 25848 181 569 2561 2675 2532 24641 24488 24456 24424 24367 24319 24299
is_linear=0
shrinkage=0.05


Tree=82
num_leaves=31
num_cat=0
split_feature=58 108 183 119 21 67 114 70 257 75 17 293 20 83 39 284 288 26 53 165 288 37 13 2 217 3 43 298 298 286
split_gain=852.267 325.787 322.278 173.501 140.207 130.776 130.738 148.234 127.319 148.847 150.202 117.808 132.656 113.375 113.326 113.263 110.207 110.185 163.716 106.022 147.341 105.853 103.421 127.076 118.936 116.726 102.607 99.4595 99.4549 103.549
threshold=-15.649999618530272 -22.30000019073486 -4.8500001430511466 2.1499999761581425 3.2500000000000004 4.7500000000000009 -2.0499999523162837 -1.0000000180025095e-35 -3.1499999761581416 -1.7499999999999998 1.2500000000000002 1.0000000180025095e-35 -5.7499999999999991 0.94999998807907116 6.8500001430511483 -9.8499999046325666 -20.650000572204586 0.84999999403953563 -4.7499999999999991 5.4500000476837167 4.3500001430511483 -1.3499999642372129 -4.6499998569488517 -7.0499999523162833 -1.2499999999999998 -2.1499999761581416 -9.4499998092651349 -26.249999999999996 -2.5499999523162837 9.1500000953674334
decision_type=2 2 2 2 2 2 2 2 2 2 2 2 2 2 2 2 2 2 2 2 2 2 2 2 2 2 2 2 2 2
left_child=-1 -2 5 4 11 14 -5 -8 9 -9 -11 13 -13 19 16 -15 -3 -6 -19 20 22 -20 24 -24 25 -4 -25 -18 -10 -30
right_child=1 2 3 6 17 -7 7 8 28 10 -12 12 -14 15 -16 -17 27 18 21 -21 -22 -23 23 26 -26 -27 -28 -29 29 -31
leaf_value=-0.3264045310020447 0.18819966523543649 -0.030316513027926251 0.07475239640245071 -0.022747950576746667 0.0039292953211170533 -0.086772654963689938 0.034563308721588505 0.092263322234153747 0.040983861588364374 -0.066993580633128186 0.015599275583570655 0.094261127329534955 0.0079664883387993643 -0.09593335521456442 -0.090532755140553825 -0.0089333107207295072 0.10121743891920364 -0.16089499385460565 -0.08261007163935985 -0.085844646886523282 0.09480626936780201 -0.017810781596231801 -0.12530739912763239 -0.11240601040422918 0.088920861528511502 -0.014183610729051858 0.00090187952593770427 -0.0078449960329521964 0.0030087369083808355 0.035697881508681736
leaf_weight=20 23 589 52 238 382 57 775 25 282 147 88 45 4308 38 44 2410 21 23 71 35 42 561 20 20 69 127 20044 4588 1355 295
leaf_count=20 23 589 52 238 382 57 775 25 282 147 88 45 4308 38 44 2410 21 23 71 35 42 561 20 20 69 127 20044 4588 1355 295
internal_value=-9.87165e-05 7.8749e-05 -3.89833e-05 0.00188289 0.00063198 -0.0114462 0.0129076 0.0157678 0.00912246 -0.0237259 -0.0360652 0.00131967 0.00885858 -0.000116074 -0.0106271 -0.0102838 -0.00995069 -0.0174125 -0.0298592 0.00110352 0.00125288 -0.0250904 0.00105963 0.000663364 0.0331506 0.0116525 0.000788933 -0.00734807 0.013543 0.00885316
internal_weight=36794 36774 36751 31452 28247 5299 3205 2967 2192 260 235 27210 4353 22857 5242 2448 5198 1037 655 20409 20374 632 20332 20084 248 179 20064 4609 1932 1650
internal_count=36794 36774 36751 31452 28247 5299 3205 2967 2192 260 235 27210 4353 22857 5242 2448 5198 1037 655 20409 20374 632 20332 20084 248 179 20064 4609 1932 1650
is_linear=0
shrinkage=0.05


Tree=83
num_leaves=31
num_cat=0
split_feature=212 65 283 119 269 79 26 117 230 283 165 110 196 70 0 205 61 55 195 182 115 100 122 23 206 57 122 99 6 81
split_gain=796.903 418.97 284.181 181.275 151.568 169.465 117.304 113.301 114.241 122.297 109.956 126.812 121.353 113.148 106.088 128.556 190.61 117.13 104.655 104.278 129.422 122.391 119.943 112.35 103.853 102.73 100.475 121.483 98.3999 96.4485
threshold=-39.649999618530266 -16.600000381469723 -7.3500001430511466 2.1499999761581425 -1.7499999999999998 -0.94999998807907093 5.2500000000000009 7.6499998569488534 5.7500000000000009 -1.4499999880790708 -2.0499999523162837 -2.6499999761581416 4.6499998569488534 -1.0000000180025095e-35 3.4500000476837163 -5.8500001430511466 -0.25000000745058054 5.9500000476837167 -2.9500000476837154 -0.84999999403953541 -6.3500001430511466 1.3499999642372134 -5.5499999523162833 -8.4499998092651349 -1.1500000357627866 1.0500000119209292 -4.5499999523162833 -6.2499999999999991 -0.65000000596046437 4.7500000000000009
decision_type=2 2 2 2 2 2 2 2 2 2 2 2 2 2 2 2 2 2 2 2 2 2 2 2 2 2 2 2 2 2
left_child=-1 -2 4 6 -3 -6 7 8 14 -10 12 -12 28 -13 17 16 -16 19 -7 21 -21 23 -22 -4 -15 -25 -27 -28 -5 -24
right_child=1 2 3 10 5 18 -8 -9 9 -11 11 13 -14 24 15 -17 -18 -19 -20 20 22 -23 29 25 -26 26 27 -29 -30 -31
leaf_value=-0.24568953080610798 0.22891216278076174 -0.010024392524227932 -0.10886506228610718 -0.048298178121764609 0.0031449545031556718 -0.19792369702458382 -0.022606409200623827 -0.11252825095910918 0.1386357565720876 0.021546640344082366 0.066277287938932256 0.031213854263935772 -0.13548692315816879 -0.018703191675892596 0.0041900873889348334 0.011197351436540871 0.17594346811218808 -0.056339981633683915 -0.071763840597122916 -0.079166898560588783 0.064744156688810825 -0.015297801286262465 0.0053631224923268543 -0.0017458340392658052 0.012779240625501712 -0.03961717735931098 0.12867865934967995 0.014959517509507959 0.016009962562195681 -0.022254549932279967
leaf_weight=33 20 4548 24 94 52 25 541 22 24 315 121 700 20 311 35 1158 30 92 48 46 83 1593 8733 14774 1661 83 24 1094 162 328
leaf_count=33 20 4548 24 94 52 25 541 22 24 315 121 700 20 311 35 1158 30 92 48 46 83 1593 8733 14774 1661 83 24 1094 162 328
internal_value=-9.37806e-05 0.000126688 2.14872e-06 0.00168078 -0.0115173 -0.0658338 0.000457822 0.000896284 0.000984037 0.0298361 0.0132365 0.0162116 -0.0168701 0.0139444 0.000635926 0.015038 0.0834609 -1.94936e-05 -0.114969 0.000173975 0.00449061 -0.00208102 0.00491146 -0.000765044 0.00781421 -0.00060264 0.0134603 0.0174007 -0.00760318 0.00436339
internal_weight=36794 36761 36741 32068 4673 125 28999 28458 28436 339 3069 2793 276 2672 28097 1223 65 26874 73 26782 9190 17592 9144 15999 1972 15975 1201 1118 256 9061
internal_count=36794 36761 36741 32068 4673 125 28999 28458 28436 339 3069 2793 276 2672 28097 1223 65 26874 73 26782 9190 17592 9144 15999 1972 15975 1201 1118 256 9061
is_linear=0
shrinkage=0.05


Tree=84
num_leaves=31
num_cat=0
split_feature=31 81 277 211 225 57 283 183 187 26 249 233 177 44 36 127 198 70 118 27 52 54 3 188 298 221 148 57 212 62
split_gain=784.771 661.9 275.116 168.468 157.979 155.565 200.333 148.432 142.311 152.603 134.709 169.763 128.866 120.828 119.715 117.705 154.897 154.111 115.365 113.291 110.832 109.244 105.451 114.054 107.471 108.129 168.846 115.908 116.657 110.964
threshold=-19.199999809265133 -17.89999961853027 -6.3500001430511466 -2.1499999761581416 1.3499999642372134 -0.74999999999999989 -12.349999904632567 -12.849999904632567 1.0000000180025095e-35 1.0500000119209292 -3.3500000238418575 -3.7499999999999996 1.3499999642372134 -4.2499999999999991 7.0499999523162851 -3.7499999999999996 -4.6499998569488517 -5.3500001430511466 4.5499999523162851 6.9500000476837167 -2.6499999761581416 -1.8499999642372129 4.2500000000000009 0.94999998807907116 -0.84999999403953541 -4.8500001430511466 -0.15000000223517415 -4.8500001430511466 3.7500000000000004 1.7500000000000002
decision_type=2 2 2 2 2 2 2 2 2 2 2 2 2 2 2 2 2 2 2 2 2 2 2 2 2 2 2 2 2 2
left_child=-1 -2 3 7 -5 6 -4 20 14 10 11 -10 -13 -11 15 16 -7 -17 22 -9 -3 -20 24 -24 -8 26 -26 28 -27 -29
right_child=1 2 5 4 -6 8 18 19 9 13 -12 12 -14 -15 -16 17 -18 -19 21 -21 -22 -23 23 -25 25 27 -28 29 -30 -31
leaf_value=-0.26955272533275465 0.2876718521118164 -0.018827361544661789 -0.15656804414022538 -0.030978143012308213 -0.14979143872857095 0.063846611298260192 -0.00057919161686910707 -0.003825347342632342 -0.036011628250069004 -0.11752579396679289 0.015980490783788645 0.059190018620648537 0.17738932647086958 0.0029671215385582883 -0.050157094991193453 0.074226552216519776 0.010393545917900792 0.00031837974601879522 -0.039192573957505729 -0.12304669436067345 -0.068331099124692332 0.067402036374034455 0.061940590295345849 -0.040737466716340612 -0.032379611514765642 0.053987032470624308 -0.18735364506021143 -0.0079475999761219555 -0.066686433553695676 -0.041055761651493689
leaf_weight=27 20 606 21 415 30 155 9623 5412 41 21 2938 158 27 2249 109 71 1079 10706 31 20 139 107 119 35 145 121 20 2036 24 289
leaf_count=27 20 606 21 415 30 155 9623 5412 41 21 2938 158 27 2249 109 71 1079 10706 31 20 139 107 119 35 145 121 20 2036 24 289
internal_value=-8.90916e-05 0.00010879 -4.77196e-05 -0.00927526 -0.038988 0.00198066 -0.00226521 -0.00713471 0.00502126 0.0117447 0.0188419 0.0560401 0.0764407 0.00185243 0.0020068 0.00248019 0.0171077 0.000805294 -0.00200701 -0.00426431 -0.0280636 0.0434569 -0.00251249 0.0386047 -0.00302905 -0.0119759 -0.0511643 -0.00935809 0.0340135 -0.012063
internal_weight=36794 36767 36747 6622 445 30125 12571 6177 17554 5434 3164 226 185 2270 12120 12011 1234 10777 12550 5432 745 138 12412 154 12258 2635 165 2470 145 2325
internal_count=36794 36767 36747 6622 445 30125 12571 6177 17554 5434 3164 226 185 2270 12120 12011 1234 10777 12550 5432 745 138 12412 154 12258 2635 165 2470 145 2325
is_linear=0
shrinkage=0.05


end of trees

feature_importances:
Column_299=410
Column_293=76
Column_298=69
Column_295=58
Column_291=40
Column_239=37
Column_297=34
Column_243=31
Column_183=29
Column_247=28
Column_292=28
Column_287=26
Column_296=25
Column_77=23
Column_284=21
Column_241=20
Column_256=19
Column_3=18
Column_242=18
Column_283=18
Column_57=17
Column_72=17
Column_185=17
Column_212=17
Column_289=17
Column_23=16
Column_58=16
Column_121=16
Column_160=16
Column_232=16
Column_234=16
Column_285=16
Column_109=15
Column_233=15
Column_257=15
Column_35=14
Column_36=14
Column_167=14
Column_237=14
Column_249=14
Column_255=14
Column_294=14
Column_170=13
Column_184=13
Column_250=13
Column_21=12
Column_119=12
Column_123=12
Column_127=12
Column_133=12
Column_165=12
Column_180=12
Column_251=11
Column_286=11
Column_288=11
Column_24=10
Column_83=10
Column_100=10
Column_130=10
Column_174=10
Column_186=10
Column_235=10
Column_245=10
Column_252=10
Column_271=10
Column_27=9
Column_88=9
Column_104=9
Column_124=9
Column_148=9
Column_178=9
Column_187=9
Column_236=9
Column_248=9
Column_262=9
Column_273=9
Column_26=8
Column_28=8
Column_117=8
Column_125=8
Column_168=8
Column_169=8
Column_173=8
Column_196=8
Column_200=8
Column_205=8
Column_213=8
Column_259=8
Column_263=8
Column_277=8
Column_19=7
Column_34=7
Column_38=7
Column_41=7
Column_45=7
Column_51=7
Column_65=7
Column_69=7
Column_97=7
Column_99=7
Column_114=7
Column_120=7
Column_171=7
Column_189=7
Column_190=7
Column_191=7
Column_194=7
Column_253=7
Column_267=7
Column_268=7
Column_290=7
Column_0=6
Column_15=6
Column_39=6
Column_40=6
Column_54=6
Column_70=6
Column_85=6
Column_89=6
Column_102=6
Column_112=6
Column_122=6
Column_177=6
Column_188=6
Column_195=6
Column_211=6
Column_228=6
Column_240=6
Column_244=6
Column_265=6
Column_2=5
Column_4=5
Column_13=5
Column_14=5
Column_16=5
Column_20=5
Column_43=5
Column_52=5
Column_55=5
Column_62=5
Column_73=5
Column_78=5
Column_81=5
Column_82=5
Column_84=5
Column_108=5
Column_128=5
Column_202=5
Column_221=5
Column_246=5
Column_260=5
Column_274=5
Column_11=4
Column_22=4
Column_25=4
Column_33=4
Column_42=4
Column_44=4
Column_48=4
Column_53=4
Column_59=4
Column_60=4
Column_71=4
Column_75=4
Column_87=4
Column_91=4
Column_110=4
Column_116=4
Column_118=4
Column_136=4
Column_153=4
Column_154=4
Column_158=4
Column_166=4
Column_179=4
Column_193=4
Column_214=4
Column_217=4
Column_222=4
Column_231=4
Column_238=4
Column_261=4
Column_269=4
Column_272=4
Column_279=4
Column_280=4
Column_281=4
Column_5=3
Column_7=3
Column_10=3
Column_17=3
Column_18=3
Column_30=3
Column_31=3
Column_49=3
Column_50=3
Column_61=3
Column_67=3
Column_68=3
Column_79=3
Column_94=3
Column_96=3
Column_111=3
Column_132=3
Column_138=3
Column_142=3
Column_149=3
Column_150=3
Column_159=3
Column_172=3
Column_175=3
Column_182=3
Column_192=3
Column_198=3
Column_206=3
Column_210=3
Column_229=3
Column_230=3
Column_266=3
Column_270=3
Column_278=3
Column_6=2
Column_8=2
Column_12=2
Column_32=2
Column_37=2
Column_47=2
Column_56=2
Column_63=2
Column_66=2
Column_90=2
Column_95=2
Column_98=2
Column_101=2
Column_106=2
Column_113=2
Column_115=2
Column_126=2
Column_141=2
Column_144=2
Column_145=2
Column_146=2
Column_147=2
Column_155=2
Column_161=2
Column_164=2
Column_181=2
Column_197=2
Column_201=2
Column_209=2
Column_218=2
Column_224=2
Column_225=2
Column_227=2
Column_254=2
Column_276=2
Column_1=1
Column_29=1
Column_46=1
Column_64=1
Column_74=1
Column_76=1
Column_92=1
Column_93=1
Column_105=1
Column_131=1
Column_135=1
Column_137=1
Column_139=1
Column_140=1
Column_143=1
Column_151=1
Column_156=1
Column_157=1
Column_162=1
Column_163=1
Column_199=1
Column_203=1
Column_204=1
Column_207=1
Column_208=1
Column_215=1
Column_216=1
Column_219=1
Column_220=1
Column_264=1
Column_275=1
Column_282=1

parameters:
[boosting: gbdt]
[objective: regression]
[metric: l2]
[tree_learner: serial]
[device_type: gpu]
[data_sample_strategy: bagging]
[data: ]
[valid: ]
[num_iterations: 150]
[learning_rate: 0.05]
[num_leaves: 31]
[num_threads: 0]
[seed: 46]
[deterministic: 0]
[force_col_wise: 1]
[force_row_wise: 0]
[histogram_pool_size: -1]
[max_depth: -1]
[min_data_in_leaf: 20]
[min_sum_hessian_in_leaf: 0.001]
[bagging_fraction: 0.8]
[pos_bagging_fraction: 1]
[neg_bagging_fraction: 1]
[bagging_freq: 5]
[bagging_seed: 10626]
[bagging_by_query: 0]
[feature_fraction: 0.8]
[feature_fraction_bynode: 1]
[feature_fraction_seed: 28005]
[extra_trees: 0]
[extra_seed: 28586]
[early_stopping_round: 0]
[early_stopping_min_delta: 0]
[first_metric_only: 0]
[max_delta_step: 0]
[lambda_l1: 0]
[lambda_l2: 0]
[linear_lambda: 0]
[min_gain_to_split: 0]
[drop_rate: 0.1]
[max_drop: 50]
[skip_drop: 0.5]
[xgboost_dart_mode: 0]
[uniform_drop: 0]
[drop_seed: 23790]
[top_rate: 0.2]
[other_rate: 0.1]
[min_data_per_group: 100]
[max_cat_threshold: 32]
[cat_l2: 10]
[cat_smooth: 10]
[max_cat_to_onehot: 4]
[top_k: 20]
[monotone_constraints: ]
[monotone_constraints_method: basic]
[monotone_penalty: 0]
[feature_contri: ]
[forcedsplits_filename: ]
[refit_decay_rate: 0.9]
[cegb_tradeoff: 1]
[cegb_penalty_split: 0]
[cegb_penalty_feature_lazy: ]
[cegb_penalty_feature_coupled: ]
[path_smooth: 0]
[interaction_constraints: ]
[verbosity: -1]
[saved_feature_importance_type: 0]
[use_quantized_grad: 0]
[num_grad_quant_bins: 4]
[quant_train_renew_leaf: 0]
[stochastic_rounding: 1]
[linear_tree: 0]
[max_bin: 255]
[max_bin_by_feature: ]
[min_data_in_bin: 3]
[bin_construct_sample_cnt: 200000]
[data_random_seed: 188]
[is_enable_sparse: 1]
[enable_bundle: 1]
[use_missing: 1]
[zero_as_missing: 0]
[feature_pre_filter: 1]
[pre_partition: 0]
[two_round: 0]
[header: 0]
[label_column: ]
[weight_column: ]
[group_column: ]
[ignore_column: ]
[categorical_feature: ]
[forcedbins_filename: ]
[precise_float_parser: 0]
[parser_config_file: ]
[objective_seed: 24573]
[num_class: 1]
[is_unbalance: 0]
[scale_pos_weight: 1]
[sigmoid: 1]
[boost_from_average: 1]
[reg_sqrt: 0]
[alpha: 0.9]
[fair_c: 1]
[poisson_max_delta_step: 0.7]
[tweedie_variance_power: 1.5]
[lambdarank_truncation_level: 30]
[lambdarank_norm: 1]
[label_gain: ]
[lambdarank_position_bias_regularization: 0]
[eval_at: ]
[multi_error_top_k: 1]
[auc_mu_weights: ]
[num_machines: 1]
[local_listen_port: 12400]
[time_out: 120]
[machine_list_filename: ]
[machines: ]
[gpu_platform_id: -1]
[gpu_device_id: -1]
[gpu_use_dp: 0]
[num_gpu: 1]

end of parameters

pandas_categorical:null
