artifact_path,sha256,size_bytes
bootstrap_revision_env.cmd,4ff1236af9d8d9c0ee38220720939063c29d1b52fb1b0497dce20d95dba49fdc,273
bootstrap_revision_env.ps1,cf7c3cb808bf61e60b05df76d56a1ab4a2df0e57d7d374e6554eefa269886012,3547
build_cageo_figures_tables_tex.py,ce064548f3b1029d089bdecab7d2e02c1c43fd3cf3c53950d6a6b5383b9312dd,56997
CAGEO_COMPLETE_EXPERIMENT_REPORT.md,63469dc6c47c7798af172d7808fb135c7eee3be7d996d60a515d34cff6fc66c4,23540
cageo_submission_assets/cageo_figures_tables.tex,3928d9bd34e52b72a6cfb9e2427ee2e19edc623b8b23b464d5fa3082a955d75a,18323
cageo_submission_assets/figures/fig01_pipeline_cageo.pdf,14bfb5511a8870f34165f209ae84e2f35db5ab92af7a734c02ba3b232e6b5fea,26488
cageo_submission_assets/figures/fig01_pipeline_cageo.png,2b0d8586db2ec4239aaea75827e202e62d45fff46a553bca3c03ae2fdb9e13d4,168434
cageo_submission_assets/figures/fig02_hybrid_cnn_lstm_architecture.pdf,e16046214a473b598562a01ffb5daea393ea054dd50d73b84d19e9e17b95ad60,27520
cageo_submission_assets/figures/fig02_hybrid_cnn_lstm_architecture.png,99e628851a1892b88dfb25c72cae1d06e22ecc3fac1a9a9f00af0867f5217944,206158
cageo_submission_assets/figures/fig03_main_benchmark_rmse.pdf,d18eb49db2a349f5a05ad0c866218c2bde373852274f7846db6d25cd9c52d724,18498
cageo_submission_assets/figures/fig03_main_benchmark_rmse.png,0b20bd245b84dbe66b2a86047a65552346c6f8bea64ad7852f8662201a47626e,165938
cageo_submission_assets/figures/fig04_prediction_residual_maps.pdf,be8a7da5dd2346ac9c3e95ec6ca3b4854c716b8bd11d32e6b13c64f8368a94d2,517110
cageo_submission_assets/figures/fig04_prediction_residual_maps.png,8b95fa30b7c51b87c3d1c9bbe1cf8041468940a773344330c590aae603807b63,2304128
cageo_submission_assets/figures/fig05_error_diagnostics.pdf,6d3e9caec22ded0b7d22ab48c6252c7b08b18369355bcefb07410c8b560669d8,200287
cageo_submission_assets/figures/fig05_error_diagnostics.png,abdcc5c1e731044fd6fd4bb32a532772cbb98571d5b86c38286dd1a07c81030e,585649
cageo_submission_assets/figures/fig06_interpolation_sensitivity.pdf,52ed6e0a6cb7f0e401b9c431e58a1c07f526a83f3af51c6fa2c27b214ac62462,20324
cageo_submission_assets/figures/fig06_interpolation_sensitivity.png,ae37d5c0197dabce236a2e7336b7d311e58d0072b74ecf734937c5ccf66c1130,151196
cageo_submission_assets/figures/fig07_runtime_rmse_tradeoff.pdf,c756b2cfe7ac0daafa66729dcda662c2503eab138ffc61ea460480dd4e405075,21367
cageo_submission_assets/figures/fig07_runtime_rmse_tradeoff.png,c0f1ec4047249b50e5fdcbe26da286c535e2cc880a9061ef80d650094572f57c,93285
cageo_submission_assets/figures/fig08_persistence_similarity_or_shap.pdf,a022c8b0eddb4f320f6c36dea9175cb756b0a10ecc20683f883c643df71388f9,17358
cageo_submission_assets/figures/fig08_persistence_similarity_or_shap.png,3964335c363673ed6a5294b47a5d5da8b159784918e8ff0a3fe51ebb7737fb75,143108
cageo_submission_assets/figures/fig09_study_area_timeseries.pdf,be7da463d29b176ac18c11487deade95e429a538cc322f84ff873d7132721b4f,505598
cageo_submission_assets/figures/fig09_study_area_timeseries.png,73c8a65f7cadd38a1f6ec9495010c58ba93ff389ee1a08bb3fc63ea32e91fd95,927304
cageo_submission_assets/figures/figS01_resolution_scaling.pdf,4a42af4c2318a7fbd67cad215d0c3b3106797320d90d0368ece95d993bc542e2,17334
cageo_submission_assets/figures/figS01_resolution_scaling.png,e294c87e9232f4070dd751b07f4d83faa429f4e3baaa301ed943a270a8233f64,82544
cageo_submission_assets/figures/figS02_split_leakage.pdf,f5e7f6e3075a2864ffef44476c9e060b06f1c194707ddeab704ceea433294090,16300
cageo_submission_assets/figures/figS02_split_leakage.png,46baee847f8606034fa17befe3a493ce130b139348b95042aed585d65a1a12ae,75462
cg_additional_experiments.py,962ca86707a13e9981811e1f3fcf12c2ade0816b60e806232439bbc435fd37fe,62142
compare_main_models.py,4eb8ce66e64a1c51d072499d86bd6807d7745cbaa41b8f2149da13b3de5cfea0,2418
configs/base_revision_config.json,2cf2ee0ab2c98e5aff1280eee7f38c185465ec24147dfa856477cb94080f000b,1548
configs/config_087b0367f09baa558c765d9eeb81c4f8d28b6dc943ed0dc89c7d90ca5c7461cb.json,f2997ac6a19f4ba73b8a78971eae047348ebf696e0f6c01f38d1ead912cb13c0,2063
configs/config_13a326c3031bddd8c293a0e1539ff1a90ce868b94970323e2a44505887e2d7f2.json,67eb103639473cfa563c59b06d93bfd53a95985d6b293e88f9d0bc562f27b8ef,2109
configs/config_238c135cfd846a9ae8008ca1cbce476ac6ce8249ef8284b3fa768de0f5e93d1b.json,52784232f69dd41817f8841d79e8b7a8c787b4e431134ff01c0460691b3aa0af,2063
configs/config_26ce402861503955497ebabdd95e743915097d8fde8ba480235f4361e058bc18.json,8358e8a5b04051325e2ba2867d8159c746bcf756b609fbc37d523ac70842b51a,2087
configs/config_29ecfa9d2697a7b910e82ee3c4b7d53e0bfbe60b046de447c1137f27e0e32673.json,8198030866e5be0228e1e0467a88585c92234ef05df712441649e37ac3df9549,2121
configs/config_2bb5fa6638ef8c608c36c71ded4d1f36518cf649057da005d4720bf9bfa1cd9a.json,0c1aa5f03c52cf6aeed52e9ff3c027014a2b9d3f0d106c05dea2226a064d672a,2063
configs/config_2cb2e9cd98e12fa9bc4cda63591c1f0a1782db58dcc89d1370ed9d0b9b9f15b3.json,de06618a9025fcc3b99a6dcf8c769240684828f75eda686ea82169ebfdd1020d,2063
configs/config_2f39519a249cdc74ca23c7b0fbd9ab12c33362ec31b78fa71e61141510c90fcc.json,a8bdfb0bab15c46241f767b41b0ecdfd3b7772dd1ecef1050d6f8a4cd51769dc,2063
configs/config_3359d9e0d0b01e89dff1c8767c1161d2a498e4e39c926b1414a883bfa4a70045.json,7757096b8075ec48ef333b68e80c3e25c4ba69c272772d06842017b82e113a12,2121
configs/config_349835299905cfba767575d0db53c09b44e46c97797d2111d23185eb06779243.json,e51e5966125354289e355b102ad69e859c22c9e4babb53936339d6dccf7f0960,2087
configs/config_35c5d4724af9de33dc6f6b5a92b9e5a79c42af279290f0554fe614ffaaf54532.json,65a1e0b8114dd63e85e5e4ddb1b7539c39850cecab9e94c06fd89b9d5c7dc053,2109
configs/config_3c7ccef02360b0f0e3ff85cfd2ed4fa2335e484ec9be18e52d7ac40293a2b9fe.json,d905cf929cbe7bf0a99135f40305366811bc3218b09a8e90b84d6a42920e88fa,2125
configs/config_3debd239ac861ef65e3c8fb864a1ec0a93b783504df288d248372407be745c8b.json,6409966a61897c05601f189a904bc0581cf2c4b8df6c68971a3335e3e1829cf7,2087
configs/config_464700166aec473ceb72c9b3ad553b2a9ae7260ae7ec8c7f3d03e6c7208d8b2f.json,a73bb9bf0e71776ba4cab726ce9ea8524e006c3c727e9b6dab028d18735d0ad0,2091
configs/config_488fe5a09f42a4a63c4b339889dba11456ea939b434fa242dfff2f12b76576c4.json,68188e2754959cf0440ae579bfe421a14ba3f5c8ec8c978a135d230caa0224b5,2121
configs/config_4d2f3f67faf069f37ad0ac0f9dda7158f9f6e725024e6e47cc13d38359fdbf3b.json,60f039085909b2a4912b3ba5cffc1e3af522cf0d9869b8d33df6f65e621b671e,2121
configs/config_52b7ebf552b9f07711cdf26f51ea4304893f382ddcfb5a0f86f09ac9c24ca006.json,43857106b60b209b8d37aca84a4733f529c6270901ce284faceafe2946e8f4f2,2087
configs/config_52f09efb447e793c117fac8f1a50538a37ffe85a9a01e8af8616f91d7aa1702a.json,256be2fd303bdcf2dc53452361f5e289765771f11f8ff8a4a595d0f4598b073e,2109
configs/config_549000215d758c136cc6b3f7b75f9b51b14f5e26a781e8a5c73213343ba9422b.json,aee1bc7a76dae5d1e6556b1cc1f07d5adb90098115a42fcdb1ac57c80004c7aa,2087
configs/config_57ee6323e75b7ee39288594b3fc90a40cc71bae10ccbebb20c393d7634a4b8a7.json,4608c69ff263e0b2f392988fc97d81e423eae2f17d3e40c52f33102cf2de1dbd,2109
configs/config_5d7f723d7a95063429c7cde5c621612d29fe7042638e04e7dd56dddefe5d5cbc.json,30b097e466465915bf03c175fdde8a9451115f58f544c4932cd5d226bc02b493,2109
configs/config_60a22fc3daa7e54b52f3cabd36a457e9adf96a3adc7a7fdb7c23525ff09a0bcb.json,c7ea53abe72a1b040da28f33e182ed06730c41683e11a028fa44302f459d603e,2091
configs/config_62c0c4a76189b74d94f07c2b9ad04b8099fb3fa8cc7ef4ae0a8e0bcbaf0570f6.json,8ed15a70752d79889a86e9759bd4d83990801996fe6dfe77e8c9aed241ebfd82,2063
configs/config_64fb40a5cacc6fc75e2d2f6f2b3103e086d9cbd16120652b2005022ae7f370a4.json,ba235ebef49378cf996188aa4a7fcd686346eaedd0395cbfe74849a03a121dc4,2087
configs/config_680ec90676ec680c096d58813f9c4058100aaee0ec0edf563ef2be6b446d986d.json,f4e2b25a18bc775a0e8bb740b1c28767617fc1e7c6deeb95472f8378a36ee2f4,2109
configs/config_6aaf54ced951288004a470d425895ae79dfa97d3a7cd24ae54cd745763f3cef8.json,eda9d4da1091493c2f32f5d55b6c6e45891fd49b86eaa9531aa0c0cc145a6c75,2089
configs/config_75b5c8991a02a7bc2d71c480eff6f515a00365df4d654d8444ae94c509a32676.json,9e06ee5a7bb9bd7b78dbb4dc0135e51df86375689955f4342d1452c51652d782,2063
configs/config_77d12f02fd10e02036be0881ebdbd0bb6c5164c3dfc645a00fefd58aa342b158.json,1932f0b917575527958303819f414c94149e78951d0d7de24479f0149dda7363,2087
configs/config_7dc4a5092320297caf53ccb1b6d0ed5e0eb893e4e93534924d74e04b365b680c.json,fb7af80d25e0329e264afaac02d2864d3ccd1380b88124d671a6f387ae661a61,2087
configs/config_7de6200939c2b12395bf7893ddb316923f7f580349170291a203f42c4df08142.json,e7a2292a53444cf69d395ecd52b5b50386707fbdfe886bb98856ea58abeb05fa,2089
configs/config_86802cff653fafc25d0d85b848c6686e02f0f63ad37cc3e36584163062b4b854.json,f39fa805c718293342556a2c3c2f23db132e2f980221b5c635478962c34f0081,2091
configs/config_8b08e0e0687fad84332bda741a11aa7dbcfe9e0bb12d4e2c7cf70f745d428dd9.json,1d99368c6a7aa2eaf35e1f9ba7b438e9faf755534f503324e9a1b68475e86829,2087
configs/config_8bf1dfe09cf0447dedef443009c120506c54e3ef810369ae799d7ba6e33e8e5d.json,a73ea5fbbba4c2a1856b7f646878d4e5756ea0ad8c415f9085b58f59046532e3,2125
configs/config_93cf99717de237fe39e73865a2228e60157e95b0e7ba0146518890f967f00686.json,78e50363a95b59886f161e180d147352150f26d4cf30cd37a415c13ca5e0dd4b,2063
configs/config_9b92467c8db2b3473f48a24c1660afbdef7a354f25e1d0a30076446fdead3aee.json,4d91c5794c3a918d7ef6d3eec43367e9cf948822c3fe43d6bed65ae9025f7606,2125
configs/config_a866295c1d00632fcef681b259935ca0b51841745da78c111649e8dd490427f9.json,0151fdf0d4c635c1f8de4d31f072bc975e950dbcaf318d40c778369ad3c5e9c7,2091
configs/config_ade555db35428af12d89e3c8bffb639b36abd215ba7d970f5aeda89372c0f2db.json,2588fc2def30881ff84caccea48c2f5dd73c6e76757968f3bb3bfb0b85da13ec,2089
configs/config_b156fa2a01c11b55042c0430a26da96ba703c0002c35b5086248a3f9e29d7040.json,ac707cb7ef75a09e22ee07efc9f6a363f93c048ba539e74e36611e350411f519,2012
configs/config_b1d141b1c7954a97b29e2309b1d46e823ebf8aaee8cd400c16e4b0d2ac9952f0.json,c88fbbebe49ef489f5fc63bccf05c808c618b3193e0df882f71064dcf960bda6,2121
configs/config_b6c8a07f5e56ffc6cb460b512069c1ea21a944a734257a015f9651c8992a254d.json,07935456ae51eb9bca2fb6fcdae3a605369ab0e2e8db065aaa0eef098212b49f,2063
configs/config_b86e3b97c87cfc642abd22ebf7980134884a8e9c0b4f2ae01de56e9ae1d76a27.json,ab82691312956e0c25b5dec395f13c24e0694e0912f40804f10cd66125d760ab,2109
configs/config_bd15e6b397573ef52d4890bad72bd52f386fd1fc4d0bf160b4451814d89b7059.json,e605965b2383b3b57b086b06b73e6a32315f398001d5720adca6eefc34135205,2063
configs/config_be1e466e9041b16de712551a15dd70817561427c5a48a6739d260d5e2fff49dc.json,5a7d82e982266d3b65e4dec965f88044238628ff24acece065b3efe241200b2c,2063
configs/config_c7ad3d5db59c39976f7383fec60130c208dc0d6cd1e00dab36b1832f18059432.json,4d36c715db9209352790504418c2fe735eaf760d21ebff590d4a6187ba10601c,2125
configs/config_d195682b96ea352bcdcf27775c4ec199d07169274d5cd2e98a9d39ebf491ad15.json,ba3598d853079612511fc346fb82e919035c1e02074cacaf42250b4b517b1efe,2063
configs/config_d2c81c89f2f686840d49dfdda02ccfca1d21f3126f64f3a8240255c69afdf164.json,96492f6856441fd8730e68c4846bafccd2450ad93fbd115d56943b29499ba7fd,2089
configs/config_d9f4c356b9fa880dd231994608e3ab07a2222450bcbeaadcb482b9bae54e98dd.json,59d68ad64dfc91657862aa20b3e28dbbfe1e8dbbb7951a5cc8d0a65570004944,2063
configs/config_dc93146326bfd0896dd00af956eb11735afd9edddae31e347e7ee91fb954d1c4.json,eac27455cf30c18eafba33aac98a039055ad933e55b74ffb5dd6d7e0411c5099,2109
configs/config_e0373f0ce89950fa87b760e41ed6ca44246594b206d597c083c0dd6c16cd41ce.json,679e1f465e18925f150208d37028a701bd7d50432208c132b6a748f9f77cb283,2109
configs/config_e67004752ed74bc39995b5eb14dc48083ece39e35a68aa052d20c22dfdd93fc8.json,0c265def74493b2d46215a1ca66bd2ffa6de1ae891cc2a3c4dd2bf88a99e03a7,2087
configs/config_e83c25e44818d19ed70c6c3f71ef37f267cbf6aa1609d74f28b1962fec81b26e.json,571b61e76f602611a6b20d657809e8f702bb8c62ddb0f43a340a254ff125e427,2089
configs/config_f65e0ab0eaa06ed537a43bab00e7540de126da9d32440c0b07caee7eee90599b.json,d9715656579f64bc305bfe8cbaa26b7b83708d7e6af26b43ef4cf6f56575ef0c,2109
configs/config_f7259d9cc1371dbba5abc323d07a3933ac46b57d431747ab0e499a9e9f2f6661.json,5dab5ed82cf51e1a5c539c9f3dc0bd41609acca9aa61e314645ea413e096b3d4,2063
configs/config_f7d28aeb534ecb111cb941485981fbb1e10b4547815ed003463f31fa80b62290.json,96744e9207cbfaad3ae15649c5f6ff8a2ee3eb56f871fa4848efa22f37ddf28a,2091
configs/config_f88f85ae3f25d101ff972aa35c484fe2fb2a644bc331a706539b553929c61979.json,8bfb227d0ea7deb083ae16241fadc7db08975d58028588385527a1bcb34827a4,2087
configs/config_fd391c3662c53009ac5cbacce00152c608864735a888b1c5724b5b8c2b313a24.json,3407673545e45ece07f416e19512235fd59c709f232dbd8e0932769370b0a90e,2125
configs/config_fdeec65608ee4078fb88a8c2adfd55b6a7a8b5e06b1fec55f8fd3498aed54c06.json,128d631f10e19dfcae5890bd082b59070f173490f4697dfab624adb9117141da,2063
CURRENT_EXPERIMENT_REPORT.md,282bf67da24ad8031724f530dcb4fdf381d578281fcea4c75dc6e795c8924dcc,12723
datasets/README.md,793acf592bc188b2e5f0e889e7891ad7de826ece0f420a0588df4e27f1422089,505
deep_patch_models.py,bb7a6393cd14d389a914c4e830034a932232e55bb7c194cf4ba78fa83be69cd5,55618
environment.yml,1a18385058b737c99d67573bc25c57cfa7ed1a2da5e2f3192751a4ded96702c9,192
outputs/metric_sanity_audit.csv,35b80fe5b9057103ac56297e30d4f31af2477a10b3dbe11e41db5de4076a0bc8,161092
outputs/reproducibility_checklist.csv,8a776b4cdc18c73238567ea0ced3e45a4fcba7d68c1ec9da9ffdbfbe01068330,165
preflight_revision.py,78e236a305c91f845616ec5f9e98994031d5dec84a442943f4aff71f53290473,1902
README.md,0f07885538c435236d3252890471f34e4c3053468401a55807c8be8c12fd7f75,2739
requirements-revision-optional.txt,2c9d13d247aa2ee40906247764982380fc85fb1f8acce8f3fe183f64862d6a5a,244
requirements-revision.txt,202b6d074e00aaa8da6cc931338e6e17bbad4f4cca7801216e8395ff3b80b6d7,52
revision_config.py,d05f8df8e935750579851089805ee8b8bc01f052b25a6f546dbdfdbaad84d058,4695
revision_experiments.py,51cf26dd5f79d57a2b3a19905d94de4bd124a25a71ff10b40e448dd2ad95f197,22519
REVISION_MASTER_GUIDE.md,299babc469a775a08650228b35a1f4c7b96bffc5a9d895a101da4e28de9adb9d,12200
revision_outputs/cg_suite/_smoke/cnn_lstm_maskaware/linear/split_seed_42/binned_error.png,dc9a2a21d9d431bb0be0b84ca38bbceaaeffe735b537f65c5959f4d9aebd045d,40133
revision_outputs/cg_suite/_smoke/cnn_lstm_maskaware/linear/split_seed_42/binned_residuals_boxplot.png,4ad1e7cc5c2809fac4928763b2afa223f73260b4a813b7c3c06e7d53d7d028a6,53426
revision_outputs/cg_suite/_smoke/cnn_lstm_maskaware/linear/split_seed_42/config_snapshot.json,b156fa2a01c11b55042c0430a26da96ba703c0002c35b5086248a3f9e29d7040,1762
revision_outputs/cg_suite/_smoke/cnn_lstm_maskaware/linear/split_seed_42/last_input_map.npy,9a48065e98df9bb0200b16e885c5e0f98373d92e1fd0195829a8f8628f9ede66,262272
revision_outputs/cg_suite/_smoke/cnn_lstm_maskaware/linear/split_seed_42/metrics.csv,3eaa91a9c4c49e8a265134f088e8b40737fee3cc546f960ea91786b4bba6a836,785
revision_outputs/cg_suite/_smoke/cnn_lstm_maskaware/linear/split_seed_42/metrics.json,a05ae92224107070a9dac3c80eb93628142cb78fb24ac42b4eb4b53f04278033,1015
revision_outputs/cg_suite/_smoke/cnn_lstm_maskaware/linear/split_seed_42/prediction_map.npy,12c60a19aa7a076784bea304cf7cdd1d37a7bc3ba5e1091a7cf00431abb983c8,262272
revision_outputs/cg_suite/_smoke/cnn_lstm_maskaware/linear/split_seed_42/reference_vs_prediction.png,35b5e989fe776abf9750c111f369f6c29c59a32d19da24bbccc4e654ccf989ad,408659
revision_outputs/cg_suite/_smoke/cnn_lstm_maskaware/linear/split_seed_42/residual_plot.png,8be4dbc2e418de3a1e4910f31ca6a0169cc2f330c47ff7617944318a5df8c05d,33875
revision_outputs/cg_suite/_smoke/cnn_lstm_maskaware/linear/split_seed_42/scatter_true_vs_pred.png,24882b4e22246e034af3758b6c0e9d1ff56b8c19af50616705adbcc86fb979bf,45787
revision_outputs/cg_suite/_smoke/cnn_lstm_maskaware/linear/split_seed_42/split_masks.npz,aa87bd7754c73033f6fbca318704cb344d8f8307fb9362cf868f12dc9d85a42e,5093
revision_outputs/cg_suite/_smoke/cnn_lstm_maskaware/linear/split_seed_42/target_map.npy,1e59eb26cb015535fc837f588d10b6c675b78ad23f6259fdd0725a814f18b221,262272
revision_outputs/cg_suite/_smoke/cnn_lstm_maskaware/linear/split_seed_42/training_history.csv,f3fcda26c98279a7b44a61972f18fdf22d9e7190ec9470696835e45688b9a6c5,149
revision_outputs/cg_suite/_smoke/cnn_tcn/linear/split_seed_42/binned_error.png,f86b8434e70dd711a448abf29b4542e8ab74fc1043589fc02504fc20bc2ef8bb,39412
revision_outputs/cg_suite/_smoke/cnn_tcn/linear/split_seed_42/binned_residuals_boxplot.png,ba807ffd2c00e09a4a0c23469d7d726414f88c223acf0f9312bf2189d9466458,53471
revision_outputs/cg_suite/_smoke/cnn_tcn/linear/split_seed_42/config_snapshot.json,b156fa2a01c11b55042c0430a26da96ba703c0002c35b5086248a3f9e29d7040,1762
revision_outputs/cg_suite/_smoke/cnn_tcn/linear/split_seed_42/last_input_map.npy,9a48065e98df9bb0200b16e885c5e0f98373d92e1fd0195829a8f8628f9ede66,262272
revision_outputs/cg_suite/_smoke/cnn_tcn/linear/split_seed_42/metrics.csv,475f7f2e2b4ae53a306baf9fed26b7fd6dadfe565671bc07c15a8bd1f6ad4b22,774
revision_outputs/cg_suite/_smoke/cnn_tcn/linear/split_seed_42/metrics.json,b6385b753742d57d105df37a85400116b74bd7c9538c6dbd1a3574cf3e44d714,1004
revision_outputs/cg_suite/_smoke/cnn_tcn/linear/split_seed_42/prediction_map.npy,bdd98f23ebdc56bf336d4071ae49db51368e0fcb68c7f123757e09bc628fec4c,262272
revision_outputs/cg_suite/_smoke/cnn_tcn/linear/split_seed_42/reference_vs_prediction.png,2e2ea71f182136ff5a45425b2f046b7e064e861164396405d31c66284cf252b4,321540
revision_outputs/cg_suite/_smoke/cnn_tcn/linear/split_seed_42/residual_plot.png,8132a3fbc5282fbde77b2de0ee61f87da16542c97b866b21baed1d8908af3c79,33121
revision_outputs/cg_suite/_smoke/cnn_tcn/linear/split_seed_42/scatter_true_vs_pred.png,72b61cc4b6c3197d21401a81e4f30c0892446726fa80fd66b9dbb3f01ac1147a,44074
revision_outputs/cg_suite/_smoke/cnn_tcn/linear/split_seed_42/split_masks.npz,aa87bd7754c73033f6fbca318704cb344d8f8307fb9362cf868f12dc9d85a42e,5093
revision_outputs/cg_suite/_smoke/cnn_tcn/linear/split_seed_42/target_map.npy,1e59eb26cb015535fc837f588d10b6c675b78ad23f6259fdd0725a814f18b221,262272
revision_outputs/cg_suite/_smoke/cnn_tcn/linear/split_seed_42/training_history.csv,5a08bc3775c39b50e92ef29812119e9055144e514aee74dd40612192405fe8eb,151
revision_outputs/cg_suite/_smoke/lasso/linear/split_seed_42/alpha_sweep.csv,38e72081070d7fc3324b428caad745684daaa78068c2ae58b3a13eda8db9b87b,187
revision_outputs/cg_suite/_smoke/lasso/linear/split_seed_42/binned_error.png,08aaa17247a575f913959ac4b9f3d9c0b4e212af46adcf3009672e17950aa72b,39634
revision_outputs/cg_suite/_smoke/lasso/linear/split_seed_42/binned_residuals_boxplot.png,350ef187e6ea39bd97943040c3c5fcf35b24867e9add31c9c79fa743b97932b8,65601
revision_outputs/cg_suite/_smoke/lasso/linear/split_seed_42/config_snapshot.json,b156fa2a01c11b55042c0430a26da96ba703c0002c35b5086248a3f9e29d7040,1762
revision_outputs/cg_suite/_smoke/lasso/linear/split_seed_42/metrics.csv,e87e2edd48ea6638f62d5c49e0b7b68466340f43357c076f0009452d96f1d788,498
revision_outputs/cg_suite/_smoke/lasso/linear/split_seed_42/metrics.json,a0392a3bae31f1b4fcb1cc5b5d61ba54c9235f7ef93bf464d149180b0cce8c44,652
revision_outputs/cg_suite/_smoke/lasso/linear/split_seed_42/prediction_map.npy,2edc60badd0408642897e991645fabae765e9efd005009d7014b078471b24d62,262272
revision_outputs/cg_suite/_smoke/lasso/linear/split_seed_42/reference_vs_prediction.png,abb00e4b97cc635b0626824c8dad8c0590de11f50a2ae53ae6c479e641c9b27e,544419
revision_outputs/cg_suite/_smoke/lasso/linear/split_seed_42/residual_plot.png,72d325d1b84df3f139afe928fd7cd1f34c63b71bf09a3ffaa208f53b6dd43028,69116
revision_outputs/cg_suite/_smoke/lasso/linear/split_seed_42/scatter_true_vs_pred.png,30f36903e501fd584196cde4205616785e3a7fa9866cd6991839f7b95209e43e,58759
revision_outputs/cg_suite/_smoke/lasso/linear/split_seed_42/split_masks.npz,aa87bd7754c73033f6fbca318704cb344d8f8307fb9362cf868f12dc9d85a42e,5093
revision_outputs/cg_suite/_smoke/lasso/linear/split_seed_42/target_map.npy,1e59eb26cb015535fc837f588d10b6c675b78ad23f6259fdd0725a814f18b221,262272
revision_outputs/cg_suite/_smoke/lightgbm/linear/split_seed_42/binned_error.png,718287acbba561fc7dad5cf15165611b3773c703a286fbe49f45617cebb4881e,34055
revision_outputs/cg_suite/_smoke/lightgbm/linear/split_seed_42/binned_residuals_boxplot.png,48650ea9ee338eac97ef770283fc0d872496d5e348ece4d5c1ef6e8f0fe5d454,54383
revision_outputs/cg_suite/_smoke/lightgbm/linear/split_seed_42/config_snapshot.json,b156fa2a01c11b55042c0430a26da96ba703c0002c35b5086248a3f9e29d7040,1762
revision_outputs/cg_suite/_smoke/lightgbm/linear/split_seed_42/lightgbm_model.txt,638b87fdbd491d42aa9e937d99176907be7f57b09ee5a5399800cbe58500bf5d,106597
revision_outputs/cg_suite/_smoke/lightgbm/linear/split_seed_42/metrics.csv,3bc5d5c974800ae3228168271cedf7bfe4febb66b250e09052e27655f81eef9a,446
revision_outputs/cg_suite/_smoke/lightgbm/linear/split_seed_42/metrics.json,5f0a5e0ff7ec55aef1620796c7347236f2bf1764bd42971e2834af30c445ef92,586
revision_outputs/cg_suite/_smoke/lightgbm/linear/split_seed_42/prediction_map.npy,1cb2e6aaf652dd97fbd648fa954cc5e442f53dfdc97733d528adcf124d9154dc,262272
revision_outputs/cg_suite/_smoke/lightgbm/linear/split_seed_42/reference_vs_prediction.png,26118a2f096813b06e06139f98a514304764cae21794f2cb73ccaa6cd34cec74,529040
revision_outputs/cg_suite/_smoke/lightgbm/linear/split_seed_42/residual_plot.png,6ea7d7c0a5cc71826b4a9eec8efe78c4617907f60aa66233d69d1135704f17bc,40514
revision_outputs/cg_suite/_smoke/lightgbm/linear/split_seed_42/scatter_true_vs_pred.png,e3281b2e0a8fc575a652a778a4ac145baa78c5ddc3707a878cbcfc4bb5cd4347,57519
revision_outputs/cg_suite/_smoke/lightgbm/linear/split_seed_42/split_masks.npz,aa87bd7754c73033f6fbca318704cb344d8f8307fb9362cf868f12dc9d85a42e,5093
revision_outputs/cg_suite/_smoke/lightgbm/linear/split_seed_42/target_map.npy,1e59eb26cb015535fc837f588d10b6c675b78ad23f6259fdd0725a814f18b221,262272
revision_outputs/cg_suite/_smoke/linear_trend/linear/split_seed_42/binned_error.png,c4c7b32ceb270fd5178a311a0ba6163e3f57b15a04c734bff3b6c9740740badb,41579
revision_outputs/cg_suite/_smoke/linear_trend/linear/split_seed_42/binned_residuals_boxplot.png,40031d6d13849b00a4d3face255c797d752ef604cf21e26fb02262b8cc71c064,60338
revision_outputs/cg_suite/_smoke/linear_trend/linear/split_seed_42/config_snapshot.json,b156fa2a01c11b55042c0430a26da96ba703c0002c35b5086248a3f9e29d7040,1762
revision_outputs/cg_suite/_smoke/linear_trend/linear/split_seed_42/last_input_map.npy,9a48065e98df9bb0200b16e885c5e0f98373d92e1fd0195829a8f8628f9ede66,262272
revision_outputs/cg_suite/_smoke/linear_trend/linear/split_seed_42/metrics.csv,ccbdc08815999b6e31970b837b1cc0dbe916621b9a9d20305dd5e724e244e0d7,658
revision_outputs/cg_suite/_smoke/linear_trend/linear/split_seed_42/metrics.json,358f85e54f2280691bc4ce4cb5a0aef1b9473026a1a2f96b1c3541db8f210c6a,849
revision_outputs/cg_suite/_smoke/linear_trend/linear/split_seed_42/prediction_map.npy,d00c224ce233eff213bc85251b716fa8c4b2424d8882c73dee8aca3b0dbaeab9,262272
revision_outputs/cg_suite/_smoke/linear_trend/linear/split_seed_42/reference_vs_prediction.png,af7d498a5356a3880490b34c4dbf532aa1f49d38cf9614e036fa5acc5d153739,545800
revision_outputs/cg_suite/_smoke/linear_trend/linear/split_seed_42/residual_plot.png,3ebf63a6ab51520b73f593d722a657ca11bcfe12a30b6a2f35bbc2c1bffd925f,67290
revision_outputs/cg_suite/_smoke/linear_trend/linear/split_seed_42/scatter_true_vs_pred.png,caf98460880bb290f7ee817fa90925ae63ab524f514b85d4f45ca3faa1b7af9b,63293
revision_outputs/cg_suite/_smoke/linear_trend/linear/split_seed_42/split_masks.npz,aa87bd7754c73033f6fbca318704cb344d8f8307fb9362cf868f12dc9d85a42e,5093
revision_outputs/cg_suite/_smoke/linear_trend/linear/split_seed_42/target_map.npy,1e59eb26cb015535fc837f588d10b6c675b78ad23f6259fdd0725a814f18b221,262272
revision_outputs/cg_suite/_smoke/persistence/linear/split_seed_42/binned_error.png,d1d73c38a3602462e43ac360147004f111b702dcfb8bcf394ab91adcf1df9a30,40164
revision_outputs/cg_suite/_smoke/persistence/linear/split_seed_42/binned_residuals_boxplot.png,ed8be98a5b17a6d326b24f78a62819a70cc4d1134f18bb1465d521bb83ac7dcf,64835
revision_outputs/cg_suite/_smoke/persistence/linear/split_seed_42/config_snapshot.json,b156fa2a01c11b55042c0430a26da96ba703c0002c35b5086248a3f9e29d7040,1762
revision_outputs/cg_suite/_smoke/persistence/linear/split_seed_42/last_input_map.npy,9a48065e98df9bb0200b16e885c5e0f98373d92e1fd0195829a8f8628f9ede66,262272
revision_outputs/cg_suite/_smoke/persistence/linear/split_seed_42/metrics.csv,8e0ce572b0f03c68e65ddccc9515daf3db9df670e0fa3be6fcf0c75af16f4a0c,659
revision_outputs/cg_suite/_smoke/persistence/linear/split_seed_42/metrics.json,a97c03bdb273e2c6421ca5899d141a70ab68f5cf3960689beb79431663b0225c,850
revision_outputs/cg_suite/_smoke/persistence/linear/split_seed_42/prediction_map.npy,9a48065e98df9bb0200b16e885c5e0f98373d92e1fd0195829a8f8628f9ede66,262272
revision_outputs/cg_suite/_smoke/persistence/linear/split_seed_42/reference_vs_prediction.png,655c71542f32f8fbecaaed5019b060889b9e4791ba096308aa4da30c0492bcc0,551789
revision_outputs/cg_suite/_smoke/persistence/linear/split_seed_42/residual_plot.png,f36f0a87564f0de511f66b832c81fdc81da87981cba98919fe75a75a12901718,63224
revision_outputs/cg_suite/_smoke/persistence/linear/split_seed_42/scatter_true_vs_pred.png,03b16b52c8da5a48ac087bc6ee0df6bebb5364b8416584b65faa16d647497e41,59420
revision_outputs/cg_suite/_smoke/persistence/linear/split_seed_42/split_masks.npz,aa87bd7754c73033f6fbca318704cb344d8f8307fb9362cf868f12dc9d85a42e,5093
revision_outputs/cg_suite/_smoke/persistence/linear/split_seed_42/target_map.npy,1e59eb26cb015535fc837f588d10b6c675b78ad23f6259fdd0725a814f18b221,262272
revision_outputs/cg_suite/_smoke/random_forest/linear/split_seed_42/binned_error.png,9965a1cacc914e6e06641bff28d5be34e1f5d922cb7afa7325548ea1fe5c6a9c,39821
revision_outputs/cg_suite/_smoke/random_forest/linear/split_seed_42/binned_residuals_boxplot.png,c55c82dc22e3d6cb8259acdb1beb4af742153360cc1218b4569b3c13587ca72e,60465
revision_outputs/cg_suite/_smoke/random_forest/linear/split_seed_42/config_snapshot.json,b156fa2a01c11b55042c0430a26da96ba703c0002c35b5086248a3f9e29d7040,1762
revision_outputs/cg_suite/_smoke/random_forest/linear/split_seed_42/last_input_map.npy,9a48065e98df9bb0200b16e885c5e0f98373d92e1fd0195829a8f8628f9ede66,262272
revision_outputs/cg_suite/_smoke/random_forest/linear/split_seed_42/metrics.csv,058c146bef4d26c986265f6b51cfa7293ed5602badfa1fcd65e8989de2055109,652
revision_outputs/cg_suite/_smoke/random_forest/linear/split_seed_42/metrics.json,ff9d10d2882ac533f2ecf90064ff641acf99131468e6c5bcbeba2ba45460d0ac,843
revision_outputs/cg_suite/_smoke/random_forest/linear/split_seed_42/prediction_map.npy,7061d376f0e6a129133a613b5a6b6e061c4a073462d3fff14d20921366165e93,262272
revision_outputs/cg_suite/_smoke/random_forest/linear/split_seed_42/reference_vs_prediction.png,c18400b783fc78f65bc28dab7a007279c3a0113a9ac968cf5b9d9201976e0c7d,529445
revision_outputs/cg_suite/_smoke/random_forest/linear/split_seed_42/residual_plot.png,1aded2364938bc03a049f5b6725546156e938f3db44596e6ff64e7e2ac46b787,58758
revision_outputs/cg_suite/_smoke/random_forest/linear/split_seed_42/scatter_true_vs_pred.png,7917230273263b20172081285e53115f088084a06d5424347a9f641b3244df09,59409
revision_outputs/cg_suite/_smoke/random_forest/linear/split_seed_42/split_masks.npz,aa87bd7754c73033f6fbca318704cb344d8f8307fb9362cf868f12dc9d85a42e,5093
revision_outputs/cg_suite/_smoke/random_forest/linear/split_seed_42/target_map.npy,1e59eb26cb015535fc837f588d10b6c675b78ad23f6259fdd0725a814f18b221,262272
revision_outputs/cg_suite/E10_interpretability/spatial_tile/seed_42/cnn_lstm_maskaware/linear/split_seed_42/binned_error.png,dc9a2a21d9d431bb0be0b84ca38bbceaaeffe735b537f65c5959f4d9aebd045d,40133
revision_outputs/cg_suite/E10_interpretability/spatial_tile/seed_42/cnn_lstm_maskaware/linear/split_seed_42/binned_residuals_boxplot.png,4ad1e7cc5c2809fac4928763b2afa223f73260b4a813b7c3c06e7d53d7d028a6,53426
revision_outputs/cg_suite/E10_interpretability/spatial_tile/seed_42/cnn_lstm_maskaware/linear/split_seed_42/config_snapshot.json,3debd239ac861ef65e3c8fb864a1ec0a93b783504df288d248372407be745c8b,1802
revision_outputs/cg_suite/E10_interpretability/spatial_tile/seed_42/cnn_lstm_maskaware/linear/split_seed_42/last_input_map.npy,9a48065e98df9bb0200b16e885c5e0f98373d92e1fd0195829a8f8628f9ede66,262272
revision_outputs/cg_suite/E10_interpretability/spatial_tile/seed_42/cnn_lstm_maskaware/linear/split_seed_42/metrics.csv,3c07dda6e5b1b985f5adf71ddf31fc0b194a28fb8e51fd6ca2e7f1ce73f6cbea,786
revision_outputs/cg_suite/E10_interpretability/spatial_tile/seed_42/cnn_lstm_maskaware/linear/split_seed_42/metrics.json,6c4f31e69de0cf3be505e402d88d745dc82f7c5fc8fbd4de122644abdbc3d968,1016
revision_outputs/cg_suite/E10_interpretability/spatial_tile/seed_42/cnn_lstm_maskaware/linear/split_seed_42/prediction_map.npy,12c60a19aa7a076784bea304cf7cdd1d37a7bc3ba5e1091a7cf00431abb983c8,262272
revision_outputs/cg_suite/E10_interpretability/spatial_tile/seed_42/cnn_lstm_maskaware/linear/split_seed_42/reference_vs_prediction.png,35b5e989fe776abf9750c111f369f6c29c59a32d19da24bbccc4e654ccf989ad,408659
revision_outputs/cg_suite/E10_interpretability/spatial_tile/seed_42/cnn_lstm_maskaware/linear/split_seed_42/residual_plot.png,8be4dbc2e418de3a1e4910f31ca6a0169cc2f330c47ff7617944318a5df8c05d,33875
revision_outputs/cg_suite/E10_interpretability/spatial_tile/seed_42/cnn_lstm_maskaware/linear/split_seed_42/scatter_true_vs_pred.png,24882b4e22246e034af3758b6c0e9d1ff56b8c19af50616705adbcc86fb979bf,45787
revision_outputs/cg_suite/E10_interpretability/spatial_tile/seed_42/cnn_lstm_maskaware/linear/split_seed_42/split_masks.npz,aa87bd7754c73033f6fbca318704cb344d8f8307fb9362cf868f12dc9d85a42e,5093
revision_outputs/cg_suite/E10_interpretability/spatial_tile/seed_42/cnn_lstm_maskaware/linear/split_seed_42/target_map.npy,1e59eb26cb015535fc837f588d10b6c675b78ad23f6259fdd0725a814f18b221,262272
revision_outputs/cg_suite/E10_interpretability/spatial_tile/seed_42/cnn_lstm_maskaware/linear/split_seed_42/training_history.csv,1153dff00f7403d03a9b1d1b2f8888191c2efe0cc394bbe920834188ac8982b0,490
revision_outputs/cg_suite/E10_interpretability/spatial_tile/seed_42/cnn_tcn/linear/split_seed_42/binned_error.png,f86b8434e70dd711a448abf29b4542e8ab74fc1043589fc02504fc20bc2ef8bb,39412
revision_outputs/cg_suite/E10_interpretability/spatial_tile/seed_42/cnn_tcn/linear/split_seed_42/binned_residuals_boxplot.png,ba807ffd2c00e09a4a0c23469d7d726414f88c223acf0f9312bf2189d9466458,53471
revision_outputs/cg_suite/E10_interpretability/spatial_tile/seed_42/cnn_tcn/linear/split_seed_42/config_snapshot.json,3debd239ac861ef65e3c8fb864a1ec0a93b783504df288d248372407be745c8b,1802
revision_outputs/cg_suite/E10_interpretability/spatial_tile/seed_42/cnn_tcn/linear/split_seed_42/last_input_map.npy,9a48065e98df9bb0200b16e885c5e0f98373d92e1fd0195829a8f8628f9ede66,262272
revision_outputs/cg_suite/E10_interpretability/spatial_tile/seed_42/cnn_tcn/linear/split_seed_42/metrics.csv,69103965a70e84cdd554f4c60811443265d3f9d630f2ec91bcd3cfb5adad879b,776
revision_outputs/cg_suite/E10_interpretability/spatial_tile/seed_42/cnn_tcn/linear/split_seed_42/metrics.json,f806853064efea490b9139b06e67b5ef6272aea7ac35ae1dda853e3cd1553a37,1006
revision_outputs/cg_suite/E10_interpretability/spatial_tile/seed_42/cnn_tcn/linear/split_seed_42/prediction_map.npy,bdd98f23ebdc56bf336d4071ae49db51368e0fcb68c7f123757e09bc628fec4c,262272
revision_outputs/cg_suite/E10_interpretability/spatial_tile/seed_42/cnn_tcn/linear/split_seed_42/reference_vs_prediction.png,2e2ea71f182136ff5a45425b2f046b7e064e861164396405d31c66284cf252b4,321540
revision_outputs/cg_suite/E10_interpretability/spatial_tile/seed_42/cnn_tcn/linear/split_seed_42/residual_plot.png,8132a3fbc5282fbde77b2de0ee61f87da16542c97b866b21baed1d8908af3c79,33121
revision_outputs/cg_suite/E10_interpretability/spatial_tile/seed_42/cnn_tcn/linear/split_seed_42/scatter_true_vs_pred.png,72b61cc4b6c3197d21401a81e4f30c0892446726fa80fd66b9dbb3f01ac1147a,44074
revision_outputs/cg_suite/E10_interpretability/spatial_tile/seed_42/cnn_tcn/linear/split_seed_42/split_masks.npz,aa87bd7754c73033f6fbca318704cb344d8f8307fb9362cf868f12dc9d85a42e,5093
revision_outputs/cg_suite/E10_interpretability/spatial_tile/seed_42/cnn_tcn/linear/split_seed_42/target_map.npy,1e59eb26cb015535fc837f588d10b6c675b78ad23f6259fdd0725a814f18b221,262272
revision_outputs/cg_suite/E10_interpretability/spatial_tile/seed_42/cnn_tcn/linear/split_seed_42/training_history.csv,c81880baa11d5c6c50a21c4314be55a159df446d1c30e70f1884a8fecadc14f5,484
revision_outputs/cg_suite/E10_interpretability/spatial_tile/seed_42/failure_case_top_tile.png,8cb5657762aea603bbd9bd2750026d874659fd1d63698b088fa42d7ee99a3a6e,53784
revision_outputs/cg_suite/E10_interpretability/spatial_tile/seed_42/lightgbm/linear/split_seed_42/binned_error.png,52eeae1ca19bb6a2f2bd10bb9be96d812bc3328eca42d03385f27833b76ea002,32160
revision_outputs/cg_suite/E10_interpretability/spatial_tile/seed_42/lightgbm/linear/split_seed_42/binned_residuals_boxplot.png,bb3755a9c70ed71462216d8577bebdf76a6ed715e09a6ef8ceb1cc8bfa8f9955,56339
revision_outputs/cg_suite/E10_interpretability/spatial_tile/seed_42/lightgbm/linear/split_seed_42/config_snapshot.json,3debd239ac861ef65e3c8fb864a1ec0a93b783504df288d248372407be745c8b,1802
revision_outputs/cg_suite/E10_interpretability/spatial_tile/seed_42/lightgbm/linear/split_seed_42/lightgbm_model.txt,5f39c3c3106df519ed34c3defaff3d8f197063f43d7660b6da7a1759bdc68e68,382305
revision_outputs/cg_suite/E10_interpretability/spatial_tile/seed_42/lightgbm/linear/split_seed_42/metrics.csv,4df7bfc1285acedc21dcbde0dc61b72128b6dec98d140dc8e8aa313d526a842f,446
revision_outputs/cg_suite/E10_interpretability/spatial_tile/seed_42/lightgbm/linear/split_seed_42/metrics.json,71da88de161f1c11fba8de59ebed7b8d840c9cff12cb1b2f4b29c898d8cac346,586
revision_outputs/cg_suite/E10_interpretability/spatial_tile/seed_42/lightgbm/linear/split_seed_42/prediction_map.npy,851f712c890afeccbc5429f3999622a71d10ec38aef5b250415482780cfdf33d,262272
revision_outputs/cg_suite/E10_interpretability/spatial_tile/seed_42/lightgbm/linear/split_seed_42/reference_vs_prediction.png,6a32ce68986a481de0150ce581e72d1a6c3e3f30e5863ab54ef1d5aaaccb08bc,544911
revision_outputs/cg_suite/E10_interpretability/spatial_tile/seed_42/lightgbm/linear/split_seed_42/residual_plot.png,7826f57a87343da6d7da9a13abc5e265d4420f44d8afa085fabaf862d53743d6,42062
revision_outputs/cg_suite/E10_interpretability/spatial_tile/seed_42/lightgbm/linear/split_seed_42/scatter_true_vs_pred.png,b0f73a46ceeaf96043c16c78a32cbc845e6ae12a29dcbe6175fac4d72e34da6f,59912
revision_outputs/cg_suite/E10_interpretability/spatial_tile/seed_42/lightgbm/linear/split_seed_42/shap_force_sample0.html,d6036c10dda912c8f53f373dd91a9b96435f36e809e4d68c96afed067b59392c,377846
revision_outputs/cg_suite/E10_interpretability/spatial_tile/seed_42/lightgbm/linear/split_seed_42/shap_summary.png,401de40b352377a70995e9b09830070275691db9a165124e2868dca48928ee04,123962
revision_outputs/cg_suite/E10_interpretability/spatial_tile/seed_42/lightgbm/linear/split_seed_42/split_masks.npz,aa87bd7754c73033f6fbca318704cb344d8f8307fb9362cf868f12dc9d85a42e,5093
revision_outputs/cg_suite/E10_interpretability/spatial_tile/seed_42/lightgbm/linear/split_seed_42/target_map.npy,1e59eb26cb015535fc837f588d10b6c675b78ad23f6259fdd0725a814f18b221,262272
revision_outputs/cg_suite/E10_interpretability/spatial_tile/seed_42/lightgbm_lag_concentration.csv,b2d237d647677082bf1ac1fefdc755f789e35cb090e20db676f4f7e0f5290c0b,142
revision_outputs/cg_suite/E10_interpretability/spatial_tile/seed_42/persistence/linear/split_seed_42/binned_error.png,d1d73c38a3602462e43ac360147004f111b702dcfb8bcf394ab91adcf1df9a30,40164
revision_outputs/cg_suite/E10_interpretability/spatial_tile/seed_42/persistence/linear/split_seed_42/binned_residuals_boxplot.png,ed8be98a5b17a6d326b24f78a62819a70cc4d1134f18bb1465d521bb83ac7dcf,64835
revision_outputs/cg_suite/E10_interpretability/spatial_tile/seed_42/persistence/linear/split_seed_42/config_snapshot.json,3debd239ac861ef65e3c8fb864a1ec0a93b783504df288d248372407be745c8b,1802
revision_outputs/cg_suite/E10_interpretability/spatial_tile/seed_42/persistence/linear/split_seed_42/last_input_map.npy,9a48065e98df9bb0200b16e885c5e0f98373d92e1fd0195829a8f8628f9ede66,262272
revision_outputs/cg_suite/E10_interpretability/spatial_tile/seed_42/persistence/linear/split_seed_42/metrics.csv,6d940b66d6348b64ae9c38aae4cab4741cfa70831dc282b2a97ef9b99eab655e,661
revision_outputs/cg_suite/E10_interpretability/spatial_tile/seed_42/persistence/linear/split_seed_42/metrics.json,c89d5c96d527cf4249bba1012ee1032b65775bf475d0d408c9b3ea392fedadef,852
revision_outputs/cg_suite/E10_interpretability/spatial_tile/seed_42/persistence/linear/split_seed_42/prediction_map.npy,9a48065e98df9bb0200b16e885c5e0f98373d92e1fd0195829a8f8628f9ede66,262272
revision_outputs/cg_suite/E10_interpretability/spatial_tile/seed_42/persistence/linear/split_seed_42/reference_vs_prediction.png,655c71542f32f8fbecaaed5019b060889b9e4791ba096308aa4da30c0492bcc0,551789
revision_outputs/cg_suite/E10_interpretability/spatial_tile/seed_42/persistence/linear/split_seed_42/residual_plot.png,f36f0a87564f0de511f66b832c81fdc81da87981cba98919fe75a75a12901718,63224
revision_outputs/cg_suite/E10_interpretability/spatial_tile/seed_42/persistence/linear/split_seed_42/scatter_true_vs_pred.png,03b16b52c8da5a48ac087bc6ee0df6bebb5364b8416584b65faa16d647497e41,59420
revision_outputs/cg_suite/E10_interpretability/spatial_tile/seed_42/persistence/linear/split_seed_42/split_masks.npz,aa87bd7754c73033f6fbca318704cb344d8f8307fb9362cf868f12dc9d85a42e,5093
revision_outputs/cg_suite/E10_interpretability/spatial_tile/seed_42/persistence/linear/split_seed_42/target_map.npy,1e59eb26cb015535fc837f588d10b6c675b78ad23f6259fdd0725a814f18b221,262272
revision_outputs/cg_suite/E10_interpretability/spatial_tile/seed_42/persistence_similarity.csv,86b34c6f0d1062a564ee55f7de24b2ed5f3b0b7a14c3f24a60af8c2f67411a2c,154
revision_outputs/cg_suite/E10_interpretability/spatial_tile/seed_42/residual_strata.csv,72e467656323d314d151c3eebdcae54b5dfef8e8444fbdd056aba9bb10447bfa,494
revision_outputs/cg_suite/E2_primary_multiseed/spatial_tile/grid_256/cnn_lstm_maskaware/linear/split_seed_42/binned_error.png,dc9a2a21d9d431bb0be0b84ca38bbceaaeffe735b537f65c5959f4d9aebd045d,40133
revision_outputs/cg_suite/E2_primary_multiseed/spatial_tile/grid_256/cnn_lstm_maskaware/linear/split_seed_42/binned_residuals_boxplot.png,4ad1e7cc5c2809fac4928763b2afa223f73260b4a813b7c3c06e7d53d7d028a6,53426
revision_outputs/cg_suite/E2_primary_multiseed/spatial_tile/grid_256/cnn_lstm_maskaware/linear/split_seed_42/config_snapshot.json,86802cff653fafc25d0d85b848c6686e02f0f63ad37cc3e36584163062b4b854,1803
revision_outputs/cg_suite/E2_primary_multiseed/spatial_tile/grid_256/cnn_lstm_maskaware/linear/split_seed_42/last_input_map.npy,9a48065e98df9bb0200b16e885c5e0f98373d92e1fd0195829a8f8628f9ede66,262272
revision_outputs/cg_suite/E2_primary_multiseed/spatial_tile/grid_256/cnn_lstm_maskaware/linear/split_seed_42/metrics.csv,659f1235845831341d6a6aae8295d30b428d4a64caae3e13553a6149245024d5,787
revision_outputs/cg_suite/E2_primary_multiseed/spatial_tile/grid_256/cnn_lstm_maskaware/linear/split_seed_42/metrics.json,0a93a947d87d488572a52dd45a269711daaf4b6055fdf4d0f5c3ca288f8d7893,1017
revision_outputs/cg_suite/E2_primary_multiseed/spatial_tile/grid_256/cnn_lstm_maskaware/linear/split_seed_42/prediction_map.npy,12c60a19aa7a076784bea304cf7cdd1d37a7bc3ba5e1091a7cf00431abb983c8,262272
revision_outputs/cg_suite/E2_primary_multiseed/spatial_tile/grid_256/cnn_lstm_maskaware/linear/split_seed_42/reference_vs_prediction.png,35b5e989fe776abf9750c111f369f6c29c59a32d19da24bbccc4e654ccf989ad,408659
revision_outputs/cg_suite/E2_primary_multiseed/spatial_tile/grid_256/cnn_lstm_maskaware/linear/split_seed_42/residual_plot.png,8be4dbc2e418de3a1e4910f31ca6a0169cc2f330c47ff7617944318a5df8c05d,33875
revision_outputs/cg_suite/E2_primary_multiseed/spatial_tile/grid_256/cnn_lstm_maskaware/linear/split_seed_42/scatter_true_vs_pred.png,24882b4e22246e034af3758b6c0e9d1ff56b8c19af50616705adbcc86fb979bf,45787
revision_outputs/cg_suite/E2_primary_multiseed/spatial_tile/grid_256/cnn_lstm_maskaware/linear/split_seed_42/split_masks.npz,aa87bd7754c73033f6fbca318704cb344d8f8307fb9362cf868f12dc9d85a42e,5093
revision_outputs/cg_suite/E2_primary_multiseed/spatial_tile/grid_256/cnn_lstm_maskaware/linear/split_seed_42/target_map.npy,1e59eb26cb015535fc837f588d10b6c675b78ad23f6259fdd0725a814f18b221,262272
revision_outputs/cg_suite/E2_primary_multiseed/spatial_tile/grid_256/cnn_lstm_maskaware/linear/split_seed_42/training_history.csv,1153dff00f7403d03a9b1d1b2f8888191c2efe0cc394bbe920834188ac8982b0,490
revision_outputs/cg_suite/E2_primary_multiseed/spatial_tile/grid_256/cnn_lstm_maskaware/linear/split_seed_43/binned_error.png,0742944b9c2ec2b23102fecf3d0f2faf66392a435a5b187a042b82a4dd57f5f7,41346
revision_outputs/cg_suite/E2_primary_multiseed/spatial_tile/grid_256/cnn_lstm_maskaware/linear/split_seed_43/binned_residuals_boxplot.png,75ebfb041ea77b254267fefcf4f1025f40632295ad5ed718cbdb9fceaae4f43e,55706
revision_outputs/cg_suite/E2_primary_multiseed/spatial_tile/grid_256/cnn_lstm_maskaware/linear/split_seed_43/config_snapshot.json,464700166aec473ceb72c9b3ad553b2a9ae7260ae7ec8c7f3d03e6c7208d8b2f,1803
revision_outputs/cg_suite/E2_primary_multiseed/spatial_tile/grid_256/cnn_lstm_maskaware/linear/split_seed_43/last_input_map.npy,9a48065e98df9bb0200b16e885c5e0f98373d92e1fd0195829a8f8628f9ede66,262272
revision_outputs/cg_suite/E2_primary_multiseed/spatial_tile/grid_256/cnn_lstm_maskaware/linear/split_seed_43/metrics.csv,0a3cb17b4ece003ca0d64f186f22d9540b35ead1af4d77028c2f9e25ce455be3,785
revision_outputs/cg_suite/E2_primary_multiseed/spatial_tile/grid_256/cnn_lstm_maskaware/linear/split_seed_43/metrics.json,10548909ff0bd7f5cafa7ce8b0b2f62325f017b963b4308351a8a9b7554c3a21,1015
revision_outputs/cg_suite/E2_primary_multiseed/spatial_tile/grid_256/cnn_lstm_maskaware/linear/split_seed_43/prediction_map.npy,1cbd3f716e022f493c27af140ce18b518852e5248dbeb8f4f5bd438bc958f69c,262272
revision_outputs/cg_suite/E2_primary_multiseed/spatial_tile/grid_256/cnn_lstm_maskaware/linear/split_seed_43/reference_vs_prediction.png,acf840422e6709aeb506c3bae23857862ec0d2ce01745d8316aba16de44eb321,392221
revision_outputs/cg_suite/E2_primary_multiseed/spatial_tile/grid_256/cnn_lstm_maskaware/linear/split_seed_43/residual_plot.png,2e95528c9035451905d1e0a23867da9aa7450d9a0dd0885c8c8b063997550f1e,33496
revision_outputs/cg_suite/E2_primary_multiseed/spatial_tile/grid_256/cnn_lstm_maskaware/linear/split_seed_43/scatter_true_vs_pred.png,33828b2ad7a1507654b5d9ceaa11acdf74b8c2ebd711b3cb93113d02e67f101b,45657
revision_outputs/cg_suite/E2_primary_multiseed/spatial_tile/grid_256/cnn_lstm_maskaware/linear/split_seed_43/split_masks.npz,b323933f7c125c832058aa2565acec87c0366ed7ad0b10fe8efeb214892db378,4960
revision_outputs/cg_suite/E2_primary_multiseed/spatial_tile/grid_256/cnn_lstm_maskaware/linear/split_seed_43/target_map.npy,1e59eb26cb015535fc837f588d10b6c675b78ad23f6259fdd0725a814f18b221,262272
revision_outputs/cg_suite/E2_primary_multiseed/spatial_tile/grid_256/cnn_lstm_maskaware/linear/split_seed_43/training_history.csv,e0e61e36c63ec896e2395977ce835c241cf22d75643b5bf2a0e129300f395956,565
revision_outputs/cg_suite/E2_primary_multiseed/spatial_tile/grid_256/cnn_lstm_maskaware/linear/split_seed_44/binned_error.png,8e4c90849580849189861e5518fa1c7fb4baaf22c7fa57bb3e88d13a689bf8f3,41671
revision_outputs/cg_suite/E2_primary_multiseed/spatial_tile/grid_256/cnn_lstm_maskaware/linear/split_seed_44/binned_residuals_boxplot.png,a09a0616fd6eb5580070ec5681cf371899f35f81dc75cab83e81b4ecacf9d8f4,55219
revision_outputs/cg_suite/E2_primary_multiseed/spatial_tile/grid_256/cnn_lstm_maskaware/linear/split_seed_44/config_snapshot.json,a866295c1d00632fcef681b259935ca0b51841745da78c111649e8dd490427f9,1803
revision_outputs/cg_suite/E2_primary_multiseed/spatial_tile/grid_256/cnn_lstm_maskaware/linear/split_seed_44/last_input_map.npy,9a48065e98df9bb0200b16e885c5e0f98373d92e1fd0195829a8f8628f9ede66,262272
revision_outputs/cg_suite/E2_primary_multiseed/spatial_tile/grid_256/cnn_lstm_maskaware/linear/split_seed_44/metrics.csv,616753dde5c2446274ad1bc472343077fb931d5cf1022b1f86539ce71a3ff7f1,784
revision_outputs/cg_suite/E2_primary_multiseed/spatial_tile/grid_256/cnn_lstm_maskaware/linear/split_seed_44/metrics.json,862133cdeb07c1f5dbbc01523aae76602a5ac42dbe2191382734a2489a0900da,1014
revision_outputs/cg_suite/E2_primary_multiseed/spatial_tile/grid_256/cnn_lstm_maskaware/linear/split_seed_44/prediction_map.npy,4d5d8abc50d6088d5ef74d23ec6318688aa34ad2df098a73948d8cf36dd8ba9e,262272
revision_outputs/cg_suite/E2_primary_multiseed/spatial_tile/grid_256/cnn_lstm_maskaware/linear/split_seed_44/reference_vs_prediction.png,e32a20aa59232ac0842e5e0f49f2e81a985ec8e8a39fd1f218057afad8ffe33f,372011
revision_outputs/cg_suite/E2_primary_multiseed/spatial_tile/grid_256/cnn_lstm_maskaware/linear/split_seed_44/residual_plot.png,67c28759c54e70c665f4cb37dc749049b2d6d7d0ecc1ec6bb4c20a9be40c25d8,33304
revision_outputs/cg_suite/E2_primary_multiseed/spatial_tile/grid_256/cnn_lstm_maskaware/linear/split_seed_44/scatter_true_vs_pred.png,b98ed4709073c29612721b64ba65385279e20e9b282ba68c44a866d2efed31e4,45275
revision_outputs/cg_suite/E2_primary_multiseed/spatial_tile/grid_256/cnn_lstm_maskaware/linear/split_seed_44/split_masks.npz,dc4e472d4ff09f561e1361da6f2d4a7c3bb5470862a13b149e680a480bc8139b,5058
revision_outputs/cg_suite/E2_primary_multiseed/spatial_tile/grid_256/cnn_lstm_maskaware/linear/split_seed_44/target_map.npy,1e59eb26cb015535fc837f588d10b6c675b78ad23f6259fdd0725a814f18b221,262272
revision_outputs/cg_suite/E2_primary_multiseed/spatial_tile/grid_256/cnn_lstm_maskaware/linear/split_seed_44/training_history.csv,a2c8ee961bd38f061c45fc812975557546630ab8cd12b8835e92b1484cc4efaf,527
revision_outputs/cg_suite/E2_primary_multiseed/spatial_tile/grid_256/cnn_lstm_maskaware/linear/split_seed_45/binned_error.png,e3609e9fe01c2c3d7b087fac714326699d61bc5fc5b37f98b7c2c5948a2e111f,43000
revision_outputs/cg_suite/E2_primary_multiseed/spatial_tile/grid_256/cnn_lstm_maskaware/linear/split_seed_45/binned_residuals_boxplot.png,629669a0a5dfaf821f5738ea09d789c1a755c6193a3d48010fc0a5378e0c8df4,50328
revision_outputs/cg_suite/E2_primary_multiseed/spatial_tile/grid_256/cnn_lstm_maskaware/linear/split_seed_45/config_snapshot.json,f7d28aeb534ecb111cb941485981fbb1e10b4547815ed003463f31fa80b62290,1803
revision_outputs/cg_suite/E2_primary_multiseed/spatial_tile/grid_256/cnn_lstm_maskaware/linear/split_seed_45/last_input_map.npy,9a48065e98df9bb0200b16e885c5e0f98373d92e1fd0195829a8f8628f9ede66,262272
revision_outputs/cg_suite/E2_primary_multiseed/spatial_tile/grid_256/cnn_lstm_maskaware/linear/split_seed_45/metrics.csv,cd9e905e7144c43dc7369f0efe8fa7d0e353509d59f125bd5a89bd276b6a1dcc,779
revision_outputs/cg_suite/E2_primary_multiseed/spatial_tile/grid_256/cnn_lstm_maskaware/linear/split_seed_45/metrics.json,9a9a0021a3813334069eedc261c294585428ba59188f85fc330ec653a2b2af84,1009
revision_outputs/cg_suite/E2_primary_multiseed/spatial_tile/grid_256/cnn_lstm_maskaware/linear/split_seed_45/prediction_map.npy,62e7e114ae7e553274fa3720f4f9b10da26eb61babd42d45c162b2b215755608,262272
revision_outputs/cg_suite/E2_primary_multiseed/spatial_tile/grid_256/cnn_lstm_maskaware/linear/split_seed_45/reference_vs_prediction.png,b86880be2940dd1995a32478ddc45dc83e481db0e2753d04181c05b0ed966f64,406685
revision_outputs/cg_suite/E2_primary_multiseed/spatial_tile/grid_256/cnn_lstm_maskaware/linear/split_seed_45/residual_plot.png,44ee1b02738ff55825780cbad29155aac54351890db50e213289f8a07d0813fc,41310
revision_outputs/cg_suite/E2_primary_multiseed/spatial_tile/grid_256/cnn_lstm_maskaware/linear/split_seed_45/scatter_true_vs_pred.png,d1039d0a4d984b1899e7dd51d6e8c6a2c847c9f8b0f232d411cc44bbb9dd5d74,55248
revision_outputs/cg_suite/E2_primary_multiseed/spatial_tile/grid_256/cnn_lstm_maskaware/linear/split_seed_45/split_masks.npz,9f4427996aac0677942e3dcb92a43587024aa3e8af163de64f4941b1377e52b0,4987
revision_outputs/cg_suite/E2_primary_multiseed/spatial_tile/grid_256/cnn_lstm_maskaware/linear/split_seed_45/target_map.npy,1e59eb26cb015535fc837f588d10b6c675b78ad23f6259fdd0725a814f18b221,262272
revision_outputs/cg_suite/E2_primary_multiseed/spatial_tile/grid_256/cnn_lstm_maskaware/linear/split_seed_45/training_history.csv,e01f621c4c96e41251eff0bac3d747be222026c028228b15ec7f07f157d5c19d,525
revision_outputs/cg_suite/E2_primary_multiseed/spatial_tile/grid_256/cnn_lstm_maskaware/linear/split_seed_46/binned_error.png,4707372268e2e8fd3ad70f315368a0fec9a5f9e770c56ae2d191278456f8d276,37775
revision_outputs/cg_suite/E2_primary_multiseed/spatial_tile/grid_256/cnn_lstm_maskaware/linear/split_seed_46/binned_residuals_boxplot.png,17acbae68dc58504cdb97f4b83b5c45af173586eef15ae3e7d72c1396e3adffd,55482
revision_outputs/cg_suite/E2_primary_multiseed/spatial_tile/grid_256/cnn_lstm_maskaware/linear/split_seed_46/config_snapshot.json,60a22fc3daa7e54b52f3cabd36a457e9adf96a3adc7a7fdb7c23525ff09a0bcb,1803
revision_outputs/cg_suite/E2_primary_multiseed/spatial_tile/grid_256/cnn_lstm_maskaware/linear/split_seed_46/last_input_map.npy,9a48065e98df9bb0200b16e885c5e0f98373d92e1fd0195829a8f8628f9ede66,262272
revision_outputs/cg_suite/E2_primary_multiseed/spatial_tile/grid_256/cnn_lstm_maskaware/linear/split_seed_46/metrics.csv,4f9e8acad4f46d428fff74a39cd3b0dfe8a2a982e21030f3516832d6fd69f521,784
revision_outputs/cg_suite/E2_primary_multiseed/spatial_tile/grid_256/cnn_lstm_maskaware/linear/split_seed_46/metrics.json,2d9d93879751ee6cd4d8b81e85f7b771ca5345c14868c07091ebe1170485c388,1014
revision_outputs/cg_suite/E2_primary_multiseed/spatial_tile/grid_256/cnn_lstm_maskaware/linear/split_seed_46/prediction_map.npy,3516210a68f78d290b4156fc755bb2ea63fb93371722c836c413611ee13e2640,262272
revision_outputs/cg_suite/E2_primary_multiseed/spatial_tile/grid_256/cnn_lstm_maskaware/linear/split_seed_46/reference_vs_prediction.png,a5d3e8dc9c8ae68976c0b99d5559222f2689406f7f2ae2c0b084e081cd7326dc,408397
revision_outputs/cg_suite/E2_primary_multiseed/spatial_tile/grid_256/cnn_lstm_maskaware/linear/split_seed_46/residual_plot.png,273d6b120573e43e389afead8c1348c0b2a75c2c8301cf38bcbd4ae6ef42d2cf,36617
revision_outputs/cg_suite/E2_primary_multiseed/spatial_tile/grid_256/cnn_lstm_maskaware/linear/split_seed_46/scatter_true_vs_pred.png,c93a7f3d191a3ced764cd3d0a9857491e9f6a0e48425fa0d017c2f144786959f,49553
revision_outputs/cg_suite/E2_primary_multiseed/spatial_tile/grid_256/cnn_lstm_maskaware/linear/split_seed_46/split_masks.npz,b147155d168780531b89106b8cff37420d8650cce600f3ae472a5a857fa46329,5022
revision_outputs/cg_suite/E2_primary_multiseed/spatial_tile/grid_256/cnn_lstm_maskaware/linear/split_seed_46/target_map.npy,1e59eb26cb015535fc837f588d10b6c675b78ad23f6259fdd0725a814f18b221,262272
revision_outputs/cg_suite/E2_primary_multiseed/spatial_tile/grid_256/cnn_lstm_maskaware/linear/split_seed_46/training_history.csv,ad587d2eeac85745b95897c2a1ce1ad012221dbd2df1aa91b691531614c3a1fc,567
revision_outputs/cg_suite/E2_primary_multiseed/spatial_tile/grid_256/cnn_tcn/linear/split_seed_42/binned_error.png,f86b8434e70dd711a448abf29b4542e8ab74fc1043589fc02504fc20bc2ef8bb,39412
revision_outputs/cg_suite/E2_primary_multiseed/spatial_tile/grid_256/cnn_tcn/linear/split_seed_42/binned_residuals_boxplot.png,ba807ffd2c00e09a4a0c23469d7d726414f88c223acf0f9312bf2189d9466458,53471
revision_outputs/cg_suite/E2_primary_multiseed/spatial_tile/grid_256/cnn_tcn/linear/split_seed_42/config_snapshot.json,86802cff653fafc25d0d85b848c6686e02f0f63ad37cc3e36584163062b4b854,1803
revision_outputs/cg_suite/E2_primary_multiseed/spatial_tile/grid_256/cnn_tcn/linear/split_seed_42/last_input_map.npy,9a48065e98df9bb0200b16e885c5e0f98373d92e1fd0195829a8f8628f9ede66,262272
revision_outputs/cg_suite/E2_primary_multiseed/spatial_tile/grid_256/cnn_tcn/linear/split_seed_42/metrics.csv,3f3d109e2ea1d855c73d3777e6dbf90cd1c7722090f0288f62ce4106ec4e1445,776
revision_outputs/cg_suite/E2_primary_multiseed/spatial_tile/grid_256/cnn_tcn/linear/split_seed_42/metrics.json,d0f25ce42213adeb397e7f7ac84ad885e7657f6e11b350a055f7522a9002eb60,1006
revision_outputs/cg_suite/E2_primary_multiseed/spatial_tile/grid_256/cnn_tcn/linear/split_seed_42/prediction_map.npy,bdd98f23ebdc56bf336d4071ae49db51368e0fcb68c7f123757e09bc628fec4c,262272
revision_outputs/cg_suite/E2_primary_multiseed/spatial_tile/grid_256/cnn_tcn/linear/split_seed_42/reference_vs_prediction.png,2e2ea71f182136ff5a45425b2f046b7e064e861164396405d31c66284cf252b4,321540
revision_outputs/cg_suite/E2_primary_multiseed/spatial_tile/grid_256/cnn_tcn/linear/split_seed_42/residual_plot.png,8132a3fbc5282fbde77b2de0ee61f87da16542c97b866b21baed1d8908af3c79,33121
revision_outputs/cg_suite/E2_primary_multiseed/spatial_tile/grid_256/cnn_tcn/linear/split_seed_42/scatter_true_vs_pred.png,72b61cc4b6c3197d21401a81e4f30c0892446726fa80fd66b9dbb3f01ac1147a,44074
revision_outputs/cg_suite/E2_primary_multiseed/spatial_tile/grid_256/cnn_tcn/linear/split_seed_42/split_masks.npz,aa87bd7754c73033f6fbca318704cb344d8f8307fb9362cf868f12dc9d85a42e,5093
revision_outputs/cg_suite/E2_primary_multiseed/spatial_tile/grid_256/cnn_tcn/linear/split_seed_42/target_map.npy,1e59eb26cb015535fc837f588d10b6c675b78ad23f6259fdd0725a814f18b221,262272
revision_outputs/cg_suite/E2_primary_multiseed/spatial_tile/grid_256/cnn_tcn/linear/split_seed_42/training_history.csv,c81880baa11d5c6c50a21c4314be55a159df446d1c30e70f1884a8fecadc14f5,484
revision_outputs/cg_suite/E2_primary_multiseed/spatial_tile/grid_256/cnn_tcn/linear/split_seed_43/binned_error.png,ec828ac173af9f02910f27cdee7fa2c711c01046e2aac318e0190449a20d564f,41586
revision_outputs/cg_suite/E2_primary_multiseed/spatial_tile/grid_256/cnn_tcn/linear/split_seed_43/binned_residuals_boxplot.png,d14c24020afeaf538cb1a5d95a89002741bb6bd1c2d85360a59d9c5762cc6156,55668
revision_outputs/cg_suite/E2_primary_multiseed/spatial_tile/grid_256/cnn_tcn/linear/split_seed_43/config_snapshot.json,464700166aec473ceb72c9b3ad553b2a9ae7260ae7ec8c7f3d03e6c7208d8b2f,1803
revision_outputs/cg_suite/E2_primary_multiseed/spatial_tile/grid_256/cnn_tcn/linear/split_seed_43/last_input_map.npy,9a48065e98df9bb0200b16e885c5e0f98373d92e1fd0195829a8f8628f9ede66,262272
revision_outputs/cg_suite/E2_primary_multiseed/spatial_tile/grid_256/cnn_tcn/linear/split_seed_43/metrics.csv,8a41dcea9fc883802714e2fa4c3ae36eb76b6d786987c435d7a40eaca21a1ad6,771
revision_outputs/cg_suite/E2_primary_multiseed/spatial_tile/grid_256/cnn_tcn/linear/split_seed_43/metrics.json,281669d16ff780408ea0e145aa65505184714d2e1068c96f9efe138910aa9888,1001
revision_outputs/cg_suite/E2_primary_multiseed/spatial_tile/grid_256/cnn_tcn/linear/split_seed_43/prediction_map.npy,ce8d0e9dd432cfed6c07e8fb67bdcc143059985d0634744fc5ac41ff1c947dff,262272
revision_outputs/cg_suite/E2_primary_multiseed/spatial_tile/grid_256/cnn_tcn/linear/split_seed_43/reference_vs_prediction.png,b19a980007a1d6d4a5fd45f0d6948fdbc3f9bf341b4a4a7fa6c4e396530472f6,321351
revision_outputs/cg_suite/E2_primary_multiseed/spatial_tile/grid_256/cnn_tcn/linear/split_seed_43/residual_plot.png,7725c3f3bfe9be0509e764252c12de70226b73d9cbb19eb5e5b70325eec1af2e,32933
revision_outputs/cg_suite/E2_primary_multiseed/spatial_tile/grid_256/cnn_tcn/linear/split_seed_43/scatter_true_vs_pred.png,37e5004337cd31f38252e2d4f960c29728ab7d977eba9f0d6243075156283a20,44770
revision_outputs/cg_suite/E2_primary_multiseed/spatial_tile/grid_256/cnn_tcn/linear/split_seed_43/split_masks.npz,b323933f7c125c832058aa2565acec87c0366ed7ad0b10fe8efeb214892db378,4960
revision_outputs/cg_suite/E2_primary_multiseed/spatial_tile/grid_256/cnn_tcn/linear/split_seed_43/target_map.npy,1e59eb26cb015535fc837f588d10b6c675b78ad23f6259fdd0725a814f18b221,262272
revision_outputs/cg_suite/E2_primary_multiseed/spatial_tile/grid_256/cnn_tcn/linear/split_seed_43/training_history.csv,c5e979c305e9b6043ec3d2f7149880d6b8eafe74f0d9c423052189631edc553c,486
revision_outputs/cg_suite/E2_primary_multiseed/spatial_tile/grid_256/cnn_tcn/linear/split_seed_44/binned_error.png,f797d028d48c329c57c99d4ae918583e63e8e1cd51278b694d071daa615ca9c7,41624
revision_outputs/cg_suite/E2_primary_multiseed/spatial_tile/grid_256/cnn_tcn/linear/split_seed_44/binned_residuals_boxplot.png,cb15923f03a022639774be20af7a1cbd6f6b30dfd809a892807b031fbec095ce,55067
revision_outputs/cg_suite/E2_primary_multiseed/spatial_tile/grid_256/cnn_tcn/linear/split_seed_44/config_snapshot.json,a866295c1d00632fcef681b259935ca0b51841745da78c111649e8dd490427f9,1803
revision_outputs/cg_suite/E2_primary_multiseed/spatial_tile/grid_256/cnn_tcn/linear/split_seed_44/last_input_map.npy,9a48065e98df9bb0200b16e885c5e0f98373d92e1fd0195829a8f8628f9ede66,262272
revision_outputs/cg_suite/E2_primary_multiseed/spatial_tile/grid_256/cnn_tcn/linear/split_seed_44/metrics.csv,12377f44d6b4f74356f2667772914da017c247f1537ba3cc0a2a9e812dbb176d,769
revision_outputs/cg_suite/E2_primary_multiseed/spatial_tile/grid_256/cnn_tcn/linear/split_seed_44/metrics.json,5425ae26c12a0e72ce23004f150f07a58b825284b4c7452006543f105a7f8b00,999
revision_outputs/cg_suite/E2_primary_multiseed/spatial_tile/grid_256/cnn_tcn/linear/split_seed_44/prediction_map.npy,5e5466b06e4cce1da25c8e4ac1b451e9ebd5be935c4412a4cb6068dda12ca003,262272
revision_outputs/cg_suite/E2_primary_multiseed/spatial_tile/grid_256/cnn_tcn/linear/split_seed_44/reference_vs_prediction.png,cf0c46cfe31e041675148b94625b391a94d9c67aa771dc09ea5222d2a92dc8a2,324264
revision_outputs/cg_suite/E2_primary_multiseed/spatial_tile/grid_256/cnn_tcn/linear/split_seed_44/residual_plot.png,f9e8305048a8aa610cdcab81f67b03d6eeb2a40d04debe77020d5d90e8a13717,32994
revision_outputs/cg_suite/E2_primary_multiseed/spatial_tile/grid_256/cnn_tcn/linear/split_seed_44/scatter_true_vs_pred.png,2c9699d690b56fe1e6484f99b7a5afd87a09c1bab53923b95a41b610380298bc,44690
revision_outputs/cg_suite/E2_primary_multiseed/spatial_tile/grid_256/cnn_tcn/linear/split_seed_44/split_masks.npz,dc4e472d4ff09f561e1361da6f2d4a7c3bb5470862a13b149e680a480bc8139b,5058
revision_outputs/cg_suite/E2_primary_multiseed/spatial_tile/grid_256/cnn_tcn/linear/split_seed_44/target_map.npy,1e59eb26cb015535fc837f588d10b6c675b78ad23f6259fdd0725a814f18b221,262272
revision_outputs/cg_suite/E2_primary_multiseed/spatial_tile/grid_256/cnn_tcn/linear/split_seed_44/training_history.csv,fcaa39ebaf7a348bdebdf5b9829287fbb843689edffddb732b99dab44c35d3a1,485
revision_outputs/cg_suite/E2_primary_multiseed/spatial_tile/grid_256/cnn_tcn/linear/split_seed_45/binned_error.png,09b47b2a5fbd344539ef07828736ab59438bcd33789e49f8c95b31df5bedb097,42978
revision_outputs/cg_suite/E2_primary_multiseed/spatial_tile/grid_256/cnn_tcn/linear/split_seed_45/binned_residuals_boxplot.png,45584819eab0126802d39a40209258ab3acf68699c17ceaeb5f11b8053534d74,49103
revision_outputs/cg_suite/E2_primary_multiseed/spatial_tile/grid_256/cnn_tcn/linear/split_seed_45/config_snapshot.json,f7d28aeb534ecb111cb941485981fbb1e10b4547815ed003463f31fa80b62290,1803
revision_outputs/cg_suite/E2_primary_multiseed/spatial_tile/grid_256/cnn_tcn/linear/split_seed_45/last_input_map.npy,9a48065e98df9bb0200b16e885c5e0f98373d92e1fd0195829a8f8628f9ede66,262272
revision_outputs/cg_suite/E2_primary_multiseed/spatial_tile/grid_256/cnn_tcn/linear/split_seed_45/metrics.csv,0e70efca94f422402b017135d4ceb8ede4046674515411a4293c798fcd7bed1c,772
revision_outputs/cg_suite/E2_primary_multiseed/spatial_tile/grid_256/cnn_tcn/linear/split_seed_45/metrics.json,82a3b5fcec98ef821928b6fc0eff759a2551537ccfe3ea816a5ff8c6a680175a,1002
revision_outputs/cg_suite/E2_primary_multiseed/spatial_tile/grid_256/cnn_tcn/linear/split_seed_45/prediction_map.npy,2f59e4611efe43ee18eea2b93ea2bf1fe49ed5297d8d1a14f75a146afce09bec,262272
revision_outputs/cg_suite/E2_primary_multiseed/spatial_tile/grid_256/cnn_tcn/linear/split_seed_45/reference_vs_prediction.png,e0b401bc29581d67e7137512a07b7889c6670090e32a23025cc60b43f36a8705,321625
revision_outputs/cg_suite/E2_primary_multiseed/spatial_tile/grid_256/cnn_tcn/linear/split_seed_45/residual_plot.png,2ef98e6739e51649595f11c143dab819f1eb0c9d319461f130014f248a101a9b,37286
revision_outputs/cg_suite/E2_primary_multiseed/spatial_tile/grid_256/cnn_tcn/linear/split_seed_45/scatter_true_vs_pred.png,0d5e255fc9a524cef1faf31df89750de63bc54a5ade4b35e59775613e10c0083,47765
revision_outputs/cg_suite/E2_primary_multiseed/spatial_tile/grid_256/cnn_tcn/linear/split_seed_45/split_masks.npz,9f4427996aac0677942e3dcb92a43587024aa3e8af163de64f4941b1377e52b0,4987
revision_outputs/cg_suite/E2_primary_multiseed/spatial_tile/grid_256/cnn_tcn/linear/split_seed_45/target_map.npy,1e59eb26cb015535fc837f588d10b6c675b78ad23f6259fdd0725a814f18b221,262272
revision_outputs/cg_suite/E2_primary_multiseed/spatial_tile/grid_256/cnn_tcn/linear/split_seed_45/training_history.csv,8e23ac74200a76092fa15be9f5b7adcb5ebc3c6a06c70e529126674a94498a6e,483
revision_outputs/cg_suite/E2_primary_multiseed/spatial_tile/grid_256/cnn_tcn/linear/split_seed_46/binned_error.png,095260891ddfeb595e8fbac0ddaaa0cfcdd3ac58045fd6c965982c0d2d6eb1d5,37829
revision_outputs/cg_suite/E2_primary_multiseed/spatial_tile/grid_256/cnn_tcn/linear/split_seed_46/binned_residuals_boxplot.png,898a1cf1550c5c6b9af946658e45ba2df2ca7e3188b9627df18d80b7ac22aad1,55043
revision_outputs/cg_suite/E2_primary_multiseed/spatial_tile/grid_256/cnn_tcn/linear/split_seed_46/config_snapshot.json,60a22fc3daa7e54b52f3cabd36a457e9adf96a3adc7a7fdb7c23525ff09a0bcb,1803
revision_outputs/cg_suite/E2_primary_multiseed/spatial_tile/grid_256/cnn_tcn/linear/split_seed_46/last_input_map.npy,9a48065e98df9bb0200b16e885c5e0f98373d92e1fd0195829a8f8628f9ede66,262272
revision_outputs/cg_suite/E2_primary_multiseed/spatial_tile/grid_256/cnn_tcn/linear/split_seed_46/metrics.csv,d5fa1c5b9dd2cea9043ce3555efb8a97c0d9254e73ddd1273da7d4617a555a74,773
revision_outputs/cg_suite/E2_primary_multiseed/spatial_tile/grid_256/cnn_tcn/linear/split_seed_46/metrics.json,9ad742a561f121c46f6d86ea313a07620ed1e0c5b3edb8ce1eaf1ec9989e9e9d,1003
revision_outputs/cg_suite/E2_primary_multiseed/spatial_tile/grid_256/cnn_tcn/linear/split_seed_46/prediction_map.npy,27cf74cca0cf151b377a0a2d49e8789c582dfac23a3421886285f596a2fd945f,262272
revision_outputs/cg_suite/E2_primary_multiseed/spatial_tile/grid_256/cnn_tcn/linear/split_seed_46/reference_vs_prediction.png,cc79d8c662fc917e9dcdc2c3a7ae27fe6d3799fc24a88c8c5d794f85fd1988f8,320419
revision_outputs/cg_suite/E2_primary_multiseed/spatial_tile/grid_256/cnn_tcn/linear/split_seed_46/residual_plot.png,e21dc9b35da00b07a4799deba003a057cb046c5f087704073bfafcc35c53a816,35235
revision_outputs/cg_suite/E2_primary_multiseed/spatial_tile/grid_256/cnn_tcn/linear/split_seed_46/scatter_true_vs_pred.png,4a0c1f7cf03a86200f3345ff47c69778d8c235d9d8eba3b13c3f672f348c88e8,47284
revision_outputs/cg_suite/E2_primary_multiseed/spatial_tile/grid_256/cnn_tcn/linear/split_seed_46/split_masks.npz,b147155d168780531b89106b8cff37420d8650cce600f3ae472a5a857fa46329,5022
revision_outputs/cg_suite/E2_primary_multiseed/spatial_tile/grid_256/cnn_tcn/linear/split_seed_46/target_map.npy,1e59eb26cb015535fc837f588d10b6c675b78ad23f6259fdd0725a814f18b221,262272
revision_outputs/cg_suite/E2_primary_multiseed/spatial_tile/grid_256/cnn_tcn/linear/split_seed_46/training_history.csv,bc2674b754ba141ba020bc141d754e2157c6e962f7c0c96c91123c854b85bc55,482
revision_outputs/cg_suite/E2_primary_multiseed/spatial_tile/grid_256/lasso/linear/split_seed_42/alpha_sweep.csv,38e72081070d7fc3324b428caad745684daaa78068c2ae58b3a13eda8db9b87b,187
revision_outputs/cg_suite/E2_primary_multiseed/spatial_tile/grid_256/lasso/linear/split_seed_42/binned_error.png,08aaa17247a575f913959ac4b9f3d9c0b4e212af46adcf3009672e17950aa72b,39634
revision_outputs/cg_suite/E2_primary_multiseed/spatial_tile/grid_256/lasso/linear/split_seed_42/binned_residuals_boxplot.png,350ef187e6ea39bd97943040c3c5fcf35b24867e9add31c9c79fa743b97932b8,65601
revision_outputs/cg_suite/E2_primary_multiseed/spatial_tile/grid_256/lasso/linear/split_seed_42/config_snapshot.json,86802cff653fafc25d0d85b848c6686e02f0f63ad37cc3e36584163062b4b854,1803
revision_outputs/cg_suite/E2_primary_multiseed/spatial_tile/grid_256/lasso/linear/split_seed_42/metrics.csv,a58f15e56e211a52294a872db06a1dc1d09ddc6b3874e47a2a77c2a609580c14,498
revision_outputs/cg_suite/E2_primary_multiseed/spatial_tile/grid_256/lasso/linear/split_seed_42/metrics.json,97da87d822f24a7f204575575a55002e4e72c2cecd682a71f41f4682ced194b3,652
revision_outputs/cg_suite/E2_primary_multiseed/spatial_tile/grid_256/lasso/linear/split_seed_42/prediction_map.npy,2edc60badd0408642897e991645fabae765e9efd005009d7014b078471b24d62,262272
revision_outputs/cg_suite/E2_primary_multiseed/spatial_tile/grid_256/lasso/linear/split_seed_42/reference_vs_prediction.png,abb00e4b97cc635b0626824c8dad8c0590de11f50a2ae53ae6c479e641c9b27e,544419
revision_outputs/cg_suite/E2_primary_multiseed/spatial_tile/grid_256/lasso/linear/split_seed_42/residual_plot.png,72d325d1b84df3f139afe928fd7cd1f34c63b71bf09a3ffaa208f53b6dd43028,69116
revision_outputs/cg_suite/E2_primary_multiseed/spatial_tile/grid_256/lasso/linear/split_seed_42/scatter_true_vs_pred.png,30f36903e501fd584196cde4205616785e3a7fa9866cd6991839f7b95209e43e,58759
revision_outputs/cg_suite/E2_primary_multiseed/spatial_tile/grid_256/lasso/linear/split_seed_42/split_masks.npz,aa87bd7754c73033f6fbca318704cb344d8f8307fb9362cf868f12dc9d85a42e,5093
revision_outputs/cg_suite/E2_primary_multiseed/spatial_tile/grid_256/lasso/linear/split_seed_42/target_map.npy,1e59eb26cb015535fc837f588d10b6c675b78ad23f6259fdd0725a814f18b221,262272
revision_outputs/cg_suite/E2_primary_multiseed/spatial_tile/grid_256/lasso/linear/split_seed_43/alpha_sweep.csv,80662bd4c21fb0ba3f3f144b0e057d1da8d50bbd7f5e993e845e80cd5dd914c6,188
revision_outputs/cg_suite/E2_primary_multiseed/spatial_tile/grid_256/lasso/linear/split_seed_43/binned_error.png,fb76faa07d304774b603814d0be218a871f37ecead8c1ee35551faa849211d6e,51684
revision_outputs/cg_suite/E2_primary_multiseed/spatial_tile/grid_256/lasso/linear/split_seed_43/binned_residuals_boxplot.png,a4eff52545e882c92f6769ecbe159a3750f3bbe24e6b8b04798bb608dfcecd32,59947
revision_outputs/cg_suite/E2_primary_multiseed/spatial_tile/grid_256/lasso/linear/split_seed_43/config_snapshot.json,464700166aec473ceb72c9b3ad553b2a9ae7260ae7ec8c7f3d03e6c7208d8b2f,1803
revision_outputs/cg_suite/E2_primary_multiseed/spatial_tile/grid_256/lasso/linear/split_seed_43/metrics.csv,32ed8bcb1f662d5580221c3b75d56d55c36cf96c82a58258ccea56b2efceb1aa,499
revision_outputs/cg_suite/E2_primary_multiseed/spatial_tile/grid_256/lasso/linear/split_seed_43/metrics.json,28250735a09d06ddd9e7a837302d6fae3587f7be8c423a97202a6ae530fa406e,653
revision_outputs/cg_suite/E2_primary_multiseed/spatial_tile/grid_256/lasso/linear/split_seed_43/prediction_map.npy,742d4b3c12af466805f4962f8d7b87165bba75026f40e0eaffcf9ae1dd8a3ccf,262272
revision_outputs/cg_suite/E2_primary_multiseed/spatial_tile/grid_256/lasso/linear/split_seed_43/reference_vs_prediction.png,cd2e8b58e98b71b988eb50cdf176196cb0ef8a99c0e2a844341e58b9580a86e1,545338
revision_outputs/cg_suite/E2_primary_multiseed/spatial_tile/grid_256/lasso/linear/split_seed_43/residual_plot.png,943c5a6d79a57f2dd907a6f0fb319a29a292b7d1aa4b592163f84ce945c4b228,56444
revision_outputs/cg_suite/E2_primary_multiseed/spatial_tile/grid_256/lasso/linear/split_seed_43/scatter_true_vs_pred.png,6b2675aaff0332c48875dc847327375d7345829e45bfe2c4d45d48a0f6f871a1,55453
revision_outputs/cg_suite/E2_primary_multiseed/spatial_tile/grid_256/lasso/linear/split_seed_43/split_masks.npz,b323933f7c125c832058aa2565acec87c0366ed7ad0b10fe8efeb214892db378,4960
revision_outputs/cg_suite/E2_primary_multiseed/spatial_tile/grid_256/lasso/linear/split_seed_43/target_map.npy,1e59eb26cb015535fc837f588d10b6c675b78ad23f6259fdd0725a814f18b221,262272
revision_outputs/cg_suite/E2_primary_multiseed/spatial_tile/grid_256/lasso/linear/split_seed_44/alpha_sweep.csv,6c132bfc9094989bb63a6afb1074c0008d28b4c78e76ea8f210e28885e9d5291,186
revision_outputs/cg_suite/E2_primary_multiseed/spatial_tile/grid_256/lasso/linear/split_seed_44/binned_error.png,14d1f317b6c91b6d12606846d941ca96ac42666338d29783e79a07ef43a52852,52550
revision_outputs/cg_suite/E2_primary_multiseed/spatial_tile/grid_256/lasso/linear/split_seed_44/binned_residuals_boxplot.png,06e3f546f19e98b04eb4318cf955ff54d554bde99732b7e0f87732cbc037b66a,63296
revision_outputs/cg_suite/E2_primary_multiseed/spatial_tile/grid_256/lasso/linear/split_seed_44/config_snapshot.json,a866295c1d00632fcef681b259935ca0b51841745da78c111649e8dd490427f9,1803
revision_outputs/cg_suite/E2_primary_multiseed/spatial_tile/grid_256/lasso/linear/split_seed_44/metrics.csv,74bc2a2a5b07a8bf24180710f061d23339886718eaf6e865d024ec487424f681,497
revision_outputs/cg_suite/E2_primary_multiseed/spatial_tile/grid_256/lasso/linear/split_seed_44/metrics.json,9c28d5fbd61225f2b70a4676331c84ff47e8ade0cb89fe46b76d9d74244baff7,651
revision_outputs/cg_suite/E2_primary_multiseed/spatial_tile/grid_256/lasso/linear/split_seed_44/prediction_map.npy,b608fab3a933fd89d1dc25e91b4ed33f2f1aeb178c541d898d018a1441dff29d,262272
revision_outputs/cg_suite/E2_primary_multiseed/spatial_tile/grid_256/lasso/linear/split_seed_44/reference_vs_prediction.png,e18068a800cd7dd4e30a49f05aad192c239913e369286b20e2123ceedce9d316,545065
revision_outputs/cg_suite/E2_primary_multiseed/spatial_tile/grid_256/lasso/linear/split_seed_44/residual_plot.png,0e8f61ae4d8f795d96e644452a7ca9a99bcb8e061739edf5cee84f3611f6425a,63718
revision_outputs/cg_suite/E2_primary_multiseed/spatial_tile/grid_256/lasso/linear/split_seed_44/scatter_true_vs_pred.png,06cb94b0e6ba1ec3e2c8e852d90a94eba36d7c5f8c27d4aca781126c513278f2,54701
revision_outputs/cg_suite/E2_primary_multiseed/spatial_tile/grid_256/lasso/linear/split_seed_44/split_masks.npz,dc4e472d4ff09f561e1361da6f2d4a7c3bb5470862a13b149e680a480bc8139b,5058
revision_outputs/cg_suite/E2_primary_multiseed/spatial_tile/grid_256/lasso/linear/split_seed_44/target_map.npy,1e59eb26cb015535fc837f588d10b6c675b78ad23f6259fdd0725a814f18b221,262272
revision_outputs/cg_suite/E2_primary_multiseed/spatial_tile/grid_256/lasso/linear/split_seed_45/alpha_sweep.csv,62cd02a08a731005cc3ee6e602eee4b9534dcab47e78362f6b60414e892190dc,185
revision_outputs/cg_suite/E2_primary_multiseed/spatial_tile/grid_256/lasso/linear/split_seed_45/binned_error.png,7f3502017ece5dd12bb417658616ecb842a89338b35ff463dbc68863d7209ce5,40161
revision_outputs/cg_suite/E2_primary_multiseed/spatial_tile/grid_256/lasso/linear/split_seed_45/binned_residuals_boxplot.png,8ec75b8ce26fd912e79791641155dd232c0cee67a64dfede5a44e7ad1b2a47bb,71946
revision_outputs/cg_suite/E2_primary_multiseed/spatial_tile/grid_256/lasso/linear/split_seed_45/config_snapshot.json,f7d28aeb534ecb111cb941485981fbb1e10b4547815ed003463f31fa80b62290,1803
revision_outputs/cg_suite/E2_primary_multiseed/spatial_tile/grid_256/lasso/linear/split_seed_45/metrics.csv,d9ca3319eedebf772893d2be8cc28ca3cb64a0a2bbdba574b92d6b898a704af1,496
revision_outputs/cg_suite/E2_primary_multiseed/spatial_tile/grid_256/lasso/linear/split_seed_45/metrics.json,f23eed1b5ce67c9c9bbc02c1b1541b6aafd59a36fa01755e24be41a30a7b1638,650
revision_outputs/cg_suite/E2_primary_multiseed/spatial_tile/grid_256/lasso/linear/split_seed_45/prediction_map.npy,eb2c81ee6e46ae0d8ac1bdf9c4f303c10228fab6fe3f72cf53984157cff08da1,262272
revision_outputs/cg_suite/E2_primary_multiseed/spatial_tile/grid_256/lasso/linear/split_seed_45/reference_vs_prediction.png,de6aa5f2a38ba2374521c536f622700ff3bfaa4bd29b6bf4a00be5a4cca9d536,544880
revision_outputs/cg_suite/E2_primary_multiseed/spatial_tile/grid_256/lasso/linear/split_seed_45/residual_plot.png,ce47a860b95b5ecae01fcdce6e54e0902e4202dd02ffd219d61e9b52de40401d,92858
revision_outputs/cg_suite/E2_primary_multiseed/spatial_tile/grid_256/lasso/linear/split_seed_45/scatter_true_vs_pred.png,8236e51ab6f412839477afbdadc0a0a1504d202e03ea8e44a32816d38f6fbcf0,92035
revision_outputs/cg_suite/E2_primary_multiseed/spatial_tile/grid_256/lasso/linear/split_seed_45/split_masks.npz,9f4427996aac0677942e3dcb92a43587024aa3e8af163de64f4941b1377e52b0,4987
revision_outputs/cg_suite/E2_primary_multiseed/spatial_tile/grid_256/lasso/linear/split_seed_45/target_map.npy,1e59eb26cb015535fc837f588d10b6c675b78ad23f6259fdd0725a814f18b221,262272
revision_outputs/cg_suite/E2_primary_multiseed/spatial_tile/grid_256/lasso/linear/split_seed_46/alpha_sweep.csv,f984a99f5d4ad3675b1e0ff2aaa5885dc01f9562219da9bfde76bbb11c11dfdd,187
revision_outputs/cg_suite/E2_primary_multiseed/spatial_tile/grid_256/lasso/linear/split_seed_46/binned_error.png,779bcf9961060ede5cbf2d6ee5c664ffdc8b2651cc227bb0a09718c0d5a1b218,36357
revision_outputs/cg_suite/E2_primary_multiseed/spatial_tile/grid_256/lasso/linear/split_seed_46/binned_residuals_boxplot.png,6080a096e2875652451d5abbf67d0e561c63d96209cb3960e50e3142aabc9293,65153
revision_outputs/cg_suite/E2_primary_multiseed/spatial_tile/grid_256/lasso/linear/split_seed_46/config_snapshot.json,60a22fc3daa7e54b52f3cabd36a457e9adf96a3adc7a7fdb7c23525ff09a0bcb,1803
revision_outputs/cg_suite/E2_primary_multiseed/spatial_tile/grid_256/lasso/linear/split_seed_46/metrics.csv,f0d37b5a830b346c07472659e93a171f80c7a9e4256c8a4e3d0f710280ecbc7a,498
revision_outputs/cg_suite/E2_primary_multiseed/spatial_tile/grid_256/lasso/linear/split_seed_46/metrics.json,eb6abc752fea7bf6a0a4bee726a88c06116f8641001623e9c470b7f8bcc7112f,652
revision_outputs/cg_suite/E2_primary_multiseed/spatial_tile/grid_256/lasso/linear/split_seed_46/prediction_map.npy,0c8d207dade03b7ff9c6023b7fd6e5d26c7b74d748c443050182c4e0c67a894a,262272
revision_outputs/cg_suite/E2_primary_multiseed/spatial_tile/grid_256/lasso/linear/split_seed_46/reference_vs_prediction.png,2ab9b241ea1f36f2eff4cab05745bf0549da18c3606de51d341081cb4c03452c,545242
revision_outputs/cg_suite/E2_primary_multiseed/spatial_tile/grid_256/lasso/linear/split_seed_46/residual_plot.png,4048f45dad2b4577a636ee017b1725bd62f8b64c47d647cdd496a08ba2a886eb,70261
revision_outputs/cg_suite/E2_primary_multiseed/spatial_tile/grid_256/lasso/linear/split_seed_46/scatter_true_vs_pred.png,78bd98b0a368fa4dbff20e2bc2b54f412280013d8ce3356996cc5f97355c1f60,62517
revision_outputs/cg_suite/E2_primary_multiseed/spatial_tile/grid_256/lasso/linear/split_seed_46/split_masks.npz,b147155d168780531b89106b8cff37420d8650cce600f3ae472a5a857fa46329,5022
revision_outputs/cg_suite/E2_primary_multiseed/spatial_tile/grid_256/lasso/linear/split_seed_46/target_map.npy,1e59eb26cb015535fc837f588d10b6c675b78ad23f6259fdd0725a814f18b221,262272
revision_outputs/cg_suite/E2_primary_multiseed/spatial_tile/grid_256/lightgbm/linear/split_seed_42/binned_error.png,94178d7ebef801fa5a6876a5d26f84f9c4440a0297b4a00f60d8e8b1340fa596,32495
revision_outputs/cg_suite/E2_primary_multiseed/spatial_tile/grid_256/lightgbm/linear/split_seed_42/binned_residuals_boxplot.png,30074ce4519eb2fda72f9a3ce5a1c6af3028c6ff91ef90a7b1a509a9b2a1eab5,57849
revision_outputs/cg_suite/E2_primary_multiseed/spatial_tile/grid_256/lightgbm/linear/split_seed_42/config_snapshot.json,86802cff653fafc25d0d85b848c6686e02f0f63ad37cc3e36584163062b4b854,1803
revision_outputs/cg_suite/E2_primary_multiseed/spatial_tile/grid_256/lightgbm/linear/split_seed_42/lightgbm_model.txt,c509a2ca1f6bae0942d7f487d92a2d596c0add3904fb86a74962e9fdd9e8f48c,457834
revision_outputs/cg_suite/E2_primary_multiseed/spatial_tile/grid_256/lightgbm/linear/split_seed_42/metrics.csv,a0624c6fd00ede929b3aebcd6050845672f8f357b9eeadfe8d229989349910c5,445
revision_outputs/cg_suite/E2_primary_multiseed/spatial_tile/grid_256/lightgbm/linear/split_seed_42/metrics.json,041c0a2ba7461bd9ec734dc8a9c68b918761439e4c6b1c4f47a9dc7e0dd63b5a,585
revision_outputs/cg_suite/E2_primary_multiseed/spatial_tile/grid_256/lightgbm/linear/split_seed_42/prediction_map.npy,3c65f5400fc24fd7ede42b25340623836ffd58e50691cdddb34401597a249c33,262272
revision_outputs/cg_suite/E2_primary_multiseed/spatial_tile/grid_256/lightgbm/linear/split_seed_42/reference_vs_prediction.png,3812afff1f434ab501f158ed6cfc821b2a7ddb74ea664339431d71c60aa35ff4,544883
revision_outputs/cg_suite/E2_primary_multiseed/spatial_tile/grid_256/lightgbm/linear/split_seed_42/residual_plot.png,dfcb371f1998803cee16974eee048341be733c13ae590863aee8b718d2960c5a,42519
revision_outputs/cg_suite/E2_primary_multiseed/spatial_tile/grid_256/lightgbm/linear/split_seed_42/scatter_true_vs_pred.png,57b649cf1647099413d2de95f9d6bf64b4f6aea1ce0b96f8b709165825fbdd3d,60147
revision_outputs/cg_suite/E2_primary_multiseed/spatial_tile/grid_256/lightgbm/linear/split_seed_42/shap_force_sample0.html,edd6e9fe28c74865536324a047509a9fc373b99b4e7605bc43b8bcf075f0fc39,378218
revision_outputs/cg_suite/E2_primary_multiseed/spatial_tile/grid_256/lightgbm/linear/split_seed_42/shap_summary.png,90114a97ae5689202b96236dd080ae07c60d5ad4baea3cf29d05d9f7060394cb,124691
revision_outputs/cg_suite/E2_primary_multiseed/spatial_tile/grid_256/lightgbm/linear/split_seed_42/split_masks.npz,aa87bd7754c73033f6fbca318704cb344d8f8307fb9362cf868f12dc9d85a42e,5093
revision_outputs/cg_suite/E2_primary_multiseed/spatial_tile/grid_256/lightgbm/linear/split_seed_42/target_map.npy,1e59eb26cb015535fc837f588d10b6c675b78ad23f6259fdd0725a814f18b221,262272
revision_outputs/cg_suite/E2_primary_multiseed/spatial_tile/grid_256/lightgbm/linear/split_seed_43/binned_error.png,a6c355f4a18f70d654ce8750f0db7a3873e5c9485bc48acd946ab484686417b0,35138
revision_outputs/cg_suite/E2_primary_multiseed/spatial_tile/grid_256/lightgbm/linear/split_seed_43/binned_residuals_boxplot.png,dcfb7a9be63340e8531385947b33d6039b4a9d3af698aa320d26475f04104bbe,56297
revision_outputs/cg_suite/E2_primary_multiseed/spatial_tile/grid_256/lightgbm/linear/split_seed_43/config_snapshot.json,464700166aec473ceb72c9b3ad553b2a9ae7260ae7ec8c7f3d03e6c7208d8b2f,1803
revision_outputs/cg_suite/E2_primary_multiseed/spatial_tile/grid_256/lightgbm/linear/split_seed_43/lightgbm_model.txt,0f38a7bdb39eb716c65b60c7d21c348ad8bd8c75b15e0a4497eedb2080626fbf,441680
revision_outputs/cg_suite/E2_primary_multiseed/spatial_tile/grid_256/lightgbm/linear/split_seed_43/metrics.csv,5525f632131ca5edb874c2d2e1bf5cbb3896fff39e9446a9c268464c63f6776a,447
revision_outputs/cg_suite/E2_primary_multiseed/spatial_tile/grid_256/lightgbm/linear/split_seed_43/metrics.json,a848a4b72c4adddd5f4f44945d6d8930e843cf9c35504def87ac7fd074084b17,587
revision_outputs/cg_suite/E2_primary_multiseed/spatial_tile/grid_256/lightgbm/linear/split_seed_43/prediction_map.npy,48c4f48500c02ad7ff03b7609a16d7daeea5cf6a5374913fef4538a8926429eb,262272
revision_outputs/cg_suite/E2_primary_multiseed/spatial_tile/grid_256/lightgbm/linear/split_seed_43/reference_vs_prediction.png,bb0cced38efb680773e8998e8d5916ffebca47ac03638a09fa3b1435469925fa,544851
revision_outputs/cg_suite/E2_primary_multiseed/spatial_tile/grid_256/lightgbm/linear/split_seed_43/residual_plot.png,96a6470adcd6cc105537405305c7b329f884e70f070c6520a81ee9be28b62e52,38844
revision_outputs/cg_suite/E2_primary_multiseed/spatial_tile/grid_256/lightgbm/linear/split_seed_43/scatter_true_vs_pred.png,0ad639dcff4ac733285979541396395eae076e1ed77b587b9eddcbac57aad1b4,56161
revision_outputs/cg_suite/E2_primary_multiseed/spatial_tile/grid_256/lightgbm/linear/split_seed_43/shap_force_sample0.html,1ae7ff4ca37aae92e62438eff0c4cb6cda842298655ccd75cffb8cd1702f5091,378233
revision_outputs/cg_suite/E2_primary_multiseed/spatial_tile/grid_256/lightgbm/linear/split_seed_43/shap_summary.png,22d63b900a521eb4a0a6a42b43ec9f1b27cc5cf5a6d70ae9c34d6223e113e344,127115
revision_outputs/cg_suite/E2_primary_multiseed/spatial_tile/grid_256/lightgbm/linear/split_seed_43/split_masks.npz,b323933f7c125c832058aa2565acec87c0366ed7ad0b10fe8efeb214892db378,4960
revision_outputs/cg_suite/E2_primary_multiseed/spatial_tile/grid_256/lightgbm/linear/split_seed_43/target_map.npy,1e59eb26cb015535fc837f588d10b6c675b78ad23f6259fdd0725a814f18b221,262272
revision_outputs/cg_suite/E2_primary_multiseed/spatial_tile/grid_256/lightgbm/linear/split_seed_44/binned_error.png,e6dffa2a035dcc1e8d5ffbd52bbcac6d0caf345234436fc83286a497ec30dced,35322
revision_outputs/cg_suite/E2_primary_multiseed/spatial_tile/grid_256/lightgbm/linear/split_seed_44/binned_residuals_boxplot.png,c0279a0f2c104a3d3defd8128016d1ca24423eee9524b1e3c3ae707e574436b2,55923
revision_outputs/cg_suite/E2_primary_multiseed/spatial_tile/grid_256/lightgbm/linear/split_seed_44/config_snapshot.json,a866295c1d00632fcef681b259935ca0b51841745da78c111649e8dd490427f9,1803
revision_outputs/cg_suite/E2_primary_multiseed/spatial_tile/grid_256/lightgbm/linear/split_seed_44/lightgbm_model.txt,ddd5721e467ad26694a43f74d844344ecd24fe442595c41f742cb2d78bb61629,313406
revision_outputs/cg_suite/E2_primary_multiseed/spatial_tile/grid_256/lightgbm/linear/split_seed_44/metrics.csv,23b41878f518cf55682f42c5d1cd523343685679639d66d76b63c0d8c4d2c211,446
revision_outputs/cg_suite/E2_primary_multiseed/spatial_tile/grid_256/lightgbm/linear/split_seed_44/metrics.json,6890cfd7844a5c01eb3f3180cb29c0b89265e87c71aabb46a826a5bfca2521d8,586
revision_outputs/cg_suite/E2_primary_multiseed/spatial_tile/grid_256/lightgbm/linear/split_seed_44/prediction_map.npy,80e85bf34a4b22398c7ccbe4862bd0b805dbc87aa4f5ae3a360e68df127eaf5e,262272
revision_outputs/cg_suite/E2_primary_multiseed/spatial_tile/grid_256/lightgbm/linear/split_seed_44/reference_vs_prediction.png,a2c90c0fff98a22cdd6cdce74f759eb24ef05b8816ecd5a29878088673371d6d,545176
revision_outputs/cg_suite/E2_primary_multiseed/spatial_tile/grid_256/lightgbm/linear/split_seed_44/residual_plot.png,305b7b718d123f635f3b141931aa32f66696b3afc944b131dd546e408e0e6995,37783
revision_outputs/cg_suite/E2_primary_multiseed/spatial_tile/grid_256/lightgbm/linear/split_seed_44/scatter_true_vs_pred.png,6a6a981c880884284353d118a07cf251b4b41358b2754d8c42ff1789cc17f1d7,55146
revision_outputs/cg_suite/E2_primary_multiseed/spatial_tile/grid_256/lightgbm/linear/split_seed_44/shap_force_sample0.html,cb69a1809551d3de1858e605ad9c0f389193e96edaab0b677f90dd241f8043d1,377975
revision_outputs/cg_suite/E2_primary_multiseed/spatial_tile/grid_256/lightgbm/linear/split_seed_44/shap_summary.png,8e5c88c0542e5e4126cf5a5b79d813d6557b3c5d8a2037e7a624d5cd7b0129fd,127987
revision_outputs/cg_suite/E2_primary_multiseed/spatial_tile/grid_256/lightgbm/linear/split_seed_44/split_masks.npz,dc4e472d4ff09f561e1361da6f2d4a7c3bb5470862a13b149e680a480bc8139b,5058
revision_outputs/cg_suite/E2_primary_multiseed/spatial_tile/grid_256/lightgbm/linear/split_seed_44/target_map.npy,1e59eb26cb015535fc837f588d10b6c675b78ad23f6259fdd0725a814f18b221,262272
revision_outputs/cg_suite/E2_primary_multiseed/spatial_tile/grid_256/lightgbm/linear/split_seed_45/binned_error.png,68b8ad609dd282a1b508d5f726391fa3ae7b05ff5bf99f424e6988fb5187330c,42634
revision_outputs/cg_suite/E2_primary_multiseed/spatial_tile/grid_256/lightgbm/linear/split_seed_45/binned_residuals_boxplot.png,4eef8c7c0d6bad35e07d3931a424e7e069a74cbba82d8a7296e021c899b9e799,70482
revision_outputs/cg_suite/E2_primary_multiseed/spatial_tile/grid_256/lightgbm/linear/split_seed_45/config_snapshot.json,f7d28aeb534ecb111cb941485981fbb1e10b4547815ed003463f31fa80b62290,1803
revision_outputs/cg_suite/E2_primary_multiseed/spatial_tile/grid_256/lightgbm/linear/split_seed_45/lightgbm_model.txt,4fd30c49fca3ef1783a103c9ae7854e22a8059cf60bc3715313a17250c1a3e2e,457983
revision_outputs/cg_suite/E2_primary_multiseed/spatial_tile/grid_256/lightgbm/linear/split_seed_45/metrics.csv,3b43c1f3099e2d287dcd3add9547bae7deaed775ff3529bf6ded3359a4ef5bb9,448
revision_outputs/cg_suite/E2_primary_multiseed/spatial_tile/grid_256/lightgbm/linear/split_seed_45/metrics.json,31fa85f57d13e22764a18e9f01c5967a31c36e14c2c1d1073f859be5e0ed1e02,588
revision_outputs/cg_suite/E2_primary_multiseed/spatial_tile/grid_256/lightgbm/linear/split_seed_45/prediction_map.npy,81ce53bc070cbab2427e073ec9b6e815336b8b63893cf3f46edc6a9ec0a77219,262272
revision_outputs/cg_suite/E2_primary_multiseed/spatial_tile/grid_256/lightgbm/linear/split_seed_45/reference_vs_prediction.png,430eeec983031d8f0ebaf59a3d1a47dfe28f3ee92b66992cd16a961e6662e8f9,544719
revision_outputs/cg_suite/E2_primary_multiseed/spatial_tile/grid_256/lightgbm/linear/split_seed_45/residual_plot.png,3c7e3290d39388600a50616f47fec19d731c6228e53d1aea2e29673abc9eda32,92334
revision_outputs/cg_suite/E2_primary_multiseed/spatial_tile/grid_256/lightgbm/linear/split_seed_45/scatter_true_vs_pred.png,356e5b3b938640619313a359f39d136b54dc2cdc796c41b8b4307cf0c8d20566,91937
revision_outputs/cg_suite/E2_primary_multiseed/spatial_tile/grid_256/lightgbm/linear/split_seed_45/shap_force_sample0.html,b535ecc5b9959687f6884fd055fae207b87c8e88c68eb19271d16d0ce02360b8,378265
revision_outputs/cg_suite/E2_primary_multiseed/spatial_tile/grid_256/lightgbm/linear/split_seed_45/shap_summary.png,c09e33aed99cc8bd90a357300cc44b413a3fb46739ea1bc94b52a7dab3a45c77,131597
revision_outputs/cg_suite/E2_primary_multiseed/spatial_tile/grid_256/lightgbm/linear/split_seed_45/split_masks.npz,9f4427996aac0677942e3dcb92a43587024aa3e8af163de64f4941b1377e52b0,4987
revision_outputs/cg_suite/E2_primary_multiseed/spatial_tile/grid_256/lightgbm/linear/split_seed_45/target_map.npy,1e59eb26cb015535fc837f588d10b6c675b78ad23f6259fdd0725a814f18b221,262272
revision_outputs/cg_suite/E2_primary_multiseed/spatial_tile/grid_256/lightgbm/linear/split_seed_46/binned_error.png,78122a7e3e25441c7ae20d2aaac6e47bb4d6fc856e5e5415a79ed33da2c7c31f,41584
revision_outputs/cg_suite/E2_primary_multiseed/spatial_tile/grid_256/lightgbm/linear/split_seed_46/binned_residuals_boxplot.png,0963b6e54cea03f0b4b61e888c9cec7f655e74e351214f09098bfa0bbfe48899,56665
revision_outputs/cg_suite/E2_primary_multiseed/spatial_tile/grid_256/lightgbm/linear/split_seed_46/config_snapshot.json,60a22fc3daa7e54b52f3cabd36a457e9adf96a3adc7a7fdb7c23525ff09a0bcb,1803
revision_outputs/cg_suite/E2_primary_multiseed/spatial_tile/grid_256/lightgbm/linear/split_seed_46/lightgbm_model.txt,59ce231e3a752b21582be8088256df2e4aa499ddc5b13028ea5cb645511eb439,312438
revision_outputs/cg_suite/E2_primary_multiseed/spatial_tile/grid_256/lightgbm/linear/split_seed_46/metrics.csv,dba73279528b721fa1bab639bb5644d60e60afed56fd094b6bb32eb988ee80b0,448
revision_outputs/cg_suite/E2_primary_multiseed/spatial_tile/grid_256/lightgbm/linear/split_seed_46/metrics.json,6a8194e53baeea835a5e6ba2161a5ba194ecdf6def4243b256ef6b8e840400a1,588
revision_outputs/cg_suite/E2_primary_multiseed/spatial_tile/grid_256/lightgbm/linear/split_seed_46/prediction_map.npy,351ac5df3c290913b9ea52ad75ef720c0d5a9317c41ba144547c6cd7159ae197,262272
revision_outputs/cg_suite/E2_primary_multiseed/spatial_tile/grid_256/lightgbm/linear/split_seed_46/reference_vs_prediction.png,fffb85621cd0c1c7d80a4eef63090163b6bc0b2ff95c3af2b82e5d7115e5e1bf,544723
revision_outputs/cg_suite/E2_primary_multiseed/spatial_tile/grid_256/lightgbm/linear/split_seed_46/residual_plot.png,48254395c4e4c4af2e1ead67b6e5a799c2f08e1f0c27662ddc9dcab7a8b9176c,43265
revision_outputs/cg_suite/E2_primary_multiseed/spatial_tile/grid_256/lightgbm/linear/split_seed_46/scatter_true_vs_pred.png,91072cf615739e6949901a68b3bb35f3fc0403a397267ccbd95e249b8fdc727a,63335
revision_outputs/cg_suite/E2_primary_multiseed/spatial_tile/grid_256/lightgbm/linear/split_seed_46/shap_force_sample0.html,db8ef92fc74df3b9e8db30dc55a8bb1ff56d02fdc72e4177b21058e39556dc0f,377975
revision_outputs/cg_suite/E2_primary_multiseed/spatial_tile/grid_256/lightgbm/linear/split_seed_46/shap_summary.png,2e218f1517bd186546b2d51770e04d3046d8bc1eae169999cea50cae4cf7b41a,123883
revision_outputs/cg_suite/E2_primary_multiseed/spatial_tile/grid_256/lightgbm/linear/split_seed_46/split_masks.npz,b147155d168780531b89106b8cff37420d8650cce600f3ae472a5a857fa46329,5022
revision_outputs/cg_suite/E2_primary_multiseed/spatial_tile/grid_256/lightgbm/linear/split_seed_46/target_map.npy,1e59eb26cb015535fc837f588d10b6c675b78ad23f6259fdd0725a814f18b221,262272
revision_outputs/cg_suite/E2_primary_multiseed/spatial_tile/grid_256/linear_trend/linear/split_seed_42/binned_error.png,c4c7b32ceb270fd5178a311a0ba6163e3f57b15a04c734bff3b6c9740740badb,41579
revision_outputs/cg_suite/E2_primary_multiseed/spatial_tile/grid_256/linear_trend/linear/split_seed_42/binned_residuals_boxplot.png,40031d6d13849b00a4d3face255c797d752ef604cf21e26fb02262b8cc71c064,60338
revision_outputs/cg_suite/E2_primary_multiseed/spatial_tile/grid_256/linear_trend/linear/split_seed_42/config_snapshot.json,86802cff653fafc25d0d85b848c6686e02f0f63ad37cc3e36584163062b4b854,1803
revision_outputs/cg_suite/E2_primary_multiseed/spatial_tile/grid_256/linear_trend/linear/split_seed_42/last_input_map.npy,9a48065e98df9bb0200b16e885c5e0f98373d92e1fd0195829a8f8628f9ede66,262272
revision_outputs/cg_suite/E2_primary_multiseed/spatial_tile/grid_256/linear_trend/linear/split_seed_42/metrics.csv,55bd54a81877f99cd061f609cbd9246d7509f39fe235fddc5c3e1f12f461919a,658
revision_outputs/cg_suite/E2_primary_multiseed/spatial_tile/grid_256/linear_trend/linear/split_seed_42/metrics.json,1b83b54ec5c3259ac794e7c5682a33045459d80dd02c8574ac60eff5ce8c0825,849
revision_outputs/cg_suite/E2_primary_multiseed/spatial_tile/grid_256/linear_trend/linear/split_seed_42/prediction_map.npy,d00c224ce233eff213bc85251b716fa8c4b2424d8882c73dee8aca3b0dbaeab9,262272
revision_outputs/cg_suite/E2_primary_multiseed/spatial_tile/grid_256/linear_trend/linear/split_seed_42/reference_vs_prediction.png,af7d498a5356a3880490b34c4dbf532aa1f49d38cf9614e036fa5acc5d153739,545800
revision_outputs/cg_suite/E2_primary_multiseed/spatial_tile/grid_256/linear_trend/linear/split_seed_42/residual_plot.png,3ebf63a6ab51520b73f593d722a657ca11bcfe12a30b6a2f35bbc2c1bffd925f,67290
revision_outputs/cg_suite/E2_primary_multiseed/spatial_tile/grid_256/linear_trend/linear/split_seed_42/scatter_true_vs_pred.png,caf98460880bb290f7ee817fa90925ae63ab524f514b85d4f45ca3faa1b7af9b,63293
revision_outputs/cg_suite/E2_primary_multiseed/spatial_tile/grid_256/linear_trend/linear/split_seed_42/split_masks.npz,aa87bd7754c73033f6fbca318704cb344d8f8307fb9362cf868f12dc9d85a42e,5093
revision_outputs/cg_suite/E2_primary_multiseed/spatial_tile/grid_256/linear_trend/linear/split_seed_42/target_map.npy,1e59eb26cb015535fc837f588d10b6c675b78ad23f6259fdd0725a814f18b221,262272
revision_outputs/cg_suite/E2_primary_multiseed/spatial_tile/grid_256/linear_trend/linear/split_seed_43/binned_error.png,550c712b46dd851db94e9d7b75565f415ad2c1fd0e3c720d6ba123a9c6e256e0,50972
revision_outputs/cg_suite/E2_primary_multiseed/spatial_tile/grid_256/linear_trend/linear/split_seed_43/binned_residuals_boxplot.png,f01c3030f08ac20d283a4b51499a6ba79db0cd2833e5028c19f05ad5e9685515,60119
revision_outputs/cg_suite/E2_primary_multiseed/spatial_tile/grid_256/linear_trend/linear/split_seed_43/config_snapshot.json,464700166aec473ceb72c9b3ad553b2a9ae7260ae7ec8c7f3d03e6c7208d8b2f,1803
revision_outputs/cg_suite/E2_primary_multiseed/spatial_tile/grid_256/linear_trend/linear/split_seed_43/last_input_map.npy,9a48065e98df9bb0200b16e885c5e0f98373d92e1fd0195829a8f8628f9ede66,262272
revision_outputs/cg_suite/E2_primary_multiseed/spatial_tile/grid_256/linear_trend/linear/split_seed_43/metrics.csv,3eda6ca85373bd5f51cf0493cc0325209e36beadafb5969206851cd4fa89a401,658
revision_outputs/cg_suite/E2_primary_multiseed/spatial_tile/grid_256/linear_trend/linear/split_seed_43/metrics.json,cb03b73359c61b6c01aa92aeeca8f381cb77ab076c13f3bb2709d8cf6461ba8b,849
revision_outputs/cg_suite/E2_primary_multiseed/spatial_tile/grid_256/linear_trend/linear/split_seed_43/prediction_map.npy,d00c224ce233eff213bc85251b716fa8c4b2424d8882c73dee8aca3b0dbaeab9,262272
revision_outputs/cg_suite/E2_primary_multiseed/spatial_tile/grid_256/linear_trend/linear/split_seed_43/reference_vs_prediction.png,af7d498a5356a3880490b34c4dbf532aa1f49d38cf9614e036fa5acc5d153739,545800
revision_outputs/cg_suite/E2_primary_multiseed/spatial_tile/grid_256/linear_trend/linear/split_seed_43/residual_plot.png,4d703fe878de22394092a2d51ebb9953bd6e0d3467958e95e019fa0e58e63f3a,62320
revision_outputs/cg_suite/E2_primary_multiseed/spatial_tile/grid_256/linear_trend/linear/split_seed_43/scatter_true_vs_pred.png,cd41b0e317e4fb584ff44a812a50f910cb1187231c6110dcd1ac2c59db6c7271,59276
revision_outputs/cg_suite/E2_primary_multiseed/spatial_tile/grid_256/linear_trend/linear/split_seed_43/split_masks.npz,b323933f7c125c832058aa2565acec87c0366ed7ad0b10fe8efeb214892db378,4960
revision_outputs/cg_suite/E2_primary_multiseed/spatial_tile/grid_256/linear_trend/linear/split_seed_43/target_map.npy,1e59eb26cb015535fc837f588d10b6c675b78ad23f6259fdd0725a814f18b221,262272
revision_outputs/cg_suite/E2_primary_multiseed/spatial_tile/grid_256/linear_trend/linear/split_seed_44/binned_error.png,e48ab5938185ff07311a11755fb165a078a3b732032610c0cb83a5ab9fd6fa8d,51749
revision_outputs/cg_suite/E2_primary_multiseed/spatial_tile/grid_256/linear_trend/linear/split_seed_44/binned_residuals_boxplot.png,e3a550e2c4ff2c0e8ca9903dad9326930748a497276096d8d6f422cf5fd6f8d5,58213
revision_outputs/cg_suite/E2_primary_multiseed/spatial_tile/grid_256/linear_trend/linear/split_seed_44/config_snapshot.json,a866295c1d00632fcef681b259935ca0b51841745da78c111649e8dd490427f9,1803
revision_outputs/cg_suite/E2_primary_multiseed/spatial_tile/grid_256/linear_trend/linear/split_seed_44/last_input_map.npy,9a48065e98df9bb0200b16e885c5e0f98373d92e1fd0195829a8f8628f9ede66,262272
revision_outputs/cg_suite/E2_primary_multiseed/spatial_tile/grid_256/linear_trend/linear/split_seed_44/metrics.csv,3fccaf72c859d5ef8a217a073323f707b1b2b30efa660a9011e4e1e020a6c255,657
revision_outputs/cg_suite/E2_primary_multiseed/spatial_tile/grid_256/linear_trend/linear/split_seed_44/metrics.json,8e30a7d570873005b3ab1d5202d6bbf38be427f0c1a6545515e10706915ed97a,848
revision_outputs/cg_suite/E2_primary_multiseed/spatial_tile/grid_256/linear_trend/linear/split_seed_44/prediction_map.npy,d00c224ce233eff213bc85251b716fa8c4b2424d8882c73dee8aca3b0dbaeab9,262272
revision_outputs/cg_suite/E2_primary_multiseed/spatial_tile/grid_256/linear_trend/linear/split_seed_44/reference_vs_prediction.png,af7d498a5356a3880490b34c4dbf532aa1f49d38cf9614e036fa5acc5d153739,545800
revision_outputs/cg_suite/E2_primary_multiseed/spatial_tile/grid_256/linear_trend/linear/split_seed_44/residual_plot.png,b1f63a28e0e3328f01bd44b04dd82bdc0d002e2cc9d6a2f99a982a357a59d7b6,60288
revision_outputs/cg_suite/E2_primary_multiseed/spatial_tile/grid_256/linear_trend/linear/split_seed_44/scatter_true_vs_pred.png,2a02e498a31a25b3f106aa3b5c9bcdffe0ef69985d6438c85540b9b362651383,58474
revision_outputs/cg_suite/E2_primary_multiseed/spatial_tile/grid_256/linear_trend/linear/split_seed_44/split_masks.npz,dc4e472d4ff09f561e1361da6f2d4a7c3bb5470862a13b149e680a480bc8139b,5058
revision_outputs/cg_suite/E2_primary_multiseed/spatial_tile/grid_256/linear_trend/linear/split_seed_44/target_map.npy,1e59eb26cb015535fc837f588d10b6c675b78ad23f6259fdd0725a814f18b221,262272
revision_outputs/cg_suite/E2_primary_multiseed/spatial_tile/grid_256/linear_trend/linear/split_seed_45/binned_error.png,615139c5f05aee2e58531a1a052747051e26f35bc5073c5fb8a5b4e2ee5d5e8a,44559
revision_outputs/cg_suite/E2_primary_multiseed/spatial_tile/grid_256/linear_trend/linear/split_seed_45/binned_residuals_boxplot.png,4432efdb9aa1756942a778a6e5ade3a3f44631c4e246b99f9ce0364da1f709af,61934
revision_outputs/cg_suite/E2_primary_multiseed/spatial_tile/grid_256/linear_trend/linear/split_seed_45/config_snapshot.json,f7d28aeb534ecb111cb941485981fbb1e10b4547815ed003463f31fa80b62290,1803
revision_outputs/cg_suite/E2_primary_multiseed/spatial_tile/grid_256/linear_trend/linear/split_seed_45/last_input_map.npy,9a48065e98df9bb0200b16e885c5e0f98373d92e1fd0195829a8f8628f9ede66,262272
revision_outputs/cg_suite/E2_primary_multiseed/spatial_tile/grid_256/linear_trend/linear/split_seed_45/metrics.csv,5b354929b7e81124e4715ec014f5eae1b870d52f967570a323d74e013017532f,658
revision_outputs/cg_suite/E2_primary_multiseed/spatial_tile/grid_256/linear_trend/linear/split_seed_45/metrics.json,305cfe08a418e1b82945d11094196aa1d96eb2ed0624493d492b1d2d7b3c5fd9,849
revision_outputs/cg_suite/E2_primary_multiseed/spatial_tile/grid_256/linear_trend/linear/split_seed_45/prediction_map.npy,d00c224ce233eff213bc85251b716fa8c4b2424d8882c73dee8aca3b0dbaeab9,262272
revision_outputs/cg_suite/E2_primary_multiseed/spatial_tile/grid_256/linear_trend/linear/split_seed_45/reference_vs_prediction.png,af7d498a5356a3880490b34c4dbf532aa1f49d38cf9614e036fa5acc5d153739,545800
revision_outputs/cg_suite/E2_primary_multiseed/spatial_tile/grid_256/linear_trend/linear/split_seed_45/residual_plot.png,611045c7ee50ac09b94315e63908e8b35cda733282975f65af2a1c61d09840dd,92356
revision_outputs/cg_suite/E2_primary_multiseed/spatial_tile/grid_256/linear_trend/linear/split_seed_45/scatter_true_vs_pred.png,f262c10ebb7c666fc0af59e25f553240ebcde87182b928dc205b67e414675d46,98152
revision_outputs/cg_suite/E2_primary_multiseed/spatial_tile/grid_256/linear_trend/linear/split_seed_45/split_masks.npz,9f4427996aac0677942e3dcb92a43587024aa3e8af163de64f4941b1377e52b0,4987
revision_outputs/cg_suite/E2_primary_multiseed/spatial_tile/grid_256/linear_trend/linear/split_seed_45/target_map.npy,1e59eb26cb015535fc837f588d10b6c675b78ad23f6259fdd0725a814f18b221,262272
revision_outputs/cg_suite/E2_primary_multiseed/spatial_tile/grid_256/linear_trend/linear/split_seed_46/binned_error.png,5b7c187ddd4f80272df583e7f5dd209dc76eb6c2aa47e2e91d3ab375af878ba4,37535
revision_outputs/cg_suite/E2_primary_multiseed/spatial_tile/grid_256/linear_trend/linear/split_seed_46/binned_residuals_boxplot.png,7ba5337e9129bfe10478597e0168a2282bb5a1b051cca4c497ba6d08a90a992d,58434
revision_outputs/cg_suite/E2_primary_multiseed/spatial_tile/grid_256/linear_trend/linear/split_seed_46/config_snapshot.json,60a22fc3daa7e54b52f3cabd36a457e9adf96a3adc7a7fdb7c23525ff09a0bcb,1803
revision_outputs/cg_suite/E2_primary_multiseed/spatial_tile/grid_256/linear_trend/linear/split_seed_46/last_input_map.npy,9a48065e98df9bb0200b16e885c5e0f98373d92e1fd0195829a8f8628f9ede66,262272
revision_outputs/cg_suite/E2_primary_multiseed/spatial_tile/grid_256/linear_trend/linear/split_seed_46/metrics.csv,2c2109acc43913735d3927a235f94a4f3a723f4874107e5ecbc0cb335c187544,657
revision_outputs/cg_suite/E2_primary_multiseed/spatial_tile/grid_256/linear_trend/linear/split_seed_46/metrics.json,f2b74fe1f95dbdbf4eab8b9bfef6a0093c4fedd464ab1b80f95fa445e957d944,848
revision_outputs/cg_suite/E2_primary_multiseed/spatial_tile/grid_256/linear_trend/linear/split_seed_46/prediction_map.npy,d00c224ce233eff213bc85251b716fa8c4b2424d8882c73dee8aca3b0dbaeab9,262272
revision_outputs/cg_suite/E2_primary_multiseed/spatial_tile/grid_256/linear_trend/linear/split_seed_46/reference_vs_prediction.png,af7d498a5356a3880490b34c4dbf532aa1f49d38cf9614e036fa5acc5d153739,545800
revision_outputs/cg_suite/E2_primary_multiseed/spatial_tile/grid_256/linear_trend/linear/split_seed_46/residual_plot.png,f497224602a44481c8b21ff632302a363ba4413d92ecdd3aeff6dc7c7566b64c,67466
revision_outputs/cg_suite/E2_primary_multiseed/spatial_tile/grid_256/linear_trend/linear/split_seed_46/scatter_true_vs_pred.png,7cd78ca1e8e196166e5b385b0d0201cdac5f4ef7a66ded1dad4687ef7f8edea5,67825
revision_outputs/cg_suite/E2_primary_multiseed/spatial_tile/grid_256/linear_trend/linear/split_seed_46/split_masks.npz,b147155d168780531b89106b8cff37420d8650cce600f3ae472a5a857fa46329,5022
revision_outputs/cg_suite/E2_primary_multiseed/spatial_tile/grid_256/linear_trend/linear/split_seed_46/target_map.npy,1e59eb26cb015535fc837f588d10b6c675b78ad23f6259fdd0725a814f18b221,262272
revision_outputs/cg_suite/E2_primary_multiseed/spatial_tile/grid_256/paired_model_stats.json,3997273ba44116e7a471f81e5fc157c64bd6854b5e3e19819a14b0a64bd62f06,660
revision_outputs/cg_suite/E2_primary_multiseed/spatial_tile/grid_256/persistence/linear/split_seed_42/binned_error.png,d1d73c38a3602462e43ac360147004f111b702dcfb8bcf394ab91adcf1df9a30,40164
revision_outputs/cg_suite/E2_primary_multiseed/spatial_tile/grid_256/persistence/linear/split_seed_42/binned_residuals_boxplot.png,ed8be98a5b17a6d326b24f78a62819a70cc4d1134f18bb1465d521bb83ac7dcf,64835
revision_outputs/cg_suite/E2_primary_multiseed/spatial_tile/grid_256/persistence/linear/split_seed_42/config_snapshot.json,86802cff653fafc25d0d85b848c6686e02f0f63ad37cc3e36584163062b4b854,1803
revision_outputs/cg_suite/E2_primary_multiseed/spatial_tile/grid_256/persistence/linear/split_seed_42/last_input_map.npy,9a48065e98df9bb0200b16e885c5e0f98373d92e1fd0195829a8f8628f9ede66,262272
revision_outputs/cg_suite/E2_primary_multiseed/spatial_tile/grid_256/persistence/linear/split_seed_42/metrics.csv,78b572e3072666bde321fe006eead2da24d49790a951c0c35d9dda04c2812d16,661
revision_outputs/cg_suite/E2_primary_multiseed/spatial_tile/grid_256/persistence/linear/split_seed_42/metrics.json,c845bb63853493d490d95e89d5125d17bd73aad4fe592a7acc413178a478f2bc,852
revision_outputs/cg_suite/E2_primary_multiseed/spatial_tile/grid_256/persistence/linear/split_seed_42/prediction_map.npy,9a48065e98df9bb0200b16e885c5e0f98373d92e1fd0195829a8f8628f9ede66,262272
revision_outputs/cg_suite/E2_primary_multiseed/spatial_tile/grid_256/persistence/linear/split_seed_42/reference_vs_prediction.png,655c71542f32f8fbecaaed5019b060889b9e4791ba096308aa4da30c0492bcc0,551789
revision_outputs/cg_suite/E2_primary_multiseed/spatial_tile/grid_256/persistence/linear/split_seed_42/residual_plot.png,f36f0a87564f0de511f66b832c81fdc81da87981cba98919fe75a75a12901718,63224
revision_outputs/cg_suite/E2_primary_multiseed/spatial_tile/grid_256/persistence/linear/split_seed_42/scatter_true_vs_pred.png,03b16b52c8da5a48ac087bc6ee0df6bebb5364b8416584b65faa16d647497e41,59420
revision_outputs/cg_suite/E2_primary_multiseed/spatial_tile/grid_256/persistence/linear/split_seed_42/split_masks.npz,aa87bd7754c73033f6fbca318704cb344d8f8307fb9362cf868f12dc9d85a42e,5093
revision_outputs/cg_suite/E2_primary_multiseed/spatial_tile/grid_256/persistence/linear/split_seed_42/target_map.npy,1e59eb26cb015535fc837f588d10b6c675b78ad23f6259fdd0725a814f18b221,262272
revision_outputs/cg_suite/E2_primary_multiseed/spatial_tile/grid_256/persistence/linear/split_seed_43/binned_error.png,31800e96bf83f843cf2925d7826770e876656a1d712a0683f78df527a915c135,46515
revision_outputs/cg_suite/E2_primary_multiseed/spatial_tile/grid_256/persistence/linear/split_seed_43/binned_residuals_boxplot.png,d13c12e2552788ae987a44c56f00bcc4f3dc7d12601395e07eae7b6ecb01acaf,61498
revision_outputs/cg_suite/E2_primary_multiseed/spatial_tile/grid_256/persistence/linear/split_seed_43/config_snapshot.json,464700166aec473ceb72c9b3ad553b2a9ae7260ae7ec8c7f3d03e6c7208d8b2f,1803
revision_outputs/cg_suite/E2_primary_multiseed/spatial_tile/grid_256/persistence/linear/split_seed_43/last_input_map.npy,9a48065e98df9bb0200b16e885c5e0f98373d92e1fd0195829a8f8628f9ede66,262272
revision_outputs/cg_suite/E2_primary_multiseed/spatial_tile/grid_256/persistence/linear/split_seed_43/metrics.csv,bc7f6cedc1cf717b27410c9be7110f7be7e20bf75d0119c15508c613a26892b4,659
revision_outputs/cg_suite/E2_primary_multiseed/spatial_tile/grid_256/persistence/linear/split_seed_43/metrics.json,52f5e80a90377eebd8663707eff4c4e134646d4055e30b5ba770ab17b96bec5f,850
revision_outputs/cg_suite/E2_primary_multiseed/spatial_tile/grid_256/persistence/linear/split_seed_43/prediction_map.npy,9a48065e98df9bb0200b16e885c5e0f98373d92e1fd0195829a8f8628f9ede66,262272
revision_outputs/cg_suite/E2_primary_multiseed/spatial_tile/grid_256/persistence/linear/split_seed_43/reference_vs_prediction.png,655c71542f32f8fbecaaed5019b060889b9e4791ba096308aa4da30c0492bcc0,551789
revision_outputs/cg_suite/E2_primary_multiseed/spatial_tile/grid_256/persistence/linear/split_seed_43/residual_plot.png,730ca979c3a942991f715f54a906f56799aec5cb89112724fd498e79594cd11a,58097
revision_outputs/cg_suite/E2_primary_multiseed/spatial_tile/grid_256/persistence/linear/split_seed_43/scatter_true_vs_pred.png,fc1b90db5e60428c771b5e30a0d6a53d38bde2bc5846e9cab87f44ff573c7280,57675
revision_outputs/cg_suite/E2_primary_multiseed/spatial_tile/grid_256/persistence/linear/split_seed_43/split_masks.npz,b323933f7c125c832058aa2565acec87c0366ed7ad0b10fe8efeb214892db378,4960
revision_outputs/cg_suite/E2_primary_multiseed/spatial_tile/grid_256/persistence/linear/split_seed_43/target_map.npy,1e59eb26cb015535fc837f588d10b6c675b78ad23f6259fdd0725a814f18b221,262272
revision_outputs/cg_suite/E2_primary_multiseed/spatial_tile/grid_256/persistence/linear/split_seed_44/binned_error.png,92d960c3803cf518aa90f2f6dcd2623680d072af7248db094d81b2dd0f809235,45506
revision_outputs/cg_suite/E2_primary_multiseed/spatial_tile/grid_256/persistence/linear/split_seed_44/binned_residuals_boxplot.png,745bf70067f868c5518872e6239b0221e8819c87cba0540027bb3459fb6bae6f,69257
revision_outputs/cg_suite/E2_primary_multiseed/spatial_tile/grid_256/persistence/linear/split_seed_44/config_snapshot.json,a866295c1d00632fcef681b259935ca0b51841745da78c111649e8dd490427f9,1803
revision_outputs/cg_suite/E2_primary_multiseed/spatial_tile/grid_256/persistence/linear/split_seed_44/last_input_map.npy,9a48065e98df9bb0200b16e885c5e0f98373d92e1fd0195829a8f8628f9ede66,262272
revision_outputs/cg_suite/E2_primary_multiseed/spatial_tile/grid_256/persistence/linear/split_seed_44/metrics.csv,aa9eb6cbaa3ad9358fcf994945c73e9ffc6c7cb57bcb1cc2bd46a23ee79c6afb,660
revision_outputs/cg_suite/E2_primary_multiseed/spatial_tile/grid_256/persistence/linear/split_seed_44/metrics.json,17f5f1f0e008603dbf3ef2de917d8870a8ee6a60a47f4fd3bf3aa6f60bdefc6c,851
revision_outputs/cg_suite/E2_primary_multiseed/spatial_tile/grid_256/persistence/linear/split_seed_44/prediction_map.npy,9a48065e98df9bb0200b16e885c5e0f98373d92e1fd0195829a8f8628f9ede66,262272
revision_outputs/cg_suite/E2_primary_multiseed/spatial_tile/grid_256/persistence/linear/split_seed_44/reference_vs_prediction.png,655c71542f32f8fbecaaed5019b060889b9e4791ba096308aa4da30c0492bcc0,551789
revision_outputs/cg_suite/E2_primary_multiseed/spatial_tile/grid_256/persistence/linear/split_seed_44/residual_plot.png,7c2e1a036c5abab4b43badc9f88ee9eb24432dbd7281efa9f202fb5b595921b5,63532
revision_outputs/cg_suite/E2_primary_multiseed/spatial_tile/grid_256/persistence/linear/split_seed_44/scatter_true_vs_pred.png,2d4a19bb231bfc44a082a9277718832a683a043105969c7684156cb0498472ae,55722
revision_outputs/cg_suite/E2_primary_multiseed/spatial_tile/grid_256/persistence/linear/split_seed_44/split_masks.npz,dc4e472d4ff09f561e1361da6f2d4a7c3bb5470862a13b149e680a480bc8139b,5058
revision_outputs/cg_suite/E2_primary_multiseed/spatial_tile/grid_256/persistence/linear/split_seed_44/target_map.npy,1e59eb26cb015535fc837f588d10b6c675b78ad23f6259fdd0725a814f18b221,262272
revision_outputs/cg_suite/E2_primary_multiseed/spatial_tile/grid_256/persistence/linear/split_seed_45/binned_error.png,1776a65c40dff18b9e54e6dcb3053c17841de4c26dee2da1e2d3d3e2d831b76e,37417
revision_outputs/cg_suite/E2_primary_multiseed/spatial_tile/grid_256/persistence/linear/split_seed_45/binned_residuals_boxplot.png,9e37ed28963f9bf6f49bb1a0e53b1012abb72a42dba5bd60ff0695150c2b6ef7,64519
revision_outputs/cg_suite/E2_primary_multiseed/spatial_tile/grid_256/persistence/linear/split_seed_45/config_snapshot.json,f7d28aeb534ecb111cb941485981fbb1e10b4547815ed003463f31fa80b62290,1803
revision_outputs/cg_suite/E2_primary_multiseed/spatial_tile/grid_256/persistence/linear/split_seed_45/last_input_map.npy,9a48065e98df9bb0200b16e885c5e0f98373d92e1fd0195829a8f8628f9ede66,262272
revision_outputs/cg_suite/E2_primary_multiseed/spatial_tile/grid_256/persistence/linear/split_seed_45/metrics.csv,371c2fd547a08e75760cccaa42dbdc18bfd03fb101cb4da55df09fb558f87cb8,661
revision_outputs/cg_suite/E2_primary_multiseed/spatial_tile/grid_256/persistence/linear/split_seed_45/metrics.json,69ce6e4b32de4c875435f0151bc4be026d1633e9e4d653b12f9be06357020d59,852
revision_outputs/cg_suite/E2_primary_multiseed/spatial_tile/grid_256/persistence/linear/split_seed_45/prediction_map.npy,9a48065e98df9bb0200b16e885c5e0f98373d92e1fd0195829a8f8628f9ede66,262272
revision_outputs/cg_suite/E2_primary_multiseed/spatial_tile/grid_256/persistence/linear/split_seed_45/reference_vs_prediction.png,655c71542f32f8fbecaaed5019b060889b9e4791ba096308aa4da30c0492bcc0,551789
revision_outputs/cg_suite/E2_primary_multiseed/spatial_tile/grid_256/persistence/linear/split_seed_45/residual_plot.png,3f3736dcdd1c0c39c6e81b56a910665f30ae243678e47d202a5dec583a44e9fc,85550
revision_outputs/cg_suite/E2_primary_multiseed/spatial_tile/grid_256/persistence/linear/split_seed_45/scatter_true_vs_pred.png,f24f38d7f3d8230710b04ee6af80ac339fd9a7df845129849cb9b992836c5c83,94024
revision_outputs/cg_suite/E2_primary_multiseed/spatial_tile/grid_256/persistence/linear/split_seed_45/split_masks.npz,9f4427996aac0677942e3dcb92a43587024aa3e8af163de64f4941b1377e52b0,4987
revision_outputs/cg_suite/E2_primary_multiseed/spatial_tile/grid_256/persistence/linear/split_seed_45/target_map.npy,1e59eb26cb015535fc837f588d10b6c675b78ad23f6259fdd0725a814f18b221,262272
revision_outputs/cg_suite/E2_primary_multiseed/spatial_tile/grid_256/persistence/linear/split_seed_46/binned_error.png,3e9b22b93738cde0704cc7a43303ad95f1c7857ccf819481786752fedb23f248,36205
revision_outputs/cg_suite/E2_primary_multiseed/spatial_tile/grid_256/persistence/linear/split_seed_46/binned_residuals_boxplot.png,e598e520cb393a8130d97ed05a0f849ae24f276fc01400307e1e89db2469c14f,63173
revision_outputs/cg_suite/E2_primary_multiseed/spatial_tile/grid_256/persistence/linear/split_seed_46/config_snapshot.json,60a22fc3daa7e54b52f3cabd36a457e9adf96a3adc7a7fdb7c23525ff09a0bcb,1803
revision_outputs/cg_suite/E2_primary_multiseed/spatial_tile/grid_256/persistence/linear/split_seed_46/last_input_map.npy,9a48065e98df9bb0200b16e885c5e0f98373d92e1fd0195829a8f8628f9ede66,262272
revision_outputs/cg_suite/E2_primary_multiseed/spatial_tile/grid_256/persistence/linear/split_seed_46/metrics.csv,713fcb69f23770008720e07489c6a44e88f06f9583c8e03a563c403ab82a30a1,659
revision_outputs/cg_suite/E2_primary_multiseed/spatial_tile/grid_256/persistence/linear/split_seed_46/metrics.json,840b893663a08e257cb7bb9f8f84683258c1512d0401f131ac1f187276d78a3e,850
revision_outputs/cg_suite/E2_primary_multiseed/spatial_tile/grid_256/persistence/linear/split_seed_46/prediction_map.npy,9a48065e98df9bb0200b16e885c5e0f98373d92e1fd0195829a8f8628f9ede66,262272
revision_outputs/cg_suite/E2_primary_multiseed/spatial_tile/grid_256/persistence/linear/split_seed_46/reference_vs_prediction.png,655c71542f32f8fbecaaed5019b060889b9e4791ba096308aa4da30c0492bcc0,551789
revision_outputs/cg_suite/E2_primary_multiseed/spatial_tile/grid_256/persistence/linear/split_seed_46/residual_plot.png,a00c1b93e089154c0e576ba39b977f65715128017293febc567b0508232ce886,63384
revision_outputs/cg_suite/E2_primary_multiseed/spatial_tile/grid_256/persistence/linear/split_seed_46/scatter_true_vs_pred.png,54b2674fb745e647dd61daaa2a5835f8ab851c3837ad55d72ef682d5db194581,63373
revision_outputs/cg_suite/E2_primary_multiseed/spatial_tile/grid_256/persistence/linear/split_seed_46/split_masks.npz,b147155d168780531b89106b8cff37420d8650cce600f3ae472a5a857fa46329,5022
revision_outputs/cg_suite/E2_primary_multiseed/spatial_tile/grid_256/persistence/linear/split_seed_46/target_map.npy,1e59eb26cb015535fc837f588d10b6c675b78ad23f6259fdd0725a814f18b221,262272
revision_outputs/cg_suite/E2_primary_multiseed/spatial_tile/grid_256/primary_multiseed_summary.csv,f4203c5fe936e28c1b142647bb310302a83b7173c6fa526ad5bc068e61413526,1831
revision_outputs/cg_suite/E2_primary_multiseed/spatial_tile/grid_256/random_forest/linear/split_seed_42/binned_error.png,fd161b5842bbf0a4f86695a53d7bf85ed7769688dcee9263808d1df8c14dbbf4,40148
revision_outputs/cg_suite/E2_primary_multiseed/spatial_tile/grid_256/random_forest/linear/split_seed_42/binned_residuals_boxplot.png,64bcf64d4537a808572b176dd3a081e571a1f3c9530461ca895288f8ea4ee7fe,60951
revision_outputs/cg_suite/E2_primary_multiseed/spatial_tile/grid_256/random_forest/linear/split_seed_42/config_snapshot.json,86802cff653fafc25d0d85b848c6686e02f0f63ad37cc3e36584163062b4b854,1803
revision_outputs/cg_suite/E2_primary_multiseed/spatial_tile/grid_256/random_forest/linear/split_seed_42/last_input_map.npy,9a48065e98df9bb0200b16e885c5e0f98373d92e1fd0195829a8f8628f9ede66,262272
revision_outputs/cg_suite/E2_primary_multiseed/spatial_tile/grid_256/random_forest/linear/split_seed_42/metrics.csv,1dbb16a07a16e2ae2a03650816ee2a667227093b7430e23e9a663e0bb413dcd1,646
revision_outputs/cg_suite/E2_primary_multiseed/spatial_tile/grid_256/random_forest/linear/split_seed_42/metrics.json,681c70bb698fd429d6587acebbca969ec028238a6e4538bd8f0fb92538b60d2e,837
revision_outputs/cg_suite/E2_primary_multiseed/spatial_tile/grid_256/random_forest/linear/split_seed_42/prediction_map.npy,d45594fe8e25b24a72f0cd233c0dda2ffd01c9cd0abae5561ee192eb4d954ec0,262272
revision_outputs/cg_suite/E2_primary_multiseed/spatial_tile/grid_256/random_forest/linear/split_seed_42/reference_vs_prediction.png,dcb0215e2381309171944d84d11c0f863e3cfd978176462ca4e9b181a1bfd20b,529985
revision_outputs/cg_suite/E2_primary_multiseed/spatial_tile/grid_256/random_forest/linear/split_seed_42/residual_plot.png,77758e0f2eadc597111618d6d51604097158f509d8691748ce8e25b6ee2d283c,58331
revision_outputs/cg_suite/E2_primary_multiseed/spatial_tile/grid_256/random_forest/linear/split_seed_42/scatter_true_vs_pred.png,6a9691fd7e0b56757531f64ac9bd9029ca6f296419b5359b825c752a3f36fb6c,59411
revision_outputs/cg_suite/E2_primary_multiseed/spatial_tile/grid_256/random_forest/linear/split_seed_42/split_masks.npz,aa87bd7754c73033f6fbca318704cb344d8f8307fb9362cf868f12dc9d85a42e,5093
revision_outputs/cg_suite/E2_primary_multiseed/spatial_tile/grid_256/random_forest/linear/split_seed_42/target_map.npy,1e59eb26cb015535fc837f588d10b6c675b78ad23f6259fdd0725a814f18b221,262272
revision_outputs/cg_suite/E2_primary_multiseed/spatial_tile/grid_256/random_forest/linear/split_seed_43/binned_error.png,08b3d9a2e581f287a8f66783b4293046338e5a6af288216aa5a6aee8d4cf1acc,33098
revision_outputs/cg_suite/E2_primary_multiseed/spatial_tile/grid_256/random_forest/linear/split_seed_43/binned_residuals_boxplot.png,5e553eb52324c06d026327cc541903eb459150cd6fc84caeec6c2ee57ce623f1,59839
revision_outputs/cg_suite/E2_primary_multiseed/spatial_tile/grid_256/random_forest/linear/split_seed_43/config_snapshot.json,464700166aec473ceb72c9b3ad553b2a9ae7260ae7ec8c7f3d03e6c7208d8b2f,1803
revision_outputs/cg_suite/E2_primary_multiseed/spatial_tile/grid_256/random_forest/linear/split_seed_43/last_input_map.npy,9a48065e98df9bb0200b16e885c5e0f98373d92e1fd0195829a8f8628f9ede66,262272
revision_outputs/cg_suite/E2_primary_multiseed/spatial_tile/grid_256/random_forest/linear/split_seed_43/metrics.csv,9575d7d013cd778e3b53cac2e244813fbac6b42d0b6ad714c7737b8fca562f99,649
revision_outputs/cg_suite/E2_primary_multiseed/spatial_tile/grid_256/random_forest/linear/split_seed_43/metrics.json,acc6828cfae9b5091d997b90f0d86252b39f2a6fa98491d87ef1b67bface8c03,840
revision_outputs/cg_suite/E2_primary_multiseed/spatial_tile/grid_256/random_forest/linear/split_seed_43/prediction_map.npy,f07afcd9399b203ca351ae72b375173c6b162d059a22cc4999bbaee75b101b46,262272
revision_outputs/cg_suite/E2_primary_multiseed/spatial_tile/grid_256/random_forest/linear/split_seed_43/reference_vs_prediction.png,dce44d678d2bbd16fdc73fcd68d2dfad881840ba2ca04272523f4afb9f592f93,530060
revision_outputs/cg_suite/E2_primary_multiseed/spatial_tile/grid_256/random_forest/linear/split_seed_43/residual_plot.png,b833964fd2fce98cb583160e8914d04ee0907de6e9e4fda7dda7f7bd6d001ca0,43392
revision_outputs/cg_suite/E2_primary_multiseed/spatial_tile/grid_256/random_forest/linear/split_seed_43/scatter_true_vs_pred.png,025b8f3160bf28dd1ae1ef75df636edd1429d599f17e7219375e1fb32d3f8415,55768
revision_outputs/cg_suite/E2_primary_multiseed/spatial_tile/grid_256/random_forest/linear/split_seed_43/split_masks.npz,b323933f7c125c832058aa2565acec87c0366ed7ad0b10fe8efeb214892db378,4960
revision_outputs/cg_suite/E2_primary_multiseed/spatial_tile/grid_256/random_forest/linear/split_seed_43/target_map.npy,1e59eb26cb015535fc837f588d10b6c675b78ad23f6259fdd0725a814f18b221,262272
revision_outputs/cg_suite/E2_primary_multiseed/spatial_tile/grid_256/random_forest/linear/split_seed_44/binned_error.png,d25445f9710bc21c861df65fe2e9fe8f386f05d5c850620ffda4449a37836613,35002
revision_outputs/cg_suite/E2_primary_multiseed/spatial_tile/grid_256/random_forest/linear/split_seed_44/binned_residuals_boxplot.png,c3a3269480fd6ef146d0f16a6dccc874b70ec36298d9793efbc7322a18efcbc1,59153
revision_outputs/cg_suite/E2_primary_multiseed/spatial_tile/grid_256/random_forest/linear/split_seed_44/config_snapshot.json,a866295c1d00632fcef681b259935ca0b51841745da78c111649e8dd490427f9,1803
revision_outputs/cg_suite/E2_primary_multiseed/spatial_tile/grid_256/random_forest/linear/split_seed_44/last_input_map.npy,9a48065e98df9bb0200b16e885c5e0f98373d92e1fd0195829a8f8628f9ede66,262272
revision_outputs/cg_suite/E2_primary_multiseed/spatial_tile/grid_256/random_forest/linear/split_seed_44/metrics.csv,4713cd28822a4a7fea8553690bef669a0c172487c856c2dd6472973d2a1111ae,651
revision_outputs/cg_suite/E2_primary_multiseed/spatial_tile/grid_256/random_forest/linear/split_seed_44/metrics.json,973add5eaefe5260ca03fb99c6e50a06d20f0ed6c92bcbbc3c86d5d915984031,842
revision_outputs/cg_suite/E2_primary_multiseed/spatial_tile/grid_256/random_forest/linear/split_seed_44/prediction_map.npy,1c6f97bec361b73919995f3d25fb9f6e7b630bc50c3687a16d95f81d0eee8524,262272
revision_outputs/cg_suite/E2_primary_multiseed/spatial_tile/grid_256/random_forest/linear/split_seed_44/reference_vs_prediction.png,9a54202cc8d4eafead814bdbbf943f1e5b367b465b0b583102ddaa2e4ce09e83,530554
revision_outputs/cg_suite/E2_primary_multiseed/spatial_tile/grid_256/random_forest/linear/split_seed_44/residual_plot.png,74804d820c1657682942151167a4713cea74dbceb1c6b4d2c1166858fda91b04,43006
revision_outputs/cg_suite/E2_primary_multiseed/spatial_tile/grid_256/random_forest/linear/split_seed_44/scatter_true_vs_pred.png,513e4958cbbaa82ba0a59e4ebcd432e1529821e83e6d66bdb62a8b0b3a78ebd6,54806
revision_outputs/cg_suite/E2_primary_multiseed/spatial_tile/grid_256/random_forest/linear/split_seed_44/split_masks.npz,dc4e472d4ff09f561e1361da6f2d4a7c3bb5470862a13b149e680a480bc8139b,5058
revision_outputs/cg_suite/E2_primary_multiseed/spatial_tile/grid_256/random_forest/linear/split_seed_44/target_map.npy,1e59eb26cb015535fc837f588d10b6c675b78ad23f6259fdd0725a814f18b221,262272
revision_outputs/cg_suite/E2_primary_multiseed/spatial_tile/grid_256/random_forest/linear/split_seed_45/binned_error.png,ae75a3edacb5a56baf2b5c7c7ff8fe7cf178c8a4e29f1e74aff7fce407a7c8aa,39151
revision_outputs/cg_suite/E2_primary_multiseed/spatial_tile/grid_256/random_forest/linear/split_seed_45/binned_residuals_boxplot.png,80e59c1407cba5b1b2cb57369911546a51697baaf26a1f818ddb9942dbc4352f,73004
revision_outputs/cg_suite/E2_primary_multiseed/spatial_tile/grid_256/random_forest/linear/split_seed_45/config_snapshot.json,f7d28aeb534ecb111cb941485981fbb1e10b4547815ed003463f31fa80b62290,1803
revision_outputs/cg_suite/E2_primary_multiseed/spatial_tile/grid_256/random_forest/linear/split_seed_45/last_input_map.npy,9a48065e98df9bb0200b16e885c5e0f98373d92e1fd0195829a8f8628f9ede66,262272
revision_outputs/cg_suite/E2_primary_multiseed/spatial_tile/grid_256/random_forest/linear/split_seed_45/metrics.csv,df1118465d9b07ea472694ba907eb122d979623f266a567c2ec7aafda2cb6c50,651
revision_outputs/cg_suite/E2_primary_multiseed/spatial_tile/grid_256/random_forest/linear/split_seed_45/metrics.json,73b056d8793a910d8cb8481d6e1eeb91d65ea0cf86101ca8b851d24676750ec6,842
revision_outputs/cg_suite/E2_primary_multiseed/spatial_tile/grid_256/random_forest/linear/split_seed_45/prediction_map.npy,f05ed7f38e6373799e3d8db1f8bd1efeb748195db17bdfaa3ac887d5a0762032,262272
revision_outputs/cg_suite/E2_primary_multiseed/spatial_tile/grid_256/random_forest/linear/split_seed_45/reference_vs_prediction.png,b7dd057cd1ad286636cefafa6e369b381adc6f626ddc6a7ff26f13bf8b1f8a0b,530293
revision_outputs/cg_suite/E2_primary_multiseed/spatial_tile/grid_256/random_forest/linear/split_seed_45/residual_plot.png,94d5722b52327fc8fbb76140ae1c0352e9801b6fd9e76f6eb4c81358c00f9792,92528
revision_outputs/cg_suite/E2_primary_multiseed/spatial_tile/grid_256/random_forest/linear/split_seed_45/scatter_true_vs_pred.png,b9df4357ecbcaef1f60af415a6ab000393291ea00e50acbc4fbdcb07239b709b,91835
revision_outputs/cg_suite/E2_primary_multiseed/spatial_tile/grid_256/random_forest/linear/split_seed_45/split_masks.npz,9f4427996aac0677942e3dcb92a43587024aa3e8af163de64f4941b1377e52b0,4987
revision_outputs/cg_suite/E2_primary_multiseed/spatial_tile/grid_256/random_forest/linear/split_seed_45/target_map.npy,1e59eb26cb015535fc837f588d10b6c675b78ad23f6259fdd0725a814f18b221,262272
revision_outputs/cg_suite/E2_primary_multiseed/spatial_tile/grid_256/random_forest/linear/split_seed_46/binned_error.png,35edc52cf7e9e161c11faaa46ea45969bd2ec76072ab29ff77f346fc694c1ec1,37288
revision_outputs/cg_suite/E2_primary_multiseed/spatial_tile/grid_256/random_forest/linear/split_seed_46/binned_residuals_boxplot.png,cbeb8898647c7b5946f50d1a8ca8839b677ea1e7d000cf7b9235fd22b3f3c960,59564
revision_outputs/cg_suite/E2_primary_multiseed/spatial_tile/grid_256/random_forest/linear/split_seed_46/config_snapshot.json,60a22fc3daa7e54b52f3cabd36a457e9adf96a3adc7a7fdb7c23525ff09a0bcb,1803
revision_outputs/cg_suite/E2_primary_multiseed/spatial_tile/grid_256/random_forest/linear/split_seed_46/last_input_map.npy,9a48065e98df9bb0200b16e885c5e0f98373d92e1fd0195829a8f8628f9ede66,262272
revision_outputs/cg_suite/E2_primary_multiseed/spatial_tile/grid_256/random_forest/linear/split_seed_46/metrics.csv,846a24a450c66f32aaa2b99aa8e6023b1b9aa053dfc63350bd85484512add5dc,652
revision_outputs/cg_suite/E2_primary_multiseed/spatial_tile/grid_256/random_forest/linear/split_seed_46/metrics.json,eeff43086a70bc562452643fc87c14e6bf8652a3b07325bd14374133f71db94d,843
revision_outputs/cg_suite/E2_primary_multiseed/spatial_tile/grid_256/random_forest/linear/split_seed_46/prediction_map.npy,0369aeec419b92d7d0e0f07e27794da8e25c9832f097a78f5cc81e0e79755967,262272
revision_outputs/cg_suite/E2_primary_multiseed/spatial_tile/grid_256/random_forest/linear/split_seed_46/reference_vs_prediction.png,40104f24c12c389bdc3a9118ebc55f90d769ee90b1e5693b1b9226a4846575ca,529142
revision_outputs/cg_suite/E2_primary_multiseed/spatial_tile/grid_256/random_forest/linear/split_seed_46/residual_plot.png,ba36376005b03032cc147fd1096b575868b875bcf9e05e146f65676ef3929bf0,58922
revision_outputs/cg_suite/E2_primary_multiseed/spatial_tile/grid_256/random_forest/linear/split_seed_46/scatter_true_vs_pred.png,5b2aaa754fe3cc4c4b5e407229db8af9f98af69700c7e40a95c621a52c42ebc6,62978
revision_outputs/cg_suite/E2_primary_multiseed/spatial_tile/grid_256/random_forest/linear/split_seed_46/split_masks.npz,b147155d168780531b89106b8cff37420d8650cce600f3ae472a5a857fa46329,5022
revision_outputs/cg_suite/E2_primary_multiseed/spatial_tile/grid_256/random_forest/linear/split_seed_46/target_map.npy,1e59eb26cb015535fc837f588d10b6c675b78ad23f6259fdd0725a814f18b221,262272
revision_outputs/cg_suite/E2_primary_multiseed/spatial_tile/grid_256/seed_level_results.csv,a8255f6bbc6e2a7feb0ef2548a517f485f0f5855f04f6f14300ec7c9c73eefb9,10631
revision_outputs/cg_suite/E3_mask_ablation/spatial_tile/grid_256/cnn_lstm_maskaware/linear/split_seed_42/binned_error.png,dc9a2a21d9d431bb0be0b84ca38bbceaaeffe735b537f65c5959f4d9aebd045d,40133
revision_outputs/cg_suite/E3_mask_ablation/spatial_tile/grid_256/cnn_lstm_maskaware/linear/split_seed_42/binned_residuals_boxplot.png,4ad1e7cc5c2809fac4928763b2afa223f73260b4a813b7c3c06e7d53d7d028a6,53426
revision_outputs/cg_suite/E3_mask_ablation/spatial_tile/grid_256/cnn_lstm_maskaware/linear/split_seed_42/config_snapshot.json,d2c81c89f2f686840d49dfdda02ccfca1d21f3126f64f3a8240255c69afdf164,1799
revision_outputs/cg_suite/E3_mask_ablation/spatial_tile/grid_256/cnn_lstm_maskaware/linear/split_seed_42/last_input_map.npy,9a48065e98df9bb0200b16e885c5e0f98373d92e1fd0195829a8f8628f9ede66,262272
revision_outputs/cg_suite/E3_mask_ablation/spatial_tile/grid_256/cnn_lstm_maskaware/linear/split_seed_42/metrics.csv,6d8c108016571e6cee5525ad9a296be3251f3b11506a6ed4de561ccebae3a91b,786
revision_outputs/cg_suite/E3_mask_ablation/spatial_tile/grid_256/cnn_lstm_maskaware/linear/split_seed_42/metrics.json,7d90bfa617b5af7ebe95406baecd7fc222090656a762668ffcb26c82a26cc48f,1016
revision_outputs/cg_suite/E3_mask_ablation/spatial_tile/grid_256/cnn_lstm_maskaware/linear/split_seed_42/prediction_map.npy,12c60a19aa7a076784bea304cf7cdd1d37a7bc3ba5e1091a7cf00431abb983c8,262272
revision_outputs/cg_suite/E3_mask_ablation/spatial_tile/grid_256/cnn_lstm_maskaware/linear/split_seed_42/reference_vs_prediction.png,35b5e989fe776abf9750c111f369f6c29c59a32d19da24bbccc4e654ccf989ad,408659
revision_outputs/cg_suite/E3_mask_ablation/spatial_tile/grid_256/cnn_lstm_maskaware/linear/split_seed_42/residual_plot.png,8be4dbc2e418de3a1e4910f31ca6a0169cc2f330c47ff7617944318a5df8c05d,33875
revision_outputs/cg_suite/E3_mask_ablation/spatial_tile/grid_256/cnn_lstm_maskaware/linear/split_seed_42/scatter_true_vs_pred.png,24882b4e22246e034af3758b6c0e9d1ff56b8c19af50616705adbcc86fb979bf,45787
revision_outputs/cg_suite/E3_mask_ablation/spatial_tile/grid_256/cnn_lstm_maskaware/linear/split_seed_42/split_masks.npz,aa87bd7754c73033f6fbca318704cb344d8f8307fb9362cf868f12dc9d85a42e,5093
revision_outputs/cg_suite/E3_mask_ablation/spatial_tile/grid_256/cnn_lstm_maskaware/linear/split_seed_42/target_map.npy,1e59eb26cb015535fc837f588d10b6c675b78ad23f6259fdd0725a814f18b221,262272
revision_outputs/cg_suite/E3_mask_ablation/spatial_tile/grid_256/cnn_lstm_maskaware/linear/split_seed_42/training_history.csv,1153dff00f7403d03a9b1d1b2f8888191c2efe0cc394bbe920834188ac8982b0,490
revision_outputs/cg_suite/E3_mask_ablation/spatial_tile/grid_256/cnn_lstm_maskaware/linear/split_seed_43/binned_error.png,0742944b9c2ec2b23102fecf3d0f2faf66392a435a5b187a042b82a4dd57f5f7,41346
revision_outputs/cg_suite/E3_mask_ablation/spatial_tile/grid_256/cnn_lstm_maskaware/linear/split_seed_43/binned_residuals_boxplot.png,75ebfb041ea77b254267fefcf4f1025f40632295ad5ed718cbdb9fceaae4f43e,55706
revision_outputs/cg_suite/E3_mask_ablation/spatial_tile/grid_256/cnn_lstm_maskaware/linear/split_seed_43/config_snapshot.json,6aaf54ced951288004a470d425895ae79dfa97d3a7cd24ae54cd745763f3cef8,1799
revision_outputs/cg_suite/E3_mask_ablation/spatial_tile/grid_256/cnn_lstm_maskaware/linear/split_seed_43/last_input_map.npy,9a48065e98df9bb0200b16e885c5e0f98373d92e1fd0195829a8f8628f9ede66,262272
revision_outputs/cg_suite/E3_mask_ablation/spatial_tile/grid_256/cnn_lstm_maskaware/linear/split_seed_43/metrics.csv,56e37dbae0a28f6d8452fb5f0e0fb88f06b6f7bad3f9dcc4c58f849a540326ea,784
revision_outputs/cg_suite/E3_mask_ablation/spatial_tile/grid_256/cnn_lstm_maskaware/linear/split_seed_43/metrics.json,4d265145f6d8976fd3a030b50024fd493fe4dd347678c76063c9fd531437e1d2,1014
revision_outputs/cg_suite/E3_mask_ablation/spatial_tile/grid_256/cnn_lstm_maskaware/linear/split_seed_43/prediction_map.npy,1cbd3f716e022f493c27af140ce18b518852e5248dbeb8f4f5bd438bc958f69c,262272
revision_outputs/cg_suite/E3_mask_ablation/spatial_tile/grid_256/cnn_lstm_maskaware/linear/split_seed_43/reference_vs_prediction.png,acf840422e6709aeb506c3bae23857862ec0d2ce01745d8316aba16de44eb321,392221
revision_outputs/cg_suite/E3_mask_ablation/spatial_tile/grid_256/cnn_lstm_maskaware/linear/split_seed_43/residual_plot.png,2e95528c9035451905d1e0a23867da9aa7450d9a0dd0885c8c8b063997550f1e,33496
revision_outputs/cg_suite/E3_mask_ablation/spatial_tile/grid_256/cnn_lstm_maskaware/linear/split_seed_43/scatter_true_vs_pred.png,33828b2ad7a1507654b5d9ceaa11acdf74b8c2ebd711b3cb93113d02e67f101b,45657
revision_outputs/cg_suite/E3_mask_ablation/spatial_tile/grid_256/cnn_lstm_maskaware/linear/split_seed_43/split_masks.npz,b323933f7c125c832058aa2565acec87c0366ed7ad0b10fe8efeb214892db378,4960
revision_outputs/cg_suite/E3_mask_ablation/spatial_tile/grid_256/cnn_lstm_maskaware/linear/split_seed_43/target_map.npy,1e59eb26cb015535fc837f588d10b6c675b78ad23f6259fdd0725a814f18b221,262272
revision_outputs/cg_suite/E3_mask_ablation/spatial_tile/grid_256/cnn_lstm_maskaware/linear/split_seed_43/training_history.csv,e0e61e36c63ec896e2395977ce835c241cf22d75643b5bf2a0e129300f395956,565
revision_outputs/cg_suite/E3_mask_ablation/spatial_tile/grid_256/cnn_lstm_maskaware/linear/split_seed_44/binned_error.png,8e4c90849580849189861e5518fa1c7fb4baaf22c7fa57bb3e88d13a689bf8f3,41671
revision_outputs/cg_suite/E3_mask_ablation/spatial_tile/grid_256/cnn_lstm_maskaware/linear/split_seed_44/binned_residuals_boxplot.png,a09a0616fd6eb5580070ec5681cf371899f35f81dc75cab83e81b4ecacf9d8f4,55219
revision_outputs/cg_suite/E3_mask_ablation/spatial_tile/grid_256/cnn_lstm_maskaware/linear/split_seed_44/config_snapshot.json,7de6200939c2b12395bf7893ddb316923f7f580349170291a203f42c4df08142,1799
revision_outputs/cg_suite/E3_mask_ablation/spatial_tile/grid_256/cnn_lstm_maskaware/linear/split_seed_44/last_input_map.npy,9a48065e98df9bb0200b16e885c5e0f98373d92e1fd0195829a8f8628f9ede66,262272
revision_outputs/cg_suite/E3_mask_ablation/spatial_tile/grid_256/cnn_lstm_maskaware/linear/split_seed_44/metrics.csv,3356f34497144dc8ec420acd38a9d2073505266ba8a393494bf5ac221f6a9789,784
revision_outputs/cg_suite/E3_mask_ablation/spatial_tile/grid_256/cnn_lstm_maskaware/linear/split_seed_44/metrics.json,3c4e72733a938631b8d3c81d2368b82d4d1d552615103836e9f8f3da7d5bbacf,1014
revision_outputs/cg_suite/E3_mask_ablation/spatial_tile/grid_256/cnn_lstm_maskaware/linear/split_seed_44/prediction_map.npy,4d5d8abc50d6088d5ef74d23ec6318688aa34ad2df098a73948d8cf36dd8ba9e,262272
revision_outputs/cg_suite/E3_mask_ablation/spatial_tile/grid_256/cnn_lstm_maskaware/linear/split_seed_44/reference_vs_prediction.png,e32a20aa59232ac0842e5e0f49f2e81a985ec8e8a39fd1f218057afad8ffe33f,372011
revision_outputs/cg_suite/E3_mask_ablation/spatial_tile/grid_256/cnn_lstm_maskaware/linear/split_seed_44/residual_plot.png,67c28759c54e70c665f4cb37dc749049b2d6d7d0ecc1ec6bb4c20a9be40c25d8,33304
revision_outputs/cg_suite/E3_mask_ablation/spatial_tile/grid_256/cnn_lstm_maskaware/linear/split_seed_44/scatter_true_vs_pred.png,b98ed4709073c29612721b64ba65385279e20e9b282ba68c44a866d2efed31e4,45275
revision_outputs/cg_suite/E3_mask_ablation/spatial_tile/grid_256/cnn_lstm_maskaware/linear/split_seed_44/split_masks.npz,dc4e472d4ff09f561e1361da6f2d4a7c3bb5470862a13b149e680a480bc8139b,5058
revision_outputs/cg_suite/E3_mask_ablation/spatial_tile/grid_256/cnn_lstm_maskaware/linear/split_seed_44/target_map.npy,1e59eb26cb015535fc837f588d10b6c675b78ad23f6259fdd0725a814f18b221,262272
revision_outputs/cg_suite/E3_mask_ablation/spatial_tile/grid_256/cnn_lstm_maskaware/linear/split_seed_44/training_history.csv,a2c8ee961bd38f061c45fc812975557546630ab8cd12b8835e92b1484cc4efaf,527
revision_outputs/cg_suite/E3_mask_ablation/spatial_tile/grid_256/cnn_lstm_maskaware/linear/split_seed_45/binned_error.png,e3609e9fe01c2c3d7b087fac714326699d61bc5fc5b37f98b7c2c5948a2e111f,43000
revision_outputs/cg_suite/E3_mask_ablation/spatial_tile/grid_256/cnn_lstm_maskaware/linear/split_seed_45/binned_residuals_boxplot.png,629669a0a5dfaf821f5738ea09d789c1a755c6193a3d48010fc0a5378e0c8df4,50328
revision_outputs/cg_suite/E3_mask_ablation/spatial_tile/grid_256/cnn_lstm_maskaware/linear/split_seed_45/config_snapshot.json,e83c25e44818d19ed70c6c3f71ef37f267cbf6aa1609d74f28b1962fec81b26e,1799
revision_outputs/cg_suite/E3_mask_ablation/spatial_tile/grid_256/cnn_lstm_maskaware/linear/split_seed_45/last_input_map.npy,9a48065e98df9bb0200b16e885c5e0f98373d92e1fd0195829a8f8628f9ede66,262272
revision_outputs/cg_suite/E3_mask_ablation/spatial_tile/grid_256/cnn_lstm_maskaware/linear/split_seed_45/metrics.csv,6a90f551dfac60d00044689122822c17018f9cab7d60720c0c1b61dce9f399bf,779
revision_outputs/cg_suite/E3_mask_ablation/spatial_tile/grid_256/cnn_lstm_maskaware/linear/split_seed_45/metrics.json,9fd0a78ddbbe3c5f7e979e9fb631be7556ce55f08925c98bcf5a92842b7c9937,1009
revision_outputs/cg_suite/E3_mask_ablation/spatial_tile/grid_256/cnn_lstm_maskaware/linear/split_seed_45/prediction_map.npy,62e7e114ae7e553274fa3720f4f9b10da26eb61babd42d45c162b2b215755608,262272
revision_outputs/cg_suite/E3_mask_ablation/spatial_tile/grid_256/cnn_lstm_maskaware/linear/split_seed_45/reference_vs_prediction.png,b86880be2940dd1995a32478ddc45dc83e481db0e2753d04181c05b0ed966f64,406685
revision_outputs/cg_suite/E3_mask_ablation/spatial_tile/grid_256/cnn_lstm_maskaware/linear/split_seed_45/residual_plot.png,44ee1b02738ff55825780cbad29155aac54351890db50e213289f8a07d0813fc,41310
revision_outputs/cg_suite/E3_mask_ablation/spatial_tile/grid_256/cnn_lstm_maskaware/linear/split_seed_45/scatter_true_vs_pred.png,d1039d0a4d984b1899e7dd51d6e8c6a2c847c9f8b0f232d411cc44bbb9dd5d74,55248
revision_outputs/cg_suite/E3_mask_ablation/spatial_tile/grid_256/cnn_lstm_maskaware/linear/split_seed_45/split_masks.npz,9f4427996aac0677942e3dcb92a43587024aa3e8af163de64f4941b1377e52b0,4987
revision_outputs/cg_suite/E3_mask_ablation/spatial_tile/grid_256/cnn_lstm_maskaware/linear/split_seed_45/target_map.npy,1e59eb26cb015535fc837f588d10b6c675b78ad23f6259fdd0725a814f18b221,262272
revision_outputs/cg_suite/E3_mask_ablation/spatial_tile/grid_256/cnn_lstm_maskaware/linear/split_seed_45/training_history.csv,e01f621c4c96e41251eff0bac3d747be222026c028228b15ec7f07f157d5c19d,525
revision_outputs/cg_suite/E3_mask_ablation/spatial_tile/grid_256/cnn_lstm_maskaware/linear/split_seed_46/binned_error.png,4707372268e2e8fd3ad70f315368a0fec9a5f9e770c56ae2d191278456f8d276,37775
revision_outputs/cg_suite/E3_mask_ablation/spatial_tile/grid_256/cnn_lstm_maskaware/linear/split_seed_46/binned_residuals_boxplot.png,17acbae68dc58504cdb97f4b83b5c45af173586eef15ae3e7d72c1396e3adffd,55482
revision_outputs/cg_suite/E3_mask_ablation/spatial_tile/grid_256/cnn_lstm_maskaware/linear/split_seed_46/config_snapshot.json,ade555db35428af12d89e3c8bffb639b36abd215ba7d970f5aeda89372c0f2db,1799
revision_outputs/cg_suite/E3_mask_ablation/spatial_tile/grid_256/cnn_lstm_maskaware/linear/split_seed_46/last_input_map.npy,9a48065e98df9bb0200b16e885c5e0f98373d92e1fd0195829a8f8628f9ede66,262272
revision_outputs/cg_suite/E3_mask_ablation/spatial_tile/grid_256/cnn_lstm_maskaware/linear/split_seed_46/metrics.csv,f5ce402f057368e8f3f842213b35191f9718f79893bf49ac905c4670902f8453,784
revision_outputs/cg_suite/E3_mask_ablation/spatial_tile/grid_256/cnn_lstm_maskaware/linear/split_seed_46/metrics.json,5cdd969aa05ece96713a65583ae2131a89baed9567e07b15499e3d6154b217d6,1014
revision_outputs/cg_suite/E3_mask_ablation/spatial_tile/grid_256/cnn_lstm_maskaware/linear/split_seed_46/prediction_map.npy,3516210a68f78d290b4156fc755bb2ea63fb93371722c836c413611ee13e2640,262272
revision_outputs/cg_suite/E3_mask_ablation/spatial_tile/grid_256/cnn_lstm_maskaware/linear/split_seed_46/reference_vs_prediction.png,a5d3e8dc9c8ae68976c0b99d5559222f2689406f7f2ae2c0b084e081cd7326dc,408397
revision_outputs/cg_suite/E3_mask_ablation/spatial_tile/grid_256/cnn_lstm_maskaware/linear/split_seed_46/residual_plot.png,273d6b120573e43e389afead8c1348c0b2a75c2c8301cf38bcbd4ae6ef42d2cf,36617
revision_outputs/cg_suite/E3_mask_ablation/spatial_tile/grid_256/cnn_lstm_maskaware/linear/split_seed_46/scatter_true_vs_pred.png,c93a7f3d191a3ced764cd3d0a9857491e9f6a0e48425fa0d017c2f144786959f,49553
revision_outputs/cg_suite/E3_mask_ablation/spatial_tile/grid_256/cnn_lstm_maskaware/linear/split_seed_46/split_masks.npz,b147155d168780531b89106b8cff37420d8650cce600f3ae472a5a857fa46329,5022
revision_outputs/cg_suite/E3_mask_ablation/spatial_tile/grid_256/cnn_lstm_maskaware/linear/split_seed_46/target_map.npy,1e59eb26cb015535fc837f588d10b6c675b78ad23f6259fdd0725a814f18b221,262272
revision_outputs/cg_suite/E3_mask_ablation/spatial_tile/grid_256/cnn_lstm_maskaware/linear/split_seed_46/training_history.csv,ad587d2eeac85745b95897c2a1ce1ad012221dbd2df1aa91b691531614c3a1fc,567
revision_outputs/cg_suite/E3_mask_ablation/spatial_tile/grid_256/cnn_lstm_metriconlymask/linear/split_seed_42/binned_error.png,98ae9e70534e9a93e056697b24b58f9eeee11ff12677f7d8388d8732c6f73e7e,39275
revision_outputs/cg_suite/E3_mask_ablation/spatial_tile/grid_256/cnn_lstm_metriconlymask/linear/split_seed_42/binned_residuals_boxplot.png,e919aef892857a692b6143396771a8be29f159be5f749239c09cc8524e249489,53487
revision_outputs/cg_suite/E3_mask_ablation/spatial_tile/grid_256/cnn_lstm_metriconlymask/linear/split_seed_42/config_snapshot.json,d2c81c89f2f686840d49dfdda02ccfca1d21f3126f64f3a8240255c69afdf164,1799
revision_outputs/cg_suite/E3_mask_ablation/spatial_tile/grid_256/cnn_lstm_metriconlymask/linear/split_seed_42/last_input_map.npy,9a48065e98df9bb0200b16e885c5e0f98373d92e1fd0195829a8f8628f9ede66,262272
revision_outputs/cg_suite/E3_mask_ablation/spatial_tile/grid_256/cnn_lstm_metriconlymask/linear/split_seed_42/metrics.csv,f16d6b6cb0395abca12347849c65c40653d318f2e43f05d53a22bb5009bf509b,792
revision_outputs/cg_suite/E3_mask_ablation/spatial_tile/grid_256/cnn_lstm_metriconlymask/linear/split_seed_42/metrics.json,b5bc1853834e267d43ad785e6d7c3c977d1025a082340271b17a9ee0d49a921e,1022
revision_outputs/cg_suite/E3_mask_ablation/spatial_tile/grid_256/cnn_lstm_metriconlymask/linear/split_seed_42/prediction_map.npy,cf3e882e216ed6cff91b7b2f4da0f16803c6b7e0249bf3910feb20cc0d01a801,262272
revision_outputs/cg_suite/E3_mask_ablation/spatial_tile/grid_256/cnn_lstm_metriconlymask/linear/split_seed_42/reference_vs_prediction.png,2627c664bd4570de6b13e3af916d88f0a08c5cd594ce1f7c43a691b6a6cccfc9,447246
revision_outputs/cg_suite/E3_mask_ablation/spatial_tile/grid_256/cnn_lstm_metriconlymask/linear/split_seed_42/residual_plot.png,431a39f648f9e18cd51befd1d22dcba44aa5b5af280669ec75c58bb362a2944a,33894
revision_outputs/cg_suite/E3_mask_ablation/spatial_tile/grid_256/cnn_lstm_metriconlymask/linear/split_seed_42/scatter_true_vs_pred.png,9af131ddb071a6ec08d1d77a68321258bd26afa97a5e509bc1950ff91a163c04,45758
revision_outputs/cg_suite/E3_mask_ablation/spatial_tile/grid_256/cnn_lstm_metriconlymask/linear/split_seed_42/split_masks.npz,aa87bd7754c73033f6fbca318704cb344d8f8307fb9362cf868f12dc9d85a42e,5093
revision_outputs/cg_suite/E3_mask_ablation/spatial_tile/grid_256/cnn_lstm_metriconlymask/linear/split_seed_42/target_map.npy,1e59eb26cb015535fc837f588d10b6c675b78ad23f6259fdd0725a814f18b221,262272
revision_outputs/cg_suite/E3_mask_ablation/spatial_tile/grid_256/cnn_lstm_metriconlymask/linear/split_seed_42/training_history.csv,157942d35f07cd0b6c6eb7264e82a7a931859688505bce1d449faee70d8ad705,2146
revision_outputs/cg_suite/E3_mask_ablation/spatial_tile/grid_256/cnn_lstm_metriconlymask/linear/split_seed_43/binned_error.png,ed1d877ddf4bf6e652a78af7d0f16886fcdb7784d12d341b2fb8984df329d2f7,41432
revision_outputs/cg_suite/E3_mask_ablation/spatial_tile/grid_256/cnn_lstm_metriconlymask/linear/split_seed_43/binned_residuals_boxplot.png,ea3f2781ee769cc6117cf7cfeb13f01ad149723fe8174b5a839371f7a0ce1b54,55696
revision_outputs/cg_suite/E3_mask_ablation/spatial_tile/grid_256/cnn_lstm_metriconlymask/linear/split_seed_43/config_snapshot.json,6aaf54ced951288004a470d425895ae79dfa97d3a7cd24ae54cd745763f3cef8,1799
revision_outputs/cg_suite/E3_mask_ablation/spatial_tile/grid_256/cnn_lstm_metriconlymask/linear/split_seed_43/last_input_map.npy,9a48065e98df9bb0200b16e885c5e0f98373d92e1fd0195829a8f8628f9ede66,262272
revision_outputs/cg_suite/E3_mask_ablation/spatial_tile/grid_256/cnn_lstm_metriconlymask/linear/split_seed_43/metrics.csv,16946e602946146cba3d3dc1e99eed6f021e1128aa02029c21009c9757bd9579,793
revision_outputs/cg_suite/E3_mask_ablation/spatial_tile/grid_256/cnn_lstm_metriconlymask/linear/split_seed_43/metrics.json,e6ab76553b30f045e17d9877b98519d182dedd01cae74b76f9fa5547fb14d180,1023
revision_outputs/cg_suite/E3_mask_ablation/spatial_tile/grid_256/cnn_lstm_metriconlymask/linear/split_seed_43/prediction_map.npy,882a284e48828b45b13e4b20370641b901bd18cdd4f50ee186717bbd193e72dc,262272
revision_outputs/cg_suite/E3_mask_ablation/spatial_tile/grid_256/cnn_lstm_metriconlymask/linear/split_seed_43/reference_vs_prediction.png,c56599efe2b7c6662c50602e474a2fc0fa762d1338eeb5bdb184b8e32b211f6a,441834
revision_outputs/cg_suite/E3_mask_ablation/spatial_tile/grid_256/cnn_lstm_metriconlymask/linear/split_seed_43/residual_plot.png,0a48681e9f6a4a2949a6faf0b9d899593576b37b0217aadf1ef1853de252cf8f,33421
revision_outputs/cg_suite/E3_mask_ablation/spatial_tile/grid_256/cnn_lstm_metriconlymask/linear/split_seed_43/scatter_true_vs_pred.png,b6e4bc96c9a48c8b864683a70c448e0f81b92493a8befbbf2aecf22710aff98f,45598
revision_outputs/cg_suite/E3_mask_ablation/spatial_tile/grid_256/cnn_lstm_metriconlymask/linear/split_seed_43/split_masks.npz,b323933f7c125c832058aa2565acec87c0366ed7ad0b10fe8efeb214892db378,4960
revision_outputs/cg_suite/E3_mask_ablation/spatial_tile/grid_256/cnn_lstm_metriconlymask/linear/split_seed_43/target_map.npy,1e59eb26cb015535fc837f588d10b6c675b78ad23f6259fdd0725a814f18b221,262272
revision_outputs/cg_suite/E3_mask_ablation/spatial_tile/grid_256/cnn_lstm_metriconlymask/linear/split_seed_43/training_history.csv,3559bfbe885e6884284b76d1c677b874534e04f31c0b4658ed9647fea533ab70,2158
revision_outputs/cg_suite/E3_mask_ablation/spatial_tile/grid_256/cnn_lstm_metriconlymask/linear/split_seed_44/binned_error.png,32b6793e2e40e382a06956ed5d0cef8e8fdc853145d0bddd3b34a1c6fbfc4d0d,41509
revision_outputs/cg_suite/E3_mask_ablation/spatial_tile/grid_256/cnn_lstm_metriconlymask/linear/split_seed_44/binned_residuals_boxplot.png,8b8174f6f851a0da6b26c3cbc1401ecf2ec6c91b540546bb420e61152667913e,55180
revision_outputs/cg_suite/E3_mask_ablation/spatial_tile/grid_256/cnn_lstm_metriconlymask/linear/split_seed_44/config_snapshot.json,7de6200939c2b12395bf7893ddb316923f7f580349170291a203f42c4df08142,1799
revision_outputs/cg_suite/E3_mask_ablation/spatial_tile/grid_256/cnn_lstm_metriconlymask/linear/split_seed_44/last_input_map.npy,9a48065e98df9bb0200b16e885c5e0f98373d92e1fd0195829a8f8628f9ede66,262272
revision_outputs/cg_suite/E3_mask_ablation/spatial_tile/grid_256/cnn_lstm_metriconlymask/linear/split_seed_44/metrics.csv,7f49b57922e987f6a488ab2e9b28df6321d4e978991d92c3e96767aebbbd4644,793
revision_outputs/cg_suite/E3_mask_ablation/spatial_tile/grid_256/cnn_lstm_metriconlymask/linear/split_seed_44/metrics.json,6b17e1a5516e58b97755dde3751737ae97d34cd56b27c2628698fe23e2f474f6,1023
revision_outputs/cg_suite/E3_mask_ablation/spatial_tile/grid_256/cnn_lstm_metriconlymask/linear/split_seed_44/prediction_map.npy,5fb955d217fc79a053b0c41e99a178f85e10d2f26e70b28f3672a7925ccb0882,262272
revision_outputs/cg_suite/E3_mask_ablation/spatial_tile/grid_256/cnn_lstm_metriconlymask/linear/split_seed_44/reference_vs_prediction.png,cd13da87f272d1428062418e74415ee8ad55eee7b26f6fbd6d25580e0297d8b3,437947
revision_outputs/cg_suite/E3_mask_ablation/spatial_tile/grid_256/cnn_lstm_metriconlymask/linear/split_seed_44/residual_plot.png,c291b25c155c34a91c907fe9bf322db711b82fc874c877d05506b8acd3a3edcc,33311
revision_outputs/cg_suite/E3_mask_ablation/spatial_tile/grid_256/cnn_lstm_metriconlymask/linear/split_seed_44/scatter_true_vs_pred.png,daa62c7e62266d90dad52d003f9e090ffd91f1b40da902eab27ec64f11e3a483,45543
revision_outputs/cg_suite/E3_mask_ablation/spatial_tile/grid_256/cnn_lstm_metriconlymask/linear/split_seed_44/split_masks.npz,dc4e472d4ff09f561e1361da6f2d4a7c3bb5470862a13b149e680a480bc8139b,5058
revision_outputs/cg_suite/E3_mask_ablation/spatial_tile/grid_256/cnn_lstm_metriconlymask/linear/split_seed_44/target_map.npy,1e59eb26cb015535fc837f588d10b6c675b78ad23f6259fdd0725a814f18b221,262272
revision_outputs/cg_suite/E3_mask_ablation/spatial_tile/grid_256/cnn_lstm_metriconlymask/linear/split_seed_44/training_history.csv,c0c0d2896f7c2fc0ead0916c4723170f1d5a9a1655308c60c77faa8f6e726d87,2129
revision_outputs/cg_suite/E3_mask_ablation/spatial_tile/grid_256/cnn_lstm_metriconlymask/linear/split_seed_45/binned_error.png,6e31c4e67ab8caa00ee8da0cd267e93752d5b86edb2e10a7110522c15a3f7113,42526
revision_outputs/cg_suite/E3_mask_ablation/spatial_tile/grid_256/cnn_lstm_metriconlymask/linear/split_seed_45/binned_residuals_boxplot.png,35c9bb110bf6df8c4cd0876f5dbe96cb92b09697cf80aea8a0b6223ef0fce7be,50413
revision_outputs/cg_suite/E3_mask_ablation/spatial_tile/grid_256/cnn_lstm_metriconlymask/linear/split_seed_45/config_snapshot.json,e83c25e44818d19ed70c6c3f71ef37f267cbf6aa1609d74f28b1962fec81b26e,1799
revision_outputs/cg_suite/E3_mask_ablation/spatial_tile/grid_256/cnn_lstm_metriconlymask/linear/split_seed_45/last_input_map.npy,9a48065e98df9bb0200b16e885c5e0f98373d92e1fd0195829a8f8628f9ede66,262272
revision_outputs/cg_suite/E3_mask_ablation/spatial_tile/grid_256/cnn_lstm_metriconlymask/linear/split_seed_45/metrics.csv,78625a6ac5ce85b1f9566f94b3b330232e7cc4d4559226ebd5b02855cd48d53f,795
revision_outputs/cg_suite/E3_mask_ablation/spatial_tile/grid_256/cnn_lstm_metriconlymask/linear/split_seed_45/metrics.json,8a5fb78d2fe704db25af23fe70f0dd8e5891070f7472054f7f3c0e0aa174a752,1025
revision_outputs/cg_suite/E3_mask_ablation/spatial_tile/grid_256/cnn_lstm_metriconlymask/linear/split_seed_45/prediction_map.npy,6dff817bd4d5b00aed9ed6b292d099196d82e420b111ca48c2b85d6a9c7453e0,262272
revision_outputs/cg_suite/E3_mask_ablation/spatial_tile/grid_256/cnn_lstm_metriconlymask/linear/split_seed_45/reference_vs_prediction.png,e01b7cd66f2868dd03731b7fe884b457b45c9ae48d6444a8213e4f2eafab200f,451001
revision_outputs/cg_suite/E3_mask_ablation/spatial_tile/grid_256/cnn_lstm_metriconlymask/linear/split_seed_45/residual_plot.png,e0afa816e2b57694fedb0f930f9a5ca952afccc7c102932503ff0ff3d9bea891,41483
revision_outputs/cg_suite/E3_mask_ablation/spatial_tile/grid_256/cnn_lstm_metriconlymask/linear/split_seed_45/scatter_true_vs_pred.png,0c22a922c77031e034bcd30fa6973806492eae31f63d6604b8ebe50ae123bc8c,56529
revision_outputs/cg_suite/E3_mask_ablation/spatial_tile/grid_256/cnn_lstm_metriconlymask/linear/split_seed_45/split_masks.npz,9f4427996aac0677942e3dcb92a43587024aa3e8af163de64f4941b1377e52b0,4987
revision_outputs/cg_suite/E3_mask_ablation/spatial_tile/grid_256/cnn_lstm_metriconlymask/linear/split_seed_45/target_map.npy,1e59eb26cb015535fc837f588d10b6c675b78ad23f6259fdd0725a814f18b221,262272
revision_outputs/cg_suite/E3_mask_ablation/spatial_tile/grid_256/cnn_lstm_metriconlymask/linear/split_seed_45/training_history.csv,ca4d958ab3cbb6684c5bebcdb01ee4428408d3e75efea60093f9af0b018736e9,2149
revision_outputs/cg_suite/E3_mask_ablation/spatial_tile/grid_256/cnn_lstm_metriconlymask/linear/split_seed_46/binned_error.png,f8ed26c3a30fce1b1bb47792ce639ee547e16b7c540a856c139f14bb755c14aa,37939
revision_outputs/cg_suite/E3_mask_ablation/spatial_tile/grid_256/cnn_lstm_metriconlymask/linear/split_seed_46/binned_residuals_boxplot.png,16c8a5329319664665346220d35af483ffa5e44aafd6e0039304dc73c24c8fda,55256
revision_outputs/cg_suite/E3_mask_ablation/spatial_tile/grid_256/cnn_lstm_metriconlymask/linear/split_seed_46/config_snapshot.json,ade555db35428af12d89e3c8bffb639b36abd215ba7d970f5aeda89372c0f2db,1799
revision_outputs/cg_suite/E3_mask_ablation/spatial_tile/grid_256/cnn_lstm_metriconlymask/linear/split_seed_46/last_input_map.npy,9a48065e98df9bb0200b16e885c5e0f98373d92e1fd0195829a8f8628f9ede66,262272
revision_outputs/cg_suite/E3_mask_ablation/spatial_tile/grid_256/cnn_lstm_metriconlymask/linear/split_seed_46/metrics.csv,76a5cb82bebd05030633236fab7dd5c6037d9c828410ab1bba42effe5563dc08,790
revision_outputs/cg_suite/E3_mask_ablation/spatial_tile/grid_256/cnn_lstm_metriconlymask/linear/split_seed_46/metrics.json,7ce9a9a82bea4883f132c5ba6899618663628c1d480e1c72694d2494945cdac9,1020
revision_outputs/cg_suite/E3_mask_ablation/spatial_tile/grid_256/cnn_lstm_metriconlymask/linear/split_seed_46/prediction_map.npy,6ad1d6c0eeed49eea6628f99a1a9473c35bf53c67db5f064be32837fd55f6462,262272
revision_outputs/cg_suite/E3_mask_ablation/spatial_tile/grid_256/cnn_lstm_metriconlymask/linear/split_seed_46/reference_vs_prediction.png,0d3bd6d9876c49dea9a52ac06111be03c1c54cc3222485983881354de64898be,447045
revision_outputs/cg_suite/E3_mask_ablation/spatial_tile/grid_256/cnn_lstm_metriconlymask/linear/split_seed_46/residual_plot.png,2cf7baee21d209294cce3f2294606dc94c4f99103f27c6693b5ff63aa01f156c,36474
revision_outputs/cg_suite/E3_mask_ablation/spatial_tile/grid_256/cnn_lstm_metriconlymask/linear/split_seed_46/scatter_true_vs_pred.png,b0b5110c61e0f7f04be4053d6e9a1777c1efc40d9a898b5dbb4b5b3bb62be301,49506
revision_outputs/cg_suite/E3_mask_ablation/spatial_tile/grid_256/cnn_lstm_metriconlymask/linear/split_seed_46/split_masks.npz,b147155d168780531b89106b8cff37420d8650cce600f3ae472a5a857fa46329,5022
revision_outputs/cg_suite/E3_mask_ablation/spatial_tile/grid_256/cnn_lstm_metriconlymask/linear/split_seed_46/target_map.npy,1e59eb26cb015535fc837f588d10b6c675b78ad23f6259fdd0725a814f18b221,262272
revision_outputs/cg_suite/E3_mask_ablation/spatial_tile/grid_256/cnn_lstm_metriconlymask/linear/split_seed_46/training_history.csv,c53988836cfa15fab51f95dc109b2984994069240846581c6828aaccca450a68,2130
revision_outputs/cg_suite/E3_mask_ablation/spatial_tile/grid_256/cnn_lstm_noinputmask/linear/split_seed_42/binned_error.png,53f8fb7ef5edcc81205d28b9c9dc31e45820a03d13de74f9c84fbeca0bf04a2e,40155
revision_outputs/cg_suite/E3_mask_ablation/spatial_tile/grid_256/cnn_lstm_noinputmask/linear/split_seed_42/binned_residuals_boxplot.png,909b97d6b630b182b7f53921e35edce78bfdef7088800ed728085b34fa602d34,53509
revision_outputs/cg_suite/E3_mask_ablation/spatial_tile/grid_256/cnn_lstm_noinputmask/linear/split_seed_42/config_snapshot.json,d2c81c89f2f686840d49dfdda02ccfca1d21f3126f64f3a8240255c69afdf164,1799
revision_outputs/cg_suite/E3_mask_ablation/spatial_tile/grid_256/cnn_lstm_noinputmask/linear/split_seed_42/last_input_map.npy,9a48065e98df9bb0200b16e885c5e0f98373d92e1fd0195829a8f8628f9ede66,262272
revision_outputs/cg_suite/E3_mask_ablation/spatial_tile/grid_256/cnn_lstm_noinputmask/linear/split_seed_42/metrics.csv,49b4e5bea31b54925f4e8636a7e0bd5a5e5f5062c2487fb9ee76fb019a7777d2,781
revision_outputs/cg_suite/E3_mask_ablation/spatial_tile/grid_256/cnn_lstm_noinputmask/linear/split_seed_42/metrics.json,110fd8846bdfedc42f004ab543be03b04176764b4f32f05cd7ed359b849aa791,1011
revision_outputs/cg_suite/E3_mask_ablation/spatial_tile/grid_256/cnn_lstm_noinputmask/linear/split_seed_42/prediction_map.npy,d6cf8b23110cd32fdd29e87b83bfc02d1e25e33ba6fa4314c392c58dd6f767a6,262272
revision_outputs/cg_suite/E3_mask_ablation/spatial_tile/grid_256/cnn_lstm_noinputmask/linear/split_seed_42/reference_vs_prediction.png,7d27b07a6fe64d1cdc0147c2ed7dca53543323759f464dcfe7d034b21ef05f14,403456
revision_outputs/cg_suite/E3_mask_ablation/spatial_tile/grid_256/cnn_lstm_noinputmask/linear/split_seed_42/residual_plot.png,3a3437e3054d892403cb9c0de9fe26030ff449c839aaa823c785592de5f9d228,33948
revision_outputs/cg_suite/E3_mask_ablation/spatial_tile/grid_256/cnn_lstm_noinputmask/linear/split_seed_42/scatter_true_vs_pred.png,961cef3693dd171ca91125e4e4324d9f644fa3b35e89eb2a3737ed2e0cad4d7b,45611
revision_outputs/cg_suite/E3_mask_ablation/spatial_tile/grid_256/cnn_lstm_noinputmask/linear/split_seed_42/split_masks.npz,aa87bd7754c73033f6fbca318704cb344d8f8307fb9362cf868f12dc9d85a42e,5093
revision_outputs/cg_suite/E3_mask_ablation/spatial_tile/grid_256/cnn_lstm_noinputmask/linear/split_seed_42/target_map.npy,1e59eb26cb015535fc837f588d10b6c675b78ad23f6259fdd0725a814f18b221,262272
revision_outputs/cg_suite/E3_mask_ablation/spatial_tile/grid_256/cnn_lstm_noinputmask/linear/split_seed_42/training_history.csv,7b2ce2bf32fb47372ec6db92d79538e711b20574d60fefaee4bdac3398c46da5,492
revision_outputs/cg_suite/E3_mask_ablation/spatial_tile/grid_256/cnn_lstm_noinputmask/linear/split_seed_43/binned_error.png,6214336539e05081580be4ab35d9c0f11959d932854eb1f433d08bf00655be34,41462
revision_outputs/cg_suite/E3_mask_ablation/spatial_tile/grid_256/cnn_lstm_noinputmask/linear/split_seed_43/binned_residuals_boxplot.png,eed2f2cbe70b59fac653358374149e589bfefe395f11ecdcf01b6d8b38a5dce8,55884
revision_outputs/cg_suite/E3_mask_ablation/spatial_tile/grid_256/cnn_lstm_noinputmask/linear/split_seed_43/config_snapshot.json,6aaf54ced951288004a470d425895ae79dfa97d3a7cd24ae54cd745763f3cef8,1799
revision_outputs/cg_suite/E3_mask_ablation/spatial_tile/grid_256/cnn_lstm_noinputmask/linear/split_seed_43/last_input_map.npy,9a48065e98df9bb0200b16e885c5e0f98373d92e1fd0195829a8f8628f9ede66,262272
revision_outputs/cg_suite/E3_mask_ablation/spatial_tile/grid_256/cnn_lstm_noinputmask/linear/split_seed_43/metrics.csv,a0266b67bb6e3a6c2e5a5df54ae2f0ee8d98381a17c17d7b24125c3dfa0425cf,788
revision_outputs/cg_suite/E3_mask_ablation/spatial_tile/grid_256/cnn_lstm_noinputmask/linear/split_seed_43/metrics.json,2b30ce55bf2d21efa5f1da9113187e11a96b0f086062d277f4943f4038863b85,1018
revision_outputs/cg_suite/E3_mask_ablation/spatial_tile/grid_256/cnn_lstm_noinputmask/linear/split_seed_43/prediction_map.npy,1d99c6966fa70e802cc862e50cf6fb1acdf0c3e44b82d8af8258fcbb94036f98,262272
revision_outputs/cg_suite/E3_mask_ablation/spatial_tile/grid_256/cnn_lstm_noinputmask/linear/split_seed_43/reference_vs_prediction.png,a33fc2db36038ba4cd0eb096d0a21a5202bb42f553ce84e06459016e24b9035d,424217
revision_outputs/cg_suite/E3_mask_ablation/spatial_tile/grid_256/cnn_lstm_noinputmask/linear/split_seed_43/residual_plot.png,2933e02ba29a2533a4ec12b48c93dd68b0f05b0bf08e16f103c5c3c476edf2e9,33866
revision_outputs/cg_suite/E3_mask_ablation/spatial_tile/grid_256/cnn_lstm_noinputmask/linear/split_seed_43/scatter_true_vs_pred.png,35eb4f9bb7dd7de9b08e3da1712e5cbf2b78a3d3a88f640741d7e4b7bf4681cc,46176
revision_outputs/cg_suite/E3_mask_ablation/spatial_tile/grid_256/cnn_lstm_noinputmask/linear/split_seed_43/split_masks.npz,b323933f7c125c832058aa2565acec87c0366ed7ad0b10fe8efeb214892db378,4960
revision_outputs/cg_suite/E3_mask_ablation/spatial_tile/grid_256/cnn_lstm_noinputmask/linear/split_seed_43/target_map.npy,1e59eb26cb015535fc837f588d10b6c675b78ad23f6259fdd0725a814f18b221,262272
revision_outputs/cg_suite/E3_mask_ablation/spatial_tile/grid_256/cnn_lstm_noinputmask/linear/split_seed_43/training_history.csv,09cd110dce6cc7c870efa81a597e1bb1922dd5a165ed330331e0d997ec30a824,527
revision_outputs/cg_suite/E3_mask_ablation/spatial_tile/grid_256/cnn_lstm_noinputmask/linear/split_seed_44/binned_error.png,fc3d91e273093551f02039c7384b3eec8e600a1a2849fb9919ea5890f7042695,41661
revision_outputs/cg_suite/E3_mask_ablation/spatial_tile/grid_256/cnn_lstm_noinputmask/linear/split_seed_44/binned_residuals_boxplot.png,c2d7be11753b69103adf31f87f55d02df6a0c4e2561096aa73ac0c8e24d0eb63,55668
revision_outputs/cg_suite/E3_mask_ablation/spatial_tile/grid_256/cnn_lstm_noinputmask/linear/split_seed_44/config_snapshot.json,7de6200939c2b12395bf7893ddb316923f7f580349170291a203f42c4df08142,1799
revision_outputs/cg_suite/E3_mask_ablation/spatial_tile/grid_256/cnn_lstm_noinputmask/linear/split_seed_44/last_input_map.npy,9a48065e98df9bb0200b16e885c5e0f98373d92e1fd0195829a8f8628f9ede66,262272
revision_outputs/cg_suite/E3_mask_ablation/spatial_tile/grid_256/cnn_lstm_noinputmask/linear/split_seed_44/metrics.csv,b9cc5d0b0e0b1510692bc261f97b05880f20af854b673d49f153b36c42e574d6,790
revision_outputs/cg_suite/E3_mask_ablation/spatial_tile/grid_256/cnn_lstm_noinputmask/linear/split_seed_44/metrics.json,71fd420cdfb3e1246eeb3a73575d482424b1e6b1fe2c8d4b2d84a18e272648a7,1020
revision_outputs/cg_suite/E3_mask_ablation/spatial_tile/grid_256/cnn_lstm_noinputmask/linear/split_seed_44/prediction_map.npy,f2b9c2eff373d49be7dbb496de106cd317831894575f76be6ee3c17b261b6d35,262272
revision_outputs/cg_suite/E3_mask_ablation/spatial_tile/grid_256/cnn_lstm_noinputmask/linear/split_seed_44/reference_vs_prediction.png,546e350930efd2ec197ec4f65916754be5a73c306560c3ae512b98e0680efbf9,401374
revision_outputs/cg_suite/E3_mask_ablation/spatial_tile/grid_256/cnn_lstm_noinputmask/linear/split_seed_44/residual_plot.png,16fdda81e1c2bbda50cb20aad8b5845f8d32fcb61f52588133cadd3ee2dc4492,33488
revision_outputs/cg_suite/E3_mask_ablation/spatial_tile/grid_256/cnn_lstm_noinputmask/linear/split_seed_44/scatter_true_vs_pred.png,8d7ecac6ea84f230742ddfa8b0079ea3ca62d5dd5a5e76f451e83e3f4d2dc45d,45700
revision_outputs/cg_suite/E3_mask_ablation/spatial_tile/grid_256/cnn_lstm_noinputmask/linear/split_seed_44/split_masks.npz,dc4e472d4ff09f561e1361da6f2d4a7c3bb5470862a13b149e680a480bc8139b,5058
revision_outputs/cg_suite/E3_mask_ablation/spatial_tile/grid_256/cnn_lstm_noinputmask/linear/split_seed_44/target_map.npy,1e59eb26cb015535fc837f588d10b6c675b78ad23f6259fdd0725a814f18b221,262272
revision_outputs/cg_suite/E3_mask_ablation/spatial_tile/grid_256/cnn_lstm_noinputmask/linear/split_seed_44/training_history.csv,d898aee518b7dffa5fe9489200a1d3b97561ea630fcbf1d28ed2456983b8d2ab,489
revision_outputs/cg_suite/E3_mask_ablation/spatial_tile/grid_256/cnn_lstm_noinputmask/linear/split_seed_45/binned_error.png,133f7f549c7191ceeb8e6f641f6b3a6bdf6ccefc4e7858e72c3fbd1c672b11c2,40254
revision_outputs/cg_suite/E3_mask_ablation/spatial_tile/grid_256/cnn_lstm_noinputmask/linear/split_seed_45/binned_residuals_boxplot.png,7ab1395a662061e327bedef9a9aa670724ccba879aa69865cb60f0d77a621a28,49546
revision_outputs/cg_suite/E3_mask_ablation/spatial_tile/grid_256/cnn_lstm_noinputmask/linear/split_seed_45/config_snapshot.json,e83c25e44818d19ed70c6c3f71ef37f267cbf6aa1609d74f28b1962fec81b26e,1799
revision_outputs/cg_suite/E3_mask_ablation/spatial_tile/grid_256/cnn_lstm_noinputmask/linear/split_seed_45/last_input_map.npy,9a48065e98df9bb0200b16e885c5e0f98373d92e1fd0195829a8f8628f9ede66,262272
revision_outputs/cg_suite/E3_mask_ablation/spatial_tile/grid_256/cnn_lstm_noinputmask/linear/split_seed_45/metrics.csv,17155fd632bedf51c324979d0fcf5f975a75570ff5a4bacb88ce321a9cc25e5c,784
revision_outputs/cg_suite/E3_mask_ablation/spatial_tile/grid_256/cnn_lstm_noinputmask/linear/split_seed_45/metrics.json,9ba4258ac3e4c00fb259fb97c40e680826ea64308b5e04df7b1a566363025a3f,1014
revision_outputs/cg_suite/E3_mask_ablation/spatial_tile/grid_256/cnn_lstm_noinputmask/linear/split_seed_45/prediction_map.npy,18734fb17c56ca9297f7c997ce1887536545c4e0a592609c334646a8b31114e2,262272
revision_outputs/cg_suite/E3_mask_ablation/spatial_tile/grid_256/cnn_lstm_noinputmask/linear/split_seed_45/reference_vs_prediction.png,3caefe1281582e98eb57befe904ab60242ec4669cf94fcaa2beb521f4bc6c703,392485
revision_outputs/cg_suite/E3_mask_ablation/spatial_tile/grid_256/cnn_lstm_noinputmask/linear/split_seed_45/residual_plot.png,ff226cd7f3cd1cb3c93a46dea040206e9bfc738d489cd0a3eaee696fa8d6110f,40468
revision_outputs/cg_suite/E3_mask_ablation/spatial_tile/grid_256/cnn_lstm_noinputmask/linear/split_seed_45/scatter_true_vs_pred.png,7a1f1f36d03b33e675e7cf1b7eafdf50acd3ed4a14ca849775169b3bddaeab14,53761
revision_outputs/cg_suite/E3_mask_ablation/spatial_tile/grid_256/cnn_lstm_noinputmask/linear/split_seed_45/split_masks.npz,9f4427996aac0677942e3dcb92a43587024aa3e8af163de64f4941b1377e52b0,4987
revision_outputs/cg_suite/E3_mask_ablation/spatial_tile/grid_256/cnn_lstm_noinputmask/linear/split_seed_45/target_map.npy,1e59eb26cb015535fc837f588d10b6c675b78ad23f6259fdd0725a814f18b221,262272
revision_outputs/cg_suite/E3_mask_ablation/spatial_tile/grid_256/cnn_lstm_noinputmask/linear/split_seed_45/training_history.csv,3816569d99abee9ab950b2e9a07a244abf2831bb87333bad39cf8567d5aad1d8,480
revision_outputs/cg_suite/E3_mask_ablation/spatial_tile/grid_256/cnn_lstm_noinputmask/linear/split_seed_46/binned_error.png,982277ab29b3d846d091d774f60ff30a3200cb7396de57f7891864f14bcff557,37979
revision_outputs/cg_suite/E3_mask_ablation/spatial_tile/grid_256/cnn_lstm_noinputmask/linear/split_seed_46/binned_residuals_boxplot.png,68361f073e466df88db96404b5b54295980e3c6c5d71d424ee086252abdf713f,55140
revision_outputs/cg_suite/E3_mask_ablation/spatial_tile/grid_256/cnn_lstm_noinputmask/linear/split_seed_46/config_snapshot.json,ade555db35428af12d89e3c8bffb639b36abd215ba7d970f5aeda89372c0f2db,1799
revision_outputs/cg_suite/E3_mask_ablation/spatial_tile/grid_256/cnn_lstm_noinputmask/linear/split_seed_46/last_input_map.npy,9a48065e98df9bb0200b16e885c5e0f98373d92e1fd0195829a8f8628f9ede66,262272
revision_outputs/cg_suite/E3_mask_ablation/spatial_tile/grid_256/cnn_lstm_noinputmask/linear/split_seed_46/metrics.csv,2ba5b0c8da09fcc6eafc38b9d4b67276cc7ef5072a2e283f5f8a025aca319b7b,787
revision_outputs/cg_suite/E3_mask_ablation/spatial_tile/grid_256/cnn_lstm_noinputmask/linear/split_seed_46/metrics.json,b70c18d9a38334072b770de104530b24c085721503984c660e9b60261ddf77c5,1017
revision_outputs/cg_suite/E3_mask_ablation/spatial_tile/grid_256/cnn_lstm_noinputmask/linear/split_seed_46/prediction_map.npy,dfe2e9aa5a76550ca5d8180f94ca25b109a24ac9e7046d2e337d940ad8076a92,262272
revision_outputs/cg_suite/E3_mask_ablation/spatial_tile/grid_256/cnn_lstm_noinputmask/linear/split_seed_46/reference_vs_prediction.png,2cf9a2c11202a7932d695670be0a23d1f6846cf49bcf99d3a80306bfe6f66b21,386065
revision_outputs/cg_suite/E3_mask_ablation/spatial_tile/grid_256/cnn_lstm_noinputmask/linear/split_seed_46/residual_plot.png,67eef19acee0f8a5875e3f50228b8d75e73a2d343180cf1b475e334ae81512e2,36292
revision_outputs/cg_suite/E3_mask_ablation/spatial_tile/grid_256/cnn_lstm_noinputmask/linear/split_seed_46/scatter_true_vs_pred.png,5263280f85b48cd61539c9c263545345056c04ca9663fe93966a197a077d94cf,49112
revision_outputs/cg_suite/E3_mask_ablation/spatial_tile/grid_256/cnn_lstm_noinputmask/linear/split_seed_46/split_masks.npz,b147155d168780531b89106b8cff37420d8650cce600f3ae472a5a857fa46329,5022
revision_outputs/cg_suite/E3_mask_ablation/spatial_tile/grid_256/cnn_lstm_noinputmask/linear/split_seed_46/target_map.npy,1e59eb26cb015535fc837f588d10b6c675b78ad23f6259fdd0725a814f18b221,262272
revision_outputs/cg_suite/E3_mask_ablation/spatial_tile/grid_256/cnn_lstm_noinputmask/linear/split_seed_46/training_history.csv,fd4d5afa2b31f7dfb739ac8c14ba7bef7a9bfac70a809d1c2643e1af791ac38f,534
revision_outputs/cg_suite/E3_mask_ablation/spatial_tile/grid_256/cnn_lstm_nolossmask/linear/split_seed_42/binned_error.png,98ae9e70534e9a93e056697b24b58f9eeee11ff12677f7d8388d8732c6f73e7e,39275
revision_outputs/cg_suite/E3_mask_ablation/spatial_tile/grid_256/cnn_lstm_nolossmask/linear/split_seed_42/binned_residuals_boxplot.png,e919aef892857a692b6143396771a8be29f159be5f749239c09cc8524e249489,53487
revision_outputs/cg_suite/E3_mask_ablation/spatial_tile/grid_256/cnn_lstm_nolossmask/linear/split_seed_42/config_snapshot.json,d2c81c89f2f686840d49dfdda02ccfca1d21f3126f64f3a8240255c69afdf164,1799
revision_outputs/cg_suite/E3_mask_ablation/spatial_tile/grid_256/cnn_lstm_nolossmask/linear/split_seed_42/last_input_map.npy,9a48065e98df9bb0200b16e885c5e0f98373d92e1fd0195829a8f8628f9ede66,262272
revision_outputs/cg_suite/E3_mask_ablation/spatial_tile/grid_256/cnn_lstm_nolossmask/linear/split_seed_42/metrics.csv,0b2479ae105d0b925aa26e2ca783cd9c072771f74c92cb2f768d1cabbaab516e,785
revision_outputs/cg_suite/E3_mask_ablation/spatial_tile/grid_256/cnn_lstm_nolossmask/linear/split_seed_42/metrics.json,3c52a1f05cea00c128f2d773053c6c5ff552212d963310f6214b82c58b5c3174,1015
revision_outputs/cg_suite/E3_mask_ablation/spatial_tile/grid_256/cnn_lstm_nolossmask/linear/split_seed_42/prediction_map.npy,cf3e882e216ed6cff91b7b2f4da0f16803c6b7e0249bf3910feb20cc0d01a801,262272
revision_outputs/cg_suite/E3_mask_ablation/spatial_tile/grid_256/cnn_lstm_nolossmask/linear/split_seed_42/reference_vs_prediction.png,2627c664bd4570de6b13e3af916d88f0a08c5cd594ce1f7c43a691b6a6cccfc9,447246
revision_outputs/cg_suite/E3_mask_ablation/spatial_tile/grid_256/cnn_lstm_nolossmask/linear/split_seed_42/residual_plot.png,431a39f648f9e18cd51befd1d22dcba44aa5b5af280669ec75c58bb362a2944a,33894
revision_outputs/cg_suite/E3_mask_ablation/spatial_tile/grid_256/cnn_lstm_nolossmask/linear/split_seed_42/scatter_true_vs_pred.png,9af131ddb071a6ec08d1d77a68321258bd26afa97a5e509bc1950ff91a163c04,45758
revision_outputs/cg_suite/E3_mask_ablation/spatial_tile/grid_256/cnn_lstm_nolossmask/linear/split_seed_42/split_masks.npz,aa87bd7754c73033f6fbca318704cb344d8f8307fb9362cf868f12dc9d85a42e,5093
revision_outputs/cg_suite/E3_mask_ablation/spatial_tile/grid_256/cnn_lstm_nolossmask/linear/split_seed_42/target_map.npy,1e59eb26cb015535fc837f588d10b6c675b78ad23f6259fdd0725a814f18b221,262272
revision_outputs/cg_suite/E3_mask_ablation/spatial_tile/grid_256/cnn_lstm_nolossmask/linear/split_seed_42/training_history.csv,157942d35f07cd0b6c6eb7264e82a7a931859688505bce1d449faee70d8ad705,2146
revision_outputs/cg_suite/E3_mask_ablation/spatial_tile/grid_256/cnn_lstm_nolossmask/linear/split_seed_43/binned_error.png,ed1d877ddf4bf6e652a78af7d0f16886fcdb7784d12d341b2fb8984df329d2f7,41432
revision_outputs/cg_suite/E3_mask_ablation/spatial_tile/grid_256/cnn_lstm_nolossmask/linear/split_seed_43/binned_residuals_boxplot.png,ea3f2781ee769cc6117cf7cfeb13f01ad149723fe8174b5a839371f7a0ce1b54,55696
revision_outputs/cg_suite/E3_mask_ablation/spatial_tile/grid_256/cnn_lstm_nolossmask/linear/split_seed_43/config_snapshot.json,6aaf54ced951288004a470d425895ae79dfa97d3a7cd24ae54cd745763f3cef8,1799
revision_outputs/cg_suite/E3_mask_ablation/spatial_tile/grid_256/cnn_lstm_nolossmask/linear/split_seed_43/last_input_map.npy,9a48065e98df9bb0200b16e885c5e0f98373d92e1fd0195829a8f8628f9ede66,262272
revision_outputs/cg_suite/E3_mask_ablation/spatial_tile/grid_256/cnn_lstm_nolossmask/linear/split_seed_43/metrics.csv,ce3c8d44e70fe1a71c351309ecb2c1adc0a3cfe90fa38813370ee640fbfd916f,789
revision_outputs/cg_suite/E3_mask_ablation/spatial_tile/grid_256/cnn_lstm_nolossmask/linear/split_seed_43/metrics.json,ff39b2c73649169e1391d1be484725e4f3883d3ae9e13b0424a2b82a32519337,1019
revision_outputs/cg_suite/E3_mask_ablation/spatial_tile/grid_256/cnn_lstm_nolossmask/linear/split_seed_43/prediction_map.npy,882a284e48828b45b13e4b20370641b901bd18cdd4f50ee186717bbd193e72dc,262272
revision_outputs/cg_suite/E3_mask_ablation/spatial_tile/grid_256/cnn_lstm_nolossmask/linear/split_seed_43/reference_vs_prediction.png,c56599efe2b7c6662c50602e474a2fc0fa762d1338eeb5bdb184b8e32b211f6a,441834
revision_outputs/cg_suite/E3_mask_ablation/spatial_tile/grid_256/cnn_lstm_nolossmask/linear/split_seed_43/residual_plot.png,0a48681e9f6a4a2949a6faf0b9d899593576b37b0217aadf1ef1853de252cf8f,33421
revision_outputs/cg_suite/E3_mask_ablation/spatial_tile/grid_256/cnn_lstm_nolossmask/linear/split_seed_43/scatter_true_vs_pred.png,b6e4bc96c9a48c8b864683a70c448e0f81b92493a8befbbf2aecf22710aff98f,45598
revision_outputs/cg_suite/E3_mask_ablation/spatial_tile/grid_256/cnn_lstm_nolossmask/linear/split_seed_43/split_masks.npz,b323933f7c125c832058aa2565acec87c0366ed7ad0b10fe8efeb214892db378,4960
revision_outputs/cg_suite/E3_mask_ablation/spatial_tile/grid_256/cnn_lstm_nolossmask/linear/split_seed_43/target_map.npy,1e59eb26cb015535fc837f588d10b6c675b78ad23f6259fdd0725a814f18b221,262272
revision_outputs/cg_suite/E3_mask_ablation/spatial_tile/grid_256/cnn_lstm_nolossmask/linear/split_seed_43/training_history.csv,3559bfbe885e6884284b76d1c677b874534e04f31c0b4658ed9647fea533ab70,2158
revision_outputs/cg_suite/E3_mask_ablation/spatial_tile/grid_256/cnn_lstm_nolossmask/linear/split_seed_44/binned_error.png,32b6793e2e40e382a06956ed5d0cef8e8fdc853145d0bddd3b34a1c6fbfc4d0d,41509
revision_outputs/cg_suite/E3_mask_ablation/spatial_tile/grid_256/cnn_lstm_nolossmask/linear/split_seed_44/binned_residuals_boxplot.png,8b8174f6f851a0da6b26c3cbc1401ecf2ec6c91b540546bb420e61152667913e,55180
revision_outputs/cg_suite/E3_mask_ablation/spatial_tile/grid_256/cnn_lstm_nolossmask/linear/split_seed_44/config_snapshot.json,7de6200939c2b12395bf7893ddb316923f7f580349170291a203f42c4df08142,1799
revision_outputs/cg_suite/E3_mask_ablation/spatial_tile/grid_256/cnn_lstm_nolossmask/linear/split_seed_44/last_input_map.npy,9a48065e98df9bb0200b16e885c5e0f98373d92e1fd0195829a8f8628f9ede66,262272
revision_outputs/cg_suite/E3_mask_ablation/spatial_tile/grid_256/cnn_lstm_nolossmask/linear/split_seed_44/metrics.csv,bf8f805cbb493f740371265e7f5ea9c676ac3b22941873ab2fb2f548f825cb04,788
revision_outputs/cg_suite/E3_mask_ablation/spatial_tile/grid_256/cnn_lstm_nolossmask/linear/split_seed_44/metrics.json,f147f20fb045445647996c54e28f22d99e3f4b638b87ac353125982c7b1627f1,1018
revision_outputs/cg_suite/E3_mask_ablation/spatial_tile/grid_256/cnn_lstm_nolossmask/linear/split_seed_44/prediction_map.npy,5fb955d217fc79a053b0c41e99a178f85e10d2f26e70b28f3672a7925ccb0882,262272
revision_outputs/cg_suite/E3_mask_ablation/spatial_tile/grid_256/cnn_lstm_nolossmask/linear/split_seed_44/reference_vs_prediction.png,cd13da87f272d1428062418e74415ee8ad55eee7b26f6fbd6d25580e0297d8b3,437947
revision_outputs/cg_suite/E3_mask_ablation/spatial_tile/grid_256/cnn_lstm_nolossmask/linear/split_seed_44/residual_plot.png,c291b25c155c34a91c907fe9bf322db711b82fc874c877d05506b8acd3a3edcc,33311
revision_outputs/cg_suite/E3_mask_ablation/spatial_tile/grid_256/cnn_lstm_nolossmask/linear/split_seed_44/scatter_true_vs_pred.png,daa62c7e62266d90dad52d003f9e090ffd91f1b40da902eab27ec64f11e3a483,45543
revision_outputs/cg_suite/E3_mask_ablation/spatial_tile/grid_256/cnn_lstm_nolossmask/linear/split_seed_44/split_masks.npz,dc4e472d4ff09f561e1361da6f2d4a7c3bb5470862a13b149e680a480bc8139b,5058
revision_outputs/cg_suite/E3_mask_ablation/spatial_tile/grid_256/cnn_lstm_nolossmask/linear/split_seed_44/target_map.npy,1e59eb26cb015535fc837f588d10b6c675b78ad23f6259fdd0725a814f18b221,262272
revision_outputs/cg_suite/E3_mask_ablation/spatial_tile/grid_256/cnn_lstm_nolossmask/linear/split_seed_44/training_history.csv,c0c0d2896f7c2fc0ead0916c4723170f1d5a9a1655308c60c77faa8f6e726d87,2129
revision_outputs/cg_suite/E3_mask_ablation/spatial_tile/grid_256/cnn_lstm_nolossmask/linear/split_seed_45/binned_error.png,6e31c4e67ab8caa00ee8da0cd267e93752d5b86edb2e10a7110522c15a3f7113,42526
revision_outputs/cg_suite/E3_mask_ablation/spatial_tile/grid_256/cnn_lstm_nolossmask/linear/split_seed_45/binned_residuals_boxplot.png,35c9bb110bf6df8c4cd0876f5dbe96cb92b09697cf80aea8a0b6223ef0fce7be,50413
revision_outputs/cg_suite/E3_mask_ablation/spatial_tile/grid_256/cnn_lstm_nolossmask/linear/split_seed_45/config_snapshot.json,e83c25e44818d19ed70c6c3f71ef37f267cbf6aa1609d74f28b1962fec81b26e,1799
revision_outputs/cg_suite/E3_mask_ablation/spatial_tile/grid_256/cnn_lstm_nolossmask/linear/split_seed_45/last_input_map.npy,9a48065e98df9bb0200b16e885c5e0f98373d92e1fd0195829a8f8628f9ede66,262272
revision_outputs/cg_suite/E3_mask_ablation/spatial_tile/grid_256/cnn_lstm_nolossmask/linear/split_seed_45/metrics.csv,e394e24ef5f62d6828da15b1056d61ac0a3cc05a0364aff73841ddc622faafcb,792
revision_outputs/cg_suite/E3_mask_ablation/spatial_tile/grid_256/cnn_lstm_nolossmask/linear/split_seed_45/metrics.json,14564be05d8687bd82c3adda6997b824b2cdac2befb8c8134f13a02080daea77,1022
revision_outputs/cg_suite/E3_mask_ablation/spatial_tile/grid_256/cnn_lstm_nolossmask/linear/split_seed_45/prediction_map.npy,6dff817bd4d5b00aed9ed6b292d099196d82e420b111ca48c2b85d6a9c7453e0,262272
revision_outputs/cg_suite/E3_mask_ablation/spatial_tile/grid_256/cnn_lstm_nolossmask/linear/split_seed_45/reference_vs_prediction.png,e01b7cd66f2868dd03731b7fe884b457b45c9ae48d6444a8213e4f2eafab200f,451001
revision_outputs/cg_suite/E3_mask_ablation/spatial_tile/grid_256/cnn_lstm_nolossmask/linear/split_seed_45/residual_plot.png,e0afa816e2b57694fedb0f930f9a5ca952afccc7c102932503ff0ff3d9bea891,41483
revision_outputs/cg_suite/E3_mask_ablation/spatial_tile/grid_256/cnn_lstm_nolossmask/linear/split_seed_45/scatter_true_vs_pred.png,0c22a922c77031e034bcd30fa6973806492eae31f63d6604b8ebe50ae123bc8c,56529
revision_outputs/cg_suite/E3_mask_ablation/spatial_tile/grid_256/cnn_lstm_nolossmask/linear/split_seed_45/split_masks.npz,9f4427996aac0677942e3dcb92a43587024aa3e8af163de64f4941b1377e52b0,4987
revision_outputs/cg_suite/E3_mask_ablation/spatial_tile/grid_256/cnn_lstm_nolossmask/linear/split_seed_45/target_map.npy,1e59eb26cb015535fc837f588d10b6c675b78ad23f6259fdd0725a814f18b221,262272
revision_outputs/cg_suite/E3_mask_ablation/spatial_tile/grid_256/cnn_lstm_nolossmask/linear/split_seed_45/training_history.csv,ca4d958ab3cbb6684c5bebcdb01ee4428408d3e75efea60093f9af0b018736e9,2149
revision_outputs/cg_suite/E3_mask_ablation/spatial_tile/grid_256/cnn_lstm_nolossmask/linear/split_seed_46/binned_error.png,f8ed26c3a30fce1b1bb47792ce639ee547e16b7c540a856c139f14bb755c14aa,37939
revision_outputs/cg_suite/E3_mask_ablation/spatial_tile/grid_256/cnn_lstm_nolossmask/linear/split_seed_46/binned_residuals_boxplot.png,16c8a5329319664665346220d35af483ffa5e44aafd6e0039304dc73c24c8fda,55256
revision_outputs/cg_suite/E3_mask_ablation/spatial_tile/grid_256/cnn_lstm_nolossmask/linear/split_seed_46/config_snapshot.json,ade555db35428af12d89e3c8bffb639b36abd215ba7d970f5aeda89372c0f2db,1799
revision_outputs/cg_suite/E3_mask_ablation/spatial_tile/grid_256/cnn_lstm_nolossmask/linear/split_seed_46/last_input_map.npy,9a48065e98df9bb0200b16e885c5e0f98373d92e1fd0195829a8f8628f9ede66,262272
revision_outputs/cg_suite/E3_mask_ablation/spatial_tile/grid_256/cnn_lstm_nolossmask/linear/split_seed_46/metrics.csv,2919a6cb8095d445957c27effb9c1ae2ca2fc600c34e3d20839225dfa4146a0b,786
revision_outputs/cg_suite/E3_mask_ablation/spatial_tile/grid_256/cnn_lstm_nolossmask/linear/split_seed_46/metrics.json,429b2918a937dcc9fa0ed056c98c6e881b1932fd50dfe04a2d1cae0783116591,1016
revision_outputs/cg_suite/E3_mask_ablation/spatial_tile/grid_256/cnn_lstm_nolossmask/linear/split_seed_46/prediction_map.npy,6ad1d6c0eeed49eea6628f99a1a9473c35bf53c67db5f064be32837fd55f6462,262272
revision_outputs/cg_suite/E3_mask_ablation/spatial_tile/grid_256/cnn_lstm_nolossmask/linear/split_seed_46/reference_vs_prediction.png,0d3bd6d9876c49dea9a52ac06111be03c1c54cc3222485983881354de64898be,447045
revision_outputs/cg_suite/E3_mask_ablation/spatial_tile/grid_256/cnn_lstm_nolossmask/linear/split_seed_46/residual_plot.png,2cf7baee21d209294cce3f2294606dc94c4f99103f27c6693b5ff63aa01f156c,36474
revision_outputs/cg_suite/E3_mask_ablation/spatial_tile/grid_256/cnn_lstm_nolossmask/linear/split_seed_46/scatter_true_vs_pred.png,b0b5110c61e0f7f04be4053d6e9a1777c1efc40d9a898b5dbb4b5b3bb62be301,49506
revision_outputs/cg_suite/E3_mask_ablation/spatial_tile/grid_256/cnn_lstm_nolossmask/linear/split_seed_46/split_masks.npz,b147155d168780531b89106b8cff37420d8650cce600f3ae472a5a857fa46329,5022
revision_outputs/cg_suite/E3_mask_ablation/spatial_tile/grid_256/cnn_lstm_nolossmask/linear/split_seed_46/target_map.npy,1e59eb26cb015535fc837f588d10b6c675b78ad23f6259fdd0725a814f18b221,262272
revision_outputs/cg_suite/E3_mask_ablation/spatial_tile/grid_256/cnn_lstm_nolossmask/linear/split_seed_46/training_history.csv,c53988836cfa15fab51f95dc109b2984994069240846581c6828aaccca450a68,2130
revision_outputs/cg_suite/E3_mask_ablation/spatial_tile/grid_256/mask_ablation_summary.csv,0e425ed302d16c26d64fb62055b575038b4d455ebda517f344760412bfb56604,1159
revision_outputs/cg_suite/E3_mask_ablation/spatial_tile/grid_256/seed_level_mask_ablation.csv,60342eeab4dd818e843e2279aae10f9565f4f957ce1219f8973f1fc2f81f6e78,2887
revision_outputs/cg_suite/E4_interpolation_sensitivity/spatial_tile/grid_256/forecast_metric_deltas.csv,a93cc792fee29b7992ace9e8afbf5542b8988b126a6805c71d5c9280bcadff47,9295
revision_outputs/cg_suite/E4_interpolation_sensitivity/spatial_tile/grid_256/forecast_metric_summary.csv,ed31f66ef97ed2276baf9f327d81008682dfe8bee83e3a8f261e3ce54068824a,3486
revision_outputs/cg_suite/E4_interpolation_sensitivity/spatial_tile/grid_256/idw/cnn_lstm_maskaware/idw/split_seed_42/binned_error.png,4aeef2273e0dfcd5f1b99d65e073bdd01586d82daba9c9c4e7a0a3dd256a88d3,42283
revision_outputs/cg_suite/E4_interpolation_sensitivity/spatial_tile/grid_256/idw/cnn_lstm_maskaware/idw/split_seed_42/binned_residuals_boxplot.png,363077d584e8f85e1b40664bff8771a874f0e5a03c033bf523e98778750839d9,53492
revision_outputs/cg_suite/E4_interpolation_sensitivity/spatial_tile/grid_256/idw/cnn_lstm_maskaware/idw/split_seed_42/config_snapshot.json,5d7f723d7a95063429c7cde5c621612d29fe7042638e04e7dd56dddefe5d5cbc,1813
revision_outputs/cg_suite/E4_interpolation_sensitivity/spatial_tile/grid_256/idw/cnn_lstm_maskaware/idw/split_seed_42/last_input_map.npy,38173f0a2b4cb314d00e6ac8afa55ee98e8a95c9f75ff245537375e54843ef74,262272
revision_outputs/cg_suite/E4_interpolation_sensitivity/spatial_tile/grid_256/idw/cnn_lstm_maskaware/idw/split_seed_42/metrics.csv,09c3acfb3c80c3d2c94ad7351232cc5dd8a2d65123bfe53efef4a3b4db288805,786
revision_outputs/cg_suite/E4_interpolation_sensitivity/spatial_tile/grid_256/idw/cnn_lstm_maskaware/idw/split_seed_42/metrics.json,760c9001bb19a6c1dd8f04939016e2eaf5bdc312b38a1dfef662747c3a04dd6c,1016
revision_outputs/cg_suite/E4_interpolation_sensitivity/spatial_tile/grid_256/idw/cnn_lstm_maskaware/idw/split_seed_42/prediction_map.npy,d22abaa328a388a6e439846e72982c99aa1b1d0ea141b05729861a3335f63999,262272
revision_outputs/cg_suite/E4_interpolation_sensitivity/spatial_tile/grid_256/idw/cnn_lstm_maskaware/idw/split_seed_42/reference_vs_prediction.png,b646723da9cedc209265ee2d8b527a75c57afcee552cf42c13c0b82c7cdccb09,431794
revision_outputs/cg_suite/E4_interpolation_sensitivity/spatial_tile/grid_256/idw/cnn_lstm_maskaware/idw/split_seed_42/residual_plot.png,460bd0747a4a32fd7368704c1ea0275074a775759fa61139fe710fcc87901228,38241
revision_outputs/cg_suite/E4_interpolation_sensitivity/spatial_tile/grid_256/idw/cnn_lstm_maskaware/idw/split_seed_42/scatter_true_vs_pred.png,81569e5da0f47678763a3e4e4f92f40d0a0db70cd99391db4d3c62e25c657ae6,52416
revision_outputs/cg_suite/E4_interpolation_sensitivity/spatial_tile/grid_256/idw/cnn_lstm_maskaware/idw/split_seed_42/split_masks.npz,a179309a12a5b41eb9f99bac78a2c1982728c3aa6326ca24c130f57d4a3b4c78,2632
revision_outputs/cg_suite/E4_interpolation_sensitivity/spatial_tile/grid_256/idw/cnn_lstm_maskaware/idw/split_seed_42/target_map.npy,b4d5996e43a410128b03a8b09326940ca41bcbf5616a5c6faa9599ac8db34d97,262272
revision_outputs/cg_suite/E4_interpolation_sensitivity/spatial_tile/grid_256/idw/cnn_lstm_maskaware/idw/split_seed_42/training_history.csv,477e2aa947b2cb6ae8db753b612be3b1a1a143ccdf265460d4d7ea372eb593fa,540
revision_outputs/cg_suite/E4_interpolation_sensitivity/spatial_tile/grid_256/idw/cnn_lstm_maskaware/idw/split_seed_43/binned_error.png,c4014559ac297024bdb1ec8587d2a515b7fc061c14fba24e4d67dedf89f0ddc7,44948
revision_outputs/cg_suite/E4_interpolation_sensitivity/spatial_tile/grid_256/idw/cnn_lstm_maskaware/idw/split_seed_43/binned_residuals_boxplot.png,9428eab4de92614fcf4fa515e539def0b2a8fbe89d6a334a7f776ba15789b768,56472
revision_outputs/cg_suite/E4_interpolation_sensitivity/spatial_tile/grid_256/idw/cnn_lstm_maskaware/idw/split_seed_43/config_snapshot.json,b86e3b97c87cfc642abd22ebf7980134884a8e9c0b4f2ae01de56e9ae1d76a27,1813
revision_outputs/cg_suite/E4_interpolation_sensitivity/spatial_tile/grid_256/idw/cnn_lstm_maskaware/idw/split_seed_43/last_input_map.npy,38173f0a2b4cb314d00e6ac8afa55ee98e8a95c9f75ff245537375e54843ef74,262272
revision_outputs/cg_suite/E4_interpolation_sensitivity/spatial_tile/grid_256/idw/cnn_lstm_maskaware/idw/split_seed_43/metrics.csv,50e39e53d386ed1ca3bc46f4fdcc398c17a93769b62ecfbd6a05095823641411,783
revision_outputs/cg_suite/E4_interpolation_sensitivity/spatial_tile/grid_256/idw/cnn_lstm_maskaware/idw/split_seed_43/metrics.json,e2d0686037fe13f3e7b7a07c1ad07e75f757e73dd345255ad28bb33cb2c914f2,1013
revision_outputs/cg_suite/E4_interpolation_sensitivity/spatial_tile/grid_256/idw/cnn_lstm_maskaware/idw/split_seed_43/prediction_map.npy,a1a05380bc1596f03f32a63143b1c3de040e9db8f2676db9b89b84bb72ccfd46,262272
revision_outputs/cg_suite/E4_interpolation_sensitivity/spatial_tile/grid_256/idw/cnn_lstm_maskaware/idw/split_seed_43/reference_vs_prediction.png,dc8fe8896e9def12de0238e269fee551e284b79aa1604a9c3fd9a10dca619771,411473
revision_outputs/cg_suite/E4_interpolation_sensitivity/spatial_tile/grid_256/idw/cnn_lstm_maskaware/idw/split_seed_43/residual_plot.png,34bb44f76df04e487b6ebb5b9b22a6b19fbdce6ceff7aa63b6ed2b50ede69509,34191
revision_outputs/cg_suite/E4_interpolation_sensitivity/spatial_tile/grid_256/idw/cnn_lstm_maskaware/idw/split_seed_43/scatter_true_vs_pred.png,55ff5511c6a4208392ca0fe9c134d999cd814abcca67c3e3c357a258d38c3abc,46031
revision_outputs/cg_suite/E4_interpolation_sensitivity/spatial_tile/grid_256/idw/cnn_lstm_maskaware/idw/split_seed_43/split_masks.npz,8618034f74df22bb8f2b19f0df1ae6a3ec5fcdd02cee9d5e48131dfd5f6ab24b,2642
revision_outputs/cg_suite/E4_interpolation_sensitivity/spatial_tile/grid_256/idw/cnn_lstm_maskaware/idw/split_seed_43/target_map.npy,b4d5996e43a410128b03a8b09326940ca41bcbf5616a5c6faa9599ac8db34d97,262272
revision_outputs/cg_suite/E4_interpolation_sensitivity/spatial_tile/grid_256/idw/cnn_lstm_maskaware/idw/split_seed_43/training_history.csv,f2c2fac7e6c7e07bc25b41e9d419d244550eb2641fd1f6fdf793a3cacfa5c245,576
revision_outputs/cg_suite/E4_interpolation_sensitivity/spatial_tile/grid_256/idw/cnn_lstm_maskaware/idw/split_seed_44/binned_error.png,81fec83eb8df8ac40597799915bc242977e797ec030d918469ee699f94be4683,38539
revision_outputs/cg_suite/E4_interpolation_sensitivity/spatial_tile/grid_256/idw/cnn_lstm_maskaware/idw/split_seed_44/binned_residuals_boxplot.png,d004c88614bcb3210bf58d14fcb37884d30c08dc35c48be86b0e35ba4b6838b3,55222
revision_outputs/cg_suite/E4_interpolation_sensitivity/spatial_tile/grid_256/idw/cnn_lstm_maskaware/idw/split_seed_44/config_snapshot.json,680ec90676ec680c096d58813f9c4058100aaee0ec0edf563ef2be6b446d986d,1813
revision_outputs/cg_suite/E4_interpolation_sensitivity/spatial_tile/grid_256/idw/cnn_lstm_maskaware/idw/split_seed_44/last_input_map.npy,38173f0a2b4cb314d00e6ac8afa55ee98e8a95c9f75ff245537375e54843ef74,262272
revision_outputs/cg_suite/E4_interpolation_sensitivity/spatial_tile/grid_256/idw/cnn_lstm_maskaware/idw/split_seed_44/metrics.csv,51c9da6b80d0f7db1ff771eae1afb3b3b50516c4f7bd97ffeef426d565b3670a,782
revision_outputs/cg_suite/E4_interpolation_sensitivity/spatial_tile/grid_256/idw/cnn_lstm_maskaware/idw/split_seed_44/metrics.json,a5dfda125ba3d0de076c1b6351da88d86da5c30dd97d66d0926ce978bb12fb43,1012
revision_outputs/cg_suite/E4_interpolation_sensitivity/spatial_tile/grid_256/idw/cnn_lstm_maskaware/idw/split_seed_44/prediction_map.npy,8e435b0fbc3348e5a85f7627b7c10840b9aad1b8126b370b8cb7d4b9ab3011dd,262272
revision_outputs/cg_suite/E4_interpolation_sensitivity/spatial_tile/grid_256/idw/cnn_lstm_maskaware/idw/split_seed_44/reference_vs_prediction.png,9c490f31810b21ec396008fa8efdf35b9001d2201420dd432bcd29f12eded16f,438842
revision_outputs/cg_suite/E4_interpolation_sensitivity/spatial_tile/grid_256/idw/cnn_lstm_maskaware/idw/split_seed_44/residual_plot.png,9c7df4b046619468316120c906af217660f7eb135fec6a49ec65632196142b3f,37298
revision_outputs/cg_suite/E4_interpolation_sensitivity/spatial_tile/grid_256/idw/cnn_lstm_maskaware/idw/split_seed_44/scatter_true_vs_pred.png,c79fa617f2d01af134789ae751c3ea697f4e4beb30180f93e3b00311e283858d,50545
revision_outputs/cg_suite/E4_interpolation_sensitivity/spatial_tile/grid_256/idw/cnn_lstm_maskaware/idw/split_seed_44/split_masks.npz,b6f77dfdb1a47e344c555f93c1d5e4d6631bc7065b194c0820ab88ab1c96f928,2683
revision_outputs/cg_suite/E4_interpolation_sensitivity/spatial_tile/grid_256/idw/cnn_lstm_maskaware/idw/split_seed_44/target_map.npy,b4d5996e43a410128b03a8b09326940ca41bcbf5616a5c6faa9599ac8db34d97,262272
revision_outputs/cg_suite/E4_interpolation_sensitivity/spatial_tile/grid_256/idw/cnn_lstm_maskaware/idw/split_seed_44/training_history.csv,7cb555e6765b5430e0b3b02409acf989431241044d598b6a960459712482a432,526
revision_outputs/cg_suite/E4_interpolation_sensitivity/spatial_tile/grid_256/idw/cnn_lstm_maskaware/idw/split_seed_45/binned_error.png,3c610ae48f9c96e3c741bd87d0afbe90a544c6de5cda2f1a458148b60abaaa25,37387
revision_outputs/cg_suite/E4_interpolation_sensitivity/spatial_tile/grid_256/idw/cnn_lstm_maskaware/idw/split_seed_45/binned_residuals_boxplot.png,ad3b295eb8111503d05d50508fa498f51b708f705c0721224162edad780f4fb9,48441
revision_outputs/cg_suite/E4_interpolation_sensitivity/spatial_tile/grid_256/idw/cnn_lstm_maskaware/idw/split_seed_45/config_snapshot.json,52f09efb447e793c117fac8f1a50538a37ffe85a9a01e8af8616f91d7aa1702a,1813
revision_outputs/cg_suite/E4_interpolation_sensitivity/spatial_tile/grid_256/idw/cnn_lstm_maskaware/idw/split_seed_45/last_input_map.npy,38173f0a2b4cb314d00e6ac8afa55ee98e8a95c9f75ff245537375e54843ef74,262272
revision_outputs/cg_suite/E4_interpolation_sensitivity/spatial_tile/grid_256/idw/cnn_lstm_maskaware/idw/split_seed_45/metrics.csv,ad7dafd2e413c5754b3e915a54747413b392f1004cf6e4f5f0865b184854567a,777
revision_outputs/cg_suite/E4_interpolation_sensitivity/spatial_tile/grid_256/idw/cnn_lstm_maskaware/idw/split_seed_45/metrics.json,d5b4e7678437749e441d3a4b3dc360ec84b04a3bc7cd8ab6da23a33a0f400734,1007
revision_outputs/cg_suite/E4_interpolation_sensitivity/spatial_tile/grid_256/idw/cnn_lstm_maskaware/idw/split_seed_45/prediction_map.npy,bd52e5d5a850d40e6321470e025beac5ffa6b9dbaf2c3a6c5beba2529fe39177,262272
revision_outputs/cg_suite/E4_interpolation_sensitivity/spatial_tile/grid_256/idw/cnn_lstm_maskaware/idw/split_seed_45/reference_vs_prediction.png,2e578cf48765b817060b1b8a735dcfdf2b46bcd6a570dbbaa2fc9032a399d080,396594
revision_outputs/cg_suite/E4_interpolation_sensitivity/spatial_tile/grid_256/idw/cnn_lstm_maskaware/idw/split_seed_45/residual_plot.png,21a5d48a8b39369cfd7f65e0b76e69c6cc98f2b81feebc0d928fa7bb778c5e86,33539
revision_outputs/cg_suite/E4_interpolation_sensitivity/spatial_tile/grid_256/idw/cnn_lstm_maskaware/idw/split_seed_45/scatter_true_vs_pred.png,df0bfaa2c73aa4991f3fb4407ba0d00e0dcd40b35f5d4a5bdc1bfafcb597c1cf,48762
revision_outputs/cg_suite/E4_interpolation_sensitivity/spatial_tile/grid_256/idw/cnn_lstm_maskaware/idw/split_seed_45/split_masks.npz,9b4d56d755a687cabe862c1bdbbfb32b6fd7d7f5aa302dddb8aaa0730214ad21,2675
revision_outputs/cg_suite/E4_interpolation_sensitivity/spatial_tile/grid_256/idw/cnn_lstm_maskaware/idw/split_seed_45/target_map.npy,b4d5996e43a410128b03a8b09326940ca41bcbf5616a5c6faa9599ac8db34d97,262272
revision_outputs/cg_suite/E4_interpolation_sensitivity/spatial_tile/grid_256/idw/cnn_lstm_maskaware/idw/split_seed_45/training_history.csv,3f19dd23045612a1ff06cb60fce1076753711f847aab3fba0f1dd1fbcf869448,536
revision_outputs/cg_suite/E4_interpolation_sensitivity/spatial_tile/grid_256/idw/cnn_lstm_maskaware/idw/split_seed_46/binned_error.png,cd7b5a19d39b1dcbad86ed3f603ef036ec08cc94488d31a01ac3116f019cae95,38646
revision_outputs/cg_suite/E4_interpolation_sensitivity/spatial_tile/grid_256/idw/cnn_lstm_maskaware/idw/split_seed_46/binned_residuals_boxplot.png,8ab526a37f8b5d956d6f8aaa15363224e8dee9ec420cf35eafeb5b674e408402,54689
revision_outputs/cg_suite/E4_interpolation_sensitivity/spatial_tile/grid_256/idw/cnn_lstm_maskaware/idw/split_seed_46/config_snapshot.json,35c5d4724af9de33dc6f6b5a92b9e5a79c42af279290f0554fe614ffaaf54532,1813
revision_outputs/cg_suite/E4_interpolation_sensitivity/spatial_tile/grid_256/idw/cnn_lstm_maskaware/idw/split_seed_46/last_input_map.npy,38173f0a2b4cb314d00e6ac8afa55ee98e8a95c9f75ff245537375e54843ef74,262272
revision_outputs/cg_suite/E4_interpolation_sensitivity/spatial_tile/grid_256/idw/cnn_lstm_maskaware/idw/split_seed_46/metrics.csv,d8d0dfcb2d75bfae19c971351496cc69b1a13ab13fa2195c259efd992cbb6b3f,781
revision_outputs/cg_suite/E4_interpolation_sensitivity/spatial_tile/grid_256/idw/cnn_lstm_maskaware/idw/split_seed_46/metrics.json,a8c0692aab4fe15ad34415885aefd8bda6ec6097d31dc5155ca2bdf64755ac27,1011
revision_outputs/cg_suite/E4_interpolation_sensitivity/spatial_tile/grid_256/idw/cnn_lstm_maskaware/idw/split_seed_46/prediction_map.npy,19712dce38917ee60ec8b283d99c551668011b82aee8f7c43b1587ecd5f83892,262272
revision_outputs/cg_suite/E4_interpolation_sensitivity/spatial_tile/grid_256/idw/cnn_lstm_maskaware/idw/split_seed_46/reference_vs_prediction.png,4c1fe2023b6fe5494f3643e489cc873fa86418148b051050e4f676f53573d689,421322
revision_outputs/cg_suite/E4_interpolation_sensitivity/spatial_tile/grid_256/idw/cnn_lstm_maskaware/idw/split_seed_46/residual_plot.png,074d537d444bedef0918ff9d49d9b088b82e92df5f830ec3d7ec8720c55b0949,40838
revision_outputs/cg_suite/E4_interpolation_sensitivity/spatial_tile/grid_256/idw/cnn_lstm_maskaware/idw/split_seed_46/scatter_true_vs_pred.png,171a203f86da644216ab605d41bb3c201ca903f798ae90d8520c633274c4e2f7,54437
revision_outputs/cg_suite/E4_interpolation_sensitivity/spatial_tile/grid_256/idw/cnn_lstm_maskaware/idw/split_seed_46/split_masks.npz,3b3b1964b7db320f14534875802aceb75840c4a5c11d4dd6731d8fe0ce562a42,2784
revision_outputs/cg_suite/E4_interpolation_sensitivity/spatial_tile/grid_256/idw/cnn_lstm_maskaware/idw/split_seed_46/target_map.npy,b4d5996e43a410128b03a8b09326940ca41bcbf5616a5c6faa9599ac8db34d97,262272
revision_outputs/cg_suite/E4_interpolation_sensitivity/spatial_tile/grid_256/idw/cnn_lstm_maskaware/idw/split_seed_46/training_history.csv,96d7f5595c311f78d6c27bcbdcc724dacc749357af64f109922ad54c6248759e,687
revision_outputs/cg_suite/E4_interpolation_sensitivity/spatial_tile/grid_256/idw/lasso/idw/split_seed_42/alpha_sweep.csv,f6b558dc5f06cd2df9f358fe3c1599603835b39e5e4c45a22e577a070c19d1d8,188
revision_outputs/cg_suite/E4_interpolation_sensitivity/spatial_tile/grid_256/idw/lasso/idw/split_seed_42/binned_error.png,a1adf20b8d666c98b9dc3ae5581c9f9564ef928dce69264867dba4318eb12972,46721
revision_outputs/cg_suite/E4_interpolation_sensitivity/spatial_tile/grid_256/idw/lasso/idw/split_seed_42/binned_residuals_boxplot.png,5cef11733d89a673bccd0778aa6cc3958043ec91c64a4096bc6dd6db17ff0929,66116
revision_outputs/cg_suite/E4_interpolation_sensitivity/spatial_tile/grid_256/idw/lasso/idw/split_seed_42/config_snapshot.json,5d7f723d7a95063429c7cde5c621612d29fe7042638e04e7dd56dddefe5d5cbc,1813
revision_outputs/cg_suite/E4_interpolation_sensitivity/spatial_tile/grid_256/idw/lasso/idw/split_seed_42/metrics.csv,aca62965f8cf87764d4479172910fc0dd31a3381cfb9087e698e7d5218340f6e,495
revision_outputs/cg_suite/E4_interpolation_sensitivity/spatial_tile/grid_256/idw/lasso/idw/split_seed_42/metrics.json,6354bd5e3427e5e04f8f63838d7c837fb7b13ec2ce0eb82497de329ff74b0e70,649
revision_outputs/cg_suite/E4_interpolation_sensitivity/spatial_tile/grid_256/idw/lasso/idw/split_seed_42/prediction_map.npy,fa4f587889a6117c0c776a653daf5d8f165b7d64f1ad517dafc34c7c99aac91d,262272
revision_outputs/cg_suite/E4_interpolation_sensitivity/spatial_tile/grid_256/idw/lasso/idw/split_seed_42/reference_vs_prediction.png,281f4eed8091d84296f6e7b7ea7f36e56e4be98f73f5daeffaf9c0aa45f6d228,523852
revision_outputs/cg_suite/E4_interpolation_sensitivity/spatial_tile/grid_256/idw/lasso/idw/split_seed_42/residual_plot.png,e383a94172bce546b32c494700ae179053b1b5af961a98972ece1ceb972f34b7,65408
revision_outputs/cg_suite/E4_interpolation_sensitivity/spatial_tile/grid_256/idw/lasso/idw/split_seed_42/scatter_true_vs_pred.png,481801db792e571cc94d7d5706f6cdb512bc6cce07c877ed6c6ddecefa501f26,70338
revision_outputs/cg_suite/E4_interpolation_sensitivity/spatial_tile/grid_256/idw/lasso/idw/split_seed_42/split_masks.npz,a179309a12a5b41eb9f99bac78a2c1982728c3aa6326ca24c130f57d4a3b4c78,2632
revision_outputs/cg_suite/E4_interpolation_sensitivity/spatial_tile/grid_256/idw/lasso/idw/split_seed_42/target_map.npy,b4d5996e43a410128b03a8b09326940ca41bcbf5616a5c6faa9599ac8db34d97,262272
revision_outputs/cg_suite/E4_interpolation_sensitivity/spatial_tile/grid_256/idw/lasso/idw/split_seed_43/alpha_sweep.csv,3fd0ecd16e7f676e82343d8c6e5098eb211332a503ec14627752311d6dca1632,188
revision_outputs/cg_suite/E4_interpolation_sensitivity/spatial_tile/grid_256/idw/lasso/idw/split_seed_43/binned_error.png,efbd57158bfc2b2ed2780808c59749851ce5084ed2bfcf7a85f8c4d3cb469f93,54050
revision_outputs/cg_suite/E4_interpolation_sensitivity/spatial_tile/grid_256/idw/lasso/idw/split_seed_43/binned_residuals_boxplot.png,aedb346a2f3c78ec8c492ae1aa18f23e09eb04838d3c58dc00b58b20b287113a,64962
revision_outputs/cg_suite/E4_interpolation_sensitivity/spatial_tile/grid_256/idw/lasso/idw/split_seed_43/config_snapshot.json,b86e3b97c87cfc642abd22ebf7980134884a8e9c0b4f2ae01de56e9ae1d76a27,1813
revision_outputs/cg_suite/E4_interpolation_sensitivity/spatial_tile/grid_256/idw/lasso/idw/split_seed_43/metrics.csv,08297a3c069417065b6204610c92b0248fe397dffc2b56e32a816e9eddcee83a,496
revision_outputs/cg_suite/E4_interpolation_sensitivity/spatial_tile/grid_256/idw/lasso/idw/split_seed_43/metrics.json,1bf20bf21cde2e956fdcbc294ca375054038875f74beb918f19a7ca0a269ce84,650
revision_outputs/cg_suite/E4_interpolation_sensitivity/spatial_tile/grid_256/idw/lasso/idw/split_seed_43/prediction_map.npy,284fae68ace1faff6b16a111ba1921b03d905552e47c8ef44586a8c2633d31c0,262272
revision_outputs/cg_suite/E4_interpolation_sensitivity/spatial_tile/grid_256/idw/lasso/idw/split_seed_43/reference_vs_prediction.png,be66b32333d3582a6626a3edc837882def0526c7fe85b37a99f330f8c887974f,524058
revision_outputs/cg_suite/E4_interpolation_sensitivity/spatial_tile/grid_256/idw/lasso/idw/split_seed_43/residual_plot.png,23d10c26b6ddcad54be63a1445685fba601bad8fd9f4e035c9175fc84a4f4c4e,62192
revision_outputs/cg_suite/E4_interpolation_sensitivity/spatial_tile/grid_256/idw/lasso/idw/split_seed_43/scatter_true_vs_pred.png,f2c407d89e0330db79385479c5f4f231f815dc36df527faae5c272b6075b19fd,54029
revision_outputs/cg_suite/E4_interpolation_sensitivity/spatial_tile/grid_256/idw/lasso/idw/split_seed_43/split_masks.npz,8618034f74df22bb8f2b19f0df1ae6a3ec5fcdd02cee9d5e48131dfd5f6ab24b,2642
revision_outputs/cg_suite/E4_interpolation_sensitivity/spatial_tile/grid_256/idw/lasso/idw/split_seed_43/target_map.npy,b4d5996e43a410128b03a8b09326940ca41bcbf5616a5c6faa9599ac8db34d97,262272
revision_outputs/cg_suite/E4_interpolation_sensitivity/spatial_tile/grid_256/idw/lasso/idw/split_seed_44/alpha_sweep.csv,7865c20345293237572bbd872c22aabe5c902dab5fea566c1e1742a6248f6ccc,188
revision_outputs/cg_suite/E4_interpolation_sensitivity/spatial_tile/grid_256/idw/lasso/idw/split_seed_44/binned_error.png,73bf235edc9f72543889a71abc1379dc2b152a50cfd6de5c86fd2086ab71fea2,36785
revision_outputs/cg_suite/E4_interpolation_sensitivity/spatial_tile/grid_256/idw/lasso/idw/split_seed_44/binned_residuals_boxplot.png,a78ddda1d8adf1fea72ff38c765fc0d4841937e8b70109355eb9200b249d23a5,70570
revision_outputs/cg_suite/E4_interpolation_sensitivity/spatial_tile/grid_256/idw/lasso/idw/split_seed_44/config_snapshot.json,680ec90676ec680c096d58813f9c4058100aaee0ec0edf563ef2be6b446d986d,1813
revision_outputs/cg_suite/E4_interpolation_sensitivity/spatial_tile/grid_256/idw/lasso/idw/split_seed_44/metrics.csv,dbe30ea0fe2c78b2be9b9d434e212d629f5646968be2dc75e3074fe6d604d6ad,497
revision_outputs/cg_suite/E4_interpolation_sensitivity/spatial_tile/grid_256/idw/lasso/idw/split_seed_44/metrics.json,11a175dea12fb1c527633baa5e0b64f7126e5e99ec95b3030f965a432cf31f96,651
revision_outputs/cg_suite/E4_interpolation_sensitivity/spatial_tile/grid_256/idw/lasso/idw/split_seed_44/prediction_map.npy,abd5d2da2c7a905585fce5f1c5107b88e6a2a0a348c371956e7aa3722c2046d5,262272
revision_outputs/cg_suite/E4_interpolation_sensitivity/spatial_tile/grid_256/idw/lasso/idw/split_seed_44/reference_vs_prediction.png,15e474d943d901782da7993ec9749774bf8461236dd977b71237dc0d7974b9a6,524338
revision_outputs/cg_suite/E4_interpolation_sensitivity/spatial_tile/grid_256/idw/lasso/idw/split_seed_44/residual_plot.png,6640e216efa5c21ed7fcd67aeacf7af192f3888bb15213689a1212f73cc177b3,66351
revision_outputs/cg_suite/E4_interpolation_sensitivity/spatial_tile/grid_256/idw/lasso/idw/split_seed_44/scatter_true_vs_pred.png,c809497613af00e5df50d42743956414ad95b9c6411b24e13f99e55947e93061,62876
revision_outputs/cg_suite/E4_interpolation_sensitivity/spatial_tile/grid_256/idw/lasso/idw/split_seed_44/split_masks.npz,b6f77dfdb1a47e344c555f93c1d5e4d6631bc7065b194c0820ab88ab1c96f928,2683
revision_outputs/cg_suite/E4_interpolation_sensitivity/spatial_tile/grid_256/idw/lasso/idw/split_seed_44/target_map.npy,b4d5996e43a410128b03a8b09326940ca41bcbf5616a5c6faa9599ac8db34d97,262272
revision_outputs/cg_suite/E4_interpolation_sensitivity/spatial_tile/grid_256/idw/lasso/idw/split_seed_45/alpha_sweep.csv,0638e75beb290c2b82589543ac2b3523c25d651517dde9467ca6d71fa165caab,188
revision_outputs/cg_suite/E4_interpolation_sensitivity/spatial_tile/grid_256/idw/lasso/idw/split_seed_45/binned_error.png,30f60a30d2211a299d13b194a0f15b6bf194f249841412ef2a3da70765b9b885,39815
revision_outputs/cg_suite/E4_interpolation_sensitivity/spatial_tile/grid_256/idw/lasso/idw/split_seed_45/binned_residuals_boxplot.png,c64ae86b4720572a4784e6e0f6311239dda78858fb0a38d7b5ab0b59407c741a,59861
revision_outputs/cg_suite/E4_interpolation_sensitivity/spatial_tile/grid_256/idw/lasso/idw/split_seed_45/config_snapshot.json,52f09efb447e793c117fac8f1a50538a37ffe85a9a01e8af8616f91d7aa1702a,1813
revision_outputs/cg_suite/E4_interpolation_sensitivity/spatial_tile/grid_256/idw/lasso/idw/split_seed_45/metrics.csv,407ce21727873323d5c1bef3980e4c01e2c0a7ce329a7cd0406f70ff0bed265a,498
revision_outputs/cg_suite/E4_interpolation_sensitivity/spatial_tile/grid_256/idw/lasso/idw/split_seed_45/metrics.json,66def4806045490a715edb3764fc8ea5f79e0e287d81f0a1d4b5fc695b93ff6d,652
revision_outputs/cg_suite/E4_interpolation_sensitivity/spatial_tile/grid_256/idw/lasso/idw/split_seed_45/prediction_map.npy,bdbd56bfbf873f147e9e9760f2a88853aa959112d159db905a91876bb6d74be0,262272
revision_outputs/cg_suite/E4_interpolation_sensitivity/spatial_tile/grid_256/idw/lasso/idw/split_seed_45/reference_vs_prediction.png,518cb0b503c0e3d1dc1ca00b294caf73984b3ee2f88990b1af5fe32845bb0ab6,524750
revision_outputs/cg_suite/E4_interpolation_sensitivity/spatial_tile/grid_256/idw/lasso/idw/split_seed_45/residual_plot.png,6f93244fdc176bce71fc6c03369da96e2886c86beb0b76f235d1fe851567678b,53074
revision_outputs/cg_suite/E4_interpolation_sensitivity/spatial_tile/grid_256/idw/lasso/idw/split_seed_45/scatter_true_vs_pred.png,79c2be3480d106b84db010b15f23d8441ab3d8d19e038326ac789e933535c067,58957
revision_outputs/cg_suite/E4_interpolation_sensitivity/spatial_tile/grid_256/idw/lasso/idw/split_seed_45/split_masks.npz,9b4d56d755a687cabe862c1bdbbfb32b6fd7d7f5aa302dddb8aaa0730214ad21,2675
revision_outputs/cg_suite/E4_interpolation_sensitivity/spatial_tile/grid_256/idw/lasso/idw/split_seed_45/target_map.npy,b4d5996e43a410128b03a8b09326940ca41bcbf5616a5c6faa9599ac8db34d97,262272
revision_outputs/cg_suite/E4_interpolation_sensitivity/spatial_tile/grid_256/idw/lasso/idw/split_seed_46/alpha_sweep.csv,0ddb2563630aa9991f39c3afdece789075963d19570f0685518cbe14dfd69cd0,186
revision_outputs/cg_suite/E4_interpolation_sensitivity/spatial_tile/grid_256/idw/lasso/idw/split_seed_46/binned_error.png,37e355d384f7436ae61919080a09b1071e7551ea3e5d44f8c8da5040787d7478,45784
revision_outputs/cg_suite/E4_interpolation_sensitivity/spatial_tile/grid_256/idw/lasso/idw/split_seed_46/binned_residuals_boxplot.png,013f6dcd6da2c90e5452793694bd293897663bc81378cd11154b2d2dbde4d01f,70142
revision_outputs/cg_suite/E4_interpolation_sensitivity/spatial_tile/grid_256/idw/lasso/idw/split_seed_46/config_snapshot.json,35c5d4724af9de33dc6f6b5a92b9e5a79c42af279290f0554fe614ffaaf54532,1813
revision_outputs/cg_suite/E4_interpolation_sensitivity/spatial_tile/grid_256/idw/lasso/idw/split_seed_46/metrics.csv,d5170dd134939d9bda8de1dc253307439f3e16489a65e914db42f9bcebc495d3,496
revision_outputs/cg_suite/E4_interpolation_sensitivity/spatial_tile/grid_256/idw/lasso/idw/split_seed_46/metrics.json,fd78140cf8b51fbeee8d573395cc68d0734240acb059e77ea2ec41a80e1a52bb,650
revision_outputs/cg_suite/E4_interpolation_sensitivity/spatial_tile/grid_256/idw/lasso/idw/split_seed_46/prediction_map.npy,a5e2a031166d29d265f3b6ea8d328db730d7ee17f5f89bd2804ff7201c849b82,262272
revision_outputs/cg_suite/E4_interpolation_sensitivity/spatial_tile/grid_256/idw/lasso/idw/split_seed_46/reference_vs_prediction.png,94f5201a0b9bff6cd5f90a2a9272423c51f371c1c9dfc0e287155b656fa22c3b,524190
revision_outputs/cg_suite/E4_interpolation_sensitivity/spatial_tile/grid_256/idw/lasso/idw/split_seed_46/residual_plot.png,0ed4149d7179cd243df746558cb9ee831d4dbf94cd8d9126c5cec97d246125b2,73168
revision_outputs/cg_suite/E4_interpolation_sensitivity/spatial_tile/grid_256/idw/lasso/idw/split_seed_46/scatter_true_vs_pred.png,0d9976966630067fb160b5125510f4b2b8d06381dcec29005a7d1662f0fd149a,77216
revision_outputs/cg_suite/E4_interpolation_sensitivity/spatial_tile/grid_256/idw/lasso/idw/split_seed_46/split_masks.npz,3b3b1964b7db320f14534875802aceb75840c4a5c11d4dd6731d8fe0ce562a42,2784
revision_outputs/cg_suite/E4_interpolation_sensitivity/spatial_tile/grid_256/idw/lasso/idw/split_seed_46/target_map.npy,b4d5996e43a410128b03a8b09326940ca41bcbf5616a5c6faa9599ac8db34d97,262272
revision_outputs/cg_suite/E4_interpolation_sensitivity/spatial_tile/grid_256/idw/lightgbm/idw/split_seed_42/binned_error.png,c5b54f88765e1b74c3ba3d91438dfc3e6943db8e7c5ec920e38a4958e821b669,36074
revision_outputs/cg_suite/E4_interpolation_sensitivity/spatial_tile/grid_256/idw/lightgbm/idw/split_seed_42/binned_residuals_boxplot.png,0fa8bd755ae9f3a04733bede003e042d0eada75b59aeb94ebd504c8d9c473669,57520
revision_outputs/cg_suite/E4_interpolation_sensitivity/spatial_tile/grid_256/idw/lightgbm/idw/split_seed_42/config_snapshot.json,5d7f723d7a95063429c7cde5c621612d29fe7042638e04e7dd56dddefe5d5cbc,1813
revision_outputs/cg_suite/E4_interpolation_sensitivity/spatial_tile/grid_256/idw/lightgbm/idw/split_seed_42/lightgbm_model.txt,a86067e4b7c68f544b0cda78aeea4149bc63f190a69276755716170d4c866846,457815
revision_outputs/cg_suite/E4_interpolation_sensitivity/spatial_tile/grid_256/idw/lightgbm/idw/split_seed_42/metrics.csv,8ce1afa4974d6d8a9497c5432911cf7dfb3b9bd5e69025f010ca1a37311cad20,445
revision_outputs/cg_suite/E4_interpolation_sensitivity/spatial_tile/grid_256/idw/lightgbm/idw/split_seed_42/metrics.json,0bc747b251378be4d8439efd8fb2be0e028308ce042550d1f0c2e2ffcce96320,585
revision_outputs/cg_suite/E4_interpolation_sensitivity/spatial_tile/grid_256/idw/lightgbm/idw/split_seed_42/prediction_map.npy,87e4d6c1927784e017b3d33f56d47dc9fa98ba4ed5a89ec9d3f114c7b1232b94,262272
revision_outputs/cg_suite/E4_interpolation_sensitivity/spatial_tile/grid_256/idw/lightgbm/idw/split_seed_42/reference_vs_prediction.png,a6f57f2e805a58037db61077ed10911edd9e3b6798e1229dfefa8a3f02390160,522957
revision_outputs/cg_suite/E4_interpolation_sensitivity/spatial_tile/grid_256/idw/lightgbm/idw/split_seed_42/residual_plot.png,c5b621ca1cb3016501dfed16d766b7e1f2c3731e7479c6ac60e972d7fc372f05,54874
revision_outputs/cg_suite/E4_interpolation_sensitivity/spatial_tile/grid_256/idw/lightgbm/idw/split_seed_42/scatter_true_vs_pred.png,005154c97ae5636bc0d1bf0ce6dae95061d38d5ea3e38587de6fd6d9d6c75900,68294
revision_outputs/cg_suite/E4_interpolation_sensitivity/spatial_tile/grid_256/idw/lightgbm/idw/split_seed_42/split_masks.npz,a179309a12a5b41eb9f99bac78a2c1982728c3aa6326ca24c130f57d4a3b4c78,2632
revision_outputs/cg_suite/E4_interpolation_sensitivity/spatial_tile/grid_256/idw/lightgbm/idw/split_seed_42/target_map.npy,b4d5996e43a410128b03a8b09326940ca41bcbf5616a5c6faa9599ac8db34d97,262272
revision_outputs/cg_suite/E4_interpolation_sensitivity/spatial_tile/grid_256/idw/lightgbm/idw/split_seed_43/binned_error.png,6f83574bcc89568ba50cd8a365a23dc06dbac0ee751b48ef88f375af594b4ea4,39398
revision_outputs/cg_suite/E4_interpolation_sensitivity/spatial_tile/grid_256/idw/lightgbm/idw/split_seed_43/binned_residuals_boxplot.png,4bb59cc80c6b1e83388f81ee9ecb1d6f43c5a34fd7490d9e66eecff936652983,58535
revision_outputs/cg_suite/E4_interpolation_sensitivity/spatial_tile/grid_256/idw/lightgbm/idw/split_seed_43/config_snapshot.json,b86e3b97c87cfc642abd22ebf7980134884a8e9c0b4f2ae01de56e9ae1d76a27,1813
revision_outputs/cg_suite/E4_interpolation_sensitivity/spatial_tile/grid_256/idw/lightgbm/idw/split_seed_43/lightgbm_model.txt,07484361a2729fccc08c50e1d54fda37379e34542a5a9dfe047b102a55a9e4dc,204055
revision_outputs/cg_suite/E4_interpolation_sensitivity/spatial_tile/grid_256/idw/lightgbm/idw/split_seed_43/metrics.csv,db7e37982bee5c035b76b081b6bbc076f9874239d89a56ac83cc1530b59fc7e2,444
revision_outputs/cg_suite/E4_interpolation_sensitivity/spatial_tile/grid_256/idw/lightgbm/idw/split_seed_43/metrics.json,70137539c2a5f5505174a325ffc82a6056fea0ce0248c7fd60a9d910b5e5cbe3,584
revision_outputs/cg_suite/E4_interpolation_sensitivity/spatial_tile/grid_256/idw/lightgbm/idw/split_seed_43/prediction_map.npy,063f272db86d0279ffac6cdce7ad98fbe09765225302b409538f6d563315e3c3,262272
revision_outputs/cg_suite/E4_interpolation_sensitivity/spatial_tile/grid_256/idw/lightgbm/idw/split_seed_43/reference_vs_prediction.png,d3734bc25e4bf17543bff918d52e2923d283969ec37b5cdb3995878c43c719f6,520658
revision_outputs/cg_suite/E4_interpolation_sensitivity/spatial_tile/grid_256/idw/lightgbm/idw/split_seed_43/residual_plot.png,90146518aa78b6c1e4c709a2b89e879cf3ca8eaf6980188612ba52f14a9b69c9,37395
revision_outputs/cg_suite/E4_interpolation_sensitivity/spatial_tile/grid_256/idw/lightgbm/idw/split_seed_43/scatter_true_vs_pred.png,a3949682d4b70f714d1f93b2646e37f8448d4bdc8a4aebac6c27fd42518418ac,53836
revision_outputs/cg_suite/E4_interpolation_sensitivity/spatial_tile/grid_256/idw/lightgbm/idw/split_seed_43/split_masks.npz,8618034f74df22bb8f2b19f0df1ae6a3ec5fcdd02cee9d5e48131dfd5f6ab24b,2642
revision_outputs/cg_suite/E4_interpolation_sensitivity/spatial_tile/grid_256/idw/lightgbm/idw/split_seed_43/target_map.npy,b4d5996e43a410128b03a8b09326940ca41bcbf5616a5c6faa9599ac8db34d97,262272
revision_outputs/cg_suite/E4_interpolation_sensitivity/spatial_tile/grid_256/idw/lightgbm/idw/split_seed_44/binned_error.png,cbcdef00e2cb63d91798ce64c5ced23445a243811588f49b3833c974c5dbd489,37466
revision_outputs/cg_suite/E4_interpolation_sensitivity/spatial_tile/grid_256/idw/lightgbm/idw/split_seed_44/binned_residuals_boxplot.png,9364804ecc23491e0b4a1d7e4cbf0a079fc1af778829ec3dade3a60fdd739ec0,59378
revision_outputs/cg_suite/E4_interpolation_sensitivity/spatial_tile/grid_256/idw/lightgbm/idw/split_seed_44/config_snapshot.json,680ec90676ec680c096d58813f9c4058100aaee0ec0edf563ef2be6b446d986d,1813
revision_outputs/cg_suite/E4_interpolation_sensitivity/spatial_tile/grid_256/idw/lightgbm/idw/split_seed_44/lightgbm_model.txt,cd10747a05b938de88421c386466eaf18ad01c8368b9e40d50274d8706ab1ffd,245205
revision_outputs/cg_suite/E4_interpolation_sensitivity/spatial_tile/grid_256/idw/lightgbm/idw/split_seed_44/metrics.csv,30b0979824de84907841ab7f2e1bf5aeffd08a1e9b8c3cda6e169f02e4a2f8aa,444
revision_outputs/cg_suite/E4_interpolation_sensitivity/spatial_tile/grid_256/idw/lightgbm/idw/split_seed_44/metrics.json,60c6ff0ae52f433092de5cdbe3df6359b65b3664d79865ff0847714f27744bc5,584
revision_outputs/cg_suite/E4_interpolation_sensitivity/spatial_tile/grid_256/idw/lightgbm/idw/split_seed_44/prediction_map.npy,8cbe091e1222d2e59eeaa2f3ce2b1960d892015c8befb250009a13a0b7cb3dfd,262272
revision_outputs/cg_suite/E4_interpolation_sensitivity/spatial_tile/grid_256/idw/lightgbm/idw/split_seed_44/reference_vs_prediction.png,d831962572e5000daee4803b7b2f041f76d9d48bc10520dacc469edac35e61f2,522568
revision_outputs/cg_suite/E4_interpolation_sensitivity/spatial_tile/grid_256/idw/lightgbm/idw/split_seed_44/residual_plot.png,c2c826e8fa85f5c6a513a784e631cdc4889fff8083f0b420a6ef7f7500861210,46374
revision_outputs/cg_suite/E4_interpolation_sensitivity/spatial_tile/grid_256/idw/lightgbm/idw/split_seed_44/scatter_true_vs_pred.png,2ba785ce1183157bf7bf0f631c426fd32c61708088edb79dd2cfab960e6ca16d,63814
revision_outputs/cg_suite/E4_interpolation_sensitivity/spatial_tile/grid_256/idw/lightgbm/idw/split_seed_44/split_masks.npz,b6f77dfdb1a47e344c555f93c1d5e4d6631bc7065b194c0820ab88ab1c96f928,2683
revision_outputs/cg_suite/E4_interpolation_sensitivity/spatial_tile/grid_256/idw/lightgbm/idw/split_seed_44/target_map.npy,b4d5996e43a410128b03a8b09326940ca41bcbf5616a5c6faa9599ac8db34d97,262272
revision_outputs/cg_suite/E4_interpolation_sensitivity/spatial_tile/grid_256/idw/lightgbm/idw/split_seed_45/binned_error.png,50f494f3c80289843554bbfcdf00dbfecfa765474e46b00e9ea758f18e1e5c53,40383
revision_outputs/cg_suite/E4_interpolation_sensitivity/spatial_tile/grid_256/idw/lightgbm/idw/split_seed_45/binned_residuals_boxplot.png,333235d183de93c3ee323cf91bbcc42f1af5062b899da98a0d447c1eb9ddf734,60136
revision_outputs/cg_suite/E4_interpolation_sensitivity/spatial_tile/grid_256/idw/lightgbm/idw/split_seed_45/config_snapshot.json,52f09efb447e793c117fac8f1a50538a37ffe85a9a01e8af8616f91d7aa1702a,1813
revision_outputs/cg_suite/E4_interpolation_sensitivity/spatial_tile/grid_256/idw/lightgbm/idw/split_seed_45/lightgbm_model.txt,dd4e77d7944f85a4d819a507067f663950d00b6de3b454ff022c3f8e07af5d79,247962
revision_outputs/cg_suite/E4_interpolation_sensitivity/spatial_tile/grid_256/idw/lightgbm/idw/split_seed_45/metrics.csv,c80734cda03c4402f7f7f8a6090e330e2f0d217a59f830dc4470a7ad0e54411c,446
revision_outputs/cg_suite/E4_interpolation_sensitivity/spatial_tile/grid_256/idw/lightgbm/idw/split_seed_45/metrics.json,181c0b15fcf6ceca15703567a862461d0af6d6aa874560d56fe94174aa1d1636,586
revision_outputs/cg_suite/E4_interpolation_sensitivity/spatial_tile/grid_256/idw/lightgbm/idw/split_seed_45/prediction_map.npy,c92a3a53ca4f938a0db3a6d487869cb494a51da60721963d716af7f7a47a5d62,262272
revision_outputs/cg_suite/E4_interpolation_sensitivity/spatial_tile/grid_256/idw/lightgbm/idw/split_seed_45/reference_vs_prediction.png,82ac1fa1bedc8467a3ffc03cee303a012e68bf04b918f687c3a00879c0426236,521654
revision_outputs/cg_suite/E4_interpolation_sensitivity/spatial_tile/grid_256/idw/lightgbm/idw/split_seed_45/residual_plot.png,a22a89e4844511b139ede06b20c73e0e343f77b9f0d17884628a036a79956703,52192
revision_outputs/cg_suite/E4_interpolation_sensitivity/spatial_tile/grid_256/idw/lightgbm/idw/split_seed_45/scatter_true_vs_pred.png,51982b6b13db8cfa2258e13a1475df1f56fddb33167e8791eeef54d4b847e680,59151
revision_outputs/cg_suite/E4_interpolation_sensitivity/spatial_tile/grid_256/idw/lightgbm/idw/split_seed_45/split_masks.npz,9b4d56d755a687cabe862c1bdbbfb32b6fd7d7f5aa302dddb8aaa0730214ad21,2675
revision_outputs/cg_suite/E4_interpolation_sensitivity/spatial_tile/grid_256/idw/lightgbm/idw/split_seed_45/target_map.npy,b4d5996e43a410128b03a8b09326940ca41bcbf5616a5c6faa9599ac8db34d97,262272
revision_outputs/cg_suite/E4_interpolation_sensitivity/spatial_tile/grid_256/idw/lightgbm/idw/split_seed_46/binned_error.png,353c5cf6e778654bc270f384184c046553ff073549f27dd80e2c9660356b3901,37426
revision_outputs/cg_suite/E4_interpolation_sensitivity/spatial_tile/grid_256/idw/lightgbm/idw/split_seed_46/binned_residuals_boxplot.png,5e1ca6ac912c93ca49c028b68731b853793e61cd11a3f7a74e762db19e7a0d32,63063
revision_outputs/cg_suite/E4_interpolation_sensitivity/spatial_tile/grid_256/idw/lightgbm/idw/split_seed_46/config_snapshot.json,35c5d4724af9de33dc6f6b5a92b9e5a79c42af279290f0554fe614ffaaf54532,1813
revision_outputs/cg_suite/E4_interpolation_sensitivity/spatial_tile/grid_256/idw/lightgbm/idw/split_seed_46/lightgbm_model.txt,2e41b2719574dc9ab7ac8951e49220adcbdb582d1197ff60b3da0f4e8b2fae77,236142
revision_outputs/cg_suite/E4_interpolation_sensitivity/spatial_tile/grid_256/idw/lightgbm/idw/split_seed_46/metrics.csv,651ae7b43eaf42f94de6b4a8cbc1b82e71ebe2177a51f79ecb970255b1b9fdd0,445
revision_outputs/cg_suite/E4_interpolation_sensitivity/spatial_tile/grid_256/idw/lightgbm/idw/split_seed_46/metrics.json,734270f820a59f0166f9b07799149ed90a4b3f03f4cd4a7ba55f65cbbc8aa16f,585
revision_outputs/cg_suite/E4_interpolation_sensitivity/spatial_tile/grid_256/idw/lightgbm/idw/split_seed_46/prediction_map.npy,1bf44fcab7bd067132819ebcfffd675556d1c4def6d61cffe7ce0cb42abef973,262272
revision_outputs/cg_suite/E4_interpolation_sensitivity/spatial_tile/grid_256/idw/lightgbm/idw/split_seed_46/reference_vs_prediction.png,b02b699bee80708edef5dd69d326c81b5926506ae12957f54b19e704aab9c2a9,522032
revision_outputs/cg_suite/E4_interpolation_sensitivity/spatial_tile/grid_256/idw/lightgbm/idw/split_seed_46/residual_plot.png,865102adefe8f70c5c9891f0a0d907ee57b9b56d7f1e80dae410f02f5bb92f64,53784
revision_outputs/cg_suite/E4_interpolation_sensitivity/spatial_tile/grid_256/idw/lightgbm/idw/split_seed_46/scatter_true_vs_pred.png,8712b722d99c3d0eb14d401e06ea5161eff743640287de50a3fa74285a005e90,70852
revision_outputs/cg_suite/E4_interpolation_sensitivity/spatial_tile/grid_256/idw/lightgbm/idw/split_seed_46/split_masks.npz,3b3b1964b7db320f14534875802aceb75840c4a5c11d4dd6731d8fe0ce562a42,2784
revision_outputs/cg_suite/E4_interpolation_sensitivity/spatial_tile/grid_256/idw/lightgbm/idw/split_seed_46/target_map.npy,b4d5996e43a410128b03a8b09326940ca41bcbf5616a5c6faa9599ac8db34d97,262272
revision_outputs/cg_suite/E4_interpolation_sensitivity/spatial_tile/grid_256/idw/persistence/idw/split_seed_42/binned_error.png,6b29fbec7280707412af0edd5b7415e982bdd5704045e5df5d8eebd6b4797618,44896
revision_outputs/cg_suite/E4_interpolation_sensitivity/spatial_tile/grid_256/idw/persistence/idw/split_seed_42/binned_residuals_boxplot.png,3db513853716e7cb5fa95f1f39a7aeac8214862ce16c8fa1746ddbd7d532607b,63206
revision_outputs/cg_suite/E4_interpolation_sensitivity/spatial_tile/grid_256/idw/persistence/idw/split_seed_42/config_snapshot.json,5d7f723d7a95063429c7cde5c621612d29fe7042638e04e7dd56dddefe5d5cbc,1813
revision_outputs/cg_suite/E4_interpolation_sensitivity/spatial_tile/grid_256/idw/persistence/idw/split_seed_42/last_input_map.npy,38173f0a2b4cb314d00e6ac8afa55ee98e8a95c9f75ff245537375e54843ef74,262272
revision_outputs/cg_suite/E4_interpolation_sensitivity/spatial_tile/grid_256/idw/persistence/idw/split_seed_42/metrics.csv,781066b44e504fdbbb724c4db9168ed463000cda9c95fd81899d9efb8d28c904,659
revision_outputs/cg_suite/E4_interpolation_sensitivity/spatial_tile/grid_256/idw/persistence/idw/split_seed_42/metrics.json,3845b89ec27212faa8da8125999f2a88346c5d613ce33f740b578c3229daf774,850
revision_outputs/cg_suite/E4_interpolation_sensitivity/spatial_tile/grid_256/idw/persistence/idw/split_seed_42/prediction_map.npy,38173f0a2b4cb314d00e6ac8afa55ee98e8a95c9f75ff245537375e54843ef74,262272
revision_outputs/cg_suite/E4_interpolation_sensitivity/spatial_tile/grid_256/idw/persistence/idw/split_seed_42/reference_vs_prediction.png,fed306ffe844df76c948bd8deabaa8099be0f45317d45a05a4163a9d91ed56f9,531315
revision_outputs/cg_suite/E4_interpolation_sensitivity/spatial_tile/grid_256/idw/persistence/idw/split_seed_42/residual_plot.png,c161577a9eeb0c12e257c602803dc60960ea1da7fb8bf2e908ea02a45e8e1299,60092
revision_outputs/cg_suite/E4_interpolation_sensitivity/spatial_tile/grid_256/idw/persistence/idw/split_seed_42/scatter_true_vs_pred.png,468a3b2597ef24ec5d9ce144ea9156aa20056e8860f954c3b37f25290b9aaf8d,71135
revision_outputs/cg_suite/E4_interpolation_sensitivity/spatial_tile/grid_256/idw/persistence/idw/split_seed_42/split_masks.npz,a179309a12a5b41eb9f99bac78a2c1982728c3aa6326ca24c130f57d4a3b4c78,2632
revision_outputs/cg_suite/E4_interpolation_sensitivity/spatial_tile/grid_256/idw/persistence/idw/split_seed_42/target_map.npy,b4d5996e43a410128b03a8b09326940ca41bcbf5616a5c6faa9599ac8db34d97,262272
revision_outputs/cg_suite/E4_interpolation_sensitivity/spatial_tile/grid_256/idw/persistence/idw/split_seed_43/binned_error.png,6e6c7c8a9a98771da6579818b2e173360c9a2cada9d30e955621693c74347fc2,50076
revision_outputs/cg_suite/E4_interpolation_sensitivity/spatial_tile/grid_256/idw/persistence/idw/split_seed_43/binned_residuals_boxplot.png,fac32f267573917a4beec0200de7a043614add1d94779a8aea5d4a84f9424afa,67095
revision_outputs/cg_suite/E4_interpolation_sensitivity/spatial_tile/grid_256/idw/persistence/idw/split_seed_43/config_snapshot.json,b86e3b97c87cfc642abd22ebf7980134884a8e9c0b4f2ae01de56e9ae1d76a27,1813
revision_outputs/cg_suite/E4_interpolation_sensitivity/spatial_tile/grid_256/idw/persistence/idw/split_seed_43/last_input_map.npy,38173f0a2b4cb314d00e6ac8afa55ee98e8a95c9f75ff245537375e54843ef74,262272
revision_outputs/cg_suite/E4_interpolation_sensitivity/spatial_tile/grid_256/idw/persistence/idw/split_seed_43/metrics.csv,75e637de7c423541290192022001731124b95f5968b05e1fab8ade20d0da89c6,657
revision_outputs/cg_suite/E4_interpolation_sensitivity/spatial_tile/grid_256/idw/persistence/idw/split_seed_43/metrics.json,fb7848889f5ccc8bbeec264bb593f65389f106e50b074fcc305ef4f3e753c057,848
revision_outputs/cg_suite/E4_interpolation_sensitivity/spatial_tile/grid_256/idw/persistence/idw/split_seed_43/prediction_map.npy,38173f0a2b4cb314d00e6ac8afa55ee98e8a95c9f75ff245537375e54843ef74,262272
revision_outputs/cg_suite/E4_interpolation_sensitivity/spatial_tile/grid_256/idw/persistence/idw/split_seed_43/reference_vs_prediction.png,fed306ffe844df76c948bd8deabaa8099be0f45317d45a05a4163a9d91ed56f9,531315
revision_outputs/cg_suite/E4_interpolation_sensitivity/spatial_tile/grid_256/idw/persistence/idw/split_seed_43/residual_plot.png,058903f77a9fa140fe0c2ee2108c390bd688cdd325296fe936253548cb52831d,60696
revision_outputs/cg_suite/E4_interpolation_sensitivity/spatial_tile/grid_256/idw/persistence/idw/split_seed_43/scatter_true_vs_pred.png,e5c3ddf847f4021a19ed3e914cb62ea879fef4fd42c937d4c5c4e3698a8d8bc6,55037
revision_outputs/cg_suite/E4_interpolation_sensitivity/spatial_tile/grid_256/idw/persistence/idw/split_seed_43/split_masks.npz,8618034f74df22bb8f2b19f0df1ae6a3ec5fcdd02cee9d5e48131dfd5f6ab24b,2642
revision_outputs/cg_suite/E4_interpolation_sensitivity/spatial_tile/grid_256/idw/persistence/idw/split_seed_43/target_map.npy,b4d5996e43a410128b03a8b09326940ca41bcbf5616a5c6faa9599ac8db34d97,262272
revision_outputs/cg_suite/E4_interpolation_sensitivity/spatial_tile/grid_256/idw/persistence/idw/split_seed_44/binned_error.png,4dee3c2fa0c4ae7700fbffe629853e17a0bef37fac9e5b54d46816fcf97ddfea,43491
revision_outputs/cg_suite/E4_interpolation_sensitivity/spatial_tile/grid_256/idw/persistence/idw/split_seed_44/binned_residuals_boxplot.png,9210da1654828ca19c8fab712ff7db7b15f309185042c50ca3cffbd0318e2d46,70399
revision_outputs/cg_suite/E4_interpolation_sensitivity/spatial_tile/grid_256/idw/persistence/idw/split_seed_44/config_snapshot.json,680ec90676ec680c096d58813f9c4058100aaee0ec0edf563ef2be6b446d986d,1813
revision_outputs/cg_suite/E4_interpolation_sensitivity/spatial_tile/grid_256/idw/persistence/idw/split_seed_44/last_input_map.npy,38173f0a2b4cb314d00e6ac8afa55ee98e8a95c9f75ff245537375e54843ef74,262272
revision_outputs/cg_suite/E4_interpolation_sensitivity/spatial_tile/grid_256/idw/persistence/idw/split_seed_44/metrics.csv,b830bc0249e8748bf8144d98c088804c4b8f88a474dd40e37b8bb737ff3b8395,659
revision_outputs/cg_suite/E4_interpolation_sensitivity/spatial_tile/grid_256/idw/persistence/idw/split_seed_44/metrics.json,0257b13f759a0eb9b3edc3d9edfc7e91a5a337b032004682326ddd06fe69dd15,850
revision_outputs/cg_suite/E4_interpolation_sensitivity/spatial_tile/grid_256/idw/persistence/idw/split_seed_44/prediction_map.npy,38173f0a2b4cb314d00e6ac8afa55ee98e8a95c9f75ff245537375e54843ef74,262272
revision_outputs/cg_suite/E4_interpolation_sensitivity/spatial_tile/grid_256/idw/persistence/idw/split_seed_44/reference_vs_prediction.png,fed306ffe844df76c948bd8deabaa8099be0f45317d45a05a4163a9d91ed56f9,531315
revision_outputs/cg_suite/E4_interpolation_sensitivity/spatial_tile/grid_256/idw/persistence/idw/split_seed_44/residual_plot.png,8129605b1053cbba28886842d8fb6eb0a5fa4509b7bffe99d963e6acb73ce2be,67259
revision_outputs/cg_suite/E4_interpolation_sensitivity/spatial_tile/grid_256/idw/persistence/idw/split_seed_44/scatter_true_vs_pred.png,6eebb9f9bd440246caa5b18c27e6bece813a6ca8458a02244e4103307b49ffbe,63599
revision_outputs/cg_suite/E4_interpolation_sensitivity/spatial_tile/grid_256/idw/persistence/idw/split_seed_44/split_masks.npz,b6f77dfdb1a47e344c555f93c1d5e4d6631bc7065b194c0820ab88ab1c96f928,2683
revision_outputs/cg_suite/E4_interpolation_sensitivity/spatial_tile/grid_256/idw/persistence/idw/split_seed_44/target_map.npy,b4d5996e43a410128b03a8b09326940ca41bcbf5616a5c6faa9599ac8db34d97,262272
revision_outputs/cg_suite/E4_interpolation_sensitivity/spatial_tile/grid_256/idw/persistence/idw/split_seed_45/binned_error.png,b5435c00bfd1ba4d8e0b78a186dc5239a0b1b891634bfc67f335b5bc74a914ce,42937
revision_outputs/cg_suite/E4_interpolation_sensitivity/spatial_tile/grid_256/idw/persistence/idw/split_seed_45/binned_residuals_boxplot.png,f8be24247c2de774d3ba6dc79baabf7a69b6782bb66d3ca059fd22c0f881783e,63526
revision_outputs/cg_suite/E4_interpolation_sensitivity/spatial_tile/grid_256/idw/persistence/idw/split_seed_45/config_snapshot.json,52f09efb447e793c117fac8f1a50538a37ffe85a9a01e8af8616f91d7aa1702a,1813
revision_outputs/cg_suite/E4_interpolation_sensitivity/spatial_tile/grid_256/idw/persistence/idw/split_seed_45/last_input_map.npy,38173f0a2b4cb314d00e6ac8afa55ee98e8a95c9f75ff245537375e54843ef74,262272
revision_outputs/cg_suite/E4_interpolation_sensitivity/spatial_tile/grid_256/idw/persistence/idw/split_seed_45/metrics.csv,4478cd119437f5d73f444dc529c12456e517b07e8e11c5f01bf21917392f6e83,659
revision_outputs/cg_suite/E4_interpolation_sensitivity/spatial_tile/grid_256/idw/persistence/idw/split_seed_45/metrics.json,a8f3efa837eae9d46ba5b1a825f4de5f1f715cd3c0f340359e8732414d9e056c,850
revision_outputs/cg_suite/E4_interpolation_sensitivity/spatial_tile/grid_256/idw/persistence/idw/split_seed_45/prediction_map.npy,38173f0a2b4cb314d00e6ac8afa55ee98e8a95c9f75ff245537375e54843ef74,262272
revision_outputs/cg_suite/E4_interpolation_sensitivity/spatial_tile/grid_256/idw/persistence/idw/split_seed_45/reference_vs_prediction.png,fed306ffe844df76c948bd8deabaa8099be0f45317d45a05a4163a9d91ed56f9,531315
revision_outputs/cg_suite/E4_interpolation_sensitivity/spatial_tile/grid_256/idw/persistence/idw/split_seed_45/residual_plot.png,6c51c00eee88a34148021f9a6d162ac70dace7023b677a48527c81a225529381,53075
revision_outputs/cg_suite/E4_interpolation_sensitivity/spatial_tile/grid_256/idw/persistence/idw/split_seed_45/scatter_true_vs_pred.png,23cad37bc529c567f72ccb50fcb48aa817e92ee282a6ff9b3b59abf4c241d299,59802
revision_outputs/cg_suite/E4_interpolation_sensitivity/spatial_tile/grid_256/idw/persistence/idw/split_seed_45/split_masks.npz,9b4d56d755a687cabe862c1bdbbfb32b6fd7d7f5aa302dddb8aaa0730214ad21,2675
revision_outputs/cg_suite/E4_interpolation_sensitivity/spatial_tile/grid_256/idw/persistence/idw/split_seed_45/target_map.npy,b4d5996e43a410128b03a8b09326940ca41bcbf5616a5c6faa9599ac8db34d97,262272
revision_outputs/cg_suite/E4_interpolation_sensitivity/spatial_tile/grid_256/idw/persistence/idw/split_seed_46/binned_error.png,8dc95a5d030b98c6b3ad1a10bb4428135621ac30a8d54d6cb8059feb8828ddbe,44468
revision_outputs/cg_suite/E4_interpolation_sensitivity/spatial_tile/grid_256/idw/persistence/idw/split_seed_46/binned_residuals_boxplot.png,e5d28505c8281e8267b141eb4967c9daf226ee8fca3d67c9de75aa48bdc80b21,73742
revision_outputs/cg_suite/E4_interpolation_sensitivity/spatial_tile/grid_256/idw/persistence/idw/split_seed_46/config_snapshot.json,35c5d4724af9de33dc6f6b5a92b9e5a79c42af279290f0554fe614ffaaf54532,1813
revision_outputs/cg_suite/E4_interpolation_sensitivity/spatial_tile/grid_256/idw/persistence/idw/split_seed_46/last_input_map.npy,38173f0a2b4cb314d00e6ac8afa55ee98e8a95c9f75ff245537375e54843ef74,262272
revision_outputs/cg_suite/E4_interpolation_sensitivity/spatial_tile/grid_256/idw/persistence/idw/split_seed_46/metrics.csv,59a7d45cf7d1b4b400b364c01d8ed4300b63fef5072a97d2188e728a9bd0907e,657
revision_outputs/cg_suite/E4_interpolation_sensitivity/spatial_tile/grid_256/idw/persistence/idw/split_seed_46/metrics.json,2196ade4f2ac71374349ae41f2e5729b4ead83040ce304e64583f65e1639818b,848
revision_outputs/cg_suite/E4_interpolation_sensitivity/spatial_tile/grid_256/idw/persistence/idw/split_seed_46/prediction_map.npy,38173f0a2b4cb314d00e6ac8afa55ee98e8a95c9f75ff245537375e54843ef74,262272
revision_outputs/cg_suite/E4_interpolation_sensitivity/spatial_tile/grid_256/idw/persistence/idw/split_seed_46/reference_vs_prediction.png,fed306ffe844df76c948bd8deabaa8099be0f45317d45a05a4163a9d91ed56f9,531315
revision_outputs/cg_suite/E4_interpolation_sensitivity/spatial_tile/grid_256/idw/persistence/idw/split_seed_46/residual_plot.png,ae63d7e8512e94cee515434d95c44a352cddc6c348b87059393a0d883300d1ad,76863
revision_outputs/cg_suite/E4_interpolation_sensitivity/spatial_tile/grid_256/idw/persistence/idw/split_seed_46/scatter_true_vs_pred.png,30be9795f175da97e46255ec63e487b7ec677f881fc818d5702fc94867f635ee,79892
revision_outputs/cg_suite/E4_interpolation_sensitivity/spatial_tile/grid_256/idw/persistence/idw/split_seed_46/split_masks.npz,3b3b1964b7db320f14534875802aceb75840c4a5c11d4dd6731d8fe0ce562a42,2784
revision_outputs/cg_suite/E4_interpolation_sensitivity/spatial_tile/grid_256/idw/persistence/idw/split_seed_46/target_map.npy,b4d5996e43a410128b03a8b09326940ca41bcbf5616a5c6faa9599ac8db34d97,262272
revision_outputs/cg_suite/E4_interpolation_sensitivity/spatial_tile/grid_256/linear/cnn_lstm_maskaware/linear/split_seed_42/binned_error.png,dc9a2a21d9d431bb0be0b84ca38bbceaaeffe735b537f65c5959f4d9aebd045d,40133
revision_outputs/cg_suite/E4_interpolation_sensitivity/spatial_tile/grid_256/linear/cnn_lstm_maskaware/linear/split_seed_42/binned_residuals_boxplot.png,4ad1e7cc5c2809fac4928763b2afa223f73260b4a813b7c3c06e7d53d7d028a6,53426
revision_outputs/cg_suite/E4_interpolation_sensitivity/spatial_tile/grid_256/linear/cnn_lstm_maskaware/linear/split_seed_42/config_snapshot.json,3359d9e0d0b01e89dff1c8767c1161d2a498e4e39c926b1414a883bfa4a70045,1819
revision_outputs/cg_suite/E4_interpolation_sensitivity/spatial_tile/grid_256/linear/cnn_lstm_maskaware/linear/split_seed_42/last_input_map.npy,9a48065e98df9bb0200b16e885c5e0f98373d92e1fd0195829a8f8628f9ede66,262272
revision_outputs/cg_suite/E4_interpolation_sensitivity/spatial_tile/grid_256/linear/cnn_lstm_maskaware/linear/split_seed_42/metrics.csv,e0e3048e62915e9456ac52f06fa22009e94eac9d04a124eb7216a8e6d36896ac,786
revision_outputs/cg_suite/E4_interpolation_sensitivity/spatial_tile/grid_256/linear/cnn_lstm_maskaware/linear/split_seed_42/metrics.json,bf1f88846b3568bdce334e89a3a1f1c325985593da066b49007a76191c6a05dc,1016
revision_outputs/cg_suite/E4_interpolation_sensitivity/spatial_tile/grid_256/linear/cnn_lstm_maskaware/linear/split_seed_42/prediction_map.npy,12c60a19aa7a076784bea304cf7cdd1d37a7bc3ba5e1091a7cf00431abb983c8,262272
revision_outputs/cg_suite/E4_interpolation_sensitivity/spatial_tile/grid_256/linear/cnn_lstm_maskaware/linear/split_seed_42/reference_vs_prediction.png,35b5e989fe776abf9750c111f369f6c29c59a32d19da24bbccc4e654ccf989ad,408659
revision_outputs/cg_suite/E4_interpolation_sensitivity/spatial_tile/grid_256/linear/cnn_lstm_maskaware/linear/split_seed_42/residual_plot.png,8be4dbc2e418de3a1e4910f31ca6a0169cc2f330c47ff7617944318a5df8c05d,33875
revision_outputs/cg_suite/E4_interpolation_sensitivity/spatial_tile/grid_256/linear/cnn_lstm_maskaware/linear/split_seed_42/scatter_true_vs_pred.png,24882b4e22246e034af3758b6c0e9d1ff56b8c19af50616705adbcc86fb979bf,45787
revision_outputs/cg_suite/E4_interpolation_sensitivity/spatial_tile/grid_256/linear/cnn_lstm_maskaware/linear/split_seed_42/split_masks.npz,aa87bd7754c73033f6fbca318704cb344d8f8307fb9362cf868f12dc9d85a42e,5093
revision_outputs/cg_suite/E4_interpolation_sensitivity/spatial_tile/grid_256/linear/cnn_lstm_maskaware/linear/split_seed_42/target_map.npy,1e59eb26cb015535fc837f588d10b6c675b78ad23f6259fdd0725a814f18b221,262272
revision_outputs/cg_suite/E4_interpolation_sensitivity/spatial_tile/grid_256/linear/cnn_lstm_maskaware/linear/split_seed_42/training_history.csv,1153dff00f7403d03a9b1d1b2f8888191c2efe0cc394bbe920834188ac8982b0,490
revision_outputs/cg_suite/E4_interpolation_sensitivity/spatial_tile/grid_256/linear/cnn_lstm_maskaware/linear/split_seed_43/binned_error.png,0742944b9c2ec2b23102fecf3d0f2faf66392a435a5b187a042b82a4dd57f5f7,41346
revision_outputs/cg_suite/E4_interpolation_sensitivity/spatial_tile/grid_256/linear/cnn_lstm_maskaware/linear/split_seed_43/binned_residuals_boxplot.png,75ebfb041ea77b254267fefcf4f1025f40632295ad5ed718cbdb9fceaae4f43e,55706
revision_outputs/cg_suite/E4_interpolation_sensitivity/spatial_tile/grid_256/linear/cnn_lstm_maskaware/linear/split_seed_43/config_snapshot.json,488fe5a09f42a4a63c4b339889dba11456ea939b434fa242dfff2f12b76576c4,1819
revision_outputs/cg_suite/E4_interpolation_sensitivity/spatial_tile/grid_256/linear/cnn_lstm_maskaware/linear/split_seed_43/last_input_map.npy,9a48065e98df9bb0200b16e885c5e0f98373d92e1fd0195829a8f8628f9ede66,262272
revision_outputs/cg_suite/E4_interpolation_sensitivity/spatial_tile/grid_256/linear/cnn_lstm_maskaware/linear/split_seed_43/metrics.csv,daa34ebbf588eb10eeb28b4494b6265d5fd9936d4815958b0eaab5eaf511c5cd,784
revision_outputs/cg_suite/E4_interpolation_sensitivity/spatial_tile/grid_256/linear/cnn_lstm_maskaware/linear/split_seed_43/metrics.json,87abd8394a4e54e1a18802050617327af82909596c0899e8d8b52064bfb24178,1014
revision_outputs/cg_suite/E4_interpolation_sensitivity/spatial_tile/grid_256/linear/cnn_lstm_maskaware/linear/split_seed_43/prediction_map.npy,1cbd3f716e022f493c27af140ce18b518852e5248dbeb8f4f5bd438bc958f69c,262272
revision_outputs/cg_suite/E4_interpolation_sensitivity/spatial_tile/grid_256/linear/cnn_lstm_maskaware/linear/split_seed_43/reference_vs_prediction.png,acf840422e6709aeb506c3bae23857862ec0d2ce01745d8316aba16de44eb321,392221
revision_outputs/cg_suite/E4_interpolation_sensitivity/spatial_tile/grid_256/linear/cnn_lstm_maskaware/linear/split_seed_43/residual_plot.png,2e95528c9035451905d1e0a23867da9aa7450d9a0dd0885c8c8b063997550f1e,33496
revision_outputs/cg_suite/E4_interpolation_sensitivity/spatial_tile/grid_256/linear/cnn_lstm_maskaware/linear/split_seed_43/scatter_true_vs_pred.png,33828b2ad7a1507654b5d9ceaa11acdf74b8c2ebd711b3cb93113d02e67f101b,45657
revision_outputs/cg_suite/E4_interpolation_sensitivity/spatial_tile/grid_256/linear/cnn_lstm_maskaware/linear/split_seed_43/split_masks.npz,b323933f7c125c832058aa2565acec87c0366ed7ad0b10fe8efeb214892db378,4960
revision_outputs/cg_suite/E4_interpolation_sensitivity/spatial_tile/grid_256/linear/cnn_lstm_maskaware/linear/split_seed_43/target_map.npy,1e59eb26cb015535fc837f588d10b6c675b78ad23f6259fdd0725a814f18b221,262272
revision_outputs/cg_suite/E4_interpolation_sensitivity/spatial_tile/grid_256/linear/cnn_lstm_maskaware/linear/split_seed_43/training_history.csv,e0e61e36c63ec896e2395977ce835c241cf22d75643b5bf2a0e129300f395956,565
revision_outputs/cg_suite/E4_interpolation_sensitivity/spatial_tile/grid_256/linear/cnn_lstm_maskaware/linear/split_seed_44/binned_error.png,8e4c90849580849189861e5518fa1c7fb4baaf22c7fa57bb3e88d13a689bf8f3,41671
revision_outputs/cg_suite/E4_interpolation_sensitivity/spatial_tile/grid_256/linear/cnn_lstm_maskaware/linear/split_seed_44/binned_residuals_boxplot.png,a09a0616fd6eb5580070ec5681cf371899f35f81dc75cab83e81b4ecacf9d8f4,55219
revision_outputs/cg_suite/E4_interpolation_sensitivity/spatial_tile/grid_256/linear/cnn_lstm_maskaware/linear/split_seed_44/config_snapshot.json,4d2f3f67faf069f37ad0ac0f9dda7158f9f6e725024e6e47cc13d38359fdbf3b,1819
revision_outputs/cg_suite/E4_interpolation_sensitivity/spatial_tile/grid_256/linear/cnn_lstm_maskaware/linear/split_seed_44/last_input_map.npy,9a48065e98df9bb0200b16e885c5e0f98373d92e1fd0195829a8f8628f9ede66,262272
revision_outputs/cg_suite/E4_interpolation_sensitivity/spatial_tile/grid_256/linear/cnn_lstm_maskaware/linear/split_seed_44/metrics.csv,c69ea6bd183dd18ecb68f7bc0c740712ec28a46dae8ec54a5b619cff9e30ca44,784
revision_outputs/cg_suite/E4_interpolation_sensitivity/spatial_tile/grid_256/linear/cnn_lstm_maskaware/linear/split_seed_44/metrics.json,00745ea43171a5a4470225f29e6413ed877edc88359b9a324061c16577465f2f,1014
revision_outputs/cg_suite/E4_interpolation_sensitivity/spatial_tile/grid_256/linear/cnn_lstm_maskaware/linear/split_seed_44/prediction_map.npy,4d5d8abc50d6088d5ef74d23ec6318688aa34ad2df098a73948d8cf36dd8ba9e,262272
revision_outputs/cg_suite/E4_interpolation_sensitivity/spatial_tile/grid_256/linear/cnn_lstm_maskaware/linear/split_seed_44/reference_vs_prediction.png,e32a20aa59232ac0842e5e0f49f2e81a985ec8e8a39fd1f218057afad8ffe33f,372011
revision_outputs/cg_suite/E4_interpolation_sensitivity/spatial_tile/grid_256/linear/cnn_lstm_maskaware/linear/split_seed_44/residual_plot.png,67c28759c54e70c665f4cb37dc749049b2d6d7d0ecc1ec6bb4c20a9be40c25d8,33304
revision_outputs/cg_suite/E4_interpolation_sensitivity/spatial_tile/grid_256/linear/cnn_lstm_maskaware/linear/split_seed_44/scatter_true_vs_pred.png,b98ed4709073c29612721b64ba65385279e20e9b282ba68c44a866d2efed31e4,45275
revision_outputs/cg_suite/E4_interpolation_sensitivity/spatial_tile/grid_256/linear/cnn_lstm_maskaware/linear/split_seed_44/split_masks.npz,dc4e472d4ff09f561e1361da6f2d4a7c3bb5470862a13b149e680a480bc8139b,5058
revision_outputs/cg_suite/E4_interpolation_sensitivity/spatial_tile/grid_256/linear/cnn_lstm_maskaware/linear/split_seed_44/target_map.npy,1e59eb26cb015535fc837f588d10b6c675b78ad23f6259fdd0725a814f18b221,262272
revision_outputs/cg_suite/E4_interpolation_sensitivity/spatial_tile/grid_256/linear/cnn_lstm_maskaware/linear/split_seed_44/training_history.csv,a2c8ee961bd38f061c45fc812975557546630ab8cd12b8835e92b1484cc4efaf,527
revision_outputs/cg_suite/E4_interpolation_sensitivity/spatial_tile/grid_256/linear/cnn_lstm_maskaware/linear/split_seed_45/binned_error.png,e3609e9fe01c2c3d7b087fac714326699d61bc5fc5b37f98b7c2c5948a2e111f,43000
revision_outputs/cg_suite/E4_interpolation_sensitivity/spatial_tile/grid_256/linear/cnn_lstm_maskaware/linear/split_seed_45/binned_residuals_boxplot.png,629669a0a5dfaf821f5738ea09d789c1a755c6193a3d48010fc0a5378e0c8df4,50328
revision_outputs/cg_suite/E4_interpolation_sensitivity/spatial_tile/grid_256/linear/cnn_lstm_maskaware/linear/split_seed_45/config_snapshot.json,b1d141b1c7954a97b29e2309b1d46e823ebf8aaee8cd400c16e4b0d2ac9952f0,1819
revision_outputs/cg_suite/E4_interpolation_sensitivity/spatial_tile/grid_256/linear/cnn_lstm_maskaware/linear/split_seed_45/last_input_map.npy,9a48065e98df9bb0200b16e885c5e0f98373d92e1fd0195829a8f8628f9ede66,262272
revision_outputs/cg_suite/E4_interpolation_sensitivity/spatial_tile/grid_256/linear/cnn_lstm_maskaware/linear/split_seed_45/metrics.csv,e100172b6ca5dab1b44525d67b29ffad48ec278e985775dde38929301b27bea7,780
revision_outputs/cg_suite/E4_interpolation_sensitivity/spatial_tile/grid_256/linear/cnn_lstm_maskaware/linear/split_seed_45/metrics.json,113272d9590ecaf9c44f1dc65b692da71594c087913604e13b747264621cc7df,1010
revision_outputs/cg_suite/E4_interpolation_sensitivity/spatial_tile/grid_256/linear/cnn_lstm_maskaware/linear/split_seed_45/prediction_map.npy,62e7e114ae7e553274fa3720f4f9b10da26eb61babd42d45c162b2b215755608,262272
revision_outputs/cg_suite/E4_interpolation_sensitivity/spatial_tile/grid_256/linear/cnn_lstm_maskaware/linear/split_seed_45/reference_vs_prediction.png,b86880be2940dd1995a32478ddc45dc83e481db0e2753d04181c05b0ed966f64,406685
revision_outputs/cg_suite/E4_interpolation_sensitivity/spatial_tile/grid_256/linear/cnn_lstm_maskaware/linear/split_seed_45/residual_plot.png,44ee1b02738ff55825780cbad29155aac54351890db50e213289f8a07d0813fc,41310
revision_outputs/cg_suite/E4_interpolation_sensitivity/spatial_tile/grid_256/linear/cnn_lstm_maskaware/linear/split_seed_45/scatter_true_vs_pred.png,d1039d0a4d984b1899e7dd51d6e8c6a2c847c9f8b0f232d411cc44bbb9dd5d74,55248
revision_outputs/cg_suite/E4_interpolation_sensitivity/spatial_tile/grid_256/linear/cnn_lstm_maskaware/linear/split_seed_45/split_masks.npz,9f4427996aac0677942e3dcb92a43587024aa3e8af163de64f4941b1377e52b0,4987
revision_outputs/cg_suite/E4_interpolation_sensitivity/spatial_tile/grid_256/linear/cnn_lstm_maskaware/linear/split_seed_45/target_map.npy,1e59eb26cb015535fc837f588d10b6c675b78ad23f6259fdd0725a814f18b221,262272
revision_outputs/cg_suite/E4_interpolation_sensitivity/spatial_tile/grid_256/linear/cnn_lstm_maskaware/linear/split_seed_45/training_history.csv,e01f621c4c96e41251eff0bac3d747be222026c028228b15ec7f07f157d5c19d,525
revision_outputs/cg_suite/E4_interpolation_sensitivity/spatial_tile/grid_256/linear/cnn_lstm_maskaware/linear/split_seed_46/binned_error.png,4707372268e2e8fd3ad70f315368a0fec9a5f9e770c56ae2d191278456f8d276,37775
revision_outputs/cg_suite/E4_interpolation_sensitivity/spatial_tile/grid_256/linear/cnn_lstm_maskaware/linear/split_seed_46/binned_residuals_boxplot.png,17acbae68dc58504cdb97f4b83b5c45af173586eef15ae3e7d72c1396e3adffd,55482
revision_outputs/cg_suite/E4_interpolation_sensitivity/spatial_tile/grid_256/linear/cnn_lstm_maskaware/linear/split_seed_46/config_snapshot.json,29ecfa9d2697a7b910e82ee3c4b7d53e0bfbe60b046de447c1137f27e0e32673,1819
revision_outputs/cg_suite/E4_interpolation_sensitivity/spatial_tile/grid_256/linear/cnn_lstm_maskaware/linear/split_seed_46/last_input_map.npy,9a48065e98df9bb0200b16e885c5e0f98373d92e1fd0195829a8f8628f9ede66,262272
revision_outputs/cg_suite/E4_interpolation_sensitivity/spatial_tile/grid_256/linear/cnn_lstm_maskaware/linear/split_seed_46/metrics.csv,ec46f72f314a7f791a9f1a96468329f6758592e02e308f2a43458766e3e79efa,783
revision_outputs/cg_suite/E4_interpolation_sensitivity/spatial_tile/grid_256/linear/cnn_lstm_maskaware/linear/split_seed_46/metrics.json,1ae6c9465d9416bbac29d9b21ddd54a63ab2b169519eec074552f9c496bfc90b,1013
revision_outputs/cg_suite/E4_interpolation_sensitivity/spatial_tile/grid_256/linear/cnn_lstm_maskaware/linear/split_seed_46/prediction_map.npy,3516210a68f78d290b4156fc755bb2ea63fb93371722c836c413611ee13e2640,262272
revision_outputs/cg_suite/E4_interpolation_sensitivity/spatial_tile/grid_256/linear/cnn_lstm_maskaware/linear/split_seed_46/reference_vs_prediction.png,a5d3e8dc9c8ae68976c0b99d5559222f2689406f7f2ae2c0b084e081cd7326dc,408397
revision_outputs/cg_suite/E4_interpolation_sensitivity/spatial_tile/grid_256/linear/cnn_lstm_maskaware/linear/split_seed_46/residual_plot.png,273d6b120573e43e389afead8c1348c0b2a75c2c8301cf38bcbd4ae6ef42d2cf,36617
revision_outputs/cg_suite/E4_interpolation_sensitivity/spatial_tile/grid_256/linear/cnn_lstm_maskaware/linear/split_seed_46/scatter_true_vs_pred.png,c93a7f3d191a3ced764cd3d0a9857491e9f6a0e48425fa0d017c2f144786959f,49553
revision_outputs/cg_suite/E4_interpolation_sensitivity/spatial_tile/grid_256/linear/cnn_lstm_maskaware/linear/split_seed_46/split_masks.npz,b147155d168780531b89106b8cff37420d8650cce600f3ae472a5a857fa46329,5022
revision_outputs/cg_suite/E4_interpolation_sensitivity/spatial_tile/grid_256/linear/cnn_lstm_maskaware/linear/split_seed_46/target_map.npy,1e59eb26cb015535fc837f588d10b6c675b78ad23f6259fdd0725a814f18b221,262272
revision_outputs/cg_suite/E4_interpolation_sensitivity/spatial_tile/grid_256/linear/cnn_lstm_maskaware/linear/split_seed_46/training_history.csv,ad587d2eeac85745b95897c2a1ce1ad012221dbd2df1aa91b691531614c3a1fc,567
revision_outputs/cg_suite/E4_interpolation_sensitivity/spatial_tile/grid_256/linear/lasso/linear/split_seed_42/alpha_sweep.csv,38e72081070d7fc3324b428caad745684daaa78068c2ae58b3a13eda8db9b87b,187
revision_outputs/cg_suite/E4_interpolation_sensitivity/spatial_tile/grid_256/linear/lasso/linear/split_seed_42/binned_error.png,08aaa17247a575f913959ac4b9f3d9c0b4e212af46adcf3009672e17950aa72b,39634
revision_outputs/cg_suite/E4_interpolation_sensitivity/spatial_tile/grid_256/linear/lasso/linear/split_seed_42/binned_residuals_boxplot.png,350ef187e6ea39bd97943040c3c5fcf35b24867e9add31c9c79fa743b97932b8,65601
revision_outputs/cg_suite/E4_interpolation_sensitivity/spatial_tile/grid_256/linear/lasso/linear/split_seed_42/config_snapshot.json,3359d9e0d0b01e89dff1c8767c1161d2a498e4e39c926b1414a883bfa4a70045,1819
revision_outputs/cg_suite/E4_interpolation_sensitivity/spatial_tile/grid_256/linear/lasso/linear/split_seed_42/metrics.csv,43e0d4989883988f04b0ee6db87db5071c7873ce7a5f66efce5a8682f8fef7b6,497
revision_outputs/cg_suite/E4_interpolation_sensitivity/spatial_tile/grid_256/linear/lasso/linear/split_seed_42/metrics.json,39b5f700110a2b82823ad8075734bb4d951acf95014308c736ca7aaa80087c1a,651
revision_outputs/cg_suite/E4_interpolation_sensitivity/spatial_tile/grid_256/linear/lasso/linear/split_seed_42/prediction_map.npy,2edc60badd0408642897e991645fabae765e9efd005009d7014b078471b24d62,262272
revision_outputs/cg_suite/E4_interpolation_sensitivity/spatial_tile/grid_256/linear/lasso/linear/split_seed_42/reference_vs_prediction.png,abb00e4b97cc635b0626824c8dad8c0590de11f50a2ae53ae6c479e641c9b27e,544419
revision_outputs/cg_suite/E4_interpolation_sensitivity/spatial_tile/grid_256/linear/lasso/linear/split_seed_42/residual_plot.png,72d325d1b84df3f139afe928fd7cd1f34c63b71bf09a3ffaa208f53b6dd43028,69116
revision_outputs/cg_suite/E4_interpolation_sensitivity/spatial_tile/grid_256/linear/lasso/linear/split_seed_42/scatter_true_vs_pred.png,30f36903e501fd584196cde4205616785e3a7fa9866cd6991839f7b95209e43e,58759
revision_outputs/cg_suite/E4_interpolation_sensitivity/spatial_tile/grid_256/linear/lasso/linear/split_seed_42/split_masks.npz,aa87bd7754c73033f6fbca318704cb344d8f8307fb9362cf868f12dc9d85a42e,5093
revision_outputs/cg_suite/E4_interpolation_sensitivity/spatial_tile/grid_256/linear/lasso/linear/split_seed_42/target_map.npy,1e59eb26cb015535fc837f588d10b6c675b78ad23f6259fdd0725a814f18b221,262272
revision_outputs/cg_suite/E4_interpolation_sensitivity/spatial_tile/grid_256/linear/lasso/linear/split_seed_43/alpha_sweep.csv,80662bd4c21fb0ba3f3f144b0e057d1da8d50bbd7f5e993e845e80cd5dd914c6,188
revision_outputs/cg_suite/E4_interpolation_sensitivity/spatial_tile/grid_256/linear/lasso/linear/split_seed_43/binned_error.png,fb76faa07d304774b603814d0be218a871f37ecead8c1ee35551faa849211d6e,51684
revision_outputs/cg_suite/E4_interpolation_sensitivity/spatial_tile/grid_256/linear/lasso/linear/split_seed_43/binned_residuals_boxplot.png,a4eff52545e882c92f6769ecbe159a3750f3bbe24e6b8b04798bb608dfcecd32,59947
revision_outputs/cg_suite/E4_interpolation_sensitivity/spatial_tile/grid_256/linear/lasso/linear/split_seed_43/config_snapshot.json,488fe5a09f42a4a63c4b339889dba11456ea939b434fa242dfff2f12b76576c4,1819
revision_outputs/cg_suite/E4_interpolation_sensitivity/spatial_tile/grid_256/linear/lasso/linear/split_seed_43/metrics.csv,31ca1bb8e600994edeb6f6e7fb400278bbf547feb3d7815c70ff2394c7d9dbf1,498
revision_outputs/cg_suite/E4_interpolation_sensitivity/spatial_tile/grid_256/linear/lasso/linear/split_seed_43/metrics.json,88c9afd042936a1b95629963fd430cbc8120a8e247d1bb4ca49d104e6a302ec6,652
revision_outputs/cg_suite/E4_interpolation_sensitivity/spatial_tile/grid_256/linear/lasso/linear/split_seed_43/prediction_map.npy,742d4b3c12af466805f4962f8d7b87165bba75026f40e0eaffcf9ae1dd8a3ccf,262272
revision_outputs/cg_suite/E4_interpolation_sensitivity/spatial_tile/grid_256/linear/lasso/linear/split_seed_43/reference_vs_prediction.png,cd2e8b58e98b71b988eb50cdf176196cb0ef8a99c0e2a844341e58b9580a86e1,545338
revision_outputs/cg_suite/E4_interpolation_sensitivity/spatial_tile/grid_256/linear/lasso/linear/split_seed_43/residual_plot.png,943c5a6d79a57f2dd907a6f0fb319a29a292b7d1aa4b592163f84ce945c4b228,56444
revision_outputs/cg_suite/E4_interpolation_sensitivity/spatial_tile/grid_256/linear/lasso/linear/split_seed_43/scatter_true_vs_pred.png,6b2675aaff0332c48875dc847327375d7345829e45bfe2c4d45d48a0f6f871a1,55453
revision_outputs/cg_suite/E4_interpolation_sensitivity/spatial_tile/grid_256/linear/lasso/linear/split_seed_43/split_masks.npz,b323933f7c125c832058aa2565acec87c0366ed7ad0b10fe8efeb214892db378,4960
revision_outputs/cg_suite/E4_interpolation_sensitivity/spatial_tile/grid_256/linear/lasso/linear/split_seed_43/target_map.npy,1e59eb26cb015535fc837f588d10b6c675b78ad23f6259fdd0725a814f18b221,262272
revision_outputs/cg_suite/E4_interpolation_sensitivity/spatial_tile/grid_256/linear/lasso/linear/split_seed_44/alpha_sweep.csv,6c132bfc9094989bb63a6afb1074c0008d28b4c78e76ea8f210e28885e9d5291,186
revision_outputs/cg_suite/E4_interpolation_sensitivity/spatial_tile/grid_256/linear/lasso/linear/split_seed_44/binned_error.png,14d1f317b6c91b6d12606846d941ca96ac42666338d29783e79a07ef43a52852,52550
revision_outputs/cg_suite/E4_interpolation_sensitivity/spatial_tile/grid_256/linear/lasso/linear/split_seed_44/binned_residuals_boxplot.png,06e3f546f19e98b04eb4318cf955ff54d554bde99732b7e0f87732cbc037b66a,63296
revision_outputs/cg_suite/E4_interpolation_sensitivity/spatial_tile/grid_256/linear/lasso/linear/split_seed_44/config_snapshot.json,4d2f3f67faf069f37ad0ac0f9dda7158f9f6e725024e6e47cc13d38359fdbf3b,1819
revision_outputs/cg_suite/E4_interpolation_sensitivity/spatial_tile/grid_256/linear/lasso/linear/split_seed_44/metrics.csv,d81c0d75e6e1bcad1a0172f8e7116cee90e38f1645add35eb6496661517a63a7,497
revision_outputs/cg_suite/E4_interpolation_sensitivity/spatial_tile/grid_256/linear/lasso/linear/split_seed_44/metrics.json,2c49af177bbb5e9f0fabe15ff4ffa9f3920e10fe51130502f6c88d7117e6ef64,651
revision_outputs/cg_suite/E4_interpolation_sensitivity/spatial_tile/grid_256/linear/lasso/linear/split_seed_44/prediction_map.npy,b608fab3a933fd89d1dc25e91b4ed33f2f1aeb178c541d898d018a1441dff29d,262272
revision_outputs/cg_suite/E4_interpolation_sensitivity/spatial_tile/grid_256/linear/lasso/linear/split_seed_44/reference_vs_prediction.png,e18068a800cd7dd4e30a49f05aad192c239913e369286b20e2123ceedce9d316,545065
revision_outputs/cg_suite/E4_interpolation_sensitivity/spatial_tile/grid_256/linear/lasso/linear/split_seed_44/residual_plot.png,0e8f61ae4d8f795d96e644452a7ca9a99bcb8e061739edf5cee84f3611f6425a,63718
revision_outputs/cg_suite/E4_interpolation_sensitivity/spatial_tile/grid_256/linear/lasso/linear/split_seed_44/scatter_true_vs_pred.png,06cb94b0e6ba1ec3e2c8e852d90a94eba36d7c5f8c27d4aca781126c513278f2,54701
revision_outputs/cg_suite/E4_interpolation_sensitivity/spatial_tile/grid_256/linear/lasso/linear/split_seed_44/split_masks.npz,dc4e472d4ff09f561e1361da6f2d4a7c3bb5470862a13b149e680a480bc8139b,5058
revision_outputs/cg_suite/E4_interpolation_sensitivity/spatial_tile/grid_256/linear/lasso/linear/split_seed_44/target_map.npy,1e59eb26cb015535fc837f588d10b6c675b78ad23f6259fdd0725a814f18b221,262272
revision_outputs/cg_suite/E4_interpolation_sensitivity/spatial_tile/grid_256/linear/lasso/linear/split_seed_45/alpha_sweep.csv,62cd02a08a731005cc3ee6e602eee4b9534dcab47e78362f6b60414e892190dc,185
revision_outputs/cg_suite/E4_interpolation_sensitivity/spatial_tile/grid_256/linear/lasso/linear/split_seed_45/binned_error.png,7f3502017ece5dd12bb417658616ecb842a89338b35ff463dbc68863d7209ce5,40161
revision_outputs/cg_suite/E4_interpolation_sensitivity/spatial_tile/grid_256/linear/lasso/linear/split_seed_45/binned_residuals_boxplot.png,8ec75b8ce26fd912e79791641155dd232c0cee67a64dfede5a44e7ad1b2a47bb,71946
revision_outputs/cg_suite/E4_interpolation_sensitivity/spatial_tile/grid_256/linear/lasso/linear/split_seed_45/config_snapshot.json,b1d141b1c7954a97b29e2309b1d46e823ebf8aaee8cd400c16e4b0d2ac9952f0,1819
revision_outputs/cg_suite/E4_interpolation_sensitivity/spatial_tile/grid_256/linear/lasso/linear/split_seed_45/metrics.csv,4f0f6568d8825fc2eb3fec8c327a03a5c4e14711c629ece3249383d9af2e1a2c,496
revision_outputs/cg_suite/E4_interpolation_sensitivity/spatial_tile/grid_256/linear/lasso/linear/split_seed_45/metrics.json,342d2a643771fc3feee603f4e9ddb65976d2cea5166f74f8a4ff19b91d98600e,650
revision_outputs/cg_suite/E4_interpolation_sensitivity/spatial_tile/grid_256/linear/lasso/linear/split_seed_45/prediction_map.npy,eb2c81ee6e46ae0d8ac1bdf9c4f303c10228fab6fe3f72cf53984157cff08da1,262272
revision_outputs/cg_suite/E4_interpolation_sensitivity/spatial_tile/grid_256/linear/lasso/linear/split_seed_45/reference_vs_prediction.png,de6aa5f2a38ba2374521c536f622700ff3bfaa4bd29b6bf4a00be5a4cca9d536,544880
revision_outputs/cg_suite/E4_interpolation_sensitivity/spatial_tile/grid_256/linear/lasso/linear/split_seed_45/residual_plot.png,ce47a860b95b5ecae01fcdce6e54e0902e4202dd02ffd219d61e9b52de40401d,92858
revision_outputs/cg_suite/E4_interpolation_sensitivity/spatial_tile/grid_256/linear/lasso/linear/split_seed_45/scatter_true_vs_pred.png,8236e51ab6f412839477afbdadc0a0a1504d202e03ea8e44a32816d38f6fbcf0,92035
revision_outputs/cg_suite/E4_interpolation_sensitivity/spatial_tile/grid_256/linear/lasso/linear/split_seed_45/split_masks.npz,9f4427996aac0677942e3dcb92a43587024aa3e8af163de64f4941b1377e52b0,4987
revision_outputs/cg_suite/E4_interpolation_sensitivity/spatial_tile/grid_256/linear/lasso/linear/split_seed_45/target_map.npy,1e59eb26cb015535fc837f588d10b6c675b78ad23f6259fdd0725a814f18b221,262272
revision_outputs/cg_suite/E4_interpolation_sensitivity/spatial_tile/grid_256/linear/lasso/linear/split_seed_46/alpha_sweep.csv,f984a99f5d4ad3675b1e0ff2aaa5885dc01f9562219da9bfde76bbb11c11dfdd,187
revision_outputs/cg_suite/E4_interpolation_sensitivity/spatial_tile/grid_256/linear/lasso/linear/split_seed_46/binned_error.png,779bcf9961060ede5cbf2d6ee5c664ffdc8b2651cc227bb0a09718c0d5a1b218,36357
revision_outputs/cg_suite/E4_interpolation_sensitivity/spatial_tile/grid_256/linear/lasso/linear/split_seed_46/binned_residuals_boxplot.png,6080a096e2875652451d5abbf67d0e561c63d96209cb3960e50e3142aabc9293,65153
revision_outputs/cg_suite/E4_interpolation_sensitivity/spatial_tile/grid_256/linear/lasso/linear/split_seed_46/config_snapshot.json,29ecfa9d2697a7b910e82ee3c4b7d53e0bfbe60b046de447c1137f27e0e32673,1819
revision_outputs/cg_suite/E4_interpolation_sensitivity/spatial_tile/grid_256/linear/lasso/linear/split_seed_46/metrics.csv,7e9f8958ea2322ddfab28df5872d9fe612f383d8830f513b1f963502d26fbb02,498
revision_outputs/cg_suite/E4_interpolation_sensitivity/spatial_tile/grid_256/linear/lasso/linear/split_seed_46/metrics.json,f7cec32a7ebbfc3fc45fd78f1075b518355715ce9fbad701585a1717ebf182ce,652
revision_outputs/cg_suite/E4_interpolation_sensitivity/spatial_tile/grid_256/linear/lasso/linear/split_seed_46/prediction_map.npy,0c8d207dade03b7ff9c6023b7fd6e5d26c7b74d748c443050182c4e0c67a894a,262272
revision_outputs/cg_suite/E4_interpolation_sensitivity/spatial_tile/grid_256/linear/lasso/linear/split_seed_46/reference_vs_prediction.png,2ab9b241ea1f36f2eff4cab05745bf0549da18c3606de51d341081cb4c03452c,545242
revision_outputs/cg_suite/E4_interpolation_sensitivity/spatial_tile/grid_256/linear/lasso/linear/split_seed_46/residual_plot.png,4048f45dad2b4577a636ee017b1725bd62f8b64c47d647cdd496a08ba2a886eb,70261
revision_outputs/cg_suite/E4_interpolation_sensitivity/spatial_tile/grid_256/linear/lasso/linear/split_seed_46/scatter_true_vs_pred.png,78bd98b0a368fa4dbff20e2bc2b54f412280013d8ce3356996cc5f97355c1f60,62517
revision_outputs/cg_suite/E4_interpolation_sensitivity/spatial_tile/grid_256/linear/lasso/linear/split_seed_46/split_masks.npz,b147155d168780531b89106b8cff37420d8650cce600f3ae472a5a857fa46329,5022
revision_outputs/cg_suite/E4_interpolation_sensitivity/spatial_tile/grid_256/linear/lasso/linear/split_seed_46/target_map.npy,1e59eb26cb015535fc837f588d10b6c675b78ad23f6259fdd0725a814f18b221,262272
revision_outputs/cg_suite/E4_interpolation_sensitivity/spatial_tile/grid_256/linear/lightgbm/linear/split_seed_42/binned_error.png,267bf32d8c33ec153905ceb287ffeaf854b04546bc06c154a9c62da26333ecea,32085
revision_outputs/cg_suite/E4_interpolation_sensitivity/spatial_tile/grid_256/linear/lightgbm/linear/split_seed_42/binned_residuals_boxplot.png,ed5a82852dbbac42befe6a63df0339cdf57da5dc1fd9b689870664081534ff40,55851
revision_outputs/cg_suite/E4_interpolation_sensitivity/spatial_tile/grid_256/linear/lightgbm/linear/split_seed_42/config_snapshot.json,3359d9e0d0b01e89dff1c8767c1161d2a498e4e39c926b1414a883bfa4a70045,1819
revision_outputs/cg_suite/E4_interpolation_sensitivity/spatial_tile/grid_256/linear/lightgbm/linear/split_seed_42/lightgbm_model.txt,3f3a8f4a33e41e94c3ce7058dcf6a6566e96d7b8747a7239a96a262c756a45d9,253983
revision_outputs/cg_suite/E4_interpolation_sensitivity/spatial_tile/grid_256/linear/lightgbm/linear/split_seed_42/metrics.csv,f610f6dff7c7de271fea645137fd0ca425ce81346086af38ae865b3d404647e5,444
revision_outputs/cg_suite/E4_interpolation_sensitivity/spatial_tile/grid_256/linear/lightgbm/linear/split_seed_42/metrics.json,1b3c0b042a4a06927c2fa2d385de70c5cad7bd93db75a054b916028c0aeda3f1,584
revision_outputs/cg_suite/E4_interpolation_sensitivity/spatial_tile/grid_256/linear/lightgbm/linear/split_seed_42/prediction_map.npy,be713b805a43e18182c5fc014db4cf6f2e6c60cb9e6d88f76431e2c53c656cd2,262272
revision_outputs/cg_suite/E4_interpolation_sensitivity/spatial_tile/grid_256/linear/lightgbm/linear/split_seed_42/reference_vs_prediction.png,b0cc49f06918ae8bb0be5cf45e553343f669786ae91ff0fd3f2ccac112e7e984,543978
revision_outputs/cg_suite/E4_interpolation_sensitivity/spatial_tile/grid_256/linear/lightgbm/linear/split_seed_42/residual_plot.png,acc45843294cd2e58438bc789cc2b10118dbe70a06aad0fbfd5c37a7131a5cb7,42314
revision_outputs/cg_suite/E4_interpolation_sensitivity/spatial_tile/grid_256/linear/lightgbm/linear/split_seed_42/scatter_true_vs_pred.png,670df029b867629e453010b775e385d85df83f58f62be7fcaf3018669c6d9a29,59775
revision_outputs/cg_suite/E4_interpolation_sensitivity/spatial_tile/grid_256/linear/lightgbm/linear/split_seed_42/split_masks.npz,aa87bd7754c73033f6fbca318704cb344d8f8307fb9362cf868f12dc9d85a42e,5093
revision_outputs/cg_suite/E4_interpolation_sensitivity/spatial_tile/grid_256/linear/lightgbm/linear/split_seed_42/target_map.npy,1e59eb26cb015535fc837f588d10b6c675b78ad23f6259fdd0725a814f18b221,262272
revision_outputs/cg_suite/E4_interpolation_sensitivity/spatial_tile/grid_256/linear/lightgbm/linear/split_seed_43/binned_error.png,b0747028ce4a8260cbd0dede46c790a1305c5c24b8a833890a39b7fe4f23c39b,35293
revision_outputs/cg_suite/E4_interpolation_sensitivity/spatial_tile/grid_256/linear/lightgbm/linear/split_seed_43/binned_residuals_boxplot.png,7ea76dfae1664ab04350aa0f8b0b2e51587cffae686d5ade7e2648c5d8a2f009,56696
revision_outputs/cg_suite/E4_interpolation_sensitivity/spatial_tile/grid_256/linear/lightgbm/linear/split_seed_43/config_snapshot.json,488fe5a09f42a4a63c4b339889dba11456ea939b434fa242dfff2f12b76576c4,1819
revision_outputs/cg_suite/E4_interpolation_sensitivity/spatial_tile/grid_256/linear/lightgbm/linear/split_seed_43/lightgbm_model.txt,0b1af0b4e97e83ca7ee21b962c935789cc9dda660e308c10d9331cf9719654bf,435885
revision_outputs/cg_suite/E4_interpolation_sensitivity/spatial_tile/grid_256/linear/lightgbm/linear/split_seed_43/metrics.csv,857113ed68d914e0f3b0950da402398e0c9d422c422565cf86db7057701609d2,446
revision_outputs/cg_suite/E4_interpolation_sensitivity/spatial_tile/grid_256/linear/lightgbm/linear/split_seed_43/metrics.json,b33630768cafc4999da1b8a921e4eeaecfc6a3478bb24041ca2627a62e0b2708,586
revision_outputs/cg_suite/E4_interpolation_sensitivity/spatial_tile/grid_256/linear/lightgbm/linear/split_seed_43/prediction_map.npy,b15f2e64feff2f2f06ec6fd18327ecf7e7d66ddb32755691606e02b86ec6f1f6,262272
revision_outputs/cg_suite/E4_interpolation_sensitivity/spatial_tile/grid_256/linear/lightgbm/linear/split_seed_43/reference_vs_prediction.png,46e49f9e917f6c7081c1434550cbbe5efa60c1bb30a619b70ef482f65d58da9e,544938
revision_outputs/cg_suite/E4_interpolation_sensitivity/spatial_tile/grid_256/linear/lightgbm/linear/split_seed_43/residual_plot.png,65700dd6fbd781b65df5a26ca76cb27b744bca0c57697a906791bef998339170,38815
revision_outputs/cg_suite/E4_interpolation_sensitivity/spatial_tile/grid_256/linear/lightgbm/linear/split_seed_43/scatter_true_vs_pred.png,1264b7db5a7de6a8c7c2dba0b5db64307e320f5b57c5cd0e59be67d91a98c5ed,56128
revision_outputs/cg_suite/E4_interpolation_sensitivity/spatial_tile/grid_256/linear/lightgbm/linear/split_seed_43/split_masks.npz,b323933f7c125c832058aa2565acec87c0366ed7ad0b10fe8efeb214892db378,4960
revision_outputs/cg_suite/E4_interpolation_sensitivity/spatial_tile/grid_256/linear/lightgbm/linear/split_seed_43/target_map.npy,1e59eb26cb015535fc837f588d10b6c675b78ad23f6259fdd0725a814f18b221,262272
revision_outputs/cg_suite/E4_interpolation_sensitivity/spatial_tile/grid_256/linear/lightgbm/linear/split_seed_44/binned_error.png,a36199752ec6779a03a44c8db412a8a284665d6ea5a2eea6dbecca96f9062f46,35234
revision_outputs/cg_suite/E4_interpolation_sensitivity/spatial_tile/grid_256/linear/lightgbm/linear/split_seed_44/binned_residuals_boxplot.png,2ae486bfdc82345d28ac4cfa0287a5b4a2d48ae65cef816dff2d6975e7886fad,55620
revision_outputs/cg_suite/E4_interpolation_sensitivity/spatial_tile/grid_256/linear/lightgbm/linear/split_seed_44/config_snapshot.json,4d2f3f67faf069f37ad0ac0f9dda7158f9f6e725024e6e47cc13d38359fdbf3b,1819
revision_outputs/cg_suite/E4_interpolation_sensitivity/spatial_tile/grid_256/linear/lightgbm/linear/split_seed_44/lightgbm_model.txt,955f397e422dd7927a0061c55437e28cadab1e3ea594787ff964e11f4da76825,401079
revision_outputs/cg_suite/E4_interpolation_sensitivity/spatial_tile/grid_256/linear/lightgbm/linear/split_seed_44/metrics.csv,f524be64f80b64b7de254a57edbf0e7fe9453413d2be6e23682f1d600d9e32b6,444
revision_outputs/cg_suite/E4_interpolation_sensitivity/spatial_tile/grid_256/linear/lightgbm/linear/split_seed_44/metrics.json,92564ea47585ccd3e23bd56976b65132110245d5d08f3023d137d1faf1c531e2,584
revision_outputs/cg_suite/E4_interpolation_sensitivity/spatial_tile/grid_256/linear/lightgbm/linear/split_seed_44/prediction_map.npy,ba50ccaf90a864da2cc01ea8697053458c26ef2b095f01ea25b7939b9fdf0696,262272
revision_outputs/cg_suite/E4_interpolation_sensitivity/spatial_tile/grid_256/linear/lightgbm/linear/split_seed_44/reference_vs_prediction.png,b04783960bdca25375c849fc2750e9e14d20d218acea0c89b8e331b0bd295080,545130
revision_outputs/cg_suite/E4_interpolation_sensitivity/spatial_tile/grid_256/linear/lightgbm/linear/split_seed_44/residual_plot.png,99eef1d79ce1e74f9ce6cb01307e0da3157554e22e881587cb6cde312d9edb51,37744
revision_outputs/cg_suite/E4_interpolation_sensitivity/spatial_tile/grid_256/linear/lightgbm/linear/split_seed_44/scatter_true_vs_pred.png,28e10b19a6e35760693d9acb014b33c17696611db2a4e93672932a01680b4941,55125
revision_outputs/cg_suite/E4_interpolation_sensitivity/spatial_tile/grid_256/linear/lightgbm/linear/split_seed_44/split_masks.npz,dc4e472d4ff09f561e1361da6f2d4a7c3bb5470862a13b149e680a480bc8139b,5058
revision_outputs/cg_suite/E4_interpolation_sensitivity/spatial_tile/grid_256/linear/lightgbm/linear/split_seed_44/target_map.npy,1e59eb26cb015535fc837f588d10b6c675b78ad23f6259fdd0725a814f18b221,262272
revision_outputs/cg_suite/E4_interpolation_sensitivity/spatial_tile/grid_256/linear/lightgbm/linear/split_seed_45/binned_error.png,5af6274a26d5cfededae59ecf0d2f0a01709f80e8647eacf0e28b2f2f5e9bf40,41956
revision_outputs/cg_suite/E4_interpolation_sensitivity/spatial_tile/grid_256/linear/lightgbm/linear/split_seed_45/binned_residuals_boxplot.png,7f96f91534bdf06f1f95fb5ab050d8baedae32a4b9a5ea0d0062db8f138269ff,72903
revision_outputs/cg_suite/E4_interpolation_sensitivity/spatial_tile/grid_256/linear/lightgbm/linear/split_seed_45/config_snapshot.json,b1d141b1c7954a97b29e2309b1d46e823ebf8aaee8cd400c16e4b0d2ac9952f0,1819
revision_outputs/cg_suite/E4_interpolation_sensitivity/spatial_tile/grid_256/linear/lightgbm/linear/split_seed_45/lightgbm_model.txt,93f3d2399a0721cf4db94957c44dbfc6b213c87edd134e89518dd9888552b293,454863
revision_outputs/cg_suite/E4_interpolation_sensitivity/spatial_tile/grid_256/linear/lightgbm/linear/split_seed_45/metrics.csv,7bba6ef614d1d40fd73534e0d90ee436c538b08b02fc88d0b9a02ef161d430de,448
revision_outputs/cg_suite/E4_interpolation_sensitivity/spatial_tile/grid_256/linear/lightgbm/linear/split_seed_45/metrics.json,a90c5f5c23383ff96465e51750bfb24c46ab4d29aaea76d8cb160e102b35bc89,588
revision_outputs/cg_suite/E4_interpolation_sensitivity/spatial_tile/grid_256/linear/lightgbm/linear/split_seed_45/prediction_map.npy,ce8d8e414274600b3fae7ef06103c0d8ec9fae60d5897dad4881e287eefe82f1,262272
revision_outputs/cg_suite/E4_interpolation_sensitivity/spatial_tile/grid_256/linear/lightgbm/linear/split_seed_45/reference_vs_prediction.png,739105d5fa66d69d47167dd57a651abe41523a20a30bb9faea142fb4d6696cc7,544702
revision_outputs/cg_suite/E4_interpolation_sensitivity/spatial_tile/grid_256/linear/lightgbm/linear/split_seed_45/residual_plot.png,0a7f044abbbe626738d3d62ad845d0ff74fd8ebca8d7a49ecc2534045848c8d1,91923
revision_outputs/cg_suite/E4_interpolation_sensitivity/spatial_tile/grid_256/linear/lightgbm/linear/split_seed_45/scatter_true_vs_pred.png,814ec7148ba19213ebeb2e7493719b7b5156c7a56f453ba69b00af9fee8adfd0,91756
revision_outputs/cg_suite/E4_interpolation_sensitivity/spatial_tile/grid_256/linear/lightgbm/linear/split_seed_45/split_masks.npz,9f4427996aac0677942e3dcb92a43587024aa3e8af163de64f4941b1377e52b0,4987
revision_outputs/cg_suite/E4_interpolation_sensitivity/spatial_tile/grid_256/linear/lightgbm/linear/split_seed_45/target_map.npy,1e59eb26cb015535fc837f588d10b6c675b78ad23f6259fdd0725a814f18b221,262272
revision_outputs/cg_suite/E4_interpolation_sensitivity/spatial_tile/grid_256/linear/lightgbm/linear/split_seed_46/binned_error.png,6d11e45a7e795c71b1148ff9d889812639fd5b07e65474b6b4660455c533bc73,41358
revision_outputs/cg_suite/E4_interpolation_sensitivity/spatial_tile/grid_256/linear/lightgbm/linear/split_seed_46/binned_residuals_boxplot.png,d5cd7b6ea06dcda1e55474656e143617f61ff6e084954ca8622436d37599301d,56227
revision_outputs/cg_suite/E4_interpolation_sensitivity/spatial_tile/grid_256/linear/lightgbm/linear/split_seed_46/config_snapshot.json,29ecfa9d2697a7b910e82ee3c4b7d53e0bfbe60b046de447c1137f27e0e32673,1819
revision_outputs/cg_suite/E4_interpolation_sensitivity/spatial_tile/grid_256/linear/lightgbm/linear/split_seed_46/lightgbm_model.txt,b259f1d24f2acc1578c7e875f22ab4d3e778a8c7499d3a6ac3ab7fbfad1b7eb8,318258
revision_outputs/cg_suite/E4_interpolation_sensitivity/spatial_tile/grid_256/linear/lightgbm/linear/split_seed_46/metrics.csv,e832f9674eb369e675ac570de3064f4aaa0a717b5382eeed3154a188f10b2866,448
revision_outputs/cg_suite/E4_interpolation_sensitivity/spatial_tile/grid_256/linear/lightgbm/linear/split_seed_46/metrics.json,64dd6e323f99cfb7722fbe127d35a777445e850fcdea0c53a2bbcc3338067e33,588
revision_outputs/cg_suite/E4_interpolation_sensitivity/spatial_tile/grid_256/linear/lightgbm/linear/split_seed_46/prediction_map.npy,bb2996514d4bdd1446d3ea8b30e6946c0faa8439dbbc4bff9fac3f78aaccd063,262272
revision_outputs/cg_suite/E4_interpolation_sensitivity/spatial_tile/grid_256/linear/lightgbm/linear/split_seed_46/reference_vs_prediction.png,ea4fc962b2eb8697d8e3953951edc6784c3bd255b9b6d6144733edb7f6676c76,544741
revision_outputs/cg_suite/E4_interpolation_sensitivity/spatial_tile/grid_256/linear/lightgbm/linear/split_seed_46/residual_plot.png,0d5b21354157b078cd6e57d0da65587ee286d33ecf5f650e6d2273bb15f45dfd,43237
revision_outputs/cg_suite/E4_interpolation_sensitivity/spatial_tile/grid_256/linear/lightgbm/linear/split_seed_46/scatter_true_vs_pred.png,91f404146a23ca4b4770eb928f1f319a6651d1318aa1f5943047d801dc403a61,63408
revision_outputs/cg_suite/E4_interpolation_sensitivity/spatial_tile/grid_256/linear/lightgbm/linear/split_seed_46/split_masks.npz,b147155d168780531b89106b8cff37420d8650cce600f3ae472a5a857fa46329,5022
revision_outputs/cg_suite/E4_interpolation_sensitivity/spatial_tile/grid_256/linear/lightgbm/linear/split_seed_46/target_map.npy,1e59eb26cb015535fc837f588d10b6c675b78ad23f6259fdd0725a814f18b221,262272
revision_outputs/cg_suite/E4_interpolation_sensitivity/spatial_tile/grid_256/linear/persistence/linear/split_seed_42/binned_error.png,d1d73c38a3602462e43ac360147004f111b702dcfb8bcf394ab91adcf1df9a30,40164
revision_outputs/cg_suite/E4_interpolation_sensitivity/spatial_tile/grid_256/linear/persistence/linear/split_seed_42/binned_residuals_boxplot.png,ed8be98a5b17a6d326b24f78a62819a70cc4d1134f18bb1465d521bb83ac7dcf,64835
revision_outputs/cg_suite/E4_interpolation_sensitivity/spatial_tile/grid_256/linear/persistence/linear/split_seed_42/config_snapshot.json,3359d9e0d0b01e89dff1c8767c1161d2a498e4e39c926b1414a883bfa4a70045,1819
revision_outputs/cg_suite/E4_interpolation_sensitivity/spatial_tile/grid_256/linear/persistence/linear/split_seed_42/last_input_map.npy,9a48065e98df9bb0200b16e885c5e0f98373d92e1fd0195829a8f8628f9ede66,262272
revision_outputs/cg_suite/E4_interpolation_sensitivity/spatial_tile/grid_256/linear/persistence/linear/split_seed_42/metrics.csv,9190fde38b8ad5f2b4576a3a2e964326f77dceef57f3cb3e29e2d7d7762efb38,662
revision_outputs/cg_suite/E4_interpolation_sensitivity/spatial_tile/grid_256/linear/persistence/linear/split_seed_42/metrics.json,38e3b852cf41ab41f52f0b95e086595b0ea7de2303d5eda8ddbab760d758da71,853
revision_outputs/cg_suite/E4_interpolation_sensitivity/spatial_tile/grid_256/linear/persistence/linear/split_seed_42/prediction_map.npy,9a48065e98df9bb0200b16e885c5e0f98373d92e1fd0195829a8f8628f9ede66,262272
revision_outputs/cg_suite/E4_interpolation_sensitivity/spatial_tile/grid_256/linear/persistence/linear/split_seed_42/reference_vs_prediction.png,655c71542f32f8fbecaaed5019b060889b9e4791ba096308aa4da30c0492bcc0,551789
revision_outputs/cg_suite/E4_interpolation_sensitivity/spatial_tile/grid_256/linear/persistence/linear/split_seed_42/residual_plot.png,f36f0a87564f0de511f66b832c81fdc81da87981cba98919fe75a75a12901718,63224
revision_outputs/cg_suite/E4_interpolation_sensitivity/spatial_tile/grid_256/linear/persistence/linear/split_seed_42/scatter_true_vs_pred.png,03b16b52c8da5a48ac087bc6ee0df6bebb5364b8416584b65faa16d647497e41,59420
revision_outputs/cg_suite/E4_interpolation_sensitivity/spatial_tile/grid_256/linear/persistence/linear/split_seed_42/split_masks.npz,aa87bd7754c73033f6fbca318704cb344d8f8307fb9362cf868f12dc9d85a42e,5093
revision_outputs/cg_suite/E4_interpolation_sensitivity/spatial_tile/grid_256/linear/persistence/linear/split_seed_42/target_map.npy,1e59eb26cb015535fc837f588d10b6c675b78ad23f6259fdd0725a814f18b221,262272
revision_outputs/cg_suite/E4_interpolation_sensitivity/spatial_tile/grid_256/linear/persistence/linear/split_seed_43/binned_error.png,31800e96bf83f843cf2925d7826770e876656a1d712a0683f78df527a915c135,46515
revision_outputs/cg_suite/E4_interpolation_sensitivity/spatial_tile/grid_256/linear/persistence/linear/split_seed_43/binned_residuals_boxplot.png,d13c12e2552788ae987a44c56f00bcc4f3dc7d12601395e07eae7b6ecb01acaf,61498
revision_outputs/cg_suite/E4_interpolation_sensitivity/spatial_tile/grid_256/linear/persistence/linear/split_seed_43/config_snapshot.json,488fe5a09f42a4a63c4b339889dba11456ea939b434fa242dfff2f12b76576c4,1819
revision_outputs/cg_suite/E4_interpolation_sensitivity/spatial_tile/grid_256/linear/persistence/linear/split_seed_43/last_input_map.npy,9a48065e98df9bb0200b16e885c5e0f98373d92e1fd0195829a8f8628f9ede66,262272
revision_outputs/cg_suite/E4_interpolation_sensitivity/spatial_tile/grid_256/linear/persistence/linear/split_seed_43/metrics.csv,5c09a44caf07ab565cacc35d0645760d59661acb768624f00444568b126c7aef,659
revision_outputs/cg_suite/E4_interpolation_sensitivity/spatial_tile/grid_256/linear/persistence/linear/split_seed_43/metrics.json,6bc00aaf6a7fd3137a82a3d6719ed4f6863d5c2b0b3714f3eedf897553dc5059,850
revision_outputs/cg_suite/E4_interpolation_sensitivity/spatial_tile/grid_256/linear/persistence/linear/split_seed_43/prediction_map.npy,9a48065e98df9bb0200b16e885c5e0f98373d92e1fd0195829a8f8628f9ede66,262272
revision_outputs/cg_suite/E4_interpolation_sensitivity/spatial_tile/grid_256/linear/persistence/linear/split_seed_43/reference_vs_prediction.png,655c71542f32f8fbecaaed5019b060889b9e4791ba096308aa4da30c0492bcc0,551789
revision_outputs/cg_suite/E4_interpolation_sensitivity/spatial_tile/grid_256/linear/persistence/linear/split_seed_43/residual_plot.png,730ca979c3a942991f715f54a906f56799aec5cb89112724fd498e79594cd11a,58097
revision_outputs/cg_suite/E4_interpolation_sensitivity/spatial_tile/grid_256/linear/persistence/linear/split_seed_43/scatter_true_vs_pred.png,fc1b90db5e60428c771b5e30a0d6a53d38bde2bc5846e9cab87f44ff573c7280,57675
revision_outputs/cg_suite/E4_interpolation_sensitivity/spatial_tile/grid_256/linear/persistence/linear/split_seed_43/split_masks.npz,b323933f7c125c832058aa2565acec87c0366ed7ad0b10fe8efeb214892db378,4960
revision_outputs/cg_suite/E4_interpolation_sensitivity/spatial_tile/grid_256/linear/persistence/linear/split_seed_43/target_map.npy,1e59eb26cb015535fc837f588d10b6c675b78ad23f6259fdd0725a814f18b221,262272
revision_outputs/cg_suite/E4_interpolation_sensitivity/spatial_tile/grid_256/linear/persistence/linear/split_seed_44/binned_error.png,92d960c3803cf518aa90f2f6dcd2623680d072af7248db094d81b2dd0f809235,45506
revision_outputs/cg_suite/E4_interpolation_sensitivity/spatial_tile/grid_256/linear/persistence/linear/split_seed_44/binned_residuals_boxplot.png,745bf70067f868c5518872e6239b0221e8819c87cba0540027bb3459fb6bae6f,69257
revision_outputs/cg_suite/E4_interpolation_sensitivity/spatial_tile/grid_256/linear/persistence/linear/split_seed_44/config_snapshot.json,4d2f3f67faf069f37ad0ac0f9dda7158f9f6e725024e6e47cc13d38359fdbf3b,1819
revision_outputs/cg_suite/E4_interpolation_sensitivity/spatial_tile/grid_256/linear/persistence/linear/split_seed_44/last_input_map.npy,9a48065e98df9bb0200b16e885c5e0f98373d92e1fd0195829a8f8628f9ede66,262272
revision_outputs/cg_suite/E4_interpolation_sensitivity/spatial_tile/grid_256/linear/persistence/linear/split_seed_44/metrics.csv,9628c2d7de51db6a53fb1344a2a2008a78dfcefd3974483958c4585209c8beda,660
revision_outputs/cg_suite/E4_interpolation_sensitivity/spatial_tile/grid_256/linear/persistence/linear/split_seed_44/metrics.json,a241cc59a5f2755188c6975aae403fc6bf21c4d97b2c2954d0602d195f8c377a,851
revision_outputs/cg_suite/E4_interpolation_sensitivity/spatial_tile/grid_256/linear/persistence/linear/split_seed_44/prediction_map.npy,9a48065e98df9bb0200b16e885c5e0f98373d92e1fd0195829a8f8628f9ede66,262272
revision_outputs/cg_suite/E4_interpolation_sensitivity/spatial_tile/grid_256/linear/persistence/linear/split_seed_44/reference_vs_prediction.png,655c71542f32f8fbecaaed5019b060889b9e4791ba096308aa4da30c0492bcc0,551789
revision_outputs/cg_suite/E4_interpolation_sensitivity/spatial_tile/grid_256/linear/persistence/linear/split_seed_44/residual_plot.png,7c2e1a036c5abab4b43badc9f88ee9eb24432dbd7281efa9f202fb5b595921b5,63532
revision_outputs/cg_suite/E4_interpolation_sensitivity/spatial_tile/grid_256/linear/persistence/linear/split_seed_44/scatter_true_vs_pred.png,2d4a19bb231bfc44a082a9277718832a683a043105969c7684156cb0498472ae,55722
revision_outputs/cg_suite/E4_interpolation_sensitivity/spatial_tile/grid_256/linear/persistence/linear/split_seed_44/split_masks.npz,dc4e472d4ff09f561e1361da6f2d4a7c3bb5470862a13b149e680a480bc8139b,5058
revision_outputs/cg_suite/E4_interpolation_sensitivity/spatial_tile/grid_256/linear/persistence/linear/split_seed_44/target_map.npy,1e59eb26cb015535fc837f588d10b6c675b78ad23f6259fdd0725a814f18b221,262272
revision_outputs/cg_suite/E4_interpolation_sensitivity/spatial_tile/grid_256/linear/persistence/linear/split_seed_45/binned_error.png,1776a65c40dff18b9e54e6dcb3053c17841de4c26dee2da1e2d3d3e2d831b76e,37417
revision_outputs/cg_suite/E4_interpolation_sensitivity/spatial_tile/grid_256/linear/persistence/linear/split_seed_45/binned_residuals_boxplot.png,9e37ed28963f9bf6f49bb1a0e53b1012abb72a42dba5bd60ff0695150c2b6ef7,64519
revision_outputs/cg_suite/E4_interpolation_sensitivity/spatial_tile/grid_256/linear/persistence/linear/split_seed_45/config_snapshot.json,b1d141b1c7954a97b29e2309b1d46e823ebf8aaee8cd400c16e4b0d2ac9952f0,1819
revision_outputs/cg_suite/E4_interpolation_sensitivity/spatial_tile/grid_256/linear/persistence/linear/split_seed_45/last_input_map.npy,9a48065e98df9bb0200b16e885c5e0f98373d92e1fd0195829a8f8628f9ede66,262272
revision_outputs/cg_suite/E4_interpolation_sensitivity/spatial_tile/grid_256/linear/persistence/linear/split_seed_45/metrics.csv,13f028adcbc5f463866244a11fc6826228fa9b84bd82f79382f1a53fa6987eb8,660
revision_outputs/cg_suite/E4_interpolation_sensitivity/spatial_tile/grid_256/linear/persistence/linear/split_seed_45/metrics.json,f6e33af53c1889c4771c2637f81145ba3ba724a7cf5fc65c2b03cae8734f2e11,851
revision_outputs/cg_suite/E4_interpolation_sensitivity/spatial_tile/grid_256/linear/persistence/linear/split_seed_45/prediction_map.npy,9a48065e98df9bb0200b16e885c5e0f98373d92e1fd0195829a8f8628f9ede66,262272
revision_outputs/cg_suite/E4_interpolation_sensitivity/spatial_tile/grid_256/linear/persistence/linear/split_seed_45/reference_vs_prediction.png,655c71542f32f8fbecaaed5019b060889b9e4791ba096308aa4da30c0492bcc0,551789
revision_outputs/cg_suite/E4_interpolation_sensitivity/spatial_tile/grid_256/linear/persistence/linear/split_seed_45/residual_plot.png,3f3736dcdd1c0c39c6e81b56a910665f30ae243678e47d202a5dec583a44e9fc,85550
revision_outputs/cg_suite/E4_interpolation_sensitivity/spatial_tile/grid_256/linear/persistence/linear/split_seed_45/scatter_true_vs_pred.png,f24f38d7f3d8230710b04ee6af80ac339fd9a7df845129849cb9b992836c5c83,94024
revision_outputs/cg_suite/E4_interpolation_sensitivity/spatial_tile/grid_256/linear/persistence/linear/split_seed_45/split_masks.npz,9f4427996aac0677942e3dcb92a43587024aa3e8af163de64f4941b1377e52b0,4987
revision_outputs/cg_suite/E4_interpolation_sensitivity/spatial_tile/grid_256/linear/persistence/linear/split_seed_45/target_map.npy,1e59eb26cb015535fc837f588d10b6c675b78ad23f6259fdd0725a814f18b221,262272
revision_outputs/cg_suite/E4_interpolation_sensitivity/spatial_tile/grid_256/linear/persistence/linear/split_seed_46/binned_error.png,3e9b22b93738cde0704cc7a43303ad95f1c7857ccf819481786752fedb23f248,36205
revision_outputs/cg_suite/E4_interpolation_sensitivity/spatial_tile/grid_256/linear/persistence/linear/split_seed_46/binned_residuals_boxplot.png,e598e520cb393a8130d97ed05a0f849ae24f276fc01400307e1e89db2469c14f,63173
revision_outputs/cg_suite/E4_interpolation_sensitivity/spatial_tile/grid_256/linear/persistence/linear/split_seed_46/config_snapshot.json,29ecfa9d2697a7b910e82ee3c4b7d53e0bfbe60b046de447c1137f27e0e32673,1819
revision_outputs/cg_suite/E4_interpolation_sensitivity/spatial_tile/grid_256/linear/persistence/linear/split_seed_46/last_input_map.npy,9a48065e98df9bb0200b16e885c5e0f98373d92e1fd0195829a8f8628f9ede66,262272
revision_outputs/cg_suite/E4_interpolation_sensitivity/spatial_tile/grid_256/linear/persistence/linear/split_seed_46/metrics.csv,6c9b17cb19ce70a90fd4629a2c474f017a73ed0977d42561a1f77c3fde2210fe,660
revision_outputs/cg_suite/E4_interpolation_sensitivity/spatial_tile/grid_256/linear/persistence/linear/split_seed_46/metrics.json,5a44469275e9c6e54a72544e3dd3d3e910d522181778cefe390812789eb19ff1,851
revision_outputs/cg_suite/E4_interpolation_sensitivity/spatial_tile/grid_256/linear/persistence/linear/split_seed_46/prediction_map.npy,9a48065e98df9bb0200b16e885c5e0f98373d92e1fd0195829a8f8628f9ede66,262272
revision_outputs/cg_suite/E4_interpolation_sensitivity/spatial_tile/grid_256/linear/persistence/linear/split_seed_46/reference_vs_prediction.png,655c71542f32f8fbecaaed5019b060889b9e4791ba096308aa4da30c0492bcc0,551789
revision_outputs/cg_suite/E4_interpolation_sensitivity/spatial_tile/grid_256/linear/persistence/linear/split_seed_46/residual_plot.png,a00c1b93e089154c0e576ba39b977f65715128017293febc567b0508232ce886,63384
revision_outputs/cg_suite/E4_interpolation_sensitivity/spatial_tile/grid_256/linear/persistence/linear/split_seed_46/scatter_true_vs_pred.png,54b2674fb745e647dd61daaa2a5835f8ab851c3837ad55d72ef682d5db194581,63373
revision_outputs/cg_suite/E4_interpolation_sensitivity/spatial_tile/grid_256/linear/persistence/linear/split_seed_46/split_masks.npz,b147155d168780531b89106b8cff37420d8650cce600f3ae472a5a857fa46329,5022
revision_outputs/cg_suite/E4_interpolation_sensitivity/spatial_tile/grid_256/linear/persistence/linear/split_seed_46/target_map.npy,1e59eb26cb015535fc837f588d10b6c675b78ad23f6259fdd0725a814f18b221,262272
revision_outputs/cg_suite/E4_interpolation_sensitivity/spatial_tile/grid_256/nearest/cnn_lstm_maskaware/nearest/split_seed_42/binned_error.png,243e5fd8d3f5b214e3996c1d6b11db06e7d6acf16c8b88e26d1c9d02481be545,41078
revision_outputs/cg_suite/E4_interpolation_sensitivity/spatial_tile/grid_256/nearest/cnn_lstm_maskaware/nearest/split_seed_42/binned_residuals_boxplot.png,594275622eeb8054e9d715773569ecf1b766b12388cc63fa5eef9b4e3f202e70,54427
revision_outputs/cg_suite/E4_interpolation_sensitivity/spatial_tile/grid_256/nearest/cnn_lstm_maskaware/nearest/split_seed_42/config_snapshot.json,fd391c3662c53009ac5cbacce00152c608864735a888b1c5724b5b8c2b313a24,1821
revision_outputs/cg_suite/E4_interpolation_sensitivity/spatial_tile/grid_256/nearest/cnn_lstm_maskaware/nearest/split_seed_42/last_input_map.npy,39ca6c610647cb2ced111cf954a7c074930b38caaadd33df5d059e10a093b1eb,262272
revision_outputs/cg_suite/E4_interpolation_sensitivity/spatial_tile/grid_256/nearest/cnn_lstm_maskaware/nearest/split_seed_42/metrics.csv,0a1ec2dc2ba69cd4d2389869e344bac4bc019ecfd8eae0644392ec5eb5e72143,786
revision_outputs/cg_suite/E4_interpolation_sensitivity/spatial_tile/grid_256/nearest/cnn_lstm_maskaware/nearest/split_seed_42/metrics.json,23563f5de70ffe4ef3747a71a0f03d68c18564c4d8b4c65ea0dc45e28dca862e,1016
revision_outputs/cg_suite/E4_interpolation_sensitivity/spatial_tile/grid_256/nearest/cnn_lstm_maskaware/nearest/split_seed_42/prediction_map.npy,70d275c560105a7b679255321e879ccf030875e6c0a19598411171ce56f336e4,262272
revision_outputs/cg_suite/E4_interpolation_sensitivity/spatial_tile/grid_256/nearest/cnn_lstm_maskaware/nearest/split_seed_42/reference_vs_prediction.png,0046795d7016166c00a6f7f901c414f1ce55abdf4cc515289d4c16ec5a6fd0ac,429541
revision_outputs/cg_suite/E4_interpolation_sensitivity/spatial_tile/grid_256/nearest/cnn_lstm_maskaware/nearest/split_seed_42/residual_plot.png,7f725f2cf67c78532ba832540e7b2da9487b236393ffccfa90c8874d53f81c76,38986
revision_outputs/cg_suite/E4_interpolation_sensitivity/spatial_tile/grid_256/nearest/cnn_lstm_maskaware/nearest/split_seed_42/scatter_true_vs_pred.png,2f8e6ffa9098152018e228399c5d03d82cb0a61797e039783889212efea47548,52619
revision_outputs/cg_suite/E4_interpolation_sensitivity/spatial_tile/grid_256/nearest/cnn_lstm_maskaware/nearest/split_seed_42/split_masks.npz,a179309a12a5b41eb9f99bac78a2c1982728c3aa6326ca24c130f57d4a3b4c78,2632
revision_outputs/cg_suite/E4_interpolation_sensitivity/spatial_tile/grid_256/nearest/cnn_lstm_maskaware/nearest/split_seed_42/target_map.npy,b782fcff50f76b7568b87afb97f44d23b8a8de895926039b7c0ff1f228539eda,262272
revision_outputs/cg_suite/E4_interpolation_sensitivity/spatial_tile/grid_256/nearest/cnn_lstm_maskaware/nearest/split_seed_42/training_history.csv,1dc81fd5d34ecb19b4a01f0c17764a4c5d4de26df6fbae662a3732347dd1893b,778
revision_outputs/cg_suite/E4_interpolation_sensitivity/spatial_tile/grid_256/nearest/cnn_lstm_maskaware/nearest/split_seed_43/binned_error.png,e8cd6d1c59fe1aee9503ba0b6ba90ad949eb50e3522dd99dd022c1b79fa2520a,39628
revision_outputs/cg_suite/E4_interpolation_sensitivity/spatial_tile/grid_256/nearest/cnn_lstm_maskaware/nearest/split_seed_43/binned_residuals_boxplot.png,79475dd711133e416be77e60c2f5ae04356222a0bf794037e9b7d777a04bb32c,58431
revision_outputs/cg_suite/E4_interpolation_sensitivity/spatial_tile/grid_256/nearest/cnn_lstm_maskaware/nearest/split_seed_43/config_snapshot.json,c7ad3d5db59c39976f7383fec60130c208dc0d6cd1e00dab36b1832f18059432,1821
revision_outputs/cg_suite/E4_interpolation_sensitivity/spatial_tile/grid_256/nearest/cnn_lstm_maskaware/nearest/split_seed_43/last_input_map.npy,39ca6c610647cb2ced111cf954a7c074930b38caaadd33df5d059e10a093b1eb,262272
revision_outputs/cg_suite/E4_interpolation_sensitivity/spatial_tile/grid_256/nearest/cnn_lstm_maskaware/nearest/split_seed_43/metrics.csv,dbcad18687f3741b891a803061747f43bc041d2ee82871eb73b04fca3ed973c2,785
revision_outputs/cg_suite/E4_interpolation_sensitivity/spatial_tile/grid_256/nearest/cnn_lstm_maskaware/nearest/split_seed_43/metrics.json,44c8a89a748be8f0a1138af02e084c35bab15429bc914873905499bd3ab97844,1015
revision_outputs/cg_suite/E4_interpolation_sensitivity/spatial_tile/grid_256/nearest/cnn_lstm_maskaware/nearest/split_seed_43/prediction_map.npy,86ced620a4dde3541746423ca58eeb28e48e80b8ca1b31afd9d127336ba0655b,262272
revision_outputs/cg_suite/E4_interpolation_sensitivity/spatial_tile/grid_256/nearest/cnn_lstm_maskaware/nearest/split_seed_43/reference_vs_prediction.png,92a7cf06bd02416ab2525b3117c6c75a85a25def840fc30696da23127236a8d6,422701
revision_outputs/cg_suite/E4_interpolation_sensitivity/spatial_tile/grid_256/nearest/cnn_lstm_maskaware/nearest/split_seed_43/residual_plot.png,38909efd431dc27951a99f8692aa3b8ff58d55b9f3dc7ca97704cf28206d808f,34581
revision_outputs/cg_suite/E4_interpolation_sensitivity/spatial_tile/grid_256/nearest/cnn_lstm_maskaware/nearest/split_seed_43/scatter_true_vs_pred.png,14da8a819dd26bbc07882f0ec48d165ce8aff85880f8b5c4175c8ca938716224,46907
revision_outputs/cg_suite/E4_interpolation_sensitivity/spatial_tile/grid_256/nearest/cnn_lstm_maskaware/nearest/split_seed_43/split_masks.npz,8618034f74df22bb8f2b19f0df1ae6a3ec5fcdd02cee9d5e48131dfd5f6ab24b,2642
revision_outputs/cg_suite/E4_interpolation_sensitivity/spatial_tile/grid_256/nearest/cnn_lstm_maskaware/nearest/split_seed_43/target_map.npy,b782fcff50f76b7568b87afb97f44d23b8a8de895926039b7c0ff1f228539eda,262272
revision_outputs/cg_suite/E4_interpolation_sensitivity/spatial_tile/grid_256/nearest/cnn_lstm_maskaware/nearest/split_seed_43/training_history.csv,af16c040eb2a8589875a679146691e9b0b740894ad21dfba9954bea2599b3866,489
revision_outputs/cg_suite/E4_interpolation_sensitivity/spatial_tile/grid_256/nearest/cnn_lstm_maskaware/nearest/split_seed_44/binned_error.png,d1ba753e15f5e2e8825095a6a451f607f5e09f617348d14b3d0be1d58ed3e8bf,38965
revision_outputs/cg_suite/E4_interpolation_sensitivity/spatial_tile/grid_256/nearest/cnn_lstm_maskaware/nearest/split_seed_44/binned_residuals_boxplot.png,04093d8067924857ea70d264cba5277c7279f3957833115b350c98a998d20bfc,57783
revision_outputs/cg_suite/E4_interpolation_sensitivity/spatial_tile/grid_256/nearest/cnn_lstm_maskaware/nearest/split_seed_44/config_snapshot.json,3c7ccef02360b0f0e3ff85cfd2ed4fa2335e484ec9be18e52d7ac40293a2b9fe,1821
revision_outputs/cg_suite/E4_interpolation_sensitivity/spatial_tile/grid_256/nearest/cnn_lstm_maskaware/nearest/split_seed_44/last_input_map.npy,39ca6c610647cb2ced111cf954a7c074930b38caaadd33df5d059e10a093b1eb,262272
revision_outputs/cg_suite/E4_interpolation_sensitivity/spatial_tile/grid_256/nearest/cnn_lstm_maskaware/nearest/split_seed_44/metrics.csv,93d353ca6193fc6f799140bbf440534c84d216c4a830f37a15d23733a6c47518,785
revision_outputs/cg_suite/E4_interpolation_sensitivity/spatial_tile/grid_256/nearest/cnn_lstm_maskaware/nearest/split_seed_44/metrics.json,e920b616ce6cb61212f1b755750b3621bca8527867022546dbb9ff8840344dd0,1015
revision_outputs/cg_suite/E4_interpolation_sensitivity/spatial_tile/grid_256/nearest/cnn_lstm_maskaware/nearest/split_seed_44/prediction_map.npy,d4b3ef78dafc49b6230eae3cef8e3e8fc4a768281b53f04adefe4f9a6b16576f,262272
revision_outputs/cg_suite/E4_interpolation_sensitivity/spatial_tile/grid_256/nearest/cnn_lstm_maskaware/nearest/split_seed_44/reference_vs_prediction.png,74f8154ae36a64a94fc65c07155ee0a86499a76bf780c19a9d2257605ce36ed5,412543
revision_outputs/cg_suite/E4_interpolation_sensitivity/spatial_tile/grid_256/nearest/cnn_lstm_maskaware/nearest/split_seed_44/residual_plot.png,06a7c6bb2ce8642c8971e1489f3a3f25c4ad28b5df065f91787a5ed48e540ae8,37743
revision_outputs/cg_suite/E4_interpolation_sensitivity/spatial_tile/grid_256/nearest/cnn_lstm_maskaware/nearest/split_seed_44/scatter_true_vs_pred.png,cb0ee5c2413cd4ce6317aef0bf38f3a2208eecdf8f6c89bcfb5b53acd859a2d5,49198
revision_outputs/cg_suite/E4_interpolation_sensitivity/spatial_tile/grid_256/nearest/cnn_lstm_maskaware/nearest/split_seed_44/split_masks.npz,b6f77dfdb1a47e344c555f93c1d5e4d6631bc7065b194c0820ab88ab1c96f928,2683
revision_outputs/cg_suite/E4_interpolation_sensitivity/spatial_tile/grid_256/nearest/cnn_lstm_maskaware/nearest/split_seed_44/target_map.npy,b782fcff50f76b7568b87afb97f44d23b8a8de895926039b7c0ff1f228539eda,262272
revision_outputs/cg_suite/E4_interpolation_sensitivity/spatial_tile/grid_256/nearest/cnn_lstm_maskaware/nearest/split_seed_44/training_history.csv,d10cab6867c0231cd32b25462a5da47dd464c31eeed8c24307edce16725ea500,524
revision_outputs/cg_suite/E4_interpolation_sensitivity/spatial_tile/grid_256/nearest/cnn_lstm_maskaware/nearest/split_seed_45/binned_error.png,54777c23b974b78aa05a43649bab2550d879cfe20bc13135fa887359c81575e3,40672
revision_outputs/cg_suite/E4_interpolation_sensitivity/spatial_tile/grid_256/nearest/cnn_lstm_maskaware/nearest/split_seed_45/binned_residuals_boxplot.png,a58432dad270f3638b747be3db4a97145948aa46ec41dd8418650e49a90d2bdc,55292
revision_outputs/cg_suite/E4_interpolation_sensitivity/spatial_tile/grid_256/nearest/cnn_lstm_maskaware/nearest/split_seed_45/config_snapshot.json,9b92467c8db2b3473f48a24c1660afbdef7a354f25e1d0a30076446fdead3aee,1821
revision_outputs/cg_suite/E4_interpolation_sensitivity/spatial_tile/grid_256/nearest/cnn_lstm_maskaware/nearest/split_seed_45/last_input_map.npy,39ca6c610647cb2ced111cf954a7c074930b38caaadd33df5d059e10a093b1eb,262272
revision_outputs/cg_suite/E4_interpolation_sensitivity/spatial_tile/grid_256/nearest/cnn_lstm_maskaware/nearest/split_seed_45/metrics.csv,8d07d93afbb1f0c0a9d5b544870e9216f4dc563f1da493d5d77bbf6139eabde5,790
revision_outputs/cg_suite/E4_interpolation_sensitivity/spatial_tile/grid_256/nearest/cnn_lstm_maskaware/nearest/split_seed_45/metrics.json,12335891761bc16b479867787486ffa73909d5195b040c8223218d041d69ea2c,1020
revision_outputs/cg_suite/E4_interpolation_sensitivity/spatial_tile/grid_256/nearest/cnn_lstm_maskaware/nearest/split_seed_45/prediction_map.npy,67e0723e81e0acff5e87c153131ac2b736f02cc36de6db89cdbf8e473635f966,262272
revision_outputs/cg_suite/E4_interpolation_sensitivity/spatial_tile/grid_256/nearest/cnn_lstm_maskaware/nearest/split_seed_45/reference_vs_prediction.png,63f5a30981fa5aab104b6cb8cb39f96165ddedb4ea5886be4b410f913246fb5b,423999
revision_outputs/cg_suite/E4_interpolation_sensitivity/spatial_tile/grid_256/nearest/cnn_lstm_maskaware/nearest/split_seed_45/residual_plot.png,d2d8e66d90910471c8049c876305c20ca78d0ba81c7d5473a82d1876b410ee85,36595
revision_outputs/cg_suite/E4_interpolation_sensitivity/spatial_tile/grid_256/nearest/cnn_lstm_maskaware/nearest/split_seed_45/scatter_true_vs_pred.png,0505e730ce6c278eea455c64715e2b48fd6de0b681e71ff53024aa3b1f8c22a5,48305
revision_outputs/cg_suite/E4_interpolation_sensitivity/spatial_tile/grid_256/nearest/cnn_lstm_maskaware/nearest/split_seed_45/split_masks.npz,9b4d56d755a687cabe862c1bdbbfb32b6fd7d7f5aa302dddb8aaa0730214ad21,2675
revision_outputs/cg_suite/E4_interpolation_sensitivity/spatial_tile/grid_256/nearest/cnn_lstm_maskaware/nearest/split_seed_45/target_map.npy,b782fcff50f76b7568b87afb97f44d23b8a8de895926039b7c0ff1f228539eda,262272
revision_outputs/cg_suite/E4_interpolation_sensitivity/spatial_tile/grid_256/nearest/cnn_lstm_maskaware/nearest/split_seed_45/training_history.csv,999e5ebdbc51c32e23b5d2fcb517502c45e3ad7b91842d6f3b77738ac2bc7d11,489
revision_outputs/cg_suite/E4_interpolation_sensitivity/spatial_tile/grid_256/nearest/cnn_lstm_maskaware/nearest/split_seed_46/binned_error.png,0ee4cac44e08c8a98d50f9d191bc89d2246127eca56ac3db8b5ee669f6899c76,44032
revision_outputs/cg_suite/E4_interpolation_sensitivity/spatial_tile/grid_256/nearest/cnn_lstm_maskaware/nearest/split_seed_46/binned_residuals_boxplot.png,eb2326ec2e3abb567dc36cfcdad938bd7415a42e15d832a0bc2c2d74740ab5eb,48951
revision_outputs/cg_suite/E4_interpolation_sensitivity/spatial_tile/grid_256/nearest/cnn_lstm_maskaware/nearest/split_seed_46/config_snapshot.json,8bf1dfe09cf0447dedef443009c120506c54e3ef810369ae799d7ba6e33e8e5d,1821
revision_outputs/cg_suite/E4_interpolation_sensitivity/spatial_tile/grid_256/nearest/cnn_lstm_maskaware/nearest/split_seed_46/last_input_map.npy,39ca6c610647cb2ced111cf954a7c074930b38caaadd33df5d059e10a093b1eb,262272
revision_outputs/cg_suite/E4_interpolation_sensitivity/spatial_tile/grid_256/nearest/cnn_lstm_maskaware/nearest/split_seed_46/metrics.csv,f6e2f2b8f56746f7cf4258b1aae3a9b8973797df5d426e7a901f3c5e1b1621d7,786
revision_outputs/cg_suite/E4_interpolation_sensitivity/spatial_tile/grid_256/nearest/cnn_lstm_maskaware/nearest/split_seed_46/metrics.json,31a5a5a20133126bda00e94f8d416317568ce6e94d2ea435f4e6986281d9b778,1016
revision_outputs/cg_suite/E4_interpolation_sensitivity/spatial_tile/grid_256/nearest/cnn_lstm_maskaware/nearest/split_seed_46/prediction_map.npy,e21f30aaa43db8cdd33abf45d30e67a76ee00025e99d0e1e40921404aad2984c,262272
revision_outputs/cg_suite/E4_interpolation_sensitivity/spatial_tile/grid_256/nearest/cnn_lstm_maskaware/nearest/split_seed_46/reference_vs_prediction.png,6db21af7da8621b5721a49c6c407c89ca5832fdefc5d34a5f751f9cb8d3a03e1,372989
revision_outputs/cg_suite/E4_interpolation_sensitivity/spatial_tile/grid_256/nearest/cnn_lstm_maskaware/nearest/split_seed_46/residual_plot.png,69bf4ebfb83d318ba88d474a6a5daa483711a77a70de05a148fa2c265651860b,36227
revision_outputs/cg_suite/E4_interpolation_sensitivity/spatial_tile/grid_256/nearest/cnn_lstm_maskaware/nearest/split_seed_46/scatter_true_vs_pred.png,dc580e60013a8d33308a212b3e9d5a6f1b3a2b640359a2847c872686e9c61783,48739
revision_outputs/cg_suite/E4_interpolation_sensitivity/spatial_tile/grid_256/nearest/cnn_lstm_maskaware/nearest/split_seed_46/split_masks.npz,3b3b1964b7db320f14534875802aceb75840c4a5c11d4dd6731d8fe0ce562a42,2784
revision_outputs/cg_suite/E4_interpolation_sensitivity/spatial_tile/grid_256/nearest/cnn_lstm_maskaware/nearest/split_seed_46/target_map.npy,b782fcff50f76b7568b87afb97f44d23b8a8de895926039b7c0ff1f228539eda,262272
revision_outputs/cg_suite/E4_interpolation_sensitivity/spatial_tile/grid_256/nearest/cnn_lstm_maskaware/nearest/split_seed_46/training_history.csv,7e1834bb52ecdff0964f82c4cd869f8317c1212b9ff04367962fc0e2d133e081,601
revision_outputs/cg_suite/E4_interpolation_sensitivity/spatial_tile/grid_256/nearest/lasso/nearest/split_seed_42/alpha_sweep.csv,a29c2436c7219cbf11dd458f966996a5dfb77e9c0e9082f885cbdfd7df6fca1e,186
revision_outputs/cg_suite/E4_interpolation_sensitivity/spatial_tile/grid_256/nearest/lasso/nearest/split_seed_42/binned_error.png,d185c24be3904ca579e5a23f710f2fe526655fa1d031d932990843c0feb4dca6,42924
revision_outputs/cg_suite/E4_interpolation_sensitivity/spatial_tile/grid_256/nearest/lasso/nearest/split_seed_42/binned_residuals_boxplot.png,aac16d72060b7f028595be2eb682e5cffd3f5f8c989e4363e9e45db8e62b1fbd,63649
revision_outputs/cg_suite/E4_interpolation_sensitivity/spatial_tile/grid_256/nearest/lasso/nearest/split_seed_42/config_snapshot.json,fd391c3662c53009ac5cbacce00152c608864735a888b1c5724b5b8c2b313a24,1821
revision_outputs/cg_suite/E4_interpolation_sensitivity/spatial_tile/grid_256/nearest/lasso/nearest/split_seed_42/metrics.csv,5e652e427fcedc83a5860ebac826c0ba1272ab4f0a520e7d0330b8cc9f0097f6,500
revision_outputs/cg_suite/E4_interpolation_sensitivity/spatial_tile/grid_256/nearest/lasso/nearest/split_seed_42/metrics.json,c98dda8a21dec1f8e342dd9ef9aa66f0cdd528b4c6ce63bd5493d09e94296302,654
revision_outputs/cg_suite/E4_interpolation_sensitivity/spatial_tile/grid_256/nearest/lasso/nearest/split_seed_42/prediction_map.npy,10acb2eec5939faae42519a23cc9e18b3f103f3664679112dacd8dfd16494bd5,262272
revision_outputs/cg_suite/E4_interpolation_sensitivity/spatial_tile/grid_256/nearest/lasso/nearest/split_seed_42/reference_vs_prediction.png,fe5738e6e8da3bab404f0c71fa91b448fc89aac4d22636b0858f34000cc2585c,565238
revision_outputs/cg_suite/E4_interpolation_sensitivity/spatial_tile/grid_256/nearest/lasso/nearest/split_seed_42/residual_plot.png,cd1174eca522d0db8d8e8d55a16fcb77522446037dc4a05f73a968442ee61af1,72554
revision_outputs/cg_suite/E4_interpolation_sensitivity/spatial_tile/grid_256/nearest/lasso/nearest/split_seed_42/scatter_true_vs_pred.png,0b52738227a05418fcbab4e0efdee9a88f6f9c5d8bb1117c882b8cfce067316c,80153
revision_outputs/cg_suite/E4_interpolation_sensitivity/spatial_tile/grid_256/nearest/lasso/nearest/split_seed_42/split_masks.npz,a179309a12a5b41eb9f99bac78a2c1982728c3aa6326ca24c130f57d4a3b4c78,2632
revision_outputs/cg_suite/E4_interpolation_sensitivity/spatial_tile/grid_256/nearest/lasso/nearest/split_seed_42/target_map.npy,b782fcff50f76b7568b87afb97f44d23b8a8de895926039b7c0ff1f228539eda,262272
revision_outputs/cg_suite/E4_interpolation_sensitivity/spatial_tile/grid_256/nearest/lasso/nearest/split_seed_43/alpha_sweep.csv,aa41391a047429ad47247de31c704b5de8bf310db35aa65114678ebae03a33c7,187
revision_outputs/cg_suite/E4_interpolation_sensitivity/spatial_tile/grid_256/nearest/lasso/nearest/split_seed_43/binned_error.png,3e520d2d16e44732a8e9101c395b28569f8a052c94fe09f6aba024beaa8e3bb2,46302
revision_outputs/cg_suite/E4_interpolation_sensitivity/spatial_tile/grid_256/nearest/lasso/nearest/split_seed_43/binned_residuals_boxplot.png,425f238f63f4c004940ec2ab4c942472b40c494cfaf41bbf721138d014f4235f,62100
revision_outputs/cg_suite/E4_interpolation_sensitivity/spatial_tile/grid_256/nearest/lasso/nearest/split_seed_43/config_snapshot.json,c7ad3d5db59c39976f7383fec60130c208dc0d6cd1e00dab36b1832f18059432,1821
revision_outputs/cg_suite/E4_interpolation_sensitivity/spatial_tile/grid_256/nearest/lasso/nearest/split_seed_43/metrics.csv,b466503a4e1668a0b7297bde95709d4caa827b83f4c5560e9b856eaf87e84d84,497
revision_outputs/cg_suite/E4_interpolation_sensitivity/spatial_tile/grid_256/nearest/lasso/nearest/split_seed_43/metrics.json,c7336cdbfab3c46fd270b695243027521e898f170d938de6bdb06369810031a6,651
revision_outputs/cg_suite/E4_interpolation_sensitivity/spatial_tile/grid_256/nearest/lasso/nearest/split_seed_43/prediction_map.npy,e12ad5b2c008caccdca5c45e3a2a35b51febc8cbbe7d2e1e0a73bbb7d9124993,262272
revision_outputs/cg_suite/E4_interpolation_sensitivity/spatial_tile/grid_256/nearest/lasso/nearest/split_seed_43/reference_vs_prediction.png,8b184f6f718b3d3d7a080ee782a31d08afcdd4386033ce7c7ef273b19befbd76,565730
revision_outputs/cg_suite/E4_interpolation_sensitivity/spatial_tile/grid_256/nearest/lasso/nearest/split_seed_43/residual_plot.png,820bf4d251d58535a2e1c6186ec516be2ca1db4ce37adb1f3a3e01dc5355d49a,62302
revision_outputs/cg_suite/E4_interpolation_sensitivity/spatial_tile/grid_256/nearest/lasso/nearest/split_seed_43/scatter_true_vs_pred.png,d141523bf2ff214e9132ed880a21b5889f4347f9bb8512411faf126b3316b502,59139
revision_outputs/cg_suite/E4_interpolation_sensitivity/spatial_tile/grid_256/nearest/lasso/nearest/split_seed_43/split_masks.npz,8618034f74df22bb8f2b19f0df1ae6a3ec5fcdd02cee9d5e48131dfd5f6ab24b,2642
revision_outputs/cg_suite/E4_interpolation_sensitivity/spatial_tile/grid_256/nearest/lasso/nearest/split_seed_43/target_map.npy,b782fcff50f76b7568b87afb97f44d23b8a8de895926039b7c0ff1f228539eda,262272
revision_outputs/cg_suite/E4_interpolation_sensitivity/spatial_tile/grid_256/nearest/lasso/nearest/split_seed_44/alpha_sweep.csv,6c6e07e9c89075b4713881c6a15a10a7a9af78cf58294c1746b8e611b1754b01,187
revision_outputs/cg_suite/E4_interpolation_sensitivity/spatial_tile/grid_256/nearest/lasso/nearest/split_seed_44/binned_error.png,2067ebb95de24896d4fc89217368555bede43ef693f93497454e8b9519f5abc8,34996
revision_outputs/cg_suite/E4_interpolation_sensitivity/spatial_tile/grid_256/nearest/lasso/nearest/split_seed_44/binned_residuals_boxplot.png,83dc1257c028f0719605fd6788b684a470d55cd6a3671c976acd7ce188e90192,66439
revision_outputs/cg_suite/E4_interpolation_sensitivity/spatial_tile/grid_256/nearest/lasso/nearest/split_seed_44/config_snapshot.json,3c7ccef02360b0f0e3ff85cfd2ed4fa2335e484ec9be18e52d7ac40293a2b9fe,1821
revision_outputs/cg_suite/E4_interpolation_sensitivity/spatial_tile/grid_256/nearest/lasso/nearest/split_seed_44/metrics.csv,5878d731a11f688a6921abc37a4289f0b9ae5713fdc5a1406bcab92782782bf5,500
revision_outputs/cg_suite/E4_interpolation_sensitivity/spatial_tile/grid_256/nearest/lasso/nearest/split_seed_44/metrics.json,bf49bc95d95002500c2a7c6aa5b2e09b1ebe099a95817dce60020fe56e7347b6,654
revision_outputs/cg_suite/E4_interpolation_sensitivity/spatial_tile/grid_256/nearest/lasso/nearest/split_seed_44/prediction_map.npy,462e790c87bdd05add7b07278743ab2492b1eb264d9e1f39c346c0146cbffd05,262272
revision_outputs/cg_suite/E4_interpolation_sensitivity/spatial_tile/grid_256/nearest/lasso/nearest/split_seed_44/reference_vs_prediction.png,3966959f536aecfd75c40fc51e4b0e585857f35d35e748e338a8253234b3b667,566252
revision_outputs/cg_suite/E4_interpolation_sensitivity/spatial_tile/grid_256/nearest/lasso/nearest/split_seed_44/residual_plot.png,88a88319a10a37689959000111d8e50a4580ca7aebcd4a8288cb9862dcccc61a,71598
revision_outputs/cg_suite/E4_interpolation_sensitivity/spatial_tile/grid_256/nearest/lasso/nearest/split_seed_44/scatter_true_vs_pred.png,7235b06d0904938409d0651b7e8b470640d002efe43b6eb6b56d3c1890b84ec2,68267
revision_outputs/cg_suite/E4_interpolation_sensitivity/spatial_tile/grid_256/nearest/lasso/nearest/split_seed_44/split_masks.npz,b6f77dfdb1a47e344c555f93c1d5e4d6631bc7065b194c0820ab88ab1c96f928,2683
revision_outputs/cg_suite/E4_interpolation_sensitivity/spatial_tile/grid_256/nearest/lasso/nearest/split_seed_44/target_map.npy,b782fcff50f76b7568b87afb97f44d23b8a8de895926039b7c0ff1f228539eda,262272
revision_outputs/cg_suite/E4_interpolation_sensitivity/spatial_tile/grid_256/nearest/lasso/nearest/split_seed_45/alpha_sweep.csv,a2858e42b944427de1a5d1314aea71eeaee113ceaf07ec24e33d040493a60648,186
revision_outputs/cg_suite/E4_interpolation_sensitivity/spatial_tile/grid_256/nearest/lasso/nearest/split_seed_45/binned_error.png,baa35b61055e8d5c1cf9025357799b841421d6daacfec64a395c2cdc18e56c8a,42569
revision_outputs/cg_suite/E4_interpolation_sensitivity/spatial_tile/grid_256/nearest/lasso/nearest/split_seed_45/binned_residuals_boxplot.png,718ebdb5e690fe9368286ca873961d4cbcf998e7696104e2eba69df85064d3bb,61370
revision_outputs/cg_suite/E4_interpolation_sensitivity/spatial_tile/grid_256/nearest/lasso/nearest/split_seed_45/config_snapshot.json,9b92467c8db2b3473f48a24c1660afbdef7a354f25e1d0a30076446fdead3aee,1821
revision_outputs/cg_suite/E4_interpolation_sensitivity/spatial_tile/grid_256/nearest/lasso/nearest/split_seed_45/metrics.csv,5a766a65eeb08660a083d1c4284191da1f4d17f1c674f9a8cf9e18f3a18f7650,497
revision_outputs/cg_suite/E4_interpolation_sensitivity/spatial_tile/grid_256/nearest/lasso/nearest/split_seed_45/metrics.json,1cf77e0600eae1f6d784d20dd8258d7ac6a1a36fa3fef6e1785667d95dfbfe13,651
revision_outputs/cg_suite/E4_interpolation_sensitivity/spatial_tile/grid_256/nearest/lasso/nearest/split_seed_45/prediction_map.npy,c131d053284ac4cac54b84a41bfd6213b6e8dfab755cd04aa53714cb27eeb555,262272
revision_outputs/cg_suite/E4_interpolation_sensitivity/spatial_tile/grid_256/nearest/lasso/nearest/split_seed_45/reference_vs_prediction.png,19a7e2505b7817756069fab952dfff1381f4700e0d1b2865ef099f6c2fd83e55,565547
revision_outputs/cg_suite/E4_interpolation_sensitivity/spatial_tile/grid_256/nearest/lasso/nearest/split_seed_45/residual_plot.png,725afc962304633b9fca3767ae04580bd74b41d3db7a2583c43e00d06ebf52a6,56001
revision_outputs/cg_suite/E4_interpolation_sensitivity/spatial_tile/grid_256/nearest/lasso/nearest/split_seed_45/scatter_true_vs_pred.png,26e1adb95549926985fe4fffe9cecc090d49ec23aa6afe44f76aea902084ddf5,63675
revision_outputs/cg_suite/E4_interpolation_sensitivity/spatial_tile/grid_256/nearest/lasso/nearest/split_seed_45/split_masks.npz,9b4d56d755a687cabe862c1bdbbfb32b6fd7d7f5aa302dddb8aaa0730214ad21,2675
revision_outputs/cg_suite/E4_interpolation_sensitivity/spatial_tile/grid_256/nearest/lasso/nearest/split_seed_45/target_map.npy,b782fcff50f76b7568b87afb97f44d23b8a8de895926039b7c0ff1f228539eda,262272
revision_outputs/cg_suite/E4_interpolation_sensitivity/spatial_tile/grid_256/nearest/lasso/nearest/split_seed_46/alpha_sweep.csv,ea8150b8fac5a02fc21cf6e43fa168af18bed5b43ba2fd38b9ed804ddbfa4c5f,186
revision_outputs/cg_suite/E4_interpolation_sensitivity/spatial_tile/grid_256/nearest/lasso/nearest/split_seed_46/binned_error.png,51d017380f60c57fe1fddb3a8373d68ad03adbc10e8c70726845047b1a85a3dc,49319
revision_outputs/cg_suite/E4_interpolation_sensitivity/spatial_tile/grid_256/nearest/lasso/nearest/split_seed_46/binned_residuals_boxplot.png,d11c25ed4d827b2fcaacf060ff9e0ab11c2fd14898542aaa5a746a79ca20b509,67114
revision_outputs/cg_suite/E4_interpolation_sensitivity/spatial_tile/grid_256/nearest/lasso/nearest/split_seed_46/config_snapshot.json,8bf1dfe09cf0447dedef443009c120506c54e3ef810369ae799d7ba6e33e8e5d,1821
revision_outputs/cg_suite/E4_interpolation_sensitivity/spatial_tile/grid_256/nearest/lasso/nearest/split_seed_46/metrics.csv,e8e88a209c5956d2f1b27c3e40e6920bbbb2ef3616ec776c4c22af62a320cb9e,497
revision_outputs/cg_suite/E4_interpolation_sensitivity/spatial_tile/grid_256/nearest/lasso/nearest/split_seed_46/metrics.json,e260d897e59a2646d8d9e1b5352bee845ac3b8cec6befcc7084c857a3e637c2c,651
revision_outputs/cg_suite/E4_interpolation_sensitivity/spatial_tile/grid_256/nearest/lasso/nearest/split_seed_46/prediction_map.npy,4ae6695adc0db47242160e0b747d8f6a78cbc1834a872ce1f7af9b3d24c41ef8,262272
revision_outputs/cg_suite/E4_interpolation_sensitivity/spatial_tile/grid_256/nearest/lasso/nearest/split_seed_46/reference_vs_prediction.png,447f8a770c62b0766adf82d75e13d864afd986cd9411e8079970499ef940ea4a,565582
revision_outputs/cg_suite/E4_interpolation_sensitivity/spatial_tile/grid_256/nearest/lasso/nearest/split_seed_46/residual_plot.png,2d9ccea93c8c3df28560b6adc8811c1f610c06c19445cdaf3a3193ac28e3b40b,76597
revision_outputs/cg_suite/E4_interpolation_sensitivity/spatial_tile/grid_256/nearest/lasso/nearest/split_seed_46/scatter_true_vs_pred.png,f6317831c9251194cf24c1839ee7e423194c2f31d234c3680694dd12185bad64,78446
revision_outputs/cg_suite/E4_interpolation_sensitivity/spatial_tile/grid_256/nearest/lasso/nearest/split_seed_46/split_masks.npz,3b3b1964b7db320f14534875802aceb75840c4a5c11d4dd6731d8fe0ce562a42,2784
revision_outputs/cg_suite/E4_interpolation_sensitivity/spatial_tile/grid_256/nearest/lasso/nearest/split_seed_46/target_map.npy,b782fcff50f76b7568b87afb97f44d23b8a8de895926039b7c0ff1f228539eda,262272
revision_outputs/cg_suite/E4_interpolation_sensitivity/spatial_tile/grid_256/nearest/lightgbm/nearest/split_seed_42/binned_error.png,4fab4c9ee689477e481317d4f12d01c05ce0cec2069b747127f41fa0c91fd041,43394
revision_outputs/cg_suite/E4_interpolation_sensitivity/spatial_tile/grid_256/nearest/lightgbm/nearest/split_seed_42/binned_residuals_boxplot.png,c61ada8f7a50e8913d24460ba54997a3433c1f28e49831580e9b36eb82545194,64001
revision_outputs/cg_suite/E4_interpolation_sensitivity/spatial_tile/grid_256/nearest/lightgbm/nearest/split_seed_42/config_snapshot.json,fd391c3662c53009ac5cbacce00152c608864735a888b1c5724b5b8c2b313a24,1821
revision_outputs/cg_suite/E4_interpolation_sensitivity/spatial_tile/grid_256/nearest/lightgbm/nearest/split_seed_42/lightgbm_model.txt,200c2c98f2deeabeb6ebb09d2596e7aeac47e21155a362a853c952526c4c27fd,334896
revision_outputs/cg_suite/E4_interpolation_sensitivity/spatial_tile/grid_256/nearest/lightgbm/nearest/split_seed_42/metrics.csv,ecb084524c0e852131d7a72efda6fe0219e39a171bc6fac4595ff6a2353c393b,450
revision_outputs/cg_suite/E4_interpolation_sensitivity/spatial_tile/grid_256/nearest/lightgbm/nearest/split_seed_42/metrics.json,768c34c4e7c2db2e4bcedc6b035abdbe1ed94219099bac0d12d239f91a15389a,590
revision_outputs/cg_suite/E4_interpolation_sensitivity/spatial_tile/grid_256/nearest/lightgbm/nearest/split_seed_42/prediction_map.npy,c8bfa579130638154e6970e8bb8c0cc65132a668f7976382ebf0cfb8c7fc86ef,262272
revision_outputs/cg_suite/E4_interpolation_sensitivity/spatial_tile/grid_256/nearest/lightgbm/nearest/split_seed_42/reference_vs_prediction.png,27c92c645b524388efae478fcdcb98a673f38a0a14b65169d5bb0799c74f5092,563529
revision_outputs/cg_suite/E4_interpolation_sensitivity/spatial_tile/grid_256/nearest/lightgbm/nearest/split_seed_42/residual_plot.png,258c8b0d6e65fd9cd919a3e6d9d91be4974dad34c72c2f67be061eff428cb135,73770
revision_outputs/cg_suite/E4_interpolation_sensitivity/spatial_tile/grid_256/nearest/lightgbm/nearest/split_seed_42/scatter_true_vs_pred.png,2637c82dc5c82c956d4a03fc011b10355544c329d3f8da6da5f4c3643fc6a9a2,80850
revision_outputs/cg_suite/E4_interpolation_sensitivity/spatial_tile/grid_256/nearest/lightgbm/nearest/split_seed_42/split_masks.npz,a179309a12a5b41eb9f99bac78a2c1982728c3aa6326ca24c130f57d4a3b4c78,2632
revision_outputs/cg_suite/E4_interpolation_sensitivity/spatial_tile/grid_256/nearest/lightgbm/nearest/split_seed_42/target_map.npy,b782fcff50f76b7568b87afb97f44d23b8a8de895926039b7c0ff1f228539eda,262272
revision_outputs/cg_suite/E4_interpolation_sensitivity/spatial_tile/grid_256/nearest/lightgbm/nearest/split_seed_43/binned_error.png,210c22d21b3c71b53905b58e5d7766f1c816c071c88389b53caa31fe54de95b9,35117
revision_outputs/cg_suite/E4_interpolation_sensitivity/spatial_tile/grid_256/nearest/lightgbm/nearest/split_seed_43/binned_residuals_boxplot.png,af7679cfd78b16645bfe2d92a9efdf6a702088c0e34a51b7f6191a724596cf99,57963
revision_outputs/cg_suite/E4_interpolation_sensitivity/spatial_tile/grid_256/nearest/lightgbm/nearest/split_seed_43/config_snapshot.json,c7ad3d5db59c39976f7383fec60130c208dc0d6cd1e00dab36b1832f18059432,1821
revision_outputs/cg_suite/E4_interpolation_sensitivity/spatial_tile/grid_256/nearest/lightgbm/nearest/split_seed_43/lightgbm_model.txt,2216936506befd00c860f6141866e8626a85fc4d9cf722a90315ebb2e4f7dcb3,376239
revision_outputs/cg_suite/E4_interpolation_sensitivity/spatial_tile/grid_256/nearest/lightgbm/nearest/split_seed_43/metrics.csv,31a0a51a8c77d526c6c2ca27568a2ba62d245582fe4ba617b174716e77dd84c1,448
revision_outputs/cg_suite/E4_interpolation_sensitivity/spatial_tile/grid_256/nearest/lightgbm/nearest/split_seed_43/metrics.json,99aecc06c0086bf26feed51b851d0085f55e457012c21e7148c85dde5905487d,588
revision_outputs/cg_suite/E4_interpolation_sensitivity/spatial_tile/grid_256/nearest/lightgbm/nearest/split_seed_43/prediction_map.npy,dc71022c83f617cc714cf93338eaeefc2fede1ef1899250fd4481fd30f603ff0,262272
revision_outputs/cg_suite/E4_interpolation_sensitivity/spatial_tile/grid_256/nearest/lightgbm/nearest/split_seed_43/reference_vs_prediction.png,f5c9252331359c3c7c1e6132227f4892f07bb821500dcfa83ec2801ada80a165,563609
revision_outputs/cg_suite/E4_interpolation_sensitivity/spatial_tile/grid_256/nearest/lightgbm/nearest/split_seed_43/residual_plot.png,160b1733f61fab6231cc4f763978362dd19ffb9e14d64b702c007f68e595cf91,42747
revision_outputs/cg_suite/E4_interpolation_sensitivity/spatial_tile/grid_256/nearest/lightgbm/nearest/split_seed_43/scatter_true_vs_pred.png,f3fa5d9e58e218e8c027bd45ec52c158bf3d718c6e3b86a8ecdfebb926b5003a,59862
revision_outputs/cg_suite/E4_interpolation_sensitivity/spatial_tile/grid_256/nearest/lightgbm/nearest/split_seed_43/split_masks.npz,8618034f74df22bb8f2b19f0df1ae6a3ec5fcdd02cee9d5e48131dfd5f6ab24b,2642
revision_outputs/cg_suite/E4_interpolation_sensitivity/spatial_tile/grid_256/nearest/lightgbm/nearest/split_seed_43/target_map.npy,b782fcff50f76b7568b87afb97f44d23b8a8de895926039b7c0ff1f228539eda,262272
revision_outputs/cg_suite/E4_interpolation_sensitivity/spatial_tile/grid_256/nearest/lightgbm/nearest/split_seed_44/binned_error.png,0a0b74133af719faae0a1c8067ab2e05ab9bbca9214017edd758d4c866606459,33867
revision_outputs/cg_suite/E4_interpolation_sensitivity/spatial_tile/grid_256/nearest/lightgbm/nearest/split_seed_44/binned_residuals_boxplot.png,9638932f9f1f3e89148c347924b45d385597d99c9c7b2643454ea7c030ed88e9,57151
revision_outputs/cg_suite/E4_interpolation_sensitivity/spatial_tile/grid_256/nearest/lightgbm/nearest/split_seed_44/config_snapshot.json,3c7ccef02360b0f0e3ff85cfd2ed4fa2335e484ec9be18e52d7ac40293a2b9fe,1821
revision_outputs/cg_suite/E4_interpolation_sensitivity/spatial_tile/grid_256/nearest/lightgbm/nearest/split_seed_44/lightgbm_model.txt,c0a4adf9d3c89f62219734473c3e2576eafd9ee21f08a0f9492d96914c90f7f5,429392
revision_outputs/cg_suite/E4_interpolation_sensitivity/spatial_tile/grid_256/nearest/lightgbm/nearest/split_seed_44/metrics.csv,dd2754f5a1faf005ea4354fad84b2abc91aa8ac1d5c229ab43b8c6ea33b6abd6,450
revision_outputs/cg_suite/E4_interpolation_sensitivity/spatial_tile/grid_256/nearest/lightgbm/nearest/split_seed_44/metrics.json,2c25c3eff1d56cd6aa480555a0652d0f90269ec6f124ce6b23b61c48de867ce5,590
revision_outputs/cg_suite/E4_interpolation_sensitivity/spatial_tile/grid_256/nearest/lightgbm/nearest/split_seed_44/prediction_map.npy,105c8489fe8c31c3e0b53cb8c18e7fbb6faf8d0704582624e4716b7942bf6358,262272
revision_outputs/cg_suite/E4_interpolation_sensitivity/spatial_tile/grid_256/nearest/lightgbm/nearest/split_seed_44/reference_vs_prediction.png,3514700c879d8c2b52d65e0bf882eccc06fbaf166e7ab26ed7b16158c3a0b763,563642
revision_outputs/cg_suite/E4_interpolation_sensitivity/spatial_tile/grid_256/nearest/lightgbm/nearest/split_seed_44/residual_plot.png,367deb3f6acfc6fbbf4a8356f4af746a6af9184dda7935e881dfa1361b6750e9,49120
revision_outputs/cg_suite/E4_interpolation_sensitivity/spatial_tile/grid_256/nearest/lightgbm/nearest/split_seed_44/scatter_true_vs_pred.png,bb33e63fe4384e310ed669c70c0df918b5014c55bf2d835ee9c3007afc7e80ef,68874
revision_outputs/cg_suite/E4_interpolation_sensitivity/spatial_tile/grid_256/nearest/lightgbm/nearest/split_seed_44/split_masks.npz,b6f77dfdb1a47e344c555f93c1d5e4d6631bc7065b194c0820ab88ab1c96f928,2683
revision_outputs/cg_suite/E4_interpolation_sensitivity/spatial_tile/grid_256/nearest/lightgbm/nearest/split_seed_44/target_map.npy,b782fcff50f76b7568b87afb97f44d23b8a8de895926039b7c0ff1f228539eda,262272
revision_outputs/cg_suite/E4_interpolation_sensitivity/spatial_tile/grid_256/nearest/lightgbm/nearest/split_seed_45/binned_error.png,2b1bb405223eb1f7689ad04c2fe7b01eed8c807ec1ea36ddb72c0cf6b2e76c84,38085
revision_outputs/cg_suite/E4_interpolation_sensitivity/spatial_tile/grid_256/nearest/lightgbm/nearest/split_seed_45/binned_residuals_boxplot.png,f3cf8ab30959ad0275e37acfef23db702f08a113d2a967ed79a790f094e60612,61781
revision_outputs/cg_suite/E4_interpolation_sensitivity/spatial_tile/grid_256/nearest/lightgbm/nearest/split_seed_45/config_snapshot.json,9b92467c8db2b3473f48a24c1660afbdef7a354f25e1d0a30076446fdead3aee,1821
revision_outputs/cg_suite/E4_interpolation_sensitivity/spatial_tile/grid_256/nearest/lightgbm/nearest/split_seed_45/lightgbm_model.txt,9c6547a5a3098793e979cbd976a256da2c00ee73b4f68f0963b618ff2cfe4a72,294361
revision_outputs/cg_suite/E4_interpolation_sensitivity/spatial_tile/grid_256/nearest/lightgbm/nearest/split_seed_45/metrics.csv,fafaf0aa230abc237cd524e7e158d878976ea610329555668801ef3a1eb5e028,447
revision_outputs/cg_suite/E4_interpolation_sensitivity/spatial_tile/grid_256/nearest/lightgbm/nearest/split_seed_45/metrics.json,60c7cc34fc8aa08ae2e4872e809697a26b852b384f91d23c21abdc3611191c9f,587
revision_outputs/cg_suite/E4_interpolation_sensitivity/spatial_tile/grid_256/nearest/lightgbm/nearest/split_seed_45/prediction_map.npy,b76ee4b8e0a04131239c8ec5a58ba8961d4ea2c23defd9558f33a7373a84ad9a,262272
revision_outputs/cg_suite/E4_interpolation_sensitivity/spatial_tile/grid_256/nearest/lightgbm/nearest/split_seed_45/reference_vs_prediction.png,3014c1de491800e28148d30962e4acd341f72e7c6559efbde93c46d3c51e735c,563024
revision_outputs/cg_suite/E4_interpolation_sensitivity/spatial_tile/grid_256/nearest/lightgbm/nearest/split_seed_45/residual_plot.png,1679baa7a2ecb8233c01909fd4592a26af5c363374f4f6319ff15bb3f8ca4de6,54206
revision_outputs/cg_suite/E4_interpolation_sensitivity/spatial_tile/grid_256/nearest/lightgbm/nearest/split_seed_45/scatter_true_vs_pred.png,2d69701fedb6e4ae03d597e7fd911ec5b0269fdb7279c2218925998337348a97,61851
revision_outputs/cg_suite/E4_interpolation_sensitivity/spatial_tile/grid_256/nearest/lightgbm/nearest/split_seed_45/split_masks.npz,9b4d56d755a687cabe862c1bdbbfb32b6fd7d7f5aa302dddb8aaa0730214ad21,2675
revision_outputs/cg_suite/E4_interpolation_sensitivity/spatial_tile/grid_256/nearest/lightgbm/nearest/split_seed_45/target_map.npy,b782fcff50f76b7568b87afb97f44d23b8a8de895926039b7c0ff1f228539eda,262272
revision_outputs/cg_suite/E4_interpolation_sensitivity/spatial_tile/grid_256/nearest/lightgbm/nearest/split_seed_46/binned_error.png,5e3a6d2f31f3f808f3c58ad6869e2e5f88ec1fac94ce8f0667edfc505e1a65b5,45529
revision_outputs/cg_suite/E4_interpolation_sensitivity/spatial_tile/grid_256/nearest/lightgbm/nearest/split_seed_46/binned_residuals_boxplot.png,0543def800342c527329545f40001f9e96e65bb01e89039f6f49f55aa7c20781,62615
revision_outputs/cg_suite/E4_interpolation_sensitivity/spatial_tile/grid_256/nearest/lightgbm/nearest/split_seed_46/config_snapshot.json,8bf1dfe09cf0447dedef443009c120506c54e3ef810369ae799d7ba6e33e8e5d,1821
revision_outputs/cg_suite/E4_interpolation_sensitivity/spatial_tile/grid_256/nearest/lightgbm/nearest/split_seed_46/lightgbm_model.txt,544f80c16fad25126834e6fcc4494ab3cd69a2cb1e50394707f7e82cc1076c90,268108
revision_outputs/cg_suite/E4_interpolation_sensitivity/spatial_tile/grid_256/nearest/lightgbm/nearest/split_seed_46/metrics.csv,bcd6e32de75548a3b7dbeb279909f7522482404f113749fa1bd070643aea7784,449
revision_outputs/cg_suite/E4_interpolation_sensitivity/spatial_tile/grid_256/nearest/lightgbm/nearest/split_seed_46/metrics.json,62a3405c7310d0685dd6659500b89f89fedbbd772ab1fee426712d60f6bb8c29,589
revision_outputs/cg_suite/E4_interpolation_sensitivity/spatial_tile/grid_256/nearest/lightgbm/nearest/split_seed_46/prediction_map.npy,aeaf7152dd65a427a3adc4efac05b53303ee75898b38136a9815a49b044c8f43,262272
revision_outputs/cg_suite/E4_interpolation_sensitivity/spatial_tile/grid_256/nearest/lightgbm/nearest/split_seed_46/reference_vs_prediction.png,bd00ce89659f04330b16e1f92ba2c33704428f3e84bf2c285f892fbbfaa02845,563346
revision_outputs/cg_suite/E4_interpolation_sensitivity/spatial_tile/grid_256/nearest/lightgbm/nearest/split_seed_46/residual_plot.png,d93178ce319a195eff31f5dcf4d74c88753b18f09fbb3413e0b9b8adc099cc5c,57895
revision_outputs/cg_suite/E4_interpolation_sensitivity/spatial_tile/grid_256/nearest/lightgbm/nearest/split_seed_46/scatter_true_vs_pred.png,295938e1eb09b5b8bddf556241b93db80c6df6dc1233ca7d43319f3e0f3407bd,73402
revision_outputs/cg_suite/E4_interpolation_sensitivity/spatial_tile/grid_256/nearest/lightgbm/nearest/split_seed_46/split_masks.npz,3b3b1964b7db320f14534875802aceb75840c4a5c11d4dd6731d8fe0ce562a42,2784
revision_outputs/cg_suite/E4_interpolation_sensitivity/spatial_tile/grid_256/nearest/lightgbm/nearest/split_seed_46/target_map.npy,b782fcff50f76b7568b87afb97f44d23b8a8de895926039b7c0ff1f228539eda,262272
revision_outputs/cg_suite/E4_interpolation_sensitivity/spatial_tile/grid_256/nearest/persistence/nearest/split_seed_42/binned_error.png,672f51cd60830a45ca78464d92ad2ccfea1d68740aea9b1580c97be541f48f3f,41302
revision_outputs/cg_suite/E4_interpolation_sensitivity/spatial_tile/grid_256/nearest/persistence/nearest/split_seed_42/binned_residuals_boxplot.png,28c2fea01f4735f6999f8da0e752ef00a35f97634bf235a5f1c20823e0d7fe72,69615
revision_outputs/cg_suite/E4_interpolation_sensitivity/spatial_tile/grid_256/nearest/persistence/nearest/split_seed_42/config_snapshot.json,fd391c3662c53009ac5cbacce00152c608864735a888b1c5724b5b8c2b313a24,1821
revision_outputs/cg_suite/E4_interpolation_sensitivity/spatial_tile/grid_256/nearest/persistence/nearest/split_seed_42/last_input_map.npy,39ca6c610647cb2ced111cf954a7c074930b38caaadd33df5d059e10a093b1eb,262272
revision_outputs/cg_suite/E4_interpolation_sensitivity/spatial_tile/grid_256/nearest/persistence/nearest/split_seed_42/metrics.csv,80a91a6c64bae0644c2df7ab3283dd99c96c060a4c1da59edd5ce293eea43710,661
revision_outputs/cg_suite/E4_interpolation_sensitivity/spatial_tile/grid_256/nearest/persistence/nearest/split_seed_42/metrics.json,ddbc3b1dab77c92d45234b1d4586ff15d7de9f54f19d08d88e62e0672587d7b9,852
revision_outputs/cg_suite/E4_interpolation_sensitivity/spatial_tile/grid_256/nearest/persistence/nearest/split_seed_42/prediction_map.npy,39ca6c610647cb2ced111cf954a7c074930b38caaadd33df5d059e10a093b1eb,262272
revision_outputs/cg_suite/E4_interpolation_sensitivity/spatial_tile/grid_256/nearest/persistence/nearest/split_seed_42/reference_vs_prediction.png,acddd677267cd76582f87b99de4c600f50b5e306a1f21e520885a869601216c3,573257
revision_outputs/cg_suite/E4_interpolation_sensitivity/spatial_tile/grid_256/nearest/persistence/nearest/split_seed_42/residual_plot.png,5d6674572aba6459610d3b38cc407a19fbc832df00ca955f9c303bd46f416507,71434
revision_outputs/cg_suite/E4_interpolation_sensitivity/spatial_tile/grid_256/nearest/persistence/nearest/split_seed_42/scatter_true_vs_pred.png,6c5ac2457f476c4d266664cf60b6c15274e997f4494993423bdd6d7b9c4daf9a,83324
revision_outputs/cg_suite/E4_interpolation_sensitivity/spatial_tile/grid_256/nearest/persistence/nearest/split_seed_42/split_masks.npz,a179309a12a5b41eb9f99bac78a2c1982728c3aa6326ca24c130f57d4a3b4c78,2632
revision_outputs/cg_suite/E4_interpolation_sensitivity/spatial_tile/grid_256/nearest/persistence/nearest/split_seed_42/target_map.npy,b782fcff50f76b7568b87afb97f44d23b8a8de895926039b7c0ff1f228539eda,262272
revision_outputs/cg_suite/E4_interpolation_sensitivity/spatial_tile/grid_256/nearest/persistence/nearest/split_seed_43/binned_error.png,46a56b3e8593add8633570df811e253cdc9eca7db66d86f174afdc9ad1e09fed,45484
revision_outputs/cg_suite/E4_interpolation_sensitivity/spatial_tile/grid_256/nearest/persistence/nearest/split_seed_43/binned_residuals_boxplot.png,4585a62227a106db36a2028ac35dc60b6ab24f03736188c39e7d5baac81941aa,66282
revision_outputs/cg_suite/E4_interpolation_sensitivity/spatial_tile/grid_256/nearest/persistence/nearest/split_seed_43/config_snapshot.json,c7ad3d5db59c39976f7383fec60130c208dc0d6cd1e00dab36b1832f18059432,1821
revision_outputs/cg_suite/E4_interpolation_sensitivity/spatial_tile/grid_256/nearest/persistence/nearest/split_seed_43/last_input_map.npy,39ca6c610647cb2ced111cf954a7c074930b38caaadd33df5d059e10a093b1eb,262272
revision_outputs/cg_suite/E4_interpolation_sensitivity/spatial_tile/grid_256/nearest/persistence/nearest/split_seed_43/metrics.csv,127e373620557312e5659833bd39096d01372324133f46806733cf5500e100b8,660
revision_outputs/cg_suite/E4_interpolation_sensitivity/spatial_tile/grid_256/nearest/persistence/nearest/split_seed_43/metrics.json,74d59c9e41b4844f0001654f8847d2ab278def8d4f709aa1a74683cebbe7711b,851
revision_outputs/cg_suite/E4_interpolation_sensitivity/spatial_tile/grid_256/nearest/persistence/nearest/split_seed_43/prediction_map.npy,39ca6c610647cb2ced111cf954a7c074930b38caaadd33df5d059e10a093b1eb,262272
revision_outputs/cg_suite/E4_interpolation_sensitivity/spatial_tile/grid_256/nearest/persistence/nearest/split_seed_43/reference_vs_prediction.png,acddd677267cd76582f87b99de4c600f50b5e306a1f21e520885a869601216c3,573257
revision_outputs/cg_suite/E4_interpolation_sensitivity/spatial_tile/grid_256/nearest/persistence/nearest/split_seed_43/residual_plot.png,0c3004dac6cb7b70c639faa38ce1647b4f7485c9f1f87e52cb740e079fd4f95e,60054
revision_outputs/cg_suite/E4_interpolation_sensitivity/spatial_tile/grid_256/nearest/persistence/nearest/split_seed_43/scatter_true_vs_pred.png,ab16270012b3f569cd065062c0be560d12999551d976eff37ee9cfca24f27f59,60538
revision_outputs/cg_suite/E4_interpolation_sensitivity/spatial_tile/grid_256/nearest/persistence/nearest/split_seed_43/split_masks.npz,8618034f74df22bb8f2b19f0df1ae6a3ec5fcdd02cee9d5e48131dfd5f6ab24b,2642
revision_outputs/cg_suite/E4_interpolation_sensitivity/spatial_tile/grid_256/nearest/persistence/nearest/split_seed_43/target_map.npy,b782fcff50f76b7568b87afb97f44d23b8a8de895926039b7c0ff1f228539eda,262272
revision_outputs/cg_suite/E4_interpolation_sensitivity/spatial_tile/grid_256/nearest/persistence/nearest/split_seed_44/binned_error.png,18b7558a7b863c5b9c8a9bf5d5193da858d4fdfdd37cf7dc0ede20c17eb16299,38364
revision_outputs/cg_suite/E4_interpolation_sensitivity/spatial_tile/grid_256/nearest/persistence/nearest/split_seed_44/binned_residuals_boxplot.png,29bec831b629b100c1d9d7b58e7279e1128ecf8636059684422de4ef09faf16b,68090
revision_outputs/cg_suite/E4_interpolation_sensitivity/spatial_tile/grid_256/nearest/persistence/nearest/split_seed_44/config_snapshot.json,3c7ccef02360b0f0e3ff85cfd2ed4fa2335e484ec9be18e52d7ac40293a2b9fe,1821
revision_outputs/cg_suite/E4_interpolation_sensitivity/spatial_tile/grid_256/nearest/persistence/nearest/split_seed_44/last_input_map.npy,39ca6c610647cb2ced111cf954a7c074930b38caaadd33df5d059e10a093b1eb,262272
revision_outputs/cg_suite/E4_interpolation_sensitivity/spatial_tile/grid_256/nearest/persistence/nearest/split_seed_44/metrics.csv,0debf40351f55b0fc21210ac5b95e788b5a0b0e6546eb2e0a71f74ec9ad89e4f,659
revision_outputs/cg_suite/E4_interpolation_sensitivity/spatial_tile/grid_256/nearest/persistence/nearest/split_seed_44/metrics.json,9f2ff28bda2bcbebcb898c2e175829ecd06c63526b41ba8cfb1caa6a1402ccae,850
revision_outputs/cg_suite/E4_interpolation_sensitivity/spatial_tile/grid_256/nearest/persistence/nearest/split_seed_44/prediction_map.npy,39ca6c610647cb2ced111cf954a7c074930b38caaadd33df5d059e10a093b1eb,262272
revision_outputs/cg_suite/E4_interpolation_sensitivity/spatial_tile/grid_256/nearest/persistence/nearest/split_seed_44/reference_vs_prediction.png,acddd677267cd76582f87b99de4c600f50b5e306a1f21e520885a869601216c3,573257
revision_outputs/cg_suite/E4_interpolation_sensitivity/spatial_tile/grid_256/nearest/persistence/nearest/split_seed_44/residual_plot.png,a308aa8c3831af66977c630a4ba2dc6cd85959550f57e9e8f3b7076acb9a42d1,69208
revision_outputs/cg_suite/E4_interpolation_sensitivity/spatial_tile/grid_256/nearest/persistence/nearest/split_seed_44/scatter_true_vs_pred.png,07fe185109c1fc1387004ff2ab207ef8c68c87aae4aa00bf70cb0d5d8c86d907,70483
revision_outputs/cg_suite/E4_interpolation_sensitivity/spatial_tile/grid_256/nearest/persistence/nearest/split_seed_44/split_masks.npz,b6f77dfdb1a47e344c555f93c1d5e4d6631bc7065b194c0820ab88ab1c96f928,2683
revision_outputs/cg_suite/E4_interpolation_sensitivity/spatial_tile/grid_256/nearest/persistence/nearest/split_seed_44/target_map.npy,b782fcff50f76b7568b87afb97f44d23b8a8de895926039b7c0ff1f228539eda,262272
revision_outputs/cg_suite/E4_interpolation_sensitivity/spatial_tile/grid_256/nearest/persistence/nearest/split_seed_45/binned_error.png,a99f96783a85d0f5754f1f53fca0958ce40ff0776231e8b122e1b537bda1d5f4,38775
revision_outputs/cg_suite/E4_interpolation_sensitivity/spatial_tile/grid_256/nearest/persistence/nearest/split_seed_45/binned_residuals_boxplot.png,3bda6ce47539e495303feebac5e82b0e9b527895dd4650765b9471b7bee00ac0,66056
revision_outputs/cg_suite/E4_interpolation_sensitivity/spatial_tile/grid_256/nearest/persistence/nearest/split_seed_45/config_snapshot.json,9b92467c8db2b3473f48a24c1660afbdef7a354f25e1d0a30076446fdead3aee,1821
revision_outputs/cg_suite/E4_interpolation_sensitivity/spatial_tile/grid_256/nearest/persistence/nearest/split_seed_45/last_input_map.npy,39ca6c610647cb2ced111cf954a7c074930b38caaadd33df5d059e10a093b1eb,262272
revision_outputs/cg_suite/E4_interpolation_sensitivity/spatial_tile/grid_256/nearest/persistence/nearest/split_seed_45/metrics.csv,ad21ca2b326adfe727623b0ca69c14dc608009b5c66128a805167f9af95b5728,661
revision_outputs/cg_suite/E4_interpolation_sensitivity/spatial_tile/grid_256/nearest/persistence/nearest/split_seed_45/metrics.json,96d4280312f02fbdf0c9cd7a5ab9ea6d33148dab41b659200b78bb211c25e378,852
revision_outputs/cg_suite/E4_interpolation_sensitivity/spatial_tile/grid_256/nearest/persistence/nearest/split_seed_45/prediction_map.npy,39ca6c610647cb2ced111cf954a7c074930b38caaadd33df5d059e10a093b1eb,262272
revision_outputs/cg_suite/E4_interpolation_sensitivity/spatial_tile/grid_256/nearest/persistence/nearest/split_seed_45/reference_vs_prediction.png,acddd677267cd76582f87b99de4c600f50b5e306a1f21e520885a869601216c3,573257
revision_outputs/cg_suite/E4_interpolation_sensitivity/spatial_tile/grid_256/nearest/persistence/nearest/split_seed_45/residual_plot.png,c1a8f84e8cf93c71de958545a05cca670d13eec3fd20ae99c924a781bb0a0869,57087
revision_outputs/cg_suite/E4_interpolation_sensitivity/spatial_tile/grid_256/nearest/persistence/nearest/split_seed_45/scatter_true_vs_pred.png,fc0130da397552a3a2755ba20b7ca4a3f14935ad23298fd9734505d2f593fe46,65750
revision_outputs/cg_suite/E4_interpolation_sensitivity/spatial_tile/grid_256/nearest/persistence/nearest/split_seed_45/split_masks.npz,9b4d56d755a687cabe862c1bdbbfb32b6fd7d7f5aa302dddb8aaa0730214ad21,2675
revision_outputs/cg_suite/E4_interpolation_sensitivity/spatial_tile/grid_256/nearest/persistence/nearest/split_seed_45/target_map.npy,b782fcff50f76b7568b87afb97f44d23b8a8de895926039b7c0ff1f228539eda,262272
revision_outputs/cg_suite/E4_interpolation_sensitivity/spatial_tile/grid_256/nearest/persistence/nearest/split_seed_46/binned_error.png,7d83bdaf74fddd69e7f99d75ae2c08934ff715e2d975c31411857bcaf7620c48,50791
revision_outputs/cg_suite/E4_interpolation_sensitivity/spatial_tile/grid_256/nearest/persistence/nearest/split_seed_46/binned_residuals_boxplot.png,fc721ab075135719d1addc5a45f21cc48e70866639275116c58f989c46b6b6a8,71629
revision_outputs/cg_suite/E4_interpolation_sensitivity/spatial_tile/grid_256/nearest/persistence/nearest/split_seed_46/config_snapshot.json,8bf1dfe09cf0447dedef443009c120506c54e3ef810369ae799d7ba6e33e8e5d,1821
revision_outputs/cg_suite/E4_interpolation_sensitivity/spatial_tile/grid_256/nearest/persistence/nearest/split_seed_46/last_input_map.npy,39ca6c610647cb2ced111cf954a7c074930b38caaadd33df5d059e10a093b1eb,262272
revision_outputs/cg_suite/E4_interpolation_sensitivity/spatial_tile/grid_256/nearest/persistence/nearest/split_seed_46/metrics.csv,7f13b64bd11ac8743ac1f6cf498bfc62ae2e47b774fbf7d1c1b1bf66a2f26e13,662
revision_outputs/cg_suite/E4_interpolation_sensitivity/spatial_tile/grid_256/nearest/persistence/nearest/split_seed_46/metrics.json,a8dc95279e68a8a612361625c36c5d9d64d6ffda33bcb15912643bc5c8c10cd4,853
revision_outputs/cg_suite/E4_interpolation_sensitivity/spatial_tile/grid_256/nearest/persistence/nearest/split_seed_46/prediction_map.npy,39ca6c610647cb2ced111cf954a7c074930b38caaadd33df5d059e10a093b1eb,262272
revision_outputs/cg_suite/E4_interpolation_sensitivity/spatial_tile/grid_256/nearest/persistence/nearest/split_seed_46/reference_vs_prediction.png,acddd677267cd76582f87b99de4c600f50b5e306a1f21e520885a869601216c3,573257
revision_outputs/cg_suite/E4_interpolation_sensitivity/spatial_tile/grid_256/nearest/persistence/nearest/split_seed_46/residual_plot.png,a81be7fc40dd7747deb573f68cf71e5cb209538c813212a5a16fabe134dac781,73330
revision_outputs/cg_suite/E4_interpolation_sensitivity/spatial_tile/grid_256/nearest/persistence/nearest/split_seed_46/scatter_true_vs_pred.png,d0766b16da398b8da1538273d7e64eea271a85ca983d5da8517380e4fbc2e1e9,81329
revision_outputs/cg_suite/E4_interpolation_sensitivity/spatial_tile/grid_256/nearest/persistence/nearest/split_seed_46/split_masks.npz,3b3b1964b7db320f14534875802aceb75840c4a5c11d4dd6731d8fe0ce562a42,2784
revision_outputs/cg_suite/E4_interpolation_sensitivity/spatial_tile/grid_256/nearest/persistence/nearest/split_seed_46/target_map.npy,b782fcff50f76b7568b87afb97f44d23b8a8de895926039b7c0ff1f228539eda,262272
revision_outputs/cg_suite/E4_interpolation_sensitivity/spatial_tile/grid_256/point_holdout_interpolation_error.csv,a2f01b15665dbf925a57adfd55f0c00cc154bf4ac7f452a96bf5fa8aad1eff65,1484
revision_outputs/cg_suite/E4_interpolation_sensitivity/spatial_tile/grid_256/point_holdout_interpolation_summary.csv,1d759948bec2f29e01a0d0674ee54db842263ead8d1de4e8c48b75459eb45afe,624
revision_outputs/cg_suite/E4_interpolation_sensitivity/spatial_tile/grid_256/rbf/cnn_lstm_maskaware/rbf/split_seed_42/binned_error.png,364dae52eb5a58ec308be47ecadce5c6199af40bd2b70fe7d4fdef888aab0dd3,39478
revision_outputs/cg_suite/E4_interpolation_sensitivity/spatial_tile/grid_256/rbf/cnn_lstm_maskaware/rbf/split_seed_42/binned_residuals_boxplot.png,26b1cabd68e8547487d4cea69bff38935cac4fc7e030043ae943c346a3cfe477,53387
revision_outputs/cg_suite/E4_interpolation_sensitivity/spatial_tile/grid_256/rbf/cnn_lstm_maskaware/rbf/split_seed_42/config_snapshot.json,57ee6323e75b7ee39288594b3fc90a40cc71bae10ccbebb20c393d7634a4b8a7,1813
revision_outputs/cg_suite/E4_interpolation_sensitivity/spatial_tile/grid_256/rbf/cnn_lstm_maskaware/rbf/split_seed_42/last_input_map.npy,313fb279059e5c55bf7cf26f76a448f45faa18c4db77d0686103a0e582b877af,262272
revision_outputs/cg_suite/E4_interpolation_sensitivity/spatial_tile/grid_256/rbf/cnn_lstm_maskaware/rbf/split_seed_42/metrics.csv,571d6c1165f33fe2f12592e78d7225562a576ef0335a44158e5557dea839f310,784
revision_outputs/cg_suite/E4_interpolation_sensitivity/spatial_tile/grid_256/rbf/cnn_lstm_maskaware/rbf/split_seed_42/metrics.json,d45e36b99d84f14cd9c2a703cd9071f209d777756bacf75196117f18d12d7bb2,1014
revision_outputs/cg_suite/E4_interpolation_sensitivity/spatial_tile/grid_256/rbf/cnn_lstm_maskaware/rbf/split_seed_42/prediction_map.npy,ed4921878327f50216348efa1fa9535f8cabd352223ab953605a84968088866a,262272
revision_outputs/cg_suite/E4_interpolation_sensitivity/spatial_tile/grid_256/rbf/cnn_lstm_maskaware/rbf/split_seed_42/reference_vs_prediction.png,82649d4801a9f09d70fcff355356be24e1761a289acfb31f4b24819382018892,467927
revision_outputs/cg_suite/E4_interpolation_sensitivity/spatial_tile/grid_256/rbf/cnn_lstm_maskaware/rbf/split_seed_42/residual_plot.png,70255d95e98b0a056fad8fca979a147e918527fe227ce3a3397444afd4d3d341,38354
revision_outputs/cg_suite/E4_interpolation_sensitivity/spatial_tile/grid_256/rbf/cnn_lstm_maskaware/rbf/split_seed_42/scatter_true_vs_pred.png,818c688a74912cbc5066a3c165bb7dbfe8bf900185b9ae537c5a1382c1fffe7e,52426
revision_outputs/cg_suite/E4_interpolation_sensitivity/spatial_tile/grid_256/rbf/cnn_lstm_maskaware/rbf/split_seed_42/split_masks.npz,a179309a12a5b41eb9f99bac78a2c1982728c3aa6326ca24c130f57d4a3b4c78,2632
revision_outputs/cg_suite/E4_interpolation_sensitivity/spatial_tile/grid_256/rbf/cnn_lstm_maskaware/rbf/split_seed_42/target_map.npy,26672cefa670e8fe9bac823023cbd6d892c89d5d54f8079a9913e24d3b87d1c1,262272
revision_outputs/cg_suite/E4_interpolation_sensitivity/spatial_tile/grid_256/rbf/cnn_lstm_maskaware/rbf/split_seed_42/training_history.csv,a49b5c70d8ff02ea489d42ca268fa4c1c63db8c5b24952cf09b51cc3ec2cf4bb,567
revision_outputs/cg_suite/E4_interpolation_sensitivity/spatial_tile/grid_256/rbf/cnn_lstm_maskaware/rbf/split_seed_43/binned_error.png,4ec6949aa6d0e120a74b1dc2b6d2cca11feae58ecb210dd5692ba0899a89f11b,41950
revision_outputs/cg_suite/E4_interpolation_sensitivity/spatial_tile/grid_256/rbf/cnn_lstm_maskaware/rbf/split_seed_43/binned_residuals_boxplot.png,f61d7399f5ef65ecec6333fb6fef03aead4a15369c69325398f36c4cbaf5ee2c,55409
revision_outputs/cg_suite/E4_interpolation_sensitivity/spatial_tile/grid_256/rbf/cnn_lstm_maskaware/rbf/split_seed_43/config_snapshot.json,f65e0ab0eaa06ed537a43bab00e7540de126da9d32440c0b07caee7eee90599b,1813
revision_outputs/cg_suite/E4_interpolation_sensitivity/spatial_tile/grid_256/rbf/cnn_lstm_maskaware/rbf/split_seed_43/last_input_map.npy,313fb279059e5c55bf7cf26f76a448f45faa18c4db77d0686103a0e582b877af,262272
revision_outputs/cg_suite/E4_interpolation_sensitivity/spatial_tile/grid_256/rbf/cnn_lstm_maskaware/rbf/split_seed_43/metrics.csv,b41387091ea339ec08e391673a9c3bf73ab63a9b5c3b41c4cf82cb9569beaa81,784
revision_outputs/cg_suite/E4_interpolation_sensitivity/spatial_tile/grid_256/rbf/cnn_lstm_maskaware/rbf/split_seed_43/metrics.json,6671d3ec75a01b5bbc1b4f99e858fbe076684a35d571bbae598e6a52eecbb4e4,1014
revision_outputs/cg_suite/E4_interpolation_sensitivity/spatial_tile/grid_256/rbf/cnn_lstm_maskaware/rbf/split_seed_43/prediction_map.npy,1821de9910e83395be25af8fa79b347e077c0b806904d720b1c2d912db66f3cc,262272
revision_outputs/cg_suite/E4_interpolation_sensitivity/spatial_tile/grid_256/rbf/cnn_lstm_maskaware/rbf/split_seed_43/reference_vs_prediction.png,56880a87c49bc60266998c4ee1c57d248e2af4d1530a3ed483ff44776994d1cb,453091
revision_outputs/cg_suite/E4_interpolation_sensitivity/spatial_tile/grid_256/rbf/cnn_lstm_maskaware/rbf/split_seed_43/residual_plot.png,51ef64b08717542a2ca36e270d0c5dcc7bb639c8297aacf5fd6a44140fb1f211,33134
revision_outputs/cg_suite/E4_interpolation_sensitivity/spatial_tile/grid_256/rbf/cnn_lstm_maskaware/rbf/split_seed_43/scatter_true_vs_pred.png,1419d9396199396cadcf8cad44cdac0ef2eb1ab97a1586d413d9f792498fd39c,45504
revision_outputs/cg_suite/E4_interpolation_sensitivity/spatial_tile/grid_256/rbf/cnn_lstm_maskaware/rbf/split_seed_43/split_masks.npz,8618034f74df22bb8f2b19f0df1ae6a3ec5fcdd02cee9d5e48131dfd5f6ab24b,2642
revision_outputs/cg_suite/E4_interpolation_sensitivity/spatial_tile/grid_256/rbf/cnn_lstm_maskaware/rbf/split_seed_43/target_map.npy,26672cefa670e8fe9bac823023cbd6d892c89d5d54f8079a9913e24d3b87d1c1,262272
revision_outputs/cg_suite/E4_interpolation_sensitivity/spatial_tile/grid_256/rbf/cnn_lstm_maskaware/rbf/split_seed_43/training_history.csv,f21b99daf3bd5caa3ed0b689a19e7a1afe5a277fd63425da9ad9363a591cb5a6,491
revision_outputs/cg_suite/E4_interpolation_sensitivity/spatial_tile/grid_256/rbf/cnn_lstm_maskaware/rbf/split_seed_44/binned_error.png,d36c6bd157a4e041cbb273dcd592291bc278e3bd36264cba3ad1e57bb98a4399,38017
revision_outputs/cg_suite/E4_interpolation_sensitivity/spatial_tile/grid_256/rbf/cnn_lstm_maskaware/rbf/split_seed_44/binned_residuals_boxplot.png,b8e5a61a1f62e5610d0e35527ed4ef3f1e6f121b76b9e0f757ecd5be6e6a9bde,56097
revision_outputs/cg_suite/E4_interpolation_sensitivity/spatial_tile/grid_256/rbf/cnn_lstm_maskaware/rbf/split_seed_44/config_snapshot.json,13a326c3031bddd8c293a0e1539ff1a90ce868b94970323e2a44505887e2d7f2,1813
revision_outputs/cg_suite/E4_interpolation_sensitivity/spatial_tile/grid_256/rbf/cnn_lstm_maskaware/rbf/split_seed_44/last_input_map.npy,313fb279059e5c55bf7cf26f76a448f45faa18c4db77d0686103a0e582b877af,262272
revision_outputs/cg_suite/E4_interpolation_sensitivity/spatial_tile/grid_256/rbf/cnn_lstm_maskaware/rbf/split_seed_44/metrics.csv,8b8f21f0f7cbf30bab07774e8bceac2266d3961278664349e40839873e7d27c7,781
revision_outputs/cg_suite/E4_interpolation_sensitivity/spatial_tile/grid_256/rbf/cnn_lstm_maskaware/rbf/split_seed_44/metrics.json,a2d07b94c13f96774443ccddc34400837b754caacf1f0259c2e504d3955c94b6,1011
revision_outputs/cg_suite/E4_interpolation_sensitivity/spatial_tile/grid_256/rbf/cnn_lstm_maskaware/rbf/split_seed_44/prediction_map.npy,26c9000f7748beb4b7c66e9c9782e704362e9402fcf0403f87e34c2cb00cee5e,262272
revision_outputs/cg_suite/E4_interpolation_sensitivity/spatial_tile/grid_256/rbf/cnn_lstm_maskaware/rbf/split_seed_44/reference_vs_prediction.png,ed0c5dfa3e98f2b9b8753f2677f19e9138a110d3752dac2bf6a7cc9b6f44b508,440532
revision_outputs/cg_suite/E4_interpolation_sensitivity/spatial_tile/grid_256/rbf/cnn_lstm_maskaware/rbf/split_seed_44/residual_plot.png,9b697161e80b8fcfbcd502b110c10d467363e520bec9676cf0b8e6d2ff1da037,36052
revision_outputs/cg_suite/E4_interpolation_sensitivity/spatial_tile/grid_256/rbf/cnn_lstm_maskaware/rbf/split_seed_44/scatter_true_vs_pred.png,96402820249a90d10ac514c60d1f15618fa2edb003600928e8ee571df749c2d8,49080
revision_outputs/cg_suite/E4_interpolation_sensitivity/spatial_tile/grid_256/rbf/cnn_lstm_maskaware/rbf/split_seed_44/split_masks.npz,b6f77dfdb1a47e344c555f93c1d5e4d6631bc7065b194c0820ab88ab1c96f928,2683
revision_outputs/cg_suite/E4_interpolation_sensitivity/spatial_tile/grid_256/rbf/cnn_lstm_maskaware/rbf/split_seed_44/target_map.npy,26672cefa670e8fe9bac823023cbd6d892c89d5d54f8079a9913e24d3b87d1c1,262272
revision_outputs/cg_suite/E4_interpolation_sensitivity/spatial_tile/grid_256/rbf/cnn_lstm_maskaware/rbf/split_seed_44/training_history.csv,94f52da79e9965f81763dd20dc3e40d6b0c026c4a7ec916fa3d6c93957677e9b,477
revision_outputs/cg_suite/E4_interpolation_sensitivity/spatial_tile/grid_256/rbf/cnn_lstm_maskaware/rbf/split_seed_45/binned_error.png,cd52a4bcb4c0e9c04e2750df9ad7db4349cc735b9999692cdb9711b7befff3dd,37935
revision_outputs/cg_suite/E4_interpolation_sensitivity/spatial_tile/grid_256/rbf/cnn_lstm_maskaware/rbf/split_seed_45/binned_residuals_boxplot.png,bed83e26d3db3d66c862eb8e760bfb0436eed61f123c7c0c5631e4a8cca9136d,52742
revision_outputs/cg_suite/E4_interpolation_sensitivity/spatial_tile/grid_256/rbf/cnn_lstm_maskaware/rbf/split_seed_45/config_snapshot.json,e0373f0ce89950fa87b760e41ed6ca44246594b206d597c083c0dd6c16cd41ce,1813
revision_outputs/cg_suite/E4_interpolation_sensitivity/spatial_tile/grid_256/rbf/cnn_lstm_maskaware/rbf/split_seed_45/last_input_map.npy,313fb279059e5c55bf7cf26f76a448f45faa18c4db77d0686103a0e582b877af,262272
revision_outputs/cg_suite/E4_interpolation_sensitivity/spatial_tile/grid_256/rbf/cnn_lstm_maskaware/rbf/split_seed_45/metrics.csv,e5df01194c38aad91cb09d280c8de83c22062f3d03f87134b966011aebca390e,780
revision_outputs/cg_suite/E4_interpolation_sensitivity/spatial_tile/grid_256/rbf/cnn_lstm_maskaware/rbf/split_seed_45/metrics.json,c242282ce2ec0cedc61d1728c7efef70acb80a6441efe963852894d700799420,1010
revision_outputs/cg_suite/E4_interpolation_sensitivity/spatial_tile/grid_256/rbf/cnn_lstm_maskaware/rbf/split_seed_45/prediction_map.npy,b62103561aa5333cda516baea0166413a9a5209537f60b12d806e67f3e0f5146,262272
revision_outputs/cg_suite/E4_interpolation_sensitivity/spatial_tile/grid_256/rbf/cnn_lstm_maskaware/rbf/split_seed_45/reference_vs_prediction.png,07549932854a81798fc0ef1c557e2544da60bb8f0d25392cba250bd0c820683f,457068
revision_outputs/cg_suite/E4_interpolation_sensitivity/spatial_tile/grid_256/rbf/cnn_lstm_maskaware/rbf/split_seed_45/residual_plot.png,4f964a5e0252eac54a7ffbec2f5416785089e39179d4ab8973adb0ca992185d7,36775
revision_outputs/cg_suite/E4_interpolation_sensitivity/spatial_tile/grid_256/rbf/cnn_lstm_maskaware/rbf/split_seed_45/scatter_true_vs_pred.png,9eae5aa914afe61158ff5c3f1830dd83f668a92b9a2f600fa2f1f8c4999c449d,50547
revision_outputs/cg_suite/E4_interpolation_sensitivity/spatial_tile/grid_256/rbf/cnn_lstm_maskaware/rbf/split_seed_45/split_masks.npz,9b4d56d755a687cabe862c1bdbbfb32b6fd7d7f5aa302dddb8aaa0730214ad21,2675
revision_outputs/cg_suite/E4_interpolation_sensitivity/spatial_tile/grid_256/rbf/cnn_lstm_maskaware/rbf/split_seed_45/target_map.npy,26672cefa670e8fe9bac823023cbd6d892c89d5d54f8079a9913e24d3b87d1c1,262272
revision_outputs/cg_suite/E4_interpolation_sensitivity/spatial_tile/grid_256/rbf/cnn_lstm_maskaware/rbf/split_seed_45/training_history.csv,f46dec8dbb86637c6e8456605ec745ac5e9ef53fc8d8d7e793179b4c470b0dc2,567
revision_outputs/cg_suite/E4_interpolation_sensitivity/spatial_tile/grid_256/rbf/cnn_lstm_maskaware/rbf/split_seed_46/binned_error.png,7c863fe32195d45c23f9bbb298c0a83ddd8f5f6121dce7f649af44d6100b4f79,40434
revision_outputs/cg_suite/E4_interpolation_sensitivity/spatial_tile/grid_256/rbf/cnn_lstm_maskaware/rbf/split_seed_46/binned_residuals_boxplot.png,bc0ec2b39720ad58ba0b1d13c85d031be2dd4a03b06fb4c1d585bfdf0d948fd2,50629
revision_outputs/cg_suite/E4_interpolation_sensitivity/spatial_tile/grid_256/rbf/cnn_lstm_maskaware/rbf/split_seed_46/config_snapshot.json,dc93146326bfd0896dd00af956eb11735afd9edddae31e347e7ee91fb954d1c4,1813
revision_outputs/cg_suite/E4_interpolation_sensitivity/spatial_tile/grid_256/rbf/cnn_lstm_maskaware/rbf/split_seed_46/last_input_map.npy,313fb279059e5c55bf7cf26f76a448f45faa18c4db77d0686103a0e582b877af,262272
revision_outputs/cg_suite/E4_interpolation_sensitivity/spatial_tile/grid_256/rbf/cnn_lstm_maskaware/rbf/split_seed_46/metrics.csv,cebd05aee1d7202ecca6caa2fd6feae0464f02590db9061ccb8df6437a961173,780
revision_outputs/cg_suite/E4_interpolation_sensitivity/spatial_tile/grid_256/rbf/cnn_lstm_maskaware/rbf/split_seed_46/metrics.json,4e54f2ce595696cadf38ea8c5d0efc75868c5e7349d570dfb196841eec735b7e,1010
revision_outputs/cg_suite/E4_interpolation_sensitivity/spatial_tile/grid_256/rbf/cnn_lstm_maskaware/rbf/split_seed_46/prediction_map.npy,9ee078fe74691e099d22b17a1ed8f8052c3dd84caa3f9e165543d275ecc5c708,262272
revision_outputs/cg_suite/E4_interpolation_sensitivity/spatial_tile/grid_256/rbf/cnn_lstm_maskaware/rbf/split_seed_46/reference_vs_prediction.png,ed40121bf43420a5b1d3cc9848fd8e1c2020279029a59856cf58d3b9fd256e81,476427
revision_outputs/cg_suite/E4_interpolation_sensitivity/spatial_tile/grid_256/rbf/cnn_lstm_maskaware/rbf/split_seed_46/residual_plot.png,ca1d4a8c965d4b5740cac22db4f057a2ecefc8c8b28632cb02aa1aa7a4454f95,40505
revision_outputs/cg_suite/E4_interpolation_sensitivity/spatial_tile/grid_256/rbf/cnn_lstm_maskaware/rbf/split_seed_46/scatter_true_vs_pred.png,a7c4d3db121851dfa7934dfa6f17b5d3926d7e7ec64bb4ed22b616c278bb51df,55031
revision_outputs/cg_suite/E4_interpolation_sensitivity/spatial_tile/grid_256/rbf/cnn_lstm_maskaware/rbf/split_seed_46/split_masks.npz,3b3b1964b7db320f14534875802aceb75840c4a5c11d4dd6731d8fe0ce562a42,2784
revision_outputs/cg_suite/E4_interpolation_sensitivity/spatial_tile/grid_256/rbf/cnn_lstm_maskaware/rbf/split_seed_46/target_map.npy,26672cefa670e8fe9bac823023cbd6d892c89d5d54f8079a9913e24d3b87d1c1,262272
revision_outputs/cg_suite/E4_interpolation_sensitivity/spatial_tile/grid_256/rbf/cnn_lstm_maskaware/rbf/split_seed_46/training_history.csv,83e7f6a7317b3f4796a5eb8a775c07a4ae576e860cf51698a15448a3756c3f0d,473
revision_outputs/cg_suite/E4_interpolation_sensitivity/spatial_tile/grid_256/rbf/lasso/rbf/split_seed_42/alpha_sweep.csv,9fa8cf076e023223a43f2d6b7a438069671d1b74d206c15f7b47d2d0a487a1fb,185
revision_outputs/cg_suite/E4_interpolation_sensitivity/spatial_tile/grid_256/rbf/lasso/rbf/split_seed_42/binned_error.png,347934b5709e9f287d3eeeb71a2aa414982d24ee0631f45375603b2a87d0220e,40695
revision_outputs/cg_suite/E4_interpolation_sensitivity/spatial_tile/grid_256/rbf/lasso/rbf/split_seed_42/binned_residuals_boxplot.png,689f9ce88a57e2ff347241af818c33c2314d27c3b95929cac1c5205ba8d6d7e2,69398
revision_outputs/cg_suite/E4_interpolation_sensitivity/spatial_tile/grid_256/rbf/lasso/rbf/split_seed_42/config_snapshot.json,57ee6323e75b7ee39288594b3fc90a40cc71bae10ccbebb20c393d7634a4b8a7,1813
revision_outputs/cg_suite/E4_interpolation_sensitivity/spatial_tile/grid_256/rbf/lasso/rbf/split_seed_42/metrics.csv,eb94df34d427af19c47f31c8e747d826843fa79bf4003bd723558ab8b293b974,493
revision_outputs/cg_suite/E4_interpolation_sensitivity/spatial_tile/grid_256/rbf/lasso/rbf/split_seed_42/metrics.json,d1c1ec19579c1157d30359b422555737ebfdf47c0b75d72221c3681b99789600,647
revision_outputs/cg_suite/E4_interpolation_sensitivity/spatial_tile/grid_256/rbf/lasso/rbf/split_seed_42/prediction_map.npy,e340ede197f4c0e6d693aed67d3a4a6772c8a7e056e7d8d748bc29b74ef55138,262272
revision_outputs/cg_suite/E4_interpolation_sensitivity/spatial_tile/grid_256/rbf/lasso/rbf/split_seed_42/reference_vs_prediction.png,481297f137f5acb0a20c0de0d4b5f81e784dbf39f6dfc1a4099e5271e86dca92,602643
revision_outputs/cg_suite/E4_interpolation_sensitivity/spatial_tile/grid_256/rbf/lasso/rbf/split_seed_42/residual_plot.png,53942bd66ba378a97628974d2730ea16ec7ebcd75f1c0c43c1eb84a4825fa923,75500
revision_outputs/cg_suite/E4_interpolation_sensitivity/spatial_tile/grid_256/rbf/lasso/rbf/split_seed_42/scatter_true_vs_pred.png,069701c2d07579ff43906ea19b411e17bed8e370a350e42352d8ea64f15528f3,74592
revision_outputs/cg_suite/E4_interpolation_sensitivity/spatial_tile/grid_256/rbf/lasso/rbf/split_seed_42/split_masks.npz,a179309a12a5b41eb9f99bac78a2c1982728c3aa6326ca24c130f57d4a3b4c78,2632
revision_outputs/cg_suite/E4_interpolation_sensitivity/spatial_tile/grid_256/rbf/lasso/rbf/split_seed_42/target_map.npy,26672cefa670e8fe9bac823023cbd6d892c89d5d54f8079a9913e24d3b87d1c1,262272
revision_outputs/cg_suite/E4_interpolation_sensitivity/spatial_tile/grid_256/rbf/lasso/rbf/split_seed_43/alpha_sweep.csv,ab2583615313bc603d3c939c831817ba14a8aeebf78160f309e115199890d84a,188
revision_outputs/cg_suite/E4_interpolation_sensitivity/spatial_tile/grid_256/rbf/lasso/rbf/split_seed_43/binned_error.png,5fecf46d5ec01d07671b9f4b21001b52f64d897f94123f489d26afaef5df7f11,50883
revision_outputs/cg_suite/E4_interpolation_sensitivity/spatial_tile/grid_256/rbf/lasso/rbf/split_seed_43/binned_residuals_boxplot.png,96e51a8d1baeaa7730bfe029c1773a8f399466dd397e01d17c5d126daf856e6b,64306
revision_outputs/cg_suite/E4_interpolation_sensitivity/spatial_tile/grid_256/rbf/lasso/rbf/split_seed_43/config_snapshot.json,f65e0ab0eaa06ed537a43bab00e7540de126da9d32440c0b07caee7eee90599b,1813
revision_outputs/cg_suite/E4_interpolation_sensitivity/spatial_tile/grid_256/rbf/lasso/rbf/split_seed_43/metrics.csv,1e52d784ddc0fd0a77c57b26f4dd8aa6e26dff92d29269756a84b0e9ab4a6c1e,496
revision_outputs/cg_suite/E4_interpolation_sensitivity/spatial_tile/grid_256/rbf/lasso/rbf/split_seed_43/metrics.json,44e72551c014a6b5ae7e59c6954c6581b03bc526181c2631f255ef25471ae6d5,650
revision_outputs/cg_suite/E4_interpolation_sensitivity/spatial_tile/grid_256/rbf/lasso/rbf/split_seed_43/prediction_map.npy,a9844f46492a0b3ccc29e71d030339394dc7efbf667f0432c4c3be23bb66b937,262272
revision_outputs/cg_suite/E4_interpolation_sensitivity/spatial_tile/grid_256/rbf/lasso/rbf/split_seed_43/reference_vs_prediction.png,d79a443a2a451d8811e46bff26308ff1e0bb3d34b4b7884ed65f275ada823217,603713
revision_outputs/cg_suite/E4_interpolation_sensitivity/spatial_tile/grid_256/rbf/lasso/rbf/split_seed_43/residual_plot.png,72ed2ee82a9e4744db1425e81cb683329d69ad744cb84e648a4725b57f978054,67738
revision_outputs/cg_suite/E4_interpolation_sensitivity/spatial_tile/grid_256/rbf/lasso/rbf/split_seed_43/scatter_true_vs_pred.png,ba9b435067b184e0c1cf88d11d12d4a4de80e0705e40102077c1d64a2581d00d,54590
revision_outputs/cg_suite/E4_interpolation_sensitivity/spatial_tile/grid_256/rbf/lasso/rbf/split_seed_43/split_masks.npz,8618034f74df22bb8f2b19f0df1ae6a3ec5fcdd02cee9d5e48131dfd5f6ab24b,2642
revision_outputs/cg_suite/E4_interpolation_sensitivity/spatial_tile/grid_256/rbf/lasso/rbf/split_seed_43/target_map.npy,26672cefa670e8fe9bac823023cbd6d892c89d5d54f8079a9913e24d3b87d1c1,262272
revision_outputs/cg_suite/E4_interpolation_sensitivity/spatial_tile/grid_256/rbf/lasso/rbf/split_seed_44/alpha_sweep.csv,58b8e5c927ee72c255c0062e1ccad04e9fc6447ffbbe56f57a976c9066a0087a,187
revision_outputs/cg_suite/E4_interpolation_sensitivity/spatial_tile/grid_256/rbf/lasso/rbf/split_seed_44/binned_error.png,2d799131f97f33bac7a427c0951dd7b201bf474c3e2cefeaa88e1532a59d8a5c,36242
revision_outputs/cg_suite/E4_interpolation_sensitivity/spatial_tile/grid_256/rbf/lasso/rbf/split_seed_44/binned_residuals_boxplot.png,113e07ead21ca49787d38a9fae6bfb702de8312cd926334169401caafdca7dd9,69081
revision_outputs/cg_suite/E4_interpolation_sensitivity/spatial_tile/grid_256/rbf/lasso/rbf/split_seed_44/config_snapshot.json,13a326c3031bddd8c293a0e1539ff1a90ce868b94970323e2a44505887e2d7f2,1813
revision_outputs/cg_suite/E4_interpolation_sensitivity/spatial_tile/grid_256/rbf/lasso/rbf/split_seed_44/metrics.csv,c9a3685c65244314dac46f5a9d2cb593193c9c542d42177ce52397732ca002ff,496
revision_outputs/cg_suite/E4_interpolation_sensitivity/spatial_tile/grid_256/rbf/lasso/rbf/split_seed_44/metrics.json,7bcf6a975e3ffe27325d4bc066f66468826093a9eb602c4e67c33c87bdb6769c,650
revision_outputs/cg_suite/E4_interpolation_sensitivity/spatial_tile/grid_256/rbf/lasso/rbf/split_seed_44/prediction_map.npy,fb62ec591a8a038a962e940dc1eddee39b5c6bae1fecf17c0feacfb5fb408008,262272
revision_outputs/cg_suite/E4_interpolation_sensitivity/spatial_tile/grid_256/rbf/lasso/rbf/split_seed_44/reference_vs_prediction.png,8f0554a5c331106b002bdb6402b507aded63c39349f71bc9bee8a84b129b532c,603288
revision_outputs/cg_suite/E4_interpolation_sensitivity/spatial_tile/grid_256/rbf/lasso/rbf/split_seed_44/residual_plot.png,661f0628f449497a860f680383478d8d3084036c37c246ed6f07e551744430ab,72473
revision_outputs/cg_suite/E4_interpolation_sensitivity/spatial_tile/grid_256/rbf/lasso/rbf/split_seed_44/scatter_true_vs_pred.png,37772ba8519ed1430621b335c8109dda84311f7b11b23b667282c5781a47ec13,63792
revision_outputs/cg_suite/E4_interpolation_sensitivity/spatial_tile/grid_256/rbf/lasso/rbf/split_seed_44/split_masks.npz,b6f77dfdb1a47e344c555f93c1d5e4d6631bc7065b194c0820ab88ab1c96f928,2683
revision_outputs/cg_suite/E4_interpolation_sensitivity/spatial_tile/grid_256/rbf/lasso/rbf/split_seed_44/target_map.npy,26672cefa670e8fe9bac823023cbd6d892c89d5d54f8079a9913e24d3b87d1c1,262272
revision_outputs/cg_suite/E4_interpolation_sensitivity/spatial_tile/grid_256/rbf/lasso/rbf/split_seed_45/alpha_sweep.csv,4e18551dfac7041926dad3be4e085da2d863eed5c92f9ef5e2b7f5eda843cf16,186
revision_outputs/cg_suite/E4_interpolation_sensitivity/spatial_tile/grid_256/rbf/lasso/rbf/split_seed_45/binned_error.png,2932ea50b4a08133d8a017941ce15d90ca0bd232547b72ffe6379d090700e42d,39206
revision_outputs/cg_suite/E4_interpolation_sensitivity/spatial_tile/grid_256/rbf/lasso/rbf/split_seed_45/binned_residuals_boxplot.png,7d7940fec81d8218b5c4789e4625717561c419c015bee45a8249db50305ffd33,68813
revision_outputs/cg_suite/E4_interpolation_sensitivity/spatial_tile/grid_256/rbf/lasso/rbf/split_seed_45/config_snapshot.json,e0373f0ce89950fa87b760e41ed6ca44246594b206d597c083c0dd6c16cd41ce,1813
revision_outputs/cg_suite/E4_interpolation_sensitivity/spatial_tile/grid_256/rbf/lasso/rbf/split_seed_45/metrics.csv,dc0e02abbb76b5f4be2e3fc7cd9cb9ef068336364a10cbe2252b9b154d06bc38,495
revision_outputs/cg_suite/E4_interpolation_sensitivity/spatial_tile/grid_256/rbf/lasso/rbf/split_seed_45/metrics.json,20ef6ea2e37230120af0198ceff24cf89ea832539de3890d2011f839d479bffc,649
revision_outputs/cg_suite/E4_interpolation_sensitivity/spatial_tile/grid_256/rbf/lasso/rbf/split_seed_45/prediction_map.npy,b08b29ea0c8f655b3f2d66438c8857d79fa9fa85427fa74d4747d44242f6eeb6,262272
revision_outputs/cg_suite/E4_interpolation_sensitivity/spatial_tile/grid_256/rbf/lasso/rbf/split_seed_45/reference_vs_prediction.png,e71b60f6248791264df38e963fc2f2c09b09fb9c0fd118e08393028b7e46315a,602875
revision_outputs/cg_suite/E4_interpolation_sensitivity/spatial_tile/grid_256/rbf/lasso/rbf/split_seed_45/residual_plot.png,19e0d1d7f19365904334650d26316b049a4f7a4482da802a0f3b998d64522490,86753
revision_outputs/cg_suite/E4_interpolation_sensitivity/spatial_tile/grid_256/rbf/lasso/rbf/split_seed_45/scatter_true_vs_pred.png,3bd3d7d1fd56da16068f32389b044d74ed2f737591592060c3cac8c4611364dc,76626
revision_outputs/cg_suite/E4_interpolation_sensitivity/spatial_tile/grid_256/rbf/lasso/rbf/split_seed_45/split_masks.npz,9b4d56d755a687cabe862c1bdbbfb32b6fd7d7f5aa302dddb8aaa0730214ad21,2675
revision_outputs/cg_suite/E4_interpolation_sensitivity/spatial_tile/grid_256/rbf/lasso/rbf/split_seed_45/target_map.npy,26672cefa670e8fe9bac823023cbd6d892c89d5d54f8079a9913e24d3b87d1c1,262272
revision_outputs/cg_suite/E4_interpolation_sensitivity/spatial_tile/grid_256/rbf/lasso/rbf/split_seed_46/alpha_sweep.csv,5c96fc8110bb80419cb1134cd3962b501b9ef3cd2374a312adaa4e508075fb50,187
revision_outputs/cg_suite/E4_interpolation_sensitivity/spatial_tile/grid_256/rbf/lasso/rbf/split_seed_46/binned_error.png,fd6c718accaecfa0b2dcfc34918962f64731e549de3f2ca088fce003e2e12d5a,47250
revision_outputs/cg_suite/E4_interpolation_sensitivity/spatial_tile/grid_256/rbf/lasso/rbf/split_seed_46/binned_residuals_boxplot.png,34467ae3183070ccf971c576bcc05820e195238ce9334ed08de01a5ee08123df,70585
revision_outputs/cg_suite/E4_interpolation_sensitivity/spatial_tile/grid_256/rbf/lasso/rbf/split_seed_46/config_snapshot.json,dc93146326bfd0896dd00af956eb11735afd9edddae31e347e7ee91fb954d1c4,1813
revision_outputs/cg_suite/E4_interpolation_sensitivity/spatial_tile/grid_256/rbf/lasso/rbf/split_seed_46/metrics.csv,d3894ace98af358b0d6c0c244ed9ef06ed74407333f2341aa7d71bbf7f5b4af9,496
revision_outputs/cg_suite/E4_interpolation_sensitivity/spatial_tile/grid_256/rbf/lasso/rbf/split_seed_46/metrics.json,49efe9971944b893d7e1129679a8c8df869dde88a68ae83ccf50aa865e82d491,650
revision_outputs/cg_suite/E4_interpolation_sensitivity/spatial_tile/grid_256/rbf/lasso/rbf/split_seed_46/prediction_map.npy,df924a5a21a279b2e27572aab38c3b9ddcb0ef8e9d6e523d5e66137c52919038,262272
revision_outputs/cg_suite/E4_interpolation_sensitivity/spatial_tile/grid_256/rbf/lasso/rbf/split_seed_46/reference_vs_prediction.png,8ee55f631639ce2ede805bc0fa0644b0f2606a9782998cbd8b09848bcafe3204,602757
revision_outputs/cg_suite/E4_interpolation_sensitivity/spatial_tile/grid_256/rbf/lasso/rbf/split_seed_46/residual_plot.png,dcd6ede917849fd79bd8d35007be666f959db8a8b18e80287b6e02bea53f7d31,92187
revision_outputs/cg_suite/E4_interpolation_sensitivity/spatial_tile/grid_256/rbf/lasso/rbf/split_seed_46/scatter_true_vs_pred.png,9f5a5106edc844daf782f6ba07923293efd78f3716d822db609a2dbd8b974e2f,86677
revision_outputs/cg_suite/E4_interpolation_sensitivity/spatial_tile/grid_256/rbf/lasso/rbf/split_seed_46/split_masks.npz,3b3b1964b7db320f14534875802aceb75840c4a5c11d4dd6731d8fe0ce562a42,2784
revision_outputs/cg_suite/E4_interpolation_sensitivity/spatial_tile/grid_256/rbf/lasso/rbf/split_seed_46/target_map.npy,26672cefa670e8fe9bac823023cbd6d892c89d5d54f8079a9913e24d3b87d1c1,262272
revision_outputs/cg_suite/E4_interpolation_sensitivity/spatial_tile/grid_256/rbf/lightgbm/rbf/split_seed_42/binned_error.png,be06615374d7aa0be6e37796ebe8e0a275a9b6d6d8ffab31e67e73d8b2becd9f,41125
revision_outputs/cg_suite/E4_interpolation_sensitivity/spatial_tile/grid_256/rbf/lightgbm/rbf/split_seed_42/binned_residuals_boxplot.png,96497e0f8d73576c058d3bba0965d6b9b4f3d4b403a57925a85356349253717b,61548
revision_outputs/cg_suite/E4_interpolation_sensitivity/spatial_tile/grid_256/rbf/lightgbm/rbf/split_seed_42/config_snapshot.json,57ee6323e75b7ee39288594b3fc90a40cc71bae10ccbebb20c393d7634a4b8a7,1813
revision_outputs/cg_suite/E4_interpolation_sensitivity/spatial_tile/grid_256/rbf/lightgbm/rbf/split_seed_42/lightgbm_model.txt,866f84de8d04377fda8724d5d271cc3fc3e356dfbf682faec3c34bff120b6f52,292798
revision_outputs/cg_suite/E4_interpolation_sensitivity/spatial_tile/grid_256/rbf/lightgbm/rbf/split_seed_42/metrics.csv,25888c569761abb3afe1ec43433db62d8a82596f5d3b7022fb20c7ea21ad0e6d,445
revision_outputs/cg_suite/E4_interpolation_sensitivity/spatial_tile/grid_256/rbf/lightgbm/rbf/split_seed_42/metrics.json,2be862ccb52fea15abfa356741798dac580404a05cab91d81d57d83a03dd123c,585
revision_outputs/cg_suite/E4_interpolation_sensitivity/spatial_tile/grid_256/rbf/lightgbm/rbf/split_seed_42/prediction_map.npy,edf107157021b0caf7a817955e54106a40d65137664141d6608430d0023cc215,262272
revision_outputs/cg_suite/E4_interpolation_sensitivity/spatial_tile/grid_256/rbf/lightgbm/rbf/split_seed_42/reference_vs_prediction.png,480cf467bbd87f855088945eb39d04bd2edd48d8ab526df943434b9eaf9d68e5,601028
revision_outputs/cg_suite/E4_interpolation_sensitivity/spatial_tile/grid_256/rbf/lightgbm/rbf/split_seed_42/residual_plot.png,f8e00d855e26fd9700f2049936b7d9eac271cdb86153d452a5ce3321f429f707,61228
revision_outputs/cg_suite/E4_interpolation_sensitivity/spatial_tile/grid_256/rbf/lightgbm/rbf/split_seed_42/scatter_true_vs_pred.png,7494b59f20e734ff63cd2516cf06786842f9c21702aa5bc6168edf4c05a7ec4f,71827
revision_outputs/cg_suite/E4_interpolation_sensitivity/spatial_tile/grid_256/rbf/lightgbm/rbf/split_seed_42/split_masks.npz,a179309a12a5b41eb9f99bac78a2c1982728c3aa6326ca24c130f57d4a3b4c78,2632
revision_outputs/cg_suite/E4_interpolation_sensitivity/spatial_tile/grid_256/rbf/lightgbm/rbf/split_seed_42/target_map.npy,26672cefa670e8fe9bac823023cbd6d892c89d5d54f8079a9913e24d3b87d1c1,262272
revision_outputs/cg_suite/E4_interpolation_sensitivity/spatial_tile/grid_256/rbf/lightgbm/rbf/split_seed_43/binned_error.png,497f43b8bb71f737a0f6280dbdf31f6fb9c2f6b021eb6401d7d607fcc041f2a1,35976
revision_outputs/cg_suite/E4_interpolation_sensitivity/spatial_tile/grid_256/rbf/lightgbm/rbf/split_seed_43/binned_residuals_boxplot.png,d6f703991e9fce3aefb4763160a7a8b6dd0d68bbb9e5219538b48657d5efbd25,58350
revision_outputs/cg_suite/E4_interpolation_sensitivity/spatial_tile/grid_256/rbf/lightgbm/rbf/split_seed_43/config_snapshot.json,f65e0ab0eaa06ed537a43bab00e7540de126da9d32440c0b07caee7eee90599b,1813
revision_outputs/cg_suite/E4_interpolation_sensitivity/spatial_tile/grid_256/rbf/lightgbm/rbf/split_seed_43/lightgbm_model.txt,776ca4bb4ea34a9d0c2ae01c4bd865905e971fdb8eade8568b3c9f091b075a07,461211
revision_outputs/cg_suite/E4_interpolation_sensitivity/spatial_tile/grid_256/rbf/lightgbm/rbf/split_seed_43/metrics.csv,6cde6c19bf4aa04e8c6a7b0bc1a332c8f46e837a9d6771058e4235881e883b3d,443
revision_outputs/cg_suite/E4_interpolation_sensitivity/spatial_tile/grid_256/rbf/lightgbm/rbf/split_seed_43/metrics.json,eecfa9951ab71805177cd0b3dfaa9d4cc57b2c0b1126eab22acb63862ad760f1,583
revision_outputs/cg_suite/E4_interpolation_sensitivity/spatial_tile/grid_256/rbf/lightgbm/rbf/split_seed_43/prediction_map.npy,56efc949891638a792917f2388ca8546e284cf84bb500ed37e1bfb1b2788cb5c,262272
revision_outputs/cg_suite/E4_interpolation_sensitivity/spatial_tile/grid_256/rbf/lightgbm/rbf/split_seed_43/reference_vs_prediction.png,fe909bfb0e130701212092adbfe72b25d8218c6cd15fd54a001ccab09c716fc1,601688
revision_outputs/cg_suite/E4_interpolation_sensitivity/spatial_tile/grid_256/rbf/lightgbm/rbf/split_seed_43/residual_plot.png,f68e0b09f446dc9565fa54bc43485ad7dbb0200148d6d93551fdf74f25e81000,38669
revision_outputs/cg_suite/E4_interpolation_sensitivity/spatial_tile/grid_256/rbf/lightgbm/rbf/split_seed_43/scatter_true_vs_pred.png,365d584512c3588061cf302a2c03a19f0c84b7bf22397b94079771cf65274250,55089
revision_outputs/cg_suite/E4_interpolation_sensitivity/spatial_tile/grid_256/rbf/lightgbm/rbf/split_seed_43/split_masks.npz,8618034f74df22bb8f2b19f0df1ae6a3ec5fcdd02cee9d5e48131dfd5f6ab24b,2642
revision_outputs/cg_suite/E4_interpolation_sensitivity/spatial_tile/grid_256/rbf/lightgbm/rbf/split_seed_43/target_map.npy,26672cefa670e8fe9bac823023cbd6d892c89d5d54f8079a9913e24d3b87d1c1,262272
revision_outputs/cg_suite/E4_interpolation_sensitivity/spatial_tile/grid_256/rbf/lightgbm/rbf/split_seed_44/binned_error.png,34650cdd0af336fc146aecec454f2cdc5f74ec41a23b751d2815775da43720b8,35229
revision_outputs/cg_suite/E4_interpolation_sensitivity/spatial_tile/grid_256/rbf/lightgbm/rbf/split_seed_44/binned_residuals_boxplot.png,261d5c5451e8d40ebc00c68bcbbb356b9f2328d4a12bd589845998b99812d09c,58641
revision_outputs/cg_suite/E4_interpolation_sensitivity/spatial_tile/grid_256/rbf/lightgbm/rbf/split_seed_44/config_snapshot.json,13a326c3031bddd8c293a0e1539ff1a90ce868b94970323e2a44505887e2d7f2,1813
revision_outputs/cg_suite/E4_interpolation_sensitivity/spatial_tile/grid_256/rbf/lightgbm/rbf/split_seed_44/lightgbm_model.txt,19ce671a6015bf1a82824cb3de33b7a973fdd8e88ca277c05530f3b328819bfb,322686
revision_outputs/cg_suite/E4_interpolation_sensitivity/spatial_tile/grid_256/rbf/lightgbm/rbf/split_seed_44/metrics.csv,2c3fe8562a85e69834b04d0ae8be9bd25b45a4fe53eb8e87882b129474a06cb6,444
revision_outputs/cg_suite/E4_interpolation_sensitivity/spatial_tile/grid_256/rbf/lightgbm/rbf/split_seed_44/metrics.json,94046194709d48a3f861a6d3e4144311596b7a39a237a54d2237f39ff36f20fc,584
revision_outputs/cg_suite/E4_interpolation_sensitivity/spatial_tile/grid_256/rbf/lightgbm/rbf/split_seed_44/prediction_map.npy,16c5fef71cf2ff74deb1641b4bb2354b848470f28d73f3d1c8f267828e5b277b,262272
revision_outputs/cg_suite/E4_interpolation_sensitivity/spatial_tile/grid_256/rbf/lightgbm/rbf/split_seed_44/reference_vs_prediction.png,e5832b954a36e9249695be7eb20f6d1dff95f573d9c7b5851ba256ae34359e6d,602527
revision_outputs/cg_suite/E4_interpolation_sensitivity/spatial_tile/grid_256/rbf/lightgbm/rbf/split_seed_44/residual_plot.png,29f03f43e73a3bbb22abf666b2fe328936bf8f6530887ff7ceb4e98e20fb901a,43465
revision_outputs/cg_suite/E4_interpolation_sensitivity/spatial_tile/grid_256/rbf/lightgbm/rbf/split_seed_44/scatter_true_vs_pred.png,3e37e8f36c233e396280cf85d3ad404f09837bb2b935698cabdbbc5fc0641e16,64626
revision_outputs/cg_suite/E4_interpolation_sensitivity/spatial_tile/grid_256/rbf/lightgbm/rbf/split_seed_44/split_masks.npz,b6f77dfdb1a47e344c555f93c1d5e4d6631bc7065b194c0820ab88ab1c96f928,2683
revision_outputs/cg_suite/E4_interpolation_sensitivity/spatial_tile/grid_256/rbf/lightgbm/rbf/split_seed_44/target_map.npy,26672cefa670e8fe9bac823023cbd6d892c89d5d54f8079a9913e24d3b87d1c1,262272
revision_outputs/cg_suite/E4_interpolation_sensitivity/spatial_tile/grid_256/rbf/lightgbm/rbf/split_seed_45/binned_error.png,bbb8aecfedfe64b009b313cbeb956a553e093fbfee7aef0761ba28c806716b46,34335
revision_outputs/cg_suite/E4_interpolation_sensitivity/spatial_tile/grid_256/rbf/lightgbm/rbf/split_seed_45/binned_residuals_boxplot.png,69507d642e79ce27e7342e9cc008c1350bdf059fdc3026aedaa8bc8bfaa74f6f,59696
revision_outputs/cg_suite/E4_interpolation_sensitivity/spatial_tile/grid_256/rbf/lightgbm/rbf/split_seed_45/config_snapshot.json,e0373f0ce89950fa87b760e41ed6ca44246594b206d597c083c0dd6c16cd41ce,1813
revision_outputs/cg_suite/E4_interpolation_sensitivity/spatial_tile/grid_256/rbf/lightgbm/rbf/split_seed_45/lightgbm_model.txt,8f9355b03c8498cf2eed785c0896a93bcd42da376411cdf49cab7838d7d37ed7,210253
revision_outputs/cg_suite/E4_interpolation_sensitivity/spatial_tile/grid_256/rbf/lightgbm/rbf/split_seed_45/metrics.csv,cc9fbf57a18868dab429920f49648b71451f51ec016963023a3b628e0d55a8c2,444
revision_outputs/cg_suite/E4_interpolation_sensitivity/spatial_tile/grid_256/rbf/lightgbm/rbf/split_seed_45/metrics.json,6f76b19b60f526d3fff81970ab8e53e8019d2b5c9f0003d6788a30462cf38112,584
revision_outputs/cg_suite/E4_interpolation_sensitivity/spatial_tile/grid_256/rbf/lightgbm/rbf/split_seed_45/prediction_map.npy,0154c1410c6fdf7c6edc138858cc78ff25a2fd70c89868c0d212e8bd998a5509,262272
revision_outputs/cg_suite/E4_interpolation_sensitivity/spatial_tile/grid_256/rbf/lightgbm/rbf/split_seed_45/reference_vs_prediction.png,a2463220c05a90fdbe1ab221bab40502b5fdd59f637252f0131b13784b35eb54,598110
revision_outputs/cg_suite/E4_interpolation_sensitivity/spatial_tile/grid_256/rbf/lightgbm/rbf/split_seed_45/residual_plot.png,97e08b1032e033beb2e9a6bd2f990b510e60823ae19caf0cec73f525d16791e5,74994
revision_outputs/cg_suite/E4_interpolation_sensitivity/spatial_tile/grid_256/rbf/lightgbm/rbf/split_seed_45/scatter_true_vs_pred.png,c4fabd85b49d314ee86e77ff1f9a3b3affb8d54bef28355dbab970bde2a2cf31,77005
revision_outputs/cg_suite/E4_interpolation_sensitivity/spatial_tile/grid_256/rbf/lightgbm/rbf/split_seed_45/split_masks.npz,9b4d56d755a687cabe862c1bdbbfb32b6fd7d7f5aa302dddb8aaa0730214ad21,2675
revision_outputs/cg_suite/E4_interpolation_sensitivity/spatial_tile/grid_256/rbf/lightgbm/rbf/split_seed_45/target_map.npy,26672cefa670e8fe9bac823023cbd6d892c89d5d54f8079a9913e24d3b87d1c1,262272
revision_outputs/cg_suite/E4_interpolation_sensitivity/spatial_tile/grid_256/rbf/lightgbm/rbf/split_seed_46/binned_error.png,a1de778eebbb53fdbbafa70d576cb583d9f62746ebf23be7fcddc65b0bc78e01,41026
revision_outputs/cg_suite/E4_interpolation_sensitivity/spatial_tile/grid_256/rbf/lightgbm/rbf/split_seed_46/binned_residuals_boxplot.png,c8d07595e9486175f3d3038436edc0434bc1c2be649f7388a1f357562f7977d5,63208
revision_outputs/cg_suite/E4_interpolation_sensitivity/spatial_tile/grid_256/rbf/lightgbm/rbf/split_seed_46/config_snapshot.json,dc93146326bfd0896dd00af956eb11735afd9edddae31e347e7ee91fb954d1c4,1813
revision_outputs/cg_suite/E4_interpolation_sensitivity/spatial_tile/grid_256/rbf/lightgbm/rbf/split_seed_46/lightgbm_model.txt,f5d02de522b8eb1ff1b2cbe4f46783599be98217d318d196f4ff23aeab72dc13,227837
revision_outputs/cg_suite/E4_interpolation_sensitivity/spatial_tile/grid_256/rbf/lightgbm/rbf/split_seed_46/metrics.csv,efa6e354465ad0361fa7e9a82d4588f080dd32f631137dc331077b6570a262c3,446
revision_outputs/cg_suite/E4_interpolation_sensitivity/spatial_tile/grid_256/rbf/lightgbm/rbf/split_seed_46/metrics.json,7bae5a9723e9c50838c39fe7406629a68f3c6654c093b040d22726b851877faf,586
revision_outputs/cg_suite/E4_interpolation_sensitivity/spatial_tile/grid_256/rbf/lightgbm/rbf/split_seed_46/prediction_map.npy,59c395db281e7884e5dc35716401ba3e7cbbc3d0ad9e59e5b76777ece446483c,262272
revision_outputs/cg_suite/E4_interpolation_sensitivity/spatial_tile/grid_256/rbf/lightgbm/rbf/split_seed_46/reference_vs_prediction.png,db9093ca88bc98dae3610022f486851f41b636b8d0eec6ab993b06748f305fd0,599393
revision_outputs/cg_suite/E4_interpolation_sensitivity/spatial_tile/grid_256/rbf/lightgbm/rbf/split_seed_46/residual_plot.png,51177db8b67baebf4c927fa4fb49a681a8f09a40cdd3b4a185ff1357e26f520d,58091
revision_outputs/cg_suite/E4_interpolation_sensitivity/spatial_tile/grid_256/rbf/lightgbm/rbf/split_seed_46/scatter_true_vs_pred.png,a1f11ac5851a1fc1d3883eb0ec6f6152ff33df11053385e15175bbbbc8f4cb39,74703
revision_outputs/cg_suite/E4_interpolation_sensitivity/spatial_tile/grid_256/rbf/lightgbm/rbf/split_seed_46/split_masks.npz,3b3b1964b7db320f14534875802aceb75840c4a5c11d4dd6731d8fe0ce562a42,2784
revision_outputs/cg_suite/E4_interpolation_sensitivity/spatial_tile/grid_256/rbf/lightgbm/rbf/split_seed_46/target_map.npy,26672cefa670e8fe9bac823023cbd6d892c89d5d54f8079a9913e24d3b87d1c1,262272
revision_outputs/cg_suite/E4_interpolation_sensitivity/spatial_tile/grid_256/rbf/persistence/rbf/split_seed_42/binned_error.png,d35b1518e5b3e063abd02ab477f185c7eb5832f9d40d511a816460d9b4e718da,53910
revision_outputs/cg_suite/E4_interpolation_sensitivity/spatial_tile/grid_256/rbf/persistence/rbf/split_seed_42/binned_residuals_boxplot.png,b9ffc4573061f7444a264bb009a6ef1d398446f953ec66a270e7139e7c59bcc0,73366
revision_outputs/cg_suite/E4_interpolation_sensitivity/spatial_tile/grid_256/rbf/persistence/rbf/split_seed_42/config_snapshot.json,57ee6323e75b7ee39288594b3fc90a40cc71bae10ccbebb20c393d7634a4b8a7,1813
revision_outputs/cg_suite/E4_interpolation_sensitivity/spatial_tile/grid_256/rbf/persistence/rbf/split_seed_42/last_input_map.npy,313fb279059e5c55bf7cf26f76a448f45faa18c4db77d0686103a0e582b877af,262272
revision_outputs/cg_suite/E4_interpolation_sensitivity/spatial_tile/grid_256/rbf/persistence/rbf/split_seed_42/metrics.csv,919ec5c19ba513fa0c5740fae0d6ccd054b3e009261d3e487c2bc974ea7a6689,658
revision_outputs/cg_suite/E4_interpolation_sensitivity/spatial_tile/grid_256/rbf/persistence/rbf/split_seed_42/metrics.json,1d0f9297330941188193715fad9fbdb29597556e6c43728ccfa3ccb584af53e6,849
revision_outputs/cg_suite/E4_interpolation_sensitivity/spatial_tile/grid_256/rbf/persistence/rbf/split_seed_42/prediction_map.npy,313fb279059e5c55bf7cf26f76a448f45faa18c4db77d0686103a0e582b877af,262272
revision_outputs/cg_suite/E4_interpolation_sensitivity/spatial_tile/grid_256/rbf/persistence/rbf/split_seed_42/reference_vs_prediction.png,fd460d308522db2f686f1c4b5971e83e96351d64dadb9a00bcd799fabc5bff07,609612
revision_outputs/cg_suite/E4_interpolation_sensitivity/spatial_tile/grid_256/rbf/persistence/rbf/split_seed_42/residual_plot.png,d2fd4dfbea4392d44256e69555e3573d381516afa14e6b8fd0d7a167a91bf24b,76445
revision_outputs/cg_suite/E4_interpolation_sensitivity/spatial_tile/grid_256/rbf/persistence/rbf/split_seed_42/scatter_true_vs_pred.png,3237ca5a679cdb22b8c6678055762d48d6b5b5480ea945833dcb21b67c161b13,77700
revision_outputs/cg_suite/E4_interpolation_sensitivity/spatial_tile/grid_256/rbf/persistence/rbf/split_seed_42/split_masks.npz,a179309a12a5b41eb9f99bac78a2c1982728c3aa6326ca24c130f57d4a3b4c78,2632
revision_outputs/cg_suite/E4_interpolation_sensitivity/spatial_tile/grid_256/rbf/persistence/rbf/split_seed_42/target_map.npy,26672cefa670e8fe9bac823023cbd6d892c89d5d54f8079a9913e24d3b87d1c1,262272
revision_outputs/cg_suite/E4_interpolation_sensitivity/spatial_tile/grid_256/rbf/persistence/rbf/split_seed_43/binned_error.png,60609876ab51b70e9a3485a1bc773dec7f1240223a0bb83142f509fa29eff22a,47335
revision_outputs/cg_suite/E4_interpolation_sensitivity/spatial_tile/grid_256/rbf/persistence/rbf/split_seed_43/binned_residuals_boxplot.png,3b9a0cdb1c4aefda31774541dcbd090063a8dce8976a36b88ce8879588058f3e,58046
revision_outputs/cg_suite/E4_interpolation_sensitivity/spatial_tile/grid_256/rbf/persistence/rbf/split_seed_43/config_snapshot.json,f65e0ab0eaa06ed537a43bab00e7540de126da9d32440c0b07caee7eee90599b,1813
revision_outputs/cg_suite/E4_interpolation_sensitivity/spatial_tile/grid_256/rbf/persistence/rbf/split_seed_43/last_input_map.npy,313fb279059e5c55bf7cf26f76a448f45faa18c4db77d0686103a0e582b877af,262272
revision_outputs/cg_suite/E4_interpolation_sensitivity/spatial_tile/grid_256/rbf/persistence/rbf/split_seed_43/metrics.csv,9293f55e5bf4de90f957c0ed4f0faf492c5e98588eb76c094dc3284f6b46cf24,658
revision_outputs/cg_suite/E4_interpolation_sensitivity/spatial_tile/grid_256/rbf/persistence/rbf/split_seed_43/metrics.json,f08b6e60e4995579438823f056620d39e07f2a9dd0a44d2ba2387bf498d30b28,849
revision_outputs/cg_suite/E4_interpolation_sensitivity/spatial_tile/grid_256/rbf/persistence/rbf/split_seed_43/prediction_map.npy,313fb279059e5c55bf7cf26f76a448f45faa18c4db77d0686103a0e582b877af,262272
revision_outputs/cg_suite/E4_interpolation_sensitivity/spatial_tile/grid_256/rbf/persistence/rbf/split_seed_43/reference_vs_prediction.png,fd460d308522db2f686f1c4b5971e83e96351d64dadb9a00bcd799fabc5bff07,609612
revision_outputs/cg_suite/E4_interpolation_sensitivity/spatial_tile/grid_256/rbf/persistence/rbf/split_seed_43/residual_plot.png,7f7d0ef5dfbef2bbe7635a5d7de51f03e55a1046164941e8bd85aed5ad5dc05e,58363
revision_outputs/cg_suite/E4_interpolation_sensitivity/spatial_tile/grid_256/rbf/persistence/rbf/split_seed_43/scatter_true_vs_pred.png,1191f0b5356e61141baabe1a33c66a0bdfdd3277ed8c02941428d3614a463129,55261
revision_outputs/cg_suite/E4_interpolation_sensitivity/spatial_tile/grid_256/rbf/persistence/rbf/split_seed_43/split_masks.npz,8618034f74df22bb8f2b19f0df1ae6a3ec5fcdd02cee9d5e48131dfd5f6ab24b,2642
revision_outputs/cg_suite/E4_interpolation_sensitivity/spatial_tile/grid_256/rbf/persistence/rbf/split_seed_43/target_map.npy,26672cefa670e8fe9bac823023cbd6d892c89d5d54f8079a9913e24d3b87d1c1,262272
revision_outputs/cg_suite/E4_interpolation_sensitivity/spatial_tile/grid_256/rbf/persistence/rbf/split_seed_44/binned_error.png,15ab220b20f236d566d47f3dc371d55913bf26388178cf1decd7f0dc1d5308ef,42618
revision_outputs/cg_suite/E4_interpolation_sensitivity/spatial_tile/grid_256/rbf/persistence/rbf/split_seed_44/binned_residuals_boxplot.png,4bfd76a8a0b630632d58605341a53e692edaef6b9f9e4dde364f552b0066d32e,68956
revision_outputs/cg_suite/E4_interpolation_sensitivity/spatial_tile/grid_256/rbf/persistence/rbf/split_seed_44/config_snapshot.json,13a326c3031bddd8c293a0e1539ff1a90ce868b94970323e2a44505887e2d7f2,1813
revision_outputs/cg_suite/E4_interpolation_sensitivity/spatial_tile/grid_256/rbf/persistence/rbf/split_seed_44/last_input_map.npy,313fb279059e5c55bf7cf26f76a448f45faa18c4db77d0686103a0e582b877af,262272
revision_outputs/cg_suite/E4_interpolation_sensitivity/spatial_tile/grid_256/rbf/persistence/rbf/split_seed_44/metrics.csv,ccef001e999b9e29f334a710c2733a99a8fefa9f2df83908a4b9700cd18b5649,659
revision_outputs/cg_suite/E4_interpolation_sensitivity/spatial_tile/grid_256/rbf/persistence/rbf/split_seed_44/metrics.json,d5ca82fff8f0ecbfd1878caad438d0150fe4e82c0aa119f2b6d016bd96ce3265,850
revision_outputs/cg_suite/E4_interpolation_sensitivity/spatial_tile/grid_256/rbf/persistence/rbf/split_seed_44/prediction_map.npy,313fb279059e5c55bf7cf26f76a448f45faa18c4db77d0686103a0e582b877af,262272
revision_outputs/cg_suite/E4_interpolation_sensitivity/spatial_tile/grid_256/rbf/persistence/rbf/split_seed_44/reference_vs_prediction.png,fd460d308522db2f686f1c4b5971e83e96351d64dadb9a00bcd799fabc5bff07,609612
revision_outputs/cg_suite/E4_interpolation_sensitivity/spatial_tile/grid_256/rbf/persistence/rbf/split_seed_44/residual_plot.png,0254164b76a517a74800c2e99bab8f9bf328395107424e9a4909f767226fa6bd,75494
revision_outputs/cg_suite/E4_interpolation_sensitivity/spatial_tile/grid_256/rbf/persistence/rbf/split_seed_44/scatter_true_vs_pred.png,8a68499bdddb7b052912ac8a8e74303b6e5ad4464f48d47d13ec0cc93bf32019,64762
revision_outputs/cg_suite/E4_interpolation_sensitivity/spatial_tile/grid_256/rbf/persistence/rbf/split_seed_44/split_masks.npz,b6f77dfdb1a47e344c555f93c1d5e4d6631bc7065b194c0820ab88ab1c96f928,2683
revision_outputs/cg_suite/E4_interpolation_sensitivity/spatial_tile/grid_256/rbf/persistence/rbf/split_seed_44/target_map.npy,26672cefa670e8fe9bac823023cbd6d892c89d5d54f8079a9913e24d3b87d1c1,262272
revision_outputs/cg_suite/E4_interpolation_sensitivity/spatial_tile/grid_256/rbf/persistence/rbf/split_seed_45/binned_error.png,76291c919cdc4748d8b7e9767b8ef0cd2c75eafc8ff2932cdba8aec7111994dd,43944
revision_outputs/cg_suite/E4_interpolation_sensitivity/spatial_tile/grid_256/rbf/persistence/rbf/split_seed_45/binned_residuals_boxplot.png,105434223eda671c54ff76c46996f177ad1816c3c0c567bd942cd8063f35ca07,68466
revision_outputs/cg_suite/E4_interpolation_sensitivity/spatial_tile/grid_256/rbf/persistence/rbf/split_seed_45/config_snapshot.json,e0373f0ce89950fa87b760e41ed6ca44246594b206d597c083c0dd6c16cd41ce,1813
revision_outputs/cg_suite/E4_interpolation_sensitivity/spatial_tile/grid_256/rbf/persistence/rbf/split_seed_45/last_input_map.npy,313fb279059e5c55bf7cf26f76a448f45faa18c4db77d0686103a0e582b877af,262272
revision_outputs/cg_suite/E4_interpolation_sensitivity/spatial_tile/grid_256/rbf/persistence/rbf/split_seed_45/metrics.csv,dbed7f27bbb69a7e179f806091a77a292ffb31eda615d5a8d322a8508723e8ec,656
revision_outputs/cg_suite/E4_interpolation_sensitivity/spatial_tile/grid_256/rbf/persistence/rbf/split_seed_45/metrics.json,3082ca1f84a56bc9beae414b3bedcd9aea6da2b442978d6a73076480fda1bca4,847
revision_outputs/cg_suite/E4_interpolation_sensitivity/spatial_tile/grid_256/rbf/persistence/rbf/split_seed_45/prediction_map.npy,313fb279059e5c55bf7cf26f76a448f45faa18c4db77d0686103a0e582b877af,262272
revision_outputs/cg_suite/E4_interpolation_sensitivity/spatial_tile/grid_256/rbf/persistence/rbf/split_seed_45/reference_vs_prediction.png,fd460d308522db2f686f1c4b5971e83e96351d64dadb9a00bcd799fabc5bff07,609612
revision_outputs/cg_suite/E4_interpolation_sensitivity/spatial_tile/grid_256/rbf/persistence/rbf/split_seed_45/residual_plot.png,d0479b9112b419f205d3c62a2498bcf4358b33fdff083185f6cdce915a4cb51f,89945
revision_outputs/cg_suite/E4_interpolation_sensitivity/spatial_tile/grid_256/rbf/persistence/rbf/split_seed_45/scatter_true_vs_pred.png,c2283ff058eea0eeea5f3382fcb0667787ec9ab7eac18d919a45b5de38c628c4,80084
revision_outputs/cg_suite/E4_interpolation_sensitivity/spatial_tile/grid_256/rbf/persistence/rbf/split_seed_45/split_masks.npz,9b4d56d755a687cabe862c1bdbbfb32b6fd7d7f5aa302dddb8aaa0730214ad21,2675
revision_outputs/cg_suite/E4_interpolation_sensitivity/spatial_tile/grid_256/rbf/persistence/rbf/split_seed_45/target_map.npy,26672cefa670e8fe9bac823023cbd6d892c89d5d54f8079a9913e24d3b87d1c1,262272
revision_outputs/cg_suite/E4_interpolation_sensitivity/spatial_tile/grid_256/rbf/persistence/rbf/split_seed_46/binned_error.png,0722d408c2929d4b190cc101db922e860f830190398d3e53270ae7833f9c93ca,48847
revision_outputs/cg_suite/E4_interpolation_sensitivity/spatial_tile/grid_256/rbf/persistence/rbf/split_seed_46/binned_residuals_boxplot.png,b1c84e04315e4e65fba001d5393c5b50aab4b8493bf8cf909d22bda77dd54f51,65256
revision_outputs/cg_suite/E4_interpolation_sensitivity/spatial_tile/grid_256/rbf/persistence/rbf/split_seed_46/config_snapshot.json,dc93146326bfd0896dd00af956eb11735afd9edddae31e347e7ee91fb954d1c4,1813
revision_outputs/cg_suite/E4_interpolation_sensitivity/spatial_tile/grid_256/rbf/persistence/rbf/split_seed_46/last_input_map.npy,313fb279059e5c55bf7cf26f76a448f45faa18c4db77d0686103a0e582b877af,262272
revision_outputs/cg_suite/E4_interpolation_sensitivity/spatial_tile/grid_256/rbf/persistence/rbf/split_seed_46/metrics.csv,4d015d3099732b3ed03f1adadcb46bc65e500a5c718d0ef37bb310b676d7d206,657
revision_outputs/cg_suite/E4_interpolation_sensitivity/spatial_tile/grid_256/rbf/persistence/rbf/split_seed_46/metrics.json,f5a615faf3ceec8b43507ce24889dfc82ce64357e5570c646b32a0e1464e9e0b,848
revision_outputs/cg_suite/E4_interpolation_sensitivity/spatial_tile/grid_256/rbf/persistence/rbf/split_seed_46/prediction_map.npy,313fb279059e5c55bf7cf26f76a448f45faa18c4db77d0686103a0e582b877af,262272
revision_outputs/cg_suite/E4_interpolation_sensitivity/spatial_tile/grid_256/rbf/persistence/rbf/split_seed_46/reference_vs_prediction.png,fd460d308522db2f686f1c4b5971e83e96351d64dadb9a00bcd799fabc5bff07,609612
revision_outputs/cg_suite/E4_interpolation_sensitivity/spatial_tile/grid_256/rbf/persistence/rbf/split_seed_46/residual_plot.png,531e38c3e31bf9147f6c58f41fc723aad39f50b3e1b26c19493febecd460358a,86191
revision_outputs/cg_suite/E4_interpolation_sensitivity/spatial_tile/grid_256/rbf/persistence/rbf/split_seed_46/scatter_true_vs_pred.png,89d3660e6204e53fef3bb55e446473f3b4d9768b5597a395fd2ad16da708009a,90230
revision_outputs/cg_suite/E4_interpolation_sensitivity/spatial_tile/grid_256/rbf/persistence/rbf/split_seed_46/split_masks.npz,3b3b1964b7db320f14534875802aceb75840c4a5c11d4dd6731d8fe0ce562a42,2784
revision_outputs/cg_suite/E4_interpolation_sensitivity/spatial_tile/grid_256/rbf/persistence/rbf/split_seed_46/target_map.npy,26672cefa670e8fe9bac823023cbd6d892c89d5d54f8079a9913e24d3b87d1c1,262272
revision_outputs/cg_suite/E4_interpolation_sensitivity/spatial_tile/grid_256/target_field_deltas.csv,576d21ab401b227b7720f11f6c4377d5a8a3dd76b24dbc8cb770d7936da4d231,268
revision_outputs/cg_suite/E5_split_comparison/grid_256/random_pixel/cnn_lstm_maskaware/linear/split_seed_42/binned_error.png,1ea184d086a081d5c766bc338d5ffc90981490040854d1d30bca4e096ac8b3ce,35927
revision_outputs/cg_suite/E5_split_comparison/grid_256/random_pixel/cnn_lstm_maskaware/linear/split_seed_42/binned_residuals_boxplot.png,1dbb3773f5b0c5474e9c23f7d60e98e519a46b1d39ea099ca7e9d9c44f66932f,54975
revision_outputs/cg_suite/E5_split_comparison/grid_256/random_pixel/cnn_lstm_maskaware/linear/split_seed_42/config_snapshot.json,349835299905cfba767575d0db53c09b44e46c97797d2111d23185eb06779243,1802
revision_outputs/cg_suite/E5_split_comparison/grid_256/random_pixel/cnn_lstm_maskaware/linear/split_seed_42/last_input_map.npy,9a48065e98df9bb0200b16e885c5e0f98373d92e1fd0195829a8f8628f9ede66,262272
revision_outputs/cg_suite/E5_split_comparison/grid_256/random_pixel/cnn_lstm_maskaware/linear/split_seed_42/metrics.csv,243781ee059ef7a6f9efb35539397b27a841601b55ad473abf5e7acbd1e0366d,783
revision_outputs/cg_suite/E5_split_comparison/grid_256/random_pixel/cnn_lstm_maskaware/linear/split_seed_42/metrics.json,4294ef8c2848b9ce6dae6e70c45753d399acef62c59f9c0895a186ebb0a650d0,1013
revision_outputs/cg_suite/E5_split_comparison/grid_256/random_pixel/cnn_lstm_maskaware/linear/split_seed_42/prediction_map.npy,2168b0cf75d513b323e84722c5f83c17cfa2e516d37d0590a3b9249cefb6f7a0,262272
revision_outputs/cg_suite/E5_split_comparison/grid_256/random_pixel/cnn_lstm_maskaware/linear/split_seed_42/reference_vs_prediction.png,cbc2716bd60d6613975d326b8ae0364c1052fd451a8e6a41f0ede7063f8a8b1f,410239
revision_outputs/cg_suite/E5_split_comparison/grid_256/random_pixel/cnn_lstm_maskaware/linear/split_seed_42/residual_plot.png,73a2bf6c3e2fea0b3883ba6f0f12ff2933559105295b346a5e42a181997d28d4,36568
revision_outputs/cg_suite/E5_split_comparison/grid_256/random_pixel/cnn_lstm_maskaware/linear/split_seed_42/scatter_true_vs_pred.png,b9c13f49bbb47a439415b2301fbd9d7b2dcbe41148b664cd216253257f942e6d,48373
revision_outputs/cg_suite/E5_split_comparison/grid_256/random_pixel/cnn_lstm_maskaware/linear/split_seed_42/split_masks.npz,254d6b4608a8e5813ab9cc3404f3e46ac968ab22fefebb49c675be34c38a9cbb,25862
revision_outputs/cg_suite/E5_split_comparison/grid_256/random_pixel/cnn_lstm_maskaware/linear/split_seed_42/target_map.npy,1e59eb26cb015535fc837f588d10b6c675b78ad23f6259fdd0725a814f18b221,262272
revision_outputs/cg_suite/E5_split_comparison/grid_256/random_pixel/cnn_lstm_maskaware/linear/split_seed_42/training_history.csv,a9ec36e7e3eb27f4d160cd14207ca9a42ef447e2c841069b1cf1e6698ed905ce,482
revision_outputs/cg_suite/E5_split_comparison/grid_256/random_pixel/cnn_lstm_maskaware/linear/split_seed_43/binned_error.png,17ae465c2f1ffa9bbee542042d8efc4a560985f2401749e37dfadeb3debbff1b,41687
revision_outputs/cg_suite/E5_split_comparison/grid_256/random_pixel/cnn_lstm_maskaware/linear/split_seed_43/binned_residuals_boxplot.png,a371229dd7178b916bf413479aa62cda34c66f3176e324d0a07639f03c16100c,52836
revision_outputs/cg_suite/E5_split_comparison/grid_256/random_pixel/cnn_lstm_maskaware/linear/split_seed_43/config_snapshot.json,549000215d758c136cc6b3f7b75f9b51b14f5e26a781e8a5c73213343ba9422b,1802
revision_outputs/cg_suite/E5_split_comparison/grid_256/random_pixel/cnn_lstm_maskaware/linear/split_seed_43/last_input_map.npy,9a48065e98df9bb0200b16e885c5e0f98373d92e1fd0195829a8f8628f9ede66,262272
revision_outputs/cg_suite/E5_split_comparison/grid_256/random_pixel/cnn_lstm_maskaware/linear/split_seed_43/metrics.csv,de0a9a90451efc9ea4cfc50bdeb306e14d08c89cabd6c8b12b60983aa20a001c,784
revision_outputs/cg_suite/E5_split_comparison/grid_256/random_pixel/cnn_lstm_maskaware/linear/split_seed_43/metrics.json,c0faa811baefcdde6dfb957bd3cae81b27f909909a2ce2bcd86f3c49c7af9b25,1014
revision_outputs/cg_suite/E5_split_comparison/grid_256/random_pixel/cnn_lstm_maskaware/linear/split_seed_43/prediction_map.npy,93c092f70c631a97aff8fefade8bd05981440a203feb97e83634e10960b52c22,262272
revision_outputs/cg_suite/E5_split_comparison/grid_256/random_pixel/cnn_lstm_maskaware/linear/split_seed_43/reference_vs_prediction.png,425dbd5ef778a918ab0142f4345a6f3008832d5014467f9e737eed7ead568ba6,396282
revision_outputs/cg_suite/E5_split_comparison/grid_256/random_pixel/cnn_lstm_maskaware/linear/split_seed_43/residual_plot.png,d1667d67fda48c72312e22fcee911c3eaeec593c2b976f1f7fe80d7b0180cae7,35190
revision_outputs/cg_suite/E5_split_comparison/grid_256/random_pixel/cnn_lstm_maskaware/linear/split_seed_43/scatter_true_vs_pred.png,feadd65321e39d3de63b4ab1184bae0a4736fcf9954f7d6e75adce421076fc8a,47968
revision_outputs/cg_suite/E5_split_comparison/grid_256/random_pixel/cnn_lstm_maskaware/linear/split_seed_43/split_masks.npz,00cfcdb36bafd689fc52e03bb8e4b39c2fa403d1c32a8e0ddef338fa699b692d,25858
revision_outputs/cg_suite/E5_split_comparison/grid_256/random_pixel/cnn_lstm_maskaware/linear/split_seed_43/target_map.npy,1e59eb26cb015535fc837f588d10b6c675b78ad23f6259fdd0725a814f18b221,262272
revision_outputs/cg_suite/E5_split_comparison/grid_256/random_pixel/cnn_lstm_maskaware/linear/split_seed_43/training_history.csv,0d14654e87ad0564bb884066f72dc504d32a27be0e42d96c5eec66c72125efe7,482
revision_outputs/cg_suite/E5_split_comparison/grid_256/random_pixel/cnn_lstm_maskaware/linear/split_seed_44/binned_error.png,b7fabddccba9711f9fbf7cb19591144b0454dd0e2b0ae2e02da80fb75352044a,41760
revision_outputs/cg_suite/E5_split_comparison/grid_256/random_pixel/cnn_lstm_maskaware/linear/split_seed_44/binned_residuals_boxplot.png,bfce32e72f42b2b3fd8cd8ad050f328e41190cf3e55939fd7610c4e75a39aeff,51481
revision_outputs/cg_suite/E5_split_comparison/grid_256/random_pixel/cnn_lstm_maskaware/linear/split_seed_44/config_snapshot.json,7dc4a5092320297caf53ccb1b6d0ed5e0eb893e4e93534924d74e04b365b680c,1802
revision_outputs/cg_suite/E5_split_comparison/grid_256/random_pixel/cnn_lstm_maskaware/linear/split_seed_44/last_input_map.npy,9a48065e98df9bb0200b16e885c5e0f98373d92e1fd0195829a8f8628f9ede66,262272
revision_outputs/cg_suite/E5_split_comparison/grid_256/random_pixel/cnn_lstm_maskaware/linear/split_seed_44/metrics.csv,c48afd9b1e9b535bbd55fb0bd99e0bbd180ca89084c3ba8e09e2eeecc10970d9,785
revision_outputs/cg_suite/E5_split_comparison/grid_256/random_pixel/cnn_lstm_maskaware/linear/split_seed_44/metrics.json,af19faa12c23f0e547eb3c87c5fe05552cc1163442d0ee213d9bf41623e416fa,1015
revision_outputs/cg_suite/E5_split_comparison/grid_256/random_pixel/cnn_lstm_maskaware/linear/split_seed_44/prediction_map.npy,6c14005a8c1f6c4571bf0c28a06a7b2ca682ecd396609c466efad3824560e046,262272
revision_outputs/cg_suite/E5_split_comparison/grid_256/random_pixel/cnn_lstm_maskaware/linear/split_seed_44/reference_vs_prediction.png,a800118c1e94823c0674c9623f3f78b10db8d8094a13b6f5f0b678f230f508d3,382183
revision_outputs/cg_suite/E5_split_comparison/grid_256/random_pixel/cnn_lstm_maskaware/linear/split_seed_44/residual_plot.png,4894efb746c7015c73b7d7ad749ad1c5b0cb4cad11b630e431170ccedf656994,34988
revision_outputs/cg_suite/E5_split_comparison/grid_256/random_pixel/cnn_lstm_maskaware/linear/split_seed_44/scatter_true_vs_pred.png,77dfbdba21d1e1eaf7b00ab21d2cace3d30940693f6fb18463cf118d17f62254,47475
revision_outputs/cg_suite/E5_split_comparison/grid_256/random_pixel/cnn_lstm_maskaware/linear/split_seed_44/split_masks.npz,4c5c632eb9e40372112f1f3e9088de924e7e8c5d196741afa4723e670622058c,25857
revision_outputs/cg_suite/E5_split_comparison/grid_256/random_pixel/cnn_lstm_maskaware/linear/split_seed_44/target_map.npy,1e59eb26cb015535fc837f588d10b6c675b78ad23f6259fdd0725a814f18b221,262272
revision_outputs/cg_suite/E5_split_comparison/grid_256/random_pixel/cnn_lstm_maskaware/linear/split_seed_44/training_history.csv,dacb5131b303ff011f93628e20400b64a2fa5f6f93d72c9517953e7b4644220e,569
revision_outputs/cg_suite/E5_split_comparison/grid_256/random_pixel/cnn_lstm_maskaware/linear/split_seed_45/binned_error.png,d886c63fd889dae7dc49c68e82374a418b997eefbd51c031eea127a49356345f,40122
revision_outputs/cg_suite/E5_split_comparison/grid_256/random_pixel/cnn_lstm_maskaware/linear/split_seed_45/binned_residuals_boxplot.png,486b378b591c8821e670d722b5e38c9e244e4aa877b7a7b5fa37d933433f3169,58085
revision_outputs/cg_suite/E5_split_comparison/grid_256/random_pixel/cnn_lstm_maskaware/linear/split_seed_45/config_snapshot.json,8b08e0e0687fad84332bda741a11aa7dbcfe9e0bb12d4e2c7cf70f745d428dd9,1802
revision_outputs/cg_suite/E5_split_comparison/grid_256/random_pixel/cnn_lstm_maskaware/linear/split_seed_45/last_input_map.npy,9a48065e98df9bb0200b16e885c5e0f98373d92e1fd0195829a8f8628f9ede66,262272
revision_outputs/cg_suite/E5_split_comparison/grid_256/random_pixel/cnn_lstm_maskaware/linear/split_seed_45/metrics.csv,376115590e3b4c156d1892f770e989579bba5bb56b903608620b1a2e64c3ae8b,786
revision_outputs/cg_suite/E5_split_comparison/grid_256/random_pixel/cnn_lstm_maskaware/linear/split_seed_45/metrics.json,4361fb5eddbff8a50116daf0ac90a20f66bd8bff9172a2db583a43442464f0ec,1016
revision_outputs/cg_suite/E5_split_comparison/grid_256/random_pixel/cnn_lstm_maskaware/linear/split_seed_45/prediction_map.npy,a942baea18bf7c92ba567e7f572e536fc7ce9667ae47886dfbf8638b89762cd2,262272
revision_outputs/cg_suite/E5_split_comparison/grid_256/random_pixel/cnn_lstm_maskaware/linear/split_seed_45/reference_vs_prediction.png,f3108b1955176dabd75a547c33124cd6df5ebac033d03bd7915b1e094fb43a3d,406158
revision_outputs/cg_suite/E5_split_comparison/grid_256/random_pixel/cnn_lstm_maskaware/linear/split_seed_45/residual_plot.png,848301cba3c415f2299d7ea1271cd1d0ada836610d0a74eac9f115e0939e3f8f,36010
revision_outputs/cg_suite/E5_split_comparison/grid_256/random_pixel/cnn_lstm_maskaware/linear/split_seed_45/scatter_true_vs_pred.png,5b2a375974f1ae2bd8ff0aaa9a093e9a0c3ffee0447feb71a2354df0d16f52e9,49548
revision_outputs/cg_suite/E5_split_comparison/grid_256/random_pixel/cnn_lstm_maskaware/linear/split_seed_45/split_masks.npz,3b850792d087bf997567aed3978c1b6848353694c3c94136c9180f8c3c951cba,25870
revision_outputs/cg_suite/E5_split_comparison/grid_256/random_pixel/cnn_lstm_maskaware/linear/split_seed_45/target_map.npy,1e59eb26cb015535fc837f588d10b6c675b78ad23f6259fdd0725a814f18b221,262272
revision_outputs/cg_suite/E5_split_comparison/grid_256/random_pixel/cnn_lstm_maskaware/linear/split_seed_45/training_history.csv,c57189430c1e5e9d7b00128cda29856db53c7d576b6c364cc2dcc39cd7e2e9df,488
revision_outputs/cg_suite/E5_split_comparison/grid_256/random_pixel/cnn_lstm_maskaware/linear/split_seed_46/binned_error.png,286ec0737da90b72838b8b8f13dd22a6cde26306b7c57a76676bd05a46fb05fb,36417
revision_outputs/cg_suite/E5_split_comparison/grid_256/random_pixel/cnn_lstm_maskaware/linear/split_seed_46/binned_residuals_boxplot.png,c4dfb26b624ea63917fdf195fa0d633df6ccd722bad8c8b75e8a51d6361b9ff3,54786
revision_outputs/cg_suite/E5_split_comparison/grid_256/random_pixel/cnn_lstm_maskaware/linear/split_seed_46/config_snapshot.json,77d12f02fd10e02036be0881ebdbd0bb6c5164c3dfc645a00fefd58aa342b158,1802
revision_outputs/cg_suite/E5_split_comparison/grid_256/random_pixel/cnn_lstm_maskaware/linear/split_seed_46/last_input_map.npy,9a48065e98df9bb0200b16e885c5e0f98373d92e1fd0195829a8f8628f9ede66,262272
revision_outputs/cg_suite/E5_split_comparison/grid_256/random_pixel/cnn_lstm_maskaware/linear/split_seed_46/metrics.csv,3d66f0b03f45ed2712cdc711cf99f620cb4a5ff6944992d37acad439edf48b9e,782
revision_outputs/cg_suite/E5_split_comparison/grid_256/random_pixel/cnn_lstm_maskaware/linear/split_seed_46/metrics.json,0466947482440b2bd88e7d7dd847eeedf35ee79980420349ad89a945b5946b50,1012
revision_outputs/cg_suite/E5_split_comparison/grid_256/random_pixel/cnn_lstm_maskaware/linear/split_seed_46/prediction_map.npy,301b6c1cc1b25f2eda4b5347b36ea5be61ff6bd7e82988229fe332510f4430b4,262272
revision_outputs/cg_suite/E5_split_comparison/grid_256/random_pixel/cnn_lstm_maskaware/linear/split_seed_46/reference_vs_prediction.png,c140683d72ec3de8c23f02ece061db315c7517121c8112b3fcfe0fb2050ff7bd,410319
revision_outputs/cg_suite/E5_split_comparison/grid_256/random_pixel/cnn_lstm_maskaware/linear/split_seed_46/residual_plot.png,b0586b95c8b6569b627d8844c9e16bb5d636fa967000024e8bb70e59294f8a6d,32603
revision_outputs/cg_suite/E5_split_comparison/grid_256/random_pixel/cnn_lstm_maskaware/linear/split_seed_46/scatter_true_vs_pred.png,3a177414a5db2927b27f0aa4cd6db1ebe0d25864f93cfd7a8d7d0d0949b3f2dc,45170
revision_outputs/cg_suite/E5_split_comparison/grid_256/random_pixel/cnn_lstm_maskaware/linear/split_seed_46/split_masks.npz,45f90f8c5b34b4e4e54ac690e137c639c844e127c102339057807f32f945f42b,25938
revision_outputs/cg_suite/E5_split_comparison/grid_256/random_pixel/cnn_lstm_maskaware/linear/split_seed_46/target_map.npy,1e59eb26cb015535fc837f588d10b6c675b78ad23f6259fdd0725a814f18b221,262272
revision_outputs/cg_suite/E5_split_comparison/grid_256/random_pixel/cnn_lstm_maskaware/linear/split_seed_46/training_history.csv,9abd2178da90c885600ef06aa0da4db0b5c4d2021195d272f598b63cd06d7294,610
revision_outputs/cg_suite/E5_split_comparison/grid_256/random_pixel/cnn_tcn/linear/split_seed_42/binned_error.png,805bea90ff85742591220b334ff871aa72042d2379acb12024fe14705960ecdf,36024
revision_outputs/cg_suite/E5_split_comparison/grid_256/random_pixel/cnn_tcn/linear/split_seed_42/binned_residuals_boxplot.png,02fbf0b9eaa0e12687bcf8383ae153af46d096b1347db28dbffd514bd7f16994,55051
revision_outputs/cg_suite/E5_split_comparison/grid_256/random_pixel/cnn_tcn/linear/split_seed_42/config_snapshot.json,349835299905cfba767575d0db53c09b44e46c97797d2111d23185eb06779243,1802
revision_outputs/cg_suite/E5_split_comparison/grid_256/random_pixel/cnn_tcn/linear/split_seed_42/last_input_map.npy,9a48065e98df9bb0200b16e885c5e0f98373d92e1fd0195829a8f8628f9ede66,262272
revision_outputs/cg_suite/E5_split_comparison/grid_256/random_pixel/cnn_tcn/linear/split_seed_42/metrics.csv,61fff61b5dcb2b0bdcc413b0e51aa5d20408aafffeb1a4ccc68e13aa8c85306c,772
revision_outputs/cg_suite/E5_split_comparison/grid_256/random_pixel/cnn_tcn/linear/split_seed_42/metrics.json,3d20ce49a81d7156b76376773b253a1b8ec218baf9bfeca99ec75ce350632175,1002
revision_outputs/cg_suite/E5_split_comparison/grid_256/random_pixel/cnn_tcn/linear/split_seed_42/prediction_map.npy,4e1f5b7e5cc4bce1780903606d1515dd046aa2b3be27f36a947e85d686727a15,262272
revision_outputs/cg_suite/E5_split_comparison/grid_256/random_pixel/cnn_tcn/linear/split_seed_42/reference_vs_prediction.png,0d11fd6d63a396de8d558afb5ad07f44635f269f3c77bcb593221c9c4c70cc75,320570
revision_outputs/cg_suite/E5_split_comparison/grid_256/random_pixel/cnn_tcn/linear/split_seed_42/residual_plot.png,8cc6556fee2f861583e2da29b7c0f6d199881c09cdae27434ac54f787bca2fd0,35319
revision_outputs/cg_suite/E5_split_comparison/grid_256/random_pixel/cnn_tcn/linear/split_seed_42/scatter_true_vs_pred.png,0a3ba9dd1a7c82e44827689cffa6876be7a831427e16edbe684f076e1e495b43,46085
revision_outputs/cg_suite/E5_split_comparison/grid_256/random_pixel/cnn_tcn/linear/split_seed_42/split_masks.npz,254d6b4608a8e5813ab9cc3404f3e46ac968ab22fefebb49c675be34c38a9cbb,25862
revision_outputs/cg_suite/E5_split_comparison/grid_256/random_pixel/cnn_tcn/linear/split_seed_42/target_map.npy,1e59eb26cb015535fc837f588d10b6c675b78ad23f6259fdd0725a814f18b221,262272
revision_outputs/cg_suite/E5_split_comparison/grid_256/random_pixel/cnn_tcn/linear/split_seed_42/training_history.csv,c36f282c340df4a57c493d3548010a6920172c2532203763defb7bb0af9e9cfb,485
revision_outputs/cg_suite/E5_split_comparison/grid_256/random_pixel/cnn_tcn/linear/split_seed_43/binned_error.png,abe9d53bc7be7efe9d657dc39e7dee4534114aac47992727219bfa408785f669,41904
revision_outputs/cg_suite/E5_split_comparison/grid_256/random_pixel/cnn_tcn/linear/split_seed_43/binned_residuals_boxplot.png,cc4dbec9dd05d2dc1cf3ed54560058eb5cfeaa3c8f1056c19d68480545e5f0b3,51509
revision_outputs/cg_suite/E5_split_comparison/grid_256/random_pixel/cnn_tcn/linear/split_seed_43/config_snapshot.json,549000215d758c136cc6b3f7b75f9b51b14f5e26a781e8a5c73213343ba9422b,1802
revision_outputs/cg_suite/E5_split_comparison/grid_256/random_pixel/cnn_tcn/linear/split_seed_43/last_input_map.npy,9a48065e98df9bb0200b16e885c5e0f98373d92e1fd0195829a8f8628f9ede66,262272
revision_outputs/cg_suite/E5_split_comparison/grid_256/random_pixel/cnn_tcn/linear/split_seed_43/metrics.csv,8e8ee4a03c6aa9004b5fae1cdbec18fb8887f7f56f9ae689c11a900367606756,770
revision_outputs/cg_suite/E5_split_comparison/grid_256/random_pixel/cnn_tcn/linear/split_seed_43/metrics.json,32d25e7065784acb809a24cbae9e9e410e83a2864f441eeb701eff63e0759b8a,1000
revision_outputs/cg_suite/E5_split_comparison/grid_256/random_pixel/cnn_tcn/linear/split_seed_43/prediction_map.npy,f1235e2147cb4d640d7b02d77761f3accd74e4da49ce1e5fbc86fca60ab71c28,262272
revision_outputs/cg_suite/E5_split_comparison/grid_256/random_pixel/cnn_tcn/linear/split_seed_43/reference_vs_prediction.png,5de24473b27439a011b46ace265f5fc21984d5c7cb7dc466f3e6c8d0d4cf83a3,322462
revision_outputs/cg_suite/E5_split_comparison/grid_256/random_pixel/cnn_tcn/linear/split_seed_43/residual_plot.png,d24fa74a31b1a9d1aebdd764b5060f76131ccdee8b5fc0224b37b75b8bf83b2d,33773
revision_outputs/cg_suite/E5_split_comparison/grid_256/random_pixel/cnn_tcn/linear/split_seed_43/scatter_true_vs_pred.png,a312dc058b48ac4dd2ed7a43a6ea6d484aea4fe914587e1300be78bbed6b78bf,45509
revision_outputs/cg_suite/E5_split_comparison/grid_256/random_pixel/cnn_tcn/linear/split_seed_43/split_masks.npz,00cfcdb36bafd689fc52e03bb8e4b39c2fa403d1c32a8e0ddef338fa699b692d,25858
revision_outputs/cg_suite/E5_split_comparison/grid_256/random_pixel/cnn_tcn/linear/split_seed_43/target_map.npy,1e59eb26cb015535fc837f588d10b6c675b78ad23f6259fdd0725a814f18b221,262272
revision_outputs/cg_suite/E5_split_comparison/grid_256/random_pixel/cnn_tcn/linear/split_seed_43/training_history.csv,58eeed6ec88b401668804ff54c8675917dda00f84692a02c773fa435a79abc96,483
revision_outputs/cg_suite/E5_split_comparison/grid_256/random_pixel/cnn_tcn/linear/split_seed_44/binned_error.png,eb29d6087f574741b0784dd7dce50de0ac666e2de9f1b004baa0ea902b5eb6aa,41757
revision_outputs/cg_suite/E5_split_comparison/grid_256/random_pixel/cnn_tcn/linear/split_seed_44/binned_residuals_boxplot.png,1d6ff14b0232fde910ab8a382fec861bbd96760202bb805ea44b2e8bb7bb8266,50688
revision_outputs/cg_suite/E5_split_comparison/grid_256/random_pixel/cnn_tcn/linear/split_seed_44/config_snapshot.json,7dc4a5092320297caf53ccb1b6d0ed5e0eb893e4e93534924d74e04b365b680c,1802
revision_outputs/cg_suite/E5_split_comparison/grid_256/random_pixel/cnn_tcn/linear/split_seed_44/last_input_map.npy,9a48065e98df9bb0200b16e885c5e0f98373d92e1fd0195829a8f8628f9ede66,262272
revision_outputs/cg_suite/E5_split_comparison/grid_256/random_pixel/cnn_tcn/linear/split_seed_44/metrics.csv,0184ba80fa877217e9420fefcaf3dad3c8b7a9a6d92a36dd66f977070b4c4790,776
revision_outputs/cg_suite/E5_split_comparison/grid_256/random_pixel/cnn_tcn/linear/split_seed_44/metrics.json,022803f200af2ae584553ea8073f9d20e5a33e0f7febe41767f35bb2ac9947c2,1006
revision_outputs/cg_suite/E5_split_comparison/grid_256/random_pixel/cnn_tcn/linear/split_seed_44/prediction_map.npy,fad89ad2c0e31a91f4fa9004452edd8c4ee748d29d00a332306ac9573a8c1c6e,262272
revision_outputs/cg_suite/E5_split_comparison/grid_256/random_pixel/cnn_tcn/linear/split_seed_44/reference_vs_prediction.png,f66d8c90ef2578e3cd791a983d510fccdd7495f91566a79c88b52bda9d6c6d24,325323
revision_outputs/cg_suite/E5_split_comparison/grid_256/random_pixel/cnn_tcn/linear/split_seed_44/residual_plot.png,2b99bafb3b9db9be0a4c45f8284f5e317c800057d5211e8ac1a1970912302648,33840
revision_outputs/cg_suite/E5_split_comparison/grid_256/random_pixel/cnn_tcn/linear/split_seed_44/scatter_true_vs_pred.png,defef412e449e296f8b5da5205299a3abd3dc1daa35e68642e114736451d6819,45275
revision_outputs/cg_suite/E5_split_comparison/grid_256/random_pixel/cnn_tcn/linear/split_seed_44/split_masks.npz,4c5c632eb9e40372112f1f3e9088de924e7e8c5d196741afa4723e670622058c,25857
revision_outputs/cg_suite/E5_split_comparison/grid_256/random_pixel/cnn_tcn/linear/split_seed_44/target_map.npy,1e59eb26cb015535fc837f588d10b6c675b78ad23f6259fdd0725a814f18b221,262272
revision_outputs/cg_suite/E5_split_comparison/grid_256/random_pixel/cnn_tcn/linear/split_seed_44/training_history.csv,4f5251f1cc9c746b47abc213a3e879ffed86eff4e7a895be00e8165a4e27f877,488
revision_outputs/cg_suite/E5_split_comparison/grid_256/random_pixel/cnn_tcn/linear/split_seed_45/binned_error.png,57beb9d639867ca0f084a1a3ead3a1ee96330c02c1321602ee9d6f730bb8eff8,39580
revision_outputs/cg_suite/E5_split_comparison/grid_256/random_pixel/cnn_tcn/linear/split_seed_45/binned_residuals_boxplot.png,2d8ccd68706e93d64bfbb6cb895df9c138f98c0af0a32e917a51c63571825d44,57687
revision_outputs/cg_suite/E5_split_comparison/grid_256/random_pixel/cnn_tcn/linear/split_seed_45/config_snapshot.json,8b08e0e0687fad84332bda741a11aa7dbcfe9e0bb12d4e2c7cf70f745d428dd9,1802
revision_outputs/cg_suite/E5_split_comparison/grid_256/random_pixel/cnn_tcn/linear/split_seed_45/last_input_map.npy,9a48065e98df9bb0200b16e885c5e0f98373d92e1fd0195829a8f8628f9ede66,262272
revision_outputs/cg_suite/E5_split_comparison/grid_256/random_pixel/cnn_tcn/linear/split_seed_45/metrics.csv,c6991dd732ed06760a68bbca0b4eb735c8f08be198d40f3ae4929bd893f8d323,775
revision_outputs/cg_suite/E5_split_comparison/grid_256/random_pixel/cnn_tcn/linear/split_seed_45/metrics.json,75e160fab22679c034845272f903339d8d1e66ae38962e8ff0da8816f34c4717,1005
revision_outputs/cg_suite/E5_split_comparison/grid_256/random_pixel/cnn_tcn/linear/split_seed_45/prediction_map.npy,0898f5ee3e1c9402e5635615b080df96119b88068ac5b56b69028ab6cd50c278,262272
revision_outputs/cg_suite/E5_split_comparison/grid_256/random_pixel/cnn_tcn/linear/split_seed_45/reference_vs_prediction.png,b2e0bbe8f65a63257178cf400cee8df9862b6eb02af68e11f2f4f8433870ddd9,320739
revision_outputs/cg_suite/E5_split_comparison/grid_256/random_pixel/cnn_tcn/linear/split_seed_45/residual_plot.png,260c9351a79ff8dbf01ea67f579dcbfbf19e4d409f3ef8cba1dbe35c4e8ca39f,35089
revision_outputs/cg_suite/E5_split_comparison/grid_256/random_pixel/cnn_tcn/linear/split_seed_45/scatter_true_vs_pred.png,347d0b21cf1e973d50270ef8d8e3e244dccae835ce6822469f6fc7a4ebff4aa5,48028
revision_outputs/cg_suite/E5_split_comparison/grid_256/random_pixel/cnn_tcn/linear/split_seed_45/split_masks.npz,3b850792d087bf997567aed3978c1b6848353694c3c94136c9180f8c3c951cba,25870
revision_outputs/cg_suite/E5_split_comparison/grid_256/random_pixel/cnn_tcn/linear/split_seed_45/target_map.npy,1e59eb26cb015535fc837f588d10b6c675b78ad23f6259fdd0725a814f18b221,262272
revision_outputs/cg_suite/E5_split_comparison/grid_256/random_pixel/cnn_tcn/linear/split_seed_45/training_history.csv,99347d7356907430aa768d08b8389bc0ec6f4e2e3172714c5272a1364a06aaa7,484
revision_outputs/cg_suite/E5_split_comparison/grid_256/random_pixel/cnn_tcn/linear/split_seed_46/binned_error.png,364eacd1bcba3a498663a3bce4b530fde4831260d28ebbd7f7a2c102627ce01e,36424
revision_outputs/cg_suite/E5_split_comparison/grid_256/random_pixel/cnn_tcn/linear/split_seed_46/binned_residuals_boxplot.png,091771df9311603ff1d6093e194ad70e5965ba3459e96999c3d1e36c5d384b95,54705
revision_outputs/cg_suite/E5_split_comparison/grid_256/random_pixel/cnn_tcn/linear/split_seed_46/config_snapshot.json,77d12f02fd10e02036be0881ebdbd0bb6c5164c3dfc645a00fefd58aa342b158,1802
revision_outputs/cg_suite/E5_split_comparison/grid_256/random_pixel/cnn_tcn/linear/split_seed_46/last_input_map.npy,9a48065e98df9bb0200b16e885c5e0f98373d92e1fd0195829a8f8628f9ede66,262272
revision_outputs/cg_suite/E5_split_comparison/grid_256/random_pixel/cnn_tcn/linear/split_seed_46/metrics.csv,b8e5ee8763eb3f54f591fa9c1e25f2f5bf8a5295d27568a69067ebf64c3fc217,775
revision_outputs/cg_suite/E5_split_comparison/grid_256/random_pixel/cnn_tcn/linear/split_seed_46/metrics.json,51c2b31a43ee8b404ee38a29da77080de99565903e203948a4910750275c78b4,1005
revision_outputs/cg_suite/E5_split_comparison/grid_256/random_pixel/cnn_tcn/linear/split_seed_46/prediction_map.npy,007027c9bc463c422b06e6ff7f9f215887f636e84b819d77efeac22bf2fe6fa9,262272
revision_outputs/cg_suite/E5_split_comparison/grid_256/random_pixel/cnn_tcn/linear/split_seed_46/reference_vs_prediction.png,e9b9329d1fe3c8dd789109001729cebf38e1baf7517f4c99ec5ac03c8ac5f7d4,320608
revision_outputs/cg_suite/E5_split_comparison/grid_256/random_pixel/cnn_tcn/linear/split_seed_46/residual_plot.png,fdb02efa12b789899fe93c4eec68de45fa960dbfd25b87c9c96f2adbf758afdd,31926
revision_outputs/cg_suite/E5_split_comparison/grid_256/random_pixel/cnn_tcn/linear/split_seed_46/scatter_true_vs_pred.png,de0a1ea8762c9db9d3f3ca5187bcd475c8f127e47678905e59f0bef0d206c20d,44113
revision_outputs/cg_suite/E5_split_comparison/grid_256/random_pixel/cnn_tcn/linear/split_seed_46/split_masks.npz,45f90f8c5b34b4e4e54ac690e137c639c844e127c102339057807f32f945f42b,25938
revision_outputs/cg_suite/E5_split_comparison/grid_256/random_pixel/cnn_tcn/linear/split_seed_46/target_map.npy,1e59eb26cb015535fc837f588d10b6c675b78ad23f6259fdd0725a814f18b221,262272
revision_outputs/cg_suite/E5_split_comparison/grid_256/random_pixel/cnn_tcn/linear/split_seed_46/training_history.csv,0de3685618d8e4d4e55797288a986de4cfba9f0feb3cc9cc8d916dbbcbd82ccc,491
revision_outputs/cg_suite/E5_split_comparison/grid_256/random_pixel/lightgbm/linear/split_seed_42/binned_error.png,63b34939fcb70e6440a262e84ce6716e68e103a21fcc787b669f1c341886bcd6,33223
revision_outputs/cg_suite/E5_split_comparison/grid_256/random_pixel/lightgbm/linear/split_seed_42/binned_residuals_boxplot.png,05b2f1c29d411ba34a49ad6e6ac8f362c68c913e6103060715762bac54e6ffa4,58423
revision_outputs/cg_suite/E5_split_comparison/grid_256/random_pixel/lightgbm/linear/split_seed_42/config_snapshot.json,349835299905cfba767575d0db53c09b44e46c97797d2111d23185eb06779243,1802
revision_outputs/cg_suite/E5_split_comparison/grid_256/random_pixel/lightgbm/linear/split_seed_42/lightgbm_model.txt,55e484bbd59d06857c4b13c43888569da4733f1f23368a27c80038e031b6708a,315429
revision_outputs/cg_suite/E5_split_comparison/grid_256/random_pixel/lightgbm/linear/split_seed_42/metrics.csv,77c338bc253a1a4f3a9cc1fe888903c7da0eb9d3e57ba8ed102a1dbe11a8ec10,446
revision_outputs/cg_suite/E5_split_comparison/grid_256/random_pixel/lightgbm/linear/split_seed_42/metrics.json,2dbcda1e1d1e5e6161c17b49203d912fddbc61c84f0f5f4def5f033b321e1294,586
revision_outputs/cg_suite/E5_split_comparison/grid_256/random_pixel/lightgbm/linear/split_seed_42/prediction_map.npy,1ea3a16f001a3496b4583951752424e4676a64de7e0eada27e7c3db4af5f026a,262272
revision_outputs/cg_suite/E5_split_comparison/grid_256/random_pixel/lightgbm/linear/split_seed_42/reference_vs_prediction.png,9a7c8c8714bd3f7fff67df634749b4903fb26f894daa32b64d3b50348912717c,544707
revision_outputs/cg_suite/E5_split_comparison/grid_256/random_pixel/lightgbm/linear/split_seed_42/residual_plot.png,84f9c050a1739968e345e3912e3c2b9682524af9ee543e5a05b7b8e730450663,48032
revision_outputs/cg_suite/E5_split_comparison/grid_256/random_pixel/lightgbm/linear/split_seed_42/scatter_true_vs_pred.png,68d09dbe7167ecaf8f819ae26a30c70152df547b24d79f6bc7b7c35ab2bdc856,63381
revision_outputs/cg_suite/E5_split_comparison/grid_256/random_pixel/lightgbm/linear/split_seed_42/split_masks.npz,254d6b4608a8e5813ab9cc3404f3e46ac968ab22fefebb49c675be34c38a9cbb,25862
revision_outputs/cg_suite/E5_split_comparison/grid_256/random_pixel/lightgbm/linear/split_seed_42/target_map.npy,1e59eb26cb015535fc837f588d10b6c675b78ad23f6259fdd0725a814f18b221,262272
revision_outputs/cg_suite/E5_split_comparison/grid_256/random_pixel/lightgbm/linear/split_seed_43/binned_error.png,ab3859ff9767996ac3adc99dbdb452cbc54e9895dcd44b96d03e5c40bfc1b45c,40456
revision_outputs/cg_suite/E5_split_comparison/grid_256/random_pixel/lightgbm/linear/split_seed_43/binned_residuals_boxplot.png,63b0425e7b8026d0bc44859eb6bb5d0ce0d1f5bef3396ecb46db3db81a2924a6,63300
revision_outputs/cg_suite/E5_split_comparison/grid_256/random_pixel/lightgbm/linear/split_seed_43/config_snapshot.json,549000215d758c136cc6b3f7b75f9b51b14f5e26a781e8a5c73213343ba9422b,1802
revision_outputs/cg_suite/E5_split_comparison/grid_256/random_pixel/lightgbm/linear/split_seed_43/lightgbm_model.txt,339421ae7644c30ccc644e2aa73573dcf4b44202f1b6778cb947c78d098c116f,457913
revision_outputs/cg_suite/E5_split_comparison/grid_256/random_pixel/lightgbm/linear/split_seed_43/metrics.csv,844de8473546827a850d195ad931a30575db7a980227838db6bd1f50c7276da8,447
revision_outputs/cg_suite/E5_split_comparison/grid_256/random_pixel/lightgbm/linear/split_seed_43/metrics.json,d8f2e237efeb2aff579a9b18512e97772bc6d5d83e4c2c6e1a6a4e494f2027ac,587
revision_outputs/cg_suite/E5_split_comparison/grid_256/random_pixel/lightgbm/linear/split_seed_43/prediction_map.npy,53a5969ab003f6b0c5ffcd962949703ac9575709dd1d99a2c63a7a3cd4699015,262272
revision_outputs/cg_suite/E5_split_comparison/grid_256/random_pixel/lightgbm/linear/split_seed_43/reference_vs_prediction.png,57653be680903e1816a8f7f46e0c84ec320d95aa16237983a847f471e07da2db,544622
revision_outputs/cg_suite/E5_split_comparison/grid_256/random_pixel/lightgbm/linear/split_seed_43/residual_plot.png,f16c4e5e424b80ee8004cc3881d26fa17549838d9489d8da9242237b565b3f8e,57309
revision_outputs/cg_suite/E5_split_comparison/grid_256/random_pixel/lightgbm/linear/split_seed_43/scatter_true_vs_pred.png,503ea2ea1f6f70de11a885f1466288c331ecb943d193c5652a847244f205e1a1,66229
revision_outputs/cg_suite/E5_split_comparison/grid_256/random_pixel/lightgbm/linear/split_seed_43/split_masks.npz,00cfcdb36bafd689fc52e03bb8e4b39c2fa403d1c32a8e0ddef338fa699b692d,25858
revision_outputs/cg_suite/E5_split_comparison/grid_256/random_pixel/lightgbm/linear/split_seed_43/target_map.npy,1e59eb26cb015535fc837f588d10b6c675b78ad23f6259fdd0725a814f18b221,262272
revision_outputs/cg_suite/E5_split_comparison/grid_256/random_pixel/lightgbm/linear/split_seed_44/binned_error.png,32165e1bf9f5edd35d1fa91df0b5f396c9e24c1fee6ed7138cf4826c50af71c4,37726
revision_outputs/cg_suite/E5_split_comparison/grid_256/random_pixel/lightgbm/linear/split_seed_44/binned_residuals_boxplot.png,9f8d43f31129995ef2ca30a793f2fc572a7cdbf850147b87d0887e3788ff79b8,62704
revision_outputs/cg_suite/E5_split_comparison/grid_256/random_pixel/lightgbm/linear/split_seed_44/config_snapshot.json,7dc4a5092320297caf53ccb1b6d0ed5e0eb893e4e93534924d74e04b365b680c,1802
revision_outputs/cg_suite/E5_split_comparison/grid_256/random_pixel/lightgbm/linear/split_seed_44/lightgbm_model.txt,12e1949511dde6f3df3d8f39ad45c6931364514369d06bc2d718b12e16ec4ad1,458197
revision_outputs/cg_suite/E5_split_comparison/grid_256/random_pixel/lightgbm/linear/split_seed_44/metrics.csv,3b13da0d8965a58303869dffb4f16148e45191efffd3fee4f2554f7446a89d61,448
revision_outputs/cg_suite/E5_split_comparison/grid_256/random_pixel/lightgbm/linear/split_seed_44/metrics.json,69926ab3e3ea6a77a1156d2530688a3acd85e35fa27b48409211c4c4fed2be19,588
revision_outputs/cg_suite/E5_split_comparison/grid_256/random_pixel/lightgbm/linear/split_seed_44/prediction_map.npy,96027df1efa37112f713ce9880e1cc954d6ca20ac8638c75664be9cd61682c98,262272
revision_outputs/cg_suite/E5_split_comparison/grid_256/random_pixel/lightgbm/linear/split_seed_44/reference_vs_prediction.png,2a41fe0f51896b14be498bf032c6e4b5bccd59688784176eb64c6e5b624cbab4,544756
revision_outputs/cg_suite/E5_split_comparison/grid_256/random_pixel/lightgbm/linear/split_seed_44/residual_plot.png,697c4b0ed22636bb86747c9a770981cd872e420c12f6ec91eeb4eaa6e1bb6ac8,58024
revision_outputs/cg_suite/E5_split_comparison/grid_256/random_pixel/lightgbm/linear/split_seed_44/scatter_true_vs_pred.png,a6649ea3d656a01d0677e643a4af4ad4c75a38c3f77575b4210466a983cf4a48,66651
revision_outputs/cg_suite/E5_split_comparison/grid_256/random_pixel/lightgbm/linear/split_seed_44/split_masks.npz,4c5c632eb9e40372112f1f3e9088de924e7e8c5d196741afa4723e670622058c,25857
revision_outputs/cg_suite/E5_split_comparison/grid_256/random_pixel/lightgbm/linear/split_seed_44/target_map.npy,1e59eb26cb015535fc837f588d10b6c675b78ad23f6259fdd0725a814f18b221,262272
revision_outputs/cg_suite/E5_split_comparison/grid_256/random_pixel/lightgbm/linear/split_seed_45/binned_error.png,55aea4f4e9581642cf34be42e0a370477981a5d49adb2c9d93bf8dff4858f6c3,37001
revision_outputs/cg_suite/E5_split_comparison/grid_256/random_pixel/lightgbm/linear/split_seed_45/binned_residuals_boxplot.png,47c92bdfc275b0e01dbbba4e2d630a5bd5b955ae2099c513be1bc2313bc56d76,61489
revision_outputs/cg_suite/E5_split_comparison/grid_256/random_pixel/lightgbm/linear/split_seed_45/config_snapshot.json,8b08e0e0687fad84332bda741a11aa7dbcfe9e0bb12d4e2c7cf70f745d428dd9,1802
revision_outputs/cg_suite/E5_split_comparison/grid_256/random_pixel/lightgbm/linear/split_seed_45/lightgbm_model.txt,13556bbfd6e379ba76a89d1e07527fa6f77be8ab1f6b2d76c1596993ae04a0e1,437798
revision_outputs/cg_suite/E5_split_comparison/grid_256/random_pixel/lightgbm/linear/split_seed_45/metrics.csv,cd75ac3abeb8284076a51e7d7b68d34af4dd0c0b6fa0e0c2b056e6ac68ee9664,447
revision_outputs/cg_suite/E5_split_comparison/grid_256/random_pixel/lightgbm/linear/split_seed_45/metrics.json,401656fa382eb6ac3ec29479e38aec61a1221033c431a2e5fd6cd2a7f2b01c4f,587
revision_outputs/cg_suite/E5_split_comparison/grid_256/random_pixel/lightgbm/linear/split_seed_45/prediction_map.npy,1984c382b64007e866bf6382315449ce51e039b030b30d4282be485003ff8173,262272
revision_outputs/cg_suite/E5_split_comparison/grid_256/random_pixel/lightgbm/linear/split_seed_45/reference_vs_prediction.png,ac6451468eb4bbb8e46f49f8d15aac18b8bafb5cd4f97d7eb35661168e3867b9,545386
revision_outputs/cg_suite/E5_split_comparison/grid_256/random_pixel/lightgbm/linear/split_seed_45/residual_plot.png,9f537c7242edd40ef8ac884d01383681719f8d34c1e89d35d902229f3ec62b9c,45242
revision_outputs/cg_suite/E5_split_comparison/grid_256/random_pixel/lightgbm/linear/split_seed_45/scatter_true_vs_pred.png,e748f8aa4f577fdad39e7d4033446a0a01070f68be3ffdaa3182946972f8c244,61398
revision_outputs/cg_suite/E5_split_comparison/grid_256/random_pixel/lightgbm/linear/split_seed_45/split_masks.npz,3b850792d087bf997567aed3978c1b6848353694c3c94136c9180f8c3c951cba,25870
revision_outputs/cg_suite/E5_split_comparison/grid_256/random_pixel/lightgbm/linear/split_seed_45/target_map.npy,1e59eb26cb015535fc837f588d10b6c675b78ad23f6259fdd0725a814f18b221,262272
revision_outputs/cg_suite/E5_split_comparison/grid_256/random_pixel/lightgbm/linear/split_seed_46/binned_error.png,1aa9e0e113369c8bc36cdc53ae6f87726087659da06d93d38f35f4d218b8898b,32235
revision_outputs/cg_suite/E5_split_comparison/grid_256/random_pixel/lightgbm/linear/split_seed_46/binned_residuals_boxplot.png,ee2c993b8c6cfca0f7ee95f14917fe920de1f606cb196a25362a7ec4d6b75afc,54830
revision_outputs/cg_suite/E5_split_comparison/grid_256/random_pixel/lightgbm/linear/split_seed_46/config_snapshot.json,77d12f02fd10e02036be0881ebdbd0bb6c5164c3dfc645a00fefd58aa342b158,1802
revision_outputs/cg_suite/E5_split_comparison/grid_256/random_pixel/lightgbm/linear/split_seed_46/lightgbm_model.txt,0b8cac931f41a6c3c7a6b00f991e37944c44df1d0c816269262d5802f371addc,414116
revision_outputs/cg_suite/E5_split_comparison/grid_256/random_pixel/lightgbm/linear/split_seed_46/metrics.csv,5061461768f1653e0362f417da01bdaec10b272d79c8d24865ac14113d775069,447
revision_outputs/cg_suite/E5_split_comparison/grid_256/random_pixel/lightgbm/linear/split_seed_46/metrics.json,91d6f2cdd9ddb954b0896fb6e72686d88fda39e695c0744879b28e2c69cb0c7d,587
revision_outputs/cg_suite/E5_split_comparison/grid_256/random_pixel/lightgbm/linear/split_seed_46/prediction_map.npy,d65eb0538f5d06233829943062fbccd77217c4850055bfc60b3912590555cce8,262272
revision_outputs/cg_suite/E5_split_comparison/grid_256/random_pixel/lightgbm/linear/split_seed_46/reference_vs_prediction.png,876e237526a3ef443292d694c464bb29022c381ece5bca4fd2d48ccb50d1ef45,544534
revision_outputs/cg_suite/E5_split_comparison/grid_256/random_pixel/lightgbm/linear/split_seed_46/residual_plot.png,5e79e102254bda88a7d9844d69387464bcc588ff371577069138a950160f014c,38319
revision_outputs/cg_suite/E5_split_comparison/grid_256/random_pixel/lightgbm/linear/split_seed_46/scatter_true_vs_pred.png,2bfee28b3be48662c96be0ebccc879ffc074a749625caa6df614c699874e014b,54649
revision_outputs/cg_suite/E5_split_comparison/grid_256/random_pixel/lightgbm/linear/split_seed_46/split_masks.npz,45f90f8c5b34b4e4e54ac690e137c639c844e127c102339057807f32f945f42b,25938
revision_outputs/cg_suite/E5_split_comparison/grid_256/random_pixel/lightgbm/linear/split_seed_46/target_map.npy,1e59eb26cb015535fc837f588d10b6c675b78ad23f6259fdd0725a814f18b221,262272
revision_outputs/cg_suite/E5_split_comparison/grid_256/random_pixel/persistence/linear/split_seed_42/binned_error.png,e1b0b6b086e178a3246ed944b2c8d9c646bf1ad0da644c21010c6ae15bcb8cb1,47096
revision_outputs/cg_suite/E5_split_comparison/grid_256/random_pixel/persistence/linear/split_seed_42/binned_residuals_boxplot.png,dac6a18c73c3c8f76ac4273bc5e93de122cfb31e707653b8b3c49a6b5cf9c67c,61174
revision_outputs/cg_suite/E5_split_comparison/grid_256/random_pixel/persistence/linear/split_seed_42/config_snapshot.json,349835299905cfba767575d0db53c09b44e46c97797d2111d23185eb06779243,1802
revision_outputs/cg_suite/E5_split_comparison/grid_256/random_pixel/persistence/linear/split_seed_42/last_input_map.npy,9a48065e98df9bb0200b16e885c5e0f98373d92e1fd0195829a8f8628f9ede66,262272
revision_outputs/cg_suite/E5_split_comparison/grid_256/random_pixel/persistence/linear/split_seed_42/metrics.csv,5ce97ababa4c955ea035520ef9f960ed35702d031c0605a93b60520d1a785e43,660
revision_outputs/cg_suite/E5_split_comparison/grid_256/random_pixel/persistence/linear/split_seed_42/metrics.json,13ce93a850469e2b428360e304df4b36ec94a17e50beb07fceba1672c0830be0,851
revision_outputs/cg_suite/E5_split_comparison/grid_256/random_pixel/persistence/linear/split_seed_42/prediction_map.npy,9a48065e98df9bb0200b16e885c5e0f98373d92e1fd0195829a8f8628f9ede66,262272
revision_outputs/cg_suite/E5_split_comparison/grid_256/random_pixel/persistence/linear/split_seed_42/reference_vs_prediction.png,655c71542f32f8fbecaaed5019b060889b9e4791ba096308aa4da30c0492bcc0,551789
revision_outputs/cg_suite/E5_split_comparison/grid_256/random_pixel/persistence/linear/split_seed_42/residual_plot.png,6b5d945942e3805757fc56d017e483d42f6689b8c670fb23e56d9b892d3cc2da,62737
revision_outputs/cg_suite/E5_split_comparison/grid_256/random_pixel/persistence/linear/split_seed_42/scatter_true_vs_pred.png,85afd79447d5648011a6cb13c1630f627a93250b317779dcf66bb120090ecaf2,64889
revision_outputs/cg_suite/E5_split_comparison/grid_256/random_pixel/persistence/linear/split_seed_42/split_masks.npz,254d6b4608a8e5813ab9cc3404f3e46ac968ab22fefebb49c675be34c38a9cbb,25862
revision_outputs/cg_suite/E5_split_comparison/grid_256/random_pixel/persistence/linear/split_seed_42/target_map.npy,1e59eb26cb015535fc837f588d10b6c675b78ad23f6259fdd0725a814f18b221,262272
revision_outputs/cg_suite/E5_split_comparison/grid_256/random_pixel/persistence/linear/split_seed_43/binned_error.png,7f47e531fa63f99feb81acc3cce94e7479cfe9b6f18edbab98a8065c79e6a67e,47262
revision_outputs/cg_suite/E5_split_comparison/grid_256/random_pixel/persistence/linear/split_seed_43/binned_residuals_boxplot.png,0346f42bc67bba03e1eacc48dfad6819f2be01ce50ab8e4d89efbb73b0165796,63279
revision_outputs/cg_suite/E5_split_comparison/grid_256/random_pixel/persistence/linear/split_seed_43/config_snapshot.json,549000215d758c136cc6b3f7b75f9b51b14f5e26a781e8a5c73213343ba9422b,1802
revision_outputs/cg_suite/E5_split_comparison/grid_256/random_pixel/persistence/linear/split_seed_43/last_input_map.npy,9a48065e98df9bb0200b16e885c5e0f98373d92e1fd0195829a8f8628f9ede66,262272
revision_outputs/cg_suite/E5_split_comparison/grid_256/random_pixel/persistence/linear/split_seed_43/metrics.csv,97f7fcde1f311242b3e9a3e655e0d8a38cf9b7920305889da39639cc492be81e,661
revision_outputs/cg_suite/E5_split_comparison/grid_256/random_pixel/persistence/linear/split_seed_43/metrics.json,51f2cd55ece6b86d39184f468eec702d95e2d475712c6654163dfe10cca501a6,852
revision_outputs/cg_suite/E5_split_comparison/grid_256/random_pixel/persistence/linear/split_seed_43/prediction_map.npy,9a48065e98df9bb0200b16e885c5e0f98373d92e1fd0195829a8f8628f9ede66,262272
revision_outputs/cg_suite/E5_split_comparison/grid_256/random_pixel/persistence/linear/split_seed_43/reference_vs_prediction.png,655c71542f32f8fbecaaed5019b060889b9e4791ba096308aa4da30c0492bcc0,551789
revision_outputs/cg_suite/E5_split_comparison/grid_256/random_pixel/persistence/linear/split_seed_43/residual_plot.png,bb3fe08abfa91297527fa9e1610ec4379736c707542594b6ed060bca50c11acb,68178
revision_outputs/cg_suite/E5_split_comparison/grid_256/random_pixel/persistence/linear/split_seed_43/scatter_true_vs_pred.png,f34c0f51315da92726bc4330213a3a6dcd8db0f186c71ca7c8d6c6b0473317d3,68703
revision_outputs/cg_suite/E5_split_comparison/grid_256/random_pixel/persistence/linear/split_seed_43/split_masks.npz,00cfcdb36bafd689fc52e03bb8e4b39c2fa403d1c32a8e0ddef338fa699b692d,25858
revision_outputs/cg_suite/E5_split_comparison/grid_256/random_pixel/persistence/linear/split_seed_43/target_map.npy,1e59eb26cb015535fc837f588d10b6c675b78ad23f6259fdd0725a814f18b221,262272
revision_outputs/cg_suite/E5_split_comparison/grid_256/random_pixel/persistence/linear/split_seed_44/binned_error.png,18d281e623be2354e6c6be3dd2a0f8f51130d1f5e10871c50b49450d4a4d6709,39497
revision_outputs/cg_suite/E5_split_comparison/grid_256/random_pixel/persistence/linear/split_seed_44/binned_residuals_boxplot.png,19bc3e48cd6208df2025d3f25ce7f1da0f3ee89e00fab7546ce0ec695c929295,64874
revision_outputs/cg_suite/E5_split_comparison/grid_256/random_pixel/persistence/linear/split_seed_44/config_snapshot.json,7dc4a5092320297caf53ccb1b6d0ed5e0eb893e4e93534924d74e04b365b680c,1802
revision_outputs/cg_suite/E5_split_comparison/grid_256/random_pixel/persistence/linear/split_seed_44/last_input_map.npy,9a48065e98df9bb0200b16e885c5e0f98373d92e1fd0195829a8f8628f9ede66,262272
revision_outputs/cg_suite/E5_split_comparison/grid_256/random_pixel/persistence/linear/split_seed_44/metrics.csv,b9eac01abcd8e255bf5914a3ca57c641d2a1ec10aeb21e1b01db14786301720c,658
revision_outputs/cg_suite/E5_split_comparison/grid_256/random_pixel/persistence/linear/split_seed_44/metrics.json,b8e0ca3f5f080154730f75998f2fd921794d641ba83de22a23d40a1763947b8c,849
revision_outputs/cg_suite/E5_split_comparison/grid_256/random_pixel/persistence/linear/split_seed_44/prediction_map.npy,9a48065e98df9bb0200b16e885c5e0f98373d92e1fd0195829a8f8628f9ede66,262272
revision_outputs/cg_suite/E5_split_comparison/grid_256/random_pixel/persistence/linear/split_seed_44/reference_vs_prediction.png,655c71542f32f8fbecaaed5019b060889b9e4791ba096308aa4da30c0492bcc0,551789
revision_outputs/cg_suite/E5_split_comparison/grid_256/random_pixel/persistence/linear/split_seed_44/residual_plot.png,2ec253156517a655d63698d69c8a1c30d914e50b130ae29d0f10c3afd655df4b,68877
revision_outputs/cg_suite/E5_split_comparison/grid_256/random_pixel/persistence/linear/split_seed_44/scatter_true_vs_pred.png,fc63d5e8675c49cfc7ee557b92516a34d3c24fc7d0987469fe23041b1b1443f7,69653
revision_outputs/cg_suite/E5_split_comparison/grid_256/random_pixel/persistence/linear/split_seed_44/split_masks.npz,4c5c632eb9e40372112f1f3e9088de924e7e8c5d196741afa4723e670622058c,25857
revision_outputs/cg_suite/E5_split_comparison/grid_256/random_pixel/persistence/linear/split_seed_44/target_map.npy,1e59eb26cb015535fc837f588d10b6c675b78ad23f6259fdd0725a814f18b221,262272
revision_outputs/cg_suite/E5_split_comparison/grid_256/random_pixel/persistence/linear/split_seed_45/binned_error.png,2634ce505aa7c92718206d7595b145c1b45064b7cf723efb1efc3a78b111ccf6,40110
revision_outputs/cg_suite/E5_split_comparison/grid_256/random_pixel/persistence/linear/split_seed_45/binned_residuals_boxplot.png,e6ac379e6267c236df478a1f44694abdee3b12527cd7b57d9fa33c7dd91443fc,63664
revision_outputs/cg_suite/E5_split_comparison/grid_256/random_pixel/persistence/linear/split_seed_45/config_snapshot.json,8b08e0e0687fad84332bda741a11aa7dbcfe9e0bb12d4e2c7cf70f745d428dd9,1802
revision_outputs/cg_suite/E5_split_comparison/grid_256/random_pixel/persistence/linear/split_seed_45/last_input_map.npy,9a48065e98df9bb0200b16e885c5e0f98373d92e1fd0195829a8f8628f9ede66,262272
revision_outputs/cg_suite/E5_split_comparison/grid_256/random_pixel/persistence/linear/split_seed_45/metrics.csv,2ac64eca3bb40d2abea4e7467c09099396efdcb119a987662cb845c3525dffc2,662
revision_outputs/cg_suite/E5_split_comparison/grid_256/random_pixel/persistence/linear/split_seed_45/metrics.json,f5bbbaf51eb2d74b9449578ec469ce57366fc7cb481485ab87444fa19424e5f0,853
revision_outputs/cg_suite/E5_split_comparison/grid_256/random_pixel/persistence/linear/split_seed_45/prediction_map.npy,9a48065e98df9bb0200b16e885c5e0f98373d92e1fd0195829a8f8628f9ede66,262272
revision_outputs/cg_suite/E5_split_comparison/grid_256/random_pixel/persistence/linear/split_seed_45/reference_vs_prediction.png,655c71542f32f8fbecaaed5019b060889b9e4791ba096308aa4da30c0492bcc0,551789
revision_outputs/cg_suite/E5_split_comparison/grid_256/random_pixel/persistence/linear/split_seed_45/residual_plot.png,7b8b9aa4f183809a69792b30465f6036d2329365252d26753d714bf5d7a807c6,61020
revision_outputs/cg_suite/E5_split_comparison/grid_256/random_pixel/persistence/linear/split_seed_45/scatter_true_vs_pred.png,300fa1c56f62347b2c814e4c1399ed65a9de032af4e99abdeefee6763dac6f37,62654
revision_outputs/cg_suite/E5_split_comparison/grid_256/random_pixel/persistence/linear/split_seed_45/split_masks.npz,3b850792d087bf997567aed3978c1b6848353694c3c94136c9180f8c3c951cba,25870
revision_outputs/cg_suite/E5_split_comparison/grid_256/random_pixel/persistence/linear/split_seed_45/target_map.npy,1e59eb26cb015535fc837f588d10b6c675b78ad23f6259fdd0725a814f18b221,262272
revision_outputs/cg_suite/E5_split_comparison/grid_256/random_pixel/persistence/linear/split_seed_46/binned_error.png,944589714217dbe1779ec6e72a5fcf5806980f31d56ebc126c04ee1db1e1a214,36041
revision_outputs/cg_suite/E5_split_comparison/grid_256/random_pixel/persistence/linear/split_seed_46/binned_residuals_boxplot.png,82cbe639f2fe0c44d4bacc680ef06649cb8da187d981863b07774dffb34f4903,61658
revision_outputs/cg_suite/E5_split_comparison/grid_256/random_pixel/persistence/linear/split_seed_46/config_snapshot.json,77d12f02fd10e02036be0881ebdbd0bb6c5164c3dfc645a00fefd58aa342b158,1802
revision_outputs/cg_suite/E5_split_comparison/grid_256/random_pixel/persistence/linear/split_seed_46/last_input_map.npy,9a48065e98df9bb0200b16e885c5e0f98373d92e1fd0195829a8f8628f9ede66,262272
revision_outputs/cg_suite/E5_split_comparison/grid_256/random_pixel/persistence/linear/split_seed_46/metrics.csv,d047e9fff40c89f0e089f80ba080e757077ffbbde9df62d7f04cfb16a04b53ff,660
revision_outputs/cg_suite/E5_split_comparison/grid_256/random_pixel/persistence/linear/split_seed_46/metrics.json,cf4a18400910e3eb810aac7c900b6e71df8dd9062548871b18287cda389fe5de,851
revision_outputs/cg_suite/E5_split_comparison/grid_256/random_pixel/persistence/linear/split_seed_46/prediction_map.npy,9a48065e98df9bb0200b16e885c5e0f98373d92e1fd0195829a8f8628f9ede66,262272
revision_outputs/cg_suite/E5_split_comparison/grid_256/random_pixel/persistence/linear/split_seed_46/reference_vs_prediction.png,655c71542f32f8fbecaaed5019b060889b9e4791ba096308aa4da30c0492bcc0,551789
revision_outputs/cg_suite/E5_split_comparison/grid_256/random_pixel/persistence/linear/split_seed_46/residual_plot.png,109dbd21b471d3dfd05929af7ea59d3b853ba68f6ba61c1f72f960f9ac42bc51,55297
revision_outputs/cg_suite/E5_split_comparison/grid_256/random_pixel/persistence/linear/split_seed_46/scatter_true_vs_pred.png,077cea619a964d7fb7d68aee8dc37e4b8ae6027f52f40d3165d29311e9cb3201,55632
revision_outputs/cg_suite/E5_split_comparison/grid_256/random_pixel/persistence/linear/split_seed_46/split_masks.npz,45f90f8c5b34b4e4e54ac690e137c639c844e127c102339057807f32f945f42b,25938
revision_outputs/cg_suite/E5_split_comparison/grid_256/random_pixel/persistence/linear/split_seed_46/target_map.npy,1e59eb26cb015535fc837f588d10b6c675b78ad23f6259fdd0725a814f18b221,262272
revision_outputs/cg_suite/E5_split_comparison/grid_256/spatial_tile/cnn_lstm_maskaware/linear/split_seed_42/binned_error.png,dc9a2a21d9d431bb0be0b84ca38bbceaaeffe735b537f65c5959f4d9aebd045d,40133
revision_outputs/cg_suite/E5_split_comparison/grid_256/spatial_tile/cnn_lstm_maskaware/linear/split_seed_42/binned_residuals_boxplot.png,4ad1e7cc5c2809fac4928763b2afa223f73260b4a813b7c3c06e7d53d7d028a6,53426
revision_outputs/cg_suite/E5_split_comparison/grid_256/spatial_tile/cnn_lstm_maskaware/linear/split_seed_42/config_snapshot.json,f88f85ae3f25d101ff972aa35c484fe2fb2a644bc331a706539b553929c61979,1802
revision_outputs/cg_suite/E5_split_comparison/grid_256/spatial_tile/cnn_lstm_maskaware/linear/split_seed_42/last_input_map.npy,9a48065e98df9bb0200b16e885c5e0f98373d92e1fd0195829a8f8628f9ede66,262272
revision_outputs/cg_suite/E5_split_comparison/grid_256/spatial_tile/cnn_lstm_maskaware/linear/split_seed_42/metrics.csv,3d94e9a44aa6e3f111bbf3437de7a58e2f81eb800adb155cd591a417802fc4ca,787
revision_outputs/cg_suite/E5_split_comparison/grid_256/spatial_tile/cnn_lstm_maskaware/linear/split_seed_42/metrics.json,f0103e2e8b65c5073d24d163c4acf5757871026a8552b69d67ae6203a458e189,1017
revision_outputs/cg_suite/E5_split_comparison/grid_256/spatial_tile/cnn_lstm_maskaware/linear/split_seed_42/prediction_map.npy,12c60a19aa7a076784bea304cf7cdd1d37a7bc3ba5e1091a7cf00431abb983c8,262272
revision_outputs/cg_suite/E5_split_comparison/grid_256/spatial_tile/cnn_lstm_maskaware/linear/split_seed_42/reference_vs_prediction.png,35b5e989fe776abf9750c111f369f6c29c59a32d19da24bbccc4e654ccf989ad,408659
revision_outputs/cg_suite/E5_split_comparison/grid_256/spatial_tile/cnn_lstm_maskaware/linear/split_seed_42/residual_plot.png,8be4dbc2e418de3a1e4910f31ca6a0169cc2f330c47ff7617944318a5df8c05d,33875
revision_outputs/cg_suite/E5_split_comparison/grid_256/spatial_tile/cnn_lstm_maskaware/linear/split_seed_42/scatter_true_vs_pred.png,24882b4e22246e034af3758b6c0e9d1ff56b8c19af50616705adbcc86fb979bf,45787
revision_outputs/cg_suite/E5_split_comparison/grid_256/spatial_tile/cnn_lstm_maskaware/linear/split_seed_42/split_masks.npz,aa87bd7754c73033f6fbca318704cb344d8f8307fb9362cf868f12dc9d85a42e,5093
revision_outputs/cg_suite/E5_split_comparison/grid_256/spatial_tile/cnn_lstm_maskaware/linear/split_seed_42/target_map.npy,1e59eb26cb015535fc837f588d10b6c675b78ad23f6259fdd0725a814f18b221,262272
revision_outputs/cg_suite/E5_split_comparison/grid_256/spatial_tile/cnn_lstm_maskaware/linear/split_seed_42/training_history.csv,1153dff00f7403d03a9b1d1b2f8888191c2efe0cc394bbe920834188ac8982b0,490
revision_outputs/cg_suite/E5_split_comparison/grid_256/spatial_tile/cnn_lstm_maskaware/linear/split_seed_43/binned_error.png,0742944b9c2ec2b23102fecf3d0f2faf66392a435a5b187a042b82a4dd57f5f7,41346
revision_outputs/cg_suite/E5_split_comparison/grid_256/spatial_tile/cnn_lstm_maskaware/linear/split_seed_43/binned_residuals_boxplot.png,75ebfb041ea77b254267fefcf4f1025f40632295ad5ed718cbdb9fceaae4f43e,55706
revision_outputs/cg_suite/E5_split_comparison/grid_256/spatial_tile/cnn_lstm_maskaware/linear/split_seed_43/config_snapshot.json,e67004752ed74bc39995b5eb14dc48083ece39e35a68aa052d20c22dfdd93fc8,1802
revision_outputs/cg_suite/E5_split_comparison/grid_256/spatial_tile/cnn_lstm_maskaware/linear/split_seed_43/last_input_map.npy,9a48065e98df9bb0200b16e885c5e0f98373d92e1fd0195829a8f8628f9ede66,262272
revision_outputs/cg_suite/E5_split_comparison/grid_256/spatial_tile/cnn_lstm_maskaware/linear/split_seed_43/metrics.csv,afc2fb9879991806d787bedfd36bc5ea3e04e97481cbbd07e73e19e9d0f5443f,784
revision_outputs/cg_suite/E5_split_comparison/grid_256/spatial_tile/cnn_lstm_maskaware/linear/split_seed_43/metrics.json,c2bb68bb5e26672151ba54405e85e6802018784294099d07d23dd8408998686f,1014
revision_outputs/cg_suite/E5_split_comparison/grid_256/spatial_tile/cnn_lstm_maskaware/linear/split_seed_43/prediction_map.npy,1cbd3f716e022f493c27af140ce18b518852e5248dbeb8f4f5bd438bc958f69c,262272
revision_outputs/cg_suite/E5_split_comparison/grid_256/spatial_tile/cnn_lstm_maskaware/linear/split_seed_43/reference_vs_prediction.png,acf840422e6709aeb506c3bae23857862ec0d2ce01745d8316aba16de44eb321,392221
revision_outputs/cg_suite/E5_split_comparison/grid_256/spatial_tile/cnn_lstm_maskaware/linear/split_seed_43/residual_plot.png,2e95528c9035451905d1e0a23867da9aa7450d9a0dd0885c8c8b063997550f1e,33496
revision_outputs/cg_suite/E5_split_comparison/grid_256/spatial_tile/cnn_lstm_maskaware/linear/split_seed_43/scatter_true_vs_pred.png,33828b2ad7a1507654b5d9ceaa11acdf74b8c2ebd711b3cb93113d02e67f101b,45657
revision_outputs/cg_suite/E5_split_comparison/grid_256/spatial_tile/cnn_lstm_maskaware/linear/split_seed_43/split_masks.npz,b323933f7c125c832058aa2565acec87c0366ed7ad0b10fe8efeb214892db378,4960
revision_outputs/cg_suite/E5_split_comparison/grid_256/spatial_tile/cnn_lstm_maskaware/linear/split_seed_43/target_map.npy,1e59eb26cb015535fc837f588d10b6c675b78ad23f6259fdd0725a814f18b221,262272
revision_outputs/cg_suite/E5_split_comparison/grid_256/spatial_tile/cnn_lstm_maskaware/linear/split_seed_43/training_history.csv,e0e61e36c63ec896e2395977ce835c241cf22d75643b5bf2a0e129300f395956,565
revision_outputs/cg_suite/E5_split_comparison/grid_256/spatial_tile/cnn_lstm_maskaware/linear/split_seed_44/binned_error.png,8e4c90849580849189861e5518fa1c7fb4baaf22c7fa57bb3e88d13a689bf8f3,41671
revision_outputs/cg_suite/E5_split_comparison/grid_256/spatial_tile/cnn_lstm_maskaware/linear/split_seed_44/binned_residuals_boxplot.png,a09a0616fd6eb5580070ec5681cf371899f35f81dc75cab83e81b4ecacf9d8f4,55219
revision_outputs/cg_suite/E5_split_comparison/grid_256/spatial_tile/cnn_lstm_maskaware/linear/split_seed_44/config_snapshot.json,64fb40a5cacc6fc75e2d2f6f2b3103e086d9cbd16120652b2005022ae7f370a4,1802
revision_outputs/cg_suite/E5_split_comparison/grid_256/spatial_tile/cnn_lstm_maskaware/linear/split_seed_44/last_input_map.npy,9a48065e98df9bb0200b16e885c5e0f98373d92e1fd0195829a8f8628f9ede66,262272
revision_outputs/cg_suite/E5_split_comparison/grid_256/spatial_tile/cnn_lstm_maskaware/linear/split_seed_44/metrics.csv,e760976f7228be87b3c8e0866f0971be1670f21f1d213b08c15a777ba6f841cb,783
revision_outputs/cg_suite/E5_split_comparison/grid_256/spatial_tile/cnn_lstm_maskaware/linear/split_seed_44/metrics.json,5e4d0aa7be567dab4747722d7e5016e6295f15b1a5ddc30456df7754e083ac1a,1013
revision_outputs/cg_suite/E5_split_comparison/grid_256/spatial_tile/cnn_lstm_maskaware/linear/split_seed_44/prediction_map.npy,4d5d8abc50d6088d5ef74d23ec6318688aa34ad2df098a73948d8cf36dd8ba9e,262272
revision_outputs/cg_suite/E5_split_comparison/grid_256/spatial_tile/cnn_lstm_maskaware/linear/split_seed_44/reference_vs_prediction.png,e32a20aa59232ac0842e5e0f49f2e81a985ec8e8a39fd1f218057afad8ffe33f,372011
revision_outputs/cg_suite/E5_split_comparison/grid_256/spatial_tile/cnn_lstm_maskaware/linear/split_seed_44/residual_plot.png,67c28759c54e70c665f4cb37dc749049b2d6d7d0ecc1ec6bb4c20a9be40c25d8,33304
revision_outputs/cg_suite/E5_split_comparison/grid_256/spatial_tile/cnn_lstm_maskaware/linear/split_seed_44/scatter_true_vs_pred.png,b98ed4709073c29612721b64ba65385279e20e9b282ba68c44a866d2efed31e4,45275
revision_outputs/cg_suite/E5_split_comparison/grid_256/spatial_tile/cnn_lstm_maskaware/linear/split_seed_44/split_masks.npz,dc4e472d4ff09f561e1361da6f2d4a7c3bb5470862a13b149e680a480bc8139b,5058
revision_outputs/cg_suite/E5_split_comparison/grid_256/spatial_tile/cnn_lstm_maskaware/linear/split_seed_44/target_map.npy,1e59eb26cb015535fc837f588d10b6c675b78ad23f6259fdd0725a814f18b221,262272
revision_outputs/cg_suite/E5_split_comparison/grid_256/spatial_tile/cnn_lstm_maskaware/linear/split_seed_44/training_history.csv,a2c8ee961bd38f061c45fc812975557546630ab8cd12b8835e92b1484cc4efaf,527
revision_outputs/cg_suite/E5_split_comparison/grid_256/spatial_tile/cnn_lstm_maskaware/linear/split_seed_45/binned_error.png,e3609e9fe01c2c3d7b087fac714326699d61bc5fc5b37f98b7c2c5948a2e111f,43000
revision_outputs/cg_suite/E5_split_comparison/grid_256/spatial_tile/cnn_lstm_maskaware/linear/split_seed_45/binned_residuals_boxplot.png,629669a0a5dfaf821f5738ea09d789c1a755c6193a3d48010fc0a5378e0c8df4,50328
revision_outputs/cg_suite/E5_split_comparison/grid_256/spatial_tile/cnn_lstm_maskaware/linear/split_seed_45/config_snapshot.json,26ce402861503955497ebabdd95e743915097d8fde8ba480235f4361e058bc18,1802
revision_outputs/cg_suite/E5_split_comparison/grid_256/spatial_tile/cnn_lstm_maskaware/linear/split_seed_45/last_input_map.npy,9a48065e98df9bb0200b16e885c5e0f98373d92e1fd0195829a8f8628f9ede66,262272
revision_outputs/cg_suite/E5_split_comparison/grid_256/spatial_tile/cnn_lstm_maskaware/linear/split_seed_45/metrics.csv,a6c85f907d33c58383212cf2db4bac43db8c75374f0fd909f869f95bc7ffd8ef,780
revision_outputs/cg_suite/E5_split_comparison/grid_256/spatial_tile/cnn_lstm_maskaware/linear/split_seed_45/metrics.json,58998699e974078e5f81ec4a4644bbb8eb3e3d6878e07032bfc13fa9c2d26065,1010
revision_outputs/cg_suite/E5_split_comparison/grid_256/spatial_tile/cnn_lstm_maskaware/linear/split_seed_45/prediction_map.npy,62e7e114ae7e553274fa3720f4f9b10da26eb61babd42d45c162b2b215755608,262272
revision_outputs/cg_suite/E5_split_comparison/grid_256/spatial_tile/cnn_lstm_maskaware/linear/split_seed_45/reference_vs_prediction.png,b86880be2940dd1995a32478ddc45dc83e481db0e2753d04181c05b0ed966f64,406685
revision_outputs/cg_suite/E5_split_comparison/grid_256/spatial_tile/cnn_lstm_maskaware/linear/split_seed_45/residual_plot.png,44ee1b02738ff55825780cbad29155aac54351890db50e213289f8a07d0813fc,41310
revision_outputs/cg_suite/E5_split_comparison/grid_256/spatial_tile/cnn_lstm_maskaware/linear/split_seed_45/scatter_true_vs_pred.png,d1039d0a4d984b1899e7dd51d6e8c6a2c847c9f8b0f232d411cc44bbb9dd5d74,55248
revision_outputs/cg_suite/E5_split_comparison/grid_256/spatial_tile/cnn_lstm_maskaware/linear/split_seed_45/split_masks.npz,9f4427996aac0677942e3dcb92a43587024aa3e8af163de64f4941b1377e52b0,4987
revision_outputs/cg_suite/E5_split_comparison/grid_256/spatial_tile/cnn_lstm_maskaware/linear/split_seed_45/target_map.npy,1e59eb26cb015535fc837f588d10b6c675b78ad23f6259fdd0725a814f18b221,262272
revision_outputs/cg_suite/E5_split_comparison/grid_256/spatial_tile/cnn_lstm_maskaware/linear/split_seed_45/training_history.csv,e01f621c4c96e41251eff0bac3d747be222026c028228b15ec7f07f157d5c19d,525
revision_outputs/cg_suite/E5_split_comparison/grid_256/spatial_tile/cnn_lstm_maskaware/linear/split_seed_46/binned_error.png,4707372268e2e8fd3ad70f315368a0fec9a5f9e770c56ae2d191278456f8d276,37775
revision_outputs/cg_suite/E5_split_comparison/grid_256/spatial_tile/cnn_lstm_maskaware/linear/split_seed_46/binned_residuals_boxplot.png,17acbae68dc58504cdb97f4b83b5c45af173586eef15ae3e7d72c1396e3adffd,55482
revision_outputs/cg_suite/E5_split_comparison/grid_256/spatial_tile/cnn_lstm_maskaware/linear/split_seed_46/config_snapshot.json,52b7ebf552b9f07711cdf26f51ea4304893f382ddcfb5a0f86f09ac9c24ca006,1802
revision_outputs/cg_suite/E5_split_comparison/grid_256/spatial_tile/cnn_lstm_maskaware/linear/split_seed_46/last_input_map.npy,9a48065e98df9bb0200b16e885c5e0f98373d92e1fd0195829a8f8628f9ede66,262272
revision_outputs/cg_suite/E5_split_comparison/grid_256/spatial_tile/cnn_lstm_maskaware/linear/split_seed_46/metrics.csv,659c68f1871510678bf5576c610c8979cd8d4d46a21cd91829935ab0ab4e01c6,785
revision_outputs/cg_suite/E5_split_comparison/grid_256/spatial_tile/cnn_lstm_maskaware/linear/split_seed_46/metrics.json,1afbdbe6779fe7b91365be7716436d25eac567b33058966545621d04f2a12e7b,1015
revision_outputs/cg_suite/E5_split_comparison/grid_256/spatial_tile/cnn_lstm_maskaware/linear/split_seed_46/prediction_map.npy,3516210a68f78d290b4156fc755bb2ea63fb93371722c836c413611ee13e2640,262272
revision_outputs/cg_suite/E5_split_comparison/grid_256/spatial_tile/cnn_lstm_maskaware/linear/split_seed_46/reference_vs_prediction.png,a5d3e8dc9c8ae68976c0b99d5559222f2689406f7f2ae2c0b084e081cd7326dc,408397
revision_outputs/cg_suite/E5_split_comparison/grid_256/spatial_tile/cnn_lstm_maskaware/linear/split_seed_46/residual_plot.png,273d6b120573e43e389afead8c1348c0b2a75c2c8301cf38bcbd4ae6ef42d2cf,36617
revision_outputs/cg_suite/E5_split_comparison/grid_256/spatial_tile/cnn_lstm_maskaware/linear/split_seed_46/scatter_true_vs_pred.png,c93a7f3d191a3ced764cd3d0a9857491e9f6a0e48425fa0d017c2f144786959f,49553
revision_outputs/cg_suite/E5_split_comparison/grid_256/spatial_tile/cnn_lstm_maskaware/linear/split_seed_46/split_masks.npz,b147155d168780531b89106b8cff37420d8650cce600f3ae472a5a857fa46329,5022
revision_outputs/cg_suite/E5_split_comparison/grid_256/spatial_tile/cnn_lstm_maskaware/linear/split_seed_46/target_map.npy,1e59eb26cb015535fc837f588d10b6c675b78ad23f6259fdd0725a814f18b221,262272
revision_outputs/cg_suite/E5_split_comparison/grid_256/spatial_tile/cnn_lstm_maskaware/linear/split_seed_46/training_history.csv,ad587d2eeac85745b95897c2a1ce1ad012221dbd2df1aa91b691531614c3a1fc,567
revision_outputs/cg_suite/E5_split_comparison/grid_256/spatial_tile/cnn_tcn/linear/split_seed_42/binned_error.png,f86b8434e70dd711a448abf29b4542e8ab74fc1043589fc02504fc20bc2ef8bb,39412
revision_outputs/cg_suite/E5_split_comparison/grid_256/spatial_tile/cnn_tcn/linear/split_seed_42/binned_residuals_boxplot.png,ba807ffd2c00e09a4a0c23469d7d726414f88c223acf0f9312bf2189d9466458,53471
revision_outputs/cg_suite/E5_split_comparison/grid_256/spatial_tile/cnn_tcn/linear/split_seed_42/config_snapshot.json,f88f85ae3f25d101ff972aa35c484fe2fb2a644bc331a706539b553929c61979,1802
revision_outputs/cg_suite/E5_split_comparison/grid_256/spatial_tile/cnn_tcn/linear/split_seed_42/last_input_map.npy,9a48065e98df9bb0200b16e885c5e0f98373d92e1fd0195829a8f8628f9ede66,262272
revision_outputs/cg_suite/E5_split_comparison/grid_256/spatial_tile/cnn_tcn/linear/split_seed_42/metrics.csv,f1945ace70186433073ca4de09af63e0b6f0a8fa30db7901bf98171b8f1c72ba,775
revision_outputs/cg_suite/E5_split_comparison/grid_256/spatial_tile/cnn_tcn/linear/split_seed_42/metrics.json,fec29ff74c9e584381c492fc80f5567623f438d97d86e9421aa3013b35e07f4f,1005
revision_outputs/cg_suite/E5_split_comparison/grid_256/spatial_tile/cnn_tcn/linear/split_seed_42/prediction_map.npy,bdd98f23ebdc56bf336d4071ae49db51368e0fcb68c7f123757e09bc628fec4c,262272
revision_outputs/cg_suite/E5_split_comparison/grid_256/spatial_tile/cnn_tcn/linear/split_seed_42/reference_vs_prediction.png,2e2ea71f182136ff5a45425b2f046b7e064e861164396405d31c66284cf252b4,321540
revision_outputs/cg_suite/E5_split_comparison/grid_256/spatial_tile/cnn_tcn/linear/split_seed_42/residual_plot.png,8132a3fbc5282fbde77b2de0ee61f87da16542c97b866b21baed1d8908af3c79,33121
revision_outputs/cg_suite/E5_split_comparison/grid_256/spatial_tile/cnn_tcn/linear/split_seed_42/scatter_true_vs_pred.png,72b61cc4b6c3197d21401a81e4f30c0892446726fa80fd66b9dbb3f01ac1147a,44074
revision_outputs/cg_suite/E5_split_comparison/grid_256/spatial_tile/cnn_tcn/linear/split_seed_42/split_masks.npz,aa87bd7754c73033f6fbca318704cb344d8f8307fb9362cf868f12dc9d85a42e,5093
revision_outputs/cg_suite/E5_split_comparison/grid_256/spatial_tile/cnn_tcn/linear/split_seed_42/target_map.npy,1e59eb26cb015535fc837f588d10b6c675b78ad23f6259fdd0725a814f18b221,262272
revision_outputs/cg_suite/E5_split_comparison/grid_256/spatial_tile/cnn_tcn/linear/split_seed_42/training_history.csv,c81880baa11d5c6c50a21c4314be55a159df446d1c30e70f1884a8fecadc14f5,484
revision_outputs/cg_suite/E5_split_comparison/grid_256/spatial_tile/cnn_tcn/linear/split_seed_43/binned_error.png,ec828ac173af9f02910f27cdee7fa2c711c01046e2aac318e0190449a20d564f,41586
revision_outputs/cg_suite/E5_split_comparison/grid_256/spatial_tile/cnn_tcn/linear/split_seed_43/binned_residuals_boxplot.png,d14c24020afeaf538cb1a5d95a89002741bb6bd1c2d85360a59d9c5762cc6156,55668
revision_outputs/cg_suite/E5_split_comparison/grid_256/spatial_tile/cnn_tcn/linear/split_seed_43/config_snapshot.json,e67004752ed74bc39995b5eb14dc48083ece39e35a68aa052d20c22dfdd93fc8,1802
revision_outputs/cg_suite/E5_split_comparison/grid_256/spatial_tile/cnn_tcn/linear/split_seed_43/last_input_map.npy,9a48065e98df9bb0200b16e885c5e0f98373d92e1fd0195829a8f8628f9ede66,262272
revision_outputs/cg_suite/E5_split_comparison/grid_256/spatial_tile/cnn_tcn/linear/split_seed_43/metrics.csv,fa2891b81ba94c271ede8b1d4deaa8e54e4c8574cb0a9a8e056b015ce7099248,771
revision_outputs/cg_suite/E5_split_comparison/grid_256/spatial_tile/cnn_tcn/linear/split_seed_43/metrics.json,bb4f358842a9f4f86b2a5e3f51ecce79acc81a7dce5e8920266f76a84d67a75b,1001
revision_outputs/cg_suite/E5_split_comparison/grid_256/spatial_tile/cnn_tcn/linear/split_seed_43/prediction_map.npy,ce8d0e9dd432cfed6c07e8fb67bdcc143059985d0634744fc5ac41ff1c947dff,262272
revision_outputs/cg_suite/E5_split_comparison/grid_256/spatial_tile/cnn_tcn/linear/split_seed_43/reference_vs_prediction.png,b19a980007a1d6d4a5fd45f0d6948fdbc3f9bf341b4a4a7fa6c4e396530472f6,321351
revision_outputs/cg_suite/E5_split_comparison/grid_256/spatial_tile/cnn_tcn/linear/split_seed_43/residual_plot.png,7725c3f3bfe9be0509e764252c12de70226b73d9cbb19eb5e5b70325eec1af2e,32933
revision_outputs/cg_suite/E5_split_comparison/grid_256/spatial_tile/cnn_tcn/linear/split_seed_43/scatter_true_vs_pred.png,37e5004337cd31f38252e2d4f960c29728ab7d977eba9f0d6243075156283a20,44770
revision_outputs/cg_suite/E5_split_comparison/grid_256/spatial_tile/cnn_tcn/linear/split_seed_43/split_masks.npz,b323933f7c125c832058aa2565acec87c0366ed7ad0b10fe8efeb214892db378,4960
revision_outputs/cg_suite/E5_split_comparison/grid_256/spatial_tile/cnn_tcn/linear/split_seed_43/target_map.npy,1e59eb26cb015535fc837f588d10b6c675b78ad23f6259fdd0725a814f18b221,262272
revision_outputs/cg_suite/E5_split_comparison/grid_256/spatial_tile/cnn_tcn/linear/split_seed_43/training_history.csv,c5e979c305e9b6043ec3d2f7149880d6b8eafe74f0d9c423052189631edc553c,486
revision_outputs/cg_suite/E5_split_comparison/grid_256/spatial_tile/cnn_tcn/linear/split_seed_44/binned_error.png,f797d028d48c329c57c99d4ae918583e63e8e1cd51278b694d071daa615ca9c7,41624
revision_outputs/cg_suite/E5_split_comparison/grid_256/spatial_tile/cnn_tcn/linear/split_seed_44/binned_residuals_boxplot.png,cb15923f03a022639774be20af7a1cbd6f6b30dfd809a892807b031fbec095ce,55067
revision_outputs/cg_suite/E5_split_comparison/grid_256/spatial_tile/cnn_tcn/linear/split_seed_44/config_snapshot.json,64fb40a5cacc6fc75e2d2f6f2b3103e086d9cbd16120652b2005022ae7f370a4,1802
revision_outputs/cg_suite/E5_split_comparison/grid_256/spatial_tile/cnn_tcn/linear/split_seed_44/last_input_map.npy,9a48065e98df9bb0200b16e885c5e0f98373d92e1fd0195829a8f8628f9ede66,262272
revision_outputs/cg_suite/E5_split_comparison/grid_256/spatial_tile/cnn_tcn/linear/split_seed_44/metrics.csv,10a49b6da5ad3a56b2e200e749d418f8bb3a1905c3fde9c63ba53a2a67a7804b,770
revision_outputs/cg_suite/E5_split_comparison/grid_256/spatial_tile/cnn_tcn/linear/split_seed_44/metrics.json,0b2d699479a30fcfde483f3da83045f7d85d533aa0172174ae799e7777c065d2,1000
revision_outputs/cg_suite/E5_split_comparison/grid_256/spatial_tile/cnn_tcn/linear/split_seed_44/prediction_map.npy,5e5466b06e4cce1da25c8e4ac1b451e9ebd5be935c4412a4cb6068dda12ca003,262272
revision_outputs/cg_suite/E5_split_comparison/grid_256/spatial_tile/cnn_tcn/linear/split_seed_44/reference_vs_prediction.png,cf0c46cfe31e041675148b94625b391a94d9c67aa771dc09ea5222d2a92dc8a2,324264
revision_outputs/cg_suite/E5_split_comparison/grid_256/spatial_tile/cnn_tcn/linear/split_seed_44/residual_plot.png,f9e8305048a8aa610cdcab81f67b03d6eeb2a40d04debe77020d5d90e8a13717,32994
revision_outputs/cg_suite/E5_split_comparison/grid_256/spatial_tile/cnn_tcn/linear/split_seed_44/scatter_true_vs_pred.png,2c9699d690b56fe1e6484f99b7a5afd87a09c1bab53923b95a41b610380298bc,44690
revision_outputs/cg_suite/E5_split_comparison/grid_256/spatial_tile/cnn_tcn/linear/split_seed_44/split_masks.npz,dc4e472d4ff09f561e1361da6f2d4a7c3bb5470862a13b149e680a480bc8139b,5058
revision_outputs/cg_suite/E5_split_comparison/grid_256/spatial_tile/cnn_tcn/linear/split_seed_44/target_map.npy,1e59eb26cb015535fc837f588d10b6c675b78ad23f6259fdd0725a814f18b221,262272
revision_outputs/cg_suite/E5_split_comparison/grid_256/spatial_tile/cnn_tcn/linear/split_seed_44/training_history.csv,fcaa39ebaf7a348bdebdf5b9829287fbb843689edffddb732b99dab44c35d3a1,485
revision_outputs/cg_suite/E5_split_comparison/grid_256/spatial_tile/cnn_tcn/linear/split_seed_45/binned_error.png,09b47b2a5fbd344539ef07828736ab59438bcd33789e49f8c95b31df5bedb097,42978
revision_outputs/cg_suite/E5_split_comparison/grid_256/spatial_tile/cnn_tcn/linear/split_seed_45/binned_residuals_boxplot.png,45584819eab0126802d39a40209258ab3acf68699c17ceaeb5f11b8053534d74,49103
revision_outputs/cg_suite/E5_split_comparison/grid_256/spatial_tile/cnn_tcn/linear/split_seed_45/config_snapshot.json,26ce402861503955497ebabdd95e743915097d8fde8ba480235f4361e058bc18,1802
revision_outputs/cg_suite/E5_split_comparison/grid_256/spatial_tile/cnn_tcn/linear/split_seed_45/last_input_map.npy,9a48065e98df9bb0200b16e885c5e0f98373d92e1fd0195829a8f8628f9ede66,262272
revision_outputs/cg_suite/E5_split_comparison/grid_256/spatial_tile/cnn_tcn/linear/split_seed_45/metrics.csv,8c5707986cc7f76e6046c3a4d3daf645645d03882cc34ea4a67f315c8fdc3c5c,772
revision_outputs/cg_suite/E5_split_comparison/grid_256/spatial_tile/cnn_tcn/linear/split_seed_45/metrics.json,d01c30c53253397d7a1513602a51ac9eee1093128a249bc334af19c0aa8b9d8d,1002
revision_outputs/cg_suite/E5_split_comparison/grid_256/spatial_tile/cnn_tcn/linear/split_seed_45/prediction_map.npy,2f59e4611efe43ee18eea2b93ea2bf1fe49ed5297d8d1a14f75a146afce09bec,262272
revision_outputs/cg_suite/E5_split_comparison/grid_256/spatial_tile/cnn_tcn/linear/split_seed_45/reference_vs_prediction.png,e0b401bc29581d67e7137512a07b7889c6670090e32a23025cc60b43f36a8705,321625
revision_outputs/cg_suite/E5_split_comparison/grid_256/spatial_tile/cnn_tcn/linear/split_seed_45/residual_plot.png,2ef98e6739e51649595f11c143dab819f1eb0c9d319461f130014f248a101a9b,37286
revision_outputs/cg_suite/E5_split_comparison/grid_256/spatial_tile/cnn_tcn/linear/split_seed_45/scatter_true_vs_pred.png,0d5e255fc9a524cef1faf31df89750de63bc54a5ade4b35e59775613e10c0083,47765
revision_outputs/cg_suite/E5_split_comparison/grid_256/spatial_tile/cnn_tcn/linear/split_seed_45/split_masks.npz,9f4427996aac0677942e3dcb92a43587024aa3e8af163de64f4941b1377e52b0,4987
revision_outputs/cg_suite/E5_split_comparison/grid_256/spatial_tile/cnn_tcn/linear/split_seed_45/target_map.npy,1e59eb26cb015535fc837f588d10b6c675b78ad23f6259fdd0725a814f18b221,262272
revision_outputs/cg_suite/E5_split_comparison/grid_256/spatial_tile/cnn_tcn/linear/split_seed_45/training_history.csv,8e23ac74200a76092fa15be9f5b7adcb5ebc3c6a06c70e529126674a94498a6e,483
revision_outputs/cg_suite/E5_split_comparison/grid_256/spatial_tile/cnn_tcn/linear/split_seed_46/binned_error.png,095260891ddfeb595e8fbac0ddaaa0cfcdd3ac58045fd6c965982c0d2d6eb1d5,37829
revision_outputs/cg_suite/E5_split_comparison/grid_256/spatial_tile/cnn_tcn/linear/split_seed_46/binned_residuals_boxplot.png,898a1cf1550c5c6b9af946658e45ba2df2ca7e3188b9627df18d80b7ac22aad1,55043
revision_outputs/cg_suite/E5_split_comparison/grid_256/spatial_tile/cnn_tcn/linear/split_seed_46/config_snapshot.json,52b7ebf552b9f07711cdf26f51ea4304893f382ddcfb5a0f86f09ac9c24ca006,1802
revision_outputs/cg_suite/E5_split_comparison/grid_256/spatial_tile/cnn_tcn/linear/split_seed_46/last_input_map.npy,9a48065e98df9bb0200b16e885c5e0f98373d92e1fd0195829a8f8628f9ede66,262272
revision_outputs/cg_suite/E5_split_comparison/grid_256/spatial_tile/cnn_tcn/linear/split_seed_46/metrics.csv,dbb88ce135b3cb991376b9251c51f441a2caff8e3a8ec2682aba2744ca9f97cf,773
revision_outputs/cg_suite/E5_split_comparison/grid_256/spatial_tile/cnn_tcn/linear/split_seed_46/metrics.json,be4eb996d457bcc22cbf78baf08b1ad6401f521ae6f45713dd986a6f2f50c846,1003
revision_outputs/cg_suite/E5_split_comparison/grid_256/spatial_tile/cnn_tcn/linear/split_seed_46/prediction_map.npy,27cf74cca0cf151b377a0a2d49e8789c582dfac23a3421886285f596a2fd945f,262272
revision_outputs/cg_suite/E5_split_comparison/grid_256/spatial_tile/cnn_tcn/linear/split_seed_46/reference_vs_prediction.png,cc79d8c662fc917e9dcdc2c3a7ae27fe6d3799fc24a88c8c5d794f85fd1988f8,320419
revision_outputs/cg_suite/E5_split_comparison/grid_256/spatial_tile/cnn_tcn/linear/split_seed_46/residual_plot.png,e21dc9b35da00b07a4799deba003a057cb046c5f087704073bfafcc35c53a816,35235
revision_outputs/cg_suite/E5_split_comparison/grid_256/spatial_tile/cnn_tcn/linear/split_seed_46/scatter_true_vs_pred.png,4a0c1f7cf03a86200f3345ff47c69778d8c235d9d8eba3b13c3f672f348c88e8,47284
revision_outputs/cg_suite/E5_split_comparison/grid_256/spatial_tile/cnn_tcn/linear/split_seed_46/split_masks.npz,b147155d168780531b89106b8cff37420d8650cce600f3ae472a5a857fa46329,5022
revision_outputs/cg_suite/E5_split_comparison/grid_256/spatial_tile/cnn_tcn/linear/split_seed_46/target_map.npy,1e59eb26cb015535fc837f588d10b6c675b78ad23f6259fdd0725a814f18b221,262272
revision_outputs/cg_suite/E5_split_comparison/grid_256/spatial_tile/cnn_tcn/linear/split_seed_46/training_history.csv,bc2674b754ba141ba020bc141d754e2157c6e962f7c0c96c91123c854b85bc55,482
revision_outputs/cg_suite/E5_split_comparison/grid_256/spatial_tile/lightgbm/linear/split_seed_42/binned_error.png,1206a458b094ce0c18bad9f20328c4bd3400126a2fef136bf21de1c02005f7a9,32083
revision_outputs/cg_suite/E5_split_comparison/grid_256/spatial_tile/lightgbm/linear/split_seed_42/binned_residuals_boxplot.png,ed5a82852dbbac42befe6a63df0339cdf57da5dc1fd9b689870664081534ff40,55851
revision_outputs/cg_suite/E5_split_comparison/grid_256/spatial_tile/lightgbm/linear/split_seed_42/config_snapshot.json,f88f85ae3f25d101ff972aa35c484fe2fb2a644bc331a706539b553929c61979,1802
revision_outputs/cg_suite/E5_split_comparison/grid_256/spatial_tile/lightgbm/linear/split_seed_42/lightgbm_model.txt,d448616d455e101705d9695fbd638dba175c90a57047d75fc546383f54b0d1d0,253984
revision_outputs/cg_suite/E5_split_comparison/grid_256/spatial_tile/lightgbm/linear/split_seed_42/metrics.csv,f7e6df7843bd535ca21293f79ef2498283ccedafa96066c5f0ebf26d5e7863a3,447
revision_outputs/cg_suite/E5_split_comparison/grid_256/spatial_tile/lightgbm/linear/split_seed_42/metrics.json,ba94c95a7d1110448b27d948fdbc9160dddb32080e46bd13b7877666e67a5d2a,587
revision_outputs/cg_suite/E5_split_comparison/grid_256/spatial_tile/lightgbm/linear/split_seed_42/prediction_map.npy,048099bb21ff9d0f68e094a88df6e1b2e03c5cc4692fcd084aa2de10688a06bf,262272
revision_outputs/cg_suite/E5_split_comparison/grid_256/spatial_tile/lightgbm/linear/split_seed_42/reference_vs_prediction.png,496434e41d15be7d403dde117ffcdc91a3d7962057bdd354882db361075f453d,543974
revision_outputs/cg_suite/E5_split_comparison/grid_256/spatial_tile/lightgbm/linear/split_seed_42/residual_plot.png,5cf5a83aa218a42ff4ce8ce42cf1a1ad568b8c73741691de623a5e9398755114,42344
revision_outputs/cg_suite/E5_split_comparison/grid_256/spatial_tile/lightgbm/linear/split_seed_42/scatter_true_vs_pred.png,a62371996de8f8003d4d454c5e8c7d89b081e344760776cf0907b87e46198db8,59784
revision_outputs/cg_suite/E5_split_comparison/grid_256/spatial_tile/lightgbm/linear/split_seed_42/split_masks.npz,aa87bd7754c73033f6fbca318704cb344d8f8307fb9362cf868f12dc9d85a42e,5093
revision_outputs/cg_suite/E5_split_comparison/grid_256/spatial_tile/lightgbm/linear/split_seed_42/target_map.npy,1e59eb26cb015535fc837f588d10b6c675b78ad23f6259fdd0725a814f18b221,262272
revision_outputs/cg_suite/E5_split_comparison/grid_256/spatial_tile/lightgbm/linear/split_seed_43/binned_error.png,b0747028ce4a8260cbd0dede46c790a1305c5c24b8a833890a39b7fe4f23c39b,35293
revision_outputs/cg_suite/E5_split_comparison/grid_256/spatial_tile/lightgbm/linear/split_seed_43/binned_residuals_boxplot.png,7ea76dfae1664ab04350aa0f8b0b2e51587cffae686d5ade7e2648c5d8a2f009,56696
revision_outputs/cg_suite/E5_split_comparison/grid_256/spatial_tile/lightgbm/linear/split_seed_43/config_snapshot.json,e67004752ed74bc39995b5eb14dc48083ece39e35a68aa052d20c22dfdd93fc8,1802
revision_outputs/cg_suite/E5_split_comparison/grid_256/spatial_tile/lightgbm/linear/split_seed_43/lightgbm_model.txt,de7468a1c262fb2009771b03de1131d328f5468b7e282e8dfafecc891962f6e8,435872
revision_outputs/cg_suite/E5_split_comparison/grid_256/spatial_tile/lightgbm/linear/split_seed_43/metrics.csv,eceee7e83e1347844c9a82e2ff77c9be3200f6917704a17cd036174a49a52d5a,446
revision_outputs/cg_suite/E5_split_comparison/grid_256/spatial_tile/lightgbm/linear/split_seed_43/metrics.json,b3e1419d624ea18fbac0caf6b83e4ca9f6004fef64de3fae0da66bf64ef2999a,586
revision_outputs/cg_suite/E5_split_comparison/grid_256/spatial_tile/lightgbm/linear/split_seed_43/prediction_map.npy,dfd3f5e1d6698f79f76d0daffff5afc5a9a16231958cdd2ef72c1c29b4b56ea1,262272
revision_outputs/cg_suite/E5_split_comparison/grid_256/spatial_tile/lightgbm/linear/split_seed_43/reference_vs_prediction.png,e58ae2b7d6bae5151d461db76b45d515be1f06741093dc5e2b11db14cefffe64,544946
revision_outputs/cg_suite/E5_split_comparison/grid_256/spatial_tile/lightgbm/linear/split_seed_43/residual_plot.png,65700dd6fbd781b65df5a26ca76cb27b744bca0c57697a906791bef998339170,38815
revision_outputs/cg_suite/E5_split_comparison/grid_256/spatial_tile/lightgbm/linear/split_seed_43/scatter_true_vs_pred.png,1264b7db5a7de6a8c7c2dba0b5db64307e320f5b57c5cd0e59be67d91a98c5ed,56128
revision_outputs/cg_suite/E5_split_comparison/grid_256/spatial_tile/lightgbm/linear/split_seed_43/split_masks.npz,b323933f7c125c832058aa2565acec87c0366ed7ad0b10fe8efeb214892db378,4960
revision_outputs/cg_suite/E5_split_comparison/grid_256/spatial_tile/lightgbm/linear/split_seed_43/target_map.npy,1e59eb26cb015535fc837f588d10b6c675b78ad23f6259fdd0725a814f18b221,262272
revision_outputs/cg_suite/E5_split_comparison/grid_256/spatial_tile/lightgbm/linear/split_seed_44/binned_error.png,876821d0f342e71b44a507cfd8395b7c06504ac9d32ac6f15dd66b87f9dd2b0e,35424
revision_outputs/cg_suite/E5_split_comparison/grid_256/spatial_tile/lightgbm/linear/split_seed_44/binned_residuals_boxplot.png,445724ed6663026437de8709a1858711bfdbf918166b3cd20260595399b992ab,55551
revision_outputs/cg_suite/E5_split_comparison/grid_256/spatial_tile/lightgbm/linear/split_seed_44/config_snapshot.json,64fb40a5cacc6fc75e2d2f6f2b3103e086d9cbd16120652b2005022ae7f370a4,1802
revision_outputs/cg_suite/E5_split_comparison/grid_256/spatial_tile/lightgbm/linear/split_seed_44/lightgbm_model.txt,d968920f0eb2a45fe1b200a368ec938a95f8ff64896f9766b2d48c4954def20d,313388
revision_outputs/cg_suite/E5_split_comparison/grid_256/spatial_tile/lightgbm/linear/split_seed_44/metrics.csv,3e44f135ce76cc565f79d9bb9044666c3c966df13f8be901e67d16aa45ad9567,446
revision_outputs/cg_suite/E5_split_comparison/grid_256/spatial_tile/lightgbm/linear/split_seed_44/metrics.json,56ae460be3ad3b3904916483f515b0927a26f161c0517b836f05e78c5e6bb78b,586
revision_outputs/cg_suite/E5_split_comparison/grid_256/spatial_tile/lightgbm/linear/split_seed_44/prediction_map.npy,41dcdf73c73b450154ee7d71c5e01a285ff71d61042f3da2f69596bb15ad8d34,262272
revision_outputs/cg_suite/E5_split_comparison/grid_256/spatial_tile/lightgbm/linear/split_seed_44/reference_vs_prediction.png,d584cb5e9684931fa9944738693793bd94449369635c7ceea0718241a6d991bd,545184
revision_outputs/cg_suite/E5_split_comparison/grid_256/spatial_tile/lightgbm/linear/split_seed_44/residual_plot.png,ba6c8b916f086bb53cff242c1905d45f9d6b2a15e1ca49b24aa3144fbe95ee7b,37791
revision_outputs/cg_suite/E5_split_comparison/grid_256/spatial_tile/lightgbm/linear/split_seed_44/scatter_true_vs_pred.png,8bf956872de812de8315d3949ede74a7ff8915f5de893d920e25bf657f6e83bd,55180
revision_outputs/cg_suite/E5_split_comparison/grid_256/spatial_tile/lightgbm/linear/split_seed_44/split_masks.npz,dc4e472d4ff09f561e1361da6f2d4a7c3bb5470862a13b149e680a480bc8139b,5058
revision_outputs/cg_suite/E5_split_comparison/grid_256/spatial_tile/lightgbm/linear/split_seed_44/target_map.npy,1e59eb26cb015535fc837f588d10b6c675b78ad23f6259fdd0725a814f18b221,262272
revision_outputs/cg_suite/E5_split_comparison/grid_256/spatial_tile/lightgbm/linear/split_seed_45/binned_error.png,edf3ae7f5ca7ae7f4b8aa56dc699a5b6402c45319ae37b05f243716adb567f29,43088
revision_outputs/cg_suite/E5_split_comparison/grid_256/spatial_tile/lightgbm/linear/split_seed_45/binned_residuals_boxplot.png,0e9d294234d3350dc41cd72b9d6c74e20597476e10914ecc1ff2e64ecde75988,71277
revision_outputs/cg_suite/E5_split_comparison/grid_256/spatial_tile/lightgbm/linear/split_seed_45/config_snapshot.json,26ce402861503955497ebabdd95e743915097d8fde8ba480235f4361e058bc18,1802
revision_outputs/cg_suite/E5_split_comparison/grid_256/spatial_tile/lightgbm/linear/split_seed_45/lightgbm_model.txt,25f33f07fb3f50bef0ad3bdeb0e11a3aa8b27e687a60b74c9f2e6b03b33826b3,457960
revision_outputs/cg_suite/E5_split_comparison/grid_256/spatial_tile/lightgbm/linear/split_seed_45/metrics.csv,9ff438bdb59b030a3f94c7ef5b906489b5d1cca3afed620155920408d619cc17,445
revision_outputs/cg_suite/E5_split_comparison/grid_256/spatial_tile/lightgbm/linear/split_seed_45/metrics.json,85380d9145f18b3cebc13f8a3952f4883cf9a3e19de40eece2eb273ccb9319b1,585
revision_outputs/cg_suite/E5_split_comparison/grid_256/spatial_tile/lightgbm/linear/split_seed_45/prediction_map.npy,b74c6621236af870d3d4cdb66237477d0bbcaeaa3d55d2f0094b56284e9d7423,262272
revision_outputs/cg_suite/E5_split_comparison/grid_256/spatial_tile/lightgbm/linear/split_seed_45/reference_vs_prediction.png,987a1bba42af0212831e364b8b79d243e6b062ba9896d1e6c95f3660149eb8c0,544816
revision_outputs/cg_suite/E5_split_comparison/grid_256/spatial_tile/lightgbm/linear/split_seed_45/residual_plot.png,4de6be221be659813bb550cdc3ad9f7014a726dee89021d2c18f2215d19c0bc7,92388
revision_outputs/cg_suite/E5_split_comparison/grid_256/spatial_tile/lightgbm/linear/split_seed_45/scatter_true_vs_pred.png,8eef426b54b09b22881d822ecfcf04b1eb001955b43babca478bc14b1ac61231,91462
revision_outputs/cg_suite/E5_split_comparison/grid_256/spatial_tile/lightgbm/linear/split_seed_45/split_masks.npz,9f4427996aac0677942e3dcb92a43587024aa3e8af163de64f4941b1377e52b0,4987
revision_outputs/cg_suite/E5_split_comparison/grid_256/spatial_tile/lightgbm/linear/split_seed_45/target_map.npy,1e59eb26cb015535fc837f588d10b6c675b78ad23f6259fdd0725a814f18b221,262272
revision_outputs/cg_suite/E5_split_comparison/grid_256/spatial_tile/lightgbm/linear/split_seed_46/binned_error.png,13ef6b60442948d5d0474881ab8fe15d01bdaa14b3319713fb2bc24350c0f4c6,41611
revision_outputs/cg_suite/E5_split_comparison/grid_256/spatial_tile/lightgbm/linear/split_seed_46/binned_residuals_boxplot.png,6a7475b7471f2efa4ca1db5138b9429b6ee6321f2e763419f16cb2a65bab1587,56673
revision_outputs/cg_suite/E5_split_comparison/grid_256/spatial_tile/lightgbm/linear/split_seed_46/config_snapshot.json,52b7ebf552b9f07711cdf26f51ea4304893f382ddcfb5a0f86f09ac9c24ca006,1802
revision_outputs/cg_suite/E5_split_comparison/grid_256/spatial_tile/lightgbm/linear/split_seed_46/lightgbm_model.txt,dbabee106bfcec72b434e1879edf41950ccc0af0f4debb72cad09fb7f3995908,312433
revision_outputs/cg_suite/E5_split_comparison/grid_256/spatial_tile/lightgbm/linear/split_seed_46/metrics.csv,e79b931de34d1b0a0fed36a8d38dae68bef78098a28cee4ac91b8f64cdb0f9a4,447
revision_outputs/cg_suite/E5_split_comparison/grid_256/spatial_tile/lightgbm/linear/split_seed_46/metrics.json,ac587c48789653858ac71dcef756ae2ffe9a80457bb32bba23ab7b73a019e3a4,587
revision_outputs/cg_suite/E5_split_comparison/grid_256/spatial_tile/lightgbm/linear/split_seed_46/prediction_map.npy,31e649d8a793dea875cdaf7cc7d1aa408c619414872627ac0c52a6818473a8d2,262272
revision_outputs/cg_suite/E5_split_comparison/grid_256/spatial_tile/lightgbm/linear/split_seed_46/reference_vs_prediction.png,452129c7f11795d7ac0af34578806b1cbc9c1ed691fb65ef31897d68e902a498,544726
revision_outputs/cg_suite/E5_split_comparison/grid_256/spatial_tile/lightgbm/linear/split_seed_46/residual_plot.png,8761bb42352bd7cab0cbd429a87c548dc66e92aa4657169b65be61c47fa96fc9,43259
revision_outputs/cg_suite/E5_split_comparison/grid_256/spatial_tile/lightgbm/linear/split_seed_46/scatter_true_vs_pred.png,3f905aa345ed338e08105679655ac089c867f73fccff32a2911a428216a6621d,63321
revision_outputs/cg_suite/E5_split_comparison/grid_256/spatial_tile/lightgbm/linear/split_seed_46/split_masks.npz,b147155d168780531b89106b8cff37420d8650cce600f3ae472a5a857fa46329,5022
revision_outputs/cg_suite/E5_split_comparison/grid_256/spatial_tile/lightgbm/linear/split_seed_46/target_map.npy,1e59eb26cb015535fc837f588d10b6c675b78ad23f6259fdd0725a814f18b221,262272
revision_outputs/cg_suite/E5_split_comparison/grid_256/spatial_tile/persistence/linear/split_seed_42/binned_error.png,d1d73c38a3602462e43ac360147004f111b702dcfb8bcf394ab91adcf1df9a30,40164
revision_outputs/cg_suite/E5_split_comparison/grid_256/spatial_tile/persistence/linear/split_seed_42/binned_residuals_boxplot.png,ed8be98a5b17a6d326b24f78a62819a70cc4d1134f18bb1465d521bb83ac7dcf,64835
revision_outputs/cg_suite/E5_split_comparison/grid_256/spatial_tile/persistence/linear/split_seed_42/config_snapshot.json,f88f85ae3f25d101ff972aa35c484fe2fb2a644bc331a706539b553929c61979,1802
revision_outputs/cg_suite/E5_split_comparison/grid_256/spatial_tile/persistence/linear/split_seed_42/last_input_map.npy,9a48065e98df9bb0200b16e885c5e0f98373d92e1fd0195829a8f8628f9ede66,262272
revision_outputs/cg_suite/E5_split_comparison/grid_256/spatial_tile/persistence/linear/split_seed_42/metrics.csv,df137784b3c5dd811f75134f2bab8a8f0496a6d8ea1c5a164873152c9dd3a917,661
revision_outputs/cg_suite/E5_split_comparison/grid_256/spatial_tile/persistence/linear/split_seed_42/metrics.json,fc7a6443d678b58a97007e97d9ed981b5484f09494afa041adec9d0536b9fad2,852
revision_outputs/cg_suite/E5_split_comparison/grid_256/spatial_tile/persistence/linear/split_seed_42/prediction_map.npy,9a48065e98df9bb0200b16e885c5e0f98373d92e1fd0195829a8f8628f9ede66,262272
revision_outputs/cg_suite/E5_split_comparison/grid_256/spatial_tile/persistence/linear/split_seed_42/reference_vs_prediction.png,655c71542f32f8fbecaaed5019b060889b9e4791ba096308aa4da30c0492bcc0,551789
revision_outputs/cg_suite/E5_split_comparison/grid_256/spatial_tile/persistence/linear/split_seed_42/residual_plot.png,f36f0a87564f0de511f66b832c81fdc81da87981cba98919fe75a75a12901718,63224
revision_outputs/cg_suite/E5_split_comparison/grid_256/spatial_tile/persistence/linear/split_seed_42/scatter_true_vs_pred.png,03b16b52c8da5a48ac087bc6ee0df6bebb5364b8416584b65faa16d647497e41,59420
revision_outputs/cg_suite/E5_split_comparison/grid_256/spatial_tile/persistence/linear/split_seed_42/split_masks.npz,aa87bd7754c73033f6fbca318704cb344d8f8307fb9362cf868f12dc9d85a42e,5093
revision_outputs/cg_suite/E5_split_comparison/grid_256/spatial_tile/persistence/linear/split_seed_42/target_map.npy,1e59eb26cb015535fc837f588d10b6c675b78ad23f6259fdd0725a814f18b221,262272
revision_outputs/cg_suite/E5_split_comparison/grid_256/spatial_tile/persistence/linear/split_seed_43/binned_error.png,31800e96bf83f843cf2925d7826770e876656a1d712a0683f78df527a915c135,46515
revision_outputs/cg_suite/E5_split_comparison/grid_256/spatial_tile/persistence/linear/split_seed_43/binned_residuals_boxplot.png,d13c12e2552788ae987a44c56f00bcc4f3dc7d12601395e07eae7b6ecb01acaf,61498
revision_outputs/cg_suite/E5_split_comparison/grid_256/spatial_tile/persistence/linear/split_seed_43/config_snapshot.json,e67004752ed74bc39995b5eb14dc48083ece39e35a68aa052d20c22dfdd93fc8,1802
revision_outputs/cg_suite/E5_split_comparison/grid_256/spatial_tile/persistence/linear/split_seed_43/last_input_map.npy,9a48065e98df9bb0200b16e885c5e0f98373d92e1fd0195829a8f8628f9ede66,262272
revision_outputs/cg_suite/E5_split_comparison/grid_256/spatial_tile/persistence/linear/split_seed_43/metrics.csv,fb6d5c5b2194b4bbe6306e9c240d6b578a3ef0e1731551c4fa062effe088a712,659
revision_outputs/cg_suite/E5_split_comparison/grid_256/spatial_tile/persistence/linear/split_seed_43/metrics.json,7f84e73cf09dda340b19d7e4c334043403ee2370c7ad56021dcf7212496ff9da,850
revision_outputs/cg_suite/E5_split_comparison/grid_256/spatial_tile/persistence/linear/split_seed_43/prediction_map.npy,9a48065e98df9bb0200b16e885c5e0f98373d92e1fd0195829a8f8628f9ede66,262272
revision_outputs/cg_suite/E5_split_comparison/grid_256/spatial_tile/persistence/linear/split_seed_43/reference_vs_prediction.png,655c71542f32f8fbecaaed5019b060889b9e4791ba096308aa4da30c0492bcc0,551789
revision_outputs/cg_suite/E5_split_comparison/grid_256/spatial_tile/persistence/linear/split_seed_43/residual_plot.png,730ca979c3a942991f715f54a906f56799aec5cb89112724fd498e79594cd11a,58097
revision_outputs/cg_suite/E5_split_comparison/grid_256/spatial_tile/persistence/linear/split_seed_43/scatter_true_vs_pred.png,fc1b90db5e60428c771b5e30a0d6a53d38bde2bc5846e9cab87f44ff573c7280,57675
revision_outputs/cg_suite/E5_split_comparison/grid_256/spatial_tile/persistence/linear/split_seed_43/split_masks.npz,b323933f7c125c832058aa2565acec87c0366ed7ad0b10fe8efeb214892db378,4960
revision_outputs/cg_suite/E5_split_comparison/grid_256/spatial_tile/persistence/linear/split_seed_43/target_map.npy,1e59eb26cb015535fc837f588d10b6c675b78ad23f6259fdd0725a814f18b221,262272
revision_outputs/cg_suite/E5_split_comparison/grid_256/spatial_tile/persistence/linear/split_seed_44/binned_error.png,92d960c3803cf518aa90f2f6dcd2623680d072af7248db094d81b2dd0f809235,45506
revision_outputs/cg_suite/E5_split_comparison/grid_256/spatial_tile/persistence/linear/split_seed_44/binned_residuals_boxplot.png,745bf70067f868c5518872e6239b0221e8819c87cba0540027bb3459fb6bae6f,69257
revision_outputs/cg_suite/E5_split_comparison/grid_256/spatial_tile/persistence/linear/split_seed_44/config_snapshot.json,64fb40a5cacc6fc75e2d2f6f2b3103e086d9cbd16120652b2005022ae7f370a4,1802
revision_outputs/cg_suite/E5_split_comparison/grid_256/spatial_tile/persistence/linear/split_seed_44/last_input_map.npy,9a48065e98df9bb0200b16e885c5e0f98373d92e1fd0195829a8f8628f9ede66,262272
revision_outputs/cg_suite/E5_split_comparison/grid_256/spatial_tile/persistence/linear/split_seed_44/metrics.csv,c4468e5e2bb344767461a21eec214a95bc059ce2f91563c4edbf1afd9fe6e003,660
revision_outputs/cg_suite/E5_split_comparison/grid_256/spatial_tile/persistence/linear/split_seed_44/metrics.json,7db96415f29dc96cb3512560248b9d6e37305bcee2327313567e7e3c03cbf347,851
revision_outputs/cg_suite/E5_split_comparison/grid_256/spatial_tile/persistence/linear/split_seed_44/prediction_map.npy,9a48065e98df9bb0200b16e885c5e0f98373d92e1fd0195829a8f8628f9ede66,262272
revision_outputs/cg_suite/E5_split_comparison/grid_256/spatial_tile/persistence/linear/split_seed_44/reference_vs_prediction.png,655c71542f32f8fbecaaed5019b060889b9e4791ba096308aa4da30c0492bcc0,551789
revision_outputs/cg_suite/E5_split_comparison/grid_256/spatial_tile/persistence/linear/split_seed_44/residual_plot.png,7c2e1a036c5abab4b43badc9f88ee9eb24432dbd7281efa9f202fb5b595921b5,63532
revision_outputs/cg_suite/E5_split_comparison/grid_256/spatial_tile/persistence/linear/split_seed_44/scatter_true_vs_pred.png,2d4a19bb231bfc44a082a9277718832a683a043105969c7684156cb0498472ae,55722
revision_outputs/cg_suite/E5_split_comparison/grid_256/spatial_tile/persistence/linear/split_seed_44/split_masks.npz,dc4e472d4ff09f561e1361da6f2d4a7c3bb5470862a13b149e680a480bc8139b,5058
revision_outputs/cg_suite/E5_split_comparison/grid_256/spatial_tile/persistence/linear/split_seed_44/target_map.npy,1e59eb26cb015535fc837f588d10b6c675b78ad23f6259fdd0725a814f18b221,262272
revision_outputs/cg_suite/E5_split_comparison/grid_256/spatial_tile/persistence/linear/split_seed_45/binned_error.png,1776a65c40dff18b9e54e6dcb3053c17841de4c26dee2da1e2d3d3e2d831b76e,37417
revision_outputs/cg_suite/E5_split_comparison/grid_256/spatial_tile/persistence/linear/split_seed_45/binned_residuals_boxplot.png,9e37ed28963f9bf6f49bb1a0e53b1012abb72a42dba5bd60ff0695150c2b6ef7,64519
revision_outputs/cg_suite/E5_split_comparison/grid_256/spatial_tile/persistence/linear/split_seed_45/config_snapshot.json,26ce402861503955497ebabdd95e743915097d8fde8ba480235f4361e058bc18,1802
revision_outputs/cg_suite/E5_split_comparison/grid_256/spatial_tile/persistence/linear/split_seed_45/last_input_map.npy,9a48065e98df9bb0200b16e885c5e0f98373d92e1fd0195829a8f8628f9ede66,262272
revision_outputs/cg_suite/E5_split_comparison/grid_256/spatial_tile/persistence/linear/split_seed_45/metrics.csv,cf8afc56e4bca466e2e299806e900ed257e781cf269028236c296f465e6d5b1e,660
revision_outputs/cg_suite/E5_split_comparison/grid_256/spatial_tile/persistence/linear/split_seed_45/metrics.json,bab62a51f843bb4243da8ad960c6da3e5c6e689c44813cbac3c4156748550deb,851
revision_outputs/cg_suite/E5_split_comparison/grid_256/spatial_tile/persistence/linear/split_seed_45/prediction_map.npy,9a48065e98df9bb0200b16e885c5e0f98373d92e1fd0195829a8f8628f9ede66,262272
revision_outputs/cg_suite/E5_split_comparison/grid_256/spatial_tile/persistence/linear/split_seed_45/reference_vs_prediction.png,655c71542f32f8fbecaaed5019b060889b9e4791ba096308aa4da30c0492bcc0,551789
revision_outputs/cg_suite/E5_split_comparison/grid_256/spatial_tile/persistence/linear/split_seed_45/residual_plot.png,3f3736dcdd1c0c39c6e81b56a910665f30ae243678e47d202a5dec583a44e9fc,85550
revision_outputs/cg_suite/E5_split_comparison/grid_256/spatial_tile/persistence/linear/split_seed_45/scatter_true_vs_pred.png,f24f38d7f3d8230710b04ee6af80ac339fd9a7df845129849cb9b992836c5c83,94024
revision_outputs/cg_suite/E5_split_comparison/grid_256/spatial_tile/persistence/linear/split_seed_45/split_masks.npz,9f4427996aac0677942e3dcb92a43587024aa3e8af163de64f4941b1377e52b0,4987
revision_outputs/cg_suite/E5_split_comparison/grid_256/spatial_tile/persistence/linear/split_seed_45/target_map.npy,1e59eb26cb015535fc837f588d10b6c675b78ad23f6259fdd0725a814f18b221,262272
revision_outputs/cg_suite/E5_split_comparison/grid_256/spatial_tile/persistence/linear/split_seed_46/binned_error.png,3e9b22b93738cde0704cc7a43303ad95f1c7857ccf819481786752fedb23f248,36205
revision_outputs/cg_suite/E5_split_comparison/grid_256/spatial_tile/persistence/linear/split_seed_46/binned_residuals_boxplot.png,e598e520cb393a8130d97ed05a0f849ae24f276fc01400307e1e89db2469c14f,63173
revision_outputs/cg_suite/E5_split_comparison/grid_256/spatial_tile/persistence/linear/split_seed_46/config_snapshot.json,52b7ebf552b9f07711cdf26f51ea4304893f382ddcfb5a0f86f09ac9c24ca006,1802
revision_outputs/cg_suite/E5_split_comparison/grid_256/spatial_tile/persistence/linear/split_seed_46/last_input_map.npy,9a48065e98df9bb0200b16e885c5e0f98373d92e1fd0195829a8f8628f9ede66,262272
revision_outputs/cg_suite/E5_split_comparison/grid_256/spatial_tile/persistence/linear/split_seed_46/metrics.csv,3c380861fea2ff406f4aff9141f1261a947bb3e29fb2f2a1ce2c1e85c0b3ce5d,659
revision_outputs/cg_suite/E5_split_comparison/grid_256/spatial_tile/persistence/linear/split_seed_46/metrics.json,57a95b428eb92082359657b8a8dff191508903cd59772b1b98ef5b7f3b32019a,850
revision_outputs/cg_suite/E5_split_comparison/grid_256/spatial_tile/persistence/linear/split_seed_46/prediction_map.npy,9a48065e98df9bb0200b16e885c5e0f98373d92e1fd0195829a8f8628f9ede66,262272
revision_outputs/cg_suite/E5_split_comparison/grid_256/spatial_tile/persistence/linear/split_seed_46/reference_vs_prediction.png,655c71542f32f8fbecaaed5019b060889b9e4791ba096308aa4da30c0492bcc0,551789
revision_outputs/cg_suite/E5_split_comparison/grid_256/spatial_tile/persistence/linear/split_seed_46/residual_plot.png,a00c1b93e089154c0e576ba39b977f65715128017293febc567b0508232ce886,63384
revision_outputs/cg_suite/E5_split_comparison/grid_256/spatial_tile/persistence/linear/split_seed_46/scatter_true_vs_pred.png,54b2674fb745e647dd61daaa2a5835f8ab851c3837ad55d72ef682d5db194581,63373
revision_outputs/cg_suite/E5_split_comparison/grid_256/spatial_tile/persistence/linear/split_seed_46/split_masks.npz,b147155d168780531b89106b8cff37420d8650cce600f3ae472a5a857fa46329,5022
revision_outputs/cg_suite/E5_split_comparison/grid_256/spatial_tile/persistence/linear/split_seed_46/target_map.npy,1e59eb26cb015535fc837f588d10b6c675b78ad23f6259fdd0725a814f18b221,262272
revision_outputs/cg_suite/E5_split_comparison/grid_256/split_comparison_seed_level.csv,3cf6cdea603d478d5a5126a6ed8050b80e49099a687c1136e9ea07ae85d8901e,6191
revision_outputs/cg_suite/E5_split_comparison/grid_256/split_comparison_summary.csv,41d9d6b9111919c2ac87f444c9bbc9ef90f57c384dcdbe0dcc61b89f0765b865,2024
revision_outputs/cg_suite/E7_resolution_scaling/grid_128/cnn_lstm_maskaware/linear/split_seed_42/binned_error.png,3bbf9ea09bb36b5d68080195ce1945c620e21ba6bfed6e998301cf6fa08cc947,39963
revision_outputs/cg_suite/E7_resolution_scaling/grid_128/cnn_lstm_maskaware/linear/split_seed_42/binned_residuals_boxplot.png,a56fc16545d8a0dcfc59c17e483f29ee085aefd6775f0215a32128540f3d7c1f,51703
revision_outputs/cg_suite/E7_resolution_scaling/grid_128/cnn_lstm_maskaware/linear/split_seed_42/config_snapshot.json,62c0c4a76189b74d94f07c2b9ad04b8099fb3fa8cc7ef4ae0a8e0bcbaf0570f6,1790
revision_outputs/cg_suite/E7_resolution_scaling/grid_128/cnn_lstm_maskaware/linear/split_seed_42/last_input_map.npy,eb2f83fe8fdbb4fbbe72fe6c403b6ffc1d09f6cf4ae0a626dcb35dbbb155ae78,65664
revision_outputs/cg_suite/E7_resolution_scaling/grid_128/cnn_lstm_maskaware/linear/split_seed_42/metrics.csv,6a903ba658f15f10e1badb551a984c0bb612cd274ee6d8eba933b3b977e34a53,785
revision_outputs/cg_suite/E7_resolution_scaling/grid_128/cnn_lstm_maskaware/linear/split_seed_42/metrics.json,86f8cdb9d56582d598eae444602d19de1b124ef14cc6c2dff06ec410813de25d,1015
revision_outputs/cg_suite/E7_resolution_scaling/grid_128/cnn_lstm_maskaware/linear/split_seed_42/prediction_map.npy,464ce34a3edb1957cdbb600844af63dbebcd1ef34cbec9e109d0e069feae9066,65664
revision_outputs/cg_suite/E7_resolution_scaling/grid_128/cnn_lstm_maskaware/linear/split_seed_42/reference_vs_prediction.png,3a9ab5affaacfcf3c7a724aff3c1cf41b3179243000a94599cbee386d65ae71d,90614
revision_outputs/cg_suite/E7_resolution_scaling/grid_128/cnn_lstm_maskaware/linear/split_seed_42/residual_plot.png,72c60667928da2002101dc39f1c8bee38439a5802b6092cca943103a914e5c87,34558
revision_outputs/cg_suite/E7_resolution_scaling/grid_128/cnn_lstm_maskaware/linear/split_seed_42/scatter_true_vs_pred.png,c132169b4eb0a16275872c4bb4719733421a839cfd673105b4a37261336c0fe9,49005
revision_outputs/cg_suite/E7_resolution_scaling/grid_128/cnn_lstm_maskaware/linear/split_seed_42/split_masks.npz,45462e1b62a6ecc6c9504e2dc139f42830d76ae9146cd682a37981d95a61f49c,2742
revision_outputs/cg_suite/E7_resolution_scaling/grid_128/cnn_lstm_maskaware/linear/split_seed_42/target_map.npy,b1c0a360f70e5b89612b71e9d4aef45136f858b87f99bf4561c9826cb0e77ebf,65664
revision_outputs/cg_suite/E7_resolution_scaling/grid_128/cnn_lstm_maskaware/linear/split_seed_42/training_history.csv,aea955c1307a37f7e283808868164dd74d80fdcad4f453b91cbbd1b773c03cbe,487
revision_outputs/cg_suite/E7_resolution_scaling/grid_128/cnn_lstm_maskaware/linear/split_seed_43/binned_error.png,2fa002d45933e497995f6c55c873c629a85303ec6fddf503ae7d9b4c89f2b3af,39231
revision_outputs/cg_suite/E7_resolution_scaling/grid_128/cnn_lstm_maskaware/linear/split_seed_43/binned_residuals_boxplot.png,2ce217e2074eb43e3d6fa7b8b7ddc8585f469705d6df37c784818c8eebe078ff,56325
revision_outputs/cg_suite/E7_resolution_scaling/grid_128/cnn_lstm_maskaware/linear/split_seed_43/config_snapshot.json,b6c8a07f5e56ffc6cb460b512069c1ea21a944a734257a015f9651c8992a254d,1790
revision_outputs/cg_suite/E7_resolution_scaling/grid_128/cnn_lstm_maskaware/linear/split_seed_43/last_input_map.npy,eb2f83fe8fdbb4fbbe72fe6c403b6ffc1d09f6cf4ae0a626dcb35dbbb155ae78,65664
revision_outputs/cg_suite/E7_resolution_scaling/grid_128/cnn_lstm_maskaware/linear/split_seed_43/metrics.csv,6885bf0728a66a22da79741d9b131bb7eee39ec354f9f795141fe55b029138db,785
revision_outputs/cg_suite/E7_resolution_scaling/grid_128/cnn_lstm_maskaware/linear/split_seed_43/metrics.json,acfbd79295461ca7f3bd806face2055e671322d5b28be10d17c2346c7c430ec6,1015
revision_outputs/cg_suite/E7_resolution_scaling/grid_128/cnn_lstm_maskaware/linear/split_seed_43/prediction_map.npy,4b3d05a0766e8fc12badccd15b1a89554310c32300be199e5792729ae678ce16,65664
revision_outputs/cg_suite/E7_resolution_scaling/grid_128/cnn_lstm_maskaware/linear/split_seed_43/reference_vs_prediction.png,513aaf1dfa64b82822a992d33229e78d0159d59aaf3952be8bd0d081e0979cf3,90687
revision_outputs/cg_suite/E7_resolution_scaling/grid_128/cnn_lstm_maskaware/linear/split_seed_43/residual_plot.png,7b130318c7bfbc7817938e0e347fae712acbeaaa158b41fc2d006ecdde45bac7,33681
revision_outputs/cg_suite/E7_resolution_scaling/grid_128/cnn_lstm_maskaware/linear/split_seed_43/scatter_true_vs_pred.png,4fc7880d67c11371b526d166c9a371f7915b24e445b9dbfea7fc030e0d71417d,46083
revision_outputs/cg_suite/E7_resolution_scaling/grid_128/cnn_lstm_maskaware/linear/split_seed_43/split_masks.npz,8f22756f2229871ea90c2f02d64337977d4b62bc63f22085ea2c9a86043e753e,2758
revision_outputs/cg_suite/E7_resolution_scaling/grid_128/cnn_lstm_maskaware/linear/split_seed_43/target_map.npy,b1c0a360f70e5b89612b71e9d4aef45136f858b87f99bf4561c9826cb0e77ebf,65664
revision_outputs/cg_suite/E7_resolution_scaling/grid_128/cnn_lstm_maskaware/linear/split_seed_43/training_history.csv,fd5e7ffa3f0fc793c6bdc4ae36aef717c77c0d65a082da8cddae7b76aa584f36,489
revision_outputs/cg_suite/E7_resolution_scaling/grid_128/cnn_lstm_maskaware/linear/split_seed_44/binned_error.png,5febb0b477dadf97ee9f3d7a34f8594376322eb74e733f8fd32ae3f5267ad18d,39741
revision_outputs/cg_suite/E7_resolution_scaling/grid_128/cnn_lstm_maskaware/linear/split_seed_44/binned_residuals_boxplot.png,f8dff3c30facac5f1b960ed7654b3bbac0329114ce74212fcced66ca295302b5,52540
revision_outputs/cg_suite/E7_resolution_scaling/grid_128/cnn_lstm_maskaware/linear/split_seed_44/config_snapshot.json,bd15e6b397573ef52d4890bad72bd52f386fd1fc4d0bf160b4451814d89b7059,1790
revision_outputs/cg_suite/E7_resolution_scaling/grid_128/cnn_lstm_maskaware/linear/split_seed_44/last_input_map.npy,eb2f83fe8fdbb4fbbe72fe6c403b6ffc1d09f6cf4ae0a626dcb35dbbb155ae78,65664
revision_outputs/cg_suite/E7_resolution_scaling/grid_128/cnn_lstm_maskaware/linear/split_seed_44/metrics.csv,741eab8715100d4505b44373094be8790cd94fd55903d820d93c8183e8455327,785
revision_outputs/cg_suite/E7_resolution_scaling/grid_128/cnn_lstm_maskaware/linear/split_seed_44/metrics.json,5f8557f1e2bfbf99bf0b122999992f7c7bc71ce72589195088370fbdf7f0695f,1015
revision_outputs/cg_suite/E7_resolution_scaling/grid_128/cnn_lstm_maskaware/linear/split_seed_44/prediction_map.npy,0131124fcfcccbeb27fabc0dfa9fb8ee5c54a091988386dcf4e5644fc2c2dfb9,65664
revision_outputs/cg_suite/E7_resolution_scaling/grid_128/cnn_lstm_maskaware/linear/split_seed_44/reference_vs_prediction.png,ff1ee38f2a3f5721b942aa0864de6e16a9bfc90ce33942e9fb602f9cb4184a46,91399
revision_outputs/cg_suite/E7_resolution_scaling/grid_128/cnn_lstm_maskaware/linear/split_seed_44/residual_plot.png,a212e0c056d7878f8706d3ce28f23d89867cf474f20dd2e9c2535bbd287de83d,39050
revision_outputs/cg_suite/E7_resolution_scaling/grid_128/cnn_lstm_maskaware/linear/split_seed_44/scatter_true_vs_pred.png,97598899a692e2aeef95a99bd08f4002b16efac1e4d8910b85739f2aea22f662,55180
revision_outputs/cg_suite/E7_resolution_scaling/grid_128/cnn_lstm_maskaware/linear/split_seed_44/split_masks.npz,a92fe7eb6a18e77649aa79b36fe9cd3d69f040dc0cda702e814030e0bc072ca1,2762
revision_outputs/cg_suite/E7_resolution_scaling/grid_128/cnn_lstm_maskaware/linear/split_seed_44/target_map.npy,b1c0a360f70e5b89612b71e9d4aef45136f858b87f99bf4561c9826cb0e77ebf,65664
revision_outputs/cg_suite/E7_resolution_scaling/grid_128/cnn_lstm_maskaware/linear/split_seed_44/training_history.csv,ac9c605ced55b77ce730ae6a1ec6a4ca9585b8f668d49ae8bca6fb907144dffa,482
revision_outputs/cg_suite/E7_resolution_scaling/grid_128/cnn_lstm_maskaware/linear/split_seed_45/binned_error.png,cfc6776a7976981c0a19159fb1c3bd428cba4624ef1511b58e09974fe76b9683,41898
revision_outputs/cg_suite/E7_resolution_scaling/grid_128/cnn_lstm_maskaware/linear/split_seed_45/binned_residuals_boxplot.png,4854627deed83a1fd75217479fd3985b96b7322baa7057a919b16fbf5b77063f,51034
revision_outputs/cg_suite/E7_resolution_scaling/grid_128/cnn_lstm_maskaware/linear/split_seed_45/config_snapshot.json,2f39519a249cdc74ca23c7b0fbd9ab12c33362ec31b78fa71e61141510c90fcc,1790
revision_outputs/cg_suite/E7_resolution_scaling/grid_128/cnn_lstm_maskaware/linear/split_seed_45/last_input_map.npy,eb2f83fe8fdbb4fbbe72fe6c403b6ffc1d09f6cf4ae0a626dcb35dbbb155ae78,65664
revision_outputs/cg_suite/E7_resolution_scaling/grid_128/cnn_lstm_maskaware/linear/split_seed_45/metrics.csv,9d602da2d35785e19731c6cf3feedff19237b0ec712ff56b901aabd23e52d4ac,784
revision_outputs/cg_suite/E7_resolution_scaling/grid_128/cnn_lstm_maskaware/linear/split_seed_45/metrics.json,0ac024bb97ee1512d2e7991aa9c9006c4e8adbf006c3c34c08cfeeaaa8045380,1014
revision_outputs/cg_suite/E7_resolution_scaling/grid_128/cnn_lstm_maskaware/linear/split_seed_45/prediction_map.npy,4dadf2a9fdd248fc765244027ebf3ef64b77810591318c2e5e190af6825816a2,65664
revision_outputs/cg_suite/E7_resolution_scaling/grid_128/cnn_lstm_maskaware/linear/split_seed_45/reference_vs_prediction.png,3e56bbe29bfbf1e3b11bdf2f162bb5bf37586750922bfc551124fc4ceb1fd467,90221
revision_outputs/cg_suite/E7_resolution_scaling/grid_128/cnn_lstm_maskaware/linear/split_seed_45/residual_plot.png,89d342bdc6f52afacab20fdcd384e42346a2da9710c3a67fd11b30d856bee365,38171
revision_outputs/cg_suite/E7_resolution_scaling/grid_128/cnn_lstm_maskaware/linear/split_seed_45/scatter_true_vs_pred.png,07ef09930d43a42f034b9369e854ccfdde40ec76e51ccc27148b80efaef35fba,52736
revision_outputs/cg_suite/E7_resolution_scaling/grid_128/cnn_lstm_maskaware/linear/split_seed_45/split_masks.npz,74a7713d60c10c40851dd5d84104048cc680f8b7def322e7de8f81f20209fb0a,2725
revision_outputs/cg_suite/E7_resolution_scaling/grid_128/cnn_lstm_maskaware/linear/split_seed_45/target_map.npy,b1c0a360f70e5b89612b71e9d4aef45136f858b87f99bf4561c9826cb0e77ebf,65664
revision_outputs/cg_suite/E7_resolution_scaling/grid_128/cnn_lstm_maskaware/linear/split_seed_45/training_history.csv,2034d0f90b39a27884b47a25cef2c6148d9e104e97e3041db7674aebc1c5cfb3,534
revision_outputs/cg_suite/E7_resolution_scaling/grid_128/cnn_lstm_maskaware/linear/split_seed_46/binned_error.png,a0f8a1ca5262e304999c46bcde54633d7f0ebbf1a85dc01d52deb188176870d6,38254
revision_outputs/cg_suite/E7_resolution_scaling/grid_128/cnn_lstm_maskaware/linear/split_seed_46/binned_residuals_boxplot.png,1f7529135ecfb5072446a71d31258a21f3144eb60b943abd737259a785f84fef,56784
revision_outputs/cg_suite/E7_resolution_scaling/grid_128/cnn_lstm_maskaware/linear/split_seed_46/config_snapshot.json,2cb2e9cd98e12fa9bc4cda63591c1f0a1782db58dcc89d1370ed9d0b9b9f15b3,1790
revision_outputs/cg_suite/E7_resolution_scaling/grid_128/cnn_lstm_maskaware/linear/split_seed_46/last_input_map.npy,eb2f83fe8fdbb4fbbe72fe6c403b6ffc1d09f6cf4ae0a626dcb35dbbb155ae78,65664
revision_outputs/cg_suite/E7_resolution_scaling/grid_128/cnn_lstm_maskaware/linear/split_seed_46/metrics.csv,0b94daba5ee71e97babbff24eaf6c70594c72d3f79a2267494181d39d1e3aecd,784
revision_outputs/cg_suite/E7_resolution_scaling/grid_128/cnn_lstm_maskaware/linear/split_seed_46/metrics.json,9958fbc706ca5444b5ae7a475bfa6cd6fa6746a935a87a19e4ca73bb98d9f6f8,1014
revision_outputs/cg_suite/E7_resolution_scaling/grid_128/cnn_lstm_maskaware/linear/split_seed_46/prediction_map.npy,885638c7ae0863566e682573b55f1e058df6c6cee82a09a8353e578faed026dc,65664
revision_outputs/cg_suite/E7_resolution_scaling/grid_128/cnn_lstm_maskaware/linear/split_seed_46/reference_vs_prediction.png,f264aef9f35a1d7acfbdce5d78296bb062bbc518eaca5313ab84ec806b49108f,90723
revision_outputs/cg_suite/E7_resolution_scaling/grid_128/cnn_lstm_maskaware/linear/split_seed_46/residual_plot.png,afe7799643d05c97e8e17db8d125bbbb496fa8ea1679944b25fe619883e6093a,33675
revision_outputs/cg_suite/E7_resolution_scaling/grid_128/cnn_lstm_maskaware/linear/split_seed_46/scatter_true_vs_pred.png,1125f0f8b8970feaacb2e6d9c550152d1f19b7c0d14ba11942b4ec5de399c902,45997
revision_outputs/cg_suite/E7_resolution_scaling/grid_128/cnn_lstm_maskaware/linear/split_seed_46/split_masks.npz,c8c354f326f66fe78965c73c02ea7bbff3895c2f1bddf55f9d85367fe15bb26a,2710
revision_outputs/cg_suite/E7_resolution_scaling/grid_128/cnn_lstm_maskaware/linear/split_seed_46/target_map.npy,b1c0a360f70e5b89612b71e9d4aef45136f858b87f99bf4561c9826cb0e77ebf,65664
revision_outputs/cg_suite/E7_resolution_scaling/grid_128/cnn_lstm_maskaware/linear/split_seed_46/training_history.csv,e5b6caaccd16fbee3824a4f122f267acfc9276705a67fc6d75dde6843ecd4366,486
revision_outputs/cg_suite/E7_resolution_scaling/grid_128/lasso/linear/split_seed_42/alpha_sweep.csv,3096f9e9c390a92599ad98f501136625dbdcb99759c0a704db4551520a5fff71,185
revision_outputs/cg_suite/E7_resolution_scaling/grid_128/lasso/linear/split_seed_42/binned_error.png,de440707fb9347a15f141f5fae4c17fceb0971b018c5517abe7e9d7c0e9516b0,36424
revision_outputs/cg_suite/E7_resolution_scaling/grid_128/lasso/linear/split_seed_42/binned_residuals_boxplot.png,925ef60c5dfd0b5016322769fc2b9a63c1dbb6d63602b53eb6f5c9f5f5379ede,57515
revision_outputs/cg_suite/E7_resolution_scaling/grid_128/lasso/linear/split_seed_42/config_snapshot.json,62c0c4a76189b74d94f07c2b9ad04b8099fb3fa8cc7ef4ae0a8e0bcbaf0570f6,1790
revision_outputs/cg_suite/E7_resolution_scaling/grid_128/lasso/linear/split_seed_42/metrics.csv,d875e6b0a8f92195720c1d0c4141b3bdc9b570177f7c219b609f124eed60eea5,491
revision_outputs/cg_suite/E7_resolution_scaling/grid_128/lasso/linear/split_seed_42/metrics.json,20c2fd037948397f0e0ad921051969b98503da58e469b4aaa73294b82d244f59,645
revision_outputs/cg_suite/E7_resolution_scaling/grid_128/lasso/linear/split_seed_42/prediction_map.npy,53868b021ebbbeda02278ac02dc25e9439618fce063c5249dffd121787fc97d8,65664
revision_outputs/cg_suite/E7_resolution_scaling/grid_128/lasso/linear/split_seed_42/reference_vs_prediction.png,69da5b47ffaa57bd0c0b7c3d34b3a7cfb69a3d2cb66a73441b0078064979ca00,110800
revision_outputs/cg_suite/E7_resolution_scaling/grid_128/lasso/linear/split_seed_42/residual_plot.png,3bc810543485f770ce948412a3021d4f694bb28f8a7ffc84c2ccb0bf65005dc5,54069
revision_outputs/cg_suite/E7_resolution_scaling/grid_128/lasso/linear/split_seed_42/scatter_true_vs_pred.png,5f7f68a6503108b51310ade041c4d9a68f26d62fa3809c8280e427b0bce0cc47,60107
revision_outputs/cg_suite/E7_resolution_scaling/grid_128/lasso/linear/split_seed_42/split_masks.npz,45462e1b62a6ecc6c9504e2dc139f42830d76ae9146cd682a37981d95a61f49c,2742
revision_outputs/cg_suite/E7_resolution_scaling/grid_128/lasso/linear/split_seed_42/target_map.npy,b1c0a360f70e5b89612b71e9d4aef45136f858b87f99bf4561c9826cb0e77ebf,65664
revision_outputs/cg_suite/E7_resolution_scaling/grid_128/lasso/linear/split_seed_43/alpha_sweep.csv,07d8741739c33f0b3a9ffeec4c58519c8b7831c0968643228fe68f01f70ef1e0,187
revision_outputs/cg_suite/E7_resolution_scaling/grid_128/lasso/linear/split_seed_43/binned_error.png,c43d3f4a983775da5f09fa7641fe55cc1016f2374bd7ad4963291979a8299596,42152
revision_outputs/cg_suite/E7_resolution_scaling/grid_128/lasso/linear/split_seed_43/binned_residuals_boxplot.png,26f26a1bf8bf82d96542023e8f809492b5180074ecca84ee48980b0d1fb69bf2,62452
revision_outputs/cg_suite/E7_resolution_scaling/grid_128/lasso/linear/split_seed_43/config_snapshot.json,b6c8a07f5e56ffc6cb460b512069c1ea21a944a734257a015f9651c8992a254d,1790
revision_outputs/cg_suite/E7_resolution_scaling/grid_128/lasso/linear/split_seed_43/metrics.csv,86f57002d2762d444b4a98ebb6d6533f77f0839550ec2636a0b439d0bfa1b02c,492
revision_outputs/cg_suite/E7_resolution_scaling/grid_128/lasso/linear/split_seed_43/metrics.json,ebe4c8dd9f7938ed098d93fb807d69c580eb3749653ecf523eb65bdfb1649a15,646
revision_outputs/cg_suite/E7_resolution_scaling/grid_128/lasso/linear/split_seed_43/prediction_map.npy,1dd5629f0293f1b6f6d993a7182a0547e021e59a5b0100dfde7df75403b80065,65664
revision_outputs/cg_suite/E7_resolution_scaling/grid_128/lasso/linear/split_seed_43/reference_vs_prediction.png,aec51e866769c0acbdc1c3fb6e1000bb6bc1ce7ec38ea520868c520a929100ae,110649
revision_outputs/cg_suite/E7_resolution_scaling/grid_128/lasso/linear/split_seed_43/residual_plot.png,11c3700a5ea1be99f8d20e071859ac8de58d1acab568a796c216a2342f54f617,50844
revision_outputs/cg_suite/E7_resolution_scaling/grid_128/lasso/linear/split_seed_43/scatter_true_vs_pred.png,8fbd676cded44889ba67ac2559d7983efca03b55b1393dfc497f7d8e3842257b,53052
revision_outputs/cg_suite/E7_resolution_scaling/grid_128/lasso/linear/split_seed_43/split_masks.npz,8f22756f2229871ea90c2f02d64337977d4b62bc63f22085ea2c9a86043e753e,2758
revision_outputs/cg_suite/E7_resolution_scaling/grid_128/lasso/linear/split_seed_43/target_map.npy,b1c0a360f70e5b89612b71e9d4aef45136f858b87f99bf4561c9826cb0e77ebf,65664
revision_outputs/cg_suite/E7_resolution_scaling/grid_128/lasso/linear/split_seed_44/alpha_sweep.csv,dd031d47a8388b9107d1e7da215e0a55fc6faff45fb90998f4ba819da7b48dcf,187
revision_outputs/cg_suite/E7_resolution_scaling/grid_128/lasso/linear/split_seed_44/binned_error.png,c6a4ecc3e7d5a2e43bce80adbab5f6c56fd64302488829f7aee61a225c2b96c4,46408
revision_outputs/cg_suite/E7_resolution_scaling/grid_128/lasso/linear/split_seed_44/binned_residuals_boxplot.png,21664fd8913e4ae77940005b6d672ac3e4600afcd6b246483fca22dfb17a3397,60129
revision_outputs/cg_suite/E7_resolution_scaling/grid_128/lasso/linear/split_seed_44/config_snapshot.json,bd15e6b397573ef52d4890bad72bd52f386fd1fc4d0bf160b4451814d89b7059,1790
revision_outputs/cg_suite/E7_resolution_scaling/grid_128/lasso/linear/split_seed_44/metrics.csv,6af1fabd3eb73489f5b199c2c8e66ecf302e8a740c5ee78d8cf338aa39a49616,491
revision_outputs/cg_suite/E7_resolution_scaling/grid_128/lasso/linear/split_seed_44/metrics.json,d5bf1071de35941873c1b8cc2acbe8963050a8f5f25ee56783ffbb9846cec818,645
revision_outputs/cg_suite/E7_resolution_scaling/grid_128/lasso/linear/split_seed_44/prediction_map.npy,2c79f6a5102aaf0482ad4f27bb6b1ee7a80dfdd89558bab92edefbe56922079b,65664
revision_outputs/cg_suite/E7_resolution_scaling/grid_128/lasso/linear/split_seed_44/reference_vs_prediction.png,c9d6c4a2beca1a642de0fa56cbc8462f5941171e88fbc58d1460f612b5ed8f60,110747
revision_outputs/cg_suite/E7_resolution_scaling/grid_128/lasso/linear/split_seed_44/residual_plot.png,45410039a064ee6d080b27ef0ff81faf238c40a88d10a524c2e87f452ed9ab35,61817
revision_outputs/cg_suite/E7_resolution_scaling/grid_128/lasso/linear/split_seed_44/scatter_true_vs_pred.png,fad5e50241e6c395a7934edd48d3a3621ae6e17ef6366422af9e1c6982eeb0f7,71361
revision_outputs/cg_suite/E7_resolution_scaling/grid_128/lasso/linear/split_seed_44/split_masks.npz,a92fe7eb6a18e77649aa79b36fe9cd3d69f040dc0cda702e814030e0bc072ca1,2762
revision_outputs/cg_suite/E7_resolution_scaling/grid_128/lasso/linear/split_seed_44/target_map.npy,b1c0a360f70e5b89612b71e9d4aef45136f858b87f99bf4561c9826cb0e77ebf,65664
revision_outputs/cg_suite/E7_resolution_scaling/grid_128/lasso/linear/split_seed_45/alpha_sweep.csv,17dbc6356dccfd52dffaea384936439822cb66dd23e4bf37f6c7776fdd20a200,188
revision_outputs/cg_suite/E7_resolution_scaling/grid_128/lasso/linear/split_seed_45/binned_error.png,918bea8e7b2d85a699f4c3fc097caec2e7a1f10c0ce405bd0c0eb844bebe2956,44014
revision_outputs/cg_suite/E7_resolution_scaling/grid_128/lasso/linear/split_seed_45/binned_residuals_boxplot.png,99e067e4b0070c1d549dc5c1644fa99f5693f05bbe856dec2c0f446b9bd8be10,63426
revision_outputs/cg_suite/E7_resolution_scaling/grid_128/lasso/linear/split_seed_45/config_snapshot.json,2f39519a249cdc74ca23c7b0fbd9ab12c33362ec31b78fa71e61141510c90fcc,1790
revision_outputs/cg_suite/E7_resolution_scaling/grid_128/lasso/linear/split_seed_45/metrics.csv,b1340d47a03156757fbefef878651c84e3344b43b5269932c7bfb81c099b9a39,495
revision_outputs/cg_suite/E7_resolution_scaling/grid_128/lasso/linear/split_seed_45/metrics.json,1ef1754e65298789ac8bf468e07098fb159e6cd63a0e16d79415d597a89594a0,649
revision_outputs/cg_suite/E7_resolution_scaling/grid_128/lasso/linear/split_seed_45/prediction_map.npy,32080bf5c707b195d66fd5cc76b1443ebb473024a290f350b157e12c4f39a1cd,65664
revision_outputs/cg_suite/E7_resolution_scaling/grid_128/lasso/linear/split_seed_45/reference_vs_prediction.png,0adb23b8c2a90e052827664e773b6766ad598d36e6de3fdccb681a647ff42f55,110803
revision_outputs/cg_suite/E7_resolution_scaling/grid_128/lasso/linear/split_seed_45/residual_plot.png,e366af92e031d50dbd5ef6ade9652c8f1f0b4ab0098323b0991dba126b4525af,61592
revision_outputs/cg_suite/E7_resolution_scaling/grid_128/lasso/linear/split_seed_45/scatter_true_vs_pred.png,8d82e6612cc1328c8c2c34422af0272a79deb1f9af7f25f809067d16f68b5e27,70889
revision_outputs/cg_suite/E7_resolution_scaling/grid_128/lasso/linear/split_seed_45/split_masks.npz,74a7713d60c10c40851dd5d84104048cc680f8b7def322e7de8f81f20209fb0a,2725
revision_outputs/cg_suite/E7_resolution_scaling/grid_128/lasso/linear/split_seed_45/target_map.npy,b1c0a360f70e5b89612b71e9d4aef45136f858b87f99bf4561c9826cb0e77ebf,65664
revision_outputs/cg_suite/E7_resolution_scaling/grid_128/lasso/linear/split_seed_46/alpha_sweep.csv,6670ecf1daa15fbb6f630f60bfdd0d05d62ba4d11a49b681bbb4d57b956ba71f,186
revision_outputs/cg_suite/E7_resolution_scaling/grid_128/lasso/linear/split_seed_46/binned_error.png,5e0f9ae75e64b5414820c26dea8030825187bde6c188f0405330a7a8d99be982,42801
revision_outputs/cg_suite/E7_resolution_scaling/grid_128/lasso/linear/split_seed_46/binned_residuals_boxplot.png,d4f27e151fbedf8f46400071878039f689a1e851db6901f2bb87e43806c66115,63191
revision_outputs/cg_suite/E7_resolution_scaling/grid_128/lasso/linear/split_seed_46/config_snapshot.json,2cb2e9cd98e12fa9bc4cda63591c1f0a1782db58dcc89d1370ed9d0b9b9f15b3,1790
revision_outputs/cg_suite/E7_resolution_scaling/grid_128/lasso/linear/split_seed_46/metrics.csv,496093b5e35d35a0c01f3c64beb7b493acf7710e72e29165da6fd19a9960929a,497
revision_outputs/cg_suite/E7_resolution_scaling/grid_128/lasso/linear/split_seed_46/metrics.json,9a13dc60e0e271acdcfb0ea09aaa723e59ca594ad22dddf884e767e68e38535c,651
revision_outputs/cg_suite/E7_resolution_scaling/grid_128/lasso/linear/split_seed_46/prediction_map.npy,2cc3e2fd1b36bfa94ab6fa278ce9df7a0b128c301d6189d937cbabd2ceb62ed0,65664
revision_outputs/cg_suite/E7_resolution_scaling/grid_128/lasso/linear/split_seed_46/reference_vs_prediction.png,f20360e25a1926baf4417b1b13161b425e194de7906f2c45db355adf9b05a793,110743
revision_outputs/cg_suite/E7_resolution_scaling/grid_128/lasso/linear/split_seed_46/residual_plot.png,f7a90c06812900e9d1bfd17b3b78ba8c5094e0cd10c99c927c24f2ab63552f4b,47749
revision_outputs/cg_suite/E7_resolution_scaling/grid_128/lasso/linear/split_seed_46/scatter_true_vs_pred.png,1c16fd51c832e96ce2c6294241fdb0ba3674e585d8500295069f884aafd1302d,52570
revision_outputs/cg_suite/E7_resolution_scaling/grid_128/lasso/linear/split_seed_46/split_masks.npz,c8c354f326f66fe78965c73c02ea7bbff3895c2f1bddf55f9d85367fe15bb26a,2710
revision_outputs/cg_suite/E7_resolution_scaling/grid_128/lasso/linear/split_seed_46/target_map.npy,b1c0a360f70e5b89612b71e9d4aef45136f858b87f99bf4561c9826cb0e77ebf,65664
revision_outputs/cg_suite/E7_resolution_scaling/grid_128/lightgbm/linear/split_seed_42/binned_error.png,866636865910ce4caeb55849c4d399af098df140de079eb9938bb6e7b1ffa1eb,37002
revision_outputs/cg_suite/E7_resolution_scaling/grid_128/lightgbm/linear/split_seed_42/binned_residuals_boxplot.png,e31947318876e03a2e09e885a2e2361f3742a084fc8fee7e8958d81f022166a9,59587
revision_outputs/cg_suite/E7_resolution_scaling/grid_128/lightgbm/linear/split_seed_42/config_snapshot.json,62c0c4a76189b74d94f07c2b9ad04b8099fb3fa8cc7ef4ae0a8e0bcbaf0570f6,1790
revision_outputs/cg_suite/E7_resolution_scaling/grid_128/lightgbm/linear/split_seed_42/lightgbm_model.txt,c0d7a1187dfc56eed2dd2e9e619b5b8b65b91468de68332734ef72cb2d4c6b48,320077
revision_outputs/cg_suite/E7_resolution_scaling/grid_128/lightgbm/linear/split_seed_42/metrics.csv,b166d7dbda7ecac82e7578fc00c36fc09e80471af2268c48ea7b5397f4480a19,444
revision_outputs/cg_suite/E7_resolution_scaling/grid_128/lightgbm/linear/split_seed_42/metrics.json,02bf55e12bba6fda86561ef67448d89b6cb568c5bdb9a6c344d0e83b3c3dc32f,584
revision_outputs/cg_suite/E7_resolution_scaling/grid_128/lightgbm/linear/split_seed_42/prediction_map.npy,75e610d1021aa82c74f554a10ee5d16c57b7ae24a4c5535b57780a36da7cc5bd,65664
revision_outputs/cg_suite/E7_resolution_scaling/grid_128/lightgbm/linear/split_seed_42/reference_vs_prediction.png,30da8b00d204f9e9cf4d09b2652b1ec43e6f51bf58a672699250e276732f54a7,110507
revision_outputs/cg_suite/E7_resolution_scaling/grid_128/lightgbm/linear/split_seed_42/residual_plot.png,7f453576f97d60cd1dd3b7dacb9718b5f555def520bbb8346b5d0fc5c8dd36b6,53621
revision_outputs/cg_suite/E7_resolution_scaling/grid_128/lightgbm/linear/split_seed_42/scatter_true_vs_pred.png,72d47e1ee4b3510088ef25024c95992ad4aee928a92cbdf940c32721a4689603,59120
revision_outputs/cg_suite/E7_resolution_scaling/grid_128/lightgbm/linear/split_seed_42/split_masks.npz,45462e1b62a6ecc6c9504e2dc139f42830d76ae9146cd682a37981d95a61f49c,2742
revision_outputs/cg_suite/E7_resolution_scaling/grid_128/lightgbm/linear/split_seed_42/target_map.npy,b1c0a360f70e5b89612b71e9d4aef45136f858b87f99bf4561c9826cb0e77ebf,65664
revision_outputs/cg_suite/E7_resolution_scaling/grid_128/lightgbm/linear/split_seed_43/binned_error.png,c1fa5baa8d34bf9650bf071243e1d9fa786f9a5efaf2534c766e083cbb8a0e09,35491
revision_outputs/cg_suite/E7_resolution_scaling/grid_128/lightgbm/linear/split_seed_43/binned_residuals_boxplot.png,0bf51585fc1a38d1c5592668b718c9ffe4748be7206ca29b5dbab8f2787fe094,58254
revision_outputs/cg_suite/E7_resolution_scaling/grid_128/lightgbm/linear/split_seed_43/config_snapshot.json,b6c8a07f5e56ffc6cb460b512069c1ea21a944a734257a015f9651c8992a254d,1790
revision_outputs/cg_suite/E7_resolution_scaling/grid_128/lightgbm/linear/split_seed_43/lightgbm_model.txt,8bcb782562d2b3a30cdf364e548596a2bb8eea42ade6b5c3ce828841d75dcff9,326131
revision_outputs/cg_suite/E7_resolution_scaling/grid_128/lightgbm/linear/split_seed_43/metrics.csv,b673cf5c86187d351915c02c972c8969d3246b625272f1764143bde1ee5c6acb,443
revision_outputs/cg_suite/E7_resolution_scaling/grid_128/lightgbm/linear/split_seed_43/metrics.json,c92f7edac10362678e55f637431b85bb3568c308a89b8a797044107eb2798b8c,583
revision_outputs/cg_suite/E7_resolution_scaling/grid_128/lightgbm/linear/split_seed_43/prediction_map.npy,dc38d933749805c26b7249ac686db121a618c6541653a4c4b8a8e26a6fec3311,65664
revision_outputs/cg_suite/E7_resolution_scaling/grid_128/lightgbm/linear/split_seed_43/reference_vs_prediction.png,b14c65ce6ef4f1face6e5655950df21dcca59ddc3c5c9def552bea6caad67e94,110505
revision_outputs/cg_suite/E7_resolution_scaling/grid_128/lightgbm/linear/split_seed_43/residual_plot.png,d0e6c03c91b470b2a7b491a038c36f68938fa1aeecd9e0c620753a8766f210cc,37746
revision_outputs/cg_suite/E7_resolution_scaling/grid_128/lightgbm/linear/split_seed_43/scatter_true_vs_pred.png,15174ebb759404b7f972ab6202cf0ce97705eb3368fa52899f025d28ffb28db7,52558
revision_outputs/cg_suite/E7_resolution_scaling/grid_128/lightgbm/linear/split_seed_43/split_masks.npz,8f22756f2229871ea90c2f02d64337977d4b62bc63f22085ea2c9a86043e753e,2758
revision_outputs/cg_suite/E7_resolution_scaling/grid_128/lightgbm/linear/split_seed_43/target_map.npy,b1c0a360f70e5b89612b71e9d4aef45136f858b87f99bf4561c9826cb0e77ebf,65664
revision_outputs/cg_suite/E7_resolution_scaling/grid_128/lightgbm/linear/split_seed_44/binned_error.png,f178b15b678f9630922c65446ba28800c064a077e24bd779b782c6c18a1abc13,46772
revision_outputs/cg_suite/E7_resolution_scaling/grid_128/lightgbm/linear/split_seed_44/binned_residuals_boxplot.png,a58c29f46395239f1c09ba0ab29e03cb4baff77aa83d9ed63df2bb26d04a8631,59241
revision_outputs/cg_suite/E7_resolution_scaling/grid_128/lightgbm/linear/split_seed_44/config_snapshot.json,bd15e6b397573ef52d4890bad72bd52f386fd1fc4d0bf160b4451814d89b7059,1790
revision_outputs/cg_suite/E7_resolution_scaling/grid_128/lightgbm/linear/split_seed_44/lightgbm_model.txt,646f2415657d0f4e1a36ae1a5d0ec2d856be9975f2ec7d401d73505d1f571bb4,221528
revision_outputs/cg_suite/E7_resolution_scaling/grid_128/lightgbm/linear/split_seed_44/metrics.csv,585e18272ee820da44ae99da612b366e17829a62e80a98860a88e52f32c53481,446
revision_outputs/cg_suite/E7_resolution_scaling/grid_128/lightgbm/linear/split_seed_44/metrics.json,3f4c6693684a88472a7fee1b7085178660a0a67b6c4346a947657a6cc4652a21,586
revision_outputs/cg_suite/E7_resolution_scaling/grid_128/lightgbm/linear/split_seed_44/prediction_map.npy,e17b052302197720b70b173adcabc16354d772f5df42929d5a2b871d569c9c93,65664
revision_outputs/cg_suite/E7_resolution_scaling/grid_128/lightgbm/linear/split_seed_44/reference_vs_prediction.png,94669db1ae9900b2d4002b4bceea5c40803b653119bf40ca75f35e91159d8859,110454
revision_outputs/cg_suite/E7_resolution_scaling/grid_128/lightgbm/linear/split_seed_44/residual_plot.png,60cd5baedd7376e156fc8a5da5f4157fad3f5d8ea8f1119ae4e1c01f92e71ee9,62069
revision_outputs/cg_suite/E7_resolution_scaling/grid_128/lightgbm/linear/split_seed_44/scatter_true_vs_pred.png,3a981bed27b0e3b700f8a7c5a63f02d095df96fb92f3be5f6b0e2a62f70517da,70671
revision_outputs/cg_suite/E7_resolution_scaling/grid_128/lightgbm/linear/split_seed_44/split_masks.npz,a92fe7eb6a18e77649aa79b36fe9cd3d69f040dc0cda702e814030e0bc072ca1,2762
revision_outputs/cg_suite/E7_resolution_scaling/grid_128/lightgbm/linear/split_seed_44/target_map.npy,b1c0a360f70e5b89612b71e9d4aef45136f858b87f99bf4561c9826cb0e77ebf,65664
revision_outputs/cg_suite/E7_resolution_scaling/grid_128/lightgbm/linear/split_seed_45/binned_error.png,b42f8a388a9a23a478371cdc788b181d0905e411975c789f4f756cd1393660ed,39748
revision_outputs/cg_suite/E7_resolution_scaling/grid_128/lightgbm/linear/split_seed_45/binned_residuals_boxplot.png,aeb97a59f0c57697f57709c4f744bf2f867d716ff4c0fc3b0bafd2901b5ebb8a,67673
revision_outputs/cg_suite/E7_resolution_scaling/grid_128/lightgbm/linear/split_seed_45/config_snapshot.json,2f39519a249cdc74ca23c7b0fbd9ab12c33362ec31b78fa71e61141510c90fcc,1790
revision_outputs/cg_suite/E7_resolution_scaling/grid_128/lightgbm/linear/split_seed_45/lightgbm_model.txt,7b5bb2e78a851be3226d32586f0b4eb6fc53845a369529e2dbaadb97e6acded7,213353
revision_outputs/cg_suite/E7_resolution_scaling/grid_128/lightgbm/linear/split_seed_45/metrics.csv,64ced2469d6ff94c131d8a6c678bd8ca1e12250358b255d8c9e1fa72a11ae7e3,445
revision_outputs/cg_suite/E7_resolution_scaling/grid_128/lightgbm/linear/split_seed_45/metrics.json,8972b8bb3e414a823de35e2ebe57a129ecd65abfe74e4642b8b476b0119aafd3,585
revision_outputs/cg_suite/E7_resolution_scaling/grid_128/lightgbm/linear/split_seed_45/prediction_map.npy,c5b49ab673369151fde2c43da80e1a02960a894dcc129998877eb81face6220d,65664
revision_outputs/cg_suite/E7_resolution_scaling/grid_128/lightgbm/linear/split_seed_45/reference_vs_prediction.png,508aa6aaa87d550befec4e268b9656d049009525706aa0f93078a989fd3f7bf2,110389
revision_outputs/cg_suite/E7_resolution_scaling/grid_128/lightgbm/linear/split_seed_45/residual_plot.png,d7777469a113361127ab732938f91e5bac81ab70f812e8ce78435337a43eed70,62197
revision_outputs/cg_suite/E7_resolution_scaling/grid_128/lightgbm/linear/split_seed_45/scatter_true_vs_pred.png,533562937e016e6b28c81f3bd811b9556e263617570a19f19349ac54b8f61ff2,69236
revision_outputs/cg_suite/E7_resolution_scaling/grid_128/lightgbm/linear/split_seed_45/split_masks.npz,74a7713d60c10c40851dd5d84104048cc680f8b7def322e7de8f81f20209fb0a,2725
revision_outputs/cg_suite/E7_resolution_scaling/grid_128/lightgbm/linear/split_seed_45/target_map.npy,b1c0a360f70e5b89612b71e9d4aef45136f858b87f99bf4561c9826cb0e77ebf,65664
revision_outputs/cg_suite/E7_resolution_scaling/grid_128/lightgbm/linear/split_seed_46/binned_error.png,e7cddc6bccc5d248c175cf3a9cea9bc6153163c8e650c92a4f78b0459aa244a2,35361
revision_outputs/cg_suite/E7_resolution_scaling/grid_128/lightgbm/linear/split_seed_46/binned_residuals_boxplot.png,30428ea022c8abf9c86c99a096477f71163fb9a6c3122bccbac24ced679fd4c6,57820
revision_outputs/cg_suite/E7_resolution_scaling/grid_128/lightgbm/linear/split_seed_46/config_snapshot.json,2cb2e9cd98e12fa9bc4cda63591c1f0a1782db58dcc89d1370ed9d0b9b9f15b3,1790
revision_outputs/cg_suite/E7_resolution_scaling/grid_128/lightgbm/linear/split_seed_46/lightgbm_model.txt,de637d187b9f2ae97241ce63819e611051d9978d99d98c9ee5b8953c482cb183,312348
revision_outputs/cg_suite/E7_resolution_scaling/grid_128/lightgbm/linear/split_seed_46/metrics.csv,871e76a577b8b54e87d308de4946e15c078c2eecc1b90c5281fe6cf25f75c713,445
revision_outputs/cg_suite/E7_resolution_scaling/grid_128/lightgbm/linear/split_seed_46/metrics.json,85e83797f36c0e054c2245af57e055c560cc7ef23107fdc268edf6aa5f92d753,585
revision_outputs/cg_suite/E7_resolution_scaling/grid_128/lightgbm/linear/split_seed_46/prediction_map.npy,14655f0b3e23ec7d92173197bd1b39592ed41145f180ca9be834eac5b10e1098,65664
revision_outputs/cg_suite/E7_resolution_scaling/grid_128/lightgbm/linear/split_seed_46/reference_vs_prediction.png,3591bea9459cce20239760a9a62022cd129555e91948658717de861fcd5499a9,110469
revision_outputs/cg_suite/E7_resolution_scaling/grid_128/lightgbm/linear/split_seed_46/residual_plot.png,87bea04db579a30942d11e0820d75924a3dea164d6781c4c40d95ac202aa9c84,37307
revision_outputs/cg_suite/E7_resolution_scaling/grid_128/lightgbm/linear/split_seed_46/scatter_true_vs_pred.png,89f8df759854aeca76858836767f0b12622028509ebab0a24f47feeba08329d1,52150
revision_outputs/cg_suite/E7_resolution_scaling/grid_128/lightgbm/linear/split_seed_46/split_masks.npz,c8c354f326f66fe78965c73c02ea7bbff3895c2f1bddf55f9d85367fe15bb26a,2710
revision_outputs/cg_suite/E7_resolution_scaling/grid_128/lightgbm/linear/split_seed_46/target_map.npy,b1c0a360f70e5b89612b71e9d4aef45136f858b87f99bf4561c9826cb0e77ebf,65664
revision_outputs/cg_suite/E7_resolution_scaling/grid_128/persistence/linear/split_seed_42/binned_error.png,126614a2cd6f4a388c954382b0f299f56e7c0a7b9b3bc73fc87db3e5c100b2ec,35847
revision_outputs/cg_suite/E7_resolution_scaling/grid_128/persistence/linear/split_seed_42/binned_residuals_boxplot.png,3d5c8724c30641dd9689b9e738138100682d058c7756a505d26de1792ad4738e,62702
revision_outputs/cg_suite/E7_resolution_scaling/grid_128/persistence/linear/split_seed_42/config_snapshot.json,62c0c4a76189b74d94f07c2b9ad04b8099fb3fa8cc7ef4ae0a8e0bcbaf0570f6,1790
revision_outputs/cg_suite/E7_resolution_scaling/grid_128/persistence/linear/split_seed_42/last_input_map.npy,eb2f83fe8fdbb4fbbe72fe6c403b6ffc1d09f6cf4ae0a626dcb35dbbb155ae78,65664
revision_outputs/cg_suite/E7_resolution_scaling/grid_128/persistence/linear/split_seed_42/metrics.csv,10e2637109e01393d28b2983739197232765dba90e78572e25b95d570cd113f9,659
revision_outputs/cg_suite/E7_resolution_scaling/grid_128/persistence/linear/split_seed_42/metrics.json,e66ec850b57b83f0d825481437e9d50b2b61af30aefa5af04302f842b8819dd5,850
revision_outputs/cg_suite/E7_resolution_scaling/grid_128/persistence/linear/split_seed_42/prediction_map.npy,eb2f83fe8fdbb4fbbe72fe6c403b6ffc1d09f6cf4ae0a626dcb35dbbb155ae78,65664
revision_outputs/cg_suite/E7_resolution_scaling/grid_128/persistence/linear/split_seed_42/reference_vs_prediction.png,a832c5a52836aa2e0150ef0a2a57ddc8a560792b87318cd431d6125bb7ed5879,111522
revision_outputs/cg_suite/E7_resolution_scaling/grid_128/persistence/linear/split_seed_42/residual_plot.png,2537e8b7a47372d1460815b66ff6e6a10906736a62cf90dda6c7b2e955c8fab3,55333
revision_outputs/cg_suite/E7_resolution_scaling/grid_128/persistence/linear/split_seed_42/scatter_true_vs_pred.png,347d4b919a58a46de177e95196ea369489d2bec04ef4a5e87c6a2d1955d3c5ef,60802
revision_outputs/cg_suite/E7_resolution_scaling/grid_128/persistence/linear/split_seed_42/split_masks.npz,45462e1b62a6ecc6c9504e2dc139f42830d76ae9146cd682a37981d95a61f49c,2742
revision_outputs/cg_suite/E7_resolution_scaling/grid_128/persistence/linear/split_seed_42/target_map.npy,b1c0a360f70e5b89612b71e9d4aef45136f858b87f99bf4561c9826cb0e77ebf,65664
revision_outputs/cg_suite/E7_resolution_scaling/grid_128/persistence/linear/split_seed_43/binned_error.png,0ce4364585dc5e42f4b48dfc3a91a193d889927efeb137c625d614b9f8b57824,43588
revision_outputs/cg_suite/E7_resolution_scaling/grid_128/persistence/linear/split_seed_43/binned_residuals_boxplot.png,a435aca7fad93f0ab5b96482806b328491dbf91def706412a72a88135cf0df99,58895
revision_outputs/cg_suite/E7_resolution_scaling/grid_128/persistence/linear/split_seed_43/config_snapshot.json,b6c8a07f5e56ffc6cb460b512069c1ea21a944a734257a015f9651c8992a254d,1790
revision_outputs/cg_suite/E7_resolution_scaling/grid_128/persistence/linear/split_seed_43/last_input_map.npy,eb2f83fe8fdbb4fbbe72fe6c403b6ffc1d09f6cf4ae0a626dcb35dbbb155ae78,65664
revision_outputs/cg_suite/E7_resolution_scaling/grid_128/persistence/linear/split_seed_43/metrics.csv,00318646e260e9da114c778ed9507d9b10cd47853d3768c1b82a547b4722e96a,658
revision_outputs/cg_suite/E7_resolution_scaling/grid_128/persistence/linear/split_seed_43/metrics.json,8969d7883dd0a574e315f34176b593fc1387350a4296f74207a3aaedbbaaffb3,849
revision_outputs/cg_suite/E7_resolution_scaling/grid_128/persistence/linear/split_seed_43/prediction_map.npy,eb2f83fe8fdbb4fbbe72fe6c403b6ffc1d09f6cf4ae0a626dcb35dbbb155ae78,65664
revision_outputs/cg_suite/E7_resolution_scaling/grid_128/persistence/linear/split_seed_43/reference_vs_prediction.png,a832c5a52836aa2e0150ef0a2a57ddc8a560792b87318cd431d6125bb7ed5879,111522
revision_outputs/cg_suite/E7_resolution_scaling/grid_128/persistence/linear/split_seed_43/residual_plot.png,52251ea69e18d5a9ed6cde3a6664b848303df8d66b501805a24ab6d7cde9e4d8,45669
revision_outputs/cg_suite/E7_resolution_scaling/grid_128/persistence/linear/split_seed_43/scatter_true_vs_pred.png,fc8070878f340f43af8f912b82ac77aa0fe173a0ff3434f6cb94cfb5b6307d02,53619
revision_outputs/cg_suite/E7_resolution_scaling/grid_128/persistence/linear/split_seed_43/split_masks.npz,8f22756f2229871ea90c2f02d64337977d4b62bc63f22085ea2c9a86043e753e,2758
revision_outputs/cg_suite/E7_resolution_scaling/grid_128/persistence/linear/split_seed_43/target_map.npy,b1c0a360f70e5b89612b71e9d4aef45136f858b87f99bf4561c9826cb0e77ebf,65664
revision_outputs/cg_suite/E7_resolution_scaling/grid_128/persistence/linear/split_seed_44/binned_error.png,20cc53352ad733320f852a67ea8f43fa9cb6641719b92248875d5b0bf6495c1b,47514
revision_outputs/cg_suite/E7_resolution_scaling/grid_128/persistence/linear/split_seed_44/binned_residuals_boxplot.png,a3f0f741270df0a61de020c4a4b645871628582e8bc3e61bc39cb45fb214993b,61737
revision_outputs/cg_suite/E7_resolution_scaling/grid_128/persistence/linear/split_seed_44/config_snapshot.json,bd15e6b397573ef52d4890bad72bd52f386fd1fc4d0bf160b4451814d89b7059,1790
revision_outputs/cg_suite/E7_resolution_scaling/grid_128/persistence/linear/split_seed_44/last_input_map.npy,eb2f83fe8fdbb4fbbe72fe6c403b6ffc1d09f6cf4ae0a626dcb35dbbb155ae78,65664
revision_outputs/cg_suite/E7_resolution_scaling/grid_128/persistence/linear/split_seed_44/metrics.csv,6548fda76556f9abc02fa7289b2f5d02836201e3ec7e6858d8dfda681862fe1e,659
revision_outputs/cg_suite/E7_resolution_scaling/grid_128/persistence/linear/split_seed_44/metrics.json,ed5033febfe8c1c71555242eaf8d2fe904c0dd2530993a65a6e8abb66537f2e4,850
revision_outputs/cg_suite/E7_resolution_scaling/grid_128/persistence/linear/split_seed_44/prediction_map.npy,eb2f83fe8fdbb4fbbe72fe6c403b6ffc1d09f6cf4ae0a626dcb35dbbb155ae78,65664
revision_outputs/cg_suite/E7_resolution_scaling/grid_128/persistence/linear/split_seed_44/reference_vs_prediction.png,a832c5a52836aa2e0150ef0a2a57ddc8a560792b87318cd431d6125bb7ed5879,111522
revision_outputs/cg_suite/E7_resolution_scaling/grid_128/persistence/linear/split_seed_44/residual_plot.png,b0f8606dd9d53bfa5462e953666b1419f64cef8a127b953b4d59f2f244929f8b,61859
revision_outputs/cg_suite/E7_resolution_scaling/grid_128/persistence/linear/split_seed_44/scatter_true_vs_pred.png,2a03f013f6829ba4bd4ce11ba5721785cd602435300d5d51d840dd01ec1625aa,68016
revision_outputs/cg_suite/E7_resolution_scaling/grid_128/persistence/linear/split_seed_44/split_masks.npz,a92fe7eb6a18e77649aa79b36fe9cd3d69f040dc0cda702e814030e0bc072ca1,2762
revision_outputs/cg_suite/E7_resolution_scaling/grid_128/persistence/linear/split_seed_44/target_map.npy,b1c0a360f70e5b89612b71e9d4aef45136f858b87f99bf4561c9826cb0e77ebf,65664
revision_outputs/cg_suite/E7_resolution_scaling/grid_128/persistence/linear/split_seed_45/binned_error.png,9e6cbbc339f6c27f85f2782addf6e9a89484f8aa1caf4cc329821f00df2eab1f,44977
revision_outputs/cg_suite/E7_resolution_scaling/grid_128/persistence/linear/split_seed_45/binned_residuals_boxplot.png,2a6b692d2a92a47d3de3bb607ac1a5d0d91f29f5b63c5fe268025213cfa54f76,60723
revision_outputs/cg_suite/E7_resolution_scaling/grid_128/persistence/linear/split_seed_45/config_snapshot.json,2f39519a249cdc74ca23c7b0fbd9ab12c33362ec31b78fa71e61141510c90fcc,1790
revision_outputs/cg_suite/E7_resolution_scaling/grid_128/persistence/linear/split_seed_45/last_input_map.npy,eb2f83fe8fdbb4fbbe72fe6c403b6ffc1d09f6cf4ae0a626dcb35dbbb155ae78,65664
revision_outputs/cg_suite/E7_resolution_scaling/grid_128/persistence/linear/split_seed_45/metrics.csv,d32a014ee0704707bca365d7d816682a5db773b7671b06329491c5ef8aabd7e1,657
revision_outputs/cg_suite/E7_resolution_scaling/grid_128/persistence/linear/split_seed_45/metrics.json,02d13e714c73c0c81e86c5ffeb08351f23eff360f64df01450dad0968000939c,848
revision_outputs/cg_suite/E7_resolution_scaling/grid_128/persistence/linear/split_seed_45/prediction_map.npy,eb2f83fe8fdbb4fbbe72fe6c403b6ffc1d09f6cf4ae0a626dcb35dbbb155ae78,65664
revision_outputs/cg_suite/E7_resolution_scaling/grid_128/persistence/linear/split_seed_45/reference_vs_prediction.png,a832c5a52836aa2e0150ef0a2a57ddc8a560792b87318cd431d6125bb7ed5879,111522
revision_outputs/cg_suite/E7_resolution_scaling/grid_128/persistence/linear/split_seed_45/residual_plot.png,2622072ce2f0a2765803c8c2484728600281b1adbbb22446d8e465cb52e8fdd2,56981
revision_outputs/cg_suite/E7_resolution_scaling/grid_128/persistence/linear/split_seed_45/scatter_true_vs_pred.png,61d5fa0bce9274fb903735786ae9e6ed7d649b4e20a1ce0fdf93d367e2790128,71584
revision_outputs/cg_suite/E7_resolution_scaling/grid_128/persistence/linear/split_seed_45/split_masks.npz,74a7713d60c10c40851dd5d84104048cc680f8b7def322e7de8f81f20209fb0a,2725
revision_outputs/cg_suite/E7_resolution_scaling/grid_128/persistence/linear/split_seed_45/target_map.npy,b1c0a360f70e5b89612b71e9d4aef45136f858b87f99bf4561c9826cb0e77ebf,65664
revision_outputs/cg_suite/E7_resolution_scaling/grid_128/persistence/linear/split_seed_46/binned_error.png,6c31817220982a47ad37ac75959b418c1f1a247ba4903531b2a26b0226f385de,44578
revision_outputs/cg_suite/E7_resolution_scaling/grid_128/persistence/linear/split_seed_46/binned_residuals_boxplot.png,e0a9015dc41a42dc4e575a8c9dc0929da57466be951de06ba69c20e8e49e6e63,59195
revision_outputs/cg_suite/E7_resolution_scaling/grid_128/persistence/linear/split_seed_46/config_snapshot.json,2cb2e9cd98e12fa9bc4cda63591c1f0a1782db58dcc89d1370ed9d0b9b9f15b3,1790
revision_outputs/cg_suite/E7_resolution_scaling/grid_128/persistence/linear/split_seed_46/last_input_map.npy,eb2f83fe8fdbb4fbbe72fe6c403b6ffc1d09f6cf4ae0a626dcb35dbbb155ae78,65664
revision_outputs/cg_suite/E7_resolution_scaling/grid_128/persistence/linear/split_seed_46/metrics.csv,d1738a25909a0b2f2be300f67850ca547d494ac77d072ce7fc7acc586c2bc9da,658
revision_outputs/cg_suite/E7_resolution_scaling/grid_128/persistence/linear/split_seed_46/metrics.json,913aa0b9388371f2eec920dea29a6b6a003eb992199b9938dfb722a933901c8e,849
revision_outputs/cg_suite/E7_resolution_scaling/grid_128/persistence/linear/split_seed_46/prediction_map.npy,eb2f83fe8fdbb4fbbe72fe6c403b6ffc1d09f6cf4ae0a626dcb35dbbb155ae78,65664
revision_outputs/cg_suite/E7_resolution_scaling/grid_128/persistence/linear/split_seed_46/reference_vs_prediction.png,a832c5a52836aa2e0150ef0a2a57ddc8a560792b87318cd431d6125bb7ed5879,111522
revision_outputs/cg_suite/E7_resolution_scaling/grid_128/persistence/linear/split_seed_46/residual_plot.png,b2e020fd52125863219e4a77dbd09ae747622b48762ac499d702e7ed221cdb32,42695
revision_outputs/cg_suite/E7_resolution_scaling/grid_128/persistence/linear/split_seed_46/scatter_true_vs_pred.png,259ccd2447048a57575063ba147b6c74433f0f8efcfb24e835fc2e91ca2920dd,53168
revision_outputs/cg_suite/E7_resolution_scaling/grid_128/persistence/linear/split_seed_46/split_masks.npz,c8c354f326f66fe78965c73c02ea7bbff3895c2f1bddf55f9d85367fe15bb26a,2710
revision_outputs/cg_suite/E7_resolution_scaling/grid_128/persistence/linear/split_seed_46/target_map.npy,b1c0a360f70e5b89612b71e9d4aef45136f858b87f99bf4561c9826cb0e77ebf,65664
revision_outputs/cg_suite/E7_resolution_scaling/grid_256/cnn_lstm_maskaware/linear/split_seed_42/binned_error.png,dc9a2a21d9d431bb0be0b84ca38bbceaaeffe735b537f65c5959f4d9aebd045d,40133
revision_outputs/cg_suite/E7_resolution_scaling/grid_256/cnn_lstm_maskaware/linear/split_seed_42/binned_residuals_boxplot.png,4ad1e7cc5c2809fac4928763b2afa223f73260b4a813b7c3c06e7d53d7d028a6,53426
revision_outputs/cg_suite/E7_resolution_scaling/grid_256/cnn_lstm_maskaware/linear/split_seed_42/config_snapshot.json,d9f4c356b9fa880dd231994608e3ab07a2222450bcbeaadcb482b9bae54e98dd,1790
revision_outputs/cg_suite/E7_resolution_scaling/grid_256/cnn_lstm_maskaware/linear/split_seed_42/last_input_map.npy,9a48065e98df9bb0200b16e885c5e0f98373d92e1fd0195829a8f8628f9ede66,262272
revision_outputs/cg_suite/E7_resolution_scaling/grid_256/cnn_lstm_maskaware/linear/split_seed_42/metrics.csv,2be00183fdaa8fd3e27d06dd4a2d34b77d8fce459b2846c03c7e5e0a9a00132e,786
revision_outputs/cg_suite/E7_resolution_scaling/grid_256/cnn_lstm_maskaware/linear/split_seed_42/metrics.json,4aa3d72e8598599ecda139068f68765e1a5fa5b0d3621b01c6eb58e7b7af0505,1016
revision_outputs/cg_suite/E7_resolution_scaling/grid_256/cnn_lstm_maskaware/linear/split_seed_42/prediction_map.npy,12c60a19aa7a076784bea304cf7cdd1d37a7bc3ba5e1091a7cf00431abb983c8,262272
revision_outputs/cg_suite/E7_resolution_scaling/grid_256/cnn_lstm_maskaware/linear/split_seed_42/reference_vs_prediction.png,35b5e989fe776abf9750c111f369f6c29c59a32d19da24bbccc4e654ccf989ad,408659
revision_outputs/cg_suite/E7_resolution_scaling/grid_256/cnn_lstm_maskaware/linear/split_seed_42/residual_plot.png,8be4dbc2e418de3a1e4910f31ca6a0169cc2f330c47ff7617944318a5df8c05d,33875
revision_outputs/cg_suite/E7_resolution_scaling/grid_256/cnn_lstm_maskaware/linear/split_seed_42/scatter_true_vs_pred.png,24882b4e22246e034af3758b6c0e9d1ff56b8c19af50616705adbcc86fb979bf,45787
revision_outputs/cg_suite/E7_resolution_scaling/grid_256/cnn_lstm_maskaware/linear/split_seed_42/split_masks.npz,aa87bd7754c73033f6fbca318704cb344d8f8307fb9362cf868f12dc9d85a42e,5093
revision_outputs/cg_suite/E7_resolution_scaling/grid_256/cnn_lstm_maskaware/linear/split_seed_42/target_map.npy,1e59eb26cb015535fc837f588d10b6c675b78ad23f6259fdd0725a814f18b221,262272
revision_outputs/cg_suite/E7_resolution_scaling/grid_256/cnn_lstm_maskaware/linear/split_seed_42/training_history.csv,1153dff00f7403d03a9b1d1b2f8888191c2efe0cc394bbe920834188ac8982b0,490
revision_outputs/cg_suite/E7_resolution_scaling/grid_256/cnn_lstm_maskaware/linear/split_seed_43/binned_error.png,0742944b9c2ec2b23102fecf3d0f2faf66392a435a5b187a042b82a4dd57f5f7,41346
revision_outputs/cg_suite/E7_resolution_scaling/grid_256/cnn_lstm_maskaware/linear/split_seed_43/binned_residuals_boxplot.png,75ebfb041ea77b254267fefcf4f1025f40632295ad5ed718cbdb9fceaae4f43e,55706
revision_outputs/cg_suite/E7_resolution_scaling/grid_256/cnn_lstm_maskaware/linear/split_seed_43/config_snapshot.json,be1e466e9041b16de712551a15dd70817561427c5a48a6739d260d5e2fff49dc,1790
revision_outputs/cg_suite/E7_resolution_scaling/grid_256/cnn_lstm_maskaware/linear/split_seed_43/last_input_map.npy,9a48065e98df9bb0200b16e885c5e0f98373d92e1fd0195829a8f8628f9ede66,262272
revision_outputs/cg_suite/E7_resolution_scaling/grid_256/cnn_lstm_maskaware/linear/split_seed_43/metrics.csv,1e8f74da83f388ef79ea1f78b115d5f0b338ca5b1c15fdc59e390e9ef71dc051,784
revision_outputs/cg_suite/E7_resolution_scaling/grid_256/cnn_lstm_maskaware/linear/split_seed_43/metrics.json,b39790997f8b6cb73748ae31de4cadc496e11d21e12751058dd793035b06b18a,1014
revision_outputs/cg_suite/E7_resolution_scaling/grid_256/cnn_lstm_maskaware/linear/split_seed_43/prediction_map.npy,1cbd3f716e022f493c27af140ce18b518852e5248dbeb8f4f5bd438bc958f69c,262272
revision_outputs/cg_suite/E7_resolution_scaling/grid_256/cnn_lstm_maskaware/linear/split_seed_43/reference_vs_prediction.png,acf840422e6709aeb506c3bae23857862ec0d2ce01745d8316aba16de44eb321,392221
revision_outputs/cg_suite/E7_resolution_scaling/grid_256/cnn_lstm_maskaware/linear/split_seed_43/residual_plot.png,2e95528c9035451905d1e0a23867da9aa7450d9a0dd0885c8c8b063997550f1e,33496
revision_outputs/cg_suite/E7_resolution_scaling/grid_256/cnn_lstm_maskaware/linear/split_seed_43/scatter_true_vs_pred.png,33828b2ad7a1507654b5d9ceaa11acdf74b8c2ebd711b3cb93113d02e67f101b,45657
revision_outputs/cg_suite/E7_resolution_scaling/grid_256/cnn_lstm_maskaware/linear/split_seed_43/split_masks.npz,b323933f7c125c832058aa2565acec87c0366ed7ad0b10fe8efeb214892db378,4960
revision_outputs/cg_suite/E7_resolution_scaling/grid_256/cnn_lstm_maskaware/linear/split_seed_43/target_map.npy,1e59eb26cb015535fc837f588d10b6c675b78ad23f6259fdd0725a814f18b221,262272
revision_outputs/cg_suite/E7_resolution_scaling/grid_256/cnn_lstm_maskaware/linear/split_seed_43/training_history.csv,e0e61e36c63ec896e2395977ce835c241cf22d75643b5bf2a0e129300f395956,565
revision_outputs/cg_suite/E7_resolution_scaling/grid_256/cnn_lstm_maskaware/linear/split_seed_44/binned_error.png,8e4c90849580849189861e5518fa1c7fb4baaf22c7fa57bb3e88d13a689bf8f3,41671
revision_outputs/cg_suite/E7_resolution_scaling/grid_256/cnn_lstm_maskaware/linear/split_seed_44/binned_residuals_boxplot.png,a09a0616fd6eb5580070ec5681cf371899f35f81dc75cab83e81b4ecacf9d8f4,55219
revision_outputs/cg_suite/E7_resolution_scaling/grid_256/cnn_lstm_maskaware/linear/split_seed_44/config_snapshot.json,f7259d9cc1371dbba5abc323d07a3933ac46b57d431747ab0e499a9e9f2f6661,1790
revision_outputs/cg_suite/E7_resolution_scaling/grid_256/cnn_lstm_maskaware/linear/split_seed_44/last_input_map.npy,9a48065e98df9bb0200b16e885c5e0f98373d92e1fd0195829a8f8628f9ede66,262272
revision_outputs/cg_suite/E7_resolution_scaling/grid_256/cnn_lstm_maskaware/linear/split_seed_44/metrics.csv,c5ebfd1306cc26c5e05de67abfc04dc945317abf8037644a16a974d55eb8aeb9,783
revision_outputs/cg_suite/E7_resolution_scaling/grid_256/cnn_lstm_maskaware/linear/split_seed_44/metrics.json,dcefdb8acc831bee9c574ba084b7d1c21f5984ec5587ffdd68aab97dc91ec247,1013
revision_outputs/cg_suite/E7_resolution_scaling/grid_256/cnn_lstm_maskaware/linear/split_seed_44/prediction_map.npy,4d5d8abc50d6088d5ef74d23ec6318688aa34ad2df098a73948d8cf36dd8ba9e,262272
revision_outputs/cg_suite/E7_resolution_scaling/grid_256/cnn_lstm_maskaware/linear/split_seed_44/reference_vs_prediction.png,e32a20aa59232ac0842e5e0f49f2e81a985ec8e8a39fd1f218057afad8ffe33f,372011
revision_outputs/cg_suite/E7_resolution_scaling/grid_256/cnn_lstm_maskaware/linear/split_seed_44/residual_plot.png,67c28759c54e70c665f4cb37dc749049b2d6d7d0ecc1ec6bb4c20a9be40c25d8,33304
revision_outputs/cg_suite/E7_resolution_scaling/grid_256/cnn_lstm_maskaware/linear/split_seed_44/scatter_true_vs_pred.png,b98ed4709073c29612721b64ba65385279e20e9b282ba68c44a866d2efed31e4,45275
revision_outputs/cg_suite/E7_resolution_scaling/grid_256/cnn_lstm_maskaware/linear/split_seed_44/split_masks.npz,dc4e472d4ff09f561e1361da6f2d4a7c3bb5470862a13b149e680a480bc8139b,5058
revision_outputs/cg_suite/E7_resolution_scaling/grid_256/cnn_lstm_maskaware/linear/split_seed_44/target_map.npy,1e59eb26cb015535fc837f588d10b6c675b78ad23f6259fdd0725a814f18b221,262272
revision_outputs/cg_suite/E7_resolution_scaling/grid_256/cnn_lstm_maskaware/linear/split_seed_44/training_history.csv,a2c8ee961bd38f061c45fc812975557546630ab8cd12b8835e92b1484cc4efaf,527
revision_outputs/cg_suite/E7_resolution_scaling/grid_256/cnn_lstm_maskaware/linear/split_seed_45/binned_error.png,e3609e9fe01c2c3d7b087fac714326699d61bc5fc5b37f98b7c2c5948a2e111f,43000
revision_outputs/cg_suite/E7_resolution_scaling/grid_256/cnn_lstm_maskaware/linear/split_seed_45/binned_residuals_boxplot.png,629669a0a5dfaf821f5738ea09d789c1a755c6193a3d48010fc0a5378e0c8df4,50328
revision_outputs/cg_suite/E7_resolution_scaling/grid_256/cnn_lstm_maskaware/linear/split_seed_45/config_snapshot.json,fdeec65608ee4078fb88a8c2adfd55b6a7a8b5e06b1fec55f8fd3498aed54c06,1790
revision_outputs/cg_suite/E7_resolution_scaling/grid_256/cnn_lstm_maskaware/linear/split_seed_45/last_input_map.npy,9a48065e98df9bb0200b16e885c5e0f98373d92e1fd0195829a8f8628f9ede66,262272
revision_outputs/cg_suite/E7_resolution_scaling/grid_256/cnn_lstm_maskaware/linear/split_seed_45/metrics.csv,f65ebb4f5c7b6d39d7ac711a77375268e0d14c30dd701e0537f98feaab080bcf,780
revision_outputs/cg_suite/E7_resolution_scaling/grid_256/cnn_lstm_maskaware/linear/split_seed_45/metrics.json,2a3d7c3128188554f54e705694280f7a3b2e0f14cad842d3bfcbd26a3b524cf7,1010
revision_outputs/cg_suite/E7_resolution_scaling/grid_256/cnn_lstm_maskaware/linear/split_seed_45/prediction_map.npy,62e7e114ae7e553274fa3720f4f9b10da26eb61babd42d45c162b2b215755608,262272
revision_outputs/cg_suite/E7_resolution_scaling/grid_256/cnn_lstm_maskaware/linear/split_seed_45/reference_vs_prediction.png,b86880be2940dd1995a32478ddc45dc83e481db0e2753d04181c05b0ed966f64,406685
revision_outputs/cg_suite/E7_resolution_scaling/grid_256/cnn_lstm_maskaware/linear/split_seed_45/residual_plot.png,44ee1b02738ff55825780cbad29155aac54351890db50e213289f8a07d0813fc,41310
revision_outputs/cg_suite/E7_resolution_scaling/grid_256/cnn_lstm_maskaware/linear/split_seed_45/scatter_true_vs_pred.png,d1039d0a4d984b1899e7dd51d6e8c6a2c847c9f8b0f232d411cc44bbb9dd5d74,55248
revision_outputs/cg_suite/E7_resolution_scaling/grid_256/cnn_lstm_maskaware/linear/split_seed_45/split_masks.npz,9f4427996aac0677942e3dcb92a43587024aa3e8af163de64f4941b1377e52b0,4987
revision_outputs/cg_suite/E7_resolution_scaling/grid_256/cnn_lstm_maskaware/linear/split_seed_45/target_map.npy,1e59eb26cb015535fc837f588d10b6c675b78ad23f6259fdd0725a814f18b221,262272
revision_outputs/cg_suite/E7_resolution_scaling/grid_256/cnn_lstm_maskaware/linear/split_seed_45/training_history.csv,e01f621c4c96e41251eff0bac3d747be222026c028228b15ec7f07f157d5c19d,525
revision_outputs/cg_suite/E7_resolution_scaling/grid_256/cnn_lstm_maskaware/linear/split_seed_46/binned_error.png,4707372268e2e8fd3ad70f315368a0fec9a5f9e770c56ae2d191278456f8d276,37775
revision_outputs/cg_suite/E7_resolution_scaling/grid_256/cnn_lstm_maskaware/linear/split_seed_46/binned_residuals_boxplot.png,17acbae68dc58504cdb97f4b83b5c45af173586eef15ae3e7d72c1396e3adffd,55482
revision_outputs/cg_suite/E7_resolution_scaling/grid_256/cnn_lstm_maskaware/linear/split_seed_46/config_snapshot.json,087b0367f09baa558c765d9eeb81c4f8d28b6dc943ed0dc89c7d90ca5c7461cb,1790
revision_outputs/cg_suite/E7_resolution_scaling/grid_256/cnn_lstm_maskaware/linear/split_seed_46/last_input_map.npy,9a48065e98df9bb0200b16e885c5e0f98373d92e1fd0195829a8f8628f9ede66,262272
revision_outputs/cg_suite/E7_resolution_scaling/grid_256/cnn_lstm_maskaware/linear/split_seed_46/metrics.csv,edf21a8540f3631814e4f0d74038b4f92677f36e787b3af3510b269a03758c62,785
revision_outputs/cg_suite/E7_resolution_scaling/grid_256/cnn_lstm_maskaware/linear/split_seed_46/metrics.json,9857dff43af29b76af915a1b399174359b165df16042c45f70dea48bf13f5d9d,1015
revision_outputs/cg_suite/E7_resolution_scaling/grid_256/cnn_lstm_maskaware/linear/split_seed_46/prediction_map.npy,3516210a68f78d290b4156fc755bb2ea63fb93371722c836c413611ee13e2640,262272
revision_outputs/cg_suite/E7_resolution_scaling/grid_256/cnn_lstm_maskaware/linear/split_seed_46/reference_vs_prediction.png,a5d3e8dc9c8ae68976c0b99d5559222f2689406f7f2ae2c0b084e081cd7326dc,408397
revision_outputs/cg_suite/E7_resolution_scaling/grid_256/cnn_lstm_maskaware/linear/split_seed_46/residual_plot.png,273d6b120573e43e389afead8c1348c0b2a75c2c8301cf38bcbd4ae6ef42d2cf,36617
revision_outputs/cg_suite/E7_resolution_scaling/grid_256/cnn_lstm_maskaware/linear/split_seed_46/scatter_true_vs_pred.png,c93a7f3d191a3ced764cd3d0a9857491e9f6a0e48425fa0d017c2f144786959f,49553
revision_outputs/cg_suite/E7_resolution_scaling/grid_256/cnn_lstm_maskaware/linear/split_seed_46/split_masks.npz,b147155d168780531b89106b8cff37420d8650cce600f3ae472a5a857fa46329,5022
revision_outputs/cg_suite/E7_resolution_scaling/grid_256/cnn_lstm_maskaware/linear/split_seed_46/target_map.npy,1e59eb26cb015535fc837f588d10b6c675b78ad23f6259fdd0725a814f18b221,262272
revision_outputs/cg_suite/E7_resolution_scaling/grid_256/cnn_lstm_maskaware/linear/split_seed_46/training_history.csv,ad587d2eeac85745b95897c2a1ce1ad012221dbd2df1aa91b691531614c3a1fc,567
revision_outputs/cg_suite/E7_resolution_scaling/grid_256/lasso/linear/split_seed_42/alpha_sweep.csv,38e72081070d7fc3324b428caad745684daaa78068c2ae58b3a13eda8db9b87b,187
revision_outputs/cg_suite/E7_resolution_scaling/grid_256/lasso/linear/split_seed_42/binned_error.png,08aaa17247a575f913959ac4b9f3d9c0b4e212af46adcf3009672e17950aa72b,39634
revision_outputs/cg_suite/E7_resolution_scaling/grid_256/lasso/linear/split_seed_42/binned_residuals_boxplot.png,350ef187e6ea39bd97943040c3c5fcf35b24867e9add31c9c79fa743b97932b8,65601
revision_outputs/cg_suite/E7_resolution_scaling/grid_256/lasso/linear/split_seed_42/config_snapshot.json,d9f4c356b9fa880dd231994608e3ab07a2222450bcbeaadcb482b9bae54e98dd,1790
revision_outputs/cg_suite/E7_resolution_scaling/grid_256/lasso/linear/split_seed_42/metrics.csv,ae0a792f38969d0b8504af4c2b3f30e84d91de1e100f9be462b7b2c3e8917b6e,498
revision_outputs/cg_suite/E7_resolution_scaling/grid_256/lasso/linear/split_seed_42/metrics.json,593545ae3d260da827cd9215ec1210dba88cff5b13df63d2d79ad3f8375d19b7,652
revision_outputs/cg_suite/E7_resolution_scaling/grid_256/lasso/linear/split_seed_42/prediction_map.npy,2edc60badd0408642897e991645fabae765e9efd005009d7014b078471b24d62,262272
revision_outputs/cg_suite/E7_resolution_scaling/grid_256/lasso/linear/split_seed_42/reference_vs_prediction.png,abb00e4b97cc635b0626824c8dad8c0590de11f50a2ae53ae6c479e641c9b27e,544419
revision_outputs/cg_suite/E7_resolution_scaling/grid_256/lasso/linear/split_seed_42/residual_plot.png,72d325d1b84df3f139afe928fd7cd1f34c63b71bf09a3ffaa208f53b6dd43028,69116
revision_outputs/cg_suite/E7_resolution_scaling/grid_256/lasso/linear/split_seed_42/scatter_true_vs_pred.png,30f36903e501fd584196cde4205616785e3a7fa9866cd6991839f7b95209e43e,58759
revision_outputs/cg_suite/E7_resolution_scaling/grid_256/lasso/linear/split_seed_42/split_masks.npz,aa87bd7754c73033f6fbca318704cb344d8f8307fb9362cf868f12dc9d85a42e,5093
revision_outputs/cg_suite/E7_resolution_scaling/grid_256/lasso/linear/split_seed_42/target_map.npy,1e59eb26cb015535fc837f588d10b6c675b78ad23f6259fdd0725a814f18b221,262272
revision_outputs/cg_suite/E7_resolution_scaling/grid_256/lasso/linear/split_seed_43/alpha_sweep.csv,80662bd4c21fb0ba3f3f144b0e057d1da8d50bbd7f5e993e845e80cd5dd914c6,188
revision_outputs/cg_suite/E7_resolution_scaling/grid_256/lasso/linear/split_seed_43/binned_error.png,fb76faa07d304774b603814d0be218a871f37ecead8c1ee35551faa849211d6e,51684
revision_outputs/cg_suite/E7_resolution_scaling/grid_256/lasso/linear/split_seed_43/binned_residuals_boxplot.png,a4eff52545e882c92f6769ecbe159a3750f3bbe24e6b8b04798bb608dfcecd32,59947
revision_outputs/cg_suite/E7_resolution_scaling/grid_256/lasso/linear/split_seed_43/config_snapshot.json,be1e466e9041b16de712551a15dd70817561427c5a48a6739d260d5e2fff49dc,1790
revision_outputs/cg_suite/E7_resolution_scaling/grid_256/lasso/linear/split_seed_43/metrics.csv,035a5af5d93b6b044f4adbbcc6f1e872ca5c368d6b7cf2898743841fc02264c6,498
revision_outputs/cg_suite/E7_resolution_scaling/grid_256/lasso/linear/split_seed_43/metrics.json,183b8527bc185e745d19947cd83eb0cdf43eaf530425417fe1e42ede7e681232,652
revision_outputs/cg_suite/E7_resolution_scaling/grid_256/lasso/linear/split_seed_43/prediction_map.npy,742d4b3c12af466805f4962f8d7b87165bba75026f40e0eaffcf9ae1dd8a3ccf,262272
revision_outputs/cg_suite/E7_resolution_scaling/grid_256/lasso/linear/split_seed_43/reference_vs_prediction.png,cd2e8b58e98b71b988eb50cdf176196cb0ef8a99c0e2a844341e58b9580a86e1,545338
revision_outputs/cg_suite/E7_resolution_scaling/grid_256/lasso/linear/split_seed_43/residual_plot.png,943c5a6d79a57f2dd907a6f0fb319a29a292b7d1aa4b592163f84ce945c4b228,56444
revision_outputs/cg_suite/E7_resolution_scaling/grid_256/lasso/linear/split_seed_43/scatter_true_vs_pred.png,6b2675aaff0332c48875dc847327375d7345829e45bfe2c4d45d48a0f6f871a1,55453
revision_outputs/cg_suite/E7_resolution_scaling/grid_256/lasso/linear/split_seed_43/split_masks.npz,b323933f7c125c832058aa2565acec87c0366ed7ad0b10fe8efeb214892db378,4960
revision_outputs/cg_suite/E7_resolution_scaling/grid_256/lasso/linear/split_seed_43/target_map.npy,1e59eb26cb015535fc837f588d10b6c675b78ad23f6259fdd0725a814f18b221,262272
revision_outputs/cg_suite/E7_resolution_scaling/grid_256/lasso/linear/split_seed_44/alpha_sweep.csv,6c132bfc9094989bb63a6afb1074c0008d28b4c78e76ea8f210e28885e9d5291,186
revision_outputs/cg_suite/E7_resolution_scaling/grid_256/lasso/linear/split_seed_44/binned_error.png,14d1f317b6c91b6d12606846d941ca96ac42666338d29783e79a07ef43a52852,52550
revision_outputs/cg_suite/E7_resolution_scaling/grid_256/lasso/linear/split_seed_44/binned_residuals_boxplot.png,06e3f546f19e98b04eb4318cf955ff54d554bde99732b7e0f87732cbc037b66a,63296
revision_outputs/cg_suite/E7_resolution_scaling/grid_256/lasso/linear/split_seed_44/config_snapshot.json,f7259d9cc1371dbba5abc323d07a3933ac46b57d431747ab0e499a9e9f2f6661,1790
revision_outputs/cg_suite/E7_resolution_scaling/grid_256/lasso/linear/split_seed_44/metrics.csv,2344e292111718b2da927e00d520a1c7e0169617499948fe7d108ff606464694,497
revision_outputs/cg_suite/E7_resolution_scaling/grid_256/lasso/linear/split_seed_44/metrics.json,36bf77ffcc9467cf048f682958a06941c4722882df5790f7c165c22a9d817562,651
revision_outputs/cg_suite/E7_resolution_scaling/grid_256/lasso/linear/split_seed_44/prediction_map.npy,b608fab3a933fd89d1dc25e91b4ed33f2f1aeb178c541d898d018a1441dff29d,262272
revision_outputs/cg_suite/E7_resolution_scaling/grid_256/lasso/linear/split_seed_44/reference_vs_prediction.png,e18068a800cd7dd4e30a49f05aad192c239913e369286b20e2123ceedce9d316,545065
revision_outputs/cg_suite/E7_resolution_scaling/grid_256/lasso/linear/split_seed_44/residual_plot.png,0e8f61ae4d8f795d96e644452a7ca9a99bcb8e061739edf5cee84f3611f6425a,63718
revision_outputs/cg_suite/E7_resolution_scaling/grid_256/lasso/linear/split_seed_44/scatter_true_vs_pred.png,06cb94b0e6ba1ec3e2c8e852d90a94eba36d7c5f8c27d4aca781126c513278f2,54701
revision_outputs/cg_suite/E7_resolution_scaling/grid_256/lasso/linear/split_seed_44/split_masks.npz,dc4e472d4ff09f561e1361da6f2d4a7c3bb5470862a13b149e680a480bc8139b,5058
revision_outputs/cg_suite/E7_resolution_scaling/grid_256/lasso/linear/split_seed_44/target_map.npy,1e59eb26cb015535fc837f588d10b6c675b78ad23f6259fdd0725a814f18b221,262272
revision_outputs/cg_suite/E7_resolution_scaling/grid_256/lasso/linear/split_seed_45/alpha_sweep.csv,62cd02a08a731005cc3ee6e602eee4b9534dcab47e78362f6b60414e892190dc,185
revision_outputs/cg_suite/E7_resolution_scaling/grid_256/lasso/linear/split_seed_45/binned_error.png,7f3502017ece5dd12bb417658616ecb842a89338b35ff463dbc68863d7209ce5,40161
revision_outputs/cg_suite/E7_resolution_scaling/grid_256/lasso/linear/split_seed_45/binned_residuals_boxplot.png,8ec75b8ce26fd912e79791641155dd232c0cee67a64dfede5a44e7ad1b2a47bb,71946
revision_outputs/cg_suite/E7_resolution_scaling/grid_256/lasso/linear/split_seed_45/config_snapshot.json,fdeec65608ee4078fb88a8c2adfd55b6a7a8b5e06b1fec55f8fd3498aed54c06,1790
revision_outputs/cg_suite/E7_resolution_scaling/grid_256/lasso/linear/split_seed_45/metrics.csv,0e200293ea88e5ad53a349663977444a25379760303502c2c625eba889ee56ab,496
revision_outputs/cg_suite/E7_resolution_scaling/grid_256/lasso/linear/split_seed_45/metrics.json,a21dafaeba1251815adb3d92e5555cd9aeda79aee65cc86051c2652cb4f94a1b,650
revision_outputs/cg_suite/E7_resolution_scaling/grid_256/lasso/linear/split_seed_45/prediction_map.npy,eb2c81ee6e46ae0d8ac1bdf9c4f303c10228fab6fe3f72cf53984157cff08da1,262272
revision_outputs/cg_suite/E7_resolution_scaling/grid_256/lasso/linear/split_seed_45/reference_vs_prediction.png,de6aa5f2a38ba2374521c536f622700ff3bfaa4bd29b6bf4a00be5a4cca9d536,544880
revision_outputs/cg_suite/E7_resolution_scaling/grid_256/lasso/linear/split_seed_45/residual_plot.png,ce47a860b95b5ecae01fcdce6e54e0902e4202dd02ffd219d61e9b52de40401d,92858
revision_outputs/cg_suite/E7_resolution_scaling/grid_256/lasso/linear/split_seed_45/scatter_true_vs_pred.png,8236e51ab6f412839477afbdadc0a0a1504d202e03ea8e44a32816d38f6fbcf0,92035
revision_outputs/cg_suite/E7_resolution_scaling/grid_256/lasso/linear/split_seed_45/split_masks.npz,9f4427996aac0677942e3dcb92a43587024aa3e8af163de64f4941b1377e52b0,4987
revision_outputs/cg_suite/E7_resolution_scaling/grid_256/lasso/linear/split_seed_45/target_map.npy,1e59eb26cb015535fc837f588d10b6c675b78ad23f6259fdd0725a814f18b221,262272
revision_outputs/cg_suite/E7_resolution_scaling/grid_256/lasso/linear/split_seed_46/alpha_sweep.csv,f984a99f5d4ad3675b1e0ff2aaa5885dc01f9562219da9bfde76bbb11c11dfdd,187
revision_outputs/cg_suite/E7_resolution_scaling/grid_256/lasso/linear/split_seed_46/binned_error.png,779bcf9961060ede5cbf2d6ee5c664ffdc8b2651cc227bb0a09718c0d5a1b218,36357
revision_outputs/cg_suite/E7_resolution_scaling/grid_256/lasso/linear/split_seed_46/binned_residuals_boxplot.png,6080a096e2875652451d5abbf67d0e561c63d96209cb3960e50e3142aabc9293,65153
revision_outputs/cg_suite/E7_resolution_scaling/grid_256/lasso/linear/split_seed_46/config_snapshot.json,087b0367f09baa558c765d9eeb81c4f8d28b6dc943ed0dc89c7d90ca5c7461cb,1790
revision_outputs/cg_suite/E7_resolution_scaling/grid_256/lasso/linear/split_seed_46/metrics.csv,a6a3c81bb760863bd76e7a69aac081c3c40f6163ffbe3879e98526de9f94793b,498
revision_outputs/cg_suite/E7_resolution_scaling/grid_256/lasso/linear/split_seed_46/metrics.json,1201c9866433de235a0f828ecd2bfeec67d24ac65255ca36838d2af4f94d4bb7,652
revision_outputs/cg_suite/E7_resolution_scaling/grid_256/lasso/linear/split_seed_46/prediction_map.npy,0c8d207dade03b7ff9c6023b7fd6e5d26c7b74d748c443050182c4e0c67a894a,262272
revision_outputs/cg_suite/E7_resolution_scaling/grid_256/lasso/linear/split_seed_46/reference_vs_prediction.png,2ab9b241ea1f36f2eff4cab05745bf0549da18c3606de51d341081cb4c03452c,545242
revision_outputs/cg_suite/E7_resolution_scaling/grid_256/lasso/linear/split_seed_46/residual_plot.png,4048f45dad2b4577a636ee017b1725bd62f8b64c47d647cdd496a08ba2a886eb,70261
revision_outputs/cg_suite/E7_resolution_scaling/grid_256/lasso/linear/split_seed_46/scatter_true_vs_pred.png,78bd98b0a368fa4dbff20e2bc2b54f412280013d8ce3356996cc5f97355c1f60,62517
revision_outputs/cg_suite/E7_resolution_scaling/grid_256/lasso/linear/split_seed_46/split_masks.npz,b147155d168780531b89106b8cff37420d8650cce600f3ae472a5a857fa46329,5022
revision_outputs/cg_suite/E7_resolution_scaling/grid_256/lasso/linear/split_seed_46/target_map.npy,1e59eb26cb015535fc837f588d10b6c675b78ad23f6259fdd0725a814f18b221,262272
revision_outputs/cg_suite/E7_resolution_scaling/grid_256/lightgbm/linear/split_seed_42/binned_error.png,2a93e6879de7edd05de34bbda4254d10d702f2a2340acb82ba9d2476eed566ff,32336
revision_outputs/cg_suite/E7_resolution_scaling/grid_256/lightgbm/linear/split_seed_42/binned_residuals_boxplot.png,1ed1f5a63ed1fde15e089aa0df54f35ded671bf7d6c0a82f6bca7f0c478f070d,57516
revision_outputs/cg_suite/E7_resolution_scaling/grid_256/lightgbm/linear/split_seed_42/config_snapshot.json,d9f4c356b9fa880dd231994608e3ab07a2222450bcbeaadcb482b9bae54e98dd,1790
revision_outputs/cg_suite/E7_resolution_scaling/grid_256/lightgbm/linear/split_seed_42/lightgbm_model.txt,819ab9a38e73eb6352d12b0fb28f4ceda694084d8694038ee9a77e120fb248ef,454903
revision_outputs/cg_suite/E7_resolution_scaling/grid_256/lightgbm/linear/split_seed_42/metrics.csv,a271ab4685b34932981a92a2944fc69022e0f8e63d352e8059f2dbd3f5a07889,448
revision_outputs/cg_suite/E7_resolution_scaling/grid_256/lightgbm/linear/split_seed_42/metrics.json,7f5212838fa0d8f04516f5c19adc41a65ad3096932d37766c93f03263c7ccd30,588
revision_outputs/cg_suite/E7_resolution_scaling/grid_256/lightgbm/linear/split_seed_42/prediction_map.npy,2016140b8c45d2cbeb263f37091cf2b21f51a7ed79996ed491a8fc38f4e5de56,262272
revision_outputs/cg_suite/E7_resolution_scaling/grid_256/lightgbm/linear/split_seed_42/reference_vs_prediction.png,e5e7a3728fe272b32505bf3a4de805e89851770331f6f1ebd0a1654a271cae98,544975
revision_outputs/cg_suite/E7_resolution_scaling/grid_256/lightgbm/linear/split_seed_42/residual_plot.png,bcc3afb1f738c51bdb8f5120990006d6a0d2ed3e6d2ec9a7de675b81d350d011,42461
revision_outputs/cg_suite/E7_resolution_scaling/grid_256/lightgbm/linear/split_seed_42/scatter_true_vs_pred.png,9a6dd0b4f13dddf094c0521b841d8d39959b39abccb14f53b70aa35d6cf6a459,60132
revision_outputs/cg_suite/E7_resolution_scaling/grid_256/lightgbm/linear/split_seed_42/split_masks.npz,aa87bd7754c73033f6fbca318704cb344d8f8307fb9362cf868f12dc9d85a42e,5093
revision_outputs/cg_suite/E7_resolution_scaling/grid_256/lightgbm/linear/split_seed_42/target_map.npy,1e59eb26cb015535fc837f588d10b6c675b78ad23f6259fdd0725a814f18b221,262272
revision_outputs/cg_suite/E7_resolution_scaling/grid_256/lightgbm/linear/split_seed_43/binned_error.png,97e1f24f082b384419779b861434e0adea8e65206ca0801c4a17e0d66b4a1d07,35349
revision_outputs/cg_suite/E7_resolution_scaling/grid_256/lightgbm/linear/split_seed_43/binned_residuals_boxplot.png,27adc8cfa2fc90fa94d17055a80586cfd08b096f1f12822933eccb9c345d407a,56519
revision_outputs/cg_suite/E7_resolution_scaling/grid_256/lightgbm/linear/split_seed_43/config_snapshot.json,be1e466e9041b16de712551a15dd70817561427c5a48a6739d260d5e2fff49dc,1790
revision_outputs/cg_suite/E7_resolution_scaling/grid_256/lightgbm/linear/split_seed_43/lightgbm_model.txt,221a6952ed484598565300fdf43d73360f849d3b71b4039a5eeebaaed0a563ba,444592
revision_outputs/cg_suite/E7_resolution_scaling/grid_256/lightgbm/linear/split_seed_43/metrics.csv,4d1855b70257cd0ebfd868d23bd49b33d67f0055308854d283bdf2879e12f1ca,444
revision_outputs/cg_suite/E7_resolution_scaling/grid_256/lightgbm/linear/split_seed_43/metrics.json,13af63d41845e2663565a587445f691b889a73a3b19b949c65eff4319d89e6c9,584
revision_outputs/cg_suite/E7_resolution_scaling/grid_256/lightgbm/linear/split_seed_43/prediction_map.npy,3644ebbb3746ed0afc977322169a2936f6e4d134cfbcee5c427293bbab42b68c,262272
revision_outputs/cg_suite/E7_resolution_scaling/grid_256/lightgbm/linear/split_seed_43/reference_vs_prediction.png,5cea5945c99652a7ceef6010b607e01eaf29269b49043aaa9a86a0e9659b80f2,544876
revision_outputs/cg_suite/E7_resolution_scaling/grid_256/lightgbm/linear/split_seed_43/residual_plot.png,22f40bd8bd9de12b3a3fc495610d68a8eba28fde3eb40ab0eb97136239e158b6,38706
revision_outputs/cg_suite/E7_resolution_scaling/grid_256/lightgbm/linear/split_seed_43/scatter_true_vs_pred.png,5dd3efeb0fc81118b64eccddc4a86d85967145159fc0e223c56ffeb765cff710,56135
revision_outputs/cg_suite/E7_resolution_scaling/grid_256/lightgbm/linear/split_seed_43/split_masks.npz,b323933f7c125c832058aa2565acec87c0366ed7ad0b10fe8efeb214892db378,4960
revision_outputs/cg_suite/E7_resolution_scaling/grid_256/lightgbm/linear/split_seed_43/target_map.npy,1e59eb26cb015535fc837f588d10b6c675b78ad23f6259fdd0725a814f18b221,262272
revision_outputs/cg_suite/E7_resolution_scaling/grid_256/lightgbm/linear/split_seed_44/binned_error.png,180e1f56f9b6596e025b9440de7505aa994888672efe1cae7911dd399b1f1557,35441
revision_outputs/cg_suite/E7_resolution_scaling/grid_256/lightgbm/linear/split_seed_44/binned_residuals_boxplot.png,aa3b278e7c9371ea060376c4c6db903732fa818790fa979715c0bbf1540f83c5,55877
revision_outputs/cg_suite/E7_resolution_scaling/grid_256/lightgbm/linear/split_seed_44/config_snapshot.json,f7259d9cc1371dbba5abc323d07a3933ac46b57d431747ab0e499a9e9f2f6661,1790
revision_outputs/cg_suite/E7_resolution_scaling/grid_256/lightgbm/linear/split_seed_44/lightgbm_model.txt,112b5ff97bf2d135cb4fa60e2e6af4e438f9b3f637d476599ca0ed08b13521ec,313409
revision_outputs/cg_suite/E7_resolution_scaling/grid_256/lightgbm/linear/split_seed_44/metrics.csv,7f57c24ed59f5ce8768c9467de506f51a5e42cca6e8c64933d9329b8c9206360,446
revision_outputs/cg_suite/E7_resolution_scaling/grid_256/lightgbm/linear/split_seed_44/metrics.json,2c269061caff70eaef72574c0448f569b5a87cc23cc0a16314a561a01faf6eeb,586
revision_outputs/cg_suite/E7_resolution_scaling/grid_256/lightgbm/linear/split_seed_44/prediction_map.npy,94f045ca7c9fb300d17fcfc6196883ea9c1fd7db6108c1b565dcfa51cfd13613,262272
revision_outputs/cg_suite/E7_resolution_scaling/grid_256/lightgbm/linear/split_seed_44/reference_vs_prediction.png,b706ee2f956e1ce8b63f29d3bb47dfb47142cccd5e3377a3ecd492391d2bcfdf,545182
revision_outputs/cg_suite/E7_resolution_scaling/grid_256/lightgbm/linear/split_seed_44/residual_plot.png,0347c98ff3222d63b74f0ae869e816eb6ef2bd82084ca4054868e49619e43d24,37783
revision_outputs/cg_suite/E7_resolution_scaling/grid_256/lightgbm/linear/split_seed_44/scatter_true_vs_pred.png,4c99577b297fa7a4ad73a17b753c71dc30571987d9e7e824e6b4991e2d66626a,55142
revision_outputs/cg_suite/E7_resolution_scaling/grid_256/lightgbm/linear/split_seed_44/split_masks.npz,dc4e472d4ff09f561e1361da6f2d4a7c3bb5470862a13b149e680a480bc8139b,5058
revision_outputs/cg_suite/E7_resolution_scaling/grid_256/lightgbm/linear/split_seed_44/target_map.npy,1e59eb26cb015535fc837f588d10b6c675b78ad23f6259fdd0725a814f18b221,262272
revision_outputs/cg_suite/E7_resolution_scaling/grid_256/lightgbm/linear/split_seed_45/binned_error.png,a448cd57bcb14a23cdc1665dd15f1c17d02ee0634e6df92493ebe33b2d0e3642,42906
revision_outputs/cg_suite/E7_resolution_scaling/grid_256/lightgbm/linear/split_seed_45/binned_residuals_boxplot.png,e67957e97dcb25dc6fa30bda07c9b99889548c5fe1aefebd27de58cf0438ab1c,71787
revision_outputs/cg_suite/E7_resolution_scaling/grid_256/lightgbm/linear/split_seed_45/config_snapshot.json,fdeec65608ee4078fb88a8c2adfd55b6a7a8b5e06b1fec55f8fd3498aed54c06,1790
revision_outputs/cg_suite/E7_resolution_scaling/grid_256/lightgbm/linear/split_seed_45/lightgbm_model.txt,175809dfdb688b77b7fd5c2242df58f4ee23a6c77cbe3da911122734ee44dfa5,437530
revision_outputs/cg_suite/E7_resolution_scaling/grid_256/lightgbm/linear/split_seed_45/metrics.csv,706d61852e7c36264f6786b57cccaa654ae6447e6a7da8543bb5cd4c2a4d9dbe,447
revision_outputs/cg_suite/E7_resolution_scaling/grid_256/lightgbm/linear/split_seed_45/metrics.json,73b6f822f75196e633d3267d1661fb42c231b29af6468294b62ff4447a9e91bb,587
revision_outputs/cg_suite/E7_resolution_scaling/grid_256/lightgbm/linear/split_seed_45/prediction_map.npy,dabe2bfe68cd87d044882612364ad0f2f5e37b87b6950009907f31c62c7d9344,262272
revision_outputs/cg_suite/E7_resolution_scaling/grid_256/lightgbm/linear/split_seed_45/reference_vs_prediction.png,645bd68b9e9da664c0ba6c54a9ff3251f01def6c8f667ee22f4c35e51d9cf5b1,544850
revision_outputs/cg_suite/E7_resolution_scaling/grid_256/lightgbm/linear/split_seed_45/residual_plot.png,1efa5664b81f523a316edd00b80f83de8cc68b199bfb0aa6a9f4d3da474391e3,92614
revision_outputs/cg_suite/E7_resolution_scaling/grid_256/lightgbm/linear/split_seed_45/scatter_true_vs_pred.png,0f2d126daa6e110d31f9388473c4d7ab78c51941127cf0ff5f97e850ab9931d9,91436
revision_outputs/cg_suite/E7_resolution_scaling/grid_256/lightgbm/linear/split_seed_45/split_masks.npz,9f4427996aac0677942e3dcb92a43587024aa3e8af163de64f4941b1377e52b0,4987
revision_outputs/cg_suite/E7_resolution_scaling/grid_256/lightgbm/linear/split_seed_45/target_map.npy,1e59eb26cb015535fc837f588d10b6c675b78ad23f6259fdd0725a814f18b221,262272
revision_outputs/cg_suite/E7_resolution_scaling/grid_256/lightgbm/linear/split_seed_46/binned_error.png,d45fe5e9359a524b4671bfd1450422dc825c0d48016874ec5b9569d90eabba3b,41578
revision_outputs/cg_suite/E7_resolution_scaling/grid_256/lightgbm/linear/split_seed_46/binned_residuals_boxplot.png,0963b6e54cea03f0b4b61e888c9cec7f655e74e351214f09098bfa0bbfe48899,56665
revision_outputs/cg_suite/E7_resolution_scaling/grid_256/lightgbm/linear/split_seed_46/config_snapshot.json,087b0367f09baa558c765d9eeb81c4f8d28b6dc943ed0dc89c7d90ca5c7461cb,1790
revision_outputs/cg_suite/E7_resolution_scaling/grid_256/lightgbm/linear/split_seed_46/lightgbm_model.txt,8f851ddf52784270c83d19f6a0adde8c32372baf4594cd7aaedd9d87ff453c62,312436
revision_outputs/cg_suite/E7_resolution_scaling/grid_256/lightgbm/linear/split_seed_46/metrics.csv,c061f074632c02ca216e03e98ad310285b34bc19f8b932af523cacdd046cffaf,445
revision_outputs/cg_suite/E7_resolution_scaling/grid_256/lightgbm/linear/split_seed_46/metrics.json,0f0fcdda800c5295363c6d60f955c01614451f71910c9f1ac8f96a1174c95ecd,585
revision_outputs/cg_suite/E7_resolution_scaling/grid_256/lightgbm/linear/split_seed_46/prediction_map.npy,b4c5d73ca5f4d198aebbb73f2cb4667fb73e177fe49d36419b7c591558006e91,262272
revision_outputs/cg_suite/E7_resolution_scaling/grid_256/lightgbm/linear/split_seed_46/reference_vs_prediction.png,8863a883fbbd1071b9707205034016f6201d36d921b88685fdd5c90a7af343f3,544726
revision_outputs/cg_suite/E7_resolution_scaling/grid_256/lightgbm/linear/split_seed_46/residual_plot.png,48254395c4e4c4af2e1ead67b6e5a799c2f08e1f0c27662ddc9dcab7a8b9176c,43265
revision_outputs/cg_suite/E7_resolution_scaling/grid_256/lightgbm/linear/split_seed_46/scatter_true_vs_pred.png,b1882fea20376a10058c19084440b9e4d4b87e9678005a9d5c5ebc7952a9d6cf,63335
revision_outputs/cg_suite/E7_resolution_scaling/grid_256/lightgbm/linear/split_seed_46/split_masks.npz,b147155d168780531b89106b8cff37420d8650cce600f3ae472a5a857fa46329,5022
revision_outputs/cg_suite/E7_resolution_scaling/grid_256/lightgbm/linear/split_seed_46/target_map.npy,1e59eb26cb015535fc837f588d10b6c675b78ad23f6259fdd0725a814f18b221,262272
revision_outputs/cg_suite/E7_resolution_scaling/grid_256/persistence/linear/split_seed_42/binned_error.png,d1d73c38a3602462e43ac360147004f111b702dcfb8bcf394ab91adcf1df9a30,40164
revision_outputs/cg_suite/E7_resolution_scaling/grid_256/persistence/linear/split_seed_42/binned_residuals_boxplot.png,ed8be98a5b17a6d326b24f78a62819a70cc4d1134f18bb1465d521bb83ac7dcf,64835
revision_outputs/cg_suite/E7_resolution_scaling/grid_256/persistence/linear/split_seed_42/config_snapshot.json,d9f4c356b9fa880dd231994608e3ab07a2222450bcbeaadcb482b9bae54e98dd,1790
revision_outputs/cg_suite/E7_resolution_scaling/grid_256/persistence/linear/split_seed_42/last_input_map.npy,9a48065e98df9bb0200b16e885c5e0f98373d92e1fd0195829a8f8628f9ede66,262272
revision_outputs/cg_suite/E7_resolution_scaling/grid_256/persistence/linear/split_seed_42/metrics.csv,cb1a6f244ffc25a30dc4bcafbbb574c9f52284ce2b7c073d5619b13f8014674b,661
revision_outputs/cg_suite/E7_resolution_scaling/grid_256/persistence/linear/split_seed_42/metrics.json,fa197e334e8c3fb8fa91d2cd34f179574ff4076b9e645c73cd08c00ab8487755,852
revision_outputs/cg_suite/E7_resolution_scaling/grid_256/persistence/linear/split_seed_42/prediction_map.npy,9a48065e98df9bb0200b16e885c5e0f98373d92e1fd0195829a8f8628f9ede66,262272
revision_outputs/cg_suite/E7_resolution_scaling/grid_256/persistence/linear/split_seed_42/reference_vs_prediction.png,655c71542f32f8fbecaaed5019b060889b9e4791ba096308aa4da30c0492bcc0,551789
revision_outputs/cg_suite/E7_resolution_scaling/grid_256/persistence/linear/split_seed_42/residual_plot.png,f36f0a87564f0de511f66b832c81fdc81da87981cba98919fe75a75a12901718,63224
revision_outputs/cg_suite/E7_resolution_scaling/grid_256/persistence/linear/split_seed_42/scatter_true_vs_pred.png,03b16b52c8da5a48ac087bc6ee0df6bebb5364b8416584b65faa16d647497e41,59420
revision_outputs/cg_suite/E7_resolution_scaling/grid_256/persistence/linear/split_seed_42/split_masks.npz,aa87bd7754c73033f6fbca318704cb344d8f8307fb9362cf868f12dc9d85a42e,5093
revision_outputs/cg_suite/E7_resolution_scaling/grid_256/persistence/linear/split_seed_42/target_map.npy,1e59eb26cb015535fc837f588d10b6c675b78ad23f6259fdd0725a814f18b221,262272
revision_outputs/cg_suite/E7_resolution_scaling/grid_256/persistence/linear/split_seed_43/binned_error.png,31800e96bf83f843cf2925d7826770e876656a1d712a0683f78df527a915c135,46515
revision_outputs/cg_suite/E7_resolution_scaling/grid_256/persistence/linear/split_seed_43/binned_residuals_boxplot.png,d13c12e2552788ae987a44c56f00bcc4f3dc7d12601395e07eae7b6ecb01acaf,61498
revision_outputs/cg_suite/E7_resolution_scaling/grid_256/persistence/linear/split_seed_43/config_snapshot.json,be1e466e9041b16de712551a15dd70817561427c5a48a6739d260d5e2fff49dc,1790
revision_outputs/cg_suite/E7_resolution_scaling/grid_256/persistence/linear/split_seed_43/last_input_map.npy,9a48065e98df9bb0200b16e885c5e0f98373d92e1fd0195829a8f8628f9ede66,262272
revision_outputs/cg_suite/E7_resolution_scaling/grid_256/persistence/linear/split_seed_43/metrics.csv,bce19e5705f25e37e1227d1c03510e263fd9ea71a0b7824db03f8876b5790c5b,658
revision_outputs/cg_suite/E7_resolution_scaling/grid_256/persistence/linear/split_seed_43/metrics.json,a3ba6288c2ed0445d3c2f56d062ee1b4cfb74b4c788a9fdeb08eef8cb8a87e90,849
revision_outputs/cg_suite/E7_resolution_scaling/grid_256/persistence/linear/split_seed_43/prediction_map.npy,9a48065e98df9bb0200b16e885c5e0f98373d92e1fd0195829a8f8628f9ede66,262272
revision_outputs/cg_suite/E7_resolution_scaling/grid_256/persistence/linear/split_seed_43/reference_vs_prediction.png,655c71542f32f8fbecaaed5019b060889b9e4791ba096308aa4da30c0492bcc0,551789
revision_outputs/cg_suite/E7_resolution_scaling/grid_256/persistence/linear/split_seed_43/residual_plot.png,730ca979c3a942991f715f54a906f56799aec5cb89112724fd498e79594cd11a,58097
revision_outputs/cg_suite/E7_resolution_scaling/grid_256/persistence/linear/split_seed_43/scatter_true_vs_pred.png,fc1b90db5e60428c771b5e30a0d6a53d38bde2bc5846e9cab87f44ff573c7280,57675
revision_outputs/cg_suite/E7_resolution_scaling/grid_256/persistence/linear/split_seed_43/split_masks.npz,b323933f7c125c832058aa2565acec87c0366ed7ad0b10fe8efeb214892db378,4960
revision_outputs/cg_suite/E7_resolution_scaling/grid_256/persistence/linear/split_seed_43/target_map.npy,1e59eb26cb015535fc837f588d10b6c675b78ad23f6259fdd0725a814f18b221,262272
revision_outputs/cg_suite/E7_resolution_scaling/grid_256/persistence/linear/split_seed_44/binned_error.png,92d960c3803cf518aa90f2f6dcd2623680d072af7248db094d81b2dd0f809235,45506
revision_outputs/cg_suite/E7_resolution_scaling/grid_256/persistence/linear/split_seed_44/binned_residuals_boxplot.png,745bf70067f868c5518872e6239b0221e8819c87cba0540027bb3459fb6bae6f,69257
revision_outputs/cg_suite/E7_resolution_scaling/grid_256/persistence/linear/split_seed_44/config_snapshot.json,f7259d9cc1371dbba5abc323d07a3933ac46b57d431747ab0e499a9e9f2f6661,1790
revision_outputs/cg_suite/E7_resolution_scaling/grid_256/persistence/linear/split_seed_44/last_input_map.npy,9a48065e98df9bb0200b16e885c5e0f98373d92e1fd0195829a8f8628f9ede66,262272
revision_outputs/cg_suite/E7_resolution_scaling/grid_256/persistence/linear/split_seed_44/metrics.csv,e56eed19e0d95d0d70edb63f9577fbe6c1adcd659c0cf72472b45bdfa74e4516,661
revision_outputs/cg_suite/E7_resolution_scaling/grid_256/persistence/linear/split_seed_44/metrics.json,373f5d33ba7e9404ea27a834f355358e9b7c71a8f4507d64e4e59dc82e772b68,852
revision_outputs/cg_suite/E7_resolution_scaling/grid_256/persistence/linear/split_seed_44/prediction_map.npy,9a48065e98df9bb0200b16e885c5e0f98373d92e1fd0195829a8f8628f9ede66,262272
revision_outputs/cg_suite/E7_resolution_scaling/grid_256/persistence/linear/split_seed_44/reference_vs_prediction.png,655c71542f32f8fbecaaed5019b060889b9e4791ba096308aa4da30c0492bcc0,551789
revision_outputs/cg_suite/E7_resolution_scaling/grid_256/persistence/linear/split_seed_44/residual_plot.png,7c2e1a036c5abab4b43badc9f88ee9eb24432dbd7281efa9f202fb5b595921b5,63532
revision_outputs/cg_suite/E7_resolution_scaling/grid_256/persistence/linear/split_seed_44/scatter_true_vs_pred.png,2d4a19bb231bfc44a082a9277718832a683a043105969c7684156cb0498472ae,55722
revision_outputs/cg_suite/E7_resolution_scaling/grid_256/persistence/linear/split_seed_44/split_masks.npz,dc4e472d4ff09f561e1361da6f2d4a7c3bb5470862a13b149e680a480bc8139b,5058
revision_outputs/cg_suite/E7_resolution_scaling/grid_256/persistence/linear/split_seed_44/target_map.npy,1e59eb26cb015535fc837f588d10b6c675b78ad23f6259fdd0725a814f18b221,262272
revision_outputs/cg_suite/E7_resolution_scaling/grid_256/persistence/linear/split_seed_45/binned_error.png,1776a65c40dff18b9e54e6dcb3053c17841de4c26dee2da1e2d3d3e2d831b76e,37417
revision_outputs/cg_suite/E7_resolution_scaling/grid_256/persistence/linear/split_seed_45/binned_residuals_boxplot.png,9e37ed28963f9bf6f49bb1a0e53b1012abb72a42dba5bd60ff0695150c2b6ef7,64519
revision_outputs/cg_suite/E7_resolution_scaling/grid_256/persistence/linear/split_seed_45/config_snapshot.json,fdeec65608ee4078fb88a8c2adfd55b6a7a8b5e06b1fec55f8fd3498aed54c06,1790
revision_outputs/cg_suite/E7_resolution_scaling/grid_256/persistence/linear/split_seed_45/last_input_map.npy,9a48065e98df9bb0200b16e885c5e0f98373d92e1fd0195829a8f8628f9ede66,262272
revision_outputs/cg_suite/E7_resolution_scaling/grid_256/persistence/linear/split_seed_45/metrics.csv,d43e5280c6519ed940295896aee66c90d6b20faff87f3499a46bd95da816e98d,661
revision_outputs/cg_suite/E7_resolution_scaling/grid_256/persistence/linear/split_seed_45/metrics.json,50be61481470d2f98704bb37a1644bf4217f250a0e5ed2dbc239f33ea0b064f9,852
revision_outputs/cg_suite/E7_resolution_scaling/grid_256/persistence/linear/split_seed_45/prediction_map.npy,9a48065e98df9bb0200b16e885c5e0f98373d92e1fd0195829a8f8628f9ede66,262272
revision_outputs/cg_suite/E7_resolution_scaling/grid_256/persistence/linear/split_seed_45/reference_vs_prediction.png,655c71542f32f8fbecaaed5019b060889b9e4791ba096308aa4da30c0492bcc0,551789
revision_outputs/cg_suite/E7_resolution_scaling/grid_256/persistence/linear/split_seed_45/residual_plot.png,3f3736dcdd1c0c39c6e81b56a910665f30ae243678e47d202a5dec583a44e9fc,85550
revision_outputs/cg_suite/E7_resolution_scaling/grid_256/persistence/linear/split_seed_45/scatter_true_vs_pred.png,f24f38d7f3d8230710b04ee6af80ac339fd9a7df845129849cb9b992836c5c83,94024
revision_outputs/cg_suite/E7_resolution_scaling/grid_256/persistence/linear/split_seed_45/split_masks.npz,9f4427996aac0677942e3dcb92a43587024aa3e8af163de64f4941b1377e52b0,4987
revision_outputs/cg_suite/E7_resolution_scaling/grid_256/persistence/linear/split_seed_45/target_map.npy,1e59eb26cb015535fc837f588d10b6c675b78ad23f6259fdd0725a814f18b221,262272
revision_outputs/cg_suite/E7_resolution_scaling/grid_256/persistence/linear/split_seed_46/binned_error.png,3e9b22b93738cde0704cc7a43303ad95f1c7857ccf819481786752fedb23f248,36205
revision_outputs/cg_suite/E7_resolution_scaling/grid_256/persistence/linear/split_seed_46/binned_residuals_boxplot.png,e598e520cb393a8130d97ed05a0f849ae24f276fc01400307e1e89db2469c14f,63173
revision_outputs/cg_suite/E7_resolution_scaling/grid_256/persistence/linear/split_seed_46/config_snapshot.json,087b0367f09baa558c765d9eeb81c4f8d28b6dc943ed0dc89c7d90ca5c7461cb,1790
revision_outputs/cg_suite/E7_resolution_scaling/grid_256/persistence/linear/split_seed_46/last_input_map.npy,9a48065e98df9bb0200b16e885c5e0f98373d92e1fd0195829a8f8628f9ede66,262272
revision_outputs/cg_suite/E7_resolution_scaling/grid_256/persistence/linear/split_seed_46/metrics.csv,167c45623af6aeb73bd1fa4ea3016376cd1a2b255e0841c22744e423213ccad5,659
revision_outputs/cg_suite/E7_resolution_scaling/grid_256/persistence/linear/split_seed_46/metrics.json,e9ff27aef6cdd3b87b5c35b2207ab68637d674d48e92b6df9b5e115d3ac20e0d,850
revision_outputs/cg_suite/E7_resolution_scaling/grid_256/persistence/linear/split_seed_46/prediction_map.npy,9a48065e98df9bb0200b16e885c5e0f98373d92e1fd0195829a8f8628f9ede66,262272
revision_outputs/cg_suite/E7_resolution_scaling/grid_256/persistence/linear/split_seed_46/reference_vs_prediction.png,655c71542f32f8fbecaaed5019b060889b9e4791ba096308aa4da30c0492bcc0,551789
revision_outputs/cg_suite/E7_resolution_scaling/grid_256/persistence/linear/split_seed_46/residual_plot.png,a00c1b93e089154c0e576ba39b977f65715128017293febc567b0508232ce886,63384
revision_outputs/cg_suite/E7_resolution_scaling/grid_256/persistence/linear/split_seed_46/scatter_true_vs_pred.png,54b2674fb745e647dd61daaa2a5835f8ab851c3837ad55d72ef682d5db194581,63373
revision_outputs/cg_suite/E7_resolution_scaling/grid_256/persistence/linear/split_seed_46/split_masks.npz,b147155d168780531b89106b8cff37420d8650cce600f3ae472a5a857fa46329,5022
revision_outputs/cg_suite/E7_resolution_scaling/grid_256/persistence/linear/split_seed_46/target_map.npy,1e59eb26cb015535fc837f588d10b6c675b78ad23f6259fdd0725a814f18b221,262272
revision_outputs/cg_suite/E7_resolution_scaling/grid_512/cnn_lstm_maskaware/linear/split_seed_42/config_snapshot.json,2bb5fa6638ef8c608c36c71ded4d1f36518cf649057da005d4720bf9bfa1cd9a,1790
revision_outputs/cg_suite/E7_resolution_scaling/grid_512/cnn_lstm_maskaware/linear/split_seed_42/split_masks.npz,f2a5ddf254f5faaa1f4392d64e96a06a5fb66cb87fe7f3a76332eae561e0287a,15183
revision_outputs/cg_suite/E7_resolution_scaling/grid_512/lasso/linear/split_seed_42/alpha_sweep.csv,c070662e564fd0707e0c8c9fefdb89bc66449cdccecb2ffb5d6bdd2d2a374edd,186
revision_outputs/cg_suite/E7_resolution_scaling/grid_512/lasso/linear/split_seed_42/binned_error.png,cb6dd5af2af6fc810be95da0ba17e9478d08d5bc6a5699e533a37c810b8bd3f4,51561
revision_outputs/cg_suite/E7_resolution_scaling/grid_512/lasso/linear/split_seed_42/binned_residuals_boxplot.png,7d727835003b92ce1f8da124f607dbd3168654c5769c329c67b3942af832dcc0,63982
revision_outputs/cg_suite/E7_resolution_scaling/grid_512/lasso/linear/split_seed_42/config_snapshot.json,2bb5fa6638ef8c608c36c71ded4d1f36518cf649057da005d4720bf9bfa1cd9a,1790
revision_outputs/cg_suite/E7_resolution_scaling/grid_512/lasso/linear/split_seed_42/metrics.csv,010cfc6f64de7ab5f1a68ee6079e14250b27befc38abef8634bfc1baf5cb592a,500
revision_outputs/cg_suite/E7_resolution_scaling/grid_512/lasso/linear/split_seed_42/metrics.json,5219942ee05abea0f3f1dcc96f9ca524cdf2a8a554d1d1be52f9bdb3d71dd227,654
revision_outputs/cg_suite/E7_resolution_scaling/grid_512/lasso/linear/split_seed_42/prediction_map.npy,b3ec5d1d41000320420f7c73c95e1bd31b1bb8e6c8fce25f4b0a98ccbe60982d,1048704
revision_outputs/cg_suite/E7_resolution_scaling/grid_512/lasso/linear/split_seed_42/reference_vs_prediction.png,50a256d45e75ddd2aeb5408bd4d4239d25ebe8ea50077721edbce5e8b5533b06,595999
revision_outputs/cg_suite/E7_resolution_scaling/grid_512/lasso/linear/split_seed_42/residual_plot.png,b8ae51277dcba7948262236b7dce84c723aaac0bcc543cc0f74399bc68f34e65,69876
revision_outputs/cg_suite/E7_resolution_scaling/grid_512/lasso/linear/split_seed_42/scatter_true_vs_pred.png,b0a686352dc6ad898f0a1f5d6a908ded5de5f7deeb412b242c7f489a55240eb9,58600
revision_outputs/cg_suite/E7_resolution_scaling/grid_512/lasso/linear/split_seed_42/split_masks.npz,f2a5ddf254f5faaa1f4392d64e96a06a5fb66cb87fe7f3a76332eae561e0287a,15183
revision_outputs/cg_suite/E7_resolution_scaling/grid_512/lasso/linear/split_seed_42/target_map.npy,6e40c8eecafb927092587184d0ccf3828fee65a71909acffa352c2d62aef1874,1048704
revision_outputs/cg_suite/E7_resolution_scaling/grid_512/lasso/linear/split_seed_43/alpha_sweep.csv,5ee720c597170a374a1a17b93ca7d2ee43e82f4cef0fc1aacce9604945209401,188
revision_outputs/cg_suite/E7_resolution_scaling/grid_512/lasso/linear/split_seed_43/binned_error.png,ae710fec43b3eb1bf192070ff9ba62ecc7f05db8176fa09e80db5080259cdfad,47175
revision_outputs/cg_suite/E7_resolution_scaling/grid_512/lasso/linear/split_seed_43/binned_residuals_boxplot.png,b2092455d5109683172f5eade7dc8f561844a0f27f6464a9af807abc1c7758cf,67391
revision_outputs/cg_suite/E7_resolution_scaling/grid_512/lasso/linear/split_seed_43/config_snapshot.json,238c135cfd846a9ae8008ca1cbce476ac6ce8249ef8284b3fa768de0f5e93d1b,1790
revision_outputs/cg_suite/E7_resolution_scaling/grid_512/lasso/linear/split_seed_43/metrics.csv,0cc76335a1bd6c204f884b8ec57fca8fbb418d313f28b81bae73db408d918546,499
revision_outputs/cg_suite/E7_resolution_scaling/grid_512/lasso/linear/split_seed_43/metrics.json,4c0c2172150f8eac5f751296adddfc45b6e4aff797c0a1fba10f0e8d69e2e341,653
revision_outputs/cg_suite/E7_resolution_scaling/grid_512/lasso/linear/split_seed_43/prediction_map.npy,03f1d963049e4c25b1cb7baaa0fa714211ebd7dd625793382f6ea1d48fff58a4,1048704
revision_outputs/cg_suite/E7_resolution_scaling/grid_512/lasso/linear/split_seed_43/reference_vs_prediction.png,8a741f4cf113dafb4161cb8d71d9b995bc747a3e4f1c474e95f933b7ba8e5dea,596482
revision_outputs/cg_suite/E7_resolution_scaling/grid_512/lasso/linear/split_seed_43/residual_plot.png,df9487d4e438cd3f8e8f978d7116727ccdaf14056d4cbfacae26643e57409344,80783
revision_outputs/cg_suite/E7_resolution_scaling/grid_512/lasso/linear/split_seed_43/scatter_true_vs_pred.png,dcd70f65a1604b066ea0eec410b5b0763465310a34e8c72a21ce4c0888200d7f,63718
revision_outputs/cg_suite/E7_resolution_scaling/grid_512/lasso/linear/split_seed_43/split_masks.npz,2d72df2b8d98b25e060c8ca9308f99fa61adf45cae7f41de8352d09807ae24a8,14423
revision_outputs/cg_suite/E7_resolution_scaling/grid_512/lasso/linear/split_seed_43/target_map.npy,6e40c8eecafb927092587184d0ccf3828fee65a71909acffa352c2d62aef1874,1048704
revision_outputs/cg_suite/E7_resolution_scaling/grid_512/lasso/linear/split_seed_44/alpha_sweep.csv,821384bc0164781edc9d47960f436d1464914c5e3a762d23e7173cccc4f9be93,187
revision_outputs/cg_suite/E7_resolution_scaling/grid_512/lasso/linear/split_seed_44/binned_error.png,c9740926e71262066240c3a478101d6fc06d9ad2bb0201bc0d0f07b3f3160ff0,47855
revision_outputs/cg_suite/E7_resolution_scaling/grid_512/lasso/linear/split_seed_44/binned_residuals_boxplot.png,21705338af37ece730f05ff3f6f1358c6308fcf2b96b82a3dc7fab2e155695ab,62551
revision_outputs/cg_suite/E7_resolution_scaling/grid_512/lasso/linear/split_seed_44/config_snapshot.json,d195682b96ea352bcdcf27775c4ec199d07169274d5cd2e98a9d39ebf491ad15,1790
revision_outputs/cg_suite/E7_resolution_scaling/grid_512/lasso/linear/split_seed_44/metrics.csv,01c110eb11f41f37d9ff5386d80c6a3d691b4b6aeed55bab5a0f240ffe6950ae,499
revision_outputs/cg_suite/E7_resolution_scaling/grid_512/lasso/linear/split_seed_44/metrics.json,0f791cde7de71591025cee10bfd744f65f508a3365431bdf2203f7a4c77a3a84,653
revision_outputs/cg_suite/E7_resolution_scaling/grid_512/lasso/linear/split_seed_44/prediction_map.npy,36c78159703fb7e83b599a3cf35ebb30fba5af2dd0d942cc2f64ed2a746dd90b,1048704
revision_outputs/cg_suite/E7_resolution_scaling/grid_512/lasso/linear/split_seed_44/reference_vs_prediction.png,6d0210f49c73afda1458527adc4969dad5b1d443b9135b8c7b8a0809d7433c0e,596964
revision_outputs/cg_suite/E7_resolution_scaling/grid_512/lasso/linear/split_seed_44/residual_plot.png,8a7c79e5ccd74eec4e3b5749f5d57b62bfdd7af578cb6f5dfdb274698b8a939f,88886
revision_outputs/cg_suite/E7_resolution_scaling/grid_512/lasso/linear/split_seed_44/scatter_true_vs_pred.png,f19ad253897053a4b8686d2f29969c245bdcdfa1588bbfc225f96984d74dc2f7,74681
revision_outputs/cg_suite/E7_resolution_scaling/grid_512/lasso/linear/split_seed_44/split_masks.npz,40944842f8ad16d6cc49715ab0c8ac5ef82e5343162f0a3ca11410d3fee78789,14485
revision_outputs/cg_suite/E7_resolution_scaling/grid_512/lasso/linear/split_seed_44/target_map.npy,6e40c8eecafb927092587184d0ccf3828fee65a71909acffa352c2d62aef1874,1048704
revision_outputs/cg_suite/E7_resolution_scaling/grid_512/lasso/linear/split_seed_45/alpha_sweep.csv,50f316bebd657d213725ab4701a5ecd23eb45224c20e64ff3a2a8fbee3bbd623,186
revision_outputs/cg_suite/E7_resolution_scaling/grid_512/lasso/linear/split_seed_45/binned_error.png,10aadc26b15bb5609300154d24d96c0f5e4f8c198ee3a97e9fa08c64107d072a,46655
revision_outputs/cg_suite/E7_resolution_scaling/grid_512/lasso/linear/split_seed_45/binned_residuals_boxplot.png,13e09b4d0e22eb178f05aab680fcfae1735c9cc387f32f39cdffd72042287724,72793
revision_outputs/cg_suite/E7_resolution_scaling/grid_512/lasso/linear/split_seed_45/config_snapshot.json,93cf99717de237fe39e73865a2228e60157e95b0e7ba0146518890f967f00686,1790
revision_outputs/cg_suite/E7_resolution_scaling/grid_512/lasso/linear/split_seed_45/metrics.csv,a29457f4c148384aa1b37ec409989fe811676cb557264aa4663b44486f19f59f,497
revision_outputs/cg_suite/E7_resolution_scaling/grid_512/lasso/linear/split_seed_45/metrics.json,462fc3ec74a84c2fca4da5a550179178a4668d1c2c78b03de25bd2f4954b3266,651
revision_outputs/cg_suite/E7_resolution_scaling/grid_512/lasso/linear/split_seed_45/prediction_map.npy,39f6cb5186977d05f1441cddf188be2e32b4b7e2aca1168f242aaf93a1f9f3e5,1048704
revision_outputs/cg_suite/E7_resolution_scaling/grid_512/lasso/linear/split_seed_45/reference_vs_prediction.png,7d404c9219e4d76cb1b1579a92002a6c5df9c18798ef6e5392bb76ba5694ac63,596856
revision_outputs/cg_suite/E7_resolution_scaling/grid_512/lasso/linear/split_seed_45/residual_plot.png,e9854fdb9209695bf9bad3954c56f900151ff74c383ee15526ec5eebb49b5b62,89055
revision_outputs/cg_suite/E7_resolution_scaling/grid_512/lasso/linear/split_seed_45/scatter_true_vs_pred.png,24ce96e0e7a98c531f18c9bb04221539e5a61be684e9b1f50e442f727e22a573,68562
revision_outputs/cg_suite/E7_resolution_scaling/grid_512/lasso/linear/split_seed_45/split_masks.npz,c29aa048a052af34a70e6ebf0d6df043f5950a292a7c996ab42a9c17ec971bb4,14864
revision_outputs/cg_suite/E7_resolution_scaling/grid_512/lasso/linear/split_seed_45/target_map.npy,6e40c8eecafb927092587184d0ccf3828fee65a71909acffa352c2d62aef1874,1048704
revision_outputs/cg_suite/E7_resolution_scaling/grid_512/lasso/linear/split_seed_46/alpha_sweep.csv,bdd95aab4203b6c5c41d3f8678a7f86b78f84abaa79c9a440d855ecf2846518a,186
revision_outputs/cg_suite/E7_resolution_scaling/grid_512/lasso/linear/split_seed_46/binned_error.png,20d3fa570127d348d2530a07ef0ba65d19075ffddefa76c642b8728955824959,49745
revision_outputs/cg_suite/E7_resolution_scaling/grid_512/lasso/linear/split_seed_46/binned_residuals_boxplot.png,352d4c959495a80e30a4479d0db38b5d07c01ebfa7734ce817386806f46d99e5,72746
revision_outputs/cg_suite/E7_resolution_scaling/grid_512/lasso/linear/split_seed_46/config_snapshot.json,75b5c8991a02a7bc2d71c480eff6f515a00365df4d654d8444ae94c509a32676,1790
revision_outputs/cg_suite/E7_resolution_scaling/grid_512/lasso/linear/split_seed_46/metrics.csv,737c77a3be00c2785d7c3e6a9e5535e576a63a02517d25a6383c6f3b815f8ab0,500
revision_outputs/cg_suite/E7_resolution_scaling/grid_512/lasso/linear/split_seed_46/metrics.json,e963567c79eda91e15e35917d22cc280cf24ffc9f3d7ea86626837f3152332e3,654
revision_outputs/cg_suite/E7_resolution_scaling/grid_512/lasso/linear/split_seed_46/prediction_map.npy,b85b37dbc62036c15ca17b81c10e70014ae528f968a826af6928614227cd92c9,1048704
revision_outputs/cg_suite/E7_resolution_scaling/grid_512/lasso/linear/split_seed_46/reference_vs_prediction.png,90241a6e9a425658247e0115bf3750aac375d008a23015fc7e073321f471a592,596674
revision_outputs/cg_suite/E7_resolution_scaling/grid_512/lasso/linear/split_seed_46/residual_plot.png,e73ea74c087dba63f27d1c66fa3eb6f9abc0ce7fedda985bfc6e198963d26f25,107532
revision_outputs/cg_suite/E7_resolution_scaling/grid_512/lasso/linear/split_seed_46/scatter_true_vs_pred.png,0be4887199136a793e3d0a10a133c741c60aff0f2503b77388a1d5fd702aab00,89659
revision_outputs/cg_suite/E7_resolution_scaling/grid_512/lasso/linear/split_seed_46/split_masks.npz,7ce66d4f9ec48d50324a364bb207957ad5976fab3c8351f9b4b65348e7d596d9,14837
revision_outputs/cg_suite/E7_resolution_scaling/grid_512/lasso/linear/split_seed_46/target_map.npy,6e40c8eecafb927092587184d0ccf3828fee65a71909acffa352c2d62aef1874,1048704
revision_outputs/cg_suite/E7_resolution_scaling/grid_512/lightgbm/linear/split_seed_42/binned_error.png,ec082c0adf9cbea4ce61c939c4214e7d8348328548e39a748466a0830f4c5680,40148
revision_outputs/cg_suite/E7_resolution_scaling/grid_512/lightgbm/linear/split_seed_42/binned_residuals_boxplot.png,14a8f0194872bac65eba94cbcdc0f03242a151ce8a6038d88bcd26efcef2d047,58413
revision_outputs/cg_suite/E7_resolution_scaling/grid_512/lightgbm/linear/split_seed_42/config_snapshot.json,2bb5fa6638ef8c608c36c71ded4d1f36518cf649057da005d4720bf9bfa1cd9a,1790
revision_outputs/cg_suite/E7_resolution_scaling/grid_512/lightgbm/linear/split_seed_42/lightgbm_model.txt,54ae697b1342f94932a0a1dd82d6b9a53d53092765b8f7bb224f8d2c95791fbc,466391
revision_outputs/cg_suite/E7_resolution_scaling/grid_512/lightgbm/linear/split_seed_42/metrics.csv,d7fdadd710be96ef261c147cce863488622f7ae297b813599641b1598e897234,451
revision_outputs/cg_suite/E7_resolution_scaling/grid_512/lightgbm/linear/split_seed_42/metrics.json,20a08d9a41f5d1cce26212cc15b57d98172c044bf23c624d5a97f0915368928f,591
revision_outputs/cg_suite/E7_resolution_scaling/grid_512/lightgbm/linear/split_seed_42/prediction_map.npy,55169c3d43afef534d6b05e4aa527f4c1ff83c95d0a166d2d29d7bc550594cf4,1048704
revision_outputs/cg_suite/E7_resolution_scaling/grid_512/lightgbm/linear/split_seed_42/reference_vs_prediction.png,b38831821a3a48b871b04c4c9591035c281b782a2bc7b3b36c768b72f7c22855,596826
revision_outputs/cg_suite/E7_resolution_scaling/grid_512/lightgbm/linear/split_seed_42/residual_plot.png,6a194cf9d10a2393cea6ae7f452e67aaada8eb0171f4858eff5e8e18e26ae581,42856
revision_outputs/cg_suite/E7_resolution_scaling/grid_512/lightgbm/linear/split_seed_42/scatter_true_vs_pred.png,ffb4b9aef8ac553c7dd4ddbc258ea1a65541b003ba96503a70a7eb9d09e1f37a,58885
revision_outputs/cg_suite/E7_resolution_scaling/grid_512/lightgbm/linear/split_seed_42/split_masks.npz,f2a5ddf254f5faaa1f4392d64e96a06a5fb66cb87fe7f3a76332eae561e0287a,15183
revision_outputs/cg_suite/E7_resolution_scaling/grid_512/lightgbm/linear/split_seed_42/target_map.npy,6e40c8eecafb927092587184d0ccf3828fee65a71909acffa352c2d62aef1874,1048704
revision_outputs/cg_suite/E7_resolution_scaling/grid_512/lightgbm/linear/split_seed_43/binned_error.png,9b74349b990222b40c6c34b315fd9af422b3491bbe90a14f37c4bb61610263fb,40673
revision_outputs/cg_suite/E7_resolution_scaling/grid_512/lightgbm/linear/split_seed_43/binned_residuals_boxplot.png,a8a698ff5005cd05b20c0754a41d92d81636cb1051eb134099955b9a3fb000c5,62592
revision_outputs/cg_suite/E7_resolution_scaling/grid_512/lightgbm/linear/split_seed_43/config_snapshot.json,238c135cfd846a9ae8008ca1cbce476ac6ce8249ef8284b3fa768de0f5e93d1b,1790
revision_outputs/cg_suite/E7_resolution_scaling/grid_512/lightgbm/linear/split_seed_43/lightgbm_model.txt,4f36bfdd4259afbe0db0c98c60c8e8eca12f7e919d7d2d838d9ca8a7523294f8,467951
revision_outputs/cg_suite/E7_resolution_scaling/grid_512/lightgbm/linear/split_seed_43/metrics.csv,05b9c94a61b9eb7dc340ab12ef11d0f006bcef97b5d4d491b1b4a362dd414151,453
revision_outputs/cg_suite/E7_resolution_scaling/grid_512/lightgbm/linear/split_seed_43/metrics.json,d3a997d3137af92b212768040472335c428a7952d14c87ae75e300b0a4b91e48,593
revision_outputs/cg_suite/E7_resolution_scaling/grid_512/lightgbm/linear/split_seed_43/prediction_map.npy,18cb2d5d7ccdfe1e7413d30a2a3df3b281076f49a36dcbcb13872f61331fa15e,1048704
revision_outputs/cg_suite/E7_resolution_scaling/grid_512/lightgbm/linear/split_seed_43/reference_vs_prediction.png,fc30b78fe33463c6209a2b329065ecfb29c8c7a29bc02835f4be83dfb33aa921,597417
revision_outputs/cg_suite/E7_resolution_scaling/grid_512/lightgbm/linear/split_seed_43/residual_plot.png,51cdf0ea302f2d8e4d757c29e5eb7f27e906175a4a35dde71fa00c8efd8323c3,48255
revision_outputs/cg_suite/E7_resolution_scaling/grid_512/lightgbm/linear/split_seed_43/scatter_true_vs_pred.png,2299009deb4b75c5167915bd2602a304a135fe7cc8f454076d5fc27a3e7787f3,65666
revision_outputs/cg_suite/E7_resolution_scaling/grid_512/lightgbm/linear/split_seed_43/split_masks.npz,2d72df2b8d98b25e060c8ca9308f99fa61adf45cae7f41de8352d09807ae24a8,14423
revision_outputs/cg_suite/E7_resolution_scaling/grid_512/lightgbm/linear/split_seed_43/target_map.npy,6e40c8eecafb927092587184d0ccf3828fee65a71909acffa352c2d62aef1874,1048704
revision_outputs/cg_suite/E7_resolution_scaling/grid_512/lightgbm/linear/split_seed_44/binned_error.png,bb113df0b987f289171602b55c0c285d11c24044839ffbf35799e42ba3fb0f7c,39798
revision_outputs/cg_suite/E7_resolution_scaling/grid_512/lightgbm/linear/split_seed_44/binned_residuals_boxplot.png,9a6251b0468c62ef055dc1bdcf603229e536ab598c6339734992d4f9ef125a69,62923
revision_outputs/cg_suite/E7_resolution_scaling/grid_512/lightgbm/linear/split_seed_44/config_snapshot.json,d195682b96ea352bcdcf27775c4ec199d07169274d5cd2e98a9d39ebf491ad15,1790
revision_outputs/cg_suite/E7_resolution_scaling/grid_512/lightgbm/linear/split_seed_44/lightgbm_model.txt,5d0269f0aab47dfea25941ac47b52bafa753bf17e07b0db6f24d92b13ee35a92,466677
revision_outputs/cg_suite/E7_resolution_scaling/grid_512/lightgbm/linear/split_seed_44/metrics.csv,61828b628f5246a19b3c7e59a774eb32a40b79d332beabe7d8436f98cbbdfff7,451
revision_outputs/cg_suite/E7_resolution_scaling/grid_512/lightgbm/linear/split_seed_44/metrics.json,662fe107c35e2656fc0e8fc8e42c8c61e374a76e9d8a779160b22e9bbc13645e,591
revision_outputs/cg_suite/E7_resolution_scaling/grid_512/lightgbm/linear/split_seed_44/prediction_map.npy,74dad536ce5bee3eaec0c48d831635a12e3de7d131dac1a1cc81f7f78e81238d,1048704
revision_outputs/cg_suite/E7_resolution_scaling/grid_512/lightgbm/linear/split_seed_44/reference_vs_prediction.png,16bcafaad48c9f73d3bb55e79bb9eb03840782abb2039f74c1ec26672af85a3f,597995
revision_outputs/cg_suite/E7_resolution_scaling/grid_512/lightgbm/linear/split_seed_44/residual_plot.png,cd817273921b19472fc969daf9b64dce9502eef231af007aba22c0de06a7b00c,60857
revision_outputs/cg_suite/E7_resolution_scaling/grid_512/lightgbm/linear/split_seed_44/scatter_true_vs_pred.png,1a221e78ba1e67447873a44fca3a16ce320c444383083cd952852a5f6645f5c9,71570
revision_outputs/cg_suite/E7_resolution_scaling/grid_512/lightgbm/linear/split_seed_44/split_masks.npz,40944842f8ad16d6cc49715ab0c8ac5ef82e5343162f0a3ca11410d3fee78789,14485
revision_outputs/cg_suite/E7_resolution_scaling/grid_512/lightgbm/linear/split_seed_44/target_map.npy,6e40c8eecafb927092587184d0ccf3828fee65a71909acffa352c2d62aef1874,1048704
revision_outputs/cg_suite/E7_resolution_scaling/grid_512/lightgbm/linear/split_seed_45/binned_error.png,91e06c2ae694dbb0e63465aabc734909b841881c39bf0750d52ead78b76a91ce,38911
revision_outputs/cg_suite/E7_resolution_scaling/grid_512/lightgbm/linear/split_seed_45/binned_residuals_boxplot.png,54ec338ebe9726d1a2a8fa362759a44e2b275bb42ddd23ce3b4d9b996ce2d0f6,62476
revision_outputs/cg_suite/E7_resolution_scaling/grid_512/lightgbm/linear/split_seed_45/config_snapshot.json,93cf99717de237fe39e73865a2228e60157e95b0e7ba0146518890f967f00686,1790
revision_outputs/cg_suite/E7_resolution_scaling/grid_512/lightgbm/linear/split_seed_45/lightgbm_model.txt,3593afacb8657f3deb9bf1079a4d7b809221191f8e9e0363d054c819dee4f0e6,258751
revision_outputs/cg_suite/E7_resolution_scaling/grid_512/lightgbm/linear/split_seed_45/metrics.csv,feed565358b6de9087b217c64807183618335c9502b68e11cf1dc5740d90a583,451
revision_outputs/cg_suite/E7_resolution_scaling/grid_512/lightgbm/linear/split_seed_45/metrics.json,287d2342fc0601e42a0ecb607d908aed792e89363a3ea6d614f7194ad734a5f0,591
revision_outputs/cg_suite/E7_resolution_scaling/grid_512/lightgbm/linear/split_seed_45/prediction_map.npy,e6483712840a68fb03d90b044882224089291008271337e3c14641d1f508ace7,1048704
revision_outputs/cg_suite/E7_resolution_scaling/grid_512/lightgbm/linear/split_seed_45/reference_vs_prediction.png,95f39678d11bf612fe384aeb5c795c0d36ea8932150b415732f37230eec269c5,596014
revision_outputs/cg_suite/E7_resolution_scaling/grid_512/lightgbm/linear/split_seed_45/residual_plot.png,69726770cc66280382af9b39d17cc65e0be73c2bdf6c0c963cf0e783ed68fd15,49374
revision_outputs/cg_suite/E7_resolution_scaling/grid_512/lightgbm/linear/split_seed_45/scatter_true_vs_pred.png,d88bd0c9d59096f2c667772119eb3a302d7ee77e1f13e4f1cf1100d899376d16,71749
revision_outputs/cg_suite/E7_resolution_scaling/grid_512/lightgbm/linear/split_seed_45/split_masks.npz,c29aa048a052af34a70e6ebf0d6df043f5950a292a7c996ab42a9c17ec971bb4,14864
revision_outputs/cg_suite/E7_resolution_scaling/grid_512/lightgbm/linear/split_seed_45/target_map.npy,6e40c8eecafb927092587184d0ccf3828fee65a71909acffa352c2d62aef1874,1048704
revision_outputs/cg_suite/E7_resolution_scaling/grid_512/lightgbm/linear/split_seed_46/binned_error.png,c4835dd67719b0d0424d55f7c9b2322ed3877aeca912e0a2e664cd165c844d8f,41117
revision_outputs/cg_suite/E7_resolution_scaling/grid_512/lightgbm/linear/split_seed_46/binned_residuals_boxplot.png,cf28b42075e79898a58a8e51e1082b775b5d4db6dec2705410c83e91aa3b1418,73379
revision_outputs/cg_suite/E7_resolution_scaling/grid_512/lightgbm/linear/split_seed_46/config_snapshot.json,75b5c8991a02a7bc2d71c480eff6f515a00365df4d654d8444ae94c509a32676,1790
revision_outputs/cg_suite/E7_resolution_scaling/grid_512/lightgbm/linear/split_seed_46/lightgbm_model.txt,697aa36f4e8cf2a3e60dc8ecedffdb5af8db8fa64c91e65455d322a4e13efaa6,451202
revision_outputs/cg_suite/E7_resolution_scaling/grid_512/lightgbm/linear/split_seed_46/metrics.csv,49c4bb2ff2c5e4f2e99a50d1cd3b70e8bd076d3b27ef88e33b262b425c3a7e08,454
revision_outputs/cg_suite/E7_resolution_scaling/grid_512/lightgbm/linear/split_seed_46/metrics.json,0ffae75033bd5596556f193926779751d05f0652b0fbaf1af75caae999c60f63,594
revision_outputs/cg_suite/E7_resolution_scaling/grid_512/lightgbm/linear/split_seed_46/prediction_map.npy,edd1a55845b8dc624facb0788bf90558d6bc0cc630e417421933836672b9b834,1048704
revision_outputs/cg_suite/E7_resolution_scaling/grid_512/lightgbm/linear/split_seed_46/reference_vs_prediction.png,589834498b6e1c61d83330f88756404f9876c1ebe526f13c7c5ae58a4b050d14,596693
revision_outputs/cg_suite/E7_resolution_scaling/grid_512/lightgbm/linear/split_seed_46/residual_plot.png,880751c176800d8881b8bf0d4175fdc43e877ca475b6a49956d7f48c2d3890d2,103415
revision_outputs/cg_suite/E7_resolution_scaling/grid_512/lightgbm/linear/split_seed_46/scatter_true_vs_pred.png,e8f1cac945fa5afa0837affeba5a4910ebf1739dff3a184a8111ed8ad24c460e,90258
revision_outputs/cg_suite/E7_resolution_scaling/grid_512/lightgbm/linear/split_seed_46/split_masks.npz,7ce66d4f9ec48d50324a364bb207957ad5976fab3c8351f9b4b65348e7d596d9,14837
revision_outputs/cg_suite/E7_resolution_scaling/grid_512/lightgbm/linear/split_seed_46/target_map.npy,6e40c8eecafb927092587184d0ccf3828fee65a71909acffa352c2d62aef1874,1048704
revision_outputs/cg_suite/E7_resolution_scaling/grid_512/persistence/linear/split_seed_42/binned_error.png,98543cbecfdcdcaa5dba550acc91b82c97ec1e5ba5c9382a7cf289e8b18f07a9,46923
revision_outputs/cg_suite/E7_resolution_scaling/grid_512/persistence/linear/split_seed_42/binned_residuals_boxplot.png,6b6c8e685d10d874c6edccd4c8e02147d55d8258344d20eedd68d8c795bff2ec,63431
revision_outputs/cg_suite/E7_resolution_scaling/grid_512/persistence/linear/split_seed_42/config_snapshot.json,2bb5fa6638ef8c608c36c71ded4d1f36518cf649057da005d4720bf9bfa1cd9a,1790
revision_outputs/cg_suite/E7_resolution_scaling/grid_512/persistence/linear/split_seed_42/last_input_map.npy,886669c2fd6daaf21eb1d6de9c91cff1b789946f003b4924503b876203ca5e19,1048704
revision_outputs/cg_suite/E7_resolution_scaling/grid_512/persistence/linear/split_seed_42/metrics.csv,1520e8d27a5ce76cc2a161d58bf11b0da9814dfc9eac1b6b4827ffb40c9b3f33,664
revision_outputs/cg_suite/E7_resolution_scaling/grid_512/persistence/linear/split_seed_42/metrics.json,7b6dce5454509bac7492b3f1bde87108a3191577c5b138cd7d20902fc822a813,855
revision_outputs/cg_suite/E7_resolution_scaling/grid_512/persistence/linear/split_seed_42/prediction_map.npy,886669c2fd6daaf21eb1d6de9c91cff1b789946f003b4924503b876203ca5e19,1048704
revision_outputs/cg_suite/E7_resolution_scaling/grid_512/persistence/linear/split_seed_42/reference_vs_prediction.png,638cd6ff3e15feb3a4acbefa6db595dc20f9fe1540c8cc5dd14117ab6a6c5e78,603497
revision_outputs/cg_suite/E7_resolution_scaling/grid_512/persistence/linear/split_seed_42/residual_plot.png,034a3a6614359e3a2a5a7a5c1fe3bfeed9925227ac7c3f5f6ab5d392208af5b3,66204
revision_outputs/cg_suite/E7_resolution_scaling/grid_512/persistence/linear/split_seed_42/scatter_true_vs_pred.png,a1223656f7e9ae8a60543362c7aae453cb6dd8395dcee5a670a7f38fd542d0e3,60883
revision_outputs/cg_suite/E7_resolution_scaling/grid_512/persistence/linear/split_seed_42/split_masks.npz,f2a5ddf254f5faaa1f4392d64e96a06a5fb66cb87fe7f3a76332eae561e0287a,15183
revision_outputs/cg_suite/E7_resolution_scaling/grid_512/persistence/linear/split_seed_42/target_map.npy,6e40c8eecafb927092587184d0ccf3828fee65a71909acffa352c2d62aef1874,1048704
revision_outputs/cg_suite/E7_resolution_scaling/grid_512/persistence/linear/split_seed_43/binned_error.png,165c93e2028a9a22d3e0fde4db7d2455183347ed7dfd3b2a2a85244230471e22,39621
revision_outputs/cg_suite/E7_resolution_scaling/grid_512/persistence/linear/split_seed_43/binned_residuals_boxplot.png,2ff186521babc368af9533502e257cc6fe00d14c7960bebdfc0798ab1068a148,68354
revision_outputs/cg_suite/E7_resolution_scaling/grid_512/persistence/linear/split_seed_43/config_snapshot.json,238c135cfd846a9ae8008ca1cbce476ac6ce8249ef8284b3fa768de0f5e93d1b,1790
revision_outputs/cg_suite/E7_resolution_scaling/grid_512/persistence/linear/split_seed_43/last_input_map.npy,886669c2fd6daaf21eb1d6de9c91cff1b789946f003b4924503b876203ca5e19,1048704
revision_outputs/cg_suite/E7_resolution_scaling/grid_512/persistence/linear/split_seed_43/metrics.csv,cf20ee5190d3b4509f09d198c52b206a8112071d91ec0fae81e5bb2e4da9607b,664
revision_outputs/cg_suite/E7_resolution_scaling/grid_512/persistence/linear/split_seed_43/metrics.json,40256c878df8ec04cbabfcd9616fa3be2e6902b23c09d208a3b4e8b77bfce241,855
revision_outputs/cg_suite/E7_resolution_scaling/grid_512/persistence/linear/split_seed_43/prediction_map.npy,886669c2fd6daaf21eb1d6de9c91cff1b789946f003b4924503b876203ca5e19,1048704
revision_outputs/cg_suite/E7_resolution_scaling/grid_512/persistence/linear/split_seed_43/reference_vs_prediction.png,638cd6ff3e15feb3a4acbefa6db595dc20f9fe1540c8cc5dd14117ab6a6c5e78,603497
revision_outputs/cg_suite/E7_resolution_scaling/grid_512/persistence/linear/split_seed_43/residual_plot.png,bb52d6ed550281e9e1d77faa013044ff569aea9aa869de18e4fff304666858ef,75665
revision_outputs/cg_suite/E7_resolution_scaling/grid_512/persistence/linear/split_seed_43/scatter_true_vs_pred.png,c397b666eaed2cec32fbb3c8c5273283a657429956672ecd77c0f85f611e0dcc,66216
revision_outputs/cg_suite/E7_resolution_scaling/grid_512/persistence/linear/split_seed_43/split_masks.npz,2d72df2b8d98b25e060c8ca9308f99fa61adf45cae7f41de8352d09807ae24a8,14423
revision_outputs/cg_suite/E7_resolution_scaling/grid_512/persistence/linear/split_seed_43/target_map.npy,6e40c8eecafb927092587184d0ccf3828fee65a71909acffa352c2d62aef1874,1048704
revision_outputs/cg_suite/E7_resolution_scaling/grid_512/persistence/linear/split_seed_44/binned_error.png,9584da19d3d69e0d85341f92787138643b3d2a72ef26d45373c69bc6cf76be34,49764
revision_outputs/cg_suite/E7_resolution_scaling/grid_512/persistence/linear/split_seed_44/binned_residuals_boxplot.png,7248a188056c963886e3f9469790423b9d9c8948036e056b1fb04cf25bd13d3b,69426
revision_outputs/cg_suite/E7_resolution_scaling/grid_512/persistence/linear/split_seed_44/config_snapshot.json,d195682b96ea352bcdcf27775c4ec199d07169274d5cd2e98a9d39ebf491ad15,1790
revision_outputs/cg_suite/E7_resolution_scaling/grid_512/persistence/linear/split_seed_44/last_input_map.npy,886669c2fd6daaf21eb1d6de9c91cff1b789946f003b4924503b876203ca5e19,1048704
revision_outputs/cg_suite/E7_resolution_scaling/grid_512/persistence/linear/split_seed_44/metrics.csv,6f935aa768512aed7d863709df34cb6afda1c45f46f8cf06d539c1a34d15a9e2,664
revision_outputs/cg_suite/E7_resolution_scaling/grid_512/persistence/linear/split_seed_44/metrics.json,c5cc308977d8fa05901321cb151494e038527ddfe131cfdbd3fa2ecc8e2478a6,855
revision_outputs/cg_suite/E7_resolution_scaling/grid_512/persistence/linear/split_seed_44/prediction_map.npy,886669c2fd6daaf21eb1d6de9c91cff1b789946f003b4924503b876203ca5e19,1048704
revision_outputs/cg_suite/E7_resolution_scaling/grid_512/persistence/linear/split_seed_44/reference_vs_prediction.png,638cd6ff3e15feb3a4acbefa6db595dc20f9fe1540c8cc5dd14117ab6a6c5e78,603497
revision_outputs/cg_suite/E7_resolution_scaling/grid_512/persistence/linear/split_seed_44/residual_plot.png,8f89f4686c50eec1063c02524cf958232235745beae63e04c486cd21ce91bf59,84955
revision_outputs/cg_suite/E7_resolution_scaling/grid_512/persistence/linear/split_seed_44/scatter_true_vs_pred.png,9c504efb5154723d8e3738b93249525435cd79de33a55422cc31c22640b785a6,77974
revision_outputs/cg_suite/E7_resolution_scaling/grid_512/persistence/linear/split_seed_44/split_masks.npz,40944842f8ad16d6cc49715ab0c8ac5ef82e5343162f0a3ca11410d3fee78789,14485
revision_outputs/cg_suite/E7_resolution_scaling/grid_512/persistence/linear/split_seed_44/target_map.npy,6e40c8eecafb927092587184d0ccf3828fee65a71909acffa352c2d62aef1874,1048704
revision_outputs/cg_suite/E7_resolution_scaling/grid_512/persistence/linear/split_seed_45/binned_error.png,ed0e10e56f154d0230fdab4db88e05391910afe5b8419197f88dbd06245b1fa6,51886
revision_outputs/cg_suite/E7_resolution_scaling/grid_512/persistence/linear/split_seed_45/binned_residuals_boxplot.png,64681cc2415fe852237693ea52c14b6dbbc4dd79524f1ec62564e084a0fa1827,67045
revision_outputs/cg_suite/E7_resolution_scaling/grid_512/persistence/linear/split_seed_45/config_snapshot.json,93cf99717de237fe39e73865a2228e60157e95b0e7ba0146518890f967f00686,1790
revision_outputs/cg_suite/E7_resolution_scaling/grid_512/persistence/linear/split_seed_45/last_input_map.npy,886669c2fd6daaf21eb1d6de9c91cff1b789946f003b4924503b876203ca5e19,1048704
revision_outputs/cg_suite/E7_resolution_scaling/grid_512/persistence/linear/split_seed_45/metrics.csv,2d0b6f68064495b7de9463763305f109138a493191c87ab4dbf7f48166be0bf0,665
revision_outputs/cg_suite/E7_resolution_scaling/grid_512/persistence/linear/split_seed_45/metrics.json,25dfc6e56ec8b52a0aadcd4d57783b285043ab7811ea0cbab9cb54f768c40499,856
revision_outputs/cg_suite/E7_resolution_scaling/grid_512/persistence/linear/split_seed_45/prediction_map.npy,886669c2fd6daaf21eb1d6de9c91cff1b789946f003b4924503b876203ca5e19,1048704
revision_outputs/cg_suite/E7_resolution_scaling/grid_512/persistence/linear/split_seed_45/reference_vs_prediction.png,638cd6ff3e15feb3a4acbefa6db595dc20f9fe1540c8cc5dd14117ab6a6c5e78,603497
revision_outputs/cg_suite/E7_resolution_scaling/grid_512/persistence/linear/split_seed_45/residual_plot.png,6deab22c815730ca7c86bc15b28380d1b7b8058f5703dd4b91422e80c12f1fbd,86303
revision_outputs/cg_suite/E7_resolution_scaling/grid_512/persistence/linear/split_seed_45/scatter_true_vs_pred.png,5c2d601fe77254e4d678badc6e2bfc62f9e8c0572f4bf08ee05454eb9bd0bd15,69675
revision_outputs/cg_suite/E7_resolution_scaling/grid_512/persistence/linear/split_seed_45/split_masks.npz,c29aa048a052af34a70e6ebf0d6df043f5950a292a7c996ab42a9c17ec971bb4,14864
revision_outputs/cg_suite/E7_resolution_scaling/grid_512/persistence/linear/split_seed_45/target_map.npy,6e40c8eecafb927092587184d0ccf3828fee65a71909acffa352c2d62aef1874,1048704
revision_outputs/cg_suite/E7_resolution_scaling/grid_512/persistence/linear/split_seed_46/binned_error.png,fa1bf99012108ddd65ae427586c5adf670d6ff4c754300ba3c17106c1068592f,51434
revision_outputs/cg_suite/E7_resolution_scaling/grid_512/persistence/linear/split_seed_46/binned_residuals_boxplot.png,30fd6eed5ce913e8d06c461c83920684eb1053707e7f6fc202d91a0b395ee4f0,75797
revision_outputs/cg_suite/E7_resolution_scaling/grid_512/persistence/linear/split_seed_46/config_snapshot.json,75b5c8991a02a7bc2d71c480eff6f515a00365df4d654d8444ae94c509a32676,1790
revision_outputs/cg_suite/E7_resolution_scaling/grid_512/persistence/linear/split_seed_46/last_input_map.npy,886669c2fd6daaf21eb1d6de9c91cff1b789946f003b4924503b876203ca5e19,1048704
revision_outputs/cg_suite/E7_resolution_scaling/grid_512/persistence/linear/split_seed_46/metrics.csv,aa749920aff00a862690fa02792760ca9b0ea02af60ec7c952c7af3d8574ce9e,665
revision_outputs/cg_suite/E7_resolution_scaling/grid_512/persistence/linear/split_seed_46/metrics.json,7a0c8b7c273ff97e2791fd2357a188afdb1dc1e78157a7ef7f84591eb9c8da98,856
revision_outputs/cg_suite/E7_resolution_scaling/grid_512/persistence/linear/split_seed_46/prediction_map.npy,886669c2fd6daaf21eb1d6de9c91cff1b789946f003b4924503b876203ca5e19,1048704
revision_outputs/cg_suite/E7_resolution_scaling/grid_512/persistence/linear/split_seed_46/reference_vs_prediction.png,638cd6ff3e15feb3a4acbefa6db595dc20f9fe1540c8cc5dd14117ab6a6c5e78,603497
revision_outputs/cg_suite/E7_resolution_scaling/grid_512/persistence/linear/split_seed_46/residual_plot.png,3fa29ccb42c465604f2714e3759f0ee1e0be70703b6593742d948eb99cdd7967,98334
revision_outputs/cg_suite/E7_resolution_scaling/grid_512/persistence/linear/split_seed_46/scatter_true_vs_pred.png,d620a1056958e173ee2d9cf91ea71abe83ee44f7dc22339fa28b675210213059,94348
revision_outputs/cg_suite/E7_resolution_scaling/grid_512/persistence/linear/split_seed_46/split_masks.npz,7ce66d4f9ec48d50324a364bb207957ad5976fab3c8351f9b4b65348e7d596d9,14837
revision_outputs/cg_suite/E7_resolution_scaling/grid_512/persistence/linear/split_seed_46/target_map.npy,6e40c8eecafb927092587184d0ccf3828fee65a71909acffa352c2d62aef1874,1048704
revision_outputs/cg_suite/E7_resolution_scaling/resolution_scaling_seed_level.csv,1634776196dbba4a9c15c8729eda7b12eea05256fa589f6cda80dece2ac25d35,8631
revision_outputs/cg_suite/E7_resolution_scaling/resolution_scaling_summary.csv,a9b33d4c0f09c3a3ea2301696bfa9b8086403244d381b9b5993d2acd32d5c76a,2702
revision_outputs/deep_model_repair/primary_multiseed/cnn_lstm_maskaware/linear/split_seed_42/binned_error.png,7542243997cb3a7f752aa83db8a52771bef428fc7e5c27dc14a141c910e054e5,40362
revision_outputs/deep_model_repair/primary_multiseed/cnn_lstm_maskaware/linear/split_seed_42/binned_residuals_boxplot.png,59b2dd6708c74843e1d225bacfa4f8446bbe52e4186af2cc351fa755a602dde2,64513
revision_outputs/deep_model_repair/primary_multiseed/cnn_lstm_maskaware/linear/split_seed_42/config_snapshot.json,fa9fee2ec1cc50dc687a76daaa21c3c0a63f2e117309e98f0a3c13fa5a5e51a2,1889
revision_outputs/deep_model_repair/primary_multiseed/cnn_lstm_maskaware/linear/split_seed_42/last_input_map.npy,9a48065e98df9bb0200b16e885c5e0f98373d92e1fd0195829a8f8628f9ede66,262272
revision_outputs/deep_model_repair/primary_multiseed/cnn_lstm_maskaware/linear/split_seed_42/metrics.csv,c6f1b5796b1beeab51a471a7c14b64042d63b9fa81c369c21444378e6810d79b,839
revision_outputs/deep_model_repair/primary_multiseed/cnn_lstm_maskaware/linear/split_seed_42/metrics.json,85d667a61c803ba137d6f2db7c8433ca3f74f7abba6f515765a7e1c1c9ebb600,1074
revision_outputs/deep_model_repair/primary_multiseed/cnn_lstm_maskaware/linear/split_seed_42/patch_norm_stats.json,c1bba39c5518c7797cc7461f262162ab0848bd89d94938b2f1ea89f5872e4aee,157
revision_outputs/deep_model_repair/primary_multiseed/cnn_lstm_maskaware/linear/split_seed_42/prediction_map.npy,cc89e772a58d78ca1cf12904fe926cb04301d8d7960cd2d87337fabbe82903e4,262272
revision_outputs/deep_model_repair/primary_multiseed/cnn_lstm_maskaware/linear/split_seed_42/reference_vs_prediction.png,2ecf47fed5d2eccf62c8f34a61839ccbdb730231bec125dee50ba66da8bff4e6,551976
revision_outputs/deep_model_repair/primary_multiseed/cnn_lstm_maskaware/linear/split_seed_42/residual_plot.png,28a963aeb0c47cfa9e0a889ae55a73ae762a34d73e62215430817b1308ab5561,63091
revision_outputs/deep_model_repair/primary_multiseed/cnn_lstm_maskaware/linear/split_seed_42/scatter_true_vs_pred.png,50eb4d07d107448bc39c06d518c656d212bb3b1c96f059bb635c6e484153ed12,59512
revision_outputs/deep_model_repair/primary_multiseed/cnn_lstm_maskaware/linear/split_seed_42/split_masks.npz,aa87bd7754c73033f6fbca318704cb344d8f8307fb9362cf868f12dc9d85a42e,5093
revision_outputs/deep_model_repair/primary_multiseed/cnn_lstm_maskaware/linear/split_seed_42/target_map.npy,1e59eb26cb015535fc837f588d10b6c675b78ad23f6259fdd0725a814f18b221,262272
revision_outputs/deep_model_repair/primary_multiseed/cnn_lstm_maskaware/linear/split_seed_42/training_history.csv,407cff2672130758ab277c5d16e8e4907bd2d75b1b6ac6c70e764ccf4e4a3e3d,601
revision_outputs/deep_model_repair/primary_multiseed/cnn_lstm_maskaware/linear/split_seed_43/binned_error.png,6ced8dc7423a7d93118b9e7b1c4c1670e63e66a238b650265eed2e98fdf0125d,46971
revision_outputs/deep_model_repair/primary_multiseed/cnn_lstm_maskaware/linear/split_seed_43/binned_residuals_boxplot.png,1116d5bb3bf47faa7193b33b6728269a080d32620eb956d57b0793a3e14711d7,61490
revision_outputs/deep_model_repair/primary_multiseed/cnn_lstm_maskaware/linear/split_seed_43/config_snapshot.json,b9a47a2624b5f2b661d627f4caff2e6fff1a02abd3c3988b95178141ad6ab909,1889
revision_outputs/deep_model_repair/primary_multiseed/cnn_lstm_maskaware/linear/split_seed_43/last_input_map.npy,9a48065e98df9bb0200b16e885c5e0f98373d92e1fd0195829a8f8628f9ede66,262272
revision_outputs/deep_model_repair/primary_multiseed/cnn_lstm_maskaware/linear/split_seed_43/metrics.csv,0ef23017f1aa22845fe37d62a521266206df8d48b7e4d4630e0f99756aa4e69d,839
revision_outputs/deep_model_repair/primary_multiseed/cnn_lstm_maskaware/linear/split_seed_43/metrics.json,fb0ac0e096c3bbf73d25a6946af89daed6b14b735b5c6037e1b5891d41ed8429,1074
revision_outputs/deep_model_repair/primary_multiseed/cnn_lstm_maskaware/linear/split_seed_43/patch_norm_stats.json,568c01471381cf10f4b566e21ee1fa863283d3efca69daffb818af6b11ba730c,157
revision_outputs/deep_model_repair/primary_multiseed/cnn_lstm_maskaware/linear/split_seed_43/prediction_map.npy,c7589b8da45072a2c6958418ad3d55e8fdb8a47033bc2771fb7a03796b30d0c1,262272
revision_outputs/deep_model_repair/primary_multiseed/cnn_lstm_maskaware/linear/split_seed_43/reference_vs_prediction.png,207da228a74ae4bc93bedbca80fb7c880e99214a9248f9a05316b25d77eff70a,551907
revision_outputs/deep_model_repair/primary_multiseed/cnn_lstm_maskaware/linear/split_seed_43/residual_plot.png,29c6b88ee063ad9568a77fd9a09ee01a33117ae7d0c43f64650479c545cb8d39,57978
revision_outputs/deep_model_repair/primary_multiseed/cnn_lstm_maskaware/linear/split_seed_43/scatter_true_vs_pred.png,c2f6fcfef5fffb67b21d213606bd5c6f562e6751baae7f5eeebf8e7ea332fc7f,57754
revision_outputs/deep_model_repair/primary_multiseed/cnn_lstm_maskaware/linear/split_seed_43/split_masks.npz,b323933f7c125c832058aa2565acec87c0366ed7ad0b10fe8efeb214892db378,4960
revision_outputs/deep_model_repair/primary_multiseed/cnn_lstm_maskaware/linear/split_seed_43/target_map.npy,1e59eb26cb015535fc837f588d10b6c675b78ad23f6259fdd0725a814f18b221,262272
revision_outputs/deep_model_repair/primary_multiseed/cnn_lstm_maskaware/linear/split_seed_43/training_history.csv,d3dbdfcb65d13cd2c122eed20e5a457423033ad2cc53d86e3f90b387111c52b1,598
revision_outputs/deep_model_repair/primary_multiseed/cnn_lstm_maskaware/linear/split_seed_44/binned_error.png,57db74c86e2d722d4ff2fbef4fd88ecbba42659fad0c51cecff3945a9cb6cf42,45146
revision_outputs/deep_model_repair/primary_multiseed/cnn_lstm_maskaware/linear/split_seed_44/binned_residuals_boxplot.png,cea4be2d24c081cb404280ea6ed2bba8704fbae5bfc7f7f88bb2105f26c7982b,69070
revision_outputs/deep_model_repair/primary_multiseed/cnn_lstm_maskaware/linear/split_seed_44/config_snapshot.json,05a0ae701a6f1f2fa211de669816f2afc9efbe95bf45306130a2a409dfe4cc92,1889
revision_outputs/deep_model_repair/primary_multiseed/cnn_lstm_maskaware/linear/split_seed_44/last_input_map.npy,9a48065e98df9bb0200b16e885c5e0f98373d92e1fd0195829a8f8628f9ede66,262272
revision_outputs/deep_model_repair/primary_multiseed/cnn_lstm_maskaware/linear/split_seed_44/metrics.csv,54ee7955e67e4674f3a67ec3ae5e473fd41f83ad3bd98a9d0b0b7255c5c95cb3,838
revision_outputs/deep_model_repair/primary_multiseed/cnn_lstm_maskaware/linear/split_seed_44/metrics.json,6c39e226c313c0fa3e5b5070c3a113e2ef9abb8a8da9bf416f42f8298e02cf7a,1073
revision_outputs/deep_model_repair/primary_multiseed/cnn_lstm_maskaware/linear/split_seed_44/patch_norm_stats.json,8719cf800829f6a4a76bbdf0efaa1dedbdfeaaaa8330bbe26da7cf6a4b38b209,157
revision_outputs/deep_model_repair/primary_multiseed/cnn_lstm_maskaware/linear/split_seed_44/prediction_map.npy,a225940f7d31087cc5e4d88dfc945254d5c265c0faab5958d3db407227949ed2,262272
revision_outputs/deep_model_repair/primary_multiseed/cnn_lstm_maskaware/linear/split_seed_44/reference_vs_prediction.png,fcbf38b1c5a68073f004f30694a5a3983d964a7d534b981d96416d87bad39a3d,552132
revision_outputs/deep_model_repair/primary_multiseed/cnn_lstm_maskaware/linear/split_seed_44/residual_plot.png,b5c1d8afbd336cb7198ad0e59872cdcff690d3dec265dd2951dc0fbb3673521d,63489
revision_outputs/deep_model_repair/primary_multiseed/cnn_lstm_maskaware/linear/split_seed_44/scatter_true_vs_pred.png,71e7488ba4c1e011d621e52c3fd585949be0ed60f86ec35273ff6e49b53eed77,55906
revision_outputs/deep_model_repair/primary_multiseed/cnn_lstm_maskaware/linear/split_seed_44/split_masks.npz,dc4e472d4ff09f561e1361da6f2d4a7c3bb5470862a13b149e680a480bc8139b,5058
revision_outputs/deep_model_repair/primary_multiseed/cnn_lstm_maskaware/linear/split_seed_44/target_map.npy,1e59eb26cb015535fc837f588d10b6c675b78ad23f6259fdd0725a814f18b221,262272
revision_outputs/deep_model_repair/primary_multiseed/cnn_lstm_maskaware/linear/split_seed_44/training_history.csv,df5bc84aa084bcb94f2b16915af938fc8ac45acef885b731963d1217fe05c417,639
revision_outputs/deep_model_repair/primary_multiseed/cnn_lstm_maskaware/linear/split_seed_45/binned_error.png,84a26a4ae1e1c16b0e32bdbc9aeff9ff38c2d2d4d997bf3820b6b264fd0538fc,37486
revision_outputs/deep_model_repair/primary_multiseed/cnn_lstm_maskaware/linear/split_seed_45/binned_residuals_boxplot.png,7be03059b1377a02a0e6a363ea83a9ee7e7a62bea18fae7768a3d94d9653c88f,64505
revision_outputs/deep_model_repair/primary_multiseed/cnn_lstm_maskaware/linear/split_seed_45/config_snapshot.json,63a10f64d2ee4ec20ee3d1291c2dd441a5bca8b43750b544c5a2e2dcd3131f87,1889
revision_outputs/deep_model_repair/primary_multiseed/cnn_lstm_maskaware/linear/split_seed_45/last_input_map.npy,9a48065e98df9bb0200b16e885c5e0f98373d92e1fd0195829a8f8628f9ede66,262272
revision_outputs/deep_model_repair/primary_multiseed/cnn_lstm_maskaware/linear/split_seed_45/metrics.csv,7758b7606ec4f711321410aea1a64b12c3f0f8cb515cb5d90f67f8be1599880e,840
revision_outputs/deep_model_repair/primary_multiseed/cnn_lstm_maskaware/linear/split_seed_45/metrics.json,d4846ffaf0de94f116eead699c7622b8aae8c968c870ef4666d6655160a6cf70,1075
revision_outputs/deep_model_repair/primary_multiseed/cnn_lstm_maskaware/linear/split_seed_45/patch_norm_stats.json,f21f47fdbefacf363b0c783b30d6af5e009dd773b6062ab0e021573c83ce8a51,158
revision_outputs/deep_model_repair/primary_multiseed/cnn_lstm_maskaware/linear/split_seed_45/prediction_map.npy,8ab30bf5d5353e714bb49660dffb2a809b3c8f28832280b108b0bceac8f764fb,262272
revision_outputs/deep_model_repair/primary_multiseed/cnn_lstm_maskaware/linear/split_seed_45/reference_vs_prediction.png,d341de0730346c68c262520bac6c30fde93d5be9caf5450425f04e9c85e19eee,552001
revision_outputs/deep_model_repair/primary_multiseed/cnn_lstm_maskaware/linear/split_seed_45/residual_plot.png,bbc1ecd21e4c89b5cbce8365cb4a9d94a4ec2b91da26b8e1a14261c502bbbf6e,85428
revision_outputs/deep_model_repair/primary_multiseed/cnn_lstm_maskaware/linear/split_seed_45/scatter_true_vs_pred.png,480df5c2340c67a00e32eecbc2757c2d83f4ea5bdfe18521cb8e546d87b5d3ee,93992
revision_outputs/deep_model_repair/primary_multiseed/cnn_lstm_maskaware/linear/split_seed_45/split_masks.npz,9f4427996aac0677942e3dcb92a43587024aa3e8af163de64f4941b1377e52b0,4987
revision_outputs/deep_model_repair/primary_multiseed/cnn_lstm_maskaware/linear/split_seed_45/target_map.npy,1e59eb26cb015535fc837f588d10b6c675b78ad23f6259fdd0725a814f18b221,262272
revision_outputs/deep_model_repair/primary_multiseed/cnn_lstm_maskaware/linear/split_seed_45/training_history.csv,7660fbe05829411637b42ef253d1b6c93a2716c0c4edeea02b8a79a232beb24e,594
revision_outputs/deep_model_repair/primary_multiseed/cnn_lstm_maskaware/linear/split_seed_46/binned_error.png,d02fcc5c13ed75ec560c926e1b95974da42754600b3df6ea8beded715c6a7f60,36723
revision_outputs/deep_model_repair/primary_multiseed/cnn_lstm_maskaware/linear/split_seed_46/binned_residuals_boxplot.png,9f1c8810954f7008edc38faaae54aa94b663c8ca993fffef11647f30f89f5227,62974
revision_outputs/deep_model_repair/primary_multiseed/cnn_lstm_maskaware/linear/split_seed_46/config_snapshot.json,982c1934657d7e7395bd95a45734577f22628d313f9f6745ed5668ce88e278dc,1889
revision_outputs/deep_model_repair/primary_multiseed/cnn_lstm_maskaware/linear/split_seed_46/last_input_map.npy,9a48065e98df9bb0200b16e885c5e0f98373d92e1fd0195829a8f8628f9ede66,262272
revision_outputs/deep_model_repair/primary_multiseed/cnn_lstm_maskaware/linear/split_seed_46/metrics.csv,6295a1fa8aa9e485d1e43ff93e98c667d1f7f23b8d5f67e55cd1bc0a90fcc43c,837
revision_outputs/deep_model_repair/primary_multiseed/cnn_lstm_maskaware/linear/split_seed_46/metrics.json,a70d82ac093fd216a80273995092dbd80378920b40e0d526ead02fe62af4809f,1072
revision_outputs/deep_model_repair/primary_multiseed/cnn_lstm_maskaware/linear/split_seed_46/patch_norm_stats.json,d555a6bc2a6571f46ed203cf8f517aa0772a8b93d12cf23050d9b531fcb227d7,156
revision_outputs/deep_model_repair/primary_multiseed/cnn_lstm_maskaware/linear/split_seed_46/prediction_map.npy,bda821f3bc19f069a97e0a1a72122117664e740131ae9248757b4d92511839ae,262272
revision_outputs/deep_model_repair/primary_multiseed/cnn_lstm_maskaware/linear/split_seed_46/reference_vs_prediction.png,12edc40cf4488b0de071166cdac4b4c4421b5488adc15ee98333ed028ef5fc44,551921
revision_outputs/deep_model_repair/primary_multiseed/cnn_lstm_maskaware/linear/split_seed_46/residual_plot.png,d9b58102d74267da4b0516678bd23d8205cfeceeb12e8122675b9936902977c6,63471
revision_outputs/deep_model_repair/primary_multiseed/cnn_lstm_maskaware/linear/split_seed_46/scatter_true_vs_pred.png,632590d5f7203ca19d25464850a65713e82dc5326f6a1827432695a3778bd89d,63430
revision_outputs/deep_model_repair/primary_multiseed/cnn_lstm_maskaware/linear/split_seed_46/split_masks.npz,b147155d168780531b89106b8cff37420d8650cce600f3ae472a5a857fa46329,5022
revision_outputs/deep_model_repair/primary_multiseed/cnn_lstm_maskaware/linear/split_seed_46/target_map.npy,1e59eb26cb015535fc837f588d10b6c675b78ad23f6259fdd0725a814f18b221,262272
revision_outputs/deep_model_repair/primary_multiseed/cnn_lstm_maskaware/linear/split_seed_46/training_history.csv,6987582b7c2b64bfa13af09fbb6545b3831eda1cb3256fcd1c718dc353bd07d1,602
revision_outputs/deep_model_repair/primary_multiseed/cnn_tcn/linear/split_seed_42/binned_error.png,ba59c726543591f1f6b255e4b7bba3af5bc9e815794b5efc0984abd44388d44d,40391
revision_outputs/deep_model_repair/primary_multiseed/cnn_tcn/linear/split_seed_42/binned_residuals_boxplot.png,685b27100a8b60f0e66252d162558645d341b11902b970a418642cd257d7da5c,64732
revision_outputs/deep_model_repair/primary_multiseed/cnn_tcn/linear/split_seed_42/config_snapshot.json,fa9fee2ec1cc50dc687a76daaa21c3c0a63f2e117309e98f0a3c13fa5a5e51a2,1889
revision_outputs/deep_model_repair/primary_multiseed/cnn_tcn/linear/split_seed_42/last_input_map.npy,9a48065e98df9bb0200b16e885c5e0f98373d92e1fd0195829a8f8628f9ede66,262272
revision_outputs/deep_model_repair/primary_multiseed/cnn_tcn/linear/split_seed_42/metrics.csv,10a6cc8c1a6bccdb93a4077282064023d9f61454919b0c8efc90ec1cb9a4ef90,827
revision_outputs/deep_model_repair/primary_multiseed/cnn_tcn/linear/split_seed_42/metrics.json,c53fefae482ee880ec9f53f1dfce6cd04c251941ab275619202b4aeb432f1cef,1062
revision_outputs/deep_model_repair/primary_multiseed/cnn_tcn/linear/split_seed_42/patch_norm_stats.json,c1bba39c5518c7797cc7461f262162ab0848bd89d94938b2f1ea89f5872e4aee,157
revision_outputs/deep_model_repair/primary_multiseed/cnn_tcn/linear/split_seed_42/prediction_map.npy,5a340775cd762b711a57d873d2ae80a3de1151af659299ba0de23622d32416a1,262272
revision_outputs/deep_model_repair/primary_multiseed/cnn_tcn/linear/split_seed_42/reference_vs_prediction.png,e8a4e6df2544e962d6abdc7edd5ccea46a315478e66fe993adbb5c02566caa4a,551672
revision_outputs/deep_model_repair/primary_multiseed/cnn_tcn/linear/split_seed_42/residual_plot.png,5610d72da3919c8283d19a71cc153db7b224a610564b65078e9e53637ee9e10b,63415
revision_outputs/deep_model_repair/primary_multiseed/cnn_tcn/linear/split_seed_42/scatter_true_vs_pred.png,33cb1a248edda763b6876684db4a4fe79291e264062ffcdac7b2503b356b99cb,59397
revision_outputs/deep_model_repair/primary_multiseed/cnn_tcn/linear/split_seed_42/split_masks.npz,aa87bd7754c73033f6fbca318704cb344d8f8307fb9362cf868f12dc9d85a42e,5093
revision_outputs/deep_model_repair/primary_multiseed/cnn_tcn/linear/split_seed_42/target_map.npy,1e59eb26cb015535fc837f588d10b6c675b78ad23f6259fdd0725a814f18b221,262272
revision_outputs/deep_model_repair/primary_multiseed/cnn_tcn/linear/split_seed_42/training_history.csv,49ee92fa865e99a98ed02a0a2f8c474e8ba4232495f762d37bfab60ed8ab4d32,595
revision_outputs/deep_model_repair/primary_multiseed/cnn_tcn/linear/split_seed_43/binned_error.png,80bb4553bcd098c006159da1ed7842da4047e8f49ea2735b1971ad984b989390,46501
revision_outputs/deep_model_repair/primary_multiseed/cnn_tcn/linear/split_seed_43/binned_residuals_boxplot.png,a367fbe756e392de50901b7c7b039007cde1ee232c5a7699e8fb51a5df2fa03b,61490
revision_outputs/deep_model_repair/primary_multiseed/cnn_tcn/linear/split_seed_43/config_snapshot.json,b9a47a2624b5f2b661d627f4caff2e6fff1a02abd3c3988b95178141ad6ab909,1889
revision_outputs/deep_model_repair/primary_multiseed/cnn_tcn/linear/split_seed_43/last_input_map.npy,9a48065e98df9bb0200b16e885c5e0f98373d92e1fd0195829a8f8628f9ede66,262272
revision_outputs/deep_model_repair/primary_multiseed/cnn_tcn/linear/split_seed_43/metrics.csv,3e8e5232033d45093b7a6ee9dea28f1029799e9d7cb0d074445c4479820f8af0,829
revision_outputs/deep_model_repair/primary_multiseed/cnn_tcn/linear/split_seed_43/metrics.json,82f41a72f88ede122baf6ea57127a5661d53751f6388ae769c0e2fe5bdc55d10,1064
revision_outputs/deep_model_repair/primary_multiseed/cnn_tcn/linear/split_seed_43/patch_norm_stats.json,568c01471381cf10f4b566e21ee1fa863283d3efca69daffb818af6b11ba730c,157
revision_outputs/deep_model_repair/primary_multiseed/cnn_tcn/linear/split_seed_43/prediction_map.npy,c43faa16c1d5fc58c163f91e3e9a344dbd90d2aeedfff715588a3e5bc6a5077e,262272
revision_outputs/deep_model_repair/primary_multiseed/cnn_tcn/linear/split_seed_43/reference_vs_prediction.png,cea8c8b79f497aa10b835994514c091196af090d22d21d600fa0410106c0476c,551819
revision_outputs/deep_model_repair/primary_multiseed/cnn_tcn/linear/split_seed_43/residual_plot.png,e9683a53e3046737c7358a1751d65bfeb85548065eb08753c459a0ec262b6d86,58231
revision_outputs/deep_model_repair/primary_multiseed/cnn_tcn/linear/split_seed_43/scatter_true_vs_pred.png,95b4ba75a0a4ffb8ee7846462df10993c229c1abf35580434e85897abff6609e,57779
revision_outputs/deep_model_repair/primary_multiseed/cnn_tcn/linear/split_seed_43/split_masks.npz,b323933f7c125c832058aa2565acec87c0366ed7ad0b10fe8efeb214892db378,4960
revision_outputs/deep_model_repair/primary_multiseed/cnn_tcn/linear/split_seed_43/target_map.npy,1e59eb26cb015535fc837f588d10b6c675b78ad23f6259fdd0725a814f18b221,262272
revision_outputs/deep_model_repair/primary_multiseed/cnn_tcn/linear/split_seed_43/training_history.csv,629c5ccbfea06d75c00e9596780da21fa5e738d6486e620751a6814ba0458955,597
revision_outputs/deep_model_repair/primary_multiseed/cnn_tcn/linear/split_seed_44/binned_error.png,5510d836d971abaaa93991dcd81e72c20ca4df60d8281255ab846b76b86b4ee1,45959
revision_outputs/deep_model_repair/primary_multiseed/cnn_tcn/linear/split_seed_44/binned_residuals_boxplot.png,7215b7b403d350caa70878a14f26e9816643dd4a4b402d6ee5a43daee752247d,68912
revision_outputs/deep_model_repair/primary_multiseed/cnn_tcn/linear/split_seed_44/config_snapshot.json,05a0ae701a6f1f2fa211de669816f2afc9efbe95bf45306130a2a409dfe4cc92,1889
revision_outputs/deep_model_repair/primary_multiseed/cnn_tcn/linear/split_seed_44/last_input_map.npy,9a48065e98df9bb0200b16e885c5e0f98373d92e1fd0195829a8f8628f9ede66,262272
revision_outputs/deep_model_repair/primary_multiseed/cnn_tcn/linear/split_seed_44/metrics.csv,2e621fad31001af18809839fa680035a34a48e7a0a13d105e1c86b63cdd4276b,829
revision_outputs/deep_model_repair/primary_multiseed/cnn_tcn/linear/split_seed_44/metrics.json,c8d13dcaccb4b8530be7ba861087a503c6e7dd99607e19f935e29954772cfc65,1064
revision_outputs/deep_model_repair/primary_multiseed/cnn_tcn/linear/split_seed_44/patch_norm_stats.json,8719cf800829f6a4a76bbdf0efaa1dedbdfeaaaa8330bbe26da7cf6a4b38b209,157
revision_outputs/deep_model_repair/primary_multiseed/cnn_tcn/linear/split_seed_44/prediction_map.npy,97c0c7c4f6391a54a67b2bf7b0689de2fe830c59157f58fefb7a3622484202a2,262272
revision_outputs/deep_model_repair/primary_multiseed/cnn_tcn/linear/split_seed_44/reference_vs_prediction.png,0b854579e050f47ea24a0586024fd9d2db9720e40c917ce793b8824f9ee6fa3c,551892
revision_outputs/deep_model_repair/primary_multiseed/cnn_tcn/linear/split_seed_44/residual_plot.png,7915b1c962f883ac634e5a142d2a4fae567f0ca1854593805a1764e4f2466c24,63770
revision_outputs/deep_model_repair/primary_multiseed/cnn_tcn/linear/split_seed_44/scatter_true_vs_pred.png,80e968cfff538c228c86c5ec6998666a45b4c7f9820e8be7cb5ba2eb861255f9,55906
revision_outputs/deep_model_repair/primary_multiseed/cnn_tcn/linear/split_seed_44/split_masks.npz,dc4e472d4ff09f561e1361da6f2d4a7c3bb5470862a13b149e680a480bc8139b,5058
revision_outputs/deep_model_repair/primary_multiseed/cnn_tcn/linear/split_seed_44/target_map.npy,1e59eb26cb015535fc837f588d10b6c675b78ad23f6259fdd0725a814f18b221,262272
revision_outputs/deep_model_repair/primary_multiseed/cnn_tcn/linear/split_seed_44/training_history.csv,bc371f981206fd3a5d766a2bbf99a64bb6d86648944f2c480ccda4c8b8a06351,601
revision_outputs/deep_model_repair/primary_multiseed/cnn_tcn/linear/split_seed_45/binned_error.png,4a942a5dfece67a0b040012f64f939361b031b9910bb76118669402ff5cc6a84,37182
revision_outputs/deep_model_repair/primary_multiseed/cnn_tcn/linear/split_seed_45/binned_residuals_boxplot.png,7f529fd1ef6c4952bca712ee881c1d002b8cc62042f0ce5615aff40d073d6c49,65032
revision_outputs/deep_model_repair/primary_multiseed/cnn_tcn/linear/split_seed_45/config_snapshot.json,63a10f64d2ee4ec20ee3d1291c2dd441a5bca8b43750b544c5a2e2dcd3131f87,1889
revision_outputs/deep_model_repair/primary_multiseed/cnn_tcn/linear/split_seed_45/last_input_map.npy,9a48065e98df9bb0200b16e885c5e0f98373d92e1fd0195829a8f8628f9ede66,262272
revision_outputs/deep_model_repair/primary_multiseed/cnn_tcn/linear/split_seed_45/metrics.csv,3eaf7b23d772f0f437b595a2f695dba89a62466e27d532dfc3b4931da1a715b0,828
revision_outputs/deep_model_repair/primary_multiseed/cnn_tcn/linear/split_seed_45/metrics.json,894fa582f866bcefe01a00a3fc3667de778e217ee3deec35fe37a253d6e1b825,1063
revision_outputs/deep_model_repair/primary_multiseed/cnn_tcn/linear/split_seed_45/patch_norm_stats.json,f21f47fdbefacf363b0c783b30d6af5e009dd773b6062ab0e021573c83ce8a51,158
revision_outputs/deep_model_repair/primary_multiseed/cnn_tcn/linear/split_seed_45/prediction_map.npy,d34e267a997b776ca9ac871e0fd8f5c9716d5733ea24fa7a7c12211a5a4d54c5,262272
revision_outputs/deep_model_repair/primary_multiseed/cnn_tcn/linear/split_seed_45/reference_vs_prediction.png,6731c26d669b40526de55d758cb0d460297389afcb7dbfdcd794d2ed196051d4,552060
revision_outputs/deep_model_repair/primary_multiseed/cnn_tcn/linear/split_seed_45/residual_plot.png,74237f2444a6811dd214d5405f5364430ebabf306ded42790b549775a23e7ee6,85698
revision_outputs/deep_model_repair/primary_multiseed/cnn_tcn/linear/split_seed_45/scatter_true_vs_pred.png,19a96c14cac030dcb2130cdbee165da9e388398fbaaeeb292562f723983ec860,93734
revision_outputs/deep_model_repair/primary_multiseed/cnn_tcn/linear/split_seed_45/split_masks.npz,9f4427996aac0677942e3dcb92a43587024aa3e8af163de64f4941b1377e52b0,4987
revision_outputs/deep_model_repair/primary_multiseed/cnn_tcn/linear/split_seed_45/target_map.npy,1e59eb26cb015535fc837f588d10b6c675b78ad23f6259fdd0725a814f18b221,262272
revision_outputs/deep_model_repair/primary_multiseed/cnn_tcn/linear/split_seed_45/training_history.csv,24a2e0869c3bbcefa1842cdf917ef53206f14fda03492e36ce260816018748f8,779
revision_outputs/deep_model_repair/primary_multiseed/cnn_tcn/linear/split_seed_46/binned_error.png,737d86861c69ee2d5f185361036e2ffde228d7d9235ff4e205c3aac3b7592aae,36995
revision_outputs/deep_model_repair/primary_multiseed/cnn_tcn/linear/split_seed_46/binned_residuals_boxplot.png,8c0c08e944a287cc40593be4784d15ef2e0952677b08ffac55f946b603099fc3,63321
revision_outputs/deep_model_repair/primary_multiseed/cnn_tcn/linear/split_seed_46/config_snapshot.json,982c1934657d7e7395bd95a45734577f22628d313f9f6745ed5668ce88e278dc,1889
revision_outputs/deep_model_repair/primary_multiseed/cnn_tcn/linear/split_seed_46/last_input_map.npy,9a48065e98df9bb0200b16e885c5e0f98373d92e1fd0195829a8f8628f9ede66,262272
revision_outputs/deep_model_repair/primary_multiseed/cnn_tcn/linear/split_seed_46/metrics.csv,5471590e369674758b714d0f88d2b41d4573bdfde20e5aec6c5310381310ec61,825
revision_outputs/deep_model_repair/primary_multiseed/cnn_tcn/linear/split_seed_46/metrics.json,73a51c0c48048a010d547a49952a09c57cc038ffacbfe1288f7a896158ac07f9,1060
revision_outputs/deep_model_repair/primary_multiseed/cnn_tcn/linear/split_seed_46/patch_norm_stats.json,d555a6bc2a6571f46ed203cf8f517aa0772a8b93d12cf23050d9b531fcb227d7,156
revision_outputs/deep_model_repair/primary_multiseed/cnn_tcn/linear/split_seed_46/prediction_map.npy,a1e80b732368a5c656c3ebbf25cebd2657ef9efd7cf9d31973b12b8e6ad242b5,262272
revision_outputs/deep_model_repair/primary_multiseed/cnn_tcn/linear/split_seed_46/reference_vs_prediction.png,124fc46f6b2edefadb22defac2061597785ef23af2de6d2489dce2640338eac9,552081
revision_outputs/deep_model_repair/primary_multiseed/cnn_tcn/linear/split_seed_46/residual_plot.png,bfa92a43d36d9f7bb26e46e2ae8bdef282b328df1bc5270220037692c3481b44,63386
revision_outputs/deep_model_repair/primary_multiseed/cnn_tcn/linear/split_seed_46/scatter_true_vs_pred.png,952691f558978b61666e7cea508b1b5bb150155f6d3198f9a6b9893e638e3503,63351
revision_outputs/deep_model_repair/primary_multiseed/cnn_tcn/linear/split_seed_46/split_masks.npz,b147155d168780531b89106b8cff37420d8650cce600f3ae472a5a857fa46329,5022
revision_outputs/deep_model_repair/primary_multiseed/cnn_tcn/linear/split_seed_46/target_map.npy,1e59eb26cb015535fc837f588d10b6c675b78ad23f6259fdd0725a814f18b221,262272
revision_outputs/deep_model_repair/primary_multiseed/cnn_tcn/linear/split_seed_46/training_history.csv,3cad4b3062a234789dc6e50eea649bd2a5407edfa55eff230f1f8a80f9c24a59,594
revision_outputs/deep_model_repair/primary_multiseed/deep_repair_seed_level.csv,b2e1d183c42d335ceccaf988907b40d37c35d0cfff73470882a6a3474fe1edb7,2955
revision_outputs/deep_model_repair/primary_multiseed/deep_repair_summary.csv,8dd4b7f4867e2a299632d415d6d2e6416f9e63e32b61452baf4e396c464377c8,347
revision_outputs/deep_model_round2_convlstm_multiseed/conv_lstm_residual/linear/split_seed_42/binned_error.png,e9dc02574ad532e76ce0cf183ee73bf5c1a83ed2ced7e146887d4532f9d0f173,39039
revision_outputs/deep_model_round2_convlstm_multiseed/conv_lstm_residual/linear/split_seed_42/binned_residuals_boxplot.png,5a28412e74997e6066ba2b16247e6342fb74e72657a6a3739a4b5fc8ac0da4f3,63277
revision_outputs/deep_model_round2_convlstm_multiseed/conv_lstm_residual/linear/split_seed_42/config_snapshot.json,03faaac6e23490dffb2db42c710a7ffd15eb8153968ea34aced23882831bef1a,2109
revision_outputs/deep_model_round2_convlstm_multiseed/conv_lstm_residual/linear/split_seed_42/last_input_map.npy,9a48065e98df9bb0200b16e885c5e0f98373d92e1fd0195829a8f8628f9ede66,262272
revision_outputs/deep_model_round2_convlstm_multiseed/conv_lstm_residual/linear/split_seed_42/metrics.csv,35806840d4f7d0bb30135641b7da2f511474c89e827b3457ab63bfca80d442f9,895
revision_outputs/deep_model_round2_convlstm_multiseed/conv_lstm_residual/linear/split_seed_42/metrics.json,41dfe6fc741585d643b046e0bc1d16e555786faf5134bd570ca3ec00914fe26b,1148
revision_outputs/deep_model_round2_convlstm_multiseed/conv_lstm_residual/linear/split_seed_42/patch_norm_stats.json,c1bba39c5518c7797cc7461f262162ab0848bd89d94938b2f1ea89f5872e4aee,157
revision_outputs/deep_model_round2_convlstm_multiseed/conv_lstm_residual/linear/split_seed_42/prediction_map.npy,c4f9613269e6bd3b5ad8998ee483e8ac578f189c0b4a6145a0cb1dff01918146,262272
revision_outputs/deep_model_round2_convlstm_multiseed/conv_lstm_residual/linear/split_seed_42/reference_vs_prediction.png,76341a67228eaf57dbe8b8de97dfca81e51ca8b7e76dd888f2af5c55175f4628,548772
revision_outputs/deep_model_round2_convlstm_multiseed/conv_lstm_residual/linear/split_seed_42/residual_plot.png,d026abedb5ca239ebd85189ae58ff2c143fdfe25b8e6292022a400e269f7d566,63493
revision_outputs/deep_model_round2_convlstm_multiseed/conv_lstm_residual/linear/split_seed_42/scatter_true_vs_pred.png,ce4efb73b8909ce580d36a172460f32e5f63b198919618fcbed4187ad918d4d2,59339
revision_outputs/deep_model_round2_convlstm_multiseed/conv_lstm_residual/linear/split_seed_42/split_masks.npz,aa87bd7754c73033f6fbca318704cb344d8f8307fb9362cf868f12dc9d85a42e,5093
revision_outputs/deep_model_round2_convlstm_multiseed/conv_lstm_residual/linear/split_seed_42/target_map.npy,1e59eb26cb015535fc837f588d10b6c675b78ad23f6259fdd0725a814f18b221,262272
revision_outputs/deep_model_round2_convlstm_multiseed/conv_lstm_residual/linear/split_seed_42/training_history.csv,1d55074005e031818b3041d48848561d1c569a148b846d20226bba10d29984a8,1003
revision_outputs/deep_model_round2_convlstm_multiseed/conv_lstm_residual/linear/split_seed_43/binned_error.png,a8e40b81d8404f20e13440e9c5ffa6308c65efd96f1803ca0c2c854d690702f7,48392
revision_outputs/deep_model_round2_convlstm_multiseed/conv_lstm_residual/linear/split_seed_43/binned_residuals_boxplot.png,cf4d33ac3008541202fe0fa31bef611379e26d453fb6b9f155670224bf8bb716,62796
revision_outputs/deep_model_round2_convlstm_multiseed/conv_lstm_residual/linear/split_seed_43/config_snapshot.json,06a86aea5a276cc74db6b557ed076b503ec23a764da636168739a5d5e341299c,2109
revision_outputs/deep_model_round2_convlstm_multiseed/conv_lstm_residual/linear/split_seed_43/last_input_map.npy,9a48065e98df9bb0200b16e885c5e0f98373d92e1fd0195829a8f8628f9ede66,262272
revision_outputs/deep_model_round2_convlstm_multiseed/conv_lstm_residual/linear/split_seed_43/metrics.csv,53af8b957875ab45f2905a459c3d73799953d3254d46759afc737729484f42f3,892
revision_outputs/deep_model_round2_convlstm_multiseed/conv_lstm_residual/linear/split_seed_43/metrics.json,5bcec238d9d11e6c8cdcc09526f90fbe3eb4dfa05a7bf81df743059c8d810a21,1145
revision_outputs/deep_model_round2_convlstm_multiseed/conv_lstm_residual/linear/split_seed_43/patch_norm_stats.json,568c01471381cf10f4b566e21ee1fa863283d3efca69daffb818af6b11ba730c,157
revision_outputs/deep_model_round2_convlstm_multiseed/conv_lstm_residual/linear/split_seed_43/prediction_map.npy,b6b8e4713f71c175d93a7db1edb2e219c04168a5cfcedf0f4661a9002cc356ae,262272
revision_outputs/deep_model_round2_convlstm_multiseed/conv_lstm_residual/linear/split_seed_43/reference_vs_prediction.png,497c2d16e0a236e1f78c5de30b1a655da63a94f0a4acb02cd4770fab6c962945,549180
revision_outputs/deep_model_round2_convlstm_multiseed/conv_lstm_residual/linear/split_seed_43/residual_plot.png,8975c0b9ca53aab4f9bff081a90b868dbe4079fe2f7d81b5d1d84e08940d69f2,57543
revision_outputs/deep_model_round2_convlstm_multiseed/conv_lstm_residual/linear/split_seed_43/scatter_true_vs_pred.png,de9cf9326645a0a0e770913c80359f0f22adecb6ce249cf7b08a32ba900e548e,57544
revision_outputs/deep_model_round2_convlstm_multiseed/conv_lstm_residual/linear/split_seed_43/split_masks.npz,b323933f7c125c832058aa2565acec87c0366ed7ad0b10fe8efeb214892db378,4960
revision_outputs/deep_model_round2_convlstm_multiseed/conv_lstm_residual/linear/split_seed_43/target_map.npy,1e59eb26cb015535fc837f588d10b6c675b78ad23f6259fdd0725a814f18b221,262272
revision_outputs/deep_model_round2_convlstm_multiseed/conv_lstm_residual/linear/split_seed_43/training_history.csv,7a8802eccefa46f6451244c1fa6ac08be03419febfb4cd722cc8d95b8d900d35,1007
revision_outputs/deep_model_round2_convlstm_multiseed/conv_lstm_residual/linear/split_seed_44/binned_error.png,68727cf8389477eca66af7ebcc7114df222a511260a471017a5a919795375b5c,47779
revision_outputs/deep_model_round2_convlstm_multiseed/conv_lstm_residual/linear/split_seed_44/binned_residuals_boxplot.png,77ac024d17bd50b15148b224e0fc4fd7d3d650764bcfa23faaca82d937aebfa4,68230
revision_outputs/deep_model_round2_convlstm_multiseed/conv_lstm_residual/linear/split_seed_44/config_snapshot.json,57a34499de38106df64723fdef331d8b14bce5e57378edcb15478107b905eb30,2109
revision_outputs/deep_model_round2_convlstm_multiseed/conv_lstm_residual/linear/split_seed_44/last_input_map.npy,9a48065e98df9bb0200b16e885c5e0f98373d92e1fd0195829a8f8628f9ede66,262272
revision_outputs/deep_model_round2_convlstm_multiseed/conv_lstm_residual/linear/split_seed_44/metrics.csv,f1911361d3889052b6495e9959462b22c05b7f9181ee57af0a55a55d3a4f7c7c,895
revision_outputs/deep_model_round2_convlstm_multiseed/conv_lstm_residual/linear/split_seed_44/metrics.json,f952518a4c97080ddd9d22a80f9b7b117555000a9d9f11fd5138a4c57ba2abd9,1148
revision_outputs/deep_model_round2_convlstm_multiseed/conv_lstm_residual/linear/split_seed_44/patch_norm_stats.json,8719cf800829f6a4a76bbdf0efaa1dedbdfeaaaa8330bbe26da7cf6a4b38b209,157
revision_outputs/deep_model_round2_convlstm_multiseed/conv_lstm_residual/linear/split_seed_44/prediction_map.npy,bb7899a14a9d1064070f4904b7b3c551c4b41bd773fa52cced2273960ec9f280,262272
revision_outputs/deep_model_round2_convlstm_multiseed/conv_lstm_residual/linear/split_seed_44/reference_vs_prediction.png,92bdc73c4eff6556212755a277eafe1dac87e8cc0560258617cc6712cbe2b7aa,548892
revision_outputs/deep_model_round2_convlstm_multiseed/conv_lstm_residual/linear/split_seed_44/residual_plot.png,13403191aa233c7de6f788d9469da99c31d7b2e6141f67e4f0897d1e1a5e9c27,63011
revision_outputs/deep_model_round2_convlstm_multiseed/conv_lstm_residual/linear/split_seed_44/scatter_true_vs_pred.png,3040a6a5f88472df0899e0370860ca369c03c5cb51c255711610da21aa1561a3,55201
revision_outputs/deep_model_round2_convlstm_multiseed/conv_lstm_residual/linear/split_seed_44/split_masks.npz,dc4e472d4ff09f561e1361da6f2d4a7c3bb5470862a13b149e680a480bc8139b,5058
revision_outputs/deep_model_round2_convlstm_multiseed/conv_lstm_residual/linear/split_seed_44/target_map.npy,1e59eb26cb015535fc837f588d10b6c675b78ad23f6259fdd0725a814f18b221,262272
revision_outputs/deep_model_round2_convlstm_multiseed/conv_lstm_residual/linear/split_seed_44/training_history.csv,383493ded90c9f8d78dbcaa2765a120fb8e893902561f714546f683b257b7476,954
revision_outputs/deep_model_round2_convlstm_multiseed/conv_lstm_residual/linear/split_seed_45/binned_error.png,d4b37e464085e6c52a8b3108eb1783e9679306337031723a42ae2536787e5cd6,37226
revision_outputs/deep_model_round2_convlstm_multiseed/conv_lstm_residual/linear/split_seed_45/binned_residuals_boxplot.png,ec1a686afb69e96d2c415e72f337adcf87561a19a0999a9319db0546b9e9a20a,64204
revision_outputs/deep_model_round2_convlstm_multiseed/conv_lstm_residual/linear/split_seed_45/config_snapshot.json,ac4d13943ff11d98ca2aa3bafdd7d6909dd92ed76809e17c7f1c04f5ac0d370f,2109
revision_outputs/deep_model_round2_convlstm_multiseed/conv_lstm_residual/linear/split_seed_45/last_input_map.npy,9a48065e98df9bb0200b16e885c5e0f98373d92e1fd0195829a8f8628f9ede66,262272
revision_outputs/deep_model_round2_convlstm_multiseed/conv_lstm_residual/linear/split_seed_45/metrics.csv,9a49345ccd089bc07c7a94a30b2783b774f5db575420a97cc3700a74e685b34e,895
revision_outputs/deep_model_round2_convlstm_multiseed/conv_lstm_residual/linear/split_seed_45/metrics.json,f08f519eb16dbe31392fc046449e1598d891968f77c21708a0bec53232de2db2,1148
revision_outputs/deep_model_round2_convlstm_multiseed/conv_lstm_residual/linear/split_seed_45/patch_norm_stats.json,f21f47fdbefacf363b0c783b30d6af5e009dd773b6062ab0e021573c83ce8a51,158
revision_outputs/deep_model_round2_convlstm_multiseed/conv_lstm_residual/linear/split_seed_45/prediction_map.npy,b0a8e5fd6a0e577f7ee2fc1c5ad431df74e46bb1dc536bbac4f112a03ba9a3b4,262272
revision_outputs/deep_model_round2_convlstm_multiseed/conv_lstm_residual/linear/split_seed_45/reference_vs_prediction.png,0e9fbdf198e96f2ac9d8a71f170ab510ca622ef125319885d505789665f70081,550884
revision_outputs/deep_model_round2_convlstm_multiseed/conv_lstm_residual/linear/split_seed_45/residual_plot.png,460512ebe535c48663246f63dfe3f7711c931c0649137634fcb405f7509f913e,86130
revision_outputs/deep_model_round2_convlstm_multiseed/conv_lstm_residual/linear/split_seed_45/scatter_true_vs_pred.png,d1c8e95c6129409054fa6e436401ac4ef5922e689276f125c71789ac2c2bebbe,93076
revision_outputs/deep_model_round2_convlstm_multiseed/conv_lstm_residual/linear/split_seed_45/split_masks.npz,9f4427996aac0677942e3dcb92a43587024aa3e8af163de64f4941b1377e52b0,4987
revision_outputs/deep_model_round2_convlstm_multiseed/conv_lstm_residual/linear/split_seed_45/target_map.npy,1e59eb26cb015535fc837f588d10b6c675b78ad23f6259fdd0725a814f18b221,262272
revision_outputs/deep_model_round2_convlstm_multiseed/conv_lstm_residual/linear/split_seed_45/training_history.csv,d77340c6bff21503b9a6684a530d3f2a12619cc4451bf160192e6c75bab3fd72,829
revision_outputs/deep_model_round2_convlstm_multiseed/conv_lstm_residual/linear/split_seed_46/binned_error.png,02ba346d4933c5b30916e0f119453ed005868d685365e5fcf6535f430ec58c02,35816
revision_outputs/deep_model_round2_convlstm_multiseed/conv_lstm_residual/linear/split_seed_46/binned_residuals_boxplot.png,a42f471a81ae7f59499bbf857444c16e64dfc10c85b6fb655bfda3e2133cc0b9,69672
revision_outputs/deep_model_round2_convlstm_multiseed/conv_lstm_residual/linear/split_seed_46/config_snapshot.json,9bece9bcf15d6be40ac9c76505d70170c7d64931c3b249c6e5f15ad392e59189,2109
revision_outputs/deep_model_round2_convlstm_multiseed/conv_lstm_residual/linear/split_seed_46/last_input_map.npy,9a48065e98df9bb0200b16e885c5e0f98373d92e1fd0195829a8f8628f9ede66,262272
revision_outputs/deep_model_round2_convlstm_multiseed/conv_lstm_residual/linear/split_seed_46/metrics.csv,d9b83389b75f3e535782474452a66150f64f0dbb1818337fd454ad8fdae18c50,887
revision_outputs/deep_model_round2_convlstm_multiseed/conv_lstm_residual/linear/split_seed_46/metrics.json,4b8e0989a3d47e3d3a5194e29b38c058f74e6af3aaf09eef050dcaa7709d6688,1140
revision_outputs/deep_model_round2_convlstm_multiseed/conv_lstm_residual/linear/split_seed_46/patch_norm_stats.json,d555a6bc2a6571f46ed203cf8f517aa0772a8b93d12cf23050d9b531fcb227d7,156
revision_outputs/deep_model_round2_convlstm_multiseed/conv_lstm_residual/linear/split_seed_46/prediction_map.npy,9b2f27eb2bc9dfa7e0cf13431bd9d90a07deb50868610c56ef4920d784d93479,262272
revision_outputs/deep_model_round2_convlstm_multiseed/conv_lstm_residual/linear/split_seed_46/reference_vs_prediction.png,0e4e6e705208f30f55705041577a5f38a33b68cdd1412fc39d3179c8826641ca,549605
revision_outputs/deep_model_round2_convlstm_multiseed/conv_lstm_residual/linear/split_seed_46/residual_plot.png,39aeb42aa1f0b3908c93a852c8ea8093dd0c435f75225f87b439a7143017424c,69344
revision_outputs/deep_model_round2_convlstm_multiseed/conv_lstm_residual/linear/split_seed_46/scatter_true_vs_pred.png,edc8ac8db3b4fd02afaa53bcc74abce11eea2dd4420b650a52b7434e78d96046,63700
revision_outputs/deep_model_round2_convlstm_multiseed/conv_lstm_residual/linear/split_seed_46/split_masks.npz,b147155d168780531b89106b8cff37420d8650cce600f3ae472a5a857fa46329,5022
revision_outputs/deep_model_round2_convlstm_multiseed/conv_lstm_residual/linear/split_seed_46/target_map.npy,1e59eb26cb015535fc837f588d10b6c675b78ad23f6259fdd0725a814f18b221,262272
revision_outputs/deep_model_round2_convlstm_multiseed/conv_lstm_residual/linear/split_seed_46/training_history.csv,1a005d85284d83ce1ffaf2a65ba1ce9edcf1284578597e49cc40fb1a37d97a03,822
revision_outputs/deep_model_round2_convlstm_multiseed/round2_seed_level.csv,c0f964cae597c3768d36e69d1168d4b69fd839f5483cd76279b55a319ddf9ff0,1604
revision_outputs/deep_model_round2_convlstm_multiseed/round2_summary.csv,ca2f1b214a8a3595382c79a2e7677904683d436e7d76ae9e1f6ee43d8fcb1394,229
revision_outputs/deep_model_round2_hybrid_v2_multiseed/round2_seed_level.csv,83bbf20f7b94cc9cdb7973033d1ef8b8368bb15433637d1bf5eea254e585c1ae,1655
revision_outputs/deep_model_round2_hybrid_v2_multiseed/round2_summary.csv,6eb128b4b28708da3c3db96f38e87564c12464c6948e57fe7065dc07e596660d,234
revision_outputs/deep_model_round2_hybrid_v2_multiseed/temporal_linear_hybrid/linear/split_seed_42/binned_error.png,9f2eb1c412d1bb7feac49350215cbce6a12e5b6dcfd3b48dd7c4bab12d6c7f07,35758
revision_outputs/deep_model_round2_hybrid_v2_multiseed/temporal_linear_hybrid/linear/split_seed_42/binned_residuals_boxplot.png,15bd4cde226b4eaa0eb6af8d3afdf95ab9cb3b3cb1d731dbde3886ac066620a7,64586
revision_outputs/deep_model_round2_hybrid_v2_multiseed/temporal_linear_hybrid/linear/split_seed_42/config_snapshot.json,f941836fe8cac191d10c1b1572b81e8ad4b252eedc5dd8ce6205ce9cbf909a0e,2021
revision_outputs/deep_model_round2_hybrid_v2_multiseed/temporal_linear_hybrid/linear/split_seed_42/last_input_map.npy,9a48065e98df9bb0200b16e885c5e0f98373d92e1fd0195829a8f8628f9ede66,262272
revision_outputs/deep_model_round2_hybrid_v2_multiseed/temporal_linear_hybrid/linear/split_seed_42/metrics.csv,28203b9b7e1428d1572215d8eeade14a04ab011566cc7c99e7a7f35603f449a4,896
revision_outputs/deep_model_round2_hybrid_v2_multiseed/temporal_linear_hybrid/linear/split_seed_42/metrics.json,654cbf6043d6d8852195599b8d1e17957f1f8553ec297d75177a9e9e3aeb95f7,1145
revision_outputs/deep_model_round2_hybrid_v2_multiseed/temporal_linear_hybrid/linear/split_seed_42/patch_norm_stats.json,c1bba39c5518c7797cc7461f262162ab0848bd89d94938b2f1ea89f5872e4aee,157
revision_outputs/deep_model_round2_hybrid_v2_multiseed/temporal_linear_hybrid/linear/split_seed_42/prediction_map.npy,fbc13dafde4338fa957eeeebc93f4320cb13d582dd4f20d2b76160048cf58de1,262272
revision_outputs/deep_model_round2_hybrid_v2_multiseed/temporal_linear_hybrid/linear/split_seed_42/reference_vs_prediction.png,8069c4fc6fc77766ec90db8860ab18efcec79dfc21aca66c09a09e6777209fa0,455678
revision_outputs/deep_model_round2_hybrid_v2_multiseed/temporal_linear_hybrid/linear/split_seed_42/residual_plot.png,742f676823ff50d2e939df1df3430a07da105b5f9b60ee881d3648022eac38f3,66531
revision_outputs/deep_model_round2_hybrid_v2_multiseed/temporal_linear_hybrid/linear/split_seed_42/scatter_true_vs_pred.png,6a8347810383e0a649ab2d7fa540788ab8c3f68f6f7532b9f90d6843ab90ebdf,58099
revision_outputs/deep_model_round2_hybrid_v2_multiseed/temporal_linear_hybrid/linear/split_seed_42/split_masks.npz,aa87bd7754c73033f6fbca318704cb344d8f8307fb9362cf868f12dc9d85a42e,5093
revision_outputs/deep_model_round2_hybrid_v2_multiseed/temporal_linear_hybrid/linear/split_seed_42/target_map.npy,1e59eb26cb015535fc837f588d10b6c675b78ad23f6259fdd0725a814f18b221,262272
revision_outputs/deep_model_round2_hybrid_v2_multiseed/temporal_linear_hybrid/linear/split_seed_42/training_history.csv,b5acde2c6ccf062bb84c7a01d95f332503457fbbf82b49eab3dbb8a019e7f331,2768
revision_outputs/deep_model_round2_hybrid_v2_multiseed/temporal_linear_hybrid/linear/split_seed_43/binned_error.png,5e194c959e040a3bf65a4cf87c0a0365186c6f72e09a5eb4998497c0641f6db4,49136
revision_outputs/deep_model_round2_hybrid_v2_multiseed/temporal_linear_hybrid/linear/split_seed_43/binned_residuals_boxplot.png,a31c325e6f132185d164000c7765697670bc0a40a1dacc51f251ca89764db602,58949
revision_outputs/deep_model_round2_hybrid_v2_multiseed/temporal_linear_hybrid/linear/split_seed_43/config_snapshot.json,5c4e49c825b5b0dec231edf66c863b6505b2b623197aa282254b941e11e49ccc,2021
revision_outputs/deep_model_round2_hybrid_v2_multiseed/temporal_linear_hybrid/linear/split_seed_43/last_input_map.npy,9a48065e98df9bb0200b16e885c5e0f98373d92e1fd0195829a8f8628f9ede66,262272
revision_outputs/deep_model_round2_hybrid_v2_multiseed/temporal_linear_hybrid/linear/split_seed_43/metrics.csv,7d89f31023cd079eb2b9db5599e0b0472965db096920ef4eb14584a5068028d1,897
revision_outputs/deep_model_round2_hybrid_v2_multiseed/temporal_linear_hybrid/linear/split_seed_43/metrics.json,18d597e449489ef78e16e5a933e3258a5233b39a0788b217d68c08d1397485ea,1146
revision_outputs/deep_model_round2_hybrid_v2_multiseed/temporal_linear_hybrid/linear/split_seed_43/patch_norm_stats.json,568c01471381cf10f4b566e21ee1fa863283d3efca69daffb818af6b11ba730c,157
revision_outputs/deep_model_round2_hybrid_v2_multiseed/temporal_linear_hybrid/linear/split_seed_43/prediction_map.npy,5ad49b02dd0ab17ed8b01a43793c3c6580f26f4739998c618c7270f76f75fd33,262272
revision_outputs/deep_model_round2_hybrid_v2_multiseed/temporal_linear_hybrid/linear/split_seed_43/reference_vs_prediction.png,5575db6b38f3ccfeee298529cafd277c9b586cd5d5f061d7b460be1cc6304d06,545091
revision_outputs/deep_model_round2_hybrid_v2_multiseed/temporal_linear_hybrid/linear/split_seed_43/residual_plot.png,29de7b18fa288d2cfde873578856c6f2577ff30fae0b194aca639a4550bdd6e6,57940
revision_outputs/deep_model_round2_hybrid_v2_multiseed/temporal_linear_hybrid/linear/split_seed_43/scatter_true_vs_pred.png,309fe67d4ac8b8e4e96c2fe9999793c3ab68635e1842f8388746c11ab20375fe,56187
revision_outputs/deep_model_round2_hybrid_v2_multiseed/temporal_linear_hybrid/linear/split_seed_43/split_masks.npz,b323933f7c125c832058aa2565acec87c0366ed7ad0b10fe8efeb214892db378,4960
revision_outputs/deep_model_round2_hybrid_v2_multiseed/temporal_linear_hybrid/linear/split_seed_43/target_map.npy,1e59eb26cb015535fc837f588d10b6c675b78ad23f6259fdd0725a814f18b221,262272
revision_outputs/deep_model_round2_hybrid_v2_multiseed/temporal_linear_hybrid/linear/split_seed_43/training_history.csv,1a37a97fe92479af91dc4315e5654b984fecdd51d3bb4abd2300926aa1528908,1007
revision_outputs/deep_model_round2_hybrid_v2_multiseed/temporal_linear_hybrid/linear/split_seed_44/binned_error.png,1065f61b6f1cfac594a340df882b57cbd2f25df0851097cc2e728ba7faa23a5f,47147
revision_outputs/deep_model_round2_hybrid_v2_multiseed/temporal_linear_hybrid/linear/split_seed_44/binned_residuals_boxplot.png,ed34a628e5bc2cbebf6b9a8dafadd550a0295720e38490b4cad428d17bebd120,65701
revision_outputs/deep_model_round2_hybrid_v2_multiseed/temporal_linear_hybrid/linear/split_seed_44/config_snapshot.json,120426e35ebe649b59bee89568497f2de158c03e1fb39732453d9a5850b31d50,2021
revision_outputs/deep_model_round2_hybrid_v2_multiseed/temporal_linear_hybrid/linear/split_seed_44/last_input_map.npy,9a48065e98df9bb0200b16e885c5e0f98373d92e1fd0195829a8f8628f9ede66,262272
revision_outputs/deep_model_round2_hybrid_v2_multiseed/temporal_linear_hybrid/linear/split_seed_44/metrics.csv,8f56a7944facb3d159462fd20b021a407782b55df7d1e877c1105bb9adaa492e,899
revision_outputs/deep_model_round2_hybrid_v2_multiseed/temporal_linear_hybrid/linear/split_seed_44/metrics.json,843044da31559b8ce41f5b863231dfd7c288697f966f7271c13760cbbe3ec879,1148
revision_outputs/deep_model_round2_hybrid_v2_multiseed/temporal_linear_hybrid/linear/split_seed_44/patch_norm_stats.json,8719cf800829f6a4a76bbdf0efaa1dedbdfeaaaa8330bbe26da7cf6a4b38b209,157
revision_outputs/deep_model_round2_hybrid_v2_multiseed/temporal_linear_hybrid/linear/split_seed_44/prediction_map.npy,662f7a4229020c61b851da1f9e79bdb5a43c408634981923edb5effd0a9722cf,262272
revision_outputs/deep_model_round2_hybrid_v2_multiseed/temporal_linear_hybrid/linear/split_seed_44/reference_vs_prediction.png,fb7a5b5afede2741e85e151d3bcf76697d35f81a01ce3892bcb2d83fdd431087,544765
revision_outputs/deep_model_round2_hybrid_v2_multiseed/temporal_linear_hybrid/linear/split_seed_44/residual_plot.png,bc916bfba64373c1b49dc6f5cff9ce007249e5520d05a510305f90386d3332a0,63044
revision_outputs/deep_model_round2_hybrid_v2_multiseed/temporal_linear_hybrid/linear/split_seed_44/scatter_true_vs_pred.png,3eb8ef648e8e4cc7f3c3c86ce14b7641ec0e7ed95e420210ba7deb38827db5bf,55356
revision_outputs/deep_model_round2_hybrid_v2_multiseed/temporal_linear_hybrid/linear/split_seed_44/split_masks.npz,dc4e472d4ff09f561e1361da6f2d4a7c3bb5470862a13b149e680a480bc8139b,5058
revision_outputs/deep_model_round2_hybrid_v2_multiseed/temporal_linear_hybrid/linear/split_seed_44/target_map.npy,1e59eb26cb015535fc837f588d10b6c675b78ad23f6259fdd0725a814f18b221,262272
revision_outputs/deep_model_round2_hybrid_v2_multiseed/temporal_linear_hybrid/linear/split_seed_44/training_history.csv,7f0fdabc550d819b60385640b7ad87b1c9e43951f4eefb209628bf03f2cda3f5,1239
revision_outputs/deep_model_round2_hybrid_v2_multiseed/temporal_linear_hybrid/linear/split_seed_45/binned_error.png,0fe38385e99cc94b4fbba2be8c512cdd96045327b46cc27d433f42e93803a754,38907
revision_outputs/deep_model_round2_hybrid_v2_multiseed/temporal_linear_hybrid/linear/split_seed_45/binned_residuals_boxplot.png,ff20a6891d1363a65c3efb3263ff27e983275d05d9ae2c85d48b9da05f6834c5,66548
revision_outputs/deep_model_round2_hybrid_v2_multiseed/temporal_linear_hybrid/linear/split_seed_45/config_snapshot.json,c27716558ba6c6cbdbe9856de015e66eb919a2a2b63316d82accedcf2c0e7eaf,2021
revision_outputs/deep_model_round2_hybrid_v2_multiseed/temporal_linear_hybrid/linear/split_seed_45/last_input_map.npy,9a48065e98df9bb0200b16e885c5e0f98373d92e1fd0195829a8f8628f9ede66,262272
revision_outputs/deep_model_round2_hybrid_v2_multiseed/temporal_linear_hybrid/linear/split_seed_45/metrics.csv,e8cd4414eaaa87c4080ffb70ca60cdae63b8727fdef4e18b982e7d42f730af33,902
revision_outputs/deep_model_round2_hybrid_v2_multiseed/temporal_linear_hybrid/linear/split_seed_45/metrics.json,e78827aabaec3c9d85d16d78daa8d6909ff1dfccf78217e0b6e803948f4ac298,1151
revision_outputs/deep_model_round2_hybrid_v2_multiseed/temporal_linear_hybrid/linear/split_seed_45/patch_norm_stats.json,f21f47fdbefacf363b0c783b30d6af5e009dd773b6062ab0e021573c83ce8a51,158
revision_outputs/deep_model_round2_hybrid_v2_multiseed/temporal_linear_hybrid/linear/split_seed_45/prediction_map.npy,a586f14c5d53f651ae080c48d1d7f2880fc8b55ef7f0484ad26a076187b30460,262272
revision_outputs/deep_model_round2_hybrid_v2_multiseed/temporal_linear_hybrid/linear/split_seed_45/reference_vs_prediction.png,5ea9af72c2fb447a50e1541cc2dd074b88d98ec243647fc0667ef9aa1e78c238,457233
revision_outputs/deep_model_round2_hybrid_v2_multiseed/temporal_linear_hybrid/linear/split_seed_45/residual_plot.png,430b3b21a6502b178a51e37b44cc6d018e3632265049aff8ad9f1fb59c847465,92839
revision_outputs/deep_model_round2_hybrid_v2_multiseed/temporal_linear_hybrid/linear/split_seed_45/scatter_true_vs_pred.png,7414b4ac6173ffa240ed60ac1091e752996352094bdc89ad9384f5a19d5c296d,90542
revision_outputs/deep_model_round2_hybrid_v2_multiseed/temporal_linear_hybrid/linear/split_seed_45/split_masks.npz,9f4427996aac0677942e3dcb92a43587024aa3e8af163de64f4941b1377e52b0,4987
revision_outputs/deep_model_round2_hybrid_v2_multiseed/temporal_linear_hybrid/linear/split_seed_45/target_map.npy,1e59eb26cb015535fc837f588d10b6c675b78ad23f6259fdd0725a814f18b221,262272
revision_outputs/deep_model_round2_hybrid_v2_multiseed/temporal_linear_hybrid/linear/split_seed_45/training_history.csv,4b9702cbf735bb1708c888ee9400afb3d7d4a1b59d0c37560023d7e85ba1a4ff,2753
revision_outputs/deep_model_round2_hybrid_v2_multiseed/temporal_linear_hybrid/linear/split_seed_46/binned_error.png,86d16cb9eba1f96f94afd84e19625e5c7a1adefb88965c5248a663592c10749e,36792
revision_outputs/deep_model_round2_hybrid_v2_multiseed/temporal_linear_hybrid/linear/split_seed_46/binned_residuals_boxplot.png,f50016ff1945f6f3fca21a976d1ba5b03e6aef544df5334946f522817dd8bd2a,67897
revision_outputs/deep_model_round2_hybrid_v2_multiseed/temporal_linear_hybrid/linear/split_seed_46/config_snapshot.json,366e74c3b9f3a032b5e3732143653b9bb6b0e8e1c3e8249b6f92c29a5a400bad,2021
revision_outputs/deep_model_round2_hybrid_v2_multiseed/temporal_linear_hybrid/linear/split_seed_46/last_input_map.npy,9a48065e98df9bb0200b16e885c5e0f98373d92e1fd0195829a8f8628f9ede66,262272
revision_outputs/deep_model_round2_hybrid_v2_multiseed/temporal_linear_hybrid/linear/split_seed_46/metrics.csv,59ffb1237c2fd7877fded18b5507d9f1d1cb94dcae255985c3b6e33b97433b4f,896
revision_outputs/deep_model_round2_hybrid_v2_multiseed/temporal_linear_hybrid/linear/split_seed_46/metrics.json,68e30db5328c68b694864c786585a1d89ba7f0e1032b1b6aa50583baf09b3315,1145
revision_outputs/deep_model_round2_hybrid_v2_multiseed/temporal_linear_hybrid/linear/split_seed_46/patch_norm_stats.json,d555a6bc2a6571f46ed203cf8f517aa0772a8b93d12cf23050d9b531fcb227d7,156
revision_outputs/deep_model_round2_hybrid_v2_multiseed/temporal_linear_hybrid/linear/split_seed_46/prediction_map.npy,5e72dc0fa61179d530807a83abe4fca475a2578e04150e948040a51fad45ef27,262272
revision_outputs/deep_model_round2_hybrid_v2_multiseed/temporal_linear_hybrid/linear/split_seed_46/reference_vs_prediction.png,0852029bbead73dd26c310dbda12e018dd291a6b1f832a444ab79be0dcdf8899,543988
revision_outputs/deep_model_round2_hybrid_v2_multiseed/temporal_linear_hybrid/linear/split_seed_46/residual_plot.png,5013378aa5123217ad78427e770289c842bfdd138bf00efec490540108fb0e68,67687
revision_outputs/deep_model_round2_hybrid_v2_multiseed/temporal_linear_hybrid/linear/split_seed_46/scatter_true_vs_pred.png,3b95220e6011d8748b396d2026b0ff4559cbc9956aecd1fd17fa2149b64c1175,63219
revision_outputs/deep_model_round2_hybrid_v2_multiseed/temporal_linear_hybrid/linear/split_seed_46/split_masks.npz,b147155d168780531b89106b8cff37420d8650cce600f3ae472a5a857fa46329,5022
revision_outputs/deep_model_round2_hybrid_v2_multiseed/temporal_linear_hybrid/linear/split_seed_46/target_map.npy,1e59eb26cb015535fc837f588d10b6c675b78ad23f6259fdd0725a814f18b221,262272
revision_outputs/deep_model_round2_hybrid_v2_multiseed/temporal_linear_hybrid/linear/split_seed_46/training_history.csv,bc16cf92aa83b0393a46d9743882c94ece56eb4d41164a778b8dec7640f73e7e,1094
revision_outputs/deep_model_round2_multiseed/ensemble_probe.csv,19558fbed6521f70ec5e31b73f91561ba1f7db130c13b9733e9f51ef6a2d31da,384
revision_outputs/deep_model_round2_multiseed/patch_unet_residual/linear/split_seed_42/binned_error.png,bb85c39a1f0b7460a98a784c6db445163111657dbf41f474eb1d99644e5f8bce,39347
revision_outputs/deep_model_round2_multiseed/patch_unet_residual/linear/split_seed_42/binned_residuals_boxplot.png,360b35ad0c208756c4544c357894091a8b272d6ec7236b2623ad10605d3573d1,67607
revision_outputs/deep_model_round2_multiseed/patch_unet_residual/linear/split_seed_42/config_snapshot.json,f40ef188e048fc37ab5b14ab6a78f0a735bcc67f3ab582ae85f55b0cb7c21332,1880
revision_outputs/deep_model_round2_multiseed/patch_unet_residual/linear/split_seed_42/last_input_map.npy,9a48065e98df9bb0200b16e885c5e0f98373d92e1fd0195829a8f8628f9ede66,262272
revision_outputs/deep_model_round2_multiseed/patch_unet_residual/linear/split_seed_42/metrics.csv,eec7d29bcba36b49129ab1e71f30cd0481d24ef52e20072197015ada467af105,842
revision_outputs/deep_model_round2_multiseed/patch_unet_residual/linear/split_seed_42/metrics.json,2c94075c6f291c95f03a8b22bae41ddee8576a3ae3f4db868e771bf98d3b3376,1077
revision_outputs/deep_model_round2_multiseed/patch_unet_residual/linear/split_seed_42/patch_norm_stats.json,c1bba39c5518c7797cc7461f262162ab0848bd89d94938b2f1ea89f5872e4aee,157
revision_outputs/deep_model_round2_multiseed/patch_unet_residual/linear/split_seed_42/prediction_map.npy,d56416e44ceb4c65b1c5db7ff7ae97ae0e9f2d1e1c747d718d80f3839005aff3,262272
revision_outputs/deep_model_round2_multiseed/patch_unet_residual/linear/split_seed_42/reference_vs_prediction.png,1ac2dbbddc7d1793551c59f7a31cbd1d8df029634b92d2caacad58e9c5e62197,545623
revision_outputs/deep_model_round2_multiseed/patch_unet_residual/linear/split_seed_42/residual_plot.png,df965c2a5694fb8ee0534f48b281a510638c0ad668812d881eb64701131432e4,67970
revision_outputs/deep_model_round2_multiseed/patch_unet_residual/linear/split_seed_42/scatter_true_vs_pred.png,ab72a13d4baf573d56f6b54bc2023a648dc301300303751e0b3996fa75c55e6c,58684
revision_outputs/deep_model_round2_multiseed/patch_unet_residual/linear/split_seed_42/split_masks.npz,aa87bd7754c73033f6fbca318704cb344d8f8307fb9362cf868f12dc9d85a42e,5093
revision_outputs/deep_model_round2_multiseed/patch_unet_residual/linear/split_seed_42/target_map.npy,1e59eb26cb015535fc837f588d10b6c675b78ad23f6259fdd0725a814f18b221,262272
revision_outputs/deep_model_round2_multiseed/patch_unet_residual/linear/split_seed_42/training_history.csv,c869b50ee3ac6cbd4eef7d37ddcd516aa42a8f223cdb00851259fa6050f646fd,1275
revision_outputs/deep_model_round2_multiseed/patch_unet_residual/linear/split_seed_43/binned_error.png,780f650aef022e0268ec30cf95ad653e90a88b7ec9a56c145279b9b729f9167a,47472
revision_outputs/deep_model_round2_multiseed/patch_unet_residual/linear/split_seed_43/binned_residuals_boxplot.png,1f1e44f6bace341963ac438247caac2cabf4724ca91c226c43d5e796af96198a,60482
revision_outputs/deep_model_round2_multiseed/patch_unet_residual/linear/split_seed_43/config_snapshot.json,a1906769c620eca72f9499200871a125a5ba6edf8e254b246d3be2df2a58fbe1,1880
revision_outputs/deep_model_round2_multiseed/patch_unet_residual/linear/split_seed_43/last_input_map.npy,9a48065e98df9bb0200b16e885c5e0f98373d92e1fd0195829a8f8628f9ede66,262272
revision_outputs/deep_model_round2_multiseed/patch_unet_residual/linear/split_seed_43/metrics.csv,769411291172ce9bec2163d1443387e02484a0e98c15d7aab7da750e398c1101,841
revision_outputs/deep_model_round2_multiseed/patch_unet_residual/linear/split_seed_43/metrics.json,088d22dff52cd6cfb9528b36d41f239e5bff3a79ff1456b42839457f4183503e,1076
revision_outputs/deep_model_round2_multiseed/patch_unet_residual/linear/split_seed_43/patch_norm_stats.json,568c01471381cf10f4b566e21ee1fa863283d3efca69daffb818af6b11ba730c,157
revision_outputs/deep_model_round2_multiseed/patch_unet_residual/linear/split_seed_43/prediction_map.npy,62b3511dee0d11cd98b2254ceb8b2c5bd10f7d45cc7962b3896050efcb1fdc5c,262272
revision_outputs/deep_model_round2_multiseed/patch_unet_residual/linear/split_seed_43/reference_vs_prediction.png,3c68f03139d73fa0b0ec5110d9f61cf404b76c92d17dc0de81809d997ee89fd2,544619
revision_outputs/deep_model_round2_multiseed/patch_unet_residual/linear/split_seed_43/residual_plot.png,bdf55e6c9ff59abca54f898d91c4e043a4424777d169104cfe877b0d36c9850a,56664
revision_outputs/deep_model_round2_multiseed/patch_unet_residual/linear/split_seed_43/scatter_true_vs_pred.png,dd8fc7bdcbe4cb0e216dd4f945e06b119915ac8f599fcdc66a091178c561162c,56364
revision_outputs/deep_model_round2_multiseed/patch_unet_residual/linear/split_seed_43/split_masks.npz,b323933f7c125c832058aa2565acec87c0366ed7ad0b10fe8efeb214892db378,4960
revision_outputs/deep_model_round2_multiseed/patch_unet_residual/linear/split_seed_43/target_map.npy,1e59eb26cb015535fc837f588d10b6c675b78ad23f6259fdd0725a814f18b221,262272
revision_outputs/deep_model_round2_multiseed/patch_unet_residual/linear/split_seed_43/training_history.csv,211d91d1ecd82281ad169cb1388039d9d53593f556e675e9ee8bb260d0671cb1,1134
revision_outputs/deep_model_round2_multiseed/patch_unet_residual/linear/split_seed_44/binned_error.png,08831ab923d7e3260696de0001d5b9391254c98e1dec7c59ecd26ec6fabf741a,47805
revision_outputs/deep_model_round2_multiseed/patch_unet_residual/linear/split_seed_44/binned_residuals_boxplot.png,c2a939d32c75f3be974f67f4aa2f0ad03fcce2d702fe7105fa7b4ac8c475b1e4,65428
revision_outputs/deep_model_round2_multiseed/patch_unet_residual/linear/split_seed_44/config_snapshot.json,2961bb55a04586e265dba5a15993a00d4e515f4a20fb31f3997649c3d562e5c0,1880
revision_outputs/deep_model_round2_multiseed/patch_unet_residual/linear/split_seed_44/last_input_map.npy,9a48065e98df9bb0200b16e885c5e0f98373d92e1fd0195829a8f8628f9ede66,262272
revision_outputs/deep_model_round2_multiseed/patch_unet_residual/linear/split_seed_44/metrics.csv,f0b895e8ac109cb734e597a054d184bec7ae4202baf0a52cee86b2d6e4cc6cc4,842
revision_outputs/deep_model_round2_multiseed/patch_unet_residual/linear/split_seed_44/metrics.json,48bc90df33bb88bbfcdd69863330c147f5004dbbb5e6d8c14c4e2f2cd7ff8609,1077
revision_outputs/deep_model_round2_multiseed/patch_unet_residual/linear/split_seed_44/patch_norm_stats.json,8719cf800829f6a4a76bbdf0efaa1dedbdfeaaaa8330bbe26da7cf6a4b38b209,157
revision_outputs/deep_model_round2_multiseed/patch_unet_residual/linear/split_seed_44/prediction_map.npy,b1555cb37f7517514619d5b9f4cd33c34c5e75eb0a8e94eb490761960b3e040a,262272
revision_outputs/deep_model_round2_multiseed/patch_unet_residual/linear/split_seed_44/reference_vs_prediction.png,8aacb7a7dced76b3233c7a38a876eab1daaa3bdee644b674a1ab64ef45a42f31,547636
revision_outputs/deep_model_round2_multiseed/patch_unet_residual/linear/split_seed_44/residual_plot.png,69e86f1ae05cf3ced4e7977b867cc74a698e0d5481fedafb549514c347da2cbe,63096
revision_outputs/deep_model_round2_multiseed/patch_unet_residual/linear/split_seed_44/scatter_true_vs_pred.png,05268b33c3ae9debc798540da7365a24f11f8bac20a0718b36f0442f9b328327,56975
revision_outputs/deep_model_round2_multiseed/patch_unet_residual/linear/split_seed_44/split_masks.npz,dc4e472d4ff09f561e1361da6f2d4a7c3bb5470862a13b149e680a480bc8139b,5058
revision_outputs/deep_model_round2_multiseed/patch_unet_residual/linear/split_seed_44/target_map.npy,1e59eb26cb015535fc837f588d10b6c675b78ad23f6259fdd0725a814f18b221,262272
revision_outputs/deep_model_round2_multiseed/patch_unet_residual/linear/split_seed_44/training_history.csv,aadcc4d5bfc6f1d81b5ec589573456a3a9ccb96234665123da769fc983d82b86,1134
revision_outputs/deep_model_round2_multiseed/patch_unet_residual/linear/split_seed_45/binned_error.png,8711ff0a62a7a727625d95dffe90ed2d8f60627309501a24ec7a84f8fa0f8d02,42396
revision_outputs/deep_model_round2_multiseed/patch_unet_residual/linear/split_seed_45/binned_residuals_boxplot.png,a4fe907994af86d68c918b46d385edd9e931f9891bbaa62f0ce94cbf62f6f7b0,69764
revision_outputs/deep_model_round2_multiseed/patch_unet_residual/linear/split_seed_45/config_snapshot.json,6cc37d2f1191bcfbc51aea1ebc2104eceecab9670e27bd65cb247de2e3f3b2c4,1880
revision_outputs/deep_model_round2_multiseed/patch_unet_residual/linear/split_seed_45/last_input_map.npy,9a48065e98df9bb0200b16e885c5e0f98373d92e1fd0195829a8f8628f9ede66,262272
revision_outputs/deep_model_round2_multiseed/patch_unet_residual/linear/split_seed_45/metrics.csv,2d297afc4901ffb3b0412e3dd17c8cc5fc6fbef4f7e49b61a7bc8023e791eade,841
revision_outputs/deep_model_round2_multiseed/patch_unet_residual/linear/split_seed_45/metrics.json,0e37e26e6ffbdd98f7a3b6759d1e75033ef24b060b23dd3be9ff3ea54a3f8b04,1076
revision_outputs/deep_model_round2_multiseed/patch_unet_residual/linear/split_seed_45/patch_norm_stats.json,f21f47fdbefacf363b0c783b30d6af5e009dd773b6062ab0e021573c83ce8a51,158
revision_outputs/deep_model_round2_multiseed/patch_unet_residual/linear/split_seed_45/prediction_map.npy,d567f2b0947d8f44a1d4f0979999002a83204bbeec10cec5dd652fc71641e446,262272
revision_outputs/deep_model_round2_multiseed/patch_unet_residual/linear/split_seed_45/reference_vs_prediction.png,d70ef1790c7bb879b5cb4c895cbe82e1f5f53e7b85d0dc43624f5248331819b7,545418
revision_outputs/deep_model_round2_multiseed/patch_unet_residual/linear/split_seed_45/residual_plot.png,cdc4a7a89580dee450ea990a4b755b918d15cee7b1ac44620558cb33ea2085d1,91917
revision_outputs/deep_model_round2_multiseed/patch_unet_residual/linear/split_seed_45/scatter_true_vs_pred.png,86acb3fff9eedd7c6c83fb476486b30889e34b68ce99b974959a398161541e44,92684
revision_outputs/deep_model_round2_multiseed/patch_unet_residual/linear/split_seed_45/split_masks.npz,9f4427996aac0677942e3dcb92a43587024aa3e8af163de64f4941b1377e52b0,4987
revision_outputs/deep_model_round2_multiseed/patch_unet_residual/linear/split_seed_45/target_map.npy,1e59eb26cb015535fc837f588d10b6c675b78ad23f6259fdd0725a814f18b221,262272
revision_outputs/deep_model_round2_multiseed/patch_unet_residual/linear/split_seed_45/training_history.csv,dcd0de985789d41bccf3a0ed83b03e8f8b943af45ce8b77c8c35984ea41c8296,1191
revision_outputs/deep_model_round2_multiseed/patch_unet_residual/linear/split_seed_46/binned_error.png,4f200673e63b3681cda61733d157aafbf6c6f717bafa2e19e0d5f476f91f677a,34674
revision_outputs/deep_model_round2_multiseed/patch_unet_residual/linear/split_seed_46/binned_residuals_boxplot.png,30701c546249f6cdcb23e42abb3d379391a40f5a5b430f474d67395dbe40ead4,68918
revision_outputs/deep_model_round2_multiseed/patch_unet_residual/linear/split_seed_46/config_snapshot.json,7f9f6c86333f417262a42b327d21740173cfce3434b18e369f6fbece0db6ffb1,1880
revision_outputs/deep_model_round2_multiseed/patch_unet_residual/linear/split_seed_46/last_input_map.npy,9a48065e98df9bb0200b16e885c5e0f98373d92e1fd0195829a8f8628f9ede66,262272
revision_outputs/deep_model_round2_multiseed/patch_unet_residual/linear/split_seed_46/metrics.csv,bbcfec63b1131b973c2b477cabeedcb4d7a817d863af73d6319e9c38a275a77d,839
revision_outputs/deep_model_round2_multiseed/patch_unet_residual/linear/split_seed_46/metrics.json,2588a8a7f0990857c299acfb7e5b610fabf7e169030f6f5c502f3ead35040b05,1074
revision_outputs/deep_model_round2_multiseed/patch_unet_residual/linear/split_seed_46/patch_norm_stats.json,d555a6bc2a6571f46ed203cf8f517aa0772a8b93d12cf23050d9b531fcb227d7,156
revision_outputs/deep_model_round2_multiseed/patch_unet_residual/linear/split_seed_46/prediction_map.npy,a054997f1a0ab5b725b2a39d88c7c9fb70a43bb38047275ab0499b5e0c213072,262272
revision_outputs/deep_model_round2_multiseed/patch_unet_residual/linear/split_seed_46/reference_vs_prediction.png,5bdc48824a80a94833c66b03f85683bc30d0caa1f5d4b0c26e5846781a261bcb,546743
revision_outputs/deep_model_round2_multiseed/patch_unet_residual/linear/split_seed_46/residual_plot.png,05bc078f3adaf332372c8f597090ba81d1e9181e94dc9e060475690e034b0828,67712
revision_outputs/deep_model_round2_multiseed/patch_unet_residual/linear/split_seed_46/scatter_true_vs_pred.png,55ab41af8dc80ea0fca5377e122a386241437ee37d8418269b2a188b9f08252d,62712
revision_outputs/deep_model_round2_multiseed/patch_unet_residual/linear/split_seed_46/split_masks.npz,b147155d168780531b89106b8cff37420d8650cce600f3ae472a5a857fa46329,5022
revision_outputs/deep_model_round2_multiseed/patch_unet_residual/linear/split_seed_46/target_map.npy,1e59eb26cb015535fc837f588d10b6c675b78ad23f6259fdd0725a814f18b221,262272
revision_outputs/deep_model_round2_multiseed/patch_unet_residual/linear/split_seed_46/training_history.csv,1415936c4d6b6ab3f758a437341d3edaa5c7e9a7e03a764d4fbd3f17ddf53964,1052
revision_outputs/deep_model_round2_multiseed/round2_seed_level.csv,819e0130c99b97d07439665b9b6d770dc61914bf6b3702f16168b67dd1570245,4522
revision_outputs/deep_model_round2_multiseed/round2_summary.csv,06159ee60580d5ed30585cf546168499e18836c640b633a6e7d954b82cb8548e,500
revision_outputs/deep_model_round2_multiseed/temporal_channel_cnn/linear/split_seed_42/binned_error.png,08ddfe34ebac045a93a59978a39ffeb5a4fb625b869a2b3642c1c825642e7a9e,39055
revision_outputs/deep_model_round2_multiseed/temporal_channel_cnn/linear/split_seed_42/binned_residuals_boxplot.png,fda76b22877c6028f3913993f16cf3047e734acfc9c8f2629db7cca6aa8138a4,67623
revision_outputs/deep_model_round2_multiseed/temporal_channel_cnn/linear/split_seed_42/config_snapshot.json,f40ef188e048fc37ab5b14ab6a78f0a735bcc67f3ab582ae85f55b0cb7c21332,1880
revision_outputs/deep_model_round2_multiseed/temporal_channel_cnn/linear/split_seed_42/last_input_map.npy,9a48065e98df9bb0200b16e885c5e0f98373d92e1fd0195829a8f8628f9ede66,262272
revision_outputs/deep_model_round2_multiseed/temporal_channel_cnn/linear/split_seed_42/metrics.csv,3364c8301bf43d2cb063b2bd1cf81bc6a499236b350a9b969ae686b0555e1fd0,842
revision_outputs/deep_model_round2_multiseed/temporal_channel_cnn/linear/split_seed_42/metrics.json,8503fbaf087de06f16dab6fbe2bc9ab87ee3773025316da0b28761563463aedf,1077
revision_outputs/deep_model_round2_multiseed/temporal_channel_cnn/linear/split_seed_42/patch_norm_stats.json,c1bba39c5518c7797cc7461f262162ab0848bd89d94938b2f1ea89f5872e4aee,157
revision_outputs/deep_model_round2_multiseed/temporal_channel_cnn/linear/split_seed_42/prediction_map.npy,46f72a379bf83133b154e219e6bcc1ceb3ce33eadcc7f280f1fb85d041980b28,262272
revision_outputs/deep_model_round2_multiseed/temporal_channel_cnn/linear/split_seed_42/reference_vs_prediction.png,1f8acf736cbe42810ba22e4bc06bf5805b88d73a6b162bed805362e06f7f1cd4,544177
revision_outputs/deep_model_round2_multiseed/temporal_channel_cnn/linear/split_seed_42/residual_plot.png,529dd2291a31467449a6d6aa15d3438eaf5bed8db458508ab7cd706663f2a4ed,68365
revision_outputs/deep_model_round2_multiseed/temporal_channel_cnn/linear/split_seed_42/scatter_true_vs_pred.png,7df0e772bbf5e91bdeac82389504e7cd8d9745355f57d1b1228bb973040c92da,59118
revision_outputs/deep_model_round2_multiseed/temporal_channel_cnn/linear/split_seed_42/split_masks.npz,aa87bd7754c73033f6fbca318704cb344d8f8307fb9362cf868f12dc9d85a42e,5093
revision_outputs/deep_model_round2_multiseed/temporal_channel_cnn/linear/split_seed_42/target_map.npy,1e59eb26cb015535fc837f588d10b6c675b78ad23f6259fdd0725a814f18b221,262272
revision_outputs/deep_model_round2_multiseed/temporal_channel_cnn/linear/split_seed_42/training_history.csv,574c975480be0961371845cea00ac5055998c5379f9bb27e6ac3e07fed7060be,1142
revision_outputs/deep_model_round2_multiseed/temporal_channel_cnn/linear/split_seed_43/binned_error.png,130a2609cbf63d2d553dd75e806b38faab0c4abcc2d2eec7bcc9e354ccc297ee,48690
revision_outputs/deep_model_round2_multiseed/temporal_channel_cnn/linear/split_seed_43/binned_residuals_boxplot.png,03107aa2ad0a8949c706b3b8fabe36cbbea8b4aa87a6e54ab391013e68edd815,62969
revision_outputs/deep_model_round2_multiseed/temporal_channel_cnn/linear/split_seed_43/config_snapshot.json,a1906769c620eca72f9499200871a125a5ba6edf8e254b246d3be2df2a58fbe1,1880
revision_outputs/deep_model_round2_multiseed/temporal_channel_cnn/linear/split_seed_43/last_input_map.npy,9a48065e98df9bb0200b16e885c5e0f98373d92e1fd0195829a8f8628f9ede66,262272
revision_outputs/deep_model_round2_multiseed/temporal_channel_cnn/linear/split_seed_43/metrics.csv,077034e77e93c4baec8b7e39023ed03bdf7c2eccf42796d5fb6bed53cd01a996,842
revision_outputs/deep_model_round2_multiseed/temporal_channel_cnn/linear/split_seed_43/metrics.json,8b68df87009bbfb7948c83e97adb1a10ecdae5dfc70d5bd1d08df928fd7ec59b,1077
revision_outputs/deep_model_round2_multiseed/temporal_channel_cnn/linear/split_seed_43/patch_norm_stats.json,568c01471381cf10f4b566e21ee1fa863283d3efca69daffb818af6b11ba730c,157
revision_outputs/deep_model_round2_multiseed/temporal_channel_cnn/linear/split_seed_43/prediction_map.npy,5ef5f68caef845d8493ab51035982e0e28b457c704f7bd0baf356f19f4433c46,262272
revision_outputs/deep_model_round2_multiseed/temporal_channel_cnn/linear/split_seed_43/reference_vs_prediction.png,b51c6c0e85cdf9a52d87d51f925a378c7592b39b7e79d6f37f573c978d187a9d,546143
revision_outputs/deep_model_round2_multiseed/temporal_channel_cnn/linear/split_seed_43/residual_plot.png,2675e7e525198024a220215bc92bcab35a3b45ae0f3409a0e77c247b9f840855,56632
revision_outputs/deep_model_round2_multiseed/temporal_channel_cnn/linear/split_seed_43/scatter_true_vs_pred.png,ff06fcd522186c82e89dd3b1272f2a5c4752460e8aa5d09624a4d932fdcfe38a,56454
revision_outputs/deep_model_round2_multiseed/temporal_channel_cnn/linear/split_seed_43/split_masks.npz,b323933f7c125c832058aa2565acec87c0366ed7ad0b10fe8efeb214892db378,4960
revision_outputs/deep_model_round2_multiseed/temporal_channel_cnn/linear/split_seed_43/target_map.npy,1e59eb26cb015535fc837f588d10b6c675b78ad23f6259fdd0725a814f18b221,262272
revision_outputs/deep_model_round2_multiseed/temporal_channel_cnn/linear/split_seed_43/training_history.csv,af479a246e9b37cb03e3db863dc31d7c2f3d026e5ca96f66fbf7293f56c08624,1060
revision_outputs/deep_model_round2_multiseed/temporal_channel_cnn/linear/split_seed_44/binned_error.png,52210f15985fbad3c3678fd8c39cc43123af6d6b749a1b2e93360dd2a94eafe3,40634
revision_outputs/deep_model_round2_multiseed/temporal_channel_cnn/linear/split_seed_44/binned_residuals_boxplot.png,1d337b64282b995c5aaee587493623d66c3539cafaaaef4099b6e6030773adfc,64010
revision_outputs/deep_model_round2_multiseed/temporal_channel_cnn/linear/split_seed_44/config_snapshot.json,2961bb55a04586e265dba5a15993a00d4e515f4a20fb31f3997649c3d562e5c0,1880
revision_outputs/deep_model_round2_multiseed/temporal_channel_cnn/linear/split_seed_44/last_input_map.npy,9a48065e98df9bb0200b16e885c5e0f98373d92e1fd0195829a8f8628f9ede66,262272
revision_outputs/deep_model_round2_multiseed/temporal_channel_cnn/linear/split_seed_44/metrics.csv,cfd546e73c3246144da0432aed61ba3ab9ce8105b60f8b27b5ef42f8c4bd62f4,840
revision_outputs/deep_model_round2_multiseed/temporal_channel_cnn/linear/split_seed_44/metrics.json,d64ffe686d49bd9ae698338f90e7f5feabbcc1841c87d3e037e69c72b09a80b3,1075
revision_outputs/deep_model_round2_multiseed/temporal_channel_cnn/linear/split_seed_44/patch_norm_stats.json,8719cf800829f6a4a76bbdf0efaa1dedbdfeaaaa8330bbe26da7cf6a4b38b209,157
revision_outputs/deep_model_round2_multiseed/temporal_channel_cnn/linear/split_seed_44/prediction_map.npy,73670dbee421a25f54e1fcb11aea4148b6d7dda5702cd944b7076a48e2992696,262272
revision_outputs/deep_model_round2_multiseed/temporal_channel_cnn/linear/split_seed_44/reference_vs_prediction.png,f23f63886b3c2755fa0fd8f9f3e21aab7d959d2f34e4007c3e401ee178333160,545693
revision_outputs/deep_model_round2_multiseed/temporal_channel_cnn/linear/split_seed_44/residual_plot.png,935c006a28de91d8313ff9ad17d5a1ded381f39a5a0253d02ede863604e88241,62883
revision_outputs/deep_model_round2_multiseed/temporal_channel_cnn/linear/split_seed_44/scatter_true_vs_pred.png,6c27d538293db9196d6aad5ae9d2adb0d2b417cfa7e117c774a1d6f9d8179931,55649
revision_outputs/deep_model_round2_multiseed/temporal_channel_cnn/linear/split_seed_44/split_masks.npz,dc4e472d4ff09f561e1361da6f2d4a7c3bb5470862a13b149e680a480bc8139b,5058
revision_outputs/deep_model_round2_multiseed/temporal_channel_cnn/linear/split_seed_44/target_map.npy,1e59eb26cb015535fc837f588d10b6c675b78ad23f6259fdd0725a814f18b221,262272
revision_outputs/deep_model_round2_multiseed/temporal_channel_cnn/linear/split_seed_44/training_history.csv,04f4be3013a4322d3fe3fb3a8463021d198c02768b6bc2c9ad349f94d71a42ad,1049
revision_outputs/deep_model_round2_multiseed/temporal_channel_cnn/linear/split_seed_45/binned_error.png,f41e6deeb24ba9877dd73af28b994cd92ebddd54c9caed1b2a00c6ba480353af,39584
revision_outputs/deep_model_round2_multiseed/temporal_channel_cnn/linear/split_seed_45/binned_residuals_boxplot.png,33d89f96feb60018142723b660f4a1fe8c9cfca0e026cde94dc4d0cf7ac5ef81,72308
revision_outputs/deep_model_round2_multiseed/temporal_channel_cnn/linear/split_seed_45/config_snapshot.json,6cc37d2f1191bcfbc51aea1ebc2104eceecab9670e27bd65cb247de2e3f3b2c4,1880
revision_outputs/deep_model_round2_multiseed/temporal_channel_cnn/linear/split_seed_45/last_input_map.npy,9a48065e98df9bb0200b16e885c5e0f98373d92e1fd0195829a8f8628f9ede66,262272
revision_outputs/deep_model_round2_multiseed/temporal_channel_cnn/linear/split_seed_45/metrics.csv,4ce83f131ee57815bd6d109dcad416f40cf915a2f11d2368cd3c53d9f6e5349a,841
revision_outputs/deep_model_round2_multiseed/temporal_channel_cnn/linear/split_seed_45/metrics.json,3d6dad95d1feadf2f95c88ac719ba117410e15f9cd73668173ef68171950e0c0,1076
revision_outputs/deep_model_round2_multiseed/temporal_channel_cnn/linear/split_seed_45/patch_norm_stats.json,f21f47fdbefacf363b0c783b30d6af5e009dd773b6062ab0e021573c83ce8a51,158
revision_outputs/deep_model_round2_multiseed/temporal_channel_cnn/linear/split_seed_45/prediction_map.npy,ea812e04c0f0157b243bfb3a4d075ec1bf4abff7a6403f36f357ac7d8630874c,262272
revision_outputs/deep_model_round2_multiseed/temporal_channel_cnn/linear/split_seed_45/reference_vs_prediction.png,8b0469739960f78b3f67ae0c1e38bcb57d6f23820a54ddcae6b357e7fdcdec7c,544718
revision_outputs/deep_model_round2_multiseed/temporal_channel_cnn/linear/split_seed_45/residual_plot.png,dd50aadb12e8dbffad5f5576eef0b0a57fab82083282acc6f84d208cc3b67a31,92012
revision_outputs/deep_model_round2_multiseed/temporal_channel_cnn/linear/split_seed_45/scatter_true_vs_pred.png,8fcc76c96635afd3f3ed3a7a5a618cd5fae07a7d56b1dffe6b88daac06579437,93694
revision_outputs/deep_model_round2_multiseed/temporal_channel_cnn/linear/split_seed_45/split_masks.npz,9f4427996aac0677942e3dcb92a43587024aa3e8af163de64f4941b1377e52b0,4987
revision_outputs/deep_model_round2_multiseed/temporal_channel_cnn/linear/split_seed_45/target_map.npy,1e59eb26cb015535fc837f588d10b6c675b78ad23f6259fdd0725a814f18b221,262272
revision_outputs/deep_model_round2_multiseed/temporal_channel_cnn/linear/split_seed_45/training_history.csv,96ede7c48fb5bc082c87482d1e6381a4364c8bc1190fe66c31a5acb5d7e50818,1319
revision_outputs/deep_model_round2_multiseed/temporal_channel_cnn/linear/split_seed_46/binned_error.png,c157116d687ba5e2b8ad2887074ca11b8ddb27b1daacffae172b45cfd49ad8ee,36063
revision_outputs/deep_model_round2_multiseed/temporal_channel_cnn/linear/split_seed_46/binned_residuals_boxplot.png,ec92c5de878f312ffb4cb091290cd8a640d2776c9a361f9f7c7f25d647b0d188,66431
revision_outputs/deep_model_round2_multiseed/temporal_channel_cnn/linear/split_seed_46/config_snapshot.json,7f9f6c86333f417262a42b327d21740173cfce3434b18e369f6fbece0db6ffb1,1880
revision_outputs/deep_model_round2_multiseed/temporal_channel_cnn/linear/split_seed_46/last_input_map.npy,9a48065e98df9bb0200b16e885c5e0f98373d92e1fd0195829a8f8628f9ede66,262272
revision_outputs/deep_model_round2_multiseed/temporal_channel_cnn/linear/split_seed_46/metrics.csv,6e71c01f2abb0883b0057b82e86d45fc3a8a7ff55bf6a48de9de3220af2de6da,839
revision_outputs/deep_model_round2_multiseed/temporal_channel_cnn/linear/split_seed_46/metrics.json,f060af05074d74db0917feeea4ce556e6efcf14d4c61b2555e2ddc3996677414,1074
revision_outputs/deep_model_round2_multiseed/temporal_channel_cnn/linear/split_seed_46/patch_norm_stats.json,d555a6bc2a6571f46ed203cf8f517aa0772a8b93d12cf23050d9b531fcb227d7,156
revision_outputs/deep_model_round2_multiseed/temporal_channel_cnn/linear/split_seed_46/prediction_map.npy,a44072f6230bde7c7f5f56f1696a1ff23dab3e93e7ca4c1430fd05c8495ed3e7,262272
revision_outputs/deep_model_round2_multiseed/temporal_channel_cnn/linear/split_seed_46/reference_vs_prediction.png,9d5f5fcdb7d09abbdb0bfd0fcbef4b23af9eed4edac4fdc2257a99602a77ce27,549346
revision_outputs/deep_model_round2_multiseed/temporal_channel_cnn/linear/split_seed_46/residual_plot.png,19e904d3cd939bea1bcb4c57fdfa64f0fb3ecb90f5f4be39d83e0fb0571a887b,70320
revision_outputs/deep_model_round2_multiseed/temporal_channel_cnn/linear/split_seed_46/scatter_true_vs_pred.png,a541289b113e6bd8fd663e0f4ac7a3a4b4403edb004765bdef570f52c26db3d1,63308
revision_outputs/deep_model_round2_multiseed/temporal_channel_cnn/linear/split_seed_46/split_masks.npz,b147155d168780531b89106b8cff37420d8650cce600f3ae472a5a857fa46329,5022
revision_outputs/deep_model_round2_multiseed/temporal_channel_cnn/linear/split_seed_46/target_map.npy,1e59eb26cb015535fc837f588d10b6c675b78ad23f6259fdd0725a814f18b221,262272
revision_outputs/deep_model_round2_multiseed/temporal_channel_cnn/linear/split_seed_46/training_history.csv,908db658cd5262d850dff80ed329f07d7bda5c41f3cbdeaf6eb5f31ddf03b32b,964
revision_outputs/deep_model_round2_multiseed/temporal_linear_hybrid/linear/split_seed_42/binned_error.png,b499ac06ae9f03dab7918789a7015e23a426d9b07d59163f0656e83339e3563e,38185
revision_outputs/deep_model_round2_multiseed/temporal_linear_hybrid/linear/split_seed_42/binned_residuals_boxplot.png,d38ff73a52f56934e042a205af8811f6de4f58af88187797312d203e2f957e28,69352
revision_outputs/deep_model_round2_multiseed/temporal_linear_hybrid/linear/split_seed_42/config_snapshot.json,f40ef188e048fc37ab5b14ab6a78f0a735bcc67f3ab582ae85f55b0cb7c21332,1880
revision_outputs/deep_model_round2_multiseed/temporal_linear_hybrid/linear/split_seed_42/last_input_map.npy,9a48065e98df9bb0200b16e885c5e0f98373d92e1fd0195829a8f8628f9ede66,262272
revision_outputs/deep_model_round2_multiseed/temporal_linear_hybrid/linear/split_seed_42/metrics.csv,116ecf50909c80d0cbb2d820513899132668d38c185155868d9963513ebd8f1e,846
revision_outputs/deep_model_round2_multiseed/temporal_linear_hybrid/linear/split_seed_42/metrics.json,03275cd07808d5a7dc2a46af2d8c52225725e7c37bf06187a2accd3fc93617ba,1081
revision_outputs/deep_model_round2_multiseed/temporal_linear_hybrid/linear/split_seed_42/patch_norm_stats.json,c1bba39c5518c7797cc7461f262162ab0848bd89d94938b2f1ea89f5872e4aee,157
revision_outputs/deep_model_round2_multiseed/temporal_linear_hybrid/linear/split_seed_42/prediction_map.npy,bd72bbeee12d416eaed06910a523dd661ed46af8e3941df85a38722925c0df21,262272
revision_outputs/deep_model_round2_multiseed/temporal_linear_hybrid/linear/split_seed_42/reference_vs_prediction.png,189f6ca3b45ce6cdad3e21398428d858ba70ed167e858dd4cdeaacc30e817195,545983
revision_outputs/deep_model_round2_multiseed/temporal_linear_hybrid/linear/split_seed_42/residual_plot.png,5e0f78144e738f12a6ff83cd84f54a66fef9e8476f687a084bfdd38870106083,68441
revision_outputs/deep_model_round2_multiseed/temporal_linear_hybrid/linear/split_seed_42/scatter_true_vs_pred.png,b8362afc7a50606264f4eefd5115a88d52b11c295db32bb0dab21e88c4577e61,59266
revision_outputs/deep_model_round2_multiseed/temporal_linear_hybrid/linear/split_seed_42/split_masks.npz,aa87bd7754c73033f6fbca318704cb344d8f8307fb9362cf868f12dc9d85a42e,5093
revision_outputs/deep_model_round2_multiseed/temporal_linear_hybrid/linear/split_seed_42/target_map.npy,1e59eb26cb015535fc837f588d10b6c675b78ad23f6259fdd0725a814f18b221,262272
revision_outputs/deep_model_round2_multiseed/temporal_linear_hybrid/linear/split_seed_42/training_history.csv,1a9e09c92af2a2f07e51e3cc2b1e374b7961e74e317e7b618db74e651c54d2ad,1541
revision_outputs/deep_model_round2_multiseed/temporal_linear_hybrid/linear/split_seed_43/binned_error.png,66eed34fca45aebd02e96aee2f52257e7b341cca419a9890c70522c7d62a6280,45394
revision_outputs/deep_model_round2_multiseed/temporal_linear_hybrid/linear/split_seed_43/binned_residuals_boxplot.png,33d65ea6cd8a0e9cf1ade8e0fe082ae828ecbf53fa0ebffed68c5c705684e965,61306
revision_outputs/deep_model_round2_multiseed/temporal_linear_hybrid/linear/split_seed_43/config_snapshot.json,a1906769c620eca72f9499200871a125a5ba6edf8e254b246d3be2df2a58fbe1,1880
revision_outputs/deep_model_round2_multiseed/temporal_linear_hybrid/linear/split_seed_43/last_input_map.npy,9a48065e98df9bb0200b16e885c5e0f98373d92e1fd0195829a8f8628f9ede66,262272
revision_outputs/deep_model_round2_multiseed/temporal_linear_hybrid/linear/split_seed_43/metrics.csv,b5154d1d98b2f463741d03ce22e6108b8ab62487de93def5e565ce195a4031e6,846
revision_outputs/deep_model_round2_multiseed/temporal_linear_hybrid/linear/split_seed_43/metrics.json,90f3c3899084aaf0fad2e5473f561f7fd09d350256b6aea848b09b8b9595c5d0,1081
revision_outputs/deep_model_round2_multiseed/temporal_linear_hybrid/linear/split_seed_43/patch_norm_stats.json,568c01471381cf10f4b566e21ee1fa863283d3efca69daffb818af6b11ba730c,157
revision_outputs/deep_model_round2_multiseed/temporal_linear_hybrid/linear/split_seed_43/prediction_map.npy,8653b25dc93a83ca3584be5fb11f030af672b65ed9c903fe790cddc738c341c7,262272
revision_outputs/deep_model_round2_multiseed/temporal_linear_hybrid/linear/split_seed_43/reference_vs_prediction.png,c3007171b85b834dcd33b40ecc6d7b7ebc8264d99ecd038e5aaaf7a2eaa63e2b,546987
revision_outputs/deep_model_round2_multiseed/temporal_linear_hybrid/linear/split_seed_43/residual_plot.png,98cb1f13bc96b75a3e874108579abfae80c86860f4cf34d8fac69425f358624d,56270
revision_outputs/deep_model_round2_multiseed/temporal_linear_hybrid/linear/split_seed_43/scatter_true_vs_pred.png,eebd0a5f2757365499c6778773a9e0f0cba3e1682f019299248239cbfb3310fd,56310
revision_outputs/deep_model_round2_multiseed/temporal_linear_hybrid/linear/split_seed_43/split_masks.npz,b323933f7c125c832058aa2565acec87c0366ed7ad0b10fe8efeb214892db378,4960
revision_outputs/deep_model_round2_multiseed/temporal_linear_hybrid/linear/split_seed_43/target_map.npy,1e59eb26cb015535fc837f588d10b6c675b78ad23f6259fdd0725a814f18b221,262272
revision_outputs/deep_model_round2_multiseed/temporal_linear_hybrid/linear/split_seed_43/training_history.csv,fc22fedf92a0e45f9f91c9c7428c62cf6427e8265092975414a200511cb20605,1369
revision_outputs/deep_model_round2_multiseed/temporal_linear_hybrid/linear/split_seed_44/binned_error.png,badb0b809f8372e3cb1bf3cd30a4cc137f55381c028002b92f2af6e3376b951f,42113
revision_outputs/deep_model_round2_multiseed/temporal_linear_hybrid/linear/split_seed_44/binned_residuals_boxplot.png,7c73fc0ec6c441d31fc95243c57947596eb7f531708ca84775f35a75790a53f8,65282
revision_outputs/deep_model_round2_multiseed/temporal_linear_hybrid/linear/split_seed_44/config_snapshot.json,2961bb55a04586e265dba5a15993a00d4e515f4a20fb31f3997649c3d562e5c0,1880
revision_outputs/deep_model_round2_multiseed/temporal_linear_hybrid/linear/split_seed_44/last_input_map.npy,9a48065e98df9bb0200b16e885c5e0f98373d92e1fd0195829a8f8628f9ede66,262272
revision_outputs/deep_model_round2_multiseed/temporal_linear_hybrid/linear/split_seed_44/metrics.csv,75854187cef64ac6f7802b07235122bcb1f1966f8910f20e98a654ccea0d81bf,845
revision_outputs/deep_model_round2_multiseed/temporal_linear_hybrid/linear/split_seed_44/metrics.json,188c9acc0f2440ea2a46f0f0954e52ad4fe630f49b68967097dc35fa547d5654,1080
revision_outputs/deep_model_round2_multiseed/temporal_linear_hybrid/linear/split_seed_44/patch_norm_stats.json,8719cf800829f6a4a76bbdf0efaa1dedbdfeaaaa8330bbe26da7cf6a4b38b209,157
revision_outputs/deep_model_round2_multiseed/temporal_linear_hybrid/linear/split_seed_44/prediction_map.npy,2b87bbd74e523671c536f444dc14936efdd2a4a99da50579a8a690b7b86fcff3,262272
revision_outputs/deep_model_round2_multiseed/temporal_linear_hybrid/linear/split_seed_44/reference_vs_prediction.png,befa528df14c508f6bdbc63c5ca32f35593c61b46a82e68932293892ee336abb,545401
revision_outputs/deep_model_round2_multiseed/temporal_linear_hybrid/linear/split_seed_44/residual_plot.png,0d9784027663fc4b095495be8670bd9ea06c3474b811444b6003fa487c306655,63144
revision_outputs/deep_model_round2_multiseed/temporal_linear_hybrid/linear/split_seed_44/scatter_true_vs_pred.png,05033f8801f86565333ad9c18e60afb6bbe2d31ebc19066183b7469ad6ec5098,55285
revision_outputs/deep_model_round2_multiseed/temporal_linear_hybrid/linear/split_seed_44/split_masks.npz,dc4e472d4ff09f561e1361da6f2d4a7c3bb5470862a13b149e680a480bc8139b,5058
revision_outputs/deep_model_round2_multiseed/temporal_linear_hybrid/linear/split_seed_44/target_map.npy,1e59eb26cb015535fc837f588d10b6c675b78ad23f6259fdd0725a814f18b221,262272
revision_outputs/deep_model_round2_multiseed/temporal_linear_hybrid/linear/split_seed_44/training_history.csv,9a15110d7694b9214da5c15ebc54397b0e5e8daf50d73c77b31dd8086446915a,1369
revision_outputs/deep_model_round2_multiseed/temporal_linear_hybrid/linear/split_seed_45/binned_error.png,c1458a35fb6f8c571467c9dd59071f32957148655cc8f1224c1f7416f6b3c122,38797
revision_outputs/deep_model_round2_multiseed/temporal_linear_hybrid/linear/split_seed_45/binned_residuals_boxplot.png,535f51dac04f74b607fc89fcebcb39f07a42335d8d84e9d71b5734af105afda0,64627
revision_outputs/deep_model_round2_multiseed/temporal_linear_hybrid/linear/split_seed_45/config_snapshot.json,6cc37d2f1191bcfbc51aea1ebc2104eceecab9670e27bd65cb247de2e3f3b2c4,1880
revision_outputs/deep_model_round2_multiseed/temporal_linear_hybrid/linear/split_seed_45/last_input_map.npy,9a48065e98df9bb0200b16e885c5e0f98373d92e1fd0195829a8f8628f9ede66,262272
revision_outputs/deep_model_round2_multiseed/temporal_linear_hybrid/linear/split_seed_45/metrics.csv,d1ec47e9fc13258396c47f1b4b91114ae826b4dfc8bef3dc75d020f5e0f90d0f,845
revision_outputs/deep_model_round2_multiseed/temporal_linear_hybrid/linear/split_seed_45/metrics.json,c2a10c440c20b75a380a5dc4e43db1d6cdd99b175fca7a917977730620cdf008,1080
revision_outputs/deep_model_round2_multiseed/temporal_linear_hybrid/linear/split_seed_45/patch_norm_stats.json,f21f47fdbefacf363b0c783b30d6af5e009dd773b6062ab0e021573c83ce8a51,158
revision_outputs/deep_model_round2_multiseed/temporal_linear_hybrid/linear/split_seed_45/prediction_map.npy,b20bc9e012d8d86a2b7324349aa48267d9323ee2b9cba7bf9f21318e07b547a5,262272
revision_outputs/deep_model_round2_multiseed/temporal_linear_hybrid/linear/split_seed_45/reference_vs_prediction.png,d37f6b8f73c2e858f7840f73c2c246e7ed8e4971124078db1345698e4718beb9,547238
revision_outputs/deep_model_round2_multiseed/temporal_linear_hybrid/linear/split_seed_45/residual_plot.png,2ef0d20bb685adcfe78dbbde144ae22a48f9da488b9b890cb7e545aa1b081f33,86192
revision_outputs/deep_model_round2_multiseed/temporal_linear_hybrid/linear/split_seed_45/scatter_true_vs_pred.png,fe1e3b0ebc5f8ed4ec335ede655196067656e10f7572918d32e7a8f27a17951c,92262
revision_outputs/deep_model_round2_multiseed/temporal_linear_hybrid/linear/split_seed_45/split_masks.npz,9f4427996aac0677942e3dcb92a43587024aa3e8af163de64f4941b1377e52b0,4987
revision_outputs/deep_model_round2_multiseed/temporal_linear_hybrid/linear/split_seed_45/target_map.npy,1e59eb26cb015535fc837f588d10b6c675b78ad23f6259fdd0725a814f18b221,262272
revision_outputs/deep_model_round2_multiseed/temporal_linear_hybrid/linear/split_seed_45/training_history.csv,bb6c1ffba2d7d72a62839cd59d62e4d8a0fff548fae9455655015ffdb7159a1a,1278
revision_outputs/deep_model_round2_multiseed/temporal_linear_hybrid/linear/split_seed_46/binned_error.png,82fecd27a8d63dc823b6917f5f0a29f692d4209cb01c812f2f61187f68ab4c86,34932
revision_outputs/deep_model_round2_multiseed/temporal_linear_hybrid/linear/split_seed_46/binned_residuals_boxplot.png,131e366ecd0b720de6d3ade273ca95d1987bd72bd532cdc19293d1053ddde441,69059
revision_outputs/deep_model_round2_multiseed/temporal_linear_hybrid/linear/split_seed_46/config_snapshot.json,7f9f6c86333f417262a42b327d21740173cfce3434b18e369f6fbece0db6ffb1,1880
revision_outputs/deep_model_round2_multiseed/temporal_linear_hybrid/linear/split_seed_46/last_input_map.npy,9a48065e98df9bb0200b16e885c5e0f98373d92e1fd0195829a8f8628f9ede66,262272
revision_outputs/deep_model_round2_multiseed/temporal_linear_hybrid/linear/split_seed_46/metrics.csv,7379915868817a210540b54e574c61b51d658cc5bdabb90c2342f61196830f77,843
revision_outputs/deep_model_round2_multiseed/temporal_linear_hybrid/linear/split_seed_46/metrics.json,fb64b8d0ab37631966bbea77c0c4011364e828789edeb528aae0b482758500d4,1078
revision_outputs/deep_model_round2_multiseed/temporal_linear_hybrid/linear/split_seed_46/patch_norm_stats.json,d555a6bc2a6571f46ed203cf8f517aa0772a8b93d12cf23050d9b531fcb227d7,156
revision_outputs/deep_model_round2_multiseed/temporal_linear_hybrid/linear/split_seed_46/prediction_map.npy,cfc2d52a7ea4b67dbaa322f894ee8e8ac7dca6f9790f1adb0696596f8d40ef78,262272
revision_outputs/deep_model_round2_multiseed/temporal_linear_hybrid/linear/split_seed_46/reference_vs_prediction.png,f336a2bee9f74c8a1572525fef4e6b2dd8c91445b30634b99eae6682f1dc803e,548685
revision_outputs/deep_model_round2_multiseed/temporal_linear_hybrid/linear/split_seed_46/residual_plot.png,50f4cfaf2291fc4c16261a71ece65ab663a8987a9c8f08c739863f216ce49661,68984
revision_outputs/deep_model_round2_multiseed/temporal_linear_hybrid/linear/split_seed_46/scatter_true_vs_pred.png,77cf57b342946a05c8421811ba067d8a75a8ca21c24ca9dd7b7f012432167b0b,63017
revision_outputs/deep_model_round2_multiseed/temporal_linear_hybrid/linear/split_seed_46/split_masks.npz,b147155d168780531b89106b8cff37420d8650cce600f3ae472a5a857fa46329,5022
revision_outputs/deep_model_round2_multiseed/temporal_linear_hybrid/linear/split_seed_46/target_map.npy,1e59eb26cb015535fc837f588d10b6c675b78ad23f6259fdd0725a814f18b221,262272
revision_outputs/deep_model_round2_multiseed/temporal_linear_hybrid/linear/split_seed_46/training_history.csv,3548ff42eee7795d4bb376d481bad555d1753a514a1a5ad31c13cd3264bbd654,1045
revision_outputs/nontransformer_round3_cnnlstm_3seed/cnn_lstm_hybrid/linear/split_seed_42/binned_error.png,42349539bdbb4ad527500a4156c971c22a87f6d1226f9070b57a2e7b20a61561,38168
revision_outputs/nontransformer_round3_cnnlstm_3seed/cnn_lstm_hybrid/linear/split_seed_42/binned_residuals_boxplot.png,112b81f796cc8b456c5e7c54c4a04ef94c93a250300a50627c93125f739adc56,64202
revision_outputs/nontransformer_round3_cnnlstm_3seed/cnn_lstm_hybrid/linear/split_seed_42/config_snapshot.json,e7ef0eef2ac88601cb1bea51043b9a8e7e0255958e0158c190d768c4bd17b711,2156
revision_outputs/nontransformer_round3_cnnlstm_3seed/cnn_lstm_hybrid/linear/split_seed_42/last_input_map.npy,9a48065e98df9bb0200b16e885c5e0f98373d92e1fd0195829a8f8628f9ede66,262272
revision_outputs/nontransformer_round3_cnnlstm_3seed/cnn_lstm_hybrid/linear/split_seed_42/metrics.csv,39deb5f05a6a5e47c2d99f29a47e015d785d4a26512aee0eb83b348225e8d68b,894
revision_outputs/nontransformer_round3_cnnlstm_3seed/cnn_lstm_hybrid/linear/split_seed_42/metrics.json,5ee22acacb0f85c9de2d3058be91f232e80e814ec88f8f0ab4eaaab625b96020,1143
revision_outputs/nontransformer_round3_cnnlstm_3seed/cnn_lstm_hybrid/linear/split_seed_42/patch_norm_stats.json,c1bba39c5518c7797cc7461f262162ab0848bd89d94938b2f1ea89f5872e4aee,157
revision_outputs/nontransformer_round3_cnnlstm_3seed/cnn_lstm_hybrid/linear/split_seed_42/prediction_map.npy,5030a09906105bd5727c7ff3eec5c61391d29e84c892912dc08a958f125809c5,262272
revision_outputs/nontransformer_round3_cnnlstm_3seed/cnn_lstm_hybrid/linear/split_seed_42/reference_vs_prediction.png,f5795f51427fe75178b2e67bc946312e54da8d2c7196a765981b0043fce9bbea,544897
revision_outputs/nontransformer_round3_cnnlstm_3seed/cnn_lstm_hybrid/linear/split_seed_42/residual_plot.png,37046bbe1021e8f2e28d2470f5ea845d1137f4c92ef4ada2b64bfe7a37cb348d,66226
revision_outputs/nontransformer_round3_cnnlstm_3seed/cnn_lstm_hybrid/linear/split_seed_42/scatter_true_vs_pred.png,fbb65e15137ddde44c34c4f8bfa41e76250979896f83dd0032510b2ff21f5953,57936
revision_outputs/nontransformer_round3_cnnlstm_3seed/cnn_lstm_hybrid/linear/split_seed_42/split_masks.npz,aa87bd7754c73033f6fbca318704cb344d8f8307fb9362cf868f12dc9d85a42e,5093
revision_outputs/nontransformer_round3_cnnlstm_3seed/cnn_lstm_hybrid/linear/split_seed_42/target_map.npy,1e59eb26cb015535fc837f588d10b6c675b78ad23f6259fdd0725a814f18b221,262272
revision_outputs/nontransformer_round3_cnnlstm_3seed/cnn_lstm_hybrid/linear/split_seed_42/training_history.csv,dbc0c0bff7fda7a2d936bf379b9d0edfcefee246ec756c2ef35640853f3aa8bd,2710
revision_outputs/nontransformer_round3_cnnlstm_3seed/cnn_lstm_hybrid/linear/split_seed_43/binned_error.png,e16cb1a4a43c038cb0db73807791836bfb1efc12e65082199abe743cec72b707,49867
revision_outputs/nontransformer_round3_cnnlstm_3seed/cnn_lstm_hybrid/linear/split_seed_43/binned_residuals_boxplot.png,d10487b6b66d401ca6af90e1378f7f86b0df0cd04454402b2b06611824304a48,59731
revision_outputs/nontransformer_round3_cnnlstm_3seed/cnn_lstm_hybrid/linear/split_seed_43/config_snapshot.json,940c0b3bd0cb1cca90b64d1888aca9fcb6945cdfda0a4d01b2def992b9c7236f,2156
revision_outputs/nontransformer_round3_cnnlstm_3seed/cnn_lstm_hybrid/linear/split_seed_43/last_input_map.npy,9a48065e98df9bb0200b16e885c5e0f98373d92e1fd0195829a8f8628f9ede66,262272
revision_outputs/nontransformer_round3_cnnlstm_3seed/cnn_lstm_hybrid/linear/split_seed_43/metrics.csv,b2771c53dac6d8bed8e9633de6f7c9946df8e569aa32c3ef113c4d09a2ea1ec4,894
revision_outputs/nontransformer_round3_cnnlstm_3seed/cnn_lstm_hybrid/linear/split_seed_43/metrics.json,75d80aa7e46019cac5e7c77097daf6b9001dded43d38e64f6028f82dda33d2b5,1143
revision_outputs/nontransformer_round3_cnnlstm_3seed/cnn_lstm_hybrid/linear/split_seed_43/patch_norm_stats.json,568c01471381cf10f4b566e21ee1fa863283d3efca69daffb818af6b11ba730c,157
revision_outputs/nontransformer_round3_cnnlstm_3seed/cnn_lstm_hybrid/linear/split_seed_43/prediction_map.npy,aecd5a71ea467e2b246e4ec250919713e2b988400724bbfcc7d6a4778f1fa929,262272
revision_outputs/nontransformer_round3_cnnlstm_3seed/cnn_lstm_hybrid/linear/split_seed_43/reference_vs_prediction.png,fe4b74bdab927228d8264dec5b9bea5d2f2522be0bf42995d7d4415f8f75decb,545625
revision_outputs/nontransformer_round3_cnnlstm_3seed/cnn_lstm_hybrid/linear/split_seed_43/residual_plot.png,d24751d213188bf61d453e6658ea30b60eaad9576ded6417b3091b583e9e755d,56926
revision_outputs/nontransformer_round3_cnnlstm_3seed/cnn_lstm_hybrid/linear/split_seed_43/scatter_true_vs_pred.png,6a5ec48005358213f14e4cf9eb43949ce7d38b2d67788d6e07b7ed217bb26807,55110
revision_outputs/nontransformer_round3_cnnlstm_3seed/cnn_lstm_hybrid/linear/split_seed_43/split_masks.npz,b323933f7c125c832058aa2565acec87c0366ed7ad0b10fe8efeb214892db378,4960
revision_outputs/nontransformer_round3_cnnlstm_3seed/cnn_lstm_hybrid/linear/split_seed_43/target_map.npy,1e59eb26cb015535fc837f588d10b6c675b78ad23f6259fdd0725a814f18b221,262272
revision_outputs/nontransformer_round3_cnnlstm_3seed/cnn_lstm_hybrid/linear/split_seed_43/training_history.csv,5743df83a7f0d861908fa5eb722de3d9b88045bc19dae77551a7fb250c1978d1,2710
revision_outputs/nontransformer_round3_cnnlstm_3seed/cnn_lstm_hybrid/linear/split_seed_44/binned_error.png,969806f8cb326876421f6b1d5804102fbaa49f2a4b93377d39c18b5b63794e40,51103
revision_outputs/nontransformer_round3_cnnlstm_3seed/cnn_lstm_hybrid/linear/split_seed_44/binned_residuals_boxplot.png,7cfeac6998d9ea910c1fb9cd710a645a8621a2cb15cb3f0dc9f82e72c89daaa7,63848
revision_outputs/nontransformer_round3_cnnlstm_3seed/cnn_lstm_hybrid/linear/split_seed_44/config_snapshot.json,64d41074531763c6c708d823b230d9e0f0e939f7cafd8e08587abafe5b1e8e5f,2156
revision_outputs/nontransformer_round3_cnnlstm_3seed/cnn_lstm_hybrid/linear/split_seed_44/last_input_map.npy,9a48065e98df9bb0200b16e885c5e0f98373d92e1fd0195829a8f8628f9ede66,262272
revision_outputs/nontransformer_round3_cnnlstm_3seed/cnn_lstm_hybrid/linear/split_seed_44/metrics.csv,6d8451df4e0c18e13a2a65d19c13fd0f52a9973861878eb847d5f9f11b967876,894
revision_outputs/nontransformer_round3_cnnlstm_3seed/cnn_lstm_hybrid/linear/split_seed_44/metrics.json,38d9dbbecbed44f7e1b78db15776cab3fa8292869c38eb9a9fda68b0512922e2,1143
revision_outputs/nontransformer_round3_cnnlstm_3seed/cnn_lstm_hybrid/linear/split_seed_44/patch_norm_stats.json,8719cf800829f6a4a76bbdf0efaa1dedbdfeaaaa8330bbe26da7cf6a4b38b209,157
revision_outputs/nontransformer_round3_cnnlstm_3seed/cnn_lstm_hybrid/linear/split_seed_44/prediction_map.npy,000b28a9c4138d2f584d589cca948feb434f053444d1f1b0d1947ebe02a6792e,262272
revision_outputs/nontransformer_round3_cnnlstm_3seed/cnn_lstm_hybrid/linear/split_seed_44/reference_vs_prediction.png,865a700c25861233db5896f67f9dee2bebf42cc0e7a4cfb39f00873f0cae404c,545925
revision_outputs/nontransformer_round3_cnnlstm_3seed/cnn_lstm_hybrid/linear/split_seed_44/residual_plot.png,d779ac6a256b33daa3465164203eb4fc18d58e5d32dbb61c6c654901c54a573f,62289
revision_outputs/nontransformer_round3_cnnlstm_3seed/cnn_lstm_hybrid/linear/split_seed_44/scatter_true_vs_pred.png,43346ead11904ce5212e852860d9c51f0ec72884a1949f01d3769bfbb2ab2f02,54469
revision_outputs/nontransformer_round3_cnnlstm_3seed/cnn_lstm_hybrid/linear/split_seed_44/split_masks.npz,dc4e472d4ff09f561e1361da6f2d4a7c3bb5470862a13b149e680a480bc8139b,5058
revision_outputs/nontransformer_round3_cnnlstm_3seed/cnn_lstm_hybrid/linear/split_seed_44/target_map.npy,1e59eb26cb015535fc837f588d10b6c675b78ad23f6259fdd0725a814f18b221,262272
revision_outputs/nontransformer_round3_cnnlstm_3seed/cnn_lstm_hybrid/linear/split_seed_44/training_history.csv,89afa4f598733cf2d4f045ff83a2405a639e4775da735dea9ef755c431fd4142,2705
revision_outputs/nontransformer_round3_cnnlstm_3seed/round3_seed_level.csv,ac76c62a65f7d68272a9dcdecd4dfbe2833c01531b512665d53781fe959dc2ef,1002
revision_outputs/nontransformer_round3_cnnlstm_3seed/round3_summary.csv,9d76c3c7a7424cd15de8082e314e10513cf06d8718186b14de66b1705847bb4f,227
revision_outputs/nontransformer_round3_cnnlstm_l1_3seed/cnn_lstm_hybrid/linear/split_seed_42/binned_error.png,87149c4aa76668d8cc7d95fe069fe61326314c92b39603501794c85a9f2a8a8b,39023
revision_outputs/nontransformer_round3_cnnlstm_l1_3seed/cnn_lstm_hybrid/linear/split_seed_42/binned_residuals_boxplot.png,baa2da56cfbc20af68cb0da9fe1179bd9c8f2a36563177ac6aa221d027bbb113,64807
revision_outputs/nontransformer_round3_cnnlstm_l1_3seed/cnn_lstm_hybrid/linear/split_seed_42/config_snapshot.json,a2d09c626e7725f46486daa7e3d4f254a11b2ee12c8a248790d773ec42576dd7,2159
revision_outputs/nontransformer_round3_cnnlstm_l1_3seed/cnn_lstm_hybrid/linear/split_seed_42/last_input_map.npy,9a48065e98df9bb0200b16e885c5e0f98373d92e1fd0195829a8f8628f9ede66,262272
revision_outputs/nontransformer_round3_cnnlstm_l1_3seed/cnn_lstm_hybrid/linear/split_seed_42/metrics.csv,7497e9e6b56558810f83b42e24da78f0ac74294285f31c0696b300598f76271d,892
revision_outputs/nontransformer_round3_cnnlstm_l1_3seed/cnn_lstm_hybrid/linear/split_seed_42/metrics.json,c687c83ad3881978c7ff03ef69bae343d34b51c3039a8290bed9eed5c8247813,1141
revision_outputs/nontransformer_round3_cnnlstm_l1_3seed/cnn_lstm_hybrid/linear/split_seed_42/patch_norm_stats.json,c1bba39c5518c7797cc7461f262162ab0848bd89d94938b2f1ea89f5872e4aee,157
revision_outputs/nontransformer_round3_cnnlstm_l1_3seed/cnn_lstm_hybrid/linear/split_seed_42/prediction_map.npy,29ac161c8dfdb983069112c7003cd02adc7fabf4de28d3db9b1a23982f9969f2,262272
revision_outputs/nontransformer_round3_cnnlstm_l1_3seed/cnn_lstm_hybrid/linear/split_seed_42/reference_vs_prediction.png,3210edb0e14c44a17d8443b7e19026d6c3b817c919359d12d20514b022105d2b,545099
revision_outputs/nontransformer_round3_cnnlstm_l1_3seed/cnn_lstm_hybrid/linear/split_seed_42/residual_plot.png,46dd10edcd5e28cb94ef80c24750003f05d2296a457699288f1b23205bbca40f,65726
revision_outputs/nontransformer_round3_cnnlstm_l1_3seed/cnn_lstm_hybrid/linear/split_seed_42/scatter_true_vs_pred.png,95f7dd2024b95a5dfdf431703e516b0721e440d89b8311786012ab6decf86503,57755
revision_outputs/nontransformer_round3_cnnlstm_l1_3seed/cnn_lstm_hybrid/linear/split_seed_42/split_masks.npz,aa87bd7754c73033f6fbca318704cb344d8f8307fb9362cf868f12dc9d85a42e,5093
revision_outputs/nontransformer_round3_cnnlstm_l1_3seed/cnn_lstm_hybrid/linear/split_seed_42/target_map.npy,1e59eb26cb015535fc837f588d10b6c675b78ad23f6259fdd0725a814f18b221,262272
revision_outputs/nontransformer_round3_cnnlstm_l1_3seed/cnn_lstm_hybrid/linear/split_seed_42/training_history.csv,6ac6aab8db022d90cc7ee3ad0e6d35116166b157753c7c483e1e06a2ea2e7931,2705
revision_outputs/nontransformer_round3_cnnlstm_l1_5seed/combined_seed_level.csv,1b803467f1bf6d584fe0c9b4ef457afce5ab364e5ee345f34f2eb8c98f36dd88,1608
revision_outputs/nontransformer_round3_cnnlstm_l1_5seed/combined_summary.csv,b46435487f989e188c974da7359a6088508515fb263a3f95c87aa9bd6617ea47,230
revision_outputs/nontransformer_round3_cnnlstm_l1_bs32_lr6e4_5seed/cnn_lstm_hybrid/linear/split_seed_42/binned_error.png,e66e0c813d4610ef49738a305f05e5b6f77717361bc704aedf66d0aa37dc9d12,37968
revision_outputs/nontransformer_round3_cnnlstm_l1_bs32_lr6e4_5seed/cnn_lstm_hybrid/linear/split_seed_42/binned_residuals_boxplot.png,ad3fc106328a100b3fa298b3797c873f2c7c6a17b81ba95fc6a36918f21d593d,64571
revision_outputs/nontransformer_round3_cnnlstm_l1_bs32_lr6e4_5seed/cnn_lstm_hybrid/linear/split_seed_42/config_snapshot.json,79afe5b6558f339500de0510e21c580bd45a6464961f443fd4dcb02f82ded646,2170
revision_outputs/nontransformer_round3_cnnlstm_l1_bs32_lr6e4_5seed/cnn_lstm_hybrid/linear/split_seed_42/last_input_map.npy,9a48065e98df9bb0200b16e885c5e0f98373d92e1fd0195829a8f8628f9ede66,262272
revision_outputs/nontransformer_round3_cnnlstm_l1_bs32_lr6e4_5seed/cnn_lstm_hybrid/linear/split_seed_42/metrics.csv,8d946168ca61ea43ffb548dff1036f964a78e95160f94342de034157acfad050,892
revision_outputs/nontransformer_round3_cnnlstm_l1_bs32_lr6e4_5seed/cnn_lstm_hybrid/linear/split_seed_42/metrics.json,f94db22e4e30b7c18d7fd2cc84b99bbb6e589804b9ca03ad1dc4e734258d7f95,1141
revision_outputs/nontransformer_round3_cnnlstm_l1_bs32_lr6e4_5seed/cnn_lstm_hybrid/linear/split_seed_42/patch_norm_stats.json,c1bba39c5518c7797cc7461f262162ab0848bd89d94938b2f1ea89f5872e4aee,157
revision_outputs/nontransformer_round3_cnnlstm_l1_bs32_lr6e4_5seed/cnn_lstm_hybrid/linear/split_seed_42/prediction_map.npy,ab9ffdb84eefc8cb20edc943c1d2749d579d36c7025b9025381ec20748fd36d0,262272
revision_outputs/nontransformer_round3_cnnlstm_l1_bs32_lr6e4_5seed/cnn_lstm_hybrid/linear/split_seed_42/reference_vs_prediction.png,039f51083f0c9063d1f39143248400821f69f079740193c47a20bb921b266c4f,544590
revision_outputs/nontransformer_round3_cnnlstm_l1_bs32_lr6e4_5seed/cnn_lstm_hybrid/linear/split_seed_42/residual_plot.png,6c4d2c5d457673221229353e6c25a8023a2472961c1b508895003294b0ad989a,65772
revision_outputs/nontransformer_round3_cnnlstm_l1_bs32_lr6e4_5seed/cnn_lstm_hybrid/linear/split_seed_42/scatter_true_vs_pred.png,9fec1f37349c28d4f8807245fd1682a80d8da1e5d92895defa42efa0181cdabc,57446
revision_outputs/nontransformer_round3_cnnlstm_l1_bs32_lr6e4_5seed/cnn_lstm_hybrid/linear/split_seed_42/split_masks.npz,aa87bd7754c73033f6fbca318704cb344d8f8307fb9362cf868f12dc9d85a42e,5093
revision_outputs/nontransformer_round3_cnnlstm_l1_bs32_lr6e4_5seed/cnn_lstm_hybrid/linear/split_seed_42/target_map.npy,1e59eb26cb015535fc837f588d10b6c675b78ad23f6259fdd0725a814f18b221,262272
revision_outputs/nontransformer_round3_cnnlstm_l1_bs32_lr6e4_5seed/cnn_lstm_hybrid/linear/split_seed_42/training_history.csv,bd96e4eb4cbf8caddb8e43a0937dfb79c9e40dbfae532c4d60a0fef31bae12d9,2702
revision_outputs/nontransformer_round3_cnnlstm_l1_bs32_lr6e4_5seed/cnn_lstm_hybrid/linear/split_seed_43/binned_error.png,c8c1cc64b39bc220fe7d11b91aefce51f68a8e8becfc6cce7051ad3ff90a9415,50701
revision_outputs/nontransformer_round3_cnnlstm_l1_bs32_lr6e4_5seed/cnn_lstm_hybrid/linear/split_seed_43/binned_residuals_boxplot.png,9358bb83ab85b81f2ca6ec0b158b120a0f8661d8ea885aa6fa13306e9b49dbbe,60255
revision_outputs/nontransformer_round3_cnnlstm_l1_bs32_lr6e4_5seed/cnn_lstm_hybrid/linear/split_seed_43/config_snapshot.json,86d25a7a495bd5ef10be2e99031f9c4d96f360ffc0218c140f6f6ea2f67bb949,2170
revision_outputs/nontransformer_round3_cnnlstm_l1_bs32_lr6e4_5seed/cnn_lstm_hybrid/linear/split_seed_43/last_input_map.npy,9a48065e98df9bb0200b16e885c5e0f98373d92e1fd0195829a8f8628f9ede66,262272
revision_outputs/nontransformer_round3_cnnlstm_l1_bs32_lr6e4_5seed/cnn_lstm_hybrid/linear/split_seed_43/metrics.csv,518d31af695bc408a796dbba919402b327b70cc9f6674d00d1f7b6aceb55bfb5,893
revision_outputs/nontransformer_round3_cnnlstm_l1_bs32_lr6e4_5seed/cnn_lstm_hybrid/linear/split_seed_43/metrics.json,2a6d965cc0b643b1de0e0047e8c237f5226b581da1f30c5eda34702a32da0d78,1142
revision_outputs/nontransformer_round3_cnnlstm_l1_bs32_lr6e4_5seed/cnn_lstm_hybrid/linear/split_seed_43/patch_norm_stats.json,568c01471381cf10f4b566e21ee1fa863283d3efca69daffb818af6b11ba730c,157
revision_outputs/nontransformer_round3_cnnlstm_l1_bs32_lr6e4_5seed/cnn_lstm_hybrid/linear/split_seed_43/prediction_map.npy,35cd2a9467ee7fd89e9f75d6e66cb625b766b022a424875c9d2a4201613348aa,262272
revision_outputs/nontransformer_round3_cnnlstm_l1_bs32_lr6e4_5seed/cnn_lstm_hybrid/linear/split_seed_43/reference_vs_prediction.png,4550c4bd292cd1d3dfb879975a896af38745128da211d12b1966a084dcb1a830,546008
revision_outputs/nontransformer_round3_cnnlstm_l1_bs32_lr6e4_5seed/cnn_lstm_hybrid/linear/split_seed_43/residual_plot.png,11f94a8c989664797d420c8b2e1b8c19ee41bb17ae04f73827794144f8eaebe2,57258
revision_outputs/nontransformer_round3_cnnlstm_l1_bs32_lr6e4_5seed/cnn_lstm_hybrid/linear/split_seed_43/scatter_true_vs_pred.png,ac2f7a86bcb47b036dde15a81e6278c280ad0732c850ab189a2b72442c7cd80f,55391
revision_outputs/nontransformer_round3_cnnlstm_l1_bs32_lr6e4_5seed/cnn_lstm_hybrid/linear/split_seed_43/split_masks.npz,b323933f7c125c832058aa2565acec87c0366ed7ad0b10fe8efeb214892db378,4960
revision_outputs/nontransformer_round3_cnnlstm_l1_bs32_lr6e4_5seed/cnn_lstm_hybrid/linear/split_seed_43/target_map.npy,1e59eb26cb015535fc837f588d10b6c675b78ad23f6259fdd0725a814f18b221,262272
revision_outputs/nontransformer_round3_cnnlstm_l1_bs32_lr6e4_5seed/cnn_lstm_hybrid/linear/split_seed_43/training_history.csv,ca98f9dbb018ded4f38eef67a12c2c943897fe04331707ed7722959502d675a6,2706
revision_outputs/nontransformer_round3_cnnlstm_l1_bs32_lr6e4_5seed/cnn_lstm_hybrid/linear/split_seed_44/binned_error.png,1715bf5c074241cab60a222295fbf9f0e646f5ae4b37c91d8065ca797dcb9db6,48952
revision_outputs/nontransformer_round3_cnnlstm_l1_bs32_lr6e4_5seed/cnn_lstm_hybrid/linear/split_seed_44/binned_residuals_boxplot.png,42906250504489ca600b5dd65706b041775d2ad3506b79162086e928f68e44a9,64860
revision_outputs/nontransformer_round3_cnnlstm_l1_bs32_lr6e4_5seed/cnn_lstm_hybrid/linear/split_seed_44/config_snapshot.json,085d62d9b4fa10cf4152bca277a916d5ae0ab2e0a30258c9cbe5599b7b3f1283,2170
revision_outputs/nontransformer_round3_cnnlstm_l1_bs32_lr6e4_5seed/cnn_lstm_hybrid/linear/split_seed_44/last_input_map.npy,9a48065e98df9bb0200b16e885c5e0f98373d92e1fd0195829a8f8628f9ede66,262272
revision_outputs/nontransformer_round3_cnnlstm_l1_bs32_lr6e4_5seed/cnn_lstm_hybrid/linear/split_seed_44/metrics.csv,8b8bd94cd5e0c84862bd7d5ffdf4040afbb636d07ce04ea977706f115a8ace71,894
revision_outputs/nontransformer_round3_cnnlstm_l1_bs32_lr6e4_5seed/cnn_lstm_hybrid/linear/split_seed_44/metrics.json,df02c1732d9994f27991306494a56dc9a367cebb45f7f2448f0b0142aebbbbc2,1143
revision_outputs/nontransformer_round3_cnnlstm_l1_bs32_lr6e4_5seed/cnn_lstm_hybrid/linear/split_seed_44/patch_norm_stats.json,8719cf800829f6a4a76bbdf0efaa1dedbdfeaaaa8330bbe26da7cf6a4b38b209,157
revision_outputs/nontransformer_round3_cnnlstm_l1_bs32_lr6e4_5seed/cnn_lstm_hybrid/linear/split_seed_44/prediction_map.npy,ab89cbd81a8976ff24df5dd80cafe4572f9e17cc5757dd4cec582c55d0b4bbd0,262272
revision_outputs/nontransformer_round3_cnnlstm_l1_bs32_lr6e4_5seed/cnn_lstm_hybrid/linear/split_seed_44/reference_vs_prediction.png,a2f4a53983b66457007b329610056b35783e1ff73e99436f5b80d02a5b5e1374,545359
revision_outputs/nontransformer_round3_cnnlstm_l1_bs32_lr6e4_5seed/cnn_lstm_hybrid/linear/split_seed_44/residual_plot.png,6cdf5394e57daf8c62e4b9577b08b073109a3df981ca76448116935efd39b787,63353
revision_outputs/nontransformer_round3_cnnlstm_l1_bs32_lr6e4_5seed/cnn_lstm_hybrid/linear/split_seed_44/scatter_true_vs_pred.png,37ddc602f430d9ca102a5421593d78d6e832e2774821031931cb94c683dbb0df,54911
revision_outputs/nontransformer_round3_cnnlstm_l1_bs32_lr6e4_5seed/cnn_lstm_hybrid/linear/split_seed_44/split_masks.npz,dc4e472d4ff09f561e1361da6f2d4a7c3bb5470862a13b149e680a480bc8139b,5058
revision_outputs/nontransformer_round3_cnnlstm_l1_bs32_lr6e4_5seed/cnn_lstm_hybrid/linear/split_seed_44/target_map.npy,1e59eb26cb015535fc837f588d10b6c675b78ad23f6259fdd0725a814f18b221,262272
revision_outputs/nontransformer_round3_cnnlstm_l1_bs32_lr6e4_5seed/cnn_lstm_hybrid/linear/split_seed_44/training_history.csv,13202330fe9496708152bdcb3d78b85776631e8dec218f3dd4f4c16a33e932b8,1713
revision_outputs/nontransformer_round3_cnnlstm_l1_bs32_lr6e4_5seed/cnn_lstm_hybrid/linear/split_seed_45/binned_error.png,8516dfe2e952b9395396c232d57b6906252a0e2e8681e00a75da3681cc3a3a5e,40255
revision_outputs/nontransformer_round3_cnnlstm_l1_bs32_lr6e4_5seed/cnn_lstm_hybrid/linear/split_seed_45/binned_residuals_boxplot.png,43422368f59bca15a7a6b5a69d687eed4a90fde9926782ff84b458f9213fbac7,70230
revision_outputs/nontransformer_round3_cnnlstm_l1_bs32_lr6e4_5seed/cnn_lstm_hybrid/linear/split_seed_45/config_snapshot.json,9abd956c29d25c2870f1be6fe09df01e17c743107273fddc67d0c4857a3e967b,2170
revision_outputs/nontransformer_round3_cnnlstm_l1_bs32_lr6e4_5seed/cnn_lstm_hybrid/linear/split_seed_45/last_input_map.npy,9a48065e98df9bb0200b16e885c5e0f98373d92e1fd0195829a8f8628f9ede66,262272
revision_outputs/nontransformer_round3_cnnlstm_l1_bs32_lr6e4_5seed/cnn_lstm_hybrid/linear/split_seed_45/metrics.csv,6b769079e7c435252f183e7bd7e8c055e3669e594ede5a244ec1c3f912706c17,894
revision_outputs/nontransformer_round3_cnnlstm_l1_bs32_lr6e4_5seed/cnn_lstm_hybrid/linear/split_seed_45/metrics.json,3639a4924e098f3e006c768c8e21869f0c93ab65d198d6fb75a176f957bfe717,1143
revision_outputs/nontransformer_round3_cnnlstm_l1_bs32_lr6e4_5seed/cnn_lstm_hybrid/linear/split_seed_45/patch_norm_stats.json,f21f47fdbefacf363b0c783b30d6af5e009dd773b6062ab0e021573c83ce8a51,158
revision_outputs/nontransformer_round3_cnnlstm_l1_bs32_lr6e4_5seed/cnn_lstm_hybrid/linear/split_seed_45/prediction_map.npy,a29a65f4b50ecb3cef74cfa723c640ae3b97716ff9e70a680fb4c8e7886f1c48,262272
revision_outputs/nontransformer_round3_cnnlstm_l1_bs32_lr6e4_5seed/cnn_lstm_hybrid/linear/split_seed_45/reference_vs_prediction.png,6072c2bdc0d051efadb954e1a0a4bf0eb8d38a931a35f8b268ceead8ad35fa77,545311
revision_outputs/nontransformer_round3_cnnlstm_l1_bs32_lr6e4_5seed/cnn_lstm_hybrid/linear/split_seed_45/residual_plot.png,954578e920c44c585007c3c8c37cc7a42748647007bed1623c589e11e3912517,91404
revision_outputs/nontransformer_round3_cnnlstm_l1_bs32_lr6e4_5seed/cnn_lstm_hybrid/linear/split_seed_45/scatter_true_vs_pred.png,84a5341bbf556e60c1ee3fe1b8ab66bc9a70937f3c239c8e05d8fa2aa8ce4279,90639
revision_outputs/nontransformer_round3_cnnlstm_l1_bs32_lr6e4_5seed/cnn_lstm_hybrid/linear/split_seed_45/split_masks.npz,9f4427996aac0677942e3dcb92a43587024aa3e8af163de64f4941b1377e52b0,4987
revision_outputs/nontransformer_round3_cnnlstm_l1_bs32_lr6e4_5seed/cnn_lstm_hybrid/linear/split_seed_45/target_map.npy,1e59eb26cb015535fc837f588d10b6c675b78ad23f6259fdd0725a814f18b221,262272
revision_outputs/nontransformer_round3_cnnlstm_l1_bs32_lr6e4_5seed/cnn_lstm_hybrid/linear/split_seed_45/training_history.csv,9d09f173f4bd9a6386393f1140dab1a372060cf6cd6f5bcddb12f9bf0bd24dec,2696
revision_outputs/nontransformer_round3_cnnlstm_l1_bs32_lr6e4_5seed/cnn_lstm_hybrid/linear/split_seed_46/binned_error.png,5f10e372204c0039f1a0d22c74e2777606a4c6d625d61c5c0a74e5310ab648f4,34738
revision_outputs/nontransformer_round3_cnnlstm_l1_bs32_lr6e4_5seed/cnn_lstm_hybrid/linear/split_seed_46/binned_residuals_boxplot.png,17d0c6d799a98bcb3612c17bda53b4b163d87749109e736c93b9750cfa9f7197,65401
revision_outputs/nontransformer_round3_cnnlstm_l1_bs32_lr6e4_5seed/cnn_lstm_hybrid/linear/split_seed_46/config_snapshot.json,d01cad30a94864e3f8b1f7193ad4d5ab3b3da9364b4fbbf50771ab77cbbee44e,2170
revision_outputs/nontransformer_round3_cnnlstm_l1_bs32_lr6e4_5seed/cnn_lstm_hybrid/linear/split_seed_46/last_input_map.npy,9a48065e98df9bb0200b16e885c5e0f98373d92e1fd0195829a8f8628f9ede66,262272
revision_outputs/nontransformer_round3_cnnlstm_l1_bs32_lr6e4_5seed/cnn_lstm_hybrid/linear/split_seed_46/metrics.csv,16d38701621fa75edba1f8c6366b8ecee59798afe5a6b94b2eb93c2867bcda52,893
revision_outputs/nontransformer_round3_cnnlstm_l1_bs32_lr6e4_5seed/cnn_lstm_hybrid/linear/split_seed_46/metrics.json,bc167c47cf71be9061be99b37a56e823c2d4b209b910a6211c522b696ab67916,1142
revision_outputs/nontransformer_round3_cnnlstm_l1_bs32_lr6e4_5seed/cnn_lstm_hybrid/linear/split_seed_46/patch_norm_stats.json,d555a6bc2a6571f46ed203cf8f517aa0772a8b93d12cf23050d9b531fcb227d7,156
revision_outputs/nontransformer_round3_cnnlstm_l1_bs32_lr6e4_5seed/cnn_lstm_hybrid/linear/split_seed_46/prediction_map.npy,0d5594d334ee597b91be055888c1cd0aadd8d2410c6d5e6bec07550f7e10a75f,262272
revision_outputs/nontransformer_round3_cnnlstm_l1_bs32_lr6e4_5seed/cnn_lstm_hybrid/linear/split_seed_46/reference_vs_prediction.png,7338d37b551679e4c5871e3558fb453122e4be3ac46394d7a62f6bdc49985d02,545327
revision_outputs/nontransformer_round3_cnnlstm_l1_bs32_lr6e4_5seed/cnn_lstm_hybrid/linear/split_seed_46/residual_plot.png,b6d09eed160302d4d0a00bb757e890024904d868ea78363bca71a7a4d943a84f,68321
revision_outputs/nontransformer_round3_cnnlstm_l1_bs32_lr6e4_5seed/cnn_lstm_hybrid/linear/split_seed_46/scatter_true_vs_pred.png,aa9ee23b0eb00533106c44c62b99aded404b86fd92b09053d39fa024578b0774,61709
revision_outputs/nontransformer_round3_cnnlstm_l1_bs32_lr6e4_5seed/cnn_lstm_hybrid/linear/split_seed_46/split_masks.npz,b147155d168780531b89106b8cff37420d8650cce600f3ae472a5a857fa46329,5022
revision_outputs/nontransformer_round3_cnnlstm_l1_bs32_lr6e4_5seed/cnn_lstm_hybrid/linear/split_seed_46/target_map.npy,1e59eb26cb015535fc837f588d10b6c675b78ad23f6259fdd0725a814f18b221,262272
revision_outputs/nontransformer_round3_cnnlstm_l1_bs32_lr6e4_5seed/cnn_lstm_hybrid/linear/split_seed_46/training_history.csv,d16c5ac4b6727cc359b67298c6b4d576537e1154f3f86cff0a3ad1e5566c03ef,2385
revision_outputs/nontransformer_round3_cnnlstm_l1_bs32_lr6e4_5seed/round3_seed_level.csv,01aee8eb6712d171821465958bb44a63f503c25a953b0ce2bacf2efb673aad01,1657
revision_outputs/nontransformer_round3_cnnlstm_l1_bs32_lr6e4_5seed/round3_summary.csv,a5035f2aa9ff3f87a1e0571c32636b5e1bff82117ea4262f17a7328b5051d21f,227
revision_outputs/nontransformer_round3_cnntcn_multiseed/cnn_tcn_hybrid/linear/split_seed_42/binned_error.png,7dae85b60f1efddf6b29ccf479d7b10d7f18cf449e06d325e022a36ef87eed82,39018
revision_outputs/nontransformer_round3_cnntcn_multiseed/cnn_tcn_hybrid/linear/split_seed_42/binned_residuals_boxplot.png,e79b781930b1f28ef82d42c9e1b0ff1288d9313192301b307d9899bae1e778b5,65283
revision_outputs/nontransformer_round3_cnntcn_multiseed/cnn_tcn_hybrid/linear/split_seed_42/config_snapshot.json,08d80395966d1e57264fc2d32d7fd936844ca6708b1199c8886e5ee210071478,2159
revision_outputs/nontransformer_round3_cnntcn_multiseed/cnn_tcn_hybrid/linear/split_seed_42/last_input_map.npy,9a48065e98df9bb0200b16e885c5e0f98373d92e1fd0195829a8f8628f9ede66,262272
revision_outputs/nontransformer_round3_cnntcn_multiseed/cnn_tcn_hybrid/linear/split_seed_42/metrics.csv,c45731a1af65b7618502d3a853bc19b695aa13a61317f23de502b9afaf0e7890,891
revision_outputs/nontransformer_round3_cnntcn_multiseed/cnn_tcn_hybrid/linear/split_seed_42/metrics.json,bff733d3c38ac120e03495dce829ea6493e13bc1054636194b6ee305d3dadeb7,1140
revision_outputs/nontransformer_round3_cnntcn_multiseed/cnn_tcn_hybrid/linear/split_seed_42/patch_norm_stats.json,c1bba39c5518c7797cc7461f262162ab0848bd89d94938b2f1ea89f5872e4aee,157
revision_outputs/nontransformer_round3_cnntcn_multiseed/cnn_tcn_hybrid/linear/split_seed_42/prediction_map.npy,b168ef4389ee1ae2a2a0659465dfabfdf0178f88667f261c9fc1af93b7703da3,262272
revision_outputs/nontransformer_round3_cnntcn_multiseed/cnn_tcn_hybrid/linear/split_seed_42/reference_vs_prediction.png,a077f3073ec4a19d55a3cb16ee8a565649af75ea1b134b5188f4b9c3a3c659b0,545036
revision_outputs/nontransformer_round3_cnntcn_multiseed/cnn_tcn_hybrid/linear/split_seed_42/residual_plot.png,14bb73ae7c7c3a65d35aef25172c4cf452ed9ee58cc4349818fdf7d2cd67d523,67367
revision_outputs/nontransformer_round3_cnntcn_multiseed/cnn_tcn_hybrid/linear/split_seed_42/scatter_true_vs_pred.png,fd4c7f40e9a1189ac74739d85106d8da3d80afdcdab64179c5e5790e554927e6,58726
revision_outputs/nontransformer_round3_cnntcn_multiseed/cnn_tcn_hybrid/linear/split_seed_42/split_masks.npz,aa87bd7754c73033f6fbca318704cb344d8f8307fb9362cf868f12dc9d85a42e,5093
revision_outputs/nontransformer_round3_cnntcn_multiseed/cnn_tcn_hybrid/linear/split_seed_42/target_map.npy,1e59eb26cb015535fc837f588d10b6c675b78ad23f6259fdd0725a814f18b221,262272
revision_outputs/nontransformer_round3_cnntcn_multiseed/cnn_tcn_hybrid/linear/split_seed_42/training_history.csv,6595124e1eea2bc25e556c97e2a5175dcbdc02fbe3116518e45957cb0e8d1ab4,1813
revision_outputs/nontransformer_round3_cnntcn_multiseed/cnn_tcn_hybrid/linear/split_seed_43/binned_error.png,041a2f79e9262a5f6629d72512b02b55011ed0cc0217385591ccac11b26c2420,45998
revision_outputs/nontransformer_round3_cnntcn_multiseed/cnn_tcn_hybrid/linear/split_seed_43/binned_residuals_boxplot.png,61aa73a9200cb00eb0c9343ee0e19d18a0d97b2e849dc332c6074eaecf5a56b0,60223
revision_outputs/nontransformer_round3_cnntcn_multiseed/cnn_tcn_hybrid/linear/split_seed_43/config_snapshot.json,785b656118dbceabe3fb187f837abbe79665cb690731492e2b3911eec4febee9,2159
revision_outputs/nontransformer_round3_cnntcn_multiseed/cnn_tcn_hybrid/linear/split_seed_43/last_input_map.npy,9a48065e98df9bb0200b16e885c5e0f98373d92e1fd0195829a8f8628f9ede66,262272
revision_outputs/nontransformer_round3_cnntcn_multiseed/cnn_tcn_hybrid/linear/split_seed_43/metrics.csv,c093f2f51f053a996b69b0df75e044fb157789a977240afd2289008db56eebbe,892
revision_outputs/nontransformer_round3_cnntcn_multiseed/cnn_tcn_hybrid/linear/split_seed_43/metrics.json,593ecff55307d74cedad5c465f6aca7737e12691d857b7a981798d81892bdef1,1141
revision_outputs/nontransformer_round3_cnntcn_multiseed/cnn_tcn_hybrid/linear/split_seed_43/patch_norm_stats.json,568c01471381cf10f4b566e21ee1fa863283d3efca69daffb818af6b11ba730c,157
revision_outputs/nontransformer_round3_cnntcn_multiseed/cnn_tcn_hybrid/linear/split_seed_43/prediction_map.npy,32f60ff2342c4646c80135857b32a69060eb9650a23abbf6e6c19c1e0e9ba431,262272
revision_outputs/nontransformer_round3_cnntcn_multiseed/cnn_tcn_hybrid/linear/split_seed_43/reference_vs_prediction.png,719b11025a53eadd98228fbc7f7d3d295fbd5a2463052c027b8dbe58bf96bc58,545694
revision_outputs/nontransformer_round3_cnntcn_multiseed/cnn_tcn_hybrid/linear/split_seed_43/residual_plot.png,cfa34bab5871ccbfc186700e1a5832bf850f2aadf1e0b13cf2f89e1869e13c10,56903
revision_outputs/nontransformer_round3_cnntcn_multiseed/cnn_tcn_hybrid/linear/split_seed_43/scatter_true_vs_pred.png,56ff1efb740413f56df24821a791c55466b18c24edf3690f12a3fcfa3272b2c3,55878
revision_outputs/nontransformer_round3_cnntcn_multiseed/cnn_tcn_hybrid/linear/split_seed_43/split_masks.npz,b323933f7c125c832058aa2565acec87c0366ed7ad0b10fe8efeb214892db378,4960
revision_outputs/nontransformer_round3_cnntcn_multiseed/cnn_tcn_hybrid/linear/split_seed_43/target_map.npy,1e59eb26cb015535fc837f588d10b6c675b78ad23f6259fdd0725a814f18b221,262272
revision_outputs/nontransformer_round3_cnntcn_multiseed/cnn_tcn_hybrid/linear/split_seed_43/training_history.csv,1457a038cab4a36a2c9a7bb694049260482127d0f482c2d14b9bcf409f184855,1490
revision_outputs/nontransformer_round3_cnntcn_multiseed/cnn_tcn_hybrid/linear/split_seed_44/binned_error.png,02a4051f8bc328f4141a46889f7f0f2868d1eaa2ed57db9da4704e1938b13004,45034
revision_outputs/nontransformer_round3_cnntcn_multiseed/cnn_tcn_hybrid/linear/split_seed_44/binned_residuals_boxplot.png,1453bf8ac142b66bf89c9d0dc14c4554bd04fdf9c0b4f6d56cbf553408355399,64546
revision_outputs/nontransformer_round3_cnntcn_multiseed/cnn_tcn_hybrid/linear/split_seed_44/config_snapshot.json,0c82a5b02182a320a4444b69e8d7343ce6fa99a8a257f05ab06504341d4d8a98,2159
revision_outputs/nontransformer_round3_cnntcn_multiseed/cnn_tcn_hybrid/linear/split_seed_44/last_input_map.npy,9a48065e98df9bb0200b16e885c5e0f98373d92e1fd0195829a8f8628f9ede66,262272
revision_outputs/nontransformer_round3_cnntcn_multiseed/cnn_tcn_hybrid/linear/split_seed_44/metrics.csv,cfc98303073c5bd7f3cd586aedf2e00199bed633b303de5152571569ef63406e,889
revision_outputs/nontransformer_round3_cnntcn_multiseed/cnn_tcn_hybrid/linear/split_seed_44/metrics.json,094c6a9b7f1a97b7aaf349a29e60ffe9ff608f0acc525975cfd0a6e7074a2e6d,1138
revision_outputs/nontransformer_round3_cnntcn_multiseed/cnn_tcn_hybrid/linear/split_seed_44/patch_norm_stats.json,8719cf800829f6a4a76bbdf0efaa1dedbdfeaaaa8330bbe26da7cf6a4b38b209,157
revision_outputs/nontransformer_round3_cnntcn_multiseed/cnn_tcn_hybrid/linear/split_seed_44/prediction_map.npy,46481d8ea2c25872d1d8a29aabf7276d1face23e686d56855c14e4d171023b24,262272
revision_outputs/nontransformer_round3_cnntcn_multiseed/cnn_tcn_hybrid/linear/split_seed_44/reference_vs_prediction.png,6671b8160e9fb1aa207b6c189737dd552ac8d32fa3501e4d65e4d13775597b11,546256
revision_outputs/nontransformer_round3_cnntcn_multiseed/cnn_tcn_hybrid/linear/split_seed_44/residual_plot.png,34fc614db33cfce5306cf1b6b773c3b695b0e43e6f032435064d3df95ca4a184,63628
revision_outputs/nontransformer_round3_cnntcn_multiseed/cnn_tcn_hybrid/linear/split_seed_44/scatter_true_vs_pred.png,b3ebe9a07c9aefd7eaca17fb0834229fae8b3e3da67fee5cfb5afa7d097fe46b,55370
revision_outputs/nontransformer_round3_cnntcn_multiseed/cnn_tcn_hybrid/linear/split_seed_44/split_masks.npz,dc4e472d4ff09f561e1361da6f2d4a7c3bb5470862a13b149e680a480bc8139b,5058
revision_outputs/nontransformer_round3_cnntcn_multiseed/cnn_tcn_hybrid/linear/split_seed_44/target_map.npy,1e59eb26cb015535fc837f588d10b6c675b78ad23f6259fdd0725a814f18b221,262272
revision_outputs/nontransformer_round3_cnntcn_multiseed/cnn_tcn_hybrid/linear/split_seed_44/training_history.csv,50cbe82783a58fa7d82d7b2670c9391ec699f5a54bfd8a569e36b56753682771,1364
revision_outputs/nontransformer_round3_cnntcn_multiseed/cnn_tcn_hybrid/linear/split_seed_45/binned_error.png,129e38e2995d8668b258370124b090fb15e85f49168a8e39fc4bdcd60d240ff9,40789
revision_outputs/nontransformer_round3_cnntcn_multiseed/cnn_tcn_hybrid/linear/split_seed_45/binned_residuals_boxplot.png,7ad88163680b84f29a24fd2388c0409879a4f66fd80078ba64bd38a502e0fa98,70196
revision_outputs/nontransformer_round3_cnntcn_multiseed/cnn_tcn_hybrid/linear/split_seed_45/config_snapshot.json,f6711a3355f3397cfbe7b90eae77eee44f147d1a97d0b52f6d6664f9ce5863e9,2159
revision_outputs/nontransformer_round3_cnntcn_multiseed/cnn_tcn_hybrid/linear/split_seed_45/last_input_map.npy,9a48065e98df9bb0200b16e885c5e0f98373d92e1fd0195829a8f8628f9ede66,262272
revision_outputs/nontransformer_round3_cnntcn_multiseed/cnn_tcn_hybrid/linear/split_seed_45/metrics.csv,1da79ecc19fddf80a304b8cc27b75eaee8f61b3c397e5aa823308ad43e4baff6,891
revision_outputs/nontransformer_round3_cnntcn_multiseed/cnn_tcn_hybrid/linear/split_seed_45/metrics.json,4982c9bca9944953a24db68ffcb663415f59d4ccef6e89857129096cf4dbe9a5,1140
revision_outputs/nontransformer_round3_cnntcn_multiseed/cnn_tcn_hybrid/linear/split_seed_45/patch_norm_stats.json,f21f47fdbefacf363b0c783b30d6af5e009dd773b6062ab0e021573c83ce8a51,158
revision_outputs/nontransformer_round3_cnntcn_multiseed/cnn_tcn_hybrid/linear/split_seed_45/prediction_map.npy,7581c7f8030560a7cab0803823cfdad8d0c01bbf8f384cabace8f2e2002ffcd6,262272
revision_outputs/nontransformer_round3_cnntcn_multiseed/cnn_tcn_hybrid/linear/split_seed_45/reference_vs_prediction.png,697755fc507a2923dd7056be604291270a1d1c6a40a15687a2b8f9ff06dfb513,544618
revision_outputs/nontransformer_round3_cnntcn_multiseed/cnn_tcn_hybrid/linear/split_seed_45/residual_plot.png,403bea8331cedd8653cd42e65bcfc487d091d7ab34a2fc383999710946458c86,90450
revision_outputs/nontransformer_round3_cnntcn_multiseed/cnn_tcn_hybrid/linear/split_seed_45/scatter_true_vs_pred.png,745581312d9115fd7ca93257693dee4a8a1c12b70afcd710a242c645d3c2316d,91432
revision_outputs/nontransformer_round3_cnntcn_multiseed/cnn_tcn_hybrid/linear/split_seed_45/split_masks.npz,9f4427996aac0677942e3dcb92a43587024aa3e8af163de64f4941b1377e52b0,4987
revision_outputs/nontransformer_round3_cnntcn_multiseed/cnn_tcn_hybrid/linear/split_seed_45/target_map.npy,1e59eb26cb015535fc837f588d10b6c675b78ad23f6259fdd0725a814f18b221,262272
revision_outputs/nontransformer_round3_cnntcn_multiseed/cnn_tcn_hybrid/linear/split_seed_45/training_history.csv,134949a7544a14c375d803e2a59d5a19981ea4f2a443b942f8cd235ce4f8f064,1449
revision_outputs/nontransformer_round3_cnntcn_multiseed/cnn_tcn_hybrid/linear/split_seed_46/binned_error.png,824bbe519fb2031cb88900dfbeb1345ec8f22ca13525b6d0b4c20b95e6a43a2e,35982
revision_outputs/nontransformer_round3_cnntcn_multiseed/cnn_tcn_hybrid/linear/split_seed_46/binned_residuals_boxplot.png,9ac65205d731673ebeef00ba16b6b715d33f8937507c6db045794e5f10f6590d,67498
revision_outputs/nontransformer_round3_cnntcn_multiseed/cnn_tcn_hybrid/linear/split_seed_46/config_snapshot.json,f91985c1027bd4b0907a57b24bad68b75d8c9698abf11d82099805ae3acc3aa5,2159
revision_outputs/nontransformer_round3_cnntcn_multiseed/cnn_tcn_hybrid/linear/split_seed_46/last_input_map.npy,9a48065e98df9bb0200b16e885c5e0f98373d92e1fd0195829a8f8628f9ede66,262272
revision_outputs/nontransformer_round3_cnntcn_multiseed/cnn_tcn_hybrid/linear/split_seed_46/metrics.csv,6ff1b0f79610a4595354d094e051da20b57018368aeac2c470590b5e56e690c5,890
revision_outputs/nontransformer_round3_cnntcn_multiseed/cnn_tcn_hybrid/linear/split_seed_46/metrics.json,62d8fe215cf1c092d5b8363a187fa0c31909f9f60d08c279cbec949163831163,1139
revision_outputs/nontransformer_round3_cnntcn_multiseed/cnn_tcn_hybrid/linear/split_seed_46/patch_norm_stats.json,d555a6bc2a6571f46ed203cf8f517aa0772a8b93d12cf23050d9b531fcb227d7,156
revision_outputs/nontransformer_round3_cnntcn_multiseed/cnn_tcn_hybrid/linear/split_seed_46/prediction_map.npy,d92589aae6b2d4285f8b02c96f47824fa7cf6834c124589a954af03fec67d951,262272
revision_outputs/nontransformer_round3_cnntcn_multiseed/cnn_tcn_hybrid/linear/split_seed_46/reference_vs_prediction.png,1f8edb455a7fba9c159467a0b4383900a1966023b1fd7b26381064b4ea415d9c,545790
revision_outputs/nontransformer_round3_cnntcn_multiseed/cnn_tcn_hybrid/linear/split_seed_46/residual_plot.png,1db8aa9215e6561ef63ae6c63c18e1149b1b3378b66faeb58fc106a588dcf591,70404
revision_outputs/nontransformer_round3_cnntcn_multiseed/cnn_tcn_hybrid/linear/split_seed_46/scatter_true_vs_pred.png,a888ac61c8b9bd8e2dc9c039fa105568e65b9eb3a510678d332c86a30b90e35e,62512
revision_outputs/nontransformer_round3_cnntcn_multiseed/cnn_tcn_hybrid/linear/split_seed_46/split_masks.npz,b147155d168780531b89106b8cff37420d8650cce600f3ae472a5a857fa46329,5022
revision_outputs/nontransformer_round3_cnntcn_multiseed/cnn_tcn_hybrid/linear/split_seed_46/target_map.npy,1e59eb26cb015535fc837f588d10b6c675b78ad23f6259fdd0725a814f18b221,262272
revision_outputs/nontransformer_round3_cnntcn_multiseed/cnn_tcn_hybrid/linear/split_seed_46/training_history.csv,d446f2ea00691fbce819b43c0b759a325c9f5343f0ee20df42e50835cf9e2740,1410
revision_outputs/nontransformer_round3_cnntcn_multiseed/round3_seed_level.csv,8e6576bcce082db32d8ca925b1ca241ed7a89e3234fd3ad5f5816812fcbdb6dd,1582
revision_outputs/nontransformer_round3_cnntcn_multiseed/round3_summary.csv,ed918514e8de83526a7d30a2d6545ace08ed230028b5e930db4581cb0c332679,226
revision_outputs/summaries/main_model_summary_linear_seed_42.csv,8bfa325aec3150e47294531caf58745d26f353f71fef89f4b3ea5fb548d1fbb8,852
revision_utils.py,6902815f9a8d540b6574d4c385753f25330d7edb9deb6989288691c9df5a20b5,22520
run_cg_additional_suite.py,3e1f05357c1c65b26a27c3c7535267f19ffd0810d40b9a6076fb3303910842ae,7198
run_deep_model_repair.py,d218744ebab06cc2ff4769433fe2e5f98dc837fc6cef74e585c651b5970f30d0,4719
run_deep_model_round2.py,14de8cfcc0db88bf93750500f83fbf34e2c6baeac73a9fa0fe5ca0b7d8728309,5988
run_nontransformer_round3.py,59548b481e40a89506a30cbf4802ed7f96316ca8f0684e47505b299d66d14d01,5803
scripts/reproduce_all.ps1,a878b92c0d0322f712418d4a557f09ae875406e6f3c69958c2d9768f01b6336c,531
scripts/reproduce_all.sh,95dc237283c43a3a4796529cd78b90c45ba203e2b47c2936d9b8d85aa3d19c67,363
smoke_test_revision.py,e1be80ce80446236096cdfefb26abb7e008eef7b4fe01cbbacd4ae68e2df87bb,2565
splits/split_00cfcdb36bafd689fc52e03bb8e4b39c2fa403d1c32a8e0ddef338fa699b692d.json,adc1682e0ec6f9cc83d64d627049383a96fa529ab80af20d7806f3a4a3f66f43,1260489
splits/split_254d6b4608a8e5813ab9cc3404f3e46ac968ab22fefebb49c675be34c38a9cbb.json,e4b99afd7418d771ce8bcd9ce35b1fae21d4d9fadefcf400a299cfbc39c6ace5,1260489
splits/split_2d72df2b8d98b25e060c8ca9308f99fa61adf45cae7f41de8352d09807ae24a8.json,5d7aee6d81679c4bc6faf57e108c6f906696a08ff63624d1ce3508186c9a1d63,5341403
splits/split_3b3b1964b7db320f14534875802aceb75840c4a5c11d4dd6731d8fe0ce562a42.json,4f921dcc128a159ffa2ebc22aa3a7f4125e68e3037a897a501dac6ea5f78d4cb,1551046
splits/split_3b850792d087bf997567aed3978c1b6848353694c3c94136c9180f8c3c951cba.json,4890e3dfd80e08412f6d01fbe54e63f6cc31190af7c31a78b58d2b54c8d5784e,1260489
splits/split_40944842f8ad16d6cc49715ab0c8ac5ef82e5343162f0a3ca11410d3fee78789.json,607352c49964f4605ec6c7fbc6e7fd753cc45c2a0adb7b6e08fde6a6600a5bbd,5341403
splits/split_45462e1b62a6ecc6c9504e2dc139f42830d76ae9146cd682a37981d95a61f49c.json,e4f7d115db316f940e4a8ab4448b07098bc197625cfc139df5e6e0c72f9b9c31,298501
splits/split_45f90f8c5b34b4e4e54ac690e137c639c844e127c102339057807f32f945f42b.json,bf887a11156f2ad75138c82963cd8f0e878c56bbba349406ed6da1bd3727573f,1260489
splits/split_4c5c632eb9e40372112f1f3e9088de924e7e8c5d196741afa4723e670622058c.json,8cbbf48fbcd9b1df0d6cdbf96851543200267185e72bc3bab6506a37f839b051,1260489
splits/split_74a7713d60c10c40851dd5d84104048cc680f8b7def322e7de8f81f20209fb0a.json,17e3e57fff61e4bb1b47f96f8ea2d72113faf68b0f987dac589471663829d023,298501
splits/split_7ce66d4f9ec48d50324a364bb207957ad5976fab3c8351f9b4b65348e7d596d9.json,0799b9c44b46e070ef693e68d87802dfd1655b00a786448e1ccd1b75b527f352,5341403
splits/split_8618034f74df22bb8f2b19f0df1ae6a3ec5fcdd02cee9d5e48131dfd5f6ab24b.json,f3a1ccdcd4da886db5ff960e53e0e75243ecf1b145192266bdd047032c24579e,1551046
splits/split_8f22756f2229871ea90c2f02d64337977d4b62bc63f22085ea2c9a86043e753e.json,1dc134ae82981424439b473d8139b4c98051382661605f11c9b6c364e2ae576d,298501
splits/split_9b4d56d755a687cabe862c1bdbbfb32b6fd7d7f5aa302dddb8aaa0730214ad21.json,a0aadd6803ddbe1be0e220158aacd1975ed7ec19e37c0cfb6faf66afbfe35ad1,1551046
splits/split_9f4427996aac0677942e3dcb92a43587024aa3e8af163de64f4941b1377e52b0.json,6b3507b129c501acd988fbbe069f1c943ae4a9e879e550267ba7addbd224c998,1260492
splits/split_a179309a12a5b41eb9f99bac78a2c1982728c3aa6326ca24c130f57d4a3b4c78.json,38288fb6c29bea824306ac712bdf08b2efbc15c98959a85a4defc1427ebfaa6b,1551046
splits/split_a92fe7eb6a18e77649aa79b36fe9cd3d69f040dc0cda702e814030e0bc072ca1.json,7d94abeb6dc9029b379e26942fc1c906cb92547597026db8ed67df859e784b0e,298501
splits/split_aa87bd7754c73033f6fbca318704cb344d8f8307fb9362cf868f12dc9d85a42e.json,aad4bec07214474e7c31889209008975c82d858f4b063481ea75065289583183,1260489
splits/split_b147155d168780531b89106b8cff37420d8650cce600f3ae472a5a857fa46329.json,3ae16d77062dafe65e2a3d7ce27b2fa28fed0e21db670ba34ce9d91e93666912,1260492
splits/split_b323933f7c125c832058aa2565acec87c0366ed7ad0b10fe8efeb214892db378.json,8d5102a9af619a323a1362ffb411a87b54fa759e83c710a0447da9f198698edf,1260492
splits/split_b6f77dfdb1a47e344c555f93c1d5e4d6631bc7065b194c0820ab88ab1c96f928.json,28d9066687f559ccc35cca6b97a2af20419401547529bc7f6431318017218b63,1551046
splits/split_c29aa048a052af34a70e6ebf0d6df043f5950a292a7c996ab42a9c17ec971bb4.json,7dd987dccfd7aaf4a5af11760a8eb99da964fda56663134399b3dc3fca0150c7,5341403
splits/split_c8c354f326f66fe78965c73c02ea7bbff3895c2f1bddf55f9d85367fe15bb26a.json,12159a9683f61f59f87f56ffd132b7ffbb3b436560f4d63529b37bf72ca94927,298501
splits/split_dc4e472d4ff09f561e1361da6f2d4a7c3bb5470862a13b149e680a480bc8139b.json,65e056ad05a3d818cd5898f91631b55fd9926024dd5b47fffca1b5b6b3ca8967,1260492
splits/split_f2a5ddf254f5faaa1f4392d64e96a06a5fb66cb87fe7f3a76332eae561e0287a.json,fa1160979c91970be85e19cdf9fd05c0ed509123cae87f610fe5173b474ac4a7,5341403
