run_dir,model,reported_rmse,reported_mse,rmse_squared,recomputed_rmse,recomputed_mse,rmse_mse_abs_diff,mask_valid_count,prediction_hash,target_hash,split_hash,config_hash,metrics_hash,prediction_array_hash,status
C:\Users\Jupyter\Desktop\found_training_project\revision_outputs\cg_suite\E10_interpretability\spatial_tile\seed_42\persistence\linear\split_seed_42,persistence,1.5689308578982168,2.4615440368652344,2.461544036865235,1.5689308578982168,2.4615440368652344,4.440892098500626e-16,8128,9a48065e98df9bb0200b16e885c5e0f98373d92e1fd0195829a8f8628f9ede66,1e59eb26cb015535fc837f588d10b6c675b78ad23f6259fdd0725a814f18b221,aa87bd7754c73033f6fbca318704cb344d8f8307fb9362cf868f12dc9d85a42e,3debd239ac861ef65e3c8fb864a1ec0a93b783504df288d248372407be745c8b,c89d5c96d527cf4249bba1012ee1032b65775bf475d0d408c9b3ea392fedadef,a9db0ff97d701daa22a743a40c61ffdab03dd1bab93e20b72d33bd62da347c05,pass
C:\Users\Jupyter\Desktop\found_training_project\revision_outputs\cg_suite\E10_interpretability\spatial_tile\seed_42\lightgbm\linear\split_seed_42,lightgbm,2.0196280539238627,4.078897476196289,4.078897476196289,2.0196280539238627,4.078897476196289,0.0,8128,851f712c890afeccbc5429f3999622a71d10ec38aef5b250415482780cfdf33d,1e59eb26cb015535fc837f588d10b6c675b78ad23f6259fdd0725a814f18b221,aa87bd7754c73033f6fbca318704cb344d8f8307fb9362cf868f12dc9d85a42e,3debd239ac861ef65e3c8fb864a1ec0a93b783504df288d248372407be745c8b,71da88de161f1c11fba8de59ebed7b8d840c9cff12cb1b2f4b29c898d8cac346,962ad3f46e15d6d291d1a1640156813a9e4cd20f4a3d95aacc66b2cd38025c6d,pass
C:\Users\Jupyter\Desktop\found_training_project\revision_outputs\cg_suite\E10_interpretability\spatial_tile\seed_42\cnn_tcn\linear\split_seed_42,cnn_tcn,7.514955994457507,56.47456359863281,56.47456359863282,7.514955994457507,56.47456359863281,7.105427357601002e-15,8128,bdd98f23ebdc56bf336d4071ae49db51368e0fcb68c7f123757e09bc628fec4c,1e59eb26cb015535fc837f588d10b6c675b78ad23f6259fdd0725a814f18b221,aa87bd7754c73033f6fbca318704cb344d8f8307fb9362cf868f12dc9d85a42e,3debd239ac861ef65e3c8fb864a1ec0a93b783504df288d248372407be745c8b,f806853064efea490b9139b06e67b5ef6272aea7ac35ae1dda853e3cd1553a37,436e191688df29311e1ae97d7bce7df982f483776dadd2b2b50d92cb6f5a7eb1,pass
C:\Users\Jupyter\Desktop\found_training_project\revision_outputs\cg_suite\E10_interpretability\spatial_tile\seed_42\cnn_lstm_maskaware\linear\split_seed_42,cnn_lstm_maskaware,7.524633009570031,56.62010192871094,56.62010192871094,7.524633009570031,56.62010192871094,0.0,8128,12c60a19aa7a076784bea304cf7cdd1d37a7bc3ba5e1091a7cf00431abb983c8,1e59eb26cb015535fc837f588d10b6c675b78ad23f6259fdd0725a814f18b221,aa87bd7754c73033f6fbca318704cb344d8f8307fb9362cf868f12dc9d85a42e,3debd239ac861ef65e3c8fb864a1ec0a93b783504df288d248372407be745c8b,6c4f31e69de0cf3be505e402d88d745dc82f7c5fc8fbd4de122644abdbc3d968,ab667025d07708e6ca08c02add6cf8167b5efdd64078b02e966381942a3f678b,pass
C:\Users\Jupyter\Desktop\found_training_project\revision_outputs\cg_suite\E2_primary_multiseed\spatial_tile\grid_256\random_forest\linear\split_seed_42,random_forest,1.45112997946968,2.105778217315674,2.105778217315674,1.45112997946968,2.105778217315674,0.0,8128,d45594fe8e25b24a72f0cd233c0dda2ffd01c9cd0abae5561ee192eb4d954ec0,1e59eb26cb015535fc837f588d10b6c675b78ad23f6259fdd0725a814f18b221,aa87bd7754c73033f6fbca318704cb344d8f8307fb9362cf868f12dc9d85a42e,86802cff653fafc25d0d85b848c6686e02f0f63ad37cc3e36584163062b4b854,681c70bb698fd429d6587acebbca969ec028238a6e4538bd8f0fb92538b60d2e,63e5bf42b7ced8a6f0430a3ae5a053e2e84dfe27eca37041efb11bdb0fb9c4c6,pass
C:\Users\Jupyter\Desktop\found_training_project\revision_outputs\cg_suite\E2_primary_multiseed\spatial_tile\grid_256\random_forest\linear\split_seed_43,random_forest,1.7384476828461195,3.022200345993042,3.022200345993042,1.7384476828461195,3.022200345993042,0.0,7801,f07afcd9399b203ca351ae72b375173c6b162d059a22cc4999bbaee75b101b46,1e59eb26cb015535fc837f588d10b6c675b78ad23f6259fdd0725a814f18b221,b323933f7c125c832058aa2565acec87c0366ed7ad0b10fe8efeb214892db378,464700166aec473ceb72c9b3ad553b2a9ae7260ae7ec8c7f3d03e6c7208d8b2f,acc6828cfae9b5091d997b90f0d86252b39f2a6fa98491d87ef1b67bface8c03,1a91a5521a1f787ea1b39736fa212d4fb5a450c383928f1d0b480d14232b003b,pass
C:\Users\Jupyter\Desktop\found_training_project\revision_outputs\cg_suite\E2_primary_multiseed\spatial_tile\grid_256\random_forest\linear\split_seed_44,random_forest,1.5939149958154915,2.540565013885498,2.540565013885498,1.5939149958154915,2.540565013885498,0.0,8155,1c6f97bec361b73919995f3d25fb9f6e7b630bc50c3687a16d95f81d0eee8524,1e59eb26cb015535fc837f588d10b6c675b78ad23f6259fdd0725a814f18b221,dc4e472d4ff09f561e1361da6f2d4a7c3bb5470862a13b149e680a480bc8139b,a866295c1d00632fcef681b259935ca0b51841745da78c111649e8dd490427f9,973add5eaefe5260ca03fb99c6e50a06d20f0ed6c92bcbbc3c86d5d915984031,899a40cb1cb7de15f5c6d8bd7240e5e6163e17459755a85d47fb87316fd9e454,pass
C:\Users\Jupyter\Desktop\found_training_project\revision_outputs\cg_suite\E2_primary_multiseed\spatial_tile\grid_256\random_forest\linear\split_seed_45,random_forest,1.4390128095002357,2.0707578659057617,2.0707578659057617,1.4390128095002357,2.0707578659057617,0.0,8483,f05ed7f38e6373799e3d8db1f8bd1efeb748195db17bdfaa3ac887d5a0762032,1e59eb26cb015535fc837f588d10b6c675b78ad23f6259fdd0725a814f18b221,9f4427996aac0677942e3dcb92a43587024aa3e8af163de64f4941b1377e52b0,f7d28aeb534ecb111cb941485981fbb1e10b4547815ed003463f31fa80b62290,73b056d8793a910d8cb8481d6e1eeb91d65ea0cf86101ca8b851d24676750ec6,70dd02d23d94f66668531568b4d39da8f25bcf0429553a1e886311f8dcd47683,pass
C:\Users\Jupyter\Desktop\found_training_project\revision_outputs\cg_suite\E2_primary_multiseed\spatial_tile\grid_256\random_forest\linear\split_seed_46,random_forest,1.392020521843021,1.9377211332321167,1.9377211332321167,1.392020521843021,1.9377211332321167,0.0,7806,0369aeec419b92d7d0e0f07e27794da8e25c9832f097a78f5cc81e0e79755967,1e59eb26cb015535fc837f588d10b6c675b78ad23f6259fdd0725a814f18b221,b147155d168780531b89106b8cff37420d8650cce600f3ae472a5a857fa46329,60a22fc3daa7e54b52f3cabd36a457e9adf96a3adc7a7fdb7c23525ff09a0bcb,eeff43086a70bc562452643fc87c14e6bf8652a3b07325bd14374133f71db94d,64c595eb3a8744893c82953b7fc8aa85bfdd7c2cb136c3e0e6596e503424b9b4,pass
C:\Users\Jupyter\Desktop\found_training_project\revision_outputs\cg_suite\E2_primary_multiseed\spatial_tile\grid_256\persistence\linear\split_seed_42,persistence,1.5689308578982168,2.4615440368652344,2.461544036865235,1.5689308578982168,2.4615440368652344,4.440892098500626e-16,8128,9a48065e98df9bb0200b16e885c5e0f98373d92e1fd0195829a8f8628f9ede66,1e59eb26cb015535fc837f588d10b6c675b78ad23f6259fdd0725a814f18b221,aa87bd7754c73033f6fbca318704cb344d8f8307fb9362cf868f12dc9d85a42e,86802cff653fafc25d0d85b848c6686e02f0f63ad37cc3e36584163062b4b854,c845bb63853493d490d95e89d5125d17bd73aad4fe592a7acc413178a478f2bc,a9db0ff97d701daa22a743a40c61ffdab03dd1bab93e20b72d33bd62da347c05,pass
C:\Users\Jupyter\Desktop\found_training_project\revision_outputs\cg_suite\E2_primary_multiseed\spatial_tile\grid_256\persistence\linear\split_seed_43,persistence,1.7081644936220628,2.917825937271118,2.917825937271118,1.7081644936220628,2.917825937271118,0.0,7801,9a48065e98df9bb0200b16e885c5e0f98373d92e1fd0195829a8f8628f9ede66,1e59eb26cb015535fc837f588d10b6c675b78ad23f6259fdd0725a814f18b221,b323933f7c125c832058aa2565acec87c0366ed7ad0b10fe8efeb214892db378,464700166aec473ceb72c9b3ad553b2a9ae7260ae7ec8c7f3d03e6c7208d8b2f,52f5e80a90377eebd8663707eff4c4e134646d4055e30b5ba770ab17b96bec5f,a9db0ff97d701daa22a743a40c61ffdab03dd1bab93e20b72d33bd62da347c05,pass
C:\Users\Jupyter\Desktop\found_training_project\revision_outputs\cg_suite\E2_primary_multiseed\spatial_tile\grid_256\persistence\linear\split_seed_44,persistence,1.465097878346903,2.1465117931365967,2.1465117931365967,1.465097878346903,2.1465117931365967,0.0,8155,9a48065e98df9bb0200b16e885c5e0f98373d92e1fd0195829a8f8628f9ede66,1e59eb26cb015535fc837f588d10b6c675b78ad23f6259fdd0725a814f18b221,dc4e472d4ff09f561e1361da6f2d4a7c3bb5470862a13b149e680a480bc8139b,a866295c1d00632fcef681b259935ca0b51841745da78c111649e8dd490427f9,17f5f1f0e008603dbf3ef2de917d8870a8ee6a60a47f4fd3bf3aa6f60bdefc6c,a9db0ff97d701daa22a743a40c61ffdab03dd1bab93e20b72d33bd62da347c05,pass
C:\Users\Jupyter\Desktop\found_training_project\revision_outputs\cg_suite\E2_primary_multiseed\spatial_tile\grid_256\persistence\linear\split_seed_45,persistence,1.5651321366318558,2.449638605117798,2.4496386051177983,1.5651321366318558,2.449638605117798,4.440892098500626e-16,8483,9a48065e98df9bb0200b16e885c5e0f98373d92e1fd0195829a8f8628f9ede66,1e59eb26cb015535fc837f588d10b6c675b78ad23f6259fdd0725a814f18b221,9f4427996aac0677942e3dcb92a43587024aa3e8af163de64f4941b1377e52b0,f7d28aeb534ecb111cb941485981fbb1e10b4547815ed003463f31fa80b62290,69ce6e4b32de4c875435f0151bc4be026d1633e9e4d653b12f9be06357020d59,a9db0ff97d701daa22a743a40c61ffdab03dd1bab93e20b72d33bd62da347c05,pass
C:\Users\Jupyter\Desktop\found_training_project\revision_outputs\cg_suite\E2_primary_multiseed\spatial_tile\grid_256\persistence\linear\split_seed_46,persistence,1.4870989250775883,2.211463212966919,2.2114632129669185,1.4870989250775883,2.211463212966919,4.440892098500626e-16,7806,9a48065e98df9bb0200b16e885c5e0f98373d92e1fd0195829a8f8628f9ede66,1e59eb26cb015535fc837f588d10b6c675b78ad23f6259fdd0725a814f18b221,b147155d168780531b89106b8cff37420d8650cce600f3ae472a5a857fa46329,60a22fc3daa7e54b52f3cabd36a457e9adf96a3adc7a7fdb7c23525ff09a0bcb,840b893663a08e257cb7bb9f8f84683258c1512d0401f131ac1f187276d78a3e,a9db0ff97d701daa22a743a40c61ffdab03dd1bab93e20b72d33bd62da347c05,pass
C:\Users\Jupyter\Desktop\found_training_project\revision_outputs\cg_suite\E2_primary_multiseed\spatial_tile\grid_256\linear_trend\linear\split_seed_42,linear_trend,2.034707515983107,4.1400346755981445,4.140034675598145,2.034707515983107,4.1400346755981445,8.881784197001252e-16,8128,d00c224ce233eff213bc85251b716fa8c4b2424d8882c73dee8aca3b0dbaeab9,1e59eb26cb015535fc837f588d10b6c675b78ad23f6259fdd0725a814f18b221,aa87bd7754c73033f6fbca318704cb344d8f8307fb9362cf868f12dc9d85a42e,86802cff653fafc25d0d85b848c6686e02f0f63ad37cc3e36584163062b4b854,1b83b54ec5c3259ac794e7c5682a33045459d80dd02c8574ac60eff5ce8c0825,3706e03fc22297662225e363d4f7f7c397bb52bf88d83b259448a94dc59bba0d,pass
C:\Users\Jupyter\Desktop\found_training_project\revision_outputs\cg_suite\E2_primary_multiseed\spatial_tile\grid_256\linear_trend\linear\split_seed_43,linear_trend,2.115038016408228,4.473385810852051,4.473385810852051,2.115038016408228,4.473385810852051,0.0,7801,d00c224ce233eff213bc85251b716fa8c4b2424d8882c73dee8aca3b0dbaeab9,1e59eb26cb015535fc837f588d10b6c675b78ad23f6259fdd0725a814f18b221,b323933f7c125c832058aa2565acec87c0366ed7ad0b10fe8efeb214892db378,464700166aec473ceb72c9b3ad553b2a9ae7260ae7ec8c7f3d03e6c7208d8b2f,cb03b73359c61b6c01aa92aeeca8f381cb77ab076c13f3bb2709d8cf6461ba8b,3706e03fc22297662225e363d4f7f7c397bb52bf88d83b259448a94dc59bba0d,pass
C:\Users\Jupyter\Desktop\found_training_project\revision_outputs\cg_suite\E2_primary_multiseed\spatial_tile\grid_256\linear_trend\linear\split_seed_44,linear_trend,1.968411734449157,3.8746447563171387,3.8746447563171382,1.968411734449157,3.8746447563171387,4.440892098500626e-16,8155,d00c224ce233eff213bc85251b716fa8c4b2424d8882c73dee8aca3b0dbaeab9,1e59eb26cb015535fc837f588d10b6c675b78ad23f6259fdd0725a814f18b221,dc4e472d4ff09f561e1361da6f2d4a7c3bb5470862a13b149e680a480bc8139b,a866295c1d00632fcef681b259935ca0b51841745da78c111649e8dd490427f9,8e30a7d570873005b3ab1d5202d6bbf38be427f0c1a6545515e10706915ed97a,3706e03fc22297662225e363d4f7f7c397bb52bf88d83b259448a94dc59bba0d,pass
C:\Users\Jupyter\Desktop\found_training_project\revision_outputs\cg_suite\E2_primary_multiseed\spatial_tile\grid_256\linear_trend\linear\split_seed_45,linear_trend,1.9634798750189655,3.855253219604492,3.855253219604492,1.9634798750189655,3.855253219604492,0.0,8483,d00c224ce233eff213bc85251b716fa8c4b2424d8882c73dee8aca3b0dbaeab9,1e59eb26cb015535fc837f588d10b6c675b78ad23f6259fdd0725a814f18b221,9f4427996aac0677942e3dcb92a43587024aa3e8af163de64f4941b1377e52b0,f7d28aeb534ecb111cb941485981fbb1e10b4547815ed003463f31fa80b62290,305cfe08a418e1b82945d11094196aa1d96eb2ed0624493d492b1d2d7b3c5fd9,3706e03fc22297662225e363d4f7f7c397bb52bf88d83b259448a94dc59bba0d,pass
C:\Users\Jupyter\Desktop\found_training_project\revision_outputs\cg_suite\E2_primary_multiseed\spatial_tile\grid_256\linear_trend\linear\split_seed_46,linear_trend,1.930909545913405,3.7284116744995117,3.7284116744995117,1.930909545913405,3.7284116744995117,0.0,7806,d00c224ce233eff213bc85251b716fa8c4b2424d8882c73dee8aca3b0dbaeab9,1e59eb26cb015535fc837f588d10b6c675b78ad23f6259fdd0725a814f18b221,b147155d168780531b89106b8cff37420d8650cce600f3ae472a5a857fa46329,60a22fc3daa7e54b52f3cabd36a457e9adf96a3adc7a7fdb7c23525ff09a0bcb,f2b74fe1f95dbdbf4eab8b9bfef6a0093c4fedd464ab1b80f95fa445e957d944,3706e03fc22297662225e363d4f7f7c397bb52bf88d83b259448a94dc59bba0d,pass
C:\Users\Jupyter\Desktop\found_training_project\revision_outputs\cg_suite\E2_primary_multiseed\spatial_tile\grid_256\lightgbm\linear\split_seed_42,lightgbm,2.019831090984689,4.079717636108398,4.079717636108399,2.019831090984689,4.079717636108398,8.881784197001252e-16,8128,3c65f5400fc24fd7ede42b25340623836ffd58e50691cdddb34401597a249c33,1e59eb26cb015535fc837f588d10b6c675b78ad23f6259fdd0725a814f18b221,aa87bd7754c73033f6fbca318704cb344d8f8307fb9362cf868f12dc9d85a42e,86802cff653fafc25d0d85b848c6686e02f0f63ad37cc3e36584163062b4b854,041c0a2ba7461bd9ec734dc8a9c68b918761439e4c6b1c4f47a9dc7e0dd63b5a,a4d807a0e778d621935166e134c08c893dd9516220b394cc0beec378d51e5515,pass
C:\Users\Jupyter\Desktop\found_training_project\revision_outputs\cg_suite\E2_primary_multiseed\spatial_tile\grid_256\lightgbm\linear\split_seed_43,lightgbm,2.5949125327361746,6.7335710525512695,6.733571052551269,2.5949125327361746,6.7335710525512695,8.881784197001252e-16,7801,48c4f48500c02ad7ff03b7609a16d7daeea5cf6a5374913fef4538a8926429eb,1e59eb26cb015535fc837f588d10b6c675b78ad23f6259fdd0725a814f18b221,b323933f7c125c832058aa2565acec87c0366ed7ad0b10fe8efeb214892db378,464700166aec473ceb72c9b3ad553b2a9ae7260ae7ec8c7f3d03e6c7208d8b2f,a848a4b72c4adddd5f4f44945d6d8930e843cf9c35504def87ac7fd074084b17,22485cb2de796022212f19aa6c5cb7176cda6a372cf34b9d20c319676bdb93a3,pass
C:\Users\Jupyter\Desktop\found_training_project\revision_outputs\cg_suite\E2_primary_multiseed\spatial_tile\grid_256\lightgbm\linear\split_seed_44,lightgbm,2.470117600610535,6.101480960845947,6.101480960845947,2.470117600610535,6.101480960845947,0.0,8155,80e85bf34a4b22398c7ccbe4862bd0b805dbc87aa4f5ae3a360e68df127eaf5e,1e59eb26cb015535fc837f588d10b6c675b78ad23f6259fdd0725a814f18b221,dc4e472d4ff09f561e1361da6f2d4a7c3bb5470862a13b149e680a480bc8139b,a866295c1d00632fcef681b259935ca0b51841745da78c111649e8dd490427f9,6890cfd7844a5c01eb3f3180cb29c0b89265e87c71aabb46a826a5bfca2521d8,01b3978d7a666b69302c77259899cf42e9b5e58d18ef07c1fcb88c76f6a7dae0,pass
C:\Users\Jupyter\Desktop\found_training_project\revision_outputs\cg_suite\E2_primary_multiseed\spatial_tile\grid_256\lightgbm\linear\split_seed_45,lightgbm,1.4630320828219083,2.140462875366211,2.1404628753662114,1.4630320828219083,2.140462875366211,4.440892098500626e-16,8483,81ce53bc070cbab2427e073ec9b6e815336b8b63893cf3f46edc6a9ec0a77219,1e59eb26cb015535fc837f588d10b6c675b78ad23f6259fdd0725a814f18b221,9f4427996aac0677942e3dcb92a43587024aa3e8af163de64f4941b1377e52b0,f7d28aeb534ecb111cb941485981fbb1e10b4547815ed003463f31fa80b62290,31fa85f57d13e22764a18e9f01c5967a31c36e14c2c1d1073f859be5e0ed1e02,440e33ee19fb8d31fa1687a172cb39ff5a90778c08cebd3100dc10130b9c7722,pass
C:\Users\Jupyter\Desktop\found_training_project\revision_outputs\cg_suite\E2_primary_multiseed\spatial_tile\grid_256\lightgbm\linear\split_seed_46,lightgbm,1.7664507395065252,3.1203482151031494,3.12034821510315,1.7664507395065252,3.1203482151031494,4.440892098500626e-16,7806,351ac5df3c290913b9ea52ad75ef720c0d5a9317c41ba144547c6cd7159ae197,1e59eb26cb015535fc837f588d10b6c675b78ad23f6259fdd0725a814f18b221,b147155d168780531b89106b8cff37420d8650cce600f3ae472a5a857fa46329,60a22fc3daa7e54b52f3cabd36a457e9adf96a3adc7a7fdb7c23525ff09a0bcb,6a8194e53baeea835a5e6ba2161a5ba194ecdf6def4243b256ef6b8e840400a1,1b4199b446f371ef78b618b5de873da11f5071902e47aad4f05dd849e9abccef,pass
C:\Users\Jupyter\Desktop\found_training_project\revision_outputs\cg_suite\E2_primary_multiseed\spatial_tile\grid_256\lasso\linear\split_seed_42,lasso,1.3897747483689284,1.9314738512039185,1.9314738512039185,1.3897747483689284,1.9314738512039185,0.0,8128,2edc60badd0408642897e991645fabae765e9efd005009d7014b078471b24d62,1e59eb26cb015535fc837f588d10b6c675b78ad23f6259fdd0725a814f18b221,aa87bd7754c73033f6fbca318704cb344d8f8307fb9362cf868f12dc9d85a42e,86802cff653fafc25d0d85b848c6686e02f0f63ad37cc3e36584163062b4b854,97da87d822f24a7f204575575a55002e4e72c2cecd682a71f41f4682ced194b3,e1e228aeba95ba344944513c3829c375f60f7467c75f865f5efb53b206c57ef1,pass
C:\Users\Jupyter\Desktop\found_training_project\revision_outputs\cg_suite\E2_primary_multiseed\spatial_tile\grid_256\lasso\linear\split_seed_43,lasso,1.4530274553271347,2.1112887859344482,2.1112887859344487,1.4530274553271347,2.1112887859344482,4.440892098500626e-16,7801,742d4b3c12af466805f4962f8d7b87165bba75026f40e0eaffcf9ae1dd8a3ccf,1e59eb26cb015535fc837f588d10b6c675b78ad23f6259fdd0725a814f18b221,b323933f7c125c832058aa2565acec87c0366ed7ad0b10fe8efeb214892db378,464700166aec473ceb72c9b3ad553b2a9ae7260ae7ec8c7f3d03e6c7208d8b2f,28250735a09d06ddd9e7a837302d6fae3587f7be8c423a97202a6ae530fa406e,3546e62a639d8b78781f7a816d5aa5e775f4a8bb36f4ee350bd3d60b64bff598,pass
C:\Users\Jupyter\Desktop\found_training_project\revision_outputs\cg_suite\E2_primary_multiseed\spatial_tile\grid_256\lasso\linear\split_seed_44,lasso,1.3025540480135636,1.696647047996521,1.6966470479965208,1.3025540480135636,1.696647047996521,2.220446049250313e-16,8155,b608fab3a933fd89d1dc25e91b4ed33f2f1aeb178c541d898d018a1441dff29d,1e59eb26cb015535fc837f588d10b6c675b78ad23f6259fdd0725a814f18b221,dc4e472d4ff09f561e1361da6f2d4a7c3bb5470862a13b149e680a480bc8139b,a866295c1d00632fcef681b259935ca0b51841745da78c111649e8dd490427f9,9c28d5fbd61225f2b70a4676331c84ff47e8ade0cb89fe46b76d9d74244baff7,c4a03df9519f3ccb4bf0f469bda8cc1affef077edf12ff5b828cdac38a8b3c83,pass
C:\Users\Jupyter\Desktop\found_training_project\revision_outputs\cg_suite\E2_primary_multiseed\spatial_tile\grid_256\lasso\linear\split_seed_45,lasso,1.4257530732179415,2.0327718257904053,2.032771825790405,1.4257530732179415,2.0327718257904053,4.440892098500626e-16,8483,eb2c81ee6e46ae0d8ac1bdf9c4f303c10228fab6fe3f72cf53984157cff08da1,1e59eb26cb015535fc837f588d10b6c675b78ad23f6259fdd0725a814f18b221,9f4427996aac0677942e3dcb92a43587024aa3e8af163de64f4941b1377e52b0,f7d28aeb534ecb111cb941485981fbb1e10b4547815ed003463f31fa80b62290,f23eed1b5ce67c9c9bbc02c1b1541b6aafd59a36fa01755e24be41a30a7b1638,5a8375495e9fb8cffc03da8a5f368188a67400ddb3b4bd355a5737e010cf5386,pass
C:\Users\Jupyter\Desktop\found_training_project\revision_outputs\cg_suite\E2_primary_multiseed\spatial_tile\grid_256\lasso\linear\split_seed_46,lasso,1.3468093643658265,1.8138954639434814,1.8138954639434817,1.3468093643658265,1.8138954639434814,2.220446049250313e-16,7806,0c8d207dade03b7ff9c6023b7fd6e5d26c7b74d748c443050182c4e0c67a894a,1e59eb26cb015535fc837f588d10b6c675b78ad23f6259fdd0725a814f18b221,b147155d168780531b89106b8cff37420d8650cce600f3ae472a5a857fa46329,60a22fc3daa7e54b52f3cabd36a457e9adf96a3adc7a7fdb7c23525ff09a0bcb,eb6abc752fea7bf6a0a4bee726a88c06116f8641001623e9c470b7f8bcc7112f,813f7df74112c23ad98b13c031eeebd8c3bcbf573f4cab777d03204b45c75700,pass
C:\Users\Jupyter\Desktop\found_training_project\revision_outputs\cg_suite\E2_primary_multiseed\spatial_tile\grid_256\cnn_tcn\linear\split_seed_42,cnn_tcn,7.514955994457507,56.47456359863281,56.47456359863282,7.514955994457507,56.47456359863281,7.105427357601002e-15,8128,bdd98f23ebdc56bf336d4071ae49db51368e0fcb68c7f123757e09bc628fec4c,1e59eb26cb015535fc837f588d10b6c675b78ad23f6259fdd0725a814f18b221,aa87bd7754c73033f6fbca318704cb344d8f8307fb9362cf868f12dc9d85a42e,86802cff653fafc25d0d85b848c6686e02f0f63ad37cc3e36584163062b4b854,d0f25ce42213adeb397e7f7ac84ad885e7657f6e11b350a055f7522a9002eb60,436e191688df29311e1ae97d7bce7df982f483776dadd2b2b50d92cb6f5a7eb1,pass
C:\Users\Jupyter\Desktop\found_training_project\revision_outputs\cg_suite\E2_primary_multiseed\spatial_tile\grid_256\cnn_tcn\linear\split_seed_43,cnn_tcn,8.10455237666302,65.68376922607422,65.68376922607422,8.10455237666302,65.68376922607422,0.0,7801,ce8d0e9dd432cfed6c07e8fb67bdcc143059985d0634744fc5ac41ff1c947dff,1e59eb26cb015535fc837f588d10b6c675b78ad23f6259fdd0725a814f18b221,b323933f7c125c832058aa2565acec87c0366ed7ad0b10fe8efeb214892db378,464700166aec473ceb72c9b3ad553b2a9ae7260ae7ec8c7f3d03e6c7208d8b2f,281669d16ff780408ea0e145aa65505184714d2e1068c96f9efe138910aa9888,87b1f3eae2c830093aaaa8f4b3bb2293e2831409e6c463da39dec561b167529d,pass
C:\Users\Jupyter\Desktop\found_training_project\revision_outputs\cg_suite\E2_primary_multiseed\spatial_tile\grid_256\cnn_tcn\linear\split_seed_44,cnn_tcn,7.636038872389567,58.30908966064453,58.30908966064453,7.636038872389567,58.30908966064453,0.0,8155,5e5466b06e4cce1da25c8e4ac1b451e9ebd5be935c4412a4cb6068dda12ca003,1e59eb26cb015535fc837f588d10b6c675b78ad23f6259fdd0725a814f18b221,dc4e472d4ff09f561e1361da6f2d4a7c3bb5470862a13b149e680a480bc8139b,a866295c1d00632fcef681b259935ca0b51841745da78c111649e8dd490427f9,5425ae26c12a0e72ce23004f150f07a58b825284b4c7452006543f105a7f8b00,f5474b0565312d339c2881b907fb23f3f58ce89fd1972615d785d1480c93dde6,pass
C:\Users\Jupyter\Desktop\found_training_project\revision_outputs\cg_suite\E2_primary_multiseed\spatial_tile\grid_256\cnn_tcn\linear\split_seed_45,cnn_tcn,6.807307513062163,46.33943557739258,46.33943557739257,6.807307513062163,46.33943557739258,7.105427357601002e-15,8483,2f59e4611efe43ee18eea2b93ea2bf1fe49ed5297d8d1a14f75a146afce09bec,1e59eb26cb015535fc837f588d10b6c675b78ad23f6259fdd0725a814f18b221,9f4427996aac0677942e3dcb92a43587024aa3e8af163de64f4941b1377e52b0,f7d28aeb534ecb111cb941485981fbb1e10b4547815ed003463f31fa80b62290,82a3b5fcec98ef821928b6fc0eff759a2551537ccfe3ea816a5ff8c6a680175a,8b938306c323bddc474f97c9ba795c3590b59d84fc9d62e59c31fc9589992b19,pass
C:\Users\Jupyter\Desktop\found_training_project\revision_outputs\cg_suite\E2_primary_multiseed\spatial_tile\grid_256\cnn_tcn\linear\split_seed_46,cnn_tcn,6.621993624320917,43.850799560546875,43.85079956054688,6.621993624320917,43.850799560546875,7.105427357601002e-15,7806,27cf74cca0cf151b377a0a2d49e8789c582dfac23a3421886285f596a2fd945f,1e59eb26cb015535fc837f588d10b6c675b78ad23f6259fdd0725a814f18b221,b147155d168780531b89106b8cff37420d8650cce600f3ae472a5a857fa46329,60a22fc3daa7e54b52f3cabd36a457e9adf96a3adc7a7fdb7c23525ff09a0bcb,9ad742a561f121c46f6d86ea313a07620ed1e0c5b3edb8ce1eaf1ec9989e9e9d,3b85e7802d0231d57bfdb3f17d6fab747164adc394c8ec646849f80a76175efb,pass
C:\Users\Jupyter\Desktop\found_training_project\revision_outputs\cg_suite\E2_primary_multiseed\spatial_tile\grid_256\cnn_lstm_maskaware\linear\split_seed_42,cnn_lstm_maskaware,7.524633009570031,56.62010192871094,56.62010192871094,7.524633009570031,56.62010192871094,0.0,8128,12c60a19aa7a076784bea304cf7cdd1d37a7bc3ba5e1091a7cf00431abb983c8,1e59eb26cb015535fc837f588d10b6c675b78ad23f6259fdd0725a814f18b221,aa87bd7754c73033f6fbca318704cb344d8f8307fb9362cf868f12dc9d85a42e,86802cff653fafc25d0d85b848c6686e02f0f63ad37cc3e36584163062b4b854,0a93a947d87d488572a52dd45a269711daaf4b6055fdf4d0f5c3ca288f8d7893,ab667025d07708e6ca08c02add6cf8167b5efdd64078b02e966381942a3f678b,pass
C:\Users\Jupyter\Desktop\found_training_project\revision_outputs\cg_suite\E2_primary_multiseed\spatial_tile\grid_256\cnn_lstm_maskaware\linear\split_seed_43,cnn_lstm_maskaware,8.105707357180735,65.7024917602539,65.7024917602539,8.105707357180735,65.7024917602539,0.0,7801,1cbd3f716e022f493c27af140ce18b518852e5248dbeb8f4f5bd438bc958f69c,1e59eb26cb015535fc837f588d10b6c675b78ad23f6259fdd0725a814f18b221,b323933f7c125c832058aa2565acec87c0366ed7ad0b10fe8efeb214892db378,464700166aec473ceb72c9b3ad553b2a9ae7260ae7ec8c7f3d03e6c7208d8b2f,10548909ff0bd7f5cafa7ce8b0b2f62325f017b963b4308351a8a9b7554c3a21,b4988d3b40cd31ddec218e63f044193ae2b03a55398e891c62c5878b36ef0dfa,pass
C:\Users\Jupyter\Desktop\found_training_project\revision_outputs\cg_suite\E2_primary_multiseed\spatial_tile\grid_256\cnn_lstm_maskaware\linear\split_seed_44,cnn_lstm_maskaware,7.63848984417793,58.346527099609375,58.34652709960938,7.63848984417793,58.346527099609375,7.105427357601002e-15,8155,4d5d8abc50d6088d5ef74d23ec6318688aa34ad2df098a73948d8cf36dd8ba9e,1e59eb26cb015535fc837f588d10b6c675b78ad23f6259fdd0725a814f18b221,dc4e472d4ff09f561e1361da6f2d4a7c3bb5470862a13b149e680a480bc8139b,a866295c1d00632fcef681b259935ca0b51841745da78c111649e8dd490427f9,862133cdeb07c1f5dbbc01523aae76602a5ac42dbe2191382734a2489a0900da,eee6d8c5315017911fb613f0158c5292eeb7154625de822e96ca68c61a6266ff,pass
C:\Users\Jupyter\Desktop\found_training_project\revision_outputs\cg_suite\E2_primary_multiseed\spatial_tile\grid_256\cnn_lstm_maskaware\linear\split_seed_45,cnn_lstm_maskaware,6.818299231240756,46.48920440673828,46.48920440673828,6.818299231240756,46.48920440673828,0.0,8483,62e7e114ae7e553274fa3720f4f9b10da26eb61babd42d45c162b2b215755608,1e59eb26cb015535fc837f588d10b6c675b78ad23f6259fdd0725a814f18b221,9f4427996aac0677942e3dcb92a43587024aa3e8af163de64f4941b1377e52b0,f7d28aeb534ecb111cb941485981fbb1e10b4547815ed003463f31fa80b62290,9a9a0021a3813334069eedc261c294585428ba59188f85fc330ec653a2b2af84,d3eae352348885dee1c4451c2c41689dbf3ce0d26771f6c9c1088f75bf32ad3e,pass
C:\Users\Jupyter\Desktop\found_training_project\revision_outputs\cg_suite\E2_primary_multiseed\spatial_tile\grid_256\cnn_lstm_maskaware\linear\split_seed_46,cnn_lstm_maskaware,6.630424438055211,43.962528228759766,43.962528228759766,6.630424438055211,43.962528228759766,0.0,7806,3516210a68f78d290b4156fc755bb2ea63fb93371722c836c413611ee13e2640,1e59eb26cb015535fc837f588d10b6c675b78ad23f6259fdd0725a814f18b221,b147155d168780531b89106b8cff37420d8650cce600f3ae472a5a857fa46329,60a22fc3daa7e54b52f3cabd36a457e9adf96a3adc7a7fdb7c23525ff09a0bcb,2d9d93879751ee6cd4d8b81e85f7b771ca5345c14868c07091ebe1170485c388,10f92f8b1de0414fb0bbcfebed7f622d4f47cb2ba3b0a9b7c8ae8363df467483,pass
C:\Users\Jupyter\Desktop\found_training_project\revision_outputs\cg_suite\E3_mask_ablation\spatial_tile\grid_256\cnn_lstm_nolossmask\linear\split_seed_42,cnn_lstm_nolossmask,5.69072254815829,32.38432312011719,32.38432312011719,7.071937669315365,50.01230239868164,0.0,8128,cf3e882e216ed6cff91b7b2f4da0f16803c6b7e0249bf3910feb20cc0d01a801,1e59eb26cb015535fc837f588d10b6c675b78ad23f6259fdd0725a814f18b221,aa87bd7754c73033f6fbca318704cb344d8f8307fb9362cf868f12dc9d85a42e,d2c81c89f2f686840d49dfdda02ccfca1d21f3126f64f3a8240255c69afdf164,3c52a1f05cea00c128f2d773053c6c5ff552212d963310f6214b82c58b5c3174,ef3797ad0ea04e150b0d9cabb663a64e6a878ef7aadd91e530239a5ff1e916a1,pass
C:\Users\Jupyter\Desktop\found_training_project\revision_outputs\cg_suite\E3_mask_ablation\spatial_tile\grid_256\cnn_lstm_nolossmask\linear\split_seed_43,cnn_lstm_nolossmask,5.747065583180935,33.02876281738281,33.02876281738282,7.737222289985498,59.86460876464844,7.105427357601002e-15,7801,882a284e48828b45b13e4b20370641b901bd18cdd4f50ee186717bbd193e72dc,1e59eb26cb015535fc837f588d10b6c675b78ad23f6259fdd0725a814f18b221,b323933f7c125c832058aa2565acec87c0366ed7ad0b10fe8efeb214892db378,6aaf54ced951288004a470d425895ae79dfa97d3a7cd24ae54cd745763f3cef8,ff39b2c73649169e1391d1be484725e4f3883d3ae9e13b0424a2b82a32519337,6bedfbacbd52bba62dccbb5d86103592b449c32b426f179e858b78cf1cae98e9,pass
C:\Users\Jupyter\Desktop\found_training_project\revision_outputs\cg_suite\E3_mask_ablation\spatial_tile\grid_256\cnn_lstm_nolossmask\linear\split_seed_44,cnn_lstm_nolossmask,5.8203187264018705,33.8761100769043,33.87611007690429,7.352045057555096,54.05256652832031,7.105427357601002e-15,8155,5fb955d217fc79a053b0c41e99a178f85e10d2f26e70b28f3672a7925ccb0882,1e59eb26cb015535fc837f588d10b6c675b78ad23f6259fdd0725a814f18b221,dc4e472d4ff09f561e1361da6f2d4a7c3bb5470862a13b149e680a480bc8139b,7de6200939c2b12395bf7893ddb316923f7f580349170291a203f42c4df08142,f147f20fb045445647996c54e28f22d99e3f4b638b87ac353125982c7b1627f1,1ca4e4d1e7b7592a73934331e44dd9f05bff1e894f0d5db4c1ed737575be5a43,pass
C:\Users\Jupyter\Desktop\found_training_project\revision_outputs\cg_suite\E3_mask_ablation\spatial_tile\grid_256\cnn_lstm_nolossmask\linear\split_seed_45,cnn_lstm_nolossmask,5.673340327030329,32.186790466308594,32.186790466308594,6.292351624380487,39.59368896484375,0.0,8483,6dff817bd4d5b00aed9ed6b292d099196d82e420b111ca48c2b85d6a9c7453e0,1e59eb26cb015535fc837f588d10b6c675b78ad23f6259fdd0725a814f18b221,9f4427996aac0677942e3dcb92a43587024aa3e8af163de64f4941b1377e52b0,e83c25e44818d19ed70c6c3f71ef37f267cbf6aa1609d74f28b1962fec81b26e,14564be05d8687bd82c3adda6997b824b2cdac2befb8c8134f13a02080daea77,571777726637a902b306d55e0ba4ccb956da41002f0a66ea3e9a5978e48d0f65,pass
C:\Users\Jupyter\Desktop\found_training_project\revision_outputs\cg_suite\E3_mask_ablation\spatial_tile\grid_256\cnn_lstm_nolossmask\linear\split_seed_46,cnn_lstm_nolossmask,5.673425719916853,32.18775939941406,32.18775939941406,6.147930584845133,37.79705047607422,0.0,7806,6ad1d6c0eeed49eea6628f99a1a9473c35bf53c67db5f064be32837fd55f6462,1e59eb26cb015535fc837f588d10b6c675b78ad23f6259fdd0725a814f18b221,b147155d168780531b89106b8cff37420d8650cce600f3ae472a5a857fa46329,ade555db35428af12d89e3c8bffb639b36abd215ba7d970f5aeda89372c0f2db,429b2918a937dcc9fa0ed056c98c6e881b1932fd50dfe04a2d1cae0783116591,7bc3a7c17430b7e83c2b51b2b5360e4bc5bcecd8bdc53c3c7207afe3a5e9fed8,pass
C:\Users\Jupyter\Desktop\found_training_project\revision_outputs\cg_suite\E3_mask_ablation\spatial_tile\grid_256\cnn_lstm_noinputmask\linear\split_seed_42,cnn_lstm_noinputmask,7.523790392813984,56.607421875,56.607421875,7.523790392813984,56.607421875,0.0,8128,d6cf8b23110cd32fdd29e87b83bfc02d1e25e33ba6fa4314c392c58dd6f767a6,1e59eb26cb015535fc837f588d10b6c675b78ad23f6259fdd0725a814f18b221,aa87bd7754c73033f6fbca318704cb344d8f8307fb9362cf868f12dc9d85a42e,d2c81c89f2f686840d49dfdda02ccfca1d21f3126f64f3a8240255c69afdf164,110fd8846bdfedc42f004ab543be03b04176764b4f32f05cd7ed359b849aa791,23a2a625c64faddade9d2ffde075075f824fb81311f31171a794c0e23de09b85,pass
C:\Users\Jupyter\Desktop\found_training_project\revision_outputs\cg_suite\E3_mask_ablation\spatial_tile\grid_256\cnn_lstm_noinputmask\linear\split_seed_43,cnn_lstm_noinputmask,8.11513260503275,65.85537719726562,65.85537719726562,8.11513260503275,65.85537719726562,0.0,7801,1d99c6966fa70e802cc862e50cf6fb1acdf0c3e44b82d8af8258fcbb94036f98,1e59eb26cb015535fc837f588d10b6c675b78ad23f6259fdd0725a814f18b221,b323933f7c125c832058aa2565acec87c0366ed7ad0b10fe8efeb214892db378,6aaf54ced951288004a470d425895ae79dfa97d3a7cd24ae54cd745763f3cef8,2b30ce55bf2d21efa5f1da9113187e11a96b0f086062d277f4943f4038863b85,191ece360acbb32fac3784eba4176472bcc6c698aee968343e427c5d28834d7b,pass
C:\Users\Jupyter\Desktop\found_training_project\revision_outputs\cg_suite\E3_mask_ablation\spatial_tile\grid_256\cnn_lstm_noinputmask\linear\split_seed_44,cnn_lstm_noinputmask,7.6343186765600395,58.28282165527344,58.28282165527343,7.6343186765600395,58.28282165527344,7.105427357601002e-15,8155,f2b9c2eff373d49be7dbb496de106cd317831894575f76be6ee3c17b261b6d35,1e59eb26cb015535fc837f588d10b6c675b78ad23f6259fdd0725a814f18b221,dc4e472d4ff09f561e1361da6f2d4a7c3bb5470862a13b149e680a480bc8139b,7de6200939c2b12395bf7893ddb316923f7f580349170291a203f42c4df08142,71fd420cdfb3e1246eeb3a73575d482424b1e6b1fe2c8d4b2d84a18e272648a7,4f321ecf5ecc789d624e28a5a882b3bbf485ba2514c5b8930c2b422b71d225dd,pass
C:\Users\Jupyter\Desktop\found_training_project\revision_outputs\cg_suite\E3_mask_ablation\spatial_tile\grid_256\cnn_lstm_noinputmask\linear\split_seed_45,cnn_lstm_noinputmask,6.80788888527264,46.34735107421875,46.34735107421875,6.80788888527264,46.34735107421875,0.0,8483,18734fb17c56ca9297f7c997ce1887536545c4e0a592609c334646a8b31114e2,1e59eb26cb015535fc837f588d10b6c675b78ad23f6259fdd0725a814f18b221,9f4427996aac0677942e3dcb92a43587024aa3e8af163de64f4941b1377e52b0,e83c25e44818d19ed70c6c3f71ef37f267cbf6aa1609d74f28b1962fec81b26e,9ba4258ac3e4c00fb259fb97c40e680826ea64308b5e04df7b1a566363025a3f,5d7a84c7b5d14ca4bd18cf37680d2d72268806ccab90b3b04d02af573429621b,pass
C:\Users\Jupyter\Desktop\found_training_project\revision_outputs\cg_suite\E3_mask_ablation\spatial_tile\grid_256\cnn_lstm_noinputmask\linear\split_seed_46,cnn_lstm_noinputmask,6.622690338014636,43.86002731323242,43.860027313232415,6.622690338014636,43.86002731323242,7.105427357601002e-15,7806,dfe2e9aa5a76550ca5d8180f94ca25b109a24ac9e7046d2e337d940ad8076a92,1e59eb26cb015535fc837f588d10b6c675b78ad23f6259fdd0725a814f18b221,b147155d168780531b89106b8cff37420d8650cce600f3ae472a5a857fa46329,ade555db35428af12d89e3c8bffb639b36abd215ba7d970f5aeda89372c0f2db,b70c18d9a38334072b770de104530b24c085721503984c660e9b60261ddf77c5,b8febb2461e0b9e3089a740fbe5fd3648cbddf1acd3f841fa8e6c34f450e4f52,pass
C:\Users\Jupyter\Desktop\found_training_project\revision_outputs\cg_suite\E3_mask_ablation\spatial_tile\grid_256\cnn_lstm_metriconlymask\linear\split_seed_42,cnn_lstm_metriconlymask,7.071937669315365,50.01230239868164,50.01230239868164,7.071937669315365,50.01230239868164,0.0,8128,cf3e882e216ed6cff91b7b2f4da0f16803c6b7e0249bf3910feb20cc0d01a801,1e59eb26cb015535fc837f588d10b6c675b78ad23f6259fdd0725a814f18b221,aa87bd7754c73033f6fbca318704cb344d8f8307fb9362cf868f12dc9d85a42e,d2c81c89f2f686840d49dfdda02ccfca1d21f3126f64f3a8240255c69afdf164,b5bc1853834e267d43ad785e6d7c3c977d1025a082340271b17a9ee0d49a921e,ef3797ad0ea04e150b0d9cabb663a64e6a878ef7aadd91e530239a5ff1e916a1,pass
C:\Users\Jupyter\Desktop\found_training_project\revision_outputs\cg_suite\E3_mask_ablation\spatial_tile\grid_256\cnn_lstm_metriconlymask\linear\split_seed_43,cnn_lstm_metriconlymask,7.737222289985498,59.86460876464844,59.86460876464843,7.737222289985498,59.86460876464844,7.105427357601002e-15,7801,882a284e48828b45b13e4b20370641b901bd18cdd4f50ee186717bbd193e72dc,1e59eb26cb015535fc837f588d10b6c675b78ad23f6259fdd0725a814f18b221,b323933f7c125c832058aa2565acec87c0366ed7ad0b10fe8efeb214892db378,6aaf54ced951288004a470d425895ae79dfa97d3a7cd24ae54cd745763f3cef8,e6ab76553b30f045e17d9877b98519d182dedd01cae74b76f9fa5547fb14d180,6bedfbacbd52bba62dccbb5d86103592b449c32b426f179e858b78cf1cae98e9,pass
C:\Users\Jupyter\Desktop\found_training_project\revision_outputs\cg_suite\E3_mask_ablation\spatial_tile\grid_256\cnn_lstm_metriconlymask\linear\split_seed_44,cnn_lstm_metriconlymask,7.352045057555096,54.05256652832031,54.05256652832032,7.352045057555096,54.05256652832031,7.105427357601002e-15,8155,5fb955d217fc79a053b0c41e99a178f85e10d2f26e70b28f3672a7925ccb0882,1e59eb26cb015535fc837f588d10b6c675b78ad23f6259fdd0725a814f18b221,dc4e472d4ff09f561e1361da6f2d4a7c3bb5470862a13b149e680a480bc8139b,7de6200939c2b12395bf7893ddb316923f7f580349170291a203f42c4df08142,6b17e1a5516e58b97755dde3751737ae97d34cd56b27c2628698fe23e2f474f6,1ca4e4d1e7b7592a73934331e44dd9f05bff1e894f0d5db4c1ed737575be5a43,pass
C:\Users\Jupyter\Desktop\found_training_project\revision_outputs\cg_suite\E3_mask_ablation\spatial_tile\grid_256\cnn_lstm_metriconlymask\linear\split_seed_45,cnn_lstm_metriconlymask,6.292351624380487,39.59368896484375,39.59368896484375,6.292351624380487,39.59368896484375,0.0,8483,6dff817bd4d5b00aed9ed6b292d099196d82e420b111ca48c2b85d6a9c7453e0,1e59eb26cb015535fc837f588d10b6c675b78ad23f6259fdd0725a814f18b221,9f4427996aac0677942e3dcb92a43587024aa3e8af163de64f4941b1377e52b0,e83c25e44818d19ed70c6c3f71ef37f267cbf6aa1609d74f28b1962fec81b26e,8a5fb78d2fe704db25af23fe70f0dd8e5891070f7472054f7f3c0e0aa174a752,571777726637a902b306d55e0ba4ccb956da41002f0a66ea3e9a5978e48d0f65,pass
C:\Users\Jupyter\Desktop\found_training_project\revision_outputs\cg_suite\E3_mask_ablation\spatial_tile\grid_256\cnn_lstm_metriconlymask\linear\split_seed_46,cnn_lstm_metriconlymask,6.147930584845133,37.79705047607422,37.79705047607422,6.147930584845133,37.79705047607422,0.0,7806,6ad1d6c0eeed49eea6628f99a1a9473c35bf53c67db5f064be32837fd55f6462,1e59eb26cb015535fc837f588d10b6c675b78ad23f6259fdd0725a814f18b221,b147155d168780531b89106b8cff37420d8650cce600f3ae472a5a857fa46329,ade555db35428af12d89e3c8bffb639b36abd215ba7d970f5aeda89372c0f2db,7ce9a9a82bea4883f132c5ba6899618663628c1d480e1c72694d2494945cdac9,7bc3a7c17430b7e83c2b51b2b5360e4bc5bcecd8bdc53c3c7207afe3a5e9fed8,pass
C:\Users\Jupyter\Desktop\found_training_project\revision_outputs\cg_suite\E3_mask_ablation\spatial_tile\grid_256\cnn_lstm_maskaware\linear\split_seed_42,cnn_lstm_maskaware,7.524633009570031,56.62010192871094,56.62010192871094,7.524633009570031,56.62010192871094,0.0,8128,12c60a19aa7a076784bea304cf7cdd1d37a7bc3ba5e1091a7cf00431abb983c8,1e59eb26cb015535fc837f588d10b6c675b78ad23f6259fdd0725a814f18b221,aa87bd7754c73033f6fbca318704cb344d8f8307fb9362cf868f12dc9d85a42e,d2c81c89f2f686840d49dfdda02ccfca1d21f3126f64f3a8240255c69afdf164,7d90bfa617b5af7ebe95406baecd7fc222090656a762668ffcb26c82a26cc48f,ab667025d07708e6ca08c02add6cf8167b5efdd64078b02e966381942a3f678b,pass
C:\Users\Jupyter\Desktop\found_training_project\revision_outputs\cg_suite\E3_mask_ablation\spatial_tile\grid_256\cnn_lstm_maskaware\linear\split_seed_43,cnn_lstm_maskaware,8.105707357180735,65.7024917602539,65.7024917602539,8.105707357180735,65.7024917602539,0.0,7801,1cbd3f716e022f493c27af140ce18b518852e5248dbeb8f4f5bd438bc958f69c,1e59eb26cb015535fc837f588d10b6c675b78ad23f6259fdd0725a814f18b221,b323933f7c125c832058aa2565acec87c0366ed7ad0b10fe8efeb214892db378,6aaf54ced951288004a470d425895ae79dfa97d3a7cd24ae54cd745763f3cef8,4d265145f6d8976fd3a030b50024fd493fe4dd347678c76063c9fd531437e1d2,b4988d3b40cd31ddec218e63f044193ae2b03a55398e891c62c5878b36ef0dfa,pass
C:\Users\Jupyter\Desktop\found_training_project\revision_outputs\cg_suite\E3_mask_ablation\spatial_tile\grid_256\cnn_lstm_maskaware\linear\split_seed_44,cnn_lstm_maskaware,7.63848984417793,58.346527099609375,58.34652709960938,7.63848984417793,58.346527099609375,7.105427357601002e-15,8155,4d5d8abc50d6088d5ef74d23ec6318688aa34ad2df098a73948d8cf36dd8ba9e,1e59eb26cb015535fc837f588d10b6c675b78ad23f6259fdd0725a814f18b221,dc4e472d4ff09f561e1361da6f2d4a7c3bb5470862a13b149e680a480bc8139b,7de6200939c2b12395bf7893ddb316923f7f580349170291a203f42c4df08142,3c4e72733a938631b8d3c81d2368b82d4d1d552615103836e9f8f3da7d5bbacf,eee6d8c5315017911fb613f0158c5292eeb7154625de822e96ca68c61a6266ff,pass
C:\Users\Jupyter\Desktop\found_training_project\revision_outputs\cg_suite\E3_mask_ablation\spatial_tile\grid_256\cnn_lstm_maskaware\linear\split_seed_45,cnn_lstm_maskaware,6.818299231240756,46.48920440673828,46.48920440673828,6.818299231240756,46.48920440673828,0.0,8483,62e7e114ae7e553274fa3720f4f9b10da26eb61babd42d45c162b2b215755608,1e59eb26cb015535fc837f588d10b6c675b78ad23f6259fdd0725a814f18b221,9f4427996aac0677942e3dcb92a43587024aa3e8af163de64f4941b1377e52b0,e83c25e44818d19ed70c6c3f71ef37f267cbf6aa1609d74f28b1962fec81b26e,9fd0a78ddbbe3c5f7e979e9fb631be7556ce55f08925c98bcf5a92842b7c9937,d3eae352348885dee1c4451c2c41689dbf3ce0d26771f6c9c1088f75bf32ad3e,pass
C:\Users\Jupyter\Desktop\found_training_project\revision_outputs\cg_suite\E3_mask_ablation\spatial_tile\grid_256\cnn_lstm_maskaware\linear\split_seed_46,cnn_lstm_maskaware,6.630424438055211,43.962528228759766,43.962528228759766,6.630424438055211,43.962528228759766,0.0,7806,3516210a68f78d290b4156fc755bb2ea63fb93371722c836c413611ee13e2640,1e59eb26cb015535fc837f588d10b6c675b78ad23f6259fdd0725a814f18b221,b147155d168780531b89106b8cff37420d8650cce600f3ae472a5a857fa46329,ade555db35428af12d89e3c8bffb639b36abd215ba7d970f5aeda89372c0f2db,5cdd969aa05ece96713a65583ae2131a89baed9567e07b15499e3d6154b217d6,10f92f8b1de0414fb0bbcfebed7f622d4f47cb2ba3b0a9b7c8ae8363df467483,pass
C:\Users\Jupyter\Desktop\found_training_project\revision_outputs\cg_suite\E4_interpolation_sensitivity\spatial_tile\grid_256\rbf\persistence\rbf\split_seed_42,persistence,1.2852666279893807,1.6519103050231934,1.6519103050231931,1.2852666279893807,1.6519103050231934,2.220446049250313e-16,9216,313fb279059e5c55bf7cf26f76a448f45faa18c4db77d0686103a0e582b877af,26672cefa670e8fe9bac823023cbd6d892c89d5d54f8079a9913e24d3b87d1c1,a179309a12a5b41eb9f99bac78a2c1982728c3aa6326ca24c130f57d4a3b4c78,57ee6323e75b7ee39288594b3fc90a40cc71bae10ccbebb20c393d7634a4b8a7,1d0f9297330941188193715fad9fbdb29597556e6c43728ccfa3ccb584af53e6,efe6383a4c1cbbb7b0bef120655f334a1bf70cd5b439d24122348c7d7919f0b8,pass
C:\Users\Jupyter\Desktop\found_training_project\revision_outputs\cg_suite\E4_interpolation_sensitivity\spatial_tile\grid_256\rbf\persistence\rbf\split_seed_43,persistence,1.4838366686761253,2.2017712593078613,2.2017712593078613,1.4838366686761253,2.2017712593078613,0.0,9216,313fb279059e5c55bf7cf26f76a448f45faa18c4db77d0686103a0e582b877af,26672cefa670e8fe9bac823023cbd6d892c89d5d54f8079a9913e24d3b87d1c1,8618034f74df22bb8f2b19f0df1ae6a3ec5fcdd02cee9d5e48131dfd5f6ab24b,f65e0ab0eaa06ed537a43bab00e7540de126da9d32440c0b07caee7eee90599b,f08b6e60e4995579438823f056620d39e07f2a9dd0a44d2ba2387bf498d30b28,efe6383a4c1cbbb7b0bef120655f334a1bf70cd5b439d24122348c7d7919f0b8,pass
C:\Users\Jupyter\Desktop\found_training_project\revision_outputs\cg_suite\E4_interpolation_sensitivity\spatial_tile\grid_256\rbf\persistence\rbf\split_seed_44,persistence,1.4089456788225736,1.9851279258728027,1.9851279258728027,1.4089456788225736,1.9851279258728027,0.0,9216,313fb279059e5c55bf7cf26f76a448f45faa18c4db77d0686103a0e582b877af,26672cefa670e8fe9bac823023cbd6d892c89d5d54f8079a9913e24d3b87d1c1,b6f77dfdb1a47e344c555f93c1d5e4d6631bc7065b194c0820ab88ab1c96f928,13a326c3031bddd8c293a0e1539ff1a90ce868b94970323e2a44505887e2d7f2,d5ca82fff8f0ecbfd1878caad438d0150fe4e82c0aa119f2b6d016bd96ce3265,efe6383a4c1cbbb7b0bef120655f334a1bf70cd5b439d24122348c7d7919f0b8,pass
C:\Users\Jupyter\Desktop\found_training_project\revision_outputs\cg_suite\E4_interpolation_sensitivity\spatial_tile\grid_256\rbf\persistence\rbf\split_seed_45,persistence,1.4652462012256844,2.146946430206299,2.146946430206299,1.4652462012256844,2.146946430206299,0.0,9216,313fb279059e5c55bf7cf26f76a448f45faa18c4db77d0686103a0e582b877af,26672cefa670e8fe9bac823023cbd6d892c89d5d54f8079a9913e24d3b87d1c1,9b4d56d755a687cabe862c1bdbbfb32b6fd7d7f5aa302dddb8aaa0730214ad21,e0373f0ce89950fa87b760e41ed6ca44246594b206d597c083c0dd6c16cd41ce,3082ca1f84a56bc9beae414b3bedcd9aea6da2b442978d6a73076480fda1bca4,efe6383a4c1cbbb7b0bef120655f334a1bf70cd5b439d24122348c7d7919f0b8,pass
C:\Users\Jupyter\Desktop\found_training_project\revision_outputs\cg_suite\E4_interpolation_sensitivity\spatial_tile\grid_256\rbf\persistence\rbf\split_seed_46,persistence,1.5024168888406224,2.257256507873535,2.257256507873535,1.5024168888406224,2.257256507873535,0.0,9216,313fb279059e5c55bf7cf26f76a448f45faa18c4db77d0686103a0e582b877af,26672cefa670e8fe9bac823023cbd6d892c89d5d54f8079a9913e24d3b87d1c1,3b3b1964b7db320f14534875802aceb75840c4a5c11d4dd6731d8fe0ce562a42,dc93146326bfd0896dd00af956eb11735afd9edddae31e347e7ee91fb954d1c4,f5a615faf3ceec8b43507ce24889dfc82ce64357e5570c646b32a0e1464e9e0b,efe6383a4c1cbbb7b0bef120655f334a1bf70cd5b439d24122348c7d7919f0b8,pass
C:\Users\Jupyter\Desktop\found_training_project\revision_outputs\cg_suite\E4_interpolation_sensitivity\spatial_tile\grid_256\rbf\lightgbm\rbf\split_seed_42,lightgbm,1.1839566823149166,1.4017534255981445,1.4017534255981443,1.1839566823149166,1.4017534255981445,2.220446049250313e-16,9216,edf107157021b0caf7a817955e54106a40d65137664141d6608430d0023cc215,26672cefa670e8fe9bac823023cbd6d892c89d5d54f8079a9913e24d3b87d1c1,a179309a12a5b41eb9f99bac78a2c1982728c3aa6326ca24c130f57d4a3b4c78,57ee6323e75b7ee39288594b3fc90a40cc71bae10ccbebb20c393d7634a4b8a7,2be862ccb52fea15abfa356741798dac580404a05cab91d81d57d83a03dd123c,3d55c0ae0c15220634b79d096f9451cbdc751a2e6d4a9cc55940502bd358a392,pass
C:\Users\Jupyter\Desktop\found_training_project\revision_outputs\cg_suite\E4_interpolation_sensitivity\spatial_tile\grid_256\rbf\lightgbm\rbf\split_seed_43,lightgbm,2.214114652785332,4.902303695678711,4.902303695678711,2.214114652785332,4.902303695678711,0.0,9216,56efc949891638a792917f2388ca8546e284cf84bb500ed37e1bfb1b2788cb5c,26672cefa670e8fe9bac823023cbd6d892c89d5d54f8079a9913e24d3b87d1c1,8618034f74df22bb8f2b19f0df1ae6a3ec5fcdd02cee9d5e48131dfd5f6ab24b,f65e0ab0eaa06ed537a43bab00e7540de126da9d32440c0b07caee7eee90599b,eecfa9951ab71805177cd0b3dfaa9d4cc57b2c0b1126eab22acb63862ad760f1,cd9e5b6f026ff35b91289e4c94a95a053c6462ba7ff7f341c90897e6de29f1a4,pass
C:\Users\Jupyter\Desktop\found_training_project\revision_outputs\cg_suite\E4_interpolation_sensitivity\spatial_tile\grid_256\rbf\lightgbm\rbf\split_seed_44,lightgbm,1.6965396500554313,2.878246784210205,2.878246784210205,1.6965396500554313,2.878246784210205,0.0,9216,16c5fef71cf2ff74deb1641b4bb2354b848470f28d73f3d1c8f267828e5b277b,26672cefa670e8fe9bac823023cbd6d892c89d5d54f8079a9913e24d3b87d1c1,b6f77dfdb1a47e344c555f93c1d5e4d6631bc7065b194c0820ab88ab1c96f928,13a326c3031bddd8c293a0e1539ff1a90ce868b94970323e2a44505887e2d7f2,94046194709d48a3f861a6d3e4144311596b7a39a237a54d2237f39ff36f20fc,f1b2fc88b94e6bcc4a2ac04b5d28aa7c97c3da6bb042c3b7809856d1324cd677,pass
C:\Users\Jupyter\Desktop\found_training_project\revision_outputs\cg_suite\E4_interpolation_sensitivity\spatial_tile\grid_256\rbf\lightgbm\rbf\split_seed_45,lightgbm,1.391765384066213,1.9370108842849731,1.9370108842849734,1.391765384066213,1.9370108842849731,2.220446049250313e-16,9216,0154c1410c6fdf7c6edc138858cc78ff25a2fd70c89868c0d212e8bd998a5509,26672cefa670e8fe9bac823023cbd6d892c89d5d54f8079a9913e24d3b87d1c1,9b4d56d755a687cabe862c1bdbbfb32b6fd7d7f5aa302dddb8aaa0730214ad21,e0373f0ce89950fa87b760e41ed6ca44246594b206d597c083c0dd6c16cd41ce,6f76b19b60f526d3fff81970ab8e53e8019d2b5c9f0003d6788a30462cf38112,b1d3face0c84e9bbb1b65ee36c499cd9906fe969c51cd2032f34559dcdb14bfe,pass
C:\Users\Jupyter\Desktop\found_training_project\revision_outputs\cg_suite\E4_interpolation_sensitivity\spatial_tile\grid_256\rbf\lightgbm\rbf\split_seed_46,lightgbm,1.6424957508746363,2.6977922916412354,2.6977922916412354,1.6424957508746363,2.6977922916412354,0.0,9216,59c395db281e7884e5dc35716401ba3e7cbbc3d0ad9e59e5b76777ece446483c,26672cefa670e8fe9bac823023cbd6d892c89d5d54f8079a9913e24d3b87d1c1,3b3b1964b7db320f14534875802aceb75840c4a5c11d4dd6731d8fe0ce562a42,dc93146326bfd0896dd00af956eb11735afd9edddae31e347e7ee91fb954d1c4,7bae5a9723e9c50838c39fe7406629a68f3c6654c093b040d22726b851877faf,e3c383b2ad5031e67131c4dba129e3508e41bda4f380774516efd7c2e8f04618,pass
C:\Users\Jupyter\Desktop\found_training_project\revision_outputs\cg_suite\E4_interpolation_sensitivity\spatial_tile\grid_256\rbf\lasso\rbf\split_seed_42,lasso,1.1549101618717488,1.333817481994629,1.333817481994629,1.1549101618717488,1.333817481994629,0.0,9216,e340ede197f4c0e6d693aed67d3a4a6772c8a7e056e7d8d748bc29b74ef55138,26672cefa670e8fe9bac823023cbd6d892c89d5d54f8079a9913e24d3b87d1c1,a179309a12a5b41eb9f99bac78a2c1982728c3aa6326ca24c130f57d4a3b4c78,57ee6323e75b7ee39288594b3fc90a40cc71bae10ccbebb20c393d7634a4b8a7,d1c1ec19579c1157d30359b422555737ebfdf47c0b75d72221c3681b99789600,e9a3bf1195e9852534526bae39fe171a6df30a7f81d9cb248b6a6871d791338d,pass
C:\Users\Jupyter\Desktop\found_training_project\revision_outputs\cg_suite\E4_interpolation_sensitivity\spatial_tile\grid_256\rbf\lasso\rbf\split_seed_43,lasso,1.2889111054266933,1.6612918376922607,1.6612918376922605,1.2889111054266933,1.6612918376922607,2.220446049250313e-16,9216,a9844f46492a0b3ccc29e71d030339394dc7efbf667f0432c4c3be23bb66b937,26672cefa670e8fe9bac823023cbd6d892c89d5d54f8079a9913e24d3b87d1c1,8618034f74df22bb8f2b19f0df1ae6a3ec5fcdd02cee9d5e48131dfd5f6ab24b,f65e0ab0eaa06ed537a43bab00e7540de126da9d32440c0b07caee7eee90599b,44e72551c014a6b5ae7e59c6954c6581b03bc526181c2631f255ef25471ae6d5,3c63629fbf2ee85ed0d1a913577e9b7c4f283d9cd33f4bfdfcbea9170f04b10d,pass
C:\Users\Jupyter\Desktop\found_training_project\revision_outputs\cg_suite\E4_interpolation_sensitivity\spatial_tile\grid_256\rbf\lasso\rbf\split_seed_44,lasso,1.2726343348555766,1.619598150253296,1.619598150253296,1.2726343348555766,1.619598150253296,0.0,9216,fb62ec591a8a038a962e940dc1eddee39b5c6bae1fecf17c0feacfb5fb408008,26672cefa670e8fe9bac823023cbd6d892c89d5d54f8079a9913e24d3b87d1c1,b6f77dfdb1a47e344c555f93c1d5e4d6631bc7065b194c0820ab88ab1c96f928,13a326c3031bddd8c293a0e1539ff1a90ce868b94970323e2a44505887e2d7f2,7bcf6a975e3ffe27325d4bc066f66468826093a9eb602c4e67c33c87bdb6769c,c6b237e21ce205d462a15c5d8fa1cfe1381e03595d0ca914c9f5410c5a97f419,pass
C:\Users\Jupyter\Desktop\found_training_project\revision_outputs\cg_suite\E4_interpolation_sensitivity\spatial_tile\grid_256\rbf\lasso\rbf\split_seed_45,lasso,1.2505591095777326,1.5638980865478516,1.5638980865478516,1.2505591095777326,1.5638980865478516,0.0,9216,b08b29ea0c8f655b3f2d66438c8857d79fa9fa85427fa74d4747d44242f6eeb6,26672cefa670e8fe9bac823023cbd6d892c89d5d54f8079a9913e24d3b87d1c1,9b4d56d755a687cabe862c1bdbbfb32b6fd7d7f5aa302dddb8aaa0730214ad21,e0373f0ce89950fa87b760e41ed6ca44246594b206d597c083c0dd6c16cd41ce,20ef6ea2e37230120af0198ceff24cf89ea832539de3890d2011f839d479bffc,05498c5e5dde21273964c52f63bd391a8cdb181e20a5e14389d3e46f280c670b,pass
C:\Users\Jupyter\Desktop\found_training_project\revision_outputs\cg_suite\E4_interpolation_sensitivity\spatial_tile\grid_256\rbf\lasso\rbf\split_seed_46,lasso,1.2073703524093995,1.4577431678771973,1.4577431678771975,1.2073703524093995,1.4577431678771973,2.220446049250313e-16,9216,df924a5a21a279b2e27572aab38c3b9ddcb0ef8e9d6e523d5e66137c52919038,26672cefa670e8fe9bac823023cbd6d892c89d5d54f8079a9913e24d3b87d1c1,3b3b1964b7db320f14534875802aceb75840c4a5c11d4dd6731d8fe0ce562a42,dc93146326bfd0896dd00af956eb11735afd9edddae31e347e7ee91fb954d1c4,49efe9971944b893d7e1129679a8c8df869dde88a68ae83ccf50aa865e82d491,694d17f38d4e02437792adb057e79def26add0c4c8216084bbbf89d8674f8ebb,pass
C:\Users\Jupyter\Desktop\found_training_project\revision_outputs\cg_suite\E4_interpolation_sensitivity\spatial_tile\grid_256\rbf\cnn_lstm_maskaware\rbf\split_seed_42,cnn_lstm_maskaware,5.082919724110635,25.83607292175293,25.836072921752933,5.082919724110635,25.83607292175293,3.552713678800501e-15,9216,ed4921878327f50216348efa1fa9535f8cabd352223ab953605a84968088866a,26672cefa670e8fe9bac823023cbd6d892c89d5d54f8079a9913e24d3b87d1c1,a179309a12a5b41eb9f99bac78a2c1982728c3aa6326ca24c130f57d4a3b4c78,57ee6323e75b7ee39288594b3fc90a40cc71bae10ccbebb20c393d7634a4b8a7,d45e36b99d84f14cd9c2a703cd9071f209d777756bacf75196117f18d12d7bb2,b697e20a1d4b484008cfe9d3bf758860bfb9a28e4e65c9aef159b1d102ead92d,pass
C:\Users\Jupyter\Desktop\found_training_project\revision_outputs\cg_suite\E4_interpolation_sensitivity\spatial_tile\grid_256\rbf\cnn_lstm_maskaware\rbf\split_seed_43,cnn_lstm_maskaware,7.914262051716647,62.63554382324219,62.63554382324219,7.914262051716647,62.63554382324219,0.0,9216,1821de9910e83395be25af8fa79b347e077c0b806904d720b1c2d912db66f3cc,26672cefa670e8fe9bac823023cbd6d892c89d5d54f8079a9913e24d3b87d1c1,8618034f74df22bb8f2b19f0df1ae6a3ec5fcdd02cee9d5e48131dfd5f6ab24b,f65e0ab0eaa06ed537a43bab00e7540de126da9d32440c0b07caee7eee90599b,6671d3ec75a01b5bbc1b4f99e858fbe076684a35d571bbae598e6a52eecbb4e4,8b2828e235b22bc661c6f7c0520c171f0fd9d68d72bb507bcc5fc41b825940a6,pass
C:\Users\Jupyter\Desktop\found_training_project\revision_outputs\cg_suite\E4_interpolation_sensitivity\spatial_tile\grid_256\rbf\cnn_lstm_maskaware\rbf\split_seed_44,cnn_lstm_maskaware,7.131668985212959,50.86070251464844,50.86070251464843,7.131668985212959,50.86070251464844,7.105427357601002e-15,9216,26c9000f7748beb4b7c66e9c9782e704362e9402fcf0403f87e34c2cb00cee5e,26672cefa670e8fe9bac823023cbd6d892c89d5d54f8079a9913e24d3b87d1c1,b6f77dfdb1a47e344c555f93c1d5e4d6631bc7065b194c0820ab88ab1c96f928,13a326c3031bddd8c293a0e1539ff1a90ce868b94970323e2a44505887e2d7f2,a2d07b94c13f96774443ccddc34400837b754caacf1f0259c2e504d3955c94b6,ec66cad72c5a5dc2b4ddc860d2e5703110c0855109d063001a09e505a3f5aa13,pass
C:\Users\Jupyter\Desktop\found_training_project\revision_outputs\cg_suite\E4_interpolation_sensitivity\spatial_tile\grid_256\rbf\cnn_lstm_maskaware\rbf\split_seed_45,cnn_lstm_maskaware,6.312092380771108,39.84251022338867,39.84251022338867,6.312092380771108,39.84251022338867,0.0,9216,b62103561aa5333cda516baea0166413a9a5209537f60b12d806e67f3e0f5146,26672cefa670e8fe9bac823023cbd6d892c89d5d54f8079a9913e24d3b87d1c1,9b4d56d755a687cabe862c1bdbbfb32b6fd7d7f5aa302dddb8aaa0730214ad21,e0373f0ce89950fa87b760e41ed6ca44246594b206d597c083c0dd6c16cd41ce,c242282ce2ec0cedc61d1728c7efef70acb80a6441efe963852894d700799420,7711546285d08f796503cf99f391555e4d652c56d1155d6fec6f56183e040575,pass
C:\Users\Jupyter\Desktop\found_training_project\revision_outputs\cg_suite\E4_interpolation_sensitivity\spatial_tile\grid_256\rbf\cnn_lstm_maskaware\rbf\split_seed_46,cnn_lstm_maskaware,6.997395712186762,48.96354675292969,48.96354675292968,6.997395712186762,48.96354675292969,7.105427357601002e-15,9216,9ee078fe74691e099d22b17a1ed8f8052c3dd84caa3f9e165543d275ecc5c708,26672cefa670e8fe9bac823023cbd6d892c89d5d54f8079a9913e24d3b87d1c1,3b3b1964b7db320f14534875802aceb75840c4a5c11d4dd6731d8fe0ce562a42,dc93146326bfd0896dd00af956eb11735afd9edddae31e347e7ee91fb954d1c4,4e54f2ce595696cadf38ea8c5d0efc75868c5e7349d570dfb196841eec735b7e,78da5201fc5f147200b6933c3457567d63ea9448a28b73e8b0c3a89b1acdf5ab,pass
C:\Users\Jupyter\Desktop\found_training_project\revision_outputs\cg_suite\E4_interpolation_sensitivity\spatial_tile\grid_256\nearest\persistence\nearest\split_seed_42,persistence,1.9695253207924375,3.8790299892425537,3.8790299892425537,1.9695253207924375,3.8790299892425537,0.0,9216,39ca6c610647cb2ced111cf954a7c074930b38caaadd33df5d059e10a093b1eb,b782fcff50f76b7568b87afb97f44d23b8a8de895926039b7c0ff1f228539eda,a179309a12a5b41eb9f99bac78a2c1982728c3aa6326ca24c130f57d4a3b4c78,fd391c3662c53009ac5cbacce00152c608864735a888b1c5724b5b8c2b313a24,ddbc3b1dab77c92d45234b1d4586ff15d7de9f54f19d08d88e62e0672587d7b9,f492a83b44ed20adde3e0596a060af5b7c1a56ddd6cbe826f364d89f2ebf9a8d,pass
C:\Users\Jupyter\Desktop\found_training_project\revision_outputs\cg_suite\E4_interpolation_sensitivity\spatial_tile\grid_256\nearest\persistence\nearest\split_seed_43,persistence,2.1137569547839945,4.467968463897705,4.467968463897706,2.1137569547839945,4.467968463897705,8.881784197001252e-16,9216,39ca6c610647cb2ced111cf954a7c074930b38caaadd33df5d059e10a093b1eb,b782fcff50f76b7568b87afb97f44d23b8a8de895926039b7c0ff1f228539eda,8618034f74df22bb8f2b19f0df1ae6a3ec5fcdd02cee9d5e48131dfd5f6ab24b,c7ad3d5db59c39976f7383fec60130c208dc0d6cd1e00dab36b1832f18059432,74d59c9e41b4844f0001654f8847d2ab278def8d4f709aa1a74683cebbe7711b,f492a83b44ed20adde3e0596a060af5b7c1a56ddd6cbe826f364d89f2ebf9a8d,pass
C:\Users\Jupyter\Desktop\found_training_project\revision_outputs\cg_suite\E4_interpolation_sensitivity\spatial_tile\grid_256\nearest\persistence\nearest\split_seed_44,persistence,2.062381278580303,4.253416538238525,4.253416538238525,2.062381278580303,4.253416538238525,0.0,9216,39ca6c610647cb2ced111cf954a7c074930b38caaadd33df5d059e10a093b1eb,b782fcff50f76b7568b87afb97f44d23b8a8de895926039b7c0ff1f228539eda,b6f77dfdb1a47e344c555f93c1d5e4d6631bc7065b194c0820ab88ab1c96f928,3c7ccef02360b0f0e3ff85cfd2ed4fa2335e484ec9be18e52d7ac40293a2b9fe,9f2ff28bda2bcbebcb898c2e175829ecd06c63526b41ba8cfb1caa6a1402ccae,f492a83b44ed20adde3e0596a060af5b7c1a56ddd6cbe826f364d89f2ebf9a8d,pass
C:\Users\Jupyter\Desktop\found_training_project\revision_outputs\cg_suite\E4_interpolation_sensitivity\spatial_tile\grid_256\nearest\persistence\nearest\split_seed_45,persistence,1.6067592511205284,2.5816752910614014,2.5816752910614014,1.6067592511205284,2.5816752910614014,0.0,9216,39ca6c610647cb2ced111cf954a7c074930b38caaadd33df5d059e10a093b1eb,b782fcff50f76b7568b87afb97f44d23b8a8de895926039b7c0ff1f228539eda,9b4d56d755a687cabe862c1bdbbfb32b6fd7d7f5aa302dddb8aaa0730214ad21,9b92467c8db2b3473f48a24c1660afbdef7a354f25e1d0a30076446fdead3aee,96d4280312f02fbdf0c9cd7a5ab9ea6d33148dab41b659200b78bb211c25e378,f492a83b44ed20adde3e0596a060af5b7c1a56ddd6cbe826f364d89f2ebf9a8d,pass
C:\Users\Jupyter\Desktop\found_training_project\revision_outputs\cg_suite\E4_interpolation_sensitivity\spatial_tile\grid_256\nearest\persistence\nearest\split_seed_46,persistence,1.9782444729515065,3.9134511947631836,3.9134511947631836,1.9782444729515065,3.9134511947631836,0.0,9216,39ca6c610647cb2ced111cf954a7c074930b38caaadd33df5d059e10a093b1eb,b782fcff50f76b7568b87afb97f44d23b8a8de895926039b7c0ff1f228539eda,3b3b1964b7db320f14534875802aceb75840c4a5c11d4dd6731d8fe0ce562a42,8bf1dfe09cf0447dedef443009c120506c54e3ef810369ae799d7ba6e33e8e5d,a8dc95279e68a8a612361625c36c5d9d64d6ffda33bcb15912643bc5c8c10cd4,f492a83b44ed20adde3e0596a060af5b7c1a56ddd6cbe826f364d89f2ebf9a8d,pass
C:\Users\Jupyter\Desktop\found_training_project\revision_outputs\cg_suite\E4_interpolation_sensitivity\spatial_tile\grid_256\nearest\lightgbm\nearest\split_seed_42,lightgbm,1.7519489062884686,3.0693249702453613,3.0693249702453613,1.7519489062884686,3.0693249702453613,0.0,9216,c8bfa579130638154e6970e8bb8c0cc65132a668f7976382ebf0cfb8c7fc86ef,b782fcff50f76b7568b87afb97f44d23b8a8de895926039b7c0ff1f228539eda,a179309a12a5b41eb9f99bac78a2c1982728c3aa6326ca24c130f57d4a3b4c78,fd391c3662c53009ac5cbacce00152c608864735a888b1c5724b5b8c2b313a24,768c34c4e7c2db2e4bcedc6b035abdbe1ed94219099bac0d12d239f91a15389a,a20f7425ea9ba492584c9497397fb6de12016e61b0443281a4d8ba37930f44bc,pass
C:\Users\Jupyter\Desktop\found_training_project\revision_outputs\cg_suite\E4_interpolation_sensitivity\spatial_tile\grid_256\nearest\lightgbm\nearest\split_seed_43,lightgbm,2.69785602359048,7.2784271240234375,7.278427124023437,2.69785602359048,7.2784271240234375,8.881784197001252e-16,9216,dc71022c83f617cc714cf93338eaeefc2fede1ef1899250fd4481fd30f603ff0,b782fcff50f76b7568b87afb97f44d23b8a8de895926039b7c0ff1f228539eda,8618034f74df22bb8f2b19f0df1ae6a3ec5fcdd02cee9d5e48131dfd5f6ab24b,c7ad3d5db59c39976f7383fec60130c208dc0d6cd1e00dab36b1832f18059432,99aecc06c0086bf26feed51b851d0085f55e457012c21e7148c85dde5905487d,d0df2d51118b70ecf14c929ff3e8719ff852994a92efaea4b9386716d7fe6395,pass
C:\Users\Jupyter\Desktop\found_training_project\revision_outputs\cg_suite\E4_interpolation_sensitivity\spatial_tile\grid_256\nearest\lightgbm\nearest\split_seed_44,lightgbm,2.2657424370156365,5.133588790893555,5.133588790893556,2.2657424370156365,5.133588790893555,8.881784197001252e-16,9216,105c8489fe8c31c3e0b53cb8c18e7fbb6faf8d0704582624e4716b7942bf6358,b782fcff50f76b7568b87afb97f44d23b8a8de895926039b7c0ff1f228539eda,b6f77dfdb1a47e344c555f93c1d5e4d6631bc7065b194c0820ab88ab1c96f928,3c7ccef02360b0f0e3ff85cfd2ed4fa2335e484ec9be18e52d7ac40293a2b9fe,2c25c3eff1d56cd6aa480555a0652d0f90269ec6f124ce6b23b61c48de867ce5,3343a7a496ba91c1b7aeeaca0d54195bde54c7b0ce56e545c3eaf9797540eb47,pass
C:\Users\Jupyter\Desktop\found_training_project\revision_outputs\cg_suite\E4_interpolation_sensitivity\spatial_tile\grid_256\nearest\lightgbm\nearest\split_seed_45,lightgbm,1.5396366500742014,2.370481014251709,2.370481014251709,1.5396366500742014,2.370481014251709,0.0,9216,b76ee4b8e0a04131239c8ec5a58ba8961d4ea2c23defd9558f33a7373a84ad9a,b782fcff50f76b7568b87afb97f44d23b8a8de895926039b7c0ff1f228539eda,9b4d56d755a687cabe862c1bdbbfb32b6fd7d7f5aa302dddb8aaa0730214ad21,9b92467c8db2b3473f48a24c1660afbdef7a354f25e1d0a30076446fdead3aee,60c7cc34fc8aa08ae2e4872e809697a26b852b384f91d23c21abdc3611191c9f,06c8440be19da4c2649bb713bac8df2871bbc42caf19bcad25086e93fc9427b7,pass
C:\Users\Jupyter\Desktop\found_training_project\revision_outputs\cg_suite\E4_interpolation_sensitivity\spatial_tile\grid_256\nearest\lightgbm\nearest\split_seed_46,lightgbm,1.9230160930989701,3.697990894317627,3.697990894317627,1.9230160930989701,3.697990894317627,0.0,9216,aeaf7152dd65a427a3adc4efac05b53303ee75898b38136a9815a49b044c8f43,b782fcff50f76b7568b87afb97f44d23b8a8de895926039b7c0ff1f228539eda,3b3b1964b7db320f14534875802aceb75840c4a5c11d4dd6731d8fe0ce562a42,8bf1dfe09cf0447dedef443009c120506c54e3ef810369ae799d7ba6e33e8e5d,62a3405c7310d0685dd6659500b89f89fedbbd772ab1fee426712d60f6bb8c29,62e525bd48e53256ec9b6b85ad5bf91f07eefd1f57614cf79dffcbec5d008242,pass
C:\Users\Jupyter\Desktop\found_training_project\revision_outputs\cg_suite\E4_interpolation_sensitivity\spatial_tile\grid_256\nearest\lasso\nearest\split_seed_42,lasso,1.7148812187811138,2.9408175945281982,2.9408175945281982,1.7148812187811138,2.9408175945281982,0.0,9216,10acb2eec5939faae42519a23cc9e18b3f103f3664679112dacd8dfd16494bd5,b782fcff50f76b7568b87afb97f44d23b8a8de895926039b7c0ff1f228539eda,a179309a12a5b41eb9f99bac78a2c1982728c3aa6326ca24c130f57d4a3b4c78,fd391c3662c53009ac5cbacce00152c608864735a888b1c5724b5b8c2b313a24,c98dda8a21dec1f8e342dd9ef9aa66f0cdd528b4c6ce63bd5493d09e94296302,531e97f4305c18d48031b30e2d6440a268a7e5801df4774c29b0fcbbfe34c77f,pass
C:\Users\Jupyter\Desktop\found_training_project\revision_outputs\cg_suite\E4_interpolation_sensitivity\spatial_tile\grid_256\nearest\lasso\nearest\split_seed_43,lasso,1.884973196350084,3.553123950958252,3.5531239509582524,1.884973196350084,3.553123950958252,4.440892098500626e-16,9216,e12ad5b2c008caccdca5c45e3a2a35b51febc8cbbe7d2e1e0a73bbb7d9124993,b782fcff50f76b7568b87afb97f44d23b8a8de895926039b7c0ff1f228539eda,8618034f74df22bb8f2b19f0df1ae6a3ec5fcdd02cee9d5e48131dfd5f6ab24b,c7ad3d5db59c39976f7383fec60130c208dc0d6cd1e00dab36b1832f18059432,c7336cdbfab3c46fd270b695243027521e898f170d938de6bdb06369810031a6,b17e8784c97d13929facba3ee63bf37eb9bf29378f20b8fd20d85dd9c087ebeb,pass
C:\Users\Jupyter\Desktop\found_training_project\revision_outputs\cg_suite\E4_interpolation_sensitivity\spatial_tile\grid_256\nearest\lasso\nearest\split_seed_44,lasso,1.9038091572958578,3.6244893074035645,3.624489307403564,1.9038091572958578,3.6244893074035645,4.440892098500626e-16,9216,462e790c87bdd05add7b07278743ab2492b1eb264d9e1f39c346c0146cbffd05,b782fcff50f76b7568b87afb97f44d23b8a8de895926039b7c0ff1f228539eda,b6f77dfdb1a47e344c555f93c1d5e4d6631bc7065b194c0820ab88ab1c96f928,3c7ccef02360b0f0e3ff85cfd2ed4fa2335e484ec9be18e52d7ac40293a2b9fe,bf49bc95d95002500c2a7c6aa5b2e09b1ebe099a95817dce60020fe56e7347b6,3385e825bacadf73878d093555226a6e10a6854f1fbc510a83c1804c307bb5a0,pass
C:\Users\Jupyter\Desktop\found_training_project\revision_outputs\cg_suite\E4_interpolation_sensitivity\spatial_tile\grid_256\nearest\lasso\nearest\split_seed_45,lasso,1.5479924183001892,2.396280527114868,2.3962805271148677,1.5479924183001892,2.396280527114868,4.440892098500626e-16,9216,c131d053284ac4cac54b84a41bfd6213b6e8dfab755cd04aa53714cb27eeb555,b782fcff50f76b7568b87afb97f44d23b8a8de895926039b7c0ff1f228539eda,9b4d56d755a687cabe862c1bdbbfb32b6fd7d7f5aa302dddb8aaa0730214ad21,9b92467c8db2b3473f48a24c1660afbdef7a354f25e1d0a30076446fdead3aee,1cf77e0600eae1f6d784d20dd8258d7ac6a1a36fa3fef6e1785667d95dfbfe13,daff784d9eabb7320406fe22aae26151410deabefb88ad02a9ea5caed9ecfd2f,pass
C:\Users\Jupyter\Desktop\found_training_project\revision_outputs\cg_suite\E4_interpolation_sensitivity\spatial_tile\grid_256\nearest\lasso\nearest\split_seed_46,lasso,1.700804222838434,2.892735004425049,2.8927350044250493,1.700804222838434,2.892735004425049,4.440892098500626e-16,9216,4ae6695adc0db47242160e0b747d8f6a78cbc1834a872ce1f7af9b3d24c41ef8,b782fcff50f76b7568b87afb97f44d23b8a8de895926039b7c0ff1f228539eda,3b3b1964b7db320f14534875802aceb75840c4a5c11d4dd6731d8fe0ce562a42,8bf1dfe09cf0447dedef443009c120506c54e3ef810369ae799d7ba6e33e8e5d,e260d897e59a2646d8d9e1b5352bee845ac3b8cec6befcc7084c857a3e637c2c,7413451f37fb1e753d03bb03f1aa902436b6e06bdc10fee1751a2645321ec2a3,pass
C:\Users\Jupyter\Desktop\found_training_project\revision_outputs\cg_suite\E4_interpolation_sensitivity\spatial_tile\grid_256\nearest\cnn_lstm_maskaware\nearest\split_seed_42,cnn_lstm_maskaware,6.049022362275299,36.59067153930664,36.59067153930664,6.049022362275299,36.59067153930664,0.0,9216,70d275c560105a7b679255321e879ccf030875e6c0a19598411171ce56f336e4,b782fcff50f76b7568b87afb97f44d23b8a8de895926039b7c0ff1f228539eda,a179309a12a5b41eb9f99bac78a2c1982728c3aa6326ca24c130f57d4a3b4c78,fd391c3662c53009ac5cbacce00152c608864735a888b1c5724b5b8c2b313a24,23563f5de70ffe4ef3747a71a0f03d68c18564c4d8b4c65ea0dc45e28dca862e,502012a063f3749ae293a05d38609ceea1cf867b89a08e347a359e262fcb0a3c,pass
C:\Users\Jupyter\Desktop\found_training_project\revision_outputs\cg_suite\E4_interpolation_sensitivity\spatial_tile\grid_256\nearest\cnn_lstm_maskaware\nearest\split_seed_43,cnn_lstm_maskaware,9.44521153145992,89.21202087402344,89.21202087402345,9.44521153145992,89.21202087402344,1.4210854715202004e-14,9216,86ced620a4dde3541746423ca58eeb28e48e80b8ca1b31afd9d127336ba0655b,b782fcff50f76b7568b87afb97f44d23b8a8de895926039b7c0ff1f228539eda,8618034f74df22bb8f2b19f0df1ae6a3ec5fcdd02cee9d5e48131dfd5f6ab24b,c7ad3d5db59c39976f7383fec60130c208dc0d6cd1e00dab36b1832f18059432,44c8a89a748be8f0a1138af02e084c35bab15429bc914873905499bd3ab97844,b9446b24c6b3ad120b2b31c8f92af47fefc5426777951b80b7bfb20f71980fec,pass
C:\Users\Jupyter\Desktop\found_training_project\revision_outputs\cg_suite\E4_interpolation_sensitivity\spatial_tile\grid_256\nearest\cnn_lstm_maskaware\nearest\split_seed_44,cnn_lstm_maskaware,8.624739933239473,74.38613891601562,74.38613891601564,8.624739933239473,74.38613891601562,1.4210854715202004e-14,9216,d4b3ef78dafc49b6230eae3cef8e3e8fc4a768281b53f04adefe4f9a6b16576f,b782fcff50f76b7568b87afb97f44d23b8a8de895926039b7c0ff1f228539eda,b6f77dfdb1a47e344c555f93c1d5e4d6631bc7065b194c0820ab88ab1c96f928,3c7ccef02360b0f0e3ff85cfd2ed4fa2335e484ec9be18e52d7ac40293a2b9fe,e920b616ce6cb61212f1b755750b3621bca8527867022546dbb9ff8840344dd0,60e0d236657bb5673090a901038253da160db6f3b38192295e8a14fed65e0792,pass
C:\Users\Jupyter\Desktop\found_training_project\revision_outputs\cg_suite\E4_interpolation_sensitivity\spatial_tile\grid_256\nearest\cnn_lstm_maskaware\nearest\split_seed_45,cnn_lstm_maskaware,5.7245190814057825,32.770118713378906,32.770118713378906,5.7245190814057825,32.770118713378906,0.0,9216,67e0723e81e0acff5e87c153131ac2b736f02cc36de6db89cdbf8e473635f966,b782fcff50f76b7568b87afb97f44d23b8a8de895926039b7c0ff1f228539eda,9b4d56d755a687cabe862c1bdbbfb32b6fd7d7f5aa302dddb8aaa0730214ad21,9b92467c8db2b3473f48a24c1660afbdef7a354f25e1d0a30076446fdead3aee,12335891761bc16b479867787486ffa73909d5195b040c8223218d041d69ea2c,d9619a4ed38e688c3282766be57fe4a6a40ffa67d9e67b5d6f0de3015ed2879c,pass
C:\Users\Jupyter\Desktop\found_training_project\revision_outputs\cg_suite\E4_interpolation_sensitivity\spatial_tile\grid_256\nearest\cnn_lstm_maskaware\nearest\split_seed_46,cnn_lstm_maskaware,7.382936506895055,54.50775146484375,54.50775146484375,7.382936506895055,54.50775146484375,0.0,9216,e21f30aaa43db8cdd33abf45d30e67a76ee00025e99d0e1e40921404aad2984c,b782fcff50f76b7568b87afb97f44d23b8a8de895926039b7c0ff1f228539eda,3b3b1964b7db320f14534875802aceb75840c4a5c11d4dd6731d8fe0ce562a42,8bf1dfe09cf0447dedef443009c120506c54e3ef810369ae799d7ba6e33e8e5d,31a5a5a20133126bda00e94f8d416317568ce6e94d2ea435f4e6986281d9b778,53fa28f72bca7ec58f9202aaedfe3f83dfbabe85939b11e0f47a1aec8b5ace97,pass
C:\Users\Jupyter\Desktop\found_training_project\revision_outputs\cg_suite\E4_interpolation_sensitivity\spatial_tile\grid_256\linear\persistence\linear\split_seed_42,persistence,1.5689308578982168,2.4615440368652344,2.461544036865235,1.5689308578982168,2.4615440368652344,4.440892098500626e-16,8128,9a48065e98df9bb0200b16e885c5e0f98373d92e1fd0195829a8f8628f9ede66,1e59eb26cb015535fc837f588d10b6c675b78ad23f6259fdd0725a814f18b221,aa87bd7754c73033f6fbca318704cb344d8f8307fb9362cf868f12dc9d85a42e,3359d9e0d0b01e89dff1c8767c1161d2a498e4e39c926b1414a883bfa4a70045,38e3b852cf41ab41f52f0b95e086595b0ea7de2303d5eda8ddbab760d758da71,a9db0ff97d701daa22a743a40c61ffdab03dd1bab93e20b72d33bd62da347c05,pass
C:\Users\Jupyter\Desktop\found_training_project\revision_outputs\cg_suite\E4_interpolation_sensitivity\spatial_tile\grid_256\linear\persistence\linear\split_seed_43,persistence,1.7081644936220628,2.917825937271118,2.917825937271118,1.7081644936220628,2.917825937271118,0.0,7801,9a48065e98df9bb0200b16e885c5e0f98373d92e1fd0195829a8f8628f9ede66,1e59eb26cb015535fc837f588d10b6c675b78ad23f6259fdd0725a814f18b221,b323933f7c125c832058aa2565acec87c0366ed7ad0b10fe8efeb214892db378,488fe5a09f42a4a63c4b339889dba11456ea939b434fa242dfff2f12b76576c4,6bc00aaf6a7fd3137a82a3d6719ed4f6863d5c2b0b3714f3eedf897553dc5059,a9db0ff97d701daa22a743a40c61ffdab03dd1bab93e20b72d33bd62da347c05,pass
C:\Users\Jupyter\Desktop\found_training_project\revision_outputs\cg_suite\E4_interpolation_sensitivity\spatial_tile\grid_256\linear\persistence\linear\split_seed_44,persistence,1.465097878346903,2.1465117931365967,2.1465117931365967,1.465097878346903,2.1465117931365967,0.0,8155,9a48065e98df9bb0200b16e885c5e0f98373d92e1fd0195829a8f8628f9ede66,1e59eb26cb015535fc837f588d10b6c675b78ad23f6259fdd0725a814f18b221,dc4e472d4ff09f561e1361da6f2d4a7c3bb5470862a13b149e680a480bc8139b,4d2f3f67faf069f37ad0ac0f9dda7158f9f6e725024e6e47cc13d38359fdbf3b,a241cc59a5f2755188c6975aae403fc6bf21c4d97b2c2954d0602d195f8c377a,a9db0ff97d701daa22a743a40c61ffdab03dd1bab93e20b72d33bd62da347c05,pass
C:\Users\Jupyter\Desktop\found_training_project\revision_outputs\cg_suite\E4_interpolation_sensitivity\spatial_tile\grid_256\linear\persistence\linear\split_seed_45,persistence,1.5651321366318558,2.449638605117798,2.4496386051177983,1.5651321366318558,2.449638605117798,4.440892098500626e-16,8483,9a48065e98df9bb0200b16e885c5e0f98373d92e1fd0195829a8f8628f9ede66,1e59eb26cb015535fc837f588d10b6c675b78ad23f6259fdd0725a814f18b221,9f4427996aac0677942e3dcb92a43587024aa3e8af163de64f4941b1377e52b0,b1d141b1c7954a97b29e2309b1d46e823ebf8aaee8cd400c16e4b0d2ac9952f0,f6e33af53c1889c4771c2637f81145ba3ba724a7cf5fc65c2b03cae8734f2e11,a9db0ff97d701daa22a743a40c61ffdab03dd1bab93e20b72d33bd62da347c05,pass
C:\Users\Jupyter\Desktop\found_training_project\revision_outputs\cg_suite\E4_interpolation_sensitivity\spatial_tile\grid_256\linear\persistence\linear\split_seed_46,persistence,1.4870989250775883,2.211463212966919,2.2114632129669185,1.4870989250775883,2.211463212966919,4.440892098500626e-16,7806,9a48065e98df9bb0200b16e885c5e0f98373d92e1fd0195829a8f8628f9ede66,1e59eb26cb015535fc837f588d10b6c675b78ad23f6259fdd0725a814f18b221,b147155d168780531b89106b8cff37420d8650cce600f3ae472a5a857fa46329,29ecfa9d2697a7b910e82ee3c4b7d53e0bfbe60b046de447c1137f27e0e32673,5a44469275e9c6e54a72544e3dd3d3e910d522181778cefe390812789eb19ff1,a9db0ff97d701daa22a743a40c61ffdab03dd1bab93e20b72d33bd62da347c05,pass
C:\Users\Jupyter\Desktop\found_training_project\revision_outputs\cg_suite\E4_interpolation_sensitivity\spatial_tile\grid_256\linear\lightgbm\linear\split_seed_42,lightgbm,1.9809359087909808,3.924107074737549,3.924107074737549,1.9809359087909808,3.924107074737549,0.0,8128,be713b805a43e18182c5fc014db4cf6f2e6c60cb9e6d88f76431e2c53c656cd2,1e59eb26cb015535fc837f588d10b6c675b78ad23f6259fdd0725a814f18b221,aa87bd7754c73033f6fbca318704cb344d8f8307fb9362cf868f12dc9d85a42e,3359d9e0d0b01e89dff1c8767c1161d2a498e4e39c926b1414a883bfa4a70045,1b3c0b042a4a06927c2fa2d385de70c5cad7bd93db75a054b916028c0aeda3f1,89e3261bf79047f98a2c7c3cbe43055c83aaf77c0b8b2d9f57bd96db89ea99ea,pass
C:\Users\Jupyter\Desktop\found_training_project\revision_outputs\cg_suite\E4_interpolation_sensitivity\spatial_tile\grid_256\linear\lightgbm\linear\split_seed_43,lightgbm,2.593005429681109,6.723677158355713,6.723677158355714,2.593005429681109,6.723677158355713,8.881784197001252e-16,7801,b15f2e64feff2f2f06ec6fd18327ecf7e7d66ddb32755691606e02b86ec6f1f6,1e59eb26cb015535fc837f588d10b6c675b78ad23f6259fdd0725a814f18b221,b323933f7c125c832058aa2565acec87c0366ed7ad0b10fe8efeb214892db378,488fe5a09f42a4a63c4b339889dba11456ea939b434fa242dfff2f12b76576c4,b33630768cafc4999da1b8a921e4eeaecfc6a3478bb24041ca2627a62e0b2708,b0e2f500e4b75f0c07e50cb0daa77fbebf51422d73371a8d4c746cf00dd4e2ff,pass
C:\Users\Jupyter\Desktop\found_training_project\revision_outputs\cg_suite\E4_interpolation_sensitivity\spatial_tile\grid_256\linear\lightgbm\linear\split_seed_44,lightgbm,2.455402264861625,6.029000282287598,6.029000282287598,2.455402264861625,6.029000282287598,0.0,8155,ba50ccaf90a864da2cc01ea8697053458c26ef2b095f01ea25b7939b9fdf0696,1e59eb26cb015535fc837f588d10b6c675b78ad23f6259fdd0725a814f18b221,dc4e472d4ff09f561e1361da6f2d4a7c3bb5470862a13b149e680a480bc8139b,4d2f3f67faf069f37ad0ac0f9dda7158f9f6e725024e6e47cc13d38359fdbf3b,92564ea47585ccd3e23bd56976b65132110245d5d08f3023d137d1faf1c531e2,654354f841c98daafa9a93828341aed81dd5e2f849fd3b5d0ea3e26dc8effb9f,pass
C:\Users\Jupyter\Desktop\found_training_project\revision_outputs\cg_suite\E4_interpolation_sensitivity\spatial_tile\grid_256\linear\lightgbm\linear\split_seed_45,lightgbm,1.4660205234168264,2.1492161750793457,2.1492161750793457,1.4660205234168264,2.1492161750793457,0.0,8483,ce8d8e414274600b3fae7ef06103c0d8ec9fae60d5897dad4881e287eefe82f1,1e59eb26cb015535fc837f588d10b6c675b78ad23f6259fdd0725a814f18b221,9f4427996aac0677942e3dcb92a43587024aa3e8af163de64f4941b1377e52b0,b1d141b1c7954a97b29e2309b1d46e823ebf8aaee8cd400c16e4b0d2ac9952f0,a90c5f5c23383ff96465e51750bfb24c46ab4d29aaea76d8cb160e102b35bc89,2a18d9ce24af77630ff5b8de51ea7b8a5b8a93683bcf1dabb57fdba4afb168ae,pass
C:\Users\Jupyter\Desktop\found_training_project\revision_outputs\cg_suite\E4_interpolation_sensitivity\spatial_tile\grid_256\linear\lightgbm\linear\split_seed_46,lightgbm,1.7665533815206274,3.120710849761963,3.1207108497619633,1.7665533815206274,3.120710849761963,4.440892098500626e-16,7806,bb2996514d4bdd1446d3ea8b30e6946c0faa8439dbbc4bff9fac3f78aaccd063,1e59eb26cb015535fc837f588d10b6c675b78ad23f6259fdd0725a814f18b221,b147155d168780531b89106b8cff37420d8650cce600f3ae472a5a857fa46329,29ecfa9d2697a7b910e82ee3c4b7d53e0bfbe60b046de447c1137f27e0e32673,64dd6e323f99cfb7722fbe127d35a777445e850fcdea0c53a2bbcc3338067e33,e51846c20d96e178ea77ac156d8207f237af44ef1903a21fbe56bd525d16f176,pass
C:\Users\Jupyter\Desktop\found_training_project\revision_outputs\cg_suite\E4_interpolation_sensitivity\spatial_tile\grid_256\linear\lasso\linear\split_seed_42,lasso,1.3897747483689284,1.9314738512039185,1.9314738512039185,1.3897747483689284,1.9314738512039185,0.0,8128,2edc60badd0408642897e991645fabae765e9efd005009d7014b078471b24d62,1e59eb26cb015535fc837f588d10b6c675b78ad23f6259fdd0725a814f18b221,aa87bd7754c73033f6fbca318704cb344d8f8307fb9362cf868f12dc9d85a42e,3359d9e0d0b01e89dff1c8767c1161d2a498e4e39c926b1414a883bfa4a70045,39b5f700110a2b82823ad8075734bb4d951acf95014308c736ca7aaa80087c1a,e1e228aeba95ba344944513c3829c375f60f7467c75f865f5efb53b206c57ef1,pass
C:\Users\Jupyter\Desktop\found_training_project\revision_outputs\cg_suite\E4_interpolation_sensitivity\spatial_tile\grid_256\linear\lasso\linear\split_seed_43,lasso,1.4530274553271347,2.1112887859344482,2.1112887859344487,1.4530274553271347,2.1112887859344482,4.440892098500626e-16,7801,742d4b3c12af466805f4962f8d7b87165bba75026f40e0eaffcf9ae1dd8a3ccf,1e59eb26cb015535fc837f588d10b6c675b78ad23f6259fdd0725a814f18b221,b323933f7c125c832058aa2565acec87c0366ed7ad0b10fe8efeb214892db378,488fe5a09f42a4a63c4b339889dba11456ea939b434fa242dfff2f12b76576c4,88c9afd042936a1b95629963fd430cbc8120a8e247d1bb4ca49d104e6a302ec6,3546e62a639d8b78781f7a816d5aa5e775f4a8bb36f4ee350bd3d60b64bff598,pass
C:\Users\Jupyter\Desktop\found_training_project\revision_outputs\cg_suite\E4_interpolation_sensitivity\spatial_tile\grid_256\linear\lasso\linear\split_seed_44,lasso,1.3025540480135636,1.696647047996521,1.6966470479965208,1.3025540480135636,1.696647047996521,2.220446049250313e-16,8155,b608fab3a933fd89d1dc25e91b4ed33f2f1aeb178c541d898d018a1441dff29d,1e59eb26cb015535fc837f588d10b6c675b78ad23f6259fdd0725a814f18b221,dc4e472d4ff09f561e1361da6f2d4a7c3bb5470862a13b149e680a480bc8139b,4d2f3f67faf069f37ad0ac0f9dda7158f9f6e725024e6e47cc13d38359fdbf3b,2c49af177bbb5e9f0fabe15ff4ffa9f3920e10fe51130502f6c88d7117e6ef64,c4a03df9519f3ccb4bf0f469bda8cc1affef077edf12ff5b828cdac38a8b3c83,pass
C:\Users\Jupyter\Desktop\found_training_project\revision_outputs\cg_suite\E4_interpolation_sensitivity\spatial_tile\grid_256\linear\lasso\linear\split_seed_45,lasso,1.4257530732179415,2.0327718257904053,2.032771825790405,1.4257530732179415,2.0327718257904053,4.440892098500626e-16,8483,eb2c81ee6e46ae0d8ac1bdf9c4f303c10228fab6fe3f72cf53984157cff08da1,1e59eb26cb015535fc837f588d10b6c675b78ad23f6259fdd0725a814f18b221,9f4427996aac0677942e3dcb92a43587024aa3e8af163de64f4941b1377e52b0,b1d141b1c7954a97b29e2309b1d46e823ebf8aaee8cd400c16e4b0d2ac9952f0,342d2a643771fc3feee603f4e9ddb65976d2cea5166f74f8a4ff19b91d98600e,5a8375495e9fb8cffc03da8a5f368188a67400ddb3b4bd355a5737e010cf5386,pass
C:\Users\Jupyter\Desktop\found_training_project\revision_outputs\cg_suite\E4_interpolation_sensitivity\spatial_tile\grid_256\linear\lasso\linear\split_seed_46,lasso,1.3468093643658265,1.8138954639434814,1.8138954639434817,1.3468093643658265,1.8138954639434814,2.220446049250313e-16,7806,0c8d207dade03b7ff9c6023b7fd6e5d26c7b74d748c443050182c4e0c67a894a,1e59eb26cb015535fc837f588d10b6c675b78ad23f6259fdd0725a814f18b221,b147155d168780531b89106b8cff37420d8650cce600f3ae472a5a857fa46329,29ecfa9d2697a7b910e82ee3c4b7d53e0bfbe60b046de447c1137f27e0e32673,f7cec32a7ebbfc3fc45fd78f1075b518355715ce9fbad701585a1717ebf182ce,813f7df74112c23ad98b13c031eeebd8c3bcbf573f4cab777d03204b45c75700,pass
C:\Users\Jupyter\Desktop\found_training_project\revision_outputs\cg_suite\E4_interpolation_sensitivity\spatial_tile\grid_256\linear\cnn_lstm_maskaware\linear\split_seed_42,cnn_lstm_maskaware,7.524633009570031,56.62010192871094,56.62010192871094,7.524633009570031,56.62010192871094,0.0,8128,12c60a19aa7a076784bea304cf7cdd1d37a7bc3ba5e1091a7cf00431abb983c8,1e59eb26cb015535fc837f588d10b6c675b78ad23f6259fdd0725a814f18b221,aa87bd7754c73033f6fbca318704cb344d8f8307fb9362cf868f12dc9d85a42e,3359d9e0d0b01e89dff1c8767c1161d2a498e4e39c926b1414a883bfa4a70045,bf1f88846b3568bdce334e89a3a1f1c325985593da066b49007a76191c6a05dc,ab667025d07708e6ca08c02add6cf8167b5efdd64078b02e966381942a3f678b,pass
C:\Users\Jupyter\Desktop\found_training_project\revision_outputs\cg_suite\E4_interpolation_sensitivity\spatial_tile\grid_256\linear\cnn_lstm_maskaware\linear\split_seed_43,cnn_lstm_maskaware,8.105707357180735,65.7024917602539,65.7024917602539,8.105707357180735,65.7024917602539,0.0,7801,1cbd3f716e022f493c27af140ce18b518852e5248dbeb8f4f5bd438bc958f69c,1e59eb26cb015535fc837f588d10b6c675b78ad23f6259fdd0725a814f18b221,b323933f7c125c832058aa2565acec87c0366ed7ad0b10fe8efeb214892db378,488fe5a09f42a4a63c4b339889dba11456ea939b434fa242dfff2f12b76576c4,87abd8394a4e54e1a18802050617327af82909596c0899e8d8b52064bfb24178,b4988d3b40cd31ddec218e63f044193ae2b03a55398e891c62c5878b36ef0dfa,pass
C:\Users\Jupyter\Desktop\found_training_project\revision_outputs\cg_suite\E4_interpolation_sensitivity\spatial_tile\grid_256\linear\cnn_lstm_maskaware\linear\split_seed_44,cnn_lstm_maskaware,7.63848984417793,58.346527099609375,58.34652709960938,7.63848984417793,58.346527099609375,7.105427357601002e-15,8155,4d5d8abc50d6088d5ef74d23ec6318688aa34ad2df098a73948d8cf36dd8ba9e,1e59eb26cb015535fc837f588d10b6c675b78ad23f6259fdd0725a814f18b221,dc4e472d4ff09f561e1361da6f2d4a7c3bb5470862a13b149e680a480bc8139b,4d2f3f67faf069f37ad0ac0f9dda7158f9f6e725024e6e47cc13d38359fdbf3b,00745ea43171a5a4470225f29e6413ed877edc88359b9a324061c16577465f2f,eee6d8c5315017911fb613f0158c5292eeb7154625de822e96ca68c61a6266ff,pass
C:\Users\Jupyter\Desktop\found_training_project\revision_outputs\cg_suite\E4_interpolation_sensitivity\spatial_tile\grid_256\linear\cnn_lstm_maskaware\linear\split_seed_45,cnn_lstm_maskaware,6.818299231240756,46.48920440673828,46.48920440673828,6.818299231240756,46.48920440673828,0.0,8483,62e7e114ae7e553274fa3720f4f9b10da26eb61babd42d45c162b2b215755608,1e59eb26cb015535fc837f588d10b6c675b78ad23f6259fdd0725a814f18b221,9f4427996aac0677942e3dcb92a43587024aa3e8af163de64f4941b1377e52b0,b1d141b1c7954a97b29e2309b1d46e823ebf8aaee8cd400c16e4b0d2ac9952f0,113272d9590ecaf9c44f1dc65b692da71594c087913604e13b747264621cc7df,d3eae352348885dee1c4451c2c41689dbf3ce0d26771f6c9c1088f75bf32ad3e,pass
C:\Users\Jupyter\Desktop\found_training_project\revision_outputs\cg_suite\E4_interpolation_sensitivity\spatial_tile\grid_256\linear\cnn_lstm_maskaware\linear\split_seed_46,cnn_lstm_maskaware,6.630424438055211,43.962528228759766,43.962528228759766,6.630424438055211,43.962528228759766,0.0,7806,3516210a68f78d290b4156fc755bb2ea63fb93371722c836c413611ee13e2640,1e59eb26cb015535fc837f588d10b6c675b78ad23f6259fdd0725a814f18b221,b147155d168780531b89106b8cff37420d8650cce600f3ae472a5a857fa46329,29ecfa9d2697a7b910e82ee3c4b7d53e0bfbe60b046de447c1137f27e0e32673,1ae6c9465d9416bbac29d9b21ddd54a63ab2b169519eec074552f9c496bfc90b,10f92f8b1de0414fb0bbcfebed7f622d4f47cb2ba3b0a9b7c8ae8363df467483,pass
C:\Users\Jupyter\Desktop\found_training_project\revision_outputs\cg_suite\E4_interpolation_sensitivity\spatial_tile\grid_256\idw\persistence\idw\split_seed_42,persistence,1.0141549254912952,1.0285102128982544,1.0285102128982544,1.0141549254912952,1.0285102128982544,0.0,9216,38173f0a2b4cb314d00e6ac8afa55ee98e8a95c9f75ff245537375e54843ef74,b4d5996e43a410128b03a8b09326940ca41bcbf5616a5c6faa9599ac8db34d97,a179309a12a5b41eb9f99bac78a2c1982728c3aa6326ca24c130f57d4a3b4c78,5d7f723d7a95063429c7cde5c621612d29fe7042638e04e7dd56dddefe5d5cbc,3845b89ec27212faa8da8125999f2a88346c5d613ce33f740b578c3229daf774,e5e1b6861a9be8462048d8873572dee3671757c8489c6838e982ed9aa21efc1c,pass
C:\Users\Jupyter\Desktop\found_training_project\revision_outputs\cg_suite\E4_interpolation_sensitivity\spatial_tile\grid_256\idw\persistence\idw\split_seed_43,persistence,1.0968920671053566,1.203172206878662,1.203172206878662,1.0968920671053566,1.203172206878662,0.0,9216,38173f0a2b4cb314d00e6ac8afa55ee98e8a95c9f75ff245537375e54843ef74,b4d5996e43a410128b03a8b09326940ca41bcbf5616a5c6faa9599ac8db34d97,8618034f74df22bb8f2b19f0df1ae6a3ec5fcdd02cee9d5e48131dfd5f6ab24b,b86e3b97c87cfc642abd22ebf7980134884a8e9c0b4f2ae01de56e9ae1d76a27,fb7848889f5ccc8bbeec264bb593f65389f106e50b074fcc305ef4f3e753c057,e5e1b6861a9be8462048d8873572dee3671757c8489c6838e982ed9aa21efc1c,pass
C:\Users\Jupyter\Desktop\found_training_project\revision_outputs\cg_suite\E4_interpolation_sensitivity\spatial_tile\grid_256\idw\persistence\idw\split_seed_44,persistence,1.0681517013864101,1.1409480571746826,1.1409480571746826,1.0681517013864101,1.1409480571746826,0.0,9216,38173f0a2b4cb314d00e6ac8afa55ee98e8a95c9f75ff245537375e54843ef74,b4d5996e43a410128b03a8b09326940ca41bcbf5616a5c6faa9599ac8db34d97,b6f77dfdb1a47e344c555f93c1d5e4d6631bc7065b194c0820ab88ab1c96f928,680ec90676ec680c096d58813f9c4058100aaee0ec0edf563ef2be6b446d986d,0257b13f759a0eb9b3edc3d9edfc7e91a5a337b032004682326ddd06fe69dd15,e5e1b6861a9be8462048d8873572dee3671757c8489c6838e982ed9aa21efc1c,pass
C:\Users\Jupyter\Desktop\found_training_project\revision_outputs\cg_suite\E4_interpolation_sensitivity\spatial_tile\grid_256\idw\persistence\idw\split_seed_45,persistence,0.7841755069987026,0.6149312257766724,0.6149312257766724,0.7841755069987026,0.6149312257766724,0.0,9216,38173f0a2b4cb314d00e6ac8afa55ee98e8a95c9f75ff245537375e54843ef74,b4d5996e43a410128b03a8b09326940ca41bcbf5616a5c6faa9599ac8db34d97,9b4d56d755a687cabe862c1bdbbfb32b6fd7d7f5aa302dddb8aaa0730214ad21,52f09efb447e793c117fac8f1a50538a37ffe85a9a01e8af8616f91d7aa1702a,a8f3efa837eae9d46ba5b1a825f4de5f1f715cd3c0f340359e8732414d9e056c,e5e1b6861a9be8462048d8873572dee3671757c8489c6838e982ed9aa21efc1c,pass
C:\Users\Jupyter\Desktop\found_training_project\revision_outputs\cg_suite\E4_interpolation_sensitivity\spatial_tile\grid_256\idw\persistence\idw\split_seed_46,persistence,1.019983184152253,1.0403656959533691,1.0403656959533691,1.019983184152253,1.0403656959533691,0.0,9216,38173f0a2b4cb314d00e6ac8afa55ee98e8a95c9f75ff245537375e54843ef74,b4d5996e43a410128b03a8b09326940ca41bcbf5616a5c6faa9599ac8db34d97,3b3b1964b7db320f14534875802aceb75840c4a5c11d4dd6731d8fe0ce562a42,35c5d4724af9de33dc6f6b5a92b9e5a79c42af279290f0554fe614ffaaf54532,2196ade4f2ac71374349ae41f2e5729b4ead83040ce304e64583f65e1639818b,e5e1b6861a9be8462048d8873572dee3671757c8489c6838e982ed9aa21efc1c,pass
C:\Users\Jupyter\Desktop\found_training_project\revision_outputs\cg_suite\E4_interpolation_sensitivity\spatial_tile\grid_256\idw\lightgbm\idw\split_seed_42,lightgbm,0.9384566194795034,0.8807008266448975,0.8807008266448975,0.9384566194795034,0.8807008266448975,0.0,9216,87e4d6c1927784e017b3d33f56d47dc9fa98ba4ed5a89ec9d3f114c7b1232b94,b4d5996e43a410128b03a8b09326940ca41bcbf5616a5c6faa9599ac8db34d97,a179309a12a5b41eb9f99bac78a2c1982728c3aa6326ca24c130f57d4a3b4c78,5d7f723d7a95063429c7cde5c621612d29fe7042638e04e7dd56dddefe5d5cbc,0bc747b251378be4d8439efd8fb2be0e028308ce042550d1f0c2e2ffcce96320,794ff567165cc81824fb4e4278da4769a2c02c78acc27b7c82e7a13fedfa74b8,pass
C:\Users\Jupyter\Desktop\found_training_project\revision_outputs\cg_suite\E4_interpolation_sensitivity\spatial_tile\grid_256\idw\lightgbm\idw\split_seed_43,lightgbm,2.2433944803022245,5.032818794250488,5.032818794250488,2.2433944803022245,5.032818794250488,0.0,9216,063f272db86d0279ffac6cdce7ad98fbe09765225302b409538f6d563315e3c3,b4d5996e43a410128b03a8b09326940ca41bcbf5616a5c6faa9599ac8db34d97,8618034f74df22bb8f2b19f0df1ae6a3ec5fcdd02cee9d5e48131dfd5f6ab24b,b86e3b97c87cfc642abd22ebf7980134884a8e9c0b4f2ae01de56e9ae1d76a27,70137539c2a5f5505174a325ffc82a6056fea0ce0248c7fd60a9d910b5e5cbe3,1ea10cca71626b60019477154288477bb2e1dd9a4549603f46fcb6f5cdc9e494,pass
C:\Users\Jupyter\Desktop\found_training_project\revision_outputs\cg_suite\E4_interpolation_sensitivity\spatial_tile\grid_256\idw\lightgbm\idw\split_seed_44,lightgbm,1.2520891374568794,1.5677272081375122,1.5677272081375124,1.2520891374568794,1.5677272081375122,2.220446049250313e-16,9216,8cbe091e1222d2e59eeaa2f3ce2b1960d892015c8befb250009a13a0b7cb3dfd,b4d5996e43a410128b03a8b09326940ca41bcbf5616a5c6faa9599ac8db34d97,b6f77dfdb1a47e344c555f93c1d5e4d6631bc7065b194c0820ab88ab1c96f928,680ec90676ec680c096d58813f9c4058100aaee0ec0edf563ef2be6b446d986d,60c6ff0ae52f433092de5cdbe3df6359b65b3664d79865ff0847714f27744bc5,1459dd720567f5d142e213d8fc850e7fbd5cf7d839ad650158ad1543ff0e956f,pass
C:\Users\Jupyter\Desktop\found_training_project\revision_outputs\cg_suite\E4_interpolation_sensitivity\spatial_tile\grid_256\idw\lightgbm\idw\split_seed_45,lightgbm,0.7007670176750201,0.49107441306114197,0.49107441306114197,0.7007670176750201,0.49107441306114197,0.0,9216,c92a3a53ca4f938a0db3a6d487869cb494a51da60721963d716af7f7a47a5d62,b4d5996e43a410128b03a8b09326940ca41bcbf5616a5c6faa9599ac8db34d97,9b4d56d755a687cabe862c1bdbbfb32b6fd7d7f5aa302dddb8aaa0730214ad21,52f09efb447e793c117fac8f1a50538a37ffe85a9a01e8af8616f91d7aa1702a,181c0b15fcf6ceca15703567a862461d0af6d6aa874560d56fe94174aa1d1636,4cf3e3cca97ba0699fdf21740f402dc9144c63be37b530f8334a4c1a3d5b7815,pass
C:\Users\Jupyter\Desktop\found_training_project\revision_outputs\cg_suite\E4_interpolation_sensitivity\spatial_tile\grid_256\idw\lightgbm\idw\split_seed_46,lightgbm,1.2760353036319616,1.6282660961151123,1.6282660961151125,1.2760353036319616,1.6282660961151123,2.220446049250313e-16,9216,1bf44fcab7bd067132819ebcfffd675556d1c4def6d61cffe7ce0cb42abef973,b4d5996e43a410128b03a8b09326940ca41bcbf5616a5c6faa9599ac8db34d97,3b3b1964b7db320f14534875802aceb75840c4a5c11d4dd6731d8fe0ce562a42,35c5d4724af9de33dc6f6b5a92b9e5a79c42af279290f0554fe614ffaaf54532,734270f820a59f0166f9b07799149ed90a4b3f03f4cd4a7ba55f65cbbc8aa16f,2cdaa92c5cd6112a197d4bfc768dbe6ba8d6477a15c6ab8bdc8d8f616190b9e4,pass
C:\Users\Jupyter\Desktop\found_training_project\revision_outputs\cg_suite\E4_interpolation_sensitivity\spatial_tile\grid_256\idw\lasso\idw\split_seed_42,lasso,0.9308790697070541,0.8665358424186707,0.8665358424186705,0.9308790697070541,0.8665358424186707,1.1102230246251565e-16,9216,fa4f587889a6117c0c776a653daf5d8f165b7d64f1ad517dafc34c7c99aac91d,b4d5996e43a410128b03a8b09326940ca41bcbf5616a5c6faa9599ac8db34d97,a179309a12a5b41eb9f99bac78a2c1982728c3aa6326ca24c130f57d4a3b4c78,5d7f723d7a95063429c7cde5c621612d29fe7042638e04e7dd56dddefe5d5cbc,6354bd5e3427e5e04f8f63838d7c837fb7b13ec2ce0eb82497de329ff74b0e70,d331f61309f5eddff05faa8018f433b45e684e02ae2fb9e755a0ac17b09b32d1,pass
C:\Users\Jupyter\Desktop\found_training_project\revision_outputs\cg_suite\E4_interpolation_sensitivity\spatial_tile\grid_256\idw\lasso\idw\split_seed_43,lasso,0.9921921557219601,0.9844452738761902,0.9844452738761903,0.9921921557219601,0.9844452738761902,1.1102230246251565e-16,9216,284fae68ace1faff6b16a111ba1921b03d905552e47c8ef44586a8c2633d31c0,b4d5996e43a410128b03a8b09326940ca41bcbf5616a5c6faa9599ac8db34d97,8618034f74df22bb8f2b19f0df1ae6a3ec5fcdd02cee9d5e48131dfd5f6ab24b,b86e3b97c87cfc642abd22ebf7980134884a8e9c0b4f2ae01de56e9ae1d76a27,1bf20bf21cde2e956fdcbc294ca375054038875f74beb918f19a7ca0a269ce84,33317bb3575ac8a8f10f359422e2a94e653130fe858542644f65d1fbb12121aa,pass
C:\Users\Jupyter\Desktop\found_training_project\revision_outputs\cg_suite\E4_interpolation_sensitivity\spatial_tile\grid_256\idw\lasso\idw\split_seed_44,lasso,0.9954614464954897,0.9909434914588928,0.9909434914588928,0.9954614464954897,0.9909434914588928,0.0,9216,abd5d2da2c7a905585fce5f1c5107b88e6a2a0a348c371956e7aa3722c2046d5,b4d5996e43a410128b03a8b09326940ca41bcbf5616a5c6faa9599ac8db34d97,b6f77dfdb1a47e344c555f93c1d5e4d6631bc7065b194c0820ab88ab1c96f928,680ec90676ec680c096d58813f9c4058100aaee0ec0edf563ef2be6b446d986d,11a175dea12fb1c527633baa5e0b64f7126e5e99ec95b3030f965a432cf31f96,447d5796c62920b241e4e7c6ed2d74ee224ea012875838ccdd1b818d4ecdd74d,pass
C:\Users\Jupyter\Desktop\found_training_project\revision_outputs\cg_suite\E4_interpolation_sensitivity\spatial_tile\grid_256\idw\lasso\idw\split_seed_45,lasso,0.7020622699268187,0.49289143085479736,0.4928914308547973,0.7020622699268187,0.49289143085479736,5.551115123125783e-17,9216,bdbd56bfbf873f147e9e9760f2a88853aa959112d159db905a91876bb6d74be0,b4d5996e43a410128b03a8b09326940ca41bcbf5616a5c6faa9599ac8db34d97,9b4d56d755a687cabe862c1bdbbfb32b6fd7d7f5aa302dddb8aaa0730214ad21,52f09efb447e793c117fac8f1a50538a37ffe85a9a01e8af8616f91d7aa1702a,66def4806045490a715edb3764fc8ea5f79e0e287d81f0a1d4b5fc695b93ff6d,295eac267ea13f086cbd8fa3c9ea6f7bef2ae5b0a800eea65feb50d67537b9bc,pass
C:\Users\Jupyter\Desktop\found_training_project\revision_outputs\cg_suite\E4_interpolation_sensitivity\spatial_tile\grid_256\idw\lasso\idw\split_seed_46,lasso,0.8965793467893759,0.8038545250892639,0.8038545250892639,0.8965793467893759,0.8038545250892639,0.0,9216,a5e2a031166d29d265f3b6ea8d328db730d7ee17f5f89bd2804ff7201c849b82,b4d5996e43a410128b03a8b09326940ca41bcbf5616a5c6faa9599ac8db34d97,3b3b1964b7db320f14534875802aceb75840c4a5c11d4dd6731d8fe0ce562a42,35c5d4724af9de33dc6f6b5a92b9e5a79c42af279290f0554fe614ffaaf54532,fd78140cf8b51fbeee8d573395cc68d0734240acb059e77ea2ec41a80e1a52bb,3c6817f75c0123dcc5c0029e56040c19b44a4a7d78efdb018aa58c619646d78c,pass
C:\Users\Jupyter\Desktop\found_training_project\revision_outputs\cg_suite\E4_interpolation_sensitivity\spatial_tile\grid_256\idw\cnn_lstm_maskaware\idw\split_seed_42,cnn_lstm_maskaware,4.606582882161106,21.220605850219727,21.220605850219727,4.606582882161106,21.220605850219727,0.0,9216,d22abaa328a388a6e439846e72982c99aa1b1d0ea141b05729861a3335f63999,b4d5996e43a410128b03a8b09326940ca41bcbf5616a5c6faa9599ac8db34d97,a179309a12a5b41eb9f99bac78a2c1982728c3aa6326ca24c130f57d4a3b4c78,5d7f723d7a95063429c7cde5c621612d29fe7042638e04e7dd56dddefe5d5cbc,760c9001bb19a6c1dd8f04939016e2eaf5bdc312b38a1dfef662747c3a04dd6c,2ad134c95146fd9457b3392b212d117561bb2bb31fdff6b4f3e685c55345cff6,pass
C:\Users\Jupyter\Desktop\found_training_project\revision_outputs\cg_suite\E4_interpolation_sensitivity\spatial_tile\grid_256\idw\cnn_lstm_maskaware\idw\split_seed_43,cnn_lstm_maskaware,8.182459553712718,66.95264434814453,66.95264434814453,8.182459553712718,66.95264434814453,0.0,9216,a1a05380bc1596f03f32a63143b1c3de040e9db8f2676db9b89b84bb72ccfd46,b4d5996e43a410128b03a8b09326940ca41bcbf5616a5c6faa9599ac8db34d97,8618034f74df22bb8f2b19f0df1ae6a3ec5fcdd02cee9d5e48131dfd5f6ab24b,b86e3b97c87cfc642abd22ebf7980134884a8e9c0b4f2ae01de56e9ae1d76a27,e2d0686037fe13f3e7b7a07c1ad07e75f757e73dd345255ad28bb33cb2c914f2,78c1b7944d3c4f4f3c4f4f992b9f79d9b1154eeb8a672e4bd0443232f5fc91a8,pass
C:\Users\Jupyter\Desktop\found_training_project\revision_outputs\cg_suite\E4_interpolation_sensitivity\spatial_tile\grid_256\idw\cnn_lstm_maskaware\idw\split_seed_44,cnn_lstm_maskaware,6.881301766044077,47.35231399536133,47.35231399536133,6.881301766044077,47.35231399536133,0.0,9216,8e435b0fbc3348e5a85f7627b7c10840b9aad1b8126b370b8cb7d4b9ab3011dd,b4d5996e43a410128b03a8b09326940ca41bcbf5616a5c6faa9599ac8db34d97,b6f77dfdb1a47e344c555f93c1d5e4d6631bc7065b194c0820ab88ab1c96f928,680ec90676ec680c096d58813f9c4058100aaee0ec0edf563ef2be6b446d986d,a5dfda125ba3d0de076c1b6351da88d86da5c30dd97d66d0926ce978bb12fb43,2aef76da96ae1e34c94ccfd1a120fe6049fbb2a503b000b378cddbe811222b9b,pass
C:\Users\Jupyter\Desktop\found_training_project\revision_outputs\cg_suite\E4_interpolation_sensitivity\spatial_tile\grid_256\idw\cnn_lstm_maskaware\idw\split_seed_45,cnn_lstm_maskaware,4.250542549956904,18.06711196899414,18.06711196899414,4.250542549956904,18.06711196899414,0.0,9216,bd52e5d5a850d40e6321470e025beac5ffa6b9dbaf2c3a6c5beba2529fe39177,b4d5996e43a410128b03a8b09326940ca41bcbf5616a5c6faa9599ac8db34d97,9b4d56d755a687cabe862c1bdbbfb32b6fd7d7f5aa302dddb8aaa0730214ad21,52f09efb447e793c117fac8f1a50538a37ffe85a9a01e8af8616f91d7aa1702a,d5b4e7678437749e441d3a4b3dc360ec84b04a3bc7cd8ab6da23a33a0f400734,60dea3e27c0ded3172f10d1728f055db67eaa236b58bddd64a7f0b188cd92094,pass
C:\Users\Jupyter\Desktop\found_training_project\revision_outputs\cg_suite\E4_interpolation_sensitivity\spatial_tile\grid_256\idw\cnn_lstm_maskaware\idw\split_seed_46,cnn_lstm_maskaware,6.042984531532398,36.517662048339844,36.51766204833984,6.042984531532398,36.517662048339844,7.105427357601002e-15,9216,19712dce38917ee60ec8b283d99c551668011b82aee8f7c43b1587ecd5f83892,b4d5996e43a410128b03a8b09326940ca41bcbf5616a5c6faa9599ac8db34d97,3b3b1964b7db320f14534875802aceb75840c4a5c11d4dd6731d8fe0ce562a42,35c5d4724af9de33dc6f6b5a92b9e5a79c42af279290f0554fe614ffaaf54532,a8c0692aab4fe15ad34415885aefd8bda6ec6097d31dc5155ca2bdf64755ac27,5c13a40ddc7fe6e42f479b49517197d2124b1986a507b977bafca92cf8ced335,pass
C:\Users\Jupyter\Desktop\found_training_project\revision_outputs\cg_suite\E5_split_comparison\grid_256\spatial_tile\persistence\linear\split_seed_42,persistence,1.5689308578982168,2.4615440368652344,2.461544036865235,1.5689308578982168,2.4615440368652344,4.440892098500626e-16,8128,9a48065e98df9bb0200b16e885c5e0f98373d92e1fd0195829a8f8628f9ede66,1e59eb26cb015535fc837f588d10b6c675b78ad23f6259fdd0725a814f18b221,aa87bd7754c73033f6fbca318704cb344d8f8307fb9362cf868f12dc9d85a42e,f88f85ae3f25d101ff972aa35c484fe2fb2a644bc331a706539b553929c61979,fc7a6443d678b58a97007e97d9ed981b5484f09494afa041adec9d0536b9fad2,a9db0ff97d701daa22a743a40c61ffdab03dd1bab93e20b72d33bd62da347c05,pass
C:\Users\Jupyter\Desktop\found_training_project\revision_outputs\cg_suite\E5_split_comparison\grid_256\spatial_tile\persistence\linear\split_seed_43,persistence,1.7081644936220628,2.917825937271118,2.917825937271118,1.7081644936220628,2.917825937271118,0.0,7801,9a48065e98df9bb0200b16e885c5e0f98373d92e1fd0195829a8f8628f9ede66,1e59eb26cb015535fc837f588d10b6c675b78ad23f6259fdd0725a814f18b221,b323933f7c125c832058aa2565acec87c0366ed7ad0b10fe8efeb214892db378,e67004752ed74bc39995b5eb14dc48083ece39e35a68aa052d20c22dfdd93fc8,7f84e73cf09dda340b19d7e4c334043403ee2370c7ad56021dcf7212496ff9da,a9db0ff97d701daa22a743a40c61ffdab03dd1bab93e20b72d33bd62da347c05,pass
C:\Users\Jupyter\Desktop\found_training_project\revision_outputs\cg_suite\E5_split_comparison\grid_256\spatial_tile\persistence\linear\split_seed_44,persistence,1.465097878346903,2.1465117931365967,2.1465117931365967,1.465097878346903,2.1465117931365967,0.0,8155,9a48065e98df9bb0200b16e885c5e0f98373d92e1fd0195829a8f8628f9ede66,1e59eb26cb015535fc837f588d10b6c675b78ad23f6259fdd0725a814f18b221,dc4e472d4ff09f561e1361da6f2d4a7c3bb5470862a13b149e680a480bc8139b,64fb40a5cacc6fc75e2d2f6f2b3103e086d9cbd16120652b2005022ae7f370a4,7db96415f29dc96cb3512560248b9d6e37305bcee2327313567e7e3c03cbf347,a9db0ff97d701daa22a743a40c61ffdab03dd1bab93e20b72d33bd62da347c05,pass
C:\Users\Jupyter\Desktop\found_training_project\revision_outputs\cg_suite\E5_split_comparison\grid_256\spatial_tile\persistence\linear\split_seed_45,persistence,1.5651321366318558,2.449638605117798,2.4496386051177983,1.5651321366318558,2.449638605117798,4.440892098500626e-16,8483,9a48065e98df9bb0200b16e885c5e0f98373d92e1fd0195829a8f8628f9ede66,1e59eb26cb015535fc837f588d10b6c675b78ad23f6259fdd0725a814f18b221,9f4427996aac0677942e3dcb92a43587024aa3e8af163de64f4941b1377e52b0,26ce402861503955497ebabdd95e743915097d8fde8ba480235f4361e058bc18,bab62a51f843bb4243da8ad960c6da3e5c6e689c44813cbac3c4156748550deb,a9db0ff97d701daa22a743a40c61ffdab03dd1bab93e20b72d33bd62da347c05,pass
C:\Users\Jupyter\Desktop\found_training_project\revision_outputs\cg_suite\E5_split_comparison\grid_256\spatial_tile\persistence\linear\split_seed_46,persistence,1.4870989250775883,2.211463212966919,2.2114632129669185,1.4870989250775883,2.211463212966919,4.440892098500626e-16,7806,9a48065e98df9bb0200b16e885c5e0f98373d92e1fd0195829a8f8628f9ede66,1e59eb26cb015535fc837f588d10b6c675b78ad23f6259fdd0725a814f18b221,b147155d168780531b89106b8cff37420d8650cce600f3ae472a5a857fa46329,52b7ebf552b9f07711cdf26f51ea4304893f382ddcfb5a0f86f09ac9c24ca006,57a95b428eb92082359657b8a8dff191508903cd59772b1b98ef5b7f3b32019a,a9db0ff97d701daa22a743a40c61ffdab03dd1bab93e20b72d33bd62da347c05,pass
C:\Users\Jupyter\Desktop\found_training_project\revision_outputs\cg_suite\E5_split_comparison\grid_256\spatial_tile\lightgbm\linear\split_seed_42,lightgbm,1.980738333688314,3.9233243465423584,3.923324346542359,1.980738333688314,3.9233243465423584,4.440892098500626e-16,8128,048099bb21ff9d0f68e094a88df6e1b2e03c5cc4692fcd084aa2de10688a06bf,1e59eb26cb015535fc837f588d10b6c675b78ad23f6259fdd0725a814f18b221,aa87bd7754c73033f6fbca318704cb344d8f8307fb9362cf868f12dc9d85a42e,f88f85ae3f25d101ff972aa35c484fe2fb2a644bc331a706539b553929c61979,ba94c95a7d1110448b27d948fdbc9160dddb32080e46bd13b7877666e67a5d2a,fb1eaa8f8479d5389cb598a9943791fe3565964f67a3ccb2bcb0ecb0affd4bd0,pass
C:\Users\Jupyter\Desktop\found_training_project\revision_outputs\cg_suite\E5_split_comparison\grid_256\spatial_tile\lightgbm\linear\split_seed_43,lightgbm,2.593001751806077,6.723658084869385,6.723658084869385,2.593001751806077,6.723658084869385,0.0,7801,dfd3f5e1d6698f79f76d0daffff5afc5a9a16231958cdd2ef72c1c29b4b56ea1,1e59eb26cb015535fc837f588d10b6c675b78ad23f6259fdd0725a814f18b221,b323933f7c125c832058aa2565acec87c0366ed7ad0b10fe8efeb214892db378,e67004752ed74bc39995b5eb14dc48083ece39e35a68aa052d20c22dfdd93fc8,b3e1419d624ea18fbac0caf6b83e4ca9f6004fef64de3fae0da66bf64ef2999a,6167f6ae9b261808035b85da01d74cd88b48eafcf000b0b00b56519375f6c745,pass
C:\Users\Jupyter\Desktop\found_training_project\revision_outputs\cg_suite\E5_split_comparison\grid_256\spatial_tile\lightgbm\linear\split_seed_44,lightgbm,2.470611160436421,6.103919506072998,6.103919506072998,2.470611160436421,6.103919506072998,0.0,8155,41dcdf73c73b450154ee7d71c5e01a285ff71d61042f3da2f69596bb15ad8d34,1e59eb26cb015535fc837f588d10b6c675b78ad23f6259fdd0725a814f18b221,dc4e472d4ff09f561e1361da6f2d4a7c3bb5470862a13b149e680a480bc8139b,64fb40a5cacc6fc75e2d2f6f2b3103e086d9cbd16120652b2005022ae7f370a4,56ae460be3ad3b3904916483f515b0927a26f161c0517b836f05e78c5e6bb78b,e7888c4b575d2817477dab194f4046759c3e25de6a8aa2462833cd2be042d781,pass
C:\Users\Jupyter\Desktop\found_training_project\revision_outputs\cg_suite\E5_split_comparison\grid_256\spatial_tile\lightgbm\linear\split_seed_45,lightgbm,1.461735471775595,2.1366705894470215,2.1366705894470215,1.461735471775595,2.1366705894470215,0.0,8483,b74c6621236af870d3d4cdb66237477d0bbcaeaa3d55d2f0094b56284e9d7423,1e59eb26cb015535fc837f588d10b6c675b78ad23f6259fdd0725a814f18b221,9f4427996aac0677942e3dcb92a43587024aa3e8af163de64f4941b1377e52b0,26ce402861503955497ebabdd95e743915097d8fde8ba480235f4361e058bc18,85380d9145f18b3cebc13f8a3952f4883cf9a3e19de40eece2eb273ccb9319b1,f932bd72dc408e84e477180668e90d88944da125758e25fbf416c2842e6b42a1,pass
C:\Users\Jupyter\Desktop\found_training_project\revision_outputs\cg_suite\E5_split_comparison\grid_256\spatial_tile\lightgbm\linear\split_seed_46,lightgbm,1.766613641279015,3.1209237575531006,3.1209237575531,1.766613641279015,3.1209237575531006,4.440892098500626e-16,7806,31e649d8a793dea875cdaf7cc7d1aa408c619414872627ac0c52a6818473a8d2,1e59eb26cb015535fc837f588d10b6c675b78ad23f6259fdd0725a814f18b221,b147155d168780531b89106b8cff37420d8650cce600f3ae472a5a857fa46329,52b7ebf552b9f07711cdf26f51ea4304893f382ddcfb5a0f86f09ac9c24ca006,ac587c48789653858ac71dcef756ae2ffe9a80457bb32bba23ab7b73a019e3a4,eb115e125c527850a57c25d865eefcedd9a7ef466d1e4c7a07441e28e3eee32d,pass
C:\Users\Jupyter\Desktop\found_training_project\revision_outputs\cg_suite\E5_split_comparison\grid_256\spatial_tile\cnn_tcn\linear\split_seed_42,cnn_tcn,7.514955994457507,56.47456359863281,56.47456359863282,7.514955994457507,56.47456359863281,7.105427357601002e-15,8128,bdd98f23ebdc56bf336d4071ae49db51368e0fcb68c7f123757e09bc628fec4c,1e59eb26cb015535fc837f588d10b6c675b78ad23f6259fdd0725a814f18b221,aa87bd7754c73033f6fbca318704cb344d8f8307fb9362cf868f12dc9d85a42e,f88f85ae3f25d101ff972aa35c484fe2fb2a644bc331a706539b553929c61979,fec29ff74c9e584381c492fc80f5567623f438d97d86e9421aa3013b35e07f4f,436e191688df29311e1ae97d7bce7df982f483776dadd2b2b50d92cb6f5a7eb1,pass
C:\Users\Jupyter\Desktop\found_training_project\revision_outputs\cg_suite\E5_split_comparison\grid_256\spatial_tile\cnn_tcn\linear\split_seed_43,cnn_tcn,8.10455237666302,65.68376922607422,65.68376922607422,8.10455237666302,65.68376922607422,0.0,7801,ce8d0e9dd432cfed6c07e8fb67bdcc143059985d0634744fc5ac41ff1c947dff,1e59eb26cb015535fc837f588d10b6c675b78ad23f6259fdd0725a814f18b221,b323933f7c125c832058aa2565acec87c0366ed7ad0b10fe8efeb214892db378,e67004752ed74bc39995b5eb14dc48083ece39e35a68aa052d20c22dfdd93fc8,bb4f358842a9f4f86b2a5e3f51ecce79acc81a7dce5e8920266f76a84d67a75b,87b1f3eae2c830093aaaa8f4b3bb2293e2831409e6c463da39dec561b167529d,pass
C:\Users\Jupyter\Desktop\found_training_project\revision_outputs\cg_suite\E5_split_comparison\grid_256\spatial_tile\cnn_tcn\linear\split_seed_44,cnn_tcn,7.636038872389567,58.30908966064453,58.30908966064453,7.636038872389567,58.30908966064453,0.0,8155,5e5466b06e4cce1da25c8e4ac1b451e9ebd5be935c4412a4cb6068dda12ca003,1e59eb26cb015535fc837f588d10b6c675b78ad23f6259fdd0725a814f18b221,dc4e472d4ff09f561e1361da6f2d4a7c3bb5470862a13b149e680a480bc8139b,64fb40a5cacc6fc75e2d2f6f2b3103e086d9cbd16120652b2005022ae7f370a4,0b2d699479a30fcfde483f3da83045f7d85d533aa0172174ae799e7777c065d2,f5474b0565312d339c2881b907fb23f3f58ce89fd1972615d785d1480c93dde6,pass
C:\Users\Jupyter\Desktop\found_training_project\revision_outputs\cg_suite\E5_split_comparison\grid_256\spatial_tile\cnn_tcn\linear\split_seed_45,cnn_tcn,6.807307513062163,46.33943557739258,46.33943557739257,6.807307513062163,46.33943557739258,7.105427357601002e-15,8483,2f59e4611efe43ee18eea2b93ea2bf1fe49ed5297d8d1a14f75a146afce09bec,1e59eb26cb015535fc837f588d10b6c675b78ad23f6259fdd0725a814f18b221,9f4427996aac0677942e3dcb92a43587024aa3e8af163de64f4941b1377e52b0,26ce402861503955497ebabdd95e743915097d8fde8ba480235f4361e058bc18,d01c30c53253397d7a1513602a51ac9eee1093128a249bc334af19c0aa8b9d8d,8b938306c323bddc474f97c9ba795c3590b59d84fc9d62e59c31fc9589992b19,pass
C:\Users\Jupyter\Desktop\found_training_project\revision_outputs\cg_suite\E5_split_comparison\grid_256\spatial_tile\cnn_tcn\linear\split_seed_46,cnn_tcn,6.621993624320917,43.850799560546875,43.85079956054688,6.621993624320917,43.850799560546875,7.105427357601002e-15,7806,27cf74cca0cf151b377a0a2d49e8789c582dfac23a3421886285f596a2fd945f,1e59eb26cb015535fc837f588d10b6c675b78ad23f6259fdd0725a814f18b221,b147155d168780531b89106b8cff37420d8650cce600f3ae472a5a857fa46329,52b7ebf552b9f07711cdf26f51ea4304893f382ddcfb5a0f86f09ac9c24ca006,be4eb996d457bcc22cbf78baf08b1ad6401f521ae6f45713dd986a6f2f50c846,3b85e7802d0231d57bfdb3f17d6fab747164adc394c8ec646849f80a76175efb,pass
C:\Users\Jupyter\Desktop\found_training_project\revision_outputs\cg_suite\E5_split_comparison\grid_256\spatial_tile\cnn_lstm_maskaware\linear\split_seed_42,cnn_lstm_maskaware,7.524633009570031,56.62010192871094,56.62010192871094,7.524633009570031,56.62010192871094,0.0,8128,12c60a19aa7a076784bea304cf7cdd1d37a7bc3ba5e1091a7cf00431abb983c8,1e59eb26cb015535fc837f588d10b6c675b78ad23f6259fdd0725a814f18b221,aa87bd7754c73033f6fbca318704cb344d8f8307fb9362cf868f12dc9d85a42e,f88f85ae3f25d101ff972aa35c484fe2fb2a644bc331a706539b553929c61979,f0103e2e8b65c5073d24d163c4acf5757871026a8552b69d67ae6203a458e189,ab667025d07708e6ca08c02add6cf8167b5efdd64078b02e966381942a3f678b,pass
C:\Users\Jupyter\Desktop\found_training_project\revision_outputs\cg_suite\E5_split_comparison\grid_256\spatial_tile\cnn_lstm_maskaware\linear\split_seed_43,cnn_lstm_maskaware,8.105707357180735,65.7024917602539,65.7024917602539,8.105707357180735,65.7024917602539,0.0,7801,1cbd3f716e022f493c27af140ce18b518852e5248dbeb8f4f5bd438bc958f69c,1e59eb26cb015535fc837f588d10b6c675b78ad23f6259fdd0725a814f18b221,b323933f7c125c832058aa2565acec87c0366ed7ad0b10fe8efeb214892db378,e67004752ed74bc39995b5eb14dc48083ece39e35a68aa052d20c22dfdd93fc8,c2bb68bb5e26672151ba54405e85e6802018784294099d07d23dd8408998686f,b4988d3b40cd31ddec218e63f044193ae2b03a55398e891c62c5878b36ef0dfa,pass
C:\Users\Jupyter\Desktop\found_training_project\revision_outputs\cg_suite\E5_split_comparison\grid_256\spatial_tile\cnn_lstm_maskaware\linear\split_seed_44,cnn_lstm_maskaware,7.63848984417793,58.346527099609375,58.34652709960938,7.63848984417793,58.346527099609375,7.105427357601002e-15,8155,4d5d8abc50d6088d5ef74d23ec6318688aa34ad2df098a73948d8cf36dd8ba9e,1e59eb26cb015535fc837f588d10b6c675b78ad23f6259fdd0725a814f18b221,dc4e472d4ff09f561e1361da6f2d4a7c3bb5470862a13b149e680a480bc8139b,64fb40a5cacc6fc75e2d2f6f2b3103e086d9cbd16120652b2005022ae7f370a4,5e4d0aa7be567dab4747722d7e5016e6295f15b1a5ddc30456df7754e083ac1a,eee6d8c5315017911fb613f0158c5292eeb7154625de822e96ca68c61a6266ff,pass
C:\Users\Jupyter\Desktop\found_training_project\revision_outputs\cg_suite\E5_split_comparison\grid_256\spatial_tile\cnn_lstm_maskaware\linear\split_seed_45,cnn_lstm_maskaware,6.818299231240756,46.48920440673828,46.48920440673828,6.818299231240756,46.48920440673828,0.0,8483,62e7e114ae7e553274fa3720f4f9b10da26eb61babd42d45c162b2b215755608,1e59eb26cb015535fc837f588d10b6c675b78ad23f6259fdd0725a814f18b221,9f4427996aac0677942e3dcb92a43587024aa3e8af163de64f4941b1377e52b0,26ce402861503955497ebabdd95e743915097d8fde8ba480235f4361e058bc18,58998699e974078e5f81ec4a4644bbb8eb3e3d6878e07032bfc13fa9c2d26065,d3eae352348885dee1c4451c2c41689dbf3ce0d26771f6c9c1088f75bf32ad3e,pass
C:\Users\Jupyter\Desktop\found_training_project\revision_outputs\cg_suite\E5_split_comparison\grid_256\spatial_tile\cnn_lstm_maskaware\linear\split_seed_46,cnn_lstm_maskaware,6.630424438055211,43.962528228759766,43.962528228759766,6.630424438055211,43.962528228759766,0.0,7806,3516210a68f78d290b4156fc755bb2ea63fb93371722c836c413611ee13e2640,1e59eb26cb015535fc837f588d10b6c675b78ad23f6259fdd0725a814f18b221,b147155d168780531b89106b8cff37420d8650cce600f3ae472a5a857fa46329,52b7ebf552b9f07711cdf26f51ea4304893f382ddcfb5a0f86f09ac9c24ca006,1afbdbe6779fe7b91365be7716436d25eac567b33058966545621d04f2a12e7b,10f92f8b1de0414fb0bbcfebed7f622d4f47cb2ba3b0a9b7c8ae8363df467483,pass
C:\Users\Jupyter\Desktop\found_training_project\revision_outputs\cg_suite\E5_split_comparison\grid_256\random_pixel\persistence\linear\split_seed_42,persistence,1.5754435202384838,2.482022285461426,2.482022285461426,1.5754435202384838,2.482022285461426,0.0,8015,9a48065e98df9bb0200b16e885c5e0f98373d92e1fd0195829a8f8628f9ede66,1e59eb26cb015535fc837f588d10b6c675b78ad23f6259fdd0725a814f18b221,254d6b4608a8e5813ab9cc3404f3e46ac968ab22fefebb49c675be34c38a9cbb,349835299905cfba767575d0db53c09b44e46c97797d2111d23185eb06779243,13ce93a850469e2b428360e304df4b36ec94a17e50beb07fceba1672c0830be0,a9db0ff97d701daa22a743a40c61ffdab03dd1bab93e20b72d33bd62da347c05,pass
C:\Users\Jupyter\Desktop\found_training_project\revision_outputs\cg_suite\E5_split_comparison\grid_256\random_pixel\persistence\linear\split_seed_43,persistence,1.5898978109330155,2.5277750492095947,2.5277750492095947,1.5898978109330155,2.5277750492095947,0.0,8015,9a48065e98df9bb0200b16e885c5e0f98373d92e1fd0195829a8f8628f9ede66,1e59eb26cb015535fc837f588d10b6c675b78ad23f6259fdd0725a814f18b221,00cfcdb36bafd689fc52e03bb8e4b39c2fa403d1c32a8e0ddef338fa699b692d,549000215d758c136cc6b3f7b75f9b51b14f5e26a781e8a5c73213343ba9422b,51f2cd55ece6b86d39184f468eec702d95e2d475712c6654163dfe10cca501a6,a9db0ff97d701daa22a743a40c61ffdab03dd1bab93e20b72d33bd62da347c05,pass
C:\Users\Jupyter\Desktop\found_training_project\revision_outputs\cg_suite\E5_split_comparison\grid_256\random_pixel\persistence\linear\split_seed_44,persistence,1.573082828797624,2.4745895862579346,2.4745895862579346,1.573082828797624,2.4745895862579346,0.0,8015,9a48065e98df9bb0200b16e885c5e0f98373d92e1fd0195829a8f8628f9ede66,1e59eb26cb015535fc837f588d10b6c675b78ad23f6259fdd0725a814f18b221,4c5c632eb9e40372112f1f3e9088de924e7e8c5d196741afa4723e670622058c,7dc4a5092320297caf53ccb1b6d0ed5e0eb893e4e93534924d74e04b365b680c,b8e0ca3f5f080154730f75998f2fd921794d641ba83de22a23d40a1763947b8c,a9db0ff97d701daa22a743a40c61ffdab03dd1bab93e20b72d33bd62da347c05,pass
C:\Users\Jupyter\Desktop\found_training_project\revision_outputs\cg_suite\E5_split_comparison\grid_256\random_pixel\persistence\linear\split_seed_45,persistence,1.5788103636062016,2.4926421642303467,2.4926421642303467,1.5788103636062016,2.4926421642303467,0.0,8015,9a48065e98df9bb0200b16e885c5e0f98373d92e1fd0195829a8f8628f9ede66,1e59eb26cb015535fc837f588d10b6c675b78ad23f6259fdd0725a814f18b221,3b850792d087bf997567aed3978c1b6848353694c3c94136c9180f8c3c951cba,8b08e0e0687fad84332bda741a11aa7dbcfe9e0bb12d4e2c7cf70f745d428dd9,f5bbbaf51eb2d74b9449578ec469ce57366fc7cb481485ab87444fa19424e5f0,a9db0ff97d701daa22a743a40c61ffdab03dd1bab93e20b72d33bd62da347c05,pass
C:\Users\Jupyter\Desktop\found_training_project\revision_outputs\cg_suite\E5_split_comparison\grid_256\random_pixel\persistence\linear\split_seed_46,persistence,1.565192306330212,2.449826955795288,2.449826955795288,1.565192306330212,2.449826955795288,0.0,8015,9a48065e98df9bb0200b16e885c5e0f98373d92e1fd0195829a8f8628f9ede66,1e59eb26cb015535fc837f588d10b6c675b78ad23f6259fdd0725a814f18b221,45f90f8c5b34b4e4e54ac690e137c639c844e127c102339057807f32f945f42b,77d12f02fd10e02036be0881ebdbd0bb6c5164c3dfc645a00fefd58aa342b158,cf4a18400910e3eb810aac7c900b6e71df8dd9062548871b18287cda389fe5de,a9db0ff97d701daa22a743a40c61ffdab03dd1bab93e20b72d33bd62da347c05,pass
C:\Users\Jupyter\Desktop\found_training_project\revision_outputs\cg_suite\E5_split_comparison\grid_256\random_pixel\lightgbm\linear\split_seed_42,lightgbm,1.5499167543022185,2.4022419452667236,2.4022419452667236,1.5499167543022185,2.4022419452667236,0.0,8015,1ea3a16f001a3496b4583951752424e4676a64de7e0eada27e7c3db4af5f026a,1e59eb26cb015535fc837f588d10b6c675b78ad23f6259fdd0725a814f18b221,254d6b4608a8e5813ab9cc3404f3e46ac968ab22fefebb49c675be34c38a9cbb,349835299905cfba767575d0db53c09b44e46c97797d2111d23185eb06779243,2dbcda1e1d1e5e6161c17b49203d912fddbc61c84f0f5f4def5f033b321e1294,9fd27abc94e81360c4a66959c41df285aa4944b2bfbb85688833253bd1eaf2b8,pass
C:\Users\Jupyter\Desktop\found_training_project\revision_outputs\cg_suite\E5_split_comparison\grid_256\random_pixel\lightgbm\linear\split_seed_43,lightgbm,1.4560830147416362,2.120177745819092,2.120177745819092,1.4560830147416362,2.120177745819092,0.0,8015,53a5969ab003f6b0c5ffcd962949703ac9575709dd1d99a2c63a7a3cd4699015,1e59eb26cb015535fc837f588d10b6c675b78ad23f6259fdd0725a814f18b221,00cfcdb36bafd689fc52e03bb8e4b39c2fa403d1c32a8e0ddef338fa699b692d,549000215d758c136cc6b3f7b75f9b51b14f5e26a781e8a5c73213343ba9422b,d8f2e237efeb2aff579a9b18512e97772bc6d5d83e4c2c6e1a6a4e494f2027ac,1add1486a83143b865311d4ccad523657b0b1d29b0acb97cac9c2bf760be8b16,pass
C:\Users\Jupyter\Desktop\found_training_project\revision_outputs\cg_suite\E5_split_comparison\grid_256\random_pixel\lightgbm\linear\split_seed_44,lightgbm,1.4684330212674355,2.1562955379486084,2.1562955379486084,1.4684330212674355,2.1562955379486084,0.0,8015,96027df1efa37112f713ce9880e1cc954d6ca20ac8638c75664be9cd61682c98,1e59eb26cb015535fc837f588d10b6c675b78ad23f6259fdd0725a814f18b221,4c5c632eb9e40372112f1f3e9088de924e7e8c5d196741afa4723e670622058c,7dc4a5092320297caf53ccb1b6d0ed5e0eb893e4e93534924d74e04b365b680c,69926ab3e3ea6a77a1156d2530688a3acd85e35fa27b48409211c4c4fed2be19,8d92afc3ead260216fa204ad5a51693313e6bffe23231f790d45331cd52f90d3,pass
C:\Users\Jupyter\Desktop\found_training_project\revision_outputs\cg_suite\E5_split_comparison\grid_256\random_pixel\lightgbm\linear\split_seed_45,lightgbm,1.6528758100969096,2.7319984436035156,2.731998443603515,1.6528758100969096,2.7319984436035156,4.440892098500626e-16,8015,1984c382b64007e866bf6382315449ce51e039b030b30d4282be485003ff8173,1e59eb26cb015535fc837f588d10b6c675b78ad23f6259fdd0725a814f18b221,3b850792d087bf997567aed3978c1b6848353694c3c94136c9180f8c3c951cba,8b08e0e0687fad84332bda741a11aa7dbcfe9e0bb12d4e2c7cf70f745d428dd9,401656fa382eb6ac3ec29479e38aec61a1221033c431a2e5fd6cd2a7f2b01c4f,f3abc6fc2e6ef5ef6eebf5a92e4e936488badff51dabea92aec70fdfa825e940,pass
C:\Users\Jupyter\Desktop\found_training_project\revision_outputs\cg_suite\E5_split_comparison\grid_256\random_pixel\lightgbm\linear\split_seed_46,lightgbm,1.679900186956897,2.8220646381378174,2.8220646381378174,1.679900186956897,2.8220646381378174,0.0,8015,d65eb0538f5d06233829943062fbccd77217c4850055bfc60b3912590555cce8,1e59eb26cb015535fc837f588d10b6c675b78ad23f6259fdd0725a814f18b221,45f90f8c5b34b4e4e54ac690e137c639c844e127c102339057807f32f945f42b,77d12f02fd10e02036be0881ebdbd0bb6c5164c3dfc645a00fefd58aa342b158,91d6f2cdd9ddb954b0896fb6e72686d88fda39e695c0744879b28e2c69cb0c7d,08fbd74499200d9984cb5ef431cca98e4f406da4a21def6d17bfcc49331d0735,pass
C:\Users\Jupyter\Desktop\found_training_project\revision_outputs\cg_suite\E5_split_comparison\grid_256\random_pixel\cnn_tcn\linear\split_seed_42,cnn_tcn,6.848089923606921,46.89633560180664,46.89633560180664,6.848089923606921,46.89633560180664,0.0,8015,4e1f5b7e5cc4bce1780903606d1515dd046aa2b3be27f36a947e85d686727a15,1e59eb26cb015535fc837f588d10b6c675b78ad23f6259fdd0725a814f18b221,254d6b4608a8e5813ab9cc3404f3e46ac968ab22fefebb49c675be34c38a9cbb,349835299905cfba767575d0db53c09b44e46c97797d2111d23185eb06779243,3d20ce49a81d7156b76376773b253a1b8ec218baf9bfeca99ec75ce350632175,feb8500955b4751b5b2ebde5e1c65f5ec1c4ff1742c553d301348e83329c10a7,pass
C:\Users\Jupyter\Desktop\found_training_project\revision_outputs\cg_suite\E5_split_comparison\grid_256\random_pixel\cnn_tcn\linear\split_seed_43,cnn_tcn,6.613492652501949,43.738285064697266,43.738285064697266,6.613492652501949,43.738285064697266,0.0,8015,f1235e2147cb4d640d7b02d77761f3accd74e4da49ce1e5fbc86fca60ab71c28,1e59eb26cb015535fc837f588d10b6c675b78ad23f6259fdd0725a814f18b221,00cfcdb36bafd689fc52e03bb8e4b39c2fa403d1c32a8e0ddef338fa699b692d,549000215d758c136cc6b3f7b75f9b51b14f5e26a781e8a5c73213343ba9422b,32d25e7065784acb809a24cbae9e9e410e83a2864f441eeb701eff63e0759b8a,016fad9e9ec72f5a953b3b7e82460a8a9f6455dd64327e2ad06e5b9d50efa0ca,pass
C:\Users\Jupyter\Desktop\found_training_project\revision_outputs\cg_suite\E5_split_comparison\grid_256\random_pixel\cnn_tcn\linear\split_seed_44,cnn_tcn,6.623183091252566,43.866554260253906,43.8665542602539,6.623183091252566,43.866554260253906,7.105427357601002e-15,8015,fad89ad2c0e31a91f4fa9004452edd8c4ee748d29d00a332306ac9573a8c1c6e,1e59eb26cb015535fc837f588d10b6c675b78ad23f6259fdd0725a814f18b221,4c5c632eb9e40372112f1f3e9088de924e7e8c5d196741afa4723e670622058c,7dc4a5092320297caf53ccb1b6d0ed5e0eb893e4e93534924d74e04b365b680c,022803f200af2ae584553ea8073f9d20e5a33e0f7febe41767f35bb2ac9947c2,691900e9dc7c512af095a8e9aae7389741d567f29c30347dddbfa4733caf8bed,pass
C:\Users\Jupyter\Desktop\found_training_project\revision_outputs\cg_suite\E5_split_comparison\grid_256\random_pixel\cnn_tcn\linear\split_seed_45,cnn_tcn,6.946800801940123,48.25804138183594,48.25804138183593,6.946800801940123,48.25804138183594,7.105427357601002e-15,8015,0898f5ee3e1c9402e5635615b080df96119b88068ac5b56b69028ab6cd50c278,1e59eb26cb015535fc837f588d10b6c675b78ad23f6259fdd0725a814f18b221,3b850792d087bf997567aed3978c1b6848353694c3c94136c9180f8c3c951cba,8b08e0e0687fad84332bda741a11aa7dbcfe9e0bb12d4e2c7cf70f745d428dd9,75e160fab22679c034845272f903339d8d1e66ae38962e8ff0da8816f34c4717,95c87334e14bd9890ba442c5c63cbddd04fe114574519930da59b1d864a38a4e,pass
C:\Users\Jupyter\Desktop\found_training_project\revision_outputs\cg_suite\E5_split_comparison\grid_256\random_pixel\cnn_tcn\linear\split_seed_46,cnn_tcn,6.724748355737785,45.22224044799805,45.22224044799804,6.724748355737785,45.22224044799805,7.105427357601002e-15,8015,007027c9bc463c422b06e6ff7f9f215887f636e84b819d77efeac22bf2fe6fa9,1e59eb26cb015535fc837f588d10b6c675b78ad23f6259fdd0725a814f18b221,45f90f8c5b34b4e4e54ac690e137c639c844e127c102339057807f32f945f42b,77d12f02fd10e02036be0881ebdbd0bb6c5164c3dfc645a00fefd58aa342b158,51c2b31a43ee8b404ee38a29da77080de99565903e203948a4910750275c78b4,aefb184d0ab1d1663d4c29bf1142c073ec72b40970efbb2eb379a59529cbc585,pass
C:\Users\Jupyter\Desktop\found_training_project\revision_outputs\cg_suite\E5_split_comparison\grid_256\random_pixel\cnn_lstm_maskaware\linear\split_seed_42,cnn_lstm_maskaware,6.859467594851254,47.05229568481445,47.052295684814446,6.859467594851254,47.05229568481445,7.105427357601002e-15,8015,2168b0cf75d513b323e84722c5f83c17cfa2e516d37d0590a3b9249cefb6f7a0,1e59eb26cb015535fc837f588d10b6c675b78ad23f6259fdd0725a814f18b221,254d6b4608a8e5813ab9cc3404f3e46ac968ab22fefebb49c675be34c38a9cbb,349835299905cfba767575d0db53c09b44e46c97797d2111d23185eb06779243,4294ef8c2848b9ce6dae6e70c45753d399acef62c59f9c0895a186ebb0a650d0,8d4a3d270002541abbe71327472410a5e74e47d7593dab3494fae46b9fb2f8a3,pass
C:\Users\Jupyter\Desktop\found_training_project\revision_outputs\cg_suite\E5_split_comparison\grid_256\random_pixel\cnn_lstm_maskaware\linear\split_seed_43,cnn_lstm_maskaware,6.617893366000978,43.796512603759766,43.79651260375976,6.617893366000978,43.796512603759766,7.105427357601002e-15,8015,93c092f70c631a97aff8fefade8bd05981440a203feb97e83634e10960b52c22,1e59eb26cb015535fc837f588d10b6c675b78ad23f6259fdd0725a814f18b221,00cfcdb36bafd689fc52e03bb8e4b39c2fa403d1c32a8e0ddef338fa699b692d,549000215d758c136cc6b3f7b75f9b51b14f5e26a781e8a5c73213343ba9422b,c0faa811baefcdde6dfb957bd3cae81b27f909909a2ce2bcd86f3c49c7af9b25,ba349be94eeef67cab9b7a6b861537e3e7dcc183e68c08f08316a6336088cd0e,pass
C:\Users\Jupyter\Desktop\found_training_project\revision_outputs\cg_suite\E5_split_comparison\grid_256\random_pixel\cnn_lstm_maskaware\linear\split_seed_44,cnn_lstm_maskaware,6.622871776843469,43.862430572509766,43.862430572509766,6.622871776843469,43.862430572509766,0.0,8015,6c14005a8c1f6c4571bf0c28a06a7b2ca682ecd396609c466efad3824560e046,1e59eb26cb015535fc837f588d10b6c675b78ad23f6259fdd0725a814f18b221,4c5c632eb9e40372112f1f3e9088de924e7e8c5d196741afa4723e670622058c,7dc4a5092320297caf53ccb1b6d0ed5e0eb893e4e93534924d74e04b365b680c,af19faa12c23f0e547eb3c87c5fe05552cc1163442d0ee213d9bf41623e416fa,2cafd7386dcff4d97ef1f1e859b9a735e7a8cffcf59e05f99ecf487a75adbbc7,pass
C:\Users\Jupyter\Desktop\found_training_project\revision_outputs\cg_suite\E5_split_comparison\grid_256\random_pixel\cnn_lstm_maskaware\linear\split_seed_45,cnn_lstm_maskaware,6.946100625804998,48.248313903808594,48.248313903808594,6.946100625804998,48.248313903808594,0.0,8015,a942baea18bf7c92ba567e7f572e536fc7ce9667ae47886dfbf8638b89762cd2,1e59eb26cb015535fc837f588d10b6c675b78ad23f6259fdd0725a814f18b221,3b850792d087bf997567aed3978c1b6848353694c3c94136c9180f8c3c951cba,8b08e0e0687fad84332bda741a11aa7dbcfe9e0bb12d4e2c7cf70f745d428dd9,4361fb5eddbff8a50116daf0ac90a20f66bd8bff9172a2db583a43442464f0ec,90e96a61b7cecc3b0596722ef45be302f6f93b8c6ad88939d97038bea5805c42,pass
C:\Users\Jupyter\Desktop\found_training_project\revision_outputs\cg_suite\E5_split_comparison\grid_256\random_pixel\cnn_lstm_maskaware\linear\split_seed_46,cnn_lstm_maskaware,6.731320566924965,45.31067657470703,45.31067657470703,6.731320566924965,45.31067657470703,0.0,8015,301b6c1cc1b25f2eda4b5347b36ea5be61ff6bd7e82988229fe332510f4430b4,1e59eb26cb015535fc837f588d10b6c675b78ad23f6259fdd0725a814f18b221,45f90f8c5b34b4e4e54ac690e137c639c844e127c102339057807f32f945f42b,77d12f02fd10e02036be0881ebdbd0bb6c5164c3dfc645a00fefd58aa342b158,0466947482440b2bd88e7d7dd847eeedf35ee79980420349ad89a945b5946b50,526caeb37c6b8885b0b294c57d96584cc344b564fe74d1662130717a4d98bac9,pass
C:\Users\Jupyter\Desktop\found_training_project\revision_outputs\cg_suite\E7_resolution_scaling\grid_512\persistence\linear\split_seed_42,persistence,1.5460197319212547,2.390177011489868,2.3901770114898686,1.5460197319212547,2.390177011489868,4.440892098500626e-16,31797,886669c2fd6daaf21eb1d6de9c91cff1b789946f003b4924503b876203ca5e19,6e40c8eecafb927092587184d0ccf3828fee65a71909acffa352c2d62aef1874,f2a5ddf254f5faaa1f4392d64e96a06a5fb66cb87fe7f3a76332eae561e0287a,2bb5fa6638ef8c608c36c71ded4d1f36518cf649057da005d4720bf9bfa1cd9a,7b6dce5454509bac7492b3f1bde87108a3191577c5b138cd7d20902fc822a813,b29bf7a8081ef065e93292b2a4c7d46d4420872b1fbf4a5d9d012d9a189a6a5e,pass
C:\Users\Jupyter\Desktop\found_training_project\revision_outputs\cg_suite\E7_resolution_scaling\grid_512\persistence\linear\split_seed_43,persistence,1.6187338691997624,2.6202993392944336,2.6202993392944336,1.6187338691997624,2.6202993392944336,0.0,32557,886669c2fd6daaf21eb1d6de9c91cff1b789946f003b4924503b876203ca5e19,6e40c8eecafb927092587184d0ccf3828fee65a71909acffa352c2d62aef1874,2d72df2b8d98b25e060c8ca9308f99fa61adf45cae7f41de8352d09807ae24a8,238c135cfd846a9ae8008ca1cbce476ac6ce8249ef8284b3fa768de0f5e93d1b,40256c878df8ec04cbabfcd9616fa3be2e6902b23c09d208a3b4e8b77bfce241,b29bf7a8081ef065e93292b2a4c7d46d4420872b1fbf4a5d9d012d9a189a6a5e,pass
C:\Users\Jupyter\Desktop\found_training_project\revision_outputs\cg_suite\E7_resolution_scaling\grid_512\persistence\linear\split_seed_44,persistence,1.5782640603616132,2.490917444229126,2.4909174442291255,1.5782640603616132,2.490917444229126,4.440892098500626e-16,31653,886669c2fd6daaf21eb1d6de9c91cff1b789946f003b4924503b876203ca5e19,6e40c8eecafb927092587184d0ccf3828fee65a71909acffa352c2d62aef1874,40944842f8ad16d6cc49715ab0c8ac5ef82e5343162f0a3ca11410d3fee78789,d195682b96ea352bcdcf27775c4ec199d07169274d5cd2e98a9d39ebf491ad15,c5cc308977d8fa05901321cb151494e038527ddfe131cfdbd3fa2ecc8e2478a6,b29bf7a8081ef065e93292b2a4c7d46d4420872b1fbf4a5d9d012d9a189a6a5e,pass
C:\Users\Jupyter\Desktop\found_training_project\revision_outputs\cg_suite\E7_resolution_scaling\grid_512\persistence\linear\split_seed_45,persistence,1.4986488296684943,2.245948314666748,2.2459483146667476,1.4986488296684943,2.245948314666748,4.440892098500626e-16,32503,886669c2fd6daaf21eb1d6de9c91cff1b789946f003b4924503b876203ca5e19,6e40c8eecafb927092587184d0ccf3828fee65a71909acffa352c2d62aef1874,c29aa048a052af34a70e6ebf0d6df043f5950a292a7c996ab42a9c17ec971bb4,93cf99717de237fe39e73865a2228e60157e95b0e7ba0146518890f967f00686,25dfc6e56ec8b52a0aadcd4d57783b285043ab7811ea0cbab9cb54f768c40499,b29bf7a8081ef065e93292b2a4c7d46d4420872b1fbf4a5d9d012d9a189a6a5e,pass
C:\Users\Jupyter\Desktop\found_training_project\revision_outputs\cg_suite\E7_resolution_scaling\grid_512\persistence\linear\split_seed_46,persistence,1.5868271460572614,2.5180203914642334,2.518020391464233,1.5868271460572614,2.5180203914642334,4.440892098500626e-16,31611,886669c2fd6daaf21eb1d6de9c91cff1b789946f003b4924503b876203ca5e19,6e40c8eecafb927092587184d0ccf3828fee65a71909acffa352c2d62aef1874,7ce66d4f9ec48d50324a364bb207957ad5976fab3c8351f9b4b65348e7d596d9,75b5c8991a02a7bc2d71c480eff6f515a00365df4d654d8444ae94c509a32676,7a0c8b7c273ff97e2791fd2357a188afdb1dc1e78157a7ef7f84591eb9c8da98,b29bf7a8081ef065e93292b2a4c7d46d4420872b1fbf4a5d9d012d9a189a6a5e,pass
C:\Users\Jupyter\Desktop\found_training_project\revision_outputs\cg_suite\E7_resolution_scaling\grid_512\lightgbm\linear\split_seed_42,lightgbm,2.068988419822562,4.280713081359863,4.280713081359862,2.068988419822562,4.280713081359863,8.881784197001252e-16,31797,55169c3d43afef534d6b05e4aa527f4c1ff83c95d0a166d2d29d7bc550594cf4,6e40c8eecafb927092587184d0ccf3828fee65a71909acffa352c2d62aef1874,f2a5ddf254f5faaa1f4392d64e96a06a5fb66cb87fe7f3a76332eae561e0287a,2bb5fa6638ef8c608c36c71ded4d1f36518cf649057da005d4720bf9bfa1cd9a,20a08d9a41f5d1cce26212cc15b57d98172c044bf23c624d5a97f0915368928f,685f47253b889af175f8e3fadc1abfdf97c97d3e2269191c772c36b21ee1adca,pass
C:\Users\Jupyter\Desktop\found_training_project\revision_outputs\cg_suite\E7_resolution_scaling\grid_512\lightgbm\linear\split_seed_43,lightgbm,2.098079816225466,4.4019389152526855,4.4019389152526855,2.098079816225466,4.4019389152526855,0.0,32557,18cb2d5d7ccdfe1e7413d30a2a3df3b281076f49a36dcbcb13872f61331fa15e,6e40c8eecafb927092587184d0ccf3828fee65a71909acffa352c2d62aef1874,2d72df2b8d98b25e060c8ca9308f99fa61adf45cae7f41de8352d09807ae24a8,238c135cfd846a9ae8008ca1cbce476ac6ce8249ef8284b3fa768de0f5e93d1b,d3a997d3137af92b212768040472335c428a7952d14c87ae75e300b0a4b91e48,4988c5bcd4bd201ca9eb09b9fa66596ad91a8b83229c1c2104e4953d809b6d88,pass
C:\Users\Jupyter\Desktop\found_training_project\revision_outputs\cg_suite\E7_resolution_scaling\grid_512\lightgbm\linear\split_seed_44,lightgbm,1.829416584966726,3.3467650413513184,3.3467650413513184,1.829416584966726,3.3467650413513184,0.0,31653,74dad536ce5bee3eaec0c48d831635a12e3de7d131dac1a1cc81f7f78e81238d,6e40c8eecafb927092587184d0ccf3828fee65a71909acffa352c2d62aef1874,40944842f8ad16d6cc49715ab0c8ac5ef82e5343162f0a3ca11410d3fee78789,d195682b96ea352bcdcf27775c4ec199d07169274d5cd2e98a9d39ebf491ad15,662fe107c35e2656fc0e8fc8e42c8c61e374a76e9d8a779160b22e9bbc13645e,19a725ce64f2f305de1e6f6b1d8c94802a5d3c029da4e5c66473d0e4d359623f,pass
C:\Users\Jupyter\Desktop\found_training_project\revision_outputs\cg_suite\E7_resolution_scaling\grid_512\lightgbm\linear\split_seed_45,lightgbm,2.0099377498191813,4.039849758148193,4.039849758148193,2.0099377498191813,4.039849758148193,0.0,32503,e6483712840a68fb03d90b044882224089291008271337e3c14641d1f508ace7,6e40c8eecafb927092587184d0ccf3828fee65a71909acffa352c2d62aef1874,c29aa048a052af34a70e6ebf0d6df043f5950a292a7c996ab42a9c17ec971bb4,93cf99717de237fe39e73865a2228e60157e95b0e7ba0146518890f967f00686,287d2342fc0601e42a0ecb607d908aed792e89363a3ea6d614f7194ad734a5f0,c028bf1ffba4cbc158039f0c07f17412266ac65b5351cc4a1e088c8df6a19dc3,pass
C:\Users\Jupyter\Desktop\found_training_project\revision_outputs\cg_suite\E7_resolution_scaling\grid_512\lightgbm\linear\split_seed_46,lightgbm,1.4692520744409046,2.1587016582489014,2.1587016582489014,1.4692520744409046,2.1587016582489014,0.0,31611,edd1a55845b8dc624facb0788bf90558d6bc0cc630e417421933836672b9b834,6e40c8eecafb927092587184d0ccf3828fee65a71909acffa352c2d62aef1874,7ce66d4f9ec48d50324a364bb207957ad5976fab3c8351f9b4b65348e7d596d9,75b5c8991a02a7bc2d71c480eff6f515a00365df4d654d8444ae94c509a32676,0ffae75033bd5596556f193926779751d05f0652b0fbaf1af75caae999c60f63,3b19f7de25a56d266ae73e3a65e92746bea51d6b10a7ec4a4eaf10a73e167f57,pass
C:\Users\Jupyter\Desktop\found_training_project\revision_outputs\cg_suite\E7_resolution_scaling\grid_512\lasso\linear\split_seed_42,lasso,1.3193270826289636,1.740623950958252,1.7406239509582522,1.3193270826289636,1.740623950958252,2.220446049250313e-16,31797,b3ec5d1d41000320420f7c73c95e1bd31b1bb8e6c8fce25f4b0a98ccbe60982d,6e40c8eecafb927092587184d0ccf3828fee65a71909acffa352c2d62aef1874,f2a5ddf254f5faaa1f4392d64e96a06a5fb66cb87fe7f3a76332eae561e0287a,2bb5fa6638ef8c608c36c71ded4d1f36518cf649057da005d4720bf9bfa1cd9a,5219942ee05abea0f3f1dcc96f9ca524cdf2a8a554d1d1be52f9bdb3d71dd227,0e65b204bd4bbd42d82247c7cfc32000bf2681f5efbb3e4a53659bc4df82092d,pass
C:\Users\Jupyter\Desktop\found_training_project\revision_outputs\cg_suite\E7_resolution_scaling\grid_512\lasso\linear\split_seed_43,lasso,1.3711480893400978,1.880047082901001,1.8800470829010008,1.3711480893400978,1.880047082901001,2.220446049250313e-16,32557,03f1d963049e4c25b1cb7baaa0fa714211ebd7dd625793382f6ea1d48fff58a4,6e40c8eecafb927092587184d0ccf3828fee65a71909acffa352c2d62aef1874,2d72df2b8d98b25e060c8ca9308f99fa61adf45cae7f41de8352d09807ae24a8,238c135cfd846a9ae8008ca1cbce476ac6ce8249ef8284b3fa768de0f5e93d1b,4c0c2172150f8eac5f751296adddfc45b6e4aff797c0a1fba10f0e8d69e2e341,9cebf1b760177b7de91b7755df911da95ae02883ff648596f6c81dffad0c7780,pass
C:\Users\Jupyter\Desktop\found_training_project\revision_outputs\cg_suite\E7_resolution_scaling\grid_512\lasso\linear\split_seed_44,lasso,1.3847057076688123,1.917409896850586,1.9174098968505862,1.3847057076688123,1.917409896850586,2.220446049250313e-16,31653,36c78159703fb7e83b599a3cf35ebb30fba5af2dd0d942cc2f64ed2a746dd90b,6e40c8eecafb927092587184d0ccf3828fee65a71909acffa352c2d62aef1874,40944842f8ad16d6cc49715ab0c8ac5ef82e5343162f0a3ca11410d3fee78789,d195682b96ea352bcdcf27775c4ec199d07169274d5cd2e98a9d39ebf491ad15,0f791cde7de71591025cee10bfd744f65f508a3365431bdf2203f7a4c77a3a84,902d6990d55f03156085c6ebe9ae98998c620faec8db4c989f19aa6d96d58c5b,pass
C:\Users\Jupyter\Desktop\found_training_project\revision_outputs\cg_suite\E7_resolution_scaling\grid_512\lasso\linear\split_seed_45,lasso,1.347820017718712,1.816618800163269,1.8166188001632693,1.347820017718712,1.816618800163269,2.220446049250313e-16,32503,39f6cb5186977d05f1441cddf188be2e32b4b7e2aca1168f242aaf93a1f9f3e5,6e40c8eecafb927092587184d0ccf3828fee65a71909acffa352c2d62aef1874,c29aa048a052af34a70e6ebf0d6df043f5950a292a7c996ab42a9c17ec971bb4,93cf99717de237fe39e73865a2228e60157e95b0e7ba0146518890f967f00686,462fc3ec74a84c2fca4da5a550179178a4668d1c2c78b03de25bd2f4954b3266,0addb60159dc3580a8571c7e5ff32efb1834b6a917bf046b4314091348170a06,pass
C:\Users\Jupyter\Desktop\found_training_project\revision_outputs\cg_suite\E7_resolution_scaling\grid_512\lasso\linear\split_seed_46,lasso,1.4199586467362921,2.016282558441162,2.016282558441162,1.4199586467362921,2.016282558441162,0.0,31611,b85b37dbc62036c15ca17b81c10e70014ae528f968a826af6928614227cd92c9,6e40c8eecafb927092587184d0ccf3828fee65a71909acffa352c2d62aef1874,7ce66d4f9ec48d50324a364bb207957ad5976fab3c8351f9b4b65348e7d596d9,75b5c8991a02a7bc2d71c480eff6f515a00365df4d654d8444ae94c509a32676,e963567c79eda91e15e35917d22cc280cf24ffc9f3d7ea86626837f3152332e3,09b02efdc0ba419365c88f97e36c8543050fcb98307b815fd6f4c926d0c95af3,pass
C:\Users\Jupyter\Desktop\found_training_project\revision_outputs\cg_suite\E7_resolution_scaling\grid_256\persistence\linear\split_seed_42,persistence,1.5689308578982168,2.4615440368652344,2.461544036865235,1.5689308578982168,2.4615440368652344,4.440892098500626e-16,8128,9a48065e98df9bb0200b16e885c5e0f98373d92e1fd0195829a8f8628f9ede66,1e59eb26cb015535fc837f588d10b6c675b78ad23f6259fdd0725a814f18b221,aa87bd7754c73033f6fbca318704cb344d8f8307fb9362cf868f12dc9d85a42e,d9f4c356b9fa880dd231994608e3ab07a2222450bcbeaadcb482b9bae54e98dd,fa197e334e8c3fb8fa91d2cd34f179574ff4076b9e645c73cd08c00ab8487755,a9db0ff97d701daa22a743a40c61ffdab03dd1bab93e20b72d33bd62da347c05,pass
C:\Users\Jupyter\Desktop\found_training_project\revision_outputs\cg_suite\E7_resolution_scaling\grid_256\persistence\linear\split_seed_43,persistence,1.7081644936220628,2.917825937271118,2.917825937271118,1.7081644936220628,2.917825937271118,0.0,7801,9a48065e98df9bb0200b16e885c5e0f98373d92e1fd0195829a8f8628f9ede66,1e59eb26cb015535fc837f588d10b6c675b78ad23f6259fdd0725a814f18b221,b323933f7c125c832058aa2565acec87c0366ed7ad0b10fe8efeb214892db378,be1e466e9041b16de712551a15dd70817561427c5a48a6739d260d5e2fff49dc,a3ba6288c2ed0445d3c2f56d062ee1b4cfb74b4c788a9fdeb08eef8cb8a87e90,a9db0ff97d701daa22a743a40c61ffdab03dd1bab93e20b72d33bd62da347c05,pass
C:\Users\Jupyter\Desktop\found_training_project\revision_outputs\cg_suite\E7_resolution_scaling\grid_256\persistence\linear\split_seed_44,persistence,1.465097878346903,2.1465117931365967,2.1465117931365967,1.465097878346903,2.1465117931365967,0.0,8155,9a48065e98df9bb0200b16e885c5e0f98373d92e1fd0195829a8f8628f9ede66,1e59eb26cb015535fc837f588d10b6c675b78ad23f6259fdd0725a814f18b221,dc4e472d4ff09f561e1361da6f2d4a7c3bb5470862a13b149e680a480bc8139b,f7259d9cc1371dbba5abc323d07a3933ac46b57d431747ab0e499a9e9f2f6661,373f5d33ba7e9404ea27a834f355358e9b7c71a8f4507d64e4e59dc82e772b68,a9db0ff97d701daa22a743a40c61ffdab03dd1bab93e20b72d33bd62da347c05,pass
C:\Users\Jupyter\Desktop\found_training_project\revision_outputs\cg_suite\E7_resolution_scaling\grid_256\persistence\linear\split_seed_45,persistence,1.5651321366318558,2.449638605117798,2.4496386051177983,1.5651321366318558,2.449638605117798,4.440892098500626e-16,8483,9a48065e98df9bb0200b16e885c5e0f98373d92e1fd0195829a8f8628f9ede66,1e59eb26cb015535fc837f588d10b6c675b78ad23f6259fdd0725a814f18b221,9f4427996aac0677942e3dcb92a43587024aa3e8af163de64f4941b1377e52b0,fdeec65608ee4078fb88a8c2adfd55b6a7a8b5e06b1fec55f8fd3498aed54c06,50be61481470d2f98704bb37a1644bf4217f250a0e5ed2dbc239f33ea0b064f9,a9db0ff97d701daa22a743a40c61ffdab03dd1bab93e20b72d33bd62da347c05,pass
C:\Users\Jupyter\Desktop\found_training_project\revision_outputs\cg_suite\E7_resolution_scaling\grid_256\persistence\linear\split_seed_46,persistence,1.4870989250775883,2.211463212966919,2.2114632129669185,1.4870989250775883,2.211463212966919,4.440892098500626e-16,7806,9a48065e98df9bb0200b16e885c5e0f98373d92e1fd0195829a8f8628f9ede66,1e59eb26cb015535fc837f588d10b6c675b78ad23f6259fdd0725a814f18b221,b147155d168780531b89106b8cff37420d8650cce600f3ae472a5a857fa46329,087b0367f09baa558c765d9eeb81c4f8d28b6dc943ed0dc89c7d90ca5c7461cb,e9ff27aef6cdd3b87b5c35b2207ab68637d674d48e92b6df9b5e115d3ac20e0d,a9db0ff97d701daa22a743a40c61ffdab03dd1bab93e20b72d33bd62da347c05,pass
C:\Users\Jupyter\Desktop\found_training_project\revision_outputs\cg_suite\E7_resolution_scaling\grid_256\lightgbm\linear\split_seed_42,lightgbm,2.0183527032923894,4.073747634887695,4.073747634887696,2.0183527032923894,4.073747634887695,8.881784197001252e-16,8128,2016140b8c45d2cbeb263f37091cf2b21f51a7ed79996ed491a8fc38f4e5de56,1e59eb26cb015535fc837f588d10b6c675b78ad23f6259fdd0725a814f18b221,aa87bd7754c73033f6fbca318704cb344d8f8307fb9362cf868f12dc9d85a42e,d9f4c356b9fa880dd231994608e3ab07a2222450bcbeaadcb482b9bae54e98dd,7f5212838fa0d8f04516f5c19adc41a65ad3096932d37766c93f03263c7ccd30,6cf61afa2bb588dd7016a5d5f675ad3a26428a6864b55927de446b1eed7e6e19,pass
C:\Users\Jupyter\Desktop\found_training_project\revision_outputs\cg_suite\E7_resolution_scaling\grid_256\lightgbm\linear\split_seed_43,lightgbm,2.594822673288205,6.733104705810547,6.733104705810546,2.594822673288205,6.733104705810547,8.881784197001252e-16,7801,3644ebbb3746ed0afc977322169a2936f6e4d134cfbcee5c427293bbab42b68c,1e59eb26cb015535fc837f588d10b6c675b78ad23f6259fdd0725a814f18b221,b323933f7c125c832058aa2565acec87c0366ed7ad0b10fe8efeb214892db378,be1e466e9041b16de712551a15dd70817561427c5a48a6739d260d5e2fff49dc,13af63d41845e2663565a587445f691b889a73a3b19b949c65eff4319d89e6c9,aef0b9362470bb205a3a9d762de3ce128023a1c1cf22bbf8c02fce47bd99888a,pass
C:\Users\Jupyter\Desktop\found_training_project\revision_outputs\cg_suite\E7_resolution_scaling\grid_256\lightgbm\linear\split_seed_44,lightgbm,2.4701184693006875,6.101485252380371,6.101485252380371,2.4701184693006875,6.101485252380371,0.0,8155,94f045ca7c9fb300d17fcfc6196883ea9c1fd7db6108c1b565dcfa51cfd13613,1e59eb26cb015535fc837f588d10b6c675b78ad23f6259fdd0725a814f18b221,dc4e472d4ff09f561e1361da6f2d4a7c3bb5470862a13b149e680a480bc8139b,f7259d9cc1371dbba5abc323d07a3933ac46b57d431747ab0e499a9e9f2f6661,2c269061caff70eaef72574c0448f569b5a87cc23cc0a16314a561a01faf6eeb,91e182bd11a4ccf8d16b22886af7e4b1922b9466d77db187d15e74f66cd19d8b,pass
C:\Users\Jupyter\Desktop\found_training_project\revision_outputs\cg_suite\E7_resolution_scaling\grid_256\lightgbm\linear\split_seed_45,lightgbm,1.4626685510001365,2.139399290084839,2.139399290084839,1.4626685510001365,2.139399290084839,0.0,8483,dabe2bfe68cd87d044882612364ad0f2f5e37b87b6950009907f31c62c7d9344,1e59eb26cb015535fc837f588d10b6c675b78ad23f6259fdd0725a814f18b221,9f4427996aac0677942e3dcb92a43587024aa3e8af163de64f4941b1377e52b0,fdeec65608ee4078fb88a8c2adfd55b6a7a8b5e06b1fec55f8fd3498aed54c06,73b6f822f75196e633d3267d1661fb42c231b29af6468294b62ff4447a9e91bb,be3013aa309c0f62d66748648be1b0334b3d0dc15a94bac3fa71f1c9141dfe70,pass
C:\Users\Jupyter\Desktop\found_training_project\revision_outputs\cg_suite\E7_resolution_scaling\grid_256\lightgbm\linear\split_seed_46,lightgbm,1.7664603898644207,3.120382308959961,3.120382308959961,1.7664603898644207,3.120382308959961,0.0,7806,b4c5d73ca5f4d198aebbb73f2cb4667fb73e177fe49d36419b7c591558006e91,1e59eb26cb015535fc837f588d10b6c675b78ad23f6259fdd0725a814f18b221,b147155d168780531b89106b8cff37420d8650cce600f3ae472a5a857fa46329,087b0367f09baa558c765d9eeb81c4f8d28b6dc943ed0dc89c7d90ca5c7461cb,0f0fcdda800c5295363c6d60f955c01614451f71910c9f1ac8f96a1174c95ecd,7d987cc40cb709ca8f4f6f49cc3b3e366113f09ccbd3447b612577f2ed553aea,pass
C:\Users\Jupyter\Desktop\found_training_project\revision_outputs\cg_suite\E7_resolution_scaling\grid_256\lasso\linear\split_seed_42,lasso,1.3897747483689284,1.9314738512039185,1.9314738512039185,1.3897747483689284,1.9314738512039185,0.0,8128,2edc60badd0408642897e991645fabae765e9efd005009d7014b078471b24d62,1e59eb26cb015535fc837f588d10b6c675b78ad23f6259fdd0725a814f18b221,aa87bd7754c73033f6fbca318704cb344d8f8307fb9362cf868f12dc9d85a42e,d9f4c356b9fa880dd231994608e3ab07a2222450bcbeaadcb482b9bae54e98dd,593545ae3d260da827cd9215ec1210dba88cff5b13df63d2d79ad3f8375d19b7,e1e228aeba95ba344944513c3829c375f60f7467c75f865f5efb53b206c57ef1,pass
C:\Users\Jupyter\Desktop\found_training_project\revision_outputs\cg_suite\E7_resolution_scaling\grid_256\lasso\linear\split_seed_43,lasso,1.4530274553271347,2.1112887859344482,2.1112887859344487,1.4530274553271347,2.1112887859344482,4.440892098500626e-16,7801,742d4b3c12af466805f4962f8d7b87165bba75026f40e0eaffcf9ae1dd8a3ccf,1e59eb26cb015535fc837f588d10b6c675b78ad23f6259fdd0725a814f18b221,b323933f7c125c832058aa2565acec87c0366ed7ad0b10fe8efeb214892db378,be1e466e9041b16de712551a15dd70817561427c5a48a6739d260d5e2fff49dc,183b8527bc185e745d19947cd83eb0cdf43eaf530425417fe1e42ede7e681232,3546e62a639d8b78781f7a816d5aa5e775f4a8bb36f4ee350bd3d60b64bff598,pass
C:\Users\Jupyter\Desktop\found_training_project\revision_outputs\cg_suite\E7_resolution_scaling\grid_256\lasso\linear\split_seed_44,lasso,1.3025540480135636,1.696647047996521,1.6966470479965208,1.3025540480135636,1.696647047996521,2.220446049250313e-16,8155,b608fab3a933fd89d1dc25e91b4ed33f2f1aeb178c541d898d018a1441dff29d,1e59eb26cb015535fc837f588d10b6c675b78ad23f6259fdd0725a814f18b221,dc4e472d4ff09f561e1361da6f2d4a7c3bb5470862a13b149e680a480bc8139b,f7259d9cc1371dbba5abc323d07a3933ac46b57d431747ab0e499a9e9f2f6661,36bf77ffcc9467cf048f682958a06941c4722882df5790f7c165c22a9d817562,c4a03df9519f3ccb4bf0f469bda8cc1affef077edf12ff5b828cdac38a8b3c83,pass
C:\Users\Jupyter\Desktop\found_training_project\revision_outputs\cg_suite\E7_resolution_scaling\grid_256\lasso\linear\split_seed_45,lasso,1.4257530732179415,2.0327718257904053,2.032771825790405,1.4257530732179415,2.0327718257904053,4.440892098500626e-16,8483,eb2c81ee6e46ae0d8ac1bdf9c4f303c10228fab6fe3f72cf53984157cff08da1,1e59eb26cb015535fc837f588d10b6c675b78ad23f6259fdd0725a814f18b221,9f4427996aac0677942e3dcb92a43587024aa3e8af163de64f4941b1377e52b0,fdeec65608ee4078fb88a8c2adfd55b6a7a8b5e06b1fec55f8fd3498aed54c06,a21dafaeba1251815adb3d92e5555cd9aeda79aee65cc86051c2652cb4f94a1b,5a8375495e9fb8cffc03da8a5f368188a67400ddb3b4bd355a5737e010cf5386,pass
C:\Users\Jupyter\Desktop\found_training_project\revision_outputs\cg_suite\E7_resolution_scaling\grid_256\lasso\linear\split_seed_46,lasso,1.3468093643658265,1.8138954639434814,1.8138954639434817,1.3468093643658265,1.8138954639434814,2.220446049250313e-16,7806,0c8d207dade03b7ff9c6023b7fd6e5d26c7b74d748c443050182c4e0c67a894a,1e59eb26cb015535fc837f588d10b6c675b78ad23f6259fdd0725a814f18b221,b147155d168780531b89106b8cff37420d8650cce600f3ae472a5a857fa46329,087b0367f09baa558c765d9eeb81c4f8d28b6dc943ed0dc89c7d90ca5c7461cb,1201c9866433de235a0f828ecd2bfeec67d24ac65255ca36838d2af4f94d4bb7,813f7df74112c23ad98b13c031eeebd8c3bcbf573f4cab777d03204b45c75700,pass
C:\Users\Jupyter\Desktop\found_training_project\revision_outputs\cg_suite\E7_resolution_scaling\grid_256\cnn_lstm_maskaware\linear\split_seed_42,cnn_lstm_maskaware,7.524633009570031,56.62010192871094,56.62010192871094,7.524633009570031,56.62010192871094,0.0,8128,12c60a19aa7a076784bea304cf7cdd1d37a7bc3ba5e1091a7cf00431abb983c8,1e59eb26cb015535fc837f588d10b6c675b78ad23f6259fdd0725a814f18b221,aa87bd7754c73033f6fbca318704cb344d8f8307fb9362cf868f12dc9d85a42e,d9f4c356b9fa880dd231994608e3ab07a2222450bcbeaadcb482b9bae54e98dd,4aa3d72e8598599ecda139068f68765e1a5fa5b0d3621b01c6eb58e7b7af0505,ab667025d07708e6ca08c02add6cf8167b5efdd64078b02e966381942a3f678b,pass
C:\Users\Jupyter\Desktop\found_training_project\revision_outputs\cg_suite\E7_resolution_scaling\grid_256\cnn_lstm_maskaware\linear\split_seed_43,cnn_lstm_maskaware,8.105707357180735,65.7024917602539,65.7024917602539,8.105707357180735,65.7024917602539,0.0,7801,1cbd3f716e022f493c27af140ce18b518852e5248dbeb8f4f5bd438bc958f69c,1e59eb26cb015535fc837f588d10b6c675b78ad23f6259fdd0725a814f18b221,b323933f7c125c832058aa2565acec87c0366ed7ad0b10fe8efeb214892db378,be1e466e9041b16de712551a15dd70817561427c5a48a6739d260d5e2fff49dc,b39790997f8b6cb73748ae31de4cadc496e11d21e12751058dd793035b06b18a,b4988d3b40cd31ddec218e63f044193ae2b03a55398e891c62c5878b36ef0dfa,pass
C:\Users\Jupyter\Desktop\found_training_project\revision_outputs\cg_suite\E7_resolution_scaling\grid_256\cnn_lstm_maskaware\linear\split_seed_44,cnn_lstm_maskaware,7.63848984417793,58.346527099609375,58.34652709960938,7.63848984417793,58.346527099609375,7.105427357601002e-15,8155,4d5d8abc50d6088d5ef74d23ec6318688aa34ad2df098a73948d8cf36dd8ba9e,1e59eb26cb015535fc837f588d10b6c675b78ad23f6259fdd0725a814f18b221,dc4e472d4ff09f561e1361da6f2d4a7c3bb5470862a13b149e680a480bc8139b,f7259d9cc1371dbba5abc323d07a3933ac46b57d431747ab0e499a9e9f2f6661,dcefdb8acc831bee9c574ba084b7d1c21f5984ec5587ffdd68aab97dc91ec247,eee6d8c5315017911fb613f0158c5292eeb7154625de822e96ca68c61a6266ff,pass
C:\Users\Jupyter\Desktop\found_training_project\revision_outputs\cg_suite\E7_resolution_scaling\grid_256\cnn_lstm_maskaware\linear\split_seed_45,cnn_lstm_maskaware,6.818299231240756,46.48920440673828,46.48920440673828,6.818299231240756,46.48920440673828,0.0,8483,62e7e114ae7e553274fa3720f4f9b10da26eb61babd42d45c162b2b215755608,1e59eb26cb015535fc837f588d10b6c675b78ad23f6259fdd0725a814f18b221,9f4427996aac0677942e3dcb92a43587024aa3e8af163de64f4941b1377e52b0,fdeec65608ee4078fb88a8c2adfd55b6a7a8b5e06b1fec55f8fd3498aed54c06,2a3d7c3128188554f54e705694280f7a3b2e0f14cad842d3bfcbd26a3b524cf7,d3eae352348885dee1c4451c2c41689dbf3ce0d26771f6c9c1088f75bf32ad3e,pass
C:\Users\Jupyter\Desktop\found_training_project\revision_outputs\cg_suite\E7_resolution_scaling\grid_256\cnn_lstm_maskaware\linear\split_seed_46,cnn_lstm_maskaware,6.630424438055211,43.962528228759766,43.962528228759766,6.630424438055211,43.962528228759766,0.0,7806,3516210a68f78d290b4156fc755bb2ea63fb93371722c836c413611ee13e2640,1e59eb26cb015535fc837f588d10b6c675b78ad23f6259fdd0725a814f18b221,b147155d168780531b89106b8cff37420d8650cce600f3ae472a5a857fa46329,087b0367f09baa558c765d9eeb81c4f8d28b6dc943ed0dc89c7d90ca5c7461cb,9857dff43af29b76af915a1b399174359b165df16042c45f70dea48bf13f5d9d,10f92f8b1de0414fb0bbcfebed7f622d4f47cb2ba3b0a9b7c8ae8363df467483,pass
C:\Users\Jupyter\Desktop\found_training_project\revision_outputs\cg_suite\E7_resolution_scaling\grid_128\persistence\linear\split_seed_42,persistence,1.3732111304890176,1.8857088088989258,1.8857088088989256,1.3732111304890176,1.8857088088989258,2.220446049250313e-16,2048,eb2f83fe8fdbb4fbbe72fe6c403b6ffc1d09f6cf4ae0a626dcb35dbbb155ae78,b1c0a360f70e5b89612b71e9d4aef45136f858b87f99bf4561c9826cb0e77ebf,45462e1b62a6ecc6c9504e2dc139f42830d76ae9146cd682a37981d95a61f49c,62c0c4a76189b74d94f07c2b9ad04b8099fb3fa8cc7ef4ae0a8e0bcbaf0570f6,e66ec850b57b83f0d825481437e9d50b2b61af30aefa5af04302f842b8819dd5,d10b2d1b5d1ed89697f78695267465f4850d894ebc71edd43519780206bd1a8b,pass
C:\Users\Jupyter\Desktop\found_training_project\revision_outputs\cg_suite\E7_resolution_scaling\grid_128\persistence\linear\split_seed_43,persistence,1.6071021317060123,2.582777261734009,2.5827772617340092,1.6071021317060123,2.582777261734009,4.440892098500626e-16,2038,eb2f83fe8fdbb4fbbe72fe6c403b6ffc1d09f6cf4ae0a626dcb35dbbb155ae78,b1c0a360f70e5b89612b71e9d4aef45136f858b87f99bf4561c9826cb0e77ebf,8f22756f2229871ea90c2f02d64337977d4b62bc63f22085ea2c9a86043e753e,b6c8a07f5e56ffc6cb460b512069c1ea21a944a734257a015f9651c8992a254d,8969d7883dd0a574e315f34176b593fc1387350a4296f74207a3aaedbbaaffb3,d10b2d1b5d1ed89697f78695267465f4850d894ebc71edd43519780206bd1a8b,pass
C:\Users\Jupyter\Desktop\found_training_project\revision_outputs\cg_suite\E7_resolution_scaling\grid_128\persistence\linear\split_seed_44,persistence,1.3714169721737304,1.880784511566162,1.8807845115661623,1.3714169721737304,1.880784511566162,2.220446049250313e-16,2048,eb2f83fe8fdbb4fbbe72fe6c403b6ffc1d09f6cf4ae0a626dcb35dbbb155ae78,b1c0a360f70e5b89612b71e9d4aef45136f858b87f99bf4561c9826cb0e77ebf,a92fe7eb6a18e77649aa79b36fe9cd3d69f040dc0cda702e814030e0bc072ca1,bd15e6b397573ef52d4890bad72bd52f386fd1fc4d0bf160b4451814d89b7059,ed5033febfe8c1c71555242eaf8d2fe904c0dd2530993a65a6e8abb66537f2e4,d10b2d1b5d1ed89697f78695267465f4850d894ebc71edd43519780206bd1a8b,pass
C:\Users\Jupyter\Desktop\found_training_project\revision_outputs\cg_suite\E7_resolution_scaling\grid_128\persistence\linear\split_seed_45,persistence,1.6110355735843476,2.595435619354248,2.5954356193542476,1.6110355735843476,2.595435619354248,4.440892098500626e-16,2048,eb2f83fe8fdbb4fbbe72fe6c403b6ffc1d09f6cf4ae0a626dcb35dbbb155ae78,b1c0a360f70e5b89612b71e9d4aef45136f858b87f99bf4561c9826cb0e77ebf,74a7713d60c10c40851dd5d84104048cc680f8b7def322e7de8f81f20209fb0a,2f39519a249cdc74ca23c7b0fbd9ab12c33362ec31b78fa71e61141510c90fcc,02d13e714c73c0c81e86c5ffeb08351f23eff360f64df01450dad0968000939c,d10b2d1b5d1ed89697f78695267465f4850d894ebc71edd43519780206bd1a8b,pass
C:\Users\Jupyter\Desktop\found_training_project\revision_outputs\cg_suite\E7_resolution_scaling\grid_128\persistence\linear\split_seed_46,persistence,1.4124862568954712,1.995117425918579,1.995117425918579,1.4124862568954712,1.995117425918579,0.0,2044,eb2f83fe8fdbb4fbbe72fe6c403b6ffc1d09f6cf4ae0a626dcb35dbbb155ae78,b1c0a360f70e5b89612b71e9d4aef45136f858b87f99bf4561c9826cb0e77ebf,c8c354f326f66fe78965c73c02ea7bbff3895c2f1bddf55f9d85367fe15bb26a,2cb2e9cd98e12fa9bc4cda63591c1f0a1782db58dcc89d1370ed9d0b9b9f15b3,913aa0b9388371f2eec920dea29a6b6a003eb992199b9938dfb722a933901c8e,d10b2d1b5d1ed89697f78695267465f4850d894ebc71edd43519780206bd1a8b,pass
C:\Users\Jupyter\Desktop\found_training_project\revision_outputs\cg_suite\E7_resolution_scaling\grid_128\lightgbm\linear\split_seed_42,lightgbm,1.2602153596300119,1.5881427526474,1.5881427526474001,1.2602153596300119,1.5881427526474,2.220446049250313e-16,2048,75e610d1021aa82c74f554a10ee5d16c57b7ae24a4c5535b57780a36da7cc5bd,b1c0a360f70e5b89612b71e9d4aef45136f858b87f99bf4561c9826cb0e77ebf,45462e1b62a6ecc6c9504e2dc139f42830d76ae9146cd682a37981d95a61f49c,62c0c4a76189b74d94f07c2b9ad04b8099fb3fa8cc7ef4ae0a8e0bcbaf0570f6,02bf55e12bba6fda86561ef67448d89b6cb568c5bdb9a6c344d0e83b3c3dc32f,9f8bcc098a46d14336ca77dfb778a9fb2f8fff1b09b98a62c209051969617c87,pass
C:\Users\Jupyter\Desktop\found_training_project\revision_outputs\cg_suite\E7_resolution_scaling\grid_128\lightgbm\linear\split_seed_43,lightgbm,4.3960056120513,19.324865341186523,19.324865341186523,4.3960056120513,19.324865341186523,0.0,2038,dc38d933749805c26b7249ac686db121a618c6541653a4c4b8a8e26a6fec3311,b1c0a360f70e5b89612b71e9d4aef45136f858b87f99bf4561c9826cb0e77ebf,8f22756f2229871ea90c2f02d64337977d4b62bc63f22085ea2c9a86043e753e,b6c8a07f5e56ffc6cb460b512069c1ea21a944a734257a015f9651c8992a254d,c92f7edac10362678e55f637431b85bb3568c308a89b8a797044107eb2798b8c,96207d5477942b23d0153f1977728bdca450655febb94c810d9e8f98a3d38bce,pass
C:\Users\Jupyter\Desktop\found_training_project\revision_outputs\cg_suite\E7_resolution_scaling\grid_128\lightgbm\linear\split_seed_44,lightgbm,1.2313483591052747,1.5162187814712524,1.5162187814712527,1.2313483591052747,1.5162187814712524,2.220446049250313e-16,2048,e17b052302197720b70b173adcabc16354d772f5df42929d5a2b871d569c9c93,b1c0a360f70e5b89612b71e9d4aef45136f858b87f99bf4561c9826cb0e77ebf,a92fe7eb6a18e77649aa79b36fe9cd3d69f040dc0cda702e814030e0bc072ca1,bd15e6b397573ef52d4890bad72bd52f386fd1fc4d0bf160b4451814d89b7059,3f4c6693684a88472a7fee1b7085178660a0a67b6c4346a947657a6cc4652a21,920228da373bb161a8c14a2399729fbf15bfae5ea32adc3cd2db552dcfa6c331,pass
C:\Users\Jupyter\Desktop\found_training_project\revision_outputs\cg_suite\E7_resolution_scaling\grid_128\lightgbm\linear\split_seed_45,lightgbm,1.564696179962615,2.4482741355895996,2.4482741355895996,1.564696179962615,2.4482741355895996,0.0,2048,c5b49ab673369151fde2c43da80e1a02960a894dcc129998877eb81face6220d,b1c0a360f70e5b89612b71e9d4aef45136f858b87f99bf4561c9826cb0e77ebf,74a7713d60c10c40851dd5d84104048cc680f8b7def322e7de8f81f20209fb0a,2f39519a249cdc74ca23c7b0fbd9ab12c33362ec31b78fa71e61141510c90fcc,8972b8bb3e414a823de35e2ebe57a129ecd65abfe74e4642b8b476b0119aafd3,288ed50942bab9416453ae7dd06d40690b7f8b7134f504e919634221ed6a23a6,pass
C:\Users\Jupyter\Desktop\found_training_project\revision_outputs\cg_suite\E7_resolution_scaling\grid_128\lightgbm\linear\split_seed_46,lightgbm,4.277028696659154,18.2929744720459,18.292974472045902,4.277028696659154,18.2929744720459,3.552713678800501e-15,2044,14655f0b3e23ec7d92173197bd1b39592ed41145f180ca9be834eac5b10e1098,b1c0a360f70e5b89612b71e9d4aef45136f858b87f99bf4561c9826cb0e77ebf,c8c354f326f66fe78965c73c02ea7bbff3895c2f1bddf55f9d85367fe15bb26a,2cb2e9cd98e12fa9bc4cda63591c1f0a1782db58dcc89d1370ed9d0b9b9f15b3,85e83797f36c0e054c2245af57e055c560cc7ef23107fdc268edf6aa5f92d753,e2edcee38bb2ab526cb3ed8f475129baea9abdf0224255712d443e72cf101bbc,pass
C:\Users\Jupyter\Desktop\found_training_project\revision_outputs\cg_suite\E7_resolution_scaling\grid_128\lasso\linear\split_seed_42,lasso,1.2383855541114888,1.533598780632019,1.533598780632019,1.2383855541114888,1.533598780632019,0.0,2048,53868b021ebbbeda02278ac02dc25e9439618fce063c5249dffd121787fc97d8,b1c0a360f70e5b89612b71e9d4aef45136f858b87f99bf4561c9826cb0e77ebf,45462e1b62a6ecc6c9504e2dc139f42830d76ae9146cd682a37981d95a61f49c,62c0c4a76189b74d94f07c2b9ad04b8099fb3fa8cc7ef4ae0a8e0bcbaf0570f6,20c2fd037948397f0e0ad921051969b98503da58e469b4aaa73294b82d244f59,75f537b0063bcc3ce2a669545658c322c7c789550173731977c843e125a364cf,pass
C:\Users\Jupyter\Desktop\found_training_project\revision_outputs\cg_suite\E7_resolution_scaling\grid_128\lasso\linear\split_seed_43,lasso,1.4330286892496766,2.0535712242126465,2.0535712242126465,1.4330286892496766,2.0535712242126465,0.0,2038,1dd5629f0293f1b6f6d993a7182a0547e021e59a5b0100dfde7df75403b80065,b1c0a360f70e5b89612b71e9d4aef45136f858b87f99bf4561c9826cb0e77ebf,8f22756f2229871ea90c2f02d64337977d4b62bc63f22085ea2c9a86043e753e,b6c8a07f5e56ffc6cb460b512069c1ea21a944a734257a015f9651c8992a254d,ebe4c8dd9f7938ed098d93fb807d69c580eb3749653ecf523eb65bdfb1649a15,8972e7f94926fb8c936d506a0f395e01ce337a49d2493af2b8ddb3a8604f773a,pass
C:\Users\Jupyter\Desktop\found_training_project\revision_outputs\cg_suite\E7_resolution_scaling\grid_128\lasso\linear\split_seed_44,lasso,1.2205326052775707,1.4896998405456543,1.489699840545654,1.2205326052775707,1.4896998405456543,2.220446049250313e-16,2048,2c79f6a5102aaf0482ad4f27bb6b1ee7a80dfdd89558bab92edefbe56922079b,b1c0a360f70e5b89612b71e9d4aef45136f858b87f99bf4561c9826cb0e77ebf,a92fe7eb6a18e77649aa79b36fe9cd3d69f040dc0cda702e814030e0bc072ca1,bd15e6b397573ef52d4890bad72bd52f386fd1fc4d0bf160b4451814d89b7059,d5bf1071de35941873c1b8cc2acbe8963050a8f5f25ee56783ffbb9846cec818,727a2dc993719f6bc97c2c1b2febac387e3ae6bbfef82c1fa639b004eef154b3,pass
C:\Users\Jupyter\Desktop\found_training_project\revision_outputs\cg_suite\E7_resolution_scaling\grid_128\lasso\linear\split_seed_45,lasso,1.4615752924012044,2.136202335357666,2.136202335357666,1.4615752924012044,2.136202335357666,0.0,2048,32080bf5c707b195d66fd5cc76b1443ebb473024a290f350b157e12c4f39a1cd,b1c0a360f70e5b89612b71e9d4aef45136f858b87f99bf4561c9826cb0e77ebf,74a7713d60c10c40851dd5d84104048cc680f8b7def322e7de8f81f20209fb0a,2f39519a249cdc74ca23c7b0fbd9ab12c33362ec31b78fa71e61141510c90fcc,1ef1754e65298789ac8bf468e07098fb159e6cd63a0e16d79415d597a89594a0,6eefbb89fdbf2eb610c27965cf4af94fc556157597464cda8b3f9ea2011ed6d3,pass
C:\Users\Jupyter\Desktop\found_training_project\revision_outputs\cg_suite\E7_resolution_scaling\grid_128\lasso\linear\split_seed_46,lasso,1.2265804799699789,1.5044996738433838,1.5044996738433838,1.2265804799699789,1.5044996738433838,0.0,2044,2cc3e2fd1b36bfa94ab6fa278ce9df7a0b128c301d6189d937cbabd2ceb62ed0,b1c0a360f70e5b89612b71e9d4aef45136f858b87f99bf4561c9826cb0e77ebf,c8c354f326f66fe78965c73c02ea7bbff3895c2f1bddf55f9d85367fe15bb26a,2cb2e9cd98e12fa9bc4cda63591c1f0a1782db58dcc89d1370ed9d0b9b9f15b3,9a13dc60e0e271acdcfb0ea09aaa723e59ca594ad22dddf884e767e68e38535c,ee1f6d74b15931dc59f1f7f0b7dd67ecb0a1d98d51b24a76ec760c223cfafbcb,pass
C:\Users\Jupyter\Desktop\found_training_project\revision_outputs\cg_suite\E7_resolution_scaling\grid_128\cnn_lstm_maskaware\linear\split_seed_42,cnn_lstm_maskaware,4.49390273809503,20.195161819458008,20.195161819458008,4.49390273809503,20.195161819458008,0.0,2048,464ce34a3edb1957cdbb600844af63dbebcd1ef34cbec9e109d0e069feae9066,b1c0a360f70e5b89612b71e9d4aef45136f858b87f99bf4561c9826cb0e77ebf,45462e1b62a6ecc6c9504e2dc139f42830d76ae9146cd682a37981d95a61f49c,62c0c4a76189b74d94f07c2b9ad04b8099fb3fa8cc7ef4ae0a8e0bcbaf0570f6,86f8cdb9d56582d598eae444602d19de1b124ef14cc6c2dff06ec410813de25d,3021dcc4998df8c249aa7644d4d4f1f80b935385ce1f8b744642f78266bc26dd,pass
C:\Users\Jupyter\Desktop\found_training_project\revision_outputs\cg_suite\E7_resolution_scaling\grid_128\cnn_lstm_maskaware\linear\split_seed_43,cnn_lstm_maskaware,10.069530992391766,101.39545440673828,101.3954544067383,10.069530992391766,101.39545440673828,1.4210854715202004e-14,2038,4b3d05a0766e8fc12badccd15b1a89554310c32300be199e5792729ae678ce16,b1c0a360f70e5b89612b71e9d4aef45136f858b87f99bf4561c9826cb0e77ebf,8f22756f2229871ea90c2f02d64337977d4b62bc63f22085ea2c9a86043e753e,b6c8a07f5e56ffc6cb460b512069c1ea21a944a734257a015f9651c8992a254d,acfbd79295461ca7f3bd806face2055e671322d5b28be10d17c2346c7c430ec6,a5458b1c4266c87406ca344c8d6b3d69e442c61e8f9fd24b2037e4026bc36eec,pass
C:\Users\Jupyter\Desktop\found_training_project\revision_outputs\cg_suite\E7_resolution_scaling\grid_128\cnn_lstm_maskaware\linear\split_seed_44,cnn_lstm_maskaware,4.287438368284822,18.38212776184082,18.382127761840817,4.287438368284822,18.38212776184082,3.552713678800501e-15,2048,0131124fcfcccbeb27fabc0dfa9fb8ee5c54a091988386dcf4e5644fc2c2dfb9,b1c0a360f70e5b89612b71e9d4aef45136f858b87f99bf4561c9826cb0e77ebf,a92fe7eb6a18e77649aa79b36fe9cd3d69f040dc0cda702e814030e0bc072ca1,bd15e6b397573ef52d4890bad72bd52f386fd1fc4d0bf160b4451814d89b7059,5f8557f1e2bfbf99bf0b122999992f7c7bc71ce72589195088370fbdf7f0695f,66f84585eca84e8e3e1dd9b935fd319a1286a7653a7cf83013455e4b319e5d1c,pass
C:\Users\Jupyter\Desktop\found_training_project\revision_outputs\cg_suite\E7_resolution_scaling\grid_128\cnn_lstm_maskaware\linear\split_seed_45,cnn_lstm_maskaware,6.668333449220295,44.466670989990234,44.46667098999024,6.668333449220295,44.466670989990234,7.105427357601002e-15,2048,4dadf2a9fdd248fc765244027ebf3ef64b77810591318c2e5e190af6825816a2,b1c0a360f70e5b89612b71e9d4aef45136f858b87f99bf4561c9826cb0e77ebf,74a7713d60c10c40851dd5d84104048cc680f8b7def322e7de8f81f20209fb0a,2f39519a249cdc74ca23c7b0fbd9ab12c33362ec31b78fa71e61141510c90fcc,0ac024bb97ee1512d2e7991aa9c9006c4e8adbf006c3c34c08cfeeaaa8045380,678db23477ae6b7b43df7a48400c7615a7bde487bf144bf1efabb197ac053d54,pass
C:\Users\Jupyter\Desktop\found_training_project\revision_outputs\cg_suite\E7_resolution_scaling\grid_128\cnn_lstm_maskaware\linear\split_seed_46,cnn_lstm_maskaware,9.957171086331723,99.14525604248047,99.14525604248047,9.957171086331723,99.14525604248047,0.0,2044,885638c7ae0863566e682573b55f1e058df6c6cee82a09a8353e578faed026dc,b1c0a360f70e5b89612b71e9d4aef45136f858b87f99bf4561c9826cb0e77ebf,c8c354f326f66fe78965c73c02ea7bbff3895c2f1bddf55f9d85367fe15bb26a,2cb2e9cd98e12fa9bc4cda63591c1f0a1782db58dcc89d1370ed9d0b9b9f15b3,9958fbc706ca5444b5ae7a475bfa6cd6fa6746a935a87a19e4ca73bb98d9f6f8,bf9102520d4863d353b00d8d00857ebbb4b70d7f81236455c58d32c5b97ae2b8,pass
C:\Users\Jupyter\Desktop\found_training_project\revision_outputs\cg_suite\_smoke\random_forest\linear\split_seed_42,random_forest,1.4479192372397605,2.0964701175689697,2.0964701175689697,1.4479192372397605,2.0964701175689697,0.0,8128,7061d376f0e6a129133a613b5a6b6e061c4a073462d3fff14d20921366165e93,1e59eb26cb015535fc837f588d10b6c675b78ad23f6259fdd0725a814f18b221,aa87bd7754c73033f6fbca318704cb344d8f8307fb9362cf868f12dc9d85a42e,b156fa2a01c11b55042c0430a26da96ba703c0002c35b5086248a3f9e29d7040,ff9d10d2882ac533f2ecf90064ff641acf99131468e6c5bcbeba2ba45460d0ac,c93c63ad94bfdf14c52bb954513b643c62be1039807bf43d5b2f15d28fb3339c,pass
C:\Users\Jupyter\Desktop\found_training_project\revision_outputs\cg_suite\_smoke\persistence\linear\split_seed_42,persistence,1.5689308578982168,2.4615440368652344,2.461544036865235,1.5689308578982168,2.4615440368652344,4.440892098500626e-16,8128,9a48065e98df9bb0200b16e885c5e0f98373d92e1fd0195829a8f8628f9ede66,1e59eb26cb015535fc837f588d10b6c675b78ad23f6259fdd0725a814f18b221,aa87bd7754c73033f6fbca318704cb344d8f8307fb9362cf868f12dc9d85a42e,b156fa2a01c11b55042c0430a26da96ba703c0002c35b5086248a3f9e29d7040,a97c03bdb273e2c6421ca5899d141a70ab68f5cf3960689beb79431663b0225c,a9db0ff97d701daa22a743a40c61ffdab03dd1bab93e20b72d33bd62da347c05,pass
C:\Users\Jupyter\Desktop\found_training_project\revision_outputs\cg_suite\_smoke\linear_trend\linear\split_seed_42,linear_trend,2.034707515983107,4.1400346755981445,4.140034675598145,2.034707515983107,4.1400346755981445,8.881784197001252e-16,8128,d00c224ce233eff213bc85251b716fa8c4b2424d8882c73dee8aca3b0dbaeab9,1e59eb26cb015535fc837f588d10b6c675b78ad23f6259fdd0725a814f18b221,aa87bd7754c73033f6fbca318704cb344d8f8307fb9362cf868f12dc9d85a42e,b156fa2a01c11b55042c0430a26da96ba703c0002c35b5086248a3f9e29d7040,358f85e54f2280691bc4ce4cb5a0aef1b9473026a1a2f96b1c3541db8f210c6a,3706e03fc22297662225e363d4f7f7c397bb52bf88d83b259448a94dc59bba0d,pass
C:\Users\Jupyter\Desktop\found_training_project\revision_outputs\cg_suite\_smoke\lightgbm\linear\split_seed_42,lightgbm,2.454428065508065,6.024217128753662,6.024217128753661,2.454428065508065,6.024217128753662,8.881784197001252e-16,8128,1cb2e6aaf652dd97fbd648fa954cc5e442f53dfdc97733d528adcf124d9154dc,1e59eb26cb015535fc837f588d10b6c675b78ad23f6259fdd0725a814f18b221,aa87bd7754c73033f6fbca318704cb344d8f8307fb9362cf868f12dc9d85a42e,b156fa2a01c11b55042c0430a26da96ba703c0002c35b5086248a3f9e29d7040,5f0a5e0ff7ec55aef1620796c7347236f2bf1764bd42971e2834af30c445ef92,16fe5f7648364322acacea5a225d6d32427e944edb2b7d49c57d10b8e7a20663,pass
C:\Users\Jupyter\Desktop\found_training_project\revision_outputs\cg_suite\_smoke\lasso\linear\split_seed_42,lasso,1.3897747483689284,1.9314738512039185,1.9314738512039185,1.3897747483689284,1.9314738512039185,0.0,8128,2edc60badd0408642897e991645fabae765e9efd005009d7014b078471b24d62,1e59eb26cb015535fc837f588d10b6c675b78ad23f6259fdd0725a814f18b221,aa87bd7754c73033f6fbca318704cb344d8f8307fb9362cf868f12dc9d85a42e,b156fa2a01c11b55042c0430a26da96ba703c0002c35b5086248a3f9e29d7040,a0392a3bae31f1b4fcb1cc5b5d61ba54c9235f7ef93bf464d149180b0cce8c44,e1e228aeba95ba344944513c3829c375f60f7467c75f865f5efb53b206c57ef1,pass
C:\Users\Jupyter\Desktop\found_training_project\revision_outputs\cg_suite\_smoke\cnn_tcn\linear\split_seed_42,cnn_tcn,7.514955994457507,56.47456359863281,56.47456359863282,7.514955994457507,56.47456359863281,7.105427357601002e-15,8128,bdd98f23ebdc56bf336d4071ae49db51368e0fcb68c7f123757e09bc628fec4c,1e59eb26cb015535fc837f588d10b6c675b78ad23f6259fdd0725a814f18b221,aa87bd7754c73033f6fbca318704cb344d8f8307fb9362cf868f12dc9d85a42e,b156fa2a01c11b55042c0430a26da96ba703c0002c35b5086248a3f9e29d7040,b6385b753742d57d105df37a85400116b74bd7c9538c6dbd1a3574cf3e44d714,436e191688df29311e1ae97d7bce7df982f483776dadd2b2b50d92cb6f5a7eb1,pass
C:\Users\Jupyter\Desktop\found_training_project\revision_outputs\cg_suite\_smoke\cnn_lstm_maskaware\linear\split_seed_42,cnn_lstm_maskaware,7.524633009570031,56.62010192871094,56.62010192871094,7.524633009570031,56.62010192871094,0.0,8128,12c60a19aa7a076784bea304cf7cdd1d37a7bc3ba5e1091a7cf00431abb983c8,1e59eb26cb015535fc837f588d10b6c675b78ad23f6259fdd0725a814f18b221,aa87bd7754c73033f6fbca318704cb344d8f8307fb9362cf868f12dc9d85a42e,b156fa2a01c11b55042c0430a26da96ba703c0002c35b5086248a3f9e29d7040,a05ae92224107070a9dac3c80eb93628142cb78fb24ac42b4eb4b53f04278033,ab667025d07708e6ca08c02add6cf8167b5efdd64078b02e966381942a3f678b,pass
