tree
version=v4
num_class=1
num_tree_per_iteration=1
label_index=0
max_feature_idx=299
objective=regression
feature_names=Column_0 Column_1 Column_2 Column_3 Column_4 Column_5 Column_6 Column_7 Column_8 Column_9 Column_10 Column_11 Column_12 Column_13 Column_14 Column_15 Column_16 Column_17 Column_18 Column_19 Column_20 Column_21 Column_22 Column_23 Column_24 Column_25 Column_26 Column_27 Column_28 Column_29 Column_30 Column_31 Column_32 Column_33 Column_34 Column_35 Column_36 Column_37 Column_38 Column_39 Column_40 Column_41 Column_42 Column_43 Column_44 Column_45 Column_46 Column_47 Column_48 Column_49 Column_50 Column_51 Column_52 Column_53 Column_54 Column_55 Column_56 Column_57 Column_58 Column_59 Column_60 Column_61 Column_62 Column_63 Column_64 Column_65 Column_66 Column_67 Column_68 Column_69 Column_70 Column_71 Column_72 Column_73 Column_74 Column_75 Column_76 Column_77 Column_78 Column_79 Column_80 Column_81 Column_82 Column_83 Column_84 Column_85 Column_86 Column_87 Column_88 Column_89 Column_90 Column_91 Column_92 Column_93 Column_94 Column_95 Column_96 Column_97 Column_98 Column_99 Column_100 Column_101 Column_102 Column_103 Column_104 Column_105 Column_106 Column_107 Column_108 Column_109 Column_110 Column_111 Column_112 Column_113 Column_114 Column_115 Column_116 Column_117 Column_118 Column_119 Column_120 Column_121 Column_122 Column_123 Column_124 Column_125 Column_126 Column_127 Column_128 Column_129 Column_130 Column_131 Column_132 Column_133 Column_134 Column_135 Column_136 Column_137 Column_138 Column_139 Column_140 Column_141 Column_142 Column_143 Column_144 Column_145 Column_146 Column_147 Column_148 Column_149 Column_150 Column_151 Column_152 Column_153 Column_154 Column_155 Column_156 Column_157 Column_158 Column_159 Column_160 Column_161 Column_162 Column_163 Column_164 Column_165 Column_166 Column_167 Column_168 Column_169 Column_170 Column_171 Column_172 Column_173 Column_174 Column_175 Column_176 Column_177 Column_178 Column_179 Column_180 Column_181 Column_182 Column_183 Column_184 Column_185 Column_186 Column_187 Column_188 Column_189 Column_190 Column_191 Column_192 Column_193 Column_194 Column_195 Column_196 Column_197 Column_198 Column_199 Column_200 Column_201 Column_202 Column_203 Column_204 Column_205 Column_206 Column_207 Column_208 Column_209 Column_210 Column_211 Column_212 Column_213 Column_214 Column_215 Column_216 Column_217 Column_218 Column_219 Column_220 Column_221 Column_222 Column_223 Column_224 Column_225 Column_226 Column_227 Column_228 Column_229 Column_230 Column_231 Column_232 Column_233 Column_234 Column_235 Column_236 Column_237 Column_238 Column_239 Column_240 Column_241 Column_242 Column_243 Column_244 Column_245 Column_246 Column_247 Column_248 Column_249 Column_250 Column_251 Column_252 Column_253 Column_254 Column_255 Column_256 Column_257 Column_258 Column_259 Column_260 Column_261 Column_262 Column_263 Column_264 Column_265 Column_266 Column_267 Column_268 Column_269 Column_270 Column_271 Column_272 Column_273 Column_274 Column_275 Column_276 Column_277 Column_278 Column_279 Column_280 Column_281 Column_282 Column_283 Column_284 Column_285 Column_286 Column_287 Column_288 Column_289 Column_290 Column_291 Column_292 Column_293 Column_294 Column_295 Column_296 Column_297 Column_298 Column_299
feature_infos=[-12.039215087890625:14.429411888122559] [-9.0282354354858398:13.110523223876953] [-11.898569107055664:13.686274528503418] [-10.695882797241211:11.619999885559082] [-8.8288230895996094:14.311634063720703] [-10.123529434204102:12.736974716186523] [-9.3518953323364258:10.753087997436523] [-9.7712631225585938:11.304950714111328] [-11.587263107299805:11.741029739379883] [-14.166380882263184:13.324966430664062] [-12.881992340087891:14.068366050720215] [-12.354117393493652:11.360392570495605] [-10.538751602172852:14.772090911865234] [-13.770588874816895:12.332402229309082] [-9.0548629760742188:10.460783958435059] [-9.7114286422729492:12.356471061706543] [-11.231764793395996:11.644741058349609] [-10.833507537841797:11.363529205322266] [-12.91749382019043:10.682965278625488] [-10.780783653259277:10.482745170593262] [-13.213725090026855:10.903585433959961] [-15.105999946594238:11.61607837677002] [-13.664706230163574:11.625097274780273] [-15.818301200866699:13.281437873840332] [-17.36235237121582:14.394640922546387] [-19.694116592407227:14.573464393615723] [-22.200000762939453:14.727843284606934] [-21.482521057128906:17.351371765136719] [-22.993373870849609:14.450588226318359] [-22.320049285888672:17.102745056152344] [-27.440874099731445:20.43450927734375] [-30.349273681640625:19.817647933959961] [-29.913568496704102:21.059999465942383] [-29.15656852722168:20.288234710693359] [-30.86981201171875:20.169412612915039] [-31.973136901855469:19.661960601806641] [-32.777812957763672:20.358430862426758] [-35.278400421142578:20.310195922851562] [-39.441516876220703:18.030000686645508] [-38.570343017578125:16.721569061279297] [-36.374599456787109:16.551763534545898] [-35.931182861328125:16.183528900146484] [-37.719459533691406:15.724313735961914] [-37.653244018554688:15.221372604370117] [-38.097400665283203:16.033203125] [-37.589000701904297:14.466706275939941] [-36.226741790771484:15.507451057434082] [-36.602588653564453:17.240283966064453] [-34.403408050537109:19.214902877807617] [-32.581764221191406:19.854116439819336] [-30.942966461181641:22.124706268310547] [-29.190866470336914:21.895687103271484] [-27.214387893676758:23.575685501098633] [-25.052406311035156:25.207843780517578] [-26.373796463012695:23.028627395629883] [-25.274051666259766:28.777908325195312] [-24.800785064697266:28.689411163330078] [-24.622016906738281:28.595882415771484] [-24.679903030395508:30.563072204589844] [-25.903081893920898:30.262025833129883] [-24.608123779296875:33.999477386474609] [-27.645881652832031:31.698040008544922] [-27.188850402832031:32.679805755615234] [-27.605377197265625:31.731372833251953] [-26.75663948059082:31.74078369140625] [-27.354330062866211:33.342353820800781] [-30.751764297485352:31.933856964111328] [-27.929304122924805:32.191764831542969] [-28.552406311035156:32.708236694335938] [-27.132884979248047:33.886665344238281] [-28.967449188232422:33.11529541015625] [-29.376583099365234:33.674118041992188] [-27.995630264282227:33.990589141845703] [-28.15208625793457:32.411762237548828] [-27.642072677612305:33.132549285888672] [-27.306737899780273:32.832550048828125] [-27.992549896240234:32.997646331787109] [-29.173431396484375:32.071762084960938] [-29.548627853393555:30.946666717529297] [-30.848922729492188:31.318822860717773] [-32.824901580810547:30.537647247314453] [-30.863531112670898:29.198823928833008] [-32.476764678955078:28.616470336914062] [-32.838825225830078:27.490589141845703] [-34.357551574707031:26.609804153442383] [-35.516078948974609:27.179214477539062] [-36.489608764648438:27.720001220703125] [-37.052841186523438:27.138038635253906] [-38.631767272949219:25.099216461181641] [-41.137256622314453:24.854118347167969] [-40.601177215576172:25.55882453918457] [-42.9188232421875:25.647058486938477] [-43.197647094726562:25.843528747558594] [-45.908237457275391:29.23176383972168] [-47.443527221679688:25.566274642944336] [-48.197647094726562:26.424314498901367] [-50.041175842285156:27.619216918945312] [-48.658824920654297:24.018039703369141] [-48.0811767578125:23.457647323608398] [-48.791763305664062:23.583530426025391] [-47.616470336914062:24.974117279052734] [-48.799999237060547:24.601568222045898] [-49.474117279052734:26.467451095581055] [-50.187057495117188:26.17137336730957] [-48.944705963134766:26.730588912963867] [-49.401470184326172:25.819868087768555] [-49.608921051025391:27.555599212646484] [-49.543628692626953:28.26823616027832] [-48.223037719726562:28.068235397338867] [-49.146080017089844:28.430587768554688] [-49.885883331298828:30.23411750793457] [-50.181861877441406:32.016471862792969] [-49.870979309082031:32.750587463378906] [-49.358726501464844:33.862354278564453] [-49.819900512695312:32.612941741943359] [-48.97833251953125:34.732940673828125] [-49.952938079833984:35.108234405517578] [-51.260688781738281:35.560001373291016] [-48.178428649902344:36.543529510498047] [-49.066764831542969:37.715293884277344] [-49.673236846923828:38.1688232421875] [-49.862941741943359:38.941173553466797] [-48.651470184326172:38.876338958740234] [-48.849216461181641:38.637649536132812] [-50.794803619384766:40.154117584228516] [-50.631664276123047:40.402351379394531] [-50.150489807128906:41.457645416259766] [-51.701667785644531:41.414707183837891] [-51.086666107177734:40.114707946777344] [-52.223724365234375:41.115882873535156] [-52.8067626953125:40.567058563232422] [-52.015880584716797:39.898235321044922] [-53.847743988037109:39.789413452148438] [-54.230880737304688:40.295883178710938] [-55.430095672607422:40.014705657958984] [-54.959606170654297:38.592941284179688] [-55.471275329589844:37.587646484375] [-56.650688171386719:36.697059631347656] [-57.518333435058594:36.069999694824219] [-57.977352142333984:35.285293579101562] [-56.678920745849609:34.821178436279297] [-59.222156524658203:35.015293121337891] [-59.240882873535156:33.537059783935547] [-60.700489044189453:35.460784912109375] [-63.816173553466797:33.681179046630859] [-64.556861877441406:34.944313049316406] [-64.879310607910156:37.528236389160156] [-68.293037414550781:37.245098114013672] [-68.639999389648438:37.163528442382812] [-69.683822631835938:30.708822250366211] [-72.095489501953125:32.394508361816406] [-71.535194396972656:32.507450103759766] [-73.289405822753906:30.747842788696289] [-75.305976867675781:29.382352828979492] [-75.44000244140625:27.682352066040039] [-74.500289916992188:26.904314041137695] [-76.408134460449219:26.577255249023438] [-77.023330688476562:25.808628082275391] [-77.299514770507812:25.49098014831543] [-75.84735107421875:26.218822479248047] [-78.431076049804688:24.770195007324219] [-78.962448120117188:24.65960693359375] [-79.816566467285156:24.478429794311523] [-81.047843933105469:26.261354446411133] [-80.6439208984375:26.469804763793945] [-79.169700622558594:27.223136901855469] [-81.452354431152344:26.367841720581055] [-80.950294494628906:28.6314697265625] [-81.329704284667969:29.111656188964844] [-82.270103454589844:27.689411163330078] [-81.557846069335938:29.716470718383789] [-81.960395812988281:29.432809829711914] [-81.989906311035156:29.527711868286133] [-83.401275634765625:31.950588226318359] [-83.726959228515625:33.412940979003906] [-83.378532409667969:35.630588531494141] [-84.042259216308594:33.600002288818359] [-82.750297546386719:33.192619323730469] [-83.120002746582031:34.895294189453125] [-83.599319458007812:35.897647857666016] [-83.571083068847656:36.347061157226562] [-84.356269836425781:36.089412689208984] [-86.365394592285156:35.975296020507812] [-86.120681762695312:36.823135375976562] [-86.10430908203125:37.454116821289062] [-85.503433227539062:37.482353210449219] [-86.235885620117188:39.434116363525391] [-86.725494384765625:39.527057647705078] [-86.251274108886719:39.756862640380859] [-87.681083679199219:39.510589599609375] [-87.438529968261719:38.844703674316406] [-88.625:38.158824920654297] [-89.152252197265625:36.818824768066406] [-90.002647399902344:37.904705047607422] [-91.3306884765625:36.721370697021484] [-91.044509887695312:34.550586700439453] [-91.97686767578125:35.654117584228516] [-93.247642517089844:35.341175079345703] [-93.650787353515625:33.9815673828125] [-95.055885314941406:33.930587768554688] [-94.411376953125:34.054508209228516] [-97.962837219238281:31.90313720703125] [-97.131271362304688:32.121959686279297] [-98.411170959472656:29.858430862426758] [-99.444900512695312:28.543136596679688] [-99.398330688476562:26.874509811401367] [-102.76058959960938:26.186666488647461] [-103.59244537353516:25.967058181762695] [-105.36146545410156:23.857646942138672] [-105.39470672607422:24.032548904418945] [-106.49882507324219:22.39647102355957] [-107.78696441650391:21.83098030090332] [-108.70646667480469:24.623136520385742] [-109.52068328857422:23.450588226318359] [-110.75666809082031:22.076862335205078] [-111.50402069091797:23.123529434204102] [-112.24617767333984:23.070589065551758] [-112.76637268066406:23.449411392211914] [-113.67470550537109:26.280000686645508] [-113.75901794433594:21.523529052734375] [-114.98568725585938:23.777647018432617] [-116.97166442871094:28.7435302734375] [-117.63676452636719:22.279214859008789] [-118.010986328125:24.477058410644531] [-118.06166839599609:24.030981063842773] [-117.8251953125:25.107843399047852] [-119.35421752929688:25.06549072265625] [-119.78823852539062:24.560783386230469] [-119.90725708007812:24.723529815673828] [-119.47176361083984:25.373725891113281] [-119.70814514160156:26.851764678955078] [-119.81813812255859:28.342351913452148] [-119.99186706542969:30.404706954956055] [-118.36244964599609:28.843530654907227] [-119.5567626953125:30.491764068603516] [-118.94107818603516:30.904705047607422] [-119.49069213867188:30.615293502807617] [-119.94147491455078:31.171764373779297] [-119.10411834716797:33.771766662597656] [-120.01538848876953:34.727058410644531] [-120.55813598632812:32.467056274414062] [-119.85538482666016:33.951763153076172] [-119.60597991943359:35.624706268310547] [-120.69304656982422:36.421176910400391] [-121.72853088378906:36.959999084472656] [-121.74274444580078:36.758823394775391] [-121.85813140869141:36.462352752685547] [-121.90264129638672:37.332939147949219] [-121.99891662597656:38.298824310302734] [-122.75049591064453:38.512943267822266] [-123.53529357910156:38.627059936523438] [-123.62401580810547:36.976470947265625] [-123.63922119140625:35.575294494628906] [-124.39402008056641:37.314117431640625] [-125.03500366210938:38.443531036376953] [-124.65167236328125:36.671764373779297] [-124.47088623046875:34.691764831542969] [-125.22352600097656:35.120586395263672] [-126.05979919433594:33.523529052734375] [-126.68116760253906:32.091766357421875] [-127.31049346923828:31.088235855102539] [-129.12068176269531:32.894706726074219] [-130.96577453613281:33.939411163330078] [-130.961181640625:30.453529357910156] [-130.78305053710938:29.045883178710938] [-132.28422546386719:28.864706039428711] [-134.02284240722656:29.43450927734375] [-134.98019409179688:28.855295181274414] [-135.83029174804688:27.682352066040039] [-137.57736206054688:26.210588455200195] [-139.26353454589844:24.923530578613281] [-139.06941223144531:23.686275482177734] [-138.79754638671875:22.38078498840332] [-141.45411682128906:21.410587310791016] [-144.20225524902344:22.381175994873047] [-144.936279296875:22.94117546081543] [-145.46607971191406:24.490196228027344] [-145.96745300292969:23.32196044921875] [-146.19108581542969:21.756862640380859] [-147.27842712402344:21.757646560668945] [-148.71470642089844:22.001176834106445] [-148.835693359375:23.432548522949219] [-148.60235595703125:24.804313659667969] [-149.90216064453125:25.008235931396484] [-151.77687072753906:25.741176605224609] [-153.05685424804688:25.996078491210938] [-154.10902404785156:26.307058334350586] [-153.35107421875:26.032155990600586] [-152.50578308105469:25.754901885986328] [-152.59196472167969:25.038824081420898] [-152.79756164550781:27.263528823852539] [-153.52607727050781:28.263530731201172] [-154.27381896972656:29.159999847412109] [-154.62156677246094:29.757646560668945] [-155.0543212890625:29.723527908325195] [-155.0792236328125:30.990589141845703] [-155.1553955078125:32.429412841796875] [-155.52490234375:32.79058837890625] [-155.95108032226562:33.180000305175781] [-156.06205749511719:34.057647705078125]
tree_sizes=2812 2866 2859 2873 2868 2881 2870 2889 2880 2872 2890 2882 2884 2918 2876 2885 2893 2901 2899 2885 2905 2890 2898 2915 2912 2886 2898 2898 2899 2905 2895 2902 2900 2901 2909 2913 2892 2908 2905 2905 2892 2931 2890 2894 2893 2900 2903 2915 2927 2907 2883 2899 2898 2909 2944 2913 2899 2904 2899 2900 2896 2925 2898 2896 2890 2903 2911 2920 2917 2919 2893 2924 2896 2932 2905 2931 2903 2876 2918 2903 2910 2891 2901 2885 2871 2926 2879 2924 2923 2920 2893 2888 2885 2914 2915 2914 2913 2906 2922 2911 2899 2899

Tree=0
num_leaves=31
num_cat=0
split_feature=299 299 299 299 299 299 299 299 29 299 299 299 299 299 84 299 296 291 212 160 12 247 299 298 278 293 293 293 293 35
split_gain=496608 124404 91051.3 37924.5 32815.2 21449.4 20312 13805.1 11054 7835.87 6408.34 5970.51 2988.34 2675.64 2359.1 1674.38 1267.69 1180.41 1019.9 932.681 1004.17 902.748 901.477 831.806 796.352 782.958 763.055 615.866 553.394 524.873
threshold=-9.7227773666381818 -1.2598674893379209 -23.284902572631832 -4.6533334255218497 3.2870007753372197 -15.356809616088865 -31.38612079620361 9.7821078300476092 -9.2954568862915021 0.46161134541034704 -7.1260104179382315 -2.9231373071670528 -18.745240211486813 -12.439054965972899 10.44278144836426 5.6214847564697275 1.4226500391960146 -5.221346139907836 -6.321791172027587 -17.418751716613766 -1.4550245404243467 -1.9522254467010496 -3.621155738830566 -26.362575531005856 5.7759804725646982 -7.1688823699951163 -0.24225491285324094 -11.073015213012694 -8.6407170295715314 -5.1636600494384757
decision_type=2 2 2 2 2 2 2 2 2 2 2 2 2 2 2 2 2 2 2 2 2 2 2 2 2 2 2 2 2 2
left_child=2 3 6 10 9 12 8 15 -1 18 25 22 -4 -7 -9 -6 -11 -12 -3 20 -10 29 -5 -8 -16 -2 -20 -14 -15 -13
right_child=1 4 5 11 7 13 23 14 19 16 17 21 27 28 24 -17 -18 -19 26 -21 -22 -23 -24 -25 -26 -27 -28 -29 -30 -31
leaf_value=-6.3829374468757685 -3.7544592372823069 -3.5643273720647506 -4.3547278216316272 -3.527258779992843 -3.1465819451092316 -4.007799977082998 -4.740722727849783 -2.7857328389475269 -5.1224678354477673 -3.2972448880532168 -3.6277925925591243 -3.5839756653210157 -4.1768642874304707 -3.8904968770343586 -2.5529167676953293 -3.0145474707758502 -3.2353186866002028 -3.5701603918802629 -3.3828368230815129 -5.0410109851487066 -5.600191182504763 -3.4226609219069815 -3.4883493969894839 -4.5532982431944475 -2.1956766874732239 -3.6797115920294701 -3.3396727461607649 -3.911701958564664 -3.7925817631155585 -3.4552800267222761
leaf_weight=25 823 67 360 3094 806 590 115 54 22 1886 1687 81 457 632 26 342 1471 1877 2940 47 22 3496 2869 122 39 610 1571 23 187 3617
leaf_count=25 823 67 360 3094 806 590 115 54 22 1886 1687 81 457 632 26 342 1471 1877 2940 47 22 3496 2869 122 39 610 1571 23 187 3617
internal_value=-3.50295 -3.44017 -4.16303 -3.51608 -3.2904 -4.04585 -4.90959 -3.05411 -5.45172 -3.32813 -3.63334 -3.47154 -4.24583 -3.92662 -2.54149 -3.10725 -3.27011 -3.59744 -3.37068 -5.19589 -5.36133 -3.44088 -3.50854 -4.64424 -2.33857 -3.72264 -3.3678 -4.16416 -3.86814 -3.4581
internal_weight=29958 27356 2602 18154 9202 2249 353 1267 116 7935 4997 13157 840 1409 119 1148 3357 3564 4578 91 44 7194 5963 237 65 1433 4511 480 819 3698
internal_count=29958 27356 2602 18154 9202 2249 353 1267 116 7935 4997 13157 840 1409 119 1148 3357 3564 4578 91 44 7194 5963 237 65 1433 4511 480 819 3698
is_linear=0
shrinkage=1


Tree=1
num_leaves=31
num_cat=0
split_feature=299 299 299 299 299 299 299 299 29 299 299 299 299 299 104 299 299 291 299 249 246 150 293 299 212 293 220 293 291 53
split_gain=448357 110580 85098 36666.3 25516.8 21174.2 18331.5 10714.6 9976.23 6889.85 5855.63 5567.05 2872.12 2696.98 2151.96 1327.3 1082.38 924.135 922.975 921.786 908.254 874.238 844.866 756.688 655.065 654.552 582.609 557.346 545.378 509.736
threshold=-9.3908739089965803 -0.76686277985572804 -23.284902572631832 -4.4937129020690909 4.0706396102905282 -15.356809616088865 -31.38612079620361 9.7821078300476092 -9.2954568862915021 -2.4837311506271358 1.0612179636955263 -6.7267658710479727 -12.439054965972899 -18.745240211486813 10.314215660095217 -3.525101780891418 2.4525979757308964 -5.221346139907836 7.3818626403808603 -0.085929412394762025 -1.466019809246063 -16.020340919494625 -6.2619466781616202 -26.239870071411129 -8.2099714279174787 -8.6407170295715314 -3.8644789457321163 -11.563098430633543 9.7618627548217791 -2.8413726091384883
decision_type=2 2 2 2 2 2 2 2 2 2 2 2 2 2 2 2 2 2 2 2 2 2 2 2 2 2 2 2 2 2
left_child=2 3 6 11 10 13 8 18 -1 15 19 22 -7 -4 -9 -5 -12 -13 -6 24 26 -10 -2 -8 -3 -14 29 -15 -16 -11
right_child=1 4 5 9 7 12 23 14 21 20 16 17 25 27 28 -17 -18 -19 -20 -21 -22 -23 -24 -25 -26 -27 -28 -29 -30 -31
leaf_value=-2.7355639648437502 -0.21418416098143639 -0.15272465527057649 -0.80876505533854182 -0.017762033113679573 0.38338452415744756 -0.47918348926608845 -1.1742838541666667 0.65967967753507661 -1.7950929383973819 -0.10239609603474781 0.22393574497155977 -0.10900125469183475 -0.36260107022719446 -0.64035339324028939 0.8710411834716798 0.024778211414221766 0.29081933763292106 -0.057485162898113853 0.5376191535882191 0.18124367012237058 0.098276530486350516 -1.4795867919921877 -0.13816878998345677 -0.99558614095052089 0.13462194271669234 -0.26632978532273893 0.068753767316629785 -0.3978726863861084 1.1799768371582031 0.033386658267541364
leaf_weight=25 1127 20 360 3081 685 590 117 49 37 82 1710 1492 701 455 20 4529 936 2090 113 1594 2855 54 541 120 2391 236 3433 25 50 440
leaf_count=25 1127 20 360 3081 685 590 117 49 37 82 1710 1492 701 455 20 4529 936 2090 113 1594 2855 54 541 120 2391 236 3433 25 50 440
internal_value=0.000423456 0.061549 -0.611686 -0.000940936 0.223967 -0.503683 -1.33588 0.471225 -1.85091 0.0402497 0.189876 -0.114078 -0.392767 -0.705313 0.913815 0.00755528 0.247595 -0.078943 0.405225 0.151743 0.0767848 -1.60787 -0.189529 -1.0838 0.132238 -0.338353 0.0612706 -0.627724 1.09171 0.0120568
internal_weight=29958 27238 2720 19670 7568 2367 353 917 116 14420 6651 5250 1527 840 119 7610 2646 3582 798 4005 6810 91 1668 237 2411 937 3955 480 70 522
internal_count=29958 27238 2720 19670 7568 2367 353 917 116 14420 6651 5250 1527 840 119 7610 2646 3582 798 4005 6810 91 1668 237 2411 937 3955 480 70 522
is_linear=0
shrinkage=0.05


Tree=2
num_leaves=31
num_cat=0
split_feature=299 299 299 299 299 299 299 299 57 299 299 299 299 52 299 299 299 291 296 212 200 292 252 291 298 76 293 258 241 299
split_gain=404766 103406 71464.9 33073.9 26810 16544.2 15792.4 12008.3 10219.8 6492.07 5519.81 4326.68 2434.02 1971.49 1753.05 1743.52 1131.19 934.783 871.326 860.011 817.619 764.221 699.994 693.905 690.572 651.59 648.917 527.488 460.076 450.331
threshold=-10.04180335998535 -1.2598674893379209 -23.284902572631832 -5.0882844924926749 2.9103076457977299 -31.38612079620361 -15.356809616088865 9.7821078300476092 -9.3845095634460431 -3.2002587318420406 0.46161134541034704 -7.2759711742401114 -18.745240211486813 7.360849380493165 5.6214847564697275 -12.439054965972899 -2.1422688961029048 -3.772013664245605 1.4226500391960146 -6.321791172027587 -18.823035240173336 -5.2620391845703116 -4.5137610435485831 9.7618627548217791 -26.362575531005856 -6.9253222942352286 -0.24225491285324094 -12.048137187957762 -11.282111644744871 -8.849751949310301
decision_type=2 2 2 2 2 2 2 2 2 2 2 2 2 2 2 2 2 2 2 2 2 2 2 2 2 2 2 2 2 2
left_child=2 3 5 11 10 8 12 14 -1 17 19 22 28 -9 -6 -8 -11 -5 -12 -3 25 -13 29 -15 -7 -10 -21 -14 -4 -2
right_child=1 4 6 9 7 24 15 13 20 16 18 21 27 23 -16 -17 -18 -19 -20 26 -22 -23 -24 -25 -26 -27 -28 -29 -30 -31
leaf_value=-2.653751953125 -0.26756039064112108 -0.057961702049334554 -0.78831114768981936 -0.039183947637404036 0.31208546316289026 -1.1175225962763249 -0.45522438178628183 0.63711453951322117 -1.4864828109741213 0.035245251858057235 0.18379655850513069 -0.12528129401091473 -0.62963330675983986 0.80926455543154763 0.44268903230365952 -0.33880713218678177 0.072314783049347298 0.0012086150447076895 0.23733721146499132 0.10863790974850913 -1.3736193598533164 -0.072160405734644592 -0.1371464063014303 1.1561361561650816 -0.94674934011990919 -1.8808088493347168 0.1484430535142541 -0.51382373865099928 -0.60845252990722665 -0.20201793347039951
leaf_weight=25 407 67 320 2673 1033 115 590 52 22 4710 1831 1445 342 21 342 707 3655 3086 1299 2940 49 1274 280 46 122 20 1571 138 40 736
leaf_count=25 407 67 320 2673 1033 115 590 52 22 4710 1831 1445 342 21 342 707 3655 3086 1299 2940 49 1274 280 46 122 20 1571 138 40 736
internal_value=0.000402281 0.0557375 -0.610019 -0.0131195 0.192419 -1.26909 -0.501151 0.386272 -1.75836 0.0233154 0.154845 -0.13736 -0.670048 0.868124 0.34457 -0.391765 0.0514424 -0.0175393 0.206017 0.119859 -1.51238 -0.100391 -0.207999 1.04742 -1.02961 -1.67426 0.1225 -0.596338 -0.768327 -0.225356
internal_weight=29958 27468 2490 18266 9202 353 2137 1494 116 14124 7708 4142 840 119 1375 1297 8365 5759 3130 4578 91 2719 1423 67 237 42 4511 480 360 1143
internal_count=29958 27468 2490 18266 9202 353 2137 1494 116 14124 7708 4142 840 119 1375 1297 8365 5759 3130 4578 91 2719 1423 67 237 42 4511 480 360 1143
is_linear=0
shrinkage=0.05


Tree=3
num_leaves=31
num_cat=0
split_feature=299 299 299 299 299 299 299 299 57 299 299 299 299 101 299 299 291 284 284 247 247 130 292 241 299 299 212 293 291 215
split_gain=365302 93378.4 64497 28528.9 25498.9 14931.2 14252.6 10837.5 9223.34 5691.7 5245.03 3904.83 2196.7 1788.85 1582.12 1578.13 910.128 888.009 850.513 842.389 756.83 831.414 693.261 656.723 628.125 578.221 571.145 490.166 461.207 440.79
threshold=-10.04180335998535 -1.4128633141517637 -23.284902572631832 -5.0882844924926749 2.9103076457977299 -31.38612079620361 -15.356809616088865 9.7821078300476092 -9.3845095634460431 0.3389184325933457 -3.2292157411575313 -7.2759711742401114 -18.745240211486813 10.174475193023683 5.6214847564697275 -12.875282287597654 -2.1304811239242549 -0.20711104571819303 -2.3422548770904537 -3.2042185068130489 -23.625204086303707 -10.62977361679077 -5.4729111194610587 -5.2695612907409659 -26.239870071411129 1.6943417787551882 -6.321791172027587 -11.073015213012694 -2.5066274404525752 -6.8086276054382315
decision_type=2 2 2 2 2 2 2 2 2 2 2 2 2 2 2 2 2 2 2 2 2 2 2 2 2 2 2 2 2 2
left_child=2 3 5 11 9 8 12 14 -1 18 19 23 -4 -9 -6 -8 -12 -11 26 -5 21 -10 -13 -2 -7 -19 -3 -14 -21 -28
right_child=1 4 6 10 7 24 15 13 20 17 16 22 27 -15 -16 -17 -18 25 -20 28 -22 -23 -24 -25 -26 -27 29 -29 -30 -31
leaf_value=-2.5210642089843751 -0.22221542097875671 -0.0737516318834745 -0.72991044786241321 -0.037297534996118306 0.29648121688857548 -1.0605689937232907 -0.44485107293108844 0.61559980912642054 -1.4034190930818258 0.15406407297863017 0.030400873860956863 -0.12107808150602191 -0.57785631373883339 1.0044287681579591 0.42055448119403327 -0.33032036708308021 0.064524594212673661 0.18982466698926725 0.11966414838791005 -0.012033800699311498 -1.2409626007080079 -1.7954345703125001 -0.07057541748347311 -0.1507288011604426 -0.897758076985677 0.24080926402184544 -0.15352406665682794 -0.34129687806834347 0.030925338944247906 0.083468700762899431
leaf_weight=25 933 65 360 2730 1033 117 474 55 38 1026 4333 1335 457 64 342 823 3559 1413 3825 2003 32 21 1384 490 120 917 20 23 908 1033
leaf_count=25 933 65 360 2730 1033 117 474 55 38 1026 4333 1335 457 64 342 823 3559 1413 3825 2003 32 21 1384 490 120 917 20 23 908 1033
internal_value=0.000382168 0.0529507 -0.579518 -0.0156705 0.176802 -1.20563 -0.476093 0.366959 -1.67044 0.14257 0.0194727 -0.130492 -0.636545 0.824718 0.327342 -0.372177 0.0457894 0.192823 0.108451 -0.0173455 -1.43676 -1.54295 -0.0953717 -0.1976 -0.978133 0.20989 0.0700884 -0.566521 0.00136603 0.0789674
internal_weight=29958 27468 2490 17675 9793 353 2137 1494 116 8299 13533 4142 840 119 1375 1297 7892 3356 4943 5641 91 59 2719 1423 237 2330 1118 480 2911 1053
internal_count=29958 27468 2490 17675 9793 353 2137 1494 116 8299 13533 4142 840 119 1375 1297 7892 3356 4943 5641 91 59 2719 1423 237 2330 1118 480 2911 1053
is_linear=0
shrinkage=0.05


Tree=4
num_leaves=31
num_cat=0
split_feature=299 299 299 299 299 299 297 238 60 299 299 299 299 294 294 291 296 299 180 236 285 241 130 299 293 4 299 294 293 18
split_gain=329909 81729 62502.8 27236.8 18939.9 15511.6 13526.6 7899.44 7099.5 5826.36 4281.46 3462.86 2156.24 1992.66 1517.6 1048.55 898.878 842.599 824.022 760.02 726.956 724.775 702.062 675.928 646.875 592.654 579.048 550.925 528.227 518.015
threshold=-9.3908739089965803 -0.76686277985572804 -23.284902572631832 -3.9966099262237544 4.0706396102905282 -15.356809616088865 -31.235121726989743 9.218076705932619 -9.5113725662231428 -6.0886340141296378 1.0612179636955263 -2.4048075675964351 -11.507646560668944 -17.489706039428707 10.116667270660402 -7.137995481491088 1.3418727517127993 7.3818626403808603 -17.973734855651852 -3.7824608087539668 -2.1940615177154537 -0.3564705997705459 -11.838027000427244 -20.069811820983883 -3.2792335748672481 4.0899944305419931 -26.239870071411129 -13.720849514007567 -10.700870513916014 2.2628003358840947
decision_type=2 2 2 2 2 2 2 2 2 2 2 2 2 2 2 2 2 2 2 2 2 2 2 2 2 2 2 2 2 2
left_child=2 3 6 9 10 13 8 17 -1 15 21 24 27 23 -9 -2 -12 -6 22 -11 29 -3 -10 -4 -5 -16 -8 -7 -15 -13
right_child=1 4 5 11 7 12 26 14 18 19 16 20 -14 28 25 -17 -18 -19 -20 -21 -22 -23 -24 -25 -26 -27 -28 -29 -30 -31
leaf_value=-2.2941424334490743 -0.18528444317083273 0.10997712368637454 -0.74170491536458338 -0.0034296253661745637 0.32805752676504629 -0.45152550280549147 -1.0048511081271703 0.59121594238281261 -1.3351242065429689 -0.072434199800362462 0.17772815578060064 0.051580182995285717 -0.27220120875955461 -0.53555430820267602 0.74325828552246098 -0.11787175016109447 0.23689824789282127 0.4675213954245398 -1.2346395263671877 -0.029999668646227579 0.080956308761183482 0.15254848259120768 -1.7490525054931643 -0.61911009481130552 0.028633375450839216 1.0685752959478469 -0.84787730847374876 -0.36392841694647804 -0.27771244503202891 -0.056957609368407207
leaf_weight=27 983 2079 210 2658 675 262 117 50 21 1850 1095 2494 695 367 21 1396 1551 129 50 2456 3864 1926 20 242 3854 42 118 570 21 115
leaf_count=27 983 2079 210 2658 675 262 117 50 21 1850 1095 2494 695 367 21 1396 1551 129 50 2456 3864 1926 20 242 3854 42 118 570 21 115
internal_value=0.000363059 0.0527964 -0.524703 -0.000926432 0.192427 -0.432143 -1.14535 0.405451 -1.58214 -0.0829269 0.163057 0.0412894 -0.337209 -0.604718 0.796897 -0.145727 0.212412 0.350434 -1.37089 -0.0482309 0.0671877 0.13045 -1.53704 -0.676068 0.0155462 0.960136 -0.92603 -0.391513 -0.521599 0.046796
internal_weight=29958 27238 2720 19670 7568 2367 353 917 118 6685 6651 12985 1527 840 113 2379 2646 804 91 4306 6473 4005 41 452 6512 63 235 832 388 2609
internal_count=29958 27238 2720 19670 7568 2367 353 917 118 6685 6651 12985 1527 840 113 2379 2646 804 91 4306 6473 4005 41 452 6512 63 235 832 388 2609
is_linear=0
shrinkage=0.05


Tree=5
num_leaves=31
num_cat=0
split_feature=299 299 299 299 299 299 58 299 299 299 299 299 299 299 79 242 175 294 251 285 247 217 77 289 247 296 245 160 299 243
split_gain=300310 76079.8 58291.7 24975.6 19870.1 16903.6 13034.2 9210.09 4427.93 3941.14 3845.12 2845.36 2835.16 1792.1 1688.91 1386.22 951.261 866.965 834.696 815.408 786.206 692.899 657.015 656.279 599.244 591.829 551.3 518.407 432.664 414.451
threshold=-10.04180335998535 -1.1933847665786741 -26.239870071411129 -4.6533334255218497 2.9103076457977299 -16.834774017333981 -9.3330273628234846 9.7821078300476092 -6.7267658710479727 -2.9231373071670528 0.22325491160154345 -31.38612079620361 -13.422548770904539 -20.069811820983883 12.120922565460207 4.1851725578308114 -17.814060211181637 -6.9035398960113517 -1.0000000180025095e-35 10.386650085449221 -2.0015097856521602 -2.5187451839447017 2.6235830783843999 -2.2573529481887813 -3.6317111253738399 -11.783878326416014 -16.590239524841305 -5.6696057319641104 1.6943417787551882 -4.6027703285217276
decision_type=2 2 2 2 2 2 2 2 2 2 2 2 2 2 2 2 2 2 2 2 2 2 2 2 2 2 2 2 2 2
left_child=2 3 6 8 10 13 -1 15 17 23 21 16 -7 26 -9 -6 -8 -2 -12 -16 27 22 -3 -5 -10 -14 -4 -11 -20 -27
right_child=1 4 5 9 7 12 11 14 24 20 18 -13 25 -15 19 -17 -18 -19 28 -21 -22 -23 -24 -25 -26 29 -28 -29 -30 -31
leaf_value=-2.2029045336174242 -0.19309735012905938 0.0698193328202691 -0.78598381280899055 -0.013608074720695383 0.26420159886477024 -0.43981384673675933 -1.5216756720291942 0.54351986155790444 -0.085091231178223328 -0.087807055268176781 0.14251752548929184 -0.94778128318416277 -0.35251959321277393 -0.56751867493586761 0.80555555170232607 0.37356471263716373 -1.1963726251775568 -0.12407046304359137 0.17280499296011784 1.1842405046735491 0.066005872788474182 0.10839446274312158 -0.089296622962167824 0.025537303879419739 -0.040348178730267872 -0.28408596793593388 -0.66310432258693652 0.036422930362105421 0.2195107940974865 -0.13087595452864964
leaf_weight=33 1120 583 192 4584 1012 616 38 51 2022 86 1550 103 366 335 44 406 55 766 1276 21 3788 3287 73 1397 1188 549 174 3569 811 48
leaf_count=33 1120 583 192 4584 1012 616 38 51 2022 86 1550 103 366 335 44 406 55 766 1276 21 3788 3287 73 1397 1188 549 174 3569 811 48
internal_value=0.000627238 0.0481815 -0.523134 -0.0100176 0.166445 -0.446755 -1.28359 0.330556 -0.104257 0.0257575 0.133233 -1.1288 -0.356044 -0.651081 0.758905 0.295514 -1.32929 -0.165062 0.170312 0.9279 0.0500433 0.0990308 0.0521128 -0.00446477 -0.0685321 -0.302458 -0.727566 0.0334999 0.190955 -0.271768
internal_weight=30143 27634 2509 18520 9114 2280 229 1534 5096 13424 7580 196 1579 701 116 1418 93 1886 3637 65 7443 3943 656 5981 3210 963 366 3655 2087 597
internal_count=30143 27634 2509 18520 9114 2280 229 1534 5096 13424 7580 196 1579 701 116 1418 93 1886 3637 65 7443 3943 656 5981 3210 963 366 3655 2087 597
is_linear=0
shrinkage=0.05


Tree=6
num_leaves=31
num_cat=0
split_feature=299 299 297 299 299 299 58 299 299 299 299 299 299 293 79 249 127 232 285 18 285 178 284 291 293 253 299 299 296 133
split_gain=271201 71752.4 49617.8 22575.8 21428.3 18709.2 17210 8973.62 4342.67 3839.42 3093.44 3088.43 2312.18 1641.61 1524.24 834.93 877.701 831.877 829.992 783.2 735.907 662.147 643.318 606.36 606.273 531.829 467.23 463.668 441.426 384.46
threshold=-10.678664207458494 -1.7150747179985044 -31.235121726989743 -5.4356207847595206 2.4525979757308964 -17.683915138244625 -9.3330273628234846 9.7821078300476092 0.11093683540821077 -3.5527187585830684 -7.7962191104888907 -23.284902572631832 -14.022549152374266 4.5824999809265146 12.120922565460207 -23.717877388000485 -9.2692532539367658 -2.2784967422485347 -2.1398037672042842 2.8215494155883794 10.386650085449221 -1.9062465429306028 0.4599547684192658 -17.160244941711422 -5.062156915664672 -4.9486522674560538 -26.239870071411129 7.3818626403808603 -11.783878326416014 -6.0341823101043692
decision_type=2 2 2 2 2 2 2 2 2 2 2 2 2 2 2 2 2 2 2 2 2 2 2 2 2 2 2 2 2 2
left_child=2 3 6 10 8 11 -1 13 18 21 25 26 -7 -6 -9 16 -8 -11 19 29 -16 -5 -10 -13 -12 -2 -4 -15 -14 -3
right_child=1 4 5 9 7 12 15 14 22 17 24 23 28 27 20 -17 -18 -19 -20 -21 -22 -23 -24 -25 -26 -27 -28 -29 -30 -31
leaf_value=-2.8702957153320314 -0.20702839749200003 -0.14138768963191822 -0.90136406339448072 -0.038456841952660505 0.23435538539180048 -0.44298353527315815 -1.2300643013744821 0.51634413775275734 0.13054200915764447 0.011637840391223888 -0.11466671937987918 -0.6408196173713836 -0.35080545737670105 0.31640162416462253 0.76527758511629973 -1.0533835671164773 -1.6275645982651483 0.044247145338953187 0.09565118251861468 -0.096910804073985043 1.1250286283947173 0.00044415037236803558 0.17348440808054688 -0.50947752977028882 -0.06258846055847142 -0.12531900872989576 -0.76063884099324541 0.43464095616104581 -0.27844223947752095 0.064531939849599429
leaf_weight=20 1064 23 116 3281 1215 603 41 51 1596 3365 1617 353 423 463 44 33 21 4670 4054 82 21 1641 1923 117 854 245 120 101 420 1566
leaf_count=20 1064 23 116 3281 1215 603 41 51 1596 3365 1617 353 423 463 44 33 21 4670 4054 82 21 1641 1923 117 854 245 120 101 420 1566
internal_value=0.000595876 0.0433652 -0.525314 -0.0220769 0.141696 -0.47124 -1.53721 0.294863 0.110297 0.00928822 -0.129589 -0.682228 -0.368227 0.26708 0.72096 -1.25656 -1.3647 0.0305906 0.0834285 0.0537752 0.881505 -0.0254872 0.154008 -0.608124 -0.096668 -0.191735 -0.829809 0.337576 -0.314753 0.0615514
internal_weight=30143 27876 2267 16737 11139 2152 115 1895 9244 12957 3780 706 1446 1779 116 95 62 8035 5725 1671 65 4922 3519 470 2471 1309 236 564 843 1589
internal_count=30143 27876 2267 16737 11139 2152 115 1895 9244 12957 3780 706 1446 1779 116 95 62 8035 5725 1671 65 4922 3519 470 2471 1309 236 564 843 1589
is_linear=0
shrinkage=0.05


Tree=7
num_leaves=31
num_cat=0
split_feature=299 299 299 299 299 299 58 299 299 299 299 299 299 299 11 251 175 160 232 289 291 248 236 242 251 249 18 245 288 292
split_gain=244759 64774.3 44909.5 21453.9 18224 17010.7 15316.5 8098.69 3949.15 3393.68 2859.91 2791.83 2031.16 1502.47 1384.87 904.527 817.732 677.044 660.2 612.901 588.356 563.113 536.233 513.395 511.282 506.381 438.704 429.626 411.598 407.118
threshold=-10.678664207458494 -1.5323795080184934 -31.38612079620361 -5.4356207847595206 2.4525979757308964 -18.745240211486813 -9.3330273628234846 9.7821078300476092 -3.2002587318420406 0.11093683540821077 -14.022549152374266 -7.7962191104888907 -23.284902572631832 4.7116589546203622 4.8312940597534189 -3.6680393218994136 -17.814060211181637 -4.2644727230072013 -1.4761983156204221 9.6481356620788592 -1.0000000180025095e-35 -5.1218380928039542 -12.173470497131346 4.1851725578308114 -4.9384310245513907 -1.8020109534263609 3.1486519575119023 -7.7904450893402091 -2.2856286764144893 -23.085033416748043
decision_type=2 2 2 2 2 2 2 2 2 2 2 2 2 2 2 2 2 2 2 2 2 2 2 2 2 2 2 2 2 2
left_child=2 3 6 11 9 12 -1 13 15 17 22 24 29 -6 -9 -5 -8 26 -10 -16 -11 -13 -7 -15 -2 -19 -3 -12 -17 -4
right_child=1 4 5 8 7 10 16 14 18 20 27 21 -14 23 19 28 -18 25 -20 -21 -22 -23 -24 -25 -26 -27 -28 -29 -30 -31
leaf_value=-2.7259381103515627 -0.198337818370309 0.034322138322423097 -0.82914964973582017 -0.042398496930642682 0.22111063269569226 -0.48245592205612753 -1.3790906404194079 0.51510433908236231 0.024945365504766198 0.11896683947668779 -0.32035688791490025 -0.12093028062785896 -0.60028036627970949 0.27551057999750539 0.65387795188210229 -0.012243356559113527 -1.0774820223721591 0.060614660044174963 0.056010781334822672 0.99066632952008937 0.1615957661921808 -0.072253638534184317 -0.39562223235967803 0.36859992564808242 -0.12183274267382571 0.096581211261669617 -0.13462876057138248 -0.23931550082859696 0.024810126194240823 -0.68237905649038466
leaf_weight=20 1032 178 173 2304 1183 324 38 59 4607 1262 621 994 355 321 22 3056 55 1374 2720 35 2257 1477 394 275 277 3401 49 222 993 65
leaf_count=20 1032 178 173 2304 1183 324 38 59 4607 1262 621 994 355 321 22 3056 55 1374 2720 35 2257 1477 394 275 277 3401 49 222 993 65
internal_value=0.000566082 0.041197 -0.499049 -0.0176717 0.139877 -0.448077 -1.47067 0.28012 0.0114625 0.108688 -0.361474 -0.12311 -0.676049 0.253726 0.684912 -0.0173879 -1.20072 0.0822211 0.0364778 0.860678 0.146308 -0.0918346 -0.434806 0.318463 -0.182148 0.0862319 -0.00214744 -0.299015 -0.00315615 -0.789065
internal_weight=30143 27876 2267 17460 10416 2154 113 1895 13680 8521 1561 3780 593 1779 116 6353 93 5002 7327 57 3519 2471 718 596 1309 4775 227 843 4049 238
internal_count=30143 27876 2267 17460 10416 2154 113 1895 13680 8521 1561 3780 593 1779 116 6353 93 5002 7327 57 3519 2471 718 596 1309 4775 227 843 4049 238
is_linear=0
shrinkage=0.05


Tree=8
num_leaves=31
num_cat=0
split_feature=296 293 293 293 294 57 296 239 296 236 247 296 252 293 289 184 247 249 293 127 250 247 293 284 235 183 296 293 296 257
split_gain=218348 52083.7 41607 17878.8 16644.4 15627.6 14090.9 7934.55 3342.87 3282.38 2622.35 2461.98 2426.29 1545.39 1289 1065.43 985.829 918.796 839.96 827.59 748.189 719.897 683.082 593.817 589.482 499.108 486.526 485.43 465.832 460.734
threshold=-10.230411529541014 -1.2320957183837888 -31.456928253173825 -5.062156915664672 -17.489706039428707 -9.3845095634460431 2.5854998826980595 9.2878832817077654 -6.8285875320434561 -2.7088127136230464 -11.106863021850584 -23.308383941650387 -0.41091066598892206 5.3436274528503427 9.6481356620788592 -1.6872280836105344 -3.7397059202194209 -23.717877388000485 0.38667555153369909 -9.2692532539367658 -4.8293390274047843 -6.1737556457519522 -11.563098430633543 -2.3757663965225215 1.6037908196449282 -5.8693528175353995 -14.449164390563963 2.8421813249588017 -0.22915969043970105 -15.215098381042479
decision_type=2 2 2 2 2 2 2 2 2 2 2 2 2 2 2 2 2 2 2 2 2 2 2 2 2 2 2 2 2 2
left_child=2 3 5 8 11 -1 12 13 21 16 26 -4 23 27 -9 -11 24 19 -14 -7 -10 -2 -12 25 -5 -3 -6 -8 -17 -13
right_child=1 6 4 9 10 17 7 14 20 15 22 29 18 -15 -16 28 -18 -19 -20 -21 -22 -23 -24 -25 -26 -27 -28 -29 -30 -31
leaf_value=-2.6468823242187502 -0.18616950167100982 -0.19526268921115184 -0.74569415964282126 -0.042754105594940486 -0.44125615714252864 -1.0991450146930974 0.17281543904478036 0.52422925676618304 -0.097827753511680465 0.017453222360273728 -0.31467620189616224 -0.58982209909274785 0.10630939980805579 0.31219067898663611 0.86722554524739592 0.047439256800415025 0.004209433600061656 -0.9123079087999133 0.15645470974191095 -1.485131345476423 -0.042250231503672214 -0.11931902794457257 -0.23091250467663027 0.087720238736038375 0.17692404062517231 0.04619608317540895 -0.34965481510162355 0.23175387435489234 0.099600686983280048 -0.4895997687951843
leaf_weight=20 885 22 233 2048 345 41 643 70 993 3899 453 267 1440 440 45 4413 3408 36 1988 21 1552 739 526 3108 31 787 250 765 474 201
leaf_count=20 885 22 233 2048 345 41 643 70 993 3899 453 267 1440 440 45 4413 3408 36 1988 21 1552 739 526 3108 31 787 250 765 474 201
internal_value=0.000537778 0.0400554 -0.457722 -0.00860925 -0.410239 -1.37316 0.136475 0.255475 -0.0997007 0.0179976 -0.319984 -0.612894 0.104672 0.230398 0.658445 0.0369463 -0.0123437 -1.11322 0.13539 -1.22988 -0.0639353 -0.155749 -0.269671 0.0777879 -0.0394785 0.0396298 -0.402768 0.204838 0.0524985 -0.546778
internal_weight=30143 27750 2393 18442 2275 118 9308 1963 4169 14273 1574 701 7345 1848 115 8786 5487 98 3428 62 2545 1624 979 3917 2079 809 595 1408 4887 468
internal_count=30143 27750 2393 18442 2275 118 9308 1963 4169 14273 1574 701 7345 1848 115 8786 5487 98 3428 62 2545 1624 979 3917 2079 809 595 1408 4887 468
is_linear=0
shrinkage=0.05


Tree=9
num_leaves=31
num_cat=0
split_feature=299 299 299 299 299 299 151 51 200 299 299 299 299 299 290 293 23 293 220 297 240 212 237 242 245 18 249 293 164 237
split_gain=200209 50100.4 41040.9 16849.8 13019.6 11782 9116.41 11300 4792.92 3368.04 3047.32 2746.06 1912.35 1783.24 1040.12 831.392 700.725 658.38 614.427 579.496 541.802 502.434 501.1 494.34 422.641 420.458 409.452 399.488 388.76 341.717
threshold=-9.3908739089965803 -0.76686277985572804 -26.239870071411129 -4.3588235378265372 -16.03725433349609 4.7116589546203622 -16.230156898498532 -9.2296566963195783 10.493719577789308 1.0612179636955263 -2.5672074556350704 -6.7267658710479727 -12.439054965972899 -20.069811820983883 9.774363040924074 1.5732843279838564 -3.9956433773040767 -3.3599510192871089 -3.8644789457321163 -31.235121726989743 -4.0093626976013175 -8.2099714279174787 -5.4190146923065177 4.1851725578308114 -16.590239524841305 2.3382306098937993 -0.12474791705608367 -0.79693439602851857 -5.6940522193908683 -10.258375167846678
decision_type=2 2 2 2 2 2 2 2 2 2 2 2 2 2 2 2 2 2 2 2 2 2 2 2 2 2 2 2 2 2
left_child=2 3 6 11 13 9 7 -1 23 21 17 22 29 24 -10 -11 -9 -5 25 -8 -13 -3 -2 -7 -4 -12 -23 -20 -19 -6
right_child=1 5 4 10 12 8 19 16 14 15 18 20 -14 -15 -16 -17 -18 28 27 -21 -22 26 -24 -25 -26 -27 -28 -29 -30 -31
leaf_value=-2.4939932686941968 -0.15380527431193286 -0.12314771080017091 -0.64544296860694894 -0.013073684632024794 -0.36260122505865278 0.2497606871318232 -0.97192134150752318 -0.94396601404462543 0.52095601783608492 0.14165874518543842 0.018754175442164064 -0.071854588462409039 -0.22251431919422815 -0.44604194389594787 0.84983298561789766 0.19526831665327327 -1.3260451634724937 -0.10513762878993201 0.048544293417006723 -0.77036237444196431 -0.03456257486477831 0.088187872257389846 -0.098703854708814556 0.33957856683170096 -0.5378531554649616 -0.11062719702720643 0.12061498385014589 0.07759267329485342 0.020098055316611046 -0.29430469053762931
leaf_weight=21 893 25 192 3046 383 326 54 28 53 1328 610 1796 951 455 44 1588 21 63 5049 105 2128 2336 767 289 174 70 1669 1546 3782 351
leaf_count=21 893 25 192 3046 383 326 54 28 53 1328 610 1796 951 455 44 1588 21 63 5049 105 2128 2336 767 289 174 70 1669 1546 3782 351
internal_value=0.000510889 0.0412169 -0.407412 -0.000877705 -0.348862 0.149779 -1.04814 -1.5236 0.343488 0.129923 0.028118 -0.0744366 -0.269311 -0.512132 0.670137 0.170854 -1.10771 0.00429034 0.0506879 -0.838816 -0.051631 0.100306 -0.128346 0.291968 -0.594294 0.0054355 0.101701 0.0553538 0.0180461 -0.329942
internal_weight=30143 27408 2735 19750 2506 7658 229 70 712 6946 14166 5584 1685 821 97 2916 49 6891 7275 159 3924 4030 1660 615 366 680 4005 6595 3845 734
internal_count=30143 27408 2735 19750 2506 7658 229 70 712 6946 14166 5584 1685 821 97 2916 49 6891 7275 159 3924 4030 1660 615 366 680 4005 6595 3845 734
is_linear=0
shrinkage=0.05


Tree=10
num_leaves=31
num_cat=0
split_feature=299 299 299 299 299 293 57 299 236 299 299 299 299 294 299 96 283 160 247 242 127 182 272 133 35 291 183 293 255 288
split_gain=179827 47348.8 31853.1 14684.6 13366.7 8221.92 6858.35 6526.32 5289.72 3740.85 2131.31 1746.58 1109.23 920.311 870.41 743.36 637.849 596.183 570.876 562.628 751.329 488.173 453.339 444.995 423.127 415.965 402.96 372.346 365.23 347.768
threshold=-10.32864189147949 -1.9327451586723325 -23.284902572631832 2.5919922590255742 -5.4356207847595206 -31.456928253173825 -9.3845095634460431 -16.03725433349609 8.6370306015014666 -0.10067786648869513 -3.746037364006042 -7.5910785198211661 5.6214847564697275 -18.467510223388668 -12.439054965972899 10.564918518066408 0.50644016265869152 -4.5194497108459464 -2.6752178668975826 -23.898462295532223 -9.2692532539367658 -6.0026180744171134 -1.9874722361564634 -5.2708575725555411 -5.1636600494384757 -3.5499999523162837 -2.8412157297134395 -5.1946101188659659 -4.0805156230926505 9.6199998855590838
decision_type=2 2 2 2 2 2 2 2 2 2 2 2 2 2 2 2 2 2 2 2 2 2 2 2 2 2 2 2 2 2
left_child=2 4 5 9 11 6 -1 13 12 17 25 28 -5 -4 -9 -10 26 -3 24 20 -8 -15 23 -19 -12 -6 -11 -13 -2 -17
right_child=1 3 7 8 10 -7 19 14 15 16 18 27 -14 21 -16 29 -18 22 -20 -21 -22 -23 -24 -25 -26 -27 -28 -29 -30 -31
leaf_value=-1.9060545701246996 -0.15956908340004561 -0.017284477727984953 -0.52019641820935236 0.20134324113087121 -0.036711027494016689 -0.68030169831604526 -0.93686936923435749 -0.31054099219564935 0.4445964813232422 0.047500275482845661 -0.10950590798884263 -0.094075920768733945 0.30116841372321634 -0.4243218929902029 -0.22863618234289076 0.57679851238544166 0.14413438866568765 -0.12332869888962926 0.030702423180918637 -0.83379855685763893 -1.3000907361507417 -0.21996928304433824 0.077110939820214733 0.051515896296996745 0.0062325925070280197 -0.0038030869021991967 0.1135338742215299 -0.052843805656026123 -0.07335207236074183 0.82476011706936747
leaf_weight=26 1188 221 345 1262 2650 238 35 719 48 267 81 1486 357 337 591 26 2111 37 4643 36 24 32 3699 2210 3149 1506 1715 867 137 31
leaf_count=26 1188 221 345 1262 2650 238 35 719 48 267 81 1486 357 337 591 26 2111 37 4643 36 24 32 3699 2210 3149 1506 1715 867 137 31
internal_value=-8.1126e-05 0.0357858 -0.416863 0.110637 -0.0213238 -0.850915 -1.1865 -0.339875 0.24566 0.0879494 0.00418124 -0.104739 0.223355 -0.461489 -0.27359 0.589571 0.125009 0.0633534 0.0194726 -0.989572 -1.08462 -0.4066 0.0663505 0.0486368 0.00333017 -0.0247863 0.104638 -0.0788833 -0.150655 0.711655
internal_weight=30074 27691 2383 11984 15707 359 121 2024 1724 10260 12029 3678 1619 714 1310 105 4093 6167 7873 95 59 369 5946 2247 3230 4156 1982 2353 1325 57
internal_count=30074 27691 2383 11984 15707 359 121 2024 1724 10260 12029 3678 1619 714 1310 105 4093 6167 7873 95 59 369 5946 2247 3230 4156 1982 2353 1325 57
is_linear=0
shrinkage=0.05


Tree=11
num_leaves=31
num_cat=0
split_feature=299 299 299 299 299 293 57 299 299 299 299 299 11 299 294 299 295 290 242 178 217 77 129 182 299 244 241 280 293 241
split_gain=162294 42784.1 28747.4 12883.3 12463.3 7420.27 6189.67 5890.01 4775.43 2896.21 2234.79 1576.28 1068.26 905.509 830.581 791.413 613.55 563.371 507.776 491.012 487.89 470.222 456.84 440.577 427.472 426.223 361.712 349.63 345.593 330.995
threshold=-10.32864189147949 -1.7444837093353269 -23.284902572631832 -5.4356207847595206 2.5919922590255742 -31.456928253173825 -9.3845095634460431 -16.03725433349609 9.7821078300476092 -0.10067786648869513 -3.5527187585830684 -7.5910785198211661 4.8312940597534189 5.1328105926513681 -18.467510223388668 -13.422548770904539 -1.9352266788482664 -2.5706222057342525 -23.898462295532223 -1.9062465429306028 -2.1357582807540889 2.3019093275070195 -10.572184562683104 -6.0026180744171134 1.1379973292350771 -3.8415284156799312 -4.2156987190246573 6.5455162525177011 -7.8198792934417716 1.5932419896125796
decision_type=2 2 2 2 2 2 2 2 2 2 2 2 2 2 2 2 2 2 2 2 2 2 2 2 2 2 2 2 2 2
left_child=2 3 5 11 9 6 -1 14 13 20 19 28 -10 -6 -4 -9 -11 -12 22 -5 21 -3 -8 -16 -18 -17 -13 -14 -2 -15
right_child=1 4 7 10 8 -7 18 15 12 16 17 26 27 29 23 25 24 -19 -20 -21 -22 -23 -24 -25 -26 -27 -28 -29 -30 -31
leaf_value=-1.8107520470252405 -0.16614043847154494 0.046032216866814808 -0.49418660702912709 -0.031244536327001329 0.18762394609122443 -0.64628685702796751 -0.88887922352757942 -0.31109859331166823 0.41126658880888534 0.060099533363361268 0.0089589406526933753 -0.091866083668672022 0.58964317028339097 0.17632284415395638 -0.4031057976650555 -0.23802503042251058 0.10973001533231178 0.035505318690763843 -0.79210764567057301 0.0025450545739026942 0.072083981013801424 -0.063827428491342639 -1.1671825790405275 -0.20897075925022365 0.14392734239809216 -0.062129816247357264 -0.052235142437379756 0.85429024696350098 -0.11479422531344674 0.29085854430082997
leaf_weight=26 731 1346 345 3265 1160 238 29 479 67 402 3823 1348 26 76 337 795 2027 4188 36 1603 3866 105 30 32 1664 36 1005 24 594 371
leaf_count=26 731 1346 345 3265 1160 238 29 479 67 402 3823 1348 26 76 337 795 2027 4188 36 1603 3866 105 30 32 1664 36 1005 24 594 371
internal_value=-7.70697e-05 0.0339965 -0.39602 -0.016969 0.109786 -0.80837 -1.12718 -0.322881 0.233377 0.0871426 0.00660087 -0.099502 0.541782 0.210923 -0.438415 -0.259911 0.118758 0.0228369 -0.940093 -0.0201178 0.062805 0.0380823 -1.03039 -0.38627 0.125147 -0.230405 -0.0749391 0.716674 -0.143122 0.271385
internal_weight=30074 27691 2383 16557 11134 359 121 2024 1724 9410 12879 3678 117 1607 714 1310 4093 8011 95 4868 5317 1451 59 369 3691 831 2353 50 1325 447
internal_count=30074 27691 2383 16557 11134 359 121 2024 1724 9410 12879 3678 117 1607 714 1310 4093 8011 95 4868 5317 1451 59 369 3691 831 2353 50 1325 447
is_linear=0
shrinkage=0.05


Tree=12
num_leaves=31
num_cat=0
split_feature=299 299 299 299 299 299 3 180 257 299 299 296 299 299 299 228 293 251 247 226 9 288 220 291 239 0 35 256 288 293
split_gain=146470 38646.7 26000.2 12057.9 10770.7 7489.61 5356.1 10476.1 4435.55 2934.08 1707.93 1439.1 1033.13 1018.12 965.551 801.133 630.163 542.903 527.75 517.567 466.369 410.417 394.257 385.115 365.418 349.724 342.098 332.519 329.983 317.757
threshold=-10.32864189147949 -1.9564396142959593 -26.239870071411129 2.4525979757308964 -5.4356207847595206 -16.834774017333981 3.0672549009323125 -15.53787326812744 8.8484272956848162 -0.20171123743057248 -3.746037364006042 -7.2368736267089835 -13.422548770904539 5.6214847564697275 -20.069811820983883 9.7216339111328143 -31.456928253173825 -0.091151162981986986 -4.4745941162109366 -2.441063284873962 0.58891713619232189 -0.7119607925415038 -2.7600840330123897 -7.2801027297973624 -5.6776759624481192 2.5056483745574956 -5.3596622943878165 -11.08826160430908 2.55991542339325 -4.8173000812530509
decision_type=2 2 2 2 2 2 2 2 2 2 2 2 2 2 2 2 2 2 2 2 2 2 2 2 2 2 2 2 2 2
left_child=2 4 6 9 11 14 16 -8 13 18 22 24 -7 28 -4 -10 20 -11 -3 26 -1 -20 -6 -14 -2 -17 -12 -16 -5 -13
right_child=1 3 5 8 10 12 7 -9 15 17 19 29 23 -15 27 25 -18 -19 21 -21 -22 -23 -24 -25 -26 -27 -28 -29 -30 -31
leaf_value=-0.73679273843765269 -0.15546253896757681 -0.025450419453141606 -0.51271438598632812 0.1510472018075617 -0.034837531764023495 -0.30477570336712295 -2.2135214424133305 -0.77136821746826179 0.37650080141813858 0.090698665337241385 -0.10216414807001493 -0.083567823743019298 -0.22944787569678238 0.27279991701821599 -0.41373092256317634 0.56436906958881183 -0.66680822539747808 0.12669771419250808 0.049115864592054595 0.028150158293771224 -0.98671301433018277 0.07711204892425555 -0.0032714482660801854 -0.1092021254235751 -0.10206619513266296 0.81861697889509666 0.0045001974713651683 -0.26533020374386812 0.20045252140812117 -0.044211936012551557
leaf_weight=40 848 193 352 608 2533 605 20 34 46 1930 77 1548 758 362 309 38 114 2290 3871 4517 35 1978 1623 73 515 21 3165 43 761 767
leaf_count=40 848 193 352 608 2533 605 20 34 46 1930 77 1548 758 362 309 38 114 2290 3871 4517 35 1978 1623 73 515 21 3165 43 761 767
internal_value=-7.32162e-05 0.0322967 -0.376219 0.0993569 -0.0197327 -0.320565 -0.866336 -1.3055 0.21737 0.078243 0.00335524 -0.0945269 -0.255071 0.198229 -0.454158 0.532914 -0.740861 0.110234 0.0558992 0.0172098 -0.853422 0.0585835 -0.0225104 -0.218885 -0.135287 0.654864 0.00196684 -0.395602 0.178511 -0.0705285
internal_weight=30074 27691 2383 12098 15593 2140 243 54 1836 10262 11915 3678 1436 1731 704 105 189 4220 6042 7759 75 5849 4156 831 1363 59 3242 352 1369 2315
internal_count=30074 27691 2383 12098 15593 2140 243 54 1836 10262 11915 3678 1436 1731 704 105 189 4220 6042 7759 75 5849 4156 831 1363 59 3242 352 1369 2315
is_linear=0
shrinkage=0.05


Tree=13
num_leaves=31
num_cat=0
split_feature=293 293 293 297 297 293 57 297 239 247 297 170 284 256 289 246 251 35 291 251 294 295 247 297 179 241 293 39 294 251
split_gain=131671 32088.8 23517.1 11552.2 8591.07 6130.01 5331.85 5105.15 4003.23 2354.92 1943.3 1772.82 1229.46 895.737 745.86 719.972 671.897 640.513 633.686 567.441 547.253 438.44 436.182 426.874 394.078 382.036 378.167 277.307 274.573 268.631
threshold=-10.054084300994871 -1.2030196189880369 -22.972187995910641 -4.7195019721984854 2.9113974571228032 -31.456928253173825 -9.3845095634460431 -15.957451343536375 9.2878832817077654 -6.0668649673461905 0.44494555890560156 -0.72830066084861744 -3.5672851800918575 -10.317558765411375 9.6481356620788592 3.334772109985352 -0.17311388999223706 -5.3596622943878165 -6.0789542198181143 -2.2692676782608028 -18.467510223388668 -7.9096078872680655 -5.2897350788116446 -2.5239491462707515 -18.191617965698239 1.9584523439407351 -4.2223961353301993 -6.3287718296051017 -14.274337768554686 -3.352525949478149
decision_type=2 2 2 2 2 2 2 2 2 2 2 2 2 2 2 2 2 2 2 2 2 2 2 2 2 2 2 2 2 2
left_child=2 3 5 9 10 6 -1 20 15 21 16 12 17 28 -10 -6 22 -5 -11 -14 -4 -2 -3 -13 -8 -12 -19 -7 -9 -20
right_child=1 4 7 11 8 27 24 13 14 18 25 23 19 -15 -16 -17 -18 26 29 -21 -22 -23 -24 -25 -26 -27 -28 -29 -30 -31
leaf_value=-1.6529205322265625 -0.15593702716539937 -0.070222932031112059 -0.44571865878888028 -0.098820688680971047 0.16731077862769059 -0.50284077493767998 -0.97367157807221294 -0.3180001832706072 0.41218299865722657 -0.080908203843746807 0.1084577388457903 0.022572315215254195 0.0044187220318111535 -0.1917318447885743 0.69183445980674341 0.24112320669634851 0.093713945651206387 -0.033635275115208634 -0.047958948354875679 0.034796867526072979 -0.35739130222279097 -0.10074853478656827 0.055927277528929044 0.059597902942048621 -0.76552465406514836 0.15321078253574061 -6.5189119345229624e-05 -0.61871982835094386 -0.25024679218823054 -0.011512612410545967
leaf_weight=26 691 70 335 219 970 76 37 231 64 1161 2185 1177 3034 664 38 501 1487 1239 1465 3116 368 751 3246 2299 59 610 2598 161 424 772
leaf_count=26 691 70 335 219 970 76 37 231 64 1161 2185 1177 3034 664 38 501 1487 1239 1465 3116 368 751 3246 2299 59 610 2598 161 424 772
internal_value=-6.95554e-05 0.0306075 -0.356869 -0.00726516 0.107096 -0.729798 -1.01777 -0.290657 0.213454 -0.0736563 0.0850771 0.0162207 0.00571705 -0.232656 0.516367 0.19245 0.0657874 -0.0156522 -0.0509364 0.0198103 -0.399482 -0.127195 0.0532643 0.0470608 -0.845748 0.118225 -0.0109053 -0.58156 -0.274141 -0.0353811
internal_weight=30074 27693 2381 18522 9171 359 122 2022 1573 4840 7598 13682 10206 1319 102 1471 4803 4056 3398 6150 703 1442 3316 3476 96 2795 3837 237 655 2237
internal_count=30074 27693 2381 18522 9171 359 122 2022 1573 4840 7598 13682 10206 1319 102 1471 4803 4056 3398 6150 703 1442 3316 3476 96 2795 3837 237 655 2237
is_linear=0
shrinkage=0.05


Tree=14
num_leaves=31
num_cat=0
split_feature=299 299 299 299 299 299 293 57 200 299 299 299 299 299 292 293 220 293 248 242 127 284 291 164 247 253 245 212 241 190
split_gain=119844 29940.8 24509.6 9863.35 6918.76 6158.37 5431.47 4812.91 2776.7 1904.11 1651.79 1315.3 1065.23 782.386 713.451 523.855 473.234 417.238 396.53 385.567 586.626 380.414 373.049 344.242 319.99 318.357 293.593 289.457 275.52 262.776
threshold=-9.1022062301635724 -0.76686277985572804 -23.284902572631832 -4.4937129020690909 4.0706396102905282 -14.580633640289305 -31.456928253173825 -9.3845095634460431 10.493719577789308 -2.4306797981262203 1.1379973292350771 -6.8468232154846183 -18.745240211486813 -11.507646560668944 10.0651912689209 -3.3599510192871089 -3.8644789457321163 5.9033102989196786 1.4598503112792971 -23.898462295532223 -9.2692532539367658 -1.8136799931526182 -3.583087563514709 -5.8084962368011466 -4.8562450408935538 -11.349068641662596 -1.6778316497802732 -8.2099714279174787 -11.282111644744871 -4.869633436203002
decision_type=2 2 2 2 2 2 2 2 2 2 2 2 2 2 2 2 2 2 2 2 2 2 2 2 2 2 2 2 2 2
left_child=2 3 6 11 10 12 7 -1 17 15 21 24 28 -7 -10 -5 -11 -6 -12 20 -9 27 -13 -17 -2 -14 -15 -3 -4 -29
right_child=1 4 5 9 8 13 -8 19 14 16 18 22 25 26 -16 23 -18 -19 -20 -21 -22 -23 -24 -25 -26 -27 -28 29 -30 -31
leaf_value=-1.5702745877779449 -0.11638494186506482 -0.13296390488034202 -0.43583188844247034 -0.010888998031187178 0.19175438574694714 -0.22920895258585616 -0.55606935645351896 -0.75065543447222038 0.38032455444335939 -0.0012032759170409371 0.11393189855760791 -0.052927755344653854 -0.33489004090774893 -0.1626600860563408 0.66433507407583847 -0.09648220460204518 0.04463696927375857 0.26711767830142907 0.15375258985555398 -0.67357440524631085 -1.0716052949428558 0.087300140382426963 -0.014881468537439105 0.016873566111783509 -0.064832401745833823 -0.25337038155061653 0.026728175012838275 -0.079375000745058058 -0.28411336089625505 0.060439499913851662
leaf_weight=26 998 21 321 3369 545 720 238 35 48 621 1524 2844 430 801 41 68 6030 277 1060 36 24 3188 833 4446 431 166 21 35 33 844
leaf_count=26 998 21 321 3369 545 720 238 35 48 621 1524 2844 430 801 41 68 6030 277 1060 36 24 3188 833 4446 431 166 21 35 33 844
internal_value=-6.60776e-05 0.0322347 -0.308492 -0.000347759 0.116623 -0.252849 -0.69474 -0.967498 0.245874 0.0206542 0.0989753 -0.0601288 -0.352989 -0.191154 0.511161 0.00403071 0.0403569 0.217151 0.130267 -0.802528 -0.881211 0.079196 -0.0443086 0.0151659 -0.100836 -0.312185 -0.157822 0.0504895 -0.421689 0.0548724
internal_weight=30074 27223 2851 19640 7583 2492 359 121 911 14534 6672 5106 950 1542 89 7883 6651 822 2584 95 59 4088 3677 4514 1429 596 822 900 354 879
internal_count=30074 27223 2851 19640 7583 2492 359 121 911 14534 6672 5106 950 1542 89 7883 6651 822 2584 95 59 4088 3677 4514 1429 596 822 900 354 879
is_linear=0
shrinkage=0.05


Tree=15
num_leaves=31
num_cat=0
split_feature=299 299 297 299 299 299 45 291 299 299 142 299 296 299 245 71 284 293 291 283 239 237 183 299 212 299 182 252 252 238
split_gain=111221 27242.3 23887.4 8977.78 6912.73 6737.17 8220.21 5408.14 2923.42 1707.6 1418.35 1269.97 852.064 817.119 764.944 585.953 455.836 442.297 414.404 391.975 373.063 325.98 313.924 305.94 279.909 273.239 272.879 268.456 262.612 257.726
threshold=-9.1022062301635724 -0.72549018263816822 -23.254593849182125 -3.9966099262237544 7.3818626403808603 -31.38612079620361 -9.5067267417907697 -14.584399223327635 1.7940377593040469 -6.1722915172576895 12.486458778381349 -2.1422688961029048 -10.559897422790526 -17.683915138244625 1.9899617433547976 -8.4269223213195783 -1.847058832645416 -4.8173000812530509 -2.3662352561950679 8.7804660797119158 -3.3157651424407955 -10.258375167846678 -2.4133137464523311 0.51907405257225048 -6.9272041320800772 4.3235564231872567 -17.811244964599606 -16.782468795776364 -4.0822222232818595 1.3132788538932803
decision_type=2 2 2 2 2 2 2 2 2 2 2 2 2 2 2 2 2 2 2 2 2 2 2 2 2 2 2 2 2 2
left_child=2 3 5 9 8 6 -1 13 16 17 -6 18 21 -4 -10 -8 24 -2 -5 -12 -11 -9 -13 -18 -3 -16 -17 -7 -14 -22
right_child=1 4 7 11 10 27 15 12 14 20 19 22 28 -15 25 26 23 -19 -20 -21 29 -23 -24 -25 -26 -27 -28 -29 -30 -31
leaf_value=-1.6574326023910986 -0.095165841204710555 -0.099403858482837684 -0.39314403203563386 0.0024028652882903978 0.29002803918087122 -0.55749997633663728 -0.52216120910644537 -0.25648330287647508 0.12384838994244188 -0.042788995614196919 0.46083981323242185 0.019192487568367802 -0.15493410334534199 -0.29395951364273415 0.16105340600013734 -0.95046646811745394 0.077158454317964184 -0.038394056796749065 0.026560721303258997 0.68945154825846355 -0.016386865741590702 -0.1969916048366275 0.048643286869747254 0.10529805210554544 0.055767646137104249 0.21329685406093182 -0.72695148256089959 -0.43594890594482422 -0.033615603794654211 0.097492401126553038
leaf_weight=33 1729 30 433 4943 165 187 25 367 1273 2399 50 1142 631 399 640 22 2230 428 2770 30 1924 618 4357 1704 930 411 36 60 48 51
leaf_count=33 1729 30 433 4943 165 187 25 367 1273 2399 50 1142 631 399 640 22 2230 428 2770 30 1924 618 4357 1704 930 411 36 60 48 51
internal_value=4.88785e-05 0.0312239 -0.29661 0.000462228 0.112602 -0.67559 -0.989912 -0.241494 0.103737 -0.0474937 0.373797 0.024168 -0.189451 -0.345578 0.149913 -0.724513 0.081809 -0.083901 0.0110788 0.546569 -0.0295398 -0.219158 0.0425271 0.089347 0.0509185 0.181484 -0.811733 -0.527973 -0.146358 -0.0134462
internal_weight=30065 27206 2859 19743 7463 363 116 2496 7218 6531 245 13212 1664 832 2324 83 4894 2157 7713 80 4374 985 5499 3934 960 1051 58 247 679 1975
internal_count=30065 27206 2859 19743 7463 363 116 2496 7218 6531 245 13212 1664 832 2324 83 4894 2157 7713 80 4374 985 5499 3934 960 1051 58 247 679 1975
is_linear=0
shrinkage=0.05


Tree=16
num_leaves=31
num_cat=0
split_feature=299 299 292 299 299 291 57 291 299 251 299 8 299 183 296 283 284 299 243 247 170 31 237 35 252 299 247 183 77 240
split_gain=100423 24216.8 22171.5 8086.43 6041.71 6035.45 6306.37 5327.61 2341.41 1388.55 1329.04 1293.82 1221.73 652.283 556.467 531.681 483.169 453.405 430.056 394.299 334.144 325.955 323.061 269.415 268.715 257.708 257.522 254.455 306.4 229.76
threshold=-8.849751949310301 -0.51409405469894398 -23.085033416748043 -3.9966099262237544 7.3818626403808603 -30.803137779235836 -9.3845095634460431 -13.321770668029783 2.4525979757308964 -4.5214931964874259 -2.1422688961029048 3.3595377206802373 -17.683915138244625 -18.803227424621578 -10.559897422790526 0.56611302495002758 7.6217596530914316 -6.4869682788848868 3.2567480802536015 -2.6292157173156734 -0.78833293914794911 -5.6331372261047354 -1.1611484885215757 -5.3596622943878165 -4.038080930709838 -5.4356207847595206 -4.5300836563110343 -2.8673855066299434 3.2264962196350102 0.78911760449409496
decision_type=2 2 2 2 2 2 2 2 2 2 2 2 2 2 2 2 2 2 2 2 2 2 2 2 2 2 2 2 2 2
left_child=2 3 5 9 8 6 -1 12 15 17 19 -6 -4 -8 -9 27 -13 -2 29 23 26 -7 25 -5 -16 -11 -12 28 -3 -10
right_child=1 4 7 10 11 21 13 14 18 22 20 16 -14 -15 24 -17 -18 -19 -20 -21 -22 -23 -24 -25 -26 -27 -28 -29 -30 -31
leaf_value=-1.624354670597957 -0.094127446228180825 0.043477089916074858 -0.37304548004217319 -0.098770094513893125 0.2817096271734128 -0.40966788155691963 -0.90850253634982647 -0.19566799945556201 0.10319302808124015 -0.048984024894259043 -0.035084672251068955 0.40637192196316185 -0.26481698291446581 -0.6357074192592076 -0.14377984053311113 0.10332423223295623 0.66726558140345993 -0.052690036919507348 0.19122370847425443 0.021027206842954033 0.054570319273430638 -0.53764822316724203 0.016658894460582548 0.00029667861038638703 -0.027108610410875873 -0.019424075699180407 0.0339822925423948 0.07649283036753407 -0.14512454737787661 0.15211199542681375
leaf_weight=26 1193 338 456 70 174 70 36 780 353 1108 141 36 609 56 717 2257 35 1478 531 4140 2778 172 432 3503 53 2204 3152 2394 23 750
leaf_count=26 1193 338 456 70 174 70 36 780 353 1108 141 36 609 56 717 2257 35 1478 531 4140 2778 172 432 3503 53 2204 3152 2394 23 750
internal_value=4.64347e-05 0.0303292 -0.275705 0.00271703 0.111266 -0.643587 -0.936771 -0.225059 0.102277 -0.0436568 0.0242992 0.355107 -0.311157 -0.742453 -0.165902 0.085332 0.534981 -0.071198 0.154254 0.0105248 0.041799 -0.500629 -0.0240086 -0.00164418 -0.135749 -0.0293131 0.031025 0.0705921 0.0314609 0.136456
internal_weight=30065 27090 2975 20199 6891 360 118 2615 6646 6415 13784 245 1065 92 1550 5012 71 2671 1634 7713 6071 242 3744 3573 770 3312 3293 2755 361 1103
internal_count=30065 27090 2975 20199 6891 360 118 2615 6646 6415 13784 245 1065 92 1550 5012 71 2671 1634 7713 6071 242 3744 3573 770 3312 3293 2755 361 1103
is_linear=0
shrinkage=0.05


Tree=17
num_leaves=31
num_cat=0
split_feature=296 296 293 293 296 293 46 136 173 247 251 232 257 298 247 245 71 293 189 239 0 292 285 247 210 57 296 293 212 184
split_gain=90080.8 22528.9 17164.3 8565.36 6265.83 6216.65 5817.71 6997.5 3558.02 1619.71 1491.63 1257.25 1123.69 813.795 689.092 530.024 524.288 517.763 477.122 456.746 407.793 375.726 336.097 334.275 297.222 275.904 259.26 250.476 250.212 247.546
threshold=-10.559897422790526 -1.0427125096321104 -31.456928253173825 -4.8703920841217032 -18.697613716125485 2.8421813249588017 -9.380098342895506 -14.260275363922117 9.9992213249206561 -5.2073528766632071 -2.2692676782608028 0.76980391144752514 -11.092243671417235 -23.434816360473629 2.9235293865203862 -0.93607842922210682 -8.4269223213195783 -8.4214687347412092 -1.2289542555809019 -2.9535613059997554 2.5056483745574956 10.0651912689209 -3.8419907093048091 -13.315620899200438 -2.8157436847686763 -3.8503413200378414 -5.4301991462707511 5.3436274528503427 -5.8668236732482901 -1.5264706015586851
decision_type=2 2 2 2 2 2 2 2 2 2 2 2 2 2 2 2 2 2 2 2 2 2 2 2 2 2 2 2 2 2
left_child=2 3 6 9 13 11 7 -1 14 17 19 15 23 -4 -7 24 -8 -2 22 -5 -18 -10 -12 -6 -3 -21 -11 -16 -20 -27
right_child=1 5 4 10 12 8 16 -9 21 26 18 -13 -14 -15 27 -17 20 -19 28 25 -22 -23 -24 -25 -26 29 -28 -29 -30 -31
leaf_value=-2.0410113525390625 -0.13183878062540277 0.0026234860796677442 -0.47864006576224122 -0.015822901233181152 -0.30129313484567111 0.13097452662877254 -0.41727054595947266 -0.71837219238281258 0.35973881312779021 -0.055942190362211854 -0.016310154015062663 0.099885492163531125 -0.17583809106377005 -0.35967714569785381 0.16895167524531737 0.070752143625402525 -0.82553412633783685 -0.079889148465038223 -0.054059342779810476 -0.070479148877001255 -0.55634422103563952 0.55913639775028934 0.024613061848018286 -0.23399205396721656 0.047101422657251028 0.0017342795631294001 -0.023276193147540678 0.2306655610423135 0.046621982053919125 0.027457708962714163
leaf_weight=20 738 475 243 3429 305 939 20 20 42 1123 604 2365 793 352 354 2637 34 1370 63 107 24 54 2963 467 1795 2638 1323 307 3012 1449
leaf_count=20 738 475 243 3429 305 939 20 20 42 1123 604 2365 793 352 354 2637 34 1370 63 107 24 54 2963 467 1795 2638 1323 307 3012 1449
internal_value=4.4113e-05 0.0248247 -0.302229 -0.00625445 -0.27015 0.0900431 -0.889436 -1.37969 0.176245 -0.0659558 0.0128048 0.0699389 -0.217641 -0.408262 0.158505 0.0555057 -0.638023 -0.0980764 0.030126 -0.00228739 -0.714145 0.4719 0.0176835 -0.260581 0.0377944 0.0087792 -0.0382737 0.197615 0.0445592 0.0108542
internal_weight=30065 27787 2278 18819 2160 8968 118 40 1696 4554 14265 7272 1565 595 1600 4907 78 2108 6642 7623 58 96 3567 772 2270 4194 2446 661 3075 4087
internal_count=30065 27787 2278 18819 2160 8968 118 40 1696 4554 14265 7272 1565 595 1600 4907 78 2108 6642 7623 58 96 3567 772 2270 4194 2446 661 3075 4087
is_linear=0
shrinkage=0.05


Tree=18
num_leaves=31
num_cat=0
split_feature=299 299 299 299 299 45 296 299 299 299 291 291 241 56 15 212 190 242 241 215 251 178 293 197 299 286 220 191 247 297
split_gain=82131.7 22330.1 15564.3 7062.54 6650.05 6466.03 5497.98 2354.98 1997.27 1271.54 987.725 946.488 805.986 556.977 499.112 414.087 392.142 375.996 349.861 349.004 340.189 323.05 290.936 281.423 266.328 254.126 243.857 220.679 218.331 216.858
threshold=-10.678664207458494 -1.6335620880126951 -31.38612079620361 -5.4356207847595206 3.7834314107894902 -9.5067267417907697 -18.697613716125485 9.7821078300476092 0.51907405257225048 -3.4940336942672725 -7.9765026569366446 -13.321770668029783 -17.972254753112789 -7.7745096683502188 3.0200735330581669 -6.6180067062377921 0.1142459809780121 4.1851725578308114 -1.76900178194046 -7.294374704360961 -3.0392254590988155 -1.9426499605178831 -0.60606205463409413 -18.471602439880368 -7.5910785198211661 9.9686608314514178 -4.5709805488586417 -5.8416178226470938 -13.315620899200438 -3.1920588016510005
decision_type=2 2 2 2 2 2 2 2 2 2 2 2 2 2 2 2 2 2 2 2 2 2 2 2 2 2 2 2 2 2
left_child=2 3 5 10 8 -1 12 17 15 21 -2 28 -4 -7 -9 -3 29 -6 26 -17 24 -5 -21 -15 -12 -16 -11 -13 -8 -10
right_child=1 4 6 9 7 13 11 14 16 18 20 27 -14 23 25 19 -18 -19 -20 22 -22 -23 -24 -25 -26 -27 -28 -29 -30 -31
leaf_value=-1.4453412605054452 -0.11344356165566592 -0.060586738002946589 -0.46114439591117534 -0.023409146033587375 0.14938262064162999 -0.41484807332356771 -0.28664084465054007 0.29700976677660673 -0.0092271932144311897 -0.027207994520946036 -0.092667532852380594 -0.18990639355063632 -0.34176650502051581 -0.83241081237792969 0.42810542409012958 -0.15162996011120933 0.11144520545417654 0.21576908997126987 0.030097507541596093 0.043642699142253792 -0.017867128862551256 0.0028973186370006014 0.065999480718372458 -0.61011230468750011 -0.054020101547877564 0.63296362559000663 0.012529883825264579 -0.1333665531300102 -0.22959230404633743 0.081690455649081811
leaf_weight=33 1037 83 230 3312 584 24 281 53 69 423 606 621 367 24 41 21 2084 336 3338 3650 478 1802 2420 35 1686 24 4422 239 416 1326
leaf_count=33 1037 83 230 3312 584 24 281 53 69 423 606 621 367 24 41 21 2084 336 3338 3650 478 1802 2420 35 1686 24 4422 239 416 1326
internal_value=4.19073e-05 0.0236589 -0.289136 -0.0117728 0.0803443 -0.853314 -0.258753 0.2006 0.0674131 0.00541878 -0.0718192 -0.209289 -0.387758 -0.617929 0.41089 0.0503404 0.097711 0.173628 0.0176419 0.051852 -0.0562364 -0.0141396 0.0525559 -0.700539 -0.0642384 0.503745 0.00906051 -0.174194 -0.252592 0.0771935
internal_weight=30065 27795 2270 17104 10691 116 2154 1038 9653 13297 3807 1557 597 83 118 6174 3479 920 8183 6091 2770 5114 6070 59 2292 65 4845 860 697 1395
internal_count=30065 27795 2270 17104 10691 116 2154 1038 9653 13297 3807 1557 597 83 118 6174 3479 920 8183 6091 2770 5114 6070 59 2292 65 4845 860 697 1395
is_linear=0
shrinkage=0.05


Tree=19
num_leaves=31
num_cat=0
split_feature=299 299 290 299 46 299 299 291 196 299 251 291 299 284 71 299 248 212 296 247 183 243 251 235 212 297 190 249 260 0
split_gain=74209.9 18146.1 16433 5658.01 5876.05 5457.17 4898.19 3017.97 1930.89 1237.21 1040.5 779.465 550.674 478.064 472.32 416.118 359.33 344.481 344.281 300.796 297.915 290.818 286.278 279.985 273.885 228.495 212.636 210.714 200.585 195.574
threshold=-8.849751949310301 -0.87852695584297169 -20.624117851257321 -31.38612079620361 -9.380098342895506 -3.9966099262237544 4.3235564231872567 -13.321770668029783 11.868544578552248 1.0612179636955263 -4.5214931964874259 -2.1304811239242549 -17.683915138244625 7.6217596530914316 -8.4269223213195783 -11.106372356414793 1.7264111638069155 -5.5904200077056876 -6.3304903507232657 -18.048190116882321 -6.2732050418853751 5.6018061637878427 -2.479803085327148 2.4308272600173955 -8.2099714279174787 -3.0523716211318965 -1.3662641644477842 -0.12474791705608367 -0.95813721418380726 2.8011765480041508
decision_type=2 2 2 2 2 2 2 2 2 2 2 2 2 2 2 2 2 2 2 2 2 2 2 2 2 2 2 2 2 2
left_child=2 5 3 4 -1 10 9 12 21 20 18 22 -4 -10 -6 -9 25 -13 -2 -5 -3 28 -7 -12 -22 -11 -19 -26 -8 -16
right_child=1 6 7 19 14 11 8 15 13 16 23 17 -14 -15 29 -17 -18 26 -20 -21 24 -23 -24 -25 27 -27 -28 -29 -30 -31
leaf_value=-1.3520155552455357 -0.081998848214466291 -0.109062751977203 -0.3050744924892565 -0.45148729354299183 -0.37899938063188032 -0.0015042439299447689 0.045454549975693231 -0.1694589886444294 0.31443158236416902 -0.011265240582552823 -0.021953887919910622 -0.057115515073140471 -0.22652506419590546 0.53554897308349614 -0.71564186658614726 -0.11762829330732238 0.12665920141384687 0.023618526840516019 -0.045831370122765572 -0.35947008132934571 -0.098053095075819233 0.23489435875487186 0.018622865595711538 0.1530353315498518 0.052604831956742176 0.092246153959260044 0.043336736961930356 0.075191257637970924 0.16754888743307392 -0.52333085298538207
leaf_weight=35 1174 26 357 191 22 3871 36 755 55 55 3721 105 595 44 39 795 985 2522 1497 166 27 167 3250 23 2566 1739 2986 1728 513 20
leaf_count=35 1174 26 357 191 22 3871 36 755 55 55 3721 105 595 44 39 795 985 2522 1497 166 27 167 3250 23 2566 1739 2986 1728 513 20
internal_value=3.9812e-05 0.0260719 -0.237005 -0.507275 -0.810648 -0.000280596 0.0896186 -0.185911 0.205735 0.0763384 -0.0378873 0.0186645 -0.255981 0.412706 -0.576724 -0.142875 0.102395 0.0325979 -0.0617283 -0.408701 0.0596806 0.177118 0.0076817 -0.0208789 0.0606959 0.0890727 0.0343082 0.0616941 0.159543 -0.650452
internal_weight=30065 27090 2975 473 116 19149 7941 2502 815 7126 6415 12734 952 99 81 1550 2779 5613 2671 357 4347 716 7121 3744 4321 1794 5508 4294 549 59
internal_count=30065 27090 2975 473 116 19149 7941 2502 815 7126 6415 12734 952 99 81 1550 2779 5613 2671 357 4347 716 7121 3744 4321 1794 5508 4294 549 59
is_linear=0
shrinkage=0.05


Tree=20
num_leaves=31
num_cat=0
split_feature=296 299 298 299 299 29 291 299 251 299 7 237 257 242 282 22 299 189 249 299 189 281 220 237 251 183 291 299 57 269
split_gain=65057.1 18485.8 11696.1 5971.89 4690.97 3052.67 2932.7 2696.78 851.894 833.396 794.862 716.125 613.854 514.918 487.217 633.385 474.471 369.451 355.631 336.315 329.4 313.926 287.559 241.823 235.798 229.536 218.264 204.538 198.758 193.355
threshold=-10.559897422790526 -2.1422688961029048 -26.362575531005856 1.4545587897300722 -5.8035295009613028 -9.2954568862915021 -16.083749771118161 7.3818626403808603 -3.5999728441238399 -0.30703179538249964 4.6794848442077646 -5.5272955894470206 -12.059035778045653 1.091968357563019 -31.844785690307614 -3.0494351387023921 -20.069811820983883 -18.783189773559567 -1.700820744037628 -8.849751949310301 -1.6430882811546323 8.8260564804077166 -4.5100979804992667 -2.1502687931060787 3.5720167160034184 -3.1152415275573726 -2.6885540485382076 -11.951136589050291 -4.3605716228485099 -1.1244256496429441
decision_type=2 2 2 2 2 2 2 2 2 2 2 2 2 2 2 2 2 2 2 2 2 2 2 2 2 2 2 2 2 2
left_child=2 4 5 9 11 -1 16 13 26 18 -9 19 -8 25 15 -7 -4 -17 22 -2 28 -12 29 -13 -15 -5 -6 -14 -10 -3
right_child=1 3 6 7 8 14 12 10 20 -11 21 23 27 24 -16 17 -18 -19 -20 -21 -22 -23 -24 -25 -26 -27 -28 -29 -30 -31
leaf_value=-1.0240042550223214 -0.12340247548793713 -0.0082416058948154951 -0.34539814610635083 0.016211972399442286 -0.029470839988857158 -0.4606642758145052 -0.22585591097347071 0.2378439038298851 -0.068849411541251113 0.066410191164184201 0.36701661187249263 -0.055588688519941712 -0.17484310797421365 0.11912405059255403 -0.45745070800781251 -0.90614891052246094 -0.26264335343783557 -0.60223656058311459 0.045175274746554007 -0.075929823623549553 0.018810741215338208 0.61288652420043954 0.02700004206563001 -0.0010638880275063596 0.1622005973301881 0.093195113184678768 0.0051967655985557734 -0.12700355800186716 -0.00029407028094738326 -0.12082982165738941
leaf_weight=35 623 223 341 108 2797 34 427 172 108 3272 37 1470 491 1276 125 20 352 20 3907 930 3147 20 2419 236 423 936 542 410 5021 46
leaf_count=35 623 223 341 108 2797 34 427 172 108 3272 37 1470 491 1276 125 20 352 20 3907 930 3147 20 2419 236 423 936 542 410 5021 46
internal_value=-0.000473166 0.0205414 -0.258733 0.0644951 -0.0173988 -0.593384 -0.219986 0.126629 -0.00252502 0.04578 0.291469 -0.0704084 -0.176476 0.112867 -0.517646 -0.619328 -0.303364 -0.754193 0.0355446 -0.0949739 0.00607602 0.453287 0.0215465 -0.048046 0.129849 0.0852313 -0.0238435 -0.153074 -0.00173762 -0.0274946
internal_weight=29968 27713 2255 12839 14874 234 2021 2972 11615 9867 229 3259 1328 2743 199 74 693 40 6595 1553 8276 57 2688 1706 1699 1044 3339 901 5129 269
internal_count=29968 27713 2255 12839 14874 234 2021 2972 11615 9867 229 3259 1328 2743 199 74 693 40 6595 1553 8276 57 2688 1706 1699 1044 3339 901 5129 269
is_linear=0
shrinkage=0.05


Tree=21
num_leaves=31
num_cat=0
split_feature=299 299 299 299 249 3 299 259 299 299 299 241 59 290 293 7 196 241 242 212 249 183 281 190 237 18 287 251 293 164
split_gain=58728.6 14881.2 12697.4 4271.47 4029.83 5210.93 3918.19 2563.2 1601.55 1008.59 928.023 518.816 500.138 460.054 441.288 359.177 329.1 306.216 298.395 270.244 269.554 266.152 261.486 258.226 251.642 241.635 237.871 218.58 218.437 209.072
threshold=-8.849751949310301 -1.0591586232185362 -21.455874443054196 -4.6533334255218497 -23.717877388000485 2.530267715454102 3.7834314107894902 -11.534853458404539 9.7821078300476092 0.82792335748672496 -2.5916608572006221 -4.165616273880004 -9.4321961402893049 -17.047976493835446 -10.392171382904051 4.6794848442077646 -2.727445006370544 1.1415067315101626 1.1540547609329226 -5.4217255115509024 -0.046471249312162392 -18.803227424621578 8.8260564804077166 -1.1536704301834104 -2.5373855829238887 3.8755882978439335 -7.9263827800750724 -18.200595855712887 5.3436274528503427 -6.2491502761840811
decision_type=2 2 2 2 2 2 2 2 2 2 2 2 2 2 2 2 2 2 2 2 2 2 2 2 2 2 2 2 2 2
left_child=2 3 4 11 5 12 9 13 28 20 16 26 -1 -4 -9 -10 29 -13 -11 -12 25 -14 -17 -21 -16 -3 -2 -6 -8 -5
right_child=1 6 7 10 27 -7 8 14 15 18 19 17 21 -15 24 22 -18 -19 -20 23 -22 -23 -24 -25 -26 -27 -28 -29 -30 -31
leaf_value=-0.30935198465983071 -0.088485707864165319 0.043740772678439434 -0.28104548560925563 -0.079606404097183892 -0.39861301432053248 -1.2557988628264398 0.12872258792688818 -0.15392436197925108 0.26112491607666016 0.073295733992114309 -0.036923530072505983 -0.028272174092795178 -0.66509277756149709 -0.20678397560119632 -0.10533823457696123 0.35560750688825338 0.0080165703042004762 0.11136455778032542 0.10553145905335744 0.019058051229035509 0.067459922875232697 -0.4646867307027181 0.58224225997924806 0.039899926317269067 0.074300703369081025 -0.064980334845873025 -0.051033578699787918 -0.31961803732451449 0.17998698550026593 -0.010805775882092531
leaf_weight=24 540 2973 313 115 192 31 567 772 60 1541 168 2127 37 625 772 35 4570 40 1344 3738 1560 30 20 2467 20 52 1973 161 328 2773
leaf_count=24 540 2973 313 115 192 31 567 772 60 1541 168 2127 37 625 772 35 4570 40 1344 3738 1560 30 20 2467 20 52 1973 161 328 2773
internal_value=-0.000449508 0.0227964 -0.211208 -0.00233193 -0.448201 -0.695928 0.0776489 -0.166216 0.170079 0.0651517 0.0116395 -0.0436222 -0.505203 -0.231564 -0.127023 0.345727 -0.000332988 -0.0256947 0.088313 0.0256502 0.0505779 -0.575359 0.43802 0.0273444 -0.100802 0.0418718 -0.0590814 -0.362584 0.14751 -0.0135454
internal_weight=29968 26991 2977 18511 475 122 8480 2502 1010 7470 13831 4680 91 938 1564 115 7458 2167 2885 6373 4585 67 55 6205 792 3025 2513 353 895 2888
internal_count=29968 26991 2977 18511 475 122 8480 2502 1010 7470 13831 4680 91 938 1564 115 7458 2167 2885 6373 4585 67 55 6205 792 3025 2513 353 895 2888
is_linear=0
shrinkage=0.05


Tree=22
num_leaves=31
num_cat=0
split_feature=296 299 298 299 299 40 187 299 299 299 299 284 242 60 241 299 292 188 160 7 237 249 284 216 284 281 165 183 248 18
split_gain=53131.1 15076.5 9586.72 4905.33 3848.74 2530.84 6164.05 2409.91 1939.14 1093.2 890.686 516.819 476.842 471.47 437.951 388.453 351.912 343.734 324.917 324.157 300.828 283.851 258.22 252.855 244.552 235.991 235.409 215.818 204.855 204.188
threshold=-10.559897422790526 -2.1422688961029048 -26.362575531005856 2.2004574537277226 -5.0338633060455313 -10.172284603118895 -18.193299293518063 -16.834774017333981 9.7821078300476092 -0.20171123743057248 -7.9792549610137931 -4.5027060508728018 4.1851725578308114 -9.5113725662231428 -10.317932128906248 -31.38612079620361 -2.460573554039001 -10.709835052490233 -4.2086274623870841 4.6794848442077646 -2.4430391788482662 -1.5785359144210813 -1.3704322576522825 -22.694178581237789 0.63403722643852245 8.8260564804077166 -5.1121177673339835 -1.0419051647186277 -5.0453855991363517 2.068112969398499
decision_type=2 2 2 2 2 2 2 2 2 2 2 2 2 2 2 2 2 2 2 2 2 2 2 2 2 2 2 2 2 2
left_child=2 4 5 9 10 6 -1 17 12 18 20 26 24 -7 -9 23 -13 -4 29 -10 -2 -20 -11 -15 27 -21 -6 -5 -12 -3
right_child=1 3 7 8 11 13 -8 14 19 22 28 16 -14 15 -16 -17 -18 -19 21 25 -22 -23 -24 -25 -26 -27 -28 -29 -30 -31
leaf_value=-1.526780242919922 -0.094644235292676071 0.0047335610323620643 -0.30331497559180631 0.0068526908163433877 -0.067902206910910021 -0.25052045186360677 -0.33825416564941407 -0.19177245620359371 0.24806865692138672 0.040717224710497296 -0.055867362031691348 -0.0010293770012813192 0.16293374831026253 -0.66324884515059623 -0.13405182412006711 -0.41984598098262665 0.020439903840682564 -0.23103065069983986 0.022925006010002275 0.33782717023577008 0.027060626812700956 0.044019815884380857 0.0722219073880844 -0.47697939736502515 0.11410649860865318 0.5531301116943359 -0.014695609009454387 0.094311132719335347 -0.030382411607986323 -0.091835371121554321
leaf_weight=20 1209 239 416 107 233 24 24 588 60 821 1283 5054 440 38 745 93 3067 272 2784 35 53 3733 3130 35 1192 20 1929 207 2046 71
leaf_count=20 1209 239 416 107 233 24 24 588 60 821 1283 5054 440 38 745 93 3067 272 2784 35 53 3733 3130 35 1192 20 1929 207 2046 71
internal_value=-0.000427032 0.0185639 -0.233818 0.0582581 -0.0156994 -0.536793 -0.878493 -0.198738 0.128934 0.0447433 -0.0537641 0.00129512 0.117144 -0.457663 -0.159513 -0.487611 0.00707877 -0.274737 0.0326293 0.328441 -0.089533 0.0350083 0.0656754 -0.573942 0.103765 0.416119 -0.0204297 0.0645084 -0.0402043 -0.0173838
internal_weight=29968 27713 2255 12839 14874 234 44 2021 2061 10778 4591 10283 1946 190 1333 166 8121 688 6827 115 1262 6517 3951 73 1506 55 2162 314 3329 310
internal_count=29968 27713 2255 12839 14874 234 44 2021 2061 10778 4591 10283 1946 190 1333 166 8121 688 6827 115 1262 6517 3951 73 1506 55 2162 314 3329 310
is_linear=0
shrinkage=0.05


Tree=23
num_leaves=31
num_cat=0
split_feature=293 293 249 291 6 293 293 183 115 243 239 257 239 18 282 247 288 234 295 234 253 297 251 241 53 284 178 65 297 291
split_gain=48016.8 12707.2 8760.1 4767.57 4056.66 3511.92 2903.67 1170.35 1140.84 964.216 916.284 678.005 542.847 521.264 686.472 449.797 385.359 375.345 289.427 249.023 239.137 228.406 207.388 201.075 198.55 184.378 178.846 176.589 174.908 168.872
threshold=-10.054084300994871 -0.60606205463409413 -23.717877388000485 -4.9259812831878653 2.6828961372375493 -17.358823776245114 5.3436274528503427 -2.0024148225784297 13.012810707092287 1.6662745475769045 -4.9685752391815177 -12.059035778045653 -16.300232887268063 -3.8073172569274898 -31.844785690307614 -4.2770371437072745 -0.54218488931655873 -1.2468373179435728 -7.9096078872680655 -2.3196861743926998 -4.3624238967895499 -12.244459629058836 -2.0408040285110469 3.0602940320968632 -3.0311080217361446 10.966274261474611 1.7463333606719973 -1.0000000180025095e-35 -0.1824635565280914 1.7877162694931032
decision_type=2 2 2 2 2 2 2 2 2 2 2 2 2 2 2 2 2 2 2 2 2 2 2 2 2 2 2 2 2 2
left_child=2 3 4 10 13 12 9 15 23 16 18 -7 -4 -1 -15 24 -3 22 -2 -17 -12 -13 -9 -8 27 -10 -11 -5 -19 -18
right_child=1 6 5 7 -6 11 8 17 25 26 20 21 -14 14 -16 19 29 28 -20 -21 -22 -23 -24 -25 -26 -27 -28 -29 -30 -31
leaf_value=-0.2826899270216624 -0.095883634690218766 0.035616799638846001 -0.33448429998950424 -0.015508840992420336 -1.210083262125651 -0.19950485594466952 0.11399668954604165 0.0060909903225962484 0.31878372474952982 0.084232362193340293 -0.043865852860502853 -0.1554813443312999 -0.24606465290463164 -0.69967516848915512 -0.39710963094556656 -0.0069182381435937915 0.057639113501886857 0.031674895709102972 -0.057055224245683316 0.012902184480389225 -0.012902200447507917 -0.10850848454387248 0.02632513169762354 0.18024686027622824 -0.021368662096334229 0.49650043487548834 0.11754761456168272 -0.10673063185475057 0.061439528041909192 0.082252434653043757
leaf_weight=24 795 1669 321 84 24 503 179 2726 54 873 1153 458 378 38 37 3484 2299 2604 1211 2907 1358 595 2365 318 990 20 748 144 609 1000
leaf_count=24 795 1669 321 84 24 503 179 2726 54 873 1153 458 378 38 37 3484 2299 2604 1211 2907 1358 595 2365 318 990 20 748 144 609 1000
internal_value=-0.000405681 0.0181753 -0.215985 -0.00191298 -0.626888 -0.193572 0.0754941 0.0109557 0.183657 0.0661208 -0.0472481 -0.151751 -0.286669 -0.485508 -0.55041 -0.00320981 0.0551951 0.0239356 -0.0724434 0.00209725 -0.0271201 -0.128939 0.0154907 0.156386 -0.0310566 0.366815 0.0996055 -0.0731226 0.0373166 0.0651
internal_weight=29968 27590 2378 20430 123 2255 7160 15913 571 6589 4517 1556 699 99 75 7609 4968 8304 2006 6391 2511 1053 5091 497 1218 74 1621 228 3213 3299
internal_count=29968 27590 2378 20430 123 2255 7160 15913 571 6589 4517 1556 699 99 75 7609 4968 8304 2006 6391 2511 1053 5091 497 1218 74 1621 228 3213 3299
is_linear=0
shrinkage=0.05


Tree=24
num_leaves=31
num_cat=0
split_feature=299 299 298 299 299 25 299 290 299 170 52 23 154 9 292 256 248 212 238 261 164 229 114 170 183 296 299 296 246 251
split_gain=43436.5 12787.6 7548.42 4042.04 3385.9 2277.37 1860.95 1728.67 721.715 586.107 509.353 493.142 646.618 976.866 454.66 422.448 377.875 261.86 258.176 254.89 242.674 225.283 222.34 212.851 194.545 190.156 178.147 168.992 154.959 154.545
threshold=-11.106372356414793 -2.1422688961029048 -26.362575531005856 1.4545587897300722 -6.0886340141296378 -7.9597153663635245 7.3818626403808603 -17.047976493835446 -3.9966099262237544 -0.74834907054901112 7.360849380493165 -5.6541113853454581 -16.346274375915524 -1.1062090992927549 -7.9035425186157218 -11.493586540222166 1.4598503112792971 -6.9272041320800772 0.40941177308559423 -2.4695425033569331 -4.5081374645233145 -1.6181532144546507 4.8536186218261728 -1.3070805668830869 -3.1152415275573726 -18.697613716125485 -16.834774017333981 -0.18848837912082669 -1.3109621405601499 3.5720167160034184
decision_type=2 2 2 2 2 2 2 2 2 2 2 2 2 2 2 2 2 2 2 2 2 2 2 2 2 2 2 2 2 2
left_child=2 4 5 9 14 -1 16 25 21 17 -8 -7 13 -13 -2 26 24 -3 -11 -16 -10 -6 28 -22 -5 -4 -9 -23 -19 -18
right_child=1 3 7 6 8 11 10 15 20 18 -12 12 -14 -15 19 -17 29 22 -20 -21 23 27 -24 -25 -26 -27 -28 -29 -30 -31
leaf_value=-0.88499844458795374 -0.086844369172033656 -0.063365452097994948 -0.27612780998822739 0.010892915516568904 -0.024541209404915366 -0.22155096714313213 0.19248543496457687 -0.2307217915852865 -0.036101382574429963 0.041340310821092109 0.35568901510799633 -0.3787200504541397 -0.4022799260476056 -0.86698408070064736 -0.052726937358667063 -0.127317378111963 0.099580821111948811 0.01882992064632022 0.065080637768146335 0.013517761305443146 0.00092573289766823507 0.00048596419948831061 -0.12600883245468139 0.018284071888235932 0.079225179836981144 -0.21422060118781197 -0.16824936760560441 0.10405989402982717 0.038060911601649434 0.13542242817304753
leaf_weight=31 1173 84 399 114 3623 26 161 153 328 3764 68 20 136 21 1674 717 990 2594 1646 159 4425 632 24 2939 1207 180 449 42 1757 432
leaf_count=31 1173 84 399 114 3623 26 161 153 328 3764 68 20 136 21 1674 717 990 2594 1646 159 4425 632 24 2939 1207 180 449 42 1757 432
internal_value=-0.000385397 0.016274 -0.217895 0.0528954 -0.0150868 -0.485839 0.104015 -0.184861 -0.00318985 0.0375011 0.240948 -0.424884 -0.454752 -0.628807 -0.0625363 -0.153246 0.0925826 0.0240796 0.0485633 -0.0469807 0.0059792 -0.0196032 0.0257585 0.00785351 0.0733282 -0.256882 -0.184127 0.00694013 0.0265957 0.110469
internal_weight=29968 27836 2132 12841 14995 234 2972 1898 11989 9869 229 203 177 41 3006 1319 2743 4459 5410 1833 7692 4297 4375 7364 1321 579 602 674 4351 1422
internal_count=29968 27836 2132 12841 14995 234 2972 1898 11989 9869 229 203 177 41 3006 1319 2743 4459 5410 1833 7692 4297 4375 7364 1321 579 602 674 4351 1422
is_linear=0
shrinkage=0.05


Tree=25
num_leaves=31
num_cat=0
split_feature=299 299 297 299 299 293 77 299 296 241 226 20 234 242 190 8 183 164 293 293 258 125 75 42 299 232 299 295 251 281
split_gain=38964.4 10492.6 7366.01 3186.57 2743.32 2359.4 2399.39 1471.55 1231.79 658.167 635.086 534.074 504.253 341.168 311.541 295.838 287.242 270.805 251.243 245.006 221.202 220.06 196.289 193.548 222.071 192.676 182.222 181.083 158.665 157.083
threshold=-9.3908739089965803 -0.98963883519172657 -21.35430812835693 -4.4937129020690909 3.7834314107894902 -31.456928253173825 -10.30737257003784 -14.022549152374266 9.5815272331237811 0.94705882668495189 -2.441063284873962 -1.2477154731750486 -4.8840932846069327 -12.418168067932127 -1.3892810344696043 3.3595377206802373 -2.8914831876754756 -5.9444525241851798 -9.1529502868652326 1.0689653158187868 -5.6853864192962638 -5.2803921699523917 -5.8583257198333731 -10.034337043762205 -26.239870071411129 5.4653625488281259 0.63666665554046642 -7.9096078872680655 1.9968043565750124 7.3166129589080819
decision_type=2 2 2 2 2 2 2 2 2 2 2 2 2 2 2 2 2 2 2 2 2 2 2 2 2 2 2 2 2 2
left_child=2 3 5 12 9 6 -1 13 25 16 17 22 27 -4 -12 -10 21 -5 -15 -14 -9 -3 -8 -7 -25 -6 -18 -2 -11 -17
right_child=1 4 7 10 8 23 11 20 15 28 14 -13 19 18 -16 29 26 -19 -20 -21 -22 -23 -24 24 -26 -27 -28 -29 -30 -31
leaf_value=-1.0004187266031901 -0.079415928337884995 -0.14731575307391939 -0.21675248450802684 -0.063616494214936592 0.10966508174173401 -0.16677042643229167 -0.23385850191116334 -0.11527288661078738 0.22036672365867488 0.06734712246967399 0.010407843781626323 -0.58294441058085522 -0.025075073948388468 -0.16563294145153529 0.029943287673309012 0.28850306669871012 0.041263368377945753 -0.00091332988201341168 0.0078973115845160057 0.11845301747322085 -0.045375538587570194 0.017440183735781201 -0.42301932834088807 -0.36605714467855605 -0.27678561188033407 0.16417170574790554 0.062615401719184907 -0.045842291434874408 0.095779811040214879 0.46143222677296603
leaf_weight=24 575 21 532 178 723 27 24 1198 59 1472 4634 39 3344 402 3647 24 2954 5279 22 30 125 581 32 104 211 209 1510 1332 736 29
leaf_count=24 575 21 532 178 723 27 24 1198 59 1472 4634 39 3344 402 3647 24 2954 5279 22 30 125 581 32 104 211 209 1510 1332 736 29
internal_value=6.38402e-05 0.018081 -0.179694 -0.00240473 0.0649214 -0.361971 -0.553732 -0.142822 0.140716 0.0540431 0.0102845 -0.440885 -0.0354144 -0.190087 0.0190114 0.297386 0.0441138 -0.00295862 -0.156629 -0.0237989 -0.108669 0.0116929 -0.34195 -0.295247 -0.306259 0.121888 0.0484859 -0.0559654 0.0768247 0.383125
internal_weight=30077 27337 2740 19019 8318 461 119 2279 1044 7274 13738 95 5281 956 8281 112 5066 5457 424 3374 1323 602 56 342 315 932 4464 1907 2208 53
internal_count=30077 27337 2740 19019 8318 461 119 2279 1044 7274 13738 95 5281 956 8281 112 5066 5457 424 3374 1323 602 56 342 315 932 4464 1907 2208 53
is_linear=0
shrinkage=0.05


Tree=26
num_leaves=31
num_cat=0
split_feature=293 299 239 282 117 299 299 299 296 232 247 1 247 299 183 8 35 288 293 247 216 289 295 295 242 200 56 299 239 289
split_gain=35259.2 9023.52 7405.07 2665.68 3343.93 2541.88 2417.34 1865.19 1111.69 574.487 565.978 462.262 413.58 312.492 282.296 266.994 242.585 232.705 228.736 214.489 196.821 239.602 196.3 194.065 183.026 182.808 178.238 178.041 150.193 142.541
threshold=-8.4214687347412092 -0.91893917322158802 -16.300232887268063 -31.844785690307614 -13.599411964416502 -3.814361453056335 3.7834314107894902 -14.022549152374266 9.5815272331237811 0.45228159427642828 -4.6911537647247306 1.9369795918464663 -1.6488965153694151 -10.678664207458494 -6.2732050418853751 3.3595377206802373 -5.3596622943878165 0.41063578426837927 -17.358823776245114 1.4749910831451418 -22.694178581237789 -20.397480964660641 -2.4457702636718746 -0.48120063543319697 5.7049999237060556 0.34263595938682562 -0.45519608259201044 -6.8468232154846183 -1.8587821722030637 9.6481356620788592
decision_type=2 2 2 2 2 2 2 2 2 2 2 2 2 2 2 2 2 2 2 2 2 2 2 2 2 2 2 2 2 2
left_child=2 5 3 4 -1 10 9 18 24 14 27 -6 16 -9 -3 -10 -7 28 -4 -11 -5 -22 -16 -14 -8 -15 -18 -2 -12 -17
right_child=1 6 7 20 11 12 8 13 15 19 17 -13 23 25 22 29 26 -19 -20 -21 21 -23 -24 -25 -26 -27 -28 -29 -30 -31
leaf_value=-1.0245623358364764 -0.060770412532919885 -0.12210482847359445 -0.2141195762572915 -0.13919717539911686 -0.54747131637164526 -0.06855539572688768 0.10499064988824001 -0.12017526902178283 0.20934836824061509 0.058118168805441808 -0.020278894506357548 -0.28759014985778114 0.020640823379132939 -0.080114059880841026 0.01016230256427509 0.27032044452169668 0.0013305752007342177 0.060213655034459912 -0.16374024410448929 0.085113619587904116 -0.32105875802795275 -0.23281617306046565 0.044475607641077081 0.047250257008904853 0.16123906353998452 0.072669802494347097 0.017004803160059648 -0.033034647286223844 0.0030813522002146473 0.43576527913411467
leaf_weight=29 958 27 373 23 28 106 753 744 59 2072 3594 44 3434 929 477 23 4525 103 569 1141 221 118 3303 856 179 20 3027 1461 851 30
leaf_count=29 958 27 373 23 28 106 753 744 59 2072 3594 44 3434 929 477 23 4525 103 569 1141 221 118 3303 856 179 20 3027 1461 851 30
internal_value=6.06482e-05 0.0184056 -0.159697 -0.344111 -0.571242 -0.000475044 0.0626923 -0.127293 0.13368 0.0521352 -0.0244782 -0.388655 0.0135215 -0.0959143 0.0389949 0.282517 0.00655883 -0.0140849 -0.183689 0.0677048 -0.28074 -0.290343 0.0401456 0.0259503 0.115794 -0.0768942 0.00761313 -0.0440189 -0.0158066 0.363968
internal_weight=30077 26979 3098 463 101 18915 8064 2635 1044 7020 6967 72 11948 1693 3807 112 7658 4548 942 3213 362 339 3780 4290 932 949 7552 2419 4445 53
internal_count=30077 26979 3098 463 101 18915 8064 2635 1044 7020 6967 72 11948 1693 3807 112 7658 4548 942 3213 362 339 3780 4290 932 949 7552 2419 4445 53
is_linear=0
shrinkage=0.05


Tree=27
num_leaves=31
num_cat=0
split_feature=293 299 246 282 117 299 299 299 240 293 249 1 11 220 299 238 180 185 53 241 288 41 289 189 51 299 290 27 292 35
split_gain=31821.5 8162.55 6697.34 2864.5 2927.67 2818.09 1933.89 1385.64 706.964 669.761 469.531 457.832 380.49 287.162 279.244 274.218 247.651 225.57 224.948 219.426 210.363 294.213 194.505 186.634 181.139 164.265 156.126 139.986 130.524 143.046
threshold=-8.4214687347412092 -0.20171123743057248 -15.623531818389891 -31.844785690307614 -13.599411964416502 -3.4016736745834346 7.3818626403808603 -14.022549152374266 1.9230980277061465 -4.9361765384674063 -1.700820744037628 1.9369795918464663 4.8312940597534189 -4.5100979804992667 -7.1260104179382315 -6.6815967559814444 -1.1388542652130125 3.154771208763123 -3.0311080217361446 -0.16743945330381391 -22.429322242736813 -5.4126472473144522 9.6481356620788592 -0.74372550845146168 -4.3437147140502921 1.5355798602104189 -17.047976493835446 4.0948152542114267 -2.2489416599273677 -2.5180523395538326
decision_type=2 2 2 2 2 2 2 2 2 2 2 2 2 2 2 2 2 2 2 2 2 2 2 2 2 2 2 2 2 2
left_child=2 5 3 4 -1 9 8 26 16 14 13 -6 -8 18 -2 -9 -3 -10 -7 24 21 -5 -14 -12 -11 -18 -4 -28 -15 -30
right_child=1 6 7 20 11 10 12 15 17 19 23 -13 22 28 -16 -17 25 -19 -20 -21 -22 -23 -24 -25 -26 -27 27 -29 29 -31
leaf_value=-0.97333426639951515 -0.060535857984219781 0.029595706097010361 -0.19834433946033453 -0.21458982964084572 -0.53725728547131568 -0.093483384841620332 0.1730290052625868 -0.10373739385444308 0.080016077381079825 -0.058442614621516925 0.020211555688060042 -0.27455972239028575 0.22390204535590277 0.0059461172656345923 -0.028044421863454239 -0.059599577617645262 0.050124775381162327 0.12259080954159007 -0.010570722172974022 0.03677132762823021 -0.22670329261000141 -0.3409228874206543 0.40888422648111977 0.038412054636953796 -0.008793535548961371 0.073263680130096973 -0.14618582326577478 -0.2445250132145026 0.056878858448764093 0.016865628040271981
leaf_weight=29 921 937 298 73 27 99 180 1188 1161 191 3092 43 27 3582 2345 500 2060 425 471 256 274 125 30 2587 4812 1222 502 39 247 2334
leaf_count=29 921 937 298 73 27 99 180 1188 1161 191 3092 43 27 3582 2345 500 2060 425 471 256 274 125 30 2587 4812 1222 502 39 247 2334
internal_value=5.76158e-05 0.0174853 -0.151712 -0.306367 -0.550896 0.00271116 0.0686814 -0.116766 0.0629658 -0.019423 0.0179137 -0.375886 0.20868 0.00898244 -0.0372069 -0.0906634 0.0522675 0.0914248 -0.0249713 -0.0083787 -0.255079 -0.294346 0.321261 0.0285026 -0.010689 0.0587402 -0.169283 -0.153275 0.0121227 0.0206949
internal_weight=30077 26979 3098 571 99 20937 6042 2527 5805 8525 12412 70 237 6733 3266 1688 4219 1586 570 5259 472 198 57 5679 5003 3282 839 541 6163 2581
internal_count=30077 26979 3098 571 99 20937 6042 2527 5805 8525 12412 70 237 6733 3266 1688 4219 1586 570 5259 472 198 57 5679 5003 3282 839 541 6163 2581
is_linear=0
shrinkage=0.05


Tree=28
num_leaves=31
num_cat=0
split_feature=299 299 239 299 282 121 299 292 295 28 232 241 253 8 297 1 292 160 283 242 241 102 213 289 299 164 242 292 294 258
split_gain=28743.8 7746.98 5469.03 2367.04 2160.78 2668.68 2043.17 1090.67 806.507 707.235 516.396 512.871 398.725 311.509 300.56 267.602 252.736 265.752 239.973 224.729 213.683 189.717 182.492 183.83 175.037 170.549 168.236 139.211 134.937 130.59
threshold=-9.3908739089965803 -0.98963883519172657 -16.300232887268063 -4.4937129020690909 -31.844785690307614 -13.598384857177733 3.7834314107894902 -12.967150211334227 9.8827843666076678 -4.2862432003021231 -2.6717647314071651 0.43644344806671148 -5.8784828186035147 3.3595377206802373 -15.957451343536375 2.5501143932342534 -1.563890755176544 -4.2644727230072013 -2.3445049524307247 -4.9546370506286612 1.0710088014602663 1.8213236927986147 -21.695130348205563 -20.397480964660641 1.7940377593040469 -5.9444525241851798 5.7049999237060556 -6.9540157318115225 -3.6997059583663936 2.1201961040496831
decision_type=2 2 2 2 2 2 2 2 2 2 2 2 2 2 2 2 2 2 2 2 2 2 2 2 2 2 2 2 2 2
left_child=2 3 4 12 5 -1 11 14 26 15 25 18 27 -10 -4 -7 17 -12 21 -9 28 -3 -6 -24 -13 -5 -8 -2 -14 -18
right_child=1 6 7 10 22 9 8 19 13 -11 16 24 20 -15 -16 -17 29 -19 -20 -21 -22 -23 23 -25 -26 -27 -28 -29 -30 -31
leaf_value=-0.97584381103515627 -0.066949457967251394 0.018397037975521009 -0.18483198593112737 -0.059753827124402151 -0.12888816550925927 -0.41040076017379762 0.09541796286475851 -0.098309050824331209 0.1730769172791512 -0.59053941726684567 -0.037080217600386177 0.053328098646241412 -0.028653920399777308 0.3408156528472901 -0.1307585063069425 -0.17725550383329391 0.025660130811503812 0.012108431134958174 0.041113149294897761 -0.030191867075422232 0.080574545979499812 -0.067254577262300844 -0.29097145616191711 -0.21312312792087426 0.078828845252025437 -0.0032965609791409502 0.14878561289414116 -0.035668797909193799 -0.006311385743743317 0.088878570567993892
leaf_weight=24 796 723 567 138 27 20 748 1104 62 25 288 1822 2912 50 470 32 2969 5898 3591 136 50 71 219 116 1067 4361 184 643 880 84
leaf_count=24 796 723 567 138 27 20 748 1104 62 25 288 1822 2912 50 470 32 2969 5898 3591 136 50 71 219 116 1067 4361 184 643 880 84
internal_value=5.4735e-05 0.0155295 -0.154337 -0.00207306 -0.310991 -0.515484 0.0557776 -0.122484 0.121188 -0.371996 0.00886336 0.0463895 -0.0305231 0.24796 -0.160324 -0.266927 0.015628 0.00981837 0.0356131 -0.0908381 -0.0221149 0.010738 -0.253936 -0.264015 0.0627463 -0.0050283 0.105954 -0.0529721 -0.0234689 0.0273995
internal_weight=30077 27337 2740 19019 463 101 8318 2277 1044 77 13738 7274 5281 112 1037 52 9239 6186 4385 1240 3842 794 362 335 2889 4499 932 1439 3792 3053
internal_count=30077 27337 2740 19019 463 101 8318 2277 1044 77 13738 7274 5281 112 1037 52 9239 6186 4385 1240 3842 794 362 335 2889 4499 932 1439 3792 3053
is_linear=0
shrinkage=0.05


Tree=29
num_leaves=31
num_cat=0
split_feature=293 299 249 29 293 299 299 238 232 299 299 6 89 133 299 277 293 288 247 164 283 261 242 282 184 299 292 254 129 212
split_gain=26025.2 7233.06 4627.68 2454.48 2171.79 2062.62 1503.95 766.269 614.572 547.981 469.68 466.249 449.965 288.107 262.154 236.459 212.033 209.927 196.583 188.988 185.81 154.049 149.614 149.233 149.038 130.575 125.923 124.293 123.853 119.362
threshold=-9.7415709495544416 -1.3864066004753111 -20.297059059143063 -9.2954568862915021 -4.8703920841217032 3.7834314107894902 -16.03725433349609 9.218076705932619 0.45228159427642828 -3.1399999856948848 -7.1260104179382315 2.3529851436614995 -12.548970699310301 -6.666529417037963 -11.507646560668944 10.421205520629885 -19.673722267150875 0.96422255039215099 1.4749910831451418 -5.5646455287933341 -2.499977588653564 -1.8811232447624204 -0.65976476669311512 -31.844785690307614 -3.8507189750671382 0.3389184325933457 2.7903051376342778 -3.5049401521682735 2.1003431081771855 -6.9272041320800772
decision_type=2 2 2 2 2 2 2 2 2 2 2 2 2 2 2 2 2 2 2 2 2 2 2 2 2 2 2 2 2 2
left_child=2 4 3 -1 10 8 16 21 13 17 -2 12 -5 -3 -8 -9 -4 19 -10 -6 29 -7 -11 -14 -12 -22 -24 -16 -23 -15
right_child=1 5 6 11 9 7 14 15 18 22 24 -13 23 20 27 -17 -18 -19 -20 -21 25 28 26 -25 -26 -27 -28 -29 -30 -31
leaf_value=-0.78802352905273443 -0.05948028691176676 -0.14289938434958457 -0.2162791832036175 -0.10002960205078125 -0.05025662135302536 0.0051595686957603554 -0.11968625932931901 0.19770950485061814 0.048523852339061042 0.010599547553015606 -0.039051791860920032 -0.51591566749241047 -0.41395196256966432 -0.06028269573494241 -0.08100202336083151 0.36868497408353368 -0.16481756574255721 0.061152566446546923 0.073669903642040194 -0.0055063264735034003 0.029368471283505882 0.088465392735404103 0.026341827740787721 -0.28786445555648182 -0.015630356084237351 0.048321596310151094 0.13339152304189547 0.037536667522204963 0.1263720202445984 0.016006234288949685
leaf_weight=30 1404 24 347 30 246 41 848 91 2277 5918 1077 23 29 54 574 26 473 114 1180 5763 2793 516 1454 123 1839 1347 28 23 370 1015
leaf_count=30 1404 24 347 30 246 41 848 91 2277 5918 1077 23 29 54 574 26 473 114 1180 5763 2793 516 1454 123 1839 1347 28 23 370 1015
internal_value=5.19982e-05 0.0140558 -0.154421 -0.365615 -0.00485759 0.0487252 -0.132509 0.115129 0.0407475 0.0050018 -0.0357207 -0.303799 -0.276994 0.0299402 -0.101817 0.235704 -0.186595 -0.00606315 0.0571071 -0.00733834 0.0307365 0.0999108 0.0141573 -0.311921 -0.0242809 0.0355351 0.0283644 -0.0764352 0.104295 0.0121525
internal_weight=30077 27577 2500 235 17843 9734 2265 1044 8690 13523 4320 205 182 5233 1445 117 820 6123 3457 6009 5209 927 7400 152 2916 4140 1482 597 886 1069
internal_count=30077 27577 2500 235 17843 9734 2265 1044 8690 13523 4320 205 182 5233 1445 117 820 6123 3457 6009 5209 927 7400 152 2916 4140 1482 597 886 1069
is_linear=0
shrinkage=0.05


Tree=30
num_leaves=31
num_cat=0
split_feature=291 294 299 299 288 64 299 299 291 299 18 184 254 3 247 241 189 65 243 248 100 179 89 297 239 236 292 160 236 165
split_gain=23967.8 6055.46 4996.24 2136.79 1608.89 2470.95 1551.04 896.134 740.05 554.905 523.328 369.545 299.835 235.306 226.34 218.07 212.767 197.043 178.676 172.51 171.224 166.463 165.757 195.925 165.648 165.09 162.484 151.191 135.587 127.581
threshold=-8.3902082443237287 -0.46806596219539637 -20.069811820983883 -3.3164253234863277 -30.736217498779293 -9.2027449607849103 7.3818626403808603 -12.439054965972899 1.6066884994506838 -5.9919216632843009 -0.70815646648406971 -0.8289007544517516 9.8715386390686053 1.5247534513473513 -4.5858156681060782 0.38232736289501196 2.9598153829574589 0.51223787665367138 -10.427345752716063 2.6074465513229375 -2.5200747251510616 -1.5736862421035764 -12.548970699310301 -26.222321510314938 -6.007549285888671 -10.29679489135742 10.0651912689209 -5.4314844608306876 -2.4977030754089351 -5.583207130432128
decision_type=2 2 2 2 2 2 2 2 2 2 2 2 2 2 2 2 2 2 2 2 2 2 2 2 2 2 2 2 2 2
left_child=2 3 4 9 5 -1 8 25 19 15 13 14 -8 -7 17 -2 -10 -5 22 28 -13 29 -6 -24 -9 -4 -14 -22 -3 -11
right_child=1 6 7 11 18 10 12 24 16 21 -12 20 26 -15 -16 -17 -18 -19 -20 -21 27 -23 23 -25 -26 -27 -28 -29 -30 -31
leaf_value=-0.93153671264648441 -0.040308875244607197 0.0061841212117320138 -0.14536850534426937 -0.0047729435613128677 -0.12277754214074876 -0.33809766987604756 0.13492559686407343 -0.083116521774456886 0.065698964158334608 -0.048269753107484784 -0.4678712593097436 0.055947012883522877 0.17219551086425783 -0.14102998615214321 0.011181435570009996 0.10818878519535065 0.1036876812877271 -0.083013870918556401 -0.073265845552086831 0.076960360423455984 -0.072428764030337336 0.0038887383698068228 -0.29036621425462811 -0.21421156598243327 -0.043822143267354244 -0.10470610498730602 0.30413886478969032 0.025361597516774553 0.038409163106554615 -0.012569570235937848
leaf_weight=20 2229 360 785 268 36 28 143 989 2101 265 38 486 40 33 7194 25 447 115 20 267 40 1646 115 318 368 366 56 3329 3499 4498
leaf_count=20 2229 360 785 268 36 28 143 989 2101 265 38 486 40 33 7194 25 447 115 20 267 40 1646 115 318 368 366 56 3329 3499 4498
internal_value=0.000143889 0.0152928 -0.131159 0.00140647 -0.259749 -0.424627 0.0556581 -0.0999862 0.0511762 -0.0173234 -0.322221 0.0155997 0.180812 -0.231487 0.00918748 -0.0386618 0.0723634 -0.0282657 -0.219625 0.0380922 0.0282028 -0.00981878 -0.225866 -0.234437 -0.0724604 -0.132438 0.249162 0.0242005 0.0354029 -0.0145558
internal_weight=30124 27008 3116 20095 608 119 6913 2508 6674 8663 99 11432 239 61 7577 2254 2548 383 489 4126 3855 6409 469 433 1357 1151 96 3369 3859 4763
internal_count=30124 27008 3116 20095 608 119 6913 2508 6674 8663 99 11432 239 61 7577 2254 2548 383 489 4126 3855 6409 469 433 1357 1151 96 3369 3859 4763
is_linear=0
shrinkage=0.05


Tree=31
num_leaves=31
num_cat=0
split_feature=296 288 295 299 293 293 66 237 254 299 18 18 183 299 299 291 76 42 18 241 240 242 292 41 230 192 165 188 258 247
split_gain=21670.8 5728.32 4133.16 2021.12 1505.55 1269.64 2338.85 951.633 829.691 577.338 522.573 375.392 332.122 301.592 266.39 242.578 230.238 203.178 201.917 197.242 194.719 168.359 156.376 152.5 147.19 142.005 127.298 127.167 126 124.888
threshold=-9.0188856124877912 -0.58059164881706227 -21.307411193847653 -3.2610771656036373 2.8421813249588017 -31.456928253173825 -9.4834775924682599 -11.25575542449951 9.8715386390686053 -5.724510431289672 -0.70815646648406971 1.1796731948852541 -3.1152415275573726 0.63666665554046642 0.11093683540821077 -6.5203759670257559 -7.5728688240051261 -10.034337043762205 2.604627370834351 0.43644344806671148 4.8624303340911874 -20.118000030517575 10.0651912689209 1.2421942353248598 -3.5121582746505733 -5.3274478912353507 -5.0072548389434806 -1.9966830611228941 -3.9513726234436031 -4.4745941162109366
decision_type=2 2 2 2 2 2 2 2 2 2 2 2 2 2 2 2 2 2 2 2 2 2 2 2 2 2 2 2 2 2
left_child=2 3 5 9 13 6 -1 23 20 19 16 -12 18 29 24 28 -8 -7 -5 25 -6 -19 -10 -4 -14 -2 -11 -28 -9 -3
right_child=1 4 7 12 8 17 10 15 22 26 11 -13 14 -15 -16 -17 -18 21 -20 -21 -22 -23 -24 -25 -26 -27 27 -29 -30 -31
leaf_value=-0.89954650878906262 -0.054665399883175009 -0.022146831616896012 -0.13953838819406908 -0.0025209327178354361 0.075680392874221278 -0.095565599010836694 -0.076561709812709267 -0.088433724023667837 0.16041669147770579 -0.036773132677342495 -0.58309250785545863 -0.2837895080447197 -0.0058038579956778595 0.054194753941233832 0.042896030455974767 -0.0078743288032362396 -0.28488379178775686 -0.28096527340256167 -0.073823186393096069 0.10296455480158329 0.12141584191523808 -0.20455764170685506 0.28893192836216519 -0.21092703952846759 0.017083881006121942 -0.030317713102116624 -0.012467307227976473 0.0035933214461643902 0.00049275742253152336 0.032150706451872582
leaf_weight=20 881 109 758 1378 1289 31 21 1400 41 397 22 20 775 2096 950 107 36 107 107 25 284 221 56 83 7503 1870 3987 1784 41 3725
leaf_count=20 881 109 758 1378 1289 31 21 1400 41 397 22 20 775 2096 950 107 36 107 107 25 284 221 56 83 7503 1870 3987 1784 41 3725
internal_value=0.000136695 0.0138906 -0.130624 -0.000361966 0.0507541 -0.264836 -0.406373 -0.10377 0.0926895 -0.0179087 -0.306742 -0.440567 0.0142874 0.0389443 0.017819 -0.0805101 -0.208134 -0.217919 -0.00765854 -0.0368445 0.0839378 -0.229483 0.234611 -0.146584 0.0149411 -0.038115 -0.00938645 -0.00750246 -0.0859035 0.030607
internal_weight=30124 27257 2867 19657 7600 478 119 2389 1670 8944 99 42 10713 5930 9228 1548 57 359 1485 2776 1573 328 97 841 8278 2751 6168 5771 1441 3834
internal_count=30124 27257 2867 19657 7600 478 119 2389 1670 8944 99 42 10713 5930 9228 1548 57 359 1485 2776 1573 328 97 841 8278 2751 6168 5771 1441 3834
is_linear=0
shrinkage=0.05


Tree=32
num_leaves=31
num_cat=0
split_feature=291 293 299 299 287 64 252 293 252 291 23 183 151 155 299 237 299 212 242 125 188 42 277 125 287 183 146 34 97 299
split_gain=19575.1 5062.69 4092.21 2014.98 1381.44 2064.31 1216.23 751.783 570.361 482.232 473.407 344.374 255.21 205.91 203.898 192.793 186.772 179.54 169.16 160.944 155.509 199.755 147.267 133.651 133.013 131.84 122.572 120.986 119.982 118.194
threshold=-8.3902082443237287 0.11300653964281084 -20.069811820983883 -2.9741638898849483 -31.1700325012207 -9.2027449607849103 6.3488235473632821 -13.020081520080565 -4.2154903411865225 3.3387727737426762 -4.6826469898223868 -2.0210151672363277 11.261004447937013 -16.704402923583981 -0.30703179538249964 -6.9702942371368399 -7.5910785198211661 -6.321791172027587 -0.9065137207508086 -5.0481810569763175 -11.307696819305418 -10.034337043762205 10.421205520629885 1.6404575109481814 -4.8414213657379142 -8.5395946502685529 4.1698856353759775 -3.3574540615081783 -3.2685730457305904 1.6943417787551882
decision_type=2 2 2 2 2 2 2 2 2 2 2 2 2 2 2 2 2 2 2 2 2 2 2 2 2 2 2 2 2 2
left_child=2 3 4 8 5 -1 9 25 16 18 -7 17 -8 -12 -13 -9 -2 -5 -3 28 21 -6 -14 -11 26 -4 -10 -21 -19 -20
right_child=1 6 7 11 20 10 12 15 24 23 13 14 22 -15 -16 -17 -18 19 29 27 -22 -23 -24 -25 -26 -27 -28 -29 -30 -31
leaf_value=-0.85101356506347658 -0.051573028273285651 0.02461381992906626 -0.14089015588863663 -0.054255879652209398 -0.068722404133189807 -0.16129671543836596 0.13422134295612775 -0.081988292376925037 -0.020373371814062902 0.067094372549614353 -0.50524964766068903 0.019357819214494219 0.20323423497817097 -0.31208732740299122 0.039783081684710814 -0.045217385041564168 -0.023449556490428607 -0.1439711565275987 0.042182219277998728 0.044486516416072847 -0.15087233653435342 -0.22422559876823991 0.36055784679594494 0.10181591720008409 -0.00075425234636370569 -0.10346277846173729 0.10434740215539934 0.0062483532449948941 -0.0094150837812874769 0.062578030843618779
leaf_weight=20 739 913 554 123 22 40 147 987 1311 770 22 5959 51 37 1537 558 2935 30 2117 220 130 337 21 433 5112 409 20 3464 37 1069
leaf_count=20 739 913 554 123 22 40 147 987 1311 770 22 5959 51 37 1537 558 2935 30 2117 220 130 337 21 433 5112 409 20 3464 37 1069
internal_value=0.00012986 0.0138203 -0.118533 0.00284707 -0.234908 -0.387688 0.0565268 -0.0903202 -0.0133849 0.0517573 -0.294087 0.0172903 0.171996 -0.384114 0.0235459 -0.0687079 -0.0291064 0.00518595 0.0435882 0.00713512 -0.197729 -0.214696 0.24912 0.0795918 -0.00442003 -0.124994 -0.0184993 0.00853185 -0.0696641 0.0490256
internal_weight=30124 27008 3116 21487 608 119 5521 2508 10117 5302 99 11370 219 59 7496 1545 3674 3874 4099 3751 489 359 72 1203 6443 963 1331 3684 67 3186
internal_count=30124 27008 3116 21487 608 119 5521 2508 10117 5302 99 11370 219 59 7496 1545 3674 3874 4099 3751 489 359 72 1203 6443 963 1331 3684 67 3186
is_linear=0
shrinkage=0.05


Tree=33
num_leaves=31
num_cat=0
split_feature=297 299 241 294 3 299 180 293 1 33 299 246 232 258 57 183 248 174 294 293 277 297 299 284 291 182 23 95 192 299
split_gain=17682.9 5085.67 2915.87 1656.19 1611.46 1444.47 720.687 657.492 545.934 812.057 440.255 321.108 285.739 251.408 247.002 204.879 191.407 188.69 187.602 171.049 161.334 153.442 149.23 140.352 149.966 130.853 125.938 112.291 109.54 109.066
threshold=-10.210770130157469 -1.8240611553192136 -17.972254753112789 3.0134986639022832 4.3405346870422372 -4.9185395240783683 11.145771980285646 -14.775191307067869 3.3762155771255498 -10.341794967651365 0.3389184325933457 -6.0688068866729727 -2.6717647314071651 0.9658823311328889 -9.3845095634460431 -3.3805514574050899 4.5080549716949472 -5.4640882015228263 -25.985345840454098 -5.062156915664672 10.421205520629885 -3.0244443416595455 -20.069811820983883 -4.7053604125976554 1.3393387198448183 -5.7119324207305899 -4.274549961090087 0.87405234575271618 -5.4251422882080069 -8.849751949310301
decision_type=2 2 2 2 2 2 2 2 2 2 2 2 2 2 2 2 2 2 2 2 2 2 2 2 2 2 2 2 2 2
left_child=2 5 4 10 8 11 16 22 9 -1 15 29 26 28 -11 17 -5 -3 -16 25 -8 -12 -4 -14 -25 27 -7 -9 -13 -2
right_child=1 3 7 6 -6 12 20 19 -10 14 21 13 23 -15 18 -17 -18 -19 -20 -21 -22 -23 -24 24 -26 -27 -28 -29 -30 -31
leaf_value=-0.50786993162972593 -0.06922537690598117 -0.15807212114334107 -0.17254438622053281 0.06620454283438966 -0.63243745874475554 -0.050869613427382256 0.18328301111857098 -0.091252916087179295 -0.031028346477016328 -0.092315883021200862 -0.014747723967793886 -0.045155395643833363 -0.0130705234917815 0.12509368091564754 -0.28830497326522042 0.024213926766340578 0.10942813435946507 -0.0017164873893977734 -0.20083576835118808 0.05501658157868819 0.34078932262602307 0.045543726744646219 -0.12682374837279115 0.010416659576324365 0.061526664437688131 -0.059520356080173392 -0.005174915827340254 -0.16226291501273712 -0.019001811185333922 -0.039980049807841568
leaf_weight=28 484 20 258 1195 27 156 72 772 31 31 109 468 634 29 116 5924 326 548 130 22 21 3314 579 6067 147 339 4513 60 2770 934
leaf_count=28 484 20 258 1195 27 156 72 772 31 31 109 468 634 29 116 5924 326 548 130 22 21 3314 579 6067 147 339 4513 60 2770 934
internal_value=0.000123367 0.0113766 -0.130284 0.03676 -0.260804 -0.00668565 0.0837305 -0.106945 -0.230941 -0.25126 0.029114 -0.0300932 0.00283629 -0.0214692 -0.225321 0.0214635 0.0754688 -0.00722197 -0.242081 -0.0831099 0.218849 0.0436238 -0.140917 0.00933931 0.0116257 -0.0857049 -0.00670166 -0.0963738 -0.0227819 -0.0499622
internal_weight=30124 27731 2393 11529 363 16202 1614 2030 336 305 9915 4685 11517 3267 277 6492 1521 568 246 1193 93 3423 837 6848 6214 1171 4669 832 3238 1418
internal_count=30124 27731 2393 11529 363 16202 1614 2030 336 305 9915 4685 11517 3267 277 6492 1521 568 246 1193 93 3423 837 6848 6214 1171 4669 832 3238 1418
is_linear=0
shrinkage=0.05


Tree=34
num_leaves=31
num_cat=0
split_feature=237 288 290 299 294 287 73 255 296 18 293 184 299 160 33 43 247 230 189 258 295 178 3 284 82 299 243 39 151 20
split_gain=16025 4256.08 3224.45 1449.54 1130.04 969.18 1632.2 763.558 608.014 414.181 412.175 260.493 227.466 221.12 220.058 196.114 179.264 155.908 149.927 148.817 146.067 139.194 135.959 125.775 120.892 117.816 117.449 113.473 103.8 103.503
threshold=-6.9702942371368399 -0.58059164881706227 -20.624117851257321 -3.2610771656036373 3.0134986639022832 -31.1700325012207 -9.8183140754699689 -10.947945594787596 9.5815272331237811 -0.70815646648406971 -6.0613296031951895 1.4853242635726931 0.97666668891906749 -6.2184805870056143 -4.4431269168853751 -6.8430392742156974 -13.315620899200438 -3.5121582746505733 2.6400097608566289 2.3651372194290166 -8.5220680236816388 -1.8081626892089842 4.3405346870422372 -5.5154676437377921 -2.5029568672180171 -7.2759711742401114 -0.9054206609725951 -0.36633579432964319 -4.6725490093231192 -1.3204699158668516
decision_type=2 2 2 2 2 2 2 2 2 2 2 2 2 2 2 2 2 2 2 2 2 2 2 2 2 2 2 2 2 2
left_child=2 3 5 10 12 6 -1 16 18 15 25 13 26 27 -7 -8 28 29 -6 23 -9 -19 -10 -12 -23 -2 -3 -5 -4 -15
right_child=1 4 7 11 8 14 9 20 22 -11 19 -13 -14 17 -16 -17 -18 21 -20 -21 -22 24 -24 -25 -26 -27 -28 -29 -30 -31
leaf_value=-0.741062372381037 -0.047692966953677647 0.017713045422205625 -0.13031852721732901 0.010960712156644683 0.061561056436636508 -0.13715727452878598 -0.11657931621258076 -0.074635433194829695 0.16492253860624712 -0.39561519348943558 -0.022751801517653616 0.046828331347547748 0.049048827687899275 0.018055363974023252 -0.21797274968453817 -0.30610066623914811 -0.099800439743059022 0.0048528245263271576 0.095890850624290563 0.11024666921450542 -0.041057521646673124 0.039883575913610692 0.30474721817743211 -0.0060612523326630382 0.015654934866760301 -0.023679457563381419 0.03469026468415972 -0.091338511500507591 -0.18960369769069885 -0.016030264864811159
leaf_weight=22 944 1710 411 41 975 135 39 979 101 37 1433 519 1800 310 224 21 560 3059 472 26 484 570 21 5316 5321 1113 2520 80 90 791
leaf_count=22 944 1710 411 41 975 135 39 979 101 37 1433 519 1800 310 224 21 560 3059 472 26 484 570 21 5316 5321 1113 2520 80 90 791
internal_value=0.000117199 0.0122499 -0.109497 -0.000107266 0.0439974 -0.228573 -0.352234 -0.0869467 0.0817969 -0.264046 -0.0150969 0.0122759 0.034162 0.010513 -0.187583 -0.182912 -0.11924 0.0113218 0.0727592 -0.00914517 -0.063527 0.013506 0.188991 -0.00960512 0.0179992 -0.0346998 0.0278271 -0.0566751 -0.140969 -0.00643304
internal_weight=30124 27122 3002 19523 7599 478 119 2524 1569 97 8832 10691 6030 10172 359 60 1061 10051 1447 6775 1463 8950 122 6749 5891 2057 4230 121 501 1101
internal_count=30124 27122 3002 19523 7599 478 119 2524 1569 97 8832 10691 6030 10172 359 60 1061 10051 1447 6775 1463 8950 122 6749 5891 2057 4230 121 501 1101
is_linear=0
shrinkage=0.05


Tree=35
num_leaves=31
num_cat=0
split_feature=239 299 249 3 293 291 251 0 299 23 166 241 299 297 133 258 183 183 62 191 255 203 235 284 297 184 240 22 241 299
split_gain=14281 4028.1 2782.86 2429.51 1303.77 1176.59 1098.09 445.384 432.194 395.872 320.435 313.336 303.09 237.244 206.148 193.365 171.385 166.076 166.219 152.513 145.411 176.086 132.775 131.525 123.136 105.044 102.837 100.376 98.9472 97.9138
threshold=-7.5577676296234122 -1.2598674893379209 -23.717877388000485 2.530267715454102 -4.7131373882293692 -16.083749771118161 3.5720167160034184 2.6982657909393315 1.4545587897300722 -3.5715334415435787 10.038431644439699 -1.1777239441871641 -7.4502692222595206 -12.694204330444334 -11.915215969085692 2.6467189788818364 -2.9182438850402828 -3.3805514574050899 -3.9445285797119136 0.63804852962493908 -16.816511154174801 -18.993676185607907 -0.80918768048286427 -0.63658472895622242 -26.222321510314938 -3.0467842817306514 1.3083724379539492 1.9821569323539736 -9.9167742729186994 -2.9741638898849483
decision_type=2 2 2 2 2 2 2 2 2 2 2 2 2 2 2 2 2 2 2 2 2 2 2 2 2 2 2 2 2 2
left_child=2 4 3 7 12 20 8 9 17 -1 26 16 28 27 -11 -13 19 18 -3 -6 21 -4 -19 -10 -23 -14 -8 -7 -2 -18
right_child=1 6 5 -5 11 13 10 -9 23 14 -12 15 25 -15 -16 -17 29 22 -20 -21 -22 24 -24 -25 -26 -27 -28 -29 -30 -31
leaf_value=-0.47443518996238709 -0.14118702235045258 -0.13123902194201947 -0.065017099091500954 -0.75410343238285615 -0.0067953953980534514 -0.091031975852591651 0.034721783501036628 -0.037003249675035481 0.021935899416399285 -0.092174132239250917 0.18271442910899288 0.01773827635417027 -0.02553864865232322 -0.061443363121479189 -0.30105002776340206 0.11689429664611817 -0.0011789451104263404 0.018215702119786632 0.0038943084989990491 -0.061622321353595057 -0.13156538894563391 -0.23573481665717233 0.033993156231470006 0.055672578185634772 -0.16617141407206312 -0.0076652192439023957 0.091098202158664834 -0.14327533385970379 -0.044430878129618351 0.010134123290680662
leaf_weight=20 27 24 33 28 2739 560 94 24 337 21 92 2954 1888 1038 27 50 3516 2143 439 133 456 90 3530 2024 217 1456 580 110 1237 4194
leaf_count=20 27 24 33 28 2739 560 94 24 337 21 92 2954 1888 1038 27 50 3516 2143 439 133 456 90 3530 2024 217 1456 580 110 1237 4194
internal_value=0.000356749 0.011007 -0.111085 -0.346297 -0.00265791 -0.0998127 0.0378469 -0.222182 0.0326781 -0.28754 0.0951835 0.00513709 -0.0256403 -0.0764148 -0.209667 0.0193887 0.00109138 0.0256832 -0.00311044 -0.00933439 -0.150018 -0.174767 0.0280332 0.0508571 -0.186565 -0.0177564 0.0832356 -0.0996092 -0.0464977 0.00497501
internal_weight=30081 27457 2624 120 18194 2504 9263 92 8497 68 766 13586 4608 1708 48 3004 10582 6136 463 2872 796 340 5673 2361 307 3344 674 670 1264 7710
internal_count=30081 27457 2624 120 18194 2504 9263 92 8497 68 766 13586 4608 1708 48 3004 10582 6136 463 2872 796 340 5673 2361 307 3344 674 670 1264 7710
is_linear=0
shrinkage=0.05


Tree=36
num_leaves=31
num_cat=0
split_feature=239 293 249 3 299 288 252 184 0 4 59 295 50 299 232 299 255 24 260 133 238 249 209 299 87 299 35 26 264 212
split_gain=12888.6 3655.33 2511.53 2192.63 1470.05 1071.83 817.917 455.884 401.959 367.089 331.513 329.817 241.005 224.581 200.241 175.099 167.986 146.151 140.144 131.855 131.181 116.382 110.985 109.248 102.683 92.627 94.3066 90.443 88.5937 108.298
threshold=-7.5577676296234122 -0.24225491285324094 -23.717877388000485 2.530267715454102 -4.7015032768249503 -15.230794906616209 4.1098663806915292 -0.8289007544517516 2.6982657909393315 1.7337815761566164 -7.810431480407714 2.2585204839706425 7.1045882701873788 -7.4502692222595206 -2.7974509000778194 -11.951136589050291 -16.816511154174801 -0.39727121591567988 3.2755788564682011 -5.5464680194854727 -1.0370290875434873 0.0400284230709076 -0.07945097982883452 -2.3003038167953487 0.10910620167851449 4.0706396102905282 6.0849099159240732 -1.60936564207077 -5.7576928138732901 -5.5904200077056876
decision_type=2 2 2 2 2 2 2 2 2 2 2 2 2 2 2 2 2 2 2 2 2 2 2 2 2 2 2 2 2 2
left_child=2 4 3 8 13 16 11 14 9 10 -1 20 22 21 19 24 17 -4 28 -6 -3 -2 -8 -16 -7 26 -13 -14 -9 -30
right_child=1 6 5 -5 7 15 12 18 -10 -11 -12 25 27 -15 23 -17 -18 -19 -20 -21 -22 -23 -24 -25 -26 -27 -28 -29 29 -31
leaf_value=-0.049179291725158697 -0.042480171307844886 0.014518197999956709 -0.14307225136420665 -0.71639828852244791 -0.06471641926715771 -0.080400573882099632 -0.022093004130181813 0.061381005853172244 -0.035153112933039667 -0.45313555657863613 -0.31405922869841257 0.053260643637140864 0.27226681926033719 -0.016843589664837327 0.0013071997769699361 -0.054185672788908991 -0.12131716880319794 -0.21231722032601855 0.079053306756633357 -0.0053872539324424304 0.03565895006731603 0.073445439575748006 0.095698031313664028 0.013291442372914325 -0.13540662778637458 0.076201908974319776 -0.0041620097662273207 0.15166916127474805 -0.035620656806034046 0.019485342487629145
leaf_weight=21 1363 960 234 28 96 677 21 123 24 20 27 1208 22 3491 3956 825 558 113 101 3823 3114 22 419 3662 97 451 76 53 91 4405
leaf_count=21 1363 960 234 28 96 677 21 123 24 20 27 1208 22 3491 3956 825 558 113 101 3823 3114 22 419 3662 97 451 76 53 91 4405
internal_value=0.000338912 0.0104566 -0.105531 -0.328983 0.000476807 -0.0948221 0.0438063 0.00769896 -0.211073 -0.273163 -0.198174 0.0384522 0.104198 -0.0236025 0.00234344 -0.0702119 -0.138305 -0.165622 0.0207893 -0.00684058 0.0306773 -0.0406388 0.0900762 0.00706807 -0.0872941 0.0567087 0.0498618 0.187044 0.0195153 0.01837
internal_weight=30081 27457 2624 120 21133 2504 6324 16257 92 68 48 5809 515 4876 11537 1599 905 347 4720 3919 4074 1385 440 7618 774 1735 1284 75 4619 4496
internal_count=30081 27457 2624 120 21133 2504 6324 16257 92 68 48 5809 515 4876 11537 1599 905 347 4720 3919 4074 1385 440 7618 774 1735 1284 75 4619 4496
is_linear=0
shrinkage=0.05


Tree=37
num_leaves=31
num_cat=0
split_feature=296 299 249 29 257 239 250 51 184 296 183 291 236 160 236 294 180 26 288 181 252 287 24 15 30 35 133 231 38 16
split_gain=11746.5 3181.98 2349.05 2144.7 1116.71 1057.41 770.154 348.617 345.053 320.475 238.762 217.844 210.845 199.521 192.968 161.401 135.607 134.329 129.774 128.345 128.131 111.112 107.995 99.1659 98.0994 94.6289 93.8248 90.024 87.5888 86.5801
threshold=-9.0188856124877912 -0.51409405469894398 -23.717877388000485 -9.2954568862915021 -13.141078472137449 -3.5482742786407466 3.3286060094833378 -7.5406861305236808 -1.7462912201881406 9.5815272331237811 -5.8693528175353995 1.7877162694931032 3.7041667699813847 -6.079547405242919 -9.5339708328247053 -21.034245491027828 -2.409382581710815 -1.2590392231941221 0.11098040267825128 -2.766178965568542 -4.2618365287780753 -4.8946290016174308 -0.35242760181426996 1.1076517701148989 -1.3111529946327207 -4.6269962787628165 2.4279302358627324 -2.389313697814941 2.8350884914398198 2.3265266418457036
decision_type=2 2 2 2 2 2 2 2 2 2 2 2 2 2 2 2 2 2 2 2 2 2 2 2 2 2 2 2 2 2
left_child=2 5 3 -1 15 10 11 -5 21 26 -2 16 13 -10 28 22 -3 -11 24 -16 -12 -7 -4 -9 -15 -26 -8 -23 -6 -17
right_child=1 6 4 7 14 8 9 23 12 17 20 -13 -14 18 19 29 -18 -19 -20 -21 -22 27 -24 -25 25 -27 -28 -29 -30 -31
leaf_value=-0.73529237111409507 -0.045531589994338199 -0.00073435370835877418 -0.13851991441543932 -0.046272490501403807 -0.079727661851415776 -0.016845270528930156 0.057037279493426699 -0.2263785581962735 -0.064752696901559825 0.2703146447306094 -0.022366237214490811 0.047943083823239564 0.13509037188357778 0.020960428965733909 -0.058117317719893029 -0.10825000231185655 0.029843755575809674 0.13376068982733302 0.030973250985625853 -0.012224515388300132 -0.0057760307347176328 -0.0046187045987479778 -0.19870044849477375 -0.35774371862411503 -0.040780965661265184 0.0091165842636017711 0.090613260972830997 0.007688899657098726 -0.15344322614891584 -0.16702016911036532
leaf_weight=24 710 401 227 25 641 941 493 51 80 23 2426 1745 36 2155 935 534 3784 83 1051 182 2237 2919 111 20 97 4650 360 3026 43 71
leaf_count=24 710 401 227 25 641 941 493 51 80 23 2426 1745 36 2155 935 534 3784 83 1051 182 2237 2919 111 20 97 4650 360 3026 43 71
internal_value=0.000321966 0.0104575 -0.0959971 -0.312533 -0.0865276 0.000505034 0.039825 -0.206844 0.00734037 0.0813968 -0.0185202 0.033102 0.0143564 0.0138154 -0.063447 -0.130608 0.0269138 0.16339 0.0146057 -0.0506397 -0.0144073 -0.000881032 -0.158283 -0.263383 0.0121133 0.00809698 0.0712077 0.00164586 -0.0843618 -0.115147
internal_weight=30081 27217 2864 120 2744 20328 6889 96 14955 959 5373 5930 8069 8033 1801 943 4185 106 7953 1117 4663 6886 338 71 6902 4747 853 5945 684 605
internal_count=30081 27217 2864 120 2744 20328 6889 96 14955 959 5373 5930 8069 8033 1801 943 4185 106 7953 1117 4663 6886 338 71 6902 4747 853 5945 684 605
is_linear=0
shrinkage=0.05


Tree=38
num_leaves=31
num_cat=0
split_feature=296 241 282 61 257 248 299 197 284 0 213 201 299 269 35 299 236 180 293 65 114 281 51 299 292 133 179 293 299 189
split_gain=10601.2 2929.33 2135.73 2801.12 1014.99 900.416 878.569 334.08 292.673 289.355 284.534 245.296 242.81 218.135 257.052 198.289 170.291 169.738 161.08 141.919 117.591 116.103 106.745 106.532 106.453 128.605 99.0281 96.7179 94.5868 92.0433
threshold=-9.0188856124877912 -0.96266645193099964 -31.844785690307614 -9.3611159324645978 -13.141078472137449 2.4436527490615849 -3.9966099262237544 11.810581684112551 0.57472264766693126 2.6982657909393315 -21.695130348205563 -19.125882148742672 -26.239870071411129 -3.6085809469223018 -4.7836151123046866 -7.4502692222595206 -9.5339708328247053 -1.4356820583343504 4.5824999809265146 -0.079006526619195924 4.0080001354217538 7.3166129589080819 -7.5406861305236808 2.0893501043319707 -2.380464911460876 -4.8858933448791495 -6.7338128089904776 -4.2668566703796378 -17.683915138244625 4.1293201446533212
decision_type=2 2 2 2 2 2 2 2 2 2 2 2 2 2 2 2 2 2 2 2 2 2 2 2 2 2 2 2 2 2
left_child=2 6 3 -1 10 8 15 18 24 11 -4 -5 -12 26 19 -2 -6 20 -7 -15 -16 -9 -11 29 -3 -26 -8 -18 -14 -10
right_child=1 5 4 9 16 7 13 21 23 22 12 -13 28 14 17 -17 27 -19 -20 -21 -22 -23 -24 -25 25 -27 -28 -29 -30 -31
leaf_value=-0.83783721923828125 -0.03661000133121451 0.0041373834498195832 0.049583911895751953 -0.38305171086237982 -0.07981529458701786 0.049585199132095054 -0.11125585138797761 0.12362496376037597 0.031149306592668298 -0.019476115703582764 -0.19609448539799657 -0.15013928532600404 -0.13244383676535243 0.043419668567996172 0.0050580904038797538 -0.012884906521674606 -0.050094315713592408 0.018236984696103419 0.084877705818316981 -0.064751426717321883 -0.089689342542128125 0.24524744473970853 -0.16505059705061073 0.053983725344210753 -0.084510022082499095 0.023074569406982434 -0.0047755132299357184 0.060856801550835372 -0.097339819144634979 0.11069252942059492
leaf_weight=20 1063 1058 23 26 682 958 22 80 2131 20 116 20 491 37 4279 5135 1097 4471 488 168 33 26 34 787 28 3499 2917 20 315 37
leaf_count=20 1063 1058 23 26 682 958 22 80 2131 20 116 20 491 37 4279 5135 1097 4471 488 168 33 26 34 787 28 3499 2917 20 315 37
internal_value=0.000305868 0.00993459 -0.0911973 -0.297668 -0.082168 0.0330948 -0.00168323 0.0677767 0.0259561 -0.189634 -0.124125 -0.281785 -0.128459 0.00625236 0.010119 -0.0169539 -0.060128 0.0114108 0.0614958 -0.0452279 0.00433298 0.153457 -0.111134 0.0382267 0.0180478 0.0222205 -0.00557258 -0.0481077 -0.118725 0.0325068
internal_weight=30081 27217 2864 120 2744 9092 18125 1552 7540 100 945 46 922 11927 8988 6198 1799 8783 1446 205 4312 106 54 2955 4585 3527 2939 1117 806 2168
internal_count=30081 27217 2864 120 2744 9092 18125 1552 7540 100 945 46 922 11927 8988 6198 1799 8783 1446 205 4312 106 54 2955 4585 3527 2939 1117 806 2168
is_linear=0
shrinkage=0.05


Tree=39
num_leaves=31
num_cat=0
split_feature=296 295 282 78 299 243 299 234 213 51 299 256 170 183 297 109 174 296 280 189 26 41 35 65 250 291 74 299 189 247
split_gain=9567.63 2647.71 1927.49 2987.28 933.5 897.806 648.414 283.207 276.255 274.24 267.542 225.173 213.801 207.485 179.343 156.292 125.571 124.147 120.137 124.976 118.256 117.693 113.827 151.34 114.871 112.787 112.778 110.598 95.7976 95.8321
threshold=-9.0188856124877912 -0.22245634347200391 -31.844785690307614 -10.489745140075682 -3.4016736745834346 -13.82928943634033 6.2899019718170175 -3.8472449779510494 -21.695130348205563 -7.5406861305236808 1.6943417787551882 -10.317558765411375 -0.7710067331790923 -18.803227424621578 -26.222321510314938 5.5342531204223642 4.4250195026397714 9.5815272331237811 -1.8211273550987241 4.1293201446533212 -1.2590392231941221 -1.5949420332908628 -4.6269962787628165 0.18389540165662768 -2.4281862974166866 -5.5881409645080558 -1.968385577201843 -7.5910785198211661 -0.77241179347038258 3.606960773468018
decision_type=2 2 2 2 2 2 2 2 2 2 2 2 2 2 2 2 2 2 2 2 2 2 2 2 2 2 2 2 2 2
left_child=2 4 3 -1 7 8 10 27 -4 -5 18 -7 15 -11 -10 22 -9 -8 -3 -20 -19 26 23 -6 -24 -13 -14 -2 -23 -30
right_child=1 6 5 9 12 11 17 16 14 13 -12 25 21 -15 -16 -17 -18 20 19 -21 -22 28 24 -25 -26 -27 -28 -29 29 -31
leaf_value=-0.80930938720703127 -0.039112201621946029 0.0083364659225830771 0.049020801890980119 -0.025396763361417329 0.017044052949973517 -0.080050590886426853 0.085119518480802847 -0.0046163494490276992 -0.18864335507418203 -0.34280607050115414 0.04832009279459986 -0.049289593201012637 0.051894614361880122 -0.15854513263702394 -0.11994988646738894 -0.12288033813238144 0.11790912577084132 0.24846082006891571 0.029046023019220907 0.099620585935190326 0.12173033522654185 0.0069364164226710231 -0.0013577641438082067 -0.062125122200855067 0.011323194692656833 0.035163977342407879 0.014824641078470861 -0.017894238743412012 0.0214072648397448 0.11464661274637496
leaf_weight=22 784 759 22 26 105 866 228 4942 113 22 2091 1105 456 50 597 24 21 24 3159 64 79 2009 3062 142 4285 41 373 2835 1747 28
leaf_count=22 784 759 22 26 105 866 228 4942 113 22 2091 1105 456 50 597 24 21 24 3159 64 79 2009 3062 142 4285 41 373 2835 1747 28
internal_value=0.000290575 0.00943786 -0.0866374 -0.282784 0.00078732 -0.0780596 0.0375521 -0.0118541 -0.125476 -0.164585 0.0338378 -0.0608087 0.00965731 -0.214847 -0.130883 0.00451315 -0.00409791 0.105701 0.0262329 0.0304474 0.15126 0.0181525 0.00491576 -0.0284702 0.00603817 -0.0462681 0.0352154 -0.0224908 0.0144143 0.0228781
internal_weight=30081 27217 2864 120 20813 2744 6404 8582 732 98 6073 2012 12231 72 710 7618 4963 331 3982 3223 103 4613 7594 247 7347 1146 829 3619 3784 1775
internal_count=30081 27217 2864 120 20813 2744 6404 8582 732 98 6073 2012 12231 72 710 7618 4963 331 3982 3223 103 4613 7594 247 7347 1146 829 3619 3784 1775
is_linear=0
shrinkage=0.05


Tree=40
num_leaves=31
num_cat=0
split_feature=237 288 182 3 239 288 9 245 292 4 51 296 183 241 296 197 27 35 183 29 184 44 133 82 295 117 288 191 105 84
split_gain=9269.85 2511.32 2411.23 5022.6 846.049 826.453 799.673 704.88 319.903 286.132 274.534 258.504 252.002 194.527 179.224 156.215 154.775 151.18 139.806 134.576 131.609 113.779 112.396 103.907 95.8261 89.1843 86.9448 82.9025 82.7388 80.4376
threshold=-7.3526959419250479 -0.58059164881706227 -17.811244964599606 2.530267715454102 -3.2258824110031123 -15.230794906616209 -4.5815114974975577 5.5006370544433603 2.377254962921143 1.6705881953239443 -7.5406861305236808 -5.2784552574157706 -2.0210151672363277 -17.972254753112789 9.5815272331237811 11.810581684112551 2.4513864517211919 -4.6269962787628165 -0.43282616138458246 -7.7701678276062003 -6.1907844543457022 -0.86555558443069447 2.7303049564361577 -2.5029568672180171 -3.1634173393249507 -2.638676524162292 -22.429322242736813 0.30368629097938543 -5.3608331680297843 -5.4944190979003897
decision_type=2 2 2 2 2 2 2 2 2 2 2 2 2 2 2 2 2 2 2 2 2 2 2 2 2 2 2 2 2 2
left_child=2 4 3 6 11 13 -1 8 18 10 -8 -2 17 19 -9 23 20 21 -3 -4 -7 -6 -10 -14 -25 -22 28 29 -21 -26
right_child=1 7 5 -5 12 16 9 14 22 -11 -12 -13 15 -15 -16 -17 -18 -19 -20 26 25 -23 -24 24 27 -27 -28 -29 -30 -31
leaf_value=0.14338988900184632 -0.027256793441829033 0.016674237990563744 -0.029442110061645512 -0.92038248135493361 0.012955228319495089 -0.062061941133433086 -0.038200480849654592 0.083092609817433258 0.043061688623555083 -0.37407819747924809 -0.2562822380373555 -0.0068559728706168435 0.028200667021954035 -0.10135989553254583 0.16692161140861095 0.1231249038130045 -0.095862191319465648 0.00067165731742849471 0.032666124619109907 -0.17099266367001553 -0.044018456892560898 -0.062037412347819877 0.07625779064936436 -0.0017418819344801645 0.083093610013786123 6.8379133384420266e-05 -0.12249818887466041 0.028217584552062525 -0.27283353251405063 0.010042263286635029
leaf_weight=20 2613 2812 20 26 72 924 27 213 1505 20 31 3827 917 690 91 32 215 5387 2659 118 399 170 307 1333 38 161 78 788 24 4514
leaf_count=20 2613 2812 20 26 72 924 27 213 1505 20 31 3827 917 690 91 32 215 5387 2659 118 399 170 307 1333 38 161 78 788 24 4514
internal_value=0.000325212 0.00915028 -0.0871177 -0.30258 -0.000266787 -0.0769552 -0.138673 0.033591 0.0304773 -0.210996 -0.154761 -0.0151335 0.00695846 -0.114846 0.108186 0.012884 -0.0562142 -0.00106509 0.0244466 -0.15362 -0.0504701 -0.0397256 0.048686 0.0124192 0.0102505 -0.0313435 -0.164909 0.0132442 -0.188205 0.0106521
internal_weight=30031 27278 2753 124 19691 2629 98 7587 7283 78 58 6440 13251 930 304 7622 1699 5629 5471 240 1484 242 1812 7590 6673 560 220 5340 142 4552
internal_count=30031 27278 2753 124 19691 2629 98 7587 7283 78 58 6440 13251 930 304 7622 1699 5629 5471 240 1484 242 1812 7590 6673 560 220 5340 142 4552
is_linear=0
shrinkage=0.05


Tree=41
num_leaves=31
num_cat=0
split_feature=291 249 3 291 257 240 239 9 295 1 6 288 211 242 18 289 184 133 87 25 122 268 24 39 243 287 183 128 296 298
split_gain=8373.41 2338.79 3891.72 2184.93 900.706 677.592 600.109 554.363 373.241 329.312 388.652 209.902 200.405 167.699 163.499 160.173 157.218 144.788 137.949 134.692 120.005 118.75 115.939 105.078 104.26 100.984 90.2594 84.024 83.0696 93.2247
threshold=-8.3902082443237287 -23.717877388000485 2.530267715454102 -0.92821133136749256 -13.141078472137449 6.5854749679565439 -3.171286821365356 -4.3978235721588126 2.1506212949752812 0.70495095849037182 -0.49399237334728235 -4.8235688209533683 -3.8087513446807857 -3.4281901121139522 1.1796731948852541 -20.397480964660641 -0.92136099934577931 -6.0341823101043692 -0.17915031313896176 -1.6295618414878843 -0.46633988618850702 9.4867973327636737 -1.8826086521148679 2.4687989950180058 -0.30225172638893122 -4.4904015064239493 -8.5395946502685529 2.7081024646759038 -3.5565031766891475 -1.0000000180025095e-35
decision_type=2 2 2 2 2 2 2 2 2 2 2 2 2 2 2 2 2 2 2 2 2 2 2 2 2 2 2 2 2 2
left_child=1 2 7 6 15 8 11 -1 17 10 -9 26 14 18 -8 19 28 -5 -6 -3 -10 -7 -18 -13 25 -19 -2 -27 29 -14
right_child=3 4 -4 5 13 21 12 9 20 -11 -12 23 16 -15 -16 -17 22 24 -20 -21 -22 -23 -24 -25 -26 27 -28 -29 -30 -31
leaf_value=0.087492711842060089 -0.077766810691294583 -0.10813468432142621 -0.80775122131620136 -0.074163578718136516 -0.04832634690034876 0.091484812817542394 -0.0030672178861389432 -0.14958450109032648 0.022080440171227702 -0.095500244239443227 -0.45756095666904006 -0.0021919980855958782 -0.0039438610274947477 0.0060263575424277594 -0.046078558850746888 -0.093386890374224735 0.036588455797874765 -0.048912975242187795 -0.088157122376002373 -0.1712415535173385 0.052358819780770893 0.1697261219293299 0.013169705997883648 -0.040541710724275586 0.029009639873872724 0.015647720606972653 -0.021089162209730908 0.064719797902637058 0.0075437962638900836 -0.10533775410149247
leaf_weight=21 72 189 28 39 1666 153 1471 21 407 38 20 3252 1579 126 260 592 657 59 250 153 1670 71 2702 189 3037 2836 2880 90 5480 23
leaf_count=21 72 189 28 39 1666 153 1471 21 407 38 20 3252 1579 126 260 592 657 59 250 153 1670 71 2702 189 3037 2836 2880 90 5480 23
internal_value=0.000308952 -0.0774534 -0.286728 0.00927298 -0.0684523 0.030495 -0.000285808 -0.140842 0.0281337 -0.201538 -0.299817 -0.0126899 0.00622911 -0.049849 -0.00952762 -0.109125 0.0088414 0.0218653 -0.0535235 -0.136367 0.0464256 0.116285 0.0177503 -0.00429839 0.0224872 0.0158512 -0.0224715 0.0171571 0.00461591 -0.00539958
internal_weight=30031 3104 128 26927 2976 8362 18565 100 8138 79 41 6393 12172 2042 1731 934 10441 6061 1916 342 2077 224 3359 3441 6022 2985 2952 2926 7082 1602
internal_count=30031 3104 128 26927 2976 8362 18565 100 8138 79 41 6393 12172 2042 1731 934 10441 6061 1916 342 2077 224 3359 3441 6022 2985 2952 2926 7082 1602
is_linear=0
shrinkage=0.05


Tree=42
num_leaves=31
num_cat=0
split_feature=292 288 249 40 257 293 61 296 245 249 57 252 15 160 3 174 296 36 100 133 25 45 284 227 7 131 243 68 170 237
split_gain=7602.85 2045.82 2037.14 4061.45 701.413 698.392 668.836 587.12 259.673 255.805 190.624 184.598 183.61 163.332 154.627 152.641 151.582 121.203 113.472 125.499 106.7 105.765 100.214 97.3627 93.9623 90.9091 95.1032 90.7235 88.3942 84.3183
threshold=-8.9535455703735334 -0.58059164881706227 -23.717877388000485 -10.172284603118895 -13.141078472137449 -3.5369020700454707 -9.3611159324645978 4.3358061313629159 6.6076700687408456 -4.782261610031127 -0.74068012833595265 0.50117912888526928 0.83274507522583019 -5.4314844608306876 1.4241699576377871 4.9334754943847665 -18.697613716125485 1.4425069093704226 -2.1612604856491084 -4.6696269512176505 -1.6502884626388548 -1.2178255319595335 10.966274261474611 -6.9316687583923331 1.8852009773254397 1.9155294299125674 -2.0561324357986446 -2.2684434652328487 0.76681947708129894 -7.135058879852294
decision_type=2 2 2 2 2 2 2 2 2 2 2 2 2 2 2 2 2 2 2 2 2 2 2 2 2 2 2 2 2 2
left_child=2 5 3 -1 16 9 -5 11 -9 29 13 -3 14 21 -8 18 20 -6 28 -20 -4 -7 -10 -15 -24 -13 -27 -25 -12 -2
right_child=1 7 4 6 17 10 12 8 22 -11 15 25 -14 23 -16 -17 -18 -19 19 -21 -22 -23 24 27 -26 26 -28 -29 -30 -31
leaf_value=-0.80465523856026788 -0.045523524729748882 0.018858678427613119 -0.098135736172322102 0.12744562058221728 -0.04443472850856453 0.027962295948104426 -0.20361207593709996 0.055642305286273078 0.10189208359014792 -0.005541694269908512 0.02074081817232637 0.031017083701211725 -0.32095007255673408 0.095098348361040863 -0.032613679170608527 0.10689827806727832 -0.080135662838779306 -0.080795795140718982 -0.064481077408581444 0.01009775502336732 -0.14288448616862298 -0.058515155058768066 0.11140009403228759 -0.013026326713542062 0.25958435639091165 0.15352801314514619 0.049652262030612855 0.0047623745791562705 0.059491046208735798 -0.020903823945158419
leaf_weight=28 418 4143 262 21 1516 44 39 738 122 5193 1056 1993 20 28 20 43 399 270 57 5440 271 180 20 872 23 23 525 4026 171 2070
leaf_count=28 418 4143 262 21 1516 44 39 738 122 5193 1056 1993 20 28 20 43 399 270 57 5440 271 180 20 872 23 23 525 4026 171 2070
internal_value=0.000293504 0.00843354 -0.0774601 -0.272392 -0.0682801 -0.000100764 -0.123358 0.0304785 0.0683204 -0.0118575 0.00747697 0.0253661 -0.190027 0.000228103 -0.145647 0.0129937 -0.103441 -0.0499316 0.0123932 0.00932443 -0.120888 -0.0415285 0.125026 0.0021269 0.190661 0.0359762 0.054012 0.00159542 0.0261412 -0.0250401
internal_weight=30031 27185 2846 128 2718 19598 100 7587 903 7681 11917 6684 79 5150 59 6767 932 1786 6724 5497 533 224 165 4926 43 2541 548 4898 1227 2488
internal_count=30031 27185 2846 128 2718 19598 100 7587 903 7681 11917 6684 79 5150 59 6767 932 1786 6724 5497 533 224 165 4926 43 2541 548 4898 1227 2488
is_linear=0
shrinkage=0.05


Tree=43
num_leaves=31
num_cat=0
split_feature=292 291 182 3 240 9 289 235 122 2 3 251 183 187 277 23 183 173 212 123 247 287 298 97 182 28 224 287 286 144
split_gain=6897.14 2140.2 1546.45 4041.19 861.295 634.052 576.814 335.142 322.213 278.734 346.875 208.365 196.877 191.513 147.584 138.27 136.316 118.366 115.136 126.789 113.15 110.982 97.1846 89.7171 84.8399 84.7275 113.318 82.5095 80.7168 78.8215
threshold=-11.521589279174803 -1.1160784363746641 -17.811244964599606 2.530267715454102 -4.0507843494415274 -4.5815114974975577 3.5881023406982426 -14.246470451354979 4.6943137645721444 1.1505042314529421 -1.0000000180025095e-35 -2.2259759902954097 -5.8693528175353995 1.0541176199913027 10.421205520629885 -4.6826469898223868 4.7734313011169442 0.78851172327995311 -5.0057842731475821 -0.78225648403167714 -5.53100562095642 -25.153039932250973 0.16215688735246661 -2.2435294389724727 -6.4605145454406729 5.7177453041076669 5.7900097370147714 -4.2611587047576895 -10.265495777130125 -2.7572128772735591
decision_type=2 2 2 2 2 2 2 2 2 2 2 2 2 2 2 2 2 2 2 2 2 2 2 2 2 2 2 2 2 2
left_child=2 4 3 5 12 -1 13 15 25 10 -7 17 -2 20 -10 -4 18 22 19 -13 -3 -17 -6 -23 28 26 -8 -22 -14 -20
right_child=1 6 7 -5 11 9 8 -9 14 -11 -12 16 24 -15 -16 21 -18 -19 29 -21 27 23 -24 -25 -26 -27 -28 -29 -30 -31
leaf_value=0.13559239935129883 -0.03906000052984876 -0.055836791994999038 -0.052313988707786391 -0.81675812968840966 -0.0026505648881284885 -0.1431707274913788 0.045688629150390625 -0.064724148678539387 0.10178344610965613 -0.053662536346486635 -0.41199325699359179 0.022706385001991736 -0.11458117575258822 0.035139661215840376 0.22816502707345143 -0.16748332135817584 0.078380321131812203 0.028712445281324096 0.024299339813186493 -0.048096276541905743 -0.026138821517925639 -0.10006666981900661 -0.045620124313785738 -0.1716803983449936 -0.013727656303648115 0.010629736391225256 0.090985542644153941 0.018392499364779182 -0.031901240205928071 0.0082656918721559971
leaf_weight=20 1142 53 86 26 7310 30 846 1191 132 28 20 99 37 1917 28 102 72 298 898 175 106 349 134 50 3637 133 165 5566 146 5235
leaf_count=20 1142 53 86 26 7310 30 846 1191 132 28 20 99 37 1917 28 102 72 298 898 175 106 349 134 50 3637 133 165 5566 146 5235
internal_value=0.000278829 0.00650969 -0.0918704 -0.262592 -0.00290869 -0.115568 0.0267056 -0.079964 0.0574409 -0.179968 -0.2507 0.00334954 -0.0208446 0.021461 0.1239 -0.110885 0.00996545 -0.00218709 0.00919663 -0.0225143 0.0168808 -0.120939 -0.00342406 -0.109041 -0.0153991 0.0481459 0.0530813 0.0175603 -0.0486179 0.0106134
internal_weight=30031 28129 1902 124 19183 98 8946 1778 1304 78 50 14221 4962 7642 160 587 6479 7742 6407 274 5725 501 7444 399 3820 1144 1011 5672 183 6133
internal_count=30031 28129 1902 124 19183 98 8946 1778 1304 78 50 14221 4962 7642 160 587 6479 7742 6407 274 5725 501 7444 399 3820 1144 1011 5672 183 6133
is_linear=0
shrinkage=0.05


Tree=44
num_leaves=31
num_cat=0
split_feature=293 287 25 296 23 296 299 245 35 89 175 248 289 296 89 184 42 125 99 160 0 288 200 174 92 242 298 295 294 125
split_gain=6229.32 1821.26 1885.87 1590.86 805.451 766.2 592.353 457.826 375.279 221.677 207.687 184.75 165.785 128.103 116.518 125.938 114.402 113.437 117.922 129.038 115.118 109.372 109.044 98.0676 94.2636 91.5134 91.2761 95.4811 87.5704 82.7972
threshold=-7.8198792934417716 -31.1700325012207 -7.9597153663635245 -0.043529422953724854 -5.3147795200347892 -13.793393135070799 -2.7208060026168819 5.5006370544433603 -7.0597984790801993 -7.9291446208953849 0.032286249101161964 -5.1218380928039542 -20.397480964660641 9.5815272331237811 -0.66239258646965016 -4.9897058010101309 -6.259150266647338 -5.0481810569763175 -4.8011052608489981 -4.9427449703216544 -1.0000000180025095e-35 3.3100419044494633 -7.2930324077606192 4.9334754943847665 6.3864688873291025 -0.8762032389640807 0.053636357188224799 -2.7052993774414058 1.1461930871009829 -1.3868680000305174
decision_type=2 2 2 2 2 2 2 2 2 2 2 2 2 2 2 2 2 2 2 2 2 2 2 2 2 2 2 2 2 2
left_child=1 2 -1 6 -4 12 11 10 -6 -10 -5 -2 16 -9 15 -14 -3 20 -19 -20 -8 -12 -17 28 -23 26 -21 -28 -13 -7
right_child=3 5 4 7 8 29 17 13 9 -11 21 23 14 -15 -16 22 -18 18 19 25 -22 24 -24 -25 -26 -27 27 -29 -30 -31
leaf_value=-0.6116529192243304 -0.020478635104338182 -0.07321941343128173 0.11260179229404615 0.015901616950920891 -0.36642232598929575 -0.040631212807477925 0.0065464667171578521 0.069191376368204757 -0.011696571670472623 -0.23502902272343637 0.029882148081165228 -0.003767123701727956 -0.071679206367210563 0.13886006114247082 -0.11425412987878958 0.10135169446468353 -0.13308538155726704 0.053082465225583825 -0.027539872392703037 0.0095563807583430461 -0.11311581664894883 0.055345118252289487 -0.053940237557085657 0.099926273233216747 0.0078851249037670493 0.018147821714210869 -0.05771901115160627 -0.0018270101708670458 0.074373285555177263 -0.011605218576488795
leaf_weight=28 1867 117 23 2214 29 1743 44 240 20 25 2449 8883 742 91 154 20 251 166 217 5554 37 866 26 23 119 3304 97 360 36 286
leaf_count=28 1867 117 23 2214 29 1743 44 240 20 25 2449 8883 742 91 154 20 251 166 217 5554 37 866 26 23 119 3304 97 360 36 286
internal_value=0.000264888 -0.0628 -0.250179 0.00848775 -0.145836 -0.0557852 0.00189417 0.031192 -0.226161 -0.13577 0.0278426 -0.00617275 -0.0855936 0.088345 -0.0744761 -0.0667023 -0.114052 0.0108108 0.0113029 0.0105753 -0.0481141 0.0355412 0.013578 -0.00318582 0.0496114 0.0114632 0.007789 -0.0136903 -0.00345172 -0.0365398
internal_weight=30031 3464 125 26567 97 3339 20588 5979 74 45 5648 10809 1310 331 942 788 368 9779 9698 9532 81 3434 46 8942 985 9315 6011 457 8919 2029
internal_count=30031 3464 125 26567 97 3339 20588 5979 74 45 5648 10809 1310 331 942 788 368 9779 9698 9532 81 3434 46 8942 985 9315 6011 457 8919 2029
is_linear=0
shrinkage=0.05


Tree=45
num_leaves=31
num_cat=0
split_feature=240 187 3 299 290 248 9 288 296 1 84 184 296 190 29 252 291 88 157 224 8 291 264 239 159 183 3 296 38 251
split_gain=5461.73 1590.41 4285.47 1518.84 606.323 604.335 427.764 338.23 261.784 260.3 180.083 160.761 145.666 144.028 134.689 120.221 114.54 106.508 107.856 104.899 99.8026 97.7743 93.7078 92.4621 89.9557 87.3271 83.9335 78.1561 77.924 75.3694
threshold=-7.0856158733367911 -18.193299293518063 2.530267715454102 -1.9842323064804075 -17.047976493835446 2.1515219211578374 -4.2283353805541983 -4.6600217819213858 9.5815272331237811 0.48549738526344305 -9.3223772048950178 0.63396108150482189 -11.783878326416014 -5.7266414165496817 -7.7701678276062003 -18.143450736999508 -2.6885540485382076 -1.8507167696952818 -2.2995079755783077 -0.64657950401306141 -0.047272743657231324 4.2708375453948983 -6.324526071548461 0.20546054840087893 -5.1035947799682608 -3.3805514574050899 4.3405346870422372 -5.9050536155700675 -1.6000435948371885 -2.964686274528503
decision_type=2 2 2 2 2 2 2 2 2 2 2 2 2 2 2 2 2 2 2 2 2 2 2 2 2 2 2 2 2 2
left_child=1 2 6 7 14 11 -1 23 19 -8 -11 13 17 20 -3 -16 29 18 24 -7 -5 -18 -15 27 -6 -24 -10 -2 -25 -9
right_child=3 4 -4 5 12 8 9 16 26 10 -12 -13 -14 22 15 -17 21 -19 -20 -21 -22 -23 25 28 -26 -27 -28 -29 -30 -31
leaf_value=0.09527107196904365 -0.023916126942801649 -0.023787131551968849 -0.89058368546622146 0.0053181714481777623 -0.044231002550427022 0.00063637232193522323 -0.25799715605874857 -0.0087150611074475991 0.099906925402189567 0.024446350877935237 -0.17786000936546109 0.027087232840105686 -0.031216247027258739 0.058551234963375165 -0.13365227166774138 -0.08793488939603171 0.006899975538171458 -0.085725626528926707 0.058797134475215618 0.046003662656135057 -0.12521174554713072 0.10808712169528008 -0.0045779454056839751 0.099066068686079242 -0.096502743865314281 0.013943356567708655 0.21036440531412759 -0.010294188661250356 -0.0039789276154235352 0.0025275046630062622
leaf_weight=21 1814 59 21 27 616 139 36 2985 95 22 22 2411 1173 111 212 447 4525 247 23 1529 32 24 699 32 95 7109 21 2510 43 2978
leaf_count=21 1814 59 21 27 616 139 36 2985 95 22 22 2411 1173 111 212 447 4525 247 23 1529 32 24 699 32 95 7109 21 2510 43 2978
internal_value=0.000201058 -0.0638817 -0.240693 0.00728508 -0.0563709 0.0203897 -0.105567 -0.00341321 0.047274 -0.158287 -0.0767068 0.0157731 -0.0431071 0.0123539 -0.0961624 -0.102642 0.00145823 -0.0573251 -0.047768 0.0422231 -0.0654777 0.00743383 0.0129338 -0.0150542 -0.0512153 0.0122853 0.119904 -0.0160089 0.0399869 -0.00310038
internal_weight=30078 2994 122 27084 2872 12173 101 14911 1784 80 44 10389 2154 7978 718 659 10512 981 734 1668 59 4549 7919 4399 711 7808 116 4324 75 5963
internal_count=30078 2994 122 27084 2872 12173 101 14911 1784 80 44 10389 2154 7978 718 659 10512 981 734 1668 59 4549 7919 4399 711 7808 116 4324 75 5963
is_linear=0
shrinkage=0.05


Tree=46
num_leaves=31
num_cat=0
split_feature=240 282 121 288 288 299 299 34 213 124 252 183 122 278 57 121 28 260 220 215 133 21 170 168 213 119 190 212 1 1
split_gain=4929.21 1478.62 2787.89 1376.19 512.005 461.562 433.53 315.814 227.464 196.805 176.563 174.082 152.01 148.521 134.294 122.592 111.524 106.388 100.818 129.537 98.0372 96.1841 97.9049 96.1818 105.5 85.7267 83.1752 103.38 76.4233 71.8483
threshold=-7.0856158733367911 -31.844785690307614 -13.598384857177733 -0.83084973692893971 -15.230794906616209 -3.621155738830566 4.7116589546203622 -10.012892246246336 -21.695130348205563 -9.14324903488159 -18.143450736999508 -0.17348039895296094 5.7234704494476327 10.366392135620119 -0.70277395844459523 -2.7645784616470332 2.9734312295913701 -0.89039742946624745 -4.5100979804992667 -3.0539215803146358 -5.0057513713836661 -0.90980389714241017 0.26104345917701727 -5.9858555793762198 -4.1650488376617423 1.96427458524704 -4.9614119529724112 -1.2262309193611143 3.6270086765289311 -0.68768554925918568
decision_type=2 2 2 2 2 2 2 2 2 2 2 2 2 2 2 2 2 2 2 2 2 2 2 2 2 2 2 2 2 2
left_child=1 2 -1 5 8 15 11 28 -3 -9 -10 20 17 -14 18 -2 23 -8 19 -7 -5 22 -16 24 -6 -13 27 -23 -4 -27
right_child=3 4 7 6 16 14 12 9 10 -11 -12 25 13 -15 21 -17 -18 -19 -20 -21 -22 26 -24 -25 -26 29 -28 -29 -30 -31
leaf_value=-0.67971835666232649 -0.019097149560472905 0.059307225545247401 -0.077301913216000509 -0.045704777155449433 -0.042896291894952678 0.0036351517241432832 -0.049459915701299907 -0.31176820717751985 -0.12477368826667468 -0.10788930721324066 -0.074832719529064187 0.024634125542698108 0.083355142759240206 0.21672643025716148 0.01395862197302921 -0.0055946246298943236 -0.077296294210947053 0.056093867495127861 0.0020860198469877548 -0.048373494470902417 0.014408513598079521 0.0043294174756322587 0.040557309012446141 -0.022682686493122321 -0.13529174621216952 0.014625875505814215 0.0070668190809208891 -0.1272935316253167 0.053307356437047329 0.052450093899029028
leaf_weight=27 2563 27 21 69 895 243 25 20 240 29 674 2856 92 27 1737 4885 171 529 4718 236 3983 35 432 834 32 162 3908 26 24 558
leaf_count=27 2563 27 21 69 895 243 25 20 240 29 674 2856 92 27 1737 4885 171 529 4718 236 3983 35 432 834 32 162 3908 26 24 558
internal_value=0.000191005 -0.0606876 -0.231905 0.00692083 -0.0534766 -0.000571836 0.0238748 -0.103278 -0.0837212 -0.191105 -0.0879463 0.0204807 0.0623439 0.113616 0.00578165 -0.0102411 -0.0387456 0.0513306 -0.000132954 -0.0219891 0.0133849 0.0107895 0.0192563 -0.0350022 -0.0460858 0.0285211 0.00616252 -0.0517722 -0.00764364 0.0439396
internal_weight=30078 2994 121 27084 2873 18783 8301 94 941 49 914 7628 673 119 11335 7448 1932 554 5197 479 4052 6138 2169 1761 927 3576 3969 61 45 720
internal_count=30078 2994 121 27084 2873 18783 8301 94 941 49 914 7628 673 119 11335 7448 1932 554 5197 479 4052 6138 2169 1761 927 3576 3969 61 45 720
is_linear=0
shrinkage=0.05


Tree=47
num_leaves=31
num_cat=0
split_feature=240 282 57 299 290 293 299 213 249 62 55 299 236 160 28 125 143 298 299 226 292 44 294 69 295 287 261 263 226 272
split_gain=4448.61 1334.46 2531.21 1258.85 498.714 403.307 364.726 230.595 188.05 182.028 223.477 162.03 157.779 145.802 128.321 127.08 105.986 103.138 124.974 102.738 99.8893 99.3166 88.9073 88.8196 84.7869 84.6128 77.2808 76.0038 78.2291 75.6937
threshold=-7.0856158733367911 -31.844785690307614 -9.3845095634460431 -0.91893917322158802 -17.047976493835446 -3.4454412460327144 7.3818626403808603 -21.695130348205563 2.0393333435058598 -2.7029949426650997 -2.4384051561355586 -5.724510431289672 4.0095207691192636 -4.9427449703216544 3.5211490392684941 -5.4199039936065665 -4.894357204437255 -1.0621569156646726 -2.0618259906768794 9.7402868270874041 -23.085033416748043 -0.80118757486343373 1.8674509525299074 -1.0659700632095335 -2.4457702636718746 -8.3618297576904279 0.099169965833425536 -6.9812037944793692 -7.3343398571014395 2.407696127891541
decision_type=2 2 2 2 2 2 2 2 2 2 2 2 2 2 2 2 2 2 2 2 2 2 2 2 2 2 2 2 2 2
left_child=1 2 -1 5 7 11 8 -3 15 -4 -11 -2 13 21 25 -5 -17 18 22 -8 -9 -7 27 -19 29 -6 -24 -15 -29 -18
right_child=3 4 9 6 14 12 19 20 -10 10 -12 -13 -14 17 -16 16 24 23 -20 -21 -22 -23 26 -25 -26 -27 -28 28 -30 -31
leaf_value=-0.71934596470424106 -0.019585759587112159 0.056341863561559603 -0.20353767356357061 -0.083502604499939959 -0.041435116221435454 0.012194571575644065 0.061539110171249495 -0.11959150915062584 0.036909779695588091 0.038151482955135152 -0.15078605560257155 -0.0042050167868863666 0.1461127243936062 -0.059285575837055418 -0.084752039926152836 0.07039046165190245 -0.0066201096217087477 -0.023635181161150275 0.017176670535128603 0.13235146658761163 -0.0791619008662654 -0.049297576934454884 0.12381728204159902 0.0029285723434500279 0.018922069176425631 -0.017668018200747686 -0.0039411924779415132 0.09657729088288286 0.0041975974059327232 0.09266951106488705
leaf_weight=21 2469 27 37 31 1519 98 153 229 1556 29 34 5587 20 47 142 95 477 478 2830 77 459 199 29 921 5613 497 20 23 6341 20
leaf_count=21 2469 27 37 31 1519 98 153 229 1556 29 34 5587 20 47 142 95 477 478 2830 77 459 199 29 921 5613 497 20 23 6341 20
internal_value=0.000181455 -0.0576532 -0.22031 0.00657479 -0.0508027 -0.000418125 0.0231915 -0.0869938 0.0213598 -0.115512 -0.0638148 -0.0089189 0.00580414 0.00554871 -0.0388117 0.0174797 0.0179842 0.00650887 0.00841482 0.0852459 -0.0926188 -0.0290072 0.00457642 -0.00614754 0.0171694 -0.0355759 0.071671 0.00406361 0.00453146 -0.00262455
internal_weight=30078 2994 121 27084 2873 19062 8022 715 7792 100 63 8056 11006 10986 2158 6236 6205 10689 9290 230 688 297 6460 1399 6110 2016 49 6411 6364 497
internal_count=30078 2994 121 27084 2873 19062 8022 715 7792 100 63 8056 11006 10986 2158 6236 6205 10689 9290 230 688 297 6460 1399 6110 2016 49 6411 6364 497
is_linear=0
shrinkage=0.05


Tree=48
num_leaves=31
num_cat=0
split_feature=240 282 121 232 290 294 299 34 213 128 124 251 183 65 28 279 263 299 135 251 291 185 121 22 21 237 10 123 54 91
split_gain=4014.87 1204.35 2374.44 1150.1 450.089 419.461 342.204 285.993 208.112 207.927 172.898 130.561 122.201 129.277 115.809 114.026 107.626 101.463 104.656 93.0327 89.5184 78.5952 78.3102 73.8052 70.4806 66.1998 64.9795 71.7159 63.5758 61.5656
threshold=-7.0856158733367911 -31.844785690307614 -13.598384857177733 -0.91021785140037526 -17.047976493835446 3.0134986639022832 -4.2773811817169181 -10.012892246246336 -21.695130348205563 4.2372357845306405 -9.14324903488159 -0.64647573232650746 -3.4752939939498897 0.46068133413791662 3.5211490392684941 10.338914394378664 0.50281864404678356 -2.1422688961029048 -4.0109553337097159 -16.695614814758297 -8.3902082443237287 2.1548366546630864 -2.9702138900756831 -0.61971276998519886 -5.2005603313446036 -0.54616245627403248 2.7786527872085576 -2.0013072490692134 -2.3629875183105464 7.8715333938598642
decision_type=2 2 2 2 2 2 2 2 2 2 2 2 2 2 2 2 2 2 2 2 2 2 2 2 2 2 2 2 2 2
left_child=1 2 -1 6 8 11 16 24 -3 29 -9 -5 13 -8 20 -11 22 -14 -19 -10 -6 -13 -2 -15 -4 -24 27 -22 -23 -7
right_child=3 4 7 5 14 9 12 10 19 15 -12 21 17 23 -16 -17 -18 18 -20 -21 26 28 25 -25 -26 -27 -28 -29 -30 -31
leaf_value=-0.62257029215494797 -0.020954004611380053 0.05352476967705621 0.067314847310384118 0.0086728645328619496 -0.039630568201327127 0.039304827149997348 -0.0034779845410163168 -0.28726221136748792 -0.10799538918903895 0.072927503053306933 -0.09616761007185641 0.018526185028428541 0.00090492638889069592 -0.064405876525915146 -0.080514439100950547 0.17086486816406252 0.072899987025035404 0.04728939174575375 0.0091855702043141963 -0.071091486845195451 -0.020355754388025206 -0.041388388097286226 -0.0092607558486913349 -0.0099702908482313876 -0.058113519350687662 0.035691146385146394 -0.082437450958020769 0.028519528076382514 0.039826561653542557 -0.003336101573902172
leaf_weight=27 1846 27 21 3702 1543 1213 1289 20 315 197 29 3681 6144 153 142 35 37 188 4346 373 344 25 3281 105 24 84 33 96 667 91
leaf_count=27 1846 27 21 3702 1543 1213 1289 20 315 197 29 3681 6144 153 142 35 37 188 4346 373 344 25 3281 105 24 84 33 96 667 91
internal_value=0.000172382 -0.0547706 -0.209294 0.00624605 -0.0482626 0.0201385 -0.0013955 -0.0905874 -0.0826441 0.0440886 -0.174165 0.0155828 0.00318909 -0.00994447 -0.0368712 0.0877025 -0.0120751 0.00509185 0.0107655 -0.0879879 -0.0337971 0.0214325 -0.0126785 -0.0422519 0.000419718 -0.00813863 -0.0147673 -0.00969206 0.0368925 0.0363291
internal_weight=30078 2994 121 27084 2873 9611 17473 94 715 1536 49 8075 12225 1547 2158 232 5248 10678 4534 688 2016 4373 5211 258 45 3365 473 440 692 1304
internal_count=30078 2994 121 27084 2873 9611 17473 94 715 1536 49 8075 12225 1547 2158 232 5248 10678 4534 688 2016 4373 5211 258 45 3365 473 440 692 1304
is_linear=0
shrinkage=0.05


Tree=49
num_leaves=31
num_cat=0
split_feature=292 299 282 125 184 182 248 299 34 213 190 292 206 124 293 298 251 165 53 97 282 285 243 7 82 59 288 34 247 221
split_gain=3636.65 1173.68 958.788 2178.8 439.989 341.893 263.252 220.556 209.797 200.812 141.358 109.836 107.089 99.0309 97.1743 99.2615 96.0301 87.4533 87.1727 86.3606 83.1948 81.1 78.1531 73.3002 72.6283 74.4991 71.1805 70.3874 74.5969 64.8888
threshold=-10.744156837463377 -2.1164238452911373 -31.844785690307614 -13.582657814025877 1.2089869379997256 -3.4133943319320674 -15.701922893524168 7.3818626403808603 -10.012892246246336 -21.695130348205563 -6.3105537891387931 1.5240476131439211 -2.6686273813247676 -7.7284233570098868 -6.0613296031951895 -10.00818872451782 -1.2091176509857176 -5.1121177673339835 4.7519328594207773 2.7343170642852788 10.96841335296631 -1.8646779060363767 -0.84506237506866444 1.8852009773254397 -3.2049019336700435 -3.9104576110839839 -25.1621561050415 2.2329971790313725 -2.2885923385620113 -11.803691387176512
decision_type=2 2 2 2 2 2 2 2 2 2 2 2 2 2 2 2 2 2 2 2 2 2 2 2 2 2 2 2 2 2
left_child=2 5 3 -1 10 14 9 -6 -5 -4 12 17 -3 -10 19 -16 24 -7 -18 -2 -9 -13 -19 -22 -12 -26 -11 28 -8 -28
right_child=1 4 6 8 7 11 27 20 13 26 16 21 -14 -15 15 -17 18 22 -20 -21 23 -23 -24 -25 25 -27 29 -29 -30 -31
leaf_value=-0.58550676618303565 -0.023365613993546919 -0.15616222064603458 0.055739502112070717 -0.0048499213324652776 0.029793651999765736 -0.024379993414047105 -0.041676336941857114 0.06688328033838517 -0.24010042941197751 -0.13200393085894377 0.032478755502210514 -0.020837792841827171 -0.00015469505028291184 -0.094426435830869848 0.077812445722520357 -0.010828284662302965 0.016645636206093103 -0.00091384627611488297 -0.052474039404288589 -0.10751033072029391 0.086976099491119396 0.068784287427457014 0.012764132187417629 0.21539936721324923 -0.038006795287132265 0.0056737909141294333 -0.073077616638268908 -0.074283271022802286 0.045483407065272333 -0.12485832238197328
leaf_weight=28 1865 22 24 45 2595 361 1360 156 20 92 248 34 22 28 32 2424 5464 9084 46 31 25 98 1180 20 100 4092 313 169 25 75
leaf_count=28 1865 22 24 45 2595 361 1360 156 20 92 248 34 22 28 32 2424 5464 9084 46 31 25 98 1180 20 100 4092 313 169 25 75
internal_value=0.000163763 0.00502258 -0.0620465 -0.19883 0.016169 -0.004413 -0.0540043 0.033702 -0.0824107 -0.0854053 0.0112638 0.00037106 -0.0781585 -0.155124 -0.0162379 -0.00967336 0.0116592 -0.000192083 0.0160686 -0.0247414 0.0841601 0.0456998 0.000658642 0.144053 0.00618721 0.00463179 -0.0924626 -0.0438202 -0.0401031 -0.0830868
internal_weight=30078 27899 2179 121 12790 15109 2058 2796 93 504 9994 10757 44 48 4352 2456 9950 10625 5510 1896 201 132 10264 45 4440 4192 480 1554 1385 388
internal_count=30078 27899 2179 121 12790 15109 2058 2796 93 504 9994 10757 44 48 4352 2456 9950 10625 5510 1896 201 132 10264 45 4440 4192 480 1554 1385 388
is_linear=0
shrinkage=0.05


Tree=50
num_leaves=31
num_cat=0
split_feature=183 3 97 296 299 296 240 9 18 4 29 170 241 100 160 259 79 101 252 229 50 12 287 233 83 132 141 295 3 285
split_gain=3418.56 1050.89 1607.05 1019.23 461.931 354.483 255.515 214.188 445.673 219.289 454.56 166.315 162.938 126.204 137.209 105.181 121.352 102.771 99.7495 98.8003 90.7389 88.4432 138.883 137.633 86.1693 78.7335 78.88 76.0331 97.5746 74.4452
threshold=-6.2732050418853751 4.3405346870422372 -9.1166563034057599 -0.043529422953724854 -4.9185395240783683 -15.912697792053221 5.5266501903533944 -5.7444336414337149 -3.0303529500961299 3.6814450025558476 -9.2954568862915021 -1.0388935208320615 -9.5855393409728986 -1.7146235108375547 -4.3861470222473136 -0.76168143749237049 1.1958333253860476 -1.0219084620475767 -18.143450736999508 -1.7361764907836912 0.55401960015296947 -0.92818626761436451 -31.1700325012207 -23.282580375671383 -2.0492889881134029 2.0145791769027714 7.2184312343597421 9.8827843666076678 4.3405346870422372 -11.676577568054197
decision_type=2 2 2 2 2 2 2 2 2 2 2 2 2 2 2 2 2 2 2 2 2 2 2 2 2 2 2 2 2 2
left_child=1 5 -3 4 12 7 19 8 -1 10 -9 -6 -2 24 -15 -14 -17 29 21 20 -5 23 -23 -12 -13 -21 -27 -8 -29 -7
right_child=3 2 -4 6 11 17 27 9 -10 -11 18 13 15 14 -16 16 -18 -19 -20 25 -22 22 -24 -25 -26 26 -28 28 -30 -31
leaf_value=0.20560180246829987 -0.055439396795973317 -0.626650459766388 -0.00039450100490025111 0.016725024348783816 -0.00021245381926578573 -0.047832180375670212 0.052212411743679132 -0.31612677120027088 -0.11712376604909483 0.043091256127637978 0.023538448129381453 0.032890246984039112 -0.013082279352598859 -0.043008473299551708 0.0075084883636162463 -0.0037121251285556823 0.11071105500733532 -0.067251049088028217 -0.06806457871398075 0.02045606526340088 -0.021799884203462919 -0.23381343947516547 -0.10839811916932587 -0.10290730462599827 0.0091960015810799017 0.039257292838425759 -0.058820452008928575 0.077617463331956127 0.2039095497131348 -0.023725082340260474
leaf_weight=20 226 20 21 424 10147 486 237 21 23 34 28 866 4247 138 5174 62 37 241 538 4075 239 27 121 93 689 862 21 65 20 939
leaf_count=20 226 20 21 424 10147 486 237 21 23 34 28 866 4247 138 5174 62 37 241 538 4075 239 27 121 93 689 862 21 65 20 939
internal_value=-7.60532e-05 -0.0547426 -0.305885 0.0051108 6.26977e-05 -0.0507376 0.0234464 -0.0759277 0.0329811 -0.0813605 -0.0864708 0.0038543 -0.0140472 0.00986351 0.00619611 -0.0118947 0.0390521 -0.0370539 -0.0804946 0.020965 0.00283746 -0.105355 -0.131278 -0.0736471 0.0223916 0.0233891 0.0369248 0.0667629 0.107333 -0.0319469
internal_weight=30141 2612 41 27529 21586 2571 5943 905 43 862 828 17014 4572 6867 5312 4346 99 1666 807 5621 663 269 148 121 1555 4958 883 322 85 1425
internal_count=30141 2612 41 27529 21586 2571 5943 905 43 862 828 17014 4572 6867 5312 4346 99 1666 807 5621 663 269 148 121 1555 4958 883 322 85 1425
is_linear=0
shrinkage=0.05


Tree=51
num_leaves=31
num_cat=0
split_feature=183 5 116 288 293 183 293 1 35 271 101 25 270 241 188 57 3 227 184 101 160 45 100 190 271 201 26 291 104 68
split_gain=3085.25 1060.6 1651.42 926.021 337.75 307.902 292.501 184.504 322.004 745.011 222.042 215.248 180.949 156.818 147.552 132.082 111.196 107.881 96.4567 94.8139 94.2314 109.562 89.8983 81.8446 77.7695 76.2513 74.008 71.0399 65.7706 64.8762
threshold=-6.2732050418853751 4.2831807136535653 -5.6108078956603995 -1.0441315770149229 -4.183093547821044 1.5586581230163576 -14.775191307067869 3.3762155771255498 -10.132076263427733 -27.694076538085934 -13.402985095977781 -6.1549561023712149 5.6998236179351816 -9.5855393409728986 -18.075293540954586 -0.66117647290229786 4.3405346870422372 -6.9316687583923331 -12.013893604278563 -1.2455546259880064 -4.2644727230072013 -1.6218370795249937 -2.0919653177261348 0.44130900502204901 -3.3949097394943233 5.5805227756500253 4.2815556526184091 -1.6951633691787718 -0.72792154550552357 -2.3287584781646724
decision_type=2 2 2 2 2 2 2 2 2 2 2 2 2 2 2 2 2 2 2 2 2 2 2 2 2 2 2 2 2 2
left_child=1 6 -3 4 13 23 7 8 9 -1 14 -9 26 -2 -10 17 -14 -6 -12 -8 21 -19 24 -5 -17 -24 -7 -15 -20 -22
right_child=3 2 -4 5 15 12 19 11 10 -11 18 -13 16 27 -16 22 -18 20 28 -21 29 -23 25 -25 -26 -27 -28 -29 -30 -31
leaf_value=-0.43287593841552741 -0.052048677639289054 -0.62875892132520672 0.013778891265392305 0.0098584198125299047 0.079915384911000739 0.031327866864006279 -0.029244647103672229 0.14202742576599123 0.14192217826843262 -0.019679053624471032 -0.092221815622032591 -0.047123339266147257 0.061812293011209246 -0.010177648946039938 -0.04783979143415179 0.004762727947070681 0.1715815887451172 0.012390334460282041 -0.052935777309237431 -0.062068880353630944 -0.012864823611390949 -0.035670547732914865 0.0046058023769023036 0.02155572430393082 0.028840136663638306 0.090462545248178344 -0.025804103026955818 0.052208042322941454 -0.13218462602235379 0.0017681351108168647
leaf_weight=20 227 20 20 4970 40 1444 1320 21 20 24 398 53 299 5709 21 551 25 167 403 264 898 409 4823 2139 857 26 59 46 28 4840
leaf_count=20 227 20 20 4970 40 1444 1320 21 20 24 398 53 299 5709 21 551 25 167 403 264 898 409 4823 2139 857 26 59 46 28 4840
internal_value=-7.22505e-05 -0.0520055 -0.30749 0.00485526 -0.00150217 0.0180831 -0.0480321 -0.0693821 -0.0755302 -0.207496 -0.068856 0.00655458 0.036391 -0.0112868 0.044727 0.00313915 0.0702821 -0.00193867 -0.0744735 -0.0347154 -0.00245722 -0.0217362 0.00829568 0.013378 0.0194178 0.00506616 0.0290852 -0.009679 -0.0580842 -0.000521931
internal_weight=30141 2612 40 27529 18593 8936 2572 988 914 44 870 74 1827 5982 41 12611 324 6354 829 1584 6314 576 6257 7109 1408 4849 1503 5755 431 5738
internal_count=30141 2612 40 27529 18593 8936 2572 988 914 44 870 74 1827 5982 41 12611 324 6354 829 1584 6314 576 6257 7109 1408 4849 1503 5755 431 5738
is_linear=0
shrinkage=0.05


Tree=52
num_leaves=31
num_cat=0
split_feature=246 296 29 190 293 296 60 205 299 299 255 283 160 12 20 10 132 170 30 216 175 65 298 196 36 185 3 2 86 232
split_gain=2801.75 858.2 735.022 2626.38 379.035 225.424 216.385 318.63 213.513 133.421 120.016 117.983 119.299 115.38 98.3096 104.063 95.7018 90.1083 92.6082 88.5224 83.5588 81.2405 80.3068 79.9473 78.6443 82.0276 74.3632 72.3499 71.0996 70.9359
threshold=-8.4157557487487775 -0.043529422953724854 -9.2954568862915021 -18.026568412780758 -3.5369020700454707 -15.912697792053221 -9.5113725662231428 -19.023608207702633 6.2899019718170175 -5.724510431289672 -18.436822891235348 -9.5853013992309553 -5.7985613346099845 0.69777053594589245 -0.37571080029010767 3.5484642982482915 2.1117558479309086 -1.0388935208320615 -0.86935356259345997 -7.4892354011535636 -9.8841843605041486 -2.1199769973754878 -7.4637844562530509 1.634236812591553 1.6010819077491762 -2.6328676939010616 4.3405346870422372 -1.9114378690719602 3.9896084070205693 -5.1541945934295645
decision_type=2 2 2 2 2 2 2 2 2 2 2 2 2 2 2 2 2 2 2 2 2 2 2 2 2 2 2 2 2 2
left_child=2 4 3 -1 9 6 7 -4 16 20 14 -6 21 -5 -8 -16 -3 22 -19 -12 -2 -13 -14 -11 25 -7 -10 -21 29 -24
right_child=1 8 5 13 11 24 10 -9 26 23 19 12 17 -15 15 -17 -18 18 -20 27 -22 -23 28 -25 -26 -27 -28 -29 -30 -31
leaf_value=-0.65142716117527177 -0.10463538478921962 0.016070762004909728 0.18264603387741818 -0.076082486839130006 0.10751953800874098 -0.03104465182954735 -0.075585655564335497 -0.054961007140403577 0.052780529699827494 -0.004654373638116876 -0.052556465981459181 0.026807497083726858 0.069627299229072973 0.073876895982286209 -0.11245788093431885 -0.23476828607645903 0.034039309580125139 0.018958718976846697 0.0056817642811401951 -0.025054818391799929 -0.016272633062536214 -0.049033019575290382 -0.027184493168835394 0.044795250300183359 -0.061828527051322871 0.046750140599906446 0.13657887557457235 -0.12833035671831788 -0.090775671814169206 0.0022555204740355851
leaf_weight=23 27 4750 21 29 28 1063 157 43 304 5371 540 45 43 23 83 22 878 1903 4239 22 2940 164 211 83 212 35 29 74 21 6758
leaf_count=23 27 4750 21 29 28 1063 157 43 304 5371 540 45 43 23 83 22 878 1903 4239 22 2940 164 211 83 212 35 29 74 21 6758
internal_value=-6.8638e-05 0.00436119 -0.0525282 -0.206534 -0.000229646 -0.0474444 -0.065823 0.0230038 0.0211758 -0.0085438 -0.0721537 0.00499057 0.00477607 -0.0097543 -0.100633 -0.138085 0.018874 0.00537063 0.00979542 -0.0604216 -0.0170767 -0.0327037 0.00150641 -0.00390184 -0.033948 -0.0285649 0.0600783 -0.104663 0.00108735 0.00136417
internal_weight=30141 27794 2347 75 21833 2272 962 64 5961 8421 898 13412 13384 52 262 105 5628 13175 6142 636 2967 209 7033 5454 1310 1098 333 96 6990 6969
internal_count=30141 27794 2347 75 21833 2272 962 64 5961 8421 898 13412 13384 52 262 105 5628 13175 6142 636 2967 209 7033 5454 1310 1098 333 96 6990 6969
is_linear=0
shrinkage=0.05


Tree=53
num_leaves=31
num_cat=0
split_feature=183 5 96 299 183 296 14 15 296 269 1 293 241 34 219 19 295 54 38 50 298 101 250 97 32 12 163 183 26 37
split_gain=2542.61 913.192 1461.6 779.014 336.52 236.803 222.736 205.817 201.173 190.052 133.565 125.253 102.655 95.5483 92.1522 90.3893 86.993 132.423 86.2795 105.52 82.8953 80.5103 80.3024 88.9524 79.5217 78.5654 93.1296 73.9562 73.6537 69.6785
threshold=-6.2732050418853751 4.2831807136535653 -7.8718190193176261 -2.5916608572006221 1.1593300700187685 -15.912697792053221 -5.264202117919921 -4.2012746334075919 -5.8158206939697257 5.025740623474122 3.3762155771255498 2.5220263004302983 -9.5855393409728986 -4.2735829353332511 -0.98454999923706044 -0.31686274707317347 -25.889265060424801 -2.7982352972030635 -1.7583613395690916 -0.32487533986568445 -8.9147715568542463 -1.0044724345207212 0.80709150433540355 0.40979523956775671 -1.8303489089012144 -1.7836927771568296 -17.374453544616696 -2.9182438850402828 4.2815556526184091 -5.7698040008544913
decision_type=2 2 2 2 2 2 2 2 2 2 2 2 2 2 2 2 2 2 2 2 2 2 2 2 2 2 2 2 2 2
left_child=1 5 -3 8 13 6 -1 -8 12 28 16 20 -2 -5 15 -15 17 25 19 -17 -10 -7 23 -14 -11 26 -9 -22 -6 -12
right_child=3 2 -4 4 9 21 7 10 11 24 29 -13 22 14 -16 18 -18 -19 -20 -21 27 -23 -24 -25 -26 -27 -28 -29 -30 -31
leaf_value=0.065446299314498899 -0.049152646687897768 -0.58651869416236879 0.017964817285537723 0.039524015434357802 0.024623853773371007 -0.027904892244895521 -0.20475945406489904 0.045380215417771118 0.068459558061191014 0.1286867809432902 0.083765298411959704 0.091802759302986994 -0.011136349679731615 0.0098543463941603276 0.012494231231753378 0.0059746206227789898 -0.061582153652065486 -0.22362979412078859 0.0020401656001022015 -0.035206931258080068 -0.0077793513622426425 -0.059537326955260372 0.065115666831843555 -0.039230741016607375 0.052770694537476737 -0.11181128169880826 -0.10537809383124114 0.0013240994432835522 -0.021834708465619038 -0.034984886646270752
leaf_weight=32 220 20 20 247 2058 1433 27 21 42 38 21 36 2304 3031 6011 261 645 20 2375 385 3476 234 32 321 374 89 20 6229 89 30
leaf_count=32 220 20 20 247 2058 1433 27 21 42 38 21 36 2304 3031 6011 261 645 20 2375 385 3476 234 32 321 374 89 20 6229 89 30
internal_value=-6.52061e-05 -0.0472106 -0.284277 0.00440803 0.0121691 -0.0435237 -0.0641144 -0.0688635 -0.00470728 0.028667 -0.0645264 -0.00128928 -0.0163299 0.00873955 0.00810921 0.0037539 -0.0695583 -0.103856 -0.00236673 -0.0185686 -0.00163311 -0.0323452 -0.0136122 -0.0145719 0.0597727 -0.0854291 -0.0281604 -0.00193645 0.022698 0.0139122
internal_weight=30141 2612 40 27529 14869 2572 905 873 12660 2559 846 9783 2877 12310 12063 6052 795 150 3021 646 9747 1667 2657 2625 412 130 41 9705 2147 51
internal_count=30141 2612 40 27529 14869 2572 905 873 12660 2559 846 9783 2877 12310 12063 6052 795 150 3021 646 9747 1667 2657 2625 412 130 41 9705 2147 51
is_linear=0
shrinkage=0.05


Tree=54
num_leaves=31
num_cat=0
split_feature=246 294 29 190 232 257 241 93 70 98 184 12 299 298 232 119 175 193 53 36 286 292 154 154 108 69 206 211 17 237
split_gain=2295.96 714.041 631.821 2320.41 288.648 223.429 184.057 230.998 206.544 195.353 119.222 107.439 83.6779 90.5822 82.9968 81.4994 74.5117 73.0152 71.4229 70.2069 74.4405 70.0363 68.9833 67.8694 65.9259 82.9485 83.717 80.8955 72.4602 65.7412
threshold=-8.4157557487487775 -0.46806596219539637 -9.2954568862915021 -18.026568412780758 -3.2154411077499385 3.2891654968261723 -14.539257049560545 -12.966254711151121 -9.797963619232176 -13.425039291381834 1.0790828466415407 0.69777053594589245 9.7821078300476092 -0.90412262082099903 -5.3234324455261222 -0.4293725043535232 1.0000000180025095e-35 -4.3847072124481192 3.8470588922500615 1.6010819077491762 -9.8966393470764142 2.377254962921143 0.99318629503250133 -2.5939460992813106 -1.4656732082366941 -3.9136166572570796 -4.0263400077819815 -3.8448284864425655 -0.95107847452163685 -1.9755825400352476
decision_type=2 2 2 2 2 2 2 2 2 2 2 2 2 2 2 2 2 2 2 2 2 2 2 2 2 2 2 2 2 2
left_child=2 4 3 -1 10 16 7 8 -4 -9 14 -5 13 -7 22 21 23 -17 -18 20 -8 24 -2 -3 25 26 -6 -26 -27 -25
right_child=1 5 6 11 15 12 19 9 -10 -11 -12 -13 -14 -15 -16 17 18 -19 -20 -21 -22 -23 -24 29 27 28 -28 -29 -30 -31
leaf_value=-0.60851294476052997 -0.017307948585527345 0.032506945199948019 0.12096703847249349 -0.069378704551992743 -0.082149128031496918 0.12444097750953265 -0.036311198640724532 -0.22453709556942894 -0.06616283285206763 -0.069248282788926988 0.026853716797298855 0.075328515534815579 0.084776139967512376 0.032745842039163579 -0.0064967997083282582 -0.028106374135167578 0.020826597531097148 0.010380077795961002 -0.016143454698955312 -0.05832470670763043 -0.0097762746115525566 0.063883247023279022 -0.086205538100487478 -0.012849372593921705 -0.021537792641528938 0.015403688502764063 -0.006222691741727647 -0.00096794248015931016 0.0015368998719172769 0.0093129116320205627
leaf_weight=23 2009 259 30 29 51 28 1018 21 29 569 225 23 101 707 4720 127 3315 4158 136 248 357 44 37 403 530 1533 126 4869 2444 1972
leaf_count=23 2009 259 30 29 51 28 1018 21 29 569 225 23 101 707 4720 127 3315 4158 136 248 357 44 37 403 530 1533 126 4869 2444 1972
internal_value=-6.19457e-05 0.00394815 -0.0475509 -0.190336 -0.0006666 0.0178657 -0.0428375 -0.0653425 0.0289879 -0.0747755 -0.00895209 -0.00537359 0.0421029 0.036239 -0.0101428 0.00350599 0.0145359 0.00923941 0.0193696 -0.0338382 -0.0294218 0.000946055 -0.0185539 0.00820276 0.000656174 0.00539152 -0.0280998 -0.00298721 0.00688208 0.00555232
internal_weight=30141 27794 2347 75 20873 6921 2272 649 59 590 6991 52 836 735 6766 13882 6085 4285 3451 1623 1375 9597 2046 2634 9553 4154 177 5399 3977 2375
internal_count=30141 27794 2347 75 20873 6921 2272 649 59 590 6991 52 836 735 6766 13882 6085 4285 3451 1623 1375 9597 2046 2634 9553 4154 177 5399 3977 2375
is_linear=0
shrinkage=0.05


Tree=55
num_leaves=31
num_cat=0
split_feature=292 243 183 187 3 57 185 234 124 68 165 183 36 295 104 17 35 269 18 292 298 33 287 253 285 142 4 201 130 94
split_gain=1903.93 703.979 368.342 316.148 2288.18 654.412 183.563 132.442 125.206 118.499 114.107 94.2742 93.6271 83.9903 83.5026 73.7273 71.0379 69.6336 70.7217 67.3505 70.2929 66.0979 60.3227 60.0503 64.4771 59.0194 58.833 55.796 55.6001 55.4787
threshold=-11.521589279174803 0.53152942657470714 -2.9182438850402828 -18.193299293518063 2.2723319530487065 -9.3845095634460431 3.6899628639221196 -1.4865126013755796 -8.6044983863830549 -2.2997801303863521 -17.491509437561032 -5.8693528175353995 3.1349999904632573 -1.7839026451110838 0.32324698567390447 -1.2610504031181333 -1.0969280600547788 9.2779302597045916 -2.7221176624298091 1.5240476131439211 -0.9351835548877715 2.6523809432983403 -25.153039932250973 -6.8041353225707999 -5.0560784339904776 -1.3791372179985044 4.6316666603088388 -2.5974378585815425 -11.838027000427244 -3.4873015880584712
decision_type=2 2 2 2 2 2 2 2 2 2 2 2 2 2 2 2 2 2 2 2 2 2 2 2 2 2 2 2 2 2
left_child=3 2 11 4 5 -1 19 9 29 13 -10 14 22 -4 -2 25 -16 18 -8 -3 -21 -13 -12 -9 -25 -11 -19 -22 -7 -5
right_child=1 6 7 8 -6 28 17 23 10 15 12 21 -14 -15 16 -17 -18 26 -20 20 27 -23 -24 24 -26 -27 -28 -29 -30 -31
leaf_value=0.1672682825724284 -0.016631526895948958 0.011516596550656977 -0.0061083640042773404 -0.054756071671944899 -0.61424712546169769 -0.078539023748258274 0.11318653280613944 0.074175537957085508 0.078943967819213867 0.018023018244437757 -0.080343160946522996 -0.004836307765780941 -0.088604774090308189 -0.035847377456375396 -0.12447345872079173 0.0004468123903258052 -0.038238269986154948 0.052532319764833191 0.036738669711571956 0.070992189504300501 0.084301212968097797 -0.025425543782243321 -0.0296557432348196 -0.016832905948425816 0.010325735944173634 -0.0046809482262210444 0.14675516764322916 0.021373207852126042 -0.17314487355947494 -0.095042111731643952
leaf_weight=30 1240 2026 920 441 20 41 32 36 22 1189 62 5779 79 320 31 6364 104 37 554 79 36 418 1102 226 6620 377 30 1637 25 106
leaf_count=30 1240 2026 920 441 20 41 32 36 22 1189 62 5779 79 320 31 6364 104 37 554 79 36 418 1102 226 6620 377 30 1637 25 106
internal_value=0.000364447 0.00366743 0.00023723 -0.0476984 -0.127721 -0.0263612 0.0219556 0.00452528 -0.0425755 0.000590764 -0.0339327 -0.00885307 -0.0359306 -0.0137829 -0.0206971 0.00283836 -0.0580404 0.0464342 0.0409133 0.0177247 0.0249036 -0.00622509 -0.0323556 0.00976787 0.00942918 0.0125572 0.0947217 0.0227273 -0.114375 -0.0625629
internal_weight=29983 28055 23624 1928 116 96 4431 16052 1812 9170 1265 7572 1243 1240 1375 7930 135 653 586 3778 1752 6197 1164 6882 6846 1566 67 1673 66 547
internal_count=29983 28055 23624 1928 116 96 4431 16052 1812 9170 1265 7572 1243 1240 1375 7930 135 653 586 3778 1752 6197 1164 6882 6846 1566 67 1673 66 547
is_linear=0
shrinkage=0.05


Tree=56
num_leaves=31
num_cat=0
split_feature=247 243 5 118 183 243 18 204 185 4 35 299 18 294 19 66 281 62 6 89 288 89 241 139 289 18 26 10 287 87
split_gain=1696.96 579.716 454.542 1076.35 238.556 190.37 219.245 324.581 161.824 122.792 166.269 121.794 89.2612 85.8577 80.6595 86.8829 90.0026 76.4723 89.7644 77.2974 73.7021 113.519 69.9602 69.7195 66.5501 73.6067 73.0942 64.7069 64.1242 62.9414
threshold=-7.2607994079589835 0.53152942657470714 4.2831807136535653 -4.525765895843505 -2.8412157297134395 -13.82928943634033 -5.0023267269134513 -19.217170715332028 3.6899628639221196 3.6814450025558476 -10.132076263427733 -2.5672074556350704 2.604627370834351 1.6766479611396792 -0.44411765038967127 -2.0575457811355586 -1.7578773498535154 -0.4694118052721023 -1.9747450947761533 0.10454216226935388 -22.429322242736813 -12.548970699310301 -9.5855393409728986 -1.1243306994438169 7.7245099544525155 -2.7221176624298091 -1.2590392231941221 0.24212141335010531 -11.372816085815428 1.7352727651596072
decision_type=2 2 2 2 2 2 2 2 2 2 2 2 2 2 2 2 2 2 2 2 2 2 2 2 2 2 2 2 2 2
left_child=2 4 5 -4 12 6 7 -1 27 10 -8 13 22 -6 -13 16 -16 19 -19 28 21 -12 -2 -5 25 -10 -26 -3 -7 -20
right_child=1 8 3 23 11 17 9 -9 24 -11 20 14 -14 -15 15 -17 -18 18 29 -21 -22 -23 -24 -25 26 -27 -28 -29 -30 -31
leaf_value=0.20401058197021485 -0.078127530126860648 0.011680694353961149 -0.47139907568693168 0.041823776513338094 -0.0011449716297568901 -0.035706765107089471 -0.17905555089314781 -0.068722121914227816 0.11195425639549893 0.03481684254877495 0.027078251611618771 0.014177572135338807 -0.034373470361087483 0.078517026585691124 -0.031059817632371534 0.0066526709133641008 0.0078528092301199792 0.096644408763809642 0.00095768155706291267 -0.061202680115110986 -0.04812769488446781 -0.095333511227925216 -0.0051455203347208992 -0.087163067812269387 0.16134328671864101 0.031319739168882373 0.059316315494965167 0.025147914422619211 -0.015988338618908207 -0.073049654382647891
leaf_weight=20 33 2333 20 20 6511 775 30 24 30 33 21 3492 279 34 329 4995 271 22 222 164 488 193 6636 22 21 500 107 1444 881 33
leaf_count=20 33 2333 20 20 6511 775 30 24 30 33 21 3492 279 34 329 4995 271 22 222 164 488 193 6636 22 21 500 107 1444 881 33
internal_value=0.000346225 0.00428897 -0.0355409 -0.169502 0.00104288 -0.0326829 -0.0532866 0.0552473 0.0208158 -0.0595291 -0.0637824 0.00446918 -0.00666581 -0.000731143 0.00821477 0.00449321 -0.0134843 -0.0247342 -0.000259409 -0.0284592 -0.0588562 -0.0833211 -0.00550665 -0.0257408 0.0436984 0.035884 0.0760551 0.0168294 -0.0252165 -0.00861974
internal_weight=29983 27015 2968 62 22580 2906 809 44 4435 765 732 15632 6948 6545 9087 5595 600 2097 277 1820 702 214 6669 42 658 530 128 3777 1656 255
internal_count=29983 27015 2968 62 22580 2906 809 44 4435 765 732 15632 6948 6545 9087 5595 600 2097 277 1820 702 214 6669 42 658 530 128 3777 1656 255
is_linear=0
shrinkage=0.05


Tree=57
num_leaves=31
num_cat=0
split_feature=296 186 5 119 296 185 19 283 189 3 60 143 19 35 26 288 211 232 3 105 39 184 122 298 263 289 26 271 119 291
split_gain=1548.29 583.405 308.092 1040.56 290.593 170.928 164.789 222.476 152.555 128.432 227.67 171.89 108.78 107.696 97.0917 91.1891 79.9907 78.9187 92.4772 78.0649 76.7344 75.5709 75.3137 85.5735 80.5614 70.9231 76.4489 73.9223 70.7166 68.3733
threshold=-11.783878326416014 0.26615686714649206 4.2831807136535653 -3.4036862850189205 -4.0797505378723136 3.6899628639221196 -4.9702308177947989 -25.67125034332275 -13.151928424835203 2.7655605077743535 -9.5113725662231428 -15.399411678314207 -0.36816176772117609 -4.3407452106475821 1.6170343160629275 -3.45387852191925 1.186621427536011 -4.3464052677154532 -0.65313696861267079 2.0655719041824345 -1.5455216169357298 -3.251866221427917 -1.0831354856491087 -5.9108796119689933 -6.0669608116149893 7.7245099544525155 -1.2590392231941221 -7.3301961421966544 -0.48792158067226404 -0.30395424365997309
decision_type=2 2 2 2 2 2 2 2 2 2 2 2 2 2 2 2 2 2 2 2 2 2 2 2 2 2 2 2 2 2
left_child=2 4 6 -4 14 28 7 -1 9 10 11 -8 15 20 19 16 -6 -10 -19 21 -14 -2 23 -15 -24 27 -27 -7 -3 -23
right_child=1 5 3 -5 12 25 8 -9 17 -11 -12 -13 13 22 -16 -17 -18 18 -20 -21 -22 29 24 -25 -26 26 -28 -29 -30 -31
leaf_value=0.17309179604053498 -0.011127100374374465 0.0042709313886880162 -0.45073985442519188 -0.024010363161563877 -0.0029288011224662515 0.12162587040144464 0.14876262119838171 -0.014332220703363419 -0.036591718832009644 -0.18676552521911535 -0.075718140400860501 -0.05605294704437256 0.01370029867393896 0.054138055804275699 -0.026540412668181565 0.01161722434471997 0.048399464239048055 0.1107975433766842 -0.039431784514869964 -0.056507194118622019 -0.050232602177526467 -0.00074635240449061661 -0.07655536122620106 -0.0050501019299590017 0.0056450763841667433 0.16440206538420171 0.058055783173394042 0.030233513154217469 0.018630336759217766 0.06596226630111536
leaf_weight=20 3339 1167 20 50 1937 23 21 76 1315 22 348 20 64 62 696 5177 79 20 21 78 176 2546 30 4060 4634 20 109 582 3232 39
leaf_count=20 3339 1167 20 50 1937 23 21 76 1315 22 348 20 64 62 696 5177 79 20 21 78 176 2546 30 4060 4634 20 109 582 3232 39
internal_value=0.000328914 0.00331161 -0.0429533 -0.145933 -0.000101072 0.018548 -0.039084 0.0247144 -0.0425501 -0.0692355 -0.0625886 0.0488526 0.00351714 -0.000138306 -0.00886246 0.00810411 -0.000917426 -0.0344618 0.0338508 -0.0068125 -0.0331838 -0.00615818 0.000764372 -0.00415984 0.00511634 0.0408848 0.0745436 0.0337079 0.014821 0.000260083
internal_weight=29983 28050 1933 70 22917 5133 1863 96 1767 411 389 41 16219 9026 6698 7193 2016 1356 41 6002 240 5924 8786 4122 4664 734 129 605 4399 2585
internal_count=29983 28050 1933 70 22917 5133 1863 96 1767 411 389 41 16219 9026 6698 7193 2016 1356 41 6002 240 5924 8786 4122 4664 734 129 605 4399 2585
is_linear=0
shrinkage=0.05


Tree=58
num_leaves=31
num_cat=0
split_feature=292 246 187 3 60 185 183 295 125 85 30 257 51 47 132 271 115 26 52 92 21 212 36 55 125 82 52 179 285 105
split_gain=1415.46 539.408 272.146 1951.32 545.79 223.346 204.598 103.1 89.1868 108.429 85.453 79.4626 77.702 76.4372 95.64 75.6206 74.2599 71.8926 83.9827 71.3119 71.0668 67.146 63.882 60.523 60.3499 62.5892 59.8102 59.624 70.5748 58.7901
threshold=-11.521589279174803 -1.1712599992752073 -18.193299293518063 2.2723319530487065 -9.5113725662231428 3.4044482707977299 -2.9182438850402828 2.2585204839706425 -8.4876470565795881 -9.8166947364807111 1.3002729415893557 -5.8174510002136222 0.82573741674423229 4.5468065738677987 0.26975229382514959 -3.7945097684860225 0.69713348150253307 -1.3317194581031797 7.360849380493165 -3.289945006370544 -1.3192056417465208 -4.9489216804504386 3.1349999904632573 -0.45356056094169611 -5.0481810569763175 -1.9551852345466612 3.2605152130126958 -0.60777777433395375 2.6478581428527836 0.17812275886535647
decision_type=2 2 2 2 2 2 2 2 2 2 2 2 2 2 2 2 2 2 2 2 2 2 2 2 2 2 2 2 2 2
left_child=2 6 3 4 -1 7 10 11 -4 -10 16 -3 -9 -14 -15 -8 -2 18 -7 -18 21 -17 -11 -22 -25 -26 -13 -19 -29 -12
right_child=1 5 8 -5 -6 17 15 12 9 22 29 26 13 14 -16 20 19 27 -20 -21 23 -23 -24 24 25 -27 -28 28 -30 -31
leaf_value=0.16401820863996233 -0.0071761268279639913 -0.065096714166370598 -0.053135106356247609 -0.56466256003826865 -0.098273740500649992 0.050867176416631736 -0.0044778274414678755 0.033891710041349062 0.078533371635105306 -0.028126476569186244 -0.012711399116299369 0.009155996565107875 0.016441426267114919 -0.13016652569174766 -0.0027905398713690896 -0.019453291605330176 0.10421162874748309 0.11311246979804267 0.14423983343716326 0.012632084097112379 -0.0025649097240860019 0.016088390193715191 -0.075443924470853657 -0.079633351728552959 0.024183938878427673 0.0047121019634554081 -0.018515017613842714 0.0038391274648408094 0.039410554700228112 -0.036680838993833037
leaf_weight=28 5713 37 552 20 68 142 3027 743 23 1161 726 6866 712 20 56 144 24 21 29 186 3259 1722 76 20 481 2906 201 210 415 395
leaf_count=28 5713 37 552 20 68 142 3027 743 23 1161 726 6866 712 20 56 144 24 21 29 186 3259 1722 76 20 481 2906 201 210 415 395
internal_value=0.000312468 0.0031604 -0.0411288 -0.115374 -0.0217719 0.0128868 -0.0017815 0.0105227 -0.0363758 -0.0290336 -0.00849858 0.00798634 0.0222915 0.0113537 -0.0363105 0.00231185 -0.00610275 0.037874 0.0667023 0.0230983 0.00472071 0.0133456 -0.0310336 0.00230635 0.006966 0.00747737 0.00836898 0.030243 0.0274586 -0.0211574
internal_weight=29983 28055 1928 116 96 9452 18603 8635 1812 1260 7044 7104 1531 788 76 11559 5923 817 171 210 8532 1866 1237 6666 3407 3387 7067 646 625 1121
internal_count=29983 28055 1928 116 96 9452 18603 8635 1812 1260 7044 7104 1531 788 76 11559 5923 817 171 210 8532 1866 1237 6666 3407 3387 7067 646 625 1121
is_linear=0
shrinkage=0.05


Tree=59
num_leaves=31
num_cat=0
split_feature=247 236 189 8 15 278 293 16 50 19 128 289 163 159 276 36 297 283 275 85 55 186 97 217 52 122 201 92 289 189
split_gain=1282.89 414.867 390.56 878.068 203.978 204.203 141.279 136.495 155.355 134.434 132.596 123.94 95.9582 81.2143 78.5799 78.251 77.4826 73.3641 85.5158 72.7843 77.7965 66.6167 65.0085 64.1593 65.7169 62.5462 57.9748 57.5306 57.2135 59.3297
threshold=-5.7278952598571768 0.78902247548103344 -14.298860073089598 2.3181942701339726 -3.2973026037216182 -29.731187820434567 -3.3305882215499873 -2.8719083070755 -9.1782693862915021 -0.35501055419445032 3.5698841810226445 -12.206680297851561 -4.0110640525817862 -17.439020156860348 10.639276504516603 2.9597887992858891 -6.3041198253631583 1.8919339776039126 -1.8781372904777525 -9.8166947364807111 0.96216753125190746 -0.73383718729019154 1.7094009518623354 -5.5486683845520011 -1.4491764307022093 -0.50541254878044117 -0.2732317447662353 -2.6952352523803706 -20.397480964660641 -4.1703457832336417
decision_type=2 2 2 2 2 2 2 2 2 2 2 2 2 2 2 2 2 2 2 2 2 2 2 2 2 2 2 2 2 2
left_child=2 6 3 4 5 -1 -2 -6 -9 17 25 13 -11 -4 26 19 -14 -8 -19 -13 22 -18 -21 28 -25 -3 -12 -22 -15 -30
right_child=1 10 11 -5 7 -7 9 8 -10 12 14 15 16 23 -16 -17 21 18 -20 20 27 -23 -24 24 -26 -27 -28 -29 29 -31
leaf_value=0.15835588455200197 -0.0037337185196715259 0.0051712755026745117 0.062048829685557971 -0.35482465212161723 -0.1952678530698731 -0.031804240805407363 0.009117677219037135 0.067588996887207028 -0.074665418126925218 -0.029880692052146593 0.095907638393915626 0.065719744364420574 0.079164323233999315 -0.056597247492843478 0.10773634477095172 -0.043021492032583132 -0.0022994978646034728 0.11341235939593566 0.025501600993210125 -0.014287772128685939 0.071878644881340173 0.0071889417455988057 -0.085001058909675173 -0.12587607404903364 -0.033485023963909885 0.020360192287677929 0.032078150370974605 0.0040262009542150678 -0.02988465477338146 0.026545068484788038
leaf_weight=20 7464 941 22 26 21 48 5878 21 223 251 39 30 32 197 44 217 5009 31 257 2153 39 2933 33 38 39 2423 405 157 943 49
leaf_count=20 7464 941 22 26 21 48 5878 21 223 251 39 30 32 197 44 217 5009 31 257 2153 39 2933 33 38 39 2423 405 157 943 49
internal_value=0.000296845 0.00451498 -0.0250623 -0.0749765 -0.0531265 0.0241252 0.00184832 -0.0729496 -0.0624222 0.00474349 0.0196447 -0.0204875 0.000559293 -0.0331943 0.0440009 -0.0142622 0.00151746 0.0103249 0.0349642 -0.0116748 -0.0126495 0.00120461 -0.0153553 -0.0348494 -0.0790806 0.0161114 0.0376848 0.0175275 -0.031985 -0.0270973
internal_weight=29983 25707 4276 359 333 68 21855 265 244 14391 3852 3917 8225 1288 488 2629 7974 6166 288 2412 2382 7942 2186 1266 77 3364 444 196 1189 992
internal_count=29983 25707 4276 359 333 68 21855 265 244 14391 3852 3917 8225 1288 488 2629 7974 6166 288 2412 2382 7942 2186 1266 77 3364 444 196 1189 992
is_linear=0
shrinkage=0.05


Tree=60
num_leaves=31
num_cat=0
split_feature=287 293 66 241 23 232 3 243 42 269 29 86 195 190 10 71 30 42 154 124 191 77 16 13 213 113 287 85 21 74
split_gain=1439.78 549.937 1427.14 396.285 375.686 163.195 153.737 148.115 141.445 98.238 92.3962 89.5146 87.3952 85.8359 81.2571 78.6695 75.3526 80.553 74.9431 81.3893 71.0798 69.0706 68.8135 67.5876 121.117 65.625 63.289 61.7686 61.0968 74.4516
threshold=-8.1300001144409162 -31.456928253173825 -9.4834775924682599 -1.1777239441871641 -5.3147795200347892 5.4653625488281259 1.8239400386810305 -12.427450656890867 -10.034337043762205 -3.6392717361450191 8.5690727233886737 3.5176539421081547 3.9154736995697026 -0.14164382964372632 2.1208578348159794 -4.4657628536224356 -1.1736547350883482 -2.8878431320190425 -2.5387196540832515 -5.5124018192291251 -15.547410964965819 -6.5044498443603507 0.48197607696056372 -3.1376839876174922 -6.298487424850463 -1.3858793973922727 0.095529437065124526 -5.7720015048980704 -1.9401458501815794 -3.1722308397293086
decision_type=2 2 2 2 2 2 2 2 2 2 2 2 2 2 2 2 2 2 2 2 2 2 2 2 2 2 2 2 2 2
left_child=1 2 -1 9 6 13 -4 8 20 26 -7 16 23 18 -6 22 -11 -18 -5 -20 -3 -17 -10 24 -9 -13 28 -19 29 -2
right_child=3 7 4 5 14 10 -8 12 15 11 -12 25 -14 -15 -16 21 17 27 19 -21 -22 -23 -24 -25 -26 -27 -28 -29 -30 -31
leaf_value=-0.52160182952880862 -0.013740361892201933 0.10964741139184862 -0.045244086086750034 0.021042513760222845 -0.075471782530176224 0.049432092768545377 0.14629500427029349 -0.016751911246350833 -0.048645080861007411 0.0097497030864848212 -0.018687106015389428 -0.10336332219684947 0.04495017683506012 0.014903346686978 -0.18864865758589336 0.047070528910710265 -0.02226635094067847 0.041438771475185737 -0.092890971018509433 0.0035256440967009147 -0.01631304919719696 -0.037216738929058212 -0.087922634787180209 -0.019749030424281958 -0.11987202224942546 -0.020062289896304722 -0.058227142090337317 0.00062176711502903194 -0.0078088369549156357 0.010893204427514775
leaf_weight=20 434 21 20 667 29 393 22 70 344 2682 57 29 50 4623 35 26 387 94 22 4295 24 373 165 1984 48 128 57 6643 5350 1046
leaf_count=20 434 21 20 667 29 393 22 70 344 2682 57 29 50 4623 35 26 387 94 22 4295 24 373 165 1984 48 128 57 6643 5350 1046
internal_value=-0.000266714 -0.0318041 -0.134205 0.0035203 -0.0611111 0.0113746 0.0550859 -0.0276487 -0.0440588 -0.00116757 0.0408037 0.0020066 -0.0203815 0.0099961 -0.137365 -0.0483471 0.00260629 -8.302e-05 0.0054443 0.00303429 0.0424685 -0.0317243 -0.0613775 -0.0219356 -0.0586991 -0.0354491 -0.00575944 0.00119128 -0.00532157 0.00366958
internal_weight=30138 3231 126 26907 106 10057 42 3105 953 16850 450 9963 2152 9607 64 908 9806 7124 4984 4317 45 399 509 2102 118 157 6887 6737 6830 1480
internal_count=30138 3231 126 26907 106 10057 42 3105 953 16850 450 9963 2152 9607 64 908 9806 7124 4984 4317 45 399 509 2102 118 157 6887 6737 6830 1480
is_linear=0
shrinkage=0.05


Tree=61
num_leaves=31
num_cat=0
split_feature=296 241 293 66 23 288 183 3 24 124 86 197 141 104 52 28 285 130 39 32 35 55 113 100 20 296 125 265 145 85
split_gain=1272.17 448.675 416.729 1287.99 339.057 169.462 155.294 138.748 100.697 90.8035 83.0132 81.0428 78.7116 150.292 71.9619 72.1929 61.5712 60.686 69.4294 60.2877 85.8535 81.9956 67.3104 65.0383 62.5818 63.0655 59.9136 59.7346 60.0572 59.6063
threshold=-11.783878326416014 -1.1777239441871641 -31.456928253173825 -9.4834775924682599 -5.3147795200347892 -5.0406534671783438 1.1593300700187685 1.8239400386810305 -7.2675812244415274 -8.6044983863830549 3.5176539421081547 11.810581684112551 -12.282333374023436 -7.3072736263275138 4.7775273323059091 -2.4654033184051509 -0.46052721142768854 -6.6958107948303214 4.187568426132203 -2.8371558189392085 -4.4798059463500968 -0.68921568989753712 -2.1350671052932735 -3.2028232812881465 -1.4782072305679319 3.1690196990966801 -6.5805687904357901 -5.9865725040435782 -3.3154902458190914 -8.7241435050964338
decision_type=2 2 2 2 2 2 2 2 2 2 2 2 2 2 2 2 2 2 2 2 2 2 2 2 2 2 2 2 2 2
left_child=2 5 3 -1 7 17 14 -5 -4 -10 19 -8 -6 -14 15 -3 -16 -2 29 22 23 -22 -7 -21 -23 -26 -17 28 -11 -19
right_child=1 6 8 4 12 10 11 -9 9 27 -12 -13 13 -15 16 26 -18 18 -20 20 21 24 -24 -25 25 -27 -28 -29 -30 -31
leaf_value=-0.49552169799804685 -0.031343151985501951 0.023786819752551813 0.034464451052107901 -0.042981854230165484 -0.20711199478669601 -0.0030949734260396263 0.019917215514428838 0.13898024816404692 -0.052261462030203445 -0.023842125194424996 -0.033369377037782352 0.064420625205351925 -0.00018417510119351474 -0.18956518143415452 -0.11372730524412222 -0.077953952586367017 -0.013334960097979224 0.045331619767581717 -0.080132781056796804 0.055369097163731409 -0.0036260722218285158 0.014869562049906367 0.023017141447672921 -0.03415007779938508 0.0017295523731968366 0.070057678573271817 0.0066286997487354643 0.034802233709676847 -0.051770084178777501 -0.009049355432996703
leaf_weight=20 326 651 53 20 22 410 2328 22 552 912 178 107 22 20 21 21 56 51 34 22 5767 1207 620 261 4995 34 6917 37 244 4208
leaf_count=20 326 651 53 20 22 410 2328 22 552 912 178 107 22 20 21 21 56 51 34 22 5767 1207 620 261 4995 34 6917 37 244 4208
internal_value=-0.000253378 0.00242922 -0.0395916 -0.127495 -0.0580556 -0.00227937 0.0108726 0.0523316 -0.0334316 -0.0354937 0.000550168 0.0218728 -0.130497 -0.0903656 0.00737854 0.0078665 -0.0407147 -0.0105456 -0.00896629 0.00100358 2.94667e-05 0.000671255 0.012623 -0.027191 0.00464539 0.0021915 0.00637268 -0.0277353 -0.029737 -0.00839816
internal_weight=30138 28214 1924 126 106 18113 10101 42 1798 1745 13494 2435 64 42 7666 7589 77 4619 4293 13316 12286 12003 1030 283 6236 5029 6938 1193 1156 4259
internal_count=30138 28214 1924 126 106 18113 10101 42 1798 1745 13494 2435 64 42 7666 7589 77 4619 4293 13316 12286 12003 1030 283 6236 5029 6938 1193 1156 4259
is_linear=0
shrinkage=0.05


Tree=62
num_leaves=31
num_cat=0
split_feature=257 5 109 241 0 287 299 14 17 183 7 287 29 155 13 239 183 139 66 21 184 230 230 26 28 239 299 70 144 105
split_gain=1183.88 452.985 1058.31 396.928 166.525 147.169 141.364 268.017 184.391 138.286 111.484 90.3409 84.8581 84.8419 91.0286 82.8654 69.6378 65.5914 65.5785 65.2089 65.1877 65.8239 62.8815 61.489 61.0905 71.3754 64.1856 67.2388 63.1242 60.8777
threshold=-9.7383818626403791 4.2831807136535653 -7.8174824714660636 -1.1777239441871641 5.3673081398010263 -6.6188666820526114 -20.069811820983883 -5.264202117919921 -4.319809913635253 1.1593300700187685 3.3151531219482426 -25.153039932250973 4.897710084915162 -0.94950884580612172 3.4766097068786626 5.8283824920654306 -1.7509596347808836 5.5353577136993417 -3.798481702804565 -4.7449061870574942 -0.21392158418893811 -3.8261219263076778 -7.1706161499023429 5.3256080150604257 -2.4654033184051509 1.4731996655464175 -2.8733040094375606 3.5986166000366215 -1.1730065345764158 -5.9746685028076163
decision_type=2 2 2 2 2 2 2 2 2 2 2 2 2 2 2 2 2 2 2 2 2 2 2 2 2 2 2 2 2 2
left_child=1 4 -3 5 6 13 7 -1 -9 17 11 29 16 -2 22 23 20 24 -13 -18 -7 -22 -15 -11 -5 -26 28 -28 -27 -10
right_child=3 2 -4 9 -6 12 -8 8 10 15 -12 18 -14 14 -16 -17 19 -19 -20 -21 21 -23 -24 -25 25 26 27 -29 -30 -31
leaf_value=0.11937304905482703 -0.010687877178361954 -0.46919504903256898 -0.021836751431990892 0.021887399551761551 0.098008698225021368 -0.0031769607173215159 -0.026069458425891673 -0.20794633939152674 -0.080916616549858683 0.019039718157058731 0.040223668089934758 -0.062199750523536636 -0.032315305050681621 -0.13367578170516276 0.055503919011070615 0.046169895670860481 0.094771744012832643 -0.075465087095896402 -0.01365442406950575 0.0043240272229777789 0.065780084580183029 0.008912821828540583 -0.043987789517534633 -0.025902807863452768 0.0036998941113814718 0.14186142120510339 0.012343741553070713 0.074742645720640821 0.024663453138674851 -0.16916552807973781
leaf_weight=21 2106 20 39 658 24 9551 1408 21 130 2078 28 234 204 22 21 283 20 24 99 5493 60 335 175 79 5827 20 1063 45 27 23
leaf_count=21 2106 20 39 658 24 9551 1408 21 130 2078 28 234 204 22 21 283 20 24 99 5493 60 335 175 79 5827 20 1063 45 27 23
internal_value=-0.000240709 -0.0369513 -0.173484 0.00243441 -0.0328993 -0.0020202 -0.034499 -0.0558458 -0.0627236 0.0103644 -0.0567903 -0.0623796 -0.000278079 -0.0137615 -0.0434548 0.0207313 0.00014469 0.00706393 -0.0477674 0.00465215 -0.00235377 0.0175509 -0.0540037 0.0173937 0.00732319 0.00595062 0.0173056 0.014878 0.0745349 -0.0941828
internal_weight=30138 2047 59 28091 1988 17987 1964 556 535 10104 514 486 15663 2324 218 2440 15459 7664 333 5513 9946 395 197 2157 7640 6982 1155 1108 47 153
internal_count=30138 2047 59 28091 1988 17987 1964 556 535 10104 514 486 15663 2324 218 2440 15459 7664 333 5513 9946 395 197 2157 7640 6982 1155 1108 47 153
is_linear=0
shrinkage=0.05


Tree=63
num_leaves=31
num_cat=0
split_feature=287 287 70 232 23 49 141 259 183 294 265 128 28 143 224 125 292 3 43 32 90 126 95 132 251 20 210 280 102 27
split_gain=1071.4 422.043 1092.95 315.38 305.233 129.472 120.208 119.157 114.52 110.456 107.781 95.5953 87.6921 74.0393 69.3583 68.1928 65.2774 64.6778 64.3658 76.7076 62.9523 62.0334 60.7548 72 58.5252 56.4071 69.9787 55.324 84.2773 62.8251
threshold=-8.1300001144409162 -31.1700325012207 -9.797963619232176 -0.17127806693315503 -4.6826469898223868 -9.2915186882019025 -12.282333374023436 -11.534853458404539 -3.5444117784500118 3.0134986639022832 -25.483474731445309 4.2372357845306405 -4.9482352733612052 4.246666908264161 -8.0190196037292463 -6.8111391067504874 -23.085033416748043 3.0672549009323125 -3.9794754981994624 -4.4343698024749747 2.073317408561707 3.6811032295227055 0.84272149205207836 -1.762443423271179 -8.1756939888000471 -2.7272151708602901 3.3821554183959965 -1.9936260581016538 6.8925981521606454 -3.0256536006927486
decision_type=2 2 2 2 2 2 2 2 2 2 2 2 2 2 2 2 2 2 2 2 2 2 2 2 2 2 2 2 2 2
left_child=1 2 -1 8 5 -4 -6 10 21 25 -3 22 -8 20 -10 -16 -12 24 -17 -20 -9 -2 -11 -24 -18 26 -5 -27 29 -29
right_child=3 7 4 9 6 -7 12 13 14 11 16 -13 -14 -15 15 18 17 -19 19 -21 -22 -23 23 -25 -26 27 -28 28 -30 -31
leaf_value=-0.45615947723388672 -0.0070900573463461933 0.065476586268498352 0.14043166160583495 0.023849251275120477 -0.22654529094696044 -0.030247191667556763 -0.0056654183637528197 -0.015612321235041937 0.070145429147256397 0.036097188450681057 -0.062204324709226017 0.054181721136958599 -0.15195635139942171 0.042203387231738484 -0.061271911188093733 -0.021852154603274047 -0.033115546719004331 0.026439628402392071 0.028237776187241825 0.0017356341362640055 -0.072536446094512944 -0.078090756170211301 -0.065580321437325978 0.014511828431666035 -0.11950331604108216 -0.0040441629020990322 0.11892334960755849 0.052364573456262324 -0.085414508114690368 0.0096789038383759476
leaf_weight=20 4038 26 20 247 20 25 21 1697 37 366 219 227 20 54 43 283 994 45 278 15284 50 31 29 866 20 831 21 88 23 4215
leaf_count=20 4038 26 20 247 20 25 21 1697 37 366 219 227 20 54 43 283 994 45 278 15284 50 31 29 866 20 831 21 88 23 4215
internal_value=-0.000228674 -0.027434 -0.117141 0.00303815 -0.053175 0.0456101 -0.126049 -0.0237937 -0.000144864 0.0122442 -0.0353048 0.024312 -0.0770268 -0.0154592 0.00176792 0.00160868 -0.0373552 -0.0322164 0.00177932 0.00220907 -0.0172415 -0.00763098 0.018935 0.0119167 -0.0348194 0.00893412 0.0312991 0.00777185 0.0100416 0.0105519
internal_weight=30138 3231 126 26907 106 45 61 3105 19994 6913 1304 1488 41 1801 15925 15888 1278 1059 15845 15562 1747 4069 1261 895 1014 5425 268 5157 4326 4303
internal_count=30138 3231 126 26907 106 45 61 3105 19994 6913 1304 1488 41 1801 15925 15888 1278 1059 15845 15562 1747 4069 1261 895 1014 5425 268 5157 4326 4303
is_linear=0
shrinkage=0.05


Tree=64
num_leaves=31
num_cat=0
split_feature=257 5 138 241 0 4 293 4 80 269 178 35 86 121 16 35 44 11 42 113 229 131 154 16 223 82 273 103 201 213
split_gain=967.184 401.669 971.551 331.272 152.37 141.823 209.77 544.108 303.761 121.772 121.273 89.5562 85.0533 81.3281 74.1805 70.1673 115.931 70.2507 69.8324 68.1111 66.7398 62.3557 61.3205 59.7025 57.4924 57.3719 67.4458 73.1273 61.0454 56.379
threshold=-9.7383818626403791 4.2831807136535653 -3.8106862306594844 -1.1777239441871641 5.3673081398010263 4.0899944305419931 -31.456928253173825 0.99194768071174633 -7.6675071716308585 -3.6392717361450191 2.5760505199432377 -4.7836151123046866 3.5176539421081547 -4.5333282947540274 1.4886600971221926 -2.3583962917327876 1.9495469927787783 -0.52002802491188038 -10.034337043762205 -1.3858793973922727 -6.5400302410125724 -8.7296285629272443 1.0936399102211001 -2.4706139564514156 -1.0000000180025095e-35 -2.4775735139846797 3.6419672966003422 1.8633408546447756 3.2503921985626225 -2.7305489778518672
decision_type=2 2 2 2 2 2 2 2 2 2 2 2 2 2 2 2 2 2 2 2 2 2 2 2 2 2 2 2 2 2
left_child=1 4 -3 9 5 6 7 8 -1 22 20 29 23 14 18 16 -12 -17 -8 -14 -5 -16 -2 24 -13 28 -27 -28 -22 -11
right_child=3 2 -4 10 -6 -7 13 -9 -10 11 15 12 19 -15 21 17 -18 -19 -20 -21 25 -23 -24 -25 -26 26 27 -29 -30 -31
leaf_value=0.14205482959747315 -0.0058466899953187462 -0.44529588140547277 -0.016666874939050429 -0.065851922765854873 0.095637859900792446 0.063283365964889524 0.030599977705213763 -0.27525457032625716 -0.12438001523361258 -0.032230293002975731 0.032739576761029725 0.012223618322941684 -0.1016158153116703 -0.010984955402196739 -0.09747672956201095 -1.7791486964185047e-05 0.13885196935046804 0.027731282306034739 -0.032912231503834447 -0.017850105851653995 0.018691959993070006 -0.042836558862359493 -0.037115263268351559 0.0024737478705464219 0.05984721072130355 0.005124669112720066 0.041270321153611698 0.0067080652687401907 0.10728129088878631 0.037918860698118811
leaf_weight=20 7825 20 39 31 24 39 45 31 23 273 117 268 30 441 79 322 33 782 1132 127 702 154 160 9189 83 7479 279 339 20 32
leaf_count=20 7825 20 39 31 24 39 45 31 23 273 117 268 30 441 79 322 33 782 1132 127 702 154 160 9189 83 7479 279 339 20 32
internal_value=-0.00021724 -0.0333984 -0.161965 0.00220068 -0.0295828 -0.031113 -0.0330255 -0.115575 -0.000456832 -0.00186886 0.00944523 0.001807 0.00264608 -0.0297253 -0.0355866 0.0239974 0.0560843 0.0196378 -0.030484 -0.0338563 0.00738326 -0.0613626 -0.00647324 0.0032468 0.023485 0.00764069 0.00643644 0.0223114 0.021146 -0.0248704
internal_weight=30138 2047 59 28091 1988 1964 1925 74 43 17987 10104 10002 9697 1851 1410 1254 150 1104 1177 157 8850 233 7985 9540 351 8819 8097 618 722 305
internal_count=30138 2047 59 28091 1988 1964 1925 74 43 17987 10104 10002 9697 1851 1410 1254 150 1104 1177 157 8850 233 7985 9540 351 8819 8097 618 722 305
is_linear=0
shrinkage=0.05


Tree=65
num_leaves=31
num_cat=0
split_feature=232 187 3 1 186 6 6 239 1 194 296 90 118 292 163 277 19 219 154 37 27 219 213 214 50 130 105 251 189 130
split_gain=786.34 329.832 1752.78 296.875 263.791 163.183 196.054 109.387 99.4185 129.022 107.958 93.0983 78.8196 73.0464 71.532 68.377 67.1077 63.623 80.143 61.4225 61.2085 61.2031 59.4142 65.5406 59.2545 57.9322 57.2804 57.0211 57.2659 65.7571
threshold=-6.2593138217926017 -18.193299293518063 2.2723319530487065 2.2858812808990483 0.26615686714649206 -0.93516045808792103 0.33120369911193853 -3.3526427745819087 3.6270086765289311 -13.073703289031981 -18.697613716125485 0.80870804190635692 -0.55232617259025563 5.4870588779449472 -6.3318789005279532 -3.6605670452117915 -0.34315593540668482 0.96147713065147411 -0.19219361245632169 6.1080379486083993 5.3949859142303476 -1.4330588579177854 -1.5459939837455747 -1.9697272777557371 7.1045882701873788 -6.917292356491088 -1.4847128391265867 -6.2644419670104972 -1.8849495649337766 -5.7264437675476065
decision_type=2 2 2 2 2 2 2 2 2 2 2 2 2 2 2 2 2 2 2 2 2 2 2 2 2 2 2 2 2 2
left_child=1 2 3 5 7 -1 -7 17 10 -10 26 12 22 19 -11 -13 27 18 25 24 -15 -18 -12 -24 -6 -2 -3 -9 -29 -30
right_child=4 8 -4 -5 13 6 -8 16 9 14 11 15 -14 20 -16 -17 21 -19 -20 -21 -22 -23 23 -25 -26 -27 -28 28 29 -31
leaf_value=0.029675485007464888 -0.038985992780252665 -0.037661005682774779 -0.53136159732937815 0.15412416234612467 0.011330228550089777 -0.23854151980951432 -0.033574260132653376 0.041931981814128383 0.1368763065338135 -0.032326790298286244 -0.015959773017918254 -0.039668748780987625 0.026111118768148863 0.039349643210121861 0.03697509675809782 -0.12737268959530271 -0.0049053844274372796 0.031829906476830892 -0.024669653113254093 -0.033305349133231424 -0.010161617639902476 0.0035971595680381278 -0.14142378658056259 -0.013419311717152597 0.093585788119922991 -0.003663541345093876 -0.1006077037885403 0.00070840886971399928 0.095808182216503404 0.0091101711368584398
leaf_weight=30 119 493 20 20 4556 20 28 108 20 76 2315 153 111 399 73 26 4244 110 550 77 74 4222 20 20 22 4731 39 3476 22 3724
leaf_count=30 119 493 20 20 4556 20 28 108 20 76 2315 153 111 399 73 26 4244 110 550 77 74 4222 20 20 22 4731 39 3476 22 3724
internal_value=-0.000233585 -0.0226335 -0.104791 -0.0177363 0.00270178 -0.0618031 -0.118977 0.000251353 -0.0197361 0.0176324 -0.0217239 -0.0175903 -0.015063 0.0128829 0.00162648 -0.0524079 0.0023673 -0.00581462 -0.00658145 0.0109806 0.0316037 -0.00066516 -0.0170037 -0.0774215 0.0117255 -0.00453022 -0.0422755 0.00586973 0.00533045 0.00961934
internal_weight=29898 3464 118 98 26434 78 48 21306 3346 169 3177 2645 2466 5128 149 179 15796 5510 5400 4655 473 8466 2355 40 4578 4850 532 7330 7222 3746
internal_count=29898 3464 118 98 26434 78 48 21306 3346 169 3177 2645 2466 5128 149 179 15796 5510 5400 4655 473 8466 2355 40 4578 4850 532 7330 7222 3746
is_linear=0
shrinkage=0.05


Tree=66
num_leaves=31
num_cat=0
split_feature=232 186 3 10 10 284 299 10 1 90 296 118 183 229 89 138 24 284 130 102 96 26 117 54 159 51 193 133 198 21
split_gain=709.672 265.983 1573.42 278.428 286.685 244.537 111.056 100.685 82.7821 94.8769 72.1312 73.1195 67.918 64.721 69.8498 61.1226 60.6831 55.9265 71.9594 74.069 71.1352 56.1738 54.911 53.3089 74.7601 66.5528 66.4611 60.431 52.5518 55.8546
threshold=-6.2593138217926017 -17.992004394531246 2.3502361774444585 0.058325313031673438 -1.843944728374481 -1.940639793872833 1.6943417787551882 -3.2131005525588985 3.6270086765289311 1.3380784988403323 -18.697613716125485 -0.51414066553115834 -3.3805514574050899 -1.4229501485824583 1.2737990617752077 -4.154693365097045 -6.1560544967651358 4.5861780643463144 -2.3677588701248165 2.0819485187530522 0.60511538386344921 7.3592541217803964 -11.553325176239012 -1.9821724891662595 -5.2998640537261954 -1.8768627047538755 -3.8428537845611568 -9.2618489265441877 10.997220993041994 -0.34941177070140833
decision_type=2 2 2 2 2 2 2 2 2 2 2 2 2 2 2 2 2 2 2 2 2 2 2 2 2 2 2 2 2 2
left_child=1 2 3 4 -1 12 -7 -3 9 10 -9 16 13 -2 -15 -13 -12 18 20 -20 -8 -19 -18 24 26 -26 27 -24 29 -14
right_child=5 7 -4 -5 -6 6 17 8 -10 -11 11 15 28 14 -16 -17 22 21 19 -21 -22 -23 23 -25 25 -27 -28 -29 -30 -31
leaf_value=0.01369497896256772 -0.0052686770062603744 -0.045136687207370546 -0.49927855372428898 0.09600413215120096 -0.21626150545704625 0.005356132025389251 0.0037529570252999018 -0.034485558801453951 0.019026903086488356 -0.056885521668915785 0.040700630265839248 0.10460770871667635 0.0028864619600382155 -0.018923483379940327 -0.084254528387733132 0.0093489833855453664 0.058082126140594485 0.031988953738145427 0.02124907444713476 -0.0018168132314797837 -0.095211573342482259 -0.025618004269070096 -0.049347780629041355 -0.0068762543925291741 -0.054556823425021841 -0.013206236281238185 -0.097955448629142239 -0.0066252819521817642 0.074141844610373181 -0.0046699589275532609
leaf_weight=33 3444 331 20 37 23 9588 46 438 159 149 49 21 6560 370 46 85 25 710 1178 494 30 45 94 857 277 150 23 693 24 3899
leaf_count=33 3444 331 20 37 23 9588 46 438 159 149 49 21 6560 370 46 85 25 710 1178 494 30 45 94 857 277 150 23 693 24 3899
internal_value=-0.000221906 -0.0215018 -0.0969513 -0.0104293 -0.0807514 0.00256669 0.00780449 -0.0189576 -0.0160883 -0.0180398 -0.0159056 -0.0123269 -0.00184873 -0.00751884 -0.0261476 0.028221 -0.0143094 0.0171832 0.0122713 0.0144342 -0.035312 0.0285554 -0.0155814 -0.0164609 -0.0231012 -0.0400309 -0.0141765 -0.0117281 0.000239094 6.95115e-05
internal_weight=29898 3464 113 93 56 26434 12091 3351 3020 2861 2712 2274 14343 3860 416 106 2168 2503 1748 1672 76 755 2119 2094 1237 427 810 787 10483 10459
internal_count=29898 3464 113 93 56 26434 12091 3351 3020 2861 2712 2274 14343 3860 416 106 2168 2503 1748 1672 76 755 2119 2094 1237 427 810 787 10483 10459
is_linear=0
shrinkage=0.05


Tree=67
num_leaves=31
num_cat=0
split_feature=232 187 8 0 0 236 41 293 0 146 236 298 193 128 35 154 27 172 10 292 146 269 258 55 86 119 21 103 90 293
split_gain=640.479 275.931 1632.73 336.129 237.991 224.954 193.27 92.294 90.0894 108.08 116.717 85.6142 81.6362 81.4266 80.0214 76.4631 69.1639 60.7679 61.9693 59.9051 59.3379 81.108 58.0975 57.2604 56.5663 64.5431 66.9989 54.533 52.6397 61.6477
threshold=-6.2593138217926017 -18.193299293518063 1.8508393168449404 2.6982657909393315 0.89432376623153698 0.21514260023832324 -6.2545096874237052 -3.1114125251770015 3.6276496648788457 -10.695317745208738 -10.29679489135742 -7.4637844562530509 -11.476404190063475 3.5698841810226445 -5.1636600494384757 1.1402605175971987 2.5920559167861943 -11.468599796295164 5.459280490875245 -0.75952747464179982 -2.2786043882369991 -2.9371241331100459 3.2423583269119267 -1.6983332633972166 -2.9738903045654292 -0.56946077942848194 2.6333471536636357 1.6436300873756411 6.2381048202514657 5.3436274528503427
decision_type=2 2 2 2 2 2 2 2 2 2 2 2 2 2 2 2 2 2 2 2 2 2 2 2 2 2 2 2 2 2
left_child=1 2 3 4 6 7 -1 15 12 -10 -11 -9 -3 28 -13 19 17 -14 27 -2 -16 23 24 -22 -23 26 -26 -19 29 -7
right_child=5 8 -4 -5 -6 13 -8 11 9 10 -12 14 16 -15 20 -17 -18 18 -20 -21 21 22 -24 -25 25 -27 -28 -29 -30 -31
leaf_value=0.11231607586145401 -0.0030157456489327966 -0.037030187953602182 -0.50727534458041201 0.14254402609971853 -0.20886085920390629 0.0091976296703314645 -0.087045472331585438 0.076941896440126958 0.11563443756103516 -0.054624713147775485 0.046224874065956101 -0.023826634238342949 0.03397896497538596 0.030539148337996327 0.010299808784510079 -0.026842006015708082 -0.041642448086024339 -0.012790733191400935 -0.080700904982430599 0.067762314680924959 -0.027295318339311966 0.024855855802948381 0.048467555833566524 -0.0038780768367571391 -0.0010256235502478668 0.0070909583650085447 -0.040301240874188293 -0.080643706868092233 -0.020485093934195384 0.034327946068237185
leaf_weight=20 8588 550 20 26 21 4225 31 39 25 52 64 277 66 522 2449 343 237 2287 35 30 319 294 72 1437 3559 3769 112 30 140 259
leaf_count=20 8588 550 20 26 21 4225 31 39 25 52 64 277 66 522 2449 343 237 2287 35 30 319 294 72 1437 3559 3769 112 30 140 259
internal_value=-0.000210811 -0.0204268 -0.0955723 -0.0115512 -0.0671968 0.00243835 -0.00886447 0.000170565 -0.0177767 0.0213388 0.00101644 0.00297754 -0.0194975 0.0118198 0.00274279 -0.00369079 -0.0158655 -0.013339 -0.0146668 -0.00276936 0.00335554 0.00157699 0.0037611 -0.00813212 0.00334491 0.00249488 -0.0022239 -0.0136693 0.00970653 0.0106492
internal_weight=29898 3464 118 98 72 26434 51 21288 3346 141 116 12327 3205 5146 12288 8961 2655 2418 2352 8618 12011 9562 7806 1756 7734 7440 3671 2317 4624 4484
internal_count=29898 3464 118 98 72 26434 51 21288 3346 141 116 12327 3205 5146 12288 8961 2655 2418 2352 8618 12011 9562 7806 1756 7734 7440 3671 2317 4624 4484
is_linear=0
shrinkage=0.05


Tree=68
num_leaves=31
num_cat=0
split_feature=232 282 121 47 188 213 189 293 17 275 50 239 290 86 62 289 123 100 31 12 298 39 100 285 82 91 42 105 118 136
split_gain=578.032 233.318 1005.31 295.279 211.898 103.353 107.09 93.0316 77.4082 76.2795 65.5946 64.4723 66.9249 63.9347 61.3153 61.0821 65.5796 97.2302 59.26 59.2521 59.0982 55.9026 55.5313 56.1669 55.3392 69.6688 53.1544 52.1819 50.9741 75.9813
threshold=-6.2593138217926017 -31.844785690307614 -13.598384857177733 -9.0284314155578596 -0.95316264033317555 -21.695130348205563 -10.245764732360838 5.3436274528503427 -0.63795751333236683 -0.93231371045112599 -5.6189978122711173 -3.0885294675827022 1.6967876553535464 -2.5011764764785762 -2.3350297212600704 -1.971102178096771 2.852259755134583 -0.47371736168861384 7.429668903350831 -0.90126049518585194 -1.867647051811218 1.5308496356010439 -2.3323072195053096 -2.3680636882781978 0.61353412270545971 -0.16764245182275769 3.9086101055145268 -4.2301130294799796 -0.49660134315490717 -4.6255056858062735
decision_type=2 2 2 2 2 2 2 2 2 2 2 2 2 2 2 2 2 2 2 2 2 2 2 2 2 2 2 2 2 2
left_child=1 2 -1 -4 14 -3 8 11 -7 28 -5 12 -6 -12 19 21 20 -18 24 -2 -17 27 -13 26 -9 -26 -24 -16 -8 -30
right_child=4 5 3 10 7 6 9 18 -10 -11 13 22 -14 -15 15 16 17 -19 -20 -21 -22 -23 23 -25 25 -27 -28 -29 29 -31
leaf_value=-0.37735748291015625 -0.016002894559512124 0.080513396086516212 0.12803685114933894 -0.14534391723573209 -0.004618565185716998 -0.018696051590004058 -0.013535676237469816 0.00265258631734836 -0.049581296146299053 -0.088099709881300281 0.010884809468326899 0.020861836353529103 -0.089575932919979104 -0.099439640125880635 0.01862022100238625 0.012462569916730419 -0.13656892746686936 -0.0045157997504524563 -0.012970424841528071 -0.00052919435487696123 0.00082458077031319344 -0.0153200888287519 -0.004229014096835803 0.0087996229447195734 0.13330573407445281 0.039347373354362974 0.077958369627594948 -0.0017277926065505393 0.1063407981954515 0.0026314695137522083
leaf_weight=24 1252 27 26 20 679 424 2297 99 389 33 29 790 24 24 327 1870 20 46 73 1223 2618 736 1203 6466 21 326 20 8641 20 151
leaf_count=24 1252 27 26 20 679 424 2297 99 389 33 29 790 24 24 327 1870 20 46 73 1223 2618 736 1203 6466 21 326 20 8641 20 151
internal_value=-0.00020027 -0.0194054 -0.0870357 -0.0166547 0.00231644 -0.0169156 -0.0177094 0.0081958 -0.0334739 -0.0125848 -0.0681886 0.0070317 -0.00751896 -0.0390734 -0.00109214 0.000168889 0.00494612 -0.0445319 0.0287908 -0.0083567 0.00567374 -0.00207302 0.0082381 0.00694109 0.0356262 0.0450336 -0.00288498 -0.000985843 -0.0115751 0.0147612
internal_weight=29898 3464 123 99 26434 3341 3314 9701 813 2501 73 9182 703 53 16733 14258 4554 66 519 2475 4488 9704 8479 7689 446 347 1223 8968 2468 171
internal_count=29898 3464 123 99 26434 3341 3314 9701 813 2501 73 9182 703 53 16733 14258 4554 66 519 2475 4488 9704 8479 7689 446 347 1223 8968 2468 171
is_linear=0
shrinkage=0.05


Tree=69
num_leaves=31
num_cat=0
split_feature=183 3 126 284 1 33 288 7 32 90 244 146 160 107 165 214 28 240 35 283 39 244 225 168 172 105 293 287 275 10
split_gain=529.193 351.807 710.758 221.157 137.452 122.563 87.5685 167.671 231.378 133.844 85.8863 79.1337 69.6204 73.139 66.3515 63.9172 62.1138 59.6532 64.6204 59.2478 58.5285 63.9165 60.9471 56.0256 55.2949 55.1006 53.9938 53.5965 52.7421 52.2313
threshold=-6.4304902553558341 4.3405346870422372 -3.9513725042343135 -1.940639793872833 4.3875579833984384 -4.004941225051879 -22.429322242736813 3.1182672977447514 -9.9406270980834943 -12.84246778488159 0.21456035971641543 0.33685851097106939 -4.2644727230072013 -1.6486080884933469 -0.53630718588829029 -2.6590348482131954 -3.1160783767700191 -2.2882353067398067 1.2465081810951235 2.0887057781219487 -1.3955259919166563 5.7403001785278329 -2.7553158998489375 4.9959816932678232 -1.9463454484939573 -6.8667573928832999 -8.0069775581359846 -31.1700325012207 -2.2536470890045162 0.27170519530773168
decision_type=2 2 2 2 2 2 2 2 2 2 2 2 2 2 2 2 2 2 2 2 2 2 2 2 2 2 2 2 2 2
left_child=1 4 -3 12 6 -6 7 8 -1 -10 11 19 13 14 -2 24 -17 -8 -19 -5 22 -22 25 -18 -13 -14 -24 -11 -21 -12
right_child=3 2 -4 10 5 -7 17 -9 9 27 29 15 20 -15 -16 16 23 18 -20 28 21 -23 26 -25 -26 -27 -28 -29 -30 -31
leaf_value=-0.19799470548276549 -0.0060517517863391294 -0.38013519369065762 0.0413971146196127 0.0061741357222946016 0.15048567214980724 -0.0072187087032943966 -0.016663373575994532 0.087341755921287206 0.053384233290149324 -0.12121280144000877 0.0079296499197813747 0.020093867141339514 -0.079565367915413604 -0.023644555608431497 0.055424109030928884 0.078634370863437664 -0.0014012967410557981 -0.1088204435541647 -0.010071854257257656 0.10617400075901638 -0.0034180203589485483 0.086075060367584236 0.092772163823246961 -0.073822903633117679 -0.050492128323424951 -0.0001237971390035246 0.010153287541690299 -0.047440073754569878 0.024569105055898127 0.018853041233106785
leaf_weight=27 1782 20 20 4640 22 28 2057 21 31 29 2747 36 22 690 45 24 2443 37 30 22 8215 20 20 27 121 2781 1761 163 198 1819
leaf_count=27 1782 20 20 4640 22 28 2057 21 31 29 2747 36 22 690 45 24 2443 37 30 22 8215 20 20 27 121 2781 1761 163 198 1819
internal_value=-0.000190257 -0.0222841 -0.169369 0.00181256 -0.0198778 0.0621712 -0.0215907 -0.0483567 -0.0597554 -0.0430179 0.00687335 0.0035858 -0.00217278 -0.00977548 -0.00453757 -0.00336308 -0.00141514 -0.0181756 -0.0646047 0.00737623 -0.000679996 -0.00320067 0.00384831 -0.00219295 -0.0343068 -0.000747313 0.0110811 -0.0585828 0.0327296 0.0122813
internal_weight=29898 2485 40 27413 2445 50 2395 271 250 223 12077 7511 15336 2517 1827 2651 2494 2124 67 4860 12819 8235 4584 2470 157 2803 1781 192 220 4566
internal_count=29898 2485 40 27413 2445 50 2395 271 250 223 12077 7511 15336 2517 1827 2651 2494 2124 67 4860 12819 8235 4584 2470 157 2803 1781 192 220 4566
is_linear=0
shrinkage=0.05


Tree=70
num_leaves=31
num_cat=0
split_feature=296 29 128 234 82 244 122 9 3 285 21 32 279 131 19 106 238 219 32 97 67 165 10 205 43 18 292 97 2 2
split_gain=541.566 322.157 1312.76 224.294 125.08 120.713 99.2029 91.6681 82.3996 76.4329 76.9293 73.4584 71.1948 65.2314 62.7448 62.6641 58.9442 52.7674 91.5951 60.2673 58.937 53.5214 53.3252 52.4366 51.0465 50.8162 50.6529 49.8168 48.9843 50.9658
threshold=-13.793393135070799 -9.2954568862915021 -13.970980167388914 -0.64192155003547657 -11.055809020996092 -23.315229415893551 -2.2848552465438838 5.8542320728302011 2.3502361774444585 -5.4414703845977774 -2.6762489080429073 -4.6021404266357413 8.4054484367370623 0.17582348734140399 -1.348390996456146 -13.353458404541014 3.0863645076751713 -0.65299925208091725 0.72067973017692577 -0.050857074558734887 2.55049741268158 2.2789902687072758 -1.843944728374481 -3.4122058153152461 1.3378235101699831 1.3065882325172427 -6.4811763763427725 5.4932091236114511 -5.4332797527313224 4.3515465259552011
decision_type=2 2 2 2 2 2 2 2 2 2 2 2 2 2 2 2 2 2 2 2 2 2 2 2 2 2 2 2 2 2
left_child=1 2 -1 6 5 -3 17 9 -4 23 16 14 -9 27 -8 -6 -11 19 -19 20 21 22 25 -5 -25 -2 -21 -12 -17 -30
right_child=3 4 8 7 15 -7 11 12 -10 10 13 -13 -14 -15 -16 28 -18 18 -20 26 -22 -23 -24 24 -26 -27 -28 -29 29 -31
leaf_value=-0.42671267700195314 -0.013648550255059629 0.1236381106906467 -0.049771582195535305 0.049759835563600065 -0.10477718206552358 -0.011870111737932478 0.051541594043374064 0.033392124645637747 0.078705379696419608 0.021736941415639151 0.0036474321319925869 0.00051079685088994368 0.13462325930595398 0.012106098795244746 0.0021124003767967223 0.034714376553893089 0.075384015037167462 0.028831766389062926 -0.013969971952510291 -0.049700057046221838 -0.084408048928404852 0.070229380286258206 -0.0039955603162359502 -0.02035993206004302 -0.10423637438565492 -0.056092330820664962 -0.014591953403514286 -0.042247847672551873 -0.029780215079814321 0.028302992001557965
leaf_weight=25 838 27 24 24 26 42 132 132 26 294 4060 13260 20 3730 125 32 62 271 232 140 24 23 4566 195 20 77 386 60 1195 39
leaf_count=25 838 27 24 24 26 42 132 132 26 294 4060 13260 20 3730 125 32 62 271 232 140 24 23 4566 195 20 77 386 60 1195 39
internal_value=-3.0823e-05 -0.0299953 -0.13088 0.00146996 -0.0244359 0.0411548 -0.00142414 0.00822769 0.0170364 0.00753502 0.00834681 0.00102395 0.046712 0.00731585 0.0275002 -0.0279388 0.03108 -0.00647079 0.00909021 -0.00776368 -0.00622483 -0.00588391 -0.00620331 -0.0203376 -0.0281624 -0.0172203 -0.0239363 0.00297905 -0.0263607 -0.0279445
internal_weight=30107 1436 75 28671 1361 69 20074 8597 50 8445 8206 13517 152 7850 257 1292 356 6557 503 6054 5528 5504 5481 239 215 915 526 4120 1266 1234
internal_count=30107 1436 75 28671 1361 69 20074 8597 50 8445 8206 13517 152 7850 257 1292 356 6557 503 6054 5528 5504 5481 239 215 915 526 4120 1266 1234
is_linear=0
shrinkage=0.05


Tree=71
num_leaves=31
num_cat=0
split_feature=287 189 5 9 288 6 2 183 203 289 28 18 143 211 119 58 128 276 51 81 7 156 293 126 267 271 264 299 22 3
split_gain=493.786 297.493 1497.71 532.699 177.642 128.15 228.922 82.9159 80.2184 71.115 69.0355 68.5737 66.7613 72.3429 62.2163 80.8188 61.3273 74.7623 66.4423 61.2949 61.2417 73.1128 59.0076 58.9398 57.5898 59.1383 54.7033 54.3616 52.8397 50.0972
threshold=-8.7953591346740705 -18.783189773559567 2.1520664691925053 -5.0776300430297843 1.1247058510780337 -0.93516045808792103 0.46511763334274298 -1.9834500551223753 -18.993676185607907 -20.397480964660641 -2.2034518718719478 0.82664707303047191 -2.1900980472564693 -3.6576738357543941 -1.6805061697959898 -3.9427894353866573 3.5698841810226445 10.639276504516603 1.1236898303031924 -7.3851225376129142 0.19815962016582492 -8.3850979804992658 -3.3893837928771968 2.0856442451477055 4.9864704608917245 -3.7945097684860225 -0.75773108005523671 2.5919922590255742 2.0264480113983159 2.050241351127625
decision_type=2 2 2 2 2 2 2 2 2 2 2 2 2 2 2 2 2 2 2 2 2 2 2 2 2 2 2 2 2 2
left_child=1 2 3 -1 7 -5 -7 12 -3 20 22 -11 14 -14 19 -16 18 28 -6 -2 21 -10 -9 -21 25 26 -12 -15 -18 -13
right_child=4 8 -4 5 16 6 -8 10 9 11 24 29 13 27 15 -17 17 -19 -20 23 -22 -23 -24 -25 -26 -27 -28 -29 -30 -31
leaf_value=0.21643662959337237 -0.05284253984563432 0.064992675781249995 -0.469678651118143 0.0184528481491186 0.01543289439355155 -0.2497921773977578 -0.038811913701809114 -0.0014805808083689187 -0.043280626384957326 -0.0099241284425625829 -0.0054787038635856003 -0.037200568119684856 -0.017774087216978467 -0.0032370249185445115 0.081946111208683739 0.0072891102051138553 0.035712273528640585 0.095124015808105478 0.0013595060374340837 -0.0010178569232137402 -0.020223384595398481 -0.12692825336208832 0.020643996867043352 -0.071353377749522537 -0.066080811715895124 0.0035995789206236584 -0.050977908060220734 -0.077170829296112076 -0.0051628723740577698 0.0078707980198992628
leaf_weight=20 59 30 22 27 2085 20 36 437 103 1896 1174 429 1131 4523 37 1789 258 40 1403 4158 180 35 971 30 31 8902 70 25 114 72
leaf_count=20 59 30 22 27 2085 20 36 437 103 1896 1174 429 1131 4523 37 1789 258 40 1403 4158 180 35 971 30 31 8902 70 25 114 72
internal_value=-2.92819e-05 -0.0197555 -0.0951923 -0.015205 0.0020493 -0.0710222 -0.114162 0.000398579 -0.0163203 -0.0172188 0.00340033 -0.0142714 -0.00256051 -0.00645762 0.00108376 0.00880188 0.011927 0.0301703 0.00977207 -0.00223465 -0.0394359 -0.0644956 0.0137772 -0.00152169 0.00196467 0.00217258 -0.00803895 -0.00364343 0.023186 -0.0307232
internal_weight=30107 2870 125 103 27237 83 56 23337 2745 2715 11585 2397 11752 5679 6073 1826 3900 412 3488 4247 318 138 1408 4188 10177 10146 1244 4548 372 501
internal_count=30107 2870 125 103 27237 83 56 23337 2745 2715 11585 2397 11752 5679 6073 1826 3900 412 3488 4247 318 138 1408 4188 10177 10146 1244 4548 372 501
is_linear=0
shrinkage=0.05


Tree=72
num_leaves=31
num_cat=0
split_feature=124 42 5 0 291 89 234 261 285 122 63 277 50 122 112 94 24 89 187 90 146 37 35 189 133 84 152 9 159 275
split_gain=449.253 372.299 1293.53 478.589 168.679 102.461 97.8099 84.5633 88.0895 174.78 80.16 75.5655 66.6981 65.4042 59.8413 58.5723 56.7225 51.4866 57.9977 56.219 51.2571 50.8227 49.934 49.4599 50.852 48.2125 62.2341 58.8545 47.8055 46.8669
threshold=-4.637058973312377 -10.034337043762205 2.1520664691925053 1.7259912490844729 2.9916658401489262 0.18802288174629214 -3.2489600181579585 -11.603794574737547 -30.913211822509762 -11.850000381469725 -2.7678185701370235 0.50231093168258678 -0.90959149599075306 -0.48696662485599512 -0.3048392236232757 -1.3080391883850095 -1.0463398694992063 -2.805686235427856 -11.405581474304197 -4.5700490474700919 -11.741063594818113 6.1080379486083993 -2.9533638954162593 -0.77241179347038258 -5.6776468753814688 1.4842540025711062 2.7628757953643803 1.8454411625862124 1.8862745165824892 5.1946315765380868
decision_type=2 2 2 2 2 2 2 2 2 2 2 2 2 2 2 2 2 2 2 2 2 2 2 2 2 2 2 2 2 2
left_child=1 2 3 -1 6 7 25 8 9 -3 -8 12 -6 16 -15 -14 -13 18 -10 -19 -9 23 -16 24 -12 26 -2 -27 -23 -25
right_child=4 5 -4 -5 11 -7 10 20 17 -11 21 13 15 14 22 -17 -18 19 -20 -21 -22 28 -24 29 -26 27 -28 -29 -30 -31
leaf_value=-0.15992893099784852 -0.003621708727497563 0.13848814566930134 -0.47321389377117157 0.1122242682320731 0.12744266846178409 -0.044747761074039674 0.017314065814755121 0.068909163060395615 -0.035442336278496092 -0.048626859371478745 -0.049600191078349655 -0.064195741051808003 -0.041988587826490405 0.055419890526408222 0.077003788808360701 0.0509669366506608 0.0010832701454578776 -0.12172743276041001 -0.0089026088595178954 -0.040052708253132376 -0.0062761601690188755 -0.10162716436953773 0.013643064972944558 0.0051315287329626027 0.0004433179685353443 -0.041321049232215169 0.063237614887101321 0.0012905591538736037 -0.015169551167915116 0.040680731103775347
leaf_weight=30 6255 24 20 35 24 270 910 23 401 26 51 40 20 102 32 111 198 25 423 134 1574 21 1100 6778 10954 187 35 143 67 94
leaf_count=30 6255 24 20 35 24 270 910 23 401 26 51 40 20 102 32 111 198 25 423 134 1574 21 1100 6778 10954 187 35 143 67 94
internal_value=-2.78178e-05 -0.0184385 -0.12158 -0.0133849 0.00199843 -0.0154154 0.00100233 -0.0124041 -0.0235518 0.0411883 0.00283641 0.0176074 0.0508141 0.0141107 0.0187393 0.0367753 -0.00988799 -0.0268448 -0.0218182 -0.0528946 -0.00519334 0.00210306 0.0154342 0.00228965 0.000211403 -0.00422703 -0.00324968 -0.022856 -0.0358015 0.0056178
internal_weight=30107 2985 85 65 27122 2900 25495 2630 1033 50 18875 1627 155 1472 1234 131 238 983 824 159 1597 17965 1132 17877 11005 6620 6290 330 88 6872
internal_count=30107 2985 85 65 27122 2900 25495 2630 1033 50 18875 1627 155 1472 1234 131 238 983 824 159 1597 17965 1132 17877 11005 6620 6290 330 88 6872
is_linear=0
shrinkage=0.05


Tree=73
num_leaves=31
num_cat=0
split_feature=120 29 296 284 68 250 288 189 87 21 227 165 104 236 190 72 33 1 201 200 44 17 48 126 133 281 229 10 82 70
split_gain=408.676 342.533 1259.28 163.547 116.964 215.354 97.5865 95.7005 80.3863 79.1142 68.0246 65.5733 64.4199 64.2152 68.7273 63.6844 57.9353 57.215 80.447 56.6691 56.2264 53.9209 53.7493 57.2498 53.6142 54.8027 53.4528 50.6935 59.1524 58.8249
threshold=-4.8099005222320548 -9.2954568862915021 -31.423370361328121 3.3229367733001713 -9.3828911781311017 -23.646674156188961 -4.8235688209533683 -14.298860073089598 -0.15301782637834546 -1.3192056417465208 -7.1101174354553214 -10.438464164733885 -2.1326569318771358 -1.1769400835037229 1.0632145404815676 -8.1766662597656232 4.2950716018676767 -0.64379554986953724 -3.1144706010818477 -2.9273612499237056 -7.7775244712829581 -0.70203015208244313 1.0676103234291079 -4.4327449798583975 -4.8858933448791495 -4.1071014404296866 -17.155160903930661 0.46670588850975042 -1.8419184684753416 -4.1061062812805167
decision_type=2 2 2 2 2 2 2 2 2 2 2 2 2 2 2 2 2 2 2 2 2 2 2 2 2 2 2 2 2 2
left_child=1 2 -1 6 5 -3 -2 11 22 10 -8 20 -11 14 -12 -4 24 21 -19 -15 -6 -5 -9 -24 25 -14 -7 28 -26 -30
right_child=3 4 15 17 7 26 9 8 -10 12 13 -13 16 19 -16 -17 -18 18 -20 -21 -22 -23 23 -25 27 -27 -28 -29 29 -31
leaf_value=-0.42202564875284837 -0.0054820993312925392 0.17989185878208705 0.081083096067110699 0.027616714153629845 -0.10579608770517201 -0.053151241143544518 0.099839954227209093 -0.01312873810529709 -0.044487560810879449 -0.0072690054928857472 0.005391209778913564 -0.10956585020632358 -0.070293560039763364 0.044367022685046442 -0.024972759277531596 -0.036690682714635679 -0.016158772536981465 0.11976509158100401 0.021025484910244394 0.012708996159153619 -0.027023950083689258 -0.0074325154651258447 0.10493672765791416 -0.0042742385094364484 0.010030052795266833 0.00047761037693185319 0.035623009388263412 0.007547104217375665 -0.063887788269769499 -0.00069364842702476217
leaf_weight=24 5072 21 24 156 26 30 20 1844 208 2263 3170 37 51 158 198 22 433 21 1166 1342 176 370 20 30 1441 59 39 3844 37 7805
leaf_count=24 5072 21 24 156 26 30 20 1844 208 2263 3170 37 51 158 198 22 433 21 1166 1342 176 370 20 30 1441 59 39 3844 37 7805
internal_value=-2.64269e-05 -0.0193804 -0.128426 0.00172697 -0.0162405 0.0396943 0.000737106 -0.0183909 -0.0149821 0.00225211 0.00781665 -0.0483718 0.000544988 0.00743858 0.00360615 0.0247565 0.00183856 0.0166894 0.0227724 0.0160436 -0.0371629 0.00296231 -0.0117418 0.0394101 0.00242727 -0.0323345 -0.00297449 0.00271856 0.000719114 -0.00099181
internal_weight=30107 2501 70 27606 2431 90 25893 2341 2102 20821 4888 239 15933 4868 3368 46 13670 1713 1187 1500 202 526 1894 50 13237 110 69 13127 9283 7842
internal_count=30107 2501 70 27606 2431 90 25893 2341 2102 20821 4888 239 15933 4868 3368 46 13670 1713 1187 1500 202 526 1894 50 13237 110 69 13127 9283 7842
is_linear=0
shrinkage=0.05


Tree=74
num_leaves=31
num_cat=0
split_feature=287 189 3 9 2 6 131 234 204 289 298 18 19 283 68 59 96 170 143 283 7 156 212 24 165 286 35 298 125 19
split_gain=380.205 261.486 1100.75 353.432 166.103 296.799 132.895 69.7764 67.6111 67.2495 67.8043 66.9577 64.4062 76.4756 60.9872 66.9801 57.6091 56.5884 75.9705 65.5451 56.3193 66.0084 52.6144 50.7041 50.6748 49.0826 53.6616 47.3249 49.5869 53.3933
threshold=-6.6188666820526114 -18.783189773559567 3.0672549009323125 -4.5815114974975577 0.62800472974777233 -0.40485292673110956 0.17582348734140399 -1.6450107693672178 -19.217170715332028 -20.397480964660641 -2.8101634979248042 -2.595789790153503 0.44967871904373174 -10.582926273345945 -3.3463299274444576 0.25529411435127264 7.8037889003753671 -1.8836029171943662 -2.1182352304458614 2.9060180187225346 0.19815962016582492 -8.3850979804992658 -2.6268767118453975 2.0674018859863286 -3.6805710792541499 5.5647974014282235 -2.3583962917327876 -1.0315126180648801 -4.5319678783416739 -2.9730947017669673
decision_type=2 2 2 2 2 2 2 2 2 2 2 2 2 2 2 2 2 2 2 2 2 2 2 2 2 2 2 2 2 2
left_child=1 2 3 -1 5 -5 12 -8 -3 20 23 -6 13 -2 15 -9 -14 27 -19 24 21 -10 -12 -11 -20 -16 -27 -15 -29 -30
right_child=6 8 -4 4 11 -7 7 14 9 10 22 -13 16 17 25 -17 -18 18 19 -21 -22 -23 -24 -25 -26 26 -28 28 29 -31
leaf_value=0.16339369529769535 0.089379977054893978 0.065971537998744431 -0.4247974681854248 0.0029243473318361101 0.072492332234978682 -0.25706394138219568 -0.0019300515911486371 0.021092083147077851 -0.03797468898388056 -0.0072358946437421053 -0.023668942954696594 -0.056888572424650202 -0.0041392481085031655 -0.00030882600701052297 0.0092332058903286315 0.13705226309597493 -0.074814345918852707 0.012630950377857659 -0.026270307356026024 0.024291495934716967 -0.015644997197784772 -0.11735747914229121 -0.10057472082121031 -0.026119769874471007 0.0013041824915152034 0.096058649053940404 0.022158487308561133 -0.070827427271165352 0.045392276621178583 -0.016255073694528305
leaf_weight=21 25 28 20 21 20 23 1208 33 104 3473 61 20 5024 6050 4285 20 29 2185 172 304 181 35 35 396 5323 26 445 38 38 464
leaf_count=21 25 28 20 21 20 23 1208 33 104 3473 61 20 5024 6050 4285 20 29 2185 172 304 181 35 35 396 5323 26 445 38 38 464
internal_value=-2.51055e-05 -0.0135382 -0.0848293 -0.0200735 -0.0659403 -0.132979 0.00231123 0.00881302 -0.0114721 -0.0119781 -0.0101986 0.00780188 0.000320523 0.00200453 0.0115116 0.0648506 -0.00454486 0.00185465 0.00468523 0.00169138 -0.0340269 -0.0579632 -0.0517075 -0.0091687 0.000441068 0.0109172 0.0262379 -0.0015747 -0.0157572 -0.0115885
internal_weight=30107 4438 125 105 84 44 25669 6017 4313 4285 3965 40 19652 14599 4809 53 5053 14574 7984 5799 320 139 96 3869 5495 4756 471 6590 540 502
internal_count=30107 4438 125 105 84 44 25669 6017 4313 4285 3965 40 19652 14599 4809 53 5053 14574 7984 5799 320 139 96 3869 5495 4756 471 6590 540 502
is_linear=0
shrinkage=0.05


Tree=75
num_leaves=31
num_cat=0
split_feature=232 299 280 24 24 214 298 19 21 299 298 298 295 299 297 297 28 36 298 10 297 130 298 107 258 182 151 32 0 99
split_gain=335.774 131.267 120.45 544.322 362.922 121.292 119.804 98.452 107.378 96.7631 99.7438 84.5814 93.7007 81.6641 78.7278 69.008 68.9083 62.8418 61.5792 58.0609 79.2185 88.0463 58.7345 57.6763 54.9661 55.2997 72.1005 77.6347 54.3804 52.9847
threshold=-6.2593138217926017 -1.7444837093353269 -31.180291175842282 -7.2675812244415274 -5.2061274051666251 -21.720379829406735 -1.3654907345771787 -1.9319981336593626 -0.58558624982833851 0.11093683540821077 0.88989949226379406 -1.9558169841766355 0.25795032083988195 -2.5672074556350704 1.9038235545158388 -3.0759154558181758 -3.3201960325241084 4.0809569358825692 -2.9592267274856563 3.7620121240615849 1.5019001364707949 0.028663776814937595 -0.058679733425378792 1.829362750053406 -2.1390144824981685 -8.4160294532775861 -5.9255359172821036 3.622590303421021 0.24976113438606265 -2.7360130548477168
decision_type=2 2 2 2 2 2 2 2 2 2 2 2 2 2 2 2 2 2 2 2 2 2 2 2 2 2 2 2 2 2
left_child=2 11 3 -1 -5 -4 15 -6 -9 10 29 12 13 -2 -12 16 -3 23 -17 20 22 -22 28 24 25 26 27 -7 -13 -8
right_child=1 6 5 4 7 17 9 8 -10 -11 14 19 -14 -15 -16 18 -18 -19 -20 -21 21 -23 -24 -25 -26 -27 -28 -29 -30 -31
leaf_value=-0.23699914180871212 -0.002073284051108753 0.082308620084886971 0.096673767089843765 0.17181669888289081 0.023872795830602232 -0.017030248786223695 0.019835348981654361 -0.18104544458064167 -0.020969605296850206 0.0078471835626543456 -0.056789986118163965 -0.018932584435038296 0.034426496212123611 0.0087075364969384211 0.0015048018035789333 0.077241199991355342 -0.0068304654215733526 -0.050861952541110755 0.019747756220561994 -0.088281293120235207 -0.0069557175804407165 0.10697925666968028 -0.062406087786491427 0.041799175987641018 -0.065431997224688537 -0.0073649921195601724 -0.045339160909255348 0.077988677336411044 -0.0016353813263291089 -0.0022989230530797468
leaf_weight=33 11297 23 25 23 23 940 294 22 20 5188 146 923 196 2080 96 48 378 111 1567 24 39 30 56 48 50 1939 243 22 895 3364
leaf_count=33 11297 23 25 23 23 940 294 22 20 5188 146 923 196 2080 96 48 378 111 1567 24 39 30 56 48 50 1939 243 22 895 3364
internal_value=-0.000244104 0.00166827 -0.0148063 -0.0638224 0.00111894 -0.0130506 0.00582005 -0.0592818 -0.104819 0.00337394 -0.00257663 -0.00129836 0.0001059 -0.000396966 -0.0336648 0.016847 -0.00171775 -0.0138687 0.0214565 -0.0109882 -0.0100335 0.0425812 -0.0119707 -0.0126021 -0.0134197 -0.0125925 -0.0210042 -0.0148573 -0.0104172 -0.000519952
internal_weight=30143 26644 3499 121 88 3378 11104 65 42 9088 3900 15540 13573 13377 242 2016 401 3353 1615 1967 1943 69 1874 3242 3194 3144 1205 962 1818 3658
internal_count=30143 26644 3499 121 88 3378 11104 65 42 9088 3900 15540 13573 13377 242 2016 401 3353 1615 1967 1943 69 1874 3242 3194 3144 1205 962 1818 3658
is_linear=0
shrinkage=0.05


Tree=76
num_leaves=31
num_cat=0
split_feature=232 25 131 81 282 291 124 217 189 127 143 275 105 298 4 180 294 59 168 261 82 124 46 165 68 271 298 231 184 5
split_gain=303.036 151.387 911.46 231.129 287.595 136.846 84.1145 94.8112 69.5763 78.3658 64.9483 64.6751 62.7011 60.6716 60.8019 58.7421 82.0511 57.4683 56.6356 95.2229 52.8062 59.6077 54.3471 51.8852 51.4787 75.9934 55.9437 65.6245 52.18 51.1307
threshold=-6.2593138217926017 -7.9597153663635245 -14.112977981567381 -10.732772827148436 -31.844785690307614 1.6066884994506838 -7.7284233570098868 -22.448380470275875 -1.3681371808052061 -4.5202970504760733 -1.9553447365760801 -0.93231371045112599 -1.8447310328483579 -3.0199682712554927 0.1575686186552048 -1.8729902505874632 -8.7037501335144025 -6.378647804260253 -14.880661010742186 -20.928730964660641 -2.5029568672180171 -6.8495607376098624 -4.8169202804565421 -4.6048612594604483 -2.2684434652328487 -1.9376470446586607 3.4188904762268071 5.5372025966644296 0.594488024711609 -0.59720712900161732
decision_type=2 2 2 2 2 2 2 2 2 2 2 2 2 2 2 2 2 2 2 2 2 2 2 2 2 2 2 2 2 2
left_child=1 2 -1 4 -3 8 7 -5 10 -10 15 18 -9 14 -7 -2 -17 -4 -8 -20 21 -11 -22 -12 25 29 27 -26 -28 -24
right_child=5 3 17 6 -6 13 11 12 9 20 23 -13 -14 -15 -16 16 -18 -19 19 -21 22 -23 24 -25 26 -27 28 -29 -30 -31
leaf_value=-0.31461475917271209 -0.0014565658092765459 0.22432342876087535 0.099450869858264929 -0.1211473959463614 0.015176297701322117 0.10414372431380409 0.070636528188532041 -0.022597505685934709 0.052627303865220812 -0.068332798424221228 -0.027528926049630476 -0.077674233083214084 -0.09417334347963334 0.010617032096990961 0.0052916111690657483 0.10033817853933823 0.0073607180577180539 -0.0039304944073281639 -0.10001596089067132 -0.0088849246354713567 -0.073119664192199715 0.016930537284427869 0.011611381148481195 -0.0045062390553838273 0.0036367059477889481 0.008834507142186282 -0.069469032010861811 0.086446307863419267 -0.0059442058284031726 -0.036792618012987076
leaf_weight=28 5214 22 20 27 65 35 22 698 81 21 254 35 32 2928 28 24 2097 41 29 2480 24 858 68 6699 7615 254 49 24 95 276
leaf_count=28 5214 22 20 27 65 35 22 698 81 21 254 35 32 2928 28 24 2097 41 29 2480 24 858 68 6699 7615 254 49 24 95 276
internal_value=-0.000231899 -0.014066 -0.0784421 -0.0123858 0.0680641 0.00158486 -0.0144921 -0.0291382 0.000310618 0.00366019 -0.00188484 -0.0101713 -0.0257351 0.0116616 0.0602095 0.00139727 0.0084128 0.029965 -0.00923788 -0.00993825 0.00323297 0.0148935 0.0020135 -0.00534728 0.00222865 -0.0119084 0.00331486 0.00389687 -0.0275603 -0.0272244
internal_weight=30143 3499 89 3410 87 26644 3323 757 23653 9365 14288 2566 730 2991 63 7335 2121 61 2531 2509 9284 879 8405 6953 8381 598 7783 7639 144 344
internal_count=30143 3499 89 3410 87 26644 3323 757 23653 9365 14288 2566 730 2991 63 7335 2121 61 2531 2509 9284 879 8405 6953 8381 598 7783 7639 144 344
is_linear=0
shrinkage=0.05


Tree=77
num_leaves=31
num_cat=0
split_feature=287 14 157 25 131 282 81 10 14 140 154 257 260 178 47 121 52 252 1 153 229 36 41 9 3 210 262 21 270 281
split_gain=273.833 130.31 288.116 231.464 1712.61 124.067 107.508 136.979 100.997 68.4981 60.6858 89.0175 61.0292 58.1626 62.1377 57.5461 61.1224 56.427 55.5735 55.5313 54.3409 51.8699 84.7872 57.7409 64.3964 58.6735 57.6676 59.5017 56.422 51.9075
threshold=-8.7953591346740705 -5.264202117919921 -14.020479679107664 -7.9597153663635245 -14.112977981567381 -0.66770586371421803 -10.732772827148436 0.058325313031673438 -2.1949346065521236 -14.804442405700682 1.3423614501953127 -5.3402366638183585 -11.153710842132567 3.0304685831069951 4.5468065738677987 -0.91342338919639576 3.499407291412354 -3.7012666463851924 0.3242823481559754 -5.0766665935516349 -0.79499849677085865 0.50478434562683117 2.3166013956069951 7.6594340801239023 5.322418451309205 -2.7651662826538081 -12.721077442169188 1.9391641616821291 -11.560588359832762 -7.924313783645629
decision_type=2 2 2 2 2 2 2 2 2 2 2 2 2 2 2 2 2 2 2 2 2 2 2 2 2 2 2 2 2 2
left_child=1 2 -1 4 -3 10 7 8 -5 -8 12 17 -2 14 19 -16 -17 -12 -14 -7 -15 22 23 24 25 26 27 28 -11 -27
right_child=5 3 -4 6 -6 13 9 -9 -10 21 11 -13 18 20 15 16 -18 -19 -20 -21 -22 -23 -24 -25 -26 29 -28 -29 -30 -31
leaf_value=0.21239265441894531 0.051874866283365663 -0.500126953125 -0.031019850700132308 0.057541246960560483 0.036432279389480064 0.056245915315769335 -0.084989792960030702 0.14641137735351273 -0.078947802276714996 -0.023430100766512064 -0.037598095956395884 -0.0085482054671350248 -0.0025805201833070551 -0.046965006499473633 -0.08290310268186861 0.028460553916645988 -0.052470408068146818 -0.12949993869532711 0.0030898007970514064 0.0053479627665411235 0.021581669749658822 -0.028623160765026558 0.060083516487261152 -0.093094448135657759 0.065050979896827982 -0.016906673122536055 -0.0045968885532017938 0.023904318280983716 -0.093564554738501712 -0.10778024616651237
leaf_weight=20 56 20 31 33 58 54 35 23 23 650 61 768 11247 30 36 51 43 23 7017 7044 798 528 41 22 27 33 1247 64 30 30
leaf_count=20 56 20 31 33 58 54 35 23 23 650 61 768 11247 30 36 51 43 23 7017 7044 798 528 41 22 27 33 1247 64 30 30
internal_value=-0.000220304 -0.0147852 0.064436 -0.0161959 -0.101147 0.001339 -0.0138176 0.0436775 0.00148324 -0.0154955 -0.000848842 -0.0138932 -0.000242194 0.00654572 0.00510779 -0.0291481 -0.00856106 -0.0627617 -0.000401992 0.00573518 0.0190981 -0.0145852 -0.0111281 -0.0125164 -0.0116645 -0.012673 -0.0111697 -0.0221863 -0.0265243 -0.0601798
internal_weight=30143 2915 51 2864 78 27228 2786 79 56 2707 19172 852 18320 8056 7228 130 94 84 18264 7098 828 2672 2144 2103 2081 2054 1991 744 680 63
internal_count=30143 2915 51 2864 78 27228 2786 79 56 2707 19172 852 18320 8056 7228 130 94 84 18264 7098 828 2672 2144 2103 2081 2054 1991 744 680 63
is_linear=0
shrinkage=0.05


Tree=78
num_leaves=31
num_cat=0
split_feature=287 14 157 280 68 23 299 298 23 299 298 298 117 12 297 297 136 299 58 23 298 299 293 117 25 83 57 258 229 298
split_gain=247.134 117.605 260.025 210.216 832.559 168.342 111.088 105.556 83.1533 80.5479 113.602 76.8561 68.2719 67.2616 65.4486 64.2811 97.5478 63.2432 62.7577 59.7083 58.9467 57.4212 76.5235 74.4774 53.5731 53.3804 53.0465 96.3529 49.4263 48.7831
threshold=-8.7953591346740705 -5.264202117919921 -14.020479679107664 -31.180291175842282 -9.3828911781311017 -4.6826469898223868 -1.8511817455291746 -1.4546182751655576 -2.5811463594436641 0.11093683540821077 0.88989949226379406 -1.9558169841766355 1.863193213939667 4.1870114803314218 -3.4402146339416499 1.0923901796340945 -1.0558496117591856 0.17099658399820331 1.1512941122055056 3.1424686908721928 0.053636357188224799 -2.5672074556350704 1.5732843279838564 -1.2039214968681333 -3.0031617879867549 0.35242155194282537 3.6185309886932377 -4.2392547130584708 -0.40985295176506037 0.16215688735246661
decision_type=2 2 2 2 2 2 2 2 2 2 2 2 2 2 2 2 2 2 2 2 2 2 2 2 2 2 2 2 2 2
left_child=1 2 -1 4 -3 -6 11 13 -7 10 -9 21 -12 14 24 20 -17 -16 -14 -5 -13 22 25 -24 -8 26 28 -28 -2 -11
right_child=6 3 -4 19 5 8 7 9 -10 29 12 15 18 -15 17 16 -18 -19 -20 -21 -22 -23 23 -25 -26 -27 27 -29 -30 -31
leaf_value=0.20177301287651064 -0.0015619495199273832 -0.36624759492420017 -0.029468855550212249 -0.01082658129292203 0.061432205560879832 -0.14424519911408426 0.045698693936521359 -0.00036338243001566477 -0.020278593032590806 0.019847704732394597 -0.048367129526470778 -0.012521253349568355 0.068831115805854409 0.099982678371927022 0.016309046204119153 -0.025088511904080707 0.084727138884010775 0.074485679684827721 -0.041108267616480593 -0.042968862372286185 -0.085713328607380401 0.0075885565943051006 -0.021581751887093895 0.091981057654179285 -0.013343249631449334 -0.010658840682875637 0.10953168517042851 -0.033123096935451034 0.015832986728126455 0.0050597988160949589
leaf_weight=20 9867 21 31 2596 39 24 44 4013 31 635 199 1568 27 23 1745 39 42 48 25 153 28 1992 22 42 303 1510 29 20 426 4581
leaf_count=20 9867 21 31 2596 39 24 44 4013 31 635 199 1568 27 23 1745 39 42 48 25 153 28 1992 22 42 303 1510 29 20 426 4581
internal_value=-0.000209289 -0.014046 0.0612142 -0.0153861 -0.0816162 -0.0180284 0.00127205 0.00496707 -0.0743731 0.002693 -0.00240445 -0.00148837 -0.0350372 0.0149339 0.0140198 -0.0116 0.0318529 0.0178665 0.0159756 -0.0126155 -0.0138053 -0.000269125 -0.00158269 0.0529438 -0.00585666 -0.00187713 -0.000594947 0.0513052 -0.000842019 0.00686009
internal_weight=30143 2915 51 2864 115 94 27228 11643 55 9480 4264 15585 251 2163 2140 1677 81 1793 52 2749 1596 13908 11916 64 347 11852 10342 49 10293 5216
internal_count=30143 2915 51 2864 115 94 27228 11643 55 9480 4264 15585 251 2163 2140 1677 81 1793 52 2749 1596 13908 11916 64 347 11852 10342 49 10293 5216
is_linear=0
shrinkage=0.05


Tree=79
num_leaves=31
num_cat=0
split_feature=124 3 0 291 24 4 63 35 232 279 289 189 145 18 136 23 170 118 114 5 14 93 44 227 143 180 295 82 183 1
split_gain=236.725 583.664 150.057 107.635 97.4821 107.565 164.796 137.74 342.063 192.285 70.7776 60.9647 72.1367 66.6693 64.8309 58.7746 57.6429 52.7246 51.9613 57.4757 57.9363 51.2076 67.3913 55.0641 50.7119 59.9554 55.2973 50.5759 47.9978 48.7621
threshold=-4.9854321479797354 4.3405346870422372 5.3673081398010263 1.6066884994506838 0.37803922593593603 3.6814450025558476 -3.9214960336685176 -10.132076263427733 -23.513594627380368 -30.528203964233395 -25.158457756042477 -1.3681371808052061 -2.5091148614883418 2.068112969398499 -5.3912599086761466 1.2157025933265688 -0.55841910839080799 -3.92426586151123 1.8705882430076601 0.170182079076767 -1.1068001985549925 -2.3600000143051143 0.34018553793430334 -0.5772385001182555 -2.1645592451095577 -1.8729902505874632 -8.7386126518249494 -3.7913955450057979 -6.0001661777496329 0.3242823481559754
decision_type=2 2 2 2 2 2 2 2 2 2 2 2 2 2 2 2 2 2 2 2 2 2 2 2 2 2 2 2 2 2
left_child=1 2 4 11 5 7 -7 8 -1 -9 -11 13 14 18 -13 -12 -16 -5 24 -20 -21 22 23 -19 25 -2 -27 -15 -28 -30
right_child=3 -3 -4 17 -6 6 -8 9 -10 10 15 12 -14 27 16 -17 -18 21 19 20 -22 -23 -24 -25 -26 26 28 -29 29 -31
leaf_value=-0.25307003021240237 -0.0012532408649567064 -0.27696128118605839 0.10720683978154109 -0.055800134005645909 -0.030653487529073445 0.17495140850543978 -0.023357035761529751 0.11405159235000611 0.0023942056455110248 -0.06543818560513584 -0.0059380078336395059 0.077734597982504428 0.0015080215021556589 -0.063414633384457339 0.0047036847218031369 -0.050038340612302862 0.027544832411368736 0.086829955740408471 5.942751886323095e-06 0.10131272656673736 0.025002936316114655 0.009594556767122786 0.11353860075275105 -0.0080936150215566161 -0.0045404811583878392 0.079131984178509029 -0.061916727914164464 -0.013049952087946882 0.0022661837958293193 0.019441114337541941
leaf_weight=20 5169 21 26 30 630 20 22 32 38 55 1731 39 8115 54 834 79 413 22 170 33 101 2854 27 50 7148 28 24 648 1011 699
leaf_count=20 5169 21 26 30 630 20 22 32 38 55 1731 39 8115 54 834 79 413 22 170 33 101 2854 27 50 7148 28 24 648 1011 699
internal_value=-0.000198824 -0.0144005 -0.0123222 0.00118365 -0.0135052 -0.00809535 0.0710756 -0.00979621 -0.0856969 -0.00747558 -0.00956076 9.1227e-05 0.00325158 -0.00187831 0.0142539 -0.00786283 0.0122686 0.0101508 -0.00114396 0.019308 0.0437956 0.0108209 0.0461729 0.0209108 -0.00158557 0.00146186 0.00942687 -0.0169242 0.0083013 0.00928681
internal_weight=30143 2674 2653 27469 2627 1997 42 1955 58 1897 1865 24486 9401 15085 1286 1810 1247 2983 14383 304 134 2953 99 72 14079 6931 1762 702 1734 1710
internal_count=30143 2674 2653 27469 2627 1997 42 1955 58 1897 1865 24486 9401 15085 1286 1810 1247 2983 14383 304 134 2953 99 72 14079 6931 1762 702 1734 1710
is_linear=0
shrinkage=0.05


Tree=80
num_leaves=31
num_cat=0
split_feature=239 124 5 4 68 9 85 3 206 154 13 100 121 60 6 2 31 209 65 85 182 131 143 4 80 19 91 212 87 296
split_gain=201.547 96.0981 404.618 178.87 108.501 147.924 79.0739 78.9273 74.5698 70.3493 68.7246 64.9732 54.4008 56.0471 54.4536 48.7144 48.2707 48.0078 52.695 46.2243 61.932 46.1505 52.0752 47.7305 52.0832 57.4447 47.7172 45.8294 45.7177 47.8972
threshold=-3.5852940082550044 -7.7284233570098868 3.5245882272720341 3.6814450025558476 -9.3828911781311017 -5.7444336414337149 -8.0011482238769513 1.5638359189033511 2.2105431556701665 -5.4517626762390128 -1.8104575276374815 -13.283158302307127 -5.152228355407714 -3.4230901002883907 0.058467520400881774 1.527901351451874 -4.1898431777954093 0.34222221374511724 -0.079006526619195924 1.3310196399688723 1.4746539592742922 -1.2574811577796934 -1.7403528690338133 -0.96939393877983082 -2.137026190757751 -1.0219117403030393 -2.0768750905990596 -3.7142651081085201 -3.7458332777023311 -0.62783494591712941
decision_type=2 2 2 2 2 2 2 2 2 2 2 2 2 2 2 2 2 2 2 2 2 2 2 2 2 2 2 2 2 2
left_child=1 2 3 4 5 -1 -3 -7 9 -2 17 -6 -11 14 -14 -10 -13 18 -8 -12 -21 22 23 24 25 -15 28 -24 29 -23
right_child=8 6 -4 -5 11 7 10 -9 15 12 19 16 13 21 -16 -17 -18 -19 -20 20 -22 26 27 -25 -26 -27 -28 -29 -30 -31
leaf_value=0.15001374959945679 0.02698963529258859 0.037153436441337111 -0.23829267762956166 0.1245193898677826 -0.097095077268538943 0.026710886237296189 -0.014510141173559296 -0.082644894786856396 0.0083623730516448613 -0.027889833915528031 -0.0019257666921460783 -0.002208806394566944 0.0030787442083865836 0.0034895466624939144 0.03566221324766071 0.028404813016799681 -0.030725730830110362 0.053616501050798793 -0.048595596107661281 -0.023415360594304598 0.059221690148115159 -0.0019740546794112207 -0.0215168437045632 0.0049749680382379542 0.0020444456513819525 -0.040262817186326377 0.0023202050874116141 -0.0036307362244994389 0.014773694123597284 -0.088214742836758633
leaf_weight=20 277 113 21 22 31 66 769 22 1601 155 5775 201 278 119 238 374 567 23 133 410 24 69 396 3545 467 203 9000 3746 1277 21
leaf_count=20 277 113 21 22 31 66 769 22 1601 155 5775 201 278 119 238 374 567 23 133 410 24 69 396 3545 467 203 9000 3746 1277 21
internal_value=0.000376915 -0.0063054 -0.021258 -0.016352 -0.0197689 0.0272686 -0.00434528 -0.000628059 0.00289345 0.00196894 -0.00500261 -0.0261269 0.00161378 0.00185 0.0181076 0.0121578 -0.0232623 -0.0177171 -0.019536 -0.00310844 -0.0188456 0.0014048 -0.00133182 0.00249952 -0.00862274 -0.0240935 0.00364224 -0.00534076 0.0123462 -0.0220969
internal_weight=29963 8197 950 929 907 108 7247 88 21766 19791 7134 799 19514 19359 516 1975 768 925 902 6209 434 18843 8476 4334 789 322 10367 4142 1367 90
internal_count=29963 8197 950 929 907 108 7247 88 21766 19791 7134 799 19514 19359 516 1975 768 925 902 6209 434 18843 8476 4334 789 322 10367 4142 1367 90
is_linear=0
shrinkage=0.05


Tree=81
num_leaves=31
num_cat=0
split_feature=232 206 19 61 3 0 125 53 10 292 100 105 5 291 1 29 98 21 2 90 170 146 59 298 299 12 202 166 39 149
split_gain=187.767 83.9589 76.3272 228.445 1045.49 177.273 133.801 95.2463 73.9572 67.8558 63.7716 69.1031 61.8892 58.3499 57.9906 57.6755 55.8086 50.9029 48.8018 51.1222 46.4447 74.7463 60.8093 57.5254 76.9817 70.1304 75.2891 85.9551 67.3573 61.9802
threshold=-5.3234324455261222 2.2105431556701665 -4.9702308177947989 -9.3611159324645978 2.050241351127625 3.6276496648788457 -13.582657814025877 -9.908411502838133 1.2524790763854983 -23.085033416748043 -13.283158302307127 -4.7976672649383536 2.4573068618774419 0.80816191434860241 3.1717889308929448 4.4565327167510995 -2.7136210203170772 -2.4228568077087398 1.527901351451874 -1.6874117851257322 -0.58688241243362416 -2.1365807056426998 -4.6887581348419181 -9.435269355773924 -8.1945657730102521 -1.1795201301574705 -4.7283694744110099 -4.213742494583129 -1.7080241441726682 3.929207563400269
decision_type=2 2 2 2 2 2 2 2 2 2 2 2 2 2 2 2 2 2 2 2 2 2 2 2 2 2 2 2 2 2
left_child=2 15 5 4 6 -1 -4 8 -5 10 -9 12 -12 14 -11 20 -13 -17 19 -3 23 -22 -23 25 -25 -2 27 -27 -26 -30
right_child=1 18 3 7 -6 -7 -8 9 -10 13 11 16 -14 -15 -16 17 -18 -19 -20 -21 21 22 -24 24 28 26 -28 -29 29 -31
leaf_value=0.0045550521954085474 -0.015604927200853588 0.044500982598657465 0.085671484059300917 0.0015701336963545708 -0.40765248686075212 0.16453829884529114 -0.058641722963915933 -0.11959283828735352 0.13591698910109701 -0.008660127101061137 -0.026111665358881892 -0.12591160410749061 0.047207754850387577 -0.087191741038923687 0.020639574115222457 0.053886314233144134 -0.024181013869551515 -0.021032066490592027 0.028092708762486776 0.0059321370483854463 0.016901143353612449 0.083852456898792935 0.0024109599681758826 -0.033106126770209736 0.0057287922354986552 0.033691243247853386 0.0080491297957250626 0.1482863378012553 -0.0017774537521774462 -0.07146274100523442
leaf_weight=129 63 91 29 21 20 20 36 20 20 3680 162 28 35 23 177 24 26 410 375 1538 1076 23 6606 178 3795 36 59 30 11201 32
leaf_count=129 63 91 29 21 20 20 36 20 20 3680 162 28 35 23 177 24 26 410 375 1538 1076 23 6606 178 3795 36 59 30 11201 32
internal_value=0.00035807 0.00200588 -0.00914943 -0.010375 -0.0915256 0.0260293 0.00574417 -0.0087295 0.0671052 -0.00947853 -0.0336676 -0.0268209 -0.0130854 -0.00778904 -0.00731555 0.00116926 -0.0769302 -0.0168891 0.0118303 0.00808669 0.00150855 0.00467762 0.00269353 -7.7623e-05 -0.000417479 0.027411 0.049091 0.0857799 -3.02968e-05 -0.00197597
internal_weight=29963 25537 4426 4277 85 149 65 4192 41 4151 271 251 197 3880 3857 23533 54 434 2004 1629 23099 7705 6629 15394 15206 188 125 66 15028 11233
internal_count=29963 25537 4426 4277 85 149 65 4192 41 4151 271 251 197 3880 3857 23533 54 434 2004 1629 23099 7705 6629 15394 15206 188 125 66 15028 11233
is_linear=0
shrinkage=0.05


Tree=82
num_leaves=31
num_cat=0
split_feature=239 13 284 179 53 2 105 291 271 240 154 60 154 7 20 57 21 94 11 142 86 79 9 13 1 9 125 204 24 92
split_gain=169.401 82.511 293.538 131.66 99.2633 200.43 136.117 71.3959 65.5742 65.2928 61.1895 66.848 59.839 58.3355 74.459 52.5343 68.2153 54.8709 50.6383 50.6063 49.4249 52.6399 48.3475 47.7791 64.2485 46.3211 46.3009 61.4114 46.07 45.4254
threshold=-3.5852940082550044 -1.8871204257011411 -31.191353797912594 -18.191617965698239 -9.908411502838133 1.4543449282646181 -13.219009876251219 -13.321770668029783 3.0352660417556767 4.8624303340911874 1.2352353334426882 -8.0559492111206037 -5.4517626762390128 -0.92313721776008595 -1.1746113300323484 -0.66117647290229786 -1.3014332652091978 -4.0916340351104727 -1.0678073763847349 -2.7390196323394771 3.5176539421081547 5.7115688323974618 -5.0776300430297843 0.51022410392761242 0.62470588088035595 -3.1235848665237422 1.4532679915428164 -3.229117631912231 -2.8511155843734737 -5.4726226329803458
decision_type=2 2 2 2 2 2 2 2 2 2 2 2 2 2 2 2 2 2 2 2 2 2 2 2 2 2 2 2 2 2
left_child=1 2 -1 -4 5 -3 -6 13 10 12 11 -9 -2 14 29 23 22 18 -18 -12 21 -19 -17 24 -14 -16 -13 -28 -25 -8
right_child=9 4 3 -5 6 -7 7 8 -10 -11 19 26 15 -15 25 16 17 20 -20 -21 -22 -23 -24 28 -26 -27 27 -29 -30 -31
leaf_value=-0.18745269775390627 0.025237409893329857 0.16135265351169639 0.10976337251209078 -0.016569402725800226 -0.12072528076171876 -0.022338336604562675 0.030626445190579284 0.083996947951938794 0.084475360404361377 0.020787357595778003 -0.1051513158157468 -0.0020229852234352592 -0.0053730669303384306 -0.0093544305762143336 -0.12435862975703045 0.072510419040918359 -0.084059235024632833 0.0032194522178296174 -0.011542600242609389 -0.021068015282644945 -0.01220773273963642 0.063801469281315804 0.01065232220382604 -0.022879556061760075 0.006007294342387468 -0.046314277004982751 0.088197981317838042 0.0044462009347402132 0.008760399020825007 -0.045370919711422181
leaf_weight=25 279 27 21 1150 25 33 51 23 22 485 20 5524 5515 814 22 32 33 8993 89 170 533 36 2453 124 1600 140 33 65 1594 32
leaf_count=25 279 27 21 1150 25 33 51 23 22 485 20 5524 5515 814 22 32 33 8993 89 170 533 36 2453 124 1600 140 33 65 1594 32
internal_value=0.000340166 -0.00578612 -0.0179232 -0.0143038 -0.00371272 0.0603226 -0.00426626 -0.00384528 -0.0016851 0.0026473 -0.00200996 -0.00107059 0.00223389 -0.0157926 -0.0371829 0.0019283 0.00405883 0.00216248 -0.0311578 -0.0299189 0.0025876 0.003461 0.0114489 -0.00100688 -0.00281389 -0.0569129 -0.00141861 0.0326483 0.00647672 0.00132626
internal_weight=29963 8197 1196 1171 7001 60 6941 6916 5857 21766 5835 5645 21281 1059 245 21002 12169 9684 122 190 9562 9029 2485 8833 7115 162 5622 98 1718 83
internal_count=29963 8197 1196 1171 7001 60 6941 6916 5857 21766 5835 5645 21281 1059 245 21002 12169 9684 122 190 9562 9029 2485 8833 7115 162 5622 98 1718 83
is_linear=0
shrinkage=0.05


Tree=83
num_leaves=31
num_cat=0
split_feature=232 206 18 248 66 8 5 78 294 229 293 70 3 55 29 91 37 10 28 94 155 158 54 230 6 16 284 90 18 135
split_gain=156.263 72.784 70.9749 149.876 146.686 1046.49 81.2449 206.324 80.5644 61.2443 58.0659 56.8617 55.2761 53.45 51.6381 57.8512 62.3484 49.1719 48.1887 52.6217 46.8446 47.4701 45.1693 44.8974 43.39 44.1208 43.3627 56.0163 69.1301 53.9944
threshold=-5.3234324455261222 2.2105431556701665 -5.7930390834808341 -18.122357368469235 -9.4834775924682599 0.79178377985954296 2.4573068618774419 -5.9693026542663565 -25.985345840454098 -1.2919281125068662 -26.054705619812008 -6.4236843585968009 0.18463455140590671 -1.1705884933471677 4.4565327167510995 -0.16764245182275769 2.459719300270081 1.4618628025054934 2.8749341964721684 -4.8269350528717032 -0.20660329610109326 -2.2096078395843501 -2.1580523252487178 -8.8750438690185529 -1.0753703713417051 3.0502550601959233 -2.7611560821533199 -2.5149819850921626 3.5925490856170659 -4.9546151161193839
decision_type=2 2 2 2 2 2 2 2 2 2 2 2 2 2 2 2 2 2 2 2 2 2 2 2 2 2 2 2 2 2
left_child=2 14 3 -1 5 10 8 -8 11 18 -4 12 -6 -11 23 16 -16 -13 20 -20 24 -22 -17 -2 25 -10 27 28 -25 -28
right_child=1 -3 4 -5 6 -7 7 -9 9 13 -12 17 -14 -15 15 22 -18 -19 19 -21 21 -23 -24 26 -26 -27 29 -29 -30 -31
leaf_value=0.15728241682052613 0.076250503063201913 0.010973692212454575 0.079448423331434093 -0.014298034395490376 -0.046379126872665981 -0.39277737636468379 0.14325021320375905 0.0039169621433510389 -0.01283050391266205 -0.12489855080842971 -0.015101897559173766 -0.049748013941746841 0.056792534855194393 -0.025586957304871372 -0.002491339296102524 -0.093296012444340659 0.097006976380944257 -0.13729347275651022 0.046459756198931827 -0.034173883913114426 -0.080172031547962916 -0.009852772493780193 -0.020729277513286667 0.0051828310987680065 -0.0017494283459320718 -0.075659718647085386 0.031813989871644355 -0.0035839632013234196 -0.083772800795056612 0.0028540082125999146
leaf_weight=20 20 2004 22 35 37 20 29 317 766 20 62 53 20 42 74 23 20 23 22 252 42 56 317 3010 2559 29 163 7084 22 12800
leaf_count=20 20 2004 22 35 37 20 29 317 766 20 62 53 20 42 74 23 20 23 22 252 42 56 317 3010 2559 29 163 7084 22 12800
internal_value=0.000323158 0.00182639 -0.00835016 0.0480949 -0.00906041 -0.0677308 -0.00763043 0.0155952 -0.00967992 -0.00833696 0.00966128 -0.0479291 -0.0101785 -0.057623 0.00104744 -0.0160397 0.0186785 -0.076242 -0.00751685 -0.0276997 -0.00591485 -0.0399896 -0.0256382 0.00136848 -0.00491923 -0.0151224 0.00130359 -0.00114981 0.00453737 0.00321816
internal_weight=29963 25537 4426 55 4371 104 4267 346 3921 3788 84 133 57 62 23533 434 94 76 3726 274 3452 98 340 23099 3354 795 23079 10116 3032 12963
internal_count=29963 25537 4426 55 4371 104 4267 346 3921 3788 84 133 57 62 23533 434 94 76 3726 274 3452 98 340 23099 3354 795 23079 10116 3032 12963
is_linear=0
shrinkage=0.05


Tree=84
num_leaves=31
num_cat=0
split_feature=121 3 4 171 202 63 47 91 68 269 287 228 5 24 37 211 13 182 14 92 218 285 13 22 28 298 236 297 44 121
split_gain=143.43 258.465 111.17 81.4506 72.9206 62.8857 67.4867 56.0075 52.9128 104.614 58.0072 62.5998 61.3757 52.5387 50.976 53.0877 49.6067 47.5493 47.2631 46.6341 55.237 48.5976 55.6816 45.5212 44.6245 44.275 54.7929 43.0373 46.5707 45.8623
threshold=-3.8170065879821773 4.3405346870422372 4.0899944305419931 -6.4634966850280753 0.43690195679664617 3.5297124385833745 1.9788741469383242 4.5074117183685312 -9.3828911781311017 -26.602128982543942 -18.830647468566891 -11.175980567932127 2.4573068618774419 -4.4192156791687003 -2.5339393615722652 -4.424304485321044 3.1982523202896123 0.03312561288475991 5.4243910312652597 0.599419265985489 5.1133179664611825 -3.8419907093048091 3.1982523202896123 1.3042646646499636 5.7177453041076669 -1.0315126180648801 0.25833883881568914 -31.235121726989743 -2.4659477472305293 -11.712275028228758
decision_type=2 2 2 2 2 2 2 2 2 2 2 2 2 2 2 2 2 2 2 2 2 2 2 2 2 2 2 2 2 2
left_child=1 2 7 -4 5 13 -7 8 9 -1 11 12 27 -2 25 -16 -12 -8 -15 20 -17 -21 24 -18 -23 26 -6 29 -29 -10
right_child=4 -3 3 -5 14 6 17 -9 10 -11 16 -13 -14 18 15 19 23 -19 -20 21 -22 22 -24 -25 -26 -27 -28 28 -30 -31
leaf_value=0.129456787109375 0.020609721348241527 -0.16576666831970216 0.14307876796949479 0.0020900240540504453 0.033742143472601828 -0.012607237423613946 -0.13957340577617289 -0.076517972151438407 -0.021146676540374758 0.0035242973489964264 -0.0075215439323116752 -0.10889776003631679 0.058911627937446948 0.00024109114446413754 -0.027621029742548001 0.012259994108688027 0.08847464098093602 -0.033051142147318885 0.075289760317121243 -0.035503264318538619 0.069104246117851958 0.0041718702568013218 0.032368671104132413 -0.0092489140108227737 -0.022185507383502542 0.013085457440699983 0.1216172984490792 -0.0097606291648644952 -0.053880788676906377 -0.12694167863754999
leaf_weight=20 324 26 21 20 68 161 20 30 20 94 3230 22 22 20573 115 1488 26 22 21 79 44 2637 166 22 171 159 24 237 80 21
leaf_count=20 324 26 21 20 68 161 20 30 20 94 3230 22 22 20573 115 1488 26 22 21 79 44 2637 166 22 171 159 24 237 80 21
internal_value=0.000307 -0.00864777 -0.00759082 0.0743038 0.00164341 0.000363157 -0.0273318 -0.00846887 -0.0079308 0.0256177 -0.00897007 -0.0268959 -0.0221484 0.000631925 0.007105 0.00593255 -0.00677173 -0.083776 0.000317619 0.00677413 0.0138926 0.00320208 0.00423023 0.0436847 0.00256677 0.0290592 0.0566661 -0.0271297 -0.0208951 -0.0753344
internal_weight=29963 3891 3865 41 26072 21121 203 3824 3794 114 3680 402 380 20918 4951 4700 3278 42 20594 4585 1532 3053 2974 48 2808 251 92 358 317 41
internal_count=29963 3891 3865 41 26072 21121 203 3824 3794 114 3680 402 380 20918 4951 4700 3278 42 20594 4585 1532 3053 2974 48 2808 251 92 358 317 41
is_linear=0
shrinkage=0.05


Tree=85
num_leaves=31
num_cat=0
split_feature=183 15 187 3 160 57 170 182 240 28 80 29 146 42 153 21 200 146 284 32 230 86 35 68 12 276 236 242 133 18
split_gain=168.486 85.287 223.202 818.453 189.119 91.1662 86.7233 80.6925 74.4057 59.352 63.1102 51.7115 60.2696 49.7653 61.1107 49.0856 71.5915 57.0555 48.8025 47.3485 60.5981 45.563 51.2498 49.9057 64.5322 46.0338 45.5527 61.088 55.7068 51.6246
threshold=-4.4348862171173087 -4.5539116859436026 -18.193299293518063 2.050241351127625 -17.418751716613766 -9.3845095634460431 -17.520806312561032 -7.776378631591796 4.8624303340911874 1.4583006501197817 2.6816179752349858 0.024000034667551521 -7.1289839744567862 2.018912792205811 -4.6752102375030509 -1.5060309171676634 -1.8119263648986814 -2.0275163650512691 0.4599547684192658 0.44912192225456243 -5.7892472743988028 -6.3120834827423087 -1.6033230423927305 -2.1873656511306758 -0.35624140501022333 3.6161174774169926 -2.8818445205688472 1.4134444594383242 0.98701053857803356 1.2440227866172793
decision_type=2 2 2 2 2 2 2 2 2 2 2 2 2 2 2 2 2 2 2 2 2 2 2 2 2 2 2 2 2 2
left_child=1 4 3 5 -1 -3 -4 -2 15 10 13 19 -13 -8 -15 26 18 -18 21 20 -11 -17 -23 24 -24 -25 27 28 29 -9
right_child=7 2 6 -5 -6 -7 9 8 -10 11 -12 12 -14 14 -16 16 17 -19 -20 -21 -22 22 23 25 -26 -27 -28 -29 -30 -31
leaf_value=0.17541900634765628 -0.062520103065335023 0.077168183099655882 0.070541436331612736 -0.36941983684897428 0.00021487278724784283 -0.043618575911052893 -0.0064278209296136915 0.0045727446752994901 0.021674631047977632 -0.03810155029807772 -0.082134772616404075 0.031539637943108878 -0.020987050671522556 0.096006770551204684 0.00784957075248594 -0.065784308711687722 0.012181005298990154 0.0014079162622887128 0.014452015313800876 -0.0080962194239391997 -0.13779792818758224 0.0031678799458776394 -0.027784804026036121 -0.0039904891583525271 -0.0012246513489595394 -0.078180723353510811 0.0095519655912166233 -0.084872611718518398 -0.049760656090418125 -0.024537276095115995
leaf_weight=20 49 21 35 20 67 61 3747 1846 458 35 27 60 608 25 92 30 1399 10115 364 34 27 1862 557 4800 388 21 3068 21 53 166
leaf_count=20 49 21 35 20 67 61 3747 1846 458 35 27 60 608 25 92 30 1399 10115 364 34 27 1862 557 4800 388 21 3068 21 53 166
internal_value=-6.5717e-05 -0.00857027 -0.009461 -0.0826333 0.0404917 -0.0126854 -0.00786962 0.00158105 0.00170595 -0.00845918 -0.00595743 -0.0212004 -0.0162691 -0.00542513 0.0266866 0.00133553 0.000190441 0.00271689 -0.00343578 -0.0555143 -0.0815177 -0.00428603 -0.00404416 -0.00637313 -0.0168797 -0.00431366 0.00567596 -2.47079e-05 0.000838152 0.00217102
internal_weight=30076 4879 4792 102 87 82 4690 25197 25148 4655 3891 764 668 3864 117 24690 19536 11514 8022 96 62 7658 7628 5766 945 4821 5154 2086 2065 2012
internal_count=30076 4879 4792 102 87 82 4690 25197 25148 4655 3891 764 668 3864 117 24690 19536 11514 8022 96 62 7658 7628 5766 945 4821 5154 2086 2065 2012
is_linear=0
shrinkage=0.05


Tree=86
num_leaves=31
num_cat=0
split_feature=183 15 127 3 202 34 1 297 182 219 9 299 50 89 30 276 82 29 207 211 107 96 10 267 28 157 29 35 204 42
split_gain=152.059 76.9715 204.795 951.073 175.905 95.404 117.26 89.9732 72.8251 66.5016 92.0146 58.0164 57.5014 68.0497 52.8834 50.6813 59.8383 50.3586 59.2018 56.7106 73.017 57.4052 55.9487 53.4613 48.9298 54.849 52.8842 55.993 48.8596 52.2485
threshold=-4.4348862171173087 -4.5539116859436026 -13.75740337371826 1.9259387254714968 -19.371787071228024 -10.012892246246336 3.1717889308929448 -31.235121726989743 -7.776378631591796 2.6853431463241582 5.3875885009765634 -31.38612079620361 0.15586519241333011 4.0625953674316415 -3.2612440586090083 7.2115347385406503 1.9921470284461977 -1.9922903776168821 -0.55172383785247792 -3.8448284864425655 -1.5725817084312437 0.77420860528945934 2.8984314203262334 6.155994415283204 1.4583006501197817 -8.8814525604248029 -0.17611411213874814 0.23755279183387759 -3.8389509916305538 2.5550245046615605
decision_type=2 2 2 2 2 2 2 2 2 2 2 2 2 2 2 2 2 2 2 2 2 2 2 2 2 2 2 2 2 2
left_child=1 4 3 11 -1 6 -4 14 -2 17 12 -3 13 -11 -7 16 -12 18 22 20 -19 -22 -10 -21 -9 -26 27 -27 -20 -30
right_child=8 2 5 -5 -6 7 -8 24 9 10 15 -13 -14 -15 -16 -17 -18 19 28 23 21 -23 -24 -25 25 26 -28 -29 29 -31
leaf_value=0.16859558105468753 -0.059394123602886588 0.059881125556098092 -0.0034956715124494888 -0.37878792399451849 -0.00037722943434074743 -0.14044733166694642 0.14085325505584478 -0.0053437689267283473 0.0044423132533868235 0.027922369759062156 0.10613968782126904 -0.031073309898376467 0.0026343809317978884 -0.037839393976122834 -0.025465372800827026 0.10862964987754822 0.0040954330680417084 0.00088601620068708663 0.095809847329344069 0.0008731977266556658 -0.020461384168898249 0.016951486963386598 -0.03138912187090942 -0.06954281628131867 0.033698790876761725 -0.09843887593597174 -0.01807766805864975 -0.007991095472659384 0.014402343450497174 0.087115759345201355
leaf_weight=20 49 27 34 21 67 20 24 3835 3992 462 20 50 1396 43 20 32 51 1233 21 16104 1019 114 112 27 46 44 643 28 496 26
leaf_count=20 49 27 34 21 67 20 24 3835 3992 462 20 50 1396 43 20 32 51 1233 21 16104 1019 114 112 27 46 44 643 28 496 26
internal_value=-6.24312e-05 -0.00814176 -0.00898795 -0.0805247 0.0384671 -0.00749443 0.0562349 -0.00829173 0.001502 0.00162066 0.0103585 0.000819804 0.00786462 0.0223229 -0.0829564 0.0563865 0.0328403 0.00086406 0.00551726 -0.000304963 -0.00753391 -0.016697 0.00346446 0.000755336 -0.00764191 -0.0192232 -0.022628 -0.0632647 0.0210324 0.0180241
internal_weight=30076 4879 4792 98 87 4694 58 4636 25197 25148 2004 77 1901 505 40 103 71 23144 4647 18497 2366 1133 4104 16131 4596 761 715 72 543 522
internal_count=30076 4879 4792 98 87 4694 58 4636 25197 25148 2004 77 1901 505 40 103 71 23144 4647 18497 2366 1133 4104 16131 4596 761 715 72 543 522
is_linear=0
shrinkage=0.05


Tree=87
num_leaves=31
num_cat=0
split_feature=181 14 183 4 296 14 240 154 42 21 72 165 12 297 84 282 143 239 263 153 96 29 55 130 279 110 10 183 164 119
split_gain=153.212 82.9347 172.027 535.618 136.457 103.855 64.9627 63.516 58.2167 54.8417 56.4463 53.9386 60.8686 59.2815 44.6639 42.9431 60.8065 60.4623 59.9583 59.3718 50.0503 48.7394 46.9152 44.1393 43.7517 42.5806 42.365 55.1219 51.132 43.4233
threshold=-5.3282430171966544 -5.264202117919921 -18.803227424621578 2.3359535932540898 -21.308869361877438 -2.4362008571624751 4.8624303340911874 0.24372788518667224 -0.62608173489570607 -5.2005603313446036 -0.61461633443832386 -17.491509437561032 -0.17179273068904874 -31.235121726989743 -3.6266589164733882 -0.66770586371421803 -1.8716293573379514 2.3042156696319585 2.6638045310974126 -5.2692968845367423 0.80681371688842785 4.2154366970062265 -3.3230785131454463 -1.2038970589637754 -4.5139751434326163 -3.392903089523315 -4.3017647266387931 -4.8480472564697257 -0.061029417440295212 -4.3597388267517081
decision_type=2 2 2 2 2 2 2 2 2 2 2 2 2 2 2 2 2 2 2 2 2 2 2 2 2 2 2 2 2 2
left_child=1 4 3 5 -1 -3 9 11 -9 10 14 12 -4 -13 -2 16 17 -11 19 -18 24 23 -22 -21 -17 -26 27 29 -28 -15
right_child=6 2 7 -5 -6 -7 -8 8 -10 15 -12 13 -14 26 -16 20 18 -19 -20 21 22 -23 -24 -25 25 -27 28 -29 -30 -31
leaf_value=0.15069830360866729 0.051681792795319453 0.072423602268099782 -0.013488708809018136 -0.29391599663279278 -0.0081171365160691115 -0.053707861549714034 0.019788430156812493 -0.12443186894059183 -0.029512319941603072 0.0021213173425767575 0.084453196603900355 -0.079944077853498788 0.10839167670125055 -0.034731315769771537 -0.028327326781141599 -0.041488831642676485 -0.040955254793459295 0.072069802928355436 -0.049131462245549956 -0.0058386060824213055 -0.05851461922421175 -0.028371214754879477 0.00047307582099675348 0.0010893245586768713 0.036015149040052492 0.0075987089068534769 -0.0075426607952750442 -0.10744157494469123 0.050116100022420056 0.045908296927809719
leaf_weight=21 33 24 20 22 38 51 461 20 84 8996 39 29 21 101 37 44 102 31 71 4262 34 180 3923 4992 137 3493 2729 22 39 20
leaf_count=21 33 24 20 22 38 51 461 20 84 8996 39 29 21 101 37 44 102 31 71 4262 34 180 3923 4992 137 3493 2729 22 39 20
internal_value=-5.93096e-05 -0.0103281 -0.0114172 -0.0769803 0.0484104 -0.0133458 0.0011809 -0.00935572 -0.0477661 0.000855654 0.0362483 -0.00801568 0.0489378 -0.00880993 0.00939126 0.000708774 -0.000585021 0.00236153 -0.00335368 -0.00301284 0.00386807 -0.00260261 -3.37682e-05 -0.00210139 0.00807046 0.00867118 -0.00810127 -0.0346392 -0.00673027 -0.0214025
internal_weight=30076 3241 3182 97 59 75 26835 3085 104 26374 109 2981 41 2940 70 26265 18634 9027 9607 9536 7631 9434 3957 9254 3674 3630 2911 143 2768 121
internal_count=30076 3241 3182 97 59 75 26835 3085 104 26374 109 2981 41 2940 70 26265 18634 9027 9607 9536 7631 9434 3957 9254 3674 3630 2911 143 2768 121
is_linear=0
shrinkage=0.05


Tree=88
num_leaves=31
num_cat=0
split_feature=181 5 16 19 214 211 9 230 60 21 29 233 73 14 236 90 131 64 133 154 35 102 194 97 16 36 21 11 287 66
split_gain=138.274 104.682 459.538 88.6375 250.325 61.887 56.2995 82.5944 56.5056 50.8053 54.1119 64.7304 57.2122 51.0863 76.5591 56.2263 57.3399 53.6386 50.9159 49.9067 47.3944 46.4386 45.8419 45.4181 45.187 83.0372 43.7629 43.8177 42.2483 53.3216
threshold=-5.3282430171966544 4.2831807136535653 -0.079140804708003984 -4.9702308177947989 -21.720379829406735 1.246157228946686 5.8542320728302011 2.8790137767791752 -3.4230901002883907 -1.5060309171676634 -1.26694118976593 0.27422325313091284 -6.1042263507843009 -0.33735294640064234 -10.29679489135742 -3.3014352321624751 -2.0386765003204341 -1.4472849965095518 1.639816999435425 1.1402605175971987 -4.4798059463500968 0.29413546621799475 -0.26440106332302088 1.9848693013191225 2.3265266418457036 -3.7947058677673335 1.4624533057212832 -1.9050812721252439 -20.283954620361325 0.96693331003189098
decision_type=2 2 2 2 2 2 2 2 2 2 2 2 2 2 2 2 2 2 2 2 2 2 2 2 2 2 2 2 2 2
left_child=1 3 -3 4 -1 9 8 -8 -7 10 11 12 -2 14 -11 16 26 22 -14 24 -12 -19 -16 -21 28 -26 27 -15 -5 -30
right_child=5 2 -4 19 -6 6 7 -9 -10 13 20 -13 18 15 17 -17 -18 21 -20 23 -22 -23 -24 -25 25 -27 -28 -29 29 -31
leaf_value=0.19417940139770509 -0.055708899555934804 -0.26488865174353127 0.053903732219567672 -0.024705403896928567 0.0025223846539207131 0.03961714526184467 -0.0076428099060958299 0.074599657497472244 0.0046524166866456574 0.089308755607767548 -0.02102690565325048 0.038168619149787864 0.0086651009293023575 -0.037876945674758071 -0.0080425774825991486 0.00049013689200398875 0.035231277112625851 0.00031902670405745825 -0.040358383991514091 -0.115926225195151 0.0012045765007045908 -0.010276895738025755 -0.029938439421907621 -0.020052535757422447 -0.10387853420141974 -0.018772940438480004 -0.06355100404471159 0.016281522686031426 -0.0068303726858585699 0.03684947865290774
leaf_weight=20 36 20 26 326 115 119 53 72 3986 22 274 176 2762 44 2085 7889 242 5278 54 21 1917 1286 270 30 33 218 23 247 2360 72
leaf_count=20 36 20 26 326 115 119 53 72 3986 22 274 176 2762 44 2085 7889 242 5278 54 21 1917 1286 270 30 33 218 23 247 2360 72
internal_value=-5.63442e-05 -0.00981167 -0.0847017 -0.00873344 0.030916 0.00112186 0.0066726 0.0397289 0.00566601 8.31641e-05 0.00440958 0.00874036 0.00692431 -0.00121556 -0.00384964 0.00157323 0.0169411 -0.00407943 0.00772502 -0.0104827 -0.00157563 -0.0017569 -0.0105529 -0.0595299 -0.00965137 -0.0299621 0.00284483 0.00809261 -0.00780293 -0.00553722
internal_weight=30076 3241 46 3195 135 26835 4230 125 4105 22605 5219 3028 2852 17386 8941 8445 556 8919 2816 3060 2191 6564 2355 51 3009 251 314 291 2758 2432
internal_count=30076 3241 46 3195 135 26835 4230 125 4105 22605 5219 3028 2852 17386 8941 8445 556 8919 2816 3060 2191 6564 2355 51 3009 251 314 291 2758 2432
is_linear=0
shrinkage=0.05


Tree=89
num_leaves=31
num_cat=0
split_feature=181 5 68 68 270 119 46 171 79 286 148 10 16 89 183 124 50 44 181 167 298 291 220 183 18 57 20 20 143 211
split_gain=124.792 94.4758 451.705 93.5735 118.696 59.0001 67.3058 54.2863 48.1708 47.143 46.4101 45.3047 42.8601 67.9736 69.2017 43.6486 71.4103 41.8388 41.5736 47.7489 40.7993 83.1604 65.2717 48.1314 48.0185 44.6664 41.6975 41.2141 40.9985 55.3084
threshold=-5.3282430171966544 4.2831807136535653 -2.3578506708145137 -9.3828911781311017 -26.847174644470211 0.40169729292392736 -4.3977506160736075 -9.1925487518310529 -4.3025197982788077 -12.127352714538572 2.7226666212081914 6.6533613204956064 2.3265266418457036 -4.2137789726257315 -7.6570217609405509 -10.439087390899656 -9.1782693862915021 -2.503617405891418 0.27691835165023809 -0.18844256550073621 -10.344181060791014 -7.2801027297973624 -4.2997984886169425 -4.4348862171173087 0.94726333022117626 1.3289705514907839 3.3304085731506352 -3.4462332725524898 -1.8716293573379514 -3.8448284864425655
decision_type=2 2 2 2 2 2 2 2 2 2 2 2 2 2 2 2 2 2 2 2 2 2 2 2 2 2 2 2 2 2
left_child=1 3 -3 4 -1 7 -7 -2 9 -9 12 20 15 14 -14 -5 -17 -15 19 -11 21 24 -23 25 27 26 -22 -10 -25 -30
right_child=5 2 -4 10 -6 6 -8 8 11 18 -12 -13 13 17 -16 16 -18 -19 -20 -21 23 22 -24 28 -26 -27 -28 -29 29 -31
leaf_value=0.14593152046203614 0.074978815445986891 -0.25911126088351016 0.056952424777241856 -0.029699674090325548 0.012822598392523608 -0.038418897674527282 0.0061410109486004262 -0.057380575540920964 0.08654746681451797 0.016036476670774989 -0.075273542989183359 -0.0740999712120919 -0.032469379553391089 0.021375135725194758 -0.15002399046151413 0.080009353160858165 -0.0066424168577727209 -0.029384927977958032 0.068462278752787306 -0.041846463182254844 -0.0055911421658553931 0.14502935501791181 0.024324904258052508 0.0027703676522814334 -0.034915480438481881 -0.039835933988744562 -0.060040550249525239 0.010336963075456347 -0.01469407016133417 -0.0010749897414782702
leaf_weight=20 24 20 26 207 103 86 5798 23 20 571 27 21 31 55 21 24 2552 155 35 38 1509 21 24 7262 54 110 36 157 804 10242
leaf_count=20 24 20 26 207 103 86 5798 23 20 571 27 21 31 55 21 24 2552 155 35 38 1509 21 24 7262 54 110 36 157 804 10242
internal_value=-5.3527e-05 -0.00932108 -0.0804666 -0.00829677 0.0344663 0.00106576 0.00548973 -0.000176689 -0.00026288 0.0129582 -0.010009 -0.000698143 -0.00943026 -0.0287637 -0.0799434 -0.00761015 -0.0058351 -0.0160906 0.0154703 0.0124247 -0.000621981 0.0184704 0.0806536 -0.000885945 0.00635678 -0.00905163 -0.00685987 0.0189483 -0.000147786 -0.00206628
internal_weight=30076 3241 46 3195 123 26835 5884 20951 20927 667 3072 20260 3045 262 52 2783 2576 210 644 609 20239 276 45 19963 231 1655 1545 177 18308 11046
internal_count=30076 3241 46 3195 123 26835 5884 20951 20927 667 3072 20260 3045 262 52 2783 2576 210 644 609 20239 276 45 19963 231 1655 1545 177 18308 11046
is_linear=0
shrinkage=0.05


Tree=90
num_leaves=31
num_cat=0
split_feature=273 152 282 288 261 219 132 19 215 186 104 19 258 66 7 294 104 57 10 18 263 203 184 15 287 15 9 4 168 114
split_gain=108.902 77.0704 72.4807 68.6627 78.8814 66.7929 72.2482 53.5256 59.7897 69.9532 78.7085 53.5135 244.906 194.201 622.249 60.9751 51.9445 50.9577 49.2663 47.4432 62.7966 47.0644 44.916 44.5316 54.9944 72.1776 68.9421 73.861 79.4126 46.4859
threshold=-4.0657761096954337 -6.2701375484466544 -9.0226273536682111 4.125218629837037 -1.5695154666900633 -0.65299925208091725 -3.7238464355468746 -0.34315593540668482 3.4927303791046147 -0.73383718729019154 4.288311481475831 -4.9702308177947989 -24.390618324279782 -9.4834775924682599 1.0472269058227541 0.85035979747772228 -2.9596273899078365 -9.3845095634460431 1.0859476923942568 -2.7981863021850581 -4.8132610321044913 -2.252917885780334 0.50861111283302318 4.3520243167877206 -18.830647468566891 3.2421431541442876 5.8542320728302011 1.7676176428794863 -17.768627166748043 1.6830926537513735
decision_type=2 2 2 2 2 2 2 2 2 2 2 2 2 2 2 2 2 2 2 2 2 2 2 2 2 2 2 2 2 2
left_child=5 16 -3 7 22 11 -7 -4 9 10 19 12 -1 14 17 23 -2 -13 -11 20 -9 -10 -5 24 25 26 27 -15 -29 -26
right_child=1 2 3 4 -6 6 -8 8 21 18 -12 13 -14 15 -16 -17 -18 -19 -20 -21 -22 -23 -24 -25 29 -27 -28 28 -30 -31
leaf_value=0.182281494140625 0.074219530863595798 0.069129135943949233 0.004186150862305683 -0.0081304327289505717 0.017795604747646663 0.088235481083393102 0.010275819831354133 -0.11013897579649222 -0.07405874608366779 0.0020752309654780954 -0.062390200767133919 0.060317313152810803 0.00073698884952142375 -0.033773620497071888 -0.32436303636524833 0.063853195795672946 0.010215900392469134 -0.040960498937164191 0.015467078829987333 -0.0023701829659427413 -0.01456486673696953 -0.012758340072373746 -0.095428502624449518 0.036928318813443183 -0.0052456504608831894 0.07107531428337098 -0.11232401691377164 0.10328331947326662 -0.0062365650820235411 0.018266205128747971
leaf_weight=21 61 40 8185 41 977 34 236 23 33 3233 56 23 161 328 20 32 66 27 872 6591 68 612 23 62 7865 20 22 20 96 216
leaf_count=21 61 40 8185 41 977 34 236 23 33 3233 56 23 161 328 20 32 66 27 872 6591 68 612 23 62 7865 20 22 20 96 216
internal_value=0.000130401 0.00212603 0.00188841 0.00175856 0.0142729 -0.00440742 0.020093 0.00109636 -0.00110505 -0.00022529 -0.00335995 -0.0051496 0.0216844 -0.00570897 -0.0886557 -0.00503857 0.0409578 0.00562729 0.00491998 -0.00286523 -0.038721 -0.0158946 -0.0395032 -0.00529405 -0.00559962 -0.021935 -0.0259269 -0.0216459 0.0126462 -0.00461719
internal_weight=30064 20881 20754 20714 1041 9183 270 19673 11488 10843 6738 8913 182 8731 70 8661 127 50 4105 6682 91 645 64 8629 8567 486 466 444 116 8081
internal_count=30064 20881 20754 20714 1041 9183 270 19673 11488 10843 6738 8913 182 8731 70 8661 127 50 4105 6682 91 645 64 8629 8567 486 466 444 116 8081
is_linear=0
shrinkage=0.05


Tree=91
num_leaves=31
num_cat=0
split_feature=256 86 9 15 127 5 263 56 30 59 287 114 111 270 132 149 231 85 228 137 183 125 235 190 266 69 154 210 127 77
split_gain=100.508 76.9526 81.4957 148.579 125.968 969.913 174.64 98.4686 154.723 76.4605 70.2551 62.6537 54.2673 53.1594 52.6925 47.4922 46.3304 44.7208 44.0486 43.1956 53.4585 43.6048 42.1709 41.2466 41.1256 58.7785 49.0754 47.1829 46.8171 52.7627
threshold=-3.492581725120544 2.4822969436645512 -7.0902607440948477 -1.2456220984458921 -13.75740337371826 1.6879487037658694 -25.146682739257809 -9.1355042457580549 -9.3843035697936994 -2.6489111185073848 -18.830647468566891 0.82365176081657421 2.9850411415100102 -6.8433899879455558 -0.41042506694793696 1.0535408258438113 -10.716374874114988 -8.7241435050964338 -8.1163668632507306 -2.7989324331283565 1.7408601045608523 -3.6051797866821285 0.41568815708160406 -4.3747057914733878 -0.096286781132221208 -1.7773768901824949 0.94281041622161876 -5.2046079635620108 1.5996791720390322 -0.98109450936317433
decision_type=2 2 2 2 2 2 2 2 2 2 2 2 2 2 2 2 2 2 2 2 2 2 2 2 2 2 2 2 2 2
left_child=1 2 3 -1 5 6 -4 8 -6 -3 16 18 17 15 -14 -13 -9 -12 -2 20 22 -21 -15 -23 26 -26 28 -28 -19 -30
right_child=11 9 4 -5 7 -7 -8 10 -10 -11 12 13 14 19 -16 -17 -18 24 -20 21 -22 23 -24 -25 25 -27 27 -29 29 -31
leaf_value=0.15459902021507532 -0.060898372736470453 -0.113056418299675 0.13806882338090376 0.0010447891028597951 0.17458707809448243 -0.37097332704812291 -0.026993002363685837 -0.019027242596907298 0.0011366084218025208 -0.022111529369766899 0.025556445205128276 0.095688779873307803 -0.091961256922646006 0.035235621348709799 0.00793690395287492 0.0081215645372867597 -0.093415108729492546 -0.0028546577391200655 0.00078290395786084961 -0.038448951840400702 0.10903351634740831 0.05891847169479808 -0.035758725956727105 0.0058995662631906864 -0.019086954193854973 0.044240164593354149 -0.094871564615856524 -0.01818170913039719 0.07868067456056943 0.0050404119790649756
leaf_weight=23 29 26 22 50 20 20 59 431 36 208 143 32 33 107 22 30 22 8703 15107 55 20 37 26 4284 56 106 22 227 37 71
leaf_count=23 29 26 22 50 20 20 59 431 36 208 143 32 33 107 22 30 22 8703 15107 55 20 37 26 4284 56 106 22 227 37 71
internal_value=0.000123881 -0.00386987 -0.00321332 0.0494249 -0.00359643 -0.0591539 0.0178386 -0.00303128 0.0630832 -0.0322165 -0.00340629 0.00221661 -0.00248136 0.00733302 -0.052002 0.0533175 -0.0226399 -0.00219053 0.000664725 0.00670351 0.032818 0.00579046 0.021357 0.00635356 -0.00262078 0.0223493 -0.00306727 -0.0249575 -0.00244865 0.030269
internal_weight=30064 10337 10103 73 10030 101 81 9929 56 234 9873 19727 9420 4591 55 62 453 9365 15136 4529 153 4376 133 4321 9222 162 9060 249 8811 108
internal_count=30064 10337 10103 73 10030 101 81 9929 56 234 9873 19727 9420 4591 55 62 453 9365 15136 4529 153 4376 133 4321 9222 162 9060 249 8811 108
is_linear=0
shrinkage=0.05


Tree=92
num_leaves=31
num_cat=0
split_feature=183 19 258 66 11 219 51 9 109 67 82 11 6 287 4 64 182 124 11 51 37 298 299 142 201 28 284 292 287 212
split_gain=93.4973 64.9161 199.791 158.394 536.192 62.635 56.9615 63.9379 49.109 56.4797 47.9352 47.5029 47.1037 50.0504 55.8364 61.7397 45.3827 55.2412 54.8044 71.4987 54.2076 44.8197 69.0441 58.4356 48.2718 58.3348 52.7388 45.2856 50.464 42.6777
threshold=-3.5444117784500118 -4.9702308177947989 -24.390618324279782 -9.4834775924682599 -0.17996732890605924 2.6853431463241582 0.4190350621938706 -0.18961288779973981 3.9779397249221806 0.50708013772964489 -11.055809020996092 -1.0339094996452329 5.835900306701661 -18.830647468566891 3.0645633935928349 -2.0903239250183101 -5.4708316326141349 -0.5885939598083495 -2.1893328428268428 -0.20489174127578733 6.1080379486083993 -8.213160037994383 -6.3761887550353995 -5.1877310276031485 -5.2370488643646231 -2.6595865488052364 -10.205831050872801 0.11378961428999902 -1.3577283620834348 -7.5746190547943106
decision_type=2 2 2 2 2 2 2 2 2 2 2 2 2 2 2 2 2 2 2 2 2 2 2 2 2 2 2 2 2 2
left_child=1 2 -1 4 10 16 8 11 -7 -10 -3 -8 13 14 -5 -16 17 18 -2 -20 21 22 23 -18 -23 26 -26 -28 -29 -4
right_child=5 3 29 12 -6 6 7 -9 9 -11 -12 -13 -14 -15 15 -17 20 -19 19 -21 -22 24 -24 -25 25 -27 27 28 -30 -31
leaf_value=0.17024585178920204 -0.085590228844772687 0.061312970248135659 0.022404865606450566 -0.027200221739709381 -0.29938081461936233 0.019073231628542835 -0.037741523621869943 0.013755489035343477 0.13338930415255684 0.024915329633014544 -0.035855822836359345 -0.0010089627990539926 0.061090150585880992 -0.0039658290102654245 0.094126089626834511 -0.02445213943719864 0.067638557187693057 -0.095520925087233394 -0.019168061981706518 0.079394065977438644 -0.048024607290114679 -0.014270681738123007 0.10423976602879437 0.0054881832390359254 0.082652990460395814 0.00052098817196868008 0.0059793175760900416 0.067979468841804197 0.014841126879626835 -0.037996446668374831
leaf_weight=21 22 22 102 400 20 527 112 774 21 28 30 411 27 6472 21 23 43 24 92 23 56 510 22 314 25 18355 1314 64 148 41
leaf_count=21 22 22 102 400 20 527 112 774 21 28 30 411 27 6472 21 23 43 24 92 23 56 510 22 314 25 18355 1314 64 148 41
internal_value=0.000117687 -0.00486071 0.0262354 -0.00558769 -0.0793667 0.0016794 0.0104407 0.00462993 0.023525 0.0714042 0.00525405 -0.00887521 -0.00482259 -0.00507991 -0.0213195 0.032142 0.000898428 -0.0255459 -0.0132875 0.000544364 0.00110262 0.00123491 0.0182718 0.0129741 0.000918643 0.0013078 0.0106192 0.00943905 0.0308829 0.00508701
internal_weight=30064 7179 164 7015 72 22885 1873 1297 576 49 52 523 6943 6916 444 44 21012 161 137 115 20851 20795 379 357 20416 19906 1551 1526 212 143
internal_count=30064 7179 164 7015 72 22885 1873 1297 576 49 52 523 6943 6916 444 44 21012 161 137 115 20851 20795 379 357 20416 19906 1551 1526 212 143
is_linear=0
shrinkage=0.05


Tree=93
num_leaves=31
num_cat=0
split_feature=191 3 0 101 299 56 289 298 249 179 102 46 198 1 261 256 10 76 72 293 148 116 122 131 143 125 129 239 178 3
split_gain=86.16 138.183 540.048 139.37 127.956 227.924 61.8017 57.9919 71.7196 53.1691 52.032 50.9637 50.7384 50.4947 50.0561 66.2422 47.9445 48.4615 46.1322 43.6471 52.657 55.224 54.7069 50.4964 46.6516 45.001 42.8554 42.3684 47.7824 47.1522
threshold=-5.1891484260559073 4.3405346870422372 3.6276496648788457 -13.402985095977781 -31.38612079620361 -9.1355042457580549 3.0698558092117314 3.4188904762268071 4.5122852325439462 -6.1732609272003165 2.287833690643311 3.451764822006226 -8.6076331138610822 0.31510104238986975 -1.662109315395355 0.042000237852334983 -3.2131005525588985 3.0409362316131596 -2.6347712278366084 -1.7706595659255979 -1.5489810109138487 -5.1450839042663565 2.4761407375335698 -5.0311243534088126 -0.44042122364044184 2.2761274576187138 -0.82838234305381764 -9.9190158843994123 -3.2235641479492183 4.3405346870422372
decision_type=2 2 2 2 2 2 2 2 2 2 2 2 2 2 2 2 2 2 2 2 2 2 2 2 2 2 2 2 2 2
left_child=1 3 -3 4 5 -1 7 8 9 -2 26 -10 -11 19 15 -8 -5 -18 -16 24 22 -22 23 -21 -14 -25 -9 28 -15 -29
right_child=6 2 -4 16 -6 -7 14 10 11 12 -12 -13 13 27 18 -17 17 -19 -20 20 21 -23 -24 25 -26 -27 -28 29 -30 -31
leaf_value=0.23498511541457404 0.022509508821097288 0.050547381809779579 -0.28963568687438962 -0.024020864902398527 0.0067978560924530033 -0.00086297988891601571 0.0077652003616094593 -0.044810839917637034 0.023578668842392583 0.067664619109460297 -0.044158635583034789 0.10670220515002377 -0.0021153016536619726 0.0051564708795575872 0.066392295964014456 -0.080710704142556475 -0.0050039612641087691 -0.083072978677228099 0.01130748336969635 0.086606599745296303 -0.081475869956470673 -0.00019148771960406587 0.086036523928244915 0.0097525396494597925 -0.012031081872342149 -0.0624550055035136 0.0024936049146299052 0.0031290358683438118 -0.10283044678159059 0.047234588372902793
leaf_weight=21 275 28 20 390 64 20 56 59 93 28 129 23 7646 21 39 34 3267 20 1495 21 21 4201 24 1123 1404 22 254 9185 20 61
leaf_count=21 275 28 20 390 64 20 56 59 93 28 129 23 7646 21 39 34 3267 20 1495 21 21 4201 24 1123 1404 22 254 9185 20 61
internal_value=0.000111802 -0.00689359 -0.0911956 -0.00582365 0.0509761 0.119937 0.00113455 0.000511133 0.000839371 0.000650214 -0.0174365 0.0400601 0.000397394 0.000318086 0.0105817 -0.025659 -0.00744562 -0.00547898 0.0127079 -0.00152945 0.00202259 -0.000595792 0.0113124 0.0097743 -0.00365362 0.00836515 -0.00642321 0.00319513 -0.0475201 0.00342002
internal_weight=30064 3830 48 3782 105 41 26234 24610 24168 24052 442 116 23777 23749 1624 90 3677 3287 1534 14462 5412 4222 1190 1166 9050 1145 313 9287 41 9246
internal_count=30064 3830 48 3782 105 41 26234 24610 24168 24052 442 116 23777 23749 1624 90 3677 3287 1534 14462 5412 4222 1190 1166 9050 1145 313 9287 41 9246
is_linear=0
shrinkage=0.05


Tree=94
num_leaves=31
num_cat=0
split_feature=120 3 115 227 60 11 142 289 283 80 149 187 298 70 105 142 298 261 215 1 282 16 129 284 111 6 218 245 89 233
split_gain=83.132 135.27 433.312 128.846 343.243 59.5334 58.079 54.7027 51.4662 48.0033 67.2251 49.2654 59.864 49.1645 52.74 46.1402 44.0639 57.3071 49.6579 44.6463 43.2416 42.9591 42.8827 48.4016 42.1594 43.0745 45.4452 52.6185 42.4748 43.9826
threshold=-2.9115090370178218 4.3405346870422372 -6.4912743568420401 -23.065882682800289 -9.5113725662231428 4.8312940597534189 -8.9755430221557599 3.0698558092117314 -20.272647857666012 -4.2396321296691886 -10.070899963378904 -0.77984315156936634 1.1051061153411867 2.089037418365479 -0.25713309645652765 -7.7800981998443595 3.4188904762268071 4.4051654338836679 3.6578302383422856 0.85828134417533886 1.1066994071006777 -1.0000000180025095e-35 -0.28865687549114222 -4.8562979698181143 -1.9229051470756529 -0.096062093973159776 -0.97153624892234791 -1.3394041657447813 -1.1199604272842405 -0.19631603360176084
decision_type=2 2 2 2 2 2 2 2 2 2 2 2 2 2 2 2 2 2 2 2 2 2 2 2 2 2 2 2 2 2
left_child=1 3 -3 4 -1 8 -2 15 -5 -10 -11 12 13 14 -12 -8 17 19 -18 -17 -16 -14 23 -13 -9 -26 -27 -28 -29 -30
right_child=6 2 -4 5 -6 -7 7 24 9 10 11 22 21 -15 20 16 18 -19 -20 -21 -22 -23 -24 -25 25 26 27 28 29 -31
leaf_value=0.23212447393508184 0.079154312610626221 -0.26607246657833461 0.04098699549557986 -0.025002272525116016 -0.0043429868263110778 -0.070384194510323669 -0.053634741367437899 0.051792051239823139 0.0041382502756457792 -0.062545930566090466 -0.0055739601263664999 -0.032100524146778463 -0.0151645972703894 0.041772879996136131 -0.030809782824651105 -0.00020855055377517304 -0.0060965896284545379 0.043617657336253154 -0.047129335175169276 0.005322086701783372 0.027548613377979828 -0.11514410587366333 -0.020112251092918046 0.027573693564838988 -0.00013000830424431697 -0.033292497122703595 0.076890048744328532 -0.03492749460335625 0.078581931181252007 0.016661627269950848
leaf_weight=21 24 20 27 304 57 35 39 59 1396 53 3176 39 21 51 341 17334 342 79 94 4622 35 22 86 264 723 43 38 38 30 651
leaf_count=21 24 20 27 304 57 35 39 59 1396 53 3176 39 21 51 341 17334 342 79 94 4622 35 22 86 264 723 43 38 38 30 651
internal_value=0.000106212 -0.00518796 -0.0896766 -0.00451503 0.0593213 -0.00537012 0.00141197 0.00133453 -0.00497698 -0.0038669 -0.00660056 -0.00586572 -0.00767034 -0.00697042 -0.00767028 0.000702911 0.000797217 0.00110867 -0.0149431 0.000955715 -0.0253775 -0.0663169 0.0110485 0.0198929 0.0103217 0.00871515 0.016709 0.0195492 0.0165187 0.0193894
internal_weight=30064 5948 47 5901 78 5823 24116 24092 5788 5484 4088 4035 3646 3603 3552 22510 22471 22035 436 21956 376 43 389 303 1582 1523 800 757 719 681
internal_count=30064 5948 47 5901 78 5823 24116 24092 5788 5484 4088 4035 3646 3603 3552 22510 22471 22035 436 21956 376 43 389 303 1582 1523 800 757 719 681
is_linear=0
shrinkage=0.05


Tree=95
num_leaves=31
num_cat=0
split_feature=25 296 27 48 284 122 297 298 232 122 148 49 134 128 143 125 296 61 242 290 112 68 295 146 4 37 10 44 139 117
split_gain=265.753 1264.96 106.054 198.641 91.7242 59.2824 84.2636 70.3553 57.1839 59.0469 51.3412 53.3947 45.0582 44.4536 45.9103 47.1388 51.1679 43.9939 53.6293 43.604 54.1427 48.8408 46.4067 48.3009 43.3694 43.2001 42.5237 43.192 74.2125 64.2505
threshold=-7.9597153663635245 -31.423370361328121 -8.2113165855407697 -9.2859082221984846 -6.1658923625946036 -0.46633988618850702 -9.6237745285034162 0.44666665792465216 0.4013670682907105 -4.9915688037872306 -2.6019281148910518 -0.23651318997144696 -2.0221118927001949 3.5698841810226445 -5.4966666698455802 -3.6051797866821285 0.22045019268989566 -3.770504236221313 -1.7621309161186216 4.1109325885772714 -0.1820433437824249 0.89316397905349743 0.80930280685424816 3.0692811012268071 1.9942540526390078 -2.455946564674377 -4.0512108802795401 -9.7318873405456525 -12.042418003082274 -13.599411964416502
decision_type=2 2 2 2 2 2 2 2 2 2 2 2 2 2 2 2 2 2 2 2 2 2 2 2 2 2 2 2 2 2
left_child=1 -1 3 -2 26 7 -7 8 10 -10 11 -6 17 14 -9 16 -16 -8 -19 -14 -21 22 -22 -24 -5 -20 -4 28 -28 -29
right_child=2 -3 4 24 5 6 12 13 9 -11 -12 -13 19 -15 15 -17 -18 18 25 20 21 -23 23 -25 -26 -27 27 29 -30 -31
leaf_value=-0.42679250807989216 0.18608681071888319 0.0041687266031901048 -0.028077687857285989 -0.041079922609031205 0.0015242513064881885 0.10206829038533299 0.072471293122056996 0.055541520317395537 0.097907936498522766 0.010949521674318057 -0.0025747206289255514 0.016408760627260693 0.0017022284585893274 0.060374862807137636 -0.11584820022563572 -0.012050918319910914 -0.022254832708276811 -0.0015438241888464333 -0.017320558688516032 0.054856954344025211 -0.076802761649543597 0.019199657224769878 0.022032361677965198 -0.021893871361107538 0.056387797911607085 0.026099544599560182 -0.12602038860321046 0.051711853742599491 -0.0075561743516188405 -0.0052679031668518153
leaf_weight=21 22 90 212 25 3428 22 31 24 20 816 9019 731 7667 21 23 1198 40 428 64 73 22 492 119 132 21 546 20 50 39 4701
leaf_count=21 22 90 212 25 3428 22 31 24 20 816 9019 731 7667 21 23 1198 40 428 64 73 22 492 119 132 21 546 20 50 39 4701
internal_value=-0.000141613 -0.0773645 0.000144055 0.0625155 2.38639e-06 0.0012449 0.00432651 -0.000685335 0.000349044 0.0130299 -0.000455416 0.0041404 0.00410191 -0.0117847 -0.012964 -0.0142678 -0.0564238 0.0137771 0.0120242 0.00288583 0.0137148 0.0097888 -0.00717143 -0.00106829 0.00341621 0.021544 -0.00616216 -0.00519624 -0.0477135 -0.00466824
internal_weight=30117 111 30006 68 29938 24916 9596 15320 14014 836 13178 4159 9574 1306 1285 1261 63 1069 1038 8505 838 765 273 251 46 610 5022 4810 59 4751
internal_count=30117 111 30006 68 29938 24916 9596 15320 14014 836 13178 4159 9574 1306 1285 1261 63 1069 1038 8505 838 765 273 251 46 610 5022 4810 59 4751
is_linear=0
shrinkage=0.05


Tree=96
num_leaves=31
num_cat=0
split_feature=25 245 27 258 121 279 114 109 44 8 8 3 219 257 10 62 105 47 38 166 55 94 1 111 134 284 81 18 24 35
split_gain=239.842 1103.17 95.7135 179.794 86.1137 67.7154 66.0681 62.0499 55.1541 97.0137 52.561 96.7433 70.8399 63.0762 59.1169 59.0692 58.8291 56.5172 52.4467 50.7672 50.2064 48.547 43.1829 69.4879 43.1496 58.2077 46.0772 42.288 45.5788 50.9416
threshold=-7.9597153663635245 -23.675622940063473 -8.2113165855407697 -24.390618324279782 -2.0244474411010738 5.3746204376220712 1.947100877761841 -6.77083396911621 -9.7318873405456525 0.81083509325981151 0.022784325294196609 -3.2086812257766719 -22.0181131362915 -15.215098381042479 -2.6262316703796382 0.12230985984206201 -3.3243137598037715 3.5702353715896611 2.001659750938416 0.82729732990264904 0.85554784536361705 -1.8461764454841612 0.31510104238986975 -5.578962802886962 -2.0038670301437373 3.3229367733001713 -4.6920788288116446 -3.2207843065261836 1.7779271602630617 -2.2413431406021114
decision_type=2 2 2 2 2 2 2 2 2 2 2 2 2 2 2 2 2 2 2 2 2 2 2 2 2 2 2 2 2 2
left_child=1 -1 3 -2 5 6 8 -6 9 -4 12 21 -10 16 15 -13 -14 27 20 -20 -16 -12 -9 -24 -25 26 -26 -15 -29 -30
right_child=2 -3 4 -5 7 -7 -8 22 10 -11 11 14 13 17 18 -17 -18 -19 19 -21 -22 -23 23 24 25 -27 -28 28 29 -31
leaf_value=-0.40972618103027347 0.18534263610839843 0.00040041745364010993 0.0055316327512264256 0.0069093545277913414 0.089901108592748649 -0.073259986128125884 0.035485361391138809 -0.00014284221549164437 0.087455078065395361 -0.12933895271271467 0.10064988412495171 -0.012541825430488346 -0.021501275861205964 0.010889778582158645 0.0022738759101597231 -0.078355228633452692 -0.097158294783106877 -0.076441562814371922 -0.027271622922374974 0.049228866409976035 0.029292796825504175 0.019031729161935421 -0.074063566327095029 0.011779300435888304 0.077110941577702763 0.017096336389026089 0.001087260883978822 -0.0050333040154270136 -0.083854666208067252 -0.017260832910736403
leaf_weight=20 20 91 30 48 20 35 107 11866 20 24 35 271 312 380 2622 39 28 28 225 24 184 38 28 1759 20 653 5775 4994 31 390
leaf_count=20 20 91 30 48 20 35 107 11866 20 24 35 271 312 380 2622 39 28 28 225 24 184 38 28 1759 20 653 5775 4994 31 390
internal_value=-0.000134532 -0.0734963 0.000136852 0.0593897 2.26715e-06 -0.00383684 -0.00358844 0.00187536 -0.00402058 -0.0544108 -0.00373775 0.00121833 -0.00649353 -0.00679841 -1.70383e-05 -0.0208216 -0.0277319 -0.00557613 0.00209406 -0.0198981 0.00404561 0.0581637 0.00178778 0.00456965 0.00483792 0.00294433 0.00134964 -0.00523372 -0.0063652 -0.0221644
internal_weight=30117 111 30006 68 29938 9817 9782 20121 9675 54 9621 3438 6183 6163 3365 310 340 5823 3055 249 2806 73 20101 8235 8207 6448 5795 5795 5415 421
internal_count=30117 111 30006 68 29938 9817 9782 20121 9675 54 9621 3438 6183 6163 3365 310 340 5823 3055 249 2806 73 20101 8235 8207 6448 5795 5795 5415 421
is_linear=0
shrinkage=0.05


Tree=97
num_leaves=31
num_cat=0
split_feature=132 4 274 293 298 53 6 108 222 123 283 10 295 19 144 293 50 189 144 295 58 138 130 154 236 257 67 72 88 61
split_gain=189.093 1283.28 189.622 71.6107 127.311 69.3779 91.8558 67.0221 74.465 63.7095 59.1446 52.1896 58.7554 53.1746 44.2321 54.4096 43.5598 43.1266 42.1723 45.8191 42.8488 40.1879 39.9465 39.5079 48.9249 48.6987 50.9606 62.4292 46.8651 41.9575
threshold=-13.614973545074461 1.9120785593986513 -28.463851928710934 -3.3037545680999751 -5.1234641075134268 -9.908411502838133 2.0999412536621098 2.5730196237564091 -3.5873070955276485 -6.3950979709625235 -8.0881276130676252 0.67343139648437511 7.7818825244903573 -0.20977591723203656 -3.8607844114303584 -1.9550761580467222 5.4576539993286142 4.6761274337768564 -2.8453325033187862 -4.8744115829467765 4.874117612838746 0.14941177517175677 -3.5696612596511836 0.94281041622161876 0.25833883881568914 -1.0773568749427793 -1.9070857167243955 -2.556553721427917 -2.2088725566864009 2.0471889972686772
decision_type=2 2 2 2 2 2 2 2 2 2 2 2 2 2 2 2 2 2 2 2 2 2 2 2 2 2 2 2 2 2
left_child=1 2 -1 5 7 6 -2 8 14 -6 -11 12 13 18 15 -5 17 -15 21 -20 22 -12 -21 24 -7 26 -25 -28 -29 -26
right_child=3 -3 -4 4 9 23 -8 -9 -10 10 11 -13 -14 16 -16 -17 -18 -19 19 20 -22 -23 -24 25 29 -27 27 28 -30 -31
leaf_value=0.14696570176344653 0.0082123768537543541 -0.35130103734032864 -0.015974753206236321 0.043444289725560414 -0.060854597498730914 -0.0030094681584772335 0.13791364885866642 0.11768050491809845 0.0081339261266010592 0.067427647398675197 0.010750768066351139 0.006196440229332344 0.040373194485567934 -0.0035778746890121321 0.034222365873663327 0.15165258894364042 -0.060734995296507166 0.033578300381763071 -0.061547973983246712 -0.017974711486271451 -0.06981280509914671 0.079071957753463235 0.0026922188396565619 0.0054165776289830155 0.014534873509310126 0.0089459505115496354 -0.11924637384204702 -0.10421785463578999 -0.024117590362383496 0.088110669734685329
leaf_weight=26 43 29 57 26 41 11024 20 20 273 34 995 4325 89 6817 115 21 33 79 29 245 21 22 5120 88 123 127 22 20 210 23
leaf_count=26 43 29 57 26 41 11024 20 20 273 34 995 4325 89 6817 115 21 33 79 29 245 21 22 5120 88 123 127 22 20 210 23
internal_value=-0.000127806 -0.0649748 0.0350668 0.00011425 0.00206711 -0.00294105 0.0493874 0.0281846 0.0240699 0.00140137 0.00154469 0.00141867 -0.000117675 -0.000387392 0.0509249 0.0917927 -0.00342646 -0.00315222 0.0028865 0.00113193 0.00146942 0.0122287 0.00174844 -0.00322435 -0.00262865 -0.0174725 -0.0273406 -0.0387796 -0.0310828 0.0261256
internal_weight=30117 112 83 30005 18305 11700 63 455 435 17850 17809 17775 13450 13361 162 47 6929 6896 6432 5415 5386 1017 5365 11637 11170 467 340 252 230 146
internal_count=30117 112 83 30005 18305 11700 63 455 435 17850 17809 17775 13450 13361 162 47 6929 6896 6432 5415 5386 1017 5365 11637 11170 467 340 252 230 146
is_linear=0
shrinkage=0.05


Tree=98
num_leaves=31
num_cat=0
split_feature=25 296 27 48 285 60 117 224 73 23 236 122 226 154 9 11 7 222 112 148 80 55 90 133 161 179 112 171 283 47
split_gain=208.09 1030.12 83.4948 167.729 75.4423 51.1384 52.8361 51.1077 55.833 51.4892 54.6073 48.0662 59.8621 58.1223 54.2997 48.973 47.9173 46.4357 44.3652 45.8393 53.024 44.2779 64.1796 51.9941 45.7073 43.2699 41.9914 42.0655 41.7789 41.6655
threshold=-7.9597153663635245 -31.423370361328121 -8.2113165855407697 -9.2859082221984846 -5.6586470603942862 -4.2222070693969718 0.34214077889919287 0.25813502073287969 -1.0653286576271055 3.6354051828384404 0.25833883881568914 -0.46633988618850702 -9.1710042953491193 -5.3310885429382315 5.8542320728302011 4.8312940597534189 -1.1645238399505613 -3.5873070955276485 -6.8980233669280997 -2.6019281148910518 -0.56141099333763111 -0.12427637726068495 -1.4738823771476743 -6.0341823101043692 -5.0781955718994132 -0.30382351577281946 1.0552288293838503 -1.0764089822769163 -7.8882441520690909 1.5449019670486452
decision_type=2 2 2 2 2 2 2 2 2 2 2 2 2 2 2 2 2 2 2 2 2 2 2 2 2 2 2 2 2 2
left_child=1 -1 3 -2 7 6 -6 9 -9 10 -4 12 -7 25 -15 18 -16 28 -14 20 29 23 24 -21 -23 -13 27 -22 -11 -20
right_child=2 -3 4 -5 5 11 -8 8 -10 17 -12 13 15 14 16 -17 -18 -19 19 21 26 22 -24 -25 -26 -27 -28 -29 -30 -31
leaf_value=-0.38378303164527533 0.16902321902188389 0.0051219685872395835 -0.0043325784607028423 0.0011664763740871264 0.026819310900874627 0.085577608142048123 -0.037967814419950757 0.0013157411877598082 -0.11032085938689609 -0.033036188943551321 0.056614150650597911 0.08412803896726706 -0.063733164407312873 0.0029087945183456382 0.103035097950626 -0.067046616652182173 0.021763066971268424 -0.085627914897420193 0.00057654445012487792 -0.052753144790351925 0.014341800672839966 -0.033643470346927648 -0.0020074325708355524 -0.0043786886215529891 0.015422274699259518 -0.00013758295774459839 -0.041676551925724954 0.050863199976963862 0.040353891594956323 0.04614190348223144
leaf_weight=21 22 90 5500 46 312 20 35 21 24 101 37 39 28 9219 21 28 133 33 3084 56 518 50 2651 6870 936 25 29 93 24 51
leaf_count=21 22 90 5500 46 312 20 35 21 24 101 37 39 28 9219 21 28 133 33 3084 56 518 50 2651 6870 936 25 29 93 24 51
internal_value=-0.000121415 -0.0684547 0.000131367 0.0554731 5.66604e-06 0.00122812 0.0202846 -0.00514781 -0.0582238 -0.00472842 -0.00392531 0.000950874 -0.000865316 0.00372491 0.00340066 -0.000985426 0.0328456 -0.0328727 -0.000856669 -0.000733881 0.00399523 -0.00242397 0.00204327 -0.00476982 0.0129342 0.0512118 0.0171105 0.0199007 -0.0189453 0.0013178
internal_weight=30117 111 30006 68 29938 24198 347 5740 45 5695 5537 23851 14414 9437 9373 14394 154 158 14366 14338 3775 10563 3637 6926 986 64 640 611 125 3135
internal_count=30117 111 30006 68 29938 24198 347 5740 45 5695 5537 23851 14414 9437 9373 14394 154 158 14366 14338 3775 10563 3637 6926 986 64 640 611 125 3135
is_linear=0
shrinkage=0.05


Tree=99
num_leaves=31
num_cat=0
split_feature=25 296 68 248 288 5 277 63 118 298 239 46 190 22 9 138 64 162 95 37 31 48 23 135 49 28 66 213 10 53
split_gain=187.801 929.679 73.4287 140.66 75.9489 47.1418 55.4168 54.4233 57.9174 60.8437 89.0056 56.194 51.6832 50.7867 51.6804 49.3749 48.6196 48.3421 47.0855 84.5118 74.023 60.1176 48.2117 48.4449 47.3107 46.9646 48.9158 49.9832 44.2418 58.5588
threshold=-7.9597153663635245 -31.423370361328121 -9.3828911781311017 -23.459822654724118 -4.8235688209533683 0.41943752765655523 10.421205520629885 3.5297124385833745 2.5715032815933232 0.44666665792465216 3.0711197853088383 -0.43764705955982203 -1.3662641644477842 0.11774801835417749 0.65614381432533275 3.699916005134583 -0.42229208350181574 -2.331568598747253 -0.10464213043451308 -3.4339238405227657 -4.3247604370117179 -1.5732002854347227 3.8247944116592412 -14.088815212249754 -1.7150230407714842 5.1623327732086191 -0.30700978636741633 -2.6016077995300289 -3.2131005525588985 -9.908411502838133
decision_type=2 2 2 2 2 2 2 2 2 2 2 2 2 2 2 2 2 2 2 2 2 2 2 2 2 2 2 2 2 2
left_child=1 -1 3 -2 18 7 -7 8 9 10 12 -9 -6 14 -10 -13 -12 -14 22 21 -21 -20 23 -4 -24 26 27 -11 -25 -30
right_child=2 -3 4 -5 5 6 -8 11 13 25 16 15 17 -15 -16 -17 -18 -19 19 20 -22 -23 24 28 -26 -27 -28 -29 29 -31
leaf_value=-0.36459386916387654 0.16156524658203125 0.0048658752441406257 -0.058734437039023958 0.013127363180812403 -0.0020627718297885609 0.0041976639743804165 0.063945662669646436 -0.097445162300020469 0.013680231745500083 0.027212779124965891 0.089541279544521665 0.00040326207154640204 0.017331330111332501 0.0039978776029387462 0.065356159638399372 -0.065630063885136661 0.016896004512833029 0.0026447417095480348 0.00055850226462127704 -0.10897628461772746 -0.016136797231041531 0.10724831143920513 -0.013111101788264225 -0.018000234802271805 -0.10150226539699361 -0.041167207241058351 -0.0006890154179241139 -0.018622535643236373 0.073915297480729919 -0.0012964048647927395
leaf_weight=21 20 90 38 79 7084 7932 39 25 109 64 42 111 657 305 87 38 51 3807 31 22 892 23 41 408 24 100 1510 842 26 5599
leaf_count=21 20 90 38 79 7084 7932 39 25 109 64 42 111 657 305 87 38 51 3807 31 22 892 23 41 408 24 100 1510 842 26 5599
internal_value=-0.000115345 -0.0650319 0.000124799 0.0431148 -1.75096e-05 0.00138886 0.00449 -0.000277747 5.2242e-05 -0.000539007 0.000984878 -0.0280765 0.00059253 0.0167594 0.036618 -0.0164375 0.0497035 0.00480628 -0.00453179 -0.0147805 -0.0183714 0.0460005 -0.00291499 -0.0024564 -0.0457478 -0.0075897 -0.0061999 -0.0153847 -0.00210192 -0.00094876
internal_weight=30117 111 30006 99 29907 22803 7971 14832 14658 14157 11641 174 11548 501 196 149 93 4464 7104 968 914 54 6136 6071 65 2516 2416 906 6033 5625
internal_count=30117 111 30006 99 29907 22803 7971 14832 14658 14157 11641 174 11548 501 196 149 93 4464 7104 968 914 54 6136 6071 65 2516 2416 906 6033 5625
is_linear=0
shrinkage=0.05


Tree=100
num_leaves=31
num_cat=0
split_feature=124 5 9 101 16 250 121 35 109 10 85 283 220 12 130 64 1 84 285 161 225 299 38 119 260 143 273 275 105 16
split_gain=97.3159 684.406 215.588 159.529 127.855 109.549 72.2384 72.0972 69.2268 46.8801 55.2659 47.0441 60.3702 53.032 44.0818 54.4151 42.3892 43.3995 45.7787 55.8382 42.6809 42.6622 43.6239 40.6921 38.349 38.0572 49.4706 104.972 49.1199 45.93
threshold=-13.540481567382811 1.910772502422333 -5.3780112266540518 -13.402985095977781 -3.3755391836166377 -23.646674156188961 -1.9863267540931699 -5.9434316158294669 -6.20292043685913 3.3677994012832646 -8.7241435050964338 -20.272647857666012 -14.972548961639403 -0.47613912820816034 -3.7299118041992183 -3.9973227977752681 0.38196079432964331 -4.1696505546569815 4.3353524208068857 4.0226471424102792 -5.42679738998413 -0.76686277985572804 -2.3260363340377803 -4.3597388267517081 -1.7259663343429563 -1.8716293573379514 -3.9974914789199825 -6.5289125442504874 0.075609244406223311 -3.2025754451751705
decision_type=2 2 2 2 2 2 2 2 2 2 2 2 2 2 2 2 2 2 2 2 2 2 2 2 2 2 2 2 2 2
left_child=1 2 -1 5 -4 -2 9 -6 -8 10 -5 12 -12 -14 15 -11 -10 20 19 -19 -18 -20 -23 -16 -21 26 28 -28 -13 -29
right_child=3 -3 4 6 7 -7 8 -9 16 14 11 25 13 -15 23 -17 17 18 21 24 -22 22 -24 -25 -26 -27 27 29 -30 -31
leaf_value=0.14786391055042095 0.18170066833496096 -0.30412882489285303 -0.13150988336313854 0.023231192013900268 0.074179933771491055 0.024702148437500002 0.076674947046464492 -0.037672554027727428 8.0436406789510158e-05 -0.038227188000933103 -0.0092451564788818361 -0.0024300171691906984 -0.1203187120945326 -0.022107886150479317 -0.10900719112583571 0.017250519454954007 0.075577618207827935 0.0040933318352504629 0.089990140781516126 -0.084787040139022093 0.014240018930792324 0.088746865689754484 0.012927732319851233 -0.032576454817956568 -0.0154507195999225 -0.0074848082124845273 0.083499892593123196 0.038715945648890672 -0.032928769519169107 0.0026584526382709517
leaf_weight=22 20 21 22 203 25 25 31 34 12251 78 125 4509 28 27 21 102 41 6859 21 23 92 20 369 102 150 2835 43 93 136 1754
leaf_count=22 20 21 22 203 25 25 31 34 12251 78 125 4509 28 27 21 102 41 6859 21 23 92 20 369 102 150 2835 43 93 136 1754
internal_value=0.000225137 -0.0439781 0.00906233 0.000408099 -0.0286369 0.0944793 0.000266582 0.00972257 0.00201514 -0.00318619 -0.00258446 -0.00313321 -0.0284527 -0.0721061 -0.0225548 -0.00678982 0.0018984 0.00483858 0.00433264 0.00338573 0.0331486 0.0205733 0.0168259 -0.0456256 -0.0246688 -0.00264682 -0.000548012 0.00627196 -0.00332298 0.00447402
internal_weight=30082 124 103 29958 81 45 29913 59 19857 10056 9753 9550 180 55 303 180 19826 7575 7442 7032 133 410 389 123 173 9370 6535 1890 4645 1847
internal_count=30082 124 103 29958 81 45 29913 59 19857 10056 9753 9550 180 55 303 180 19826 7575 7442 7032 133 410 389 123 173 9370 6535 1890 4645 1847
is_linear=0
shrinkage=0.05


Tree=101
num_leaves=31
num_cat=0
split_feature=131 4 264 145 3 121 109 39 42 231 85 47 5 46 45 105 220 283 8 239 124 139 66 98 224 291 54 47 83 45
split_gain=109.551 640.851 209.506 149.785 108.051 63.8545 53.6674 45.2546 62.1176 68.5652 54.7587 41.3564 37.8166 60.1569 76.7076 50.0997 53.8519 42.0252 50.6748 48.7445 43.0831 43.4309 42.909 48.8508 56.955 52.8817 44.5269 39.1671 38.5816 37.4627
threshold=-14.112977981567381 1.9120785593986513 -25.575603485107418 -15.912080287933348 1.2782889604568484 -1.9863267540931699 -6.20292043685913 0.93486228585243236 2.476803302764893 -4.5614166259765616 3.0978344678878789 3.0059231519699101 0.170182079076767 4.7722127437591562 2.9280391931533818 -2.2840826511383052 -8.0272779464721662 -4.9739215373992911 2.2162727117538457 -6.30183982849121 -4.9854321479797354 3.5846610069274907 -0.05437908694148063 5.410097837448121 5.7900097370147714 4.2708375453948983 4.7892343997955331 1.5449019670486452 -4.4470167160034171 -1.2516311407089231
decision_type=2 2 2 2 2 2 2 2 2 2 2 2 2 2 2 2 2 2 2 2 2 2 2 2 2 2 2 2 2 2
left_child=1 2 -1 4 -2 7 -7 8 10 -10 11 -5 15 28 -15 -8 -17 18 -18 -19 -21 22 -22 24 26 -25 -24 -26 -14 -23
right_child=3 -3 -4 5 -6 6 12 -9 9 -11 -12 -13 13 14 -16 16 17 19 -20 20 21 29 23 25 27 -27 -28 -29 -30 -31
leaf_value=0.1501241683959961 0.021060662479915969 -0.23477151664820584 -0.024669757386048638 -0.0020886856664394378 0.17841905950102954 0.062072237923338602 0.0092208926821174212 -0.010924657025202414 0.090496721643170241 0.0051996335297101936 0.055615432633132469 -0.058172733291532053 0.033613886515486913 0.11967877041062583 0.020321187695860863 -0.077898967671005626 -0.011484395387808634 0.073871041415259242 -0.085786839077870047 -0.056010922528803353 -0.0025950234548809867 -0.083976652934437707 0.0051181704771262214 -0.082568969961368685 0.092601676355918941 0.0029371748119592666 -0.054170031659305097 0.022204315605302973 0.0032707171942097089 -0.014559873476110655
leaf_weight=24 24 33 60 8364 20 37 1237 1521 38 62 41 33 106 23 125 23 523 22 24 35 5212 21 3056 33 29 40 32 62 8961 261
leaf_count=24 24 33 60 8364 20 37 1237 1521 38 62 41 33 106 23 125 23 523 22 24 35 5212 21 3056 33 29 40 32 62 8961 261
internal_value=0.00021388 -0.0480741 0.0252714 0.000402423 0.0925872 0.000266861 0.00191064 -0.00297886 -0.00156336 0.0376125 -0.00202764 -0.00230909 0.00179836 0.00414159 0.0357619 -0.000236782 -0.00148496 -0.00129699 -0.0147445 -0.000461389 -0.000647622 -0.000426067 0.000217067 0.00472402 0.00565266 -0.0357163 0.00450378 0.0446386 0.00362545 -0.0197292
internal_weight=30082 117 84 29965 44 29921 19862 10059 8538 100 8438 8397 19825 9215 148 10610 9373 9350 547 8803 8781 8746 8464 3252 3179 73 3088 91 9067 282
internal_count=30082 117 84 29965 44 29921 19862 10059 8538 100 8438 8397 19825 9215 148 10610 9373 9350 547 8803 8781 8746 8464 3252 3179 73 3088 91 9067 282
is_linear=0
shrinkage=0.05


end of trees

feature_importances:
Column_299=348
Column_293=93
Column_296=64
Column_183=55
Column_291=50
Column_3=44
Column_298=42
Column_241=33
Column_247=33
Column_288=32
Column_292=32
Column_297=31
Column_35=30
Column_287=30
Column_284=29
Column_18=28
Column_239=27
Column_232=26
Column_251=26
Column_10=25
Column_1=24
Column_294=24
Column_295=24
Column_9=23
Column_212=22
Column_249=22
Column_29=21
Column_57=21
Column_189=21
Column_242=21
Column_289=21
Column_5=20
Column_4=19
Column_184=19
Column_236=19
Column_282=19
Column_0=17
Column_19=17
Column_21=17
Column_28=17
Column_125=17
Column_133=17
Column_160=17
Column_23=16
Column_154=16
Column_240=16
Column_257=16
Column_283=16
Column_285=16
Column_124=15
Column_190=15
Column_237=15
Column_68=14
Column_105=14
Column_121=14
Column_182=14
Column_243=14
Column_252=14
Column_6=13
Column_24=13
Column_42=13
Column_143=13
Column_170=13
Column_213=13
Column_248=13
Column_258=13
Column_7=12
Column_16=12
Column_25=12
Column_82=12
Column_89=12
Column_122=12
Column_290=12
Column_8=11
Column_11=11
Column_12=11
Column_26=11
Column_51=11
Column_66=11
Column_130=11
Column_165=11
Column_220=11
Column_245=11
Column_14=10
Column_15=10
Column_50=10
Column_60=10
Column_90=10
Column_131=10
Column_187=10
Column_2=9
Column_36=9
Column_39=9
Column_44=9
Column_53=9
Column_55=9
Column_85=9
Column_86=9
Column_97=9
Column_100=9
Column_119=9
Column_146=9
Column_20=8
Column_27=8
Column_32=8
Column_37=8
Column_47=8
Column_117=8
Column_127=8
Column_128=8
Column_164=8
Column_178=8
Column_180=8
Column_211=8
Column_219=8
Column_229=8
Column_234=8
Column_246=8
Column_261=8
Column_269=8
Column_281=8
Column_13=7
Column_34=7
Column_46=7
Column_52=7
Column_59=7
Column_65=7
Column_101=7
Column_104=7
Column_132=7
Column_179=7
Column_185=7
Column_200=7
Column_201=7
Column_230=7
Column_238=7
Column_271=7
Column_277=7
Column_22=6
Column_30=6
Column_45=6
Column_58=6
Column_64=6
Column_70=6
Column_77=6
Column_84=6
Column_96=6
Column_109=6
Column_114=6
Column_118=6
Column_142=6
Column_250=6
Column_256=6
Column_263=6
Column_275=6
Column_17=5
Column_33=5
Column_38=5
Column_41=5
Column_54=5
Column_61=5
Column_62=5
Column_79=5
Column_80=5
Column_87=5
Column_91=5
Column_92=5
Column_94=5
Column_102=5
Column_175=5
Column_181=5
Column_186=5
Column_188=5
Column_191=5
Column_206=5
Column_215=5
Column_224=5
Column_226=5
Column_227=5
Column_235=5
Column_253=5
Column_255=5
Column_260=5
Column_279=5
Column_280=5
Column_286=5
Column_31=4
Column_48=4
Column_56=4
Column_63=4
Column_71=4
Column_72=4
Column_81=4
Column_112=4
Column_123=4
Column_126=4
Column_129=4
Column_136=4
Column_138=4
Column_139=4
Column_144=4
Column_148=4
Column_151=4
Column_157=4
Column_159=4
Column_168=4
Column_174=4
Column_197=4
Column_204=4
Column_210=4
Column_214=4
Column_217=4
Column_231=4
Column_244=4
Column_264=4
Column_270=4
Column_276=4
Column_43=3
Column_49=3
Column_67=3
Column_69=3
Column_73=3
Column_76=3
Column_83=3
Column_95=3
Column_98=3
Column_107=3
Column_111=3
Column_113=3
Column_115=3
Column_135=3
Column_141=3
Column_145=3
Column_149=3
Column_153=3
Column_155=3
Column_163=3
Column_166=3
Column_171=3
Column_193=3
Column_196=3
Column_202=3
Column_203=3
Column_216=3
Column_228=3
Column_233=3
Column_254=3
Column_259=3
Column_273=3
Column_278=3
Column_40=2
Column_74=2
Column_78=2
Column_88=2
Column_93=2
Column_99=2
Column_103=2
Column_108=2
Column_116=2
Column_120=2
Column_134=2
Column_152=2
Column_156=2
Column_161=2
Column_172=2
Column_173=2
Column_192=2
Column_194=2
Column_198=2
Column_205=2
Column_209=2
Column_218=2
Column_222=2
Column_225=2
Column_265=2
Column_267=2
Column_272=2
Column_75=1
Column_106=1
Column_110=1
Column_137=1
Column_140=1
Column_150=1
Column_158=1
Column_162=1
Column_167=1
Column_195=1
Column_207=1
Column_221=1
Column_223=1
Column_262=1
Column_266=1
Column_268=1
Column_274=1

parameters:
[boosting: gbdt]
[objective: regression]
[metric: l2]
[tree_learner: serial]
[device_type: gpu]
[data_sample_strategy: bagging]
[data: ]
[valid: ]
[num_iterations: 150]
[learning_rate: 0.05]
[num_leaves: 31]
[num_threads: 0]
[seed: 46]
[deterministic: 0]
[force_col_wise: 1]
[force_row_wise: 0]
[histogram_pool_size: -1]
[max_depth: -1]
[min_data_in_leaf: 20]
[min_sum_hessian_in_leaf: 0.001]
[bagging_fraction: 0.8]
[pos_bagging_fraction: 1]
[neg_bagging_fraction: 1]
[bagging_freq: 5]
[bagging_seed: 10626]
[bagging_by_query: 0]
[feature_fraction: 0.8]
[feature_fraction_bynode: 1]
[feature_fraction_seed: 28005]
[extra_trees: 0]
[extra_seed: 28586]
[early_stopping_round: 0]
[early_stopping_min_delta: 0]
[first_metric_only: 0]
[max_delta_step: 0]
[lambda_l1: 0]
[lambda_l2: 0]
[linear_lambda: 0]
[min_gain_to_split: 0]
[drop_rate: 0.1]
[max_drop: 50]
[skip_drop: 0.5]
[xgboost_dart_mode: 0]
[uniform_drop: 0]
[drop_seed: 23790]
[top_rate: 0.2]
[other_rate: 0.1]
[min_data_per_group: 100]
[max_cat_threshold: 32]
[cat_l2: 10]
[cat_smooth: 10]
[max_cat_to_onehot: 4]
[top_k: 20]
[monotone_constraints: ]
[monotone_constraints_method: basic]
[monotone_penalty: 0]
[feature_contri: ]
[forcedsplits_filename: ]
[refit_decay_rate: 0.9]
[cegb_tradeoff: 1]
[cegb_penalty_split: 0]
[cegb_penalty_feature_lazy: ]
[cegb_penalty_feature_coupled: ]
[path_smooth: 0]
[interaction_constraints: ]
[verbosity: -1]
[saved_feature_importance_type: 0]
[use_quantized_grad: 0]
[num_grad_quant_bins: 4]
[quant_train_renew_leaf: 0]
[stochastic_rounding: 1]
[linear_tree: 0]
[max_bin: 255]
[max_bin_by_feature: ]
[min_data_in_bin: 3]
[bin_construct_sample_cnt: 200000]
[data_random_seed: 188]
[is_enable_sparse: 1]
[enable_bundle: 1]
[use_missing: 1]
[zero_as_missing: 0]
[feature_pre_filter: 1]
[pre_partition: 0]
[two_round: 0]
[header: 0]
[label_column: ]
[weight_column: ]
[group_column: ]
[ignore_column: ]
[categorical_feature: ]
[forcedbins_filename: ]
[precise_float_parser: 0]
[parser_config_file: ]
[objective_seed: 24573]
[num_class: 1]
[is_unbalance: 0]
[scale_pos_weight: 1]
[sigmoid: 1]
[boost_from_average: 1]
[reg_sqrt: 0]
[alpha: 0.9]
[fair_c: 1]
[poisson_max_delta_step: 0.7]
[tweedie_variance_power: 1.5]
[lambdarank_truncation_level: 30]
[lambdarank_norm: 1]
[label_gain: ]
[lambdarank_position_bias_regularization: 0]
[eval_at: ]
[multi_error_top_k: 1]
[auc_mu_weights: ]
[num_machines: 1]
[local_listen_port: 12400]
[time_out: 120]
[machine_list_filename: ]
[machines: ]
[gpu_platform_id: -1]
[gpu_device_id: -1]
[gpu_use_dp: 0]
[num_gpu: 1]

end of parameters

pandas_categorical:null
