tree
version=v4
num_class=1
num_tree_per_iteration=1
label_index=0
max_feature_idx=299
objective=regression
feature_names=Column_0 Column_1 Column_2 Column_3 Column_4 Column_5 Column_6 Column_7 Column_8 Column_9 Column_10 Column_11 Column_12 Column_13 Column_14 Column_15 Column_16 Column_17 Column_18 Column_19 Column_20 Column_21 Column_22 Column_23 Column_24 Column_25 Column_26 Column_27 Column_28 Column_29 Column_30 Column_31 Column_32 Column_33 Column_34 Column_35 Column_36 Column_37 Column_38 Column_39 Column_40 Column_41 Column_42 Column_43 Column_44 Column_45 Column_46 Column_47 Column_48 Column_49 Column_50 Column_51 Column_52 Column_53 Column_54 Column_55 Column_56 Column_57 Column_58 Column_59 Column_60 Column_61 Column_62 Column_63 Column_64 Column_65 Column_66 Column_67 Column_68 Column_69 Column_70 Column_71 Column_72 Column_73 Column_74 Column_75 Column_76 Column_77 Column_78 Column_79 Column_80 Column_81 Column_82 Column_83 Column_84 Column_85 Column_86 Column_87 Column_88 Column_89 Column_90 Column_91 Column_92 Column_93 Column_94 Column_95 Column_96 Column_97 Column_98 Column_99 Column_100 Column_101 Column_102 Column_103 Column_104 Column_105 Column_106 Column_107 Column_108 Column_109 Column_110 Column_111 Column_112 Column_113 Column_114 Column_115 Column_116 Column_117 Column_118 Column_119 Column_120 Column_121 Column_122 Column_123 Column_124 Column_125 Column_126 Column_127 Column_128 Column_129 Column_130 Column_131 Column_132 Column_133 Column_134 Column_135 Column_136 Column_137 Column_138 Column_139 Column_140 Column_141 Column_142 Column_143 Column_144 Column_145 Column_146 Column_147 Column_148 Column_149 Column_150 Column_151 Column_152 Column_153 Column_154 Column_155 Column_156 Column_157 Column_158 Column_159 Column_160 Column_161 Column_162 Column_163 Column_164 Column_165 Column_166 Column_167 Column_168 Column_169 Column_170 Column_171 Column_172 Column_173 Column_174 Column_175 Column_176 Column_177 Column_178 Column_179 Column_180 Column_181 Column_182 Column_183 Column_184 Column_185 Column_186 Column_187 Column_188 Column_189 Column_190 Column_191 Column_192 Column_193 Column_194 Column_195 Column_196 Column_197 Column_198 Column_199 Column_200 Column_201 Column_202 Column_203 Column_204 Column_205 Column_206 Column_207 Column_208 Column_209 Column_210 Column_211 Column_212 Column_213 Column_214 Column_215 Column_216 Column_217 Column_218 Column_219 Column_220 Column_221 Column_222 Column_223 Column_224 Column_225 Column_226 Column_227 Column_228 Column_229 Column_230 Column_231 Column_232 Column_233 Column_234 Column_235 Column_236 Column_237 Column_238 Column_239 Column_240 Column_241 Column_242 Column_243 Column_244 Column_245 Column_246 Column_247 Column_248 Column_249 Column_250 Column_251 Column_252 Column_253 Column_254 Column_255 Column_256 Column_257 Column_258 Column_259 Column_260 Column_261 Column_262 Column_263 Column_264 Column_265 Column_266 Column_267 Column_268 Column_269 Column_270 Column_271 Column_272 Column_273 Column_274 Column_275 Column_276 Column_277 Column_278 Column_279 Column_280 Column_281 Column_282 Column_283 Column_284 Column_285 Column_286 Column_287 Column_288 Column_289 Column_290 Column_291 Column_292 Column_293 Column_294 Column_295 Column_296 Column_297 Column_298 Column_299
feature_infos=[-12.039215087890625:14.429411888122559] [-9.0282354354858398:13.292186737060547] [-11.898569107055664:14.265478134155273] [-9.9960784912109375:13.076930999755859] [-8.5238094329833984:14.311634063720703] [-10.491848945617676:13.564705848693848] [-9.2600002288818359:14.404314041137695] [-9.3080387115478516:14.619999885559082] [-10.052448272705078:14.22862720489502] [-14.166380882263184:14.42823600769043] [-12.881992340087891:23.624116897583008] [-12.354117393493652:15.315293312072754] [-10.234559059143066:16.659215927124023] [-13.770588874816895:14.768497467041016] [-9.0548629760742188:12.904705047607422] [-10.485309600830078:12.419216156005859] [-11.231764793395996:13.142745018005371] [-11.649412155151367:12.141961097717285] [-12.91749382019043:14.045882225036621] [-10.983901977539062:13.527843475341797] [-13.80628490447998:11.539215087890625] [-13.489934921264648:10.900392532348633] [-17.025882720947266:11.382352828979492] [-18.430065155029297:11.383529663085938] [-18.87176513671875:12.361176490783691] [-19.694116592407227:13.510196685791016] [-26.349672317504883:14.138823509216309] [-21.482521057128906:13.863071441650391] [-24.044313430786133:17.101961135864258] [-22.320049285888672:17.71607780456543] [-27.440874099731445:17.819412231445312] [-30.349273681640625:17.359411239624023] [-29.913568496704102:18.312234878540039] [-30.85032844543457:20.280391693115234] [-30.86981201171875:20.599542617797852] [-31.973136901855469:18.372352600097656] [-32.777812957763672:18.336275100708008] [-35.278400421142578:19.852157592773438] [-39.441516876220703:18.030000686645508] [-38.570343017578125:16.688365936279297] [-36.374599456787109:16.237882614135742] [-35.931182861328125:16.496469497680664] [-37.719459533691406:15.991293907165527] [-37.653244018554688:16.837648391723633] [-38.097400665283203:17.277311325073242] [-37.589000701904297:17.934902191162109] [-36.226741790771484:19.444705963134766] [-36.602588653564453:21.054117202758789] [-34.403408050537109:20.129411697387695] [-32.581764221191406:24.012941360473633] [-30.942966461181641:24.389411926269531] [-29.190866470336914:23.771764755249023] [-27.214387893676758:24.440784454345703] [-25.052406311035156:26.649019241333008] [-26.373796463012695:29.309803009033203] [-25.274051666259766:32.080001831054688] [-24.800785064697266:34.453334808349609] [-24.622016906738281:36.893726348876953] [-24.679903030395508:39.973724365234375] [-25.903081893920898:42.108234405517578] [-24.608123779296875:44.737255096435547] [-27.645881652832031:47.723529815673828] [-27.188850402832031:48.278823852539062] [-27.605377197265625:49.909801483154297] [-26.75663948059082:50.381961822509766] [-27.354330062866211:50.342742919921875] [-30.751764297485352:52.160781860351562] [-27.929304122924805:53.063137054443359] [-28.552406311035156:53.026275634765625] [-27.132884979248047:53.074115753173828] [-28.967449188232422:56.340000152587891] [-29.376583099365234:54.759212493896484] [-27.995630264282227:51.036472320556641] [-28.15208625793457:51.672943115234375] [-27.642072677612305:52.930980682373047] [-27.306737899780273:52.524703979492188] [-27.992549896240234:51.689804077148438] [-29.173431396484375:49.923137664794922] [-29.548627853393555:50.178432464599609] [-30.848922729492188:48.658432006835938] [-32.824901580810547:48.380001068115234] [-30.863531112670898:44.809803009033203] [-32.476764678955078:44.785099029541016] [-32.838825225830078:43.024314880371094] [-34.357551574707031:41.577255249023438] [-35.516078948974609:40.223529815673828] [-36.489608764648438:37.958431243896484] [-37.052841186523438:33.409412384033203] [-38.631767272949219:35.985881805419922] [-41.137256622314453:33.982746124267578] [-40.601177215576172:34.431766510009766] [-42.9188232421875:35.136470794677734] [-43.197647094726562:32.743923187255859] [-45.908237457275391:29.23176383972168] [-47.443527221679688:29.103137969970703] [-48.197647094726562:28.95294189453125] [-50.041175842285156:27.740785598754883] [-48.658824920654297:25.461959838867188] [-48.0811767578125:26.949020385742188] [-48.791763305664062:26.561960220336914] [-47.616470336914062:32.365489959716797] [-48.799999237060547:34.129020690917969] [-49.474117279052734:32.685489654541016] [-50.187057495117188:33.330982208251953] [-48.944705963134766:35.152549743652344] [-49.401470184326172:35.691371917724609] [-49.608921051025391:35.232940673828125] [-49.543628692626953:37.582351684570312] [-48.223037719726562:42.203136444091797] [-49.146080017089844:43.480785369873047] [-49.885883331298828:43.513725280761719] [-50.181861877441406:45.181961059570312] [-49.870979309082031:44.949409484863281] [-49.358726501464844:48.074115753173828] [-49.819900512695312:49.32470703125] [-48.97833251953125:51.004314422607422] [-49.952938079833984:51.09686279296875] [-51.260688781738281:54.159214019775391] [-48.178428649902344:55.147056579589844] [-49.066764831542969:56.186664581298828] [-49.673236846923828:57.325489044189453] [-49.862941741943359:59.670978546142578] [-48.651470184326172:60.5313720703125] [-48.849216461181641:65.175689697265625] [-50.794803619384766:61.961566925048828] [-50.631664276123047:62.884315490722656] [-50.150489807128906:63.683135986328125] [-51.701667785644531:64.278038024902344] [-51.086666107177734:64.590591430664062] [-52.223724365234375:67.777252197265625] [-52.8067626953125:66.285881042480469] [-52.015880584716797:64.946273803710938] [-53.847743988037109:61.069805145263672] [-54.230880737304688:62.994510650634766] [-55.430095672607422:62.231372833251953] [-54.959606170654297:62.4447021484375] [-55.471275329589844:60.27490234375] [-56.650688171386719:59.196468353271484] [-57.518333435058594:56.230587005615234] [-57.977352142333984:55.236473083496094] [-56.678920745849609:53.882354736328125] [-59.222156524658203:51.530590057373047] [-59.240882873535156:50.692157745361328] [-60.700489044189453:49.863529205322266] [-63.816173553466797:46.571372985839844] [-64.556861877441406:45.270980834960938] [-64.879310607910156:41.001174926757812] [-68.293037414550781:38.738037109375] [-68.639999389648438:37.305492401123047] [-69.683822631835938:33.860393524169922] [-72.095489501953125:32.424705505371094] [-71.535194396972656:33.247058868408203] [-73.289405822753906:31.859214782714844] [-75.305976867675781:31.262746810913086] [-75.44000244140625:30.696079254150391] [-74.500289916992188:32.241962432861328] [-76.408134460449219:29.49725341796875] [-77.023330688476562:29.185489654541016] [-77.299514770507812:29.933725357055664] [-75.84735107421875:31.179609298706055] [-78.431076049804688:27.868625640869141] [-78.962448120117188:28.433725357055664] [-79.816566467285156:26.910587310791016] [-81.047843933105469:29.995292663574219] [-80.6439208984375:32.167449951171875] [-79.169700622558594:31.559215545654297] [-81.452354431152344:31.55372428894043] [-80.950294494628906:31.960000991821289] [-81.329704284667969:35.280784606933594] [-82.270103454589844:36.030197143554688] [-81.557846069335938:34.674118041992188] [-81.960395812988281:39.896862030029297] [-81.989906311035156:40.171371459960938] [-83.401275634765625:41.732940673828125] [-83.726959228515625:42.968235015869141] [-83.378532409667969:43.244705200195312] [-84.042259216308594:45.569805145263672] [-82.750297546386719:45.960391998291016] [-83.120002746582031:45.454902648925781] [-83.599319458007812:47.046272277832031] [-83.571083068847656:48.826667785644531] [-84.356269836425781:50.448234558105469] [-86.365394592285156:50.089412689208984] [-86.120681762695312:55.312156677246094] [-86.10430908203125:55.369804382324219] [-85.503433227539062:55.474903106689453] [-86.235885620117188:55.018039703369141] [-86.725494384765625:53.713333129882812] [-86.251274108886719:55.359607696533203] [-87.681083679199219:54.759609222412109] [-87.438529968261719:54.609806060791016] [-88.625:54.388236999511719] [-89.152252197265625:54.502742767333984] [-90.002647399902344:53.711372375488281] [-91.3306884765625:54.241958618164062] [-91.044509887695312:52.393333435058594] [-91.97686767578125:50.692546844482422] [-93.247642517089844:49.721569061279297] [-93.650787353515625:48.731372833251953] [-95.055885314941406:47.417255401611328] [-94.411376953125:45.817649841308594] [-97.962837219238281:43.132156372070312] [-97.131271362304688:39.079998016357422] [-98.411170959472656:38.963920593261719] [-99.444900512695312:37.985095977783203] [-99.398330688476562:35.386276245117188] [-102.76058959960938:35.593334197998047] [-103.59244537353516:32.356472015380859] [-105.36146545410156:34.240394592285156] [-105.39470672607422:30.405488967895508] [-106.49882507324219:28.963138580322266] [-107.78696441650391:25.574901580810547] [-108.70646667480469:26.014900207519531] [-109.52068328857422:24.356863021850586] [-110.75666809082031:23.229412078857422] [-111.50402069091797:26.420000076293945] [-112.24617767333984:23.570980072021484] [-112.76637268066406:24.142744064331055] [-113.67470550537109:26.280000686645508] [-113.75901794433594:22.879018783569336] [-114.98568725585938:23.777647018432617] [-116.97166442871094:28.7435302734375] [-117.63676452636719:23.275032043457031] [-118.010986328125:24.477058410644531] [-118.06166839599609:24.030981063842773] [-117.8251953125:25.107843399047852] [-119.35421752929688:26.678823471069336] [-119.78823852539062:25.978824615478516] [-119.90725708007812:25.845882415771484] [-119.47176361083984:26.169412612915039] [-119.70814514160156:26.851764678955078] [-119.81813812255859:28.342351913452148] [-119.99186706542969:31.260784149169922] [-118.36244964599609:28.9188232421875] [-119.5567626953125:32.932941436767578] [-118.94107818603516:34.005882263183594] [-119.49069213867188:31.351764678955078] [-119.94147491455078:31.699605941772461] [-119.10411834716797:39.065097808837891] [-120.01538848876953:40.296470642089844] [-120.55813598632812:45.341175079345703] [-119.85538482666016:44.165882110595703] [-119.60597991943359:42.084705352783203] [-120.69304656982422:43.08392333984375] [-121.72853088378906:46.394119262695312] [-121.74274444580078:48.687450408935547] [-121.85813140869141:45.573722839355469] [-121.90264129638672:42.092159271240234] [-121.99891662597656:43.338825225830078] [-122.75049591064453:43.664314270019531] [-123.53529357910156:42.959999084472656] [-123.62401580810547:44.256076812744141] [-123.63922119140625:45.409412384033203] [-124.39402008056641:44.364311218261719] [-125.03500366210938:43.5184326171875] [-124.65167236328125:44.281570434570312] [-124.47088623046875:43.523529052734375] [-125.22352600097656:41.511764526367188] [-126.05979919433594:40.2564697265625] [-126.68116760253906:39.694118499755859] [-127.31049346923828:38.8560791015625] [-129.12068176269531:37.299999237060547] [-130.96577453613281:34.356468200683594] [-130.961181640625:31.546667098999023] [-130.78305053710938:30.167842864990234] [-132.28422546386719:29.472549438476562] [-134.02284240722656:29.43450927734375] [-134.98019409179688:28.855295181274414] [-135.83029174804688:27.682352066040039] [-137.57736206054688:26.210588455200195] [-139.26353454589844:24.961177825927734] [-139.06941223144531:24.292942047119141] [-138.79754638671875:23.741176605224609] [-141.45411682128906:23.167058944702148] [-144.20225524902344:22.841176986694336] [-144.936279296875:22.94117546081543] [-145.46607971191406:24.985881805419922] [-145.96745300292969:24.684379577636719] [-146.19108581542969:24.538692474365234] [-147.27842712402344:23.165412902832031] [-148.71470642089844:23.370588302612305] [-148.835693359375:23.432548522949219] [-148.60235595703125:24.804313659667969] [-149.90216064453125:25.008235931396484] [-151.77687072753906:27.046276092529297] [-153.05685424804688:25.996078491210938] [-154.10902404785156:26.307058334350586] [-153.35107421875:26.032155990600586] [-152.50578308105469:25.754901885986328] [-152.59196472167969:25.467058181762695] [-152.79756164550781:27.263528823852539] [-153.52607727050781:28.263530731201172] [-154.27381896972656:29.159999847412109] [-154.62156677246094:29.757646560668945] [-155.0543212890625:30.191764831542969] [-155.0792236328125:31.350587844848633] [-155.1553955078125:32.720001220703125] [-155.52490234375:37.140056610107422] [-155.95108032226562:35.702705383300781] [-156.06205749511719:35.174118041992188]
tree_sizes=2811 2882 2877 2889 2881 2876 2865 2904 2871 2885 2877 2893 2868 2902 2880 2877 2871 2888 2870 2879 2893 2902 2901 2909 2893 2873 2893 2869 2896 2909 2907 2870 2891 2905 2910 2912 2894 2888 2891 2910 2912 2889 2922 2888 2908 2908 2920 2897 2911 2929 2924 2881 2898 2879 2912 2923 2908 2871 2930 2861 2897 2910 2916 2910 2928 2915 2885 2933 2896 2894 2909 2907 2916 2926 2885 2901 2898 2875 2887 2885 2894 2925 2893 2897 2894 2941 2897 2913 2896 2938 2912 2933 2905 2940 2906 2916 2893 2934 2876 2900 2927 2904 2931 2942 2878 2934 2922 2887 2920 2896 2889 2954 2914 2896 2851 2915 2868 2913 2896 2890 2917 2869 2903 2914 2909 2862 2904 2901 2915 2940 2863 2931 2947 2904 2901 2865 2904 2884 2963 2886 2917 2898 2913 2891 2886 2928 2923 2909 2914 2924

Tree=0
num_leaves=31
num_cat=0
split_feature=299 299 299 299 299 299 299 46 299 299 299 299 299 299 299 299 299 299 44 293 293 285 160 200 251 293 246 299 263 240
split_gain=456076 141539 110877 76445.5 49583.4 26080.1 18704.3 16835.4 14284.9 9220.1 8902.59 6210.12 3942.09 3413.35 2400.23 2139.2 1439.98 1354.63 1290.25 1279.64 1262 910.668 783.369 710.633 658.061 635.977 594.488 580.614 536.229 498.383
threshold=-9.4719996452331525 -0.096633236855268465 -26.09730243682861 10.818197250366213 -4.0097713470458975 -15.929495334625242 -31.526485443115231 -11.831137657165526 3.4414913654327397 -6.3275935649871817 -2.1379821300506587 18.738959312438968 -12.581977367401121 -20.811585426330563 1.5124509334564211 5.9413070678710946 -2.9513070583343501 -5.1056706905364981 -9.6784596443176252 -0.90750569105148304 -7.4876828193664542 13.154117584228517 -5.08774709701538 13.704111099243166 -7.5571212768554679 -14.273399353027342 -4.080021619796752 7.9801206588745126 -14.16453695297241 2.5040391683578496
decision_type=2 2 2 2 2 2 2 2 2 2 2 2 2 2 2 2 2 2 2 2 2 2 2 2 2 2 2 2 2 2
left_child=2 4 6 8 9 13 7 -1 14 20 16 23 -7 28 -3 29 -6 -11 -9 22 -2 -13 -12 -5 -14 -15 -22 -17 -4 -10
right_child=1 3 5 11 10 12 -8 18 15 17 19 21 24 25 -16 27 -18 -19 -20 -21 26 -23 -24 -25 -26 -27 -28 -29 -30 -31
leaf_value=-6.4682538452201417 -3.5812326391823524 -3.1593240468361672 -4.3189098131180357 -2.6027833418266746 -3.3405461707462321 -3.8655261022235377 -4.5771165269974539 -5.4394942350915994 -3.0209272161940435 -3.4421717811900834 -3.3845128083856975 -2.0080152368670152 -3.7334132667484305 -4.0767422849946744 -3.0800145709135376 -2.870255874532083 -3.2985003550436085 -3.3857321533818405 -4.9956257551461567 -3.215020502284144 -3.5253415231732728 -1.715793251804663 -3.256092238948789 -2.3362965841398839 -3.6473640168909931 -3.8942010994967595 -3.4503135302128967 -2.7349518858988775 -4.0817292081642034 -2.9364660205017361
leaf_weight=31 868 2630 203 36 4259 589 118 22 319 1767 122 73 583 410 1497 230 3902 2669 64 2497 881 42 4459 82 359 54 377 121 27 386
leaf_count=31 868 2630 203 36 4259 589 118 22 319 1767 122 73 583 410 1497 230 3902 2669 64 2497 881 42 4459 82 359 54 377 121 27 386
internal_value=-3.33643 -3.2775 -3.98841 -3.04874 -3.33433 -3.87931 -5.0213 -5.46927 -3.08857 -3.44924 -3.28485 -2.16277 -3.76406 -4.13357 -3.13056 -2.92447 -3.32044 -3.40821 -5.10917 -3.24382 -3.53486 -1.90129 -3.25951 -2.4176 -3.70062 -4.0555 -3.50286 -2.82361 -4.29107 -2.97468
internal_weight=29677 27217 2460 5416 21801 2225 235 117 5183 6562 15239 233 1531 694 4127 1056 8161 4436 86 7078 2126 115 4581 118 942 464 1258 351 230 705
internal_count=29677 27217 2460 5416 21801 2225 235 117 5183 6562 15239 233 1531 694 4127 1056 8161 4436 86 7078 2126 115 4581 118 942 464 1258 351 230 705
is_linear=0
shrinkage=1


Tree=1
num_leaves=31
num_cat=0
split_feature=298 298 298 239 298 298 251 46 293 293 296 248 298 298 247 298 3 251 238 249 160 285 241 232 298 298 255 247 291 292
split_gain=402966 118522 97900.3 62126.3 49546.8 22694.9 16434.5 17007.2 12513 9108.19 7674.8 5222.53 3241.53 2946.98 2909.69 2303.65 2137.13 1989.61 1923.56 1833.08 1316.82 1155.19 1152.89 1074.66 1019.5 894.803 768.654 724.078 692.624 691.091
threshold=-9.8171343803405744 1.0590285062789919 -26.366448402404782 12.242580890655519 -4.0917646884918204 -15.897459983825682 -24.36088943481445 -11.831137657165526 -1.3939803242683408 -5.971094846725463 4.6915998458862314 22.900097846984867 -2.4596893787384029 -21.057687759399411 -9.0042190551757795 -7.3771955966949454 2.9854755401611333 -0.17717086523771283 1.5118092298507693 -3.6861960887908931 -5.1939895153045645 13.154117584228517 4.8044176101684579 -2.6484352350234981 -13.740230083465574 -1.4804574847221372 -11.639822483062742 -1.6528758406639097 0.62994515895843517 -8.4830327033996564
decision_type=2 2 2 2 2 2 2 2 2 2 2 2 2 2 2 2 2 2 2 2 2 2 2 2 2 2 2 2 2 2
left_child=2 4 6 10 9 13 7 -1 12 15 18 -5 23 -4 24 -2 -9 25 28 -11 -14 -13 -12 -6 -7 -10 -15 -22 -3 -16
right_child=1 3 5 11 8 14 -8 16 17 19 22 21 20 26 29 -17 -18 -19 -20 -21 27 -23 -24 -25 -26 -27 -28 -29 -30 -31
leaf_value=-3.1223244803292411 -0.23955434114316257 0.15702811857331853 -0.89915637888110256 0.87701479155441808 -0.021971259136797167 -0.55015408572028668 -1.2241920648619187 -1.5169820958917792 0.066719229591899062 -0.094651489726024704 0.3692009123245088 1.2350609026457136 -0.085619712570693604 -0.71386578076646412 -0.35769522592245817 -0.13954044835251053 -2.1099088941301622 0.15663596888887579 0.28254831867948188 -0.026951762839409973 0.043396904373063289 1.5643601208198363 0.5046596215392829 0.020877849179234995 -0.42917330127117065 0.11428875398802613 -0.55455611178749487 0.080950931173290067 0.22474417294597956 -0.23767720023288003
leaf_weight=28 1036 669 233 116 2738 272 129 55 1623 1935 404 76 163 373 498 1296 21 1977 1071 2069 3159 41 257 3143 484 2529 95 2162 867 158
leaf_count=28 1036 669 233 116 2738 272 129 55 1623 1935 404 76 163 373 498 1296 21 1977 1071 2069 3159 41 257 3143 484 2529 95 2162 867 158
internal_value=0.000309321 0.054289 -0.628556 0.325937 0.0143796 -0.521299 -1.60124 -2.06892 0.0577686 -0.105419 0.269697 1.11475 0.0267147 -0.753863 -0.405841 -0.183972 -1.68082 0.115352 0.231114 -0.0596688 0.0543674 1.35046 0.421868 0.000928715 -0.472701 0.095694 -0.681527 0.0586557 0.195251 -0.328788
internal_weight=29677 27331 2346 3501 23830 2113 233 104 17494 6336 3268 233 11365 701 1412 2332 76 6129 2607 4004 5484 117 661 5881 756 4152 468 5321 1536 656
internal_count=29677 27331 2346 3501 23830 2113 233 104 17494 6336 3268 233 11365 701 1412 2332 76 6129 2607 4004 5484 117 661 5881 756 4152 468 5321 1536 656
is_linear=0
shrinkage=0.05


Tree=2
num_leaves=31
num_cat=0
split_feature=298 297 298 237 298 298 298 295 50 295 297 297 236 298 246 298 251 247 148 252 247 251 298 247 295 257 35 285 246 293
split_gain=363677 107391 88355 53363.4 46931.8 20482.2 15074 12811.9 11715.9 8300.58 5881.66 4680.51 3286.5 2712.37 2663.64 2317.51 2035.7 1656.84 1645.05 1448.48 1226.57 1162.83 1131.63 1024.48 978.863 809.225 754.125 743.776 662.661 638.599
threshold=-9.8171343803405744 1.4198121428489687 -26.366448402404782 11.149406433105471 -4.0917646884918204 -15.897459983825682 -32.079874038696282 -1.3066631555557249 -10.500980854034422 -6.33917212486267 4.2253293991088876 17.017073631286625 -2.2872697114944454 -19.125132560729977 -8.7321567535400373 -0.1968300715088844 -3.6109601259231563 -6.1888480186462393 -17.185768127441403 4.1056861877441415 -3.529372930526733 1.0276742577552798 -2.0708822011947627 -1.0983284711837766 -12.577669143676756 -15.536587715148924 -5.2618720531463614 13.154117584228517 0.35035946965217596 -3.2764705419540401
decision_type=2 2 2 2 2 2 2 2 2 2 2 2 2 2 2 2 2 2 2 2 2 2 2 2 2 2 2 2 2 2
left_child=2 4 6 10 9 13 8 12 -1 17 21 -5 20 25 24 23 -11 -2 -10 -12 26 -3 -14 -9 -7 -4 -6 -13 -19 -18
right_child=1 3 5 11 7 14 -8 15 18 16 19 27 22 -15 -16 -17 29 28 -20 -21 -22 -23 -24 -25 -26 -27 -28 -29 -30 -31
leaf_value=-2.7954109981142246 -0.23532353155893126 0.18713444907614527 -0.86836537163833105 0.84928348899906525 -0.13991246436129917 -0.49640840400856612 -1.1207301474025106 0.06675777930532141 -1.9199972152709961 -0.093068663912185184 0.33449455887262075 1.1996024636661307 0.031730284099547854 -0.61683064661383291 -0.30495992943092631 0.15403667381556629 -0.046093998726787447 -0.15059329594561563 -1.469114990234375 0.47251262848783537 0.013640627550868496 0.2643508711548454 0.074204711975903878 0.11705349500678562 -0.38691064878497894 -0.70929755851870679 -0.027144752020076237 1.4652856161428054 0.06764897066685889 0.012566755169247865
leaf_weight=29 902 940 232 117 165 427 117 2036 32 2373 489 68 3460 347 594 2368 1264 1028 55 311 3642 1013 2868 2014 391 122 1461 43 36 733
leaf_count=29 902 940 232 117 165 427 117 2036 32 2373 489 68 3460 347 594 2368 1264 1028 55 311 3642 1013 2868 2014 391 122 1461 43 36 733
internal_value=0.000293854 0.0515746 -0.597129 0.33484 0.0168963 -0.495234 -1.52117 0.058064 -1.92507 -0.100148 0.27396 1.06994 0.0266938 -0.71617 -0.385549 0.114743 -0.0617628 -0.185471 -1.63496 0.388149 -0.00248004 0.227186 0.0509807 0.091769 -0.444069 -0.813545 -0.038588 1.30252 -0.143209 -0.0245625
internal_weight=29677 27331 2346 2981 24350 2113 233 18014 116 6336 2753 228 11596 701 1412 6418 4370 1966 87 800 5268 1953 6328 4050 818 354 1626 111 1064 1997
internal_count=29677 27331 2346 2981 24350 2113 233 18014 116 6336 2753 228 11596 701 1412 6418 4370 1966 87 800 5268 1953 6328 4050 818 354 1626 111 1064 1997
is_linear=0
shrinkage=0.05


Tree=3
num_leaves=31
num_cat=0
split_feature=298 298 298 260 298 298 260 46 293 298 293 248 294 295 236 252 247 249 240 298 14 247 285 293 298 295 298 298 298 245
split_gain=328380 98227.9 77248.1 55147 38880.9 16845.8 13787.2 14459.8 9030.68 8850.29 6924.56 4182.88 2476.14 2278.51 2172.21 2108.67 1960.22 1874.86 1437.04 1295.42 1295.35 967.31 923.804 816.139 774.867 716.404 712.046 688.585 659.648 652.823
threshold=-10.112941265106199 0.39205750823020941 -26.366448402404782 10.336279869079592 -4.441420078277587 -15.897459983825682 -26.029636383056637 -11.831137657165526 -2.1626062393188472 4.220571994781495 -6.8916499614715567 22.900097846984867 -19.248921394348141 1.4331942796707156 -2.4184314012527461 -9.62176465988159 -1.0130094289779661 -4.4642534255981436 3.9118639230728154 -7.7147464752197257 0.28757561743259435 -3.4151579141616817 13.154117584228517 -3.0914869308471675 -21.057687759399411 -0.4018894881010055 -13.740230083465574 -2.4596893787384029 -1.9968954324722288 -7.0235292911529532
decision_type=2 2 2 2 2 2 2 2 2 2 2 2 2 2 2 2 2 2 2 2 2 2 2 2 2 2 2 2 2 2
left_child=2 4 6 9 10 12 7 -1 14 13 19 -5 24 -3 21 26 28 -12 -11 -2 -9 -6 -13 -19 -4 -18 -7 -16 -10 -17
right_child=1 3 5 11 8 15 -8 20 16 18 17 22 -14 -15 27 29 25 23 -20 -21 -22 -23 -24 -25 -26 -27 -28 -29 -30 -31
leaf_value=-2.8408020019531253 -0.23967809800395676 0.14845342427596397 -0.83858580054306397 0.79507214031388285 -0.042661374496039711 -0.50115096352317123 -1.0937319297490158 -1.3721447302744938 0.036712514264370076 0.30233365289019876 -0.11694891583788528 1.1183985860724197 -0.58942378765970305 0.22866432067729364 0.014332830004247721 -0.35160369562066118 0.089471214967191168 -0.062666344420007222 0.43435884499851662 -0.15059168487787247 -1.8043818510495702 0.0033784120484097024 1.4128774875547829 0.0064157140804520733 -0.68396989053754664 0.13546206119282872 -0.39591769336783977 0.052923747738508831 0.075614173589990688 -0.2468985237121582
leaf_weight=28 851 2001 205 113 1911 264 127 52 1876 431 1547 76 362 1588 2393 368 1946 1767 395 784 26 2831 41 564 134 1499 411 2236 2600 250
leaf_count=28 851 2001 205 113 1911 264 127 52 1876 431 1547 76 362 1588 2393 368 1946 1767 395 784 26 2831 41 564 134 1499 411 2236 2600 250
internal_value=0.000279162 0.0476529 -0.583649 0.257227 0.004966 -0.482986 -1.44512 -1.86611 0.0418293 0.217905 -0.110659 1.01204 -0.680362 0.183944 0.00860894 -0.375979 0.0811309 -0.0742736 0.365469 -0.19696 -1.51622 -0.0151754 1.22159 -0.0459515 -0.777469 0.109483 -0.437076 0.0329739 0.0593095 -0.309247
internal_weight=29677 27450 2227 4645 22805 1994 233 106 17292 4415 5513 230 701 3589 9371 1293 7921 3878 826 1635 78 4742 117 2331 339 3445 675 4629 4476 618
internal_count=29677 27450 2227 4645 22805 1994 233 106 17292 4415 5513 230 701 3589 9371 1293 7921 3878 826 1635 78 4742 117 2331 339 3445 675 4629 4476 618
is_linear=0
shrinkage=0.05


Tree=4
num_leaves=31
num_cat=0
split_feature=297 297 298 237 297 298 237 46 298 297 298 297 289 293 298 298 249 127 247 247 247 252 160 253 257 292 293 247 248 287
split_gain=296617 88831.3 69579.3 46654 38484.8 15097.8 12819.6 11334.8 10883.6 6260.45 5531.61 3867.68 2598.29 2539.74 2265.05 1947.59 1477.75 1368.8 1338.73 1319.67 1275.14 1215.1 868.496 807.999 692.932 625.086 622.746 606.953 590.793 547.142
threshold=-10.039268016815184 0.92581823468208324 -26.366448402404782 11.149406433105471 -4.6176283359527579 -15.897459983825682 -23.850658416748043 -11.831137657165526 -2.024901151657104 4.2253293991088876 -7.0967528820037833 17.017073631286625 -2.3601961135864253 -0.90750569105148304 -19.125132560729977 -13.154803752899168 1.5347058773040774 -9.2453722953796369 -3.6539216041564937 -4.8813011646270743 -6.6052613258361808 4.1056861877441415 -5.08774709701538 -7.2564804553985587 -15.536587715148924 -1.03666216135025 -4.0552096366882315 -1.6528758406639097 -0.080167863517999635 12.834695339202883
decision_type=2 2 2 2 2 2 2 2 2 2 2 2 2 2 2 2 2 2 2 2 2 2 2 2 2 2 2 2 2 2
left_child=2 4 6 9 10 14 7 -1 12 16 20 -5 18 22 24 -7 25 -9 -6 -12 -2 -11 -10 -17 -4 -3 -22 -24 -15 -13
right_child=1 3 5 11 8 15 -8 17 13 21 19 29 -14 28 -16 23 -18 -19 -20 -21 26 -23 27 -25 -26 -27 -28 -29 -30 -31
leaf_value=-2.5772126228578629 -0.23898228753846268 0.089470190485479384 -0.78605604582819444 0.76635987371461001 -0.048324176226275037 -0.43923768000816232 -1.0251378213205646 -1.2768871327663991 -0.062292072273415627 0.3017670636284327 -0.12131586040769304 1.0703219229714913 0.041586277338789585 0.099968312189675654 -0.55556424275598892 -0.34193371548372159 0.24068003487264453 -1.704900566224129 0.0027231395617051098 -0.054673121630442981 -0.1646819317504355 0.42817859710987743 0.046080577041695686 -0.2305209604757173 -0.6388610824209745 0.17560280300286332 -0.032940782591848093 0.08185437862102346 0.14135552082937228 1.292421242042824
leaf_weight=31 725 247 232 117 1743 469 124 47 139 489 1120 57 3703 2205 347 595 961 31 4881 2206 802 311 2302 224 122 1431 101 2445 1416 54
leaf_count=31 725 247 232 117 1743 469 124 47 139 489 1120 57 3703 2205 347 595 961 31 4881 2206 802 311 2302 224 122 1431 101 2445 1416 54
internal_value=0.000265204 0.0452349 -0.555379 0.274304 0.00992316 -0.459616 -1.37286 -1.76843 0.04254 0.228383 -0.114079 0.966944 0.00804266 0.0844178 -0.646344 -0.357989 0.191239 -1.447 -0.0107091 -0.0771145 -0.189597 0.35091 0.0608991 -0.311462 -0.735328 0.162924 -0.149947 0.0645063 0.116153 1.17837
internal_weight=29677 27455 2222 3667 23788 1989 233 109 18834 3439 4954 228 10327 8507 701 1288 2639 78 6624 3326 1628 800 4886 819 354 1678 903 4747 3621 111
internal_count=29677 27455 2222 3667 23788 1989 233 109 18834 3439 4954 228 10327 8507 701 1288 2639 78 6624 3326 1628 800 4886 819 354 1678 903 4747 3621 111
is_linear=0
shrinkage=0.05


Tree=5
num_leaves=31
num_cat=0
split_feature=299 299 299 299 299 299 299 50 299 299 299 299 299 299 46 299 299 299 299 299 255 299 257 279 285 299 53 299 245 160
split_gain=277329 89123.6 70477.7 45477.4 30918 24071.8 8409.59 8038.61 5954.48 5408.79 4496.99 3951.62 3860.63 1507.46 1502.34 1258.8 937.87 865.164 780.206 696.905 639.022 560.701 489.627 487.08 465.093 437.417 430.912 408.985 394.951 393.355
threshold=-9.1975049972534162 0.11695782840251924 -31.526485443115231 10.818197250366213 -3.9335883855819698 -16.825344085693356 3.4414913654327397 -10.500980854034422 -2.035113930702209 -6.1310553550720206 -22.802588462829586 18.738959312438968 -12.581977367401121 5.9413070678710946 -9.0090589523315412 1.8114052414894106 -2.9513070583343501 -0.91579899191856373 -7.3844182491302481 -4.9397058486938468 -11.639822483062742 -10.813180923461912 -11.820766925811766 12.549117088317873 -3.7257446050643916 -26.09730243682861 -3.0205684900283809 7.9801206588745126 -4.4318823814392081 -5.6818139553070059
decision_type=2 2 2 2 2 2 2 2 2 2 2 2 2 2 2 2 2 2 2 2 2 2 2 2 2 2 2 2 2 2
left_child=2 4 7 6 9 10 15 -1 16 18 25 -5 22 -8 -9 -3 -6 29 28 -11 -12 -14 -7 -13 26 -4 -19 -15 -2 -10
right_child=1 3 5 11 8 12 13 14 17 19 20 23 21 27 -16 -17 -18 24 -20 -21 -22 -23 -24 -25 -26 -27 -28 -29 -30 -31
leaf_value=-2.3701818847656249 -0.19592028293749522 0.14949650252710614 -0.94072259973596639 0.71796793619791677 -0.0026772735921947568 -0.47373959584669634 0.28601303629670166 -1.762222381591797 -0.066938181613620959 -0.076235853793713795 -0.62133879745849452 1.0742678867297226 -0.31865224116990548 0.37256147376386634 -1.3098218060921933 0.21248680014797694 0.030884327202589518 -0.13487536055701119 -0.12042784320999922 -0.036162463573573028 -0.45844306744320296 -0.245846060103729 -0.38958863857363868 1.3240477294921877 0.10527877844367894 -0.80174483611804104 0.059961211740970612 0.48513104838709681 -0.12332317838943546 0.065260225033434219
leaf_weight=30 818 2581 108 120 3996 330 721 25 57 1877 396 89 476 231 69 1145 4345 35 1199 2571 71 595 363 25 2483 119 150 124 243 4390
leaf_count=30 818 2581 108 120 3996 330 721 25 57 1877 396 89 476 231 69 1145 4345 35 1199 2571 71 595 363 25 2483 119 150 124 243 4390
internal_value=0.000696822 0.0477062 -0.494522 0.237579 0.00456416 -0.435849 0.204411 -1.65757 0.0434687 -0.0850763 -0.68531 0.918236 -0.337705 0.32754 -1.43014 0.168853 0.0148057 0.0770706 -0.148063 -0.0530729 -0.596573 -0.278204 -0.429661 1.12904 0.0995805 -0.867866 0.0231002 0.411882 -0.179293 0.0635658
internal_weight=29782 27200 2582 5036 22164 2458 4802 124 15456 6708 694 234 1764 1076 94 3726 8341 7115 2260 4448 467 1071 693 114 2668 227 185 355 1061 4447
internal_count=29782 27200 2582 5036 22164 2458 4802 124 15456 6708 694 234 1764 1076 94 3726 8341 7115 2260 4448 467 1071 693 114 2668 227 185 355 1061 4447
is_linear=0
shrinkage=0.05


Tree=6
num_leaves=31
num_cat=0
split_feature=299 299 299 299 299 299 43 299 299 299 299 299 299 299 299 212 299 183 299 299 293 299 299 278 212 241 299 247 245 299
split_gain=250289 80602.1 63606.1 38875.2 30279.7 21739.6 7367.11 6179.36 6121.22 5451.25 4968.96 3566.33 2557.33 1147.59 1146.01 1043.44 935.109 906.972 892 789.79 747.278 569.15 567.171 442.923 424.527 403.603 394.769 378.892 374.534 369.108
threshold=-9.1975049972534162 0.52450984716415416 -31.526485443115231 10.818197250366213 -3.7983332872390743 -15.929495334625242 -12.635293483734129 3.7393277883529668 -1.9345847368240354 -5.842442274093627 -22.802588462829586 18.738959312438968 -11.651844024658201 5.9413070678710946 -0.76301249861717213 -24.198562622070309 -7.3844182491302481 -17.754745483398434 2.0279779434204106 -2.9258382320404048 -17.762031555175778 -4.6054947376251212 -13.762030124664305 12.869907379150392 -8.4479751586914045 -4.8223886489868155 -26.09730243682861 -4.5525851249694815 -2.9320511817932124 7.9801206588745126
decision_type=2 2 2 2 2 2 2 2 2 2 2 2 2 2 2 2 2 2 2 2 2 2 2 2 2 2 2 2 2 2
left_child=2 4 6 7 9 10 -1 18 19 16 26 -5 22 -9 27 17 25 -8 -3 -6 -12 -11 -7 -13 -16 -2 -4 -10 -14 -15
right_child=1 3 5 11 8 12 15 13 14 21 20 23 28 29 24 -17 -18 -19 -20 -21 -22 -23 -24 -25 -26 -27 -28 -29 -30 -31
leaf_value=-2.1892581612723219 -0.19118545674360718 0.15486595549745238 -0.89368642171223966 0.68206975301106776 0.0001296864889893404 -0.42112920346467392 -1.6313746596827654 0.27797630904721188 -0.020544048288995906 -0.061731635180696826 -0.59964250972027378 1.0163561443949856 -0.25599723702508875 0.35393343838778413 -0.10563625469803811 -1.1045166015625001 -0.10946145177117204 -1.2274113972981773 0.21208157354547075 0.031210424487026368 -0.48588080278301604 -0.026473753386214854 -0.33685971674536858 1.2453155517578125 0.10549338853187185 -0.12473211395847905 -0.76165750968356094 0.066419732879115026 -0.110666875002232 0.46087444674584177
leaf_weight=35 728 2004 108 120 3621 345 33 603 129 2236 323 86 781 231 24 32 1557 24 1032 4693 261 2345 474 28 2997 333 119 4309 47 124
leaf_count=35 728 2004 108 120 3621 345 33 603 129 2236 323 86 781 231 24 32 1557 24 1032 4693 261 2345 474 28 2997 333 119 4309 47 124
internal_value=0.00066198 0.0453209 -0.469796 0.245948 0.00839534 -0.414057 -1.57469 0.20925 0.0471769 -0.076575 -0.625962 0.872324 -0.309712 0.319965 0.0800618 -1.33301 -0.134129 -1.46128 0.174315 0.0176738 -0.5488 -0.0436832 -0.372358 1.07259 0.103816 -0.170329 -0.824473 0.0638919 -0.247748 0.391287
internal_weight=29782 27200 2582 4228 22972 2458 124 3994 15773 7199 811 234 1647 958 7459 89 2618 57 3036 8314 584 4581 819 114 3021 1061 227 4438 828 355
internal_count=29782 27200 2582 4228 22972 2458 124 3994 15773 7199 811 234 1647 958 7459 89 2618 57 3036 8314 584 4581 819 114 3021 1061 227 4438 828 355
is_linear=0
shrinkage=0.05


Tree=7
num_leaves=31
num_cat=0
split_feature=296 297 297 236 298 298 293 60 247 297 297 298 296 251 183 11 291 245 298 294 225 240 213 114 293 250 257 298 297 298
split_gain=219553 67136.8 53620.1 31818.3 30537 16797.2 9188.82 6399.02 5415.01 3814.3 3088.93 2958.01 2642.59 2523.47 1528.67 2847.98 1470.63 1468.87 1271.22 1157.99 811.527 802.52 745.297 644.607 627.959 586.082 553.782 548.244 526.657 515.692
threshold=-10.086938381195067 1.4971434473991396 -32.280096054077141 10.74018716812134 -4.3028340339660636 -17.807124137878414 -1.2216568589210508 -9.6343135833740217 -5.3601660728454581 5.5045974254608163 17.017073631286625 -13.154803752899168 -23.070332527160641 -2.2687255144119258 -17.754745483398434 -0.63623344898223866 -4.1458401679992667 -1.0230838060379026 -7.3771955966949454 2.4720433950424199 -3.6174386739730831 -7.3649060726165763 -4.9451494216918936 5.1869606971740732 0.32960785925388342 6.7624182701110849 -11.820766925811766 -1.4514316916465757 -6.7203242778778067 -2.4596893787384029
decision_type=2 2 2 2 2 2 2 2 2 2 2 2 2 2 2 2 2 2 2 2 2 2 2 2 2 2 2 2 2 2
left_child=2 4 7 9 8 12 13 -1 18 19 -5 26 -4 20 15 -9 28 23 -2 -3 -6 -13 -15 -8 -19 -11 -7 -24 -10 -22
right_child=1 3 5 10 6 11 17 14 16 25 -12 21 -14 22 -16 -17 -18 24 -20 -21 29 -23 27 -25 -26 -27 -28 -29 -30 -31
leaf_value=-2.1394311523437501 -0.19107749016957287 0.15577222645487573 -0.78402662576581328 0.65059993349272638 -0.033703948562835165 -0.44986203478005438 0.065600980272255513 -1.0944829773902893 -0.11970259410708978 0.3155037233823037 1.0179018813951881 -0.3033734540965014 -0.56452032260680463 -0.031793167156215163 -1.1077272999043368 -1.9281750429244271 -0.012751409459563316 0.094443264733867674 -0.11249954950575736 0.2283902721753823 -0.0049707642199599755 -0.19872612407355955 0.035190686339331291 -0.19484709501266481 0.13548388724031665 0.446998159235174 -0.35884991521420689 0.067792632207893319 -0.063457183873331227 0.030169895504666949
leaf_weight=30 1039 1164 223 116 1638 379 2347 20 537 369 113 557 356 331 49 21 1486 2036 1020 1039 2994 273 4174 24 1719 110 299 1866 1850 1603
leaf_count=30 1039 1164 223 116 1638 379 2347 20 537 369 113 557 356 331 49 21 1486 2036 1020 1039 2994 273 4174 24 1719 110 299 1866 1850 1603
internal_value=0.000628882 0.0390355 -0.479237 0.266128 0.0122326 -0.42014 0.0435409 -1.50702 -0.0866325 0.217825 0.831845 -0.332245 -0.649062 0.0191287 -1.29622 -1.5215 -0.0518008 0.0937761 -0.152151 0.190021 -0.00348471 -0.268953 0.0412594 0.0629646 0.113231 0.345701 -0.409725 0.0452627 -0.0761106 0.00728298
internal_weight=29782 27575 2207 2911 24664 2087 18732 120 5932 2682 229 1508 579 12606 90 41 3873 6126 2059 2203 6235 830 6371 2371 3755 479 678 6040 2387 4597
internal_count=29782 27575 2207 2911 24664 2087 18732 120 5932 2682 229 1508 579 12606 90 41 3873 6126 2059 2203 6235 830 6371 2371 3755 479 678 6040 2387 4597
is_linear=0
shrinkage=0.05


Tree=8
num_leaves=31
num_cat=0
split_feature=299 299 299 299 299 299 43 299 299 299 299 299 299 299 299 212 22 299 299 299 299 236 279 293 193 212 299 245 299 212
split_gain=204605 66517.8 51871.8 31697.1 25008.2 17713 6294.55 5357.25 5073.99 4227.1 3640.16 2892.62 2577.39 927.917 876.014 851.247 821.188 736.574 698.187 638.95 592.375 542.458 402.752 397.001 363.869 360.367 336.048 324.096 300.171 299.104
threshold=-9.1975049972534162 0.52450984716415416 -31.526485443115231 10.818197250366213 -3.549870371818542 -17.813986778259274 -12.635293483734129 -5.6777610778808585 3.7393277883529668 -1.6917099952697752 -13.119695186614988 18.738959312438968 -22.802588462829586 5.9413070678710946 -7.3844182491302481 -24.198562622070309 -3.1006002426147456 2.1546452045440678 -0.76301249861717213 -2.5835947990417476 -10.813180923461912 -3.3433251380920406 12.549117088317873 -14.273399353027342 -9.3103613853454572 -8.4479751586914045 -26.09730243682861 -2.7571568489074703 7.9801206588745126 -6.7996723651885977
decision_type=2 2 2 2 2 2 2 2 2 2 2 2 2 2 2 2 2 2 2 2 2 2 2 2 2 2 2 2 2 2
left_child=2 4 6 8 7 12 -1 14 17 19 23 -5 26 -10 27 16 -8 -3 29 -6 -12 -9 -13 -7 -14 -20 -4 -2 -15 -11
right_child=1 3 5 11 9 10 15 21 13 18 20 22 24 28 -16 -17 -18 -19 25 -21 -22 -23 -24 -25 -26 -27 -28 -29 -30 -31
leaf_value=-1.9906208147321429 -0.1631119525141379 0.14226306589747981 -0.80946412263093181 0.61748819986979164 0.0094272721347194149 -0.42529865032165692 -1.1531670295830929 -0.051151749299787511 0.25266414408264665 -0.082233551662001358 -0.2815655517578125 0.91938531425561798 -0.56145458040128637 0.32086918818486204 -0.096909265358354799 -0.99277248382568362 -1.5375518182913464 0.19593512696646603 -0.09872497320175172 0.036916242103558261 -0.21086167279411763 -0.018913982613081838 1.14651611328125 -0.34871181152542563 -0.44899378593521888 0.095797130734042238 -0.68764976693802526 -0.068104054921805254 0.41730789676789315 0.06266810117449978
leaf_weight=35 962 2121 108 120 4313 377 33 2345 603 36 590 89 263 231 1790 32 24 915 24 4146 595 2942 25 307 99 2997 119 99 124 3318
leaf_count=35 962 2121 108 120 4313 377 33 2345 603 36 590 89 263 231 1790 32 24 915 24 4146 595 2942 25 307 99 2997 119 99 124 3318
internal_value=0.000597438 0.0409755 -0.424764 0.223233 0.00743088 -0.374428 -1.42255 -0.0630031 0.190096 0.0460713 -0.299079 0.788832 -0.613524 0.290421 -0.118247 -1.19915 -1.31501 0.158439 0.0768168 0.0229004 -0.246064 -0.0332127 0.969195 -0.390924 -0.530699 0.0942518 -0.745605 -0.154247 0.354555 0.0611128
internal_weight=29782 27200 2582 4228 22972 2458 124 8138 3994 14834 1869 234 589 958 2851 89 57 3036 6375 8459 1185 5287 114 684 362 3021 227 1061 355 3354
internal_count=29782 27200 2582 4228 22972 2458 124 8138 3994 14834 1869 234 589 958 2851 89 57 3036 6375 8459 1185 5287 114 684 362 3021 227 1061 355 3354
is_linear=0
shrinkage=0.05


Tree=9
num_leaves=31
num_cat=0
split_feature=299 299 299 299 299 299 299 50 299 299 299 299 299 21 299 299 299 299 241 241 212 285 299 247 250 240 299 160 251 295
split_gain=184677 62362.2 43890.2 30996.3 23443.8 13013.4 6244.27 5881.18 4840.39 3454.65 2610.59 2326.09 2172.53 1181.38 1112.23 941.468 792.108 707.95 607.468 454.683 400.744 375.795 348.411 347.539 340.339 310.174 303.283 293.482 285.153 283.392
threshold=-10.098204135894774 -0.096633236855268465 -31.526485443115231 10.818197250366213 -4.509920358657836 -17.813986778259274 3.2036273479461674 -10.500980854034422 -2.4326797723770137 -6.7996077537536612 18.738959312438968 -22.802588462829586 -13.762030124664305 -1.4040725231170652 5.9413070678710946 1.5124509334564211 -1.1858243346214292 -3.4070588350296016 -5.2868628501892081 -3.6585229635238643 -6.7996723651885977 13.154117584228517 -11.651844024658201 -5.4357616901397696 -13.41165781021118 2.5040391683578496 -26.09730243682861 -6.4386982917785636 -0.25055254995822901 2.7366497516632085
decision_type=2 2 2 2 2 2 2 2 2 2 2 2 2 2 2 2 2 2 2 2 2 2 2 2 2 2 2 2 2 2
left_child=2 4 7 6 9 11 15 -1 17 18 -5 26 -7 -9 25 28 27 -6 -2 -11 -18 -12 -14 -22 -13 -8 -4 -10 -3 -16
right_child=1 3 5 10 8 12 14 13 16 19 21 24 22 -15 29 -17 20 -19 -20 -21 23 -23 -24 -25 -26 -27 -28 -29 -30 -31
leaf_value=-1.9609517415364583 -0.16918098066512044 0.097493023774809784 -0.76899086281105333 0.58661387125651043 -0.016278675427044944 -0.38330423129719193 0.19968326115372159 -1.0234585944811503 -0.087548563265523252 -0.079125454542173901 0.84742298955502715 -0.53390855752923183 -0.28988915294534551 -1.3923621023402495 0.15399302124977113 0.16541050719130354 -0.079203746148518162 0.013485736636853964 -0.11112272613292756 -0.043219008832840022 -0.095980255819600208 1.0331465657552084 -0.22926558482496043 0.077930941846038479 -0.4251447562015418 0.26112022034859544 -0.65326732988117131 0.043600082012546747 0.13006658682950314 0.34774256770290546
leaf_weight=30 1147 1252 108 120 3626 567 404 60 43 1926 69 263 474 34 20 1407 42 4449 742 1626 29 45 474 3050 99 418 119 5354 1450 335
leaf_count=30 1147 1252 108 120 3626 567 404 60 43 1926 69 263 474 34 20 1407 42 4449 742 1626 29 45 474 3050 99 418 119 5354 1450 335
internal_value=0.000567566 0.0359726 -0.437292 0.186258 -0.00167705 -0.383417 0.161329 -1.35142 0.0278564 -0.0917429 0.749391 -0.582847 -0.305883 -1.15689 0.262867 0.132244 0.05415 0.000120318 -0.146376 -0.0626886 0.0742004 0.920735 -0.259577 0.0762929 -0.504164 0.230925 -0.708325 0.0425552 0.114973 0.336827
internal_weight=29782 27554 2228 5520 22034 2104 5286 124 16593 5441 234 589 1515 94 1177 4109 8518 8075 1889 3552 3121 114 948 3079 362 822 227 5397 2702 355
internal_count=29782 27554 2228 5520 22034 2104 5286 124 16593 5441 234 589 1515 94 1177 4109 8518 8075 1889 3552 3121 114 948 3079 362 822 227 5397 2702 355
is_linear=0
shrinkage=0.05


Tree=10
num_leaves=31
num_cat=0
split_feature=299 299 299 299 299 299 51 299 299 299 299 299 299 9 242 299 232 293 54 256 285 293 160 241 35 193 251 299 293 299
split_gain=167912 54834.1 42206.3 26556.2 20133.6 12578.7 8798.07 5953.11 4294.8 3423.88 2180.37 2134.08 1804.28 1292.64 953.623 876.731 678.36 610.254 595.103 522.422 487.319 485.249 461.797 459.459 449.689 358.527 333.057 292.78 290.958 287.491
threshold=-10.098204135894774 -0.19985324144363401 -31.526485443115231 10.818197250366213 -4.509920358657836 -17.813986778259274 -10.086746692657469 3.2036273479461674 -2.4326797723770137 -6.926464080810546 -22.802588462829586 18.738959312438968 -13.762030124664305 4.221426486968995 4.1555440425872812 1.3174290060997011 -1.5284960865974424 -3.3254723548889156 -3.124273300170898 -5.8968970775604239 13.154117584228517 -10.355986595153807 -6.4386982917785636 -2.9641443490982051 -5.2618720531463614 -9.3103613853454572 -7.7688276767730704 -0.98117640614509571 0.99117648601531994 -5.4511930942535392
decision_type=2 2 2 2 2 2 2 2 2 2 2 2 2 2 2 2 2 2 2 2 2 2 2 2 2 2 2 2 2 2
left_child=2 4 6 7 9 10 -1 15 17 19 -4 -5 21 18 28 -3 22 -6 -8 -2 -13 -7 -10 29 -19 -12 -14 -18 -9 -11
right_child=1 3 5 11 8 12 13 14 16 23 25 20 26 -15 -16 -17 27 24 -20 -21 -22 -23 -24 -25 -26 -27 -28 -29 -30 -31
leaf_value=-2.2129919964334239 -0.16512126459319257 0.10460827147133805 -0.68072712361311716 0.55429550697063579 -0.01674528173161861 -0.37026656643747224 -0.91982384820779173 0.12645345351275278 -0.10152617692947388 -0.086470727585419738 -0.51496105118403357 0.78192333276721016 -0.26667406803241928 -1.4607120860706677 0.30590610254279393 0.15116790809067601 0.053480375708804651 -0.10303769726963606 -1.2168361755517814 -0.10871203619658404 1.0012722778320313 -0.18333913442250846 0.036098501586998247 -0.032684467878791833 0.013060518675640729 -0.40009318731164423 -0.20066637242281879 0.079927798472579178 0.2251176284740658 -0.052920878788547981
leaf_weight=23 1091 2679 238 116 3573 563 48 85 62 1366 252 69 654 22 458 1624 3061 85 26 658 40 37 3611 1144 4450 93 270 1590 618 1199
leaf_count=23 1091 2679 238 116 3573 563 48 85 62 1366 252 69 654 22 458 1624 3061 85 26 658 40 37 3611 1144 4450 93 270 1590 618 1199
internal_value=-0.000801536 0.0329147 -0.418528 0.171211 -0.00302723 -0.366787 -1.33465 0.14929 0.024609 -0.0862298 -0.564309 0.703564 -0.291226 -1.12422 0.249764 0.12218 0.0498373 -0.00129129 -1.02418 -0.143899 0.862418 -0.358739 0.0337754 -0.0590354 0.0108845 -0.483997 -0.247386 0.0625217 0.213188 -0.070788
internal_weight=29805 27579 2226 5689 21890 2107 119 5464 16432 5458 583 225 1524 96 1161 4303 8324 8108 74 1749 109 600 3673 3709 4535 345 924 4651 703 2565
internal_count=29805 27579 2226 5689 21890 2107 119 5464 16432 5458 583 225 1524 96 1161 4303 8324 8108 74 1749 109 600 3673 3709 4535 345 924 4651 703 2565
is_linear=0
shrinkage=0.05


Tree=11
num_leaves=31
num_cat=0
split_feature=299 299 299 299 299 299 50 299 299 299 299 299 299 46 299 285 241 250 247 293 289 247 285 241 245 172 299 247 77 251
split_gain=151654 47712.7 40521.9 23058.6 16548.8 13833.9 7951.93 4692.47 3375.04 2973.36 2512.86 1967.79 1926 1436.43 974.765 640.963 567.548 520.648 503.203 500.302 463.549 456.13 439.806 427.111 329.68 328.832 317.148 312.772 305.126 284.814
threshold=-9.1975049972534162 0.11695782840251924 -31.526485443115231 10.818197250366213 -3.9335883855819698 -17.813986778259274 -10.500980854034422 4.0472550392150888 -2.1379821300506587 -6.1310553550720206 -13.119695186614988 -22.802588462829586 18.738959312438968 -9.0090589523315412 1.8114052414894106 -1.6015931367874143 -5.1956076622009268 4.9514522552490243 -4.4454216957092276 -12.029477596282957 -2.1133865118026729 -6.6052613258361808 13.154117584228517 -1.8639008998870847 1.343431353569031 -7.6165294647216788 -0.91579899191856373 -2.7436273097991939 1.8108366131782534 -17.561544418334957
decision_type=2 2 2 2 2 2 2 2 2 2 2 2 2 2 2 2 2 2 2 2 2 2 2 2 2 2 2 2 2 2
left_child=2 4 6 7 9 11 -1 14 20 16 19 29 -5 -8 -3 18 -2 -9 28 -7 27 -12 -14 -11 -16 -13 -17 -6 -10 -4
right_child=1 3 5 12 8 10 13 17 15 23 21 25 22 -15 24 26 -18 -19 -20 -21 -22 -23 -24 -25 -26 -27 -28 -29 -30 -31
leaf_value=-2.0604709472656251 -0.13468051831761893 0.10952815554146665 -0.68451714367599958 0.52658075793036108 -0.012889354698634401 -0.34966048971440444 -1.4005461070848551 0.23141530824897472 -0.0028705131113529207 -0.046483140895302352 -0.23034595730629837 -0.48151316410965389 0.74282713074615048 -0.94589045081340106 0.13698237118258663 0.055548184806422186 -0.084096071481040591 0.31621699052698471 0.043011515697606903 -0.23452789272580829 0.025512706970805328 -0.15822768856401315 0.95120864868164068 -0.0057470583489962991 0.18561537927109351 -0.35007162094116212 0.082991333985518667 0.011426371744068811 -0.15007850466942302 -0.56759924950537755
leaf_weight=25 1143 2555 161 116 2552 599 23 541 125 3744 880 288 69 71 691 2375 1077 272 3162 112 2593 292 40 777 703 57 1891 2745 49 77
leaf_count=25 1143 2555 161 116 2552 599 23 541 125 3744 880 288 69 71 691 2375 1077 272 3162 112 2593 292 40 777 703 57 1891 2745 49 77
internal_value=-0.000761459 0.0339952 -0.366749 0.173768 0.00264336 -0.323262 -1.26792 0.150398 0.0310986 -0.0627518 -0.257366 -0.536093 0.668386 -1.05714 0.127877 0.0548742 -0.11014 0.259787 0.0384562 -0.331524 0.0081909 -0.212378 0.819297 -0.039482 0.161508 -0.459797 0.067713 -0.000288511 -0.0443256 -0.646691
internal_weight=29805 27220 2585 4987 22233 2466 119 4762 15492 6741 1883 583 225 94 3949 7602 2220 813 3336 711 7890 1172 109 4521 1394 345 4266 5297 174 238
internal_count=29805 27220 2585 4987 22233 2466 119 4762 15492 6741 1883 583 225 94 3949 7602 2220 813 3336 711 7890 1172 109 4521 1394 345 4266 5297 174 238
is_linear=0
shrinkage=0.05


Tree=12
num_leaves=31
num_cat=0
split_feature=293 293 249 245 297 298 5 295 251 251 298 53 240 296 297 189 252 291 285 191 291 297 0 276 249 285 35 240 35 240
split_gain=133800 40046.3 34354.1 21996.1 14703.2 10685 7683.81 4694.22 3685.43 2284.09 2025.36 1734.13 1623.5 1621.05 1206.02 1202.3 998.867 961.089 731.035 657.462 631.637 606.41 586.323 752.518 533 494.812 465.51 430.552 345.45 344.667
threshold=-9.9968791007995588 -1.0000000180025095e-35 -24.062416076660153 14.169633865356447 -4.7301430702209464 -17.807124137878414 4.5211617946624765 3.0902646780014043 -2.2486450672149654 -5.6899573802947989 -13.154803752899168 -10.204323768615721 20.377665519714359 -23.070332527160641 5.0654118061065683 -0.51722875237464894 -0.1699019372463226 -3.3755146265029903 -2.7136653661727901 -3.470053911209106 -5.6763975620269767 -7.661465883255004 2.8855391740798955 -33.483972549438469 4.878690481185914 13.154117584228517 -4.620147466659545 4.7180678844451913 -5.4700615406036368 -17.171175956726071
decision_type=2 2 2 2 2 2 2 2 2 2 2 2 2 2 2 2 2 2 2 2 2 2 2 2 2 2 2 2 2 2
left_child=2 4 6 7 9 13 11 16 17 21 -7 -1 -5 29 -9 18 -3 -6 26 -12 -11 -2 23 -13 -17 -14 -10 -18 -19 -4
right_child=1 3 5 12 8 10 -8 14 15 20 19 22 25 -15 -16 24 27 28 -20 -21 -22 -23 -24 -25 -26 -27 -28 -29 -30 -31
leaf_value=-1.3847192937677557 -0.15583387571481122 0.075263941484786892 -0.65467233778555189 0.49632000309405938 -0.023727360543278453 -0.32178359226873748 -1.9935947736104329 0.17259355914932498 -0.07382270793120066 -0.08072879775752867 -0.22738547893697314 -1.1876938529636549 0.69414805603027352 -0.44150942634133727 0.27023745903602014 0.065356990895101386 0.12116834036599658 -0.11335012690587479 0.040848734868836029 -0.11495229579508304 -0.034188607221771049 -0.095913827974560134 -0.67608635922272997 -0.80170879619462154 0.20222895178076339 0.91016945257419501 0.011889638777053046 0.24388739353901634 0.012751014361022668 -0.52330545921848248
leaf_weight=22 841 1840 158 101 3583 684 24 807 174 1230 694 23 75 340 520 2773 2093 55 4554 160 1790 848 24 28 73 41 1768 74 4335 73
leaf_count=22 841 1840 158 101 3583 684 24 807 174 1230 694 23 75 340 520 2773 2093 55 4554 160 1790 848 24 28 73 41 1768 74 4335 73
internal_value=-0.000723387 0.0294031 -0.373252 0.149424 -0.000847279 -0.326245 -1.19257 0.129349 0.0204577 -0.0791857 -0.257671 -0.994378 0.642887 -0.51095 0.210856 0.0417682 0.102356 -0.00451195 0.0298955 -0.206321 -0.0531437 -0.12575 -0.879878 -0.97578 0.0688678 0.7705 0.00420995 0.125359 0.0111712 -0.613158
internal_weight=29805 27575 2230 5551 22024 2109 121 5334 17315 4709 1538 97 217 571 1327 9342 4007 7973 6496 854 3020 1689 75 51 2846 116 1942 2167 4390 231
internal_count=29805 27575 2230 5551 22024 2109 121 5334 17315 4709 1538 97 217 571 1327 9342 4007 7973 6496 854 3020 1689 75 51 2846 116 1942 2167 4390 231
is_linear=0
shrinkage=0.05


Tree=13
num_leaves=31
num_cat=0
split_feature=293 293 249 245 297 294 3 188 239 248 297 298 294 296 297 297 285 297 0 280 241 247 178 239 193 253 53 251 244 239
split_gain=120755 36141.8 31004.6 19851.5 13269.6 9891.81 7396.58 8001.55 4289.95 3354.19 2096.38 1786.34 1517.03 1457.35 1284.23 1093.23 1021.16 1009.86 791.928 1337.82 735.801 602.226 538.386 493.733 414.738 407.032 400.83 388.786 382.004 381.935
threshold=-9.9968791007995588 1.0000000180025095e-35 -24.062416076660153 14.169633865356447 -4.7301430702209464 -17.830135345458981 2.4908574819564824 -17.884001731872555 2.6711765527725224 -2.3742017745971675 -7.661465883255004 -13.154803752899168 14.476278305053713 -23.070332527160641 -1.3341175913810728 5.5045974254608163 -3.5995538234710689 1.4971434473991396 2.6012581586837773 -34.529897689819329 -4.248708724975585 -5.8518953323364249 4.3564980030059823 -1.7771803736686704 -2.1070979833602901 -5.0552215576171866 -2.9586789608001705 3.5520915985107426 -0.91607126593589772 -10.566540718078612
decision_type=2 2 2 2 2 2 2 2 2 2 2 2 2 2 2 2 2 2 2 2 2 2 2 2 2 2 2 2 2 2
left_child=2 4 6 8 10 13 18 -8 17 16 25 29 -5 -4 23 27 26 28 19 -1 -12 -13 -16 -11 -18 -2 -6 -10 -3 -7
right_child=1 3 5 12 9 11 7 -9 15 14 20 21 -14 -15 22 -17 24 -19 -20 -21 -22 -23 -24 -25 -26 -27 -28 -29 -30 -31
leaf_value=-1.2798849196661086 -0.14647053750289948 0.055702566886684346 -0.58327955048659763 0.48508046468098959 -0.074879152634564572 -0.33235086830475491 -2.3606727236793157 -0.96326131105422985 0.15041915191593669 0.0097126876969034978 -0.079086758917492159 -0.21424134707885659 0.74982412393810682 -0.42121587891509571 0.059600179915189927 0.27853107298159535 -0.005098990095006365 0.13464479932404691 -0.6553011355861541 -0.75195234162466873 -0.033041704217742211 -0.10236758503934434 0.18996319240993925 0.038483158098794261 0.024837465268499628 -0.077295561042024119 -0.020673027527426103 0.22517600671790455 0.094952573714114294 -0.2546672096252442
leaf_weight=21 962 922 232 114 391 431 21 20 538 2835 1682 706 103 345 3564 371 2352 1354 31 28 1792 145 81 3146 2277 273 2669 257 1892 250
leaf_count=21 962 922 232 114 391 431 21 20 538 2835 1682 706 103 345 3564 371 2352 1354 31 28 1792 145 81 3146 2277 273 2669 257 1892 250
internal_value=-0.000687217 0.027933 -0.354589 0.141953 -0.000804915 -0.309933 -1.13294 -1.67901 0.122881 0.0194348 -0.0752264 -0.243478 0.610742 -0.486378 0.039103 0.207659 -0.00518819 0.0991644 -0.853082 -0.978209 -0.0553353 -0.195179 0.0624971 0.0248459 0.00962672 -0.131179 -0.0275994 0.174586 0.0820924 -0.303833
internal_weight=29805 27575 2230 5551 22024 2109 121 41 5334 17315 4709 1532 217 577 9626 1166 7689 4168 80 49 3474 851 3645 5981 4629 1235 3060 795 2814 681
internal_count=29805 27575 2230 5551 22024 2109 121 41 5334 17315 4709 1532 217 577 9626 1166 7689 4168 80 49 3474 851 3645 5981 4629 1235 3060 795 2814 681
is_linear=0
shrinkage=0.05


Tree=14
num_leaves=31
num_cat=0
split_feature=299 299 299 299 299 299 51 299 299 299 299 299 299 46 299 202 255 299 212 299 285 179 245 226 294 291 291 241 299 299
split_gain=112483 35355.9 31050.7 17040.1 11526.8 11211.7 6468.77 3486.6 2453.67 2415.61 1892.52 1413.18 1317.76 1069.85 621.394 507.894 475.441 460.197 452.997 376.379 338.78 329.863 309.115 291.909 281.003 249.052 246.053 243.997 218.626 204.759
threshold=-8.7194118499755842 0.11695782840251924 -31.526485443115231 10.818197250366213 -3.4940336942672725 -15.929495334625242 -10.086746692657469 3.7393277883529668 -5.4511930942535392 -22.802588462829586 -1.9345847368240354 18.738959312438968 -11.651844024658201 -9.0090589523315412 1.8114052414894106 3.4184781312942509 -11.639822483062742 -7.3844182491302481 -6.7996723651885977 -0.76301249861717213 13.154117584228517 -1.9972712397575376 -2.7347478866577144 -2.4264290332794185 -19.248921394348141 -12.40066623687744 -12.40066623687744 0.9684082865715028 -26.09730243682861 7.9801206588745126
decision_type=2 2 2 2 2 2 2 2 2 2 2 2 2 2 2 2 2 2 2 2 2 2 2 2 2 2 2 2 2 2
left_child=2 4 6 7 8 9 -1 14 17 28 23 -5 25 -8 -3 -9 24 -2 -12 -20 -13 -10 -14 -6 -11 -7 -18 -16 -4 -17
right_child=1 3 5 11 10 12 13 15 21 16 18 20 22 -15 27 29 26 -19 19 -21 -22 -23 -24 -25 -26 -27 -28 -29 -30 -31
leaf_value=-1.8449242633322012 -0.11235715847204227 0.095494337884413985 -0.60134687580046109 0.45465535130994078 0.0009611168719263094 -0.27068269415798352 -1.1852156712458684 0.18325246317895827 -0.032868075873932721 -0.434403036743082 -0.064940804101171951 0.63827682716259071 -0.16875673389911297 -0.8096107591901508 0.11193628402680673 0.2385900464600432 -0.30806599794290007 -0.068059940186403711 0.04348671257007429 0.068911412855481316 0.82116592407226574 -0.0068573115624205238 -0.049069186561463175 0.021558660384613355 -0.35613146067463042 -0.21454923445718332 -0.11873336596922442 0.15644352648204385 -0.50547285408809273 0.32078546018016585
leaf_weight=23 808 2555 122 116 2835 468 26 501 3240 186 84 69 1007 70 521 334 78 2137 4393 2177 40 1954 57 4374 299 342 22 753 116 98
leaf_count=23 808 2555 122 116 2835 468 26 501 3240 186 84 69 1007 70 521 334 78 2137 4393 2177 40 1954 57 4374 299 342 22 753 116 98
internal_value=-0.000652856 0.0307227 -0.301362 0.150927 0.00347715 -0.266486 -1.09178 0.130837 -0.0437548 -0.420319 0.0312071 0.576123 -0.198928 -0.911337 0.109718 0.217509 -0.365681 -0.0802135 0.0504362 0.0519113 0.705392 -0.0230827 -0.162345 0.0134585 -0.386149 -0.246982 -0.266413 0.138242 -0.554618 0.257236
internal_weight=29805 26989 2816 4987 22002 2697 119 4762 8139 823 13863 225 1874 96 3829 933 585 2945 6654 6570 109 5194 1064 7209 485 810 100 1274 238 432
internal_count=29805 26989 2816 4987 22002 2697 119 4762 8139 823 13863 225 1874 96 3829 933 585 2945 6654 6570 109 5194 1064 7209 485 810 100 1274 238 432
is_linear=0
shrinkage=0.05


Tree=15
num_leaves=31
num_cat=0
split_feature=299 299 299 299 299 287 299 183 8 299 299 299 237 0 257 293 299 234 241 293 183 126 179 243 220 295 45 251 239 104
split_gain=100461 31992.8 23972 15939.5 10546.5 5793.38 4946.59 3933.61 5666.95 3351.35 2494.24 1337.07 1319.68 953.64 921.783 882.678 563.558 388.205 371.061 356.806 350.799 349.727 330.837 327.517 305.986 248.273 239.389 299.304 230.144 229.141
threshold=-8.7194118499755842 1.0000000180025095e-35 -22.802588462829586 10.818197250366213 -3.4070588350296016 -33.128519058227532 -13.762030124664305 -17.754745483398434 1.9305975437164309 2.6043486595153813 -5.4511930942535392 -1.7530196309089658 18.375588417053226 3.5141073465347294 -14.474082469940184 5.564894676208497 -10.813180923461912 -4.9297275543212882 0.19948776811361316 -10.685457706451414 -3.1759680509567256 4.222468614578248 -1.5658823847770689 5.3591911792755136 -3.6179168224334712 1.4331942796707156 -11.964972972869871 -17.561544418334957 0.1663058400154114 -8.3165473937988263
decision_type=2 2 2 2 2 2 2 2 2 2 2 2 2 2 2 2 2 2 2 2 2 2 2 2 2 2 2 2 2 2
left_child=2 4 5 9 10 7 14 8 13 18 17 24 -5 -1 -4 23 -8 -2 -3 -16 21 -13 -12 25 -6 -11 -7 -28 -19 -9
right_child=1 3 6 12 11 26 16 29 -10 15 22 20 -14 -15 19 -17 -18 28 -20 -21 -22 -23 -24 -25 -26 -27 27 -29 -30 -31
leaf_value=-1.0932296991348267 -0.098425292444449891 0.078660103740791479 -0.3801540535940251 0.43787255122743807 -0.0072418131798308279 -0.37546435546875001 -0.20481224771551629 -0.52667240755898614 -1.9066340970993043 0.1054019454647513 -0.028458892002411626 0.020729626653856238 0.681337103442611 -0.64117714881896981 -0.29020736380913975 0.24818395671277946 -0.14381322550112147 -0.065489531774250903 0.11142176785663274 -0.14959422422915089 0.053886347465051124 -0.18242781162261965 -0.0010289805143973221 0.23858289137119201 0.021349596092477441 0.16569290061924016 -0.58209699824236449 -0.45575995109450651 0.03348892698308728 -0.73493476486206055
leaf_weight=28 1296 1680 355 116 1094 25 697 28 20 221 4006 571 107 20 569 404 829 1578 1780 49 4953 22 1515 123 6470 751 138 71 61 25
leaf_count=28 1296 1680 355 116 1094 25 697 28 20 221 4006 571 107 20 569 404 829 1578 1780 49 4953 22 1515 123 6470 751 138 71 61 25
internal_value=-0.000477168 0.0296106 -0.282463 0.141165 0.00280569 -0.666935 -0.227846 -0.947825 -1.19951 0.122569 -0.0407313 0.0308872 0.554692 -0.904874 -0.315943 0.185017 -0.171675 -0.0779758 0.0955144 -0.279058 0.0495352 0.0131926 -0.0209319 0.161712 0.0172143 0.151985 -0.521688 -0.539179 -0.0618058 -0.624909
internal_weight=29602 26748 2854 5182 21566 355 2499 121 68 4959 8456 13110 223 48 973 1499 1526 2935 3460 618 5546 593 5521 1095 7564 972 234 209 1639 53
internal_count=29602 26748 2854 5182 21566 355 2499 121 68 4959 8456 13110 223 48 973 1499 1526 2935 3460 618 5546 593 5521 1095 7564 972 234 209 1639 53
is_linear=0
shrinkage=0.05


Tree=16
num_leaves=31
num_cat=0
split_feature=299 299 299 239 299 249 5 299 299 299 299 196 0 280 299 299 245 296 189 183 77 234 293 251 284 220 37 299 299 77
split_gain=90666.3 28888.6 21634.7 13457.3 10762.9 5306.09 4846.54 4482.28 2445.83 2251.05 1760.74 1131.39 1079.01 1935.05 684.412 679.44 508.993 387.623 374.499 362.329 421.817 357.33 351.615 322.986 284.179 283.096 246.183 243.905 222.137 220.594
threshold=-8.7194118499755842 0.52450984716415416 -22.802588462829586 12.242580890655519 -3.4070588350296016 -24.062416076660153 4.5211617946624765 -14.345359802246092 4.4003741741180429 -5.4511930942535392 -1.4070308208465574 24.542264938354496 3.5141073465347294 -34.529897689819329 -19.14682579040527 -10.813180923461912 1.343431353569031 2.0582517385482793 -1.2332352995872495 -3.381293416023254 2.6013083457946782 -3.9599539041519161 -10.685457706451414 -4.0384554862976065 8.8466668128967303 -3.9231637716293331 2.7377557754516606 7.9801206588745126 -7.3844182491302481 0.89912214875221264
decision_type=2 2 2 2 2 2 2 2 2 2 2 2 2 2 2 2 2 2 2 2 2 2 2 2 2 2 2 2 2 2
left_child=2 4 5 8 9 6 12 14 16 21 18 -5 13 -1 -4 -9 -3 -10 25 20 -12 28 -16 -11 -13 29 -26 -19 -2 -6
right_child=1 3 7 11 10 -7 -8 15 17 23 19 24 -14 -15 22 -17 -18 27 -20 -21 -22 -23 -24 -25 26 -27 -28 -29 -30 -31
leaf_value=-1.1362934785730701 -0.11137491313717035 0.094408571773687125 -0.38035796871030236 0.41764334619572741 -0.0078714487517462829 -0.49371123088787555 -1.5918547857375374 -0.20071524510239114 0.095995828323066246 -0.039277076998780962 0.028336445607112262 0.54146277109781904 -0.51145142278363631 -0.61030706034766302 -0.29113235544691735 -0.13662249446634217 0.13555519836501886 0.20878595219718085 0.033236910336927987 0.059685069875907583 -0.13661075026489969 -0.050993175102151657 -0.13200381462638441 -0.012343298354238835 0.80758697763085374 0.015802244538880694 0.61570808615003314 0.28416934048172332 -0.074933030159728048 -0.095536919324486352
leaf_weight=34 632 2003 246 113 629 233 21 825 64 1546 393 42 31 36 562 829 1203 495 3089 4774 43 1067 37 3975 32 5159 35 137 1236 81
leaf_count=34 632 2003 246 113 629 233 21 825 64 1546 393 42 31 36 562 829 1203 495 3089 4774 43 1067 37 3975 32 5159 35 137 1236 81
internal_value=-0.000453309 0.0281301 -0.26834 0.149836 0.00594495 -0.633588 -0.900729 -0.216454 0.128292 -0.0386948 0.0325876 0.528503 -0.75703 -0.865786 -0.31014 -0.168591 0.109848 0.213253 0.0191452 0.0557003 0.0120687 -0.074077 -0.281303 -0.0198853 0.643431 0.0117284 0.707352 0.225127 -0.0872624 -0.0178727
internal_weight=29602 26748 2854 4124 22624 355 122 2499 3902 8456 14168 222 101 70 845 1654 3206 696 8958 5210 436 2935 599 5521 109 5869 67 632 1868 710
internal_count=29602 26748 2854 4124 22624 355 122 2499 3902 8456 14168 222 101 70 845 1654 3206 696 8958 5210 436 2935 599 5521 109 5869 67 632 1868 710
is_linear=0
shrinkage=0.05


Tree=17
num_leaves=31
num_cat=0
split_feature=299 299 299 299 299 293 257 57 299 299 237 299 185 75 250 299 299 241 241 88 291 189 247 185 288 299 239 251 296 295
split_gain=81826.4 26160.9 19525.3 13340.3 8119.56 4810.72 4059.27 3137.87 3052.19 2031.57 1080.35 937.999 850.61 1222.96 744.019 741.681 707.854 385.162 326.178 315.105 310.009 309.498 308.363 259.207 257.31 250.684 246.019 237.882 226.99 221.152
threshold=-8.7194118499755842 -0.19985324144363401 -22.802588462829586 10.818197250366213 -3.4070588350296016 -32.799146652221673 -11.820766925811766 -9.6014084815978986 2.6043486595153813 -5.4511930942535392 18.375588417053226 -1.9864522218704221 -17.894307136535641 -6.8051700592041007 3.245000004768372 -11.229416370391844 -19.14682579040527 0.15556744486093524 -4.4502999782562247 -7.1222875118255606 -12.40066623687744 -2.2013202905654903 -4.498645305633544 -0.035294121131300919 -0.58779409527778614 4.8699021339416513 -3.7244526147842403 -2.2916992902755733 -15.812281131744383 -0.098721623420715318
decision_type=2 2 2 2 2 2 2 2 2 2 2 2 2 2 2 2 2 2 2 2 2 2 2 2 2 2 2 2 2 2
left_child=2 4 5 8 9 7 16 -1 17 18 -5 27 13 -9 29 20 -4 -3 -2 -14 -8 -11 23 -13 -24 -16 -17 -6 -18 -10
right_child=1 3 6 10 11 -7 15 12 14 21 -12 22 19 -15 25 26 28 -19 -20 -21 -22 -23 24 -25 -26 -27 -28 -29 -30 -31
leaf_value=-1.3198702130998885 -0.084689648176806437 0.067797372066151468 -0.37303683595959419 0.39572575010102373 0.0032403339678587443 -0.46788854927852236 -0.23047238598131156 -0.62678474757982339 0.06373767944482657 -0.028031355182226426 0.616010091906396 0.012170198476314545 -0.43007470993768604 -1.1545359293619792 0.16971003624700731 -0.13858421797167908 -0.30204759383723689 0.099167738029229097 -0.050966519959282919 -0.68260431925455733 -0.16686038544988513 -0.0035582848420776755 0.035532399653077966 -0.12556788512366884 0.058039059381785607 0.234267421542662 -0.048270130803786129 0.02237694901892933 -0.24043655228832211 0.14611632353542398
leaf_weight=28 1689 1945 221 116 3089 232 365 23 91 3459 107 125 21 21 248 824 274 1969 1246 30 403 2062 4139 47 1832 382 83 3424 329 778
leaf_count=28 1689 1945 221 116 3089 232 365 23 91 3459 107 125 21 21 248 824 274 1969 1246 30 403 2062 4139 47 1832 382 83 3424 329 778
internal_value=-0.000430644 0.0267236 -0.254923 0.122427 0.00117474 -0.601908 -0.205631 -0.854694 0.106814 -0.03676 0.501423 0.0265205 -0.717589 -0.878666 0.167483 -0.160936 -0.296488 0.0835787 -0.0703731 -0.578622 -0.197093 -0.0188911 0.0405365 -0.0254675 0.0424378 0.208854 -0.13032 0.0133008 -0.268432 0.13749
internal_weight=29602 26748 2854 5636 21112 355 2499 123 5413 8456 223 12656 95 44 1499 1675 824 3914 2935 51 768 5521 6143 172 5971 630 907 6513 603 869
internal_count=29602 26748 2854 5636 21112 355 2499 123 5413 8456 223 12656 95 44 1499 1675 824 3914 2935 51 768 5521 6143 172 5971 630 907 6513 603 869
is_linear=0
shrinkage=0.05


Tree=18
num_leaves=31
num_cat=0
split_feature=299 299 299 239 299 299 299 148 7 299 299 196 0 293 299 299 246 35 228 257 244 284 293 240 196 299 213 37 49 299
split_gain=73867.8 24201.6 16745.3 12222.5 7980.25 4443.42 2875.68 2796.46 4422.82 1624.59 1229.94 930.789 890.535 748.7 704.415 641.254 457.685 378.459 353.772 326.102 271.81 246.979 234.57 232.515 230.6 226.436 219.671 219.122 217.931 207.164
threshold=-9.1975049972534162 -0.29930564761161799 -26.09730243682861 12.242580890655519 -4.2412488460540763 -15.929495334625242 2.6043486595153813 -17.185768127441403 2.773137211799622 -2.7058169841766353 -6.5560781955718985 24.542264938354496 3.5141073465347294 5.564894676208497 -11.651844024658201 -20.811585426330563 -1.3026236891746519 -4.4544873237609854 0.374558836221695 -1.8278921246528623 -2.6517516374588008 8.8466668128967303 -12.528391838073729 3.3272486925125127 -2.5998774766921993 7.9801206588745126 -9.0668630599975568 2.7377557754516606 -8.3902449607849103 -31.526485443115231
decision_type=2 2 2 2 2 2 2 2 2 2 2 2 2 2 2 2 2 2 2 2 2 2 2 2 2 2 2 2 2 2
left_child=2 4 7 6 10 15 18 8 12 24 20 -5 -1 23 -7 26 17 -11 -3 -12 -2 -13 -17 -8 -6 -15 -4 -23 -9 -30
right_child=1 3 5 11 9 14 13 28 -10 16 19 21 -14 25 -16 22 -18 -19 -20 -21 -22 27 -24 -25 -26 -27 -28 -29 29 -31
leaf_value=-0.82898399902112563 -0.092218063997727209 0.063978928891754147 -0.39955300598928378 0.37745593585799231 -0.013898470095307217 -0.20139374584316921 0.12228496495965889 -0.42356508695162259 -1.4426568470001222 -0.060743406637391056 -0.040509391056717872 0.48719067346482048 -0.44560834339686806 0.19369176526532128 -0.13613146712140339 -0.29197169075387835 0.044990348065555553 0.024298467809375206 0.093237205418297511 0.0048999302340357494 -0.029525565394421218 0.73640709146857264 -0.12832606875378152 0.17283137256716508 0.0059807234312825776 0.27677550864430656 -0.24021061559518181 0.55538095542362764 -0.65028999142530486 -0.50912886068854535
leaf_weight=33 1589 2117 219 113 2456 834 764 39 25 134 3545 42 28 299 820 457 3652 5523 2018 445 194 32 23 324 3593 113 24 35 41 71
leaf_count=33 1589 2117 219 113 2456 834 764 39 25 134 3545 42 28 299 820 457 3652 5523 2018 445 194 32 23 324 3593 113 24 35 41 71
internal_value=-0.000409112 0.0241722 -0.254196 0.114107 -0.000755673 -0.214236 0.0997708 -0.654975 -0.882557 0.0180831 -0.0508726 0.478009 -0.653008 0.159075 -0.169039 -0.317634 0.0311919 0.022284 0.0782578 -0.0354449 -0.0853968 0.582251 -0.28413 0.137337 -0.00209058 0.216479 -0.383815 0.641841 -0.525358 -0.560804
internal_weight=29602 26988 2614 5857 21131 2377 5635 237 86 15358 5773 222 61 1500 1654 723 9309 5657 4135 3990 1783 109 480 1088 6049 412 243 67 151 112
internal_count=29602 26988 2614 5857 21131 2377 5635 237 86 15358 5773 222 61 1500 1654 723 9309 5657 4135 3990 1783 109 480 1088 6049 412 243 67 151 112
is_linear=0
shrinkage=0.05


Tree=19
num_leaves=31
num_cat=0
split_feature=299 299 299 296 299 249 5 257 299 299 299 196 1 280 299 299 240 239 250 234 232 212 291 295 215 184 239 288 258 239
split_gain=66705.4 21411 15925.1 9933.23 7930.38 4062.81 4061.51 3368.76 1923.71 1773.5 1128.57 955.005 800.171 1280.05 589.903 575.209 440.47 323.845 314.34 292.1 279.817 267.698 265.091 257.113 243.666 232.727 219.188 205.78 204.894 199.71
threshold=-8.7194118499755842 0.52450984716415416 -22.802588462829586 10.657207489013674 -3.1892647743225093 -24.062416076660153 4.5211617946624765 -11.820766925811766 -5.4511930942535392 4.4003741741180429 -1.2830637097358701 24.542264938354496 3.3034468889236455 -34.529897689819329 -11.229416370391844 -16.825344085693356 1.7059701681137087 -3.1727349758148189 6.7624182701110849 -4.9297275543212882 -1.5284960865974424 -7.2888982295989981 -12.40066623687744 2.5833137035369877 -6.9762940406799308 19.471574783325199 -3.7244526147842403 -0.54950591921806324 2.9817352294921879 0.66852787137031566
decision_type=2 2 2 2 2 2 2 2 2 2 2 2 2 2 2 2 2 2 2 2 2 2 2 2 2 2 2 2 2 2
left_child=2 4 5 9 8 6 12 15 19 16 20 25 13 -1 22 -4 -3 -10 23 -2 -6 -12 -9 -11 -23 -5 -16 -26 -22 -21
right_child=1 3 7 11 10 -7 -8 14 17 18 21 -13 -14 -15 26 -17 -18 -19 -20 29 28 24 -24 -25 27 -27 -28 -29 -30 -31
leaf_value=-0.92633078159430093 -0.081474722388349935 0.082162767683837956 -0.31029623361109526 0.28220586944044684 0.011741122760940012 -0.42113669726981628 -1.4099735441662018 -0.20804652122602071 -0.027680615376487829 0.080223025284804308 -0.066834454755393832 0.56162391518646826 -0.40036561203002929 -0.51578859123023779 -0.12543043483374189 -0.22674542270041553 0.12211507349850173 -0.005044535049218095 0.24542126197081349 -0.052434737566858527 0.029062092763212966 -0.11170439331427864 -0.14922328835385609 0.17897154803359352 0.042078490227821376 0.4227239640032659 -0.040183331521160631 0.063185120202526632 0.15243680757634781 0.062081608558312441
leaf_weight=39 1296 2205 411 57 5181 233 21 365 2795 77 49 106 25 37 824 413 1004 3635 156 1600 3293 23 403 458 2604 61 83 2075 34 39
leaf_count=39 1296 2205 411 57 5181 233 21 365 2795 77 49 106 25 37 824 413 1004 3635 156 1600 3293 23 403 458 2604 61 83 2075 34 39
internal_value=-0.000388656 0.0241286 -0.230167 0.128906 0.00502929 -0.543534 -0.777292 -0.185651 -0.0301943 0.110309 0.0299082 0.452697 -0.645745 -0.726462 -0.144934 -0.268419 0.0946626 -0.014884 0.182969 -0.0637362 0.0190074 0.0494291 -0.17718 0.164759 0.0506406 0.354847 -0.117629 0.0514387 0.0303229 -0.0497098
internal_weight=29602 26748 2854 4124 22624 355 122 2499 9365 3900 13259 224 101 76 1675 824 3209 6430 691 2935 8508 4751 768 535 4702 118 907 4679 3327 1639
internal_count=29602 26748 2854 4124 22624 355 122 2499 9365 3900 13259 224 101 76 1675 824 3209 6430 691 2935 8508 4751 768 535 4702 118 907 4679 3327 1639
is_linear=0
shrinkage=0.05


Tree=20
num_leaves=31
num_cat=0
split_feature=299 299 299 299 299 249 41 299 299 299 299 196 55 241 42 240 278 299 212 295 288 239 215 183 251 293 183 293 192 35
split_gain=58112.1 18690.4 13850.1 9770.05 5915.55 4237.53 2281.41 2266.16 1526.22 1153.16 1010.01 842.481 538.164 475.517 444.07 434.031 414.551 400.435 332.193 293.591 274.348 269.606 255.968 241.754 237.331 252.414 235.887 223.041 220.664 213.375
threshold=-7.8943078517913809 0.40129169821739202 -19.14682579040527 10.818197250366213 -3.2727801799774165 -24.062416076660153 -13.738255023956297 -13.119695186614988 4.8699021339416513 -5.1056706905364981 -1.7530196309089658 24.542264938354496 -6.2531540393829337 1.7801348567008974 -5.9458918571472159 -7.0189216136932364 12.869907379150392 -26.09730243682861 -6.7996723651885977 2.4315031766891484 -16.625625610351559 -1.520490229129791 -6.8110530376434317 -2.077102422714233 -4.0384554862976065 -0.28515312075614924 -2.8880112171173091 -3.9834167957305904 -4.3132500648498526 -5.4700615406036368
decision_type=2 2 2 2 2 2 2 2 2 2 2 2 2 2 2 2 2 2 2 2 2 2 2 2 2 2 2 2 2 2
left_child=2 4 5 8 9 6 -1 20 13 28 23 -5 -8 26 -14 -9 -13 -7 -12 -10 -4 22 -20 29 -11 -26 -3 -17 -2 -6
right_child=1 3 7 11 10 17 12 15 19 24 18 16 14 -15 -16 27 -18 -19 21 -21 -22 -23 -24 -25 25 -27 -28 -29 -30 -31
leaf_value=-1.1432237708050272 -0.068147512208040342 0.022817337483452646 -0.2640449619700766 0.34217584544214708 -0.099560773253440871 -0.435400563115659 -0.43144809995378774 -0.1403331439168948 0.066177053271599548 -0.030982017157212743 -0.065444518460167786 0.47903291590073532 -0.86940476179122939 0.11642334424089967 -0.56315233789641284 -0.098819691510057525 0.70085754394531252 -0.32840615050433436 -0.13833370467890865 0.18983238216467599 -0.20026015990211399 0.049648247124778548 0.029423233974461577 0.021674701395155833 -0.0090653774926722809 0.056997519743938629 0.08177794973424897 0.0063133313699988026 -0.04042293694946153 0.0046295113963337586
leaf_weight=23 1153 183 234 116 50 115 35 1060 53 1325 72 85 20 1140 29 767 28 365 23 509 603 4299 2001 4116 4009 150 2323 54 1901 2855
leaf_count=23 1153 183 234 116 50 115 35 1060 53 1325 72 85 20 1140 29 767 28 365 23 509 603 4299 2001 4116 4009 150 2323 54 1901 2855
internal_value=0.00043239 0.0251845 -0.197218 0.118782 0.00626809 -0.417468 -0.702003 -0.149651 0.101473 -0.0262664 0.0269732 0.436831 -0.581193 0.0896512 -0.688153 -0.119196 0.533998 -0.35404 0.0413479 0.178171 -0.218092 0.042564 0.0275169 0.0138801 -0.0125537 -0.00668273 0.0774724 -0.0919047 -0.05089 0.00283622
internal_weight=29696 26391 3305 4437 21954 587 107 2718 4208 8538 13416 229 84 3646 49 1881 113 480 6395 562 837 6323 2024 7021 5484 4159 2506 821 3054 2905
internal_count=29696 26391 3305 4437 21954 587 107 2718 4208 8538 13416 229 84 3646 49 1881 113 480 6395 562 837 6323 2024 7021 5484 4159 2506 821 3054 2905
is_linear=0
shrinkage=0.05


Tree=21
num_leaves=31
num_cat=0
split_feature=293 295 294 297 291 250 3 238 296 249 193 196 291 239 247 249 120 244 188 278 239 244 294 238 296 174 234 11 182 291
split_gain=51105.2 16163.9 11159.4 9883.22 4394.96 3862.73 2536.01 2103.1 1779.24 1205.46 932.978 730.066 643.307 487.494 473.425 429.037 428.242 368.114 364.873 360.71 341.728 298.769 298.704 296.694 278.242 272.074 267.731 259.267 224.362 217.871
threshold=-8.6557841300964338 -0.22880179435014722 -19.248921394348141 10.641987323760988 -3.7376189231872554 -23.943401336669918 2.4908574819564824 2.754313707351685 -12.081865787506102 -4.5782580375671378 -1.7151001691818235 24.542264938354496 1.722020745277405 -12.174369812011717 -4.4454216957092276 4.878690481185914 -0.10791875794529913 -17.202352523803707 2.6139636039733891 12.869907379150392 -2.077843070030212 -2.3016185760498042 -3.2846274375915523 -1.6060784459114072 -5.8376471996307364 5.1070587635040292 -0.04027778469026088 -1.6227279901504514 -7.8669412136077872 0.15606761723756793
decision_type=2 2 2 2 2 2 2 2 2 2 2 2 2 2 2 2 2 2 2 2 2 2 2 2 2 2 2 2 2 2
left_child=2 4 5 7 9 6 27 12 13 24 14 -5 26 -4 23 -9 28 -7 22 -13 -12 -15 -11 -6 -2 29 -3 -1 -10 -22
right_child=1 3 8 11 10 17 -8 15 16 18 20 19 -14 21 -16 -17 -18 -19 -20 -21 25 -23 -24 -25 -26 -27 -28 -29 -30 -31
leaf_value=-0.3626099114832671 -0.074945729418674056 0.041888659754950243 -0.245058157665482 0.3292857402079814 -0.017008725753122601 -0.38405272858483452 -1.0236504866796381 0.12137341589962503 -0.16330615784816382 -0.026268162953231523 0.011617668449244271 0.45827901449548192 0.094354184705541272 -0.1796049371653472 0.0075960979509470707 0.188373252255576 -0.027495301919324058 -0.29519976432086859 0.071223512034991693 0.66581464494977682 0.031168713048701325 0.0076808385550975805 0.0043900420680437714 -0.095770225028540878 -0.041547085377298315 0.17730967314804302 0.069764139044921264 -0.56482368777779968 -0.10835386995340635 0.06086716960805158
leaf_weight=23 1368 1891 366 111 421 210 34 753 238 3199 1926 83 1438 664 6110 350 140 262 116 28 4340 22 1057 167 1146 34 1582 51 846 720
leaf_count=23 1368 1891 366 111 421 210 34 753 238 3199 1926 83 1438 664 6110 350 140 262 116 28 4340 22 1057 167 1146 34 1582 51 846 720
internal_value=0.00041077 0.0218072 -0.200668 0.0923373 0.000460601 -0.396454 -0.666205 0.0802435 -0.150775 -0.0321331 0.0168216 0.419958 0.0662308 -0.19846 0.00347236 0.142634 -0.109791 -0.334732 -0.0162694 0.51063 0.0295585 -0.173599 -0.018654 -0.0393781 -0.059721 0.0363418 0.0545863 -0.501973 -0.120419 0.0353946
internal_weight=29696 26840 2856 6236 20604 580 108 6014 2276 6886 13718 222 4911 1052 6698 1103 1224 472 4372 111 7020 686 4256 588 2514 5094 3473 74 1084 5060
internal_count=29696 26840 2856 6236 20604 580 108 6014 2276 6886 13718 222 4911 1052 6698 1103 1224 472 4372 111 7020 686 4256 588 2514 5094 3473 74 1084 5060
is_linear=0
shrinkage=0.05


Tree=22
num_leaves=31
num_cat=0
split_feature=299 299 299 299 299 292 56 299 299 299 299 254 249 237 34 279 299 212 294 232 272 44 295 165 245 228 133 179 190 258
split_gain=47587.8 15437.5 11297.4 8253.14 4594.29 3467.46 2099.98 1833.08 1448.56 872.349 749.583 696.321 439.002 391.282 320.626 315.025 302.575 278.444 250.421 247.563 243.782 241.593 240.422 209.781 198.171 194.026 192.283 179.96 178.515 173.179
threshold=-7.8943078517913809 0.11695782840251924 -19.14682579040527 10.818197250366213 -3.5229296684265132 -33.374599456787102 -9.5303144454956037 -13.119695186614988 2.6043486595153813 -1.9345847368240354 -5.1056706905364981 21.236764907836918 4.878690481185914 -7.4068052768707267 -10.094942092895506 12.549117088317873 -26.09730243682861 -6.9463398456573477 -14.292549610137938 -0.48774513602256769 -1.4130136370658872 -9.6784596443176252 -0.098721623420715318 -5.3909778594970694 -1.9870409965515134 -2.654992818832397 -5.6578383445739737 -1.8487745523452757 -4.09616994857788 2.9817352294921879
decision_type=2 2 2 2 2 2 2 2 2 2 2 2 2 2 2 2 2 2 2 2 2 2 2 2 2 2 2 2 2 2
left_child=2 4 5 8 10 6 -1 18 19 23 28 -5 22 -9 -8 -13 21 -11 -4 -3 26 -7 -10 -6 -15 -25 -19 -12 -2 -27
right_child=1 3 7 11 9 16 14 13 12 17 27 15 -14 24 -16 -17 -18 20 -20 -21 -22 -23 -24 25 -26 29 -28 -29 -30 -31
leaf_value=-1.008504909939236 -0.061279371722316511 0.047108462620788903 -0.2197969540682706 0.30891168528589708 -0.058007301664665327 -0.23368703842163088 -0.38993601269192169 -0.13154914457289898 0.03713779480077644 -0.064830624716622487 -0.021396232520837527 0.43995025291871492 0.17866025652204243 -0.092006042895923387 -0.58329983837199662 0.64406814575195315 -0.29522176905440234 -0.085062030339852365 -0.16416142223871244 0.077655513762264483 0.044550151099153924 -0.42620342861522326 0.12051811994822176 -0.0017652646404899845 -0.001607826005379488 0.015342623843295692 0.026662374064126134 -8.8027573236575357e-05 -0.03657435676703176 0.15923713009272303
leaf_weight=27 1213 923 495 116 114 20 36 915 94 70 2927 89 336 901 53 24 363 39 342 2357 3461 88 1077 2257 65 4863 3071 1498 1841 21
leaf_count=27 1213 923 495 116 114 20 36 915 94 70 2927 89 336 901 53 24 363 39 342 2357 3461 88 1077 2257 65 4863 3071 1498 1841 21
internal_value=0.000390232 0.0227891 -0.178469 0.101731 0.00426418 -0.377389 -0.622261 -0.135509 0.0877029 0.0212702 -0.0273331 0.394965 0.128281 -0.108118 -0.505085 0.483303 -0.317081 0.0343642 -0.197064 0.0690595 0.0354209 -0.390552 0.113825 0.00928437 -0.0859233 0.0103586 0.0252613 -0.0141827 -0.0463868 0.0159613
internal_weight=29696 26391 3305 5016 21375 587 116 2718 4787 13896 7479 229 1507 1881 89 113 471 6641 837 3280 6571 108 1171 7255 966 7141 3110 4425 3054 4884
internal_count=29696 26391 3305 5016 21375 587 116 2718 4787 13896 7479 229 1507 1881 89 113 471 6641 837 3280 6571 108 1171 7255 966 7141 3110 4425 3054 4884
is_linear=0
shrinkage=0.05


Tree=23
num_leaves=31
num_cat=0
split_feature=237 295 193 296 296 250 3 295 241 251 257 285 234 232 294 35 256 296 234 174 76 295 292 279 239 97 164 190 165 120
split_gain=42120.5 13749.7 8102.54 8066.16 4161.72 2073.02 2072.88 2012.61 1786.64 1356.12 740.575 632.518 516.068 464.159 447.486 367.078 359.852 353.368 349.134 280.612 260.404 250.81 248.749 245.784 231.521 182.334 171.38 162.843 160.643 156.891
threshold=-7.4068052768707267 -0.22880179435014722 18.52456092834473 -23.070332527160641 -4.7635114192962638 -23.943401336669918 2.4908574819564824 -14.235379695892332 2.709988117218018 -2.2916992902755733 -5.2351882457733145 8.345489978790285 0.044617196545004852 -1.5030124783515928 7.1461107730865487 -4.808790683746337 -15.382723331451414 -10.396782398223875 -3.237278819084167 5.1070587635040292 -7.4609806537628165 2.4315031766891484 -8.4830327033996564 12.549117088317873 -2.077843070030212 -3.5136871337890621 -5.7719779014587393 -0.95923501253128041 0.55533146858215343 -1.5459944009780882
decision_type=2 2 2 2 2 2 2 2 2 2 2 2 2 2 2 2 2 2 2 2 2 2 2 2 2 2 2 2 2 2
left_child=3 4 8 5 10 6 20 16 12 18 22 -4 -3 15 28 -11 -5 -9 -6 27 -1 -14 -2 -13 -12 -17 -20 -15 -10 -19
right_child=1 2 11 7 9 -7 -8 17 14 13 24 23 21 19 -16 25 -18 29 26 -21 -22 -23 -24 -25 -26 -27 -28 -29 -30 -31
leaf_value=-0.36739123042036848 -0.096121684183292852 0.042051820808982822 0.29606849600415713 -0.27460229990433677 -0.019758327069419906 -0.33802201869124077 -0.91884945426668441 -0.14820089286707896 0.06763385790280807 -0.057692309293916326 -0.034360239611749346 0.42552128281704216 0.064461178868670185 0.023313014605290828 0.19209445137123876 -0.032403973314242489 -0.20143460099942218 -0.10809035795619307 -0.066057118873917658 0.14099929650298884 -0.55771277286112309 0.097889180100585338 -0.056261757045941753 0.60363159179687509 0.002491856293509836 0.017180845993350888 0.0039392721991931062 0.041988701820236243 0.12352491283710287 -0.041676329336357565
leaf_weight=41 543 2247 109 245 2612 236 35 713 156 183 1870 86 1847 2236 229 195 535 552 89 61 32 806 1402 25 552 3766 5014 2442 731 106
leaf_count=41 543 2247 109 245 2612 236 35 713 156 183 1870 86 1847 2236 229 195 535 552 89 61 32 806 1402 25 552 3766 5014 2442 731 106
internal_value=0.00037072 0.0184055 0.0835861 -0.196248 -0.000982383 -0.421055 -0.602496 -0.160296 0.0726872 0.0104444 -0.0444129 0.381623 0.0596835 0.0237636 0.129782 0.0115412 -0.224417 -0.123815 -0.00489129 0.0344514 -0.45082 0.0746168 -0.0673897 0.465636 -0.0259612 0.0147398 0.00271848 0.0330621 0.113695 -0.0973914
internal_weight=29696 27201 6236 2495 20965 344 108 2151 6016 16598 4367 220 4900 8883 1116 4144 780 1371 7715 4739 73 2653 1945 111 2422 3961 5103 4678 887 658
internal_count=29696 27201 6236 2495 20965 344 108 2151 6016 16598 4367 220 4900 8883 1116 4144 780 1371 7715 4739 73 2653 1945 111 2422 3961 5103 4678 887 658
is_linear=0
shrinkage=0.05


Tree=24
num_leaves=31
num_cat=0
split_feature=299 299 299 296 299 292 129 299 299 299 299 194 48 197 299 278 183 299 183 264 212 165 44 220 187 293 252 250 290 77
split_gain=38963.3 12776.4 9222.8 5947.94 4767.82 2860.1 1892.89 1494.98 1001.27 823.882 823.459 609.135 487.468 370.066 340.293 269.035 252.064 246.867 244.095 241.349 236.354 224.118 215.069 202.935 188.503 179.237 178.553 177.334 169.148 168.778
threshold=-7.8943078517913809 1.0601470470428469 -19.14682579040527 10.657207489013674 -2.9258382320404048 -33.374599456787102 -13.417401790618895 -13.762030124664305 -4.9397058486938468 4.8699021339416513 -1.0528585910797117 25.845882415771488 -11.122808933258055 -15.437961101531981 -10.407647132873533 12.869907379150392 -0.21871656924486158 -26.09730243682861 -2.4146463871002193 -0.97956863045692433 -6.9463398456573477 -5.0443139076232901 -9.6784596443176252 -4.0071005821228018 -0.71176472306251515 -10.685457706451414 -5.1475322246551505 -0.65189543366432179 -4.8619608879089347 0.76044118404388439
decision_type=2 2 2 2 2 2 2 2 2 2 2 2 2 2 2 2 2 2 2 2 2 2 2 2 2 2 2 2 2 2
left_child=2 4 5 9 8 6 -1 25 26 16 18 -5 -8 -14 28 -13 -3 22 23 -11 -12 -10 -7 29 -23 -4 -2 -22 -9 -6
right_child=1 3 7 11 10 17 12 14 21 19 20 15 13 -15 -16 -17 -18 -19 -20 -21 27 24 -24 -25 -26 -27 -28 -29 -30 -31
leaf_value=-0.88393517696496215 -0.054839917108126135 0.059111599379362958 -0.19112529981703985 0.27796617474472313 -0.012835104376760149 -0.20480787754058838 -0.22805299304780507 -0.12914185555228133 -0.050153980898283601 -0.0139785725962032 -0.072779425909352866 0.39633954519248871 -0.617633080482483 -0.3721694111824036 -0.083345467153221678 0.57324681775323272 0.09255908897905285 -0.26670324782694665 0.022882483773694548 0.15494513600407278 0.034981334333889967 -0.0088539054251457854 -0.38644925355911258 0.009942468326539583 0.015391481190999139 -0.092999572753906246 -0.031364380742425944 0.054373794006952171 0.014642761221953801 -0.096211065634896495
leaf_weight=33 1334 832 672 114 262 20 21 787 291 22 43 83 34 28 1188 29 1744 363 6058 544 2287 5448 88 1786 940 50 2062 2433 21 79
leaf_count=33 1334 832 672 114 262 20 21 787 291 22 43 83 34 28 1188 29 1744 363 6058 544 2287 5448 88 1786 940 50 2062 2433 21 79
internal_value=0.000352184 0.02062 -0.16149 0.111578 0.00731388 -0.34122 -0.563614 -0.122674 -0.0184807 0.0937576 0.0273849 0.35933 -0.436258 -0.506779 -0.100372 0.442146 0.0817562 -0.286448 0.0177661 0.148379 0.0439144 -0.00724104 -0.352812 0.00319407 -0.00528617 -0.18433 -0.0405859 0.0449775 -0.125405 -0.0321509
internal_weight=29696 26391 3305 3368 23023 587 116 2718 10075 3142 12948 226 83 62 1996 112 2576 471 8185 566 4763 6679 108 2127 6388 722 3396 4720 808 341
internal_count=29696 26391 3305 3368 23023 587 116 2718 10075 3142 12948 226 83 62 1996 112 2576 471 8185 566 4763 6679 108 2127 6388 722 3396 4720 808 341
is_linear=0
shrinkage=0.05


Tree=25
num_leaves=31
num_cat=0
split_feature=299 299 293 197 299 64 299 299 299 187 299 284 299 252 0 232 162 179 211 250 190 192 293 264 284 160 299 212 41 299
split_gain=37439.8 12720.1 10332.7 5838.52 5498.11 3623.71 2944.5 1164.08 1090.17 895.902 817.962 567.99 455.648 391.08 308.919 268.269 265.76 232.482 226.1 214.895 213.945 211.03 210.186 180.573 177.215 175.778 175.722 175.312 161.95 155.939
threshold=-9.4719996452331525 1.0601470470428469 -32.799146652221673 16.088479995727543 -3.549870371818542 -9.3784871101379377 -16.825344085693356 -1.317591071128845 -6.3275935649871817 -18.127347946166989 4.8699021339416513 10.606659889221193 -22.802588462829586 -9.9294114112853986 2.5179299116134648 -2.3475350141525264 -4.5006685256957999 0.22074075788259509 -0.23227330297231671 3.4835373163223271 -5.9909510612487784 -4.7124519348144522 10.533529758453371 -0.97956863045692433 -1.9607512950897215 -4.2538940906524649 -4.509920358657836 -7.4750094413757315 -10.58303928375244 7.9801206588745126
decision_type=2 2 2 2 2 2 2 2 2 2 2 2 2 2 2 2 2 2 2 2 2 2 2 2 2 2 2 2 2 2
left_child=2 4 5 10 8 -1 12 15 21 -7 19 22 28 -8 -11 -6 -14 26 20 24 -9 -2 -5 -12 -3 -17 -10 -22 -4 -25
right_child=1 3 6 11 7 9 13 18 17 14 23 -13 16 -15 -16 25 -18 -19 -20 -21 27 -23 -24 29 -26 -27 -28 -29 -30 -31
leaf_value=-1.119097900390625 -0.07626380325530141 0.027149177838752911 -0.20450007120768229 0.23182392609425084 0.00056559277080213942 -0.67002965023643091 -0.1523796384526685 -0.1153543227016926 -0.029552661183411891 -0.51085647458121897 -0.005233262404799462 0.45445270779766611 -0.23256527679385963 -0.10338931370214 -0.27075439111606497 -0.027868377070114456 -0.1035769757899371 0.018916456771986136 0.050273113403979858 0.11329235977001405 -0.065346743231234336 -0.044552330249758069 0.34548426011029415 0.13298326495248791 0.075973304124670724 0.019093238022242651 -0.012034531734758915 0.033015198490872824 -0.32436137619413863 0.19413681095533997
leaf_weight=29 1022 205 33 78 3682 38 757 25 2862 21 20 79 432 882 37 206 44 394 2655 356 46 1078 85 436 1990 6089 2864 2976 193 137
leaf_count=29 1022 205 33 78 3682 38 757 25 2862 21 20 79 432 882 37 206 44 394 2655 356 46 1078 85 436 1990 6089 2864 2976 193 137
internal_value=0.000208611 0.0170711 -0.186366 0.107769 0.00422094 -0.629287 -0.162715 0.0215855 -0.0289006 -0.481323 0.0895539 0.344422 -0.248399 -0.126016 -0.357688 0.011286 -0.220642 -0.0182342 0.0396069 0.0772578 0.0303129 -0.0599852 0.291095 0.14245 0.0714134 0.0175564 -0.0207905 0.031518 -0.30686 0.147605
internal_weight=29751 27285 2466 3386 23899 125 2341 15679 8220 96 3144 242 702 1639 58 9977 476 6120 5702 2551 3047 2100 163 593 2195 6295 5726 3022 226 573
internal_count=29751 27285 2466 3386 23899 125 2341 15679 8220 96 3144 242 702 1639 58 9977 476 6120 5702 2551 3047 2100 163 593 2195 6295 5726 3022 226 573
is_linear=0
shrinkage=0.05


Tree=26
num_leaves=31
num_cat=0
split_feature=299 299 293 197 299 64 257 299 299 183 10 299 299 293 293 189 234 283 35 211 251 183 30 35 293 51 264 299 259 18
split_gain=33789.4 11479.9 9325.28 5269.27 4962.04 3270.4 2700.4 1050.58 986.388 853.292 970.772 738.21 689.023 515.653 346.438 256.243 240.169 207.745 206.079 197.506 195.153 192.853 185.367 238.536 175.327 171.167 162.967 160.673 146.603 145.206
threshold=-9.4719996452331525 1.0601470470428469 -32.799146652221673 16.088479995727543 -3.549870371818542 -9.3784871101379377 -13.075240612030028 -1.317591071128845 -6.4295823574066153 -17.754745483398434 0.69887924194335949 4.8699021339416513 -20.811585426330563 13.857423305511476 -10.355986595153807 -0.80133071541786183 -3.6938445568084712 -1.8220908641815183 -4.620147466659545 1.7442892193794253 -3.3256900310516353 -3.9253811836242671 2.0120211839675908 -1.291512608528137 -3.3527345657348628 -6.9700980186462393 -0.97956863045692433 -12.083003520965574 2.6796833276748662 0.99580067396163952
decision_type=2 2 2 2 2 2 2 2 2 2 2 2 2 2 2 2 2 2 2 2 2 2 2 2 2 2 2 2 2 2
left_child=2 4 5 11 8 -1 12 15 20 10 -7 19 -4 -5 27 18 -10 22 29 21 -2 -3 -9 -24 -20 -11 -13 -8 -17 -6
right_child=1 3 6 13 7 9 14 17 16 25 -12 26 -14 -15 -16 28 -18 -19 24 -21 -22 -23 23 -25 -26 -27 -28 -29 -30 -31
leaf_value=-1.0631431842672414 -0.064478900915150336 -0.032610432550592247 -0.28541304309916055 0.26384071681810467 0.0005055461027857073 -0.38060406625270843 -0.14785568368370319 0.027469502198293284 -0.030404725087105591 -0.21186684608459472 -0.86734287682033728 -0.0049715988337993627 -0.19098887023965272 0.41127565824068513 -0.082988109363699866 0.023876315858640432 -0.010110709311602122 0.043382905531120119 -0.005919814794127367 0.08897148817251091 -0.019373499257590184 0.0645995037425664 -0.12173114163534982 0.01384925898940613 0.011843240163935571 -0.39522996629987445 0.14022438327991527 -0.10617132767621014 0.14560638284683228 -0.096447150372877363
leaf_weight=29 1707 53 322 138 73 20 646 1376 2325 20 21 20 483 104 530 2321 3909 4181 1844 1132 279 1366 49 96 5632 35 573 360 25 82
leaf_count=29 1707 53 322 138 73 20 646 1376 2325 20 21 20 483 104 530 2321 3909 4181 1844 1132 279 1366 49 96 5632 35 573 360 25 82
internal_value=0.000198181 0.0162175 -0.177047 0.102381 0.0040099 -0.597823 -0.15458 0.0205062 -0.0274555 -0.457257 -0.629909 0.0850762 -0.228759 0.327201 -0.115703 0.0107217 -0.0176795 0.0376266 0.00627876 0.0733949 -0.0581423 0.0609687 0.0218032 -0.0319676 0.00746188 -0.328552 0.135327 -0.132939 0.0251735 -0.0507856
internal_weight=29751 27285 2466 3386 23899 125 2341 15679 8220 96 41 3144 805 242 1536 9977 6234 5702 7631 2551 1986 1419 1521 145 7476 55 593 1006 2346 155
internal_count=29751 27285 2466 3386 23899 125 2341 15679 8220 96 41 3144 805 242 1536 9977 6234 5702 7631 2551 1986 1419 1521 145 7476 55 593 1006 2346 155
is_linear=0
shrinkage=0.05


Tree=27
num_leaves=31
num_cat=0
split_feature=299 299 293 197 299 64 257 299 183 10 299 299 250 284 237 238 299 234 189 284 245 299 293 299 254 4 220 77 85 245
split_gain=30504.1 10144 8860.36 4426.91 4335.86 2951.54 2946.67 1083.41 770.099 876.12 623.825 617.782 553.531 487.26 422.236 255.778 228.061 217.271 197.079 192.77 182.416 178.955 177.111 175.407 165.837 162.51 146.133 221.09 140.777 181.69
threshold=-8.7194118499755842 1.5124509334564211 -32.799146652221673 16.088479995727543 -2.7058169841766353 -9.3784871101379377 -13.075240612030028 -5.1056706905364981 -17.754745483398434 0.69887924194335949 -20.811585426330563 -0.76301249861717213 3.245000004768372 10.606659889221193 -7.6393928527832022 2.754313707351685 -7.2188680171966544 -3.4752287864685054 -0.4289559125900268 0.57641178369522106 -1.6743244528770445 7.9801206588745126 10.533529758453371 -12.083003520965574 -0.84694114327430714 3.280940175056458 -3.842745184898376 1.1577782034873965 -12.516455650329588 -19.531814575195309
decision_type=2 2 2 2 2 2 2 2 2 2 2 2 2 2 2 2 2 2 2 2 2 2 2 2 2 2 2 2 2 2
left_child=2 4 5 12 7 -1 10 16 9 -7 28 18 19 22 23 17 -2 -9 26 -3 -16 -14 -5 -8 -13 -10 27 -6 -4 -30
right_child=1 3 6 13 11 8 14 15 25 -11 -12 24 21 -15 20 -17 -18 -19 -20 -21 -22 -23 -24 -25 -26 -27 -28 -29 29 -31
leaf_value=-1.0099859829606681 -0.060390537641781233 0.046032446926120678 -0.1595929659329928 0.20704069382105117 0.003160707913581565 -0.36157442152500158 -0.13937857700938486 -0.019777786573903128 -0.4214845356487093 -0.8239757532165165 -0.18140757790318243 0.029829540744750905 0.11259518580202676 0.41275260056121443 -0.078790562594410959 0.14238588974393648 -0.031463729623195526 -0.0013604908095341977 0.032776195908697535 0.082302705770850748 0.033782493205446948 0.18024512394614844 0.31137557534610527 -0.10042933502367564 0.049617200035811097 -0.24457854277947369 0.016482802053641051 -0.084166317277176439 -0.33927313141200854 -0.2546338436650295
leaf_weight=29 924 511 26 78 461 20 633 2200 21 21 486 1777 652 79 679 29 2595 5885 1829 1294 38 115 85 532 2620 34 5716 86 92 204
leaf_count=29 924 511 26 78 461 20 633 2200 21 21 486 1777 652 79 679 29 2595 5885 1829 1294 38 115 85 532 2620 34 5716 86 92 204
internal_value=0.000188272 0.0165553 -0.156424 0.106392 0.00607531 -0.567931 -0.137302 -0.0158891 -0.434394 -0.598414 -0.217168 0.0265343 0.087155 0.310841 -0.103013 -0.00584033 -0.0390592 -0.006372 0.0183369 0.0720345 -0.0728243 0.122738 0.261448 -0.121592 0.0416202 -0.312124 0.0141201 -0.010569 -0.271142 -0.280941
internal_weight=29751 26936 2815 2814 24122 125 2690 11633 96 41 808 12489 2572 242 1882 8114 3519 8085 8092 1805 717 767 163 1165 4397 55 6263 547 322 296
internal_count=29751 26936 2815 2814 24122 125 2690 11633 96 41 808 12489 2572 242 1882 8114 3519 8085 8092 1805 717 767 163 1165 4397 55 6263 547 322 296
is_linear=0
shrinkage=0.05


Tree=28
num_leaves=31
num_cat=0
split_feature=299 299 292 199 299 181 3 299 299 1 299 299 283 248 294 296 219 160 291 254 246 289 85 176 272 125 254 124 298 244
split_gain=27544.5 9386.24 7610 5049.39 3233.58 2703.45 4808.65 2249.44 1021.76 643.459 637.575 610.301 455.628 385.319 331.491 321.462 222.364 198.635 191.625 189.246 186.617 181.885 160.819 158.988 156.508 157.891 154.679 148.003 147.926 142.287
threshold=-9.4719996452331525 -0.19985324144363401 -33.374599456787102 14.71156692504883 -4.0097713470458975 -17.73858547210693 3.1353688240051274 -16.825344085693356 2.6043486595153813 1.8855882883071902 -2.1379821300506587 -6.926464080810546 8.6824550628662127 -17.489641189575192 6.2798023223876962 -11.608747005462645 -5.4333333969116202 -5.6818139553070059 -2.4065637588500972 -0.96941176056861866 -2.2041873931884761 -2.1133865118026729 -12.516455650329588 -1.9620000123977659 -1.6490579247474668 -4.7776529788970938 0.091003920882940306 31.510391235351566 -3.6367975473403926 -2.2445752620697017
decision_type=2 2 2 2 2 2 2 2 2 2 2 2 2 2 2 2 2 2 2 2 2 2 2 2 2 2 2 2 2 2
left_child=2 4 5 8 11 6 9 13 19 -1 21 20 -5 22 23 -9 -15 -12 28 -3 -2 -6 -4 -10 25 -19 -20 -14 -13 -17
right_child=1 3 7 12 10 -7 -8 15 14 -11 17 18 27 16 -16 29 -18 24 26 -21 -22 -23 -24 -25 -26 -27 -28 -29 -30 -31
leaf_value=-0.65507749267246418 -0.062084108939159055 0.030778245881280603 -0.15925502777099609 0.23625213516342058 -0.0023230823904399904 -0.30163812152409958 -1.413146505355835 -0.12810233391434561 -0.013671887784730644 -0.26729703187942505 -0.044060155192268233 -0.022286619579805739 0.29302340613471139 -0.19599735615857408 0.14107487143539801 -0.087526869110456887 -0.029558802715369634 -0.082104931771755221 -0.0043128331330932156 0.055183876990965386 0.0099510001484304673 0.013677166643244401 -0.28331909746226697 0.08772284846180381 0.031791733167379543 0.017854577456684145 0.077356600115308538 0.41905582312381634 -0.054586735262552269 0.038779398863728248
leaf_weight=23 1417 1107 30 143 5471 59 20 886 40 20 107 3993 36 452 328 730 21 40 616 2812 96 2630 202 1155 3584 3191 64 66 389 23
leaf_count=23 1417 1107 30 143 5471 59 20 886 40 20 107 3993 36 452 328 730 21 40 616 2812 96 2630 202 1155 3584 3191 64 66 389 23
internal_value=0.000178858 0.0146423 -0.159851 0.0717926 -0.000406066 -0.544855 -0.772629 -0.139813 0.0617961 -0.474714 0.0123929 -0.02965 0.293839 -0.214496 0.0965499 -0.107688 -0.188608 0.0235361 -0.0213217 0.04829 -0.0575135 0.00287142 -0.267276 0.0843289 0.0245974 0.0166171 0.0033737 0.374574 -0.025154 -0.0836689
internal_weight=29751 27285 2466 5687 21598 122 63 2344 5442 43 15023 6575 245 705 1523 1639 473 6922 5062 3919 1513 8101 232 1195 6815 3231 680 102 4382 753
internal_count=29751 27285 2466 5687 21598 122 63 2344 5442 43 15023 6575 245 705 1523 1639 473 6922 5062 3919 1513 8101 232 1195 6815 3231 680 102 4382 753
is_linear=0
shrinkage=0.05


Tree=29
num_leaves=31
num_cat=0
split_feature=237 293 293 176 247 57 290 239 294 293 260 120 74 292 186 4 249 183 292 290 239 233 294 281 293 284 236 288 26 196
split_gain=24771 8105.17 6753.52 4483.32 2988.99 2651.21 1995.41 1017.31 638.647 574.719 569.335 471.125 1063.68 424.828 411.002 277.93 252.628 226.966 224.092 215.788 214.335 212.085 191.924 190.224 175.605 172.865 152.942 137.84 128.901 121.446
threshold=-7.6393928527832022 0.56730389595031749 -32.799146652221673 9.0832605361938494 -3.9362937211990352 -9.6014084815978986 -17.799740791320797 -2.3568601608276363 3.2686833143234257 -6.3947882652282706 17.561779975891117 -3.6456471681594844 -6.0376226902008048 -11.523372650146483 -0.6726911962032317 3.7091201543807988 4.3720848560333261 -2.8348038196563716 -3.2776255607604976 -26.375566482543942 0.1663058400154114 -1.209775924682617 7.1461107730865487 12.805575847625734 -3.0914869308471675 -9.2121567726135236 -11.074803829193113 -0.50554397702217091 -0.99988234043121327 -2.7668037414550777
decision_type=2 2 2 2 2 2 2 2 2 2 2 2 2 2 2 2 2 2 2 2 2 2 2 2 2 2 2 2 2 2
left_child=2 4 5 8 9 -1 15 18 20 25 -5 12 -7 26 24 19 27 21 -6 -4 -3 29 -10 28 -9 -2 -8 -16 -12 -11
right_child=1 3 6 10 7 11 13 14 22 17 23 -13 -14 -15 16 -17 -18 -19 -20 -21 -22 -23 -24 -25 -26 -27 -28 -29 -30 -31
leaf_value=-0.92277791341145832 -0.084925588762730139 0.032663984752186688 -0.31135082621323434 0.20655606177545366 -0.013571985498106324 -0.30575837212450363 -0.15185909499789635 -0.00098539970158171924 0.082338450014591225 -0.031455552893969806 0.38765743187495638 -0.25304431676864625 -0.75835030930382874 -0.081180058579085418 0.023566923771720649 -0.14083446959654491 0.11127041259614548 -0.0035436715227242788 0.0051092886780424894 -0.21899701840681485 0.060519362695573259 -0.07731798539328022 0.13212820609410605 0.46351126211660881 0.017423199398543077 -0.047139563019646211 -0.11079224573248732 0.042841536013240956 0.26533930344241008 -0.00095530401033479826
leaf_weight=30 397 1179 76 186 3348 34 459 1667 1000 1542 35 40 21 776 2351 96 101 1266 3084 377 1667 215 240 27 5813 1274 448 1532 56 414
leaf_count=30 397 1179 76 186 3348 34 459 1667 1000 1542 35 40 21 776 2351 96 101 1266 3084 377 1667 215 240 27 5813 1274 448 1532 56 414
internal_value=0.000169915 0.0135526 -0.155369 0.0758103 0.00167158 -0.51301 -0.13534 0.0113005 0.0620279 -0.0320636 0.261057 -0.38361 -0.478566 -0.108339 0.0202299 -0.218114 0.0332022 -0.0203694 -0.00461473 -0.234491 0.0489798 -0.0301812 0.0919752 0.346965 0.0133206 -0.0561169 -0.131575 0.0311715 0.312385 -0.025
internal_weight=29751 27394 2357 4390 23004 125 2232 17896 4086 5108 304 95 55 1683 11464 549 3984 3437 6432 453 2846 2171 1240 118 7480 1671 907 3883 91 1956
internal_count=29751 27394 2357 4390 23004 125 2232 17896 4086 5108 304 95 55 1683 11464 549 3984 3437 6432 453 2846 2171 1240 118 7480 1671 907 3883 91 1956
is_linear=0
shrinkage=0.05


Tree=30
num_leaves=31
num_cat=0
split_feature=296 295 287 296 247 187 8 236 241 291 293 190 241 51 188 294 183 234 296 30 128 295 18 182 190 35 184 234 182 105
split_gain=22334.9 7369.56 5945.14 4139.41 2606.05 2566.72 4626.62 1619.4 930.53 836.303 392.582 340.454 297.696 289.075 278.265 266.282 259.714 229.544 217.238 231.62 217.168 188.16 170.581 165.928 157.741 172.999 173.773 148.234 144.969 139.165
threshold=-10.396782398223875 -0.22880179435014722 -33.128519058227532 10.657207489013674 -4.4001960754394522 -18.127347946166989 1.5424999594688418 -13.659985065460203 1.8853267431259157 -3.1755356788635249 -7.0384314060211173 27.385534286499027 -9.7052578926086408 -6.3529193401336661 3.3745779991149907 3.508797407150269 -1.8143470287322996 -0.40199641883373255 -26.59915733337402 -5.9882700443267813 3.8377820253372197 -5.8142523765563956 -4.6726174354553214 -8.1730761528015119 -6.1355772018432608 -5.2618720531463614 -3.4904901981353755 -1.146955609321594 7.5615687370300302 0.048271641135215766
decision_type=2 2 2 2 2 2 2 2 2 2 2 2 2 2 2 2 2 2 2 2 2 2 2 2 2 2 2 2 2 2
left_child=2 4 5 8 10 6 -1 18 17 14 23 -5 -9 -7 21 -10 -11 -3 19 -4 -17 -6 -14 -2 29 -26 -27 -18 -29 -12
right_child=1 3 7 11 9 13 -8 12 15 16 24 -13 22 -15 -16 20 27 -19 -20 -21 -22 -23 -24 -25 25 26 -28 28 -30 -31
leaf_value=-0.40721632705794442 -0.11525453590765232 0.025105856198093513 -0.16615740656852723 0.20587725485524824 -0.034154492342937076 -0.13338862332430754 -1.3556997287273409 -0.12928851556382787 0.064240987510827699 0.0055614344049786145 -0.050302630883300364 0.32504674977269671 0.025556601496303784 -0.35903562545776369 0.060455670952796942 0.090026099701558268 0.014393134172804901 0.0487510789836667 -0.1895538407877872 -0.31321188667674127 0.15167597219905751 -0.0066802810193551101 -0.08921971105964932 -0.054399730890181269 -0.074386042908074393 -0.03343634800278935 -0.0059483298432212658 0.028691742943601224 0.15473028265911601 -0.15964180906577147
leaf_weight=36 123 1690 40 124 705 22 20 724 846 4523 202 116 34 40 144 605 3546 2614 475 81 187 5370 676 1254 155 1160 1140 2826 23 34
leaf_count=36 123 1690 40 124 705 22 20 724 846 4523 202 116 34 40 144 605 3546 2614 475 81 187 5370 676 1254 155 1160 1140 2826 23 34
internal_value=-0.000317902 0.011859 -0.155574 0.0598957 -0.00214534 -0.500591 -0.74596 -0.135519 0.0516731 0.0063948 -0.0381218 0.263476 -0.106728 -0.278967 -0.0082403 0.0837467 0.0147311 0.0394666 -0.204789 -0.264599 0.104582 -0.00986865 -0.0837234 -0.0598356 -0.0270108 -0.0232575 -0.0198119 0.0212165 0.0297093 -0.0660549
internal_weight=29535 27387 2148 6182 21205 118 56 2030 5942 17137 4068 240 1434 62 6219 1638 10918 4304 596 121 792 6075 710 1377 2691 2455 2300 6395 2849 236
internal_count=29535 27387 2148 6182 21205 118 56 2030 5942 17137 4068 240 1434 62 6219 1638 10918 4304 596 121 792 6075 710 1377 2691 2455 2300 6395 2849 236
is_linear=0
shrinkage=0.05


Tree=31
num_leaves=31
num_cat=0
split_feature=299 299 287 295 66 242 299 187 299 296 299 265 4 234 51 17 182 240 295 289 287 231 182 281 20 212 27 160 168 293
split_gain=20685.8 6544.69 6183.07 3438.95 2392.49 2362.7 1843.66 667.174 647.882 441.499 388.871 356.071 355.76 315.106 257.563 223.629 218.71 180.08 176.284 174.11 168.376 162.294 158.983 139.483 134.551 132.134 130.919 130.703 132.04 129.849
threshold=-8.082887649536131 0.11695782840251924 -33.128519058227532 10.569411754608156 -9.5435600280761701 -13.035657882690428 -3.549870371818542 -18.127347946166989 4.4003741741180429 -12.081865787506102 -1.9345847368240354 -16.447575569152828 3.0049674510955815 -3.8838562965393062 -6.3529193401336661 -4.2642571926116934 1.3522290587425234 -0.47843138873577112 -0.098721623420715318 -1.2545851469039915 -26.721492767333981 3.7992997169494633 -7.6188805103301993 6.5397548675537118 -5.0757563114166251 -6.7996723651885977 -5.4179999828338614 -3.8533688783645625 0.4628033339977265 -0.58980390429496754
decision_type=2 2 2 2 2 2 2 2 2 2 2 2 2 2 2 2 2 2 2 2 2 2 2 2 2 2 2 2 2 2
left_child=2 6 4 8 -1 11 13 -6 16 24 27 15 -5 -2 -9 -4 19 22 -10 -3 26 25 -11 -14 -7 -12 -17 28 -8 -15
right_child=1 3 5 12 7 9 10 14 18 17 21 -13 23 29 -16 20 -18 -19 -20 -21 -22 -23 -24 -25 -26 -27 -28 -29 -30 -31
leaf_value=-0.95943356468563989 -0.030614698038432656 0.014904483136453546 -0.10900632281636083 0.1661075615301365 -0.53779107171135976 -0.042857370376586913 -0.00886828896646597 -0.12132683992385865 -0.034847849963799769 -0.10091888841829802 -0.04122849149363382 -0.14597287474164539 0.233609500173795 -0.011246259609263886 -0.34108371138572696 -0.20510346672751686 0.067333897004826435 0.082419186010956769 0.10593239017720545 0.047230520675544722 -0.20908143404271273 0.1036868872245153 -0.060459061331466259 0.33073120695171937 -0.1177889657176398 0.021889609624086745 -0.32770916074514389 0.0070104331790864886 -0.081827022911797109 0.032803122891948137
leaf_weight=21 2924 505 43 82 37 65 490 20 23 304 84 314 59 4346 40 33 1153 20 670 2378 267 60 1206 99 765 6435 64 6783 71 174
leaf_count=21 2924 505 43 82 37 65 490 20 23 304 84 314 59 4346 40 33 1153 20 670 2378 267 60 1206 99 765 6435 64 6783 71 174
internal_value=-0.000302007 0.0142818 -0.120364 0.0659683 -0.475562 -0.10676 0.00226182 -0.370806 0.0565976 -0.0825588 0.0130011 -0.185977 0.250609 -0.0178245 -0.267831 -0.21684 0.0489289 -0.0666304 0.10126 0.0415681 -0.229578 0.0218297 -0.0686046 0.294464 -0.111921 0.0210763 -0.285998 0.00509213 -0.0181019 -0.00955055
internal_weight=29535 26336 3199 4969 118 3081 21367 97 4729 2360 13923 721 240 7444 60 407 4036 1530 693 2883 364 6579 1510 158 830 6519 97 7344 561 4520
internal_count=29535 26336 3199 4969 118 3081 21367 97 4729 2360 13923 721 240 7444 60 407 4036 1530 693 2883 364 6579 1510 158 830 6519 97 7344 561 4520
is_linear=0
shrinkage=0.05


Tree=32
num_leaves=31
num_cat=0
split_feature=237 288 287 143 122 239 290 292 294 49 178 189 293 296 190 249 34 287 284 251 246 129 40 120 34 293 52 279 296 102
split_gain=18251.9 6102.12 5048.49 3587.81 2183.56 1779.6 1599.82 808.822 576.602 482.75 594.737 396.551 352.243 327.577 286.269 236.214 233.506 235.101 213.037 189.458 165.394 154.678 153.111 144.064 129.421 128.548 118.64 115.789 108.89 107.393
threshold=-7.6393928527832022 -0.54950591921806324 -33.128519058227532 10.03535318374634 -13.27618885040283 -3.1727349758148189 -17.799740791320797 2.8106504678726201 -6.222282648086547 -10.652459621429442 -17.976936340332028 -1.2332352995872495 10.533529758453371 -11.608747005462645 0.39635175466537481 5.5142557621002206 -13.30928325653076 -26.721492767333981 -3.6673172712326045 2.7453774213790898 -4.9686796665191642 -7.922722101211547 -6.1544313430786124 -0.32622005045413965 3.3281356096267705 -8.4486198425292951 -3.117878675460815 -4.1774508953094474 6.3139364719390878 -0.27232038974761957
decision_type=2 2 2 2 2 2 2 2 2 2 2 2 2 2 2 2 2 2 2 2 2 2 2 2 2 2 2 2 2 2
left_child=2 5 4 7 -1 8 16 14 25 -6 -11 18 -5 24 20 -13 -4 22 26 28 -3 -19 -18 -15 -8 -2 29 -10 -9 -7
right_child=1 3 6 12 9 11 13 19 27 10 -12 15 -14 23 -16 -17 17 21 -20 -21 -22 -23 -24 -25 -26 -27 -28 -29 -30 -31
leaf_value=-0.82016062418619795 -0.063596779290426106 -0.041312129590018044 -0.066513128538389463 0.15488473074776787 -0.11026222229003907 -0.020044932793825868 -0.10718053679709927 0.056980342460939519 -0.022257193358017652 -0.577650288435129 -0.27336868218013216 0.017380335331515614 0.27097505778935604 -0.073573568964527519 0.051351385978282309 0.10048814148738468 -0.19877600576363358 -0.20908503816273419 0.0064333110662460119 0.098904464030348305 0.028474422829835623 -0.14930399765242947 -0.3175407508323933 0.011849566605293526 -0.18629153002392163 -0.036943709786798139 -0.0067830652280763864 -0.006637520732749199 0.1184056632126434 -0.082151660927571368
leaf_weight=30 719 87 37 105 20 229 861 832 2379 26 42 4956 173 718 1768 87 51 221 5695 578 3520 212 58 53 55 1220 2257 2367 79 100
leaf_count=30 719 87 37 105 20 229 861 832 2379 26 42 4956 173 718 1768 87 51 221 5695 578 3520 212 58 53 55 1220 2257 2367 79 100
internal_value=-0.000286906 0.0113601 -0.132933 0.0510354 -0.451784 -0.00280154 -0.116329 0.0439035 -0.0238531 -0.3262 -0.389712 0.0077606 0.227128 -0.0917168 0.0348698 0.0188141 -0.188042 -0.196338 0.00102921 0.0765134 0.0267912 -0.179816 -0.261972 -0.0677014 -0.111931 -0.0468269 -0.0108719 -0.0144671 0.062307 -0.0389224
internal_weight=29535 27151 2384 7142 118 20009 2266 6864 6685 88 68 13324 278 1687 5375 5043 579 542 8281 1489 3607 433 109 771 916 1939 2586 4746 911 329
internal_count=29535 27151 2384 7142 118 20009 2266 6864 6685 88 68 13324 278 1687 5375 5043 579 542 8281 1489 3607 433 109 771 916 1939 2586 4746 911 329
is_linear=0
shrinkage=0.05


Tree=33
num_leaves=31
num_cat=0
split_feature=299 299 286 299 61 257 299 294 21 255 299 299 183 234 81 299 183 160 185 295 287 74 240 114 231 31 298 124 294 43
split_gain=16940.7 5410.65 5034.48 2953.16 2342.9 1966.35 1407.72 469.802 450.594 445.901 354.031 310.105 264.099 254.859 202.111 174.12 164.878 158.624 158.11 149.748 147.481 143.866 141.516 138.726 134.737 134.654 131.733 126.959 123.57 125.575
threshold=-8.082887649536131 -0.19985324144363401 -33.203310012817376 7.9801206588745126 -9.3558211326599103 -13.788204669952391 -3.549870371818542 14.476278305053713 -1.5839676856994627 1.4326961040496828 -12.581977367401121 -20.811585426330563 -2.4146463871002193 -3.8838562965393062 -11.531372547149656 -2.1379821300506587 -2.8348038196563716 -4.9112350940704337 3.4425257444381718 -2.5840114355087276 -26.721492767333981 -6.4323148727416983 -0.47843138873577112 4.7046632766723642 3.5828430652618413 -5.1280288696289054 -0.34163492918014521 -0.59889018535614003 0.16574833542108539 5.3160784244537362
decision_type=2 2 2 2 2 2 2 2 2 2 2 2 2 2 2 2 2 2 2 2 2 2 2 2 2 2 2 2 2 2
left_child=2 6 4 9 -1 11 13 -5 21 16 -7 14 17 -2 -4 -14 19 27 -11 -3 25 -6 -12 -19 26 -16 -17 -8 29 -15
right_child=1 3 5 7 8 10 12 -9 -10 18 22 -13 15 28 20 24 -18 23 -20 -21 -22 -23 -24 -25 -26 -27 -28 -29 -30 -31
leaf_value=-0.86100720214843762 -0.027827014532781087 -0.078817120225479209 -0.084988522529602054 0.15416363045638307 -0.12054071366786956 -0.10345002297641469 -0.0078980580310929905 0.2753150505748222 -0.45857269097776981 0.058744120802674049 -0.063277909394318807 -0.13872659456394518 0.0075673674284171882 -0.0093267482533354248 -0.19757027477025987 0.023892972505236539 0.040117316892165092 0.0031272908148787895 0.093136390156927262 0.016868706652219744 -0.19294508748453829 -0.28698557260874152 0.070550004448741682 -0.11064844131469727 0.097683373355028927 -0.31724379167222144 0.0026557522088244507 -0.082169718675169298 0.05119451946978059 -0.11197092096010844
leaf_weight=25 2924 48 32 229 20 735 132 123 34 1324 1605 391 4134 4406 40 4438 3211 3470 447 276 203 37 20 27 57 57 874 102 84 30
leaf_count=25 2924 48 32 229 20 735 132 123 34 1324 1605 391 4134 4406 40 4438 3211 3470 447 276 203 37 20 27 57 57 874 102 84 30
internal_value=-0.000272561 0.0129252 -0.108924 0.0562506 -0.432293 -0.0967568 0.00107028 0.196498 -0.314514 0.0469466 -0.074655 -0.168901 0.0108546 -0.0163244 -0.204437 0.0152804 0.0366872 -0.000418028 0.0674247 0.00269303 -0.217179 -0.228584 -0.0616308 0.00224884 0.0212192 -0.267894 0.0203987 -0.0402729 -0.00888328 -0.0100209
internal_weight=29535 26336 3199 5658 116 3083 20678 352 91 5306 2360 723 13234 7444 332 9503 3535 3731 1771 324 300 57 1625 3497 5369 97 5312 234 4520 4436
internal_count=29535 26336 3199 5658 116 3083 20678 352 91 5306 2360 723 13234 7444 332 9503 3535 3731 1771 324 300 57 1625 3497 5369 97 5312 234 4520 4436
is_linear=0
shrinkage=0.05


Tree=34
num_leaves=31
num_cat=0
split_feature=299 299 286 187 8 184 299 256 299 299 299 291 285 293 298 51 81 167 298 165 290 176 232 288 298 279 241 160 298 235
split_gain=15288.9 4929.57 4543.62 2194.32 3974.22 2101.54 1911.86 1790.28 460.936 399.606 370.803 275.12 251.091 208.409 195.303 184.72 172.38 170.486 169.59 151.175 144.276 141.956 131.425 127.833 151.01 132.44 124.19 123.101 120.956 120.7
threshold=-8.082887649536131 1.5124509334564211 -33.203310012817376 -18.127347946166989 1.5424999594688418 19.471574783325199 -2.7058169841766353 -12.360498428344725 -4.8804051876068106 -20.811585426330563 -0.8754901885986327 4.6155478954315194 6.4277334213256845 -10.355986595153807 -4.735097885131835 -6.3529193401336661 -11.531372547149656 1.5087822079658511 -1.0623172521591184 -5.3909778594970694 -26.375566482543942 -1.6807647347450254 0.85639485716819774 -0.42199067771434778 0.70547547936439525 -7.8648529052734366 0.59970584511756908 -7.0122885704040518 -9.8171343803405744 -2.7042580842971797
decision_type=2 2 2 2 2 2 2 2 2 2 2 2 2 2 2 2 2 2 2 2 2 2 2 2 2 2 2 2 2 2
left_child=2 6 3 4 -1 11 8 9 26 16 18 21 -7 -9 -10 -5 -4 -15 22 -16 -18 -3 -8 24 25 -12 28 -27 -2 -21
right_child=1 5 7 15 -6 12 10 13 14 -11 23 -13 -14 17 19 -17 20 -19 -20 29 -22 -23 -24 -25 -26 27 -28 -29 -30 -31
leaf_value=-0.31840962886810309 0.077525895205326378 0.0068676739129461817 -0.082765897115071624 -0.09977356338500977 -1.2019539868831635 0.15138208140497622 0.013560183117483381 -0.083254729387613122 0.020211424690656149 -0.12427993793392655 0.14909390004521067 0.090047069076419808 0.25643469279244446 -0.054480313080065818 -0.050969515319750261 -0.27669117980533176 -0.2536253459674796 0.092797194384038453 -0.0033010363037556563 -0.012169255710633507 -0.18037629094842364 0.056368454564169862 0.04582643538579613 0.037262238180481716 -0.0055053816705195402 -0.086813600112994521 0.054168015938936442 0.027186543756636296 -0.026809836359089668 0.0013704169964197266
leaf_weight=35 28 158 33 25 20 92 5725 989 801 603 22 645 149 1122 181 36 97 20 1528 2967 219 1738 334 2476 439 24 49 1779 3504 3697
leaf_count=35 28 158 33 25 20 92 5725 989 801 603 22 645 149 1122 181 36 97 20 1528 2967 219 1738 334 2476 439 24 49 1779 3504 3697
internal_value=-0.000258933 0.0122789 -0.103478 -0.410678 -0.639698 0.0752228 0.0048445 -0.0919189 -0.0100822 -0.148925 0.0184392 0.0618394 0.216332 -0.0664523 -0.00314882 -0.204184 -0.191505 -0.051901 0.0115848 -0.00588243 -0.202861 0.0522434 0.0153388 0.0294105 0.0208236 0.0271569 -0.024886 0.0256691 -0.0259827 -0.00465783
internal_weight=29535 26336 3199 116 55 2782 23554 3083 11227 952 12327 2541 241 2131 7646 61 349 1142 7587 6845 316 1896 6059 4740 2264 1825 3581 1803 3532 6664
internal_count=29535 26336 3199 116 55 2782 23554 3083 11227 952 12327 2541 241 2131 7646 61 349 1142 7587 6845 316 1896 6059 4740 2264 1825 3581 1803 3532 6664
is_linear=0
shrinkage=0.05


Tree=35
num_leaves=31
num_cat=0
split_feature=299 299 296 297 299 257 287 178 3 299 182 170 196 241 52 35 39 23 299 257 190 258 279 131 24 244 131 229 239 133
split_gain=13962.8 4404.68 3842.33 2019.36 1549.26 1009.41 900.837 1282.58 2163.86 335.507 323.857 316.214 231.352 197.039 194.573 179.883 190.812 162.787 159.175 137.804 128.731 127.106 122.722 122.541 115.381 142.795 109.841 108.678 103.339 97.609
threshold=-7.5243811607360831 1.0601470470428469 -23.070332527160641 10.641987323760988 -2.9258382320404048 -11.820766925811766 -33.128519058227532 -17.976936340332028 2.4908574819564824 -4.9397058486938468 2.5214005708694462 -0.65691176056861866 24.542264938354496 -9.7052578926086408 -0.95256686210632313 -4.4544873237609854 -1.359705865383148 -4.3192110061645499 -16.825344085693356 -0.045735275372862809 0.63144257664680492 2.5947647094726567 12.549117088317873 -4.0635941028594962 0.61541402339935314 -2.676445364952087 0.2706045806407929 -0.63617646694183339 -2.4676797389984126 -6.0387253761291495
decision_type=2 2 2 2 2 2 2 2 2 2 2 2 2 2 2 2 2 2 2 2 2 2 2 2 2 2 2 2 2 2
left_child=2 4 6 10 9 18 7 8 -1 -2 26 15 -5 -7 -9 16 -6 -8 -4 24 -13 23 -14 -11 25 -15 -3 -25 29 -17
right_child=1 3 5 12 11 13 17 14 -10 21 -12 20 22 19 -16 28 -18 -19 -20 -21 -22 -23 -24 27 -26 -27 -28 -29 -30 -31
leaf_value=-0.29029148628837181 -0.023814343864609393 0.033923366301913345 -0.14608094814645631 0.15932627532441737 0.025178366472634179 -0.09069749732907309 -0.13222490692138672 -0.11933301669013288 -0.90475236436595086 -0.028450483240579305 0.082705999671815342 0.020873244132168626 0.23165312680331143 -0.051692173151839604 -0.30654237142602064 -0.095665781773053682 -0.078275013929949358 -0.22158803280044653 -0.10185973137985041 0.077700590407475845 0.039065884084117659 0.10421271851217305 0.35718634033203128 -0.0047909586507677926 -0.076526565933307727 0.010174048131331803 0.055581534596995823 0.017318939202401823 0.014078281070416174 0.0018783978747514058
leaf_weight=38 3170 1061 409 118 72 418 75 35 23 494 798 4107 88 1386 23 26 117 159 405 20 1274 27 25 5521 446 100 1306 618 5400 1886
leaf_count=38 3170 1061 409 118 72 418 75 35 23 494 798 4107 88 1386 23 26 117 159 405 20 1274 27 25 5521 446 100 1306 618 5400 1886
internal_value=-0.00016486 0.0124654 -0.0933937 0.0655763 0.004524 -0.0760417 -0.249906 -0.361912 -0.521973 -0.0104252 0.0551601 0.0159315 0.208293 -0.0595428 -0.193571 0.00929646 -0.0388642 -0.192946 -0.124079 -0.0528713 0.0251805 -0.00405234 0.259426 -0.00449304 -0.054223 -0.0475289 0.0458733 -0.0025652 0.0105413 0.00055196
internal_weight=29645 26108 3537 3396 22712 3184 353 119 61 9830 3165 12882 231 2370 58 7501 189 234 814 1952 5381 6660 113 6633 1932 1486 2367 6139 7312 1912
internal_count=29645 26108 3537 3396 22712 3184 353 119 61 9830 3165 12882 231 2370 58 7501 189 234 814 1952 5381 6660 113 6633 1932 1486 2367 6139 7312 1912
is_linear=0
shrinkage=0.05


Tree=36
num_leaves=31
num_cat=0
split_feature=237 241 297 289 58 240 9 291 0 43 186 232 292 279 121 284 119 26 289 97 89 190 263 185 21 84 296 168 19 287
split_gain=12217.1 4210.88 2814.8 2160.16 1655.99 894.204 759.12 723.935 434.953 669.076 328.484 229.779 215.226 208.384 203.363 195.472 166.83 163.826 154.013 152.03 175.554 142.145 139.946 124.841 122.316 118.581 111.374 107.061 105.683 127.442
threshold=-7.6393928527832022 1.7801348567008974 -26.697467803955075 -2.1133865118026729 14.473137855529787 -4.0464181900024405 5.3288016319274911 -15.605632305145262 4.5806732177734384 -12.635293483734129 -0.87100222706794728 4.3148419857025155 -6.0951459407806388 12.549117088317873 -8.4551472663879377 -4.0907843112945548 -1.8852027058601377 -6.0524866580963126 0.19668018817901614 -3.4117597341537471 0.19811276346445086 -1.3769608139991758 -11.671843528747557 -10.703202724456785 -5.215686321258544 -0.5836859643459319 10.657207489013674 1.0981811881065371 -1.4602483510971067 -26.721492767333981
decision_type=2 2 2 2 2 2 2 2 2 2 2 2 2 2 2 2 2 2 2 2 2 2 2 2 2 2 2 2 2 2
left_child=2 3 6 5 11 12 8 23 9 -1 19 -3 -2 26 -10 24 22 -11 -12 20 -5 -17 -9 -4 -7 -24 -6 -26 -19 -30
right_child=1 4 7 10 13 15 -8 16 14 17 18 -13 -14 -15 -16 21 -18 28 -20 -21 -22 -23 25 -25 27 -27 -28 -29 29 -31
leaf_value=-0.52364615996678665 -0.042400713025022047 0.04900153913022981 -0.15454071044921877 -0.0060486354607911345 0.12981972765566699 0.068290686100087275 -0.51176042227909491 -0.10323587061616674 -0.018892709855680114 -0.1439582974570138 0.021315678590124027 0.085640344018712511 -0.019031929786656507 0.33303480881911063 -0.21481114029884341 -0.0016506786516012569 -0.023550208424302665 -0.20473396605566929 0.038423482801801655 0.013303128991723513 -0.11115231088229589 0.014134283573000041 -0.059262202766115726 -0.11175319419770285 -0.010602543030237247 -0.1113429927582464 0.2081171455112755 -0.048107853047366214 -0.36674590800937856 -0.21552940688349984
leaf_weight=24 1826 1511 345 210 67 47 29 363 27 35 2987 597 2140 26 26 4784 165 38 2351 5278 49 2032 784 337 3036 127 141 203 38 22
leaf_count=24 1826 1511 345 210 67 47 29 363 27 35 2987 597 2140 26 26 4784 165 38 2351 5278 49 2032 784 337 3036 127 141 203 38 22
internal_value=-0.000156617 0.00928339 -0.109297 0.00326453 0.073386 -0.00967256 -0.271967 -0.0909665 -0.238853 -0.280662 0.0200001 0.0593779 -0.0297912 0.199578 -0.115004 -0.00177406 -0.0708565 -0.236815 0.0288504 0.0114678 -0.0259331 0.00305517 -0.0769833 -0.133398 -0.0117911 -0.0665226 0.182896 -0.0129531 -0.269978 -0.3113
internal_weight=29645 27285 2360 24943 2342 14068 239 2121 210 157 10875 2108 3966 234 53 10102 1439 133 5338 5537 259 6816 1274 682 3286 911 208 3239 98 60
internal_count=29645 27285 2360 24943 2342 14068 239 2121 210 157 10875 2108 3966 234 53 10102 1439 133 5338 5537 259 6816 1274 682 3286 911 208 3239 98 60
is_linear=0
shrinkage=0.05


Tree=37
num_leaves=31
num_cat=0
split_feature=293 241 257 289 58 9 257 240 284 51 234 54 245 293 30 175 279 284 27 291 292 248 83 57 298 121 295 124 293 28
split_gain=11125.5 3651.83 2903.58 1700.5 1511.25 933.864 623.298 569.849 308.383 664.519 291.825 264.703 228.67 222.938 222.531 205.944 185.353 182.203 165.412 130.79 129.435 129.161 133.568 125.22 123.701 108.717 101.708 100.668 100.498 112.699
threshold=-8.4486198425292951 1.7801348567008974 -18.193655967712399 -2.0875858068466182 14.473137855529787 5.3288016319274911 -11.820766925811766 -4.0464181900024405 -33.562658309936516 -10.086746692657469 -0.77812325954437245 -2.81955873966217 -2.7817646265029903 4.2713711261749276 -5.9882700443267813 -4.9112606048583975 12.549117088317873 -4.0907843112945548 -5.0303921699523917 -19.186252593994137 -2.3999941349029537 0.32389199733734136 5.7528920173645028 -4.0102086067199698 -7.3771955966949454 -0.097710050642490373 -11.255744457244871 -3.3854426145553584 10.533529758453371 -4.8268456459045401
decision_type=2 2 2 2 2 2 2 2 2 2 2 2 2 2 2 2 2 2 2 2 2 2 2 2 2 2 2 2 2 2
left_child=2 3 5 7 13 8 19 -2 9 -1 24 -11 26 -3 -10 -12 28 23 -14 -4 -19 22 -17 -9 -5 -21 -8 -26 29 -6
right_child=1 4 6 10 16 -7 12 17 14 11 15 -13 18 -15 -16 21 -18 20 -20 25 -22 -23 -24 -25 27 -27 -28 -29 -30 -31
leaf_value=-0.50814059575398762 -0.024725938874649942 0.04529985906038847 -0.14261850290423397 0.12216740727424623 0.23755012920924595 -0.51477569433359005 -0.077592635297489748 -0.04880694408829396 -0.099308116436004637 -0.12346959077730411 -0.11548315989971161 -0.33539519789426225 0.082714303680088211 0.080356362626361699 -0.20496475503623832 0.023563591479989876 0.31638298034667972 -0.0017494829070802164 -0.035745977664866098 -0.1020522329963042 0.012706767770884706 0.039592316791945852 -0.10292159035092308 -0.0086778000618647211 -0.016437309745537199 0.016615638304501773 -0.052281876877407353 0.012367808601496659 0.20590689617654553 0.10569877288710904
leaf_weight=24 3537 1440 229 25 21 26 668 208 70 41 25 23 46 662 173 3424 26 4558 82 552 2345 1713 21 2973 322 20 978 5227 115 71
leaf_count=24 3537 1440 229 25 21 26 668 208 70 41 25 23 46 662 173 3424 26 4558 82 552 2345 1713 21 2973 322 20 978 5227 115 71
internal_value=-0.000148786 0.00999909 -0.0926045 0.00427761 0.0697328 -0.226236 -0.0740777 -0.00745785 -0.203572 -0.28377 0.0191376 -0.19963 -0.0575478 0.0563405 -0.174529 0.027678 0.190551 -0.001401 0.00682569 -0.110687 0.00316141 0.0283719 0.0227926 -0.0113018 0.0111963 -0.097903 -0.0625538 0.0106963 0.174746 0.135795
internal_weight=29645 26713 2932 24378 2335 357 2575 13621 331 88 10757 64 1774 2102 243 5183 233 10084 128 801 6903 5158 3445 3181 5574 572 1646 5549 207 92
internal_count=29645 26713 2932 24378 2335 357 2575 13621 331 88 10757 64 1774 2102 243 5183 233 10084 128 801 6903 5158 3445 3181 5574 572 1646 5549 207 92
is_linear=0
shrinkage=0.05


Tree=38
num_leaves=31
num_cat=0
split_feature=299 299 291 297 299 182 3 182 0 286 299 170 133 298 4 196 257 299 35 159 293 126 238 187 190 34 298 298 295 289
split_gain=10415.9 3338.65 2891.26 1472.18 1201.87 1055.89 2192.22 449.105 309.681 404.126 256.656 245.83 239.623 199.592 172.655 169.86 154.212 149.179 143.045 147.549 131.522 122.749 113.82 110.612 107.954 105.567 103.085 99.5501 111.66 98.0801
threshold=-7.5243811607360831 1.1506667137145998 -19.186252593994137 10.641987323760988 -2.9258382320404048 -17.618079185485836 2.4908574819564824 -7.6188805103301993 2.6012581586837773 -33.203310012817376 -4.9397058486938468 -0.65691176056861866 2.2353500127792363 -4.441420078277587 3.1284162998199467 24.542264938354496 -20.425028800964352 -15.108793735504149 -4.4544873237609854 -4.9194900989532462 5.564894676208497 -5.3433229923248282 0.081164602190256133 1.1452549099922182 0.63144257664680492 -8.4900050163269025 0.052702208980917938 -4.8513450622558585 -1.339982211589813 1.2929061651229861
decision_type=2 2 2 2 2 2 2 2 2 2 2 2 2 2 2 2 2 2 2 2 2 2 2 2 2 2 2 2 2 2
left_child=2 4 5 12 10 6 8 17 9 -1 27 18 -3 23 16 -5 25 -4 19 -6 26 -15 -9 -12 -13 -7 -14 28 -2 -23
right_child=1 3 7 15 11 14 -8 22 -10 -11 13 24 20 21 -16 -17 -18 -19 -20 -21 -22 29 -24 -25 -26 -27 -28 -29 -30 -31
leaf_value=-0.44115561485290533 -0.017943124440001124 0.040774824166835082 -0.11256329561534682 0.13767870886851166 0.080992264300584801 -0.13323719842093332 -0.71346167811640993 -0.04784466757803757 -0.064711945454279593 -0.14687968024185724 0.010879657020056771 0.01808199764570223 0.16882266558351972 -0.061249043244235926 -0.1059452124186699 0.22344992308490044 -0.15113922035088764 -0.072473484237722111 0.0092115556223525841 -0.05169248660857028 0.10706314743991104 -0.0077169557676485222 0.069186370145706902 0.089774490925280948 0.034519466139064543 -0.26321406598950997 0.055790136419163763 -0.038793038630485534 0.060671091063515009 0.050649546658339567
leaf_weight=20 2499 2308 380 118 24 21 27 1946 30 28 1299 4155 21 106 151 113 256 596 7339 165 209 5136 21 46 1315 61 511 625 46 73
leaf_count=20 2499 2308 380 118 24 21 27 1946 30 28 1299 4155 21 106 151 113 256 596 7339 165 209 5136 21 46 1315 61 511 625 46 73
internal_value=-0.000141347 0.0107674 -0.080663 0.0579373 0.00398985 -0.181286 -0.325148 -0.0603537 -0.190732 -0.269495 -0.00920261 0.0139669 0.0487171 -0.00362867 -0.150396 0.179636 -0.170253 -0.0880822 0.00810549 -0.0348436 0.0734551 -0.00798293 -0.0465952 0.0135779 0.0220336 -0.229927 0.0602519 -0.0209131 -0.0165222 -0.006899
internal_weight=29645 26108 3537 3280 22828 594 105 2943 78 48 9830 12998 3049 6660 489 231 338 976 7528 189 741 5315 1967 1345 5470 82 532 3170 2545 5209
internal_count=29645 26108 3537 3280 22828 594 105 2943 78 48 9830 12998 3049 6660 489 231 338 976 7528 189 741 5315 1967 1345 5470 82 532 3170 2545 5209
is_linear=0
shrinkage=0.05


Tree=39
num_leaves=31
num_cat=0
split_feature=299 299 291 297 299 189 3 0 0 256 299 133 298 28 217 164 60 249 245 186 298 298 298 299 174 39 121 111 295 291
split_gain=9403.78 2921.23 2839.7 1253.12 1071.85 1016.53 2229.73 573.845 576.677 480.518 271.419 201.467 176.89 163.35 169.696 156.65 153.163 151.854 145.69 135.912 128.871 127.783 121.163 132.193 121.399 118.606 117.474 114.015 134.76 102.675
threshold=-6.926464080810546 1.5124509334564211 -19.186252593994137 10.641987323760988 -2.1379821300506587 -18.562269210815426 2.9854755401611333 3.5141073465347294 0.82093793153762828 -10.447009563446043 -4.509920358657836 2.2353500127792363 -4.7977123260498038 2.2877451181411748 13.40823554992676 -5.8912856578826895 -7.7925856113433829 -1.0000000180025095e-35 -2.7081470489501949 1.4306536316871645 -4.4858374595642081 -3.5388562679290767 -1.6077941060066221 -1.0528585910797117 -5.4663724899291983 -4.547255039215087 -0.87169936299324025 -1.6751735210418699 -7.4810090065002433 -2.248976349830627
decision_type=2 2 2 2 2 2 2 2 2 2 2 2 2 2 2 2 2 2 2 2 2 2 2 2 2 2 2 2 2 2
left_child=2 4 5 11 10 6 7 8 16 26 19 -3 -12 14 -5 -14 -1 22 -11 20 29 -19 -6 -24 -25 -7 -4 28 -17 -2
right_child=1 3 9 13 17 25 -8 -9 -10 18 12 -13 15 -15 -16 27 -18 21 -20 -21 -22 -23 23 24 -26 -27 -28 -29 -30 -31
leaf_value=-0.088134207508780746 -0.014849250161221223 0.040682891782259117 -0.088125389242248928 0.1725239779461514 0.023370852793022749 -0.1191347210398524 -0.78667778491973883 0.00040287590026855471 -0.50502650983631614 -0.045761448755775848 0.029588915275544237 0.072274039443149127 -0.056996336758136749 0.11605849934871806 0.29892761230468751 -0.12160344100915468 -0.27077994241068759 0.14080506873130799 -0.00020035084925199812 0.047729525569735504 -0.035201195351241207 0.027185994924043968 -0.00078832069656701003 -0.10679658755660058 0.016793216166730084 -0.16911577712921871 -0.0015716910089661436 0.0036231564902796057 -0.0072997808771624031 0.02400873560499359
leaf_weight=22 2578 1894 894 110 2338 273 20 25 20 2293 485 688 125 86 35 26 24 25 190 82 789 2438 1902 20 3049 210 41 5652 3129 182
leaf_count=22 2578 1894 894 110 2338 273 20 25 20 2293 485 688 125 86 35 26 24 25 190 82 789 2438 1902 20 3049 210 41 5652 3129 182
internal_value=-0.00013428 0.0110068 -0.0713154 0.0590825 0.00508053 -0.172222 -0.308664 -0.203606 -0.280882 -0.0537793 -0.00429723 0.0491007 0.000180679 0.170654 0.203035 -0.00141616 -0.183428 0.0176021 -0.0422751 -0.0159107 -0.0173811 0.0283393 0.0139839 0.00956894 0.0159878 -0.140866 -0.08433 -0.000627299 -0.00824174 -0.0122869
internal_weight=29645 25633 4012 2813 22820 594 111 91 66 3418 13048 2582 9417 231 145 8932 46 9772 2483 3631 3549 2463 7309 4971 3069 483 935 8807 3155 2760
internal_count=29645 25633 4012 2813 22820 594 111 91 66 3418 13048 2582 9417 231 145 8932 46 9772 2483 3631 3549 2463 7309 4971 3069 483 935 8807 3155 2760
is_linear=0
shrinkage=0.05


Tree=40
num_leaves=31
num_cat=0
split_feature=299 299 299 296 284 187 8 299 296 250 253 86 250 156 183 248 238 284 258 24 66 183 183 190 290 104 293 299 182 193
split_gain=7867.83 2799.82 2474.02 1419.13 661.258 971.672 2342.67 634.695 461.195 304.333 197.671 178.769 169.104 171.654 168.862 165.227 157.645 151.59 129.903 129.465 122.213 209.774 111.896 108.87 101.63 100.637 100.582 97.9008 94.8282 90.2444
threshold=-7.0665874481201163 -0.14495097845792768 -20.811585426330563 10.657207489013674 -33.562658309936516 -18.127347946166989 1.5011904835700991 -3.1892647743225093 -12.081865787506102 3.245000004768372 21.675601959228519 -12.841763973236082 -3.7037311792373653 3.7397947311401372 -2.9119195938110347 -17.489641189575192 2.754313707351685 0.63442939519882213 4.6898455619812021 -4.2907679080963126 0.36001451313495642 -7.7663233280181876 -3.5939215421676631 -6.4441616535186759 -0.68535947799682606 0.59849670529365551 -14.933491706848143 -1.2830637097358701 -8.9406580924987775 -4.6779625415801993
decision_type=2 2 2 2 2 2 2 2 2 2 2 2 2 2 2 2 2 2 2 2 2 2 2 2 2 2 2 2 2 2
left_child=2 7 4 9 5 6 -1 12 19 17 -5 -6 13 -2 23 -13 24 22 27 -4 -7 -22 25 -9 29 -3 -21 -16 -10 -14
right_child=1 3 8 10 11 20 -8 14 28 -11 -12 15 16 -15 18 -17 -18 -19 -20 26 21 -23 -24 -25 -26 -27 -28 -29 -30 -31
leaf_value=-0.19032956340203161 -0.016652108941252693 0.0066622396053253917 -0.041822892070365943 0.11629595795938792 -0.026026962742660989 -0.065568719444603754 -0.8588775221630931 -0.11768780095236642 -0.075925125171935642 0.062932853202136346 0.20744343293018833 -0.1813302968967857 -0.031872059834785152 -0.15084698001543684 0.0081411635535981897 -0.10910226645534987 0.12748832974744881 0.039620349560484137 0.12117335840507791 -0.10200917580192299 -0.31557729631662368 -0.089314262639908562 0.02406618474478793 -0.0032235206330751445 0.023808853971849012 -0.087583123608714064 -0.069305542194676731 0.019059714093609639 -0.03516536222251309 -0.0037311918004805955
leaf_weight=38 3361 87 217 121 33 29 20 21 153 893 117 173 305 24 6983 146 23 2352 27 443 20 21 1943 1925 314 42 501 2908 2119 4322
leaf_count=38 3361 87 217 121 33 29 20 21 153 893 117 173 305 24 6983 146 23 2352 27 443 20 21 1943 1925 314 42 501 2908 2119 4322
internal_value=0.000183872 0.0102155 -0.0658769 0.0416545 -0.172201 -0.269521 -0.420863 0.00157539 -0.0510107 0.0363077 0.161104 -0.136812 -0.00898635 -0.0176036 0.00900795 -0.148273 -0.00311019 0.0309333 0.0116502 -0.0766475 -0.144123 -0.199686 0.0210723 -0.00445875 -0.00371812 -0.0240223 -0.0846527 0.0113513 -0.0379102 -0.00558617
internal_weight=29681 25768 3913 5555 480 128 58 20213 3433 5317 238 352 8349 3385 11864 319 4964 4424 9918 1161 70 41 2072 1946 4941 129 944 9891 2272 4627
internal_count=29681 25768 3913 5555 480 128 58 20213 3433 5317 238 352 8349 3385 11864 319 4964 4424 9918 1161 70 41 2072 1946 4941 129 944 9891 2272 4627
is_linear=0
shrinkage=0.05


Tree=41
num_leaves=31
num_cat=0
split_feature=240 299 299 296 299 29 184 293 17 182 189 101 253 292 261 294 189 284 220 18 4 24 160 258 28 120 264 287 4 204
split_gain=7116.26 2812.48 1809.07 1286.74 874.34 674.166 1193.96 539.119 387.358 278.206 223.759 222.52 178.398 163.136 146.433 150.795 142.714 140.907 132.481 158.815 131.844 124.456 121.191 108.947 102.09 101.084 95.516 92.826 90.5827 91.8529
threshold=-7.183424472808837 -0.19985324144363401 -26.09730243682861 10.657207489013674 -4.2025904655456534 -11.374140262603758 -17.86274433135986 -14.933491706848143 -4.2642571926116934 2.0013835430145268 -1.1262125968933103 -14.968865394592283 21.675601959228519 -5.5045096874237052 1.957581698894501 1.7145588994026186 -15.263836860656737 1.501058101654053 -4.4993581771850577 1.6167070269584658 3.4825048446655278 -2.1448627710342403 3.2422230243682866 4.1917376518249521 -7.3508601188659659 0.22593136876821521 -3.8210924863815303 -9.5912156105041486 3.4825048446655278 -7.6288235187530509
decision_type=2 2 2 2 2 2 2 2 2 2 2 2 2 2 2 2 2 2 2 2 2 2 2 2 2 2 2 2 2 2
left_child=2 4 5 9 13 6 -1 16 -7 17 18 -10 -5 24 15 22 21 26 19 -6 -13 -4 -15 -12 -2 -9 -3 -26 -18 -30
right_child=1 3 7 12 10 8 -8 25 11 -11 23 20 -14 14 -16 -17 28 -19 -20 -21 -22 -23 -24 -25 27 -27 -28 -29 29 -31
leaf_value=-0.65535343715122774 0.040502530762127474 -0.018030720334924834 -0.092501603620938774 0.11048114871190601 -0.0098732634307046943 0.025411506321119229 -0.12827086015181108 -0.050511309566787246 -0.32482697522198717 0.055289639024460907 0.013446927813881413 -0.19510903217024722 0.19707125150240387 -0.009983644861574055 0.12543795225210488 0.11459545567631722 -0.098522223593228514 0.039810399712059318 0.0031336179340324213 -0.078620818539669637 -0.086934601938402342 -0.21275162897072733 -0.088438170742243527 0.10194776739392962 -0.05314273925527694 0.016106662160511747 0.023331475191979235 -0.024126200592842234 -0.02145351620414589 -0.13141727781295776
leaf_weight=21 56 148 39 121 726 23 22 1633 27 1220 5398 118 117 3171 20 24 586 1607 9204 95 37 48 50 35 315 59 2452 2205 79 25
leaf_count=21 56 148 39 121 726 23 22 1633 27 1220 5398 118 117 3171 20 24 586 1607 9204 95 37 48 50 35 315 59 2452 2205 79 25
internal_value=0.000174678 0.00794626 -0.0769519 0.0392576 -0.000381781 -0.205684 -0.385683 -0.0640213 -0.167928 0.0342673 0.00584549 -0.192361 0.153049 -0.016862 -0.00943982 -0.0102711 -0.0984993 0.028171 0.00141694 -0.0178282 -0.169287 -0.158846 -0.0112015 0.0140171 -0.0262694 -0.0481883 0.020977 -0.0277533 -0.0908903 -0.0478871
internal_weight=29681 26964 2717 5665 21299 248 43 2469 205 5427 15458 182 238 5841 3265 3245 777 4207 10025 821 155 87 3221 5433 2576 1692 2600 2520 690 104
internal_count=29681 26964 2717 5665 21299 248 43 2469 205 5427 15458 182 238 5841 3265 3245 777 4207 10025 821 155 87 3221 5433 2576 1692 2600 2520 690 104
is_linear=0
shrinkage=0.05


Tree=42
num_leaves=31
num_cat=0
split_feature=299 299 299 296 286 110 7 299 299 238 251 85 294 253 298 28 298 183 248 289 39 194 298 245 224 109 299 298 298 264
split_gain=6439.21 2279.72 2021.19 1148.3 572.528 841.283 1040.88 542.483 382.175 261.757 222.478 181.691 168.578 161.005 146.731 143.881 132.643 130.97 118.774 112.239 109.719 107.213 129.923 107.105 127.036 105.636 103.752 148.449 109.062 96.6396
threshold=-7.0665874481201163 -0.096633236855268465 -20.811585426330563 10.657207489013674 -33.203310012817376 -13.649433135986326 1.4789673089981081 -2.7058169841766353 -12.581977367401121 2.9294639825820927 -3.9474065303802486 -12.516455650329588 3.7455613613128667 21.675601959228519 -2.6290512084960933 -4.8268456459045401 -2.7773320674896236 -3.1759680509567256 -15.956862926483153 -2.2270449399948116 5.2427613735198983 -1.5084593892097471 -1.3270169496536253 -2.8537857532501216 0.084781900048255934 4.6396861076354989 -1.2830637097358701 -0.34163492918014521 -1.0623172521591184 0.77259930968284618
decision_type=2 2 2 2 2 2 2 2 2 2 2 2 2 2 2 2 2 2 2 2 2 2 2 2 2 2 2 2 2 2
left_child=2 7 4 9 5 6 -1 10 -4 21 20 -6 14 -5 19 -7 29 25 -13 -12 -2 -3 -23 -10 -25 -18 28 -28 -19 -9
right_child=1 3 8 13 11 15 -8 16 23 -11 12 18 -14 -15 -16 -17 17 26 -20 -21 -22 22 -24 24 -26 -27 27 -29 -30 -31
leaf_value=-0.17481445141491436 -0.016486923193092369 0.0096869006803525365 -0.071257888590881585 0.10495707614362733 -0.0052422587076822917 -0.11568609960377217 -0.66694874319840558 0.022727607162606071 -0.038247198643124487 0.055792464298360489 -0.0024582574180173644 -0.15506916529571957 0.12810622023046017 0.18721771240234375 -0.018501727958621175 -0.26452091434462505 -0.0066594612051937372 0.0086575012560653596 -0.09049641141351665 0.013921766812358793 -0.12379534840583802 0.092561261160742675 0.029613361275229136 0.015013534751198541 -0.11006265515866487 -0.10883023830560537 0.024882259782186056 0.001171575476856608 -0.012753504071283409 0.086046804109355446
leaf_weight=21 3189 700 1052 121 30 62 22 1031 2185 1020 4841 217 25 117 1132 22 938 3988 106 1334 24 84 3395 173 23 26 2071 969 699 64
leaf_count=21 3189 700 1052 121 30 62 22 1031 2185 1020 4841 217 25 117 1132 22 938 3988 106 1334 24 84 3395 173 23 26 2071 969 699 64
internal_value=0.000165944 0.00924126 -0.0595971 0.038 -0.1557 -0.24674 -0.426604 0.00155048 -0.0461601 0.0330836 -0.00631749 -0.122946 -0.00150983 0.145396 -0.0019533 -0.154667 0.0100287 0.00796245 -0.133878 0.00108036 -0.0172885 0.0275409 0.0311332 -0.0350711 0.000336227 -0.0094151 0.0101304 0.0173245 0.00546435 0.0264285
internal_weight=29681 25768 3913 5437 480 127 43 20331 3433 5199 10545 353 7332 238 7307 84 9786 8691 323 6175 3213 4179 3479 2381 196 964 7727 3040 4687 1095
internal_count=29681 25768 3913 5437 480 127 43 20331 3433 5199 10545 353 7332 238 7307 84 9786 8691 323 6175 3213 4179 3479 2381 196 964 7727 3040 4687 1095
is_linear=0
shrinkage=0.05


Tree=43
num_leaves=31
num_cat=0
split_feature=240 299 299 67 14 78 299 293 284 48 46 183 292 3 299 298 239 125 46 211 258 37 189 155 243 102 4 251 234 201
split_gain=5836.2 2309.64 1483.71 1143.92 658.919 1138.76 632.246 443.953 293.399 222.211 247.955 216.178 196.8 142.447 120.855 120.461 127.328 113.254 111.239 110.552 108.33 107.048 105.919 105.882 105.474 103.282 99.1847 97.6943 97.062 96.5422
threshold=-7.183424472808837 -0.76301249861717213 -26.09730243682861 12.539205551147463 -4.5477256774902335 -10.822477817535399 -4.9397058486938468 -14.933491706848143 2.4116178750991826 -11.122808933258055 -9.0090589523315412 -2.0043325424194331 13.579126834869387 3.1353688240051274 4.4003741741180429 -5.0349647998809806 -3.0381960868835445 -5.392427682876586 -1.6895014047622678 -4.7299890518188468 4.1917376518249521 -6.6224184036254874 -15.263836860656737 -10.725249290466307 -1.7005406618118284 4.3607351779937753 3.4825048446655278 -1.8086834549903867 0.7946973741054536 3.9613089561462407
decision_type=2 2 2 2 2 2 2 2 2 2 2 2 2 2 2 2 2 2 2 2 2 2 2 2 2 2 2 2 2 2
left_child=2 6 4 8 -1 -6 24 13 17 -7 -11 19 -5 22 -10 -13 -17 -3 -15 -8 -18 -19 23 -4 25 28 -12 29 -2 -23
right_child=1 3 7 12 5 9 11 -9 14 10 26 15 -14 18 -16 16 20 21 -20 -21 -22 27 -24 -25 -26 -27 -28 -29 -30 -31
leaf_value=0.088906168937683105 -0.022137168503517258 -0.069975716642597149 -0.11499384378982802 0.097585894204125612 -0.48695804476737981 -0.022736477851867679 -0.020155059400747515 -0.04361064976552418 0.03622610065588612 -0.3307187848091126 -0.18463835131137743 0.048616893881041075 0.18244083737864081 -0.060464170049679911 0.064426913333525057 -0.0079468252160628076 0.0098817140734431576 0.13424154009137834 0.069275005795061587 -0.00097382374628618624 0.11629684641957283 0.0086423385683511138 -0.09061625710011352 -0.2395568614204725 0.001934941061215051 -0.12558684721589089 -0.090829058854203476 0.024439128136165097 0.088324715616181493 -0.10246229588985444
leaf_weight=20 3513 34 59 203 32 24 845 1692 1348 25 109 184 103 95 529 1118 6806 21 20 6767 24 873 579 24 518 24 38 4014 20 20
leaf_count=20 3513 34 59 203 32 24 845 1692 1348 25 109 184 103 95 529 1118 6806 21 20 6767 24 873 579 24 518 24 38 4014 20 20
internal_value=0.000157647 0.00719563 -0.0696886 0.0315675 -0.186271 -0.21041 -0.00159075 -0.0579784 0.0273357 -0.165259 -0.185146 0.00295263 0.126148 -0.0892657 0.044174 0.00862113 0.00769521 0.0209662 -0.0379008 -0.00310311 0.0102556 0.0215936 -0.0981885 -0.151012 -0.0191443 -0.0222141 -0.160388 0.0211115 -0.0215119 0.00615399
internal_weight=29681 26964 2717 7145 248 228 19819 2469 6839 196 172 15744 306 777 1877 8132 7948 4962 115 7612 6830 4928 662 83 4075 3557 147 4907 3533 893
internal_count=29681 26964 2717 7145 248 228 19819 2469 6839 196 172 15744 306 777 1877 8132 7948 4962 115 7612 6830 4928 662 83 4075 3557 147 4907 3533 893
is_linear=0
shrinkage=0.05


Tree=44
num_leaves=31
num_cat=0
split_feature=237 299 284 262 124 299 299 49 183 248 253 189 30 248 294 299 183 133 254 102 38 214 160 236 20 21 42 282 293 165
split_gain=5280.59 2128.59 1281.6 1037.75 706.328 619.038 472.011 383.73 264.767 223.085 199.317 179.839 141.618 194.281 138.055 124.296 114.829 113.911 102.109 146.358 98.1218 97.0234 86.7029 85.0726 86.2651 81.1107 79.505 78.4614 85.8625 78.2725
threshold=-7.4068052768707267 -0.76301249861717213 -33.562658309936516 7.5459558963775644 -13.146207332611082 -4.666477918624877 -15.929495334625242 -10.652459621429442 -17.754745483398434 0.58789163827896129 21.675601959228519 -0.57193276286125172 -5.9882700443267813 -17.489641189575192 1.7145588994026186 4.8699021339416513 -2.1352549791336055 -6.2527451515197745 -0.12795896828174588 4.3607351779937753 1.4390196800231936 3.981264710426331 -5.9713726043701163 -0.89924949407577504 -3.0896078348159786 -1.8259024024009702 1.7733741998672488 -4.23514699935913 2.6661530733108525 -2.6421148777008052
decision_type=2 2 2 2 2 2 2 2 2 2 2 2 2 2 2 2 2 2 2 2 2 2 2 2 2 2 2 2 2 2
left_child=2 5 4 9 -1 14 12 -6 -9 17 -5 16 25 -14 18 -11 22 -3 19 -2 29 -13 -7 24 -19 -4 -20 -18 -29 -8
right_child=1 3 6 10 7 11 20 8 -10 15 -12 21 13 -15 -16 -17 27 23 26 -21 -22 -23 -24 -25 -26 -27 -28 28 -30 -31
leaf_value=-0.41894441492417284 -0.018334767854042467 -0.098226608655282432 -0.032597547276661948 0.086371330948858308 0.014821655273437501 -0.04018177231152853 -0.043725411885622227 -0.35697620998729362 -0.14680836657260329 0.031823102254598355 0.16547082317762141 0.012697285648039486 -0.14545146498099837 -0.085082512975266547 0.11372342839837075 0.060806974939132445 -0.010071847454017523 0.059765125364065176 0.0062397236601923999 -0.11686030994904668 -0.08012030961591815 0.069209964764423856 -0.0034324480783740931 0.02435140019419587 0.0064145790938475158 -0.11650386770834793 0.10380936038608735 0.0069429174462760472 0.10824141571564334 0.0045073466147813532
leaf_weight=34 4664 21 130 233 25 165 1286 22 47 2409 121 2889 189 452 20 437 735 80 106 38 177 78 5885 2419 1433 37 26 5412 21 90
leaf_count=34 4664 21 130 233 25 165 1286 22 47 2409 121 2889 189 452 20 437 735 80 106 38 177 78 5885 2419 1433 37 26 5412 21 90
internal_value=0.000149765 0.0065304 -0.0695579 0.0299451 -0.223649 -0.00182758 -0.0612039 -0.15301 -0.213818 0.0255995 0.113408 0.00314101 -0.092198 -0.102882 -0.0173711 0.0362735 0.000459599 0.0179146 -0.0179134 -0.019131 -0.0450782 0.014183 -0.0044347 0.0185349 0.00923549 -0.0511876 0.025458 0.00526027 0.00733446 -0.0405707
internal_weight=29681 27192 2489 7153 128 20039 2361 94 69 6799 354 15185 808 641 4854 2846 12218 3953 4834 4702 1553 2967 6050 3932 1513 167 132 6168 5433 1376
internal_count=29681 27192 2489 7153 128 20039 2361 94 69 6799 354 15185 808 641 4854 2846 12218 3953 4834 4702 1553 2967 6050 3932 1513 167 132 6168 5433 1376
is_linear=0
shrinkage=0.05


Tree=45
num_leaves=31
num_cat=0
split_feature=299 243 287 55 299 58 76 120 294 299 180 192 276 113 298 160 190 111 222 299 298 128 214 3 28 298 291 298 199 263
split_gain=5353.58 1954.39 1357.91 1397.24 900.462 888.323 397.949 370.692 311.923 233.176 222.549 172.426 151.836 132.705 123.527 136.461 122.924 120.693 116.955 114.26 108.09 106.801 103.004 99.6176 96.8574 89.6435 115.23 89.8104 83.0069 81.1163
threshold=-10.813180923461912 0.53282350301742565 -33.128519058227532 -9.5813961029052717 -3.9748077392578121 14.473137855529787 -7.4609806537628165 -3.6456471681594844 -17.830135345458981 2.1546452045440678 -1.4439762234687803 -5.3677828311920157 12.625091075897219 -2.6899608373641963 -5.0349647998809806 -4.2538940906524649 -9.6251997947692853 3.9865497350692753 -2.9967484474182124 -1.1858243346214292 -1.0623172521591184 3.8377820253372197 -4.1254847049713126 3.2934675216674809 -4.8268456459045401 -4.0552613735198966 -3.2877178192138667 -8.2968230247497541 -5.0326921939849845 -12.210885524749754
decision_type=2 2 2 2 2 2 2 2 2 2 2 2 2 2 2 2 2 2 2 2 2 2 2 2 2 2 2 2 2 2
left_child=2 4 3 -1 11 9 -5 -8 16 28 17 18 24 -9 -12 22 23 -6 29 20 -17 -11 -16 -4 -7 26 -13 -28 -3 -2
right_child=1 5 8 6 10 12 7 13 -10 21 14 25 -14 -15 15 19 -18 -19 -20 -21 -22 -23 -24 -25 -26 -27 27 -29 -30 -31
leaf_value=-0.54496438914331902 -0.10323202519705801 0.11120375969375557 -0.11987097287915416 0.039168071950023829 0.00052352180261710526 0.20023263136545821 -0.36859217214843504 -0.025772165283560758 -0.054799186384937852 0.040522788870728958 0.095397050577131187 -0.011400987808128083 0.24013274620319236 -0.20016124639660121 0.031726150779286401 0.010164651397933504 -0.064965597238946474 -0.10347572054181781 -0.074392708499718754 0.019202918049895989 -0.013344338289727281 0.074345919930238494 -0.040935755209406705 -0.014901002248128258 0.10261015173900559 -0.023710491572946125 0.099947915033057888 0.0069899877280914695 0.021415706711939347 -0.023832856379887638
leaf_weight=29 33 26 388 22 7606 30 23 20 1284 1179 44 3719 29 24 64 4221 188 28 137 3639 553 291 205 24 166 1117 27 690 2579 1275
leaf_count=29 33 26 388 22 7606 30 23 20 1284 1179 44 3719 29 24 64 4221 188 28 137 3639 553 291 205 24 166 1117 27 690 2579 1275
internal_value=-5.62294e-05 0.00565893 -0.0790122 -0.243553 -4.37907e-05 0.0366366 -0.14534 -0.205924 -0.0687066 0.0312965 0.00637688 -0.0150541 0.133352 -0.120893 0.0118314 0.0114079 -0.0984685 0.000142073 -0.0304397 0.0125288 0.00744147 0.0472184 -0.0236482 -0.113756 0.117552 -0.0110505 -0.00786262 0.0104905 0.0223119 -0.025836
internal_weight=29660 27658 2002 118 23358 4300 89 67 1884 4075 16360 6998 225 44 8726 8682 600 7634 1445 8413 4774 1470 269 412 196 5553 4436 717 2605 1308
internal_count=29660 27658 2002 118 23358 4300 89 67 1884 4075 16360 6998 225 44 8726 8682 600 7634 1445 8413 4774 1470 269 412 196 5553 4436 717 2605 1308
is_linear=0
shrinkage=0.05


Tree=46
num_leaves=31
num_cat=0
split_feature=299 299 283 73 299 296 76 110 257 292 183 298 16 57 114 299 298 235 81 298 125 165 44 239 240 211 28 198 251 128
split_gain=4836.59 1726.82 1311.26 1660.36 903.81 571.188 408.231 540.112 348.578 226.955 192.847 153.916 148.208 144.79 141.679 137.767 150.692 132.23 126.327 123.723 116.292 114.07 112.218 114.945 107.699 107.203 102.415 98.2528 95.5639 92.2184
threshold=-10.098204135894774 2.1546452045440678 -34.56666183471679 -10.036919116973875 -2.8775351047515865 10.657207489013674 -7.4609806537628165 -11.027915477752684 -13.788204669952391 -4.8457734584808341 -2.8626143932342525 -9.2439575195312482 3.743384957313538 -0.092026706784963594 4.7046632766723642 -1.1203383207321165 -2.9449237585067745 -2.948986172676086 -11.531372547149656 0.098469059914350524 -9.0654368400573713 -5.634697198867797 4.8502206802368173 0.21221388876438144 0.12529412657022479 -5.0717217922210684 -7.3508601188659659 -3.2377426624298091 -1.2990106940269468 3.5023007392883305
decision_type=2 2 2 2 2 2 2 2 2 2 2 2 2 2 2 2 2 2 2 2 2 2 2 2 2 2 2 2 2 2
left_child=2 4 3 -1 9 24 -5 -8 18 26 14 -11 -7 -9 25 16 -12 -10 -4 -17 -20 -13 23 -23 -3 -6 -2 -25 -21 -26
right_child=1 5 8 6 10 12 7 13 17 11 15 21 -14 -15 -16 19 -18 -19 20 28 -22 22 -24 27 29 -27 -28 -29 -30 -31
leaf_value=-0.60407536824544272 0.049644714593887335 0.012495222467532274 -0.027522635459899903 0.044950998218163202 -0.038279852020027844 0.072304251002169209 -0.41022078082675029 -0.0080672918331055419 -0.049374220441888932 0.11205918305906758 0.02918717462139634 -0.038476673194340304 0.15495963825119868 -0.18045845216718215 -0.10485557668349321 0.026041222713819642 0.0052008086378112252 0.066645704766735439 -0.12414321002940978 -0.0087927707672012922 -0.080307103416968867 -0.0029178135953935183 -0.068639878100819063 0.10864506891795567 0.039168276477605103 0.0017810904971871774 -0.018424224057455505 0.018773951254592375 0.015511102674321998 0.068735331429179605
leaf_weight=24 56 291 72 23 184 87 21 21 1391 29 741 224 144 29 34 2853 5628 25 248 491 388 6508 63 35 1200 1807 4178 232 2295 338
leaf_count=24 56 291 72 23 184 87 21 21 1391 29 741 224 144 29 34 2853 5628 25 248 491 388 6508 63 35 1200 1807 4178 232 2295 338
internal_value=-5.3418e-05 0.00572028 -0.0706615 -0.232892 0.00214383 0.0497453 -0.138122 -0.197427 -0.0616486 -0.00836386 0.0106238 -0.00289442 0.12383 -0.108054 -0.00364946 0.0130308 0.0079915 -0.0473258 -0.0902942 0.0187225 -0.0974004 -0.00336648 -0.00221634 -0.00159867 0.0403885 -0.00192118 -0.0175239 0.0305548 0.0112278 0.0456661
internal_weight=29660 27418 2242 118 25358 2060 94 71 2124 11325 14033 7091 231 50 2025 12008 6369 1416 708 5639 636 7062 6838 6775 1829 1991 4234 267 2786 1538
internal_count=29660 27418 2242 118 25358 2060 94 71 2124 11325 14033 7091 231 50 2025 12008 6369 1416 708 5639 636 7062 6838 6775 1829 1991 4234 267 2786 1538
is_linear=0
shrinkage=0.05


Tree=47
num_leaves=31
num_cat=0
split_feature=299 243 284 73 299 58 76 109 263 295 192 180 104 276 104 30 296 120 212 222 162 35 28 102 119 21 245 160 228 292
split_gain=4369.03 1621.09 1137.13 1377.35 741.427 729.584 368.843 518.645 261.698 204.86 176.657 163.703 134.357 132.716 124.081 117.699 146.207 114.166 108.317 102.282 91.5274 90.6413 89.7782 87.7252 86.56 88.6041 85.8512 79.8651 77.6917 73.8441
threshold=-10.813180923461912 0.53282350301742565 -33.562658309936516 -10.036919116973875 -3.549870371818542 14.473137855529787 -7.4609806537628165 -11.231522560119627 -14.16453695297241 3.0902646780014043 -5.3677828311920157 -1.4829332232475279 -8.3165473937988263 12.625091075897219 4.1821618080139169 -5.9882700443267813 -26.59915733337402 4.1734237670898446 -7.2888982295989981 -2.9967484474182124 -4.2157466411590567 -5.6403920650482169 -4.8268456459045401 -5.3433830738067618 -1.8296241760253904 -4.7570428848266593 -6.3615272045135489 4.3034162521362314 -1.4361274242401121 -12.492226600646971
decision_type=2 2 2 2 2 2 2 2 2 2 2 2 2 2 2 2 2 2 2 2 2 2 2 2 2 2 2 2 2 2
left_child=2 4 3 -1 10 9 -5 -8 15 21 19 14 -9 22 -6 -4 -17 18 -13 -2 -18 -3 -7 26 -12 -26 -10 -27 -11 -25
right_child=1 5 8 6 11 13 7 12 23 28 24 17 -14 -15 -16 16 20 -19 -20 -21 -22 -23 -24 29 25 27 -28 -29 -30 -31
leaf_value=-0.56096636454264326 -0.023139321740708364 0.074695233695017987 -0.050425304215529869 0.037927782017251721 0.001197572404741159 0.18580422957738241 -0.4076237261295319 -0.009713716734023322 -0.035449591380357741 -0.038918837475088924 -0.013887557632159703 -0.05177342118020474 -0.1783418311013116 0.22080564827754579 -0.07491821933675695 -0.15550097423595388 -0.090858115743121831 0.074734421457563135 0.011129142912583845 -0.066545565998712128 0.018609468042850495 0.020065815428552493 0.091817021226308443 -0.074984837945769808 0.061413282718298573 -0.0030704707148320465 0.051128822348771558 -0.092782946586608891 0.048518782833272274 -0.043866658334358447
leaf_weight=24 1341 78 174 23 6314 30 20 21 375 26 3643 69 27 29 54 91 422 70 8408 151 20 2861 166 340 53 3230 31 25 1110 434
leaf_count=24 1341 78 174 23 6314 30 20 21 375 26 3643 69 27 29 54 91 422 70 8408 151 20 2861 166 340 53 3230 31 25 1110 434
internal_value=-5.0747e-05 0.00511221 -0.0713779 -0.224022 -8.15185e-05 0.033325 -0.135158 -0.193701 -0.0620753 0.0284855 -0.0119215 0.00662077 -0.104567 0.120974 0.000552118 -0.0861309 -0.0977871 0.0111423 0.0106171 -0.0275323 -0.0859048 0.0215157 0.106203 -0.0476624 -0.00857066 -0.00271532 -0.0288389 -0.00375951 0.0465176 -0.0575361
internal_weight=29660 27658 2002 115 23358 4300 91 68 1887 4075 8443 14915 48 225 6368 707 533 8547 8477 1492 442 2939 196 1180 6951 3308 406 3255 1136 774
internal_count=29660 27658 2002 115 23358 4300 91 68 1887 4075 8443 14915 48 225 6368 707 533 8547 8477 1492 442 2939 196 1180 6951 3308 406 3255 1136 774
is_linear=0
shrinkage=0.05


Tree=48
num_leaves=31
num_cat=0
split_feature=241 247 286 37 134 288 295 288 76 182 191 129 30 296 28 287 114 161 282 34 289 84 78 37 212 115 21 221 46 229
split_gain=3878.6 1459.19 1124.89 1119.81 1931.96 700.238 537.284 356.538 327.61 259.886 170.366 156.892 129.762 124.194 118.679 136.182 117.867 114.868 111.121 100.439 97.947 88.4593 87.4132 86.9148 81.6911 92.5041 79.5363 79.5105 77.0038 77.1984
threshold=-7.6647160053253165 1.4669018983840945 -33.203310012817376 -12.989407062530516 -13.965291023254393 -4.0759475231170645 8.4290757179260272 -15.654227733612059 -8.4538493156433088 -0.81248366832733143 -10.159706115722654 2.5057351589202885 -5.9882700443267813 -26.59915733337402 -7.3508601188659659 -8.1778049468994123 5.1869606971740732 -5.1941084861755362 -0.38562746345996851 3.3281356096267705 -1.9773238897323606 -2.1419728994369502 -1.2928235530853269 6.2940630912780771 -2.9146049022674556 -2.9582679271697994 -0.28150326013565058 -11.449271202087401 3.2100391387939458 -0.44083100557327265
decision_type=2 2 2 2 2 2 2 2 2 2 2 2 2 2 2 2 2 2 2 2 2 2 2 2 2 2 2 2 2 2
left_child=2 5 3 4 -1 14 28 12 -5 16 -10 -8 -4 -14 -2 24 17 22 -11 -9 -19 -22 -7 -23 -16 -26 27 -15 -3 -30
right_child=1 6 7 8 -6 9 11 19 10 18 -12 -13 13 26 15 -17 -18 20 -20 -21 21 23 -24 -25 25 -27 -28 -29 29 -31
leaf_value=-0.77435516357421885 0.048933230437241598 0.028435066372846235 -0.045217790755819769 0.058275860288868775 -0.087703741164434523 0.00027270165066850386 0.032492777266923116 -0.035665252507597403 -0.23340906849929266 0.0085898429058030492 -0.053268324335416166 0.11753176092656691 -0.14847943283790765 -0.086890835466638075 -0.026282928319030893 -0.010498840979795129 -0.09207659490180739 -0.00074382519944486691 0.022030288413910009 -0.087083440157128322 0.021816312810105664 0.0061386632494701962 -0.058951687644884898 -0.051264044509005194 -0.17066691771149636 -0.049975602134650993 -0.05948960285989896 -0.15207235544951539 0.13718026377833809 0.047494766446746814
leaf_weight=20 77 1857 188 23 21 118 68 1379 35 3292 21 268 86 226 803 5358 33 6731 2886 102 992 4180 132 67 20 77 204 59 26 311
leaf_count=20 77 1857 188 23 21 118 68 1379 35 3292 21 268 86 226 803 5358 33 6731 2886 102 992 4180 132 67 20 77 204 59 26 311
internal_value=-4.82097e-05 0.00527283 -0.0614877 -0.210637 -0.422656 0.00157787 0.0414425 -0.0535118 -0.100603 0.00650693 -0.165856 0.100321 -0.0812787 -0.0930691 -0.0127627 -0.0135218 0.00229103 0.00254587 0.0148684 -0.0392065 0.00324645 0.00837311 -0.0309978 0.00523309 -0.0315185 -0.0748604 -0.0833241 -0.100385 0.0324255 0.0544141
internal_weight=29660 27296 2364 120 41 24766 2530 2244 79 18431 56 336 763 575 6335 6258 12253 12220 6178 1481 11970 5239 250 4247 900 97 489 285 2194 337
internal_count=29660 27296 2364 120 41 24766 2530 2244 79 18431 56 336 763 575 6335 6258 12253 12220 6178 1481 11970 5239 250 4247 900 97 489 285 2194 337
is_linear=0
shrinkage=0.05


Tree=49
num_leaves=31
num_cat=0
split_feature=299 294 286 73 299 133 76 109 242 185 244 104 232 283 28 298 299 298 298 291 298 212 116 31 298 299 298 298 264 84
split_gain=3592.75 1333.1 982.738 1050.32 733.808 468.006 321.086 442.557 261.99 201.663 160.515 111.045 109.058 108.568 107.295 101.933 122.478 131.739 104.51 112.92 95.136 94.9557 94.938 86.5431 86.174 87.7282 113.09 88.1898 113.897 84.0667
threshold=-10.098204135894774 2.6006979942321782 -33.203310012817376 -10.036919116973875 -2.7058169841766353 5.1922223567962655 -7.4609806537628165 -11.231522560119627 -12.281446933746336 -4.6652584075927725 -0.069472528994083391 -8.3165473937988263 -6.2329175472259513 13.565081596374513 -4.5825564861297599 -2.6290512084960933 -3.9748077392578121 -4.0187697410583487 -4.3455383777618399 -2.6697548627853389 -2.2243137359619136 -8.4479751586914045 7.6399435997009286 4.5535709857940683 -2.7773320674896236 -1.1858243346214292 -0.93176469206809986 0.052702208980917938 -4.4242045879364005 1.715422570705414
decision_type=2 2 2 2 2 2 2 2 2 2 2 2 2 2 2 2 2 2 2 2 2 2 2 2 2 2 2 2 2 2
left_child=2 4 3 -1 9 20 -5 -8 -4 29 12 -9 -6 -7 -12 16 18 -18 19 22 -3 -14 -11 -15 -23 26 -26 -27 -29 -2
right_child=1 5 8 6 10 13 7 11 -10 15 14 -13 21 23 -16 -17 17 -19 -20 -21 -22 24 -24 -25 25 27 -28 28 -30 -31
leaf_value=-0.48846319580078124 -0.020114804450496068 0.09567117478887914 -0.075500645000742092 0.038415630485700528 -0.050872551657759203 0.086863471332349285 -0.36935643504063287 -0.01192307092926719 -0.039293482752577685 -0.006773167617598475 0.07920882436964248 -0.16089149071224806 -0.070822913715472599 0.23789136202439021 0.017573195659335693 -0.017918560422975374 0.02437719794934106 1.1271915313663889e-05 -0.018878420218595857 0.023050198613876298 0.030981667588956131 0.021952575492250777 0.089150971231552273 0.095677634477615361 0.0042222118332357764 0.017853651586545831 -0.019242549247646071 -0.079175315309493316 0.0044048518419546089 -0.075228509017162853
leaf_weight=25 1773 59 805 23 82 304 21 22 1317 3261 72 29 39 23 3653 1213 669 3248 1461 372 1549 914 26 20 4362 2240 582 42 1382 72
leaf_count=25 1773 59 805 23 82 304 21 22 1317 3261 72 29 39 23 3653 1213 669 3248 1461 372 1549 914 26 20 4362 2240 582 42 1382 72
internal_value=-4.57992e-05 0.0049304 -0.0609011 -0.200106 0.00187547 0.0447196 -0.124222 -0.176176 -0.053029 -0.00704806 0.00994924 -0.0966306 0.00654397 0.097382 0.0187645 -0.00430891 -0.00248214 0.00417283 -0.00757345 -0.0030595 0.0333552 0.0070364 -0.00601441 0.171745 0.00735529 0.00580535 0.00145998 0.0116688 0.00193971 -0.0222656
internal_weight=29660 27418 2242 120 25463 1955 95 72 2122 12095 13368 51 9643 347 3725 10250 9037 3917 5120 3659 1608 9561 3287 43 9522 8608 4944 3664 1424 1845
internal_count=29660 27418 2242 120 25463 1955 95 72 2122 12095 13368 51 9643 347 3725 10250 9037 3917 5120 3659 1608 9561 3287 43 9522 8608 4944 3664 1424 1845
is_linear=0
shrinkage=0.05


Tree=50
num_leaves=31
num_cat=0
split_feature=299 295 187 8 1 22 299 299 299 29 234 189 295 283 183 114 185 298 259 128 33 239 299 298 126 229 273 298 298 298
split_gain=3229.86 1137.43 1126.45 2981.39 650.063 601.735 536.182 424.708 392.837 213.689 137.696 128.622 132.492 122.479 115.967 103.236 102.628 98.6489 98.3126 97.1749 94.1572 96.3232 93.8395 98.2485 91.6664 90.0299 88.9065 88.0814 88.0545 84.4598
threshold=-7.5243811607360831 2.7366497516632085 -18.127347946166989 1.8682117462158205 2.8679199218750004 -4.0227208137512198 -2.1379821300506587 18.738959312438968 -15.108793735504149 -2.8600718975067134 -0.078826233744621263 -2.1011055707931514 -10.116201400756834 -7.4884779453277579 -2.8626143932342525 4.7046632766723642 3.4425257444381718 -2.2243137359619136 2.9233332872390752 3.8377820253372197 2.0056186914443974 0.45262795686721807 -0.59970590472221363 0.098469059914350524 -2.074100017547607 -6.6655256748199454 2.4308094978332524 -2.1731373071670528 -0.82308793067932118 -1.3270169496536253
decision_type=2 2 2 2 2 2 2 2 2 2 2 2 2 2 2 2 2 2 2 2 2 2 2 2 2 2 2 2 2 2
left_child=2 6 3 4 5 -1 11 10 13 -7 24 25 -13 -4 15 -8 17 26 -14 29 21 -10 28 -24 -3 -2 -16 -27 -19 -12
right_child=1 7 8 -5 -6 9 14 -9 20 -11 19 12 18 -15 16 -17 -18 22 -20 -21 -22 -23 23 -25 -26 27 -28 -29 -30 -31
leaf_value=-0.35520401413624109 -0.032537678511067154 -0.092785573363304147 -0.069330415912927726 -0.75168620377779005 0.12584677515206513 0.057756224613298074 -0.00042239315189391733 0.1380582691293902 -0.026452795483168534 -0.14740298435091972 0.10945716328722865 0.12754718945139931 0.001308319974418346 0.050022888996384365 0.026376708250521033 -0.097486929382596704 0.040923360099152824 0.010027570057221692 0.10271626338362694 0.066731560554389155 -0.056330327636046375 0.083776091560721411 0.026819504649187212 0.010624081452779696 0.010677777093228879 -0.0049491738432726386 0.13061081540016903 -0.025686523665221003 -0.006344732190697114 0.03369845585196049
leaf_weight=26 347 25 936 20 27 22 1265 113 2189 30 38 21 5759 22 792 28 328 2879 24 331 278 20 1406 2804 149 6916 21 553 1149 1155
leaf_count=26 347 25 936 20 27 22 1265 113 2189 30 38 21 5759 22 792 28 328 2879 24 331 278 20 1406 2804 149 6916 21 553 1149 1155
internal_value=-0.000129397 0.00597116 -0.0447353 -0.192181 -0.0856085 -0.158805 0.00312136 0.0441972 -0.0393853 -0.0606049 0.0379509 -0.00345414 0.00218441 -0.0665895 0.0115133 -0.00252433 0.0134485 0.0124528 0.00172917 0.042762 -0.0289061 -0.0254548 0.010813 0.0160328 -0.00418765 -0.00764121 0.0290691 -0.00648455 0.00535732 0.0361116
internal_weight=29673 26103 3570 125 105 78 24292 1811 3445 52 1698 13620 5804 958 10672 1293 9379 9051 5783 1524 2487 2209 8238 4210 174 7816 813 7469 4028 1193
internal_count=29673 26103 3570 125 105 78 24292 1811 3445 52 1698 13620 5804 958 10672 1293 9379 9051 5783 1524 2487 2209 8238 4210 174 7816 813 7469 4028 1193
is_linear=0
shrinkage=0.05


Tree=51
num_leaves=31
num_cat=0
split_feature=241 241 280 66 145 239 31 294 291 46 183 75 288 284 221 111 21 61 122 35 188 3 105 5 18 144 1 236 86 143
split_gain=2875.81 1149.08 907.552 1711.43 624.298 416.79 229.708 221.177 208.087 202.541 144.078 141.378 113.999 106.788 98.9983 94.235 87.9269 82.073 80.228 79.9944 89.2494 79.605 78.1934 76.7772 73.3962 67.7452 67.2078 66.7717 65.4543 76.4
threshold=-7.6647160053253165 -0.1625176519155502 -34.529897689819329 -9.5435600280761701 14.187315940856935 -3.0102452039718623 -12.940010547637938 -17.830135345458981 1.6180377006530764 -9.0090589523315412 -2.0215468406677242 -10.651168823242186 -5.3317301273345938 10.606659889221193 -8.5590982437133771 4.2849185466766366 -5.215686321258544 -4.4393796920776358 -0.47365359961986536 -4.808790683746337 -2.0060487985610957 3.5227257013320927 -4.4655072689056388 1.4531461596488955 2.007946372032166 -5.5663173198699942 4.4468069076538095 1.0046078562736513 -3.732570886611938 -6.55995750427246
decision_type=2 2 2 2 2 2 2 2 2 2 2 2 2 2 2 2 2 2 2 2 2 2 2 2 2 2 2 2 2 2
left_child=2 5 3 -1 8 12 -5 11 14 -8 19 -4 -2 -6 -3 24 -12 22 -10 20 -7 -15 -13 -11 27 -25 -18 -14 -9 -30
right_child=1 4 7 6 13 10 9 28 18 23 16 17 15 21 -16 -17 26 -19 -20 -21 -22 -23 -24 25 -26 -27 -28 -29 29 -31
leaf_value=-0.57279158882472825 -0.018388398241591809 0.099541398611935714 0.00031226356824239098 0.046836298162286932 0.081720809431265529 0.024085771123116669 -0.26109746772310011 -0.025953922860324385 0.012097830992288791 -0.16440009034815289 0.089883624062393655 -0.089445450812450297 -0.0041030487694648085 0.11737642186753294 0.012558683743027344 -0.10254230678081513 0.0083657572708268329 -0.059831573985150599 0.037280155464104937 -0.00082878487773166811 -0.049189596564015919 0.22780653953552249 -0.16959675388676781 0.01873206064105034 -0.03028603360869668 -0.11140751034021378 -0.070652464584068028 0.083218885653398258 -0.077455990207500949 -0.038869689962210088
leaf_weight=23 2826 33 60 22 151 55 23 800 385 21 33 233 4460 47 3743 25 8026 244 1772 5219 170 25 35 20 275 20 27 22 156 722
leaf_count=23 2826 33 60 22 151 55 23 800 385 21 33 233 4460 47 3743 25 8026 244 1772 5219 170 25 35 20 275 20 27 22 156 722
internal_value=-0.000122927 0.00447257 -0.0528466 -0.181821 0.0234831 -0.00106384 -0.0969882 -0.045452 0.0203961 -0.134657 0.00420097 -0.0723022 -0.0104267 0.105613 0.0133189 -0.00572166 0.00843459 -0.0808117 0.0327854 -0.00208724 -0.0312778 0.15572 -0.099913 -0.0869821 -0.00521283 -0.0463377 0.00810083 -0.00367443 -0.0362993 -0.0457256
internal_weight=29673 27294 2379 129 6156 21138 106 2250 5933 84 13530 572 7608 223 3776 4782 8086 512 2157 5444 225 72 268 61 4757 40 8053 4482 1678 878
internal_count=29673 27294 2379 129 6156 21138 106 2250 5933 84 13530 572 7608 223 3776 4782 8086 512 2157 5444 225 72 268 61 4757 40 8053 4482 1678 878
is_linear=0
shrinkage=0.05


Tree=52
num_leaves=31
num_cat=0
split_feature=256 248 280 124 145 239 49 293 292 295 36 81 288 284 34 133 297 83 292 221 2 203 153 211 107 22 120 293 34 49
split_gain=2588.62 1034.02 834.435 1507.49 477.331 435.331 320.585 215.366 163.655 147.002 139.372 134.266 120.797 96.3759 94.371 89.7292 116.337 83.1306 79.1039 91.9983 75.4237 73.4997 72.4812 86.5478 127.512 80.8162 71.6404 69.6469 68.5955 68.3927
threshold=-8.0905141830444318 0.84145864844322216 -34.529897689819329 -13.146207332611082 14.187315940856935 -3.0908663272857662 -10.652459621429442 -16.708436965942379 -1.2759812474250791 2.4315031766891484 -8.8290290832519513 -11.531372547149656 -5.2666275501251212 10.606659889221193 3.2135839462280278 -1.4462580680847166 -1.0000000180025095e-35 5.7528920173645028 -26.933841705322262 -9.9569163322448713 -1.6869460344314573 11.812026023864748 -6.0129334926605216 -4.5453815460205069 -1.2927450537681577 -4.6688795089721671 0.25617225468158727 -3.2237802743911739 -6.6132800579071036 -3.1272161006927486
decision_type=2 2 2 2 2 2 2 2 2 2 2 2 2 2 2 2 2 2 2 2 2 2 2 2 2 2 2 2 2 2
left_child=2 5 3 -1 9 12 -5 11 22 28 -8 -4 -2 21 26 20 -17 -10 -13 -20 -11 -6 25 24 -24 -7 -9 -25 -3 -21
right_child=1 4 7 6 13 8 10 14 17 15 -12 18 -14 -15 -16 16 -18 -19 19 29 -22 -23 23 27 -26 -27 -28 -29 -30 -31
leaf_value=-0.46425864479758527 -0.017752557929118645 0.07281376192202936 0.0075691959314179011 0.090263466213060473 0.16691286087036133 0.13173746287822724 -0.19010837203577946 -0.031437568855456559 0.012179837171041071 -0.092446647686037164 -0.051817646026611333 -0.1143474891781807 -0.0045036191659435605 0.1479342195722792 -0.077310039329935201 0.12586666479324685 0.038139253172647575 -0.074179145268031529 -0.057511094540389496 -0.19877591237425807 0.016028188320539767 0.064004528249493084 0.0023902285290912247 -0.0038793337048273393 -0.039161780553267286 0.021635527171194557 0.026652383357286452 0.0051687875492813446 0.0146206246785173 -0.085534441964700822
leaf_weight=33 2802 52 57 23 20 20 38 1517 5854 22 35 96 4457 72 110 39 1219 28 467 20 59 131 431 3175 323 100 55 6442 1936 40
leaf_count=33 2802 52 57 23 20 20 38 1517 5854 22 35 96 4457 72 110 39 1219 28 467 20 59 131 431 3175 323 100 55 6442 1936 40
internal_value=-0.000116781 0.00435385 -0.0489007 -0.17273 0.029515 0.000574142 -0.0725175 -0.0421378 0.00509274 0.0247683 -0.123805 -0.0658831 -0.00961776 0.100332 -0.0325381 0.0375746 0.0408589 0.0117687 -0.0726034 -0.0649992 -0.0134341 0.0776348 0.0013497 0.00090265 -0.0154099 0.0399858 -0.0294052 0.0021816 0.0161428 -0.123282
internal_weight=29673 27182 2491 129 3550 23632 96 2362 16373 3327 73 680 7259 223 1682 1339 1258 5882 623 527 81 151 10491 10371 754 120 1572 9617 1988 60
internal_count=29673 27182 2491 129 3550 23632 96 2362 16373 3327 73 680 7259 223 1682 1339 1258 5882 623 527 81 151 10491 10371 754 120 1572 9617 1988 60
is_linear=0
shrinkage=0.05


Tree=53
num_leaves=31
num_cat=0
split_feature=241 241 187 8 1 294 15 291 290 190 59 4 183 1 279 9 18 47 84 100 219 292 24 7 165 28 232 201 52 100
split_gain=2356.64 958.662 739.337 2631.19 628.476 572.412 531.556 270.685 197.402 190.625 180.804 144.627 115.416 102.59 98.8571 98.6049 86.3585 82.426 171.295 77.2824 89.4043 73.6656 73.3429 79.5108 72.2088 68.4747 78.6314 80.9928 67.1342 66.7452
threshold=-7.6647160053253165 -0.9824276566505431 -18.127347946166989 1.8682117462158205 2.8679199218750004 7.1461107730865487 -2.7422221899032588 -5.4368450641632071 -17.799740791320797 0.7801358997821809 -7.4590210914611808 3.4825048446655278 -2.9119195938110347 3.7516863346099858 12.549117088317873 -6.8165824413299552 2.9790695905685429 -2.7722321748733516 -2.0744607448577876 -0.86840137839317311 -4.6099717617034903 -26.933841705322262 3.3841674327850346 -1.0186448693275449 -2.0274182558059688 -5.1256005764007559 -1.6335755586624143 -3.8665537834167476 5.4531846046447763 -8.3565897941589338
decision_type=2 2 2 2 2 2 2 2 2 2 2 2 2 2 2 2 2 2 2 2 2 2 2 2 2 2 2 2 2 2
left_child=2 7 3 4 6 9 -1 15 13 28 -8 -7 16 21 -13 -2 -9 18 -15 20 24 29 -17 -24 -10 -11 -27 -28 -3 -4
right_child=1 5 8 -5 -6 11 10 12 19 25 -12 14 -14 17 -16 22 -18 -19 -20 -21 -22 -23 23 -25 -26 26 27 -29 -30 -31
leaf_value=-0.29454978373833002 0.095017833709716795 0.0096608117081980714 -0.080435980955759698 -0.69182006239891058 0.14183059687967656 0.051951485450821691 0.083834618031978614 -0.0054756674143442048 -0.033420716911733733 0.068570548837835144 -0.11612908009153147 0.094458906352519995 0.0029716713951115736 0.0064158006134081864 0.20504107475280764 -0.015245041822753214 -0.044249443559838619 0.063288356946862273 -0.16152749484912918 -0.059872063412743141 0.015546286405960673 -0.065926361338297532 -0.13863238465785982 -0.026499451384987945 0.057910400137982591 -0.0064968686616375827 0.12637584507465363 0.025352003197828377 -0.074132996797561648 -0.16320602719376728
leaf_weight=32 20 5940 60 20 27 297 20 3966 1329 88 26 128 10715 49 24 3178 149 23 22 226 107 375 25 43 22 199 20 2478 24 41
leaf_count=32 20 5940 60 20 27 297 20 3966 1329 88 26 128 10715 49 24 3178 149 23 22 226 107 375 25 43 22 199 20 2478 24 41
internal_value=-0.000110942 0.00404912 -0.0478388 -0.166202 -0.0660841 0.0171927 -0.138055 -0.00263162 -0.0412748 0.014367 -0.0291883 0.0722524 0.000238152 -0.0667081 0.111919 -0.0156625 -0.00687963 -0.0189745 -0.045623 -0.0326661 -0.028449 -0.0761344 -0.0163444 -0.0677248 -0.0319335 0.0251674 0.0237512 0.0261608 0.00932361 -0.114036
internal_weight=29673 27294 2379 125 105 9198 78 18096 2254 8749 46 449 14830 570 152 3266 4115 94 71 1684 1458 476 3246 68 1351 2785 2697 2498 5964 101
internal_count=29673 27294 2379 125 105 9198 78 18096 2254 8749 46 449 14830 570 152 3266 4115 94 71 1684 1458 476 3246 68 1351 2785 2697 2498 5964 101
is_linear=0
shrinkage=0.05


Tree=54
num_leaves=31
num_cat=0
split_feature=232 232 280 66 295 239 256 31 46 28 13 182 81 255 28 189 166 23 123 284 232 293 28 183 201 9 293 298 295 298
split_gain=2130.78 809.939 764.915 1430.6 385.536 285.453 241.996 204.166 167.266 152.733 113.808 103.524 101.081 100.041 96.5401 83.817 77.4475 77.2551 85.5293 77.1191 75.8255 75.6143 72.5041 70.6165 69.3388 68.9932 67.8735 125.21 67.7516 69.0441
threshold=-6.2329175472259513 1.0396863222122195 -34.529897689819329 -9.5435600280761701 8.4290757179260272 -2.3568601608276363 -12.360498428344725 -12.940010547637938 -9.0090589523315412 2.2877451181411748 -1.6257647871971128 0.83910542726516735 -11.531372547149656 -2.5404231548309322 3.589686512947083 -15.263836860656737 3.1193222999572758 -0.48311462998390192 -3.5891176462173457 -8.5285201072692853 5.8300437927246103 10.533529758453371 -7.3508601188659659 -2.8626143932342525 -4.1955881118774405 1.7566666007041933 -4.9811413288116446 -9.0224652290344221 -11.255744457244871 -9.0224652290344221
decision_type=2 2 2 2 2 2 2 2 2 2 2 2 2 2 2 2 2 2 2 2 2 2 2 2 2 2 2 2 2 2
left_child=2 5 3 -1 13 10 12 -5 -9 21 19 23 -4 16 22 -14 -3 24 -19 -2 -20 -6 -8 -7 -15 -10 -12 -28 29 -24
right_child=1 4 6 7 9 11 14 8 25 -11 26 -13 15 17 -16 -17 -18 18 20 -21 -22 -23 28 -25 -26 -27 27 -29 -30 -31
leaf_value=-0.51465855474057409 -0.056917725934470004 -0.00019746949262124428 0.0018565682140556543 0.055952245538884948 0.064434218325186518 -0.0042228563157772868 0.024840328965005997 -0.23005724497463392 -0.0080184691548347477 0.039820170275816302 -0.010594671799590434 0.019519647912033578 -0.096903726959228526 0.12779442667961122 -0.080254810484679973 -0.052663144768882376 -0.089331323547022681 -0.061398765320909932 0.01690351871405282 -0.015038122421597364 0.049826525580820617 0.13183020744003168 -0.033174938619422001 0.0063544626097693487 0.033656741236101344 -0.1161411553207371 0.11855524338951165 -0.00093083903287357142 -0.017826186746338048 -0.10258440312586332
leaf_weight=23 121 188 74 22 64 1898 79 23 25 147 2257 1291 125 20 74 746 28 33 2073 1201 191 119 627 9358 891 36 22 6448 1431 38
leaf_count=23 121 188 74 22 64 1898 79 23 25 147 2257 1291 125 20 74 746 28 33 2073 1201 191 119 627 9358 891 36 22 6448 1431 38
internal_value=-0.000105395 0.0046527 -0.0378351 -0.157202 0.0261594 0.00107966 -0.0330141 -0.0796407 -0.115153 0.0777732 -0.0051999 0.00610903 -0.0542458 0.021185 -0.0240928 -0.0590123 -0.0117519 0.0234027 0.0185162 -0.0188713 0.019681 0.10826 -0.022182 0.0045709 0.0357234 -0.0718286 -0.00312891 -0.000524549 -0.0239543 -0.0371412
internal_weight=29673 26350 3323 129 3754 22596 3194 106 84 330 10049 12547 945 3424 2249 871 216 3208 2297 1322 2264 183 2175 11256 911 61 8727 6470 2096 665
internal_count=29673 26350 3323 129 3754 22596 3194 106 84 330 10049 12547 945 3424 2249 871 216 3208 2297 1322 2264 183 2175 11256 911 61 8727 6470 2096 665
is_linear=0
shrinkage=0.05


Tree=55
num_leaves=31
num_cat=0
split_feature=299 261 288 18 37 188 288 7 81 298 299 298 287 284 298 183 71 37 298 299 298 298 219 295 49 39 25 292 101 121
split_gain=1944.05 732.189 656.688 566.139 766.216 2203.17 329.702 220.213 144.143 137.154 149.462 144.184 137.052 131.975 115.989 103.316 144.595 100.296 88.3695 86.0672 119.637 103.921 99.6781 86.7579 85.2404 82.8024 82.6797 81.0282 79.0325 81.8381
threshold=-5.842442274093627 3.2704765796661381 -19.064929008483883 -6.1108820438385001 -12.989407062530516 -17.884001731872555 -0.54950591921806324 2.4303245544433598 -11.531372547149656 -6.2165930271148673 -3.2727801799774165 -3.0794117450714107 -11.058333396911619 10.606659889221193 -3.3289550542831416 -7.4726071357727042 -0.065637249499559389 3.1129634380340581 3.3120044469833378 -1.6095898747444151 -0.99490964412689198 -1.7837255001068113 -5.1036763191223136 -2.5840114355087276 -10.652459621429442 -4.547255039215087 -4.5382351875305167 2.652197122573853 -6.5350961685180655 -2.2524641752243038
decision_type=2 2 2 2 2 2 2 2 2 2 2 2 2 2 2 2 2 2 2 2 2 2 2 2 2 2 2 2 2 2
left_child=2 6 3 -1 5 -5 9 -3 -6 -2 11 -11 28 -9 -12 16 25 -15 19 21 22 -16 -21 -22 -7 -10 -23 -8 -4 -30
right_child=1 7 12 4 8 24 27 13 15 10 14 -13 -14 17 18 -17 -18 -19 -20 20 23 26 -24 -25 -26 -27 -28 -29 29 -31
leaf_value=0.12379589658794982 0.033822318421382655 0.029657083511352541 -0.01723025935379105 -0.68712425231933594 0.034196376800537109 0.013728531547214673 0.011550721840776747 0.06027936066958503 -0.049557758943939753 -0.0032053849140371441 0.020583248468004415 -0.025167557754867138 -0.016101219546038579 0.19601535533155715 0.0019625609587041364 -0.037318051229522101 -0.18950155491968901 0.085657583177089699 -0.05966889426626009 0.091396576431062485 -0.023093555147374146 0.046795806440490265 0.015970069179962472 0.0043961822460578002 -0.1274108123779297 -0.10233946639167912 -0.016344998609991026 0.027320724239782407 -0.053539583425659787 -0.018058458774089972
leaf_weight=33 304 775 398 20 32 23 5110 291 132 5156 902 874 3310 35 4524 128 33 50 58 45 331 54 1645 2160 20 170 1300 969 622 220
leaf_count=33 304 775 398 20 32 23 5110 291 132 5156 902 874 3310 35 4524 128 33 50 58 45 331 54 1645 2160 20 170 1300 969 622 220
internal_value=0.000108705 0.00595628 -0.027853 -0.0774365 -0.0893374 -0.253571 0.0040438 0.0448905 -0.068435 0.000533416 -6.01571e-05 -0.00638863 -0.0214126 0.0762891 0.00340301 -0.0755283 -0.090128 0.131099 0.00187128 0.00222612 0.00770997 -0.00167453 0.0179785 0.000743391 -0.0519177 -0.0792693 -0.0138268 0.0140645 -0.0355904 -0.044269
internal_weight=29724 24583 5141 591 558 63 23432 1151 495 17353 17049 6030 4550 376 11019 463 335 85 10117 10059 4181 5878 1690 2491 43 302 1354 6079 1240 842
internal_count=29724 24583 5141 591 558 63 23432 1151 495 17353 17049 6030 4550 376 11019 463 335 85 10117 10059 4181 5878 1690 2491 43 302 1354 6079 1240 842
is_linear=0
shrinkage=0.05


Tree=56
num_leaves=31
num_cat=0
split_feature=299 261 288 18 38 187 288 185 81 182 277 190 70 189 283 298 288 239 35 41 123 28 292 49 125 152 287 298 123 189
split_gain=1754.5 660.801 592.661 510.941 667.949 1884.94 297.702 201.828 133.217 125.164 124.082 112.114 128.941 105.801 98.2642 89.4852 93.4463 89.2441 85.3238 83.7883 83.3606 76.4439 80.367 75.5615 74.8452 74.2931 72.5046 71.9042 81.0217 94.6053
threshold=-5.842442274093627 3.2704765796661381 -19.064929008483883 -6.1108820438385001 -13.202857971191404 -18.127347946166989 -0.58779409527778614 27.993994712829593 -11.531372547149656 -7.6188805103301993 -10.756875991821287 -11.450295925140379 -0.089353948831558214 -1.8176143169403074 13.565081596374513 -6.2165930271148673 -8.8398303985595685 1.5006185770034792 0.14716859906911853 -4.9569609165191642 0.24275686591863635 8.3666062355041522 2.652197122573853 -10.652459621429442 -5.7500081062316886 -4.2972548007965079 -11.058333396911619 -6.4456214904785147 -0.53805041313171376 -4.270418405532836
decision_type=2 2 2 2 2 2 2 2 2 2 2 2 2 2 2 2 2 2 2 2 2 2 2 2 2 2 2 2 2 2
left_child=2 6 3 -1 5 -5 10 20 -6 25 -2 12 19 15 18 -12 -17 26 -9 -10 -3 22 -8 -7 -18 -4 -11 28 -28 -30
right_child=1 7 9 4 8 23 21 14 11 17 13 -13 -14 -15 -16 16 24 -19 -20 -21 -22 -23 -24 -25 -26 -27 27 -29 29 -31
leaf_value=0.11760609944661458 0.062983233415627782 0.0072057755545872019 -0.028957649300710188 -0.61237362948330976 0.037595303853352864 0.0065382150503305288 0.011190715149557636 0.13340486443123303 -0.045358980626895515 -0.033419183613069718 0.027687583241744768 -0.04514183762970321 -0.21617398081813011 0.0043426653777390283 0.18212100613501767 -0.075390845271455051 -0.044371792348513822 0.084557681784711111 0.030385126901621168 -0.10828229005896935 0.042793338786926774 -0.06507413310389365 0.026956290349387638 -0.12273172378540038 -0.0034162275057299505 -0.062554006343934598 -0.011436748731102758 -0.025543150804000173 0.086346574839618481 0.0028617393515626161
leaf_weight=33 79 205 834 22 30 26 5204 37 87 534 224 218 20 8071 31 46 113 22 44 135 834 31 957 20 8707 205 1909 863 45 138
leaf_count=33 79 205 834 22 30 26 5204 37 87 534 224 218 20 8071 31 46 113 22 44 135 834 31 957 20 8707 205 1909 863 45 138
internal_value=0.000103269 0.00565847 -0.0264603 -0.0735647 -0.0848705 -0.231719 0.00384161 0.042646 -0.0644916 -0.0203419 0.000464052 -0.0711494 -0.0945778 0.000176248 0.106417 -0.00352311 -0.00431165 -0.0158307 0.0774435 -0.0836232 0.0357717 0.0132455 0.0136396 -0.0496661 -0.00394094 -0.0355864 -0.0164637 -0.0133997 -0.00839017 0.0233908
internal_weight=29724 24583 5141 591 558 68 23432 1151 490 4550 17240 460 242 17161 112 9090 8866 3511 81 222 1039 6192 6161 46 8820 1039 3489 2955 2092 183
internal_count=29724 24583 5141 591 558 68 23432 1151 490 4550 17240 460 242 17161 112 9090 8866 3511 81 222 1039 6192 6161 46 8820 1039 3489 2955 2092 183
is_linear=0
shrinkage=0.05


Tree=57
num_leaves=31
num_cat=0
split_feature=287 288 294 291 18 37 184 232 4 38 85 9 260 141 44 248 279 298 34 218 28 291 260 261 12 234 273 15 104 298
split_gain=1524.44 673.746 387.157 335.334 462.137 682.37 1651.16 205.973 126.479 124.972 122.57 115.888 118.11 113.078 87.9596 87.7877 88.0634 84.7607 82.907 77.4686 78.9623 77.1824 76.6964 68.9281 67.4485 67.1184 75.3503 66.0658 65.7886 64.693
threshold=-9.0677123069763166 -0.54950591921806324 7.1461107730865487 -19.186252593994137 -6.1108820438385001 -12.989407062530516 -17.86274433135986 -3.0288888216018672 3.4825048446655278 -5.787703037261962 -9.9859604835510236 -1.3183870315551756 -26.029636383056637 -12.28423500061035 -2.9352101087570186 0.58789163827896129 6.4738900661468515 -2.7773320674896236 3.3281356096267705 13.28371572494507 1.9092717170715334 1.0253309011459353 -0.41563726961612696 4.2449450492858896 -0.58713728189468373 -4.0051887035369864 -0.14375995844602582 -0.7877964675426482 -6.0662453174591056 3.3120044469833378
decision_type=2 2 2 2 2 2 2 2 2 2 2 2 2 2 2 2 2 2 2 2 2 2 2 2 2 2 2 2 2 2
left_child=3 7 15 4 -1 6 -6 21 -4 14 11 12 -7 27 -5 16 -3 22 -11 -10 -21 25 -17 29 -15 26 -2 -12 -27 -9
right_child=1 2 8 9 5 10 -8 23 19 18 13 -13 -14 24 -16 17 -18 -19 -20 20 -22 -23 -24 -25 -26 28 -28 -29 -30 -31
leaf_value=0.1061032213483538 -0.011942899388315392 0.010002407029176165 0.042032649609949679 -0.0071920348125844667 -0.61134704589843758 0.1334948675973075 -0.054937157630920413 0.0026185417720191841 0.076033674549852687 -0.029919298884285558 -0.097477993323947451 -0.07694359545906386 -0.025933439943652888 -0.092912705408886451 0.07795592414982179 0.021135181625341549 -0.051017584999402371 0.01945679436713774 -0.083701687494913746 0.22375269714920296 0.086637593610655705 -0.078135028280890917 0.13425882338516174 0.059529958001144662 -0.046899005307020548 0.06428839145228267 -0.082755385652968763 -0.21264396153390408 -0.0036337712543388391 -0.053264505494959084
leaf_weight=35 3296 4067 308 281 20 21 40 12762 117 1607 33 33 26 121 34 29 60 2541 75 21 21 39 31 53 233 36 38 20 3674 52
leaf_count=35 3296 4067 308 281 20 21 40 12762 117 1607 33 33 26 121 34 29 60 2541 75 21 21 39 31 53 233 36 38 20 3674 52
internal_value=9.81059e-05 0.00358832 0.0167052 -0.0366378 -0.070035 -0.0813053 -0.240407 -0.00114229 0.0607285 -0.0269046 -0.0617034 -0.0051252 0.0453005 -0.0728245 0.00199854 0.0136494 0.00911527 0.0208438 -0.0323174 0.0969443 0.155195 -0.00798982 0.0795824 0.00262712 -0.0626269 -0.00760145 -0.01275 -0.140937 -0.00297469 0.00239176
internal_weight=29724 27145 7195 2579 582 547 60 19950 467 1997 487 80 47 407 315 6728 4127 2601 1682 159 42 7083 60 12867 354 7044 3334 53 3710 12814
internal_count=29724 27145 7195 2579 582 547 60 19950 467 1997 487 80 47 407 315 6728 4127 2601 1682 159 42 7083 60 12867 354 7044 3334 53 3710 12814
is_linear=0
shrinkage=0.05


Tree=58
num_leaves=31
num_cat=0
split_feature=299 261 288 18 37 188 299 7 298 298 299 298 298 174 81 182 299 298 284 38 298 190 72 284 299 259 299 244 11 87
split_gain=1449.16 545.021 484.058 421.113 577.017 1675.12 249.972 172.208 152.218 122.298 126.213 182.277 119.13 116.581 112.739 104.679 103.63 127.567 101.06 102.715 97.9646 93.753 118.098 85.0591 82.0427 80.077 78.112 76.7792 75.6781 74.9396
threshold=-5.842442274093627 3.2704765796661381 -19.064929008483883 -6.1108820438385001 -12.989407062530516 -17.884001731872555 -1.6391176581382749 2.4303245544433598 -6.2165930271148673 -1.7837255001068113 -3.7013025283813472 -3.839210987091064 -1.5743494033813474 -5.4663724899291983 -11.531372547149656 -7.6188805103301993 1.0601470470428469 0.90678429603576671 10.606659889221193 2.1061140298843388 -4.4858374595642081 -11.450295925140379 -1.1083333492279051 -3.9890457391738887 -2.5572830438613887 -0.44288496673107142 -0.67784315347671498 1.960926949977875 -0.9057924449443816 1.2755882740020754
decision_type=2 2 2 2 2 2 2 2 2 2 2 2 2 2 2 2 2 2 2 2 2 2 2 2 2 2 2 2 2 2
left_child=2 6 3 -1 5 -5 8 -3 28 10 20 -12 27 -14 -6 -4 17 26 -9 -20 -10 22 -16 -11 -13 29 -15 -8 -2 -17
right_child=1 7 15 4 14 -7 12 18 9 23 11 24 13 16 21 25 -18 -19 19 -21 -22 -23 -24 -25 -26 -27 -28 -29 -30 -31
leaf_value=0.10693560513583096 0.0020985850717051553 0.025262098743069557 -0.032460270281361205 -0.59744720458984379 0.032021749019622806 -0.04356993741767351 0.021593300712302449 0.052489609734708911 0.002013322359943343 -0.04190748520675136 0.027424599118822168 -0.0028381998518678189 -0.09424178334219116 0.00052669948011739153 -0.075938468098840015 -0.013321378726127611 0.016884459673146158 -0.015326750342541693 0.20208878439540665 0.079985853406738069 -0.012689997759987158 -0.041267927814292039 -0.20274660596624017 -0.0094827267809710868 0.0084370966607896693 0.052635009438646109 0.013121028053929 0.085416200574563478 0.052780243838015876 -0.043348852320163105
leaf_weight=33 118 775 1039 20 32 43 1230 291 2029 233 767 4013 28 2328 224 3245 2311 721 24 61 2565 219 20 1533 2698 44 2613 49 196 222
leaf_count=33 118 775 1039 20 32 43 1230 291 2029 233 767 4013 28 2328 224 3245 2311 721 24 61 2565 219 20 1533 2698 44 2613 49 196 222
internal_value=9.32005e-05 0.00514191 -0.0240485 -0.0666188 -0.0768828 -0.219404 0.00349188 0.0387332 -0.000690041 -0.00147117 0.00032666 0.00433381 0.00986931 0.0076043 -0.0587437 -0.018519 0.00796197 0.00432017 0.0664993 0.114462 -0.00619608 -0.0650169 -0.0863326 -0.0137607 0.00169477 -0.0143934 0.00718709 0.0240384 0.0337343 -0.0152441
internal_weight=29724 24583 5141 591 558 63 23432 1151 14152 13838 12072 7478 9280 8001 495 4550 7973 5662 376 85 4594 463 244 1766 6711 3511 4941 1279 314 3467
internal_count=29724 24583 5141 591 558 63 23432 1151 14152 13838 12072 7478 9280 8001 495 4550 7973 5662 376 85 4594 463 244 1766 6711 3511 4941 1279 314 3467
is_linear=0
shrinkage=0.05


Tree=59
num_leaves=31
num_cat=0
split_feature=299 182 288 17 141 3 253 294 288 58 255 28 282 260 29 102 22 189 15 172 290 34 281 36 21 235 273 288 28 293
split_gain=1311.65 498.764 452.586 245.462 507.414 2579.9 347.896 236.292 183.807 131.327 93.1336 87.5605 91.5082 78.6892 111.659 97.6925 78.6118 76.4783 75.1893 73.5545 72.1621 70.7552 92.6776 69.9164 66.6044 71.9092 66.5297 69.3443 79.1513 68.5155
threshold=-5.6777610778808585 1.5947898626327517 -15.654227733612059 -4.6968104839324942 -15.544643878936766 1.9482353329658511 -24.650393486022946 7.1461107730865487 -0.58779409527778614 -7.5685291290283194 -9.278902053833006 2.6754249334335332 10.271323680877687 -2.1147451400756831 -3.6839495897293086 4.3607351779937753 -3.8539543151855464 -1.8176143169403074 4.8655951023101816 3.8794771432876591 -3.9439309835433956 1.0022222399711611 -9.3755197525024396 2.1249117851257329 -1.1379302740097044 4.4700887203216562 -10.704642772674559 -20.81739521026611 -5.1256005764007559 -32.799146652221673
decision_type=2 2 2 2 2 2 2 2 2 2 2 2 2 2 2 2 2 2 2 2 2 2 2 2 2 2 2 2 2 2
left_child=2 8 3 6 5 9 -1 16 10 -5 -2 12 -9 15 -15 21 -3 -12 26 -19 -16 -4 -23 -14 25 -10 27 28 -6 -30
right_child=1 7 13 4 18 -7 -8 11 24 -11 17 -13 23 14 20 -17 -18 19 -20 -21 -22 22 -24 -25 -26 -27 -28 -29 29 -31
leaf_value=0.21293962478637696 -0.098340593526760736 0.071434298913243793 -0.013473556007287824 0.12122358828783036 -0.038491690830445624 -0.66488214708864701 -0.03526695668697357 0.064466251449270567 0.020008785265753656 -0.05997165970504284 -0.002941376251311465 0.034275950571734035 0.20213257842697205 0.12238408029079438 -0.02752280010935966 -0.12452798118548734 0.017792441203095071 0.0041745340146280502 0.031504861513773602 -0.078497616670749809 0.040888039061032673 -0.062200648473067721 -0.020524030346414937 0.088460307171748534 0.0080728753225023462 0.097402403431553999 -0.13907847072590482 -0.037035694372826729 -0.17035599188371139 -0.077045973438409077
leaf_weight=20 24 71 3505 20 142 20 48 182 943 20 8843 167 24 22 89 21 1796 7635 27 27 68 176 551 31 4577 31 22 414 22 186
leaf_count=20 24 71 3505 20 142 20 48 182 943 20 8843 167 24 22 89 21 1796 7635 27 27 68 176 551 31 4577 31 22 414 22 186
internal_value=8.85405e-05 0.00502226 -0.0222716 -0.0537648 -0.060892 -0.20121 0.037735 0.0273349 0.00272734 0.030626 8.36328e-05 0.0620059 0.0815456 -0.015585 0.01689 -0.0169518 0.0198324 0.000226752 -0.0505364 0.00388321 0.00210737 -0.016418 -0.0306136 0.138063 0.0105994 0.022472 -0.0533546 -0.0508861 -0.0672692 -0.0869153
internal_weight=29724 24351 5373 941 873 60 68 2271 22080 40 16529 404 237 4432 179 4253 1867 16505 813 7662 157 4232 727 55 5551 974 786 764 350 208
internal_count=29724 24351 5373 941 873 60 68 2271 22080 40 16529 404 237 4432 179 4253 1867 16505 813 7662 157 4232 727 55 5551 974 786 764 350 208
is_linear=0
shrinkage=0.05


Tree=60
num_leaves=31
num_cat=0
split_feature=256 289 289 37 129 49 299 128 34 273 181 221 22 18 150 21 58 119 114 122 100 292 20 42 38 0 267 51 164 183
split_gain=1085.67 438.836 400.787 220.798 1225.94 364.007 197.796 159.564 122.35 107.919 107.747 90.7546 85.6541 84.6714 81.8588 77.1546 75.7526 72.4269 93.3856 75.6634 73.2031 70.4662 68.7563 66.8277 66.3964 71.5278 62.8467 77.3947 61.9596 61.0804
threshold=-4.9781880378723136 3.7858822345733647 -16.624901771545407 -12.989407062530516 -13.417401790618895 -10.652459621429442 -2.4326797723770137 3.8377820253372197 -10.094942092895506 -9.3208341598510724 -5.2992513179779044 -9.5117359161376935 2.8130064010620122 -3.6423529386520381 3.0276715755462651 -4.7570428848266593 9.0572547912597674 -0.32762849330902094 4.7046632766723642 -3.2202531099319454 -1.7858249545097349 13.579126834869387 3.4417645931243901 -3.636662364006042 -10.361671447753904 5.174706459045411 7.6361763477325448 6.0709149837493905 -7.6517083644866934 -8.6741623878478986
decision_type=2 2 2 2 2 2 2 2 2 2 2 2 2 2 2 2 2 2 2 2 2 2 2 2 2 2 2 2 2 2
left_child=2 6 3 4 -1 -6 15 -3 13 -8 12 24 -4 -5 29 -2 22 18 20 -19 23 -9 -17 -11 -10 -26 27 -21 -14 -12
right_child=1 7 10 8 5 -7 9 21 11 17 14 -13 28 -15 -16 16 -18 19 -20 26 -22 -23 -24 -25 25 -27 -28 -29 -30 -31
leaf_value=-0.45958033970424106 0.045989976446312593 0.021903361642573324 -0.020944109641514493 0.07857237644493581 0.084195942348904096 -0.17395657626065342 0.10907053047647844 0.048648127258246673 -0.12174219489097596 0.058784532411531969 -0.063905777576121883 -0.13174609090342668 -0.14504318326711654 -0.031815309587277865 -0.07608410451899876 -0.0021625674978292793 0.073221689282041605 -0.03695051177048389 -0.074709824668733701 0.011487970769518482 0.00091941248643666914 0.099678382444917502 -0.036722154680588474 0.011002988383689519 -0.046904410262389382 0.035048850732190266 -0.0674066915512085 0.071621727336336066 -0.048556996415359807 -0.0064385812576824939
leaf_weight=21 83 897 1762 32 36 22 26 282 28 77 47 33 20 38 44 10093 33 81 38 5867 4926 89 146 1474 542 28 25 54 99 2853
leaf_count=21 83 897 1762 32 36 22 26 282 28 77 47 33 20 38 44 10093 33 81 38 5867 4926 89 146 1474 542 28 25 54 99 2853
internal_value=8.29513e-05 0.00467706 -0.0197451 -0.0529988 -0.132243 -0.013724 0.00309319 0.0333103 -0.0440683 0.00730904 -0.0143693 -0.0510257 -0.0237169 0.0186476 -0.00839692 -0.00202364 -0.0024116 0.00709809 0.00344357 0.0110485 0.00390209 0.0608899 -0.00265536 0.0133751 -0.0465712 -0.0428786 0.0117024 0.0120364 -0.0647732 -0.00736995
internal_weight=29796 24191 5605 780 79 58 22923 1268 701 12568 4825 631 1881 70 2944 10355 10272 12542 6515 6027 6477 371 10239 1551 598 570 5946 5921 119 2900
internal_count=29796 24191 5605 780 79 58 22923 1268 701 12568 4825 631 1881 70 2944 10355 10272 12542 6515 6027 6477 371 10239 1551 598 570 5946 5921 119 2900
is_linear=0
shrinkage=0.05


Tree=61
num_leaves=31
num_cat=0
split_feature=257 284 187 3 100 74 184 299 298 298 183 156 281 67 56 9 299 298 298 237 34 284 65 234 281 22 299 249 298 130
split_gain=978.393 422.439 346.587 3689.11 409.028 204.6 173.735 148.268 123.579 106.422 108.776 101.603 94.82 92.7439 87.3119 154.225 93.3393 120.451 84.101 77.5283 75.6274 69.6945 66.474 90.0034 107.365 71.6796 81.7736 64.067 63.5941 92.5992
threshold=-5.3925640583038321 1.6809362173080447 -18.127347946166989 2.4908574819564824 -15.131420135498045 4.7943115234375009 -6.9781827926635733 -2.5572830438613887 -2.5318282842636104 -2.0452400445938106 -3.6302484273910518 3.7397947311401372 12.805575847625734 1.0242352485656741 3.6503529548645024 -0.35149508714675898 -4.0097713470458975 -4.0187697410583487 -3.6367975473403926 1.3641176223754885 -6.0536372661590567 -5.3725097179412833 3.9180493354797368 -24.518136978149411 -23.692629814147946 3.0165489912033085 -5.0507354736328116 -5.7040421962738028 -10.112941265106199 -3.1756974458694454
decision_type=2 2 2 2 2 2 2 2 2 2 2 2 2 2 2 2 2 2 2 2 2 2 2 2 2 2 2 2 2 2
left_child=2 7 3 4 -1 -3 22 8 14 19 13 -8 -7 -11 16 -16 18 -18 28 -9 -12 -10 23 -4 -25 26 27 -26 29 -2
right_child=1 5 6 -5 -6 12 11 9 21 10 20 -13 -14 -15 15 -17 17 -19 -20 -21 -22 -23 -24 24 25 -27 -28 -29 -30 -31
leaf_value=0.15018519351356907 0.11130955342588754 0.016971202795741654 0.057830721991402767 -0.72378582596778873 -0.060860388443387793 0.05137351859699596 -0.010903200734740102 0.012908234014242383 -0.054174814452619659 -0.010025320610871169 0.057520741122690115 -0.11417972842852275 0.14662086223733836 -0.067107145683292083 0.1249622246838714 0.0028705827661870439 0.022530397329277391 0.000222042130716545 -0.02756998556027019 0.069045417200005246 0.003783869867731405 -0.013465902898582169 -0.12273877680301666 -0.080675227608945632 -0.026497721819038283 -0.072354975711093866 -0.12631172247231007 0.035576981132806738 -0.0051096270170818726 -0.0014164113268560295
leaf_weight=38 29 2918 28 20 58 264 3084 2589 115 437 66 24 29 85 38 81 719 3819 427 63 8229 1226 20 108 1247 89 20 43 3834 49
leaf_count=38 29 2918 28 20 58 264 3084 2589 115 437 66 24 29 85 38 81 719 3819 427 63 8229 1226 20 108 1247 89 20 43 3834 49
internal_value=7.88038e-05 0.00403883 -0.0206511 -0.106022 0.0226785 0.0209706 -0.0185273 0.00154558 -0.00279723 0.00545976 0.00281827 -0.0117007 0.0608007 -0.0193203 -0.000686495 0.0418578 -0.00125682 0.00375657 -0.00650014 0.0142418 0.00421143 -0.016957 -0.0321718 -0.0309918 -0.0326421 -0.028934 -0.025984 -0.0244286 -0.00420034 0.0404945
internal_weight=29796 25017 4779 116 96 3211 4663 21806 10337 11469 8817 3108 293 522 8996 119 8877 4538 4339 2652 8295 1341 1555 1535 1507 1399 1310 1290 3912 78
internal_count=29796 25017 4779 116 96 3211 4663 21806 10337 11469 8817 3108 293 522 8996 119 8877 4538 4339 2652 8295 1341 1555 1535 1507 1399 1310 1290 3912 78
is_linear=0
shrinkage=0.05


Tree=62
num_leaves=31
num_cat=0
split_feature=182 252 3 136 31 38 51 299 182 56 295 74 210 298 299 298 298 291 299 299 298 115 257 128 298 219 174 27 217 217
split_gain=894.779 447.157 392.655 1117.13 365.567 251.657 221.143 203.135 103.531 108.878 117.487 127.018 101.91 98.6441 108.416 149.214 95.9577 87.2022 99.1993 86.0466 111.99 78.9192 75.0832 73.6559 71.4832 70.9559 70.6823 69.7573 76.1288 68.8247
threshold=-6.484778404235839 0.18578779697418216 4.5237662792205819 -6.1534173488616934 -12.940010547637938 -13.202857971191404 6.0709149837493905 -3.4070588350296016 -10.467002391815184 -0.86538237333297718 -31.705285072326657 -8.4105329513549787 4.5386509895324716 -3.5667062997817989 -5.2508039474487296 -6.4456214904785147 -3.3870588541030879 1.2575272321701052 -1.8841045498847959 -1.8558823466300962 -1.160221993923187 -2.557215571403503 -18.193655967712399 3.8377820253372197 -2.0452400445938106 -4.9765441417694083 -5.4663724899291983 5.089754819869996 13.40823554992676 0.99374550580978405
decision_type=2 2 2 2 2 2 2 2 2 2 2 2 2 2 2 2 2 2 2 2 2 2 2 2 2 2 2 2 2 2
left_child=2 7 4 -4 -1 -6 17 12 9 10 11 -7 13 14 -2 -16 -9 -3 -19 24 25 -15 -12 -20 -18 -21 -22 28 29 -8
right_child=1 6 3 -5 5 8 27 16 -10 -11 22 -13 -14 21 15 -17 19 18 23 20 26 -23 -24 -25 -26 -27 -28 -29 -30 -31
leaf_value=0.13725515423399029 -0.0093258218438624103 0.0069912208580297334 -0.46052253643050794 0.013050841799739636 -0.206994743347168 0.13095516204833985 0.13593373779952528 0.017561534320041813 -0.021367130727948744 -0.12927666368919452 -0.075187282456210799 -0.047242774963378913 -0.10921754539012909 -0.038789479190572386 0.067158701846545391 0.001200466015141581 0.0011639848778045377 0.092806414304737087 0.015848998421058472 0.067773736646918006 -0.079396353386066584 -0.01156199988194203 -0.034231515155703413 0.045064580610820228 -0.011036810599213964 0.013158319009061807 0.0017408799891069143 0.015420908927917483 0.13664198952752191 0.047115485982326739
leaf_weight=33 3854 2372 20 33 20 20 25 1092 1411 37 163 20 24 336 88 3347 4157 47 1806 61 27 1280 357 245 1688 2371 4579 75 37 171
leaf_count=33 3854 2372 20 33 20 20 25 1092 1411 37 163 20 24 336 88 3347 4157 47 1806 61 27 1280 357 245 1688 2371 4579 75 37 171
internal_value=7.48636e-05 0.0024693 -0.0312793 -0.165656 -0.0278237 -0.0305099 0.0163827 -0.000433179 -0.0287521 -0.0462063 -0.0407177 0.0418562 -0.00632407 -0.00604676 -0.00356891 0.00289023 0.00333067 0.0135591 0.0209848 0.00212442 0.0058483 -0.0172232 -0.0470696 0.0193389 -0.00235953 0.0145282 0.00126526 0.0573617 0.070862 0.0584443
internal_weight=29796 27682 2114 53 2061 2028 4778 22904 2008 597 560 40 8929 8905 7289 3435 13975 4470 2098 12883 7038 1616 520 2051 5845 2432 4606 308 233 196
internal_count=29796 27682 2114 53 2061 2028 4778 22904 2008 597 560 40 8929 8905 7289 3435 13975 4470 2098 12883 7038 1616 520 2051 5845 2432 4606 308 233 196
is_linear=0
shrinkage=0.05


Tree=63
num_leaves=31
num_cat=0
split_feature=291 284 187 3 48 74 183 121 288 221 136 277 183 34 281 281 144 160 39 170 104 298 37 271 168 213 121 201 266 169
split_gain=816.047 369.7 281.802 3218.36 466.701 185.146 137.933 122.66 105.462 106.591 101.118 93.4247 89.2695 84.9762 83.0565 81.4151 72.6188 80.3184 75.355 69.172 103.124 80.8772 68.6022 67.3807 66.2258 65.9962 64.0881 62.0152 65.0715 61.6366
threshold=-7.298900604248046 1.0614261627197268 -18.127347946166989 2.4908574819564824 -11.122808933258055 4.7943115234375009 0.47313725948333746 -2.0881074666976924 -14.909166336059569 -9.1521286964416486 -14.504616737365721 -11.12156820297241 -6.4581217765808097 -13.30928325653076 12.805575847625734 -23.692629814147946 -3.8120043277740474 -3.8093725442886348 4.4480257034301767 -1.2658039331436155 2.539942860603333 -8.1093683242797834 4.3244502544403085 -10.591691493988035 -3.186053872108459 -18.895432472229 0.55813726782798778 -3.0169874429702754 -4.6851305961608878 -1.9167694449424741
decision_type=2 2 2 2 2 2 2 2 2 2 2 2 2 2 2 2 2 2 2 2 2 2 2 2 2 2 2 2 2 2
left_child=2 7 3 4 -1 27 8 16 9 13 -6 -9 26 -4 -7 25 23 24 -19 20 21 -14 -10 -2 -18 -15 -13 -3 -29 -21
right_child=1 5 6 -5 10 14 -8 11 22 -11 -12 12 19 15 -16 -17 17 18 -20 29 -22 -23 -24 -25 -26 -27 -28 28 -30 -31
leaf_value=0.21819958894149116 -0.083926759447370269 0.048439744687080385 0.032237493991851808 -0.67572462439537051 0.013990725003756012 0.045555065047573035 0.020945317982719636 0.10136776169141133 -0.015531875460752159 -0.099327572900801908 -0.10493095643592604 -0.023176586569139832 0.047984083081510941 -0.033264583280716818 0.13438733857253501 -0.026803574052097996 -0.0089081283351150134 -0.0047336962481845449 -0.077428556813134097 0.016433235235658154 -0.043283607519191247 -0.00022732659414558128 -0.070567899377181609 0.0063859092010508742 -0.036847654035535908 -0.092955546487461446 -0.12008324211294003 -0.07513051174935842 0.013133391718632779 0.0043133745101755381
leaf_weight=23 21 125 48 20 39 284 197 24 2383 64 33 76 88 87 29 554 436 3654 36 1232 138 7575 58 1249 413 99 22 21 3705 7063
leaf_count=23 21 125 48 20 39 284 197 24 2383 64 33 76 88 87 29 554 436 3654 36 1232 138 7575 58 1249 413 99 22 21 3705 7063
internal_value=7.11204e-05 0.00314103 -0.0222323 -0.0992433 0.0221211 0.0168039 -0.0196947 0.000558193 -0.022126 -0.0372716 -0.040515 0.00279123 0.00264514 -0.0322315 0.0537855 -0.0364132 -0.00567616 -0.00863326 -0.00544291 0.0029348 -0.00044514 0.000326321 -0.0168396 0.00489255 -0.0224994 -0.0650356 -0.0449311 0.0137981 0.0126359 0.00611346
internal_weight=29796 26191 3605 115 95 4164 3490 22027 3293 852 72 16218 16194 788 313 740 5809 4539 3690 16096 7801 7663 2441 1270 849 186 98 3851 3726 8295
internal_count=29796 26191 3605 115 95 4164 3490 22027 3293 852 72 16218 16194 788 313 740 5809 4539 3690 16096 7801 7663 2441 1270 849 186 98 3851 3726 8295
is_linear=0
shrinkage=0.05


Tree=64
num_leaves=31
num_cat=0
split_feature=256 188 182 5 31 283 285 42 28 87 287 222 19 160 234 26 293 64 266 143 34 102 34 0 159 0 109 281 119 298
split_gain=746.464 313.193 286.319 776.526 374.861 167.176 127.354 104.467 92.8584 82.6269 91.518 81.9554 75.689 91.9998 74.7248 73.949 77.5312 72.5249 71.821 69.9868 68.8959 65.1544 59.0478 58.9984 55.9061 55.7723 55.2446 54.3984 52.1384 70.0505
threshold=-4.9781880378723136 2.8184593915939335 -10.467002391815184 4.5211617946624765 -12.940010547637938 -1.1760321855545042 8.345489978790285 -13.098442077636717 5.7333660125732431 0.92372551560401928 -11.058333396911619 4.0750198364257821 -0.46483017504215235 -5.9713726043701163 0.044617196545004852 -6.8026597499847403 -3.6457288265228267 -3.6619545221328731 -6.008690118789672 -2.1806758642196651 -2.3601961135864253 -0.9286329150199889 -1.5262941122055051 4.107140541076661 4.5404338836669931 3.1488376855850224 4.6396861076354989 -12.364411830902098 -1.4905275106430051 -5.5979766845703116
decision_type=2 2 2 2 2 2 2 2 2 2 2 2 2 2 2 2 2 2 2 2 2 2 2 2 2 2 2 2 2 2
left_child=2 5 3 4 -1 11 8 -6 -3 10 18 12 15 -14 24 -2 -17 -11 -4 -18 23 -16 -8 -9 28 -24 -15 -12 -7 -30
right_child=1 6 9 -5 7 14 22 20 -10 17 27 -13 13 26 21 16 19 -19 -20 -21 -22 -23 25 -25 -26 -27 -28 -29 29 -31
leaf_value=0.13292764233004661 0.092580774556035583 0.023503201220093705 -0.021350651837395304 -0.32636652787526454 -0.15768185615539554 -0.0047527207271697656 0.13090010295654167 -0.031807252207716692 -0.080316721309315081 -0.11865142136812211 -0.051729085789277013 0.098059483653023138 -0.043720707963479481 -0.0031444901142731831 0.030454636030283172 -0.0047439759741972872 0.013986836310719626 -0.028883231191171539 -0.11699995219707489 0.0013301287873187751 -0.060637377609164655 0.010857734705966253 0.043250246008237209 0.054800777492069068 -0.044563802218033098 0.13213821515440941 -0.077591604232788089 -0.0055553678841444489 0.091086925670504582 0.0070603078755579465
leaf_weight=31 23 1025 1049 24 20 1137 29 309 22 24 65 21 144 7709 485 2277 1866 360 20 2634 262 3380 150 21 59 20 25 3420 25 3160
leaf_count=31 23 1025 1049 24 20 1137 29 309 22 24 65 21 144 7709 485 2277 1866 360 20 2634 262 3380 150 21 59 20 25 3420 25 3160
internal_value=6.75644e-05 0.00387696 -0.0163737 -0.0471219 -0.0366991 0.00255121 0.0282907 -0.0452913 0.0213217 -0.0122204 -0.0103422 -0.00064541 -0.000786628 -0.00412242 0.00824937 0.00307799 0.00277423 -0.0344937 -0.0231402 0.00657844 -0.0414943 0.0133169 0.0649568 -0.0262958 0.00377874 0.0537077 -0.00338514 -0.00641657 0.00443866 0.00771986
internal_weight=29796 24191 5605 667 643 22945 1246 612 1047 4938 4554 14699 14678 7878 8246 6800 6777 384 1069 4500 592 3865 199 330 4381 170 7734 3485 4322 3185
internal_count=29796 24191 5605 667 643 22945 1246 612 1047 4938 4554 14699 14678 7878 8246 6800 6777 384 1069 4500 592 3865 199 330 4381 170 7734 3485 4322 3185
is_linear=0
shrinkage=0.05


Tree=65
num_leaves=31
num_cat=0
split_feature=293 170 286 29 27 22 232 116 4 222 288 30 90 291 288 296 221 296 107 125 143 182 284 227 213 262 37 27 296 150
split_gain=750.653 381.182 202.498 690.016 229.929 182.259 162.423 138.166 114.697 91.0686 87.2962 100.548 94.9491 80.4345 77.7044 76.1951 73.1058 72.8512 72.8202 67.4925 64.6414 90.6321 65.1061 61.6042 59.6765 59.2435 59.1727 57.4496 74.8388 56.058
threshold=-11.050122261047362 0.19928570836782458 -33.203310012817376 -11.374140262603758 -8.0140819549560529 -2.4995588064193721 -3.0288888216018672 7.6399435997009286 3.4825048446655278 -2.9700354337692256 4.3889062404632577 7.2752943038940439 -2.4136861562728877 0.62994515895843517 -15.654227733612059 7.1142528057098398 -9.5117359161376935 -14.967784404754637 -4.7118892669677725 -3.7678664922714229 -1.9983941316604612 -1.1564426422119138 -4.783411741256713 -5.4090130329132071 -5.0132989883422843 2.7783088684082036 6.2940630912780771 -3.6473463773727413 -26.59915733337402 3.1701703071594243
decision_type=2 2 2 2 2 2 2 2 2 2 2 2 2 2 2 2 2 2 2 2 2 2 2 2 2 2 2 2 2 2
left_child=2 6 3 -1 -5 -6 13 10 9 14 12 -12 23 17 16 -13 27 -2 -10 -15 22 24 -8 -3 -22 -24 -14 -4 -29 -19
right_child=1 7 8 4 5 -7 20 -9 18 -11 11 15 26 19 -16 -17 -18 29 -20 -21 21 -23 25 -25 -26 -27 -28 28 -30 -31
leaf_value=-0.30062751770019536 0.089032222032547001 -0.05446957230567933 -0.013704201017107282 0.092966920754005172 -0.19633810066041493 -0.0042813539505004881 -0.0064830068155383395 0.040664910250774761 0.035945314679059898 -0.13206920500167393 0.036153618716548139 -0.052447849704373273 0.0074543046016110562 -0.11389902637850853 -0.019808684197604794 0.023169891701804269 -0.10263349832372462 -0.0062574206297727588 -0.020827402887137039 -0.021645089225335555 -0.032234885249429385 0.0057178459291831844 0.010698631422810771 0.035387724894324984 -0.0031966690697666647 -0.065053188456938818 -0.037308531284332279 -0.097555151581764227 -0.039065944894831235 -0.077137496801359326
leaf_weight=30 20 20 175 29 21 30 705 421 111 22 591 62 4728 31 872 72 47 7453 115 55 183 4010 3539 412 5335 26 75 64 376 28
leaf_count=30 20 20 175 29 21 30 705 421 111 22 591 62 4728 31 872 72 47 7453 115 55 183 4010 3539 412 5335 26 75 64 376 28
internal_value=0.000180914 0.00225737 -0.0302921 -0.0961302 -0.0194438 -0.0833635 -0.000942773 0.0129822 -0.026228 -0.0310624 0.0110267 0.0272872 0.00877482 -0.00681918 -0.0296138 -0.0118174 -0.0425292 -0.00626793 0.00705654 -0.0548994 0.00228844 -2.58725e-06 0.0074006 0.0312277 -0.0041597 0.0101462 0.00675532 -0.0379359 -0.0475735 -0.00652271
internal_weight=29658 27766 1892 110 80 51 21385 6381 1782 1556 5960 725 5235 7587 1534 134 662 7501 226 86 13798 9528 4270 432 5518 3565 4803 615 440 7481
internal_count=29658 27766 1892 110 80 51 21385 6381 1782 1556 5960 725 5235 7587 1534 134 662 7501 226 86 13798 9528 4270 432 5518 3565 4803 615 440 7481
is_linear=0
shrinkage=0.05


Tree=66
num_leaves=31
num_cat=0
split_feature=299 170 290 29 25 23 299 182 289 21 146 140 288 221 131 167 46 29 35 247 210 167 102 7 42 263 27 11 20 33
split_gain=686.601 295.049 269.114 349.072 526.973 205.178 210.701 125.717 100.605 85.7085 82.309 84.8359 77.4071 123.269 76.015 71.6583 70.4785 66.5509 66.3022 65.5459 63.6204 86.3929 63.6114 62.2852 61.7467 61.5734 59.5342 60.9886 59.0911 57.677
threshold=-6.926464080810546 0.19928570836782458 -26.375566482543942 -11.374140262603758 -9.5988287925720197 -5.9668052196502677 -31.526485443115231 3.9097305536270146 -1.9773238897323606 -1.1070539355278013 -2.2448127269744869 -4.2739253044128409 -14.909166336059569 -9.1521286964416486 -2.4634640216827388 -1.5869607925415037 -4.7663691043853751 5.1811430454254159 -2.5717301368713374 -2.2199654579162593 1.4207122325897219 2.3419747352600102 3.6078758239746098 -3.9357255697250362 2.6287798881530766 -0.27441176772117609 -3.6473463773727413 -1.2087653279304502 1.2434279918670657 6.1284935474395761
decision_type=2 2 2 2 2 2 2 2 2 2 2 2 2 2 2 2 2 2 2 2 2 2 2 2 2 2 2 2 2 2
left_child=2 8 3 4 -1 6 -5 9 22 15 -10 19 13 26 24 -3 -9 -17 -18 -12 21 -14 -2 -16 -11 -20 -4 -28 -15 -13
right_child=1 7 12 5 -6 -7 -8 16 10 14 11 29 20 28 23 17 18 -19 25 -21 -22 -23 -24 -25 -26 -27 27 -29 -30 -31
leaf_value=-0.35656134287516278 -0.0024406267684568797 0.052597047634244103 -0.0020787176515521676 0.16270453713156963 -0.013592093331473216 -0.069771650954559977 -0.061529729366302494 -0.053505145510037745 0.016457163820527494 -0.0052159457636021429 -0.086463067633040402 0.0034391271639947168 -0.012280049892046403 -0.1150013342435504 -0.058796540954533752 0.014542334437989985 0.060230995448274982 0.1008436802936637 -0.024837323386560788 0.012476186296687676 -0.10101452177390456 0.087176451967521162 -0.06134974418774896 0.0091503944796487695 -0.060659347519730081 0.030621226034093674 -0.059396268038700031 -0.021256885750904338 -0.023044037893414498 -0.054021923074668105
leaf_weight=24 12100 172 232 22 21 143 20 24 1250 210 47 5845 2910 58 34 777 179 23 55 26 20 22 46 4209 66 556 150 348 25 44
leaf_count=24 12100 172 232 22 21 143 20 24 1250 210 47 5845 2910 58 34 777 179 23 55 26 20 22 46 4209 66 556 150 348 25 44
internal_value=0.000171869 0.00317349 -0.0191099 -0.0716146 -0.196509 -0.0412348 0.0559263 0.0125675 0.00011381 0.00984913 0.00479157 0.00234575 -0.0159024 -0.0295637 0.00695199 0.0233184 0.0309049 0.0170235 0.0334692 -0.0512244 -0.01214 -0.0115338 -0.00266373 0.00860592 -0.0184742 0.025629 -0.0229988 -0.0327447 -0.0873034 0.0030098
internal_weight=29658 25663 3995 230 45 185 42 6305 19358 5491 7212 5962 3765 813 4519 972 814 800 790 73 2952 2932 12146 4243 276 611 730 498 83 5889
internal_count=29658 25663 3995 230 45 185 42 6305 19358 5491 7212 5962 3765 813 4519 972 814 800 790 73 2952 2932 12146 4243 276 611 730 498 83 5889
is_linear=0
shrinkage=0.05


Tree=67
num_leaves=31
num_cat=0
split_feature=292 299 290 23 27 149 182 4 101 78 298 297 299 232 277 184 105 298 104 298 255 298 298 294 299 43 298 299 290 273
split_gain=624.804 293.194 206.412 329.536 226.435 300.984 132.008 119.009 108.319 103.513 89.2393 96.3673 88.0538 81.7695 117.141 75.7998 85.6444 75.2406 80.4447 72.3922 72.3404 71.5529 71.1115 106.77 93.4636 84.9145 76.2876 75.0536 70.5552 138.137
threshold=-8.9693531990051252 -1.1524291634559629 -26.375566482543942 -8.6013288497924787 -8.0140819549560529 -17.560850143432614 3.9097305536270146 3.4825048446655278 -14.968865394592283 -8.7551441192626935 -0.78668349981307972 -3.1577124595642085 0.52450984716415416 -3.231813788414001 -10.362948894500731 -7.488050937652587 -5.2840273380279532 0.90678429603576671 5.1541175842285165 -2.846078515052795 0.29220588505268102 0.098469059914350524 -1.5440463423728941 2.6006979942321782 -2.1379821300506587 5.3160784244537362 -3.839210987091064 -3.5817238092422481 -14.919329166412352 -9.5914740562438947
decision_type=2 2 2 2 2 2 2 2 2 2 2 2 2 2 2 2 2 2 2 2 2 2 2 2 2 2 2 2 2 2
left_child=2 13 3 -1 5 -5 10 28 -6 -10 11 20 17 21 -15 16 -11 18 -12 -13 -3 -2 23 24 25 26 27 -16 29 -4
right_child=1 6 7 4 8 -7 -8 -9 9 15 12 19 -14 14 22 -17 -18 -19 -20 -21 -22 -23 -24 -25 -26 -27 -28 -29 -30 -31
leaf_value=-0.200480710543119 -0.0054374015018964087 -0.004396805112823708 -0.030983623562453391 0.19537600562686014 -0.17590735299246651 -0.066439162129941207 0.030282852825702439 0.014713283073264386 0.045281941240484069 -0.068419507552276965 0.0030426315906943099 0.093105698914991486 0.010915890564942745 0.11925223097205162 0.0037718361523170797 -0.0054493374094880861 -0.1892436631396413 -0.021601768438668217 -0.097663443237543113 0.021290416702453935 -0.1051206962193828 -0.082848005592823029 -0.0074548982309462332 0.072865963258125166 0.011895107392891402 -0.063694902853323868 -0.0029056551233468831 0.026967693057759319 -0.016186498285883068 -0.14846105105601823
leaf_weight=39 6031 164 666 21 21 23 745 243 22 55 2335 36 3346 21 2212 29 20 387 20 1390 20 30 2047 54 2063 52 5581 414 1545 26
leaf_count=39 6031 164 666 21 21 23 745 243 22 55 2335 36 3346 21 2212 29 20 387 20 1390 20 30 2047 54 2063 52 5581 414 1545 26
internal_value=0.000163275 0.00246468 -0.0227217 -0.0680338 -0.0409897 0.0585181 0.0101858 -0.0185193 -0.0707743 -0.0532522 0.00824084 0.0187093 0.0054724 -0.00105812 0.00126148 -0.0740959 -0.100639 -0.00117017 0.00218738 0.0231034 -0.0153451 -0.00582056 0.00106202 0.00274226 0.00237541 -2.50269e-06 0.000401056 0.00742876 -0.0221293 -0.0353975
internal_weight=29658 26948 2710 230 191 44 8443 2480 147 126 7698 1610 6088 18505 12444 104 75 2742 2355 1426 184 6061 12423 10376 10322 8259 8207 2626 2237 692
internal_count=29658 26948 2710 230 191 44 8443 2480 147 126 7698 1610 6088 18505 12444 104 75 2742 2355 1426 184 6061 12423 10376 10322 8259 8207 2626 2237 692
is_linear=0
shrinkage=0.05


Tree=68
num_leaves=31
num_cat=0
split_feature=181 29 280 293 190 25 257 121 298 254 246 34 277 154 20 54 203 286 15 9 29 25 1 7 105 29 3 32 274 276
split_gain=567.877 351.429 891.079 273.971 114.23 111.638 117.207 93.7871 88.948 108.83 88.3408 75.6747 73.984 86.713 71.3624 84.649 78.9958 85.167 69.9546 85.601 66.5475 65.3827 77.1251 70.1563 60.9914 59.3274 58.7734 162.765 84.894 58.2037
threshold=-5.2992513179779044 -11.374140262603758 -34.529897689819329 -0.28515312075614924 3.9050028324127202 -9.5988287925720197 -15.536587715148924 -2.0881074666976924 -3.0249896049499507 -0.71519607305526722 -4.4183402061462393 3.7392052412033085 -5.080739974975585 -0.13498369604349134 -1.3351470828056333 0.17141013592481616 -7.75866675376892 -12.292830467224119 1.2611597180366518 -2.129744172096252 -7.1669020652770987 -1.5373529791831968 -0.65136101841926564 -0.45494118332862848 0.60808822512626659 4.6447060108184823 2.7033921480178837 -7.414865016937255 -32.546634674072259 1.4813268184661867
decision_type=2 2 2 2 2 2 2 2 2 2 2 2 2 2 2 2 2 2 2 2 2 2 2 2 2 2 2 2 2 2
left_child=1 2 -1 7 8 -3 21 -2 9 -5 -10 12 13 24 15 -9 -16 -18 -6 -20 -17 26 -23 -24 -8 -19 28 -28 -7 -11
right_child=3 5 -4 4 18 6 11 14 10 29 -12 -13 -14 -15 16 20 17 25 19 -21 -22 22 23 -25 -26 -27 27 -29 -30 -31
leaf_value=-0.38425870149031932 -0.0057094898657323243 0.091522100697393013 0.016371983119419644 0.01544281327814767 0.013228408512772162 0.062316805521647138 -0.014398233123144814 0.0023805815657160726 -0.046259355988051448 0.057890062905581935 0.0087565856163919643 -0.053444690848974623 0.0069222875912465275 -0.12026741520792712 0.072727033294535975 0.0854051497247484 -0.041826816959442889 0.0004701287540059415 0.14679698187392207 0.040347953987167735 0.016423204182497451 -0.10998625575054077 -0.097029535545081633 -0.018519988840305677 -0.084029078576713809 -0.029832025826340772 -0.18027541523887999 0.010332604497671129 -0.02770969646358953 0.14964377132058146
leaf_weight=23 5801 23 35 165 289 30 1826 2417 74 56 5225 119 402 20 37 36 123 10717 20 339 1213 62 41 93 32 164 21 24 206 25
leaf_count=23 5801 23 35 165 289 30 1826 2417 74 56 5225 119 402 20 37 36 123 10717 20 339 1213 62 41 93 32 164 21 24 206 25
internal_value=0.000155111 -0.0206354 -0.142499 0.00245755 0.0116741 -0.0181972 -0.0190747 -0.00032567 0.00935274 0.0387439 0.00798829 -0.0145738 -0.012545 -0.0167122 0.00179791 0.00784228 -0.000209028 -0.000454269 0.0315384 0.0462783 0.0184115 -0.0417111 -0.0638761 -0.0425416 -0.0155975 1.34103e-05 -0.0262509 -0.0786178 -0.0162656 0.0862091
internal_weight=29658 2957 58 26701 6193 2899 2876 20508 5545 246 5299 2399 2280 1878 14707 3666 11041 11004 648 359 1249 477 196 134 1858 10881 281 45 236 81
internal_count=29658 2957 58 26701 6193 2899 2876 20508 5545 246 5299 2399 2280 1878 14707 3666 11041 11004 648 359 1249 477 196 134 1858 10881 281 45 236 81
is_linear=0
shrinkage=0.05


Tree=69
num_leaves=31
num_cat=0
split_feature=299 119 289 13 23 23 286 298 189 295 115 255 291 193 34 32 5 70 210 167 143 292 97 125 2 288 221 154 27 25
split_gain=518.91 241.937 199.681 302.699 796.39 189.479 98.7451 96.7254 99.0517 85.1074 83.0862 80.9362 77.093 69.4099 67.2136 74.4298 68.49 66.735 65.8896 105.344 65.4457 83.674 66.4911 63.9073 63.505 75.6758 96.6186 63.2805 90.3635 71.6662
threshold=-6.4295823574066153 0.50233116745948803 -26.402222633361813 -3.484337210655212 -8.6013288497924787 -5.9668052196502677 5.6975979804992685 -6.6861763000488272 -2.0013865232467647 -9.1475400924682599 -13.298553943634031 -6.4857575893402091 -1.9281489849090574 -5.9440441131591788 -10.094942092895506 -7.414865016937255 1.9432213306427004 -1.6800980567932127 1.4207122325897219 2.6986665725708012 -1.7477734684944151 -0.99635931849479664 6.1158823966979989 -5.9508497714996329 4.2971794605255136 -15.654227733612059 -9.1521286964416486 -2.6201303005218501 -2.2426787614822383 -1.2677450776100156
decision_type=2 2 2 2 2 2 2 2 2 2 2 2 2 2 2 2 2 2 2 2 2 2 2 2 2 2 2 2 2 2
left_child=2 7 3 -1 -5 -6 9 11 23 -3 -7 -2 18 -13 -12 -16 -17 -8 19 24 -10 -22 -23 -9 25 26 -4 -27 -29 -30
right_child=1 6 12 4 5 10 17 8 20 -11 14 13 -14 -15 15 16 -18 -19 -20 -21 21 22 -24 -25 -26 27 -28 28 29 -31
leaf_value=0.089752067368606039 -0.021747927645505486 0.11292551919817924 -0.024738903200445448 -0.34117046502920301 0.067612849512407855 -0.16329092025756836 -0.055581149742716843 -0.03609035377831836 0.0093936189256977245 0.009566474705308952 0.016270464631142439 0.12647582956225328 0.05196848409871261 0.034483038902740987 -0.15883219964802264 -0.084060868829488766 0.017297379523515701 0.035222192116685813 -0.088931803148368307 0.10117270616814494 -0.0037256339355754963 0.0075934502693696896 -0.060738020804193285 -0.0033870998582554469 0.025303235561540811 -0.0080043788679708579 -0.095200305474254329 -0.076300941834847147 0.015641047453714741 -0.025773690402379746
leaf_weight=29 59 20 593 26 31 20 21 152 3051 4764 27 23 45 189 20 50 25 555 29 20 4437 3212 36 8685 101 2573 53 75 126 611
leaf_count=29 59 20 593 26 31 20 21 152 3051 4764 27 23 45 189 20 50 25 555 29 20 4437 3212 36 8685 101 2573 53 75 126 611
internal_value=0.000147356 0.00292762 -0.0155854 -0.061164 -0.0831568 -0.0443802 0.0123534 0.000381642 -2.9112e-05 0.00999858 -0.0688294 0.0300484 -0.0131263 0.0444634 -0.0533439 -0.073129 -0.0502748 0.0319117 -0.013827 -0.0133024 0.00319792 0.000738186 0.00683608 -0.00394961 -0.0138565 -0.0148377 -0.0305198 -0.0118448 -0.0240142 -0.0186933
internal_weight=29658 25204 4454 228 199 173 5360 19844 19573 4784 142 271 4226 212 122 95 75 576 4181 4152 10736 7685 3248 8837 4132 4031 646 3385 812 737
internal_count=29658 25204 4454 228 199 173 5360 19844 19573 4784 142 271 4226 212 122 95 75 576 4181 4152 10736 7685 3248 8837 4132 4031 646 3385 812 737
is_linear=0
shrinkage=0.05


Tree=70
num_leaves=31
num_cat=0
split_feature=187 8 1 232 15 295 287 2 43 84 131 2 19 37 254 162 44 259 291 20 288 105 273 143 275 257 86 236 172 221
split_gain=568.561 1397.41 484.999 396.739 378.888 212.112 126.722 111.871 153.193 136.676 104.208 75.7009 75.5556 82.0296 87.9091 74.5019 74.1474 69.1825 67.9849 67.0856 73.7624 61.4951 62.076 81.5737 65.4066 61.047 68.92 60.6721 58.3355 57.2857
threshold=-18.127347946166989 1.5870588421821596 3.3034468889236455 -3.6837385892868038 -2.8171921968460079 6.2641994953155526 -11.058333396911619 4.2971794605255136 -4.3944854736328116 -2.6103922128677364 0.027438083663582805 -3.9161043167114253 -0.081893168389797197 4.3244502544403085 -6.8846898078918448 4.7968618869781503 -5.4833333492279044 -13.318725585937498 0.81453427672386181 -4.1658983230590811 -22.968785285949703 4.4602744579315194 -4.0537722110748282 -2.1806758642196651 -5.3707842826843253 -3.9232687950134273 3.4888235330581669 -2.3953243494033809 1.4847058653831484 -0.39196078479290003
decision_type=2 2 2 2 2 2 2 2 2 2 2 2 2 2 2 2 2 2 2 2 2 2 2 2 2 2 2 2 2 2
left_child=1 2 4 6 -1 10 7 11 9 -9 12 -2 15 14 -14 21 -6 -8 28 -13 -21 22 -5 24 -24 26 -12 29 -19 -15
right_child=3 -3 -4 5 16 -7 17 8 -10 -11 25 19 13 27 -16 -17 -18 18 -20 20 -22 -23 23 -25 -26 -27 -28 -29 -30 -31
leaf_value=-0.24128894982514559 0.038054699223974475 -0.49156980313360688 0.17444590438495985 -0.0044234594639813362 0.065218694295201982 0.033447219866339202 0.078520977497100838 0.036009687350855933 0.11297757265823227 -0.097096291060249015 -0.0076592428903830686 -0.00038014374128202111 0.058942121280164551 -0.015282439334051951 -0.0028897347643177325 0.082328013554215429 -0.067650216037318828 -0.0063963969573499427 -0.053521783532280681 -0.063411870904457879 -0.02685146226367327 -0.074906855821609497 0.059472463866074882 0.0020901177263367705 0.011992907512588677 0.0096726836627795999 -0.1023189507779621 -0.018245440953737729 0.047853611487895249 -0.12092125542236097
leaf_weight=27 46 20 22 1895 21 579 24 54 35 30 228 205 58 21 6465 30 21 5548 76 156 1193 25 75 4851 2207 5462 21 154 50 33
leaf_count=27 46 20 22 1895 21 579 24 54 35 30 228 205 58 21 6465 30 21 5548 76 156 1193 25 75 4851 2207 5462 21 154 50 33
internal_value=-0.00019923 -0.113148 -0.0299786 0.000225462 -0.0951574 0.00358311 -0.00978095 -0.0216798 0.0250912 -0.0115282 0.0027798 -0.0251584 0.000689138 -0.0033256 -0.00233995 0.00366428 -0.00121576 -0.00619124 -0.00654956 -0.0270296 -0.0310794 0.0034036 0.00362046 0.00575746 0.0135534 0.00856894 -0.0156426 -0.0342362 -0.00591185 -0.0798395
internal_weight=29632 111 91 29521 69 22104 7417 1719 119 84 21525 1600 15814 6731 6523 9083 42 5698 5674 1554 1349 9053 9028 7133 2282 5711 249 208 5598 54
internal_count=29632 111 91 29521 69 22104 7417 1719 119 84 21525 1600 15814 6731 6523 9083 42 5698 5674 1554 1349 9053 9028 7133 2282 5711 249 208 5598 54
is_linear=0
shrinkage=0.05


Tree=71
num_leaves=31
num_cat=0
split_feature=187 3 299 2 223 187 6 298 287 117 2 42 145 183 294 237 2 156 298 242 298 22 299 32 146 10 119 295 20 288
split_gain=513.127 1816.16 363.056 281.085 253.583 190.888 173.893 163.917 119.727 103.77 94.5495 130.34 126.84 93.949 88.7198 78.7854 76.2221 74.9359 77.6824 66.3905 65.6709 62.4011 59.2785 59.0049 55.4987 54.1922 59.005 59.4028 54.045 67.0652
threshold=-18.127347946166989 2.4908574819564824 -4.509920358657836 0.28303921222686773 -26.776078224182125 1.4217815399169924 -0.69453394412994374 -4.4858374595642081 -11.058333396911619 28.355038642883304 4.2971794605255136 -4.5589804649353018 -7.7623972892761222 -2.8348038196563716 1.803790867328644 -6.8429410457611075 -3.9161043167114253 1.7494044303894045 -4.9082074165344229 0.80729648470878612 -2.9233573675155635 -3.8539543151855464 -3.4332549571990962 -1.6655163168907163 -4.8108456134796134 0.71811306476593029 0.77864629030227672 -5.6507840156555167 -4.1658983230590811 -22.968785285949703
decision_type=2 2 2 2 2 2 2 2 2 2 2 2 2 2 2 2 2 2 2 2 2 2 2 2 2 2 2 2 2 2
left_child=1 3 8 6 -5 7 -1 -4 10 21 16 12 -12 15 17 -9 -2 18 -10 -19 -17 -7 -22 -11 -24 -15 27 -27 -18 -30
right_child=2 -3 5 4 -6 9 -8 13 14 23 11 -13 -14 25 -16 20 28 19 -20 -21 22 -23 24 -25 -26 26 -28 -29 29 -31
leaf_value=0.005770547594875098 0.038190071781476341 -0.51428022493015646 0.023684876955079814 0.19075654347737631 -0.041575598846311158 0.055113985152407133 -0.197938255881044 -0.10541699364781382 -0.0020030033760793024 0.12316319485505423 0.051570202126389457 0.10871232263743878 -0.071311947064740325 0.00097925064684773952 0.094403365254402169 0.0021390305044416912 -0.0020842209957433089 -0.051547061943716103 -0.016066613618521502 0.045712830200791366 -0.038472930510197921 0.01230485604236836 0.035105785965055661 0.040796247237845314 -0.010542125179502317 -0.057494549448356816 0.02087419665535617 0.005570121628860402 -0.060241279235252965 -0.02541499605288812
leaf_weight=20 48 22 810 24 23 88 22 20 4294 30 42 32 42 11818 22 1497 209 143 1273 20 186 2606 69 79 1903 38 732 2150 156 1214
leaf_count=20 48 22 810 24 23 88 22 20 4294 30 42 32 42 11818 22 1497 209 143 1273 20 186 2606 69 79 1903 38 732 2150 156 1214
internal_value=-0.000189268 -0.107491 0.000214189 -0.00693609 0.0770621 0.0034487 -0.100934 0.00167127 -0.00929127 0.0156383 -0.0207712 0.0228417 -0.00987087 0.00070288 -0.00581255 -0.0064494 -0.0238807 -0.00619732 -0.00521891 -0.0396133 -0.00590785 0.0137032 -0.01149 0.063466 -0.00894491 0.00248634 0.00858592 0.00447485 -0.0257676 -0.0293806
internal_weight=29632 111 29521 89 47 22026 42 19223 7495 2803 1743 116 84 18413 5752 3675 1627 5730 5567 163 3655 2694 2158 109 1972 14738 2920 2188 1579 1370
internal_count=29632 111 29521 89 47 22026 42 19223 7495 2803 1743 116 84 18413 5752 3675 1627 5730 5567 163 3655 2694 2158 109 1972 14738 2920 2188 1579 1370
is_linear=0
shrinkage=0.05


Tree=72
num_leaves=31
num_cat=0
split_feature=256 187 3 8 284 17 183 70 21 44 86 168 146 55 278 44 38 283 179 110 103 35 143 294 78 11 1 8 222 283
split_gain=469.727 250.03 1646.31 314.597 249.405 210.161 122.829 112.724 103.488 97.6641 81.5906 80.9446 83.5099 111.946 77.014 72.7278 76.2624 65.5426 58.6319 58.2753 58.2659 57.0476 55.8637 55.536 57.9837 54.5136 53.8755 83.9812 53.1648 50.6081
threshold=-11.273817062377928 -18.127347946166989 2.4908574819564824 1.0000000180025095e-35 1.0614261627197268 -2.4682564735412593 -2.9377653598785396 3.9539020061492924 -4.7570428848266593 0.077149305492639556 -3.8646606206893916 -18.545098304748532 1.8769608139991762 3.2707842588424687 1.7702122926712038 -4.8937747478485099 -5.4226763248443595 -13.622772216796873 -0.82536825537681568 -0.48627449572086329 -2.1517047882080074 -3.4414908885955806 -1.3586928248405454 -0.70537397265434254 -1.41196072101593 0.5030936896800996 3.7516863346099858 5.3304290771484384 -5.9253053665161124 -7.3225274085998526
decision_type=2 2 2 2 2 2 2 2 2 2 2 2 2 2 2 2 2 2 2 2 2 2 2 2 2 2 2 2 2 2
left_child=1 2 3 5 6 -1 9 10 -8 18 -6 -3 13 -13 21 -10 -17 -18 22 -12 -21 -11 23 -2 -25 -16 27 -9 -24 -23
right_child=4 11 -4 -5 7 -7 8 26 15 14 19 12 -14 -15 25 16 17 -19 -20 20 -22 29 28 24 -26 -27 -28 -29 -30 -31
leaf_value=-0.20736610084772111 -0.0026179821811759263 0.046912117004394537 -0.48856619718399918 0.11719733383224318 0.081810535700657439 -0.0031035197707002657 0.043723692893981939 0.034405634429428608 -0.030857002889287884 -0.046674914325564365 0.020526323644238828 -0.025128016080944161 0.0758199652703479 -0.14449086353182791 -0.030433475788471831 0.044953711817760283 -0.061009402821461362 0.0015335036115540588 0.017517201335461446 -0.040382035565910059 0.0067978062928120662 -0.032175023304788691 -0.054861263041384528 0.072097536574537852 -0.0094932465412727526 -0.11229443333365702 -0.0093829883079902809 0.10162332292113985 -0.011875076240159148 -0.0077706365800697024
leaf_weight=20 4577 40 22 33 39 34 145 273 174 121 861 1101 20 20 53 101 42 15954 338 67 2810 247 80 51 38 33 51 56 713 1518
leaf_count=20 4577 40 22 33 39 34 145 273 174 121 861 1101 20 20 53 101 42 15954 338 67 2810 247 80 51 38 33 51 56 713 1518
internal_value=-0.000179805 -0.0296873 -0.102145 -0.00442908 0.00116324 -0.0787563 -0.000781329 0.0124766 0.00166997 -0.00596096 0.00986498 -0.0229999 -0.0254508 -0.0272576 -0.0155727 0.00129521 0.00164276 0.00136929 -0.00269127 0.00911434 0.00569908 -0.0134627 -0.0039425 -0.00185732 0.037261 -0.0618452 0.0384345 0.0458469 -0.0162116 -0.0111859
internal_weight=29632 1290 109 87 28342 54 24185 4157 16416 7769 3777 1181 1141 1121 1972 16271 16097 15996 5797 3738 2877 1886 5459 4666 89 86 380 329 793 1765
internal_count=29632 1290 109 87 28342 54 24185 4157 16416 7769 3777 1181 1141 1121 1972 16271 16097 15996 5797 3738 2877 1886 5459 4666 89 86 380 329 793 1765
is_linear=0
shrinkage=0.05


Tree=73
num_leaves=31
num_cat=0
split_feature=189 3 2 37 1 234 232 256 299 258 31 143 219 260 86 10 146 55 154 133 273 138 0 173 215 170 162 53 44 85
split_gain=428.237 1186.36 426.236 328.653 309.068 307.242 165.178 108.395 75.4882 72.1248 71.3816 69.2106 91.4821 77.4889 69.1943 68.853 64.1154 105.854 62.3788 58.5925 58.3007 56.9977 56.5848 59.7358 55.0893 63.9586 90.9565 57.2799 51.3123 50.7455
threshold=-18.562269210815426 2.9854755401611333 0.61786222457885753 -9.9393501281738263 0.24557424336671832 -3.237278819084167 6.6551766395568857 -11.273817062377928 -1.6391176581382749 4.1917376518249521 4.5535709857940683 -2.2260785102844234 -0.55291062593460072 -5.5076265335082999 5.1835908889770517 0.66266885399818432 1.8059383630752566 3.2707842588424687 -5.1395239830017081 -5.3791515827178946 -4.0892157554626456 -3.921027302742004 0.75382474064826976 3.3291372060775761 -0.85864615440368641 0.83953431248664867 -1.9620193839073179 1.6890755891799929 -5.1239831447601309 -12.516455650329588
decision_type=2 2 2 2 2 2 2 2 2 2 2 2 2 2 2 2 2 2 2 2 2 2 2 2 2 2 2 2 2 2
left_child=1 2 4 -4 -1 7 8 16 9 14 -8 12 20 -14 22 18 17 29 -10 -17 -9 -13 23 24 25 -7 -27 -26 -21 -2
right_child=5 -3 3 -5 -6 6 10 11 15 -11 -12 21 13 -15 -16 19 -18 -19 -20 28 -22 -23 -24 -25 27 26 -28 -29 -30 -31
leaf_value=-0.0089577118903398523 0.024329576821162782 -0.41765677365271947 0.24275829792022707 -0.024659934294996438 -0.27266252785921097 -0.00090322151027974636 0.048132865682040178 -0.0055724010830239742 0.068233531431571862 0.0904650856148113 0.0072260232908385146 -0.036243645118952894 0.1324123840034008 0.023496048782397524 -0.05370345026254654 -0.063159244537353526 0.067057327851653109 -0.13726632284000514 0.0031334243859353892 -0.060599846943565044 0.0082102953404764277 -0.0095778663950300547 0.0059068933085209838 0.050734540890410268 -0.0064239601926026381 0.072423421091412851 0.0013005616238866097 -0.032274099593320171 0.014413650885904288 -0.023684144048843274
leaf_weight=25 58 23 20 27 20 5250 292 3870 37 22 168 217 20 89 60 25 20 20 6711 23 957 2619 3041 53 1872 73 117 242 2586 1075
leaf_count=25 58 23 20 27 20 5250 292 3870 37 22 168 217 20 89 60 25 20 20 6711 23 957 2619 3041 53 1872 73 117 242 2586 1075
internal_value=-0.000170815 -0.0964691 -0.0161722 0.0891351 -0.12616 0.000204369 0.00356814 -0.00753173 0.00289056 2.61878e-05 0.033193 -0.00539344 -0.00181697 0.0434807 -0.000159622 0.00616649 -0.0216995 -0.0232391 0.00349038 0.0130224 -0.00283985 -0.0116182 0.00014209 -0.00216247 -0.0025336 0.000128155 0.0286267 -0.00938315 0.0137524 -0.0212262
internal_weight=29632 115 92 47 45 29517 20572 8945 20112 10730 460 7772 4936 109 10708 9382 1173 1153 6748 2634 4827 2836 10648 7607 7554 5440 190 2114 2609 1133
internal_count=29632 115 92 47 45 29517 20572 8945 20112 10730 460 7772 4936 109 10708 9382 1173 1153 6748 2634 4827 2836 10648 7607 7554 5440 190 2114 2609 1133
is_linear=0
shrinkage=0.05


Tree=74
num_leaves=31
num_cat=0
split_feature=292 66 4 184 113 291 66 21 164 8 191 61 182 102 16 1 225 9 298 281 275 264 276 25 99 125 211 249 187 296
split_gain=409.408 506.594 1214.52 261.2 217.166 156.254 90.0788 82.6909 82.4084 80.9375 79.1806 71.3824 66.1257 77.2246 72.9585 65.9903 63.9183 63.6669 62.8117 66.9157 78.256 63.4838 67.9343 61.5864 60.7955 76.3938 67.6982 59.2278 60.0904 57.5597
threshold=-26.933841705322262 -9.5435600280761701 1.9227696061134341 -3.0795097351074214 -13.616684436798094 1.6180377006530764 8.2992649078369158 -4.4642736911773673 -5.8912856578826895 3.326902031898499 -2.6544927358627315 10.445958614349367 -9.4025564193725568 -2.4755392074584956 3.2764744758605961 3.7516863346099858 -26.205654144287106 1.6483380198478701 0.90678429603576671 -5.4946968555450431 -2.4180476665496822 -3.59769594669342 -4.5364313125610343 -1.5373529791831968 0.41631686687469488 -3.7678664922714229 -2.194771289825439 -2.711521983146667 3.0472548007965092 2.9017919301986699
decision_type=2 2 2 2 2 2 2 2 2 2 2 2 2 2 2 2 2 2 2 2 2 2 2 2 2 2 2 2 2 2
left_child=1 2 -1 12 -3 7 16 -5 10 24 -9 18 13 14 -2 -11 -6 -13 19 20 -10 -20 -23 -22 25 -7 -26 -27 -29 -21
right_child=3 4 -4 5 6 9 -8 8 11 15 -12 17 -14 -15 -16 -17 -18 -19 21 29 23 22 -24 -25 26 27 -28 28 -30 -31
leaf_value=0.010884254712324876 -0.013240136374348314 0.11094226837158204 -0.50737707018852241 0.032182268530542402 0.000311360214695786 -0.065108959862719404 -0.14942308196565138 0.015244107085686083 -0.0054353396733413566 0.057356727602838102 -0.045017782061422526 0.12171188080018121 -0.0061333584479653187 -0.066865592994283712 -0.11016325527802109 -0.0094134718813794725 -0.065615845279184626 0.022920353720857673 -0.066109173542800104 0.0028034434928083211 -0.13172157965600492 0.08223840101134211 -0.0084156997023642158 -0.031387085203941054 -0.074673304948955785 0.096228419678906607 0.0081488267405064232 0.017867291651178743 0.061411859243307068 0.041637437467579731
leaf_weight=26 665 24 20 217 66 23 20 78 1266 174 181 21 6661 84 20 47 83 73 47 15765 20 21 1299 65 25 30 1887 535 93 96
leaf_count=26 665 24 20 217 66 23 20 78 1266 174 181 21 6661 84 20 47 83 73 47 15765 20 21 1299 65 25 30 1887 535 93 96
internal_value=-0.000162274 -0.0653388 -0.214447 0.000367688 -0.0298001 0.00310916 -0.0497871 0.00149246 0.00114069 0.0141106 -0.0268694 0.0015292 -0.00773607 -0.0216186 -0.01607 0.0431567 -0.0364132 0.0449908 0.00130931 0.00212862 -0.00855347 -0.00900667 -0.00697348 -0.0549952 0.011635 0.0244635 0.0070659 0.0275945 0.0243158 0.00303849
internal_weight=29632 239 46 29393 193 21963 169 19149 18932 2814 259 18673 7430 769 685 221 149 94 18579 17212 1351 1367 1320 85 2593 681 1912 658 628 15861
internal_count=29632 239 46 29393 193 21963 169 19149 18932 2814 259 18673 7430 769 685 221 149 94 18579 17212 1351 1367 1320 85 2593 681 1912 658 628 15861
is_linear=0
shrinkage=0.05


Tree=75
num_leaves=31
num_cat=0
split_feature=292 19 43 5 188 232 283 217 9 298 8 41 168 108 208 181 295 186 72 257 47 144 35 41 122 13 146 138 1 138
split_gain=325.066 148.277 366.643 766.804 240.886 129.435 88.3058 87.9713 78.6092 78.1802 68.5778 76.7148 73.5997 91.2952 65.7615 79.1094 68.0052 63.1103 72.8218 57.4252 53.1819 53.0962 69.8224 102.81 63.3387 52.6786 52.3945 56.411 51.6832 51.2764
threshold=-5.5045096874237052 -5.341352939605712 -12.635293483734129 4.5211617946624765 -17.884001731872555 1.0396863222122195 -13.062434673309324 -9.2523732185363752 -6.8165824413299552 -10.427566051483153 -3.5190196037292476 -3.344240546226501 -3.8346883058547969 0.1840423718094826 1.1310210824012759 0.27862741053104406 -9.1475400924682599 7.2567977905273446 4.334095001220704 -9.4954266548156721 0.30688725411891943 -4.4470589160919181 -5.0123529434204093 -3.9290777444839473 -2.2049999237060542 -0.24878378957509992 -2.4181045293807979 -1.5814397931098936 2.8679199218750004 -3.111176490783691
decision_type=2 2 2 2 2 2 2 2 2 2 2 2 2 2 2 2 2 2 2 2 2 2 2 2 2 2 2 2 2 2
left_child=1 4 3 -3 -1 9 7 8 -4 -2 11 -10 13 20 15 -8 -17 18 19 -11 -12 28 23 -23 -24 -16 -26 -28 -21 -6
right_child=5 2 6 -5 29 -7 14 -9 10 17 12 -13 -14 -15 25 16 -18 -19 -20 21 -22 22 24 -25 26 -27 27 -29 -30 -31
leaf_value=0.1975479316711426 0.091196596622467041 0.013726476828257242 0.082239639759063732 -0.34673254203796389 -0.00021849084466409225 0.011120994095399123 -0.0080617284910411997 -0.049327952614644677 0.11525967121124268 -0.077943745133993422 -0.024632077293708587 -0.014993019975148715 0.032578124320134523 -0.13028412902727723 -0.12674604482948779 0.1030332157611847 0.013649649876397808 0.08193142066399256 -0.041758503973484046 0.011623376757485572 0.043179707787930968 0.059674332415064181 -0.0050395356045134336 -0.033952113403850182 0.0082809260760719604 -0.023908216709440405 -0.0044367448154485128 0.0030621318691102309 0.0893437764861367 0.0713446387405237
leaf_weight=20 24 36 20 25 130 3755 4065 246 20 23 798 26 60 20 20 25 143 24 100 772 30 33 3566 263 3003 33 3516 8747 22 31
leaf_count=20 24 36 20 25 130 3755 4065 246 20 23 798 26 60 20 20 25 143 24 100 772 30 33 3566 263 3003 33 3516 8747 22 31
internal_value=2.74529e-05 -0.0106461 -0.0120941 -0.134003 0.0338908 0.00260005 -0.0107435 -0.0226119 -0.0158643 0.00100765 -0.017921 0.0416386 -0.0209383 -0.0247249 -0.00736516 -0.00667215 0.0269508 0.000899794 0.000802774 0.00101617 -0.0221751 0.00110733 0.000581418 -0.023514 0.000960148 -0.0627149 0.00236162 0.000912083 0.0137768 0.0135607
internal_weight=29596 5748 5567 61 181 23848 5506 1220 974 20093 954 46 908 848 4286 4233 168 20069 20045 19945 828 19922 19128 296 18832 53 15266 12263 794 161
internal_count=29596 5748 5567 61 181 23848 5506 1220 974 20093 954 46 908 848 4286 4233 168 20069 20045 19945 828 19922 19128 296 18832 53 15266 12263 794 161
is_linear=0
shrinkage=0.05


Tree=76
num_leaves=31
num_cat=0
split_feature=184 58 182 17 123 3 160 90 28 283 206 287 19 298 35 102 122 112 219 58 148 125 11 4 5 28 100 40 277 15
split_gain=293.671 153.761 123.323 89.0106 231.987 1300.56 227.526 218.67 103.863 94.7753 64.8554 62.5526 87.3876 82.9654 70.4066 67.1214 65.0502 64.9284 62.2696 60.1476 51.1046 68.2645 50.9776 50.8172 71.3339 50.671 66.1527 65.1459 93.527 55.8597
threshold=-3.0795097351074214 4.524174928665162 1.0699509978294375 -5.4992825984954825 -13.167595386505125 2.0138039588928227 -18.818804740905758 -14.670686244964598 -11.329108715057371 -13.062434673309324 -5.5129411220550528 -8.821133613586424 -3.4987418651580806 -10.427566051483153 -5.0123529434204093 -1.1404249668121336 -0.85739526152610768 3.7419805526733403 -3.5372442007064815 -4.4049370288848868 -0.4853368997573852 -5.2412419319152823 4.0222015380859384 -0.15409804135560987 0.47117647528648382 -4.5825564861297599 -3.8339018821716304 -5.3248236179351798 -11.508559226989744 -0.24349674582481382
decision_type=2 2 2 2 2 2 2 2 2 2 2 2 2 2 2 2 2 2 2 2 2 2 2 2 2 2 2 2 2 2
left_child=1 3 11 6 5 7 -1 -5 -6 10 -10 12 -2 -13 15 -15 17 23 -14 -4 -11 -22 -18 24 -16 27 29 -21 -29 -27
right_child=2 -3 19 4 8 -7 -8 -9 9 20 -12 13 18 14 16 -17 22 -19 -20 25 21 -23 -24 -25 -26 26 -28 28 -30 -31
leaf_value=0.1906428337097168 0.041374621557634939 -0.13476694493244093 0.096478955234800073 0.14223615472966974 0.076013255763698273 -0.44433630346320574 -0.0083395789651309737 -0.045811207939942297 -0.02003230770628656 -0.0039001115039244971 -0.09856947174433757 0.080979203161868185 -0.026774639294621694 0.0075412280131447115 3.8217952835402834e-05 -0.040471679731027083 0.0054561283937594254 -0.078228069317561613 -0.11095915484428405 0.0072762309533098467 -0.069692961061209965 -0.013163802125287786 -0.049121179622273116 -0.0035937845686960564 0.015944888688422539 -0.10447211845413498 0.01094689555169185 0.15947529925476939 0.039361310225557278 0.0034985627532005317
leaf_weight=20 43 24 21 22 37 20 51 52 995 5500 27 33 181 118 2961 190 8573 27 25 92 57 847 43 5687 925 23 2885 21 71 25
leaf_count=20 43 24 21 22 37 20 51 52 995 5500 27 33 181 118 2961 190 8573 27 25 92 57 847 43 5687 925 23 2885 21 71 25
internal_value=2.60802e-05 -0.00840832 0.0029672 -0.00801076 -0.00853429 -0.0865927 0.0477118 0.0100948 -0.0075511 -0.00796746 -0.0221072 0.00143608 -0.0234582 0.00177011 0.001629 -0.0220771 0.00202983 -0.000800815 -0.0369912 0.0121432 -0.00571094 -0.0167281 0.00518375 -0.000582437 0.00382455 0.0115751 0.00997832 0.0370274 0.0667786 -0.0482374
internal_weight=29596 7652 21944 7628 7557 94 71 74 7463 7426 1022 18806 249 18557 18524 308 18216 9600 206 3138 6404 904 8616 9573 3886 3117 2933 184 92 48
internal_count=29596 7652 21944 7628 7557 94 71 74 7463 7426 1022 18806 249 18557 18524 308 18216 9600 206 3138 6404 904 8616 9573 3886 3117 2933 184 92 48
is_linear=0
shrinkage=0.05


Tree=77
num_leaves=31
num_cat=0
split_feature=292 19 43 5 0 123 226 9 296 8 25 30 119 281 35 18 89 191 217 263 51 96 144 216 170 263 240 13 1 175
split_gain=274.039 125.573 315.12 690.062 235.144 216.249 115.943 75.8949 86.1234 66.3672 63.504 62.4821 61.2521 62.0548 62.8095 66.8129 58.969 57.3968 55.1822 87.4657 57.4439 55.1449 52.6905 62.5882 53.4925 51.803 51.2325 46.1647 49.503 44.3205
threshold=-5.5045096874237052 -5.341352939605712 -12.635293483734129 4.5211617946624765 3.5141073465347294 -8.4022183418273908 3.2334936857223515 -6.8165824413299552 -12.081865787506102 -3.5190196037292476 -3.153524518013 7.2752943038940439 -1.1770784258842466 -9.6445794105529767 -4.3100426197051993 -0.32573531568050379 4.0981709957122812 -3.502754688262939 -8.62176465988159 -14.16453695297241 1.5379902720451357 -14.844773292541502 -3.8120043277740474 -7.0196592807769767 0.42663396894931799 -14.16453695297241 -7.183424472808837 2.5317647457122807 -2.7139019966125484 -8.7387027740478498
decision_type=2 2 2 2 2 2 2 2 2 2 2 2 2 2 2 2 2 2 2 2 2 2 2 2 2 2 2 2 2 2
left_child=1 4 3 -3 21 -6 12 26 9 10 -9 17 16 -14 15 -15 22 -8 19 20 27 -1 24 -24 -2 -10 -4 28 -11 -20
right_child=6 2 7 -5 5 -7 11 8 25 18 -12 -13 13 14 -16 -17 -18 -19 29 -21 -22 -23 23 -25 -26 -27 -28 -29 -30 -31
leaf_value=-0.080856781005859385 0.0065289441367194848 0.016015260418256124 0.012167767368448087 -0.32593091726303103 0.25038046658039098 0.039500239779872284 0.099584919722242801 0.095847674232462182 0.073592458963394169 -0.10277595194903287 -0.00995129971085368 -0.012529920977215434 0.091796510443091395 0.014395392474375275 0.0041891459115423191 -0.037143501431070348 -0.050899076461791995 0.018147904436104711 -0.0061673394838968922 -0.00073895434912979745 0.03867347358629622 0.0094006896560842341 -0.073425203177236747 -0.002251559904612674 0.05709153841842305 -0.007079648438140327 0.10903492117566722 -0.083277113111906276 -0.026138164586796315 -0.04951248761482429
leaf_weight=20 1069 36 39 25 20 31 22 23 20 22 37 172 20 95 12257 186 60 1309 75 451 29 110 31 8572 55 3971 21 43 499 276
leaf_count=20 1069 36 39 25 20 31 22 23 20 22 37 172 20 95 12257 186 60 1309 75 451 29 110 31 8572 55 3971 21 43 499 276
internal_value=2.47762e-05 -0.00977526 -0.0111078 -0.124127 0.0312103 0.122198 0.00238684 -0.00985571 -0.0104719 -0.0208855 0.030605 0.0158292 0.00148266 0.00379369 0.00365331 -0.0197193 -0.00148268 0.019494 -0.0231001 -0.017334 -0.0299551 -0.00448508 -0.00117786 -0.00250803 0.00900309 -0.00667538 0.0460713 -0.0334839 -0.0293743 -0.0402507
internal_weight=29596 5748 5567 61 181 51 23848 5506 5446 1455 60 1503 22345 12558 12538 281 9787 1331 1395 1044 593 130 9727 8603 1124 3991 60 564 521 351
internal_count=29596 5748 5567 61 181 51 23848 5506 5446 1455 60 1503 22345 12558 12538 281 9787 1331 1395 1044 593 130 9727 8603 1124 3991 60 564 521 351
is_linear=0
shrinkage=0.05


Tree=78
num_leaves=31
num_cat=0
split_feature=292 283 21 43 126 79 258 110 246 181 56 123 100 298 191 34 35 34 298 266 119 226 169 296 98 288 0 238 185 253
split_gain=247.321 107.067 90.7199 280.509 847.414 211.788 200.213 84.0027 68.2043 64.9055 75.2064 57.7423 86.6687 62.0263 56.9813 55.8676 59.2583 54.12 53.2302 55.5087 53.0858 54.437 55.1221 54.9497 52.202 63.4668 51.0905 64.5351 57.4259 51.0196
threshold=-5.5045096874237052 2.0117340087890629 -7.2198340892791739 -12.635293483734129 -11.100587844848631 -6.5302212238311759 -25.861246109008786 -2.2352836132049556 -8.4561495780944806 -1.9584803581237791 1.6901628971099856 -0.2742293626070022 -3.2019101381301875 -3.7096894979476924 -1.6361904740333555 1.0022222399711611 3.189603447914124 3.0110027790069585 -8.2968230247497541 -3.0422511100769039 -1.540686249732971 -0.12000000104308127 -1.6276470422744749 2.0582517385482793 -15.119443893432615 -20.81739521026611 -2.8456373214721675 1.8073202371597292 -7.0387809276580802 -13.424495697021483
decision_type=2 2 2 2 2 2 2 2 2 2 2 2 2 2 2 2 2 2 2 2 2 2 2 2 2 2 2 2 2 2
left_child=2 18 6 4 -4 -6 -1 -3 -8 10 15 17 -13 -14 -12 16 24 -9 19 -2 -15 23 -23 -22 -5 29 27 -20 -28 -26
right_child=1 7 3 9 5 -7 8 11 -10 -11 14 12 13 20 -16 -17 -18 -19 26 -21 21 22 -24 -25 25 -27 28 -29 -30 -31
leaf_value=0.17508372352236795 0.016689486282912992 0.056341082406792753 -0.37455616848809381 0.057396068572998053 0.1319338196516037 -0.090538470641426422 -0.045721231076197751 0.0075387937719361827 0.04664147628880129 0.0037178427107970821 -0.034112776292576676 -0.082168143892498768 0.089344536406653269 -0.032717148693888608 -0.12496016563847662 -0.023272282508657361 0.066028276175536499 -0.021957221223136127 0.013945194623287183 0.10351552891855438 0.027090178097132597 -0.057223601283988471 0.014788719108527438 0.10377155434001575 -0.026346026291827109 -0.0070940835741946902 -0.048279686023791631 0.098847288514177012 0.00070717935787176364 -0.10950629591941835
leaf_weight=21 79 101 21 30 20 23 39 456 41 858 126 23 28 58 20 685 27 236 332 24 80 27 1683 33 237 3580 60 24 20604 20
leaf_count=21 79 101 21 30 20 23 39 456 41 858 126 23 28 58 20 685 27 236 332 24 80 27 1683 33 237 3580 60 24 20604 20
internal_value=2.35374e-05 0.0022675 -0.0092865 -0.0101266 -0.114209 0.012937 0.0376825 0.011595 0.00161466 -0.00893343 -0.0112307 0.00987272 0.0143117 0.0154741 -0.0465576 -0.0101044 -0.00778796 -0.00252054 0.00106419 0.0369208 0.0143745 0.0158728 0.0136517 0.0494839 -0.00830335 -0.00881703 0.000888491 0.0196689 0.000564941 -0.0328176
internal_weight=29596 23848 5748 5647 64 43 101 2725 80 5583 4725 2624 1932 1909 146 4579 3894 692 21123 103 1881 1823 1710 113 3867 3837 21020 356 20664 257
internal_count=29596 23848 5748 5647 64 43 101 2725 80 5583 4725 2624 1932 1909 146 4579 3894 692 21123 103 1881 1823 1710 113 3867 3837 21020 356 20664 257
is_linear=0
shrinkage=0.05


Tree=79
num_leaves=31
num_cat=0
split_feature=184 5 204 34 115 288 290 51 9 80 50 298 126 28 298 251 232 21 298 87 80 35 21 190 215 289 48 34 57 271
split_gain=229.431 119.264 1130.42 256.847 133.793 102.165 73.0391 65.0275 75.5906 64.0392 62.8362 60.4521 126.472 62.2227 57.8348 108.586 71.7287 57.5542 56.8043 55.4769 52.5407 62.6635 62.0229 58.6802 81.9419 57.6356 50.6192 50.4454 55.57 51.8904
threshold=-3.0795097351074214 4.5211617946624765 -20.289684295654293 -13.30928325653076 -13.298553943634031 2.0356148481369023 -17.799740791320797 6.0709149837493905 0.8341176211833955 -8.9673004150390607 -6.9881417751312247 3.5940196514129643 -0.52135992050170887 1.9625490307807925 -0.59717324376106251 0.37223511934280401 3.7402452230453496 -3.7448180913925166 -15.897459983825682 -3.1519607305526729 -4.5912024974822989 -5.0123529434204093 -2.9718445539474483 -1.2233088612556455 -8.7807841300964338 -13.439677715301512 -1.7709057331085203 2.7090849876403813 3.5258823633193974 -8.6322712898254377
decision_type=2 2 2 2 2 2 2 2 2 2 2 2 2 2 2 2 2 2 2 2 2 2 2 2 2 2 2 2 2 2
left_child=1 3 -3 4 -1 7 9 11 -9 10 17 20 -13 -14 15 -7 -17 -5 19 -11 -2 22 -22 25 -25 -23 -16 28 -8 -29
right_child=5 2 -4 6 -6 14 27 8 -10 18 -12 12 13 -15 26 16 -18 -19 -20 -21 21 23 -24 24 -26 -27 -28 29 -30 -31
leaf_value=0.211108512878418 0.022835928232229331 -0.3984410858154297 0.019824383940015521 -0.065763031296870292 0.028219680786132812 0.01109321652834422 -0.0045254752812849608 0.12541095269910082 0.016299887573123877 -0.039347368081897698 0.059585001529791418 -0.10781758407768059 0.0086333003898466133 -0.060813414340927491 -0.026575263946126866 0.053252407091937654 0.15624488754705951 0.027662603091448548 -0.10753568476438523 0.0078897945105265346 0.019888259110214947 -0.076599012881517423 -0.026224920644909552 0.10129146968776531 0.0046597738492304567 -0.00059114346492667325 0.011130011903825496 -0.058235139316982702 -0.062919435164005291 -0.014275045661559824
leaf_weight=20 285 20 84 34 20 181 6480 22 57 306 39 38 139 42 93 73 22 32 25 78 91 25 367 22 7848 10563 2076 81 41 392
leaf_count=20 285 20 84 34 20 181 6480 22 57 306 39 38 139 42 93 73 22 32 25 78 91 25 367 22 7848 10563 2076 81 41 392
internal_value=2.23606e-05 -0.00743268 -0.0606113 -0.00669996 0.119664 0.00262198 -0.00737318 0.0014139 0.0466852 -0.0255646 0.00926738 0.00122973 -0.0248913 -0.00748141 0.0122565 0.0338141 0.0771033 -0.0204658 -0.0345068 -0.0297523 0.00152766 0.00120662 -0.0170627 0.00165994 0.0049299 -0.00077061 0.00951333 -0.00603627 -0.00489262 -0.0218031
internal_weight=29596 7652 104 7548 40 21944 7508 19499 79 514 105 19420 219 181 2445 276 95 66 409 384 19201 18916 458 18458 7870 10588 2169 6994 6521 473
internal_count=29596 7652 104 7548 40 21944 7508 19499 79 514 105 19420 219 181 2445 276 95 66 409 384 19201 18916 458 18458 7870 10588 2169 6994 6521 473
is_linear=0
shrinkage=0.05


Tree=80
num_leaves=31
num_cat=0
split_feature=119 0 53 24 16 175 8 280 276 27 298 1 28 15 291 298 148 243 34 298 16 294 29 4 28 215 0 298 8 48
split_gain=180.575 135.01 534.686 517.375 851.346 118.417 105.319 83.8726 91.0724 84.5564 126.025 81.3179 87.8093 71.184 65.3068 88.6834 71.2229 64.5123 64.0895 62.6268 61.4144 60.9384 58.2919 56.0617 53.9733 52.917 52.4518 56.1935 52.2797 64.2253
threshold=-1.6599940061569212 4.107140541076661 -10.204323768615721 -8.4764637947082502 -3.1413246393203731 -10.303574562072752 5.3304290771484384 -10.248347282409666 -5.5044445991516104 -8.0140819549560529 -21.057687759399411 3.5098820924758916 -3.28697657585144 1.5269812941551211 -0.71980392932891835 -3.0249896049499507 -2.2093065977096553 1.0728756785392763 3.7392052412033085 3.8634313344955449 3.2764744758605961 3.7455613613128667 4.6447060108184823 -1.8725458383560178 8.3666062355041522 -25.485179901123043 0.79405573010444652 0.57397255301475536 0.48512908816337591 -2.3699934482574458
decision_type=2 2 2 2 2 2 2 2 2 2 2 2 2 2 2 2 2 2 2 2 2 2 2 2 2 2 2 2 2 2
left_child=1 3 -3 4 -1 -2 14 8 9 10 -5 12 -8 -4 16 17 26 -16 23 21 25 22 -18 -9 -17 -11 -7 -28 29 -27
right_child=5 2 13 7 -6 6 11 18 -10 20 -12 -13 -14 -15 15 24 19 -19 -20 -21 -22 -23 -24 -25 -26 28 27 -29 -30 -31
leaf_value=-0.40792952506315139 -0.11008187584255054 0.24841640178973856 0.015888810250083957 0.14721043169498446 0.01654541238590523 0.0020358029856915737 0.16000759479674428 0.011122671859017734 -0.11418607330516628 -0.089536524855572244 -0.01838597235856233 0.00841477744787642 0.046575733666357241 -0.086448189541697515 0.026301031395762176 0.006434387332637511 -0.001213163297892555 0.10291078013758506 -0.027304877346481078 -0.082362273816640186 -0.075637779917035797 0.069655864834785461 -0.035757343867613423 -0.0033531357770458211 -0.033457896875780685 -0.010071709333795172 0.015817143985780237 -0.06862532000988722 0.0027876017752446625 -0.036404510696643383
leaf_weight=21 23 26 113 20 27 2222 22 725 23 23 27 103 76 20 242 6023 8069 31 262 24 42 30 124 8634 86 692 1321 20 380 348
leaf_count=21 23 26 113 20 27 2222 22 725 23 23 27 103 76 20 242 6023 8069 31 262 24 42 30 124 8634 86 692 1321 20 380 348
internal_value=0.000239377 -0.00471134 0.0410396 -0.00535945 -0.169162 0.00329943 0.00344121 -0.00465593 -0.01543 -0.0139474 0.0520806 0.039436 0.07204 0.000499788 0.00304351 0.00711877 0.000841283 0.0350003 -0.00291455 -0.00171092 -0.0160372 -0.00147553 -0.00173599 -0.00223176 0.0058728 -0.0143025 0.00674867 0.0145577 -0.0130839 -0.0188831
internal_weight=29799 11383 159 11224 48 18416 18393 11176 1555 1532 47 201 98 133 18192 6382 11810 273 9621 8247 1485 8223 8193 9359 6109 1443 3563 1341 1420 1040
internal_count=29799 11383 159 11224 48 18416 18393 11176 1555 1532 47 201 98 133 18192 6382 11810 273 9621 8247 1485 8223 8193 9359 6109 1443 3563 1341 1420 1040
is_linear=0
shrinkage=0.05


Tree=81
num_leaves=31
num_cat=0
split_feature=119 0 53 41 175 14 280 276 182 28 32 57 38 30 176 16 35 144 144 183 67 38 62 105 267 263 200 241 192 183
split_gain=162.969 121.847 482.554 480.55 106.871 99.1286 85.6966 80.9495 67.6859 75.597 71.05 60.218 60.1108 59.0304 56.939 57.1092 54.9013 75.6134 52.5662 57.2683 57.4127 51.1187 50.9413 51.2748 48.4863 48.3475 49.8125 62.1275 46.3335 45.663
threshold=-1.6599940061569212 4.107140541076661 -10.204323768615721 -13.738255023956297 -10.303574562072752 -0.062680643051862703 -10.248347282409666 -5.5044445991516104 1.3522290587425234 -4.4005882740020743 -8.3799252510070783 0.66320261359214794 5.5071167945861825 7.2752943038940439 -5.6986227035522452 2.9462577104568486 -4.620147466659545 -2.7659802436828609 -3.7616494894027706 -4.8733968734741202 1.9987255334854128 -4.4400980472564688 -4.62973928451538 -5.2840273380279532 -19.704274177551266 -27.230444908142086 -12.823921680450438 -6.4083333015441886 -1.0856027603149412 -1.6997209787368772
decision_type=2 2 2 2 2 2 2 2 2 2 2 2 2 2 2 2 2 2 2 2 2 2 2 2 2 2 2 2 2 2
left_child=1 3 -3 -1 -2 -4 7 11 13 -10 -11 21 18 14 15 -6 17 -16 28 20 -20 25 23 -23 -24 -5 -27 -28 29 -8
right_child=4 2 5 6 8 -7 12 -9 9 10 -12 -13 -14 -15 16 -17 -18 -19 19 -21 -22 22 24 -25 -26 26 27 -29 -30 -31
leaf_value=-0.18747708532545304 -0.10457774867182193 0.23599557142991287 0.027273193790946001 0.058370541163853241 0.019761231288923858 -0.069056183053180578 0.0044965330905646968 -0.10847686433597753 0.041474086751220052 -0.085460405945777904 0.009174757192457153 -0.059977153121658112 -0.048578158230848718 -0.041630125045776373 0.015870482338106503 0.10713199632508415 0.0023763179161713031 -0.033405700940986577 -0.014548303281364878 -0.0029733898971361326 -0.085060796737670905 -0.021013340311391016 -0.073968375397139588 -0.06451372404396534 -0.0079260362222835414 -0.026848827500443359 0.016921476651572811 -0.061479943298867773 0.031892165932804348 -0.020133951839041597
leaf_weight=36 23 26 96 35 171 37 2069 23 186 20 2382 68 71 77 115 21 15180 241 765 6344 30 210 29 100 667 143 259 28 140 207
leaf_count=36 23 26 96 35 171 37 2069 23 186 20 2382 68 71 77 115 21 15180 241 765 6344 30 210 29 100 667 143 259 28 140 207
internal_value=0.000227408 -0.00447577 0.0389876 -0.00509147 0.00313446 0.000474796 -0.00450461 -0.0153678 0.00326915 0.0107648 0.00838679 -0.0139763 -0.00274185 0.00204178 0.00225558 0.0293174 0.00192114 -0.0174878 -0.00240125 -0.00455869 -0.0172092 -0.0118498 -0.0181868 -0.0350457 -0.0106778 0.00185981 -0.0027399 0.00927256 0.00397372 0.00225641
internal_weight=29799 11383 159 11224 18416 133 11188 1562 18393 2588 2402 1539 9626 15805 15728 192 15536 356 9555 7139 795 1471 1006 310 696 465 430 287 2416 2276
internal_count=29799 11383 159 11224 18416 133 11188 1562 18393 2588 2402 1539 9626 15805 15728 192 15536 356 9555 7139 795 1471 1006 310 696 465 430 287 2416 2276
is_linear=0
shrinkage=0.05


Tree=82
num_leaves=31
num_cat=0
split_feature=119 5 280 4 41 53 113 173 8 1 28 14 15 265 283 143 24 215 163 28 16 236 154 264 38 4 298 243 222 261
split_gain=147.08 106.304 100.621 173.842 626.285 365.49 122.395 78.8569 91.9415 73.9649 77.7233 73.3514 65.2938 62.6252 59.2297 102.532 70.3916 70.1528 63.478 87.423 59.8179 103.605 67.8155 68.6995 54.3751 53.002 52.8698 80.8449 73.8303 50.9788
threshold=-1.6599940061569212 5.6093769073486337 -10.248347282409666 3.4825048446655278 -13.738255023956297 -10.204323768615721 -9.7984800338745099 -11.85259962081909 5.3304290771484384 3.5098820924758916 -3.28697657585144 3.9015570878982548 -1.5997276306152342 -8.3617191314697248 -1.3404771089553831 -1.9778578877449033 4.0405447483062753 -5.9974040985107413 -5.0453040599822989 -4.5825564861297599 2.1597781181335454 -5.5296285152435294 -0.19695544987916944 -4.956089735031127 5.5071167945861825 -2.1494508981704707 -3.0249896049499507 0.94341972470283519 -0.31858780980110163 -5.2570059299468985
decision_type=2 2 2 2 2 2 2 2 2 2 2 2 2 2 2 2 2 2 2 2 2 2 2 2 2 2 2 2 2 2
left_child=1 2 3 4 -1 -5 -7 -2 14 10 -10 13 -8 -6 15 20 18 -16 -17 -20 22 -22 -9 -24 25 -4 27 -19 -29 -28
right_child=7 -3 24 5 11 6 12 8 9 -11 -12 -13 -14 -15 17 16 -18 26 19 -21 21 -23 23 -25 -26 -27 29 28 -30 -31
leaf_value=-0.2585052984732169 -0.091628326069224969 0.088211764058759135 0.012433668295490927 0.24002956390380858 -0.01080520020007387 -0.10670016765594484 -0.015066799024740854 0.007590877622960822 0.15057850209149448 0.0071365233185221857 0.043859777952495377 -0.10624654780734669 0.097071989595890043 -0.04378082911883082 0.095081403580578899 -0.030751033611595632 -0.049933058924881035 0.014415743858465608 0.045981276900537556 -0.0028651508360359795 0.09295696814854941 -0.00011500991992096403 -0.083211476751603189 -0.0086552338471204693 -0.046149248808202613 -0.0031712190264765469 -0.054813746073179771 0.0084232609364248458 0.13066006540010375 0.0048299284202537943
leaf_weight=27 22 31 579 20 1362 20 27 3294 22 103 76 22 25 161 22 200 81 530 93 6089 54 67 36 218 71 9038 36 21 30 7422
leaf_count=27 22 31 579 20 1362 20 27 3294 22 103 76 22 25 161 22 200 81 530 93 6089 54 67 36 218 71 9038 36 21 30 7422
internal_value=0.000216038 -0.00425198 -0.00450448 -0.0158629 -0.0197726 0.0509411 -0.00158343 0.00297774 0.00309089 0.0367221 0.067817 -0.0156005 0.0388461 -0.0142911 0.00271933 0.000174639 -0.00361511 0.00591778 -0.00302724 -0.00213032 0.00685033 0.0414212 0.00567134 -0.0192223 -0.00255357 -0.00223171 0.00567377 0.0202014 0.0803273 0.00454203
internal_weight=29799 11383 11352 1664 1572 92 72 18416 18394 201 98 1545 52 1523 18193 10132 6463 8061 6382 6182 3669 121 3548 254 9688 9617 8039 581 51 7458
internal_count=29799 11383 11352 1664 1572 92 72 18416 18394 201 98 1545 52 1523 18193 10132 6463 8061 6382 6182 3669 121 3548 254 9688 9617 8039 581 51 7458
is_linear=0
shrinkage=0.05


Tree=83
num_leaves=31
num_cat=0
split_feature=288 0 68 43 16 30 42 40 167 298 294 234 245 298 28 292 266 21 109 144 10 223 219 217 183 107 68 285 264 154
split_gain=132.367 126.774 408.411 360.658 1165.4 74.1477 79.856 73.5555 149.2 71.5019 89.8854 81.2604 68.0481 64.882 60.1088 63.8378 78.5828 66.5823 59.8379 58.4385 58.1423 57.1192 54.6107 62.7986 54.2919 53.8694 70.2527 52.6569 51.701 49.6996
threshold=-4.9472994804382315 4.107140541076661 -9.3317799568176252 -12.635293483734129 -3.0231220722198482 1.1840269565582278 3.7968823909759526 -13.982651710510252 -18.630706787109371 -5.0349647998809806 -2.0192157030105586 -1.146955609321594 -1.1524378061294553 -0.55461442470550526 8.3666062355041522 5.1035685539245614 7.5813481807708749 -1.3157142400741575 -3.669629573822021 -2.9662594795227046 -0.059749096632003777 3.0554378032684331 -0.25003270804882044 -2.3028430938720699 -4.4621796607971183 0.45639702677726751 -0.53119567036628712 13.154117584228517 3.5105882883071904 0.56774038076400768
decision_type=2 2 2 2 2 2 2 2 2 2 2 2 2 2 2 2 2 2 2 2 2 2 2 2 2 2 2 2 2 2
left_child=1 3 -3 4 -1 6 22 -4 -9 10 -2 13 19 21 15 16 17 20 -15 -12 -13 -11 29 -24 -19 -17 28 -16 -27 -5
right_child=9 2 7 5 -6 -7 -8 8 -10 11 12 14 -14 18 27 25 -18 24 -20 -21 -22 -23 23 -25 -26 26 -28 -29 -30 -31
leaf_value=-0.43674895510077483 0.0087542068302401254 0.23952782040550594 0.060624594254927201 -0.0045064702085709177 0.055989746948083244 -0.020009769025253275 0.081582982010311555 -0.13421186447143554 0.010207903032472147 -0.00035967395320452694 0.085984391693411211 0.0047483079573201505 0.1025735725786283 0.046811262395099869 -0.062324365492789982 0.064549073027294193 -0.08640645444393158 -0.026219888672684179 -0.01383909837182251 0.0004241537033522036 0.023643952978378277 0.072457678836804859 0.10327787287145232 0.0088307846532464304 0.0027926305598400154 -0.083225129718153656 0.021116547817052255 0.011828879820994842 0.0049290009033985636 -0.035796396091732623
leaf_weight=20 1295 21 55 5333 30 855 27 20 169 10538 29 902 44 42 62 61 24 165 1282 64 742 27 24 66 7098 29 567 39 39 130
leaf_count=20 1295 21 55 5333 30 855 27 20 169 10538 29 902 44 42 62 61 24 165 1282 64 742 27 24 66 7098 29 567 39 39 130
internal_value=0.000205236 -0.00595268 0.0279447 -0.00733785 -0.141106 -0.00629847 -0.00419754 0.00973464 -0.00507461 0.00200861 0.0128287 0.00129184 0.0513426 -0.00148116 0.00468085 0.00508342 0.0039468 0.00419025 -0.0119151 0.0271042 0.0132766 -0.000173581 -0.00461463 0.0340167 0.00213353 0.0196685 0.0153571 -0.0336909 -0.0326661 -0.00525106
internal_weight=29799 6750 265 6485 50 6435 5580 244 189 23049 1432 21617 137 11889 9728 9627 8931 8907 1324 93 1644 10565 5553 90 7263 696 635 101 68 5463
internal_count=29799 6750 265 6485 50 6435 5580 244 189 23049 1432 21617 137 11889 9728 9627 8931 8907 1324 93 1644 10565 5553 90 7263 696 635 101 68 5463
is_linear=0
shrinkage=0.05


Tree=84
num_leaves=31
num_cat=0
split_feature=119 0 23 10 53 14 175 8 31 281 57 9 23 8 197 95 267 291 143 298 164 207 298 16 196 222 282 269 284 126
split_gain=127.055 98.683 437.169 701.829 403.734 88.8216 87.8341 80.4399 72.4717 80.4328 76.387 68.049 62.6628 62.112 61.5106 58.2605 70.8798 51.8838 94.7413 76.048 62.8305 59.4818 58.933 54.4032 59.4728 56.076 55.2956 52.5865 51.8457 51.0301
threshold=-1.6599940061569212 4.107140541076661 -8.6013288497924787 -0.49058826267719263 -10.204323768615721 -0.062680643051862703 -10.303574562072752 5.3304290771484384 -12.940010547637938 -11.405097961425779 1.3795965909957888 5.7338263988494882 2.7693815231323247 -4.2430124282836905 -1.0191298723220823 -15.074756622314451 -28.811576843261715 -0.71980392932891835 -1.9778578877449033 -3.0249896049499507 -6.2186362743377677 1.6265522837638857 3.8634313344955449 2.2383474111557011 1.2073856592178347 -5.242259979248046 1.7741414308547976 3.7619181871414189 8.8466668128967303 -0.04950981214642524
decision_type=2 2 2 2 2 2 2 2 2 2 2 2 2 2 2 2 2 2 2 2 2 2 2 2 2 2 2 2 2 2
left_child=1 2 3 -1 -3 -6 -2 17 -4 10 11 13 -11 -10 -9 -15 -17 18 23 21 -20 -19 27 24 26 -25 -8 -22 -16 -26
right_child=6 4 8 -5 5 -7 7 14 9 12 -12 -13 -14 15 28 16 -18 19 20 -21 22 -23 -24 25 29 -27 -28 -29 -30 -31
leaf_value=0.029355865378271451 -0.094886883445408035 0.21535814725435698 0.082885400454203284 -0.37988969944417478 0.025296415284295409 -0.065887604262428109 0.00629902160211444 0.1153204273609888 0.055000092766501689 -0.001794418839457604 -0.10080092847347261 -0.10343852142492932 -0.022766794010594088 -0.090064323425292969 0.010089786113172338 0.075974085114218978 -0.014639313886930913 0.021481485732539767 -0.036212433271986602 0.0050149184628441945 -0.0018983985273270257 0.083833655391050421 -0.074344406297729745 0.0761464674221842 0.016440210654400291 0.0066081743119126672 0.087668440313566298 0.073816574332506754 0.073534925778706878 -0.084775805174881091
leaf_weight=22 23 26 24 20 96 37 3621 21 33 9527 26 21 370 25 138 22 1134 227 136 6109 7812 46 28 57 20 59 21 23 42 33
leaf_count=22 23 26 24 20 96 37 3621 21 33 9527 26 21 370 25 138 22 1134 227 136 6109 7812 46 28 57 20 59 21 23 42 33
internal_value=0.000194974 -0.00395775 -0.00451185 -0.165523 0.0351568 -7.05676e-05 0.00276179 0.0028839 -0.00390709 -0.00409377 -0.0159867 -0.0142011 -0.00257847 -0.0126575 0.0343412 -0.014548 -0.0129148 0.00253633 0.000573428 0.00616872 -0.0025177 0.0319877 -0.0019349 0.00706146 0.00600298 0.0407779 0.0067682 -0.00167613 0.0248937 -0.0465811
internal_weight=29799 11383 11224 42 159 133 18416 18393 11182 11158 1261 1235 9897 1214 201 1181 1156 18192 11810 6382 7999 273 7863 3811 3695 116 3642 7835 180 53
internal_count=29799 11383 11224 42 159 133 18416 18393 11182 11158 1261 1235 9897 1214 201 1181 1156 18192 11810 6382 7999 273 7863 3811 3695 116 3642 7835 180 53
is_linear=0
shrinkage=0.05


Tree=85
num_leaves=31
num_cat=0
split_feature=187 3 3 3 293 298 2 293 273 291 284 110 298 299 230 299 82 73 134 133 251 209 83 215 131 139 175 234 1 35
split_gain=295.158 1382.55 342.927 282.09 147.156 191.559 116.709 94.3085 63.4316 62.8306 57.3846 66.2715 51.0095 77.1101 54.1009 51.4662 65.8329 79.7211 84.4352 51.9811 57.8086 51.3776 100.917 51.2289 49.4038 51.2465 47.9269 47.133 46.0203 51.5642
threshold=-18.127347946166989 2.9854755401611333 1.4137581586837771 0.33462068438529974 -4.9811413288116446 -8.7758054733276349 -0.180441178381443 10.533529758453371 -3.6698269844055171 -1.65262895822525 0.92231988906860363 -0.50813722610473622 -4.4858374595642081 -4.2025904655456534 -7.7260298728942862 -3.6110274791717525 -2.5077549219131465 -4.7265098094940177 -1.8856208920478819 -4.8370718955993643 -2.6581891775131221 -4.487647056579589 1.4388049244880678 -2.7872059345245357 0.2706045806407929 -3.7390542030334468 -4.3984541893005362 -1.9235208630561826 4.4468069076538095 -1.7034885287284849
decision_type=2 2 2 2 2 2 2 2 2 2 2 2 2 2 2 2 2 2 2 2 2 2 2 2 2 2 2 2 2 2
left_child=1 2 3 6 9 8 -1 10 -6 -2 12 -12 13 -7 -14 -16 -17 18 -18 20 -19 22 -21 -23 25 -13 -25 -26 29 -29
right_child=4 -3 -4 -5 5 7 -8 -9 -10 -11 11 24 14 -15 15 16 17 19 -20 21 -22 23 -24 26 27 -27 -28 28 -30 -31
leaf_value=-0.051324014702150901 -0.0067618135190621077 -0.4577770046889782 0.17294688644734296 -0.21213152619078757 0.054907691138594054 0.0029890970824011038 0.10359723033383489 0.034138431125217014 0.16156752970069649 0.064594963147124693 0.018911473924366151 -0.081585155853203362 -0.068697562659608899 0.02714974179347775 -0.0070313006828625875 0.010346800020136441 0.0017651280015707018 0.019365153272843195 -0.14352359186857941 -0.011829552032194809 -0.056784072107876893 0.00772140918587522 -0.12714806377887727 -0.040354064544417756 -0.042574692932380871 -0.0028175215181034802 -0.00049691904707802341 0.041417793633263505 -0.049682868737727405 0.0085355516591271614
leaf_weight=31 6333 20 22 20 46 1617 20 225 20 31 905 21 29 415 2457 1604 20 36 20 369 81 2141 20 76 44 1237 9943 128 32 1739
leaf_count=31 6333 20 22 20 46 1617 20 225 20 31 905 21 29 415 2457 1604 20 36 20 369 81 2141 20 76 44 1237 9943 128 32 1739
internal_value=1.38201e-05 -0.0806411 0.000463453 -0.0529821 0.00032184 0.00216762 0.00942941 0.00192521 0.0872289 -0.00641422 0.00160917 0.00696493 0.000441194 0.00792348 -0.000464022 -0.000346006 0.000801847 -0.000403104 -0.0708792 -0.000180536 -0.0333535 0.000128751 -0.0177585 0.000700967 0.00358735 -0.0041324 -0.000799259 0.00858552 0.00977091 0.0107899
internal_weight=29702 113 93 71 29589 23225 51 23159 66 6364 22934 4106 18828 2032 16796 16767 14310 12706 40 12666 117 12549 389 12160 3201 1258 10019 1943 1899 1867
internal_count=29702 113 93 71 29589 23225 51 23159 66 6364 22934 4106 18828 2032 16796 16767 14310 12706 40 12666 117 12549 389 12160 3201 1258 10019 1943 1899 1867
is_linear=0
shrinkage=0.05


Tree=86
num_leaves=31
num_cat=0
split_feature=140 8 0 8 182 234 298 105 197 205 286 15 291 151 117 281 173 22 98 281 287 110 4 13 144 209 11 120 40 0
split_gain=263.701 1373.81 253.008 277.213 127.367 90.0548 85.463 65.1562 87.1423 66.1571 100.656 58.0847 57.9109 55.2966 53.6894 67.4122 52.1093 54.4719 50.2308 47.6778 71.4889 65.4739 46.891 45.6092 62.8107 51.8968 54.4507 96.8115 47.8494 45.1799
threshold=-15.31351852416992 1.9305975437164309 3.5141073465347294 -1.6080392003059385 -3.5020921230316158 0.54138478636741649 4.220571994781495 -0.74725806713104237 -8.7899160385131818 -20.49748611450195 -19.109948158264157 -0.31271579861640925 -17.797294616699215 -6.0877449512481681 28.355038642883304 12.805575847625734 21.588567733764652 4.77732276916504 -3.9234062433242793 1.7237254381179812 -3.4887417554855342 -1.8029019832611082 -0.921260505914688 -1.6257647871971128 -4.0258169174194327 1.0416882038116457 2.402568101882935 0.17751729488372806 -0.48560106754302973 0.75382474064826976
decision_type=2 2 2 2 2 2 2 2 2 2 2 2 2 2 2 2 2 2 2 2 2 2 2 2 2 2 2 2 2 2
left_child=1 2 3 22 7 6 19 9 -9 -2 12 -8 -11 -10 16 -16 17 -7 -15 23 -21 -22 -1 25 -25 26 -6 28 -28 -26
right_child=4 -3 -4 -5 5 14 11 8 13 10 -12 -13 -14 18 15 -17 -18 -19 -20 20 21 -23 -24 24 29 -27 27 -29 -30 -31
leaf_value=-0.027222553342580797 0.062061156724628655 -0.45222380653023725 0.12072129595664241 -0.18367585666477682 -0.0075576154541614638 0.0089590071629491643 -0.088837986439466485 -0.091464174029074224 0.048330478983766897 -0.024192309606642953 -0.0022740390037619862 -0.010781613966593377 -0.099227156809398115 -0.074498102358645873 0.023472389967545221 0.12090099508112127 -0.069242728840221063 -0.02200951144403341 -0.014376684036892904 -0.077745667232998791 0.063703141020467646 0.011082872826531871 0.079752415223490636 0.013960701336241303 -0.0014444714991132827 0.024258657294984273 -0.062797436472915469 -0.13144415858387948 0.041593041692091076 0.0044947194172471807
leaf_weight=20 38 20 31 25 1689 4170 44 38 34 315 4766 52 28 36 92 22 22 147 994 21 65 653 21 895 10703 123 21 25 23 4569
leaf_count=20 38 20 31 25 1689 4170 44 38 34 315 4766 52 28 36 92 22 22 147 994 21 65 653 21 895 10703 123 21 25 23 4569
internal_value=1.31291e-05 -0.0749031 0.00289498 -0.0524477 0.000309401 0.00200707 0.000498727 -0.00603032 -0.0170642 -0.0036679 -0.00415678 -0.0465575 -0.0303176 -0.0144071 0.00840323 0.0422744 0.00751333 0.00790448 -0.016478 0.00073918 0.013187 0.0158465 0.0275695 0.000229489 0.00108684 -0.0071394 -0.00933619 -0.0528726 -0.00822969 0.000332386
internal_weight=29702 117 97 66 29585 23336 18883 6249 1102 5147 5109 96 343 1064 4453 114 4339 4317 1030 18787 739 718 41 18048 16167 1881 1758 69 44 15272
internal_count=29702 117 97 66 29585 23336 18883 6249 1102 5147 5109 96 343 1064 4453 114 4339 4317 1030 18787 739 718 41 18048 16167 1881 1758 69 44 15272
is_linear=0
shrinkage=0.05


Tree=87
num_leaves=31
num_cat=0
split_feature=123 7 3 4 292 8 143 68 167 138 201 111 290 283 236 285 232 298 265 244 280 59 148 141 138 258 90 291 297 42
split_gain=250.327 820.711 255.186 207.261 124.278 73.6076 67.0599 78.4673 95.5016 83.7674 102.232 72.1923 68.8635 63.3709 57.0921 74.5454 67.026 66.769 67.4461 72.4624 57.4422 54.6009 54.4033 53.3232 49.5157 58.2505 49.8071 49.3824 49.208 48.8724
threshold=-13.167595386505125 1.628156900405884 1.6528496742248537 0.89819520711898815 -2.2881373167037959 3.6187807321548466 -0.5903973877429961 -2.1035075187683101 1.2004575729370119 -9.6040196418762189 -16.134733200073239 -13.513039112091063 -20.842007637023922 13.565081596374513 -6.7264521121978751 -5.4627239704132071 -4.3129251003265372 -2.8725000619888301 0.69917532801628124 -0.36104157567024225 -5.8453476428985587 -3.4388794898986812 0.56649643182754528 0.50903922319412243 1.6244837045669558 -18.32895469665527 -7.413761854171752 0.56276753544807445 -3.2184219360351558 -7.356233835220336
decision_type=2 2 2 2 2 2 2 2 2 2 2 2 2 2 2 2 2 2 2 2 2 2 2 2 2 2 2 2 2 2
left_child=1 2 3 -1 6 14 7 8 11 -9 -11 -2 21 -7 -6 22 27 18 -18 23 -19 -13 -16 -20 25 -12 -27 -17 -22 -28
right_child=4 -3 -4 -5 5 13 -8 9 -10 10 24 12 -14 -15 15 16 17 20 19 -21 28 -23 -24 -25 -26 26 29 -29 -30 -31
leaf_value=-0.0043836404003349009 0.073939275741577146 -0.36483614765107636 0.13701379868117244 -0.19429791584610939 0.067068872877529689 0.02049334552926077 -0.0096034536734667646 -0.0819413717587789 -0.09278303145547398 0.11466658711433411 -0.068411924839019783 -0.046227389284542633 -0.0051368822961827022 0.096905059814453132 -0.014399447003450559 -0.0098067849542370408 0.011046405552450374 0.045677615495589685 0.054764762822361229 0.097708947033000496 -0.024480822215026076 0.018522643074393271 -0.08444570957893327 -0.032514088787138462 0.040174696846615253 0.040165929589420557 -0.063784459644350519 -0.061367002942798926 0.0030355970762119466 0.0012307797730056807
leaf_weight=51 28 20 22 20 35 284 2851 30 32 20 30 175 4021 30 262 272 1384 78 42 48 165 40 31 30 82 82 29 56 10625 8827
leaf_count=51 28 20 22 20 35 284 2851 30 32 20 30 175 4021 30 262 272 1384 78 42 48 165 40 31 30 82 82 29 56 10625 8827
internal_value=1.24726e-05 -0.074265 -0.0117766 -0.0578806 0.000296137 0.00387198 -0.00264033 -0.00115841 -0.0067279 0.00147088 0.00174677 -0.00608208 -0.00661102 0.0277938 0.00329541 0.00312362 0.00369887 0.00429031 0.0141642 0.0501227 0.00292388 -0.0341809 -0.0218105 0.0183986 0.00149723 0.00114358 0.00137704 -0.0186097 0.00261482 0.00101788
internal_weight=29702 113 93 71 29589 13342 16247 13396 4296 9100 9070 4264 4236 314 13028 12993 12700 12372 1504 120 10868 215 293 72 9050 8968 8938 328 10790 8856
internal_count=29702 113 93 71 29589 13342 16247 13396 4296 9100 9070 4264 4236 314 13028 12993 12700 12372 1504 120 10868 215 293 72 9050 8968 8938 328 10790 8856
is_linear=0
shrinkage=0.05


Tree=88
num_leaves=31
num_cat=0
split_feature=293 66 49 143 293 298 172 6 282 8 284 298 56 291 11 9 276 148 178 8 62 36 54 17 286 46 135 286 221 22
split_gain=228.265 829.78 203.56 152.161 115.635 174.011 101.541 78.5178 88.387 61.0557 55.5483 81.8567 56.8483 55.3991 53.0808 52.0011 49.0367 48.8628 63.0568 46.407 57.0404 61.1234 50.5412 55.874 51.0153 49.1994 46.2678 69.5715 46.1105 44.7703
threshold=-32.799146652221673 -9.5435600280761701 -10.652459621429442 -16.044019699096676 -4.9811413288116446 -8.7758054733276349 -14.704235553741453 5.0523526668548593 10.271323680877687 -0.45793417096137995 -1.6802671551704405 0.51088234782218944 -2.8213235139846797 -1.65262895822525 4.0222015380859384 -6.8165824413299552 -4.8619823455810538 -2.0699871778488155 -6.3595778942108145 0.76939666271209728 -4.4438912868499747 -4.3621568679809561 -1.8097614049911497 2.028689026832581 -19.109948158264157 -3.0156536102294917 -6.5500841140747061 -19.109948158264157 -12.09196090698242 0.45986929535865789
decision_type=2 2 2 2 2 2 2 2 2 2 2 2 2 2 2 2 2 2 2 2 2 2 2 2 2 2 2 2 2 2
left_child=1 -1 -3 -4 13 9 -5 10 -9 -6 11 14 -13 15 17 -2 -14 -7 -19 20 21 -17 23 -22 -24 -25 27 -21 -26 -29
right_child=4 2 3 6 5 7 -8 8 -10 -11 -12 12 16 -15 -16 19 -18 18 -20 26 22 -23 24 25 28 -27 -28 29 -30 -31
leaf_value=-0.36293334960937501 0.039186907571459574 0.11709747314453126 -0.16435068221319291 0.067727203369140621 0.030314188400904336 0.0036695528554080699 -0.072115742718731918 0.019201139702516443 0.11364358046959187 0.1268955535358853 0.0040743332456795846 -0.096722441601256537 0.027855227701365948 0.060991550428462361 -0.050476087744419397 -0.0014549306319462316 -0.023990405640110495 -0.082033305525779726 -0.0024710203246763036 -0.023330596089363099 0.0018774078939257839 -0.03243682695381931 -0.070452630851003867 0.02239998031097154 0.042746708355844022 -0.061368894754694064 -0.00175828714751137 0.032411800890133298 -0.011409668382903689 0.11085182078506635
leaf_weight=20 63 24 21 25 30 5385 27 170 29 36 10611 24 52 31 52 241 371 25 6440 48 1673 469 36 24 40 65 1300 87 2260 23
leaf_count=20 63 24 21 25 30 5385 27 170 29 36 10611 24 52 31 52 241 371 25 6440 48 1673 469 36 24 40 65 1300 87 2260 23
internal_value=1.1849e-05 -0.0696892 -0.00922649 -0.0507577 0.000287496 0.0019233 -0.00488356 0.00169225 0.0329641 0.0829949 0.00142121 -0.000858509 -0.0218642 -0.005686 -6.96033e-05 -0.00601259 -0.0176169 0.00015159 -0.00277869 -0.00646704 -0.00883658 -0.0219204 -0.00656973 -0.000176206 -0.0113922 -0.0387795 0.0013469 0.0268959 -0.0104678 0.0488129
internal_weight=29702 117 97 73 29585 23225 52 23159 199 66 22960 12349 447 6360 11902 6329 423 11850 6465 6266 4808 710 4098 1762 2336 89 1458 158 2300 110
internal_count=29702 117 97 73 29585 23225 52 23159 199 66 22960 12349 447 6360 11902 6329 423 11850 6465 6266 4808 710 4098 1762 2336 89 1458 158 2300 110
is_linear=0
shrinkage=0.05


Tree=89
num_leaves=31
num_cat=0
split_feature=293 66 81 136 299 298 291 298 295 299 297 263 298 131 288 56 204 295 297 296 298 298 299 299 298 299 46 38 41 298
split_gain=206.009 748.876 185.139 211.272 106.319 103.722 89.9336 96.8298 121.876 81.1178 84.8473 84.1745 79.5514 79.5551 79.1811 72.4683 64.6712 79.5952 62.2948 63.2543 59.3305 58.1822 122.26 85.946 65.653 62.4988 53.3272 64.7302 56.1265 52.1045
threshold=-32.799146652221673 -9.5435600280761701 -11.531372547149656 -8.0128760337829572 -1.37806099653244 -1.7508887648582456 -7.298900604248046 -7.7147464752197257 -3.6939214468002315 -6.7996077537536612 -4.0513164997100821 -2.7491959333419795 -1.0623172521591184 0.23589410632848742 -5.0675206184387198 -0.60490193963050831 -5.8170588016510001 -3.5289169549942012 -2.9714924097061153 -5.7492811679840079 -3.1043202877044673 -5.0349647998809806 -4.5562796592712393 -2.5572830438613887 -2.5318282842636104 -4.5562796592712393 3.9633007049560551 -0.01982997357845306 3.2100980281829838 1.502893388271332
decision_type=2 2 2 2 2 2 2 2 2 2 2 2 2 2 2 2 2 2 2 2 2 2 2 2 2 2 2 2 2 2
left_child=1 -1 -3 -4 5 6 -2 8 -8 10 -9 -12 18 16 -7 -5 -14 -18 19 -6 -20 22 -11 24 25 -23 -15 28 -28 -19
right_child=4 2 3 15 12 14 7 9 -10 21 11 -13 13 26 -16 -17 17 29 20 -21 -22 23 -24 -25 -26 -27 27 -29 -30 -31
leaf_value=-0.34478668212890629 -0.0076606706114034223 0.11513880854067596 -0.14677723857664293 0.094065543487668046 0.05945364201907069 -0.05557207226449129 0.015440997312590479 -0.026651474931737879 0.10721211680330528 0.0036280129466054085 -0.0049335833638906486 0.11356809831817041 0.073513451431478777 0.0056957537513303959 -0.0096727403567025555 -0.036070983111858371 -0.046127539128065109 0.0014972033193625476 0.092522114901630981 -0.015224525731909706 0.017654958990563577 -0.011315882789959805 0.036692024445211566 0.0067654285728395757 -0.014526883861233107 0.0010138732040605575 0.038850953123377018 0.016036822740478737 0.1368559235618228 -0.012270021751069431
leaf_weight=20 3485 23 31 20 32 98 500 455 39 1743 47 22 28 3117 2280 23 103 3052 27 249 1330 1249 333 3199 1058 5803 48 380 21 887
leaf_count=20 3485 23 31 20 32 98 500 455 39 1743 47 22 28 3117 2280 23 103 3052 27 249 1330 1249 333 3199 1058 5803 48 380 21 887
internal_value=1.12565e-05 -0.0662048 -0.00876519 -0.0472759 0.000273121 -0.00175226 -0.000451138 0.00128787 0.0220812 0.000482091 -0.0188164 0.0328496 0.00470891 0.00256413 -0.0115643 0.0244576 -0.00221297 -0.00273755 0.0147074 -0.00672025 0.0191446 0.00123759 0.00893163 -0.000174805 -0.00291239 -0.00116989 0.0080164 0.0241265 0.0686786 -0.00160296
internal_weight=29702 117 97 74 29585 20311 17933 14448 539 13909 524 69 9274 7636 2378 43 4070 4042 1638 281 1357 13385 2076 11309 8110 7052 3566 449 69 3939
internal_count=29702 117 97 74 29585 20311 17933 14448 539 13909 524 69 9274 7636 2378 43 4070 4042 1638 281 1357 13385 2076 11309 8110 7052 3566 449 69 3939
is_linear=0
shrinkage=0.05


Tree=90
num_leaves=31
num_cat=0
split_feature=288 17 273 123 12 48 156 228 289 29 4 254 298 5 4 88 29 23 233 119 11 89 69 298 50 13 4 241 266 86
split_gain=101.732 119.701 224.506 156.623 791.636 109.406 89.2773 78.4492 71.4733 125.491 97.8718 68.2047 63.7943 76.6898 57.964 55.3038 61.814 50.1388 68.2826 53.9387 57.2051 54.5269 52.0115 49.7593 49.3617 47.6083 46.4747 48.8866 49.4672 48.0318
threshold=-3.1741502285003658 -5.4992825984954825 -25.180587768554684 -13.167595386505125 -0.41693502664566034 -11.122808933258055 -18.446405410766598 -25.183956146240231 -22.955294609069821 -11.374140262603758 3.4825048446655278 -17.950098037719723 1.296339809894562 5.6093769073486337 -2.9806861877441402 0.69715684652328502 1.00151002407074 -1.0753158926963804 -6.3738770484924308 0.29917307198047643 -1.5037024021148679 5.4581091403961191 2.1772569417953496 -2.7773320674896236 0.45162744820117956 -1.6257647871971128 0.2137837037444115 -1.4675255417823789 -3.2732828855514522 -5.2445096969604483
decision_type=2 2 2 2 2 2 2 2 2 2 2 2 2 2 2 2 2 2 2 2 2 2 2 2 2 2 2 2 2 2
left_child=1 2 -1 4 6 7 -3 -5 9 -7 -11 -12 13 15 -2 -10 25 18 -16 21 22 23 -21 -19 -15 -17 29 -28 -29 -20
right_child=14 3 -4 5 -6 8 -8 -9 12 10 11 -13 -14 24 17 16 -18 19 26 20 -22 -23 -24 -25 -26 -27 27 28 -30 -31
leaf_value=0.20160073757171634 0.024254752137373638 0.10928895950317384 0.012794305182792046 0.1463976001739502 -0.31502994174758592 -0.13388008704552284 -0.018116845461455259 0.021599864959716799 -0.0018071855372018568 -0.040384618279995857 0.087815621693929036 -0.010893719891707104 -0.042306681707793593 0.020734612243250013 -0.079262149819861294 -0.049941345552603406 -0.027213477387332714 0.0054431764840038588 -0.041568518993331166 -0.0043584054144653111 0.0072852959728309285 -0.04328221831566248 -0.05164376445438551 -0.003535971591334008 0.11539976843411015 0.002245774151963472 -0.0047236297258515464 0.034381609883878318 0.0052805414566770197 0.013025293598018914
leaf_weight=20 307 20 74 20 24 26 44 34 10445 154 30 42 102 40 23 48 474 2061 41 370 3752 78 69 6138 21 488 1237 171 1000 2322
leaf_count=20 307 20 74 20 24 26 44 34 10445 154 30 42 102 40 23 48 474 2061 41 370 3752 78 69 6138 21 488 1237 171 1000 2322
internal_value=0.000289272 -0.00323749 0.0529659 -0.00367731 -0.0701373 -0.00318684 0.0216975 0.0678212 -0.00350987 -0.0298539 -0.0178863 0.0302352 -0.00293846 -0.00258976 0.00271941 -0.00288752 -0.0140598 0.00233641 0.00668212 0.000665462 0.00528714 -0.00167469 -0.0117905 -0.00127886 0.0533243 -0.0024277 0.00709643 0.00220792 0.00953014 0.012078
internal_weight=29675 12106 94 12012 88 11924 64 54 11870 252 226 72 11618 11516 17569 11455 1010 17262 4794 12468 4191 8277 439 8199 61 536 4771 2408 1171 2363
internal_count=29675 12106 94 12012 88 11924 64 54 11870 252 226 72 11618 11516 17569 11455 1010 17262 4794 12468 4191 8277 439 8199 61 536 4771 2408 1171 2363
is_linear=0
shrinkage=0.05


Tree=91
num_leaves=31
num_cat=0
split_feature=299 298 298 17 232 140 3 4 150 299 188 62 296 298 297 158 57 90 232 230 5 10 207 291 276 223 251 8 5 56
split_gain=86.464 113.008 104.723 86.346 232.765 156.197 1164.09 99.7668 93.0738 83.7081 77.7055 72.1384 69.9919 61.9216 61.1112 59.88 60.0687 65.0527 59.2858 58.387 65.258 55.5659 50.5384 76.1129 57.2058 49.7785 49.5759 49.3417 51.4717 55.0115
threshold=-2.1379821300506587 -2.1731373071670528 -1.4213480353355405 -5.4992825984954825 -19.641988754272457 -15.31351852416992 2.4116202592849736 -0.3196218460798263 -17.304587364196774 -1.2487179636955259 2.6139636039733891 -4.4438912868499747 -0.50961500406265248 0.57397255301475536 1.0000000180025095e-35 6.1858823299407968 8.4647898674011248 1.942293167114258 3.2931652069091801 -3.4484313726425166 -1.1428437829017637 0.66266885399818432 -6.1482748985290518 -5.3667004108428946 -2.2541975975036617 2.5106127262115483 0.63980025053024303 0.82745102047920238 -0.64053082466125477 -1.7322960495948789
decision_type=2 2 2 2 2 2 2 2 2 2 2 2 2 2 2 2 2 2 2 2 2 2 2 2 2 2 2 2 2 2
left_child=1 3 10 4 -1 6 7 -5 -7 -4 18 27 15 14 19 16 17 25 22 20 -3 -11 -2 24 -24 -13 -16 28 -10 -30
right_child=2 13 9 5 -6 8 -8 -9 11 21 -12 12 -14 -15 26 -17 -18 -19 -20 -21 -22 -23 23 -25 -26 -27 -28 -29 29 -31
leaf_value=0.19828875780105593 0.076303690505613184 -0.11604210596393656 -0.011256803906210276 -0.030532959103584292 0.0065798094398096989 0.092070506237171321 -0.40156635448336603 0.096583815776940557 -0.036258424960731249 -0.00025915828195661599 0.064878166670149021 6.3520533867794538e-05 0.023339205976087778 -0.091451052261086616 0.0032981435282040486 -0.082915856011889208 0.070314048727353418 -0.016138776504206209 0.083837764986135349 -0.01308285224485238 -0.030837015382973339 0.0086463694510010153 -0.012304401266473261 0.0099693875589453793 -0.11260664777918941 0.057371124782060329 0.078711461358600188 0.0084294973321610098 -0.015161584344942395 0.043669464625418188
leaf_weight=20 28 27 1258 29 76 27 20 33 296 5424 66 13441 315 26 113 22 30 636 27 1215 134 2587 44 3050 21 38 27 191 410 44
leaf_count=20 28 27 1258 29 76 27 20 33 296 5424 66 13441 315 26 113 22 30 636 27 1215 134 2587 44 3050 21 38 27 191 410 44
internal_value=0.000274808 -0.00202848 0.00343735 -0.000754305 0.0465192 -0.00104649 -0.0698722 0.037126 -0.000681204 0.000733782 0.0111813 -0.000843578 2.80861e-05 -0.0149421 -0.01363 -0.000490231 -0.000362033 -0.000512248 0.0100633 -0.0168321 -0.0451261 0.00261671 0.00942953 0.00882841 -0.0447097 0.000225082 0.0178421 -0.0142585 -0.0200364 -0.0094599
internal_weight=29675 17170 12505 15628 96 15532 82 62 15450 9269 3236 15423 14482 1542 1516 14167 14145 14115 3170 1376 161 8011 3143 3115 65 13479 140 941 750 454
internal_count=29675 17170 12505 15628 96 15532 82 62 15450 9269 3236 15423 14482 1542 1516 14167 14145 14115 3170 1376 161 8011 3143 3115 65 13479 140 941 750 454
is_linear=0
shrinkage=0.05


Tree=92
num_leaves=31
num_cat=0
split_feature=288 17 276 123 2 88 85 99 298 5 50 59 88 21 35 29 15 31 278 29 228 10 171 250 120 177 298 275 276 288
split_gain=87.9385 98.4062 187.221 136.283 766.62 164.089 74.0031 76.0413 57.1734 65.2061 80.5768 106.712 54.2433 54.0601 62.619 53.9467 53.5998 76.5309 77.2567 54.5618 51.9208 50.4981 50.1776 52.5074 50.5313 48.9253 47.3602 70.9398 47.289 46.3226
threshold=-3.1741502285003658 -5.4992825984954825 -25.867838859558102 -13.167595386505125 2.3569368124008183 -13.566969394683836 -12.516455650329588 -14.777065277099608 0.052702208980917938 5.6093769073486337 1.9743612408638003 -0.87839052081108082 0.69715684652328502 -1.1379302740097044 5.2878355979919442 -0.44365820288658137 4.8655951023101816 -2.5283573865890498 12.869907379150392 4.4409639835357675 -2.08674144744873 -0.25635558366775507 -3.8667821884155269 -2.8121389150619502 -2.5547842979431148 24.848822593688968 -2.6774902343749996 3.3260784149169926 3.9174076318740849 2.0356148481369023
decision_type=2 2 2 2 2 2 2 2 2 2 2 2 2 2 2 2 2 2 2 2 2 2 2 2 2 2 2 2 2 2
left_child=1 2 -1 4 5 -3 -5 -8 9 12 11 -11 -9 14 21 -14 19 -18 25 22 -10 -2 23 -15 -25 28 27 -24 -19 -28
right_child=13 3 -4 6 -6 -7 7 8 20 10 -12 -13 15 16 -16 -17 17 18 -20 -21 -22 -23 26 24 -26 -27 29 -29 -30 -31
leaf_value=0.17950492813473656 0.0014450485522394267 0.13495010375976563 0.01009453878010789 0.066705121492084712 -0.33752985060215002 -0.035512347767750425 -0.096053071455522027 -0.0018291931603268677 -0.056270471591740215 0.10357163346682985 0.12161730369539742 -0.020884028422125219 0.0041356092072365918 0.0037276997051385202 0.060110800500426977 -0.021520566627772166 0.11295743274192016 -0.008924928464387593 0.10456766784191132 -0.014129682763257011 -0.0079455512000576548 0.012732033347627944 0.0069041795386346402 -0.07680488098088134 -0.019247897937763617 -0.047657479737934313 -0.0012951555498355433 0.086901640931942636 0.083188369192860351 0.0078838268113949252
leaf_weight=21 2063 20 73 38 20 48 22 10534 94 24 22 61 289 165 56 704 24 38 20 594 136 1907 2700 52 143 38 8062 28 22 1657
leaf_count=21 2063 20 73 38 20 48 22 10534 94 24 22 61 289 165 56 704 24 38 20 594 136 1907 2700 52 143 38 8062 28 22 1657
internal_value=0.000261068 -0.0030179 0.0479415 -0.00341668 -0.0654112 0.0146237 -0.00295916 -0.00318188 -0.00300966 -0.00252163 0.0363306 0.0142564 -0.00288228 0.00252046 0.00760738 -0.0140537 0.00100824 0.0315658 0.0150116 0.000684443 -0.0276957 0.00686678 0.00137154 -0.0170312 -0.0345964 -0.00326518 0.00190379 0.00772527 0.0248499 0.000269776
internal_weight=29675 12106 94 12012 88 68 11924 11886 11864 11634 107 85 11527 17569 4026 993 13543 142 118 13401 230 3970 12807 360 195 98 12447 2728 60 9719
internal_count=29675 12106 94 12012 88 68 11924 11886 11864 11634 107 85 11527 17569 4026 993 13543 142 118 13401 230 3970 12807 360 195 98 12447 2728 60 9719
is_linear=0
shrinkage=0.05


Tree=93
num_leaves=31
num_cat=0
split_feature=299 298 298 299 298 17 232 140 3 4 150 274 153 181 188 292 293 299 188 297 298 298 195 77 251 123 268 234 205 231
split_gain=76.3989 103.597 94.613 69.8889 100.014 69.4441 195.937 136.925 1034.42 90.5209 83.5576 67.8163 65.9767 65.5978 63.4912 70.7127 59.2659 58.7896 58.1927 53.2921 70.8586 52.8623 66.2878 52.5779 52.2014 52.1198 51.6856 63.0392 50.3894 49.1073
threshold=-2.035113930702209 -2.1731373071670528 -1.4213480353355405 1.0601470470428469 0.90678429603576671 -5.4992825984954825 -19.641988754272457 -15.31351852416992 2.4116202592849736 -0.26770645380020136 -17.304587364196774 4.3949997425079355 -0.3616491556167602 -5.2992513179779044 -2.6584640741348262 0.39684191346168524 2.6661530733108525 -0.83704099059104908 2.6139636039733891 -2.147125124931335 0.57397255301475536 1.0000000180025095e-35 -0.62034311890602101 3.76923680305481 -15.073995590209959 -0.1979807838797569 3.8339827060699467 2.3018360137939458 2.0180268287658696 -3.3419009447097774
decision_type=2 2 2 2 2 2 2 2 2 2 2 2 2 2 2 2 2 2 2 2 2 2 2 2 2 2 2 2 2 2
left_child=1 5 11 4 17 6 -1 8 9 -7 -9 18 -5 -12 15 -14 24 -4 -2 -16 28 29 -23 -6 -15 -22 27 -26 -21 -3
right_child=2 21 3 12 23 7 -8 10 -10 -11 13 -13 14 16 19 -17 -18 -19 -20 20 25 22 -24 -25 26 -27 -28 -29 -30 -31
leaf_value=0.1810931956768036 0.0094558697801685743 -0.0331733855097575 -0.0062470969772648877 0.021878894734842103 -0.021333623345631686 -0.026785012173155945 0.0052030298270677273 0.087412465060198757 -0.37792455673217779 0.094108957878779625 -0.0077168138617599927 0.088715340835707535 -0.1136698427105633 0.066596537530422203 -0.065306526394905876 -0.00510904053458944 0.082853442091833471 0.0046386232210355958 0.059229827721913653 0.023523576782085002 -0.011952904148122083 -0.10684626339511438 -0.0012074490802155601 0.055402318951066426 0.00046864944964644965 0.0068159740095480566 -0.07432200014591217 0.054113245443864304 0.095609668386168786 -0.0083438833356977056
leaf_weight=20 2758 229 2115 587 758 30 76 27 20 32 2696 28 24 30 27 40 22 2999 60 100 452 33 27 23 12789 2036 23 55 32 1527
leaf_count=20 2758 229 2115 587 758 30 76 27 20 32 2696 28 24 30 27 40 22 2999 60 100 452 33 27 23 12789 2036 23 55 32 1527
internal_value=0.000248014 -0.00184809 0.00331861 0.000852351 -0.00240848 -0.000549722 0.0418468 -0.000808566 -0.0652507 0.0356119 -0.000470742 0.011285 0.00668092 -0.000622701 0.00339017 -0.0458193 0.000857733 0.000136609 0.0105156 0.00457998 0.00530018 -0.0131588 -0.0593088 -0.0190738 0.000717863 0.00340619 0.000564264 0.000698364 0.040999 -0.0115819
internal_weight=29675 17636 12039 9193 5895 15820 96 15724 82 62 15642 2846 3298 15615 2711 64 12919 5114 2818 2647 2620 1816 60 781 12897 2488 12867 12844 132 1756
internal_count=29675 17636 12039 9193 5895 15820 96 15724 82 62 15642 2846 3298 15615 2711 64 12919 5114 2818 2647 2620 1816 60 781 12897 2488 12867 12844 132 1756
is_linear=0
shrinkage=0.05


Tree=94
num_leaves=31
num_cat=0
split_feature=246 17 232 123 2 298 40 187 37 154 258 62 143 42 105 2 29 111 9 18 24 132 13 4 207 250 297 153 287 42
split_gain=71.6219 65.8261 177.206 122.032 674.915 138.902 93.4474 128.545 121.693 55.2853 70.8025 54.2548 61.1408 66.433 59.5744 58.7571 50.0703 45.922 56.3047 54.6865 67.4476 67.0074 51.332 50.7935 50.5687 49.7953 52.4296 45.9781 73.0013 109.694
threshold=-1.2755922079086301 -5.4992825984954825 -19.641988754272457 -13.167595386505125 2.3569368124008183 -32.079874038696282 -13.982651710510252 -9.5315117835998517 -12.989407062530516 -6.0143918991088858 -6.3940284252166739 -4.4438912868499747 -2.1577125787734981 -2.9258300065994258 -0.19411766529083249 -3.9161043167114253 4.6447060108184823 -1.5500653386116026 7.0210604667663583 1.0764818191528323 -4.1026027202606192 -3.5961639881134029 -0.55258822441101063 0.093254890292882933 -10.826676368713377 -0.19752146303653714 -3.6786562204360957 -3.790744304656982 -8.371675491333006 -2.3638461828231807
decision_type=2 2 2 2 2 2 2 2 2 2 2 2 2 2 2 2 2 2 2 2 2 2 2 2 2 2 2 2 2 2
left_child=1 2 -1 4 5 -3 7 -5 -8 -2 -11 14 17 -14 15 -10 -15 18 25 20 -19 23 -23 -21 -22 27 -27 -13 29 -29
right_child=9 3 -4 6 -6 -7 8 -9 11 10 -12 12 13 16 -16 -17 -18 19 -20 21 24 22 -24 -25 -26 26 -28 28 -30 -31
leaf_value=0.17203851163387299 0.050019981805235147 0.1212534404936291 0.005845689920731533 0.1600018695706413 -0.31587514415383344 -0.032923000988860925 -0.10399865857486068 0.010706185193165491 0.05967468393260035 -0.080639345288276681 0.0036116473882642133 0.0040780379209741568 -0.019968615452049619 -0.0019264562747540346 -0.067513908954182023 -0.012691523264614849 -0.024427580529838566 0.057209473586565744 -0.078401934841404786 0.092924903750419618 -0.070440828572027381 -0.046186963486606662 -0.0034218118225948675 -0.0089100108792384471 0.0094077345288480739 0.099192701011896145 0.01186499758200212 -0.10136368834310108 -0.0024996711797550921 -0.015376337931901924
leaf_weight=20 64 21 81 21 20 48 29 46 29 25 9844 2714 579 9284 48 856 254 74 23 25 20 115 180 24 2311 25 55 45 2584 211
leaf_count=20 64 21 81 21 20 48 29 46 29 25 9844 2714 579 9284 48 856 254 74 23 25 20 115 180 24 2311 25 55 45 2584 211
internal_value=0.000235614 -0.00150676 0.0387552 -0.0017138 -0.060129 0.0140003 -0.0014479 0.0575004 -0.00165059 0.00369862 0.00339822 -0.00149804 -0.000905459 -0.00352394 -0.0132626 -0.0103202 -0.00252567 0.00224599 -0.000330207 0.0075474 0.0102145 -0.0110993 -0.020093 0.0430466 0.00872263 -1.14903e-05 0.0391549 -0.000575644 -0.00502286 -0.0304913
internal_weight=29675 19742 101 19641 89 69 19552 67 19485 9933 9869 19456 18523 10117 933 885 9538 8406 5657 2749 2405 344 295 49 2331 5634 80 5554 2840 256
internal_count=29675 19742 101 19641 89 69 19552 67 19485 9933 9869 19456 18523 10117 933 885 9538 8406 5657 2749 2405 344 295 49 2331 5634 80 5554 2840 256
is_linear=0
shrinkage=0.05


Tree=95
num_leaves=31
num_cat=0
split_feature=123 40 296 111 121 83 107 135 292 267 28 8 281 114 144 10 34 3 4 34 5 251 9 23 25 134 56 211 114 10
split_gain=159.631 886.845 163.137 96.6851 99.7097 59.206 52.5746 53.7684 47.4097 89.9876 55.4644 46.6527 47.0012 80.1179 70.6013 48.0342 52.2942 50.3412 47.4728 45.9257 47.7932 44.447 43.2356 42.731 49.5945 40.2567 54.1228 48.3571 46.8555 63.08
threshold=-13.167595386505125 -13.982651710510252 -32.056173324584954 -13.513039112091063 -1.9575489759445188 -5.0505881309509268 -5.1686832904815665 -4.3080682754516593 8.5579571723938006 9.5602812767028826 1.8275910019874575 3.6187807321548466 -7.3321909904479972 0.10271894931793214 -3.8120043277740474 -3.2392263412475581 -3.5733323097228999 0.97855189442634594 -4.5577125549316397 -1.0923743844032285 -1.859871983528137 8.3804540634155291 2.8416923284530644 -0.35708683729171747 0.037172706797719009 -1.9435686469078062 1.5340475440025332 -0.47379359602928156 -0.90317645668983448 1.1882548928260805
decision_type=2 2 2 2 2 2 2 2 2 2 2 2 2 2 2 2 2 2 2 2 2 2 2 2 2 2 2 2 2 2
left_child=1 -1 -3 -2 11 -6 -7 22 9 25 23 12 13 15 -14 16 17 -5 -16 -17 -21 -12 -8 -10 -25 26 28 -28 -9 -30
right_child=3 2 -4 4 5 6 7 8 10 -11 21 -13 14 -15 18 19 -18 -19 -20 20 -22 -23 -24 24 -26 -27 27 -29 29 -31
leaf_value=-0.33661625074303669 0.081049248978898342 0.11063330514090403 -0.032766375822179457 -0.019796456231011283 0.028267542123794554 0.033337368658094696 -0.013427665802728701 0.0032553517048589404 0.0097578633658326509 -0.086351636360431541 0.022035005405357407 0.038155184892507701 0.0077582445087786694 -0.079465530685535302 0.065381607909997308 -0.0017764539907713162 -0.047131013022091411 0.068186259198756455 -0.0050958622367106785 -0.049885684686402483 -0.012037557898874179 -0.026912246409215426 -0.0779358041183702 0.11891631660982967 0.039493710013320214 0.00058570316442037437 -0.030600856095774811 0.015059852500061699 0.010847987839338939 0.042782360127993996
leaf_weight=23 37 28 68 72 215 132 249 2343 57 29 119 65 1415 41 24 1532 159 21 5396 96 636 76 29 29 61 14926 178 86 1329 175
leaf_count=23 37 28 68 72 215 132 249 2343 57 29 119 65 1415 41 24 1532 159 21 5396 96 636 76 29 29 61 14926 178 86 1329 175
internal_value=4.13849e-05 -0.0577526 0.00905853 0.000274307 0.000172961 0.00217055 0.00188743 0.00167655 0.00198929 0.00165831 0.0204407 -0.00405857 -0.00435072 -0.0101337 -0.0021873 -0.00900386 -0.0297114 7.06085e-05 -0.00478378 -0.00669896 -0.0170012 0.00295813 -0.0201569 0.0436319 0.0650854 0.00179238 0.00617353 -0.0157265 0.00767642 0.0145638
internal_weight=29646 119 96 29527 29490 20033 19818 19686 19408 19066 342 9457 9392 2557 6835 2516 252 93 5420 2264 732 195 278 147 90 19037 4111 264 3847 1504
internal_count=29646 119 96 29527 29490 20033 19818 19686 19408 19066 342 9457 9392 2557 6835 2516 252 93 5420 2264 732 195 278 147 90 19037 4111 264 3847 1504
is_linear=0
shrinkage=0.05


Tree=96
num_leaves=31
num_cat=0
split_feature=123 7 1 33 2 121 81 146 242 299 84 114 146 212 50 75 92 73 127 281 114 144 34 69 95 3 82 196 227 92
split_gain=144.067 820.327 380.397 330.62 85.8891 80.8741 70.3651 54.0739 50.2262 44.8426 58.5213 56.8485 68.5791 46.3028 46.0958 49.3587 44.7374 48.6531 43.5949 42.3481 71.1034 64.0952 44.93 52.837 46.2888 53.2223 44.4736 44.1662 86.7099 45.8526
threshold=-13.167595386505125 1.3829248547554018 2.4691683053970341 -8.7487053871154767 -0.045098034664988511 -1.9575489759445188 -11.531372547149656 -9.8176140785217267 -19.441130638122555 0.3394771814346314 -4.4532601833343497 3.9126088619232182 -1.2726771831512449 3.3527170419692998 4.5041174888610849 0.062934171408414855 -0.41799721121788019 3.1550533771514897 -2.7551469802856441 -7.3321909904479972 0.10271894931793214 -3.8120043277740474 -2.2835294008255 -4.6170589923858634 -9.0090193748474103 1.153075158596039 3.4812287092208867 -2.8411763906478877 -5.6152942180633536 -0.72470584511756886
decision_type=2 2 2 2 2 2 2 2 2 2 2 2 2 2 2 2 2 2 2 2 2 2 2 2 2 2 2 2 2 2
left_child=1 2 3 -1 -5 6 8 -7 -2 10 -9 -12 -13 14 15 -14 17 18 -11 20 22 -21 27 24 -24 -26 -23 29 -29 -8
right_child=5 -3 -4 4 -6 7 19 9 -10 16 11 12 13 -15 -16 -17 -18 -19 -20 21 -22 26 23 -25 25 -27 -28 28 -30 -31
leaf_value=-0.22044862359762193 0.11531417489051819 -0.3384566006206331 0.19453501502672832 -0.034649222738602582 0.090455292618792996 0.062451538363018561 -0.00084604691150461878 0.02412907663633615 0.017856942079006097 -0.037777014743340644 0.0007837306378842573 -0.063442809098503666 0.061818773551336074 -0.066333473571576179 0.061074619602274019 -0.017746084749872919 0.0039657106382403181 0.077364216605201375 0.017086442086535196 0.0076114640446171659 -0.073896080206724862 -0.0047155340486833485 -0.10545849118913925 -0.0095108964352247031 -0.018522771087440628 -0.081986825597973975 0.045197417183468744 -0.12011973348192194 0.023727898206561807 0.070468014677095667
leaf_weight=20 20 21 21 34 23 37 1127 263 39 38 15268 72 22 30 27 171 3305 32 768 1423 42 5411 21 1046 216 39 45 22 20 23
leaf_count=20 20 21 21 34 23 37 1127 263 39 38 15268 72 22 30 27 171 3305 32 768 1423 42 5411 21 1046 216 39 45 22 20 23
internal_value=3.93156e-05 -0.0548649 0.0059047 -0.0455399 0.0158315 0.000260591 -0.00354054 0.00206202 0.0508933 0.00195027 0.000739829 0.000345257 -0.0204455 -0.00806223 -0.000116149 -0.00867652 0.00658199 0.0169004 0.0144998 -0.00388094 -0.00937632 -0.00183904 -0.00829842 -0.0146456 -0.0341052 -0.028229 -0.00430386 -0.00125907 -0.0516209 0.000580234
internal_weight=29646 119 98 77 57 29527 9494 20033 59 19996 15853 15590 322 250 220 193 4143 838 806 9435 2556 6879 2514 1322 276 255 5456 1192 42 1150
internal_count=29646 119 98 77 57 29527 9494 20033 59 19996 15853 15590 322 250 220 193 4143 838 806 9435 2556 6879 2514 1322 276 255 5456 1192 42 1150
is_linear=0
shrinkage=0.05


Tree=97
num_leaves=31
num_cat=0
split_feature=123 40 9 295 111 121 88 119 85 46 235 162 264 82 154 18 111 8 257 253 143 241 212 163 87 120 100 173 6 286
split_gain=130.021 781.67 140.151 252.011 81.8367 81.3742 52.3108 46.9571 76.8263 75.8008 61.6379 51.1482 47.8713 56.4601 43.9136 43.8571 43.182 41.9711 43.4598 57.2803 48.9181 82.9918 53.3915 43.9196 41.216 40.5832 39.4983 42.0825 42.3576 39.2785
threshold=-13.167595386505125 -13.982651710510252 -0.7131415307521819 -31.705285072326657 -13.513039112091063 -1.9575489759445188 -4.1228697299957267 0.47327114641666418 -2.119483113288879 -4.3141086101531974 -4.7510504722595206 -7.0405638217926017 -7.6006534099578849 -2.3026384115219112 -6.5396630764007559 -0.059798253700137131 5.2404081821441659 3.6187807321548466 -15.536587715148924 -13.424495697021483 -1.8097794055938718 0.5413951873779298 -4.0434117317199698 -2.5750044584274288 5.8209803104400644 -4.3105041980743399 2.3156548738479619 -0.96189847588539112 -3.2545708417892452 5.6975979804992685
decision_type=2 2 2 2 2 2 2 2 2 2 2 2 2 2 2 2 2 2 2 2 2 2 2 2 2 2 2 2 2 2
left_child=1 -1 3 -3 -2 17 -7 11 10 -10 15 -8 13 -13 -14 -9 24 18 19 25 21 26 23 -22 -16 -6 27 28 -20 -11
right_child=4 2 -4 -5 5 6 7 8 9 29 -12 12 14 -15 16 -17 -18 -19 20 -21 22 -23 -24 -25 -26 -27 -28 -29 -30 -31
leaf_value=-0.3139278246008832 0.07456162426922773 0.17876375516255696 -0.088524952932046014 -0.021104819521955823 -0.020250823261106717 0.016808670623383173 0.054433268343293401 0.13314244164238601 -0.043792533947200313 0.0031101511516203918 0.020025207150679132 -0.059378746291622521 0.066410938013345008 -0.0064105322806017762 0.00035958573427157827 0.034396160819122328 -0.068369900661966077 0.036371285731975851 -0.032211501703693954 -0.10281938925385475 -0.035484917430416839 0.044880691657260975 -0.0056525263590209065 -0.0032150472422348866 -0.046543575189215071 0.048375903653061908 -0.053717912236849463 0.014298825182161842 -0.0016832143681861187 0.017191086968998934
leaf_weight=23 37 24 26 46 340 576 43 22 82 4468 308 72 25 167 13620 23 23 65 116 20 302 98 2341 162 47 23 36 409 5545 557
leaf_count=23 37 24 26 46 340 576 43 22 82 4468 308 72 25 167 13620 23 23 65 116 20 302 98 2341 162 47 23 36 409 5545 557
internal_value=3.73498e-05 -0.0521217 0.0106027 0.0474215 0.000247562 0.000154323 0.00195892 0.00151931 0.00545213 0.00389281 0.0280114 -1.48191e-05 -0.000182604 -0.0223675 0.000203994 0.0826721 8.309e-05 -0.00366839 -0.0039455 -0.0204413 -0.00324421 -0.000766808 -0.00872365 -0.0242183 0.000198289 -0.0159026 -0.00149944 -0.00118974 -0.00230877 0.00467096
internal_weight=29646 119 96 70 29527 29490 20033 19457 5460 5107 353 13997 13954 239 13715 45 13690 9457 9392 383 9009 6204 2805 464 13667 363 6106 6070 5661 5025
internal_count=29646 119 96 70 29527 29490 20033 19457 5460 5107 353 13997 13954 239 13715 45 13690 9457 9392 383 9009 6204 2805 464 13667 363 6106 6070 5661 5025
is_linear=0
shrinkage=0.05


Tree=98
num_leaves=31
num_cat=0
split_feature=123 9 8 285 8 111 121 83 107 135 119 43 28 16 153 196 142 255 164 61 191 111 227 50 207 285 122 10 8 8
split_gain=117.344 725.436 326.81 310.282 165.826 73.8576 73.4402 47.5151 44.7378 49.2708 42.9004 54.4789 69.5211 56.2014 62.6242 52.0128 57.0166 53.7214 51.1276 49.9489 60.1457 46.477 43.4335 42.6375 56.6615 41.9994 39.5577 38.7282 49.3353 47.6716
threshold=-13.167595386505125 -1.0917379260063169 -1.6080392003059385 -26.711206436157223 -0.38746382296085352 -13.513039112091063 -1.9575489759445188 -5.0505881309509268 -5.1686832904815665 -6.316666603088378 0.50233116745948803 -5.764643430709838 -0.80823531746864308 3.4941176176071171 2.5920587778091435 2.7706141471862797 -3.1774406433105464 -3.4642424583435054 -1.2270588278770445 3.6600598096847539 -1.5126393437385557 5.2404081821441659 -3.3273109197616573 0.72086128592491161 2.7768249511718754 7.3207843303680429 -2.9130789041519161 -3.0223250389099117 3.6187807321548466 -3.3161765336990352
decision_type=2 2 2 2 2 2 2 2 2 2 2 2 2 2 2 2 2 2 2 2 2 2 2 2 2 2 2 2 2 2
left_child=1 2 3 -1 -4 -2 27 -8 -9 -10 19 -12 13 14 15 16 17 -13 -17 21 -21 -11 -20 24 -18 -15 -14 29 -29 -7
right_child=5 -3 4 -5 -6 6 7 8 9 10 11 12 26 25 -16 18 23 -19 22 20 -22 -23 -24 -25 -26 -27 -28 28 -30 -31
leaf_value=0.2759784460067749 0.070833510321539811 -0.22975382519591797 -0.16229164788410777 -0.0025363580137491228 0.038878585603088142 0.031269043099646475 0.025239845763805304 0.030618785513621391 -0.061572879264431613 0.0003963727717689777 -0.031808652582856804 0.10281105373287575 -0.061322246693695584 0.034737165064751351 -0.016432323358670065 0.11509598244953415 0.012994549994861396 0.023257365062951098 -0.02962797870859504 0.0023613908907046191 -0.089760169652564559 -0.075878239274024969 0.04991904095006295 -0.0082873132034593268 0.08582988241687417 0.11285088712518865 0.0030658227456163388 -0.0029028278227244009 0.045036183242444641 -0.019055273928274274
leaf_weight=20 37 38 21 20 20 51 215 132 31 14195 97 32 24 79 158 23 576 63 22 37 34 20 78 247 28 22 3920 8743 54 609
leaf_count=20 37 38 21 20 20 51 215 132 31 14195 97 32 24 79 158 23 576 63 22 37 34 20 78 247 28 22 3920 8743 54 609
internal_value=3.54823e-05 -0.0495156 0.0350406 0.136721 -0.0641598 0.000235184 0.000146607 0.00186097 0.00160734 0.00141281 0.00151215 0.00532257 0.00600575 0.0159006 0.0129495 0.0172922 0.0133153 0.0500544 0.0478787 8.01115e-05 -0.0417532 0.000289057 0.0324187 0.00921402 0.016371 0.051752 0.00267401 -0.00348498 -0.00260856 -0.0151666
internal_weight=29646 119 81 40 41 29527 29490 20033 19818 19686 19655 5369 5272 1328 1227 1069 946 95 123 14286 71 14215 100 851 604 101 3944 9457 8797 660
internal_count=29646 119 81 40 41 29527 29490 20033 19818 19686 19655 5369 5272 1328 1227 1069 946 95 123 14286 71 14215 100 851 604 101 3944 9457 8797 660
is_linear=0
shrinkage=0.05


Tree=99
num_leaves=31
num_cat=0
split_feature=123 40 68 299 111 299 154 10 210 289 142 11 14 187 77 33 173 13 111 129 10 63 171 37 223 234 154 87 42 101
split_gain=105.903 695.705 132.599 241.991 66.6565 69.6403 61.4865 46.2612 45.5321 80.5713 47.5456 44.8783 44.5561 38.851 41.8565 40.0003 38.6164 45.1397 50.0237 44.2745 38.5937 56.1669 73.3965 38.575 36.6614 68.4212 50.9055 74.6729 93.7759 66.2565
threshold=-13.167595386505125 -13.982651710510252 -9.3317799568176252 -31.526485443115231 -13.513039112091063 -2.9258382320404048 -3.9633333683013912 0.46038411557674414 6.0540761947631845 2.3279198408126835 -0.6234755516052245 1.9617946743965151 -3.5792843103408809 -3.9231225252151485 0.34927128255367285 1.6676821112632754 -3.6006206274032588 -1.1329411864280698 5.2404081821441659 -4.3582351207733145 -5.8756942749023429 -1.1179150342941282 -6.8909218311309806 2.031247735023499 2.3932518959045415 -1.146955609321594 -0.16709151118993756 -3.2044751644134517 -1.2586544752120969 -3.6187583208084102
decision_type=2 2 2 2 2 2 2 2 2 2 2 2 2 2 2 2 2 2 2 2 2 2 2 2 2 2 2 2 2 2
left_child=1 -1 3 -3 -2 8 11 16 9 20 -11 -7 -9 14 15 -14 23 18 19 -18 21 22 -6 -8 26 -26 -22 28 -28 -29
right_child=4 2 -4 -5 5 6 7 12 -10 10 -12 -13 13 -15 -16 -17 17 -19 -20 -21 24 -23 -24 -25 25 -27 27 29 -30 -31
leaf_value=-0.29403056269106659 0.067291857745196373 0.19879831790924074 -0.06721757440006032 -0.012514357339768184 -0.077363523967902775 0.014822458706407068 -0.012081593861919105 0.045933239337276013 -0.074438966946168389 0.0001716543734073639 0.099052963718291254 0.071121072102534141 0.020333740701278052 0.0060187874470294129 -0.047978586171354566 -0.055040006501519162 -0.060502167233628112 0.0019905095613005244 -0.075430272175715518 -0.004507786260010996 -0.0016371721755936057 -0.1081893486281236 0.046724631314953941 -0.079107156323026062 0.10419172848696295 0.0003116620668009216 -0.15245725662403165 0.057107664934462982 -0.0077779039740562446 -0.011700903661969351
leaf_weight=23 37 20 34 42 22 517 322 68 22 20 31 38 75 4733 70 23 36 8580 26 1822 11619 21 26 23 23 51 21 36 24 1241
leaf_count=23 37 20 34 42 22 517 322 68 22 20 31 38 75 4733 70 23 36 8580 26 1822 11619 21 26 23 23 51 21 36 24 1241
internal_value=3.37082e-05 -0.0470398 0.0121351 0.055651 0.000223424 0.000139276 0.00232004 0.00174467 -0.00256791 -0.00244753 0.060276 0.0186771 0.00573777 0.00518007 -0.0184488 0.00264398 -9.09999e-05 0.000451655 -0.0065565 -0.00559272 -0.00269202 -0.0399874 -0.0101491 -0.01655 -0.00249429 0.0325987 -0.00269496 -0.0119918 -0.0752949 -0.00976112
internal_weight=29646 119 96 62 29527 29490 16333 15778 13157 13135 51 555 4969 4901 168 98 10809 10464 1884 1858 13084 69 48 345 13015 74 12941 1322 45 1277
internal_count=29646 119 96 62 29527 29490 16333 15778 13157 13135 51 555 4969 4901 168 98 10809 10464 1884 1858 13084 69 48 345 13015 74 12941 1322 45 1277
is_linear=0
shrinkage=0.05


Tree=100
num_leaves=31
num_cat=0
split_feature=276 70 57 13 259 170 88 199 298 294 219 2 257 201 98 289 24 255 23 103 114 295 227 194 45 298 236 195 295 45
split_gain=161.599 642.706 246.322 137.498 72.8059 71.1638 67.6737 44.8984 44.0514 53.4494 48.7726 43.4041 42.9165 59.826 43.0691 63.0676 68.3779 47.1357 45.8687 45.2064 45.075 41.6038 69.8022 49.1122 40.5761 39.8041 56.3211 51.5261 51.4521 46.5099
threshold=-33.483972549438469 -9.8755693435668928 -6.7206788063049308 2.5317647457122807 -25.764085769653317 -0.92971077561378468 -3.8903000354766841 -6.1221647262573233 -1.0000000180025095e-35 -2.5129083395004268 -3.3192366361618038 -0.71869447827339161 -5.3090085983276358 -5.5297977924346915 -0.89248135685920704 3.515931367874146 0.32711230218410497 -5.9048502445220938 1.430677115917206 -1.2883645892143247 -2.779686331748962 6.2641994953155526 7.8558268547058114 -0.59838613867759693 5.2099287509918222 0.27519610524177557 4.6560044288635263 -2.1744444370269771 -2.3085294961929317 1.5319535136222842
decision_type=2 2 2 2 2 2 2 2 2 2 2 2 2 2 2 2 2 2 2 2 2 2 2 2 2 2 2 2 2 2
left_child=1 -1 -3 -4 -2 8 11 -8 24 10 -10 -7 13 -9 15 17 -17 -14 19 -19 -20 22 25 -23 -6 26 28 29 -16 -27
right_child=4 2 3 -5 5 6 7 12 9 -11 -12 -13 14 -15 21 16 -18 18 20 -21 -22 23 -24 -25 -26 27 -28 -29 -30 -31
leaf_value=-0.309443846203032 0.085351715087890634 0.13108676338195802 -0.0056161945280821428 -0.1626510685682297 -0.0015032311731762564 0.0481097957243522 0.052358032862345388 -0.090115361259533816 -0.10404421166660122 -0.0078566837592600539 -0.027094176491590762 0.0050136792030438639 0.076805688689152399 -0.0098746286226658667 -0.0056088639724690206 0.021131254360079767 0.13436044737696648 -0.00078019021119297982 -0.082025278788869796 0.013358449955296128 -0.0078710226094389855 0.091394670978188527 -0.060097752511501318 0.011509318225704163 0.056696986357371019 -0.05014609137455342 0.075331557126439838 -0.002595752742074962 0.0062349776017057643 0.013048467955813976
leaf_weight=21 25 25 46 20 17113 135 45 26 26 772 99 103 24 218 1276 40 20 877 23 1591 188 20 48 506 30 107 27 2856 3259 40
leaf_count=21 25 25 46 20 17113 135 45 26 26 772 99 103 24 218 1276 40 20 877 23 1591 188 20 48 506 30 107 27 2856 3259 40
internal_value=-0.000166137 -0.0601118 -0.0025736 -0.0532025 6.14995e-05 -1.08564e-05 0.0030761 0.00251502 -0.00196656 -0.0127679 -0.0430998 0.029459 0.00231379 -0.0184249 0.00277794 0.00817174 0.0588743 0.00704627 0.00642133 0.00833431 -0.0159542 0.000946871 7.22167e-06 0.0145468 -0.00140138 0.000388588 0.00333118 -0.00408164 0.00290251 -0.0329503
internal_weight=29606 112 91 66 29494 29469 11429 11191 18040 897 125 238 11146 244 10902 2763 60 2703 2679 2468 211 8139 7613 526 17143 7565 4562 3003 4535 147
internal_count=29606 112 91 66 29494 29469 11429 11191 18040 897 125 238 11146 244 10902 2763 60 2703 2679 2468 211 8139 7613 526 17143 7565 4562 3003 4535 147
is_linear=0
shrinkage=0.05


Tree=101
num_leaves=31
num_cat=0
split_feature=276 66 49 21 263 170 88 263 199 295 9 16 0 115 112 28 295 267 13 150 57 215 234 240 49 67 283 298 296 40
split_gain=145.843 582.701 266.934 107.111 71.7526 64.1617 61.0755 43.5534 72.1032 63.9927 48.1268 47.5453 60.1527 58.8564 46.5124 43.8721 56.9698 50.3702 43.5407 57.8474 42.2748 41.4734 46.9313 61.2649 67.1819 45.6621 40.8457 42.8046 69.5373 55.6983
threshold=-33.483972549438469 -9.5435600280761701 -10.652459621429442 -1.4568368196487425 -27.230444908142086 -0.92971077561378468 -3.8903000354766841 -6.0431909561157218 -5.9833424091339102 -8.9045233726501447 1.1728758215904238 0.39699347317218786 -1.4501287937164304 0.15218488872051242 -3.5728757381439205 8.3666062355041522 8.4290757179260272 9.5602812767028826 -1.4702085256576536 1.8915420770645144 3.7832351922988896 -2.6220555305480953 1.5586884021759035 1.4459643959999087 0.087336633354425444 -4.6286668777465811 -4.3343627452850333 -2.5088104009628291 -2.3476601839065547 2.979324579238892
decision_type=2 2 2 2 2 2 2 2 2 2 2 2 2 2 2 2 2 2 2 2 2 2 2 2 2 2 2 2 2 2
left_child=1 -1 -3 -4 -2 18 -7 11 -9 10 -10 12 -8 -14 -11 16 17 21 19 20 -6 22 23 -16 -25 -23 -27 28 29 -28
right_child=4 2 3 -5 5 6 7 8 9 14 -12 -13 13 -15 15 -17 -18 -19 -20 -21 -22 25 -24 24 -26 26 27 -29 -30 -31
leaf_value=-0.29451395670572916 0.090322598544034099 0.14076167742411297 -0.012333192434558209 -0.15048597284592691 -0.005929977694434008 0.027986007052309376 0.027211337468840857 0.07345007693188059 0.12043093822896481 -0.025035889064467035 0.012055578685942151 0.0037821455666622555 -0.027083854534707609 -0.11557699033223533 0.012059558887146722 -0.031281644359548041 0.024923930139277635 -0.074940848350524905 -0.00074414114180231211 -0.064168620007959282 -0.07549034573815086 0.071857974246022818 0.053031794658074019 0.0031192386102291848 -0.11270705685019494 -0.015873601070574454 0.0053133686876834932 0.000478720631391161 0.024034711635885022 -0.037827335262154961
leaf_weight=21 22 24 47 20 3047 238 22 36 20 153 21 97 42 34 964 94 289 21 14930 44 22 23 65 31 21 333 759 7542 541 83
leaf_count=21 22 24 47 20 3047 238 22 36 20 153 21 97 42 34 964 94 289 21 14930 44 22 23 65 31 21 333 759 7542 541 83
internal_value=-0.00015783 -0.0571062 -0.00231977 -0.0535728 5.84245e-05 -8.95513e-06 0.0029223 0.00238927 0.00280465 0.0025726 0.0649216 -0.021034 -0.0455968 -0.0666729 0.00233848 0.00272751 0.00302707 0.00241759 -0.0018657 -0.00724473 -0.00642862 0.00257437 0.011843 0.00920794 -0.0436568 0.00149481 0.00132 0.00196151 0.0100477 0.00106078
internal_weight=29606 112 91 67 29494 29472 11429 11191 10996 10960 41 195 98 76 10919 10766 10672 10383 18043 3113 3069 10362 1081 1016 52 9281 9258 8925 1383 842
internal_count=29606 112 91 67 29494 29472 11429 11191 10996 10960 41 195 98 76 10919 10766 10672 10383 18043 3113 3069 10362 1081 1016 52 9281 9258 8925 1383 842
is_linear=0
shrinkage=0.05


Tree=102
num_leaves=31
num_cat=0
split_feature=276 70 58 21 263 187 29 31 119 50 18 19 115 62 96 206 28 298 299 299 264 169 270 23 116 167 126 54 114 295
split_gain=131.624 536.208 215.841 120.506 64.7568 62.8814 58.0133 49.3857 60.8552 49.3596 48.6886 48.5599 70.9931 55.5901 46.9697 73.9185 50.8489 45.9838 98.6311 87.1636 64.8254 78.7824 58.5515 64.2012 52.7443 46.3446 45.5692 44.2816 44.2309 42.9719
threshold=-33.483972549438469 -9.8755693435668928 -6.08184790611267 -1.8259024024009702 -27.230444908142086 0.74786415696144115 4.6447060108184823 6.5901637077331552 -0.80173546075820912 0.47268627583980566 -1.9986274242401121 -1.3510391712188718 5.1499845981597909 0.35794934630393987 -1.3634470105171201 -3.8956372737884517 -0.80823531746864308 1.0000000180025095e-35 -0.83704099059104908 -0.51336699724197377 -4.4242045879364005 -2.375069141387939 -3.3076471090316768 -4.1599998474121085 0.15023355931043628 4.3231372833251962 -3.3594156503677364 -0.46268627047538752 3.0658495426177983 -2.8446687459945674
decision_type=2 2 2 2 2 2 2 2 2 2 2 2 2 2 2 2 2 2 2 2 2 2 2 2 2 2 2 2 2 2
left_child=1 -1 -3 -4 -2 6 7 17 -9 -8 11 -7 13 -13 -12 27 -17 18 25 -19 21 -21 -22 -24 26 -6 -25 -16 -20 -28
right_child=4 2 3 -5 5 10 9 8 -10 -11 14 12 -14 -15 15 16 -18 19 28 20 22 -23 23 24 -26 -27 29 -29 -30 -31
leaf_value=-0.28199054173060828 0.085806534507057886 0.13467782397161832 -0.0014711694365056854 -0.14507579642924526 -0.0010291424068939365 0.0091129825497225907 0.0020451355158223722 -0.0003215097449719906 0.10649771182021749 -0.02984364402798724 -0.0094152321199830556 0.061952814202317422 0.13268458604812625 -0.004679585177579831 0.12191711455583572 0.016850291624430816 0.0017715957356255923 -0.030440342575909014 0.012641740628643344 0.0068235919252038011 0.034157871291750956 -0.13029077992859214 0.085104349590837958 -0.06350211685612088 0.0032269289442790716 0.068492785096168518 -0.064916883983782356 0.030797433517873285 -0.040547524616122245 -0.0085952602009009404
leaf_weight=21 22 22 48 21 20217 259 197 30 24 316 566 68 20 58 20 721 2490 343 1710 20 105 22 20 42 1039 24 35 40 40 1046
leaf_count=21 22 22 48 21 20217 259 197 30 24 316 566 68 20 58 20 721 2490 343 1710 20 105 22 20 42 1039 24 35 40 40 1046
internal_value=-0.000149939 -0.0542509 -0.00169556 -0.0451769 5.55033e-05 -8.50741e-06 -0.000955514 -0.000610103 0.0471537 -0.0175979 0.00562397 0.0221119 0.0451717 0.0312808 0.00388365 0.00618483 0.00515738 -0.000714682 3.78851e-05 -0.00690844 -0.00344281 -0.0649982 -0.00231237 -0.00406735 -0.00489225 -0.000946709 -0.0124041 0.0611707 0.011426 -0.0104188
internal_weight=29606 112 91 69 29494 29472 25230 24717 54 513 4242 405 146 126 3837 3271 3211 24663 21991 2672 2329 42 2287 2182 2162 20241 1123 60 1750 1081
internal_count=29606 112 91 69 29494 29472 25230 24717 54 513 4242 405 146 126 3837 3271 3211 24663 21991 2672 2329 42 2287 2182 2162 20241 1123 60 1750 1081
is_linear=0
shrinkage=0.05


Tree=103
num_leaves=31
num_cat=0
split_feature=276 66 49 30 263 293 298 8 257 291 298 76 33 298 291 299 239 156 232 299 123 299 297 298 299 298 299 298 299 298
split_gain=118.79 487.396 232.65 113.092 58.443 59.2104 119.771 58.9589 58.8666 52.833 58.9716 66.8826 55.7302 51.2504 83.8216 70.1793 73.8415 61.3687 57.088 51.1574 50.6913 50.2834 61.4362 47.6664 46.3221 45.9394 47.3387 44.9239 67.4657 66.4697
threshold=-33.483972549438469 -9.5435600280761701 -10.652459621429442 -9.7030854225158674 -27.230444908142086 -4.9811413288116446 -8.7758054733276349 -0.45793417096137995 -8.6057314872741681 -1.875771105289459 -4.8513450622558585 -4.9692528247833243 -6.1140785217285147 -3.5667062997817989 -0.38598039746284479 -3.2727801799774165 2.6711765527725224 1.8838235139846804 1.800686299800873 -3.7626980543136592 -2.400945663452148 -4.9397058486938468 -7.822922706604003 -4.0917646884918204 -5.4511930942535392 -5.5207993984222403 -5.842442274093627 -2.5318282842636104 -1.6391176581382749 -0.34163492918014521
decision_type=2 2 2 2 2 2 2 2 2 2 2 2 2 2 2 2 2 2 2 2 2 2 2 2 2 2 2 2 2 2
left_child=1 -1 -3 -4 -2 9 7 -7 20 10 21 -12 -13 14 17 16 -15 19 -16 25 -8 -6 -23 -21 -14 26 -10 -17 -29 -30
right_child=4 2 3 -5 5 6 8 -9 13 -11 11 12 24 15 18 27 -18 -19 -20 23 -22 22 -24 -25 -26 -27 -28 28 29 -31
leaf_value=-0.26866491408575149 0.081516179171475509 0.13214508692423504 -0.12364113577480973 0.0074679600565057055 -0.0034324423175930833 0.014999671616861899 -0.003051177709889801 0.10738025082227512 0.00013136063271494054 0.057870821961585217 -0.079158796775990581 0.043268021871877275 -0.047929522286479675 -0.010090669198327391 0.026771137335289248 0.0068791659383271968 0.086484873192384848 -0.028984399285531582 0.10372638878013407 0.02835899195942744 -0.10802660177299835 -0.041616736693041667 0.029910978759634551 0.0066706056760737868 -0.011546072678765167 -0.0012735307964648534 0.026500221846808242 -0.0055119221254540628 0.0072234611959959942 -0.0011902350582841878
leaf_weight=21 22 24 29 38 4894 31 23 39 335 34 39 43 96 1910 173 2705 20 133 28 407 23 35 211 671 986 2276 346 4145 3847 6022
leaf_count=21 22 24 29 38 4894 31 23 39 335 34 39 43 96 1910 173 2705 20 133 28 407 23 35 211 671 986 2276 346 4145 3847 6022
internal_value=-0.000142442 -0.0515383 -0.00143218 -0.0492808 5.27281e-05 -8.08206e-06 0.00116496 0.0664689 0.000966764 -0.00428975 -0.00462501 -0.0147872 -0.0125557 0.00107969 0.00595409 -6.22658e-05 -0.00908989 0.00443323 0.0374913 0.00553472 -0.0555389 -0.00232369 0.0197343 0.0148591 -0.0147742 0.00213545 0.0135288 0.00097986 -0.000158831 0.00208948
internal_weight=29606 112 91 67 29494 29472 23134 70 23064 6338 6304 1164 1125 23018 4369 18649 1930 4168 201 4035 46 5140 246 1078 1082 2957 681 16719 14014 9869
internal_count=29606 112 91 67 29494 29472 23134 70 23064 6338 6304 1164 1125 23018 4369 18649 1930 4168 201 4035 46 5140 246 1078 1082 2957 681 16719 14014 9869
is_linear=0
shrinkage=0.05


Tree=104
num_leaves=31
num_cat=0
split_feature=220 17 10 57 261 57 187 112 28 145 179 227 76 124 79 65 44 194 22 293 128 232 298 150 21 152 62 5 31 41
split_gain=112.912 296.557 1030.44 271.52 68.3194 56.7207 65.2827 71.4384 60.2674 84.1743 48.4489 54.1435 47.4329 44.2519 48.105 49.313 44.7207 52.9989 45.3368 46.5755 45.8469 42.6837 46.9547 41.9786 72.9664 40.7026 39.7702 38.8783 37.5216 42.6294
threshold=-25.876000404357907 -2.7883578538894649 -0.49058826267719263 -5.3784682750701895 -26.499360084533688 -0.66104164719581593 -0.52111110091209401 5.006294012069703 -0.80823531746864308 -4.6195967197418204 -2.2152092456817623 -3.9338016510009761 23.418392181396488 -5.727360486984252 -1.5585561990737913 -2.5728915929794307 -5.4833333492279044 -7.5910530090332022 -0.56142428517341603 1.6884187459945681 -1.2937176823616026 -0.16492795944213864 1.2162058949470522 -3.0044444799423213 1.0719831585884096 -8.307586193084715 -2.496919989585876 6.7979862689971933 3.9595110416412358 4.2918653488159189
decision_type=2 2 2 2 2 2 2 2 2 2 2 2 2 2 2 2 2 2 2 2 2 2 2 2 2 2 2 2 2 2
left_child=1 2 -1 -3 -2 -6 7 13 10 -10 11 -8 27 14 25 -16 -15 23 19 21 -21 22 -19 24 -18 -7 -17 28 29 -12
right_child=4 3 -4 -5 5 6 8 -9 9 -11 12 -13 -14 16 15 26 17 18 -20 20 -22 -23 -24 -25 -26 -27 -28 -29 -30 -31
leaf_value=0.093145242333412176 0.090208289736793165 0.14021797268478961 -0.37519355217615763 -0.066048363768137427 -0.0022452150086164765 -0.058903713879131139 0.11993970826268197 -0.071896941278662002 -0.090364560360709834 0.0035279474509643674 0.011805073045962303 0.029667095556779179 0.078751872136042678 -0.04252061111028077 -0.11345596182346346 -0.075569953109053054 0.02680997540626456 0.0039166141013408781 -0.0031075763315240794 -0.095450080050663522 -0.0093451759849603362 0.02169838490782838 -0.056045250456328646 -0.012590113152853317 0.13545334547758103 0.022923324087804016 0.016605789184570313 -0.038001318126916886 -0.05009580440819264 0.076386739772099713
leaf_weight=23 21 27 24 39 14448 21 20 35 24 4417 1484 98 26 61 25 22 68 3069 4971 22 52 350 33 36 20 55 25 40 24 26
leaf_count=23 21 27 24 39 14448 21 20 35 24 4417 1484 98 26 61 25 22 68 3069 4971 22 52 350 33 36 20 55 25 40 24 26
internal_value=-0.00013532 -0.0500204 -0.146006 0.0183333 5.58109e-05 -8.42639e-06 0.00214261 -0.000604605 0.00609682 0.00302053 0.014049 0.0449675 0.0117687 -0.000322019 -0.0274324 -0.0567194 0.000140125 0.000441981 -3.16091e-05 0.00430493 -0.0349439 0.0051463 0.00327872 0.0328944 0.0515017 0.000313221 -0.0265403 0.0106623 0.0119312 0.0129171
internal_weight=29606 113 47 66 29493 29472 15024 8865 6159 4441 1718 118 1600 8830 148 72 8682 8621 8497 3526 74 3452 3102 124 88 76 47 1574 1534 1510
internal_count=29606 113 47 66 29493 29472 15024 8865 6159 4441 1718 118 1600 8830 148 72 8682 8621 8497 3526 74 3452 3102 124 88 76 47 1574 1534 1510
is_linear=0
shrinkage=0.05


Tree=105
num_leaves=31
num_cat=0
split_feature=95 8 129 139 149 234 143 133 245 232 154 87 84 275 23 122 127 298 258 30 163 57 215 144 24 284 59 27 283 193
split_gain=49.8542 647.512 1217.74 94.7583 85.9745 45.7553 72.7724 62.0786 76.1217 53.3156 55.7445 83.9838 52.4347 72.0892 50.6505 46.5736 61.2698 45.1323 44.175 42.2185 38.7317 38.6258 45.834 38.5861 37.7944 45.0881 43.3875 37.717 52.9771 36.8919
threshold=-15.074756622314451 -1.7152040004730222 -13.417401790618895 -14.520964622497557 -17.560850143432614 -1.4104891419410703 -1.3188235163688657 -4.0432090759277335 -0.44279392063617701 -1.0331110954284666 0.95065361261367809 -2.7736910581588741 8.8698039054870623 -25.449471473693844 0.019701266661286358 -1.8878775835037229 -6.2990760803222647 4.220571994781495 -6.2817549705505362 -9.7030854225158674 1.4864764213562014 -1.552696108818054 -2.8449183702468868 -8.0356864929199201 -0.99874299764633168 3.6775488853454594 -4.089594602584838 5.5945656299591073 13.565081596374513 -7.4788858890533438
decision_type=2 2 2 2 2 2 2 2 2 2 2 2 2 2 2 2 2 2 2 2 2 2 2 2 2 2 2 2 2 2
left_child=1 -1 -3 -4 -2 6 9 8 -8 10 15 -12 13 -9 21 19 -17 -15 -11 -6 -13 -7 -23 -18 25 -16 -26 28 -28 -25
right_child=4 2 3 -5 5 14 7 12 -10 18 11 20 -14 17 24 16 23 -19 -20 -21 -22 22 -24 29 26 -27 27 -29 -30 -31
leaf_value=0.18728041230485992 0.084938430786132821 -0.36967830657958989 0.11717441558837892 -0.01505705937743187 0.047023077898247299 -0.0030906019906852241 -0.023249040250859318 -0.082611518700917569 -0.12640559615567326 0.085657418767611182 -0.10707343561308724 -0.0032482466980147716 0.075790138244628907 -0.0045948241801298077 -0.011232900056232703 0.077805677694933753 0.051947169987166801 -0.07478360406163595 0.012027674111921122 -0.002686793351526121 -0.077840912342071536 0.021065415935575264 0.0061828875129422752 -0.028127018508055934 0.049407678362396033 -0.076610740402649202 0.00054816648386563636 -0.019801708258557739 0.060585884145788249 0.0038295312535994806
leaf_weight=26 30 28 20 42 43 918 169 30 20 21 28 134 20 5429 291 28 41 23 680 6394 20 597 3877 92 45 29 5299 228 37 4926
leaf_count=26 30 28 20 42 43 918 169 30 20 21 28 134 20 5429 291 28 41 23 680 6394 20 597 3877 92 45 29 5299 228 37 4926
internal_value=0.000209098 -0.0325053 -0.0959989 0.0275983 0.000337961 0.000251689 -0.00130788 -0.00598929 -0.0341651 0.000839453 3.73718e-05 -0.0274183 -0.00502142 -0.00531625 0.00274485 0.000470984 0.00404659 -0.00489093 0.0142334 -0.00235472 -0.0129356 0.00625184 0.00816878 0.00363835 -0.000444513 -0.0171578 0.000508998 0.000113519 0.00096447 0.00324364
internal_weight=29565 116 90 62 29449 29419 18098 5691 189 12407 11706 182 5502 5482 11321 11524 5087 5452 701 6437 154 5392 4474 5059 5929 320 5609 5564 5336 5018
internal_count=29565 116 90 62 29449 29419 18098 5691 189 12407 11706 182 5502 5482 11321 11524 5087 5452 701 6437 154 5392 4474 5059 5929 320 5609 5564 5336 5018
is_linear=0
shrinkage=0.05


Tree=106
num_leaves=31
num_cat=0
split_feature=9 124 35 30 48 187 234 143 159 281 215 284 232 241 298 76 52 51 90 164 69 13 60 2 52 197 295 56 35 230
split_gain=58.0416 103.181 747.107 87.0107 80.6958 94.2109 45.8759 56.9639 53.6444 56.366 50.6986 51.8718 50.0051 48.4846 47.7916 47.1795 67.3999 57.2937 46.954 46.3203 46.0976 45.1184 45.1123 44.8773 42.5416 41.981 41.8879 41.4658 41.1926 54.3211
threshold=-6.8165824413299552 -13.146207332611082 -13.340083599090574 -5.9882700443267813 -11.122808933258055 -13.599173545837401 -1.6988357901573179 -1.3188235163688657 4.246000051498414 -0.54490181803703297 -2.0516481399536128 -1.6802671551704405 -1.0331110954284666 -1.9889333248138426 -0.24613692611455915 -0.93529412150382985 4.0523738861083993 3.3515654802322392 -1.6764117479324339 -6.2186362743377677 2.2984770536422734 -1.3190734982490537 10.259879589080812 3.9549123048782353 -3.7545293569564815 1.2791375517845156 -31.705285072326657 -1.9446256160736082 -1.1743529438972471 -2.0000392198562618
decision_type=2 2 2 2 2 2 2 2 2 2 2 2 2 2 2 2 2 2 2 2 2 2 2 2 2 2 2 2 2 2
left_child=3 2 -2 -1 5 -3 7 12 19 -10 13 -12 14 -8 15 17 21 20 -13 27 -6 -17 -21 25 -15 -23 -4 -9 -5 -30
right_child=1 4 26 28 6 -7 10 8 9 -11 11 18 -14 24 -16 16 -18 -19 -20 22 -22 23 -24 -25 -26 -27 -28 -29 29 -31
leaf_value=0.13017064630985262 -0.32430038452148441 0.14245948337373279 0.073235569829526156 -0.026835000463243986 -0.0023087480611974935 0.015880419770065619 -0.00081639967359709411 0.019380931059519449 -0.11768233992836692 -0.0031596019154503233 -0.0054772097203215162 0.015280321546642895 0.014919318489327624 -0.034950938933463981 -0.024142712673270391 -0.011928491259025314 -0.081377121535214522 0.076931226723220045 0.001629577450635784 -0.0053230165159282696 0.063130914051672093 0.0072947664299369223 0.068122658275422604 0.064213066216972134 0.015478582911222706 0.076694872704419229 -0.0059462250256147545 -0.061285554911151077 0.095597174419806558 0.0012916658677764844
leaf_weight=20 20 21 23 36 8201 49 836 21 22 21 2469 691 555 43 209 295 22 23 7129 4748 27 2291 21 36 1524 22 61 66 26 37
leaf_count=20 20 21 23 36 8201 49 836 21 22 21 2469 691 555 43 209 295 22 23 7129 4748 27 2291 21 36 1524 22 61 66 26 37
internal_value=0.000198643 5.78083e-05 -0.0496568 0.0350477 0.000234017 0.0538541 0.000105792 -0.00162605 -0.00615152 -0.0617526 0.00236816 0.000840969 0.000271926 0.00890718 -0.000458732 -5.31502e-06 0.00577722 -0.00187372 0.0028358 -0.00565917 -0.00209401 0.00650241 -0.0049996 0.00881706 0.0140947 0.00795486 0.0157345 -0.0418143 0.0158309 0.0402114
internal_weight=29565 29446 104 119 29342 70 29272 16580 4899 43 12692 10289 11681 2403 11126 10917 2666 8251 7820 4856 8228 2644 4769 2349 1567 2313 84 87 99 63
internal_count=29565 29446 104 119 29342 70 29272 16580 4899 43 12692 10289 11681 2403 11126 10917 2666 8251 7820 4856 8228 2644 4769 2349 1567 2313 84 87 99 63
is_linear=0
shrinkage=0.05


Tree=107
num_leaves=31
num_cat=0
split_feature=9 130 8 4 27 275 190 3 283 8 66 33 61 121 10 125 113 4 36 130 153 133 288 298 281 267 159 136 267 190
split_gain=52.3826 100.295 716.507 1310.23 332.969 79.4943 74.0124 184.08 44.2068 61.4208 36.2971 58.2158 44.4319 43.6457 38.9072 38.8347 61.4379 44.5728 38.0222 36.9527 48.4507 37.0696 39.3334 36.5421 60.9639 73.2126 55.0196 45.4018 39.5991 38.1136
threshold=-6.8165824413299552 -13.583980083465574 -1.6080392003059385 1.9227696061134341 -5.4179999828338614 -14.886205673217772 -17.598574638366696 1.7014706134796145 -23.564265251159664 6.5987517833709726 -1.3503351211547849 -5.7319133281707755 -3.8518098592758174 -3.1828867197036739 1.6655882596969607 -6.8899958133697501 -3.1876471042633052 -3.4477086067199703 -0.91285103559494007 -5.3934705257415763 -3.3435189723968501 30.257929801940922 5.6574420928955087 1.1348039507865908 0.95537585020065319 3.7655252218246464 4.246000051498414 1.8526746034622195 -0.63593137264251698 -2.416756153106689
decision_type=2 2 2 2 2 2 2 2 2 2 2 2 2 2 2 2 2 2 2 2 2 2 2 2 2 2 2 2 2 2
left_child=5 2 4 -4 -2 -1 7 -3 -8 10 11 -10 13 -12 -15 16 -14 -17 19 20 -19 22 -21 24 26 28 -13 29 -26 -25
right_child=1 6 3 -5 -6 -7 8 -9 9 -11 12 23 15 14 -16 17 -18 18 -20 21 -22 -23 -24 27 25 -27 -28 -29 -30 -31
leaf_value=0.11460092514753342 0.24785483211278914 -0.024122617622980708 0.023643805053742493 -0.47156328789212493 -0.017334295308281636 0.012754906980614914 -0.021704317810742751 0.17764452673494815 0.019545351287065929 0.042743417515474211 -0.0044241064252625957 -0.0030236028746878233 0.013085746408804604 0.056930089058975376 -0.019528391864150764 0.02585559254461299 -0.10248268757663344 0.0083332509977654332 -0.00054186481819014441 0.003900378574573312 0.096248248856514701 0.071771793365478523 -0.047123481725391589 0.023087997274363743 0.03313577492083386 0.092050791780153907 -0.072009783366630817 0.019044793306878121 -0.0016483376474808094 -0.033131970804100651
leaf_weight=24 20 26 34 22 29 95 230 20 295 85 76 8582 23 99 20 183 23 42 12513 6259 25 20 38 34 127 30 29 66 230 266
leaf_count=24 20 26 34 22 29 95 230 20 295 85 76 8582 23 99 20 183 23 42 12513 6259 25 20 38 34 127 30 29 66 230 266
internal_value=0.000188711 5.49179e-05 -0.0487248 -0.170902 0.0909062 0.0332953 0.000229481 0.0636022 0.000129971 0.000302753 0.000178272 -0.00232441 0.00142942 0.0251758 0.0440799 0.00118731 -0.0446985 0.00129794 0.00106012 0.0042001 0.0411374 0.00380833 0.00359247 -0.00301339 -0.00238344 0.0170301 -0.00325593 -0.0185004 0.0107258 -0.0267604
internal_weight=29565 29446 105 56 49 119 29341 46 29295 29065 28980 9659 19321 195 119 19126 46 19080 18897 6384 67 6317 6297 9364 8998 387 8611 366 357 300
internal_count=29565 29446 105 56 49 119 29341 46 29295 29065 28980 9659 19321 195 119 19126 46 19080 18897 6384 67 6317 6297 9364 8998 387 8611 366 357 300
is_linear=0
shrinkage=0.05


Tree=108
num_leaves=31
num_cat=0
split_feature=12 34 225 27 242 127 168 9 110 286 23 36 8 23 29 10 56 107 10 66 84 62 239 220 298 1 21 277 177 134
split_gain=47.8549 256.51 590.261 146.965 247.339 167.572 72.8963 121.905 69.2455 61.7292 66.9144 45.7285 45.2092 66.3963 61.1179 56.3671 44.4073 67.1871 64.2121 49.3592 55.9592 46.4574 46.2908 44.8534 50.7822 44.9453 40.4049 48.4898 52.3293 48.8649
threshold=-0.22541370987892148 -13.30928325653076 -26.205654144287106 -10.380404472351072 -19.441130638122555 -13.406871318817137 -18.545098304748532 -2.515250444412231 -11.027915477752684 -19.109948158264157 -2.074847817420959 -10.614924907684324 5.3304290771484384 -3.3760294914245601 -7.9081914424896231 5.973412513732911 2.2052352428436284 -3.2512820959091182 -3.1169697046279903 -1.3790346980094907 -2.1200000047683711 -3.8366175889968868 -0.38707664608955378 0.17021788656711581 -2.7249020338058467 0.16156863421201709 -0.86592760682106007 -2.2887612581253047 -1.0991176962852476 -4.3099820613861075
decision_type=2 2 2 2 2 2 2 2 2 2 2 2 2 2 2 2 2 2 2 2 2 2 2 2 2 2 2 2 2 2
left_child=1 2 -1 4 -2 -5 7 -3 -7 10 -8 -11 15 -14 -15 -10 19 -18 22 26 23 -22 -19 25 -25 -21 -13 28 -28 -29
right_child=3 6 -4 5 -6 8 9 -9 12 11 -12 16 13 14 -16 -17 17 18 -20 20 21 -23 -24 24 -26 -27 27 29 -30 -31
leaf_value=-0.32165519714355473 0.22416088223457337 0.15440279182046654 0.053655017505992546 -0.14258219718933104 0.0059192547927031649 0.095221376717090619 -0.0032202006941256314 -0.0084641822786243933 0.0020273012326220011 0.065090651237047534 -0.060430206326038974 -0.00038059521201159541 -0.060717322733253247 0.11548149415424891 0.024724025009844289 -0.037899166881368407 -0.088215866427997058 -0.12361967698670924 -0.0058853724205350606 -0.0012210982847504484 -0.04685767944557253 -0.00031231549492915633 -0.02605181345415692 0.11296185091137888 0.023034747465424343 0.013386879159015106 -0.010580011968667064 0.057525011912609142 -0.036651110785541327 -0.0019500585503270688
leaf_weight=20 20 20 22 20 37 20 115 27 13075 26 92 2808 20 21 159 89 29 20 603 947 54 7414 31 20 73 1186 1491 36 221 849
leaf_count=20 20 20 22 20 37 20 115 27 13075 26 92 2808 20 21 159 89 29 20 603 947 54 7414 31 20 73 1186 1491 36 221 849
internal_value=0.000179276 -0.00165987 -0.125064 0.00237953 0.0824953 0.00203884 -0.00133718 0.0608409 0.00225495 -0.00151966 -0.0286469 -0.00116444 0.00211582 0.0257094 0.0353124 0.00175736 -0.00127359 -0.013744 -0.0104417 -0.000709497 0.00142515 -0.000648878 -0.0643137 0.0083833 0.0423739 0.00690129 -0.00453804 -0.00903327 -0.0139455 0.000469266
internal_weight=29565 16104 42 13461 57 13404 16062 47 13384 16015 207 15808 13364 200 180 13164 15782 683 654 15099 9694 7468 51 2226 93 2133 5405 2597 1712 885
internal_count=29565 16104 42 13461 57 13404 16062 47 13384 16015 207 15808 13364 200 180 13164 15782 683 654 15099 9694 7468 51 2226 93 2133 5405 2597 1712 885
is_linear=0
shrinkage=0.05


Tree=109
num_leaves=31
num_cat=0
split_feature=9 130 40 71 103 30 190 5 41 283 276 8 12 102 67 271 296 257 271 48 268 134 8 4 13 41 155 5 0 44
split_gain=46.1216 88.1857 775.13 121.123 109.269 72.0358 66.8446 174.246 43.6279 40.3085 69.0811 58.2162 49.7908 59.3756 48.2026 47.2389 44.309 66.4285 44.3538 41.3836 41.9332 40.9412 42.5352 39.6384 39.5224 53.1404 67.4093 52.7215 49.5305 59.4834
threshold=-6.8165824413299552 -13.583980083465574 -13.982651710510252 -10.095191478729246 -15.122683525085447 -5.9882700443267813 -17.598574638366696 1.6334087252616885 -6.0899384021759024 -13.062434673309324 -9.2871150970458967 -3.788071751594543 7.2757232189178476 -6.1891746520996085 -4.6286668777465811 -9.9104189872741681 -19.133737564086911 -13.788204669952391 -11.949761867523192 -5.9000327587127677 -8.222352981567381 1.591979503631592 2.7383102178573613 -2.9806861877441402 -1.5964215397834776 2.2258169651031499 4.6365303993225107 0.49803923070430761 0.8071296513080598 -4.6267082691192618
decision_type=2 2 2 2 2 2 2 2 2 2 2 2 2 2 2 2 2 2 2 2 2 2 2 2 2 2 2 2 2 2
left_child=5 2 -2 4 -4 -1 7 -3 -5 10 11 -8 13 21 -15 -12 -11 -18 19 -19 -21 22 -13 -20 25 26 -25 -26 -29 -30
right_child=1 6 3 8 -6 -7 9 -9 -10 16 15 12 -14 14 -16 -17 17 18 23 20 -22 -23 -24 24 27 -27 -28 28 29 -31
leaf_value=0.1177866417169571 -0.32575935363769531 -0.024915057306106277 0.15706206668506972 -0.091150412247294477 -0.0023904664175851006 0.013750310257227736 0.051046966674715977 0.17138871476054193 0.010769155053865343 0.067036712229251866 -0.10535908440748852 -5.7840779257135661e-05 0.064571753792140793 -0.055316823118188412 -0.015000381947889389 -0.017346809275688664 -0.070456058915817382 0.08719886800517207 0.014033148265801943 0.004857797725447293 0.07072063413416517 -0.062370913258443274 0.048791874793111062 -0.0063439120379781087 -0.00084432862145761777 0.014516639709472657 -0.092266331807426785 0.0010415017338167953 -0.028368305926229437 0.010473651680860068
leaf_weight=20 20 26 22 21 21 99 43 20 21 25 30 492 23 89 444 31 33 23 520 145 29 24 49 3033 15970 317 23 4921 102 2929
leaf_count=20 20 26 22 21 21 99 43 20 21 25 30 492 23 89 444 31 33 23 520 145 29 24 49 3033 15970 317 23 4921 102 2929
internal_value=0.000170312 4.47687e-05 -0.0456955 0.0202019 0.0791899 0.0312354 0.000208455 0.0604344 -0.0401906 0.000113886 -0.00876431 -0.00604618 -0.00823619 -0.00976132 -0.0217324 -0.0606315 0.000501339 0.000442028 0.00052555 0.0241668 0.0158349 0.00153176 0.00436663 0.000358111 9.75865e-05 -0.0049693 -0.00699058 0.000812017 0.00413845 0.00916653
internal_weight=29565 29446 105 85 43 119 29341 46 42 29295 1225 1164 1121 1098 533 61 28070 28045 28012 197 174 565 541 27815 27295 3373 3056 23922 7952 3031
internal_count=29565 29446 105 85 43 119 29341 46 42 29295 1225 1164 1121 1098 533 61 28070 28045 28012 197 174 565 541 27815 27295 3373 3056 23922 7952 3031
is_linear=0
shrinkage=0.05


Tree=110
num_leaves=31
num_cat=0
split_feature=293 25 73 61 23 98 57 68 0 118 298 238 141 216 111 91 280 211 207 4 28 289 223 75 5 132 292 251 293 30
split_gain=119.684 353.242 117.868 185.668 52.3457 46.033 46.9717 46.1983 43.058 42.369 41.8816 43.8275 59.405 42.935 41.1285 55.0974 47.6242 58.6611 46.2022 42.5148 40.3819 54.5448 84.0549 41.6097 53.6219 40.3657 42.9515 53.2669 41.7337 41.3722
threshold=-32.799146652221673 -9.5988287925720197 -8.1676468849182111 -3.3675489425659175 -3.6518340110778804 -15.119443893432615 -0.66104164719581593 -7.5963881015777579 -3.5852391719818111 -1.22139036655426 3.5940196514129643 2.6065686941146855 1.3971102833747866 2.4991284608840947 -4.9229097366332999 -2.5595022439956661 -11.49563694000244 -2.391319632530212 3.0807843208312993 -3.4477086067199703 8.3666062355041522 6.9539363384246835 4.1205294132232675 2.4704488515853886 -0.48879039287567133 -5.3514521121978751 -2.3715319633483882 2.2330887317657475 -2.7102520465850826 -2.1905120611190791
decision_type=2 2 2 2 2 2 2 2 2 2 2 2 2 2 2 2 2 2 2 2 2 2 2 2 2 2 2 2 2 2
left_child=1 -1 -3 -4 -5 7 8 -2 9 -7 11 -10 -13 -14 16 18 -8 -18 25 -17 21 23 -23 -21 -25 29 -27 28 -28 -16
right_child=5 2 3 4 -6 6 14 -9 10 -11 -12 12 13 -15 15 19 17 -19 -20 20 -22 22 -24 24 -26 26 27 -29 -30 -31
leaf_value=-0.21749757385253907 0.075077093243598944 0.079973556314195907 -0.16949184823781252 -0.044048146974472777 0.064045868720859295 0.011134298540030917 -0.067664842944332337 -0.012670935193697611 -0.0026180508205894677 0.07622579466861984 -0.029267853947534957 0.05277992490633035 0.024288242558638255 -0.071036294883205772 -0.0020603961138813583 0.026379625867178416 0.010423331028102218 -0.0615522274551423 0.086308863759040844 0.0011470904070428921 -0.03258443823145641 0.084702401489696724 0.011010618076146207 -0.032723264002318807 -0.0037788197631993484 0.0019806148397274377 0.055831589576709709 -0.051282505899667742 0.016871675280388448 0.076561797283251187
leaf_weight=25 40 28 20 21 24 150 43 24 13941 30 146 81 27 21 27 162 111 38 20 11539 91 44 321 198 834 984 83 25 400 44
leaf_count=25 40 28 20 21 24 150 43 24 13941 30 146 81 27 21 27 162 111 38 20 11539 91 44 321 198 834 984 83 25 400 44
internal_value=-0.000388592 -0.0506434 -0.00579019 -0.0427346 0.013602 -0.000187053 -0.000279388 0.0421716 -0.00231837 0.0219829 -0.00262607 -0.00234961 0.0266604 -0.0174162 0.0016822 0.00198104 -0.0213103 -0.00793285 0.0107952 0.00092313 0.000606561 0.000840047 0.019894 0.000286814 -0.00933211 0.00982895 0.00807611 0.0198831 0.0235667 0.0466632
internal_weight=29542 118 93 65 45 29424 29360 64 14396 180 14216 14070 129 48 14964 14772 192 149 1583 13189 13027 12936 365 12571 1032 1563 1492 508 483 71
internal_count=29542 118 93 65 45 29424 29360 64 14396 180 14216 14070 129 48 14964 14772 192 149 1583 13189 13027 12936 365 12571 1032 1563 1492 508 483 71
is_linear=0
shrinkage=0.05


Tree=111
num_leaves=31
num_cat=0
split_feature=37 299 48 178 288 298 299 299 69 297 298 299 51 223 182 1 98 298 299 173 264 297 5 299 192 274 107 77 77 53
split_gain=117.309 300.491 69.5553 79.7354 56.8698 57.1803 66.7682 66.5942 56.5097 56.4414 62.4252 63.6794 52.7164 50.8635 45.6803 59.1061 86.6335 53.0114 71.6811 63.7823 55.6314 47.5582 44.9176 44.53 44.8298 45.8579 43.9439 48.8511 50.4084 52.6923
threshold=-12.989407062530516 -31.526485443115231 -11.122808933258055 -14.900414943695067 2.0356148481369023 0.84072729945182811 0.52450984716415416 0.11695782840251924 -5.2304329872131339 1.4971434473991396 -0.34163492918014521 -1.1524291634559629 0.40744522213935858 -1.2861203551292417 -11.263235092163084 3.5098820924758916 -15.119443893432615 -2.4085049629211421 -2.6297817230224605 -3.6892435550689693 -5.5934474468231192 -2.0484640598297115 2.2601960897445683 -0.94905883073806752 -3.8584266901016231 -4.4094116687774649 -5.7421438694000235 -1.3242341876029966 -2.5324611663818355 -3.620065331459045
decision_type=2 2 2 2 2 2 2 2 2 2 2 2 2 2 2 2 2 2 2 2 2 2 2 2 2 2 2 2 2 2
left_child=1 -1 3 -2 5 7 -7 9 -3 10 11 14 -6 -11 15 16 -4 18 26 -19 -21 -20 -18 -12 -25 -26 27 28 -16 -30
right_child=2 8 4 -5 12 6 -8 -9 -10 13 23 -13 -14 -15 17 -17 22 19 21 20 -22 -23 -24 24 25 -27 -28 -29 29 -31
leaf_value=-0.19312477111816406 0.13639204025268556 0.042819051113393569 0.087539836338588181 -0.00011369041774583901 0.017694437182193209 -0.027127585992580507 -0.0043976280007149609 0.011135177856030194 -0.037474391396556582 0.087218920201720562 -0.028217762211958569 0.0079104250982656773 0.0020623072001608 0.0079527064301073546 0.011272465217469343 -0.084112066427866616 -0.020332758875421783 -0.029548499367985072 0.0076977549842331492 0.037180869906772801 -0.0045878292524739036 0.035815788603143855 0.04394431545816619 0.064126384800130679 -0.074879960507154467 -0.0061331869651401645 -0.001332951627655132 0.049061209278569246 -0.098571062371844348 -0.0067428571278931662
leaf_weight=28 20 36 21 23 783 410 1524 1213 56 34 318 2076 1733 50 670 30 433 255 1434 81 5038 168 29 22 25 817 12058 75 21 61
leaf_count=28 20 36 21 23 783 410 1524 1213 56 34 318 2076 1733 50 670 30 433 255 1434 81 5038 168 29 22 25 817 12058 75 21 61
internal_value=-0.000369162 -0.0497048 -0.000167943 0.0633773 -0.00026095 -0.000934191 -0.00921629 -0.000291663 -0.00605522 -0.000876111 -0.00102154 -0.000431877 0.00692716 0.0400367 -0.00128191 -0.0160131 -0.0117834 -0.000901413 0.000671895 -0.00514267 -0.00392691 0.0106465 -0.0162981 -0.012221 -0.00633337 -0.00817436 -0.00056825 0.0105814 0.00674368 -0.0302598
internal_weight=29542 120 29422 43 29379 26863 1934 24929 92 23716 23632 22450 2516 84 20374 513 483 19861 14487 5374 5119 1602 462 1182 864 842 12885 827 752 82
internal_count=29542 120 29422 43 29379 26863 1934 24929 92 23716 23632 22450 2516 84 20374 513 483 19861 14487 5374 5119 1602 462 1182 864 842 12885 827 752 82
is_linear=0
shrinkage=0.05


Tree=112
num_leaves=31
num_cat=0
split_feature=37 4 73 138 25 288 44 9 51 283 2 199 229 27 297 224 83 102 232 7 167 74 30 44 30 259 182 244 200 45
split_gain=105.871 362.673 345.725 101.556 54.3677 51.8814 51.7166 47.5275 47.2649 45.9679 69.5894 68.3861 44.8137 44.645 47.8368 61.7187 50.1892 55.3962 49.3307 43.2311 40.6113 86.621 40.7635 65.5545 58.5996 45.242 45.1003 48.4198 38.3675 40.3651
threshold=-12.989407062530516 3.1284162998199467 -7.2158532142639151 -4.190840244293212 -9.5988287925720197 2.0356148481369023 0.13225491344928744 -1.3183870315551756 0.40744522213935858 -6.8128569126129142 3.6227787733078007 -8.5300831794738752 -1.6498039364814756 -1.8047450780868528 4.2253293991088876 1.6006535291671755 -3.4738056659698482 0.10058824345469476 5.1932158470153817 -1.212629437446594 1.2004575729370119 -2.1881960630416866 -5.328455686569213 -7.9584705829620352 -2.6749217510223384 1.3956155180931094 -11.263235092163084 -15.798807144165037 -2.2770693302154537 1.4271988868713381
decision_type=2 2 2 2 2 2 2 2 2 2 2 2 2 2 2 2 2 2 2 2 2 2 2 2 2 2 2 2 2 2
left_child=1 -1 -3 -4 7 6 12 -2 -7 10 19 -11 20 -13 16 -16 17 -15 -18 -8 22 -22 -6 24 -24 26 -25 -28 29 -10
right_child=4 2 3 -5 5 8 9 -9 28 11 -12 13 -14 14 15 -17 18 -19 -20 -21 21 -23 23 25 -26 -27 27 -29 -30 -31
leaf_value=-0.17999731997648877 0.10876643856366475 0.16118890184622547 -0.14605146452252354 -0.008385740235649251 0.012001656754317339 0.016809715576098797 -0.051823635428559549 0.01254479903163332 -0.0063429793156683442 0.07780369015840384 0.049251060022248161 -0.016034172122187405 0.0045447719373800698 0.013048371911534799 -0.10474525782494591 -0.0017397204075347294 -0.0027360463392430553 0.098346499120816597 0.061517212614417074 -0.015542764584766148 -0.091283209419711256 -0.0073057932980009361 -0.088303672168403874 -0.018940563357161905 0.016517244763672351 -0.059439892660487784 0.051454201373789046 -0.00050828307798965347 0.00077736677816259202 0.088139227476830673
leaf_weight=36 21 26 21 37 611 783 102 33 20 26 36 644 5159 92 26 33 7010 24 30 421 38 160 40 334 20 33 45 11969 1686 26
leaf_count=36 21 26 21 37 611 783 102 33 20 26 36 644 5159 92 26 33 7010 24 30 421 38 160 40 334 20 33 45 11969 1686 26
internal_value=-0.000350704 -0.0472195 0.00968522 -0.0582302 -0.000159546 -0.000251711 -0.000894859 0.0499643 0.00661527 -0.00413474 -0.0179901 -0.00315248 0.00059124 -0.00342031 -0.00229441 -0.047132 -0.00192473 0.0306963 -0.00246224 -0.0226186 -0.000948101 -0.0234227 -0.00060716 -0.0012264 -0.0533634 -0.000973739 -0.000817489 -0.000313651 0.00200658 0.04706
internal_weight=29542 120 84 58 29422 29368 26853 54 2515 8444 559 7885 18409 7859 7215 59 7156 116 7040 523 13250 198 13052 12441 60 12381 12348 12014 1732 46
internal_count=29542 120 84 58 29422 29368 26853 54 2515 8444 559 7885 18409 7859 7215 59 7156 116 7040 523 13250 198 13052 12441 60 12381 12348 12014 1732 46
is_linear=0
shrinkage=0.05


Tree=113
num_leaves=31
num_cat=0
split_feature=293 29 26 82 139 288 44 133 37 287 106 128 198 135 263 217 283 275 187 89 184 13 11 3 293 9 299 178 169 75
split_gain=95.7532 403.795 145.682 129.437 115.064 45.1163 48.5928 44.1824 44.184 68.4575 55.3551 43.9524 43.5165 47.8073 42.1065 45.0454 38.5172 59.7587 42.9512 37.574 67.5772 38.4025 47.4836 54.1522 45.6786 44.36 36.9382 36.6185 49.5033 40.6439
threshold=-32.799146652221673 -11.374140262603758 -6.8026597499847403 -11.98578882217407 -7.9845638275146475 2.0356148481369023 0.13225491344928744 -1.0643528699874876 -3.7397058010101314 -4.9106264114379874 2.6991101503372197 2.3428708314895634 -0.10392155125737189 -3.0350980758666988 1.0917972922325136 -0.69148460030555714 1.1427019238471987 -1.91828978061676 -0.030735298991203305 -13.793777942657469 -17.86274433135986 -1.7852063775062559 0.5612941086292268 1.7928221821784975 1.9971657395362856 -1.1733333468437193 -4.8804051876068106 -1.4328104853630064 -2.6287132501602168 -2.0905882120132442
decision_type=2 2 2 2 2 2 2 2 2 2 2 2 2 2 2 2 2 2 2 2 2 2 2 2 2 2 2 2 2 2
left_child=1 -1 3 -3 -4 6 16 11 9 -9 14 -8 -7 -14 -10 -16 19 18 -18 20 -2 22 24 -24 -21 -25 -12 -15 -29 -30
right_child=5 2 4 -5 -6 12 7 8 10 -11 26 -13 13 27 15 -17 17 -19 -20 21 -22 -23 23 25 -26 -27 -28 28 29 -31
leaf_value=-0.21110962459019256 0.11430240631103517 0.16737232208251954 -0.11513696076541112 -0.012514722347259522 0.038542398242723375 0.019133012096863241 -0.0074231790156982216 0.11770148485898974 0.0029954668505795946 0.0011218164335278905 -0.052187091428335879 -0.063718051867825642 -0.064463478724400586 0.039297841829247775 -0.047802049708175094 -0.0061999517572432043 0.032034614741802213 0.0074240946334211983 0.11873216340318322 -0.001456973677131755 0.0069765255667946563 0.00097450675163079546 -0.01283553956786336 -0.1007549853835787 -0.073988673971457919 -0.024116567794869589 -0.01131950235076307 -0.075774050839245322 0.045263811147638729 0.0020183838238345313
leaf_weight=28 20 20 29 20 21 520 3705 20 3461 34 62 35 26 70 74 539 50 491 20 1629 55 15755 349 35 22 41 511 20 56 1824
leaf_count=28 20 20 29 20 21 520 3705 20 3461 34 62 35 26 70 74 539 50 491 20 1629 55 15755 349 35 22 41 511 20 56 1824
internal_value=-0.000333169 -0.0452839 0.00630634 0.0774288 -0.0505916 -0.000152902 -0.00075159 -0.00389439 -0.000667839 0.0442995 -0.00119038 -0.00795 0.00624992 0.0028936 0.000856206 -0.0112221 0.000684938 0.0135857 0.0568053 0.000280752 0.0355968 0.000132207 -0.0062601 -0.0211643 -0.00242348 -0.0594106 -0.0157415 0.00378258 0.00247412 0.00330655
internal_weight=29542 118 90 40 50 29424 26908 8441 4701 54 4647 3740 2516 1996 4074 613 18467 561 70 17906 75 17831 2076 425 1651 76 573 1970 1900 1880
internal_count=29542 118 90 40 50 29424 26908 8441 4701 54 4647 3740 2516 1996 4074 613 18467 561 70 17906 75 17831 2076 425 1651 76 573 1970 1900 1880
is_linear=0
shrinkage=0.05


Tree=114
num_leaves=31
num_cat=0
split_feature=293 23 23 61 281 198 175 278 63 298 24 92 299 281 95 101 63 0 232 298 159 246 0 70 280 81 294 233 280 182
split_gain=86.4173 314.648 146.606 131.901 41.796 56.489 58.0284 56.0084 55.9838 51.7567 51.3436 45.0957 53.0236 42.5365 43.1582 37.5648 47.586 42.1403 39.413 58.5831 57.341 53.6446 42.1118 36.9964 34.9257 34.3256 33.9546 49.481 40.1261 33.5066
threshold=-32.799146652221673 -8.6013288497924787 -5.9668052196502677 -3.3675489425659175 1.7237254381179812 -3.1443452835083003 -1.7823064923286436 1.7702122926712038 -0.76103004813194264 -4.3455383777618399 0.63769748806953441 -0.16704725474119184 -3.9335883855819698 2.4673985242843632 2.5306497812271123 4.2371869087219247 -0.47047059237956995 -0.17807950824499127 2.1173001527786259 1.1348039507865908 4.246000051498414 -1.525717496871948 -0.55819329619407643 1.4556249976158144 -1.167647063732147 -0.37431621551513666 3.0728482007980351 2.363246083259583 2.8563178777694707 -1.6520031094551084
decision_type=2 2 2 2 2 2 2 2 2 2 2 2 2 2 2 2 2 2 2 2 2 2 2 2 2 2 2 2 2 2
left_child=1 -1 -3 -4 10 25 7 8 -7 -8 -2 26 -13 -9 -15 18 17 -17 20 21 29 -20 -23 24 -22 -6 -11 28 -28 -12
right_child=4 2 3 -5 5 6 9 13 -10 11 15 12 -14 14 -16 16 -18 -19 19 -21 23 22 -24 -25 -26 -27 27 -29 -30 -31
leaf_value=-0.18940031869070872 0.00042123451228917092 0.12190841913223267 -0.10857316394967419 0.029602167736261321 0.083865547138783678 0.040979098336414457 0.077705506250262263 0.0072559805959463127 -0.033978277330620671 0.011027003114870869 -0.0078992987540416667 -0.078064946718513967 0.0036823326366924752 -0.11072421243621244 -0.0205300937805857 -0.019263080283999444 -0.013603846587497612 -0.11850021037718524 -0.023153536076898931 -0.014709506367935854 -0.07713308029231572 0.095033800574701011 0.028342056746727656 -0.10222209319472314 0.0040039131210909953 0.013267079165036028 0.13565816758200527 0.015329110447098226 0.045905060490423984 -0.00014103337656175196
leaf_weight=28 20258 20 31 39 36 47 25 20 53 238 2957 20 2425 36 21 20 174 23 27 85 21 41 56 22 36 33 20 68 33 2629
leaf_count=28 20258 20 31 39 36 47 25 20 53 238 2957 20 2425 36 21 20 174 23 27 85 21 41 56 22 36 33 20 68 33 2629
internal_value=-0.000316511 -0.0430197 0.00252094 -0.0315898 -0.000145257 0.00537102 0.00434428 -0.0234289 0.00125169 0.00608195 -0.000789021 0.00544336 0.00301364 -0.0554816 -0.0774948 -0.0048142 -0.0252435 -0.0723434 -0.00405949 0.0172636 -0.00484617 0.0391806 0.0565314 -0.0471461 -0.0258887 0.0501011 0.0219912 0.0435571 0.0797742 -0.00424794
internal_weight=29542 118 90 70 29424 3075 3006 177 100 2829 26349 2804 2445 77 57 6091 217 43 5874 209 5665 124 97 79 57 69 359 121 53 5586
internal_count=29542 118 90 70 29424 3075 3006 177 100 2829 26349 2804 2445 77 57 6091 217 43 5874 209 5665 124 97 79 57 69 359 121 53 5586
is_linear=0
shrinkage=0.05


Tree=115
num_leaves=31
num_cat=0
split_feature=95 5 4 10 34 1 13 42 98 112 26 146 75 257 299 298 115 37 10 67 106 239 10 125 157 194 68 84 1 85
split_gain=69.2419 476.372 594.014 271.841 114.57 34.4217 38.1139 38.0238 44.6779 39.868 37.4182 60.7206 39.1927 56.4422 44.8544 58.7856 44.6832 42.6597 39.8844 42.7482 40.9303 39.3454 37.2126 37.276 36.8902 45.0109 35.8069 70.2046 62.5952 38.5085
threshold=-15.074756622314451 4.5211617946624765 3.1284162998199467 -0.51599347591400135 -10.094942092895506 0.21649237722158435 -1.2639215588569639 5.4666666984558114 4.9378769397735605 4.4464516639709482 -6.0524866580963126 -6.074739694595336 2.1472549438476567 -4.4007339477539054 -0.91579899191856373 -1.2291176319122312 -3.8009558916091915 -3.1986109018325801 0.66266885399818432 -2.4287801980972286 -4.2236196994781485 3.0385293960571294 -0.65333333611488331 2.7750244140625004 -3.2412843704223628 -3.428937435150146 -1.3536413908004759 -4.5608663558959952 2.1497097015380864 -0.52708557248115528
decision_type=2 2 2 2 2 2 2 2 2 2 2 2 2 2 2 2 2 2 2 2 2 2 2 2 2 2 2 2 2 2
left_child=1 2 3 4 -1 10 7 8 9 -7 11 -2 14 -14 15 21 -16 -17 20 -20 -18 -12 23 -15 -22 -26 -8 28 -28 -29
right_child=5 -3 -4 -5 -6 6 26 -9 -10 -11 12 -13 13 22 16 17 18 -19 19 -21 24 -23 -24 -25 25 -27 27 29 -30 -31
leaf_value=0.083099304546009417 0.058917940845565189 -0.24800592769276011 0.19899267574836468 -0.20669033871963621 -0.080175085897956577 -0.0026986410470252326 -0.0011937869707179596 -0.062296109287827112 0.069981731864668079 -0.073564045056700708 -0.0015126695083199132 -0.022483883053064348 -0.05890951654644775 -0.017573430656773758 0.04434943819668756 -0.067201244127419263 -0.071420487351715564 -0.011824987808742174 0.056239846465634374 0.0092339561359604996 0.031646993932324452 0.06007033632351802 -0.0011698968449159514 -0.077539582502457405 -0.042154047776421066 0.00033877123775565249 0.016143032566445774 0.0085502136837376629 0.098573497823766773 0.0014400190453180408
leaf_weight=22 63 22 29 24 21 2595 3031 27 21 20 10623 36 61 158 67 36 20 1025 51 937 91 26 474 31 64 2374 61 3495 37 4184
leaf_count=22 63 22 29 24 21 2595 3031 27 21 20 10623 36 61 158 67 36 20 1025 51 937 91 26 474 31 64 2374 61 3495 37 4184
internal_value=7.77179e-05 -0.0381475 0.00994508 -0.0718815 0.00336065 0.000230061 0.00209598 -0.00326197 -0.0026573 -0.00324063 -0.00132759 0.0293173 -0.00151676 -0.0128844 -0.000979326 -0.00248054 0.00389837 -0.0137039 0.00313212 0.0116604 -0.00017346 -0.00136231 -0.00864986 -0.0274091 0.00038998 -0.000776709 0.00341614 0.0052128 0.0472647 0.00467613
internal_weight=29726 118 96 67 43 29608 13471 2663 2636 2615 16137 99 16038 724 15314 11710 3604 1061 3537 988 2549 10649 663 189 2529 2438 10808 7777 98 7679
internal_count=29726 118 96 67 43 29608 13471 2663 2636 2615 16137 99 16038 724 15314 11710 3604 1061 3537 988 2549 10649 663 189 2529 2438 10808 7777 98 7679
is_linear=0
shrinkage=0.05


Tree=116
num_leaves=31
num_cat=0
split_feature=37 4 114 81 31 57 5 105 227 290 90 24 153 145 111 49 70 44 38 106 61 245 156 219 3 263 44 147 2 43
split_gain=67.6621 333.053 293.329 98.8395 47.3152 42.1317 57.9479 41.8633 38.336 34.3559 49.1559 41.1998 57.4603 89.8801 55.9753 41.33 39.9383 39.3742 49.2383 38.1815 49.1623 46.2562 37.4739 35.9651 37.699 34.0507 33.9576 49.3429 33.9988 42.869
threshold=-12.989407062530516 3.1284162998199467 -13.400709152221678 -2.7284269332885738 -12.940010547637938 -4.0102086067199698 4.5211617946624765 -1.2078431248664854 -2.8207637071609493 5.6185417175292978 5.091426134109498 -4.2907679080963126 -11.319826126098631 -10.517157077789305 -2.5286653041839595 -0.34684854745864863 0.54732027649879467 3.7003585100173955 2.4183822870254521 -3.0141737461090083 -0.69661900401115406 -4.2429323196411124 0.56239217519760143 -19.819326400756832 6.3972208499908456 2.065709233283997 -2.0881375074386592 1.5766440629959109 1.5402926206588747 2.7983136177062993
decision_type=2 2 2 2 2 2 2 2 2 2 2 2 2 2 2 2 2 2 2 2 2 2 2 2 2 2 2 2 2 2
left_child=1 -1 -3 -4 -2 6 7 -6 -9 10 11 14 13 -13 15 -7 25 22 -19 20 -16 -21 -18 -14 -25 -12 -11 -28 -29 -30
right_child=4 2 3 -5 5 9 -8 8 -10 26 16 12 23 -15 19 -17 17 18 -20 21 -22 -23 -24 24 -26 -27 27 28 29 -31
leaf_value=-0.16739488618714471 0.055264243101462343 0.17800925118582589 0.0034629376010691867 -0.12924859508872033 -0.0055349824193444697 0.0056324818951885821 0.074579901922316783 -0.060204480218646286 -0.015471742058425775 -0.042278958271656723 -0.019122049118300063 0.02017164400645665 0.060361430644989014 -0.099271604335970362 0.022462752636056394 -0.053054571230228144 0.04012859487379699 0.078484554115969399 -0.00084149135347408592 -0.02667206425131077 0.11234568764680419 0.032028875394004903 -0.028100035866282836 0.00041685971571553052 -0.065062681111422452 -0.069240739389702127 0.053626742384263452 0.0014246104330112395 0.059511943669481718 0.0083634784928074603
leaf_weight=35 39 21 47 20 1285 255 21 68 162 28 91 28 25 36 32 34 23 26 79 42 29 167 161 26238 22 54 70 414 66 108
leaf_count=35 39 21 47 20 1285 255 21 68 162 28 91 28 25 36 32 34 23 26 79 42 29 167 161 26238 22 54 70 414 66 108
internal_value=7.3832e-05 -0.0369337 0.0149543 -0.0361524 0.000227598 0.000154995 -0.00790794 -0.00905134 -0.0286971 0.000596863 0.000319581 0.000588825 0.000303854 -0.0470152 0.0140212 -0.00127188 -0.0163736 -0.00562985 0.0188011 0.0303905 0.065194 0.0202325 -0.0195715 0.000419069 0.000362003 -0.0377869 0.0116485 0.0139433 0.0092191 0.0277646
internal_weight=29726 123 88 67 29603 29564 1536 1515 230 28028 27342 26908 26349 64 559 289 434 289 105 270 61 209 184 26285 26260 145 686 658 588 174
internal_count=29726 123 88 67 29603 29564 1536 1515 230 28028 27342 26908 26349 64 559 289 434 289 105 270 61 209 184 26285 26260 145 686 658 588 174
is_linear=0
shrinkage=0.05


Tree=117
num_leaves=31
num_cat=0
split_feature=189 11 56 5 21 12 3 56 31 288 59 5 35 152 119 105 127 29 16 291 296 261 151 72 299 6 127 35 279 205
split_gain=63.5015 313.001 430.014 45.1558 37.9215 46.9862 78.5782 58.7974 56.5318 44.2408 43.2457 43.3577 42.2068 40.9664 38.9574 60.5917 59.8644 37.2822 53.7661 51.0601 62.2813 47.7604 45.1616 43.1366 42.1466 39.0213 52.9028 44.7317 38.2505 37.1428
threshold=-18.562269210815426 1.5280391573905947 -9.5303144454956037 -0.038954246789216988 -1.2150980830192564 -1.3711288571357725 -1.7928188443183897 4.3388795852661142 -3.5552549362182613 -20.81739521026611 4.7246019840240487 -2.9620728492736812 5.2878355979919442 -12.600154399871824 -2.1308904886245723 -0.68894118070602406 -6.2990760803222647 -0.65364253520965565 -1.1564705967903135 -1.8510501980781553 -5.0558316707611075 2.6508365869522099 3.0751266479492192 1.979075610637665 -1.1524291634559629 3.1754783391952519 3.1608822345733647 -4.0549020767211905 -4.9834001064300528 -8.4337744712829572
decision_type=2 2 2 2 2 2 2 2 2 2 2 2 2 2 2 2 2 2 2 2 2 2 2 2 2 2 2 2 2 2
left_child=1 2 -1 -4 12 6 8 9 -6 -8 11 -11 17 -7 15 -15 -16 19 -19 24 -21 22 -20 -23 -2 26 27 -22 -29 -18
right_child=4 -3 3 -5 5 13 7 -9 -10 10 -12 -13 -14 14 16 -17 29 18 21 20 25 23 -24 -25 -26 -27 -28 28 -30 -31
leaf_value=-0.24793949127197268 0.0013650222394736139 0.093783674411701434 -0.041423240986963115 0.05228001367300749 -0.10459256463430144 0.069997102873665951 -0.066563317952332668 -0.068882575543487784 -0.022189841790057216 0.032628775446602469 -0.065341090824868941 -0.0027328454313569426 0.041416715484269909 -0.00083159289984817962 0.087812667191028593 -0.015806998191653071 0.037569836633546017 -0.012481952629489033 0.0029494058716121132 0.087869746344430122 0.0506657663549126 -0.076758203900286134 0.058054153013386227 0.013886725441330955 0.021622073640808082 -0.029098764061927795 0.070882299169898036 -0.050258312775538522 0.011191731961769124 0.0010528194867575104
leaf_weight=28 4320 33 36 20 22 21 27 34 386 89 27 3332 71 2822 20 888 70 859 1727 28 71 35 38 21 273 54 40 26 974 13334
leaf_count=28 4320 33 36 20 22 21 27 34 386 89 27 3332 71 2822 20 888 70 859 1727 28 71 35 38 21 273 54 40 26 974 13334
internal_value=7.01404e-05 -0.036693 -0.0879517 -0.00795779 0.00021541 -0.00092353 -0.0058646 -0.00344979 -0.0266331 -0.00280958 -0.00231035 -0.00181289 0.00302667 0.000204664 0.000119124 -0.004416 0.0013725 0.00270471 -0.00217061 0.0049629 0.0141791 0.00269345 0.0041358 -0.0427664 0.00256907 0.0124079 0.0144254 0.0123168 0.00959403 0.00124352
internal_weight=29726 117 84 56 29609 21072 3917 3509 408 3475 3448 3421 8537 17155 17134 3710 13424 8466 2680 5786 1193 1821 1765 56 4593 1165 1111 1071 1000 13404
internal_count=29726 117 84 56 29609 21072 3917 3509 408 3475 3448 3421 8537 17155 17134 3710 13424 8466 2680 5786 1193 1821 1765 56 4593 1165 1111 1071 1000 13404
is_linear=0
shrinkage=0.05


Tree=118
num_leaves=31
num_cat=0
split_feature=37 4 22 214 20 28 0 122 154 282 76 47 5 192 19 121 167 168 83 59 183 151 75 42 58 22 112 125 210 148
split_gain=58.5608 283.548 270.821 242.878 152.122 49.4848 52.3684 34.9804 66.7667 73.5294 54.2823 53.2402 50.9331 48.4055 52.5874 48.1224 43.4792 42.5638 36.8592 40.1091 36.4116 59.8089 52.2148 50.695 54.6068 35.6165 37.4557 36.7697 33.7646 41.3527
threshold=-12.989407062530516 3.1284162998199467 -6.1411066055297843 -24.760755538940426 -2.2436470985412593 -11.329108715057371 2.8855391740798955 -0.49294115602970118 -0.16709151118993756 -6.1032006740570059 -3.4451159238815303 -1.4100326895713804 5.6093769073486337 -3.53090488910675 3.2972005605697636 1.2349271774291994 3.1335364580154423 0.12464053556323053 3.0900000333786015 -1.7459977269172666 -8.6741623878478986 -6.0877449512481681 -4.36055564880371 -0.19621776044368741 -0.5884544551372527 -6.1411066055297843 -9.7706770896911603 -4.2742207050323477 -9.6682243347167951 -7.4807350635528556
decision_type=2 2 2 2 2 2 2 2 2 2 2 2 2 2 2 2 2 2 2 2 2 2 2 2 2 2 2 2 2 2
left_child=1 -1 3 -3 -4 6 -2 8 12 11 -11 -10 15 14 17 16 20 -9 19 -12 21 23 -23 24 28 27 -27 -22 -7 -30
right_child=5 2 4 -5 -6 7 -8 13 9 10 18 -13 -14 -15 -16 -17 -18 -19 -20 -21 25 22 -24 -25 -26 26 -28 -29 29 -31
leaf_value=-0.15473746606281827 0.0019631690979003908 0.22832406997680665 -0.17343865313700269 -0.0034376547886775092 0.01687548749503635 0.0016090985686106132 0.10773554281754927 0.013334236531173466 -0.1192034405063499 0.031890229060408774 -0.019868171745416732 -0.030746166795492177 0.076158836483955383 0.001589960409639148 -0.053727446381862345 -0.027255195407196883 0.060440332830573124 0.050613625444627053 -0.030061234756447803 -0.0035126200418254339 0.09546634741127491 -0.064541467788972351 -0.015197496842797642 0.038320988423230368 -0.074427423760062089 -0.058155794496889471 0.00078888161420550195 0.007942946453889212 -0.059178347804329616 0.003325758617389582
leaf_weight=35 25 20 21 26 21 574 22 513 22 89 452 75 22 9854 26 160 30 90 174 2196 20 76 182 71 28 27 14739 30 55 51
leaf_count=35 25 20 21 26 21 574 22 513 22 89 452 75 22 9854 26 160 30 90 174 2196 20 76 182 71 28 27 14739 30 55 51
internal_value=6.66334e-05 -0.0343621 0.0135145 0.0973283 -0.0782816 0.000209684 0.0514736 0.000128164 -0.00114708 -0.00798371 -0.0065567 -0.0508086 0.000133007 0.00244837 0.0158963 2.87519e-05 0.000303601 0.0188983 -0.00776924 -0.00630443 0.000189799 -0.00886774 -0.0297329 -0.00195732 -0.00599653 0.000823754 0.0006811 0.0429523 -0.00317878 -0.0291056
internal_weight=29726 123 88 46 42 29603 47 29556 19073 3008 2911 97 16065 10483 629 16043 15883 603 2822 2648 15853 1037 258 779 708 14816 14766 50 680 106
internal_count=29726 123 88 46 42 29603 47 29556 19073 3008 2911 97 16065 10483 629 16043 15883 603 2822 2648 15853 1037 258 779 708 14816 14766 50 680 106
is_linear=0
shrinkage=0.05


Tree=119
num_leaves=31
num_cat=0
split_feature=201 8 4 4 211 2 57 105 157 21 15 289 100 124 8 35 1 110 136 251 298 48 58 90 257 212 227 157 27 296
split_gain=58.6869 430.284 517.39 286.539 63.2233 53.9736 34.0618 41.9863 43.8106 40.416 43.605 54.8258 55.5201 43.4137 49.5946 40.9545 40.3492 54.9663 48.6602 47.3936 38.3784 37.7256 36.6833 40.8822 36.2736 41.0451 34.1102 37.1461 33.9063 37.8563
threshold=-19.822348594665524 2.2680076360702519 3.0049674510955815 1.374920189380646 -23.364616394042965 0.66621923446655285 -4.0102086067199698 -1.2078431248664854 -1.9904938340187071 -1.2150980830192564 -0.97924837470054615 5.5719084739685067 0.94425418972969066 3.8638758659362797 -0.12078433856368063 5.2878355979919442 4.046882390975953 -0.35239104926586146 1.3815585374832156 3.8709837198257451 4.9782354831695566 -5.0777940750122061 14.473137855529787 6.1068625450134286 -13.075240612030028 -9.7736272811889631 -2.8207637071609493 -1.9438039064407346 5.089754819869996 2.9017919301986699
decision_type=2 2 2 2 2 2 2 2 2 2 2 2 2 2 2 2 2 2 2 2 2 2 2 2 2 2 2 2 2 2
left_child=1 2 3 5 -2 -1 7 8 -6 15 13 20 -13 16 -15 -8 18 -18 19 21 22 -11 23 -12 -23 -26 27 -9 29 -14
right_child=4 -3 -4 -5 6 -7 9 26 -10 10 11 12 28 14 -16 -17 17 -19 -20 -21 -22 24 -24 -25 25 -27 -28 -29 -30 -31
leaf_value=-0.032821475973770282 0.073993459241143589 -0.21928076744079592 0.23274593225547247 -0.21015170937695077 -0.0062038884582423081 0.069743567014254798 0.0032934364716179958 -0.026099990290545286 0.028893039084020231 0.04870635741813617 0.00059716188997166735 0.073719203396915248 0.083865446612154226 -0.11208653777837754 -0.0089972298060144711 0.043459336366504432 -0.0065357780070318021 -0.10796465923036025 0.014823464430260875 -0.0613771033448142 -0.02190694387142475 -0.049123236808277994 0.063518389929895822 -0.02538609845575944 0.051060939038341691 -0.0049038372391549557 -0.014147727553471469 -0.1004484445255782 -0.0076877166763428722 0.01614502290146308
leaf_weight=29 29 25 21 20 1205 23 7577 42 96 33 14355 39 22 20 28 64 34 22 331 37 195 46 23 153 33 4544 164 28 155 333
leaf_count=29 29 25 21 20 1205 23 7577 42 96 33 14355 39 22 20 28 64 34 22 331 37 195 46 23 153 33 4544 164 28 155 333
internal_value=6.33017e-05 -0.035128 0.0143754 -0.049316 0.000203554 0.0125438 0.000131208 -0.00712113 -0.00361411 0.000528168 -0.000633428 0.000705862 0.01622 -0.00462283 -0.0519511 0.00362986 -0.00417563 -0.0463828 -0.00370517 -0.005012 0.000127479 -0.00456409 0.000423172 0.000323145 -0.00494434 -0.00450033 -0.0266196 -0.0558394 0.011823 0.0203418
internal_weight=29726 118 93 72 29608 52 29579 1535 1301 28044 20403 15275 549 5128 48 7641 5080 56 5024 4693 14726 4656 14531 14508 4623 4577 234 70 510 355
internal_count=29726 118 93 72 29608 52 29579 1535 1301 28044 20403 15275 549 5128 48 7641 5080 56 5024 4693 14726 4656 14531 14508 4623 4577 234 70 510 355
is_linear=0
shrinkage=0.05


Tree=120
num_leaves=31
num_cat=0
split_feature=111 12 10 248 10 168 137 125 8 29 53 88 287 298 295 215 129 173 127 259 69 217 17 103 293 214 245 123 81 129
split_gain=68.3283 496.539 564.217 110.502 37.5963 36.0412 51.9872 33.2296 33.1912 47.3445 38.386 36.6036 68.8089 57.2017 80.0171 53.3282 57.7534 53.2969 59.6748 51.6103 49.9372 51.6282 41.6622 41.3801 40.4442 53.8993 43.435 44.7334 42.5524 40.8741
threshold=-13.513039112091063 0.23892156779766086 -0.49058826267719263 -24.131387710571286 -5.8756942749023429 -7.028296470642089 -4.618762493133544 -0.077483654022216783 5.3304290771484384 -7.1669020652770987 -5.9419438838958731 -3.9656862020492549 -7.4969179630279532 -6.1129066944122306 -1.3066631555557249 -1.9237891435623167 -1.0279897451400755 -3.8355643749237056 1.5468067526817324 1.1517801284790041 -5.2304329872131339 -1.9131373167037962 0.90650981664657604 -5.5253021717071524 -2.9023272991180415 -2.6405882835388179 -1.0735957622528074 0.30217318236827856 -4.9008331298828116 -1.377321124076843
decision_type=2 2 2 2 2 2 2 2 2 2 2 2 2 2 2 2 2 2 2 2 2 2 2 2 2 2 2 2 2 2
left_child=1 2 3 -1 5 -2 -7 -8 10 -10 -6 -12 15 14 24 20 -17 18 19 -15 -13 22 -22 -19 26 -26 27 28 -14 -29
right_child=4 -3 -4 -5 8 6 7 -9 9 -11 11 12 13 17 -16 16 -18 23 -20 -21 21 -23 -24 -25 25 -27 -28 29 -30 -31
leaf_value=0.12750553131103515 -0.075564736301700283 0.21806281909089664 -0.22201548124104742 -0.00086262069740577747 -0.01423304718751736 0.056540833023332418 -0.057410571100595213 0.018496334393109597 0.067084740740912294 0.0081605759341249161 0.0060231945384757145 -0.056117002665996556 0.058268492447363367 -0.010379079274918192 0.088244155520806097 -0.015804595273408679 -0.094088265025301987 0.042085815669368892 0.052750967523536169 -0.089386720174834844 -0.012997334299121805 0.052874056868151657 0.0052749309731235814 0.00015582165439762693 0.083815974704921248 0.0022362754793792236 -0.044541038173000987 0.10335658206181093 0.0037832388251705625 0.020196690542830364
leaf_weight=30 30 29 25 38 473 21 46 21 42 181 2412 52 37 1315 32 62 38 59 37 21 1078 36 439 21864 40 41 41 22 1138 45
leaf_count=30 30 29 25 38 473 21 46 21 42 181 2412 52 37 1315 32 62 38 59 37 21 1078 36 439 21864 40 41 41 22 1138 45
internal_value=8.27318e-05 0.0374248 -0.0189032 0.0557704 -7.10584e-05 -0.0282377 -0.0121035 -0.0336189 4.1589e-05 0.0192584 -0.000104759 0.000127207 -0.000411534 0.000259276 0.0100902 -0.0101263 -0.0455524 -0.000329837 -0.00988625 -0.011621 -0.00791903 -0.00630519 -0.00770958 0.000268665 0.00825667 0.0425225 0.00609335 0.00776486 0.00549894 0.0475029
internal_weight=29745 122 93 68 29623 118 88 67 29505 223 29282 28809 26397 24692 1396 1705 100 23296 1373 1336 1605 1553 1517 21923 1364 81 1283 1242 1175 67
internal_count=29745 122 93 68 29623 118 88 67 29505 223 29282 28809 26397 24692 1396 1705 100 23296 1373 1336 1605 1553 1517 21923 1364 81 1283 1242 1175 67
is_linear=0
shrinkage=0.05


Tree=121
num_leaves=31
num_cat=0
split_feature=110 11 10 247 6 283 223 292 226 165 64 276 161 145 7 25 232 23 16 267 67 21 64 53 10 101 144 27 10 5
split_gain=63.4469 552.924 461.656 111.946 36.3812 42.7789 52.2194 54.607 49.1991 53.3928 48.314 41.222 38.3639 36.625 37.1932 58.3759 42.6682 43.2887 41.5719 68.462 63.6964 39.5439 44.7921 41.5356 36.4867 35.5389 43.1103 34.7822 33.1896 35.155
threshold=-13.649433135986326 1.090955972671509 -0.49058826267719263 -24.175445556640621 -0.95781937241554249 5.1080784797668466 9.7532677650451678 10.414853096008303 -0.66975489258766163 0.069019615650177016 -0.05425982549786567 12.625091075897219 11.536928176879885 14.187315940856935 -0.15445100516080854 -0.18040107935667035 0.85639485716819774 -3.2281050682067867 2.7062745094299321 -7.74137258529663 -6.3037648200988761 -5.8467974662780753 -4.8470590114593497 -5.9419438838958731 -5.8756942749023429 0.98938840627670299 0.2843137532472611 2.826568722724915 1.9210823774337771 1.3344869613647463
decision_type=2 2 2 2 2 2 2 2 2 2 2 2 2 2 2 2 2 2 2 2 2 2 2 2 2 2 2 2 2 2
left_child=1 2 3 -1 24 12 7 8 -7 -10 -11 -8 13 14 15 16 21 -18 20 -20 -17 -6 28 -24 -2 -12 -27 -13 29 -23
right_child=4 -3 -4 -5 5 6 11 -9 9 10 25 27 -14 -15 -16 18 17 -19 19 -21 -22 22 23 -25 -26 26 -28 -29 -30 -31
leaf_value=0.14556879997253419 -0.046529057561134811 0.26934119172039489 -0.17676099612688026 0.011323964591561394 -0.057326148331165318 0.092427403084002435 -0.033346336490505349 0.070940464019775398 -0.067565991780720647 0.048873097534206787 0.056015557141015027 0.072018733727080494 -0.047286077340443933 0.041297023079612041 -0.0010526835605256084 -0.085981334292370343 0.091803205013275158 0.019188931379832477 0.095091449575764805 0.006636756241321564 -0.0024725739048424671 0.029776919646107632 -0.055920016818812916 0.0051748697193568574 -0.003204595657425677 -0.069582824651151898 0.0065966095961630354 -0.0089514740432302172 -0.026648986197653268 0.098763360116969456
leaf_weight=24 49 21 30 44 25 20 91 50 20 88 33 21 42 55 14755 23 22 306 28 100 3173 115 28 4317 5906 20 260 36 21 22
leaf_count=24 49 21 30 44 25 20 91 50 20 88 33 21 42 55 14755 23 22 306 28 100 3173 115 28 4317 5906 20 260 36 21 22
internal_value=7.85952e-05 0.0365146 -0.0133768 0.0587045 -6.77589e-05 0.00081107 0.0135723 0.0214197 0.0158051 0.0121651 0.0161417 -0.012462 0.000457023 0.000544244 0.000446516 0.00315076 0.00664539 0.0240594 -0.00195452 0.0259862 -0.00307354 0.00538395 0.0057321 0.00478116 -0.00356109 0.00693922 0.00115522 0.0208797 0.031883 0.040855
internal_weight=29745 119 98 68 29626 23671 639 491 441 421 401 148 23032 22990 22935 8180 4856 328 3324 128 3196 4528 4503 4345 5955 313 280 57 158 137
internal_count=29745 119 98 68 29626 23671 639 491 441 421 401 148 23032 22990 22935 8180 4856 328 3324 128 3196 4528 4503 4345 5955 313 280 57 158 137
is_linear=0
shrinkage=0.05


Tree=122
num_leaves=31
num_cat=0
split_feature=110 12 28 299 119 153 110 175 177 198 121 298 299 294 298 299 281 297 55 157 175 135 103 216 74 281 116 267 55 98
split_gain=57.2608 369.324 475.159 56.7165 36.9571 63.3107 61.7395 60.4994 48.5666 46.2329 43.6427 43.1856 78.948 60.2972 49.1606 48.2104 55.3958 48.0533 43.0576 37.3467 52.5104 49.0994 43.5198 36.0226 47.6823 45.1161 35.4937 34.8047 34.1987 33.4538
threshold=-13.649433135986326 0.23892156779766086 -11.329108715057371 -31.526485443115231 0.47327114641666418 -11.319826126098631 -3.0545096397399898 -0.15753813832998273 -5.2003676891326895 -0.33596491813659662 -2.7783235311508174 -0.55461442470550526 -0.67784315347671498 3.7455613613128667 0.84072729945182811 -0.8754901885986327 1.9149959683418276 -4.514110565185546 -1.3440467715263364 -3.0503922700881954 -1.9435141086578367 -3.6193401813507076 -2.4073083400726314 -0.20818628370761869 -4.0375981330871573 1.813225328922272 1.4475000500679018 -1.0000000180025095e-35 0.4013988077640534 -1.774121046066284
decision_type=2 2 2 2 2 2 2 2 2 2 2 2 2 2 2 2 2 2 2 2 2 2 2 2 2 2 2 2 2 2
left_child=1 2 -1 -4 11 -6 7 28 -8 -9 29 13 14 15 26 -2 17 18 -17 -14 21 -21 -23 24 -12 -26 -13 -27 -7 -10
right_child=4 -3 3 -5 5 6 8 9 10 -11 23 12 19 -15 -16 16 -18 -19 -20 20 -22 22 -24 -25 25 27 -28 -29 -30 -31
leaf_value=-0.23103912353515624 -0.00071498913722021357 0.18640611710647742 0.11670255661010742 0.016786267425940964 -0.072873938525164578 0.029411849615209529 0.057260313648276218 0.1341721556108931 -0.079460737198591244 0.030227828323841095 -0.063467196051193317 -0.014461282534167581 0.021627562105947851 0.073274193278380806 -0.063112046098103752 0.006510757087579061 0.049294490792921614 0.0094427483005760267 -0.091331379212763006 -0.092501705993587771 -0.0013696753286100583 -0.07143660507193117 -0.010002528809076339 -9.367383848354381e-05 0.0071873411245150596 0.080676560146468027 -0.073099099292799272 0.021433710280586691 -0.043509173111524441 -0.01357421382064266
leaf_weight=20 19232 30 20 49 27 82 41 23 25 20 23 584 153 28 64 22 84 903 23 24 2414 33 228 3251 2091 35 27 85 20 84
leaf_count=20 19232 30 20 49 27 82 41 23 25 20 23 584 153 28 64 22 84 903 23 24 2414 33 228 3251 2091 35 27 85 20 84
internal_value=7.46654e-05 0.0346889 -0.0164517 0.0457475 -6.4371e-05 0.00351221 0.00386903 0.0360835 0.00304009 0.085826 0.0026427 -0.000936332 -0.00604299 -4.87305e-05 -0.0214196 -0.000150045 0.0103781 0.00692976 -0.0434974 -0.00240372 -0.003766 -0.0240632 -0.0177701 0.00326527 0.00815333 0.00889836 -0.0170525 0.0387129 0.0151136 -0.0286858
internal_weight=29745 119 89 69 29626 5807 5780 145 5635 43 5594 23819 3527 20292 675 20264 1032 948 45 2852 2699 285 261 5485 2234 2211 611 120 102 109
internal_count=29745 119 89 69 29626 5807 5780 145 5635 43 5594 23819 3527 20292 675 20264 1032 948 45 2852 2699 285 261 5485 2234 2211 611 120 102 109
is_linear=0
shrinkage=0.05


Tree=123
num_leaves=31
num_cat=0
split_feature=81 12 10 247 119 153 110 112 177 93 120 121 41 76 95 19 3 65 283 201 53 298 299 183 228 107 190 18 215 273
split_gain=57.7028 359.603 454.166 122.576 33.501 57.1379 55.7199 65.1059 43.8314 41.8075 45.1308 39.3875 42.8141 37.2166 34.666 35.2082 51.4041 42.3589 42.2879 61.2489 44.6226 43.3945 73.49 43.1683 41.6042 52.2147 40.9281 40.1952 54.3077 37.1618
threshold=-11.531372547149656 -1.0000000180025095e-35 -0.49058826267719263 -24.175445556640621 0.47327114641666418 -11.319826126098631 -3.0545096397399898 -0.89666667580604542 -5.2003676891326895 5.4428172111511239 -1.0000000180025095e-35 -2.7783235311508174 0.38298094272613531 -1.1153594255447385 6.4047060012817392 1.123529374599457 4.5237662792205819 3.9180493354797368 1.6977978944778445 -2.8654600381851192 -3.8239359855651851 -0.42351630330085749 -0.64183723926544178 -3.9798183441162105 0.92838233709335338 -0.90992209315299977 -1.3574073910713194 -1.3428865671157835 1.6841176748275759 -4.2037255764007559
decision_type=2 2 2 2 2 2 2 2 2 2 2 2 2 2 2 2 2 2 2 2 2 2 2 2 2 2 2 2 2 2
left_child=1 2 3 -1 9 -6 7 -7 -8 14 -11 12 -10 -9 15 18 17 27 21 26 -21 29 24 -24 -23 -26 -20 28 -17 -2
right_child=4 -3 -4 -5 5 6 8 13 11 10 -12 -13 -14 -15 -16 16 -18 -19 19 20 -22 22 23 -25 25 -27 -28 -29 -30 -31
leaf_value=0.14549265702565511 -0.0025996286981834725 0.19151167838967273 -0.19488730540871621 0.0038436478181254302 -0.069230245660852507 0.008470225316769147 0.05439729829909417 0.03777341028409345 -0.046562171125595894 -0.007991446318504002 -0.063993196266720884 0.0031020048722275005 0.023599889129400253 0.12084820106661379 0.05933760305245718 -0.017800458377401043 0.072465381168183837 -0.05474232181229375 0.012870993633710205 -0.063958079013086505 0.010026097344032418 -0.020698408230020542 -0.048704706725417352 -0.00099003482597966475 -0.015943204619638298 -0.12033178909868002 0.10521104343767679 -0.0037904262661282019 -0.10374558686278762 0.0021309877582344444
leaf_weight=24 6711 28 25 42 27 91 41 28 79 112 53 5485 30 26 24 227 21 44 21 21 691 353 49 1454 23 25 28 3057 20 10885
leaf_count=24 6711 28 25 42 27 91 41 28 79 112 53 5485 30 26 24 227 21 44 21 21 691 353 49 1454 23 25 28 3057 20 10885
internal_value=7.09322e-05 0.0348185 -0.0133948 0.0553524 -6.86398e-05 0.0033366 0.00367558 0.0342793 0.00288809 -0.000898828 -0.0259799 0.00251056 -0.0272515 0.0777724 -0.000723873 -0.000784875 -0.00551791 -0.00600705 2.13412e-06 0.0115652 0.00784398 -0.000449122 -0.00761952 -0.0025456 -0.0266372 -0.0703123 0.0656367 -0.00535804 -0.0247596 0.000326761
internal_weight=29745 119 91 66 29626 5807 5780 145 5635 23819 165 5594 109 54 23654 23630 3369 3348 20261 761 712 19500 1904 1503 401 48 49 3304 247 17596
internal_count=29745 119 91 66 29626 5807 5780 145 5635 23819 165 5594 109 54 23654 23630 3369 3348 20261 761 712 19500 1904 1503 401 48 49 3304 247 17596
is_linear=0
shrinkage=0.05


Tree=124
num_leaves=31
num_cat=0
split_feature=0 122 23 49 110 284 281 163 50 47 52 42 6 7 205 25 170 215 45 172 298 67 30 52 284 153 160 5 63 119
split_gain=51.3351 359.135 173.826 351.543 72.0637 74.2073 45.412 44.8283 55.3252 43.1954 41.6377 60.7395 34.4072 38.8815 46.343 51.0532 42.6434 59.3716 47.3969 53.0421 43.7762 39.4068 38.9537 38.0826 36.2444 69.7608 36.1057 33.8826 49.8063 37.3619
threshold=4.107140541076661 -13.27618885040283 -8.6013288497924787 -10.652459621429442 -13.649433135986326 -33.562658309936516 -23.692629814147946 1.8838602900505068 1.9743612408638003 -1.0446591973304746 -0.3976470679044723 -0.19621776044368741 -0.95781937241554249 -0.12440894544124602 6.405358314514161 -0.18040107935667035 0.27982175350189215 -2.6220555305480953 -3.5891176462173457 3.6119453907012944 5.4477450847625741 -6.3037648200988761 5.6188423633575448 4.771470546722413 3.2769201993942265 -0.18509803712368009 -2.36829662322998 -0.70210924744606007 -3.3052440881729122 0.66792160272598278
decision_type=2 2 2 2 2 2 2 2 2 2 2 2 2 2 2 2 2 2 2 2 2 2 2 2 2 2 2 2 2 2
left_child=2 -2 3 -1 5 -4 -6 8 10 -9 11 -3 -8 14 15 27 20 18 -18 26 23 -17 24 -15 -19 -26 -20 -14 -29 -30
right_child=1 7 4 -5 6 -7 12 9 -10 -11 -12 -13 13 16 -16 21 17 22 19 -21 -22 -23 -24 -25 25 -27 -28 28 29 -31
leaf_value=-0.2563158416748047 0.22390117645263674 0.012602501075714825 0.12704198143698953 -0.0034977880391207613 -0.02636694064954432 0.014991679721408422 -0.0034030826181016384 -0.083663716645020508 0.086893018126487739 -0.0037733781879069287 -0.017316173279018264 0.096782497807483506 -0.001267391277531929 -0.0017851439495669725 0.056579414228113689 -0.066529278133226483 -0.040484664440155027 0.00013030766112706146 0.04938055178357495 0.095394684682632319 -0.070986364328342932 -0.00086894544227463866 -0.02990900808638269 -0.056406583264470102 0.09118349038596664 0.010362982269862424 0.0098821839720462049 0.02860800146646926 0.0054087459822246588 0.022192731079693412
leaf_weight=20 20 200 22 44 164 45 5863 23 25 64 99 24 1088 11470 41 23 25 1999 90 29 23 3527 91 32 28 575 162 291 3269 369
leaf_count=20 20 200 22 44 164 45 5863 23 25 64 99 24 1088 11470 41 23 25 1999 90 29 23 3527 91 32 28 575 162 291 3269 369
internal_value=6.73856e-05 0.0167331 -0.000191505 -0.0825034 -1.12558e-05 0.0517843 -0.000130269 0.00720814 0.0152336 -0.0248938 0.00968724 0.0216218 1.81295e-05 0.000885265 0.00354799 0.0032942 -0.000692866 0.00461824 0.0254885 0.031358 -0.00207491 -0.00129435 0.00224679 -0.00193711 0.00337138 0.0141158 0.0239887 0.00654102 0.00870329 0.00711113
internal_weight=29745 455 29290 64 29226 67 29159 435 348 87 323 224 28995 23132 8608 8567 14524 2999 306 281 11525 3550 2693 11502 2602 603 252 5017 3929 3638
internal_count=29745 455 29290 64 29226 67 29159 435 348 87 323 224 28995 23132 8608 8567 14524 2999 306 281 11525 3550 2693 11502 2602 603 252 5017 3929 3638
is_linear=0
shrinkage=0.05


Tree=125
num_leaves=31
num_cat=0
split_feature=189 8 0 17 243 81 12 87 166 178 89 11 289 274 91 9 72 63 238 8 1 285 205 55 81 277 3 150 13 44
split_gain=65.9744 621.285 491.927 172.799 71.7776 37.2157 38.6768 40.579 45.0095 48.9404 45.1009 45.2785 38.5344 83.9924 66.6982 32.5858 37.8324 34.8187 33.8937 32.3928 42.7815 42.5158 34.9851 30.6573 29.8135 39.773 33.3671 40.992 40.1308 37.1761
threshold=-18.562269210815426 1.9305975437164309 3.5141073465347294 -2.4682564735412593 -24.01578330993652 -11.531372547149656 -0.1974830478429794 8.5514864921569842 4.6833636760711679 0.43245097994804388 5.0063369274139413 -1.6894065141677854 -12.848174095153807 -10.775770664215086 -5.2960858345031729 -0.85426059365272511 -4.0195982456207267 -3.7858977317810054 -15.828823566436766 5.3304290771484384 3.5098820924758916 7.3207843303680429 -8.7808218002319318 -6.2531540393829337 -4.3929657936096183 -0.53708556294441212 -2.2047662734985347 -5.1156477928161612 -1.1136155128479002 3.3649998903274541
decision_type=2 2 2 2 2 2 2 2 2 2 2 2 2 2 2 2 2 2 2 2 2 2 2 2 2 2 2 2 2 2
left_child=1 2 3 -1 -5 -2 7 8 10 -10 12 -12 13 15 -15 16 18 -18 23 -8 21 -21 -22 -7 25 -14 27 28 -26 -29
right_child=5 -3 -4 4 -6 6 19 -9 9 -11 11 -13 24 14 -16 -17 17 -19 -20 20 22 -23 -24 -25 26 -27 -28 29 -30 -31
leaf_value=-0.17679182603955268 0.038264358043670656 -0.29098577767610551 0.20593373954296113 0.064650804346258001 -0.057015180587768555 -0.017070406013064917 0.0018020733261917934 -0.057781171053647995 0.097736982293426991 0.014404853941822374 -0.090419367038541365 -0.014774607575020275 0.0059781341999041622 -0.13829136138612574 -0.031253275283893871 -0.019884157400979874 0.076865720482809208 0.01061686261502259 -0.023045063145862993 0.02177349935878407 0.060167392094930022 0.094258572161197665 -0.011284371729820006 0.054770772159099583 -0.10959886567933219 0.059750663223935088 -0.001032768097431051 -0.0057978526760060585 -0.017439772050689768 -0.061509837955236436
leaf_weight=20 64 20 25 22 27 27 12969 32 20 148 27 74 768 22 43 269 28 68 129 55 21 32 93 33 21 36 14050 466 27 32
leaf_count=20 64 20 25 22 27 27 12969 32 20 148 27 74 768 22 43 269 28 68 129 55 21 32 93 33 21 36 14050 466 27 32
internal_value=3.13015e-05 -0.0379325 0.0159087 -0.052941 -0.00238964 0.000177741 9.50843e-05 -0.00153155 -0.00142104 0.0243253 -0.00168937 -0.0349965 -0.00147937 -0.0137112 -0.0674816 -0.0074024 0.00437863 0.0299394 -0.00860465 0.00211078 0.0220293 0.0484347 0.0018778 0.0224422 -0.000987709 0.00838586 -0.00150404 -0.0136311 -0.0577594 -0.00937774
internal_weight=29668 114 94 69 49 29554 29490 16320 16288 168 16120 101 16019 619 65 554 285 96 189 13170 201 87 114 60 15400 804 14596 546 48 498
internal_count=29668 114 94 69 49 29554 29490 16320 16288 168 16120 101 16019 619 65 554 285 96 189 13170 201 87 114 60 15400 804 14596 546 48 498
is_linear=0
shrinkage=0.05


Tree=126
num_leaves=31
num_cat=0
split_feature=95 5 0 221 232 23 289 90 57 87 298 4 13 147 7 5 126 30 289 56 205 115 73 232 101 132 72 175 15 84
split_gain=65.8435 448.924 319.937 222.927 54.4038 72.4777 35.9756 38.3152 38.0281 44.2966 38.607 38.4126 57.5182 57.8616 53.9059 43.6319 43.6818 42.4831 55.4332 48.9677 44.3265 47.2137 38.5826 36.7486 35.6234 51.072 35.4767 35.0142 33.8128 33.1886
threshold=-15.074756622314451 4.5211617946624765 3.5141073465347294 -26.242679595947262 -25.081699371337887 -3.6518340110778804 -22.955294609069821 -9.6035208702087385 -0.67405879497528065 -6.5667974948883048 3.5940196514129643 -0.2387990057468414 -3.1424835920333858 2.8237633705139165 1.5906464457511904 0.19345588237047198 2.9240784645080571 7.2752943038940439 5.5719084739685067 -0.079331550747156129 -8.4337744712829572 -3.2973333597183223 -0.19575548171997068 4.7391071319580087 6.0569317340850839 3.5609558820724492 3.8644037246704106 3.2170710563659672 3.0364462137222294 -5.2692637443542472
decision_type=2 2 2 2 2 2 2 2 2 2 2 2 2 2 2 2 2 2 2 2 2 2 2 2 2 2 2 2 2 2
left_child=1 2 3 -1 5 -2 -6 -8 10 -10 23 14 13 -13 15 16 -11 18 20 -20 21 -14 -18 26 25 28 -9 -12 -17 -22
right_child=4 -3 -4 -5 6 -7 7 8 9 11 27 12 17 -15 -16 24 22 -19 19 -21 29 -23 -24 -25 -26 -27 -28 -29 -30 -31
leaf_value=-0.19502628326416016 -0.023175277241638731 -0.23003707627455394 0.13151698214667185 0.014232447147369385 -0.020488481386012943 0.09496676584377009 0.024632504135370256 -0.0015103150781308923 -0.058859475801388429 0.0020450051513214826 -0.040025744109581679 -0.017904689862411848 0.0019051754342702528 -0.10663080499285744 0.023047545904927146 0.011835142733155606 0.035803258791565894 -0.042507126143104153 0.087914852917194364 0.015230940531480953 0.037370827883995809 0.075457238019444053 -0.039911896426160387 0.045763603797773035 -0.04272513583302498 0.074784922040998944 -0.049888308503125846 0.016363162423173587 -0.053644531816244123 -0.00057758520671228339
leaf_weight=20 21 24 35 35 211 34 160 13780 30 3687 117 147 48 21 394 1386 20 57 25 317 58 40 106 41 30 32 38 36 20 8698
leaf_count=20 21 24 35 35 211 34 160 13780 30 3687 117 147 48 21 394 1386 20 57 25 317 58 40 106 41 30 32 38 36 20 8698
internal_value=2.97365e-05 -0.0378964 0.0133412 -0.0618616 0.000176031 0.049858 8.34e-05 0.000231606 9.75723e-05 0.00183697 -0.00177887 0.00195767 -1.55703e-06 -0.0289955 0.00520671 0.00387565 0.00105569 0.000525434 0.000792455 0.0205441 2.86533e-05 0.0353379 -0.0278936 -0.00150311 0.0112003 0.0123253 -0.00164336 -0.0267578 0.0109037 -0.000326214
internal_weight=29668 114 90 55 29554 55 29499 29288 29128 15116 14012 15086 9411 168 5675 5281 3813 9243 9186 342 8844 88 126 13859 1468 1438 13818 153 1406 8756
internal_count=29668 114 90 55 29554 55 29499 29288 29128 15116 14012 15086 9411 168 5675 5281 3813 9243 9186 342 8844 88 126 13859 1468 1438 13818 153 1406 8756
is_linear=0
shrinkage=0.05


Tree=127
num_leaves=31
num_cat=0
split_feature=140 7 6 6 232 62 43 12 87 293 289 218 114 50 269 101 80 64 57 88 11 198 10 177 172 37 61 133 58 9
split_gain=60.4585 728.228 283.085 143.16 74.1553 46.0045 42.9991 33.0333 36.0926 42.4671 33.2585 80.7349 35.9818 50.4987 46.0254 35.7533 31.3683 42.6546 41.1166 40.176 38.1156 30.4958 50.784 42.2501 41.0574 39.4204 50.4133 47.141 37.7864 36.744
threshold=-15.31351852416992 1.7893627285957339 0.14928757399320605 -0.85469499230384816 -25.081699371337887 -9.3403530120849592 -7.0650410652160636 -0.1974830478429794 8.5514864921569842 10.533529758453371 -12.848174095153807 -6.5065383911132804 3.9126088619232182 -1.0045830607414243 7.3549671173095712 -2.825343012809753 -8.9673004150390607 -3.7653447389602657 -2.9140920639038081 -4.1891243457794181 0.2377647086977959 -0.27391034364700312 0.53912362456321727 1.9047916531562807 -4.3738725185394278 -1.7449707388877866 1.4866908192634585 -1.920351445674896 0.83025258779525768 7.0210604667663583
decision_type=2 2 2 2 2 2 2 2 2 2 2 2 2 2 2 2 2 2 2 2 2 2 2 2 2 2 2 2 2 2
left_child=1 2 3 5 6 -1 -2 8 9 10 11 16 14 -14 21 -13 -6 19 -19 -18 -21 23 24 29 -23 -26 28 -28 -27 -12
right_child=4 -3 -4 -5 7 -7 -8 -9 -10 -11 12 15 13 -15 -16 -17 17 18 -20 20 -22 22 -24 -25 25 26 27 -29 -30 -31
leaf_value=0.072964096069335946 0.10357255229243525 -0.30169993536103346 0.15726775016103473 -0.14449428389780225 0.021793027976890665 -0.034279259229078894 0.012570816040039063 0.0019247342688157221 -0.054490033537149429 0.063779997825622561 -1.372722441823932e-05 -0.12863712741062047 0.036691800294624224 -0.03269917787107475 0.062225724255730364 -0.034094460159540173 -0.015198855833322915 0.031768103225565537 -0.011639009128136139 -0.09040675470139832 -0.012643062703024883 -0.078042122941802849 0.0050795318602129477 0.026052232638288004 -0.030244418624695853 -0.007808703713635623 -0.096582024163481869 -0.020262983554442015 0.011043047660074527 -0.063268859749254974
leaf_weight=20 27 21 28 20 77 20 25 13160 32 25 12583 20 31 170 29 20 216 82 163 40 26 22 774 156 201 1024 22 252 359 23
leaf_count=20 27 21 28 20 77 20 25 13160 32 25 12583 20 31 170 29 20 216 82 163 40 26 22 774 156 201 1024 22 252 359 23
internal_value=2.82496e-05 -0.0371412 0.0259921 -0.0352698 0.000165313 0.0193424 0.0598217 6.01813e-05 -0.00144086 -0.00133681 -0.00143674 -0.0125725 -0.000978388 -0.0219971 -0.000704853 -0.0813658 -0.00801664 -0.0123721 0.00288909 -0.025631 -0.0597726 -0.000823235 -0.00569979 0.000190898 -0.0101377 -0.00933362 -0.00679706 -0.0263908 -0.00291515 -0.000129138
internal_weight=29668 109 88 60 29559 40 52 29507 16347 16315 16290 644 15646 201 15445 40 604 527 245 282 66 15416 2654 12762 1880 1858 1657 274 1383 12606
internal_count=29668 109 88 60 29559 40 52 29507 16347 16315 16290 644 15646 201 15445 40 604 527 245 282 66 15416 2654 12762 1880 1858 1657 274 1383 12606
is_linear=0
shrinkage=0.05


Tree=128
num_leaves=31
num_cat=0
split_feature=95 8 0 10 107 68 90 298 252 1 165 205 46 284 298 264 29 112 1 84 83 277 299 275 190 9 91 62 130 191
split_gain=56.0454 456.677 345.43 221.139 39.4546 31.6859 53.1428 49.7828 38.6912 38.4315 41.5318 47.967 46.1796 38.9646 48.1739 54.043 46.5488 45.3624 44.0354 43.6153 51.5913 40.7914 39.9578 49.6244 37.1058 42.9004 41.4157 40.9904 35.5876 35.4322
threshold=-15.074756622314451 2.2680076360702519 3.5141073465347294 -0.65333333611488331 -14.120860576629637 -1.9185171127319334 -6.9486274719238272 3.3120044469833378 2.0382230281829838 0.29127450287342077 -9.6693902015686017 -8.4337744712829572 -4.7663691043853751 3.9531093835830693 0.27519610524177557 -4.6068720817565909 5.5796470642089853 -2.4604872465133663 4.046882390975953 -4.5608663558959952 -5.1915335655212393 12.712767124176027 0.97437900304794323 -0.1412745267152786 1.2519117593765261 1.9309313893318178 1.9812895655632021 -0.68980392813682545 -1.3303723931312559 -5.0596892833709708
decision_type=2 2 2 2 2 2 2 2 2 2 2 2 2 2 2 2 2 2 2 2 2 2 2 2 2 2 2 2 2 2
left_child=1 2 3 -1 -2 7 -7 8 24 10 -8 -12 -13 14 19 -16 18 -17 21 -11 -21 -15 -19 -24 26 -26 -6 -28 -25 -22
right_child=4 -3 -4 -5 5 6 9 -9 -10 13 11 12 -14 16 15 17 -18 22 -20 20 29 -23 23 28 25 -27 27 -29 -30 -31
leaf_value=0.018394918559175549 0.057472743988037117 -0.23402145057916643 0.13575670330060854 -0.18625681210647932 -0.0026427038083765308 0.031591578916454997 -0.066687645887335154 -0.047884869673213024 0.031008890341309943 0.033555206777603645 0.034176190356848782 -0.050067709883054104 -0.00093342008393071407 0.021312821407080195 -0.08343952555548062 -0.057752084822799914 -0.022929092134748186 -0.013599396178357606 -0.032230446467528477 -0.065454934040705362 -0.0092883797159441558 0.092503602164132268 0.022186747692998443 -0.050801495113410061 0.0089424058320847419 0.079279199518539289 -0.035608425076327666 0.0059002502205856575 -0.0010053774727940051 0.0047082583811518938
leaf_weight=33 30 23 36 22 6135 141 24 61 85 123 97 48 12844 481 22 39 70 567 37 27 484 21 252 38 110 27 188 87 643 6873
leaf_count=33 30 23 36 22 6135 141 24 61 85 123 97 48 12844 481 22 39 70 567 37 27 484 21 252 38 110 27 188 87 643 6873
internal_value=2.68372e-05 -0.0349638 0.0153475 -0.0634658 0.000161808 0.000103573 0.00099045 -0.00292172 -0.00250816 0.000800289 -0.000974219 -0.000852799 -0.00111636 0.00318653 0.00236431 -0.00562762 0.0154294 -0.0045153 0.020411 0.00402615 0.00353426 0.0242909 -0.00313114 0.0032306 -0.00294331 0.0228044 -0.00349361 -0.0224766 -0.00378402 0.00378745
internal_weight=29668 114 91 55 29554 29524 22831 6693 6632 22690 13013 12989 12892 9677 9068 1561 609 1539 539 7507 7384 502 1500 933 6547 137 6410 275 681 7357
internal_count=29668 114 91 55 29554 29524 22831 6693 6632 22690 13013 12989 12892 9677 9068 1561 609 1539 539 7507 7384 502 1500 933 6547 137 6410 275 681 7357
is_linear=0
shrinkage=0.05


Tree=129
num_leaves=31
num_cat=0
split_feature=189 14 77 50 85 234 298 227 299 215 299 223 91 298 63 294 295 298 278 154 219 212 264 148 160 167 188 249 37 139
split_gain=54.7315 517.738 848.54 156.518 35.3072 31.3135 65.292 64.2019 51.0663 44.4928 43.5514 50.4038 55.9355 49.6478 46.1393 42.7867 41.7682 63.9103 41.6347 41.0964 41.7314 40.1273 39.4328 38.849 38.7907 44.9778 38.7651 45.3166 37.8514 37.0368
threshold=-18.562269210815426 -4.5477256774902335 -10.624019622802733 -6.2179231643676749 -12.516455650329588 -0.65369474887847889 0.052702208980917938 -5.129032850265502 -0.096633236855268465 -1.0647318363189695 -0.8754901885986327 2.3932518959045415 0.66698801517486583 -0.99490964412689198 -4.0213072299957267 1.7145588994026186 -2.3862302303314205 -5.4390518665313712 -6.7598431110382071 -2.4341176748275752 -3.8392857313156123 3.3527170419692998 1.2240196466445925 2.7422189712524419 4.0286967754364023 4.3231372833251962 -2.7525490522384639 -2.7789888381958003 -2.6859476566314693 -4.6541154384613028
decision_type=2 2 2 2 2 2 2 2 2 2 2 2 2 2 2 2 2 2 2 2 2 2 2 2 2 2 2 2 2 2
left_child=1 -1 -3 -4 -2 6 10 -8 28 -7 11 13 -13 15 -12 24 21 -18 -16 -10 -21 -11 26 -20 25 -6 -22 -28 -9 -19
right_child=4 2 3 -5 5 9 7 8 19 16 14 12 -14 -15 18 -17 17 29 23 20 22 -23 -24 -25 -26 -27 27 -29 -30 -31
leaf_value=0.17739552622256072 0.037549977075485963 -0.34322584470113121 0.085612890989549703 -0.067657380799452466 -0.00057669386807863759 0.0095702761832008199 -0.085879719976721142 -0.08699929776291053 0.025169338513579633 -0.0087956544247609156 0.080835726383057513 0.11278573677347595 0.011938856709606295 -0.0134536602597333 0.077486894386155275 0.043171461964292189 0.091239685043692592 -0.066218102872371676 0.0082163973648654905 -0.06780124678542572 -0.040628117899625352 -0.065552658226453897 -0.031235168523286002 -0.041960681267082689 -0.050412943577155089 0.074446520209312445 0.044712936396019594 -0.0010873637673376143 -0.021950393584670453 0.0019408457683114642
leaf_weight=23 63 24 31 36 17977 1831 29 24 108 553 22 20 44 767 21 56 20 20 1083 28 52 33 121 40 39 20 62 419 328 5774
leaf_count=23 63 24 31 36 17977 1831 29 24 108 553 22 20 44 767 21 56 20 20 1083 28 52 33 121 40 39 20 62 419 328 5774
internal_value=2.54953e-05 -0.0345525 -0.0881218 0.00325872 0.000158875 7.89982e-05 -0.000934764 -0.0124115 -0.0105459 0.00269746 -0.000265777 -0.000843668 0.0434535 -0.000993995 0.00911281 -0.000465775 0.000731194 0.00201357 0.00773353 -0.00348819 -0.00802633 -0.0119919 -0.00546716 0.00642915 -0.000601264 -0.000493321 0.000382616 0.00481621 -0.0263855 0.00170557
internal_weight=29668 114 91 67 29554 29491 21260 1171 1142 8231 20089 18923 64 18859 1166 18092 6400 5814 1144 790 682 586 654 1123 18036 17997 533 481 352 5794
internal_count=29668 114 91 67 29554 29491 21260 1171 1142 8231 20089 18923 64 18859 1166 18092 6400 5814 1144 790 682 586 654 1123 18036 17997 533 481 352 5794
is_linear=0
shrinkage=0.05


Tree=130
num_leaves=31
num_cat=0
split_feature=284 70 49 143 125 40 177 4 287 21 7 16 195 283 14 237 118 35 291 235 224 4 274 63 22 67 6 8 18 217
split_gain=95.3975 492.787 99.1962 99.8013 50.4046 54.4134 36.724 33.1996 32.5343 32.5995 42.1977 46.1913 70.3167 52.5365 47.2602 43.1458 38.137 37.2618 35.5662 34.7591 39.0946 34.4416 39.6295 47.6977 34.3216 33.7018 32.6352 32.9686 32.0144 37.1797
threshold=-33.562658309936516 -9.8755693435668928 -10.652459621429442 -16.044019699096676 -13.17349052429199 -10.428718090057371 -12.959040164947508 -4.5577125549316397 -26.721492767333981 -1.1379302740097044 -2.4524706602096553 2.3928104639053349 -4.7650511264801017 -7.0606787204742423 2.0498011112213139 -0.81120449304580677 -2.9910111427307124 5.2878355979919442 -0.90933334827423085 7.8307738304138192 6.0746672153472909 3.7091201543807988 -2.3291617631912227 -3.8943136930465694 0.4994273334741593 0.69349464774131786 2.3741980791091923 -4.9683213233947745 1.5367383956909182 -2.1579351425170894
decision_type=2 2 2 2 2 2 2 2 2 2 2 2 2 2 2 2 2 2 2 2 2 2 2 2 2 2 2 2 2 2
left_child=1 -1 -3 -4 5 -2 -5 -6 -9 17 11 13 -13 16 15 -15 -11 19 -17 20 21 26 23 -23 -19 -16 27 -10 -29 -30
right_child=4 2 3 6 7 -7 -8 8 9 10 -12 12 -14 14 25 18 -18 24 -20 -21 -22 22 -24 -25 -26 -27 -28 28 29 -31
leaf_value=-0.25273877019467567 0.084977481100294336 0.095596711531929349 -0.11859834671020508 0.058215031726285817 0.026437635503263557 0.0053196295252386132 -0.026072271979813069 -0.02946274857772024 0.048002830988321553 -0.034428894458959504 -0.00083202322067249274 0.085985480009445128 -0.0094798531142934669 0.0061499205282906618 -0.023661611295704332 -0.057070481124476102 -0.10802621109735058 0.013412018692077594 -0.011024279038518154 -0.052576605718711325 0.067355761774208239 0.066443090098244811 0.073222839679088325 0.0028455365085625715 0.08908274332466333 -0.10864288300275803 -0.014513453552957443 0.0026360641799335442 -0.024382798943164141 0.0060238817951647362
leaf_weight=23 36 23 20 24 117 53 28 95 39 75 19563 28 62 269 28 59 23 43 145 29 23 35 31 187 23 20 305 7861 240 173
leaf_count=23 36 23 20 24 117 53 28 95 39 75 19563 28 62 269 28 59 23 43 145 29 23 35 31 187 23 20 305 7861 240 173
internal_value=-0.000209527 -0.0450771 0.00519889 -0.0236782 -3.04336e-05 0.0375408 0.0128296 -0.000143888 -0.00024983 -0.000154986 -0.0012663 -0.0132492 0.0202205 -0.0181155 -0.011798 -0.00700074 -0.0517017 0.00235126 -0.0243416 0.0020744 0.0022526 0.0020838 0.0202669 0.0128722 0.0397821 -0.0590705 0.00155 0.00213936 0.00192318 -0.0116459
internal_weight=29680 118 95 72 29562 89 52 29473 29356 29261 20272 709 90 619 521 473 98 8989 204 8923 8894 8871 253 222 66 48 8618 8313 8274 413
internal_count=29680 118 95 72 29562 89 52 29473 29356 29261 20272 709 90 619 521 473 98 8989 204 8923 8894 8871 253 222 66 48 8618 8313 8274 413
is_linear=0
shrinkage=0.05


Tree=131
num_leaves=31
num_cat=0
split_feature=37 250 40 175 44 111 284 69 8 4 299 298 298 109 299 157 64 255 286 186 168 263 249 279 134 223 298 136 87 291
split_gain=87.1241 338.598 50.7145 72.0038 60.0181 69.776 39.9502 39.473 30.8406 30.0874 29.0905 96.0183 92.013 68.2304 44.0323 48.0641 41.4952 39.2779 39.6729 38.2989 36.8715 34.8087 38.4095 34.1883 63.8776 62.2386 48.2176 42.3337 36.6723 42.8051
threshold=-12.989407062530516 -23.943401336669918 -10.428718090057371 -17.601725578308102 -9.6784596443176252 -11.081077098846434 -21.003582000732418 -4.7731795310974112 3.326902031898499 -4.5577125549316397 -2.5572830438613887 -2.4838984012603755 -2.0452400445938106 1.7273405790328982 -1.6917099952697752 -5.8878235816955558 0.92857903242111217 -4.4080636501312247 -5.3015031814575186 -2.6403872966766353 -4.6691205501556388 -6.0431909561157218 -4.4120392799377433 -4.5087409019470206 -5.9651799201965323 -2.1014845371246333 -6.2165930271148673 -4.3229477405548087 4.6453561782836923 1.0253309011459353
decision_type=2 2 2 2 2 2 2 2 2 2 2 2 2 2 2 2 2 2 2 2 2 2 2 2 2 2 2 2 2 2
left_child=1 -1 3 -2 5 -4 -5 -3 -9 -6 11 23 13 17 -14 -16 20 -12 -19 -15 -13 -17 -23 25 26 -11 -25 -27 29 -26
right_child=2 7 4 6 9 -7 -8 8 -10 10 12 16 14 19 15 21 -18 18 -20 -21 -22 22 -24 24 28 27 -28 -29 -30 -31
leaf_value=-0.19495925903320313 0.11369386152787642 0.045413543730974198 -0.11175127029418946 -0.019448556510421138 0.025346018791455649 0.0040867768801175633 0.042217731482252996 -0.049085968793243978 0.027978292703628539 -0.001723103939810665 -0.014993213646616158 -0.05932881389009325 -0.0076170451849731525 0.096408318155086964 0.064010863776008287 -0.051436629239469768 -0.036097758388832994 0.047284528813255372 0.0082594912792153773 0.030365546428142709 -0.0092497374146094363 0.026520190593115722 0.00041603122072959484 0.091616215622600389 0.0013960929422401362 -0.066172886750799548 0.013092739394177561 -0.015892430204246435 -0.047458546491045701 0.041563617351895843
leaf_weight=28 22 35 26 48 116 26 58 37 20 6258 178 38 1834 26 30 32 190 67 2327 141 1122 143 9668 34 6595 47 46 383 38 67
leaf_count=28 22 35 26 48 116 26 58 37 20 6258 178 38 1834 26 30 32 190 67 2327 141 1122 143 9668 34 6595 47 46 383 38 67
internal_value=-0.000199051 -0.0427167 -2.64492e-05 0.0313778 -0.000163027 -0.0538322 0.0142934 0.00361803 -0.0220459 -6.80369e-05 -0.000168776 -0.00172531 0.00142784 0.00967772 -0.000502326 0.000819298 -0.014438 0.00766684 0.00935167 0.0406477 -0.0108903 0.0006267 0.000796512 -0.000451019 0.002051 -0.00298746 0.0464652 -0.0213882 0.00152068 0.00180006
internal_weight=29680 120 29560 128 29432 52 106 92 57 29380 29264 14818 14446 2739 11707 9873 1350 2572 2394 167 1160 9843 9811 13468 6780 6688 80 430 6700 6662
internal_count=29680 120 29560 128 29432 52 106 92 57 29380 29264 14818 14446 2739 11707 9873 1350 2572 2394 167 1160 9843 9811 13468 6780 6688 80 430 6700 6662
is_linear=0
shrinkage=0.05


Tree=132
num_leaves=31
num_cat=0
split_feature=37 187 48 173 32 179 50 2 156 219 292 143 118 273 148 14 192 112 198 150 296 146 273 110 67 295 48 155 181 280
split_gain=78.6295 329.354 60.0287 42.8827 39.0239 37.6377 28.8767 40.0382 30.8216 39.598 29.5792 48.3101 34.1883 35.1748 45.6883 39.9698 38.9765 38.0088 45.3524 44.6115 37.2377 32.9089 50.1494 48.0225 42.0345 37.2882 36.0034 55.1794 33.7408 51.2826
threshold=-12.989407062530516 -18.127347946166989 -11.122808933258055 -14.770938396453856 -12.880388736724852 -14.773387432098387 -8.2311887741088849 -0.17058823257684705 -14.639739990234373 -13.455861568450926 -2.5038361549377437 -1.3188235163688657 2.3298822641372685 -4.1225385665893546 -2.6683987379074092 4.413842201232911 -0.48160782456398005 1.580172657966614 -5.8512744903564444 -4.8001961708068839 -0.70329013466835011 1.9569934606552126 1.802679777145386 0.15687584131956103 0.50064703822135936 6.2641994953155526 -0.58788603544235218 2.7811546325683598 1.7863650321960451 -2.2607059478759761
decision_type=2 2 2 2 2 2 2 2 2 2 2 2 2 2 2 2 2 2 2 2 2 2 2 2 2 2 2 2 2 2
left_child=1 -1 5 -3 -4 -2 7 -6 -9 -10 11 12 13 15 -15 16 -8 18 -16 -20 -21 22 25 24 -24 28 27 -23 -12 -30
right_child=2 3 4 -5 6 -7 10 8 9 -11 21 -13 -14 14 17 -17 -18 -19 19 20 -22 26 23 -25 -26 -27 -28 -29 29 -31
leaf_value=-0.19808349609375001 0.10672876834869385 0.056182607014973962 -0.061341124314528254 -0.01845462286650245 -0.015020923673905232 0.014145124476888907 -0.0027165316716358211 0.09997206301916213 -0.023292045366196407 0.071672033218909872 0.0020218156878743817 -0.0062812534750011058 0.038010493725917104 0.010412422130778783 0.0568655490981681 -0.055051872827526598 0.028441324442917228 -0.050705284967615796 -0.051548950196731662 -0.00083011185654081269 0.028103548424029401 -0.0072002952596327916 0.015274473220969623 0.0044925668752965079 0.048554635151470113 0.065095383965450782 -0.0013881028978041971 -0.054927136537469473 -0.042387611891787788 -0.0032607686207738033
leaf_weight=26 21 27 26 67 37 23 6284 21 21 23 9901 4161 59 1489 35 36 102 37 42 2689 116 240 325 757 134 23 2343 81 104 430
leaf_count=26 21 27 26 67 37 23 6284 21 21 23 9901 4161 59 1489 35 36 102 37 42 2689 116 240 325 757 134 23 2343 81 104 430
internal_value=-0.000189099 -0.0405808 -2.51267e-05 0.00298373 -0.000112122 0.0583328 -5.8139e-05 0.0264996 0.0501344 0.0263483 -0.000150316 -0.00169861 5.25449e-05 -0.000154244 0.00328518 -0.00251503 -0.00221886 -0.000350468 0.000296002 -0.000399443 0.000366432 0.00147487 0.00261917 0.0122298 0.0249903 0.0015017 -0.0035396 -0.0192435 0.00136153 -0.010881
internal_weight=29680 120 29560 94 29516 44 29490 102 65 44 29388 15050 10889 10830 4408 6422 6386 2919 2882 2847 2805 14338 11674 1216 459 10458 2664 321 10435 534
internal_count=29680 120 29560 94 29516 44 29490 102 65 44 29388 15050 10889 10830 4408 6422 6386 2919 2882 2847 2805 14338 11674 1216 459 10458 2664 321 10435 534
is_linear=0
shrinkage=0.05


Tree=133
num_leaves=31
num_cat=0
split_feature=284 70 48 123 125 40 210 287 294 17 23 283 298 186 102 221 10 180 130 292 43 2 14 146 288 247 298 299 297 234
split_gain=73.8756 429.02 102.25 48.5444 41.6127 45.2832 32.8657 29.3093 32.9643 28.7423 40.7788 24.6611 55.1079 57.9873 55.8811 54.1328 49.1263 58.3263 46.2786 45.9517 38.3844 51.8332 41.1236 37.8721 48.481 37.8826 49.2438 72.2712 53.5109 47.7254
threshold=-33.562658309936516 -9.8755693435668928 -11.122808933258055 -6.4823529720306388 -13.17349052429199 -10.428718090057371 -23.157728195190426 -26.721492767333981 -27.017725944519039 1.8198040127754214 -2.4132034778594966 -8.4431958198547346 -9.5192308425903303 -2.8554453849792476 -3.33454418182373 -4.3435251712799063 -0.059749096632003777 -2.6257036924362178 -2.2393276691436763 -8.7281589508056623 -3.67873203754425 4.2971794605255136 4.413842201232911 -4.8108456134796134 -5.6917774677276602 -6.9387824535369864 -4.3455383777618399 -4.2025904655456534 -6.3617935180664054 1.3131662607192995
decision_type=2 2 2 2 2 2 2 2 2 2 2 2 2 2 2 2 2 2 2 2 2 2 2 2 2 2 2 2 2 2
left_child=1 -1 -3 -4 5 -2 -5 9 -9 10 -6 15 13 14 19 20 -17 -18 -15 -13 -10 22 -22 -14 -25 -26 27 29 -29 -27
right_child=4 2 3 6 7 -7 -8 8 11 -11 -12 12 23 18 -16 16 17 -19 -20 -21 21 -23 -24 24 25 26 -28 28 -30 -31
leaf_value=-0.23342383011527687 0.077389889293246805 0.096467510859171546 -0.074146296083927157 0.057327423095703128 -0.012781035559980766 0.0047216757288518945 -0.03031143753424935 0.062586510749090288 0.0061122117710171965 0.025405396288260818 -0.08848872818695061 0.015605537001700961 0.0092135693957957655 0.12048418097521947 -0.0047683764249086382 -0.0045971788906602456 -0.095380514186430496 -0.017417094172263631 0.029687316876111758 0.084253483069570451 -0.0078898317179964036 0.043410490483653794 -0.080054733455181132 -0.0082517855810646142 -0.024733773096154134 0.0017357411613512605 -0.00036726207033670752 -0.031674710838567648 0.026972580649766067 0.063246583184809427
leaf_weight=23 36 24 28 20 46 53 23 21 816 20 29 68 1094 23 198 93 47 49 36 38 1527 49 20 1777 150 2168 20604 42 526 32
leaf_count=23 36 24 28 20 46 53 23 21 816 20 29 68 1094 23 198 93 47 49 36 38 1527 49 20 1777 150 2168 20604 42 526 32
internal_value=-0.000179644 -0.039663 0.00724747 -0.0229114 -2.20413e-05 0.0341156 0.0104508 -0.000125127 -3.54645e-05 -0.0278526 -0.0420547 -8.026e-05 0.000371575 0.0197205 0.0109167 -0.0047282 -0.0304966 -0.0555867 0.0650827 0.0402152 -0.00270903 -0.00721914 -0.0088228 0.000105456 -0.000288404 0.0003132 0.00047395 0.00673563 0.022636 0.00263044
internal_weight=29680 118 95 71 29562 89 43 29473 29378 95 75 29357 26756 363 304 2601 189 96 59 106 2412 1596 1547 26393 25299 23522 23372 2768 568 2200
internal_count=29680 118 95 71 29562 89 43 29473 29378 95 75 29357 26756 363 304 2601 189 96 59 106 2412 1596 1547 26393 25299 23522 23372 2768 568 2200
is_linear=0
shrinkage=0.05


Tree=134
num_leaves=31
num_cat=0
split_feature=37 187 48 58 32 179 21 36 15 1 172 45 260 266 207 18 50 38 10 3 279 228 212 284 16 232 24 244 114 8
split_gain=70.8609 291.714 51.7318 41.4523 34.05 33.6974 27.5295 41.1734 34.2419 40.2966 36.7606 36.772 34.1902 45.0583 33.5591 33.0877 41.0108 40.5917 34.772 31.3536 31.0524 52.9367 30.5634 29.6937 55.6454 43.6525 35.5854 35.2932 33.3339 29.3144
threshold=-12.989407062530516 -18.127347946166989 -11.122808933258055 -5.6591176986694327 -12.880388736724852 -14.773387432098387 -1.1379302740097044 4.3767335414886483 -0.80058297514915455 4.046882390975953 4.7514705657958993 2.7912137508392338 5.2002451419830331 4.6719117164611825 -1.0000000180025095e-35 1.6986835002899172 4.5041174888610849 -3.305686235427856 4.038886785507203 3.1353688240051274 -34.354036331176751 -19.890766143798825 3.0410948991775517 -3.6049259901046748 2.4795542955398564 0.25784815847873693 3.0166525840759282 1.0138671398162844 -5.4599268436431876 0.39750874042510992
decision_type=2 2 2 2 2 2 2 2 2 2 2 2 2 2 2 2 2 2 2 2 2 2 2 2 2 2 2 2 2 2
left_child=1 -1 5 -3 -4 -2 7 12 9 10 23 -12 13 15 -11 16 18 -17 19 20 -6 -22 -15 24 25 26 27 29 -25 -8
right_child=2 3 4 -5 6 -7 8 -9 -10 14 11 -13 -14 22 -16 17 -18 -19 -20 -21 21 -23 -24 28 -26 -27 -28 -29 -30 -31
leaf_value=-0.1867448219886193 0.09995269775390625 0.042791719813095902 -0.057289787439199595 -0.024866779787199839 0.057823869228363037 0.012349290433137315 -0.010832202231830802 0.033990209645564012 0.0002997879156816255 -0.01722521853899317 -0.095004006339745095 -0.0045850303509961006 -0.036713984608650212 0.087237045684686085 -0.098416188887786124 -0.06295800711959601 0.072317813869033548 -0.0072234112745620544 -0.028213457860376524 0.021064489394162611 -0.052066414621141227 0.002314646209086741 0.0050226087123155594 -0.059618918815006819 0.059500957826773331 -0.058940521038548889 -0.050162881901677774 0.055940839411182844 -0.00051490501218651717 0.0038659918139861945
leaf_weight=26 21 38 26 56 25 23 1607 101 14133 35 22 23 57 26 20 36 21 353 92 226 45 8083 20 24 30 43 49 22 3967 430
leaf_count=26 21 38 26 56 25 23 1607 101 14133 35 22 23 57 26 20 36 21 353 92 226 45 8083 20 24 30 43 49 22 3967 430
internal_value=-0.000170661 -0.0385152 -1.50004e-05 0.00248453 -9.576e-05 0.05416 -4.53346e-05 0.00224415 -0.00106469 -0.00413933 -0.00376238 -0.0487899 0.00188725 0.00213373 -0.0467492 0.00187807 0.00253127 -0.0123814 0.00235826 0.00269393 0.0021847 0.00201357 0.0514916 -0.00343408 -0.00812548 -0.00906866 -0.00805135 -0.00704919 -0.000870329 -0.00772949
internal_weight=29680 120 29560 94 29516 44 29490 9085 20405 6272 6217 45 8984 8927 55 8881 8492 389 8471 8379 8153 8128 46 6172 2181 2151 2108 2059 3991 2037
internal_count=29680 120 29560 94 29516 44 29490 9085 20405 6272 6217 45 8984 8927 55 8881 8492 389 8471 8379 8153 8128 46 6172 2181 2151 2108 2059 3991 2037
is_linear=0
shrinkage=0.05


Tree=135
num_leaves=31
num_cat=0
split_feature=48 11 276 46 13 85 25 32 5 13 24 22 133 23 43 191 196 46 15 138 123 124 18 170 92 10 85 119 10 34
split_gain=33.1168 308.613 345.993 91.0053 53.9543 32.3996 56.7667 32.0101 35.9462 31.0741 34.2851 37.9415 46.1011 34.5183 31.6388 31.4 37.665 42.8639 30.4858 30.3079 46.6126 47.0526 38.3311 38.2081 34.7436 34.1433 32.7831 32.0008 29.726 29.6688
threshold=-11.122808933258055 1.5280391573905947 -33.483972549438469 -11.831137657165526 -2.0129952430725093 -9.9859604835510236 -3.6048755645751949 -9.868804454803465 -1.0516490340232847 -1.3809747695922849 -4.2907679080963126 -2.1600979566574092 -3.3302682638168331 -3.8815658092498775 -6.2789466381072989 5.6616597175598153 2.7706141471862797 -0.60799580812454213 1.3325097560882571 1.1957255005836489 1.5688386559486391 -1.0681698918342588 -0.9398694336414336 -2.5470261573791499 4.1152043342590341 -2.4245477914810176 2.3014215230941777 0.74230328202247631 4.7559022903442392 -4.3872337341308585
decision_type=2 2 2 2 2 2 2 2 2 2 2 2 2 2 2 2 2 2 2 2 2 2 2 2 2 2 2 2 2 2
left_child=1 2 -1 -2 -4 6 7 -5 -9 15 11 28 29 14 -12 16 19 -18 -14 20 24 -22 -23 -21 -7 -25 -26 -27 -11 -13
right_child=3 -3 4 5 -6 9 -8 8 -10 10 13 12 18 -15 -16 -17 17 -19 -20 23 21 22 -24 25 26 27 -28 -29 -30 -31
leaf_value=-0.20103800637381419 -0.097324266036351526 0.15158144163233894 0.065076569866302406 -0.042982620000839238 -0.028502930079897244 -0.0036507595842221402 0.069582041158624319 -0.031702367334880611 0.046283621845973864 0.027299413494408703 -0.072870311566761561 -0.087340937200933708 0.030873928496177185 0.00068788595299674419 -0.01011003659741876 -0.06070655783017477 0.082913090040286394 0.009611464957943407 -0.033286261558532718 0.069126112157335648 -0.0922671403306035 -0.054575791589629198 -0.0019145359294217767 -0.043717412698653438 -0.0051294096786042923 -0.0063647571243037873 -0.089549564343431726 0.029707234972715379 -0.034151672891208101 -0.016051719263540928
leaf_weight=21 24 35 43 28 24 4244 46 22 45 313 21 20 81 23652 459 24 24 118 24 26 26 52 103 31 23 121 23 125 21 54
leaf_count=21 24 35 43 28 24 4244 46 22 45 313 21 20 81 23652 459 24 24 118 24 26 26 52 103 31 23 121 23 125 21 54
internal_value=0.000107334 0.0259982 -0.0239497 2.89591e-07 0.0315556 7.88669e-05 0.0239899 0.00191366 0.0206763 -3.50912e-05 0.000690401 0.0134812 -0.00509326 0.000418494 -0.0128558 -0.00365448 -0.00337595 0.0220005 0.0162087 -0.00413075 -0.00516786 -0.0300226 -0.0195815 0.0111726 -0.00411922 0.00573296 -0.0473395 0.0119645 0.0234357 -0.0353191
internal_weight=29873 123 88 29750 67 29726 141 95 67 29585 24645 513 179 24132 480 4940 4916 142 105 4774 4471 181 155 303 4290 277 46 246 334 74
internal_count=29873 123 88 29750 67 29726 141 95 67 29585 24645 513 179 24132 480 4940 4916 142 105 4774 4471 181 155 303 4290 277 46 246 334 74
is_linear=0
shrinkage=0.05


Tree=136
num_leaves=31
num_cat=0
split_feature=22 4 265 240 32 131 4 141 295 1 285 223 119 298 296 227 13 219 280 212 56 79 146 126 173 284 218 214 213 156
split_gain=31.9898 199.828 587.193 374.609 76.1737 174.779 53.0902 49.5888 49.44 42.0059 27.5942 54.9681 46.0079 39.7088 63.4194 46.1148 53.5556 44.8182 43.9276 41.9052 41.7251 51.4749 40.2699 39.3694 39.0768 42.5065 37.7329 69.0153 38.1877 59.2019
threshold=-6.1411066055297843 3.1284162998199467 -28.054059028625485 -23.771344184875485 -12.880388736724852 -2.5378432273864742 0.75903359055519115 -15.544643878936766 -31.705285072326657 -1.6725583076477049 8.345489978790285 9.7532677650451678 2.9503091573715214 0.27519610524177557 -0.046470599249005311 -4.8938398361206046 -1.0000000180025095e-35 -4.6772303581237784 -4.0229251384735099 3.0410948991775517 1.9233749508857729 -0.38058808445930475 2.0346637964248662 -3.3052320480346675 -4.3773887157440177 -1.5155742168426511 4.4776887893676767 3.981264710426331 3.9599477052688603 1.1755664944648745
decision_type=2 2 2 2 2 2 2 2 2 2 2 2 2 2 2 2 2 2 2 2 2 2 2 2 2 2 2 2 2 2
left_child=1 3 -3 -1 5 -2 9 8 -6 -5 13 12 -12 14 26 16 -15 -17 -19 20 -16 -22 -21 -20 -25 -26 27 28 -9 -30
right_child=4 2 -4 6 7 -7 -8 10 -10 -11 11 -13 -14 15 19 17 -18 18 23 22 21 -23 -24 24 25 -27 -28 -29 29 -31
leaf_value=-0.21924000740051272 -0.17687925130128862 0.31559345245361331 0.010680092175801596 -0.070316538321120406 0.10353784975798236 0.006578772937929309 0.060245270845366683 -6.4008735545357479e-05 0.0061011473337809242 0.01044643442483916 0.0091650497268986053 -0.0034608875531606724 0.064920267865464495 -0.09800492873016213 0.0098703438178764889 -0.059528927318751812 0.0076237130555368605 0.023846705782581384 -0.037517632464402019 0.05726017751839272 -0.066582790553235474 -0.0014221850751817008 0.0084381842469594577 0.054113482349905477 -0.018209839051491337 -0.0023229810238661421 -0.032792848687280308 0.043229550009836325 0.018618381736071214 -0.087255773765425537
leaf_weight=20 20 20 75 21 23 37 41 22589 30 69 74 193 74 28 1484 36 21 142 88 86 39 136 83 29 475 3706 88 92 23 31
leaf_count=20 20 20 75 21 23 37 41 22589 30 69 74 193 74 28 1484 36 21 142 88 86 39 136 83 29 475 3706 88 92 23 31
internal_value=0.000101967 0.0180581 0.0748724 -0.017686 -4.71265e-05 -0.0577925 0.0130856 6.41851e-05 0.048385 -0.00839826 -2.25786e-05 0.0141184 0.0370427 -0.000187854 0.000602448 -0.0044932 -0.0527355 -0.00396508 -0.00351457 0.00956356 0.00714734 -0.0159437 0.0332825 -0.00441854 -0.00372669 -0.00412787 -0.000115289 1.1195e-05 -0.000164404 -0.0421612
internal_weight=29873 246 95 151 29627 57 131 29570 53 90 29517 341 148 29176 24651 4525 49 4476 4440 1828 1659 175 169 4298 4210 4181 22823 22735 22643 54
internal_count=29873 246 95 151 29627 57 131 29570 53 90 29517 341 148 29176 24651 4525 49 4476 4440 1828 1659 175 169 4298 4210 4181 22823 22735 22643 54
is_linear=0
shrinkage=0.05


Tree=137
num_leaves=31
num_cat=0
split_feature=19 14 16 111 32 3 217 73 4 13 27 172 128 39 21 30 18 287 93 30 23 216 187 150 75 268 222 9 180 14
split_gain=42.9585 185.176 255.657 100.357 68.241 369.137 38.5002 55.6734 41.7373 26.8133 38.5695 57.299 46.5396 44.6385 31.9092 36.4804 35.2642 47.3241 39.8058 33.6578 44.5261 38.8615 51.4753 35.0575 54.1059 37.7287 64.5032 35.1975 31.8323 31.3943
threshold=-5.341352939605712 -5.1812276840209952 -5.1103718280792227 -13.513039112091063 -12.880388736724852 4.1053063869476327 -25.456235885620114 -8.1676468849182111 4.2831373214721689 -1.7852063775062559 1.1273577213287356 4.2719721794128427 3.8377820253372197 0.2956674993038178 -1.2979341745376585 4.1321895122528085 -2.3564547300338741 -20.714546203613278 -5.9685883522033683 -0.57504358887672413 -2.8007059097290035 3.2856863737106328 -0.96173679828643788 -4.1429166793823233 0.53102943301200878 -8.222352981567381 -7.4913902282714835 3.2181372642517094 2.6274901628494267 3.2970169782638554
decision_type=2 2 2 2 2 2 2 2 2 2 2 2 2 2 2 2 2 2 2 2 2 2 2 2 2 2 2 2 2 2
left_child=1 -1 -3 -4 5 -2 7 -6 -9 10 11 29 13 -12 15 16 -11 18 -18 21 -21 22 23 24 27 26 -25 -19 -22 -8
right_child=4 2 3 -5 6 -7 9 8 -10 14 12 -13 -14 -15 -16 -17 17 19 -20 20 28 -23 -24 25 -26 -27 -28 -29 -30 -31
leaf_value=0.16658456802368166 0.077664219099899831 -0.13664733745433666 0.12539030987283459 0.014644831064585093 0.1055002939133417 -0.16684975624084475 -0.005875151150751789 -0.044240103449140283 0.054307392510500818 0.012189190511068053 0.021350175495548497 -0.083995948731899264 0.080048037142980671 -0.006852188412572297 -0.00051665608950868507 0.040523214683388223 -0.0048177917865482537 0.0065240095070424652 -0.081627441149565494 -0.020833262868034535 0.0017684366381564933 -0.040897912775044856 0.015449289090547666 0.023824292989004226 0.089779922295184375 -0.00065454580062519643 -0.089669427443896568 0.065678444762642563 -0.037785760678772658 -0.068768651187419899
leaf_weight=20 29 27 23 185 21 33 2507 21 22 923 232 24 21 355 19939 66 37 766 31 312 1263 46 938 21 21 1860 31 26 53 20
leaf_count=20 29 27 23 185 21 33 2507 21 22 923 232 24 21 355 19939 66 37 766 31 312 1263 46 938 21 21 1860 31 26 53 20
internal_value=9.6869e-05 0.0205313 0.00810125 0.0268907 -7.9064e-05 -0.0524803 3.08588e-05 0.0387692 0.00617955 -5.32064e-05 -0.004406 -0.00710321 0.00691073 0.00429423 0.00046897 0.00354254 0.00315684 0.0016144 -0.039834 0.00214251 -0.00385079 0.00477316 0.0053467 0.00186918 0.0105663 -0.00182892 -0.0438354 0.00846595 0.000175448 -0.00637292
internal_weight=29873 255 235 208 29618 62 29556 64 43 29492 3159 2551 608 587 26333 6394 6328 5405 68 5337 1628 3709 3663 2725 813 1912 52 792 1316 2527
internal_count=29873 255 235 208 29618 62 29556 64 43 29492 3159 2551 608 587 26333 6394 6328 5405 68 5337 1628 3709 3663 2725 813 1912 52 792 1316 2527
is_linear=0
shrinkage=0.05


Tree=138
num_leaves=31
num_cat=0
split_feature=19 14 16 112 32 3 223 70 226 102 207 298 299 263 299 298 299 298 299 297 208 298 299 77 239 280 101 20 105 126
split_gain=38.77 167.121 230.73 94.0978 61.5874 333.146 34.8977 53.7898 28.4063 43.247 51.8974 41.1338 63.2054 60.2496 62.3517 46.1815 46.5893 49.4002 77.4008 50.1507 51.4454 50.8915 47.2214 51.7647 44.2368 41.0822 43.9098 40.8921 39.6967 46.8292
threshold=-5.341352939605712 -5.1812276840209952 -5.1103718280792227 -13.703221797943113 -12.880388736724852 4.1053063869476327 -26.776078224182125 -4.0919353961944571 3.2334936857223515 0.69505673646926891 4.6305112838745126 0.27519610524177557 -0.64183723926544178 -6.0431909561157218 0.3394771814346314 -1.0623172521591184 -1.8042973875999448 -3.2709019184112544 -3.7626980543136592 -6.7203242778778067 -3.534400105476379 -4.0552613735198966 -3.2727801799774165 -2.7697486877441402 0.12495799735188486 -4.0975711345672599 6.9830727577209482 -1.3351470828056333 -0.6075555384159087 -4.833549737930297
decision_type=2 2 2 2 2 2 2 2 2 2 2 2 2 2 2 2 2 2 2 2 2 2 2 2 2 2 2 2 2 2
left_child=1 -1 -3 -4 5 -2 7 -6 11 10 -10 12 15 -13 -15 16 17 18 28 20 -20 -21 23 -19 -25 -16 -27 -24 -8 -30
right_child=4 2 3 -5 6 -7 8 -9 9 -11 -12 13 -14 14 25 -17 -18 22 19 21 -22 -23 27 24 -26 26 -28 -29 29 -31
leaf_value=0.15825533866882324 0.073781028287164097 -0.12981496740270546 0.12333141673694958 0.013980191753756616 0.10029972303997388 -0.15850727196895717 0.00099397501486760847 0.0029634949564933781 0.035881926193462678 0.003009230676782949 -0.032674436178058389 -0.091924394145607949 0.00858275239192627 -0.016600728675809209 0.032609437194106909 -0.0079744813956051357 0.0066333476043931782 -0.039645997574252467 0.012676718325819819 0.024214092212654106 -0.099372918174291655 0.0064002538280101152 0.0052668196508070322 -0.01121447859113818 0.031855957245542889 -0.0017198342884601116 -0.072653535279360679 -0.0045842368092838294 -0.03867142290941307 -0.0052507353869051358
leaf_weight=20 29 27 22 186 22 33 7336 40 201 1254 32 20 2119 865 87 1870 2497 155 20 546 21 1509 1435 1110 63 2624 22 3962 112 1634
leaf_count=20 29 27 22 186 22 33 7336 40 201 1254 32 20 2119 865 87 1870 2497 155 20 546 21 1509 1435 1110 63 2624 22 3962 112 1634
internal_value=9.20255e-05 0.0195047 0.00769618 0.0255462 -7.51108e-05 -0.0498563 2.93159e-05 0.0375022 -4.94566e-05 0.00668478 0.0264665 -0.000407003 0.000331026 -0.00538207 -0.00490101 -0.00045413 0.000235236 -0.000657133 0.00138008 0.0100408 -0.0447146 0.0111333 -0.00404329 -0.0124897 -0.00890123 -0.00119802 -0.00230961 -0.00196495 -0.000618707 -0.00739456
internal_weight=29873 255 235 208 29618 62 29556 62 29494 1487 233 28007 24389 3618 3598 22270 20400 17903 11178 2096 41 2055 6725 1328 1173 2733 2646 5397 9082 1746
internal_count=29873 255 235 208 29618 62 29556 62 29494 1487 233 28007 24389 3618 3598 22270 20400 17903 11178 2096 41 2055 6725 1328 1173 2733 2646 5397 9082 1746
is_linear=0
shrinkage=0.05


Tree=139
num_leaves=31
num_cat=0
split_feature=19 14 16 112 23 3 27 95 234 31 85 83 128 71 13 24 122 139 33 40 17 298 299 232 299 84 205 23 43 12
split_gain=34.9899 150.827 208.234 84.9233 44.6449 210.54 67.432 149.306 89.5288 62.7136 25.3449 34.028 34.8166 28.1868 24.7044 31.5826 38.2492 50.1967 29.7497 29.9784 32.9195 28.4945 84.995 60.0668 56.725 48.4055 42.8211 39.2956 35.6071 33.7045
threshold=-5.341352939605712 -5.1812276840209952 -5.1103718280792227 -13.703221797943113 -8.6013288497924787 2.8401961326599126 -10.380404472351072 -15.074756622314451 -19.693713188171383 -10.065679073333738 -9.9859604835510236 -8.7327399253845197 -13.947647094726561 -10.095191478729246 -1.3809747695922849 -4.2907679080963126 -2.8299397230148311 -4.6541154384613028 -0.32529409229755396 -4.2130362987518302 -1.8050559163093565 -3.9056862592697139 -3.7626980543136592 -6.371260166168212 -3.2727801799774165 -3.3400000333786006 3.2933070659637456 -1.953865587711334 0.254647046327591 1.4706844687461855
decision_type=2 2 2 2 2 2 2 2 2 2 2 2 2 2 2 2 2 2 2 2 2 2 2 2 2 2 2 2 2 2
left_child=1 -1 -3 -4 5 9 8 -8 -6 -2 11 12 -9 -12 -15 16 18 -18 19 20 -16 22 -17 27 26 -24 -25 -23 -29 -27
right_child=4 2 3 -5 6 -7 7 10 -10 -11 13 -13 -14 14 15 21 17 -19 -20 -21 -22 23 25 24 -26 29 -28 28 -30 -31
leaf_value=0.15034257888793945 0.078713150457902392 -0.12332423174822774 0.11716488057916814 0.013281182319887223 0.13651362487248012 -0.17658299528062346 -0.12741495630015498 0.057453540540658515 -0.0062784495561019242 -0.038159459146360562 -0.050204416683741981 0.076668124397595738 -0.011994468509140661 -0.0032868408366866159 0.057689883528898159 0.0013191913792754218 0.079103173436345278 0.016736086786148095 0.042337554081210066 -0.034559358125552539 -0.015406261263198632 -0.099235438236168455 -0.016412210474029566 -0.0068807411857621089 0.00071304233944677992 0.020203528323934038 -0.078587239696865985 0.0078724993061688227 -0.056140289566523977 0.053296783663656401
leaf_weight=20 22 27 22 186 21 20 23 26 23 24 28 24 59 4819 24 5932 37 252 28 80 43 21 78 2429 14935 470 21 45 42 92
leaf_count=20 22 27 22 186 21 20 23 26 23 24 28 24 59 4819 24 5932 37 252 28 80 43 21 78 2429 14935 470 21 45 42 92
internal_value=8.74243e-05 0.0185295 0.00731137 0.0242689 -7.13552e-05 -0.0411484 2.03843e-05 -7.18444e-05 0.0618723 0.0177361 2.74906e-05 0.0240932 0.00924845 -6.18053e-05 -1.39658e-05 0.000629028 0.0135498 0.0247208 -0.00489834 -0.0138957 0.0107774 0.000379901 0.00318689 -0.000674666 -0.000443737 0.0204981 -0.00749537 -0.0378479 -0.0230302 0.0256209
internal_weight=29873 255 235 208 29618 66 29552 29508 44 46 29485 109 85 29376 29348 24529 464 289 175 147 67 24065 6572 17493 17385 640 2450 108 87 562
internal_count=29873 255 235 208 29618 66 29552 29508 44 46 29485 109 85 29376 29348 24529 464 289 175 147 67 24065 6572 17493 17385 640 2450 108 87 562
is_linear=0
shrinkage=0.05


Tree=140
num_leaves=31
num_cat=0
split_feature=81 6 30 2 107 57 5 281 298 131 263 235 166 87 180 145 221 223 189 81 265 297 52 71 61 296 38 62 28 21
split_gain=50.1307 142.766 265.864 167.569 64.4147 31.1202 41.8802 39.1345 39.4379 50.4773 43.7941 37.4062 35.7557 35.2762 57.0549 64.9001 34.4243 31.349 40.0446 30.7694 30.5907 42.9966 29.3576 40.9484 41.03 55.7813 42.861 45.3973 37.6034 60.2737
threshold=-11.531372547149656 -0.23186273872852323 -12.661833286285399 0.10061559826135637 -14.120860576629637 -0.67405879497528065 5.6093769073486337 -23.692629814147946 -1.7837255001068113 -1.0820942521095274 -5.7886610031127921 2.0766246318817143 3.1193222999572758 0.92372551560401928 0.57378616929054271 -4.8541829586029044 -17.582443237304684 -14.901323318481444 -15.263836860656737 -4.2816927433013907 -10.458137035369871 -9.7382354736328107 -2.9093922376632686 -3.7956962585449214 -4.4393796920776358 -1.5249019265174864 -1.4666205644607542 -2.6088796854019161 1.0938627123832705 -0.52075982093811024
decision_type=2 2 2 2 2 2 2 2 2 2 2 2 2 2 2 2 2 2 2 2 2 2 2 2 2 2 2 2 2 2
left_child=1 3 -3 -1 -2 6 7 16 9 13 -10 12 20 17 15 -15 -6 -9 -19 -12 -11 -22 28 24 -24 26 -26 -28 -7 -30
right_child=4 2 -4 -5 5 22 -8 8 10 11 19 -13 -14 14 -16 -17 -18 18 -20 -21 21 -23 23 -25 25 -27 27 -29 29 -31
leaf_value=0.059268955611402087 -0.076034392629350939 0.17729568481445312 -0.013993195735682279 -0.14047451260544006 -0.014346835849521398 -0.0043746719652802335 0.049245915412902831 0.02025933149131294 -0.063856520932732211 -0.037143210909868545 0.023720685944837686 0.068054699897766122 -0.058390304871967863 -0.093244178269220435 -0.097552491147958109 -0.0059757228083521857 -0.071849174446919392 -0.054988278320857453 -0.0013949415560356353 -0.0067681127142568314 0.061529038846492773 0.0070473147867992957 0.08857264180075039 0.0014834341745753549 0.032539205828548544 0.061817311697012316 -0.083770589012166732 0.00034763818993321005 -0.098307118763526283 -0.008990840873151433
leaf_weight=21 28 34 39 21 111 361 40 167 33 38 85 25 21 23 21 289 34 35 8401 3129 37 1704 22 14520 56 49 23 53 30 51
leaf_count=21 28 34 39 21 111 361 40 167 33 38 85 25 21 23 21 289 34 35 8401 3129 37 1704 22 14520 56 49 23 53 30 51
internal_value=-0.000104179 0.0328435 0.0751003 -0.0406028 -0.000233117 -0.000160822 -0.00184354 -0.00198794 -0.00172044 -0.000263122 -0.00655018 0.00731448 0.00647087 -0.0018107 -0.0177784 -0.012409 -0.0278301 -0.00119263 -0.00161729 -0.00596178 0.00723651 0.00820517 0.00141405 0.00179522 0.0240963 0.0162594 -0.000652297 -0.0251092 -0.0112828 -0.0420709
internal_weight=29501 115 73 42 29386 29358 14193 14153 14008 10761 3247 1825 1800 8936 333 312 145 8603 8436 3214 1779 1741 15165 14723 203 181 132 76 442 81
internal_count=29501 115 73 42 29386 29358 14193 14153 14008 10761 3247 1825 1800 8936 333 312 145 8603 8436 3214 1779 1741 15165 14723 203 181 132 76 442 81
is_linear=0
shrinkage=0.05


Tree=141
num_leaves=31
num_cat=0
split_feature=22 2 189 2 46 12 202 4 1 287 274 4 18 226 1 240 229 85 43 38 10 75 16 83 190 298 111 24 298 173
split_gain=69.0342 178.733 563.762 233.528 136.179 166.766 35.7499 31.0157 25.9308 43.8876 64.541 62.7257 54.0521 47.7808 45.293 42.4759 39.675 38.6231 40.1987 40.9548 39.3452 54.2737 40.6125 65.9625 38.4012 36.7876 35.1711 34.6798 34.4563 44.5507
threshold=-6.1411066055297843 0.66621923446655285 -18.562269210815426 0.10061559826135637 -11.831137657165526 -0.1974830478429794 -14.380675315856932 0.14078430086374286 0.31196078658103948 -7.4969179630279532 -4.0735294818878165 -1.3310843110084531 -0.69500815868377674 -8.3118920326232892 2.5645279884338383 -10.635401248931883 -3.2538560628890987 -9.9859604835510236 -7.9963812828063956 -5.4226763248443595 0.69887924194335949 2.7706458568573002 0.60017651319503795 1.0092126131057741 -9.6251997947692853 4.220571994781495 2.9225490093231206 4.0405447483062753 -4.3028340339660636 -3.5528920888900752
decision_type=2 2 2 2 2 2 2 2 2 2 2 2 2 2 2 2 2 2 2 2 2 2 2 2 2 2 2 2 2 2
left_child=1 3 -3 7 5 -2 -4 -1 17 10 11 12 15 14 -11 -10 -12 -6 -19 -20 21 -21 -22 24 -24 26 -26 -13 -15 -30
right_child=4 2 6 -5 8 -7 -8 -9 9 13 16 27 -14 28 -16 -17 -18 18 19 20 22 -23 23 -25 25 -27 -28 -29 29 -31
leaf_value=-0.0041444949757976418 0.014212381504476072 0.30736104011535648 -0.025017408786281465 -0.15881516218185426 0.042447169303894049 -0.18527799705890091 0.036819783208009445 0.070103098299692981 -0.11008910797536374 0.012682426547010739 -0.016883731223440366 -0.0024123499484572791 -0.0038483666167372747 0.0089700043376237069 0.10982167277485133 -0.031422606332076566 -0.10878207338682842 -0.067619075982466997 0.021797896929603211 -0.0025834290686599396 -0.00098799214617165186 -0.026435171926217804 -0.040673395017018693 -0.0039380160216206054 0.020551384392811334 -0.042583033984357664 0.071229109209444794 0.053783245597566878 -0.013326835892491255 0.0021359037453505072
leaf_weight=39 20 20 31 25 50 22 95 22 32 30 23 1409 63 1737 20 37 24 23 187 12880 2480 243 26 517 699 22 36 28 494 8167
leaf_count=39 20 20 31 25 50 22 95 22 32 30 23 1409 63 1737 20 37 24 23 187 12880 2480 243 26 517 699 22 36 28 494 8167
internal_value=-9.897e-05 0.0270682 0.0607504 -0.0301133 -0.00031431 -0.0902826 0.0216059 0.0226333 -0.000185023 0.00159136 -0.0060768 -0.00434736 -0.0373328 0.0027774 0.0515381 -0.0679056 -0.0638105 -0.00143366 -0.00156186 -0.00147296 -0.00173041 -0.00302509 0.00276433 0.0099226 0.0190745 0.0211266 0.0230336 -0.00131738 0.00254293 0.00125395
internal_weight=29501 232 146 86 29269 42 126 61 29227 12064 1616 1569 132 10448 50 69 47 17163 17113 17090 16903 13123 3780 1300 783 757 735 1437 10398 8661
internal_count=29501 232 146 86 29269 42 126 61 29227 12064 1616 1569 132 10448 50 69 47 17163 17113 17090 16903 13123 3780 1300 783 757 735 1437 10398 8661
is_linear=0
shrinkage=0.05


Tree=142
num_leaves=31
num_cat=0
split_feature=22 2 296 2 32 132 137 13 44 19 202 25 12 78 70 197 2 9 133 46 249 6 28 138 5 286 82 124 24 0
split_gain=62.3034 161.306 517.982 210.759 144.132 262.201 35.8183 50.3001 34.5505 46.4559 33.7737 33.166 32.0503 39.9546 39.7976 48.5299 53.9531 44.7461 38.3906 35.9542 40.7806 54.1785 35.7064 35.611 33.5279 55.9187 47.547 52.6351 44.6355 42.7265
threshold=-6.1411066055297843 0.66621923446655285 -32.056173324584954 0.10061559826135637 -12.880388736724852 -2.6951307058334346 -14.130262851715086 -1.8551923036575315 -6.4676458835601798 -1.6657142639160154 -14.380675315856932 0.8976791799068452 1.5056512951850893 2.7722862958908085 -4.0919353961944571 -4.5801587104797354 3.9549123048782353 -3.0407081842422481 3.0375162363052373 3.9633007049560551 -1.1573780775070188 -1.4449673295021055 -6.5009019374847403 -3.0750322341918941 -0.069538667798042283 -11.863211154937742 -2.6246812343597408 -6.9104015827178946 -1.9272429943084715 0.90193083882331859
decision_type=2 2 2 2 2 2 2 2 2 2 2 2 2 2 2 2 2 2 2 2 2 2 2 2 2 2 2 2 2 2
left_child=1 3 -3 -1 5 -2 7 -6 9 -8 -4 -11 13 18 17 16 -16 -14 24 20 -20 -22 -17 -15 25 28 -27 -28 -10 -26
right_child=4 2 10 -5 6 -7 8 -9 12 11 -12 -13 14 23 15 22 -18 -19 19 -21 21 -23 -24 -25 29 26 27 -29 -30 -31
leaf_value=0.021501661824886917 -0.22542652865871787 0.29409864425659177 -0.025125029010157431 -0.15087440693378451 0.0035712205287483007 0.0067810721334911166 0.0019166372358630605 0.10094255443130221 -0.00051208230606197608 -0.043639120519931976 0.034978791373340708 0.020989286810483621 -0.069354534314738384 -0.0777168289013207 0.016943568290408814 0.054229987237383342 0.092679473876953133 -0.0054120779560323344 0.044965673643361098 0.073100485709997318 -0.054718377896481089 0.012042298337492423 0.0026912277321061856 -0.010115613935691381 -0.00063926897653386594 0.0049684817172763887 -0.058660035216531098 -0.0032031782172862594 -0.033698697450014914 0.0056746482376775677
leaf_weight=61 20 20 31 25 36 31 177 21 169 145 95 23 36 20 396 34 25 114 71 26 36 195 2901 751 9311 2063 43 8610 253 3762
leaf_count=61 20 20 31 25 36 31 177 21 169 145 95 23 36 20 396 34 25 114 71 26 36 195 2901 751 9311 2063 43 8610 253 3762
internal_value=-9.40215e-05 0.0257148 0.0577129 -0.0286077 -0.000298594 -0.0842807 -0.000152003 0.0394449 -0.000229402 -0.0159585 0.0201913 -0.0347912 -4.10854e-05 -0.00066171 0.00443924 0.00556547 0.0214409 -0.0207583 -0.000309578 0.0166816 0.0118243 0.00163804 0.00328827 -0.0118692 -0.000539767 -0.00255558 -0.00185254 -0.00347876 -0.0204083 0.00117768
internal_weight=29501 232 146 86 29269 51 29218 57 29161 345 126 168 28816 25310 3506 3356 421 150 24539 328 302 231 2935 771 24211 11138 10716 8653 422 13073
internal_count=29501 232 146 86 29269 51 29218 57 29161 345 126 168 28816 25310 3506 3356 421 150 24539 328 302 231 2935 771 24211 11138 10716 8653 422 13073
is_linear=0
shrinkage=0.05


Tree=143
num_leaves=31
num_cat=0
split_feature=22 2 189 2 95 189 137 44 52 202 289 12 70 197 113 11 6 8 112 112 127 293 242 71 28 294 265 92 226 97
split_gain=56.2288 145.579 478.715 190.21 117.655 175.362 39.5951 36.1938 43.963 32.3567 32.1532 29.1974 36.0736 43.2615 65.9947 43.0971 35.057 42.2623 66.9463 48.3525 37.3632 35.351 34.9992 38.6949 33.7855 32.4173 32.0719 32.0184 36.7343 33.5144
threshold=-6.1411066055297843 0.66621923446655285 -18.562269210815426 0.10061559826135637 -15.074756622314451 -18.562269210815426 -14.130262851715086 -6.4676458835601798 -1.3573003411293028 -14.380675315856932 -6.6357228755950919 1.5056512951850893 -4.2226374149322501 -4.5801587104797354 0.63973456621170055 2.0282034873962407 -1.2831892967224119 0.48512908816337591 2.8566665649414067 3.7419805526733403 2.6214009523391728 0.56730389595031749 -2.6606665849685665 -3.6137109994888301 -4.5825564861297599 0.77382346987724315 -16.447575569152828 1.3567973971366885 1.9602352976799013 1.4901815056800845
decision_type=2 2 2 2 2 2 2 2 2 2 2 2 2 2 2 2 2 2 2 2 2 2 2 2 2 2 2 2 2 2
left_child=1 3 -3 -1 5 -2 -6 8 -8 -4 -10 16 15 14 -14 -13 17 18 20 -19 26 -22 25 -24 -25 -15 -9 28 -26 -30
right_child=4 2 9 -5 6 -7 7 11 10 -11 -12 12 13 22 -16 -17 -18 19 -20 -21 21 -23 23 24 27 -27 -28 -29 29 -31
leaf_value=0.02042658830879325 -0.1815808036110618 0.28207642555236817 -0.025599560814519084 -0.14333068142831326 0.047233473170887344 0.020419052668980191 -0.0080260750228087381 -0.052108894613308789 -0.02941572985035323 0.033229854048909865 -0.10644187397323548 -0.0042421873697300553 0.014129611915802654 -0.0043420313086345195 0.084844919873608482 -0.068965520858764659 0.00011126788822253113 0.0034862867632850271 -0.043707539176940924 0.073109906453352719 0.078538164019584661 -0.0039744526147842407 0.053781576436899958 0.037209518179297449 0.0069085960478031151 -0.062256929665803908 -0.006428438629904944 -0.0022546623986709883 0.060944323729563626 0.0069033303096568063
leaf_weight=61 22 20 31 25 44 21 301 39 42 95 20 97 395 721 36 35 21856 610 125 26 25 27 42 80 947 25 2602 1015 64 52
leaf_count=61 22 20 31 25 44 21 301 39 42 95 20 97 395 721 36 35 21856 610 125 26 25 27 42 80 947 25 2602 1015 64 52
internal_value=-8.93204e-05 0.024429 0.0548272 -0.0271773 -0.000283664 -0.0829297 -0.000162068 -0.00023353 -0.0159233 0.018756 -0.0542629 -3.59042e-05 0.00423832 0.00524061 0.0200362 -0.0214037 -0.000628486 -0.00530945 -0.00793696 0.00633254 -0.00627661 0.0356951 0.00307601 0.00624953 0.00532443 -0.00628288 -0.00710301 0.0040969 0.0101617 0.0367191
internal_weight=29501 232 146 86 29269 43 29226 29182 363 126 62 28819 3509 3377 431 132 25310 3454 2818 636 2693 52 2946 2200 2158 746 2641 2078 1063 116
internal_count=29501 232 146 86 29269 43 29226 29182 363 126 62 28819 3509 3377 431 132 25310 3454 2818 636 2693 52 2946 2200 2158 746 2641 2078 1063 116
is_linear=0
shrinkage=0.05


Tree=144
num_leaves=31
num_cat=0
split_feature=22 5 183 17 32 132 137 13 286 283 17 15 207 38 298 32 57 80 87 105 209 106 274 226 165 3 80 158 199 276
split_gain=50.7465 143.431 424.579 136.66 123.984 231.233 32.1241 45.3774 29.5994 62.2122 35.7015 40.4891 35.3685 29.2229 27.9919 69.8481 25.6616 47.9266 45.5594 41.0761 53.5239 45.9686 45.809 55.633 43.8438 38.6072 39.2046 34.915 32.3337 32.8163
threshold=-6.1411066055297843 -0.41195459663867945 -17.754745483398434 -3.37708568572998 -12.880388736724852 -2.6951307058334346 -14.130262851715086 -1.8551923036575315 -19.109948158264157 -15.907255649566649 0.46665106713771826 0.49228757619857794 -10.313198089599608 -6.2575490474700919 -21.057687759399411 0.70117643475532543 -0.67405879497528065 -4.5912024974822989 -6.5667974948883048 -1.0088663101196287 -5.8592438697814933 2.3963152170181279 -7.4467587471008292 -5.5294001102447501 0.35378783941268926 -3.1776223182678218 -0.83073171973228443 -3.6411763429641719 2.0784552097320561 2.0606687068939213
decision_type=2 2 2 2 2 2 2 2 2 2 2 2 2 2 2 2 2 2 2 2 2 2 2 2 2 2 2 2 2 2
left_child=1 3 -3 -1 5 -2 7 -6 9 10 11 13 -12 -8 15 -10 19 -18 -19 21 22 24 -21 -24 -16 26 -22 -26 29 -29
right_child=4 2 -4 -5 6 -7 8 -9 14 -11 12 -13 -14 -15 16 -17 17 18 -20 20 25 -23 23 -25 27 -27 -28 28 -30 -31
leaf_value=-0.14647625713121323 -0.21070948176085952 0.2569023677280971 0.017051610506850442 0.012456921372856748 0.00329281087550852 0.0073546874427026319 0.011371533738242255 0.095776791870594027 -0.0037802872612424524 -0.099553324580192573 0.02894552420544368 -0.070328351003783082 -0.024271704391279122 -0.02666982442084978 -0.00016674010814847907 0.10293556474473164 0.029748285840563223 -0.072536448850518173 0.0011618844476793129 -0.0043888134385148686 -0.083456544097392796 -0.075426931083202364 -0.1277162360108417 -0.033754991576075553 0.083437156938016413 -0.0039983068267780012 -0.0067479826096031401 0.016140858537476998 0.06575888278228896 -0.039020811838488427
leaf_weight=21 20 21 152 38 36 31 81 21 46 20 93 35 47 134 8802 23 147 21 14791 60 31 20 23 50 20 4415 36 207 28 31
leaf_count=21 20 21 152 38 36 31 81 21 46 20 93 35 47 134 8802 23 147 21 14791 60 31 20 23 50 20 4415 36 207 28 31
internal_value=-8.48544e-05 0.0232076 0.0461664 -0.0441125 -0.000269481 -0.0781607 -0.000133522 0.0373659 -0.000206821 -0.0135465 -0.00913587 -0.0204566 0.0110797 -0.012338 -1.65924e-05 0.0317917 -9.31132e-05 0.00133934 0.0010574 -0.00165458 -0.00549754 0.000292635 -0.036756 -0.0633592 0.000459271 -0.00456997 -0.04224 0.0197255 0.0149352 0.00895594
internal_weight=29501 232 173 59 29269 51 29218 57 29161 410 390 250 140 215 28751 69 28682 14959 14812 13723 4615 9108 133 73 9088 4482 67 286 266 238
internal_count=29501 232 173 59 29269 51 29218 57 29161 410 390 250 140 215 28751 69 28682 14959 14812 13723 4615 9108 133 73 9088 4482 67 286 266 238
is_linear=0
shrinkage=0.05


Tree=145
num_leaves=31
num_cat=0
split_feature=48 256 46 43 28 75 85 189 137 217 8 9 43 280 298 299 258 297 154 87 282 224 128 123 200 191 38 49 25 14
split_gain=85.2495 170.245 75.2622 33.5071 51.7671 51.9321 33.8217 31.4535 49.868 36.514 33.3458 35.8967 29.2438 27.4148 53.485 63.8876 51.19 48.348 46.9799 64.6365 58.4505 44.0168 39.4886 50.4729 53.2907 37.1627 37.1517 36.895 40.8235 46.0527
threshold=-11.122808933258055 -25.033235549926754 -11.831137657165526 -7.9963812828063956 -3.6288822889327998 -2.5214569568634029 -9.9859604835510236 -11.380420207977293 -4.0618462562561026 -19.654902458190914 0.14121323078870776 1.2821568846702578 -3.573036670684814 -1.8504823446273801 -3.0249896049499507 -2.9258382320404048 1.9133986830711367 -3.2742375135421748 -0.37611764669418329 -1.0560131072998045 -7.4103031158447257 0.42669929563999182 1.2464161515235903 -0.028745493851602074 -2.7643945217132564 -2.9860785007476802 -1.7581119537353513 -3.4656863212585445 -3.2169759273529048 -0.51325491070747364
decision_type=2 2 2 2 2 2 2 2 2 2 2 2 2 2 2 2 2 2 2 2 2 2 2 2 2 2 2 2 2 2
left_child=1 -1 -2 4 -4 -6 -5 8 10 -9 -8 12 -12 18 15 16 -15 21 -11 20 -20 -16 23 -22 -25 -17 -21 -19 29 -29
right_child=2 -3 3 6 5 -7 7 9 -10 13 11 -13 -14 14 17 25 -18 27 19 26 22 -23 -24 24 -26 -27 -28 28 -30 -31
leaf_value=0.14113261699676513 -0.086694137573242194 0.0053817657103021471 -0.0060453274846076974 0.033336528709956577 -0.0055529406463558023 -0.10742680592269734 -0.019268511661338687 0.055484553972880046 -0.088610768850360608 -2.4338357016361552e-05 -0.034841220535156203 0.058702996901927457 0.022388041518362507 0.0036290821190299973 -0.013032397897221333 0.062232147349016879 0.08059753558852456 0.029519777679652498 -0.080677428133785728 0.016963343376641356 -0.013448621200622766 -0.07817873201248321 0.022947234530353324 -0.12351440267548675 -0.035328955250361595 0.021258677782947724 -0.0058103843041205057 -0.045084962883208062 0.0014292176480165087 -0.0015262075454780932
leaf_weight=32 25 83 170 77 22 29 271 30 21 14963 41 31 49 1195 121 67 22 114 40 209 364 33 53 21 93 318 1251 101 9716 152
leaf_count=32 25 83 170 77 22 29 271 30 21 14963 41 31 49 1195 121 67 22 114 40 209 364 33 53 21 93 318 1251 101 9716 152
internal_value=0.000189916 0.0431559 2.29812e-05 9.62864e-05 -0.0192998 -0.0634812 0.00024232 0.000155278 -0.0135455 0.000351321 -0.00952411 0.0123001 -0.00368307 0.000293957 0.00214113 0.0106365 0.00502046 0.000811678 -0.000992892 -0.00812853 -0.0223916 -0.0269923 -0.0180009 -0.0225412 -0.0515736 0.0283891 -0.00255031 0.00123634 0.000912901 -0.0189153
internal_weight=29714 115 29599 29574 221 51 29353 29276 413 28863 392 121 90 28833 11839 1602 1217 10237 16994 2031 571 154 531 478 114 385 1460 10083 9969 253
internal_count=29714 115 29599 29574 221 51 29353 29276 413 28863 392 121 90 28833 11839 1602 1217 10237 16994 2031 571 154 531 478 114 385 1460 10083 9969 253
is_linear=0
shrinkage=0.05


Tree=146
num_leaves=31
num_cat=0
split_feature=48 256 106 273 148 263 112 198 46 90 298 74 75 267 60 206 283 298 294 277 299 86 93 114 189 37 67 210 84 271
split_gain=76.9377 153.646 71.6978 28.9461 57.6855 45.2895 82.4888 61.1997 52.1506 48.5987 43.4023 40.0023 39.5647 37.5209 38.7557 36.854 36.7834 59.5353 57.8023 48.5025 42.4753 43.7324 37.2694 40.5406 55.5538 47.3693 48.1689 36.1011 47.8967 35.0336
threshold=-11.122808933258055 -25.033235549926754 -14.446933269500731 -4.0537722110748282 -2.0926312208175655 -4.0199813842773429 1.4594362378120425 -4.9230618476867667 -2.4405038356781001 -1.0404902100563047 -9.8171343803405744 -2.2434868812561031 -0.76611089706420887 -0.88493356108665455 1.8189215660095217 -7.2970588207244864 -1.9170827269554136 -1.6676862835884092 3.508797407150269 2.8004575967788701 -1.2194509506225584 -1.7298153042793272 -3.6038058996200557 -0.96102944016456593 -4.0407080650329581 -2.0558497905731197 -0.5551415979862212 2.6712114810943608 8.8698039054870623 -4.7907230854034415
decision_type=2 2 2 2 2 2 2 2 2 2 2 2 2 2 2 2 2 2 2 2 2 2 2 2 2 2 2 2 2 2
left_child=1 -1 -2 27 10 6 8 11 12 -8 -5 -7 -6 14 -10 -12 19 18 20 -9 -18 -22 -19 24 -24 26 -26 28 -4 -25
right_child=2 -3 3 4 5 7 9 16 13 -11 15 -13 -14 -15 -16 -17 17 22 -20 -21 21 -23 23 29 25 -27 -28 -29 -30 -31
leaf_value=0.13407596349716186 -0.06953668336610537 0.005112691672451525 -0.0023480291623282114 0.073118158181508394 0.047224780427558087 0.089019771382726487 -0.1157102309477826 -0.0030401863587604786 -0.0052214253472144118 -0.030497753753496167 0.070262901349501181 0.019035288730663236 -0.028363106302593068 -0.051325463120722108 -0.05852360027945705 0.0053928880347316067 0.0054965988604986811 0.037813874878107556 0.078358441694029446 -0.069032551640910766 0.091950339074052562 0.020559146738090176 -0.06279451127123574 -0.062085687424140903 -0.065519155222349454 -0.0039226704058249531 0.004768790846738296 -0.06354512348771095 0.063152162837130696 0.0011239362049221574
leaf_weight=32 37 83 8687 24 70 29 27 4968 647 44 22 69 23 54 36 4569 2476 63 29 28 24 202 46 22 65 1149 39 24 28 6098
leaf_count=32 37 83 8687 24 70 29 27 4968 647 44 22 69 23 54 36 4569 2476 63 29 28 24 202 46 22 65 1149 39 24 28 6098
internal_value=0.00018042 0.0409981 2.18321e-05 0.000108892 0.00112247 -0.000281806 -0.0111758 0.000359435 -0.00675097 -0.0629025 0.00605433 0.039745 0.028531 -0.0112031 -0.00803091 0.00570374 0.000105652 0.00182546 0.00814417 -0.00341004 0.00739058 0.0281405 -0.000480928 -0.000806117 -0.00882868 -0.00684749 -0.0391612 -0.00230623 -0.00213759 0.000896712
internal_weight=29714 115 29599 29562 20823 16208 901 15307 830 71 4615 98 93 737 683 4591 15209 10213 2731 4996 2702 226 7482 7419 1299 1253 104 8739 8715 6120
internal_count=29714 115 29599 29562 20823 16208 901 15307 830 71 4615 98 93 737 683 4591 15209 10213 2731 4996 2702 226 7482 7419 1299 1253 104 8739 8715 6120
is_linear=0
shrinkage=0.05


Tree=147
num_leaves=31
num_cat=0
split_feature=48 27 122 4 204 1 48 237 287 119 46 273 83 189 122 10 112 192 243 107 196 249 240 285 156 143 268 35 245 239
split_gain=69.4362 146.543 349.381 70.5246 67.6919 122.651 49.5719 34.8588 33.1671 26.6322 40.9173 56.6205 43.3697 47.7426 38.904 35.9553 35.4315 34.6403 43.9271 34.4106 34.4778 33.7778 48.0805 33.0662 33.0187 32.0694 55.7718 55.1675 46.2912 43.3453
threshold=-11.122808933258055 -10.380404472351072 -9.8917646408081037 3.0049674510955815 -20.289684295654293 3.3034468889236455 -7.2989544868469229 -23.850658416748043 -26.721492767333981 0.50233116745948803 -4.3141086101531974 -5.3543188571929923 0.86516010761260997 -5.1563613414764395 -1.3380392193794248 0.87558934092521679 4.4464516639709482 -4.3132500648498526 -2.2055425643920894 -0.66764017939567555 -3.7959085702896114 -5.7040421962738028 -4.3771915435791007 -5.6045095920562735 -2.5089699029922481 -1.7477734684944151 -5.0234742164611808 2.220196127891541 -9.1985096931457502 0.1663058400154114
decision_type=2 2 2 2 2 2 2 2 2 2 2 2 2 2 2 2 2 2 2 2 2 2 2 2 2 2 2 2 2 2
left_child=1 2 -1 -3 5 6 -2 -6 -9 16 11 21 13 24 -14 17 25 18 -15 -19 -21 -11 -23 -22 -12 29 27 28 -27 -10
right_child=4 3 -4 -5 7 -7 -8 8 9 10 12 -13 14 15 -16 -17 -18 19 -20 20 23 22 -24 -25 -26 26 -28 -29 -30 -31
leaf_value=0.26405571937561034 0.05230913701511565 0.027756392429856693 0.0058732635096499794 -0.085607435651447461 0.066125001907348643 -0.15018852324712845 -0.049315075150557927 -0.028799469573329198 0.00077880245388827667 -0.05452519911527634 0.016376525412003198 -0.07353555292822421 -0.027162166169056524 0.013225613914430143 0.00085985970023339192 0.017403749723074048 -0.045889355969983475 0.015907463381295485 -0.077215177996148326 0.064709056463713444 -0.063665795212145895 0.073133502771025122 -0.01229817229483662 0.001092985299094553 0.099315682891756296 0.037498701403312615 -0.0014055593978362113 0.021841197130693633 -0.023225724296978504 0.016787633134676596
leaf_weight=20 21 34 38 23 20 21 28 99 11477 25 24 40 130 25 2623 688 43 546 29 21 20 23 58 1368 24 33 11045 88 641 439
leaf_count=20 21 34 38 23 20 21 28 99 11477 25 24 40 130 25 2623 688 43 546 29 21 20 23 58 1368 24 33 11045 88 641 439
internal_value=0.000171399 0.0389482 0.0949017 -0.0179869 2.07405e-05 -0.0490898 -0.00576184 0.00013716 9.24358e-05 0.000189692 0.00327721 -0.0228478 0.00397097 0.00841823 -0.000463374 0.00753854 -0.00054354 0.00416011 -0.0353444 0.00525128 0.00112191 -0.00372032 0.0119602 0.000159862 0.0578461 -0.000461347 -0.00230817 -0.0153913 -0.0202526 0.00136859
internal_weight=29714 115 58 57 29599 70 49 29529 29509 29410 5644 146 5498 2745 2753 2697 23766 2009 54 1955 1409 106 81 1388 48 23723 11807 762 674 11916
internal_count=29714 115 58 57 29599 70 49 29529 29509 29410 5644 146 5498 2745 2753 2697 23766 2009 54 1955 1409 106 81 1388 48 23723 11807 762 674 11916
is_linear=0
shrinkage=0.05


Tree=148
num_leaves=31
num_cat=0
split_feature=22 299 140 9 287 298 299 229 65 223 104 133 8 9 113 267 30 165 131 99 10 261 167 215 43 50 9 65 5 298
split_gain=65.0789 294.13 92.4696 220.415 27.3829 63.0219 77.7537 65.0801 51.608 47.1528 40.7398 45.0994 40.1986 44.5356 44.4141 43.7294 40.6787 49.918 39.8082 39.197 39.0975 42.9252 42.8683 37.2886 38.5485 60.1409 64.8222 51.1112 38.034 35.6292
threshold=-6.1411066055297843 -31.526485443115231 -15.31351852416992 -0.017573529854416844 -5.5241177082061759 -4.8513450622558585 -4.2412488460540763 -6.845362424850463 3.1872069835662846 -2.635480403900146 -1.7018414735794065 -0.36056223511695856 0.61650982499122631 -3.7877595424652095 -3.7899961471557613 -16.689122200012203 1.6684967875480654 -2.5475653409957881 -1.6160171031951902 -0.18852939456701276 2.7051960229873662 -13.425441265106199 -8.3409800529479963 -1.9237891435623167 -5.764643430709838 -8.2311887741088849 3.3102883100509648 3.3840820789337163 5.6093769073486337 -9.5192308425903303
decision_type=2 2 2 2 2 2 2 2 2 2 2 2 2 2 2 2 2 2 2 2 2 2 2 2 2 2 2 2 2 2
left_child=1 -1 3 -2 9 6 8 -7 29 12 11 -11 13 -4 16 -16 17 -15 -8 -20 21 -17 -23 24 25 -14 -27 -28 -26 -6
right_child=2 -3 4 -5 5 7 18 -9 -10 10 -12 -13 23 14 15 20 -18 -19 19 -21 -22 22 -24 -25 28 26 27 -29 -30 -31
leaf_value=0.18832745361328126 0.012597128603873509 0.007384803392229038 -0.023177506997539052 -0.19230251472576387 0.039396607832632206 -0.054324639116159895 0.016091514550310246 0.00013298216813111756 0.060216365648167472 -0.0096754015674814578 -0.030580629646065328 0.062861484762591624 0.043989180326461791 0.0039790296839481154 -0.076687730524850936 0.063892075140029189 -0.022882470077098305 0.050964251953824348 0.082722020820374539 0.026491495461554312 -0.038640123566097404 -0.074197093818498691 -0.0054420436667501834 -0.034446106304160576 0.0097048562409286845 -0.001104951140127684 -0.13017877086997032 -0.034114191002315948 0.058846520069168844 0.0027658497778432715
leaf_weight=25 35 221 290 21 69 55 139 21845 42 200 277 24 40 1350 23 22 134 59 63 61 94 23 1584 55 993 114 20 45 41 1750
leaf_count=25 35 221 290 21 69 55 139 21845 42 200 277 24 40 1350 23 22 134 59 63 61 94 23 1584 55 993 114 20 45 41 1750
internal_value=0.000162829 0.0257733 -5.09682e-05 -0.0642402 7.12472e-05 0.000793749 0.00901689 -3.78355e-06 0.00542058 -0.00315024 -0.017759 -0.00190359 -0.0016526 -0.00439403 -0.00273784 -0.00819994 0.00344286 0.00594647 0.0344646 0.0550602 -0.00728571 -0.00547643 -0.00642609 0.00584861 0.00761733 -0.0114389 -0.023825 -0.0636725 0.0116534 0.00415536
internal_weight=29714 246 29468 56 29412 24024 2124 21900 1861 5388 501 224 4887 3579 3289 1746 1543 1409 263 124 1723 1629 1607 1308 1253 219 179 65 1034 1819
internal_count=29714 246 29468 56 29412 24024 2124 21900 1861 5388 501 224 4887 3579 3289 1746 1543 1409 263 124 1723 1629 1607 1308 1253 219 179 65 1034 1819
is_linear=0
shrinkage=0.05


Tree=149
num_leaves=31
num_cat=0
split_feature=22 299 95 15 273 298 299 275 299 298 86 269 268 216 248 281 43 238 15 251 112 13 148 219 298 73 173 298 52 9
split_gain=58.7337 265.452 97.6105 128.282 26.3614 49.3657 70.915 46.9986 44.1664 51.9852 48.5619 44.115 43.1916 38.3799 38.8046 37.7042 44.7535 34.799 37.5449 34.0446 44.1331 33.7069 33.6703 39.4128 38.8064 33.555 33.4272 40.4098 33.326 38.5992
threshold=-6.1411066055297843 -31.526485443115231 -15.074756622314451 -2.3205392360687251 -4.2037255764007559 -3.0249896049499507 -2.9258382320404048 -7.7035481929779044 -2.1379821300506587 -1.5743494033813474 3.4888235330581669 -1.0829803943634031 0.98137250542640697 2.8517806529998784 0.32389199733734136 1.9149959683418276 2.3617029190063481 0.12043138220906259 -0.76640757918357838 -6.6514990329742423 -2.9185814857482906 0.57988092303276073 -2.4241129159927364 0.26130372285842901 -9.0224652290344221 -5.8564031124114981 -4.3773887157440177 0.90678429603576671 2.8478430509567265 8.3568625450134295
decision_type=2 2 2 2 2 2 2 2 2 2 2 2 2 2 2 2 2 2 2 2 2 2 2 2 2 2 2 2 2 2
left_child=1 -1 3 -2 12 6 7 -6 10 13 19 -8 28 -10 -15 16 22 18 -18 -7 -21 -17 23 24 -9 -26 27 -11 29 -4
right_child=2 -3 4 -5 5 8 11 15 9 26 -12 -13 -14 14 -16 21 17 -19 -20 20 -22 -23 -24 -25 25 -27 -28 -29 -30 -31
leaf_value=0.17891110229492188 0.013067317363761722 0.0070155579579901373 -0.0024647766299057297 -0.15970191014083951 0.065078302075465527 0.052837283680072206 0.011872068145427822 0.065462822258343989 0.0067261816145903694 0.010158970888837108 -0.051921352633723508 0.038470403420339742 -0.064346778499228624 0.021611449619134269 0.10255918949842453 0.062157382310501164 -0.057886831004113438 0.043520861864089967 -0.011980488243218708 -0.026037330912277765 -0.0033085537387808474 -0.0038206002442166213 -0.00018097209703426306 0.071661459751427167 -0.054246578869325192 0.0080487954383622103 -0.00073888490297552864 0.091489746669928235 0.017519370665152866 -0.064691207885742188
leaf_weight=25 21 221 7901 22 30 26 605 29 2207 56 54 210 28 57 20 49 63 20 152 226 3885 32 2864 25 22 1240 9368 21 210 25
leaf_count=25 21 221 7901 22 30 26 605 29 2207 56 54 210 28 57 20 49 63 20 152 226 3885 32 2864 25 22 1240 9368 21 210 25
internal_value=0.000154687 0.0244846 -4.84198e-05 -0.0753262 6.15869e-05 0.000988962 0.00514856 0.00270372 -0.00040654 0.00116771 -0.00481225 0.0187256 -0.00235352 0.00793683 0.0426368 0.00228752 0.00166733 -0.0195638 -0.0254321 -0.00419734 -0.00455806 0.036092 0.00286094 0.00948103 0.00827692 0.00696282 -0.00046921 0.0323401 -0.00214017 -0.00266105
internal_weight=29714 246 29468 43 29425 21261 5341 4526 15920 11729 4191 815 8164 2284 77 4496 4415 235 215 4137 4111 81 4180 1316 1291 1262 9445 77 8136 7926
internal_count=29714 246 29468 43 29425 21261 5341 4526 15920 11729 4191 815 8164 2284 77 4496 4415 235 215 4137 4111 81 4180 1316 1291 1262 9445 77 8136 7926
is_linear=0
shrinkage=0.05


end of trees

feature_importances:
Column_299=422
Column_298=226
Column_293=82
Column_295=50
Column_8=48
Column_296=47
Column_4=45
Column_291=44
Column_297=43
Column_183=41
Column_284=41
Column_288=40
Column_3=39
Column_28=39
Column_232=37
Column_294=37
Column_5=35
Column_9=35
Column_10=35
Column_292=35
Column_0=34
Column_35=32
Column_239=31
Column_1=30
Column_234=30
Column_251=30
Column_287=30
Column_241=29
Column_257=29
Column_2=28
Column_21=28
Column_37=28
Column_182=28
Column_189=28
Column_34=27
Column_187=27
Column_247=27
Column_23=26
Column_283=26
Column_289=25
Column_13=24
Column_46=24
Column_281=24
Column_30=23
Column_119=23
Column_285=23
Column_22=22
Column_190=22
Column_212=22
Column_240=22
Column_245=22
Column_29=21
Column_43=21
Column_123=21
Column_249=21
Column_18=20
Column_44=20
Column_57=20
Column_160=20
Column_48=19
Column_143=19
Column_263=19
Column_276=19
Column_16=18
Column_17=18
Column_27=18
Column_81=18
Column_111=18
Column_280=18
Column_11=17
Column_15=17
Column_38=17
Column_286=17
Column_24=16
Column_49=16
Column_50=16
Column_114=16
Column_133=16
Column_237=16
Column_7=15
Column_14=15
Column_25=15
Column_112=15
Column_121=15
Column_215=15
Column_250=15
Column_273=15
Column_12=14
Column_31=14
Column_40=14
Column_42=14
Column_51=14
Column_56=14
Column_85=14
Column_110=14
Column_125=14
Column_196=14
Column_248=14
Column_264=14
Column_279=14
Column_290=14
Column_19=13
Column_32=13
Column_58=13
Column_84=13
Column_87=13
Column_102=13
Column_105=13
Column_154=13
Column_219=13
Column_221=13
Column_223=13
Column_6=12
Column_41=12
Column_53=12
Column_66=12
Column_70=12
Column_120=12
Column_122=12
Column_144=12
Column_188=12
Column_236=12
Column_256=12
Column_258=12
Column_67=11
Column_75=11
Column_76=11
Column_77=11
Column_83=11
Column_95=11
Column_107=11
Column_128=11
Column_146=11
Column_148=11
Column_165=11
Column_167=11
Column_170=11
Column_173=11
Column_175=11
Column_184=11
Column_217=11
Column_238=11
Column_244=11
Column_255=11
Column_267=11
Column_52=10
Column_61=10
Column_62=10
Column_73=10
Column_90=10
Column_124=10
Column_126=10
Column_246=10
Column_20=9
Column_88=9
Column_101=9
Column_104=9
Column_131=9
Column_150=9
Column_153=9
Column_156=9
Column_168=9
Column_191=9
Column_192=9
Column_197=9
Column_211=9
Column_227=9
Column_253=9
Column_261=9
Column_277=9
Column_64=8
Column_74=8
Column_86=8
Column_100=8
Column_115=8
Column_127=8
Column_129=8
Column_138=8
Column_172=8
Column_179=8
Column_185=8
Column_193=8
Column_201=8
Column_205=8
Column_207=8
Column_222=8
Column_226=8
Column_243=8
Column_252=8
Column_254=8
Column_260=8
Column_275=8
Column_278=8
Column_33=7
Column_55=7
Column_63=7
Column_68=7
Column_98=7
Column_145=7
Column_164=7
Column_178=7
Column_181=7
Column_198=7
Column_210=7
Column_220=7
Column_228=7
Column_242=7
Column_259=7
Column_274=7
Column_282=7
Column_36=6
Column_39=6
Column_45=6
Column_59=6
Column_69=6
Column_109=6
Column_113=6
Column_130=6
Column_134=6
Column_136=6
Column_140=6
Column_177=6
Column_186=6
Column_199=6
Column_229=6
Column_235=6
Column_265=6
Column_266=6
Column_26=5
Column_54=5
Column_65=5
Column_71=5
Column_72=5
Column_78=5
Column_80=5
Column_82=5
Column_89=5
Column_92=5
Column_103=5
Column_106=5
Column_132=5
Column_135=5
Column_137=5
Column_139=5
Column_141=5
Column_157=5
Column_159=5
Column_162=5
Column_174=5
Column_180=5
Column_194=5
Column_213=5
Column_214=5
Column_216=5
Column_268=5
Column_271=5
Column_47=4
Column_60=4
Column_91=4
Column_97=4
Column_116=4
Column_163=4
Column_169=4
Column_176=4
Column_200=4
Column_202=4
Column_204=4
Column_224=4
Column_79=3
Column_93=3
Column_99=3
Column_118=3
Column_151=3
Column_152=3
Column_155=3
Column_166=3
Column_195=3
Column_206=3
Column_209=3
Column_218=3
Column_225=3
Column_230=3
Column_231=3
Column_233=3
Column_269=3
Column_96=2
Column_117=2
Column_142=2
Column_147=2
Column_149=2
Column_158=2
Column_161=2
Column_171=2
Column_203=2
Column_208=2
Column_262=2
Column_272=2
Column_108=1
Column_270=1

parameters:
[boosting: gbdt]
[objective: regression]
[metric: l2]
[tree_learner: serial]
[device_type: gpu]
[data_sample_strategy: bagging]
[data: ]
[valid: ]
[num_iterations: 150]
[learning_rate: 0.05]
[num_leaves: 31]
[num_threads: 0]
[seed: 45]
[deterministic: 0]
[force_col_wise: 1]
[force_row_wise: 0]
[histogram_pool_size: -1]
[max_depth: -1]
[min_data_in_leaf: 20]
[min_sum_hessian_in_leaf: 0.001]
[bagging_fraction: 0.8]
[pos_bagging_fraction: 1]
[neg_bagging_fraction: 1]
[bagging_freq: 5]
[bagging_seed: 32645]
[bagging_by_query: 0]
[feature_fraction: 0.8]
[feature_fraction_bynode: 1]
[feature_fraction_seed: 3942]
[extra_trees: 0]
[extra_seed: 24660]
[early_stopping_round: 0]
[early_stopping_min_delta: 0]
[first_metric_only: 0]
[max_delta_step: 0]
[lambda_l1: 0]
[lambda_l2: 0]
[linear_lambda: 0]
[min_gain_to_split: 0]
[drop_rate: 0.1]
[max_drop: 50]
[skip_drop: 0.5]
[xgboost_dart_mode: 0]
[uniform_drop: 0]
[drop_seed: 5926]
[top_rate: 0.2]
[other_rate: 0.1]
[min_data_per_group: 100]
[max_cat_threshold: 32]
[cat_l2: 10]
[cat_smooth: 10]
[max_cat_to_onehot: 4]
[top_k: 20]
[monotone_constraints: ]
[monotone_constraints_method: basic]
[monotone_penalty: 0]
[feature_contri: ]
[forcedsplits_filename: ]
[refit_decay_rate: 0.9]
[cegb_tradeoff: 1]
[cegb_penalty_split: 0]
[cegb_penalty_feature_lazy: ]
[cegb_penalty_feature_coupled: ]
[path_smooth: 0]
[interaction_constraints: ]
[verbosity: -1]
[saved_feature_importance_type: 0]
[use_quantized_grad: 0]
[num_grad_quant_bins: 4]
[quant_train_renew_leaf: 0]
[stochastic_rounding: 1]
[linear_tree: 0]
[max_bin: 255]
[max_bin_by_feature: ]
[min_data_in_bin: 3]
[bin_construct_sample_cnt: 200000]
[data_random_seed: 185]
[is_enable_sparse: 1]
[enable_bundle: 1]
[use_missing: 1]
[zero_as_missing: 0]
[feature_pre_filter: 1]
[pre_partition: 0]
[two_round: 0]
[header: 0]
[label_column: ]
[weight_column: ]
[group_column: ]
[ignore_column: ]
[categorical_feature: ]
[forcedbins_filename: ]
[precise_float_parser: 0]
[parser_config_file: ]
[objective_seed: 14259]
[num_class: 1]
[is_unbalance: 0]
[scale_pos_weight: 1]
[sigmoid: 1]
[boost_from_average: 1]
[reg_sqrt: 0]
[alpha: 0.9]
[fair_c: 1]
[poisson_max_delta_step: 0.7]
[tweedie_variance_power: 1.5]
[lambdarank_truncation_level: 30]
[lambdarank_norm: 1]
[label_gain: ]
[lambdarank_position_bias_regularization: 0]
[eval_at: ]
[multi_error_top_k: 1]
[auc_mu_weights: ]
[num_machines: 1]
[local_listen_port: 12400]
[time_out: 120]
[machine_list_filename: ]
[machines: ]
[gpu_platform_id: -1]
[gpu_device_id: -1]
[gpu_use_dp: 0]
[num_gpu: 1]

end of parameters

pandas_categorical:null
