tree
version=v4
num_class=1
num_tree_per_iteration=1
label_index=0
max_feature_idx=299
objective=regression
feature_names=Column_0 Column_1 Column_2 Column_3 Column_4 Column_5 Column_6 Column_7 Column_8 Column_9 Column_10 Column_11 Column_12 Column_13 Column_14 Column_15 Column_16 Column_17 Column_18 Column_19 Column_20 Column_21 Column_22 Column_23 Column_24 Column_25 Column_26 Column_27 Column_28 Column_29 Column_30 Column_31 Column_32 Column_33 Column_34 Column_35 Column_36 Column_37 Column_38 Column_39 Column_40 Column_41 Column_42 Column_43 Column_44 Column_45 Column_46 Column_47 Column_48 Column_49 Column_50 Column_51 Column_52 Column_53 Column_54 Column_55 Column_56 Column_57 Column_58 Column_59 Column_60 Column_61 Column_62 Column_63 Column_64 Column_65 Column_66 Column_67 Column_68 Column_69 Column_70 Column_71 Column_72 Column_73 Column_74 Column_75 Column_76 Column_77 Column_78 Column_79 Column_80 Column_81 Column_82 Column_83 Column_84 Column_85 Column_86 Column_87 Column_88 Column_89 Column_90 Column_91 Column_92 Column_93 Column_94 Column_95 Column_96 Column_97 Column_98 Column_99 Column_100 Column_101 Column_102 Column_103 Column_104 Column_105 Column_106 Column_107 Column_108 Column_109 Column_110 Column_111 Column_112 Column_113 Column_114 Column_115 Column_116 Column_117 Column_118 Column_119 Column_120 Column_121 Column_122 Column_123 Column_124 Column_125 Column_126 Column_127 Column_128 Column_129 Column_130 Column_131 Column_132 Column_133 Column_134 Column_135 Column_136 Column_137 Column_138 Column_139 Column_140 Column_141 Column_142 Column_143 Column_144 Column_145 Column_146 Column_147 Column_148 Column_149 Column_150 Column_151 Column_152 Column_153 Column_154 Column_155 Column_156 Column_157 Column_158 Column_159 Column_160 Column_161 Column_162 Column_163 Column_164 Column_165 Column_166 Column_167 Column_168 Column_169 Column_170 Column_171 Column_172 Column_173 Column_174 Column_175 Column_176 Column_177 Column_178 Column_179 Column_180 Column_181 Column_182 Column_183 Column_184 Column_185 Column_186 Column_187 Column_188 Column_189 Column_190 Column_191 Column_192 Column_193 Column_194 Column_195 Column_196 Column_197 Column_198 Column_199 Column_200 Column_201 Column_202 Column_203 Column_204 Column_205 Column_206 Column_207 Column_208 Column_209 Column_210 Column_211 Column_212 Column_213 Column_214 Column_215 Column_216 Column_217 Column_218 Column_219 Column_220 Column_221 Column_222 Column_223 Column_224 Column_225 Column_226 Column_227 Column_228 Column_229 Column_230 Column_231 Column_232 Column_233 Column_234 Column_235 Column_236 Column_237 Column_238 Column_239 Column_240 Column_241 Column_242 Column_243 Column_244 Column_245 Column_246 Column_247 Column_248 Column_249 Column_250 Column_251 Column_252 Column_253 Column_254 Column_255 Column_256 Column_257 Column_258 Column_259 Column_260 Column_261 Column_262 Column_263 Column_264 Column_265 Column_266 Column_267 Column_268 Column_269 Column_270 Column_271 Column_272 Column_273 Column_274 Column_275 Column_276 Column_277 Column_278 Column_279 Column_280 Column_281 Column_282 Column_283 Column_284 Column_285 Column_286 Column_287 Column_288 Column_289 Column_290 Column_291 Column_292 Column_293 Column_294 Column_295 Column_296 Column_297 Column_298 Column_299
feature_infos=[-12.039215087890625:14.429411888122559] [-8.379429817199707:13.248000144958496] [-11.222006797790527:12.782058715820312] [-10.695882797241211:12.106595039367676] [-8.8288230895996094:14.311634063720703] [-10.491848945617676:13.352206230163574] [-9.3518953323364258:11.577754020690918] [-9.3080387115478516:14.097861289978027] [-10.052448272705078:13.274117469787598] [-12.659999847412109:14.20517635345459] [-12.881992340087891:23.624116897583008] [-12.354117393493652:12.590195655822754] [-11.76598072052002:14.772090911865234] [-13.770588874816895:14.768497467041016] [-9.0548629760742188:10.460783958435059] [-10.485309600830078:11.736470222473145] [-11.702726364135742:11.644741058349609] [-11.649412155151367:11.396176338195801] [-12.91749382019043:13.583529472351074] [-10.983901977539062:13.527843475341797] [-13.80628490447998:11.539215087890625] [-15.105999946594238:13.539934158325195] [-17.025882720947266:11.625097274780273] [-18.430065155029297:13.281437873840332] [-18.87176513671875:14.394640922546387] [-19.694116592407227:14.813071250915527] [-26.349672317504883:15.863724708557129] [-21.482521057128906:17.351371765136719] [-24.044313430786133:17.101961135864258] [-21.485881805419922:20.967321395874023] [-27.393136978149414:20.43450927734375] [-28.586601257324219:20.286039352416992] [-24.791175842285156:21.059999465942383] [-30.85032844543457:20.78209114074707] [-24.176225662231445:20.599542617797852] [-26.291765213012695:20.907516479492188] [-27.462745666503906:20.358430862426758] [-25.365034103393555:20.310195922851562] [-28.094215393066406:17.207450866699219] [-27.629508972167969:17.012941360473633] [-28.887731552124023:18.130195617675781] [-29.170587539672852:16.496469497680664] [-27.911764144897461:16.679214477539062] [-28.448234558105469:15.528738975524902] [-28.387058258056641:17.277311325073242] [-28.025882720947266:17.934902191162109] [-28.11663818359375:18.407842636108398] [-25.381175994873047:18.811763763427734] [-25.914117813110352:19.214902877807617] [-25.795293807983398:21.287057876586914] [-26.990589141845703:22.124706268310547] [-24.84705924987793:23.771764755249023] [-23.577646255493164:24.440784454345703] [-24.194005966186523:26.142353057861328] [-24.428403854370117:25.43450927734375] [-23.623977661132812:28.777908325195312] [-24.800785064697266:30.786901473999023] [-24.622016906738281:31.678745269775391] [-24.393501281738281:34.118198394775391] [-25.903081893920898:36.636238098144531] [-24.608123779296875:35.727764129638672] [-24.666217803955078:37.293804168701172] [-27.188850402832031:37.806354522705078] [-27.605377197265625:37.903762817382812] [-26.75663948059082:37.931217193603516] [-24.767646789550781:38.789646148681641] [-25.428628921508789:39.253177642822266] [-26.808067321777344:40.739295959472656] [-26.73109245300293:41.086589813232422] [-27.132884979248047:40.995292663574219] [-28.967449188232422:44.084316253662109] [-29.376583099365234:40.6461181640625] [-27.995630264282227:39.991687774658203] [-27.12176513671875:38.818351745605469] [-27.642072677612305:39.513648986816406] [-26.998823165893555:39.554824829101562] [-27.856639862060547:38.893646240234375] [-28.78156852722168:37.786354064941406] [-27.597646713256836:37.499763488769531] [-27.683528900146484:36.752468109130859] [-29.686553955078125:36.466354370117188] [-29.349468231201172:34.287059783935547] [-31.798824310302734:34.278587341308594] [-32.838825225830078:32.80682373046875] [-33.152942657470703:32.336704254150391] [-34.988235473632812:30.922353744506836] [-35.224704742431641:28.168704986572266] [-36.191764831542969:27.301961898803711] [-37.374118804931641:27.703292846679688] [-40.145881652832031:26.516941070556641] [-40.601177215576172:26.763530731201172] [-42.9188232421875:26.440940856933594] [-43.197647094726562:26.96196174621582] [-45.908237457275391:29.23176383972168] [-47.443527221679688:25.566274642944336] [-48.197647094726562:26.424314498901367] [-50.041175842285156:27.619216918945312] [-48.658824920654297:24.018039703369141] [-48.0811767578125:24.211372375488281] [-48.791763305664062:24.84705924987793] [-47.616470336914062:26.218587875366211] [-48.799999237060547:26.499528884887695] [-49.474117279052734:27.387144088745117] [-50.187057495117188:27.393411636352539] [-48.944705963134766:29.87176513671875] [-48.729412078857422:28.585098266601562] [-47.979999542236328:29.685882568359375] [-46.805881500244141:32.29058837890625] [-46.051765441894531:32.689647674560547] [-45.5:32.812705993652344] [-46.403530120849609:33.432941436767578] [-45.565883636474609:35.827766418457031] [-45.169414520263672:34.753177642822266] [-44.625885009765625:37.033412933349609] [-43.382350921630859:37.361881256103516] [-43.044704437255859:37.867057800292969] [-43.570587158203125:39.872707366943359] [-42.948234558105469:43.961647033691406] [-41.29058837890625:41.515056610107422] [-40.551765441894531:45.004707336425781] [-41.985881805419922:44.227451324462891] [-41.909412384033203:48.774116516113281] [-41.077648162841797:44.987529754638672] [-40.304702758789062:46.268234252929688] [-43.041175842285156:47.788627624511719] [-41.109413146972656:47.365882873535156] [-40.881175994873047:47.505176544189453] [-41.369411468505859:48.254508972167969] [-41.171764373779297:47.572471618652344] [-43.558822631835938:47.883762359619141] [-43.212944030761719:48.461883544921875] [-42.765880584716797:47.378902435302734] [-43.591766357421875:45.917499542236328] [-43.625881195068359:48.281963348388672] [-44.555294036865234:46.038116455078125] [-45.392940521240234:47.496547698974609] [-46.254116058349609:45.725883483886719] [-46.880001068115234:43.434707641601562] [-48.005882263183594:42.917881011962891] [-49.184703826904297:40.874900817871094] [-50.789409637451172:41.522647857666016] [-51.262351989746094:38.200706481933594] [-54.590587615966797:37.833969116210938] [-56.916469573974609:36.423061370849609] [-57.855293273925781:36.672500610351562] [-60.032939910888672:34.944313049316406] [-62.584705352783203:37.528236389160156] [-65.470588684082031:37.245098114013672] [-68.639999389648438:37.163528442382812] [-68.7564697265625:30.73411750793457] [-68.810585021972656:32.394508361816406] [-69.612937927246094:32.507450103759766] [-69.85882568359375:30.747842788696289] [-70.631767272949219:29.382352828979492] [-71.217643737792969:27.682352066040039] [-72.072944641113281:27.879999160766602] [-72.57293701171875:26.631763458251953] [-72.190589904785156:26.535293579101562] [-71.514114379882812:26.760000228881836] [-72.924705505371094:28.365880966186523] [-72.2435302734375:26.417648315429688] [-72.767059326171875:27.064704895019531] [-73.092941284179688:26.224706649780273] [-73.036468505859375:27.414117813110352] [-73.294120788574219:28.368236541748047] [-72.379997253417969:29.745882034301758] [-72.090591430664062:29.157646179199219] [-70.758827209472656:30.044706344604492] [-72.483528137207031:29.939998626708984] [-71.442352294921875:30.321176528930664] [-69.015296936035156:31.311765670776367] [-69.518821716308594:30.677646636962891] [-70.390586853027344:32.056468963623047] [-69.297645568847656:33.602352142333984] [-67.872940063476562:33.61529541015625] [-68.5552978515625:35.891292572021484] [-68.162353515625:34.644237518310547] [-67.191764831542969:36.205883026123047] [-66.442352294921875:37.279998779296875] [-66.420783996582031:38.327449798583984] [-66.145881652832031:43.947841644287109] [-65.642356872558594:41.560001373291016] [-67.520004272460938:42.474903106689453] [-68.354118347167969:40.591175079345703] [-68.651763916015625:42.840785980224609] [-67.110588073730469:44.784263610839844] [-67.571762084960938:45.716911315917969] [-67.03411865234375:47.545097351074219] [-68.30352783203125:45.469413757324219] [-68.643531799316406:42.072547912597656] [-66.842353820800781:44.365489959716797] [-69.836471557617188:43.614116668701172] [-70.103530883789062:41.9837646484375] [-70.677642822265625:41.596469879150391] [-71.715293884277344:41.483528137207031] [-72.207061767578125:40.658432006835938] [-72.356468200683594:39.529022216796875] [-74.327056884765625:38.525489807128906] [-75.294113159179688:36.970588684082031] [-75.9447021484375:36.003528594970703] [-76.88470458984375:34.250980377197266] [-78.191764831542969:37.752330780029297] [-80.70941162109375:32.81085205078125] [-79.587059020996094:29.858430862426758] [-81.577644348144531:28.931999206542969] [-82.198822021484375:27.035293579101562] [-83.347061157226562:26.466823577880859] [-83.7564697265625:25.967058181762695] [-85.7435302734375:23.882352828979492] [-86.917648315429688:24.808235168457031] [-89.305885314941406:25.421176910400391] [-91.9447021484375:24.063529968261719] [-93.080001831054688:24.623136520385742] [-93.828239440917969:23.450588226318359] [-95.770584106445312:23.229412078857422] [-97.516471862792969:23.344705581665039] [-98.683525085449219:23.070589065551758] [-100.87882232666016:23.079608917236328] [-101.97764587402344:24.053646087646484] [-101.12705993652344:22.879018783569336] [-103.38706207275391:22.425752639770508] [-103.58940887451172:23.214967727661133] [-103.16941070556641:23.275032043457031] [-103.74588012695312:23.501567840576172] [-104.29529571533203:24.030981063842773] [-104.63529205322266:25.107843399047852] [-105.36941528320312:26.678823471069336] [-104.47411346435547:25.978824615478516] [-103.09999847412109:25.845882415771484] [-102.89411926269531:26.169412612915039] [-101.48352813720703:26.602352142333984] [-100.4188232421875:27.851764678955078] [-100.66706085205078:29.605489730834961] [-99.736465454101562:28.908628463745117] [-99.83294677734375:29.93450927734375] [-99.437644958496094:30.992549896240234] [-100.59882354736328:31.351764678955078] [-98.796470642089844:31.699605941772461] [-98.576469421386719:33.142353057861328] [-98.755294799804688:33.616470336914062] [-98.634117126464844:36.351528167724609] [-97.312942504882812:35.427528381347656] [-98.447059631347656:35.217647552490234] [-98.171768188476562:35.736469268798828] [-97.734115600585938:36.221176147460938] [-98.231765747070312:38.360237121582031] [-98.792938232421875:36.791294097900391] [-98.647056579589844:36.823528289794922] [-98.563529968261719:37.124706268310547] [-98.664703369140625:37.380001068115234] [-98.85882568359375:37.467060089111328] [-100.01176452636719:36.749412536621094] [-100.99058532714844:36.370590209960938] [-101.39882659912109:36.193881988525391] [-101.81411743164062:35.727058410644531] [-102.45058441162109:35.235687255859375] [-103.36117553710938:34.775688171386719] [-104.94117736816406:34.647056579589844] [-106.48587799072266:35.158824920654297] [-106.91411590576172:33.001174926757812] [-107.32941436767578:31.111764907836914] [-109.26235198974609:30.520000457763672] [-111.43177032470703:29.958824157714844] [-112.64470672607422:29.0811767578125] [-113.68588256835938:28.141176223754883] [-114.48470306396484:28.388628005981445] [-115.43293762207031:29.43450927734375] [-116.83882141113281:28.855295181274414] [-118.38587951660156:27.682352066040039] [-119.95764923095703:26.210588455200195] [-121.47412109375:24.961177825927734] [-122.66588592529297:24.292942047119141] [-123.84823608398438:23.741176605224609] [-125.32470703125:23.167058944702148] [-127.00941467285156:22.841176986694336] [-129.73411560058594:22.427452087402344] [-132.29058837890625:24.490196228027344] [-132.60235595703125:24.684379577636719] [-132.80352783203125:24.538692474365234] [-133.71176147460938:23.732549667358398] [-134.80940246582031:25.052549362182617] [-136.0552978515625:23.432548522949219] [-137.01882934570312:25.840293884277344] [-138.64469909667969:25.008235931396484] [-140.3505859375:25.401176452636719] [-140.08824157714844:25.996078491210938] [-139.5811767578125:26.307058334350586] [-138.35765075683594:26.032155990600586] [-136.96353149414062:25.754901885986328] [-136.7305908203125:25.467058181762695] [-136.5517578125:25.824705123901367] [-135.93411254882812:27.121175765991211] [-135.48353576660156:28.448236465454102] [-135.29646301269531:29.338823318481445] [-134.9705810546875:30.191764831542969] [-134.20941162109375:31.350587844848633] [-133.4482421875:32.720001220703125] [-133.81294250488281:34.036468505859375] [-134.27999877929688:35.104705810546875] [-133.78823852539062:35.174118041992188]
tree_sizes=2819 2866 2868 2858 2864 2889 2864 2883 2878 2885 2900 2890 2890 2913 2880 2872 2898 2911 2885 2871 2908 2912 2890 2904 2894 2894 2898 2903 2907 2898 2888 2905 2901 2887 2893 2898 2909 2904 2902 2884 2887 2891 2909 2881 2898 2882 2906 2898 2898 2895 2888 2907 2885 2901 2915 2894 2921 2904 2904 2883 2948 2922 2878 2914 2886 2930 2895 2924 2919 2902 2905 2922 2899 2918 2893 2918 2905 2912 2904 2915 2900 2891 2937 2950 2913 2907 2894 2902 2914 2901 2890 2887 2900 2929 2943 2910 2903 2889 2897 2889 2924 2884 2913 2889 2939 2897 2922 2903 2869 2940 2932 2916 2919 2886 2915 2894 2861 2883 2910 2889 2854 2914 2847 2939 2881 2904 2906 2922 2930 2868 2872 2881 2873 2906 2889

Tree=0
num_leaves=31
num_cat=0
split_feature=299 299 299 299 299 299 299 299 43 299 299 299 299 299 299 299 293 292 283 299 299 293 293 247 121 293 296 293 299 285
split_gain=485231 137708 99208.3 54204.5 44585.9 22105.7 21107.1 16477.9 10825.3 9174.51 8223.63 6561.05 3999.95 2598.99 2397.5 2040.99 1417.03 1105.32 1100.05 1064.32 1059.69 1014.03 865.067 765.151 661.79 648.309 637.588 578.773 554.074 536.506
threshold=-9.3399162292480451 -0.52573361992835987 -22.958210945129391 9.1141176223754901 -4.5093576908111563 -15.893635749816893 -30.597215652465817 2.689989566802979 -11.01539897918701 -2.4748719930648799 14.873480796813967 -6.5154964923858634 -12.33857202529907 5.7298038005828866 1.066388010978699 -19.794282913208004 -3.3329887390136714 12.905686378479006 -31.942573547363278 -1.4408823847770689 -25.956078529357907 -6.1567318439483634 -11.608235359191893 -4.2852613925933829 5.9444983005523691 -9.7709922790527326 -13.140429019927977 -0.20074842125177381 3.8040072917938237 13.376078605651857
decision_type=2 2 2 2 2 2 2 2 2 2 2 2 2 2 2 2 2 2 2 2 2 2 2 2 2 2 2 2 2 2
left_child=2 4 6 7 11 15 8 14 -1 16 24 21 26 28 27 -4 -6 -12 -10 -11 -8 -2 -17 -13 -5 -14 -7 -3 -9 -19
right_child=1 3 5 10 9 12 20 13 18 19 17 23 25 -15 -16 22 -18 29 -20 -21 -22 -23 -24 -25 -26 -27 -28 -29 -30 -31
leaf_value=-6.1075220829618875 -3.6538838576789456 -3.2847702141804009 -4.3018675857283197 -2.8113344172299652 -3.4474704987269691 -3.9787636765842573 -4.6585268251312399 -3.1197498263850041 -5.2206420727133471 -3.3607104894505824 -2.3500442402623074 -3.5395797363715618 -3.8149988280678127 -2.9297106646615507 -3.1906470746840632 -4.1354323978565652 -3.4040517764088083 -2.1073676736334583 -4.866723183246779 -3.322325471075767 -4.4459425367146777 -3.5756190073634171 -3.7992384865824711 -3.4911433525500315 -2.5695525388820482 -3.731679670949374 -3.8832768860975317 -3.2424776687502401 -3.0514569170261159 -1.8380169168470424
leaf_weight=35 1274 1605 235 67 3358 396 123 594 52 4512 34 1421 555 345 1738 442 4267 51 38 3011 112 613 20 1913 49 403 313 1631 594 29
leaf_count=35 1274 1605 235 67 3358 396 123 594 52 4512 34 1421 555 345 1738 442 4267 51 38 3011 112 613 20 1913 49 403 313 1631 594 29
internal_value=-3.42707 -3.36314 -4.0632 -3.16718 -3.42795 -3.94545 -4.83643 -3.19384 -5.36138 -3.38452 -2.41281 -3.55396 -3.84658 -3.05052 -3.23801 -4.1819 -3.42317 -2.11123 -5.07121 -3.34535 -4.55721 -3.62846 -4.12088 -3.51179 -2.7092 -3.77995 -3.93661 -3.26345 -3.0856 -2.00973
internal_weight=29830 27106 2724 6737 20369 2364 360 6507 125 15148 230 5221 1667 1533 4974 697 7625 114 90 7523 235 1887 462 3334 116 958 709 3236 1188 80
internal_count=29830 27106 2724 6737 20369 2364 360 6507 125 15148 230 5221 1667 1533 4974 697 7625 114 90 7523 235 1887 462 3334 116 958 709 3236 1188 80
is_linear=0
shrinkage=1


Tree=1
num_leaves=31
num_cat=0
split_feature=299 299 299 299 299 299 299 299 45 299 243 299 299 299 299 299 299 293 291 283 299 299 293 293 183 251 121 292 283 291
split_gain=437921 124414 89535.5 46900.6 43389.7 19950.4 19049.1 12640.4 8954.88 8461.9 7429.24 7262.02 3609.96 2109.32 1841.99 1665.83 1441.91 1059.18 1032.87 985.486 972.22 956.366 915.164 780.712 704.723 592.036 581.482 550.921 487.689 468.177
threshold=-9.3399162292480451 -0.1987950652837753 -22.958210945129391 9.1141176223754901 -4.2280995845794669 -15.893635749816893 -30.597215652465817 2.8759827613830571 -10.793982505798338 -2.4273765087127681 18.016097068786625 -6.5154964923858634 -12.33857202529907 5.7298038005828866 -19.794282913208004 1.1531372070312502 -1.2319608330726621 -3.1911075115203853 12.949804306030275 -31.942573547363278 -5.0939214229583731 -25.956078529357907 -6.1567318439483634 -11.608235359191893 -18.411271095275875 -7.4963135719299308 5.9444983005523691 -11.174510002136229 -3.2507482767105098 1.2000588178634646
decision_type=2 2 2 2 2 2 2 2 2 2 2 2 2 2 2 2 2 2 2 2 2 2 2 2 2 2 2 2 2 2
left_child=2 4 6 7 11 14 8 15 -1 17 26 22 27 -9 -4 -3 28 -6 -12 24 -13 -8 -2 -16 -10 -14 -5 -7 -11 -17
right_child=1 3 5 10 9 12 21 13 19 16 18 20 25 -15 23 29 -18 -19 -20 -21 -22 -23 -24 -25 -26 -27 -28 -29 -30 -31
leaf_value=-2.5303768382352945 -0.21590779802675711 0.16605964863225772 -0.83149232255651606 0.59777919608102725 -0.012132168810559589 -0.50732848708232958 -1.1703186531377032 0.32980212860823799 -1.8630355834960939 0.037100336531410212 1.0580491973132622 -0.097616715967302495 -0.36678094863891603 0.47205677861752715 -0.67337890383344978 0.20210810493636922 0.11086736458055613 0.026506742632476793 1.3740686035156251 -1.3712158203125 -0.048747580178625377 -0.96836373465401793 -0.14155618397680036 -0.35399700164794923 -1.5046152750651043 -0.28600984769784982 0.82307953039805093 -0.39941239738464357 0.075188471868868109 0.25406913648599133
leaf_weight=34 1274 2531 235 71 3272 559 123 1065 32 1063 41 2028 589 345 442 819 3015 3873 70 35 2043 112 613 20 24 369 48 150 4014 921
leaf_count=34 1274 2531 235 71 3272 559 123 1065 32 1063 41 2028 589 345 442 819 3015 3873 70 35 2043 112 613 20 24 369 48 150 4014 921
internal_value=-0.000430555 0.0603007 -0.604755 0.263142 0.00373083 -0.492891 -1.33933 0.234804 -1.83803 0.0484658 0.963109 -0.110674 -0.398968 0.364609 -0.717524 0.191951 0.0834787 0.00881234 1.25734 -1.57935 -0.0730921 -1.07407 -0.191754 -0.659553 -1.70943 -0.33567 0.688657 -0.484497 0.0672137 0.229612
internal_weight=29830 27106 2724 5911 21195 2364 360 5681 125 15237 230 5958 1667 1410 697 4271 8092 7145 111 91 4071 235 1887 462 56 958 119 709 5077 1740
internal_count=29830 27106 2724 5911 21195 2364 360 5681 125 15237 230 5958 1667 1410 697 4271 8092 7145 111 91 4071 235 1887 462 56 958 119 709 5077 1740
is_linear=0
shrinkage=0.05


Tree=2
num_leaves=31
num_cat=0
split_feature=299 299 299 299 299 299 299 299 43 237 299 299 299 299 299 299 299 247 283 291 296 299 293 293 293 183 121 220 293 293
split_gain=395224 112290 80805.8 44137 36363.1 18041.6 17191.8 13430.1 8977.87 6770.51 6553.98 6301.65 2534.02 2440.85 2111.26 1968.76 1003.82 925.155 919.038 907.831 877.853 863.128 852.978 757.392 644.548 598.43 594.107 534.025 507.935 442.199
threshold=-9.3399162292480451 -0.52573361992835987 -22.958210945129391 9.1141176223754901 -4.2280995845794669 -15.065739154815672 -30.597215652465817 2.689989566802979 -11.01539897918701 15.085217475891115 -6.5154964923858634 -2.4273765087127681 -11.80040121078491 -18.488416671752926 5.7298038005828866 0.54127451777458202 -3.3514611721038814 -1.6496900916099546 -31.942573547363278 -4.8788235187530509 -6.7090315818786612 -25.956078529357907 -14.130010128021238 12.87823534011841 1.0231510996818545 -18.411271095275875 5.9444983005523691 -3.6476471424102779 3.8721941709518437 -8.6858973503112775
decision_type=2 2 2 2 2 2 2 2 2 2 2 2 2 2 2 2 2 2 2 2 2 2 2 2 2 2 2 2 2 2
left_child=2 4 6 7 10 13 8 15 -1 26 20 16 -7 -4 28 -3 -6 27 25 -12 -2 -8 -15 -11 -17 -10 -5 -13 -9 -14
right_child=1 3 5 9 11 12 21 14 18 23 19 17 29 22 -16 24 -18 -19 -20 -21 -22 -23 -24 -25 -26 -27 -28 -29 -30 -31
leaf_value=-2.425623953683036 -0.20992577335382873 0.13767052422654738 -0.75816146111556271 0.56789029349743481 -0.013575397655887143 -0.43775309330999512 -1.1118031075330286 0.28168229396323419 -1.7695179906384699 0.97101064828725969 -0.096480090901771787 0.010183924085287087 -0.33282309818830702 -0.62007870899933637 0.44845391757246378 0.17577992867945524 0.024375281727440939 0.092490606793170671 -1.2949684544613487 -0.048821914792060855 -0.14026955599163443 -0.91994509015764514 -0.4580633980887277 1.2811758535879632 0.22578273552828332 -1.4279984183933425 0.79033598166245689 0.064624038822818308 0.34864311218261723 -0.25331275227569766
leaf_weight=35 1135 2396 351 71 3013 708 123 722 29 26 1761 526 593 359 345 1297 4132 3603 38 2310 752 112 105 81 1281 23 52 3137 466 248
leaf_count=35 1135 2396 351 71 3013 708 123 722 29 26 1761 526 593 359 345 1297 4132 3603 38 2310 752 112 105 81 1281 23 52 3137 466 248
internal_value=-0.000409027 0.0572856 -0.574518 0.234239 -0.00124142 -0.468246 -1.27236 0.210179 -1.74613 0.914953 -0.105141 0.0417141 -0.368053 -0.658674 0.339569 0.1703 0.00837173 0.0745012 -1.48188 -0.0694375 -0.182167 -1.02036 -0.583416 1.20581 0.200626 -1.61846 0.661932 0.0568065 0.307948 -0.309377
internal_weight=29830 27106 2724 6737 20369 2364 360 6507 125 230 5958 14411 1549 815 1533 4974 7145 7266 90 4071 1887 235 464 107 2578 52 123 3663 1188 841
internal_count=29830 27106 2724 6737 20369 2364 360 6507 125 230 5958 14411 1549 815 1533 4974 7145 7266 90 4071 1887 235 464 107 2578 52 123 3663 1188 841
is_linear=0
shrinkage=0.05


Tree=3
num_leaves=31
num_cat=0
split_feature=299 299 299 299 299 299 299 148 7 299 299 299 299 299 299 299 299 246 299 292 291 293 294 242 10 286 284 251 248 61
split_gain=356703 104397 68024.1 40652.4 35799.1 18695.6 13107 10157.1 6687.48 6546.6 6163.03 6018.62 3064.83 2133.23 2039.24 1985.76 1287.56 1207.44 947.881 823.773 768.069 668.936 654.914 644.266 612.847 595.071 550.154 534.245 511.177 477.152
threshold=-9.9711761474609357 -0.69658166170120228 -25.956078529357907 9.1141176223754901 -4.6084806919097892 -15.893635749816893 2.5161465406417851 -15.890882492065428 1.4855258464813235 -2.8837105035781856 14.873480796813967 -7.178257703781127 -19.794282913208004 4.8404204845428476 -12.769869327545164 0.54127451777458202 -1.9737647175788877 -23.440613746643063 -5.7523658275604239 12.905686378479006 -3.3206764459609981 -11.608235359191893 -6.0955636501312247 4.0370812416076669 -0.95403361320495594 -30.782546997070309 -2.7672549486160274 -7.1354174613952628 0.84005603194236766 4.293276548385621
decision_type=2 2 2 2 2 2 2 2 2 2 2 2 2 2 2 2 2 2 2 2 2 2 2 2 2 2 2 2 2 2
left_child=2 4 7 6 11 12 15 8 24 20 29 22 -4 -8 -7 -3 -11 25 -13 -12 -6 -14 -2 -15 -1 -9 -18 -16 -17 -5
right_child=1 3 5 10 9 14 13 17 -10 16 19 18 21 23 27 28 26 -19 -20 -21 -22 -23 -24 -25 -26 -27 -28 -29 -30 -31
leaf_value=-1.2806251162574407 -0.21902257660747648 0.12701430542077027 -0.79136737746532781 0.52590110835744375 -0.025624095199508798 -0.44948297617386795 0.27462722133582745 -1.5541595458984376 -2.4620699780327935 0.039724105748832443 0.9241184010225183 -0.11442228178903846 -0.60753012361569647 0.34102057267541758 -0.35162002625003941 0.16979900184024699 0.047086677567567681 -1.0690502535912298 -0.062990459774628679 1.2179116058349611 0.010233020716221015 -0.31189420461654666 -0.13914178444789008 0.44605364440238643 -1.6504849076271058 -1.2093103869207975 0.087200538991093979 -0.26046572742374263 0.2163590301521473 0.7312024525233678
leaf_weight=21 1219 2855 347 67 3005 588 1065 22 28 4227 34 1544 442 292 620 1484 1120 124 2134 80 2969 20 325 292 24 29 3609 217 978 49
leaf_count=21 1219 2855 347 67 3005 588 1065 22 28 4227 34 1544 442 292 620 1484 1120 124 2134 80 2969 20 325 292 24 29 3609 217 978 49
internal_value=-0.000388575 0.0516991 -0.574319 0.215179 -0.00667726 -0.487105 0.193585 -1.35995 -1.85538 0.0327354 0.869205 -0.11936 -0.679074 0.31674 -0.37812 0.15539 0.0597764 -1.15328 -0.0845812 1.13029 -0.00780358 -0.594732 -0.202208 0.393537 -1.47788 -1.35807 0.0777001 -0.327987 0.188294 0.612623
internal_weight=29830 27348 2482 7196 20152 2234 6966 248 73 14930 230 5222 809 1649 1425 5317 8956 175 3678 114 5974 462 1544 584 45 51 4729 837 2462 116
internal_count=29830 27348 2482 7196 20152 2234 6966 248 73 14930 230 5222 809 1649 1425 5317 8956 175 3678 114 5974 462 1544 584 45 51 4729 837 2462 116
is_linear=0
shrinkage=0.05


Tree=4
num_leaves=31
num_cat=0
split_feature=299 299 299 299 299 299 299 299 43 299 299 299 299 299 299 299 292 293 293 290 247 292 287 299 242 255 212 285 183 121
split_gain=322185 90542.8 68123.6 34445.2 30456.2 16012.4 14236.9 9406.86 7629.05 5936.22 5562.13 4974.38 2688.32 1833.07 1613.64 1188.58 941.807 891.527 783.627 783.321 780.988 743.458 699.287 631.441 538.708 512.523 490.524 468.103 448.643 433.591
threshold=-9.0728373527526838 -0.1987950652837753 -22.958210945129391 9.1141176223754901 -3.8825296163558956 -14.367493152618406 -30.597215652465817 3.2615882158279423 -11.01539897918701 -6.1009802818298331 14.873480796813967 -2.1483193635940547 -17.569240570068356 -11.403745174407957 1.1531372070312502 5.7298038005828866 -6.0481734275817862 -0.84090685844421376 -10.055411338806151 -2.7622303962707515 -4.0380530357360831 12.905686378479006 -31.148921966552731 -25.956078529357907 0.5827842950820924 -15.743350505828856 -6.1995501518249503 13.376078605651857 -18.411271095275875 5.9444983005523691
decision_type=2 2 2 2 2 2 2 2 2 2 2 2 2 2 2 2 2 2 2 2 2 2 2 2 2 2 2 2 2 2
left_child=2 4 6 7 9 12 8 14 -1 16 29 19 25 -7 -3 -9 -2 26 -14 -6 -11 -12 28 -8 -16 -4 -13 -23 -10 -5
right_child=1 3 5 10 11 13 23 15 22 20 21 17 18 -15 24 -17 -18 -19 -20 -21 -22 27 -24 -25 -26 -27 -28 -29 -30 -31
leaf_value=-2.2071003069196431 -0.17401717106501263 0.14235079318900087 -0.71792300137606535 0.49932330117296814 0.00064391190267771832 -0.37450273181963845 -0.99848007574314035 0.29527247658375527 -1.574998016357422 -0.075075830355082473 0.87791209501378686 -0.059715352455774945 -0.50770801602445581 -0.26533322950840582 0.17089786840261972 0.40575310306272644 -0.10721984272417816 0.10325879069699913 -0.21434795260429385 0.033324603568559978 -0.033123375358999618 1.0658129897772097 -1.1494930267333985 -0.83437995910644536 0.22408633167460815 -0.61278524593431127 0.066741625742974112 1.3174078974230536 -1.2967097146170481 0.69502903685277828
leaf_weight=35 1389 2531 220 67 3491 707 123 827 30 1825 34 78 442 843 798 345 851 2202 24 3862 2829 51 32 112 1180 245 4551 29 28 49
leaf_count=35 1389 2531 220 67 3491 707 123 827 30 1825 34 78 442 843 798 345 851 2202 24 3862 2829 51 32 112 1180 245 4551 29 28 49
internal_value=-0.000369147 0.0529445 -0.506839 0.225881 0.00444698 -0.413574 -1.14959 0.201595 -1.58072 -0.0817629 0.825745 0.0463485 -0.577472 -0.315129 0.168793 0.327795 -0.14864 0.0770691 -0.492599 0.0178087 -0.0495744 1.07377 -1.33713 -0.920271 0.202628 -0.662528 0.0646108 1.15702 -1.44065 0.581992
internal_weight=29830 26989 2841 5911 21078 2481 360 5681 125 6894 230 14184 931 1550 4509 1172 2240 6831 466 7353 4654 114 90 235 1978 465 4629 80 58 116
internal_count=29830 26989 2841 5911 21078 2481 360 5681 125 6894 230 14184 931 1550 4509 1172 2240 6831 466 7353 4654 114 90 235 1978 465 4629 80 58 116
is_linear=0
shrinkage=0.05


Tree=5
num_leaves=31
num_cat=0
split_feature=299 299 299 236 299 299 299 299 29 299 299 299 299 296 299 299 239 251 3 285 294 285 242 299 299 212 294 299 299 299
split_gain=291278 81861.6 57069.3 30238.7 29757.1 13928.3 12178.4 8001.35 6568.42 5289.88 4959.79 4559.69 2282.8 1567.54 1232.03 1013.86 960.45 929.741 897.443 879.348 764.762 596.629 583.253 576.757 531.411 503.956 451.593 403.542 369.216 365.559
threshold=-9.3399162292480451 -0.1987950652837753 -22.958210945129391 8.3064703941345233 -4.0291175842285147 -14.367493152618406 -30.597215652465817 3.2615882158279423 -10.256442546844481 -6.5154964923858634 -2.1483193635940547 14.873480796813967 -17.569240570068356 1.4651307463645937 -11.80040121078491 -5.0939214229583731 3.8130718469619755 -2.7577123641967769 2.7938314676284794 -1.5790849328041074 -6.0955636501312247 13.376078605651857 -0.88199645280838002 -25.956078529357907 -19.794282913208004 -7.2180604934692374 -13.635860919952391 1.5869589447975161 -1.0678823590278623 -2.9607900381088252
decision_type=2 2 2 2 2 2 2 2 2 2 2 2 2 2 2 2 2 2 2 2 2 2 2 2 2 2 2 2 2 2
left_child=2 4 6 7 9 12 8 13 -1 20 17 -5 24 22 -7 -11 -9 -6 -10 25 -2 -13 -3 -8 -4 -12 -14 -15 -21 -19
right_child=1 3 5 11 10 14 23 16 18 15 19 21 26 27 -16 -17 -18 29 -20 28 -22 -23 -24 -25 -26 -27 -28 -29 -30 -31
leaf_value=-2.1596960885184155 -0.17583855154420922 0.1082817959237016 -0.68567060990767048 0.55684684470847801 -0.0058678500775490609 -0.36160209305294833 -0.95004098074776788 0.26908413899802358 -1.1975313159397671 -0.083549490347280875 -0.096145539933984933 0.94396498346903235 -0.50315693969076336 0.17312691550815401 -0.26583799126650443 -0.036247197203679853 0.36039353990063228 0.012927862117529955 -1.5636374300176448 0.075697722542177603 -0.10729554062037124 1.2074118778623384 0.15519968258316219 -0.7972010588842976 -0.57964714617768598 0.056502931713871309 -0.38788539256368365 0.22472530464661658 0.1075417415213495 0.041045227454873039
leaf_weight=28 1353 1008 231 108 3184 566 126 709 70 1998 55 83 352 689 826 2616 485 2012 22 2091 582 29 1932 121 242 3194 112 842 1612 2717
leaf_count=28 1353 1008 231 108 3184 566 126 709 70 1998 55 83 352 689 826 2616 485 2012 22 2091 582 29 1932 121 242 3194 112 842 1612 2717
internal_value=-0.000606771 0.0483583 -0.496414 0.213521 0.0029682 -0.405096 -1.07593 0.191186 -1.48916 -0.0858314 0.0420902 0.788652 -0.554129 0.160478 -0.304777 -0.0567305 0.306174 0.0150193 -1.28508 0.0729033 -0.155223 1.01218 0.139114 -0.875168 -0.631426 0.0539189 -0.475333 0.201504 0.0895601 0.0290824
internal_weight=29995 27299 2696 5885 21414 2329 367 5665 120 6549 14865 220 937 4471 1392 4614 1194 7913 92 6952 1935 112 2940 247 473 3249 464 1531 3703 4729
internal_count=29995 27299 2696 5885 21414 2329 367 5665 120 6549 14865 220 937 4471 1392 4614 1194 7913 92 6952 1935 112 2940 247 473 3249 464 1531 3703 4729
is_linear=0
shrinkage=0.05


Tree=6
num_leaves=31
num_cat=0
split_feature=299 299 299 299 299 299 299 299 46 299 299 299 296 296 299 299 242 299 291 293 299 285 242 299 212 66 293 291 74 299
split_gain=262885 74873.3 49665.3 28442.2 27404.4 11441.3 10991 7091.1 6089.39 5926.39 4261.31 3978.76 1857.32 1419 1128.04 1052.79 982.228 959.373 764.764 622.364 620.16 542.232 526.981 520.518 500.905 465.489 405.425 376.506 367.223 366.514
threshold=-9.6388049125671369 -0.1987950652837753 -22.958210945129391 -4.5093576908111563 9.1141176223754901 -15.893635749816893 -30.597215652465817 3.2615882158279423 -10.299190998077391 -2.4748719930648799 14.873480796813967 -6.8952338695526114 -11.678976058959959 1.4651307463645937 -19.794282913208004 -1.3864216208457945 4.0370812416076669 -3.5007179975509639 -5.3863489627838126 -7.5592093467712393 -13.775900363922117 13.376078605651857 -0.88199645280838002 -25.956078529357907 -6.9049019813537589 -0.050980374217033379 -12.509981155395506 1.6507601141929629 2.7954039573669438 1.5869589447975161
decision_type=2 2 2 2 2 2 2 2 2 2 2 2 2 2 2 2 2 2 2 2 2 2 2 2 2 2 2 2 2 2
left_child=2 3 6 11 7 14 8 13 -1 17 28 19 20 22 -4 -11 27 -5 -13 -2 -7 -12 -3 -8 -17 -10 -16 -9 -6 -15
right_child=1 4 5 9 10 12 23 16 25 15 21 18 -14 29 26 24 -18 -19 -20 -21 -22 -23 -24 -25 -26 -27 -28 -29 -30 -31
leaf_value=-1.9930190577651516 -0.19463188474954563 0.10286770669211234 -0.65138710979775438 -0.018044274705756657 0.41075040684189912 -0.42659574147143398 -0.90253867497519846 0.18288846305674977 -1.132145764934483 0.048390797468707891 0.89627832685198117 -0.097478694590315162 -0.26064838040669763 0.16447061931792817 -0.52698253070481405 -0.08561367531155431 0.35021173052334181 0.017817172175377195 -0.050756022563245566 -0.13370135311094364 -0.33441791977502605 1.1470412155677534 0.14746091770711728 -0.75734147000903929 0.086066142618154151 -1.4070187187194825 -0.31172602902288027 0.27274709412085468 0.59690986025160642 0.2136316935221354
leaf_weight=33 774 1008 231 3194 43 306 126 144 67 4881 84 1434 750 689 447 43 431 4482 2250 914 452 29 1933 121 3562 20 23 612 69 843
leaf_count=33 774 1008 231 3194 43 306 126 144 67 4881 84 1434 750 689 447 43 431 4482 2250 914 452 29 1933 121 3562 20 23 612 69 843
internal_value=-0.000576433 0.0447943 -0.483503 0.00160078 0.202845 -0.394017 -1.02213 0.181333 -1.4147 0.0347299 0.744003 -0.0980703 -0.316433 0.152503 -0.560915 0.063526 0.289973 0.00289515 -0.0689429 -0.16164 -0.37163 0.960633 0.132177 -0.83141 0.0840184 -1.19533 -0.516449 0.255631 0.525438 0.191522
internal_weight=29995 27419 2576 21534 5885 2209 367 5660 120 16162 225 5372 1508 4473 701 8486 1187 7676 3684 1688 758 113 2941 247 3605 87 470 756 112 1532
internal_count=29995 27419 2576 21534 5885 2209 367 5660 120 16162 225 5372 1508 4473 701 8486 1187 7676 3684 1688 758 113 2941 247 3605 87 470 756 112 1532
is_linear=0
shrinkage=0.05


Tree=7
num_leaves=31
num_cat=0
split_feature=299 299 299 299 299 299 299 299 29 299 248 299 299 238 299 299 247 3 293 251 293 220 295 279 291 248 299 299 293 293
split_gain=237336 68566.4 43048.6 26039.6 25082.9 9919.41 9375.52 7895.96 5550.63 4668.48 3846.34 3810.38 1401.57 1369.53 1360.31 1018.05 1011.46 730.36 681.305 665.214 646.976 540.71 538.205 535.244 534.838 469.882 469.768 409.627 396.762 365.896
threshold=-9.9711761474609357 -0.61690494418144215 -22.958210945129391 9.1141176223754901 -4.6084806919097892 -30.597215652465817 -15.893635749816893 2.5161465406417851 -10.256442546844481 -2.8311874866485591 18.88508224487305 -6.8952338695526114 0.42504899203777319 3.6050543785095219 -13.775900363922117 -19.794282913208004 -1.6496900916099546 2.7938314676284794 -7.5592093467712393 -3.6293373107910152 -4.9708712100982657 -3.6476471424102779 -10.520452976226805 10.033039569854738 1.6507601141929629 0.84005603194236766 -25.956078529357907 7.3064703941345224 -0.35614235699176783 -12.509981155395506
decision_type=2 2 2 2 2 2 2 2 2 2 2 2 2 2 2 2 2 2 2 2 2 2 2 2 2 2 2 2 2 2
left_child=2 4 5 7 11 8 15 12 -1 19 -5 18 -3 24 -8 -4 21 -10 -2 -6 -13 -11 -16 -12 -9 -14 -7 -15 -18 -17
right_child=1 3 6 10 9 26 14 13 17 16 23 20 25 27 22 29 28 -19 -20 -21 -22 -23 -24 -25 -26 -27 -28 -29 -30 -31
leaf_value=-1.9603672572544644 -0.18946134340307252 0.10053397965967964 -0.618817746381223 0.50818345811631949 -0.032352371519657315 -0.85741179935515877 -0.39391001179430069 0.16462021167096111 -1.0773836980547224 -0.0021489357274740634 0.8577087590723862 -0.08882798079052999 0.13673861713473509 0.29753762082934876 -0.30773328200534539 -0.50063339570491372 0.060635734500305877 -1.4076559847051449 -0.12802731934737957 0.0045373719799703142 -0.04545222290020285 0.04285943408686986 -0.23339327989480438 1.1147681907371239 0.24311105472569602 0.179691503681743 -0.71947430066825935 0.40967276436941963 0.09738499579972533 -0.29613974612692129
leaf_weight=28 863 2349 231 117 1666 126 349 301 70 792 81 1765 1637 482 648 447 3137 22 946 4586 1676 4238 390 27 778 1042 121 98 959 23
leaf_count=28 863 2349 231 117 1666 126 349 301 70 792 81 1765 1637 482 648 447 3137 22 946 4586 1676 4238 390 27 778 1042 121 98 959 23
internal_value=-0.000547612 0.0414448 -0.471616 0.177737 -0.00422368 -0.971024 -0.383836 0.159935 -1.34396 0.0279914 0.706803 -0.0985863 0.128726 0.254522 -0.308514 -0.532869 0.0507936 -1.15636 -0.157335 -0.00529281 -0.067701 0.0357726 -0.279802 0.921974 0.221215 0.153445 -0.789839 0.316485 0.0692399 -0.490626
internal_weight=29995 27540 2455 6912 20628 367 2088 6687 120 15378 225 5250 5028 1659 1387 701 9126 92 1809 6252 3441 5030 1038 108 1079 2679 247 580 4096 470
internal_count=29995 27540 2455 6912 20628 367 2088 6687 120 15378 225 5250 5028 1659 1387 701 9126 92 1809 6252 3441 5030 1038 108 1079 2679 247 580 4096 470
is_linear=0
shrinkage=0.05


Tree=8
num_leaves=31
num_cat=0
split_feature=296 295 296 236 293 296 296 296 44 289 296 248 237 247 245 293 241 249 238 247 212 247 249 9 234 255 285 235 255 124
split_gain=211122 55485.9 40285.8 23650.7 19555.4 9538.64 8904.13 6309.88 4956.11 4025.96 3589.98 3286.57 2016.06 1640.51 1435.94 1278.56 1110.2 1069.29 932.202 830.782 674.464 665.17 651.311 607.644 589.04 586.872 541.298 509.207 444.361 438.739
threshold=-9.5107564926147443 -0.23659477382898328 -23.050374031066891 8.3064703941345233 -4.5470230579376212 -15.756114006042479 -30.527782440185543 2.7762744426727299 -11.163403511047362 -2.0079696178436275 -6.3413715362548819 18.88508224487305 -9.4747347831726056 -2.7306896448135372 -0.72524684667587269 5.5597198009490976 -14.440806865692137 -1.6023529171943662 -3.8280392885208125 -6.592745065689086 -6.1995501518249503 0.69306600093841564 -23.650643348693844 -1.3234640359878538 1.050705134868622 -7.7420427799224845 13.376078605651857 1.3990949988365176 -11.753500461578367 -5.1744117736816397
decision_type=2 2 2 2 2 2 2 2 2 2 2 2 2 2 2 2 2 2 2 2 2 2 2 2 2 2 2 2 2 2
left_child=2 4 6 7 10 16 8 14 -1 13 19 -5 -7 20 -3 21 -4 29 -12 -2 -6 -9 23 -10 -16 -14 -13 -22 -18 -11
right_child=1 3 5 11 9 12 -8 15 22 17 18 26 25 -15 24 -17 28 -19 -20 -21 27 -23 -24 -25 -26 -27 -28 -29 -30 -31
leaf_value=-1.8172784620715725 -0.18085749354058689 0.079619316315937078 -0.57540429861117637 0.48595179652308557 -0.10439865046208448 -0.3482935892292327 -0.74712051080197706 0.14979665149107327 -1.0271300700403028 -0.087979928765978141 -0.078862336667967436 0.80832879859280882 -0.26669814366413408 0.02713764331370393 0.1208464299999757 0.3067817941718145 -0.48461886511908636 0.075749550223260284 -0.025346285838417321 -0.11251834447725656 -0.012793506573272294 0.23013676918791739 -0.89349283854166672 -1.3484669906752451 0.16618954053631538 -0.18276717622852859 1.0660578974971064 0.14616709596970504 -0.36931284597097352 0.038665911774410172
leaf_weight=31 722 1479 312 111 202 652 245 358 31 70 1620 83 498 4792 1692 436 270 3715 1635 1158 4142 919 30 28 1242 358 27 51 121 2965
leaf_count=31 722 1479 312 111 202 652 245 358 31 70 1620 83 498 4792 1692 436 270 3715 1635 1158 4142 919 30 28 1242 358 27 51 121 2965
internal_value=-0.000520231 0.040139 -0.433298 0.169739 0.00110292 -0.35296 -0.919954 0.151407 -1.27282 0.0284441 -0.0837534 0.677898 -0.282052 0.00690311 0.119791 0.232854 -0.505064 0.0577623 -0.051981 -0.138763 -0.0151592 0.207614 -1.08318 -1.17963 0.140041 -0.231596 0.87159 -0.01086 -0.448936 0.0357449
internal_weight=29995 27419 2576 6347 21072 2211 365 6126 120 15937 5135 221 1508 9187 4413 1713 703 6750 3255 1880 4395 1277 89 59 2934 856 110 4193 391 3035
internal_count=29995 27419 2576 6347 21072 2211 365 6126 120 15937 5135 221 1508 9187 4413 1713 703 6750 3255 1880 4395 1277 89 59 2934 856 110 4193 391 3035
is_linear=0
shrinkage=0.05


Tree=9
num_leaves=31
num_cat=0
split_feature=299 299 299 299 236 299 299 299 29 299 299 299 299 251 251 299 232 293 3 212 293 295 299 239 287 295 299 293 299 299
split_gain=194110 55295.5 37912.3 21419.1 19601.1 9247.75 8148.87 4803.02 4728.34 4434.6 3306.97 2953.74 1555.85 1040.06 1016.02 870.565 661.842 652.137 597.724 518.581 517.992 515.422 441.243 440.873 412.198 404.32 392.678 356.905 346.669 313.438
threshold=-9.3399162292480451 0.058462036773562438 -22.958210945129391 -3.7478655576705928 8.3064703941345233 -14.367493152618406 -30.597215652465817 3.8040072917938237 -10.256442546844481 -5.5878431797027579 -1.9016693234443662 14.873480796813967 -18.488416671752926 0.37342171370983129 -5.6378431320190421 -11.403745174407957 -2.280972838401794 -0.84090685844421376 2.7938314676284794 -6.6099607944488517 -10.716841220855711 3.8553920984268193 1.7931063771247866 -3.2785568237304683 12.961372375488283 -1.9231741428375242 -25.956078529357907 -4.5470230579376212 -7.8343517780303946 7.3064703941345224
decision_type=2 2 2 2 2 2 2 2 2 2 2 2 2 2 2 2 2 2 2 2 2 2 2 2 2 2 2 2 2 2
left_child=2 3 6 9 7 12 8 13 -1 14 16 -6 -4 25 28 -7 -5 19 -10 -12 -14 -9 -15 -11 -13 -3 -8 -16 -2 -23
right_child=1 4 5 10 11 15 26 21 18 23 17 24 20 22 27 -17 -18 -19 -20 -21 -22 29 -24 -25 -26 -27 -28 -29 -30 -31
leaf_value=-1.7845154898507254 -0.17305682620486698 0.060974055021587349 -0.53587803881626073 0.0029776831006159137 0.45995446321006139 -0.28935419532250867 -0.77513699001736114 0.21458706396171845 -0.97100239072527206 -0.0478473530875312 -0.076450203157760008 0.75719147773638174 -0.41423697215555377 0.14488831561787693 -0.099198501774736381 -0.21025778013156737 0.031654101861509874 0.08774648285362846 -1.2697840690612794 0.05716131868041479 -0.21317688402007606 0.27301681483945539 0.19143889505222172 -0.016150816842454414 0.95853516016251017 0.12487033023213855 -0.64902429501872427 -0.049579136933498233 -0.12119110910765206 0.35845398241586057
leaf_weight=28 555 288 349 3606 107 683 126 332 70 2151 74 73 554 1109 1277 709 4552 2385 22 3900 34 496 941 2239 39 1764 121 506 768 137
leaf_count=28 555 288 349 3606 107 683 126 332 70 2151 74 73 554 1109 1277 709 4552 2385 22 3900 34 496 941 2239 39 1764 121 506 768 137
internal_value=-0.000494219 0.0394778 -0.405241 0.00460673 0.184695 -0.330811 -0.877578 0.164678 -1.2156 -0.0640296 0.0400478 0.647822 -0.452248 0.141067 -0.10975 -0.249067 0.0189785 0.0670777 -1.04245 0.0546733 -0.402611 0.265044 0.166256 -0.0316814 0.827302 0.115902 -0.713357 -0.085117 -0.142949 0.291508
internal_weight=29995 27299 2696 22013 5286 2329 367 5067 120 7496 14517 219 937 4102 3106 1392 8158 6359 92 3974 588 965 2050 4390 112 2052 247 1783 1323 633
internal_count=29995 27299 2696 22013 5286 2329 367 5067 120 7496 14517 219 937 4102 3106 1392 8158 6359 92 3974 588 965 2050 4390 112 2052 247 1783 1323 633
is_linear=0
shrinkage=0.05


Tree=10
num_leaves=31
num_cat=0
split_feature=299 299 299 257 299 299 299 253 47 299 299 299 296 299 299 131 294 251 226 251 287 255 247 257 212 289 293 299 119 185
split_gain=179934 52695.1 32138.2 20598 18281.5 8604.33 7068.72 6478.8 6772.19 3812.33 2945.66 2352.18 1777.83 1460.87 986.025 802.094 733.571 665.531 619.002 521.722 481.37 444.869 434.542 424.894 419.983 373.186 355.627 309.136 297.676 281.476
threshold=-10.266519546508787 -0.89220929145812977 -25.956078529357907 8.1867260932922381 -5.0354900360107413 -17.569240570068356 2.1252337694168095 -23.888351440429684 -9.9302783012390119 -2.9607900381088252 14.873480796813967 -7.3380885124206534 -13.140429019927977 4.8404204845428476 0.54127451777458202 -9.1576037406921369 -19.518208503723141 -4.0113961696624747 -2.3663947582244869 -6.9757487773895255 12.961372375488283 -4.0721683502197257 -3.4956462383270259 -11.96705913543701 -8.5460591316223127 -1.9811252355575559 -1.2038888931274412 7.3064703941345224 -2.8830686807632442 1.0185403227806094
decision_type=2 2 2 2 2 2 2 2 2 2 2 2 2 2 2 2 2 2 2 2 2 2 2 2 2 2 2 2 2 2
left_child=2 4 7 6 11 16 14 8 -1 17 -5 21 23 29 24 -10 -4 -6 -11 -14 -12 -2 -13 -7 -3 -19 -20 -15 -18 -8
right_child=1 3 5 10 9 12 13 -9 15 18 20 22 19 27 -16 -17 28 25 26 -21 -22 -23 -24 -25 -26 -27 -28 -29 -30 -31
leaf_value=-1.9461390568659855 -0.15725396478308085 -0.13211480216546492 -0.56398722788951061 0.43936082183337605 -0.040712720467696181 -0.39204493405526147 0.15692106094853631 -0.72604031527999546 -0.93601084351539621 0.018697016401971991 0.71868523491753478 -0.082832956700992985 -0.26278275882694085 0.25619488420157599 0.12913330243618201 -1.2921276092529297 -0.46963001776890584 -0.0092905617406136339 0.039739417094030852 -0.16232312253758879 0.93679355719150648 -0.077193994737749738 -0.039567659424594892 -0.31182122589278749 0.087056242962962604 0.023932234606485858 0.065256095375963788 0.33939956353635203 -0.28524815986553825 0.20234271840772769
leaf_weight=26 1355 22 333 122 1452 342 580 137 64 2544 72 2047 710 464 2112 21 249 4053 4245 158 39 199 810 319 3380 1068 2013 147 24 828
leaf_count=26 1355 22 333 122 1452 342 580 137 64 2544 72 2047 710 464 2112 21 249 4053 4245 158 39 199 810 319 3380 1068 2013 147 24 828
internal_value=-0.000495594 0.0355559 -0.417319 0.145928 -0.00776508 -0.354738 0.131607 -0.956075 -1.23999 0.0179779 0.608937 -0.0974948 -0.291546 0.211649 0.102298 -1.02399 -0.514178 -0.0108337 0.0394932 -0.244496 0.795318 -0.147002 -0.0705666 -0.353329 0.0856389 -0.00236185 0.0479473 0.276213 -0.453421 0.183632
internal_weight=29935 27552 2383 7766 19786 2135 7533 248 111 15375 233 4411 1529 2019 5514 85 606 6573 8802 868 111 1554 2857 661 3402 5121 6258 611 273 1408
internal_count=29935 27552 2383 7766 19786 2135 7533 248 111 15375 233 4411 1529 2019 5514 85 606 6573 8802 868 111 1554 2857 661 3402 5121 6258 611 273 1408
is_linear=0
shrinkage=0.05


Tree=11
num_leaves=31
num_cat=0
split_feature=299 299 299 257 299 253 299 299 46 299 248 299 299 299 293 297 73 170 240 293 272 239 294 241 220 241 232 160 232 251
split_gain=162421 46821.7 30088.8 18417.4 15782.4 8227.12 6154.37 6152.62 5529.63 2764.88 2674.95 2592.33 1200.59 1056.1 953.821 786.585 643.614 545.67 543.259 507.962 506.47 435.83 357.336 351.408 340.406 316.628 310.184 303.531 284.454 280.629
threshold=-9.9711761474609357 -0.81872546672821034 -22.958210945129391 8.1867260932922381 -4.5093576908111563 -23.888351440429684 -15.893635749816893 2.689989566802979 -10.299190998077391 -6.8952338695526114 18.88508224487305 -2.733374714851379 0.82500919699668895 -12.33857202529907 5.1143791675567636 -18.573308944702145 -4.0205681324005118 -0.7836429476737975 -3.8765647411346431 -3.3329887390136714 12.690588474273683 -6.0317647457122794 -10.893761634826658 -0.52889308333396901 -3.1047761440277095 -17.712136268615719 -0.17068773508071897 -6.667128086090087 -7.8263134956359854 -7.1354174613952628
decision_type=2 2 2 2 2 2 2 2 2 2 2 2 2 2 2 2 2 2 2 2 2 2 2 2 2 2 2 2 2 2
left_child=2 4 5 7 9 8 15 12 -1 21 -5 19 23 22 -9 -4 -10 24 -11 -6 -12 -2 -8 27 -13 -7 -14 -3 -17 -15
right_child=1 3 6 10 11 25 13 14 16 18 20 17 26 29 -16 28 -18 -19 -20 -21 -22 -23 -24 -25 -26 -27 -28 -29 -30 -31
leaf_value=-1.7111906051635744 -0.1555378692824225 -0.11031810421010722 -0.48655650379299786 0.41827859025660569 -0.016256228078702702 -0.68001417038757683 -0.31390851330426006 0.18872233274638148 -0.86125026941299443 -0.07221831399195848 0.69794616699218759 0.0057779484952605051 0.10369907158057368 -0.231110467338562 0.27315032584535565 -0.39266307702378767 -1.1802517482212611 0.057467520936981514 -0.03384262066967083 0.011831744120989847 0.95047842172475971 -0.10606348474332893 -0.22095189208076116 0.10124963632785938 0.037644486709927524 -0.55757661116750623 0.14558574178461728 0.072477588466595882 -0.19877030134201051 -0.16223397436596099
leaf_weight=32 817 23 353 123 3084 173 576 1059 64 1834 84 1075 630 500 489 349 21 3093 1855 3367 26 978 126 1816 3802 76 1481 1799 20 210
leaf_count=32 817 23 353 123 3084 173 576 1059 64 1834 84 1075 630 500 489 349 21 3093 1855 3367 26 978 126 1816 3802 76 1481 1799 20 210
internal_value=-0.000470815 0.0346868 -0.386291 0.140887 -0.00548832 -0.805141 -0.314454 0.126914 -1.15097 -0.0776862 0.57849 0.021967 0.10309 -0.253736 0.215392 -0.433198 -0.940062 0.0410392 -0.0529212 -0.00159614 0.757636 -0.128582 -0.297224 0.0856842 0.0306204 -0.642644 0.133085 0.0701701 -0.382154 -0.210739
internal_weight=29935 27435 2500 7530 19905 366 2134 7297 117 5484 233 14421 5749 1412 1548 722 85 7970 3689 6451 110 1795 702 3638 4877 249 2111 1822 369 710
internal_count=29935 27435 2500 7530 19905 366 2134 7297 117 5484 233 14421 5749 1412 1548 722 85 7970 3689 6451 110 1795 702 3638 4877 249 2111 1822 369 710
is_linear=0
shrinkage=0.05


Tree=12
num_leaves=31
num_cat=0
split_feature=299 299 299 299 299 299 299 253 47 299 237 299 299 299 299 299 8 231 251 251 251 287 250 293 255 212 293 249 295 240
split_gain=146594 42977.6 26326.3 17241.9 14346.2 7015.26 6324.13 5272.93 5612.45 3035.78 2403.7 1734.82 1362.84 1084.65 957.861 802.815 695.851 586.018 531.218 448.17 443.379 427.63 377.825 329.564 326.217 302.139 298.47 289.184 272.067 270.455
threshold=-10.266519546508787 -1.0678823590278623 -25.956078529357907 9.1141176223754901 -5.1592645645141593 -16.699529647827145 1.8920261859893801 -23.888351440429684 -9.9302783012390119 -3.1810740232467647 15.085217475891115 -7.6433980464935294 4.0971570014953622 -13.775900363922117 -19.794282913208004 0.1172674596309662 1.067470967769623 -2.1205992698669429 -3.8519639968872066 -5.135798215866088 -7.4963135719299308 12.961372375488283 3.1947466135025029 -4.2541177272796622 -11.753500461578367 -6.7546405792236319 -0.92751163244247425 1.7521618008613589 -2.3687289953231807 -16.239215850830075
decision_type=2 2 2 2 2 2 2 2 2 2 2 2 2 2 2 2 2 2 2 2 2 2 2 2 2 2 2 2 2 2
left_child=2 4 7 6 11 14 15 8 -1 18 -5 23 27 -7 29 25 -10 -11 -6 -13 -15 -12 -14 -2 -16 -3 -19 -8 -20 -4
right_child=1 3 5 10 9 13 12 -9 16 17 21 19 22 20 24 -17 -18 26 28 -21 -22 -23 -24 -25 -26 -27 -28 -29 -30 -31
leaf_value=-1.7632725642277647 -0.14487105536374076 -0.071861020616582935 -0.54628802875783999 0.39773934786436987 -0.038002712114921539 -0.31823911164936269 0.13581737426448381 -0.65676523473140969 -0.83925051121484673 0.015812496989818361 0.64848139514661818 -0.094020985251483211 0.19829513819321343 -0.24350347311743376 -0.4134308236440023 0.10728598231762912 -1.1658803387121721 0.035194758711117158 -0.011348723612977688 -0.053449910858699261 -0.16329421184759227 0.85531086168791115 0.26581913026576304 -0.037598021132381337 -0.2962159569199021 0.071865572615243165 0.0619817332802928 0.18155406796835305 0.019928796822205188 -0.45874128227462307
leaf_weight=26 1236 37 187 122 1688 456 789 137 63 3546 73 1114 368 725 300 2712 22 4229 3312 1750 226 38 474 76 74 3114 1379 615 880 167
leaf_count=26 1236 37 187 122 1688 456 789 137 63 3546 73 1114 368 725 300 2712 22 4229 3312 1750 226 38 474 76 74 3114 1379 615 880 167
internal_value=-0.000447274 0.0320932 -0.376677 0.126857 -0.00905833 -0.320036 0.114672 -0.864291 -1.12043 0.0137145 0.550923 -0.0910428 0.186014 -0.254841 -0.446037 0.0873427 -0.92379 0.0317219 -0.0143194 -0.0692307 -0.224442 0.719288 0.236307 -0.138657 -0.390239 0.0701779 0.0417816 0.155852 -0.00478283 -0.504988
internal_weight=29935 27552 2383 8342 19210 2135 8109 248 111 15034 233 4176 2246 1407 728 5863 85 9154 5880 2864 951 111 842 1312 374 3151 5608 1404 4192 354
internal_count=29935 27552 2383 8342 19210 2135 8109 248 111 15034 233 4176 2246 1407 728 5863 85 9154 5880 2864 951 111 842 1312 374 3151 5608 1404 4192 354
is_linear=0
shrinkage=0.05


Tree=13
num_leaves=31
num_cat=0
split_feature=293 293 296 239 297 297 249 47 297 251 291 69 297 296 269 251 297 297 295 74 295 296 164 192 251 189 35 247 239 30
split_gain=131172 35689.3 23705.7 15058.9 13955.5 6824.56 4864.57 5671.9 4225.15 3088.45 2287.66 1951.37 1308.86 904.005 847.23 806.569 786.482 776.609 613.593 588.988 499.943 492.636 461.328 447.804 433.911 359.873 354.196 332.087 321.562 318.275
threshold=-10.055411338806151 -0.24899929016828534 -26.273333549499508 8.8890256881713885 -4.7946157455444327 -16.677982330322262 -23.650643348693844 -9.9302783012390119 2.5768778324127202 -2.2418702840805049 -6.3363394737243643 22.456173896789554 -12.614865779876707 -1.2434821128845213 -3.7659344673156734 -0.091441191732883439 5.0488562583923349 -21.020237922668453 -7.8752675056457511 -4.2367632389068595 13.190864562988283 -1.9877644777297971 -4.2545583248138419 -5.0892484188079825 -4.0113961696624747 -1.0718834996223447 -5.3697757720947257 -0.99486273527145375 -12.211764812469481 -7.2816076278686515
decision_type=2 2 2 2 2 2 2 2 2 2 2 2 2 2 2 2 2 2 2 2 2 2 2 2 2 2 2 2 2 2
left_child=2 4 6 8 10 17 7 -1 15 14 18 -5 28 22 -6 -3 -10 -4 -2 -9 -13 26 -11 -14 -12 -24 -16 -15 -7 -8
right_child=1 3 5 11 9 12 29 19 16 13 24 20 23 27 21 -17 -18 -19 -20 -21 -22 -23 25 -25 -26 -27 -28 -29 -30 -31
leaf_value=-1.7282850341796874 -0.14628102330063622 0.073393567365045403 -0.50235451346116444 0.39405993445444915 -0.022038338252549278 -0.34425964426638478 -0.50308289300827747 -0.80244677173557566 0.16207830666596884 -0.039667944390505687 -0.063483800568360213 0.48596445719401049 -0.21845502083051938 0.046525303301755049 -0.13340191145737965 0.11632750049587266 0.23362749708055264 -0.39215687641344577 -0.091626276675937743 -1.1059179692041308 0.74438569910386032 0.036166696986293705 0.022090512174729827 -0.13195759040553398 -0.02265507458105058 0.048868195274942516 0.0033409411473989863 0.079447089692435968 -0.26824602416131349 -0.66977388170030383
leaf_weight=25 911 2240 241 118 3033 201 42 67 1061 229 1471 24 554 1467 48 2138 602 475 1177 21 85 1437 3126 205 1167 2096 3529 1603 452 90
leaf_count=25 911 2240 241 118 3033 201 42 67 1061 229 1471 24 554 1467 48 2138 602 475 1177 21 85 1437 3126 205 1167 2096 3529 1603 452 90
internal_value=-0.00042491 0.0302861 -0.357128 0.135155 -0.000582704 -0.303506 -0.822875 -1.06368 0.120132 0.0210358 -0.076371 0.534956 -0.239744 0.0420144 -0.00117856 0.0943604 0.187979 -0.429249 -0.115472 -0.874866 0.687486 0.0114397 0.0297925 -0.195093 -0.045422 0.0328385 0.00150598 0.0637154 -0.291644 -0.616736
internal_weight=29935 27562 2373 6268 21294 2128 245 113 6041 16568 4726 227 1412 8521 8047 4378 1663 716 2088 88 109 5014 5451 759 2638 5222 3577 3070 653 132
internal_count=29935 27562 2373 6268 21294 2128 245 113 6041 16568 4726 227 1412 8521 8047 4378 1663 716 2088 88 109 5014 5451 759 2638 5222 3577 3070 653 132
is_linear=0
shrinkage=0.05


Tree=14
num_leaves=31
num_cat=0
split_feature=299 299 299 299 299 246 241 299 8 124 299 299 299 283 113 293 250 235 249 295 196 292 212 116 288 293 299 220 218 292
split_gain=119791 34951.5 22215 13832.6 11557.6 6155.23 4602.87 3933.39 3924.01 3272.26 2437.64 1512.2 949.064 892.536 957.535 860.02 742.052 552.739 529.337 506.04 388.621 372.453 353.314 350.8 338.983 326.704 301.891 279.466 261.814 229.664
threshold=-9.9711761474609357 -0.89220929145812977 -22.958210945129391 7.3064703941345224 -4.9177896976470938 -23.440613746643063 -11.729706287384031 1.8920261859893801 1.9272222518920901 27.320823669433597 -3.0971988439559932 -7.3380885124206534 -17.569240570068356 -31.942573547363278 -13.090743064880369 -11.608235359191893 3.1947466135025029 -0.16242431104183194 -1.8180392384529112 13.190864562988283 -2.7079715728759761 -5.5450444221496573 -6.7546405792236319 7.094341754913331 2.5656684637069707 -4.847745180130004 -13.775900363922117 -4.7433333396911612 13.849978446960451 -1.2333909869194029
decision_type=2 2 2 2 2 2 2 2 2 2 2 2 2 2 2 2 2 2 2 2 2 2 2 2 2 2 2 2 2 2
left_child=2 4 5 7 11 8 12 17 13 23 20 25 -4 14 -1 26 24 22 27 -11 -6 -13 -3 -5 -9 -2 -8 -12 -21 -20
right_child=1 3 6 9 10 -7 15 16 -10 19 18 21 -14 -15 -16 -17 -18 -19 29 28 -22 -23 -24 -25 -26 -27 -28 -29 -30 -31
leaf_value=-1.2018387504245924 -0.12589059886465101 -0.090332482424047261 -0.41683491140172102 0.2827311818471212 -0.024450097362275824 -0.54486717034962551 -0.29019613897563606 0.12132289517216566 -1.4871742347191121 0.45422680664062504 -0.023915622568524936 -0.074648721199858589 -0.30856383015411071 -0.65052829242887955 -0.77303293863932288 -0.17300910412027151 0.20651112552845119 0.097550706230043166 0.034642458566506877 0.65668488856284846 0.0016498409367405207 -0.03991827049987208 0.06742522006880193 0.4129035619099935 0.16973063514626929 -0.04574793733603566 -0.22187444917086899 0.023051293362322523 0.85420727729797363 0.058096995479900652
leaf_weight=23 1296 36 414 167 2635 242 302 820 29 25 340 1437 396 42 30 674 660 2740 2724 62 3109 1668 2511 75 647 141 348 4627 23 1692
leaf_count=23 1296 36 414 167 2635 242 302 820 29 25 340 1437 396 42 30 674 660 2740 2724 62 3109 1668 2511 75 647 141 348 4627 23 1692
internal_value=-0.000403664 0.0297896 -0.331745 0.119603 -0.00567197 -0.691643 -0.270019 0.105063 -0.978093 0.425854 0.01533 -0.0756184 -0.363902 -0.822689 -0.959118 -0.212583 0.162481 0.0819636 0.0310341 0.651972 -0.0103232 -0.0559916 0.0651954 0.323074 0.142672 -0.118027 -0.253618 0.0198363 0.710132 0.0436291
internal_weight=29935 27435 2500 7766 19669 366 2134 7414 124 352 15127 4542 810 95 53 1324 2127 5287 9383 110 5744 3105 2547 242 1467 1437 650 4967 85 4416
internal_count=29935 27435 2500 7766 19669 366 2134 7414 124 352 15127 4542 810 95 53 1324 2127 5287 9383 110 5744 3105 2547 242 1467 1437 650 4967 85 4416
is_linear=0
shrinkage=0.05


Tree=15
num_leaves=31
num_cat=0
split_feature=299 299 299 299 299 296 57 299 299 299 190 299 55 251 299 299 248 239 292 189 257 285 232 160 293 122 133 212 295 285
split_gain=105400 30629.1 22207 12378.3 10569.9 7517.88 3705.98 3401.31 2609.46 2220.54 2052.2 1752.38 869.884 640.699 602.262 578.384 527.79 440.216 431.314 397.831 374.173 339.136 322.349 281.12 273.28 269.054 262.36 278.575 255.589 242.262
threshold=-8.8422303199768049 0.1172674596309662 -19.794282913208004 9.1141176223754901 -3.5577646493911739 -30.527782440185543 -9.3621783256530744 -13.775900363922117 3.8040072917938237 -5.7523658275604239 23.05491924285889 -1.7136601209640501 -2.4481599330902095 0.37342171370983129 -25.956078529357907 -11.022851467132567 -12.059474468231199 -3.0821341276168819 12.905686378479006 -1.3423418402671812 -5.5542819499969474 -2.1991196870803829 5.1333155632019052 -6.2893576622009268 -10.716841220855711 -8.950929641723631 -5.764204502105712 -6.9049019813537589 -1.9521195292472837 13.376078605651857
decision_type=2 2 2 2 2 2 2 2 2 2 2 2 2 2 2 2 2 2 2 2 2 2 2 2 2 2 2 2 2 2
left_child=2 4 5 8 9 6 -1 16 13 20 -5 19 25 28 -7 -9 -4 -11 -12 23 -2 26 -10 -6 -18 -8 -13 -28 -3 -20
right_child=1 3 7 10 11 14 12 15 22 17 18 21 -14 -15 -16 -17 24 -19 29 -21 -22 -23 -24 -25 -26 -27 27 -29 -30 -31
leaf_value=-1.4430168738731972 -0.097925004032436869 0.039475511125213393 -0.32858292223459268 0.34971596854073661 -0.10271367094911901 -0.56267645263671884 -0.74879485726356509 -0.20383267563380555 0.17773468426975753 -0.035940782652283801 0.50827529907226565 -0.12790907287597658 -1.0105716595282921 0.1256090505149636 -0.43457702194435011 -0.14251009379847768 -0.2661547795657454 -0.0071277421217756922 0.6370241440667046 0.03171262654634921 -0.059915607521664083 0.060502906516126526 0.23998475074768066 0.0099095285182028425 -0.13848837443760462 -0.53969859504699713 -0.081776710797329344 0.039479674358002155 0.092711678495451963 0.81867289696970291
leaf_weight=26 1289 259 498 126 56 125 40 712 601 2817 40 25 26 2047 345 836 290 2504 45 2916 1301 4125 318 5246 49 25 49 1421 1741 31
leaf_count=26 1289 259 498 126 56 125 40 712 601 2817 40 25 26 2047 345 836 290 2504 45 2916 1301 4125 318 5246 49 25 49 1421 1741 31
internal_value=0.000162597 0.031318 -0.282427 0.140232 0.00523744 -0.557924 -0.91656 -0.214622 0.123216 -0.0408632 0.489422 0.0315926 -0.766144 0.105944 -0.468646 -0.170715 -0.295825 -0.0223817 0.641172 0.0168785 -0.0788323 0.0531086 0.199275 0.00872 -0.247702 -0.668373 0.0327062 0.0354378 0.0858176 0.711118
internal_weight=29929 26957 2972 5208 21749 587 117 2385 4966 7911 242 13838 91 4047 470 1548 837 5321 116 8218 2590 5620 919 5302 339 65 1495 1470 2000 76
internal_count=29929 26957 2972 5208 21749 587 117 2385 4966 7911 242 13838 91 4047 470 1548 837 5321 116 8218 2590 5620 919 5302 339 65 1495 1470 2000 76
is_linear=0
shrinkage=0.05


Tree=16
num_leaves=31
num_cat=0
split_feature=299 299 299 172 299 241 44 299 299 299 299 295 240 246 296 252 178 283 184 294 241 212 133 296 298 283 284 119 251 220
split_gain=95123.9 27709.3 20041.8 10729.8 10171.2 6835.67 3750.01 3069.68 2164.46 2004.03 1874.28 1694.16 582.766 576.288 539.139 484.235 399.077 385.089 360.069 352.105 347.766 321.973 318.141 294.717 266.367 258.278 254.538 252.823 241.629 216.156
threshold=-8.8422303199768049 0.42504899203777319 -19.794282913208004 9.7594771385192889 -3.5577646493911739 -23.245415687561032 -11.163403511047362 -13.775900363922117 4.4176349639892587 -5.7523658275604239 -1.7136601209640501 13.190864562988283 -16.239215850830075 0.98706039786338817 -10.425097942352293 -12.226329326629637 -1.5579313635826109 -0.89434015750884999 -1.5209271311759947 3.0411764383316044 -5.3369898796081534 -6.9049019813537589 -6.1495578289031974 1.8874789476394656 -26.180716514587399 -31.942573547363278 -0.71299102902412403 26.087205886840824 -4.5710177421569815 -3.8431046009063716
decision_type=2 2 2 2 2 2 2 2 2 2 2 2 2 2 2 2 2 2 2 2 2 2 2 2 2 2 2 2 2 2
left_child=2 4 5 8 9 6 -1 15 13 20 18 19 24 26 -9 -4 28 21 29 -5 -2 -12 -23 -10 -7 -8 -3 -13 -11 -6
right_child=1 3 7 11 10 12 25 14 23 16 17 27 -14 -15 -16 -17 -18 -19 -20 -21 -22 22 -24 -25 -26 -27 -28 -29 -30 -31
leaf_value=-1.2996932983398439 -0.096281762725680411 0.063550802353148667 -0.31264478587140943 0.17683446216583254 -0.017441790584499472 -0.54820365986581576 -0.76699255080450157 -0.19207097118749669 0.10105814933776856 -0.050436099055806406 -0.080086951344101528 0.45532775878906251 -0.37639721938169723 0.13111716924623817 -0.13305073056598099 -0.23527969895747672 0.0021639287713708911 0.06599561756023864 0.028286232609481252 0.38869233472006665 -0.059198091491318772 -0.14652132612060417 0.044246798874054152 0.21260729811245338 -0.4506589817446332 -0.58448325263129342 0.10220379386711308 0.65166565612122263 -0.022071562977759418 0.011729787335077579
leaf_weight=36 1096 600 495 25 755 118 42 764 65 1006 54 20 183 1577 784 342 1355 2837 3467 91 1494 22 3313 665 172 36 1468 91 2960 3996
leaf_count=36 1096 600 495 25 755 118 42 764 65 1006 54 20 183 1577 784 342 1355 2837 3467 91 1494 22 3313 665 172 36 1468 91 2960 3996
internal_value=0.000154467 0.0297521 -0.268306 0.14148 0.00675186 -0.530027 -0.877579 -0.20389 0.124089 -0.03882 0.0317117 0.476652 -0.446262 0.10835 -0.16218 -0.281033 -0.0212626 0.0524046 0.0160346 0.343033 -0.0748906 0.0410273 0.0429884 0.202675 -0.49035 -0.682757 0.0909892 0.616289 -0.0292664 0.00709402
internal_weight=29929 26957 2972 4602 22355 587 114 2385 4375 7911 14444 227 473 3645 1548 837 5321 6226 8218 116 2590 3389 3335 730 290 78 2068 111 3966 4751
internal_count=29929 26957 2972 4602 22355 587 114 2385 4375 7911 14444 227 473 3645 1548 837 5321 6226 8218 116 2590 3389 3335 730 290 78 2068 111 3966 4751
is_linear=0
shrinkage=0.05


Tree=17
num_leaves=31
num_cat=0
split_feature=296 293 293 239 293 242 44 247 294 251 296 183 251 178 292 239 294 298 292 239 249 296 247 30 212 256 35 249 296 35
split_gain=85316.4 24807.5 15123.7 11140.5 9236.64 4144.74 3693.95 3228.87 2464.02 2236.22 1525.26 1295.56 775.619 633.763 615.956 597.681 536.885 465.908 411.427 404.995 381.459 324.331 319.392 309.193 308.708 298.209 267.583 259.345 233.974 232.069
threshold=-10.101683139801024 1.0000000180025095e-35 -22.871494293212887 8.8890256881713885 -4.7959959506988517 -23.666659355163571 -11.163403511047362 -12.644722461700438 3.4649019241333012 -2.2166045904159541 -6.3413715362548819 25.003088951110843 -1.0000000180025095e-35 -1.4758502840995786 -11.547133445739744 -3.0821341276168819 -18.317317962646481 5.3799998760223398 12.905686378479006 -6.6217157840728751 -4.0410249233245841 -1.9877644777297971 1.5318217873573305 -7.2816076278686515 -6.3219606876373282 -6.451474428176879 -4.9219605922698966 2.1072756052017216 -26.273333549499508 -4.7371890544891349
decision_type=2 2 2 2 2 2 2 2 2 2 2 2 2 2 2 2 2 2 2 2 2 2 2 2 2 2 2 2 2 2
left_child=2 4 5 8 10 6 -1 16 12 15 19 -5 -3 26 25 -6 -4 -10 -13 -2 -12 29 24 -7 -15 -9 -11 -14 -25 -17
right_child=1 3 7 11 9 23 -8 14 17 13 20 18 27 22 -16 21 -18 -19 -20 -21 -22 -23 -24 28 -26 -27 -28 -29 -30 -31
leaf_value=-1.26432373046875 -0.12332940779606012 0.062085922179805901 -0.36978008294105535 0.33474341498480903 -0.018402008104041523 -0.3716067815231065 -0.64606025891426289 -0.22570267798785412 0.14388479285089947 -0.057112976651767206 -0.054288428713462615 0.45392649332682294 0.094638701495049271 -0.12322158009878226 -0.14727435478797327 -0.091541943789431549 -0.28250237678197287 0.20879978128508028 0.64516282145182302 -0.076914907279740014 -0.016700640826023988 0.028975516289799098 0.094559126835797105 -0.55603933918232817 0.043233070367667777 -0.10149115048922026 0.02023514886562499 0.13247599513003022 -0.44338001382761993 0.003084279948323377
leaf_weight=35 732 1945 300 108 3077 59 78 683 857 116 1411 45 1624 28 559 66 427 408 75 1313 1294 1506 310 98 5363 52 3099 628 87 3546
leaf_count=35 732 1945 300 108 3077 59 78 683 857 116 1411 45 1624 28 559 66 427 408 75 1313 1294 1506 310 98 5363 52 3099 628 87 3546
internal_value=0.000146743 0.0249482 -0.287198 0.117946 0.000742735 -0.587212 -0.837558 -0.234202 0.103652 0.0178666 -0.0609427 0.460378 0.0852145 0.0351958 -0.186831 -0.00098728 -0.318518 0.164822 0.573449 -0.0935288 -0.0363074 0.00948265 0.0452065 -0.471273 0.0423685 -0.216915 0.0174444 0.10519 -0.503059 0.00135523
internal_weight=29929 27551 2378 5690 21861 357 113 2021 5462 17111 4750 228 4197 8916 1294 8195 727 1265 120 2045 2705 5118 5701 244 5391 735 3215 2252 185 3612
internal_count=29929 27551 2378 5690 21861 357 113 2021 5462 17111 4750 228 4197 8916 1294 8195 727 1265 120 2045 2705 5118 5701 244 5391 735 3215 2252 185 3612
is_linear=0
shrinkage=0.05


Tree=18
num_leaves=31
num_cat=0
split_feature=299 299 299 299 299 296 112 39 294 299 299 190 299 293 17 191 241 291 179 285 170 242 237 293 226 212 215 297 299 247
split_gain=77756.4 22910.7 16351.4 8803.72 8461.86 5736.04 3100.7 4145.59 2503.4 1826.05 1647.65 1474.96 1399.58 624.191 476.3 462.623 450.99 403.793 365.049 343.529 336.398 327.616 318.883 303.895 288.038 284.424 269.79 239.288 225.286 211.425
threshold=-8.8422303199768049 0.42504899203777319 -19.794282913208004 9.1141176223754901 -3.4109185934066768 -30.527782440185543 -13.059038162231444 -11.638302803039549 -14.166045665740965 -5.6665685176849356 3.8040072917938237 23.05491924285889 -1.7136601209640501 -10.401985168457029 -0.96531400084495533 -15.370141029357908 -17.712136268615719 1.7415864467620852 -1.9211586713790891 13.376078605651857 -0.74076145887374867 4.3507840633392343 -13.389747619628904 -5.1747713088989249 -2.4393434524536128 -6.9049019813537589 -6.9396660327911368 -2.2847952842712398 -13.220529556274412 -3.2446074485778804
decision_type=2 2 2 2 2 2 2 2 2 2 2 2 2 2 2 2 2 2 2 2 2 2 2 2 2 2 2 2 2 2
left_child=2 4 5 10 9 6 7 -1 22 23 17 -5 24 28 -8 -16 -7 27 -11 -13 25 -12 -4 -2 -6 -14 -27 -3 -10 -15
right_child=1 3 8 11 12 16 14 -9 13 18 21 19 20 29 15 -17 -18 -19 -20 -21 -22 -23 -24 -25 -26 26 -28 -29 -30 -31
leaf_value=-1.6572065734863282 -0.0774583622899883 0.018089171382251072 -0.30846742973552915 0.30359233069041425 0.0025403461831077197 -0.45276382377555779 -0.44530497471491498 -0.66257684881036938 -0.21785929769383633 -0.026817983700063764 0.14948894824530629 0.49642595038356552 -0.079625658719044812 -0.12531300796327569 -0.86642593036998405 -0.54571441671122678 -0.35465683167980566 0.11794728960836276 -0.00066583617893672085 0.68714090983072929 0.058443236538369636 0.21184461094917509 -0.23833828786654132 -0.040229831192640619 0.022891254307106441 -0.14570247977972031 0.038592387335783927 0.087127649764154727 -0.16328139212820358 0.0057782990857958797
leaf_weight=20 1960 134 254 126 2683 222 30 22 281 3697 592 83 53 792 22 23 248 1326 2088 33 3352 327 448 761 4940 20 2801 1981 578 32
leaf_count=20 1960 134 254 126 2683 222 30 22 281 3697 592 83 53 792 22 23 248 1326 2088 33 3352 327 448 761 4940 20 2801 1981 578 32
internal_value=0.000139406 0.0268991 -0.242579 0.128493 0.00598496 -0.47898 -0.792246 -1.13621 -0.184396 -0.0332671 0.1122 0.422032 0.0300934 -0.151312 -0.599626 -0.702507 -0.400997 0.0963156 -0.0173788 0.550681 0.0476815 0.171676 -0.263713 -0.0670464 0.0157285 0.0351298 0.0372858 0.0827536 -0.181135 -0.120222
internal_weight=29929 26957 2972 4602 22355 587 117 42 2385 8506 4360 242 13849 1683 75 45 470 3441 5785 116 6226 919 702 2721 7623 2874 2821 2115 859 824
internal_count=29929 26957 2972 4602 22355 587 117 42 2385 8506 4360 242 13849 1683 75 45 470 3441 5785 116 6226 919 702 2721 7623 2874 2821 2115 859 824
is_linear=0
shrinkage=0.05


Tree=19
num_leaves=31
num_cat=0
split_feature=299 299 297 239 299 296 295 62 299 299 183 299 15 201 299 299 249 249 39 285 178 270 220 53 251 251 189 284 127 297
split_gain=70175.1 20702.6 14785.8 8325.56 7149.33 4409.58 2991.54 2753.67 1790.76 1482.39 1218.47 1207.07 802.029 1315.19 597.31 468.256 423.81 367.221 350.23 329.92 305.704 292.518 286.886 317.826 286.781 286.715 260.445 252.367 220.643 208.954
threshold=-8.8422303199768049 0.1172674596309662 -21.020237922668453 8.8890256881713885 -3.5577646493911739 -30.527782440185543 -13.702103137969969 -9.4166669845581037 3.5139337778091435 -5.6665685176849356 25.003088951110843 -1.9983177185058592 -0.027215686626732346 -18.997576713562008 -17.569240570068356 -11.022851467132567 1.2021961212158205 -1.3529803752899168 -9.0323019027709943 13.376078605651857 -1.5187254548072813 4.510099172592164 -4.2820532321929923 -2.8836125135421748 -16.7901496887207 -6.036796808242797 -1.4799774289131162 -1.8191718459129331 -1.0579476952552793 5.9394116401672372
decision_type=2 2 2 2 2 2 2 2 2 2 2 2 2 2 2 2 2 2 2 2 2 2 2 2 2 2 2 2 2 2
left_child=2 4 5 8 9 7 14 -1 16 25 29 26 18 -14 -4 -8 27 22 -9 -12 -11 -10 23 -13 -7 -2 -6 -3 -17 -5
right_child=1 3 6 10 11 24 15 12 21 20 19 17 13 -15 -16 28 -18 -19 -20 -21 -22 -23 -24 -25 -26 -27 -28 -29 -30 -31
leaf_value=-1.2179593505859376 -0.086515203144409469 0.038624585113751678 -0.30544597209379032 0.17880594807286418 0.0036177275143435559 -0.43103494885601573 -0.16786262346903483 -0.33623498569835319 0.13734500377703782 -0.025069946340970817 0.4671109342026985 -0.14035514644954517 -1.0792732238769531 -0.53528994202613833 -0.22236734397435268 -0.12277251160893532 0.10927910468895739 0.051622151787090703 -0.60977102446556097 0.65278382734818896 0.0030895720779942387 0.1908702115724922 0.032972865792474493 0.0037215472770887508 -0.33642875497991387 -0.052150929294110138 0.023646615606020313 0.081034514242658826 -0.043100626603935405 0.33119257019787302
leaf_weight=25 914 417 339 31 4359 237 750 22 626 3911 87 46 20 25 598 711 1292 3608 25 33 1279 431 3011 228 121 1807 2586 2209 99 82
leaf_count=25 914 417 339 31 4359 237 750 22 626 3911 87 46 20 25 598 711 1292 3608 25 33 1279 431 3011 228 121 1807 2586 2209 99 82
internal_value=0.000132436 0.0255541 -0.23045 0.115097 0.00411225 -0.48615 -0.181809 -0.752634 0.101416 -0.0338021 0.407216 0.0257874 -0.626187 -0.77706 -0.252425 -0.139394 0.0858347 0.0406102 -0.481733 0.518171 -0.0181304 0.15917 0.0285155 -0.0204665 -0.399059 -0.0636941 0.0110756 0.0743 -0.113035 0.289387
internal_weight=29929 26957 2972 5208 21749 475 2497 117 4975 7911 233 13838 92 45 937 1560 3918 6893 47 120 5190 1057 3285 274 358 2721 6945 2626 810 113
internal_count=29929 26957 2972 5208 21749 475 2497 117 4975 7911 233 13838 92 45 937 1560 3918 6893 47 120 5190 1057 3285 274 358 2721 6945 2626 810 113
is_linear=0
shrinkage=0.05


Tree=20
num_leaves=31
num_cat=0
split_feature=299 299 292 299 299 257 250 46 299 299 299 299 299 242 292 249 182 129 237 289 285 247 39 289 248 237 284 299 176 189
split_gain=64812.7 18785.1 13219.6 8177.65 5266.31 3585.42 3443.8 3814.99 2483.95 1040.71 929.391 869.077 837.254 580.342 562.292 416.929 331.043 317.324 268.029 265.995 265.329 232.625 227.336 227.014 215.646 201.358 189.814 185.865 182.923 171.158
threshold=-8.8422303199768049 -0.74173420667648304 -22.964211463928219 9.1141176223754901 -3.9901685714721675 -11.96705913543701 -23.58705902099609 -10.299190998077391 2.2371643781661992 14.873480796813967 -6.1902997493743888 -2.1483193635940547 -16.699529647827145 4.695568561553956 -11.547133445739744 -1.0000000180025095e-35 -2.8656862974166866 -10.520556449890135 -1.2576348185539243 3.0678534507751469 13.376078605651857 -4.2852613925933829 -4.7019331455230704 -2.1167210340499873 -2.2754509449005123 -16.263725280761715 -1.4495722651481626 -12.33857202529907 -1.387674033641815 -0.61656224727630604
decision_type=2 2 2 2 2 2 2 2 2 2 2 2 2 2 2 2 2 2 2 2 2 2 2 2 2 2 2 2 2 2
left_child=2 4 6 8 10 12 7 -1 15 -5 21 16 25 19 27 26 -6 -9 -12 28 -11 -2 -8 -18 -13 -4 -3 -7 -10 -26
right_child=1 3 5 9 11 14 22 17 13 20 18 24 -14 -15 -16 -17 23 -19 -20 -21 -22 -23 -24 -25 29 -27 -28 -29 -30 -31
leaf_value=-1.2155096435546877 -0.077360540641016898 0.034927316571298536 -0.35042240781168787 0.27431709621263589 -0.013710656915645367 -0.19651351273806772 -0.34827019757237931 -0.50100589875252022 0.025980103093308289 0.43812701485373762 -0.029394050211034306 0.017567115643060609 -0.20750749537334354 0.19050081303031857 -0.11596211036505717 0.081675795418710298 0.0044498397352428281 -0.71202172851562506 0.012237960228692335 0.14086794955894091 0.60258748671587781 -0.039668677786122201 -0.44546177520751962 0.024535688919478348 0.030569003523030183 -0.2825653810385424 0.062117301218963333 -0.13960166360650744 0.10710010495961633 0.052367230891568965
leaf_weight=30 1421 966 155 115 1627 399 116 62 77 88 3912 1714 414 353 1038 2263 3914 25 429 743 34 575 125 2196 2350 371 1913 224 713 1460
leaf_count=30 1421 966 155 115 1627 399 116 62 77 88 3912 1714 414 353 1038 2263 3914 25 429 743 34 575 125 2196 2350 371 1913 224 713 1460
internal_value=0.00022358 0.0246875 -0.22187 0.0933609 -0.000769726 -0.182662 -0.506733 -0.729301 0.0836194 0.382235 -0.0382639 0.0171475 -0.260697 0.132701 -0.1385 0.065617 0.00633189 -0.561643 -0.0252798 0.119392 0.48396 -0.0665024 -0.398681 0.0116689 0.032296 -0.302561 0.0529942 -0.176051 0.0991935 0.0389221
internal_weight=29822 26863 2959 7265 19598 2601 358 117 7028 237 6337 13261 940 1886 1661 5142 7737 87 4341 1533 122 1996 241 6110 5524 526 2879 623 790 3810
internal_count=29822 26863 2959 7265 19598 2601 358 117 7028 237 6337 13261 940 1886 1661 5142 7737 87 4341 1533 122 1996 241 6110 5524 526 2879 623 790 3810
is_linear=0
shrinkage=0.05


Tree=21
num_leaves=31
num_cat=0
split_feature=299 299 245 299 299 287 66 297 299 299 69 183 299 299 240 283 293 299 182 240 285 248 283 247 289 114 297 257 245 189
split_gain=58493.4 16975.9 11944.8 7122.74 5154.58 4175.65 3606.18 2522.66 1944.63 958.816 954.306 875.136 863.629 528.288 491.324 364.997 351.345 303.848 291.066 277.786 258.095 253.371 225.637 209.944 207.499 205.561 171.232 167.803 166.022 164.54
threshold=-8.8422303199768049 -0.44095067679882044 -16.524184226989743 9.1141176223754901 -3.9503492116928096 -31.148921966552731 -9.5318999290466291 -15.013508319854735 2.5161465406417851 -2.1219533681869502 22.456173896789554 -18.411271095275875 -6.1902997493743888 -11.80040121078491 5.0017650127410898 0.54705882072448742 -18.262645721435543 -25.956078529357907 -2.8656862974166866 -4.1120262145996085 13.376078605651857 -2.2754509449005123 3.2712439298629765 -4.2852613925933829 -2.1167210340499873 4.6262016296386728 -6.4357910156249991 0.38873948156833654 -2.7163181304931636 -0.61656224727630604
decision_type=2 2 2 2 2 2 2 2 2 2 2 2 2 2 2 2 2 2 2 2 2 2 2 2 2 2 2 2 2 2
left_child=2 4 5 8 12 6 -1 16 15 18 -5 -8 23 -9 22 -3 -4 -7 26 -14 -12 25 -10 -2 -20 -11 -6 -21 -15 -23
right_child=1 3 7 10 9 17 11 13 14 21 20 -13 19 28 -16 -17 -18 -19 24 27 -22 29 -24 -25 -26 -27 -28 -29 -30 -31
leaf_value=-1.3220542907714845 -0.073492514150693009 0.053987185263865589 -0.28878428852641502 0.26653132244823424 -0.12709367414936423 -0.42835066894005086 -0.75426467092413652 -0.1678363645797708 0.096904478187503848 0.01899097961394712 0.42034271984565552 -0.43158127805019952 -0.041064336728070097 -0.1162543213757344 0.18862718909677834 0.082319771786088458 -0.21723947880707142 -0.3309201159218485 0.0044226374591772371 -0.016524887005188612 0.58777141571044922 0.031527994236286223 0.13776040425265793 -0.03768524146339168 0.023544216885026795 -0.13834722042083741 -0.010254636942692012 0.062939569299273634 -0.018097319867875841 0.051349960302508858
leaf_weight=20 1421 2463 286 123 32 116 38 711 667 1811 82 47 1509 1009 297 2111 429 258 3900 2886 32 2661 685 575 2230 21 1563 68 45 1726
leaf_count=20 1421 2463 286 123 32 116 38 711 667 1811 82 47 1509 1009 297 2111 429 258 3900 2886 32 2661 685 575 2230 21 1563 68 45 1726
internal_value=0.000212401 0.0234532 -0.210777 0.0940915 0.00108765 -0.43936 -0.717976 -0.166627 0.0838456 0.0181921 0.363123 -0.57584 -0.0358382 -0.134531 0.130396 0.0670633 -0.245857 -0.361139 0.00642808 -0.0236113 0.46734 0.0328049 0.117604 -0.0631773 0.0113788 0.0171874 -0.0125987 -0.0146956 -0.112064 0.0393267
internal_weight=29822 26863 2959 6460 20403 479 105 2480 6223 13944 237 85 6459 1765 1649 4574 715 374 7725 4463 114 6219 1352 1996 6130 1832 1595 2954 1054 4387
internal_count=29822 26863 2959 6460 20403 479 105 2480 6223 13944 237 85 6459 1765 1649 4574 715 374 7725 4463 114 6219 1352 1996 6130 1832 1595 2954 1054 4387
is_linear=0
shrinkage=0.05


Tree=22
num_leaves=31
num_cat=0
split_feature=299 299 298 299 299 258 180 3 299 299 283 299 299 248 242 247 252 189 164 299 237 284 291 79 22 256 202 284 77 293
split_gain=52790.3 15368 10830.4 7203.42 3638.08 2927.97 2846.33 5259.22 2127.34 1503 708.727 656.975 635.358 559.115 451.383 450.911 322.231 307.516 284.178 260.176 254.303 242.752 232.592 216.974 211.428 238.744 206.818 195.829 275.599 183.773
threshold=-8.8422303199768049 -1.2319608330726621 -23.173626899719235 7.3064703941345224 -4.2280995845794669 -11.976849079132078 -17.739496231079098 2.543159127235413 1.5869589447975161 14.873480796813967 -31.942573547363278 -6.763584852218627 -16.699529647827145 -2.8156863451004024 -7.4267647266387931 2.7863920927047734 -0.36727593839168543 -0.80986616015434254 -5.7360489368438712 -11.80040121078491 -1.2576348185539243 -0.71299102902412403 12.949804306030275 -10.75434637069702 -6.0102126598358145 -18.489412307739254 9.4758825302124041 -2.2252941131591792 2.5578896999359135 -3.1911075115203853
decision_type=2 2 2 2 2 2 2 2 2 2 2 2 2 2 2 2 2 2 2 2 2 2 2 2 2 2 2 2 2 2
left_child=2 4 6 8 11 12 7 10 16 26 -1 -2 -4 18 19 21 27 29 -6 -7 -13 -10 -11 -12 -8 -26 -5 28 -3 -15
right_child=1 3 5 9 13 14 24 -9 15 22 23 20 -14 17 -16 -17 -18 -19 -20 -21 -22 -23 -24 -25 25 -27 -28 -29 -30 -31
leaf_value=-0.66630430479307434 -0.067243288793597783 0.028300967275981855 -0.27231975666527614 0.19170164233910111 -0.078173491120668917 -0.16985529682586686 -0.23827972412109377 -1.4066176867485047 0.045398763304606821 0.35647858264399512 -0.24854438781738281 -0.031617879744116707 -0.18977951331877374 -0.0034473579748659812 -0.092716555509610166 0.13791337492604736 0.064475005009406269 0.033784755842321344 -0.0013751056785445519 -0.11843970271556276 0.011404625237462376 0.099214774716615356 0.49644783987125884 -0.46759829337780295 -0.42183023594521196 -0.31588719034769452 0.29408536093575616 0.047949484789296788 -0.08346817245927908 0.017542488919737628
leaf_weight=37 1405 846 515 167 124 529 28 20 244 51 20 3863 426 1388 667 756 2517 2381 4214 460 377 1484 71 26 148 83 70 2653 59 4193
leaf_count=37 1405 846 515 167 124 529 28 20 244 51 20 3863 426 1388 667 756 2517 2381 4214 460 377 1484 71 26 148 83 70 2653 59 4193
internal_value=0.000201781 0.0222805 -0.200238 0.0759267 -0.00437967 -0.164524 -0.456451 -0.678777 0.0667235 0.295344 -0.503394 -0.0376115 -0.234953 0.0108719 -0.124503 0.105706 0.0507838 0.0187405 -0.00357036 -0.145941 -0.0277925 0.0916158 0.437936 -0.372357 -0.368036 -0.383764 0.221942 0.0410984 0.0210144 0.0123223
internal_weight=29822 26863 2959 8918 17945 2597 362 103 8559 359 83 5645 941 12300 1656 2484 6075 7962 4338 989 4240 1728 122 46 259 231 237 3558 905 5581
internal_count=29822 26863 2959 8918 17945 2597 362 103 8559 359 83 5645 941 12300 1656 2484 6075 7962 4338 989 4240 1728 122 46 259 231 237 3558 905 5581
is_linear=0
shrinkage=0.05


Tree=23
num_leaves=31
num_cat=0
split_feature=297 295 297 291 200 293 183 29 295 241 242 292 183 237 246 257 283 35 293 249 11 284 251 288 190 244 89 181 57 241
split_gain=47387.5 13802.6 8353.95 5880.05 5360.21 2458.06 2223.51 4580.86 1442.84 1395.56 1053.48 702.658 520.02 444.932 424.269 388.354 376.491 325.588 320.441 312.534 278.537 417.134 264.352 223.063 220.291 204.138 203.296 192.152 190.261 178.578
threshold=-10.128872394561766 0.79198387265205394 -26.334764480590817 -3.9886964559555049 9.5983052253723162 -15.477005481719969 -18.411271095275875 -8.4577183723449689 -5.8979957103729239 -1.2114200592041013 2.3424685001373295 9.895179748535158 -2.4983700513839717 -15.195470333099363 -8.6276259422302228 -6.8151206970214835 0.42407576739788061 -5.3697757720947257 5.5597198009490976 -3.7595212459564205 -1.2047450542449949 -31.56249904632568 -2.2166045904159541 2.6908824443817143 -1.4932353496551511 -2.6112655401229854 -8.8283987045288068 3.8586510419845585 -2.6517647504806514 0.39529412984848028
decision_type=2 2 2 2 2 2 2 2 2 2 2 2 2 2 2 2 2 2 2 2 2 2 2 2 2 2 2 2 2 2
left_child=2 3 6 8 10 13 7 -1 15 12 23 -6 17 -4 -7 -2 24 28 -12 -10 -9 -22 -14 -3 -11 -16 -8 -17 -5 -21
right_child=1 4 5 9 11 14 26 20 19 16 18 -13 22 -15 25 27 -18 -19 -20 29 21 -23 -24 -25 -26 -27 -28 -29 -30 -31
leaf_value=-1.2621315917968752 -0.089510277954928844 0.061495128068539656 -0.29535082458356104 -0.11521157326505466 0.2455454025268555 -0.15979917324296961 -0.29074418311025585 -0.33459852486848835 -0.031968353371991803 0.016213023214371926 0.1094802711294105 0.42534581673245475 0.0063183481323649 -0.22025279293597586 -0.10913567990064621 -0.051906009179198132 0.060145688346101581 -0.0039723951763723092 0.16328413068633718 -0.0079046456010087932 -0.70826286134265715 -0.40312310109535859 0.025954406281193478 0.094275222843585749 0.039476820742702978 0.020263165280674445 -0.41383608603964045 0.08264287447349894 0.046911283751780337 0.056883461622055626
leaf_weight=25 996 1886 327 102 100 876 51 24 1976 1541 965 119 3237 497 399 1542 1546 3421 388 2112 21 24 3643 716 2996 33 98 27 22 112
leaf_count=25 996 1886 327 102 100 876 51 24 1976 1541 965 119 3237 497 399 1542 1546 3421 388 2112 21 24 3643 716 2996 33 98 27 22 112
internal_value=0.000191692 0.018732 -0.214072 0.00371608 0.102457 -0.182414 -0.491835 -0.682257 -0.0355437 0.0198048 0.0891235 0.343245 0.00869979 -0.250055 -0.139802 -0.0650916 0.0388364 -0.00685729 0.12491 -0.0174984 -0.472157 -0.545522 0.0167158 0.0705153 0.0315752 -0.099251 -0.371704 -0.0495906 -0.0864478 -0.00464194
internal_weight=29822 27447 2375 23273 4174 2132 243 94 6765 16508 3955 219 10425 824 1308 2565 6083 3545 1353 4200 69 45 6880 2602 4537 432 149 1569 124 2224
internal_count=29822 27447 2375 23273 4174 2132 243 94 6765 16508 3955 219 10425 824 1308 2565 6083 3545 1353 4200 69 45 6880 2602 4537 432 149 1569 124 2224
is_linear=0
shrinkage=0.05


Tree=24
num_leaves=31
num_cat=0
split_feature=299 299 294 200 250 299 44 299 299 249 295 292 245 240 299 15 293 291 245 183 18 133 293 299 178 294 299 292 181 299
split_gain=43206.1 12262.8 9853.81 5226.78 3828.56 3539.59 2917.52 1395.83 1353.51 787.971 748.227 468.798 374.501 334.252 329.234 281.326 271.527 247.782 230.133 214.272 205.432 184.321 182.295 176.413 174.935 167.915 152.964 150.534 147.293 144.855
threshold=-8.205293655395506 -0.30802126228809351 -18.317317962646481 9.5983052253723162 -23.58705902099609 -3.3250629901885982 -11.163403511047362 3.2615882158279423 -12.33857202529907 -4.6272549629211417 13.190864562988283 -1.559215724468231 -13.04399538040161 -16.239215850830075 1.4088088274002077 0.90311348438262951 5.5597198009490976 -3.2640197277069087 -4.2772088050842276 -2.4330252408981319 2.5584923028945927 -5.3465566635131827 -10.055411338806151 -5.5878431797027579 -1.9092352986335752 3.0411764383316044 -14.367493152618406 -10.425167560577391 2.367749929428101 -1.5952380895614622
decision_type=2 2 2 2 2 2 2 2 2 2 2 2 2 2 2 2 2 2 2 2 2 2 2 2 2 2 2 2 2 2
left_child=2 5 4 7 6 9 -1 14 12 27 25 19 -4 -6 -3 -8 24 23 -10 20 -7 -13 -14 -11 -9 -5 -24 -2 -18 -21
right_child=1 3 8 10 13 11 15 16 18 17 -12 21 22 -15 -16 -17 28 -19 -20 29 -22 -23 26 -25 -26 -27 -28 -29 -30 -31
leaf_value=-1.0485301830150464 -0.12480462749125594 0.052306310925192223 -0.21531747361750303 0.12831712245941163 -0.31905782120456005 0.0027769329309502017 -0.41116810854938302 -0.021796721621201592 -0.1010421708443739 -0.039562510253359745 0.41086711536754267 -0.066302202188450357 -0.15793169536088644 -0.24485110577784086 0.080018443553056123 -0.61915708439690731 0.11337730543954033 0.0012234538322158904 -0.037313816272005251 0.013388629227907005 -0.075610255098890994 0.034308283134075516 0.027242776254812879 -0.01404658230171206 0.11008344112463248 0.26453699391821156 -0.12284709513187408 -0.04395201618516692 0.17782109500770282 0.032420725179912548
leaf_weight=27 59 3038 301 30 303 2128 72 26 1370 876 110 46 665 304 1656 21 133 2189 158 3929 87 4387 24 2988 765 92 58 2373 266 1341
leaf_count=27 59 3038 301 30 303 2128 72 26 1370 876 110 46 665 304 1656 21 133 2189 158 3929 87 4387 24 2988 765 92 58 2373 266 1341
internal_value=0.000182108 0.0214219 -0.170347 0.0835229 -0.332911 0.00280647 -0.590973 0.0743446 -0.124468 -0.0218752 0.316303 0.0203786 -0.168231 -0.281893 0.0620829 -0.458133 0.122712 -0.0122171 -0.0944525 0.012747 -0.000301932 0.0332643 -0.149258 -0.0198312 0.105749 0.23104 -0.0789184 -0.0459135 0.15634 0.0182315
internal_weight=29822 26519 3303 6116 727 20403 120 5884 2576 8485 232 11918 1048 607 4694 93 1190 6053 1528 7485 2215 4433 747 3864 791 122 82 2432 399 5270
internal_count=29822 26519 3303 6116 727 20403 120 5884 2576 8485 232 11918 1048 607 4694 93 1190 6053 1528 7485 2215 4433 747 3864 791 122 82 2432 399 5270
is_linear=0
shrinkage=0.05


Tree=25
num_leaves=31
num_cat=0
split_feature=296 299 299 299 200 288 61 237 299 299 299 295 183 241 237 284 246 284 245 183 133 277 293 196 293 299 299 45 296 38
split_gain=38635.3 11447.6 7170.6 4392.26 4005.13 2186.9 2106.44 1458.39 1099.98 966.822 719.696 583.48 407.95 291.676 286.641 278.326 274.042 265.853 248.796 222.8 212.815 203.224 188.845 186.394 184.132 183.323 181.847 178.208 256.831 177.522
threshold=-9.2286376953124982 0.1172674596309662 -21.111381530761715 -4.2280995845794669 9.5983052253723162 -30.935287475585934 -9.239254951477049 -10.207646846771238 3.8040072917938237 -1.9737647175788877 -7.4872794151306143 13.190864562988283 -18.411271095275875 -13.687293052673338 -1.4300686717033384 0.21655879914760592 -3.7485356330871578 -4.1308505535125724 -0.6261322796344756 -3.106060147285461 -6.1495578289031974 13.560022354125978 -3.1911075115203853 -1.1356862187385557 -11.608235359191893 -5.3012070655822745 7.3064703941345224 -10.793982505798338 -26.273333549499508 -7.6260426044464102
decision_type=2 2 2 2 2 2 2 2 2 2 2 2 2 2 2 2 2 2 2 2 2 2 2 2 2 2 2 2 2 2
left_child=2 3 5 10 8 6 -1 13 15 17 18 -6 -8 -4 25 19 24 -5 -2 -3 -11 -13 -19 -22 -9 -12 -10 -7 -29 -14
right_child=1 4 7 9 11 27 12 16 26 20 14 21 29 -15 -16 -17 -18 22 -20 -21 23 -23 -24 -25 -26 -27 -28 28 -30 -31
leaf_value=-0.97419791843580161 -0.073140296235577468 -0.0067233782699879481 -0.22200356245680086 -0.011392113585775451 0.22299401324728263 -0.1669017333984375 -0.58238134384155271 -0.13921267492992662 0.11382608244476511 -0.091544038222895738 -0.040284224452743912 0.35267854817708333 -0.29619275456980659 -0.16637718215584757 0.011770771445927338 0.074498102570044911 -0.01764888650760418 -0.0022533020944313182 0.10051648872239249 0.05406534603719873 0.021799638415951384 0.5320584106445313 0.014801672480438597 0.038367825031715604 -0.097488412547876491 -0.019481887028911921 0.17111705371311733 -0.36802475322376599 -0.27506836970300136 -0.47733520666758222
leaf_weight=23 1156 170 373 1961 115 25 32 409 789 36 2212 75 38 640 447 2462 82 2395 21 1330 3291 20 5036 3506 748 2032 168 110 229 21
leaf_count=23 1156 170 373 1961 115 25 32 409 789 36 2212 75 38 640 447 2462 82 2395 21 1330 3291 20 5036 3506 748 2032 168 110 229 21
internal_value=-0.00037382 0.0176095 -0.179694 0.00198685 0.0849037 -0.355582 -0.546685 -0.14236 0.0757745 0.0153941 -0.0350841 0.298745 -0.438633 -0.18686 -0.026313 0.064154 -0.105978 0.00498346 -0.0700419 0.047176 0.0297036 0.390443 0.00930488 0.0303458 -0.112238 -0.0303242 0.123883 -0.295731 -0.305231 -0.360667
internal_weight=29952 27222 2730 22093 5129 478 114 2252 4919 16225 5868 210 91 1013 4691 3962 1239 9392 1177 1500 6833 95 7431 6797 1157 4244 957 364 339 59
internal_count=29952 27222 2730 22093 5129 478 114 2252 4919 16225 5868 210 91 1013 4691 3962 1239 9392 1177 1500 6833 95 7431 6797 1157 4244 957 364 339 59
is_linear=0
shrinkage=0.05


Tree=26
num_leaves=31
num_cat=0
split_feature=293 299 299 299 200 293 57 299 299 292 299 292 255 16 180 239 291 242 232 133 277 181 185 183 160 183 248 289 44 259
split_gain=34931.6 10080.2 6970.19 3619.43 3614.12 1991.56 1851.8 1600.25 992.168 850.502 563.667 555.314 384.616 348.096 363.628 276.629 262.938 225.578 219.489 184.726 181.127 174.191 173.269 153.633 153.355 153.263 151.456 150.645 170.135 149.645
threshold=-8.6858973503112775 0.1172674596309662 -21.111381530761715 -3.5577646493911739 9.5983052253723162 -31.276448249816891 -9.3621783256530744 -13.775900363922117 3.8040072917938237 -6.2476677894592276 -1.5952380895614622 9.895179748535158 -4.9909763336181632 -2.7748951911926265 -17.739496231079098 -3.0821341276168819 1.7415864467620852 -12.346176624298094 -2.6949299573898311 -6.1495578289031974 13.560022354125978 2.8096622228622441 -5.6952593326568595 -2.7732183933258052 -6.0144536495208731 0.53169313073158275 -5.2030763626098624 -20.407959938049313 -11.163403511047362 3.0059831142425542
decision_type=2 2 2 2 2 2 2 2 2 2 2 2 2 2 2 2 2 2 2 2 2 2 2 2 2 2 2 2 2 2
left_child=2 3 5 9 8 6 -1 17 16 -2 18 -6 22 -8 -15 26 23 -4 -5 -12 -13 -10 -9 -3 -21 -17 -11 28 -7 -20
right_child=1 4 7 10 11 27 13 12 21 15 19 20 -14 14 -16 25 -18 -19 29 24 -22 -23 -24 -25 -26 -27 -28 -29 -30 -31
leaf_value=-0.90748805999755866 -0.054283119091153478 0.016971899002914192 -0.2029299265870424 -0.0023271993389459857 0.19853153991699221 -0.16773238285728123 -0.23058950543403625 -0.12218662058292894 0.098542142639744965 -0.043670481744823346 -0.09461071244601546 0.32653513291302855 -0.029284770384600218 -0.60401477813720705 -0.37794035569481227 -0.0063904941897226439 0.078549444910330099 -0.15262680921254981 0.014828143082322956 -0.057963786733911393 0.47963632202148443 0.14145497159042181 -0.08645470935636039 0.055837316976646435 0.032770078661340095 0.04405212197452784 -0.018890677758035046 -0.22304728190104167 -0.30993635489688659 0.13739955669641496
leaf_weight=24 1815 286 535 2444 100 23 20 836 530 812 29 85 176 29 46 2559 1383 382 6310 47 25 427 571 2292 5082 160 2563 90 246 25
leaf_count=24 1815 286 535 2444 100 23 20 836 530 812 29 85 176 29 46 2559 1383 382 6310 47 25 427 571 2292 5082 160 2563 90 246 25
internal_value=-0.000355129 0.0175863 -0.162864 0.00277746 0.0806738 -0.337803 -0.515069 -0.129415 0.0719999 -0.024239 0.0181088 0.283807 -0.0989689 -0.415931 -0.465356 -0.0152908 0.0609611 -0.181975 0.0104013 0.0312271 0.361331 0.117689 -0.107686 0.0515256 0.0319386 -0.00342219 -0.0248525 -0.279043 -0.297778 0.0153119
internal_weight=29952 26974 2978 21846 5128 478 119 2500 4918 7909 13937 210 1583 95 75 6094 3961 917 8779 5158 110 957 1407 2578 5129 2719 3375 359 269 6335
internal_count=29952 26974 2978 21846 5128 478 119 2500 4918 7909 13937 210 1583 95 75 6094 3961 917 8779 5158 110 957 1407 2578 5129 2719 3375 359 269 6335
is_linear=0
shrinkage=0.05


Tree=27
num_leaves=31
num_cat=0
split_feature=297 299 299 299 299 293 57 299 299 242 63 170 242 51 239 253 299 285 21 293 77 279 183 299 241 44 247 189 131 285
split_gain=31535.6 9252.65 6043.15 3438.15 3289.78 1797.38 1671.25 1356.22 888.423 862.952 529.7 505.735 339.302 314.4 310.533 308.765 288.767 263.886 248.175 240.826 238.932 211.334 208.135 158.559 150.521 185.591 144.482 142.674 139.055 123.449
threshold=-9.0264005661010724 0.1172674596309662 -21.111381530761715 -3.4728871583938594 9.1141176223754901 -31.276448249816891 -9.3621783256530744 -12.769869327545164 -5.3793838024139395 2.3424685001373295 21.202371597290043 -0.7836429476737975 -12.346176624298094 -7.5967831611633292 0.26408497989177709 -5.4721999168395987 5.7298038005828866 -2.5434117317199703 -1.4422464370727537 -6.8262460231780997 1.9998442530632021 10.033039569854738 -2.3697736263275142 1.1531372070312502 -17.712136268615719 -8.4499998092651349 -4.1993091106414786 -1.1177180409431455 -1.9389157891273496 -3.5588937997817989
decision_type=2 2 2 2 2 2 2 2 2 2 2 2 2 2 2 2 2 2 2 2 2 2 2 2 2 2 2 2 2 2
left_child=2 3 5 8 9 6 -1 12 14 22 -6 17 -4 -8 19 -9 -11 20 -15 -2 -5 -12 29 -24 25 -7 -22 -13 -10 -3
right_child=1 4 7 11 10 24 13 15 28 16 21 27 -14 18 -16 -17 -18 -19 -20 -21 26 -23 23 -25 -26 -27 -28 -29 -30 -31
leaf_value=-0.86211363474527991 -0.062455954615473264 -0.060075832350554359 -0.19273785601325213 0.002885214057713319 0.19201010107024899 -0.15574266260320491 -0.2386857271194458 -0.099215731559363946 -0.017511274806284713 0.08976640288646405 0.30213394165039065 0.019880353659037963 -0.13840369020536517 -0.37034171214327216 0.071579038685765761 -0.026011969443566787 0.14606834358268686 0.018474406620732391 -0.560517149681932 -0.034486911980041716 -0.14770119954378177 0.46254171643938335 0.046785317311013069 0.069681763260797891 -0.22752367156782963 -0.30940302973208222 -0.030796781400354897 0.036730661134474471 -0.00089349282585739784 0.031076384937608781
leaf_weight=24 1243 41 561 3831 123 22 24 1048 2722 1118 77 2108 589 42 58 167 286 4428 29 2021 39 28 1369 1689 153 184 82 3109 2342 395
leaf_count=24 1243 41 561 3831 123 22 24 1048 2722 1118 77 2108 589 42 58 167 286 4428 29 2021 39 28 1369 1689 153 184 82 3109 2342 395
internal_value=-0.000337373 0.0162772 -0.158763 0.0021716 0.0767696 -0.320912 -0.489315 -0.125991 -0.0230071 0.0681274 0.262424 0.0177006 -0.164909 -0.395135 -0.0431003 -0.089154 0.101235 0.0100922 -0.448019 -0.0451381 0.000700297 0.344909 0.0548236 0.0594315 -0.265091 -0.292993 -0.0684767 0.0299221 -0.00982588 0.0225047
internal_weight=29952 27109 2843 21983 5126 478 119 2365 8386 4898 228 13597 1150 95 3322 1215 1404 8380 71 3264 3952 105 3494 3058 359 206 121 5217 5064 436
internal_count=29952 27109 2843 21983 5126 478 119 2365 8386 4898 228 13597 1150 95 3322 1215 1404 8380 71 3264 3952 105 3494 3058 359 206 121 5217 5064 436
is_linear=0
shrinkage=0.05


Tree=28
num_leaves=31
num_cat=0
split_feature=297 299 297 299 299 237 187 39 299 250 232 292 299 289 48 284 249 246 279 55 292 237 183 246 299 52 217 77 183 294
split_gain=28497.2 8980.56 4700.56 3648.25 2944.71 1421.92 1191.98 2989.74 1184.22 775.007 578.75 423.611 298.091 280.906 279.128 248.733 230.292 227.763 218.475 213.132 198.102 191.242 150.713 141.687 137.423 135.543 134.98 256.824 134.381 122.359
threshold=-10.128872394561766 -1.2319608330726621 -26.334764480590817 7.3064703941345224 -5.3012070655822745 -11.625496387481688 -18.040490150451657 -11.638302803039549 1.5019976496696474 18.428963661193851 -2.6949299573898311 -6.2476677894592276 -18.488416671752926 3.0678534507751469 -10.015318870544432 -4.4795947074890128 -1.0000000180025095e-35 -5.0129411220550528 10.033039569854738 -5.8795096874237052 -2.2827843427658077 -1.1605011224746702 -2.9700996875762935 -23.440613746643063 -8.205293655395506 -2.8590195178985591 -3.0070182085037227 2.679607748985291 -3.2152329683303829 -13.067154407501219
decision_type=2 2 2 2 2 2 2 2 2 2 2 2 2 2 2 2 2 2 2 2 2 2 2 2 2 2 2 2 2 2
left_child=2 4 6 8 11 12 7 -1 16 -5 28 24 -4 22 -8 25 26 29 -11 -9 -17 -13 -10 -16 -2 -12 27 -3 -6 -7
right_child=1 3 5 9 10 17 14 19 13 18 15 21 -14 -15 23 20 -18 -19 -20 -21 -22 -23 -24 -25 -26 -27 -28 -29 -30 -31
leaf_value=-1.0449735369001116 -0.075453872258084823 0.015755246021320349 -0.22091521229463465 0.16296182383661684 -0.020081572345265655 -0.13707683556580805 -0.1324409816576087 -0.29648009376092394 0.0069873229738462855 0.28110739545124336 -0.054623699581847998 -0.03141564645793378 -0.1638276704634079 0.09780982332294999 -0.41467834134255688 0.0069732308541686763 0.050490789852076869 -0.037694367945615551 0.43880022684733072 -0.48708249547264793 0.022260578097758072 0.029209375306171625 0.068262409789772979 -0.29173060208559037 -0.049238839604405282 -0.0039104710082354596 0.033048205746677738 -0.11713829457759857 -0.0031594442468682233 -0.10217328182076449
leaf_weight=21 834 399 425 230 1724 387 23 44 108 82 159 1680 495 1021 31 4211 2033 106 30 22 4266 141 1417 96 1248 769 3523 40 3672 715
leaf_count=21 834 399 425 230 1724 387 23 44 108 82 159 1680 495 1021 31 4211 2033 106 30 22 4266 141 1417 96 1248 769 3523 40 3672 715
internal_value=-0.000320504 0.0139593 -0.16689 0.0553551 -0.00570065 -0.143366 -0.378113 -0.525349 0.0489432 0.215485 0.00448709 -0.0443347 -0.1902 0.0775123 -0.292715 0.0119761 0.0368102 -0.107697 0.323347 -0.360014 0.0146665 -0.0267215 0.0639229 -0.321741 -0.05974 -0.0125995 0.0297904 0.0036465 -0.008566 -0.114431
internal_weight=29952 27587 2365 8883 18704 2128 237 87 8541 342 14801 3903 920 2546 150 9405 5995 1208 112 66 8477 1821 1525 127 2082 928 3962 439 5396 1102
internal_count=29952 27587 2365 8883 18704 2128 237 87 8541 342 14801 3903 920 2546 150 9405 5995 1208 112 66 8477 1821 1525 127 2082 928 3962 439 5396 1102
is_linear=0
shrinkage=0.05


Tree=29
num_leaves=31
num_cat=0
split_feature=293 299 299 299 172 288 61 299 299 249 249 295 180 134 241 185 237 232 299 88 219 289 114 277 160 103 173 242 292 299
split_gain=25824 7352.42 5295.11 2744.22 2617.67 1510.4 1570.98 1261.97 625.327 623.206 467.924 410.292 377.941 314.289 228.292 199.579 183.192 177.584 172.164 167.092 155.914 174.506 153.37 151.037 148.552 210.682 157.136 144.426 139.682 128.386
threshold=-8.4819374084472638 0.42504899203777319 -21.111381530761715 -3.4109185934066768 9.7594771385192889 -30.935287475585934 -9.239254951477049 -13.220529556274412 3.8040072917938237 -4.4193987846374503 -1.532908499240875 13.190864562988283 -17.739496231079098 0.11136684939265253 -13.687293052673338 0.10655971989035608 -0.8051961064338683 0.045039219781756408 -7.3380885124206534 -7.429790496826171 -23.309720993041989 -20.407959938049313 5.0321960449218759 13.560022354125978 -6.0144536495208731 -0.89704439043998707 -1.2965431809425352 4.0370812416076669 -15.451577663421629 -4.8664705753326407
decision_type=2 2 2 2 2 2 2 2 2 2 2 2 2 2 2 2 2 2 2 2 2 2 2 2 2 2 2 2 2 2
left_child=2 3 5 9 8 6 -1 14 15 18 22 -6 -8 28 -4 -3 29 -12 -2 -14 -7 -22 24 -13 25 -5 -26 -10 -9 -11
right_child=1 4 7 10 11 20 12 13 27 16 17 23 19 -15 -16 -17 -18 -19 -20 -21 21 -23 -24 -25 26 -27 -28 -29 -30 -31
leaf_value=-0.8180694580078125 -0.056978656019818441 0.040526274442244228 -0.18442419863143455 0.020074748901544877 0.18055707543297153 -0.10806216285342263 -0.47865707809860647 -0.18501712290777103 0.085008964026626041 -0.023492077955565134 0.021990983350588109 0.28695991917660363 -0.17287661830584211 -0.0048525066625687389 -0.1349965267671199 0.065233280866826934 0.017594424962410576 0.04051223076356078 -0.029967517182750758 -0.34987863699595134 -0.26968113150992412 -0.18861468394597372 -0.10181059548931737 0.43572678999467335 0.0047398244333843424 -0.12228181647757691 0.0193898044765713 0.12481448956987679 -0.085300831502941654 -0.0062453017829360441
leaf_weight=23 813 1391 361 53 113 21 37 36 567 1627 4239 76 24 124 662 1982 584 1863 2150 30 253 90 31 22 4717 51 2991 381 1436 3204
leaf_count=23 813 1391 361 53 113 21 37 36 567 1627 4239 76 24 124 662 1982 584 1863 2150 30 253 90 31 22 4717 51 2991 381 1436 3204
internal_value=-0.000304479 0.0154617 -0.137018 0.0036737 0.0735253 -0.290053 -0.448871 -0.109087 0.0651282 -0.0189437 0.017262 0.245488 -0.355557 -0.0812997 -0.152439 0.0550443 -0.00885622 0.0276457 -0.0373789 -0.271211 -0.240313 -0.24841 0.00918324 0.320357 0.00962369 -0.0497347 0.0104246 0.101007 -0.0877395 -0.0120537
internal_weight=29952 26855 3097 22323 4532 478 114 2619 4321 8378 13945 211 91 1596 1023 3373 5415 6102 2963 54 364 343 7843 98 7812 104 7708 948 1472 4831
internal_count=29952 26855 3097 22323 4532 478 114 2619 4321 8378 13945 211 91 1596 1023 3373 5415 6102 2963 54 364 343 7843 98 7812 104 7708 948 1472 4831
is_linear=0
shrinkage=0.05


Tree=30
num_leaves=31
num_cat=0
split_feature=296 299 294 299 299 249 3 247 257 236 198 0 251 283 299 246 294 184 299 255 77 84 160 191 292 32 236 27 2 292
split_gain=22396.5 7210.57 3760.27 3182.56 2075.37 1287.78 2138.26 1172.75 592.367 464.112 404.964 373.35 345.028 291.671 262.026 232.954 210.892 171.598 171.007 160.813 159.542 169.837 158.055 178.832 155.967 150.646 144.079 133.104 120.05 119.145
threshold=-9.2286376953124982 -1.1014610528945921 -18.317317962646481 9.1141176223754901 -4.9177896976470938 -23.650643348693844 2.543159127235413 1.5318217873573305 -10.6286563873291 -2.6252050399780269 19.592127799987797 2.6260000467300419 -6.036796808242797 -1.0398031473159788 4.8404204845428476 -3.716106534004211 3.6778513193130498 -1.9490980505943296 1.5019976496696474 -18.340608596801754 3.1385161876678471 1.0004243254661562 -4.1519260406494132 -0.10460206121206282 -14.751184940338133 -2.320293545722961 -1.300240635871887 -7.2067253589630118 1.5196832418441775 -10.768903255462645
decision_type=2 2 2 2 2 2 2 2 2 2 2 2 2 2 2 2 2 2 2 2 2 2 2 2 2 2 2 2 2 2
left_child=2 4 5 7 12 6 11 13 24 22 -5 -1 -2 20 -9 29 17 -11 -15 27 -3 -22 23 -6 -4 -12 -14 -7 -28 -10
right_child=1 3 8 10 9 19 -8 14 15 16 25 -13 26 18 -16 -17 -18 -19 -20 -21 21 -23 -24 -25 -26 -27 28 -29 -30 -31
leaf_value=-0.33319297612179072 -0.056256868690252308 0.023771768863351358 -0.15834217763282885 0.16915827388257054 -0.018473464299755205 -0.14271524363550647 -0.78956838204310498 0.069889931939075473 -0.10263982785950515 0.0026149011174357662 0.39460052661597733 -0.094424977289004772 -0.028197195588238605 0.037878975418794029 0.11222708013993275 0.0098770072132768772 0.12039575417422586 0.016945842222231458 0.061248538398027644 -0.18788440603958934 -0.11215677479155024 0.055504573318783362 -0.0027512047818656696 -0.093526115219344161 -0.11550009228669403 0.26690267841499971 -0.0019485542492214342 -0.25800986993508263 0.10161200431175531 -0.068399794752521989
leaf_weight=64 1232 2107 355 113 621 29 26 1596 461 3228 32 22 2823 2939 474 71 45 5919 1067 380 44 23 4602 91 529 83 223 183 32 566
leaf_count=64 1232 2107 355 113 621 29 26 1596 461 3228 32 22 2823 2939 474 71 45 5919 1067 380 44 23 4602 91 529 83 223 183 32 566
internal_value=0.000261686 0.0138187 -0.137499 0.0521045 -0.00343191 -0.236763 -0.392236 0.0470118 -0.102241 0.00561955 0.236382 -0.272113 -0.0338961 0.0361015 0.0795845 -0.077714 0.0124196 0.0118884 0.0441035 -0.207349 0.0213564 -0.0546014 -0.00614301 -0.0280659 -0.132705 0.302436 -0.0249459 -0.242238 0.0110473 -0.0837695
internal_weight=29980 27294 2686 8478 18816 704 112 8250 1982 14506 228 86 4310 6180 2070 1098 9192 9147 4006 592 2174 67 5314 712 884 115 3078 212 255 1027
internal_count=29980 27294 2686 8478 18816 704 112 8250 1982 14506 228 86 4310 6180 2070 1098 9192 9147 4006 592 2174 67 5314 712 884 115 3078 212 255 1027
is_linear=0
shrinkage=0.05


Tree=31
num_leaves=31
num_cat=0
split_feature=291 295 299 299 176 249 3 240 299 299 299 284 0 185 248 183 77 247 255 230 281 165 27 99 247 50 299 178 185 257
split_gain=20256.9 6325.03 3916.58 2642.97 2309.71 1278.76 1929.78 582.482 529.204 509.994 475.996 357.636 336.948 242.931 202.201 193.566 197.96 187.503 175.224 165.417 156.459 135.643 135.155 118.454 117.49 136.199 116.147 111.993 105.006 101.882
threshold=-8.3889036178588849 1.0086528658866885 -17.569240570068356 -3.1810740232467647 9.9002618789672869 -23.650643348693844 2.543159127235413 -4.6375172138214102 -12.33857202529907 -1.0678823590278623 4.8404204845428476 6.9608402252197275 2.6260000467300419 0.26419231295585638 -3.760607004165649 -2.8677114248275752 2.1622282266616826 1.1837777495384219 -18.340608596801754 -3.5210715532302852 -1.3392156362533567 -4.4800515174865714 -7.2067253589630118 -4.9531273841857901 1.5318217873573305 3.2520277500152592 -7.6433980464935294 -1.7340335845947263 -5.6952593326568595 -11.034117698669432
decision_type=2 2 2 2 2 2 2 2 2 2 2 2 2 2 2 2 2 2 2 2 2 2 2 2 2 2 2 2 2 2
left_child=2 3 5 7 10 6 12 26 29 19 17 -6 -1 28 -9 16 -11 -3 22 -5 -16 -21 -7 -17 -25 -26 -2 -23 -10 -4
right_child=1 4 8 9 11 18 -8 14 13 15 -12 -13 -14 -15 20 23 -18 -19 -20 21 -22 27 -24 24 25 -27 -28 -29 -30 -31
leaf_value=-0.31653318921453322 -0.055569107450416579 0.045209528015088402 -0.13119290306496975 -0.0088774263236921624 0.17346970240275067 -0.13138080537319183 -0.75008995074492235 -0.020730767761968666 -0.08702346173131259 0.012512263625378271 0.10594556680439671 0.30721935933950001 -0.089703721502287836 0.023694955212050589 -0.0066113914989923833 0.096295982599258423 -0.099953431352263408 0.070113431471899482 -0.17346021307616677 -0.034440049169304439 0.019346580392252791 0.006268409779065451 -0.24216955688399111 0.030858671348391372 0.049382817883737128 0.14617094874382019 -0.030801652717890645 0.018712986834983691 -0.058154844053006444 -0.096802294452985133
leaf_weight=64 639 1658 536 939 102 32 26 2359 633 572 581 98 22 69 3805 77 42 1389 476 146 685 2836 197 3759 398 40 1826 4987 627 360
leaf_count=64 639 1658 536 939 102 32 26 2359 633 572 581 98 22 69 3805 77 42 1389 476 146 685 2836 197 3759 398 40 1826 4987 627 360
internal_value=0.000248601 0.01406 -0.122056 0.00419936 0.0735895 -0.215682 -0.372625 -0.0163797 -0.0876774 0.0180927 0.0644706 0.239007 -0.258507 -0.0676554 -0.00887835 0.0310705 0.00481917 0.0565622 -0.19075 0.0109716 -0.00265121 0.0133104 -0.226688 0.0348418 0.0337143 0.0582219 -0.0372221 0.0142016 -0.0726579 -0.117375
internal_weight=29980 26938 3042 23110 3828 817 112 9314 2225 13796 3628 200 86 1329 6849 4888 614 3047 705 8908 4490 7969 229 4274 4197 438 2465 7823 1260 896
internal_count=29980 26938 3042 23110 3828 817 112 9314 2225 13796 3628 200 86 1329 6849 4888 614 3047 705 8908 4490 7969 229 4274 4197 438 2465 7823 1260 896
is_linear=0
shrinkage=0.05


Tree=32
num_leaves=31
num_cat=0
split_feature=296 295 297 299 239 249 3 299 247 257 299 295 71 256 299 299 183 77 291 286 211 168 1 18 298 1 299 187 190 10
split_gain=18291.4 5894.72 3088.02 2417.77 2257 1028.38 1748.31 563.852 552.087 473.017 461.207 289.785 273.159 197.4 191.772 177.872 175.632 176.096 161.33 154.843 151.355 150.495 140.701 134.443 134.218 126.864 124.431 124.314 120.177 118.052
threshold=-9.2286376953124982 0.4247854501008988 -18.573308944702145 -3.5329988002777095 8.8890256881713885 -23.650643348693844 2.543159127235413 2.0092155933380131 -4.7001569271087638 -10.6286563873291 -1.1640448570251463 13.190864562988283 -9.8619480133056623 -4.6592400074005118 -6.763584852218627 4.8404204845428476 -3.3703291416168208 2.8050589561462407 -3.2089263200759883 -18.872526168823239 -3.8612674474716182 1.2114301919937136 0.36244173347949987 -0.97747090458869923 -0.30230392515659327 1.0382578372955324 -22.958210945129391 0.60696649551391613 -1.3934480547904966 -3.1439098119735713
decision_type=2 2 2 2 2 2 2 2 2 2 2 2 2 2 2 2 2 2 2 2 2 2 2 2 2 2 2 2 2 2
left_child=2 3 5 8 7 6 12 27 14 19 20 -6 -1 -11 29 -9 17 -12 -10 23 21 -5 -14 -4 28 -13 -7 -3 -22 -2
right_child=1 4 9 10 11 26 -8 15 18 13 16 25 22 -15 -16 -17 -18 -19 -20 -21 24 -23 -24 -25 -26 -27 -28 -29 -30 -31
leaf_value=-0.097521674114724871 -0.10005897252987593 0.032543754630514607 -0.14363181234470435 -0.0048877421346142751 0.15987874348958334 -0.21590811024193002 -0.71258547351910517 0.06616178536853165 -0.016385625084589638 -0.077027861825554364 0.0054625949943413465 0.19777056127786638 -0.39101914477348332 -0.00052769514529601384 -0.025863941812603614 0.099806209402635196 0.03064323919097179 -0.12040392319361369 0.002276075384075712 -0.11312858368299022 0.0065544316266570772 -0.088933669349976957 -0.23906713311488811 -0.28507577218115332 -0.032137203364342629 0.31147609678181737 -0.16896630405349072 0.054251984750556065 0.018819097900054895 -0.047381312132257748
leaf_weight=23 117 1719 56 1090 105 238 26 1279 3753 1011 377 36 25 92 1501 567 4045 30 1675 805 5205 56 39 24 182 77 347 1070 3241 1169
leaf_count=23 117 1719 56 1090 105 238 26 1279 3753 1011 377 36 25 92 1501 567 4045 30 1675 805 5205 56 39 24 182 77 347 1070 3241 1169
internal_value=0.000236171 0.0124879 -0.124261 0.00168221 0.062455 -0.214737 -0.352826 0.0550601 -0.0199148 -0.0924937 0.0141537 0.219682 -0.245311 -0.0706471 -0.0380041 0.0764957 0.0274931 -0.00381504 -0.0106269 -0.119722 0.00807772 -0.0089947 -0.298423 -0.186065 0.0103453 0.275251 -0.188064 0.0408721 0.0112608 -0.0521739
internal_weight=29980 27294 2686 22441 4853 698 113 4635 8215 1988 14226 218 87 1103 2787 1846 4452 407 5428 885 9774 1146 64 80 8628 113 585 2789 8446 1286
internal_count=29980 27294 2686 22441 4853 698 113 4635 8215 1988 14226 218 87 1103 2787 1846 4452 407 5428 885 9774 1146 64 80 8628 113 585 2789 8446 1286
is_linear=0
shrinkage=0.05


Tree=33
num_leaves=31
num_cat=0
split_feature=291 293 293 176 299 249 3 251 299 248 184 0 277 220 245 299 3 58 291 272 241 286 50 266 299 180 26 287 118 131
split_gain=16557.9 5163.43 3196.73 2142.88 1908.41 1035.1 1577.85 584.695 444.717 431.698 374.251 290.078 273.522 225.161 213.32 182.404 166.065 165.895 160.849 146.331 144.663 142.917 139.152 138.513 137.075 122.009 117.422 112.689 112.37 106.478
threshold=-8.3889036178588849 0.38665656745433813 -17.186263084411618 9.9002618789672869 -3.3250629901885982 -23.650643348693844 2.543159127235413 2.2629028558731084 -12.33857202529907 -5.0504705905914298 -0.77950549125671376 2.6260000467300419 13.560022354125978 -4.0071914196014395 -2.7860549688339229 1.5019976496696474 3.5123529434204106 -1.1996877193450926 -2.6876189708709712 4.100074529647828 -17.712136268615719 5.7835841178894052 -0.20230134576559064 -17.726677894592282 0.74729758501052868 -1.4722425937652586 -2.6123734712600704 -25.703362464904782 -0.28352941572666163 -3.937186479568481
decision_type=2 2 2 2 2 2 2 2 2 2 2 2 2 2 2 2 2 2 2 2 2 2 2 2 2 2 2 2 2 2
left_child=2 4 5 7 9 6 11 15 23 -2 13 -1 21 17 -10 -3 20 22 -11 -9 -7 -5 -6 -4 -12 -15 -23 -18 -25 -20
right_child=1 3 8 12 10 16 -8 19 14 18 24 -13 -14 25 -16 -17 27 -19 29 -21 -22 26 -24 28 -26 -27 -28 -29 -30 -31
leaf_value=-0.28616151282420527 -0.035233662988636165 0.033085037046796918 -0.22002114516038163 0.14157596881573017 -0.0082636345653717448 -0.21604591714273585 -0.67695619349296277 0.064882956115128121 -0.066088548121522192 -0.013660547149970337 0.022386671164453247 -0.076113137467340997 0.38737134066495033 0.005030451168144684 0.014489058000882241 0.057038914396787599 -0.16378439122980293 0.0078654773419883656 -0.036202986147386811 0.099113817384988798 -0.1645334975531676 0.3279717556559123 -0.062748710469265154 -0.10673354794249011 0.047618370347467652 0.017487633454552513 0.20620382719011193 -0.049966798826705579 -0.018819956716738251 0.0094890061107271162
leaf_weight=65 2155 2176 26 65 229 202 26 632 1233 5056 3999 22 22 4210 88 1252 44 394 141 617 419 26 240 836 622 3687 83 43 38 1332
leaf_count=65 2155 2176 26 65 229 202 26 632 1233 5056 3999 22 22 4210 88 1252 44 394 141 617 419 26 240 836 622 3687 83 43 38 1332
internal_value=0.000224363 0.0127112 -0.110351 0.0592924 0.0024239 -0.194655 -0.335184 0.0525048 -0.0791882 -0.0158293 0.0142699 -0.233046 0.221259 0.00819658 -0.0607208 0.0418337 -0.172226 -0.0160522 -0.00942457 0.0817928 -0.18129 0.200256 -0.0361451 -0.106294 0.0257829 0.0108465 0.235249 -0.10753 -0.102911 0.00511523
internal_weight=29980 26938 3042 4873 22065 821 113 4677 2221 8684 13381 87 196 8760 1321 3428 708 863 6529 1249 621 174 469 900 4621 7897 109 87 874 1473
internal_count=29980 26938 3042 4873 22065 821 113 4677 2221 8684 13381 87 196 8760 1321 3428 708 863 6529 1249 621 174 469 900 4621 7897 109 87 874 1473
is_linear=0
shrinkage=0.05


Tree=34
num_leaves=31
num_cat=0
split_feature=296 296 294 299 299 296 3 299 299 202 240 251 85 246 242 114 211 165 32 246 30 290 288 237 248 189 2 217 77 28
split_gain=14948.9 4846.52 2514.58 2026.91 1737.95 872.539 707.896 561.981 464.155 442.925 409.69 296.499 274.055 188.416 173.98 163.419 159.295 158.55 147.129 142.966 130.109 143.963 127.446 127.305 119.849 115.449 114.279 113.577 104.67 99.3229
threshold=-9.2286376953124982 -0.27233155071735377 -18.317317962646481 7.3064703941345224 -4.5093576908111563 -30.527782440185543 2.543159127235413 1.8920261859893801 -2.2963410615921016 16.787749290466312 -10.813185214996336 -6.036796808242797 -11.808985233306883 -3.716106534004211 -0.88199645280838002 4.20941185951233 -4.3176190853118888 -5.0842022895812979 -2.320293545722961 -1.0223529934883115 -6.0407516956329337 -22.599019050598141 4.2118124961853036 -2.1608046293258663 3.1774230003356938 -1.3423418402671812 2.3839018344879155 -1.5768627524375913 1.8731780052185061 4.6501402854919442
decision_type=2 2 2 2 2 2 2 2 2 2 2 2 2 2 2 2 2 2 2 2 2 2 2 2 2 2 2 2 2 2
left_child=2 4 5 7 11 6 12 19 17 -5 29 -2 -1 -12 15 16 28 -6 -11 27 -7 -22 -9 -13 -16 -19 -25 -3 -10 -4
right_child=1 3 10 9 8 20 -8 22 14 18 13 23 -14 -15 24 -17 -18 25 -20 -21 21 -23 -24 26 -26 -27 -28 -29 -30 -31
leaf_value=-0.10037234379695013 -0.046343525366805423 5.3173894606696909e-05 -0.11044998360564573 0.1266871402138158 -0.040269678991195587 -0.12183049397590834 -0.49634742360366019 0.05611259382657055 -0.0073187284949251296 0.33938476331532003 -0.071646697420008024 -0.02261184655738491 -0.30050787639617926 0.011574625037609899 0.024912776199032788 -0.10943524113723212 0.014382879317507539 -0.0027638764081853217 0.21380025550376539 0.03895448310121602 -0.219667093663276 -0.1611823788900224 0.083581535277828092 -0.0030954936299262357 0.085211897176854762 0.011044382390115581 0.092478883627689246 0.029761497062413711 -0.076504421456536256 -0.19692699296133861
leaf_weight=26 1284 493 647 209 242 117 38 1324 297 32 1228 3281 50 72 2699 28 4338 5835 86 2772 158 315 620 599 85 2044 33 926 67 35
leaf_count=26 1284 493 647 209 242 117 38 1324 297 32 1228 3281 50 72 2699 28 4338 5835 86 2772 158 315 620 599 85 2044 33 926 67 35
internal_value=0.000213145 0.011289 -0.112335 0.0491188 -0.000445605 -0.193509 -0.320143 0.0426538 0.00788066 0.170412 -0.0835027 -0.0254949 -0.23204 -0.0670375 0.0168368 0.0109998 0.011717 -0.000406079 0.247857 0.0323472 -0.169041 -0.180718 0.0648733 -0.0186537 0.0267538 0.000818314 0.00189494 0.01944 -0.0200535 -0.114888
internal_weight=29980 27294 2686 6462 20832 704 114 6135 15635 327 1982 5197 76 1300 7514 4730 4702 8121 118 4191 590 473 1944 3913 2784 7879 632 1419 364 682
internal_count=29980 27294 2686 6462 20832 704 114 6135 15635 327 1982 5197 76 1300 7514 4730 4702 8121 118 4191 590 473 1944 3913 2784 7879 632 1419 364 682
is_linear=0
shrinkage=0.05


Tree=35
num_leaves=31
num_cat=0
split_feature=293 299 299 251 141 3 299 297 242 258 239 249 183 288 292 299 192 48 77 293 17 283 289 164 84 265 263 242 38 293
split_gain=14512.6 4586.69 3285.28 2230.4 1536.88 3121.06 1187.21 1007.49 896.497 472.609 275.037 253.273 249.128 238.426 208.681 183.004 175.524 173.608 166.314 159.075 159.031 151.46 145.915 134.803 117.214 114.444 111.319 109.952 104.69 101.74
threshold=-10.401985168457029 -1.9983177185058592 -30.597215652465817 6.8601212501525888 -14.28178834915161 1.1040413975715639 -5.3793838024139395 -15.770142555236815 1.0949411392211916 14.883357524871828 0.26408497989177709 -3.2693932056426998 -3.3703291416168208 2.6908824443817143 -22.964211463928219 -7.3380885124206534 -4.504819154739379 -6.8343839645385733 2.2594007253646855 0.38665656745433813 -4.7816176414489737 13.940097808837892 0.70062085986137401 -5.7360489368438712 -5.6224489212036124 -1.1021798253059385 -12.085202217102049 -12.346176624298094 5.4807763099670419 3.1848496198654179
decision_type=2 2 2 2 2 2 2 2 2 2 2 2 2 2 2 2 2 2 2 2 2 2 2 2 2 2 2 2 2 2
left_child=2 6 4 8 5 -1 10 14 12 -5 15 -8 18 -10 20 26 28 -6 -3 24 -4 -11 23 25 -14 -13 -2 -16 -9 -24
right_child=1 3 7 9 17 -7 11 16 13 21 -12 22 19 -15 27 -17 -18 -19 -20 -21 -22 -23 29 -25 -26 -27 -28 -29 -30 -31
leaf_value=-0.17292774376415074 -0.14314205564301591 0.0010489755976845611 -0.050705113410949715 0.11542541359273178 -0.12086675383827904 -1.0160174527893895 -0.010935925209754867 -0.083141881360013492 0.040995447378944679 0.21374295043945313 0.071594937340844253 -0.0084375873808681529 0.081268920488171761 0.070025030230470339 -0.14332471079296535 -0.02408372696421927 -0.033430385944756821 -0.28993999909381479 -0.08433849350098642 0.036341399576226931 -0.19791178273725082 0.36145034063430059 0.032194894752483598 0.0044041437510690708 0.019189827756925206 -0.10897187791512504 -0.044332165755979591 -0.098106551836322817 -0.19866204082965852 0.14933925963938238
leaf_weight=21 29 711 20 211 22 23 3741 1012 1659 100 63 69 77 1233 540 2163 193 49 62 1953 222 21 253 7497 6085 48 1667 179 20 20
leaf_count=21 29 711 20 211 22 23 3741 1012 1659 100 63 69 77 1233 540 2163 193 49 62 1953 222 21 253 7497 6085 48 1667 179 20 20
internal_value=-0.00031226 0.00972387 -0.120964 0.0327932 -0.381444 -0.613634 -0.00824499 -0.107261 0.0291911 0.160601 -0.0320335 -0.000221378 0.0213231 0.0533722 -0.145585 -0.0337253 -0.0771958 -0.237551 -0.0057997 0.0239067 -0.185746 0.239378 0.0048608 0.00357303 0.0199656 -0.0496824 -0.0460217 -0.132067 -0.0853806 0.0407769
internal_weight=29963 27662 2301 12112 115 44 15550 2186 11780 332 3922 11628 8888 2892 961 3859 1225 71 773 8115 242 121 7887 7614 6162 117 1696 719 1032 273
internal_count=29963 27662 2301 12112 115 44 15550 2186 11780 332 3922 11628 8888 2892 961 3859 1225 71 773 8115 242 121 7887 7614 6162 117 1696 719 1032 273
is_linear=0
shrinkage=0.05


Tree=36
num_leaves=31
num_cat=0
split_feature=255 299 299 251 141 9 299 293 292 258 232 299 299 183 246 48 190 284 240 283 292 252 299 117 298 160 98 164 251 212
split_gain=13112.6 4082.56 3038.87 1837.34 1387.03 2889.38 1317.77 977.907 620.369 423.128 306.219 233.818 227.27 178.11 170.81 156.682 154.42 149.679 140.268 136.693 125.177 132.016 116.32 114.384 114.293 113.939 108.458 104.813 104.049 100.032
threshold=-8.5899510383605939 -1.2319608330726621 -30.597215652465817 6.8601212501525888 -14.28178834915161 -2.3266032934188838 -4.9177896976470938 -14.7353458404541 2.3640470504760747 14.883357524871828 -2.6949299573898311 -19.794282913208004 -7.6433980464935294 -2.8429490327835079 -2.0424777269363399 -6.8343839645385733 -5.7327647209167472 -4.2870848178863517 4.1507563591003427 13.940097808837892 2.792560458183289 -0.41091066598892206 0.74729758501052868 -3.0586273670196529 -0.93886268138885487 -3.7926559448242183 -0.3435529470443725 -6.3584704399108878 -2.9574509859085079 -7.3885293006896964
decision_type=2 2 2 2 2 2 2 2 2 2 2 2 2 2 2 2 2 2 2 2 2 2 2 2 2 2 2 2 2 2
left_child=2 6 4 8 5 -1 12 11 13 -5 27 -4 14 16 -2 -6 -3 25 -10 -11 -19 -22 24 26 -15 -12 -9 -8 -14 -18
right_child=1 3 7 9 15 -7 10 23 18 19 17 -13 28 22 -16 -17 29 20 -20 -21 21 -23 -24 -25 -26 -27 -28 -29 -30 -31
leaf_value=-0.13910174436867237 -0.04734259029740797 -0.13391141921281816 -0.16026706695556642 0.11002288455054875 -0.11482335003939542 -0.95282730205605426 -0.049629940666534283 -0.072344287264983043 0.05150891400288115 0.20305575561523437 -0.041085757164403658 -0.11309042659299127 -0.023886037473967305 0.037218762583644045 0.035624900827041041 -0.27544300702153424 -0.085863149804728367 0.010881187735703726 0.085573480505692343 0.34337783086867563 0.017413198171143836 0.14465292770829466 0.038983466079518497 -0.040034285656204732 0.018689203503275149 8.5680689079032295e-06 -0.13486916267996032 -0.0049569365594312916 -0.00078070187320311872 0.010458086886110399
leaf_weight=20 1360 20 480 210 22 24 135 922 1476 100 219 580 2593 1166 65 49 28 8020 380 21 47 36 1897 264 2907 734 75 4791 600 722
leaf_count=20 1360 20 480 210 22 24 135 922 1476 100 219 580 2593 1166 65 49 28 8020 380 21 47 36 1897 264 2907 734 75 4791 600 722
internal_value=-0.000296647 0.00954302 -0.111486 0.0373376 -0.362371 -0.582952 -0.0037969 -0.0990549 0.0328864 0.152934 0.00385158 -0.134453 -0.0269544 0.0258378 -0.0435581 -0.225674 0.00320564 0.00930892 0.0584833 0.227409 0.0115134 0.0726015 0.0287568 -0.0692987 0.0239938 -0.00943493 -0.0770478 -0.00618123 -0.0195443 0.00686209
internal_weight=29963 27527 2436 8927 115 44 18600 2321 8596 331 13982 1060 4618 6740 1425 71 770 9056 1856 121 8103 83 5970 1261 4073 953 997 4926 3193 750
internal_count=29963 27527 2436 8927 115 44 18600 2321 8596 331 13982 1060 4618 6740 1425 71 770 9056 1856 121 8103 83 5970 1261 4073 953 997 4926 3193 750
is_linear=0
shrinkage=0.05


Tree=37
num_leaves=31
num_cat=0
split_feature=237 288 299 68 299 296 141 9 296 243 292 183 284 299 239 117 28 65 190 35 34 178 114 183 295 21 67 29 185 298
split_gain=11909.3 3412.12 2981.8 1654.43 1260.5 1259.94 1251.8 2607.67 558.339 266.789 264.196 258.793 213.767 208.659 203.625 177.373 144.587 138.716 164.762 148.112 134.353 126.954 123.151 111.883 107.836 145.347 98.8068 96.2436 94.4287 91.7301
threshold=-6.9964890480041495 -0.15089182555675504 -30.597215652465817 13.210702896118166 -3.5329988002777095 -14.344544410705565 -14.28178834915161 -2.3266032934188838 4.4347016811370858 -13.741529464721678 -6.2476677894592276 -3.077735066413879 10.925686359405519 -1.8474764227867124 1.3345708847045901 -2.6394183635711665 -5.5334625244140616 0.4228795617818833 -5.2925770282745352 -4.5734558105468741 -4.8733818531036368 -2.3493160009384151 4.20941185951233 -0.84242331981658924 -22.886065483093258 -4.2992892265319815 1.1067309379577639 -0.8686619997024535 -5.6952593326568595 -3.7910783290863033
decision_type=2 2 2 2 2 2 2 2 2 2 2 2 2 2 2 2 2 2 2 2 2 2 2 2 2 2 2 2 2 2
left_child=2 4 6 8 10 9 7 -1 14 24 -2 17 -5 29 23 -7 -8 -6 -19 -20 -15 -12 -23 -3 25 -4 -10 -18 -17 -13
right_child=1 3 5 12 11 15 16 -9 26 -11 21 13 -14 20 -16 28 27 18 19 -21 -22 22 -24 -25 -26 -27 -28 -29 -30 -31
leaf_value=-0.13214665718376636 -0.031255187507921861 0.016067995038510866 -0.085562572188866454 0.1587107601328793 -0.0010773676358832175 -0.06630729394797788 -0.11760324859619141 -0.90518603865057234 0.059015410757767776 -0.096092855116449688 -0.016459341046328731 0.02877497607294251 0.27975213392725529 0.072991308165808857 0.047182558956887395 -0.063800112510982318 -0.33931431550046676 -0.17678576216101649 -0.10428697868035391 -0.010696623709868739 0.019029333631761652 -0.0026359514590907607 0.11359457606854646 0.033646477488561109 -0.1306906039859764 -0.19203233505288761 0.093625693771827737 -0.19466809410115948 -0.012890061736106873 0.0046286229347403873
leaf_weight=20 1963 1633 39 117 1632 1282 25 24 407 498 3328 425 53 118 1602 133 23 20 52 226 5134 2491 23 2031 477 180 418 23 289 5277
leaf_count=20 1963 1633 39 117 1632 1282 25 24 407 498 3328 425 53 118 1602 133 23 20 52 226 5134 2491 23 2031 477 180 418 23 289 5277
internal_value=-0.000281815 0.0102582 -0.0945576 0.042599 0.000471059 -0.0846491 -0.344253 -0.553805 0.0383051 -0.124034 -0.0153855 0.0100768 0.196447 0.0130513 0.0323132 -0.057052 -0.21439 -0.00680536 -0.0381747 -0.0282027 0.0202417 -0.0100531 -0.00157259 0.025812 -0.144026 -0.173072 0.0765513 -0.266991 -0.0289352 0.00642838
internal_weight=29963 26950 3013 6261 20689 2898 115 44 6091 1194 7805 12884 170 10954 5266 1704 71 1930 298 278 5252 5842 2514 3664 696 219 825 46 422 5702
internal_count=29963 26950 3013 6261 20689 2898 115 44 6091 1194 7805 12884 170 10954 5266 1704 71 1930 298 278 5252 5842 2514 3664 696 219 825 46 422 5702
is_linear=0
shrinkage=0.05


Tree=38
num_leaves=31
num_cat=0
split_feature=292 299 299 296 147 9 296 68 299 240 239 284 183 183 89 184 252 189 212 164 236 298 293 114 293 23 21 292 282 3
split_gain=10763.5 3350.73 2456.89 1816.65 1063 2338.11 808.77 745.74 716.421 436.881 215.96 192.637 182.746 182.481 182.366 168.137 151.558 134.945 128.224 118.925 114.607 112.354 110.491 109.802 103.943 102.804 94.0097 125.051 93.8068 91.9137
threshold=-10.120284557342528 -2.2963410615921016 -30.597215652465817 4.4347016811370858 -16.038087844848629 -1.0956440567970274 -17.500258445739743 13.210702896118166 -5.3793838024139395 0.74431723356246959 0.26408497989177709 10.925686359405519 -3.7327730655670162 -2.4099999666213985 -8.8283987045288068 -2.4047645330429073 -7.8323726654052725 -10.253870010375975 -7.3885293006896964 -6.3584704399108878 -0.2691365629434585 -5.5156128406524649 -13.509902000427244 3.2731249332427983 3.0099215507507329 -4.6792042255401602 -5.4905443191528311 -22.964211463928219 -0.48427450656890864 2.9409811496734624
decision_type=2 2 2 2 2 2 2 2 2 2 2 2 2 2 2 2 2 2 2 2 2 2 2 2 2 2 2 2 2 2
left_child=2 8 4 9 5 -1 17 -5 10 13 16 -9 22 18 -6 -10 -2 26 -3 -17 -11 -21 -8 -20 -23 -14 -4 -28 -15 -13
right_child=1 3 6 7 14 -7 12 11 15 20 -12 29 25 28 -16 19 -18 -19 23 21 -22 24 -24 -25 -26 -27 27 -29 -30 -31
leaf_value=-0.21408413266142212 -0.050846544705130593 -0.076926935327296359 -0.066821947964754977 0.071600936242632654 -0.066151056289672855 -0.90197104932296845 -0.094122947974407928 0.15054978743843411 -0.0092477180866550671 0.018170644092308164 0.064853915365205878 0.20115047472494618 0.045762803915299868 0.015610656618022032 -0.24824277270923961 -0.062965698111237908 -0.023986170785123839 -0.1015570526724463 0.0065983800544685695 0.042352889015486367 0.04419112042870782 0.002857435719683556 -0.065041477563454936 -0.078129670864496487 0.11174768670038744 -0.044022753849776108 -0.19034114736544938 -0.13568644519775144 0.027030354374985268 0.33286374440559974
leaf_weight=30 631 49 33 849 20 21 564 115 4211 527 63 27 38 4939 44 66 3131 222 1957 190 2148 5731 776 39 22 198 158 310 2828 26
leaf_count=30 631 49 33 849 20 21 564 115 4211 527 63 27 38 4939 44 66 3131 222 1957 190 2148 5731 776 39 22 198 158 310 2828 26
internal_value=-0.000267724 0.00860323 -0.101505 0.0263867 -0.32704 -0.497332 -0.0902229 0.0906469 -0.00849523 0.021153 -0.026954 0.186897 -0.0701365 0.0162698 -0.191339 -0.00158673 -0.0284915 -0.134008 0.0029812 0.00378195 0.0390648 0.00452321 -0.0772817 0.00494287 0.00327384 -0.0295658 -0.148387 -0.154138 0.0197686 0.265765
internal_weight=29963 27549 2414 13504 115 51 2299 1017 14045 12487 3825 168 1576 9812 64 10220 3762 723 2045 6009 2675 5943 1340 1996 5753 236 501 468 7767 53
internal_count=29963 27549 2414 13504 115 51 2299 1017 14045 12487 3825 168 1576 9812 64 10220 3762 723 2045 6009 2675 5943 1340 1996 5753 236 501 468 7767 53
is_linear=0
shrinkage=0.05


Tree=39
num_leaves=31
num_cat=0
split_feature=237 299 189 8 299 299 296 1 282 296 256 240 170 117 8 70 246 178 2 25 247 290 297 28 285 168 258 299 225 109
split_gain=9735.39 2831.62 2431.34 1671.05 1165.11 1080.18 1020.88 768.049 904.274 465.24 276.005 244.416 207.355 153.13 147.658 145.311 136.862 131.183 110.744 110.013 109.184 109.129 106.548 106.476 99.0004 175.447 97.7472 93.5645 88.2758 87.7829
threshold=-6.9964890480041495 0.1172674596309662 -18.349919319152828 1.5297553539276125 14.873480796813967 -3.3514611721038814 -14.344544410705565 2.8686060905456547 -32.267137527465813 4.4347016811370858 -4.5216667652130118 -16.239215850830075 -0.69964346289634693 -2.6394183635711665 4.8747899532318124 2.8053593635559086 2.8072402477264409 -2.055882334709167 4.0884351730346689 4.1405882835388192 1.5318217873573305 -25.771238327026364 -4.1718983650207511 1.5232748389244082 -2.5708619356155391 1.2722744941711428 5.0076003074646005 -7.3380885124206534 13.659999847412111 4.2561309337615976
decision_type=2 2 2 2 2 2 2 2 2 2 2 2 2 2 2 2 2 2 2 2 2 2 2 2 2 2 2 2 2 2
left_child=2 5 3 7 9 10 11 8 -1 16 19 18 24 -8 23 -11 22 -12 21 27 -19 -4 -3 -6 25 29 -14 -2 -16 -7
right_child=1 4 6 -5 14 12 13 -9 -10 15 17 -13 26 -15 28 -17 -18 20 -20 -21 -22 -23 -24 -25 -26 -27 -28 -29 -30 -31
leaf_value=-0.56488300670276992 -0.035235377928703446 -0.029565520287648618 -0.20062727451324466 -0.71296733305567794 0.19457165437775692 0.002104826964056894 -0.060235007379244726 0.046695748403934499 -0.18355261863666184 0.059309457613212428 -0.012035347319978247 -0.097095007022746621 0.018299668374107649 -0.025510662984791529 0.20280800955636163 0.10454029979476009 0.056187454063140935 0.0019102720652539634 -0.061953732626778737 -0.092850580385753098 0.067145512433666177 -0.13688408433089611 0.029882919737612274 0.057575939790062286 0.010589102647292979 -0.064439716533972666 0.1264093081156413 -0.016815078447535475 0.32731024424235028 -0.091918511390686033
leaf_weight=22 973 77 95 21 37 3534 1282 21 53 619 3005 833 4780 422 35 249 514 2277 35 56 66 229 3563 23 4603 104 21 2365 24 25
leaf_count=22 973 77 95 21 37 3534 1282 21 53 619 3005 833 4780 422 35 249 514 2277 35 56 66 229 3563 23 4603 104 21 2365 24 25
internal_value=-0.000254338 0.00927525 -0.0854925 -0.308952 0.0426565 0.00140635 -0.0764646 -0.220574 -0.29541 0.0389924 -0.0121982 -0.111959 0.010508 -0.0516354 0.197287 0.0722847 0.0320358 -0.00512059 -0.146447 -0.0233504 0.00374788 -0.155574 0.0286254 0.142057 0.00570777 -0.000426218 0.0187725 -0.0221844 0.253453 0.00144437
internal_weight=29963 26950 3013 117 5141 21809 2896 96 75 5022 8742 1192 13067 1704 119 868 4154 5348 359 3394 2343 324 3640 60 8266 3663 4801 3338 59 3559
internal_count=29963 26950 3013 117 5141 21809 2896 96 75 5022 8742 1192 13067 1704 119 868 4154 5348 359 3394 2343 324 3640 60 8266 3663 4801 3338 59 3559
is_linear=0
shrinkage=0.05


Tree=40
num_leaves=31
num_cat=0
split_feature=255 288 176 245 239 17 187 3 292 255 251 292 183 277 178 35 65 28 36 272 29 28 31 291 15 50 258 183 288 89
split_gain=7845.95 2723.11 1331.68 1060.48 1008.35 728.736 829.388 1704.64 437.072 347.067 308.367 251.255 246.091 223.006 148.053 146.851 153.295 145.518 119.865 110.957 109.342 107.834 103.788 122.245 101.846 101.136 94.7307 92.1647 89.932 84.271
threshold=-8.5899510383605939 -0.42168374359607691 9.9002618789672869 -16.524184226989743 -3.0821341276168819 -4.3559992313385001 -18.040490150451657 1.7343659996986391 2.6439442634582524 -23.562543869018551 -5.3867831230163565 -11.547133445739744 -2.0006594657897945 13.560022354125978 3.630980491638184 -4.7371890544891349 -1.2715522646903989 -2.687673687934875 3.2961628437042241 -2.245490193367004 10.071726799011232 2.2309721708297734 -7.5052003860473624 -25.874567985534664 2.9946303367614751 1.6118577718734743 -4.7570323944091788 -0.48187308013439173 -15.226809501647947 1.6378411650657656
decision_type=2 2 2 2 2 2 2 2 2 2 2 2 2 2 2 2 2 2 2 2 2 2 2 2 2 2 2 2 2 2
left_child=3 4 8 5 10 9 7 -7 27 -1 29 18 15 21 20 16 -6 25 28 -19 -10 24 -8 -24 -4 -14 -17 -3 -5 -2
right_child=1 2 13 11 12 6 22 -9 14 -11 -12 -13 17 -15 -16 26 -18 19 -20 -21 -22 -23 23 -25 -26 -27 -28 -29 -30 -31
leaf_value=0.16935237386952276 -0.029270696954104204 0.017052445560030091 0.1041013259085871 -0.096114195167549016 0.032761609286287845 -0.1950423310484205 -0.069072560866673779 -0.7184549182653428 0.047168754988216322 -0.10245179136594136 -0.0093069084696384852 -0.046128989456294178 0.030292008056229121 0.3180008661179316 0.079079964458213747 -0.020037372903044956 -0.072084817903426787 0.0035989468801148681 -0.14738015717184041 0.016327416558993699 -0.038860943442896798 0.076820623042971603 -0.20746171709517358 -0.13119035153695854 0.19873554023321383 0.10449910286068916 0.0027648438733170362 0.030555185148294639 -0.067899222062818662 -0.071082642581313846
leaf_weight=23 2059 2526 42 508 47 70 45 20 1317 24 5148 666 562 21 409 502 135 2972 71 4039 38 43 71 202 88 50 4916 2529 636 128
leaf_count=23 2059 2526 42 508 47 70 45 20 1317 24 5148 666 562 21 409 502 135 2972 71 4039 38 43 71 202 88 50 4916 2529 636 128
internal_value=0.000602306 0.00805677 0.0349607 -0.0873802 -0.00112101 -0.155878 -0.177354 -0.311356 0.0312856 0.0305588 -0.0159889 -0.0708112 0.00712646 0.164136 0.0527144 -0.000831865 -0.0450091 0.0129728 -0.0843407 0.0109318 0.0447561 0.145458 -0.139429 -0.151026 0.168161 0.0363547 0.000652125 0.0238078 -0.0804282 -0.0317179
internal_weight=29907 27571 7013 2336 20558 455 408 90 6819 47 7335 1881 13223 194 1764 5600 182 7623 1215 7011 1355 173 318 273 130 612 5418 5055 1144 2187
internal_count=29907 27571 7013 2336 20558 455 408 90 6819 47 7335 1881 13223 194 1764 5600 182 7623 1215 7011 1355 173 318 273 130 612 5418 5055 1144 2187
is_linear=0
shrinkage=0.05


Tree=41
num_leaves=31
num_cat=0
split_feature=255 241 251 291 291 22 95 3 248 247 289 295 182 170 160 290 247 191 284 288 231 145 122 29 3 215 287 62 18 232
split_gain=7080.97 2473.66 1202.09 963.545 879.476 813.708 1017.14 1299.56 443.748 369.406 311.819 245.94 153.683 146.824 133.521 129.336 122.866 171.354 113.77 110.177 110.269 105.112 101.068 96.8561 91.9756 91.1716 89.0954 87.1039 81.853 88.4371
threshold=-8.5899510383605939 -0.52889308333396901 6.8601212501525888 -19.253852844238278 -5.4536337852478018 -6.0102126598358145 -13.537774562835692 1.6484149694442751 -23.429411888122555 1.5318217873573305 -1.9811252355575559 13.190864562988283 -7.205772638320922 0.23199579864740374 -2.7723349332809444 -25.771238327026364 -3.3813072443008418 0.53476470708847057 0.56854900717735302 4.4961624145507821 0.3406022340059281 -2.2467116117477413 -4.4019875526428214 -7.415146827697753 2.7938314676284794 -6.622941017150878 12.961372375488283 -3.1513838768005367 -2.4986691474914546 -7.3895225524902335
decision_type=2 2 2 2 2 2 2 2 2 2 2 2 2 2 2 2 2 2 2 2 2 2 2 2 2 2 2 2 2 2
left_child=3 4 9 5 22 8 7 -7 -1 18 13 -4 21 16 -15 23 17 -6 -3 -11 -21 -5 -2 -8 -13 27 -26 -12 -24 -30
right_child=1 2 11 12 10 6 15 -9 -10 19 25 24 -14 14 -16 -17 -18 -19 -20 20 -22 -23 28 -25 26 -27 -28 -29 29 -31
leaf_value=0.21640506744384769 -0.04014349646427201 0.014574861850043523 0.092940154632964692 -0.072169338102142017 -0.0090776774648517206 -0.15754703404726808 -0.093366774806269898 -0.68931339994072927 -0.05929823054207696 0.038812479833013391 -0.13687137305736541 0.13676793986353383 -0.046676422630254677 0.050746360867405721 0.0056704122297789742 -0.12108928986403376 0.00050149627737422378 -0.066983847051186679 0.029912219063896791 -0.050200448855757723 0.069393804369111967 -0.13046033714587491 0.0035329736010757035 -0.19851226806640626 0.18035789880997097 0.012640028310699009 0.30809918358212429 0.010695477947592735 -0.050661898002726961 -0.019573671316987902
leaf_weight=20 772 3046 231 975 3241 27 27 20 54 1460 20 58 706 230 575 307 6185 133 2005 20 531 84 334 116 39 6244 21 20 256 2150
leaf_count=20 772 3046 231 975 3241 27 27 20 54 1460 20 58 706 230 575 307 6185 133 2005 20 531 84 334 116 39 6244 21 20 256 2150
internal_value=0.000572191 0.00765393 0.0323553 -0.0830112 -0.00142651 -0.139469 -0.162501 -0.383831 0.0152162 0.0278787 0.00337008 0.122939 -0.0647464 -0.00195829 0.0185493 -0.139384 -0.00368531 -0.0113603 0.020663 0.0460021 0.0650528 -0.076793 -0.0241639 -0.17866 0.181666 0.012158 0.225067 -0.0630879 -0.0196616 -0.0228815
internal_weight=29907 27571 7411 2336 20160 571 497 47 74 7062 16648 349 1765 10364 805 450 9559 3374 5051 2011 551 1059 3512 143 118 6284 60 40 2740 2406
internal_count=29907 27571 7411 2336 20160 571 497 47 74 7062 16648 349 1765 10364 805 450 9559 3374 5051 2011 551 1059 3512 143 118 6284 60 40 2740 2406
is_linear=0
shrinkage=0.05


Tree=42
num_leaves=31
num_cat=0
split_feature=293 234 251 239 189 8 37 295 251 170 295 293 47 293 119 34 23 188 298 217 131 29 96 65 30 296 59 86 168 257
split_gain=6453.26 2279.25 1044.8 840.2 840.071 1242.93 749.814 371.214 231.002 230.815 221.025 215.144 126.266 121.016 120.276 116.009 108.521 102.56 101.039 110.113 95.2633 99.2436 94.1195 93.0704 89.9927 83.9766 93.1381 81.5014 76.9081 76.0326
threshold=-10.401985168457029 -0.19284676015377042 6.8601212501525888 -3.4438823461532588 -14.211133003234862 1.9272222518920901 -11.617647171020506 2.3180969953536992 -5.9379751682281485 -0.86462894082069386 13.190864562988283 -16.243039131164547 -7.8589966297149649 -2.2107353210449214 -0.65931370854377735 -4.4578189849853507 -1.645098030567169 -1.1581010818481443 -12.651470661163328 -5.192852020263671 2.1434173583984379 7.9980392456054696 -13.747988224029539 -6.6213290691375724 -1.0000000180025095e-35 -10.101683139801024 -0.73678919672965992 -3.7350083589553829 1.101202726364136 -4.8815882205963126
decision_type=2 2 2 2 2 2 2 2 2 2 2 2 2 2 2 2 2 2 2 2 2 2 2 2 2 2 2 2 2 2
left_child=4 3 7 8 5 6 -1 14 18 13 -4 22 -13 28 17 -11 -8 -3 19 -2 21 -9 -6 27 -12 -25 -27 -14 29 -5
right_child=1 2 10 9 11 -7 16 20 -10 15 24 12 23 -15 -16 -17 -18 -19 -20 -21 -22 -23 -24 25 -26 26 -28 -29 -30 -31
leaf_value=0.14132304382324221 -0.017307289065541447 -0.0024448854097148831 0.088156890869140636 -0.019985457778804835 -0.008630302548408509 -0.43955641134696849 -0.11302674271937074 0.043805391237382307 -0.010375770836272995 0.067970356162713505 0.22263044294189005 0.030183061739293544 -0.069339498619620618 0.0089554791029492643 0.026409534672417936 0.013037954079345127 -0.17368755506475766 0.022031001127873796 -0.033883863422605728 0.12830920845270158 0.065656338726717334 -0.010970019490531321 -0.096679012803756126 -0.060714293828219482 0.13448658407624089 -0.047601398348342629 0.028777119543018016 -0.15383850214382014 -0.047006498967126317 -0.00064936456669328468
leaf_weight=25 37 855 226 558 32 34 145 1167 4514 98 51 41 78 3126 3007 4986 150 857 1710 20 504 89 589 893 67 128 58 45 98 5719
leaf_count=25 37 855 226 558 32 34 145 1167 4514 98 51 41 78 3126 3007 4986 150 857 1710 20 504 89 589 893 67 128 58 45 98 5719
internal_value=0.000543581 0.00711713 0.0322039 -0.00108602 -0.0815191 -0.15213 -0.12159 0.0276955 -0.0163751 0.00549818 0.117117 -0.0681092 -0.0561026 0.00089702 0.0203865 0.0140968 -0.143871 0.00980735 -0.031701 0.0337862 0.0472928 0.039924 -0.0921419 -0.0590457 0.172583 -0.0543483 -0.0237844 -0.100254 -0.00305447 -0.00236827
internal_weight=29907 27689 6823 20866 2218 354 320 6479 6281 14585 344 1864 1243 9501 4719 5084 295 1712 1767 57 1760 1256 621 1202 118 1079 186 123 6375 6277
internal_count=29907 27689 6823 20866 2218 354 320 6479 6281 14585 344 1864 1243 9501 4719 5084 295 1712 1767 57 1760 1256 621 1202 118 1079 186 123 6375 6277
is_linear=0
shrinkage=0.05


Tree=43
num_leaves=31
num_cat=0
split_feature=257 235 292 256 239 17 183 8 292 248 187 251 292 277 214 191 251 30 35 28 283 292 228 43 182 18 298 183 115 36
split_gain=5808.4 1929.76 1046.5 823.512 767.311 510.197 939.57 1445.75 325.79 282.356 216.943 192.716 154.225 124.38 119.723 118.454 106.22 155.755 130.38 104.249 117.717 92.2716 89.4939 89.4076 86.0803 80.4327 78.6958 78.1567 77.5625 76.5464
threshold=-7.6129772663116446 0.80088242888450634 -16.238008499145504 8.3424897193908709 -3.0821341276168819 -4.3559992313385001 -18.411271095275875 1.4890475869178774 -1.4084738492965696 -23.429411888122555 1.7366946339607241 -5.3867831230163565 -11.547133445739744 13.560022354125978 -0.23181395232677457 -13.891605854034422 -2.2166045904159541 -1.2517565488815305 -4.9219605922698966 0.8871428668498994 6.4122548103332528 5.1745097637176523 -8.3580102920532209 -1.1795424222946165 -1.097815155982971 -2.3149702548980708 -5.5156128406524649 -4.4336922168731681 -0.56567567586898793 4.0870132446289071
decision_type=2 2 2 2 2 2 2 2 2 2 2 2 2 2 2 2 2 2 2 2 2 2 2 2 2 2 2 2 2 2
left_child=2 4 5 10 11 9 7 -7 16 -1 26 -2 29 19 -14 23 -6 -18 -19 20 -5 25 -17 -8 -10 -12 -3 -28 -23 -4
right_child=1 3 12 13 8 6 15 -9 24 -11 21 -13 14 -15 -16 22 17 18 -20 -21 -22 28 -24 -25 -26 -27 27 -29 -30 -31
leaf_value=0.17636341094970703 -0.026398147775067222 0.098122422397136699 -0.059290279880166052 0.10899125055262918 -0.0025178554369892471 -0.16527189218410943 -0.12248096173664309 -0.65053619313985112 0.010219060721914325 -0.044120628428909014 0.085468871035474417 -0.0070917342406213004 -0.032152112853672067 0.23000842503138952 -0.14498477360854548 -0.088343915730115491 0.019480888384254012 -0.05056128397456601 0.0031822670321983017 0.072421039297030518 0.2117565004663034 0.161012049425732 -0.1911971005526456 -0.21408198885619642 0.022848354548974329 0.037061110280340696 -0.021573298505466919 0.025354981077562035 0.064303450965219083 -0.13285154361982604
leaf_weight=20 1710 36 800 76 4934 66 159 20 2260 53 94 5295 1151 28 24 547 1825 117 3181 78 44 22 22 32 3348 985 92 2491 360 37
leaf_count=20 1710 36 800 76 4934 66 159 20 2260 53 94 5295 1151 28 24 547 1825 117 3181 78 44 22 22 32 3348 985 92 2491 360 37
internal_value=0.000516402 0.00777965 -0.0663322 0.0384643 0.00195132 -0.110539 -0.121483 -0.278124 0.00810265 0.016286 0.0333181 -0.0118046 -0.0461404 0.13137 -0.0344568 -0.103757 0.00271817 0.00776103 0.00127566 0.117422 0.146672 0.0487548 -0.0923207 -0.137828 0.0177588 0.0412783 0.0247067 0.0236835 0.0698731 -0.0625421
internal_weight=29907 26976 2931 4306 22670 919 846 86 15665 73 4080 7005 2012 226 1175 760 10057 5123 3298 198 120 1461 569 191 5608 1079 2619 2583 382 837
internal_count=29907 26976 2931 4306 22670 919 846 86 15665 73 4080 7005 2012 226 1175 760 10057 5123 3298 198 120 1461 569 191 5608 1079 2619 2583 382 837
is_linear=0
shrinkage=0.05


Tree=44
num_leaves=31
num_cat=0
split_feature=293 288 295 299 255 22 36 248 182 299 63 181 139 99 160 115 31 23 298 173 230 192 287 26 293 298 217 36 293 222
split_gain=5277.66 1900.95 917.95 723.215 706.192 803.751 1118.1 299.401 229.556 225.843 194.214 173.9 129.33 128.691 126.62 115.711 109.234 102.737 101.594 106.037 96.8261 92.9129 92.3999 163.413 88.1821 86.7347 89.3459 84.4825 87.9148 89.5556
threshold=-10.401985168457029 -0.42168374359607691 7.9140377044677743 -4.9177896976470938 -18.340608596801754 -6.0102126598358145 -12.182472705841063 -23.429411888122555 1.3028784990310671 -2.4748719930648799 21.202371597290043 -7.1536326408386222 4.9694597721099862 -4.9531273841857901 -6.0144536495208731 2.2250244617462163 4.5184640884399423 -7.9563374519348136 -5.0203921794891349 -3.5627232789993282 -3.5210715532302852 -4.6944117546081534 -31.148921966552731 -4.6339495182037345 5.5597198009490976 -12.651470661163328 -5.192852020263671 3.9266459941864018 -17.186263084411618 -8.3381972312927228
decision_type=2 2 2 2 2 2 2 2 2 2 2 2 2 2 2 2 2 2 2 2 2 2 2 2 2 2 2 2 2 2
left_child=4 3 8 12 5 7 -7 -1 -3 18 -4 27 21 -11 -15 20 -12 -13 -5 -20 -16 25 23 -8 -10 26 -2 28 -6 -30
right_child=1 2 10 9 11 6 22 -9 24 13 16 17 -14 14 15 -17 -18 -19 19 -21 -22 -23 -24 -25 -26 -27 -28 -29 29 -31
leaf_value=0.20070966720581054 -0.017358373095177942 0.019353566464087049 0.082495536639060812 0.018482331509658511 -0.090543339316909388 -0.48933163452148443 -0.093849260466439391 -0.056610559041683495 0.035993688416826902 0.056788126944557774 0.19055651847053978 0.059107768535614016 0.099735897520314087 -0.05487623112155246 -0.010838799977871946 0.036101633355212513 0.0751137517116688 -0.046072974295451007 -0.019538709217271036 -0.0013978161350586969 0.0098799877520527133 -0.013364730443685286 -0.12625384708600385 -0.27570571502049768 0.068663535515467319 -0.029793826305105759 0.10880061412311121 -0.13429656353863803 -0.050720596804723642 -0.092658427817724556
leaf_weight=20 36 4952 231 558 370 25 21 26 1482 143 85 24 23 77 615 390 27 711 919 6524 6787 2790 224 30 240 1787 23 55 546 166
leaf_count=20 36 4952 231 558 370 25 21 26 1482 143 85 24 23 77 615 390 27 711 919 6524 6787 2790 224 30 240 1787 23 55 546 166
internal_value=0.000490582 0.0064353 0.0289216 -0.00119754 -0.0737219 -0.139346 -0.169187 0.0552678 0.0248218 0.00384701 0.108693 -0.0615926 -0.0185357 0.00978089 0.00892665 0.00955714 0.162727 -0.0426385 -0.00209502 -0.0036377 0.00815855 -0.0191224 -0.140083 -0.200824 0.040547 -0.0278245 0.0318222 -0.0738453 -0.0707724 -0.0604982
internal_weight=29907 27689 7017 20672 2218 346 300 46 6674 16013 343 1872 4659 8012 7869 7792 112 735 8001 7443 7402 4636 275 51 1722 1846 59 1137 1082 712
internal_count=29907 27689 7017 20672 2218 346 300 46 6674 16013 343 1872 4659 8012 7869 7792 112 735 8001 7443 7402 4636 275 51 1722 1846 59 1137 1082 712
is_linear=0
shrinkage=0.05


Tree=45
num_leaves=31
num_cat=0
split_feature=241 293 299 3 244 299 1 288 9 292 184 299 69 133 3 68 23 195 34 279 162 35 34 116 245 223 216 46 20 28
split_gain=5289.72 1784.64 1432.93 938.996 706.23 689.422 516.666 460.99 323.335 195.916 172.355 136.464 129.638 120.177 116.247 103.793 103.089 100.499 96.4517 93.1549 106.57 92.4196 92.2338 91.925 89.8151 84.4871 83.09 80.0999 78.57 77.4156
threshold=-7.6037020683288565 0.50554507970809948 -30.597215652465817 3.0905302762985234 6.7642152309417733 -3.4109185934066768 2.2950431108474736 -15.226809501647947 -2.3266032934188838 -6.2476677894592276 -0.73464703559875477 4.8404204845428476 22.456173896789554 -5.764204502105712 3.7845424413681035 -2.2937173843383785 0.62574180960655224 -2.0332481861114498 3.7419608831405644 10.033039569854738 14.820392131805422 -4.7371890544891349 -4.4578189849853507 4.6681535243988046 -3.1454422473907466 -1.4594509601593015 -1.267405033111572 -3.1288824081420894 -1.5277313590049741 -7.67803931236267
decision_type=2 2 2 2 2 2 2 2 2 2 2 2 2 2 2 2 2 2 2 2 2 2 2 2 2 2 2 2 2 2
left_child=2 5 3 6 11 9 8 14 -1 29 13 24 -6 16 -4 17 -7 -15 26 20 -14 -17 -12 -11 -3 -19 -9 -16 -23 -2
right_child=1 4 7 -5 12 10 -8 18 -10 23 22 -13 19 15 27 21 -18 25 -20 -21 -22 28 -24 -25 -26 -27 -28 -29 -30 -31
leaf_value=-0.080797455362651663 0.045283885118437978 -0.012366705475788978 -0.093744301788769524 -0.46377665779807353 0.082950607532172038 -0.014372068089108134 0.036059227356543912 -0.041451127490681194 -0.31716947754224145 -0.0060409599583379449 0.055738898146924357 0.053449666275168367 0.20653632237361028 0.0027891792687580064 -0.062212856308273647 -0.041270695759518312 -0.14049078615812155 -0.043352843818589802 -0.087047100622775195 0.2238359635876071 0.084714376515355613 0.016914449932847925 0.014387188364247473 0.10131982743740083 0.027892344926594384 0.0019356562159000301 0.061179044265300034 0.055638548022224787 0.0044447669407634595 -0.024051862997955153
leaf_weight=23 41 144 829 33 197 43 26 1416 39 6434 139 530 26 631 46 101 26 303 118 31 58 1566 4514 20 3651 156 20 21 6534 2225
leaf_count=23 41 144 829 33 197 43 26 1416 39 6434 139 530 26 631 46 101 26 303 118 31 58 1566 4514 20 3651 156 20 21 6534 2225
internal_value=0.000214069 0.00665527 -0.0683568 -0.236323 0.0349247 0.000888956 -0.151027 -0.0600613 -0.229483 -0.0101491 0.00775769 0.0296838 0.107576 0.00384798 -0.0886243 0.00433622 -0.0618951 -0.0101596 -0.0435925 0.149759 0.122421 0.00626287 0.0156225 -0.00570826 0.0263647 -0.0279607 -0.0400217 -0.0252744 0.00685557 -0.0227973
internal_weight=29941 27370 2571 121 4637 22733 88 2450 62 8720 14013 4325 312 9360 896 9291 69 1090 1554 115 84 8201 4653 6454 3795 459 1436 67 8100 2266
internal_count=29941 27370 2571 121 4637 22733 88 2450 62 8720 14013 4325 312 9360 896 9291 69 1090 1554 115 84 8201 4653 6454 3795 459 1436 67 8100 2266
is_linear=0
shrinkage=0.05


Tree=46
num_leaves=31
num_cat=0
split_feature=299 293 187 8 299 244 288 4 277 184 30 293 220 192 248 109 293 63 203 284 201 219 298 170 261 37 180 120 158 8
split_gain=4740.72 1623.81 1308.24 1825.16 676.396 640.886 372.395 311.591 543.309 225.219 198.921 164.175 146.437 140.344 133.863 129.441 121.91 121.852 101.781 100.135 95.4406 92.9067 91.8391 87.2741 79.8974 82.7279 78.0847 73.7713 77.0073 72.0432
threshold=-10.266519546508787 0.50554507970809948 -18.040490150451657 1.802784323692322 -4.3130393028259268 6.7642152309417733 -15.226809501647947 2.0001699924468999 -30.514506340026852 -0.73464703559875477 -6.0407516956329337 -5.3736848831176749 -4.0071914196014395 -4.2655403614044181 1.2769280672073366 2.5525195598602299 -22.871494293212887 21.202371597290043 -2.6552940607070918 -3.7137820720672603 -2.5388606786727901 1.9410549402236941 -5.6702790260314933 -17.527571678161618 -0.23028820008039472 -1.2387684583663938 -1.4722425937652586 -2.7552287578582759 -3.7791174650192256 1.9272222518920901
decision_type=2 2 2 2 2 2 2 2 2 2 2 2 2 2 2 2 2 2 2 2 2 2 2 2 2 2 2 2 2 2
left_child=2 4 3 7 13 14 10 8 -1 12 23 27 15 -2 -3 18 -12 -7 -6 -20 21 -16 -11 -4 -15 -26 -14 28 -8 -18
right_child=1 5 6 -5 9 17 11 -9 -10 22 16 -13 26 24 20 -17 29 -19 19 -21 -22 -23 -24 -25 25 -27 -28 -29 -30 -31
leaf_value=-0.39770213907415219 -0.023734647191972991 0.020269899141046478 0.054069072549993352 -0.66620807603467258 -0.00028477244608516851 0.078813621520996094 -0.043221238236581548 0.029074432044511753 -0.1021224254759837 0.1119836552689473 -0.13204089611937098 0.084623378366231919 0.00025876893319349219 -0.0091521682204446699 0.04681845519405145 -0.097073286500844097 -0.090670407099890271 0.14395232881818498 -0.045262576714158065 -0.0012633646842658795 0.036225195019303456 0.19015953809022904 0.013943627871496767 -0.051396325938609426 0.11298155059608131 0.009117433449176893 0.0090139225990735952 -0.018893246756382452 -0.076041492659663951 -0.032604640821615856
leaf_weight=22 2287 2442 22 20 957 200 827 21 53 24 177 25 5996 3509 26 44 487 112 320 217 1840 20 5071 181 26 73 4427 227 228 60
leaf_count=22 2287 2442 22 20 957 200 827 21 53 24 177 25 5996 3509 26 44 487 112 320 217 1840 20 5071 181 26 73 4427 227 228 60
internal_value=0.000203366 0.0060098 -0.0679691 -0.231686 0.000555838 0.0329869 -0.0594681 -0.14116 -0.188826 0.00560214 -0.0837079 -0.0422759 0.00185221 -0.0140446 0.0279977 -0.01255 -0.0959724 0.102197 -0.0100607 -0.0274826 0.0380036 0.109141 0.0144054 -0.0399666 -0.0079024 0.0363949 0.00397738 -0.0447505 -0.0503141 -0.0843012
internal_weight=29941 27591 2350 116 22951 4640 2234 96 75 17056 927 1307 11961 5895 4328 1538 724 312 1494 537 1886 46 5095 203 3608 99 10423 1282 1055 547
internal_count=29941 27591 2350 116 22951 4640 2234 96 75 17056 927 1307 11961 5895 4328 1538 724 312 1494 537 1886 46 5095 203 3608 99 10423 1282 1055 547
is_linear=0
shrinkage=0.05


Tree=47
num_leaves=31
num_cat=0
split_feature=241 293 187 8 239 244 257 1 279 182 292 48 290 182 57 289 293 4 20 135 57 211 168 245 297 158 23 109 125 28
split_gain=4330.25 1453.78 1216.96 1647.21 582.571 568.957 394.708 313.881 560.018 204.908 171.538 155.084 163.585 142.592 134.261 128.404 111.988 137.267 98.1399 93.856 95.0735 85.4012 117.221 82.9164 89.6509 79.6433 77.6153 76.3632 73.2275 69.8368
threshold=-7.6037020683288565 0.57497757673263561 -18.040490150451657 1.802784323692322 -3.0821341276168819 6.7642152309417733 -13.069890499114988 2.996045827865601 -31.055994987487789 -0.76039215922355641 -4.8413805961608878 -10.015318870544432 -25.771238327026364 2.1202419996261601 -0.74170956015586842 -30.946177482604977 12.87823534011841 3.0412710905075078 -1.5277313590049741 -1.5384471416473386 0.35302744805812841 -3.8612674474716182 -0.40808603167533869 -2.8330340385437007 -4.4948065280914298 -3.6818439960479732 -4.9720585346221915 4.2561309337615976 -7.2606899738311759 -4.6090195178985587
decision_type=2 2 2 2 2 2 2 2 2 2 2 2 2 2 2 2 2 2 2 2 2 2 2 2 2 2 2 2 2 2
left_child=2 4 3 7 10 13 11 8 -1 14 28 15 26 23 21 -4 -7 -18 -16 20 -14 22 -6 -3 -25 -26 -13 -12 -2 -11
right_child=1 5 6 -5 9 16 -8 -9 -10 29 27 12 19 -15 18 -17 17 -19 -20 -21 -22 -23 -24 24 25 -27 -28 -29 -30 -31
leaf_value=-0.39312386079268025 -0.064494490640801053 -0.011176872625947 0.10193522453308107 -0.63289765575900681 -0.0087905418418300976 0.07778088630886254 -0.03871405025388374 0.042139491438865667 -0.093849470735424101 0.054926689245082719 -0.0029883002918925879 -0.058037888010342924 -0.076146192559771397 0.043990715346805792 0.020891888073275758 -0.055311014845564554 0.031264425459362213 0.1767794857562428 0.0046022259194219246 0.016841371916234495 -0.16854738775512268 -0.00018087944862680029 -0.055218157174474584 -0.072239598166197544 0.084398870881308208 0.023680160286864059 -0.15826221547945582 -0.092456210652987161 -0.017765677364306343 0.014240309985950387
leaf_weight=22 86 177 20 20 795 218 1525 20 54 108 3818 24 695 965 1151 37 21 71 4701 26 29 4166 164 24 55 2989 99 24 3336 4501
leaf_count=22 86 177 20 20 795 218 1525 20 54 108 3818 24 695 965 1151 37 21 71 4701 26 29 4166 164 24 55 2989 99 24 3336 4501
internal_value=0.000193198 0.00602103 -0.0618479 -0.220101 0.000895862 0.0319303 -0.0543703 -0.134102 -0.180482 0.00634618 -0.0107986 -0.0800433 -0.0852606 0.0271166 0.0026313 -0.000136896 0.0973036 0.143564 0.00780616 -0.0764955 -0.0798473 -0.00327762 -0.0167302 0.0220986 0.0240183 0.0247772 -0.138706 -0.00354718 -0.01894 0.0151937
internal_weight=29941 27370 2571 116 22850 4520 2455 96 76 15586 7264 930 873 4210 10977 57 310 92 5852 750 724 5125 959 3245 3068 3044 123 3842 3422 4609
internal_count=29941 27370 2571 116 22850 4520 2455 96 76 15586 7264 930 873 4210 10977 57 310 92 5852 750 724 5125 959 3245 3068 3044 123 3842 3422 4609
is_linear=0
shrinkage=0.05


Tree=48
num_leaves=31
num_cat=0
split_feature=291 232 189 3 0 294 282 257 299 4 288 28 251 281 183 297 48 170 114 182 279 47 193 68 158 69 155 111 3 20
split_gain=3908.82 1216.44 1200.81 1563.36 584.952 508.976 472.173 459.707 455.147 199.405 145.364 126.552 122.167 120.435 115.677 93.7854 106.483 91.6708 89.1484 86.7783 86.4986 84.8258 80.3319 79.59 78.9546 78.5074 78.3789 78.1752 77.1051 76.5518
threshold=-8.0034642219543439 0.74563398957252514 -18.349919319152828 3.0905302762985234 2.6260000467300419 6.839646816253663 -32.267137527465813 -13.069890499114988 -2.7050175666809078 3.0412710905075078 -4.6636941432952872 -7.67803931236267 1.5432679653167727 10.579720973968508 -2.8429490327835079 -21.020237922668453 -10.015318870544432 -0.96567973494529713 4.6262016296386728 -7.205772638320922 -3.9464831352233882 -6.1130101680755606 -7.8372042179107657 -2.2937173843383785 -3.6409847736358638 -1.5923333764076231 -5.8353202342987052 -8.2600841522216779 3.7845424413681035 4.2749018669128427
decision_type=2 2 2 2 2 2 2 2 2 2 2 2 2 2 2 2 2 2 2 2 2 2 2 2 2 2 2 2 2 2
left_child=2 8 3 4 6 12 -1 15 10 29 -2 -9 -3 -11 18 16 -4 23 -10 24 -19 -8 -12 25 -13 -16 -25 -21 -17 -7
right_child=1 5 7 -5 -6 9 21 11 14 13 22 19 -14 -15 17 28 -18 20 -20 27 -22 -23 -24 26 -26 -27 -28 -29 -30 -31
leaf_value=-0.37585268020629886 -0.013754524583175238 0.017959010096354224 -0.0022365518978663852 -0.59737237805411936 0.086508021175861372 0.07144643025569232 -0.027285659909248351 0.03361820414446403 -0.0016221428248422828 0.10663643123906688 -0.067382128018399948 -0.042442230266965086 0.035892197877852382 0.22289192335946217 0.0056365762974639414 -0.066808395964574302 -0.10398384502955847 0.040359514549374587 -0.09003113549331139 -0.099812081778371656 0.013722288104353338 -0.1577824504538016 -0.0010980682688383164 0.10660934165120124 -0.089127119396865934 -0.035358264989086556 0.0073602813145839238 -0.026185232444946784 0.018234729766845703 0.012961232662200929
leaf_weight=24 3636 2644 28 21 25 251 20 69 1702 109 46 622 1482 28 244 554 315 325 29 37 4896 33 7247 20 106 224 3696 1408 28 72
leaf_count=24 3636 2644 28 21 25 251 20 69 1702 109 46 622 1482 28 244 554 315 325 29 37 4896 33 7247 20 106 224 3696 1408 28 72
internal_value=0.000183538 0.00653101 -0.0512349 -0.204513 -0.12363 0.0299622 -0.191857 -0.0452818 0.00166107 0.0798491 -0.00558777 -0.0330458 0.0244004 0.130397 0.00877516 -0.0749393 -0.0956779 0.0109614 -0.00310329 -0.0351626 0.0153804 -0.108538 -0.00151615 0.00544715 -0.0492398 -0.0139849 0.00789445 -0.0280705 -0.062717 0.0584095
internal_weight=29941 26651 3290 123 102 4586 77 3167 22065 460 10929 2242 4126 137 11136 925 343 9405 1731 2173 5221 53 7293 4184 728 468 3716 1445 582 323
internal_count=29941 26651 3290 123 102 4586 77 3167 22065 460 10929 2242 4126 137 11136 925 343 9405 1731 2173 5221 53 7293 4184 728 468 3716 1445 582 323
is_linear=0
shrinkage=0.05


Tree=49
num_leaves=31
num_cat=0
split_feature=241 234 246 3 294 1 299 288 283 170 125 182 30 185 90 2 273 247 233 165 146 74 62 32 290 298 217 291 298 34
split_gain=3544.22 1206.28 1002.02 1069.91 556.992 492.826 410.624 307.337 279.086 172.102 164.517 158.237 95.8381 94.9944 91.8496 87.1142 82.0202 80.9433 80.6623 80.3676 93.2475 140.151 78.6962 78.589 77.3258 67.4869 64.5499 63.9558 67.3986 62.8127
threshold=-7.6037020683288565 -0.44640523195266718 -23.440613746643063 3.0905302762985234 6.839646816253663 2.2180759906768803 -5.2276043891906729 -15.226809501647947 -31.942573547363278 -1.0278744697570799 28.01115703582764 -0.76039215922355641 -6.0407516956329337 0.45668034255504614 2.1065411567687993 3.7615685462951665 -3.559836626052856 -3.3229019641876216 -0.57905194163322438 -3.4195883274078365 -2.2313165664672847 -4.458235263824462 -2.2638725042343135 -2.634426355361938 -25.771238327026364 -5.9131863117218009 13.753276348114015 4.0695292949676523 3.4403957128524785 3.4657499790191655
decision_type=2 2 2 2 2 2 2 2 2 2 2 2 2 2 2 2 2 2 2 2 2 2 2 2 2 2 2 2 2 2
left_child=2 6 3 5 11 8 -2 12 -1 22 -6 17 -4 -13 16 24 29 18 -3 -11 -21 -22 -8 -12 -14 -23 -25 28 -27 -9
right_child=1 4 7 -5 10 -7 9 14 -10 19 23 13 15 -15 -16 -17 -18 -19 -20 20 21 25 -24 26 -26 27 -28 -29 -30 -31
leaf_value=-0.30906486511230469 -0.016252930771899439 0.018089400836736848 -0.040390160775953726 -0.48061351225926324 0.058627758995961336 0.057531734662396576 -0.012102608746105192 -0.032643007676489519 -0.10310353840652264 -0.02035820005683724 0.20642417060583829 0.01602710540260598 -0.13581448883721323 0.030250073714526361 -0.091962843974107422 0.002674355506896973 0.028736262112999192 0.011681930115725546 -0.038326914406874607 0.024662681570861582 -0.10821793454770859 0.095564962821927946 0.00030867831316418024 0.073188112814995376 -0.078859651273158943 0.0080176088218188515 0.16340856244487148 0.083095851261168724 -0.045790093632067666 -0.078238614033907652
leaf_weight=29 3649 101 186 26 354 28 1490 1353 38 218 25 2066 66 2719 69 30 52 2169 170 968 26 22 8943 55 614 4277 31 28 59 80
leaf_count=29 3649 101 186 26 354 28 1490 1353 38 218 25 2066 66 2719 69 30 52 2169 170 968 26 22 8943 55 614 4277 31 28 59 80
internal_value=0.000174361 0.00544679 -0.0559541 -0.196412 0.0222389 -0.118631 -0.00111478 -0.0490172 -0.192251 0.00233099 0.0752814 0.0188251 -0.0723392 0.0241091 -0.0355703 -0.0807089 -0.03295 0.00846293 -0.0173009 0.00940345 0.0106094 0.0075261 -0.00146385 0.128393 -0.0843876 0.00821222 0.105709 0.00777186 0.00728545 -0.0351885
internal_weight=29941 27370 2571 121 7690 95 19680 2450 67 16031 465 7225 896 4785 1554 710 1485 2440 271 5598 5380 4412 10433 111 680 4386 86 4364 4336 1433
internal_count=29941 27370 2571 121 7690 95 19680 2450 67 16031 465 7225 896 4785 1554 710 1485 2440 271 5598 5380 4412 10433 111 680 4386 86 4364 4336 1433
is_linear=0
shrinkage=0.05


Tree=50
num_leaves=31
num_cat=0
split_feature=299 288 187 7 293 258 0 2 299 3 187 3 77 282 246 85 290 284 212 99 167 70 11 292 295 298 138 16 29 267
split_gain=3302.8 1088.33 763.012 768.477 485.195 390.215 352.51 316.261 300.154 180.724 138.514 124.579 157.812 117.641 112.593 119.834 108.333 106.827 89.8714 88.5906 84.5547 80.4 79.0732 78.8414 82.7225 78.0668 77.4807 87.5975 74.1793 95.4975
threshold=-7.6433980464935294 0.22915032505989077 -18.040490150451657 1.7721937894821169 9.9563817977905291 -12.487434387207029 1.2446327209472658 -0.8945268690586089 -2.5799216032028194 1.3643834590911867 1.5080392360687258 3.0905302762985234 -0.33465686440467829 -10.206615447998045 -1.9528757333755491 -0.26833333075046534 -22.599019050598141 -4.9933333396911612 -7.3885293006896964 -5.0715370178222647 -14.86615467071533 -1.859824478626251 2.2309864759445195 -2.3881698846817012 0.31088808178901678 -2.173720002174377 -1.9770588278770445 2.8282352685928349 4.5694677829742441 4.0793521404266366
decision_type=2 2 2 2 2 2 2 2 2 2 2 2 2 2 2 2 2 2 2 2 2 2 2 2 2 2 2 2 2 2
left_child=2 8 3 6 10 11 7 -1 17 -6 28 16 20 -10 22 -16 -4 -2 -15 -20 -13 -21 -7 25 -25 -19 27 -18 29 -3
right_child=1 4 5 -5 9 14 -8 -9 13 -11 -12 12 -14 18 15 -17 26 23 19 21 -22 -23 -24 24 -26 -27 -28 -29 -30 -31
leaf_value=-0.069369188971662277 -0.012434396775323778 0.01754014137752577 -0.1053538441027283 -0.40402352320099322 0.056310776811699541 -0.028089391678874406 0.02416335450751441 -0.3101621394874528 0.11356709588032504 0.14420227108993264 0.034526408889510467 0.11755141303652811 -0.083148837924003613 -0.052937551083103308 0.1023880485445261 -0.033407141373027117 -0.061473720729113203 -0.0030491143734212404 0.049105616859973424 -0.0043921961810464609 -0.004392378032207489 0.0087563464598401277 -0.057895008053991108 0.0050481586896845773 0.05607731561681413 -0.028783923518578926 0.027295819840029531 -0.13271226582178117 -0.0053177419881085975 0.056709805458057219
leaf_weight=30 3158 3041 189 27 129 2166 35 25 26 107 1717 21 50 62 33 32 697 5619 126 1353 44 8263 248 1841 83 311 23 46 331 164
leaf_count=30 3158 3041 189 27 129 2166 35 25 26 107 1717 21 50 62 33 32 697 5619 126 1353 44 8263 248 1841 83 311 23 46 331 164
internal_value=2.71305e-05 0.00621776 -0.044437 -0.170069 0.0260258 -0.0402953 -0.0998824 -0.178821 0.00100108 0.0961599 0.0228749 -0.065531 -0.0163663 0.00735188 -0.0294029 0.035535 -0.0714513 -0.00466805 0.0070702 0.0074521 0.0350048 0.00690631 -0.0311514 -0.00154529 0.00724952 -0.00439878 -0.0630863 -0.0658842 0.0172171 0.0195445
internal_weight=29997 26331 3666 117 5489 3549 90 55 20842 236 5253 1070 115 9830 2479 65 955 11012 9804 9742 65 9616 2414 7854 1924 5930 766 743 3536 3205
internal_count=29997 26331 3666 117 5489 3549 90 55 20842 236 5253 1070 115 9830 2479 65 955 11012 9804 9742 65 9616 2414 7854 1924 5930 766 743 3536 3205
is_linear=0
shrinkage=0.05


Tree=51
num_leaves=31
num_cat=0
split_feature=245 288 184 7 183 1 293 275 288 292 57 35 177 3 181 45 184 272 120 23 298 35 288 124 285 222 201 290 198 283
split_gain=2920.06 1087.17 596.277 657.196 470.386 402.158 328.003 307.772 253.214 132.495 128.865 127.085 126.703 125.408 170.526 110.439 105.674 101.229 99.815 97.2407 92.282 88.9494 80.8969 79.0804 78.9894 73.0764 72.3506 71.2948 67.8814 80.9119
threshold=-7.4832870960235587 -0.28840433061122889 -17.917647361755368 1.7721937894821169 5.9872059822082528 2.2180759906768803 -3.3329887390136714 -29.819487571716305 -15.226809501647947 9.895179748535158 -0.74170956015586842 -4.7371890544891349 1.1203049421310427 3.0905302762985234 -12.703689575195311 -1.2463782429695127 0.91323372721672069 -4.8573186397552481 -0.11058780550956725 -1.2393357157707212 -7.2976520061492911 6.4474458694458017 -25.558628082275387 -4.8135294914245597 -9.3082714080810529 -8.3381972312927228 1.4937430620193484 -22.599019050598141 -1.5805813074111936 1.4133836030960085
decision_type=2 2 2 2 2 2 2 2 2 2 2 2 2 2 2 2 2 2 2 2 2 2 2 2 2 2 2 2 2 2
left_child=2 6 3 5 12 7 16 -1 13 -6 11 15 -3 27 -15 -8 17 -2 21 26 -13 -10 -16 -21 -19 -20 -12 -4 -14 -30
right_child=1 4 8 -5 9 -7 10 -9 18 -11 19 20 28 14 22 -17 -18 24 25 23 -22 -23 -24 -25 -26 -27 -28 -29 29 -31
leaf_value=-0.31578489303588869 -0.015449177649254534 0.014454236979983083 -0.099649280630132217 -0.36588496206135585 0.051784528385509149 0.099397651638303497 0.03812675012863781 -0.083031376466459167 -0.033572887871695226 0.11585559716960728 0.016865261453044133 0.10012662255245706 0.068220994619774489 0.11675620794296265 -0.084712771268991335 -0.055865005961492326 0.020676850856511626 -0.10113854968831654 0.10839854968246072 -0.062145590210376793 -0.00027055712254764574 -0.1141533476965768 0.013611283302307129 0.0059555614877146393 -0.0039541140790233806 -0.008656275148969144 0.074037985242249679 -0.064314436985343601 0.011616928193436559 0.033695176623911076
leaf_weight=20 3624 4211 186 29 176 21 38 49 1592 149 1895 23 107 20 52 176 308 21 20 43 4714 35 35 4934 4780 40 57 614 582 1446
leaf_count=20 3624 4211 186 29 176 21 38 49 1592 149 1895 23 107 20 52 176 308 21 20 43 4714 35 35 4934 4780 40 57 614 582 1446
internal_value=2.57739e-05 0.00494501 -0.0494459 -0.158887 0.0224895 -0.0921876 -0.000732913 -0.150496 -0.0444252 0.0811586 0.00467478 -0.00148574 0.0194848 -0.0657303 -0.0148929 -0.0391749 -0.00808931 -0.00914094 -0.0329708 0.00907668 0.000216911 -0.0353063 -0.0451571 0.00536719 -0.00437921 0.030362 0.0185348 -0.0725298 0.029407 0.0273591
internal_weight=29997 27284 2713 119 6671 90 20613 69 2594 325 11880 4951 6346 907 107 214 8733 8425 1687 6929 4737 1627 87 4977 4801 60 1952 800 2135 2028
internal_count=29997 27284 2713 119 6671 90 20613 69 2594 325 11880 4951 6346 907 107 214 8733 8425 1687 6929 4737 1627 87 4977 4801 60 1952 800 2135 2028
is_linear=0
shrinkage=0.05


Tree=52
num_leaves=31
num_cat=0
split_feature=299 296 187 7 1 293 258 251 270 3 189 3 65 184 246 132 203 290 260 291 10 232 27 184 156 298 290 197 102 37
split_gain=2718.2 903.676 631.216 638.899 361.36 360.391 316.618 288.286 263.971 154.102 118.753 105.726 135.271 97.6249 97.3798 92.5725 92.106 86.0638 81.1639 78.7876 74.877 70.2389 68.3815 65.8903 68.925 66.0761 63.579 62.5665 73.091 62.4483
threshold=-7.6433980464935294 0.89741826057434093 -18.040490150451657 1.7721937894821169 2.2180759906768803 9.9563817977905291 -12.487434387207029 -2.3356295824050899 -27.630118370056149 1.3643834590911867 -0.95099160075187672 3.0905302762985234 1.9202624559402468 -3.2792156934738155 -1.9528757333755491 2.1883987188339238 -1.445784270763397 -22.599019050598141 3.5279617309570317 -22.791695594787594 5.0386927127838144 -5.2644433975219718 -0.87666666507720936 0.75879335403442394 2.417009830474854 0.22196082025766375 -0.65855741500854481 -7.6992857456207267 -2.314803838729858 0.59132087230682384
decision_type=2 2 2 2 2 2 2 2 2 2 2 2 2 2 2 2 2 2 2 2 2 2 2 2 2 2 2 2 2 2
left_child=2 7 3 4 8 15 11 13 -1 -7 21 17 19 -2 29 20 -16 -4 -12 -13 -3 -9 -11 25 -25 -15 -17 28 -19 -8
right_child=1 5 6 -5 -6 9 14 10 -10 22 18 12 -14 23 16 26 -18 27 -20 -21 -22 -23 -24 24 -26 -27 -28 -29 -30 -31
leaf_value=-0.30018707275390627 -0.011277444134504004 0.020229589086199082 -0.094949352930462555 -0.36790096080965468 0.085557142712853182 0.050416636513185134 -0.02379698933705051 -0.033943082292224896 -0.083981436087439465 0.19143266217275101 0.012003007513796571 0.11614762544631958 -0.07581492853164673 -0.0013006101929667322 0.085434282752307689 -0.0059865363370123752 -0.034761952369340827 -0.057201533131418549 0.060708249231864665 -0.0031232661671108672 -0.063410382800632048 0.0033406373966525823 0.10488442573192958 0.028088552326666391 -0.053973563866955898 -0.034947649424508113 0.042551956460591782 -0.013901260217030843 -0.11728169160133058 -0.042532261870294609
leaf_weight=20 3339 2991 189 27 22 129 1826 129 48 33 5085 20 50 7040 37 74 28 636 87 45 27 6085 74 297 28 149 764 75 55 588
leaf_count=20 3339 2991 189 27 22 129 1826 129 48 33 5085 20 50 7040 37 74 28 636 87 45 27 6085 74 297 28 149 764 75 55 588
internal_value=2.44853e-05 0.00564057 -0.040313 -0.154581 -0.0905844 0.0272346 -0.0365459 0.00166726 -0.147571 0.0872139 0.00722519 -0.0592776 -0.0139856 -0.00416363 -0.0267344 0.0235636 0.0336574 -0.0647316 0.0128223 0.0335755 0.0194813 0.00256664 0.131577 -0.00100246 0.0210186 -0.00199798 0.0382657 -0.0572758 -0.0619836 -0.0283605
internal_weight=29997 26331 3666 117 90 4092 3549 22239 68 236 11386 1070 115 10853 2479 3856 65 955 5172 65 3018 6214 107 7514 325 7189 838 766 691 2414
internal_count=29997 26331 3666 117 90 4092 3549 22239 68 236 11386 1070 115 10853 2479 3856 65 955 5172 65 3018 6214 107 7514 325 7189 838 766 691 2414
is_linear=0
shrinkage=0.05


Tree=53
num_leaves=31
num_cat=0
split_feature=299 288 287 61 51 184 185 299 21 287 282 1 284 287 199 212 48 183 21 209 292 295 281 298 293 42 15 13 70 298
split_gain=2453.17 822.38 563.818 639.717 539.426 327.983 287.831 267.599 202.103 110.801 102.306 94.0195 91.3652 90.7241 91.1422 89.698 89.6225 83.3405 87.2115 84.2686 77.6426 75.7586 73.8522 73.4093 71.0322 77.499 73.3904 70.9372 70.1918 70.0197
threshold=-7.6433980464935294 1.1666024923324587 -31.148921966552731 -9.239254951477049 -7.5967831611633292 5.6363615989685067 -10.195379734039305 -2.5799216032028194 -1.0608417987823484 12.961372375488283 -10.206615447998045 1.5255980491638186 -4.9933333396911612 -4.1697576045989981 -2.8936862945556636 1.0000000180025095e-35 -10.015318870544432 -3.3703291416168208 -1.1720996499061582 -3.7615686655044551 -2.3881698846817012 0.4247854501008988 -6.7885167598724356 1.2198038697242739 5.1143791675567636 3.1374999284744267 -2.9075685739517207 -0.21647059172391889 3.1902992725372319 -2.3464781045913692
decision_type=2 2 2 2 2 2 2 2 2 2 2 2 2 2 2 2 2 2 2 2 2 2 2 2 2 2 2 2 2 2
left_child=2 7 3 -1 -5 24 16 12 -6 -7 -9 -11 -2 15 -15 -8 -4 22 -19 23 29 -22 -12 -20 25 -3 -27 -16 -26 -14
right_child=1 5 6 4 8 9 13 10 -10 11 17 -13 20 14 27 -17 -18 18 19 -21 21 -23 -24 -25 28 26 -28 -29 -30 -31
leaf_value=-0.38854356245561084 -0.01097829328975973 0.022952914101663655 0.013151497840881349 0.11026317358016968 -0.10241396132111549 0.062400636402701562 -0.027511915555337892 0.10620394073999846 -0.28150304057027981 0.081195844610532128 -0.076993744323650998 0.21248524403572083 -0.0022457885732465829 -0.017141737708634419 0.13373079209224037 -0.10592924165665299 -0.063501270894175496 0.016373240110424285 -0.011895758846655169 0.0068525054476372181 0.0053157623927655943 0.050808724295347933 -0.0040952949465519221 -0.11021600022912026 0.03159854228421205 0.094844798147678377 -0.0029907239427276913 0.006626616230434073 0.082219987776544365 -0.022349735240035872
leaf_weight=22 3162 2558 40 25 50 247 2531 26 23 30 36 25 5518 77 23 37 817 2508 374 7303 1958 96 995 20 443 20 461 21 81 470
leaf_count=22 3162 2558 40 25 50 247 2531 26 23 30 36 25 5518 77 23 37 817 2508 374 7303 1958 96 995 20 443 20 461 21 81 470
internal_value=2.3261e-05 0.00535855 -0.0382974 -0.144889 -0.0901907 0.0266625 -0.0346902 0.00169346 -0.158839 0.0766919 0.00713633 0.140873 -0.00377759 -0.0266482 0.0156616 -0.0286418 -0.0599235 0.00690708 0.00827581 0.00563733 -0.000946374 0.00744202 -0.00664073 -0.0168866 0.022422 0.0194905 0.00107728 0.0730674 0.0394236 -0.00382375
internal_weight=29997 26331 3666 120 98 3865 3546 22466 73 302 11262 55 11204 2689 121 2568 857 11236 10205 7697 8042 2054 1031 394 3563 3039 481 44 524 5988
internal_count=29997 26331 3666 120 98 3865 3546 22466 73 302 11262 55 11204 2689 121 2568 857 11236 10205 7697 8042 2054 1031 394 3563 3039 481 44 524 5988
is_linear=0
shrinkage=0.05


Tree=54
num_leaves=31
num_cat=0
split_feature=299 234 187 43 293 257 122 253 28 28 178 71 11 287 201 199 119 125 56 12 86 211 295 233 30 257 19 120 89 42
split_gain=2213.99 739.87 531.092 595.009 340.904 257.919 188.352 136.79 131.666 116.599 102.248 101.043 96.6846 89.3984 87.8333 82.7693 81.2279 79.0215 111.525 98.4116 77.538 82.0725 75.7098 73.6462 71.2099 70.0221 75.0284 71.777 65.6759 66.8652
threshold=-7.6433980464935294 0.040000800043344505 -18.040490150451657 -11.01539897918701 9.9563817977905291 -11.96705913543701 -2.3401961326599117 0.43929967284202581 1.8316339850425722 -7.67803931236267 -2.055882334709167 -8.3131842613220197 2.2309864759445195 -3.3954277038574214 -3.8330719470977779 -2.8936862945556636 -0.75743710994720448 -8.4115371704101545 -5.8549718856811515 1.0545669794082644 4.2610986232757577 -3.8612674474716182 -10.150774002075194 -7.9967439174652091 -5.6470587253570548 -7.6129772663116446 -0.40322303771972651 1.9012684226036074 0.34539966285228735 2.7521266937255864
decision_type=2 2 2 2 2 2 2 2 2 2 2 2 2 2 2 2 2 2 2 2 2 2 2 2 2 2 2 2 2 2
left_child=2 6 3 -1 7 17 20 16 -6 -7 -8 -5 13 28 -9 -15 -3 24 19 -19 21 22 -2 -20 -4 -12 -27 -28 29 -11
right_child=1 4 5 11 8 9 10 14 -10 12 25 -13 -14 15 -16 -17 -18 18 23 -21 -22 -23 -24 -25 -26 26 27 -29 -30 -31
leaf_value=-0.33761430937668374 -0.086977801389164403 -0.00057899168101913307 -0.028233755649404325 -0.016413003970415164 0.12282030450552701 0.057266061414371842 -0.0025787854133141456 0.13003770776093007 0.047242529520436248 -0.021544940763648386 -0.070165953785181048 -0.12426642203817562 -0.055370447841974403 -0.011191595489868806 0.024897119642797713 0.098635653586223213 0.016677520960577397 -0.019252709513185202 -0.051859504290300763 0.10830809152906849 -0.10386838118235271 -0.0020367003293692838 -0.013836555181032226 0.029738595677090102 -0.076654592526109913 0.011523885155578239 0.0013884426357657713 0.024002751239879248 -0.048564297151954282 0.048253111519983842
leaf_weight=29 36 1077 94 39 100 44 5064 20 136 1747 30 49 234 42 2913 29 1859 54 595 21 21 2831 2057 29 395 4137 5676 374 230 35
leaf_count=29 36 1077 94 39 100 44 5064 20 136 1747 30 49 234 42 2913 29 1859 54 595 21 21 2831 2057 29 395 4137 5676 374 230 35
internal_value=2.2098e-05 0.00509062 -0.0363825 -0.141196 0.0203461 -0.0329271 0.000485912 0.0179768 0.079267 -0.0233657 0.00323069 -0.0764677 -0.024897 -0.0214736 0.0256141 0.0336674 0.0103474 -0.051929 -0.0411433 0.0164643 -0.00799598 -0.0075871 -0.0150946 -0.0480673 -0.0673467 0.00611013 0.00633475 0.00278642 -0.0234195 -0.020174
internal_weight=29997 26331 3666 117 6105 3549 20226 5869 236 2361 15281 88 2317 2083 2933 71 2936 1188 699 75 4945 4924 2093 624 489 10217 10187 6050 2012 1782
internal_count=29997 26331 3666 117 6105 3549 20226 5869 236 2361 15281 88 2317 2083 2933 71 2936 1188 699 75 4945 4924 2093 624 489 10217 10187 6050 2012 1782
is_linear=0
shrinkage=0.05


Tree=55
num_leaves=31
num_cat=0
split_feature=247 234 288 299 17 155 3 253 239 28 185 239 4 283 26 185 3 19 186 23 104 36 10 284 221 15 247 95 119 120
split_gain=1861.79 671.757 390.602 288.824 241.278 501.5 1524.67 209.387 172.308 113.934 100.513 95.367 93.7569 108.451 90.2715 87.0748 86.6629 77.7504 80.4601 81.1605 74.4852 66.8843 72.897 66.808 70.1439 66.038 65.9327 63.119 62.4735 61.2076
threshold=-6.2028431892395011 -0.19284676015377042 -15.226809501647947 5.7298038005828866 -4.3559992313385001 -17.159362792968746 2.7938314676284794 -23.888351440429684 -2.7682583332061763 9.4641175270080584 0.91527077555656444 -8.5436210632324201 1.7654586434364321 13.940097808837892 -0.75636875629425038 -5.340826988220214 4.7353429794311532 -0.65513023734092701 -0.9009103775024413 -3.6238480806350704 3.7219015359878544 3.9266459941864018 1.742762625217438 -22.758234977722164 -8.9814429283142072 -3.4741017818450923 2.977114319801331 -13.537774562835692 -0.67951846122741688 0.17945098876953128
decision_type=2 2 2 2 2 2 2 2 2 2 2 2 2 2 2 2 2 2 2 2 2 2 2 2 2 2 2 2 2 2
left_child=2 8 4 9 7 6 27 -1 11 10 28 14 -5 -14 -2 21 23 26 19 -19 29 -4 -23 -7 -25 -13 -10 -6 -3 -17
right_child=1 3 15 12 5 16 -8 -9 17 -11 -12 25 13 -15 -16 20 -18 18 -20 -21 -22 22 -24 24 -26 -27 -28 -29 -30 -31
leaf_value=0.15290038067361583 -0.12967400180796781 0.0035414221586235334 -0.027740070070002738 0.037937818603176215 0.0027121952601841521 -0.083194190263748177 -0.56362758398056034 -0.02827963141294626 0.0091097056095068366 -0.058125404211191035 0.024872776198338858 -0.034261162066585804 0.068369485079991008 0.19116844177246095 -0.0023846760105628237 -0.013449379106637306 0.018263704839505648 -0.046964892648160457 0.0085722067998797238 -0.0014856129447959185 -0.0839737070458276 -0.043273137754468782 -0.1405858212047153 -0.045005746804443858 -0.099878184233720496 -0.0043246751379931846 0.082304997597971274 -0.11046130657196046 0.016449567950827842 0.029157627450362985
leaf_weight=23 30 1528 1492 360 28 212 20 52 4080 52 2160 189 178 20 26 1006 38 100 2482 5156 35 67 27 560 65 7281 31 22 2425 92
leaf_count=23 30 1528 1492 360 28 212 20 52 4080 52 2160 189 178 20 26 1006 38 100 2482 5156 35 67 27 560 65 7281 31 22 2425 92
internal_value=0.000344852 0.00507236 -0.0326528 0.0186903 -0.0590383 -0.0658891 -0.194668 0.0272822 0.000347015 0.0155725 0.0161994 -0.00556943 0.0531375 0.0807734 -0.0705754 -0.0227547 -0.0555868 0.0041049 0.00115274 -0.0023509 -0.0121683 -0.0303173 -0.0712247 -0.0589396 -0.0507125 -0.0050821 0.00966165 -0.0470841 0.01146 -0.00987939
internal_weight=29837 26098 3739 6723 1020 945 70 75 19375 6165 6113 7526 558 198 56 2719 875 11849 7738 5256 1133 1586 94 837 625 7470 4111 50 3953 1098
internal_count=29837 26098 3739 6723 1020 945 70 75 19375 6165 6113 7526 558 198 56 2719 875 11849 7738 5256 1133 1586 94 837 625 7470 4111 50 3953 1098
is_linear=0
shrinkage=0.05


Tree=56
num_leaves=31
num_cat=0
split_feature=237 299 297 249 22 95 2 249 288 298 294 185 131 182 223 299 295 8 298 126 297 244 299 99 201 100 281 294 298 186
split_gain=1690.48 638.48 311.047 298.728 276.371 662.662 1070.04 225.214 157.517 102.994 111.738 102.664 97.3173 94.147 83.9921 81.3255 80.1317 74.1102 73.0509 86.0972 72.2487 71.6271 70.1008 70.089 69.5908 67.0024 66.8697 66.5444 65.5572 65.507
threshold=-6.5194623470306388 -1.1974021196365354 -18.573308944702145 4.5381534099578866 -6.0102126598358145 -13.537774562835692 1.5196832418441775 -23.650643348693844 -4.0305802822113028 -1.2368116378784177 3.9189707040786748 -5.6952593326568595 0.030675949528813366 -2.7169934511184688 3.8175817728042607 -2.4024882316589351 9.6430249214172381 -3.2696077823638912 -3.3692702054977413 -4.5607841014862052 -2.2622358798980708 -1.5266339778900144 -3.4109185934066768 -4.5939917564392081 -10.052156925201414 5.3430655002594003 -6.5679214000701895 -4.755361557006835 0.98039215803146373 1.6798569560050967
decision_type=2 2 2 2 2 2 2 2 2 2 2 2 2 2 2 2 2 2 2 2 2 2 2 2 2 2 2 2 2 2
left_child=2 8 4 12 7 6 -6 -1 29 10 15 13 23 27 28 18 -5 -7 20 -20 22 -22 25 -3 -13 -10 -25 -4 -11 -2
right_child=1 3 11 16 5 17 -8 -9 9 14 -12 24 -14 -15 -16 -17 -18 -19 19 -21 21 -23 -24 26 -26 -27 -28 -29 -30 -31
leaf_value=0.17730304718017578 -0.0087865428136258816 0.047817310242465251 -0.033487695313635324 0.036874873384516289 -0.034922446869313721 0.022036748331178121 -0.53011656992137435 -0.030949108020679374 0.0019130074558451058 -0.010817418815722209 0.11391695864174678 -0.079974586254841579 0.019059513214816963 -0.14115929065272212 0.076390208359117862 0.0096478697962321808 0.075425823151119176 -0.062756988299697378 -0.055282743615500722 -0.0031718911661662939 0.010971984186885405 0.10098650951702626 0.019380259565675094 -0.062802932038903234 -0.01005067004069317 -0.072016812067839414 0.0075906176353397695 0.038263948566534305 -0.079240596956676915 0.026348113630186111
leaf_weight=20 5410 108 1554 470 24 27 20 37 2693 1269 23 37 3593 20 27 3679 189 565 81 3697 51 39 647 34 929 31 4358 33 36 136
leaf_count=20 5410 108 1554 470 24 27 20 37 2693 1269 23 37 3593 20 27 3679 189 565 81 3697 51 39 647 34 929 31 4358 33 36 136
internal_value=0.000327609 0.00450015 -0.0336187 0.0155595 -0.063351 -0.0728037 -0.260011 0.0421218 -0.000931746 0.00222839 0.00382657 -0.0256108 0.0129235 -0.0333543 -0.010899 0.00359465 0.0479312 -0.0588897 0.000518289 -0.00428914 0.00576604 0.0499783 0.00458565 0.0080242 -0.0127289 0.00107166 0.00704568 -0.0319957 -0.012705 -0.00792496
internal_weight=29837 26571 3266 8752 693 636 44 57 17819 12273 10941 2573 8093 1607 1332 10918 659 592 7239 3778 3461 90 3371 4500 966 2724 4392 1587 1305 5546
internal_count=29837 26571 3266 8752 693 636 44 57 17819 12273 10941 2573 8093 1607 1332 10918 659 592 7239 3778 3461 90 3371 4500 966 2724 4392 1587 1305 5546
is_linear=0
shrinkage=0.05


Tree=57
num_leaves=31
num_cat=0
split_feature=291 282 291 15 106 5 268 295 239 247 37 36 289 28 130 68 211 168 263 227 146 170 30 298 285 3 76 287 13 24
split_gain=1527.01 573.25 284.032 292.662 500.044 604.636 281.977 240.524 194.56 126.607 108.21 104.42 102.729 102.485 98.4084 91.2859 78.0308 82.863 75.9847 75.284 74.2796 77.3113 71.4373 67.1342 99.6741 63.7207 68.2616 62.9204 62.8092 61.4676
threshold=-8.0034642219543439 -0.047403896227478974 -19.253852844238278 -3.601781845092773 -13.73784303665161 2.0128179788589482 -26.643925666809078 7.9140377044677743 -3.1080853939056392 3.1752064228057866 6.3093907833099374 3.9266459941864018 4.1510040760040292 0.8871428668498994 -1.8972828984260557 0.53548827767372142 -3.8233866691589351 0.40050199627876287 -11.603394508361815 -13.001340866088865 -2.1124355792999263 -1.1771473884582517 2.224170565605164 -1.0352982878684995 1.4488028287887575 4.7353429794311532 -9.9738559722900373 -11.01871871948242 -2.7184431552886958 -1.0888048410415647
decision_type=2 2 2 2 2 2 2 2 2 2 2 2 2 2 2 2 2 2 2 2 2 2 2 2 2 2 2 2 2 2
left_child=2 8 3 6 5 -5 -1 10 18 16 12 15 -3 -9 -12 27 17 29 -2 -17 21 -18 -20 -14 -25 26 -6 -4 -24 -10
right_child=1 7 11 4 25 -7 -8 13 9 -11 14 -13 23 -15 -16 19 20 -19 22 -21 -22 -23 28 24 -26 -27 -28 -29 -30 -31
leaf_value=0.18060680736194959 -0.099804251031442137 0.0141290792911521 -0.034047825205336092 -0.088601467889897978 0.018226988419242526 -0.42983319078172955 -0.03486821359517623 0.10044446713426738 0.0060142546943288862 0.047436229799540694 -0.075550958920608868 -0.073416902974387202 0.12314620528902327 0.040055419396760779 -0.00063702584830699143 0.092518331175265103 0.0045292475935371076 -0.037594631488187889 -0.0052449594972209549 -0.00267895975489622 0.0020238058540144634 0.020469677702528142 -0.09553810437520345 -0.038593269204315939 0.037851200826874341 -0.0029146241479449803 -0.07037097381554562 -0.017614383990141123 -0.020748950390984868 -0.01421838596545379
leaf_weight=22 22 5186 1191 34 23 21 49 103 838 162 55 107 21 221 216 23 1879 196 5952 214 8665 1278 30 46 584 45 397 1140 437 680
leaf_count=22 22 5186 1191 34 23 21 49 103 838 162 55 107 21 221 216 23 1879 196 5952 214 8665 1278 30 46 584 45 397 1140 437 680
internal_value=0.000311229 0.00427691 -0.0319521 -0.0633221 -0.0763234 -0.21889 0.0318987 0.0172721 0.000126492 0.00349646 0.0150452 -0.0250214 0.0164792 0.0592532 -0.015841 -0.023005 0.00297059 -0.00699948 -0.00704039 0.0065596 0.00441609 0.0109822 -0.00672245 0.035201 0.0322695 -0.0594607 -0.0655192 -0.0260109 -0.0255534 -0.00304912
internal_weight=29837 26571 3266 591 520 55 71 6432 20139 13698 6108 2675 5837 324 271 2568 13536 1714 6441 237 11822 3157 6419 651 630 465 420 2331 467 1518
internal_count=29837 26571 3266 591 520 55 71 6432 20139 13698 6108 2675 5837 324 271 2568 13536 1714 6441 237 11822 3157 6419 651 630 465 420 2331 467 1518
is_linear=0
shrinkage=0.05


Tree=58
num_leaves=31
num_cat=0
split_feature=293 296 286 22 100 3 239 72 297 121 184 16 288 5 16 276 28 211 143 298 35 44 146 170 234 298 294 18 16 145
split_gain=1382.89 520.307 273.424 337.931 475.776 978.308 201.9 193.925 168.14 121.625 108.454 107.278 99.6893 88.9503 83.8666 80.822 96.6725 78.6708 81.8094 77.9406 72.3276 69.2102 68.6725 69.8476 66.0605 69.9673 65.5517 64.9574 67.7675 63.3931
threshold=-7.91898488998413 0.89741826057434093 -18.872526168823239 -6.0102126598358145 -13.951047420501707 1.6885341405868532 -3.1080853939056392 3.7129341363906865 -30.799285888671871 -3.3745098114013667 0.86259132623672496 1.9973752498626711 -2.8853766918182369 5.2274560928344735 3.2770546674728398 13.377985000610353 2.0203193426132207 -3.7515126466751094 -3.7165877819061275 -15.032279014587401 -5.1396877765655509 -5.9847049713134757 -2.2792892456054683 -1.280759811401367 -1.5222290754318235 2.1220543384552006 1.8443554639816286 -2.7340853214263912 2.0534569025039677 -2.5770589113235469
decision_type=2 2 2 2 2 2 2 2 2 2 2 2 2 2 2 2 2 2 2 2 2 2 2 2 2 2 2 2 2 2
left_child=2 6 3 8 5 -5 26 -3 -1 11 17 29 27 19 -9 16 -16 18 -8 -6 -20 -15 23 -19 25 -24 -2 -11 -29 -4
right_child=1 7 9 4 13 -7 10 14 -10 12 -12 -13 -14 21 15 -17 -18 22 20 -21 -22 -23 24 -25 -26 -27 -28 28 -30 -31
leaf_value=0.1536614459493886 -0.0064880349650754997 0.016944810161954659 -0.02311882266392537 -0.02135152554512024 -0.061338333579876239 -0.49052026599645615 0.013880809208758629 0.034393389645744774 -0.011910701834637187 0.029640126010675113 0.017116961555454779 -0.064023654353562123 0.092450600610269856 -0.05419019043445588 0.091831587382829663 0.16079265887920674 0.0031626331958581107 0.0046133337535032978 -0.049623041919299532 -0.15590896139974181 -0.0089155732848237822 0.077348995059728629 -0.0013456921552176277 0.021243807235397295 0.0062644328955281103 -0.072303076301302227 0.084171240478754045 -0.022037269756451799 0.017242770025040956 -0.056475832000090057
leaf_weight=23 6518 3582 1535 25 413 20 377 255 46 89 1480 211 24 20 102 26 44 1514 119 23 1314 20 4691 1083 5286 35 20 653 132 157
leaf_count=23 6518 3582 1535 25 413 20 377 255 46 89 1480 211 24 20 102 26 44 1514 119 23 1314 20 4691 1083 5286 35 20 653 132 157
internal_value=0.000295667 0.00415018 -0.0297652 -0.0607006 -0.0744715 -0.229871 0.00118566 0.0207416 0.04328 -0.0232491 0.00422719 -0.0304062 -0.00808186 -0.0597804 0.0525923 0.0795732 0.0651094 0.00290416 -0.00684372 -0.0663272 -0.012296 0.0115794 0.00430345 0.0115486 0.00242415 -0.00187119 -0.0062107 -0.0108425 -0.0154322 -0.026214
internal_weight=29837 26446 3391 590 521 45 22437 4009 69 2801 15899 1903 898 476 427 172 146 14419 1810 436 1433 40 12609 2597 10012 4726 6538 874 785 1692
internal_count=29837 26446 3391 590 521 45 22437 4009 69 2801 15899 1903 898 476 427 172 146 14419 1810 436 1433 40 12609 2597 10012 4726 6538 874 785 1692
is_linear=0
shrinkage=0.05


Tree=59
num_leaves=31
num_cat=0
split_feature=237 299 290 14 106 2 249 228 232 258 190 185 182 190 187 51 3 152 211 23 283 295 31 28 232 48 105 88 79 223
split_gain=1258.49 490.909 251.779 233.579 462.787 731.576 225.248 188.747 122.881 98.2485 87.2386 81.0051 90.3011 78.9626 77.0571 75.9137 75.4029 73.2702 76.7963 72.6482 99.4219 69.5499 78.9892 70.5062 68.7506 63.918 63.8095 67.7847 62.655 60.2874
threshold=-6.5194623470306388 -1.1974021196365354 -18.00737380981445 -2.9866464138031001 -13.73784303665161 1.9181661605834963 4.5381534099578866 -23.247182846069332 -3.0953798294067378 4.5061872005462655 -6.290799379348754 -5.8193464279174796 -2.8390438556671138 -8.1927967071533185 1.5080392360687258 4.8164446353912362 4.7353429794311532 -3.5923064947128291 -3.8612674474716182 5.8939280509948739 13.940097808837892 -3.5823529958724971 -1.360431373119354 5.2727918624877939 -2.8716526031494136 5.6576526165008554 -3.3825335502624507 -2.4579244852066036 -0.97601306438446034 3.8175817728042607
decision_type=2 2 2 2 2 2 2 2 2 2 2 2 2 2 2 2 2 2 2 2 2 2 2 2 2 2 2 2 2 2
left_child=2 8 3 7 5 -5 10 -1 -2 25 -3 12 -4 -13 17 28 26 -12 -19 20 -17 22 -20 -23 -16 29 -6 -28 -8 -10
right_child=1 6 11 4 16 -7 15 -9 9 -11 14 13 -14 -15 24 19 -18 18 21 -21 -22 23 -24 -25 -26 -27 27 -29 -30 -31
leaf_value=0.13593577575683594 -0.006562497521976518 -0.093007555902004255 -0.027398680795939857 -0.056360364854335793 -0.052344131526909345 -0.44675984486937526 0.086116396050368041 -0.025053481557475988 0.0018270596843823119 0.11020438500813075 0.033379501031111862 0.047185293952601834 -0.13431955412030222 -0.013956341948501009 -0.039895637805263201 0.061714436708252288 0.0068633950771169461 -0.018939124776807148 -0.10441871557671289 0.0031323682694208059 0.16288349883896966 0.010833804409740515 -0.007840619320376661 -0.023039548155627674 0.022750502836851809 -0.072180383780906951 -0.16978161895275118 -0.066680331020192662 0.021619975392880676 0.043370347131382339
leaf_weight=25 6205 20 1563 30 443 20 42 67 11476 21 295 56 20 926 45 183 47 256 26 42 28 5543 114 158 1636 29 25 44 364 88
leaf_count=25 6205 20 1563 30 443 20 42 67 11476 21 295 56 20 926 45 183 47 256 26 42 28 5543 114 158 1636 29 25 44 364 88
internal_value=0.000280884 0.00388104 -0.0290087 -0.0555643 -0.0667822 -0.21252 0.0135784 0.0186936 -0.000881941 0.002153 0.0112895 -0.0217512 -0.0287495 -0.0104696 0.0115479 0.0416883 -0.0537466 0.00904276 0.00786524 0.0631859 0.0751397 0.00904003 -0.0257766 0.00989502 0.0210735 0.00195728 -0.0593104 -0.104036 0.028292 0.0021432
internal_weight=29837 26571 3266 701 609 50 8752 92 17819 11614 8093 2565 1583 982 8073 659 559 6392 6097 253 211 5841 140 5701 1681 11593 512 69 406 11564
internal_count=29837 26571 3266 701 609 50 8752 92 17819 11614 8093 2565 1583 982 8073 659 559 6392 6097 253 211 5841 140 5701 1681 11593 512 69 406 11564
is_linear=0
shrinkage=0.05


Tree=60
num_leaves=31
num_cat=0
split_feature=293 189 29 241 52 101 299 257 96 39 131 232 290 298 193 29 282 109 297 234 298 299 189 143 212 69 192 91 160 90
split_gain=1392.55 578.265 1026.87 473.419 202.415 175.833 159.054 146.33 86.2597 84.5996 78.9349 76.9924 76.8134 73.0786 73.707 67.7692 67.4587 68.8066 69.2428 76.3101 73.3659 67.4223 65.7582 62.7354 71.5495 82.7815 61.5329 59.2607 58.8182 62.0674
threshold=-7.91898488998413 -18.349919319152828 -8.4577183723449689 0.3467243909835816 5.711470603942872 -13.880671977996824 -3.1810740232467647 -13.069890499114988 -13.747988224029539 1.9716844558715823 1.9475000500679018 -0.79143431782722462 -30.948311805725094 -3.4643666744232173 -7.6111083030700675 4.3827009201049814 -0.047403896227478974 5.2200980186462411 -6.4357910156249991 -1.5222290754318235 -3.7910783290863033 -4.2280995845794669 2.8287254571914677 -2.1259843111038204 -4.9278051853179923 -0.77114382386207569 -1.6636993288993833 -2.2652825117111202 -1.2023856639862058 -8.4650979042053205
decision_type=2 2 2 2 2 2 2 2 2 2 2 2 2 2 2 2 2 2 2 2 2 2 2 2 2 2 2 2 2 2
left_child=1 2 -1 6 11 -4 13 8 12 28 -6 -5 -3 21 -15 16 17 18 19 -8 -20 -2 27 -22 26 -26 -25 -18 29 -9
right_child=3 7 5 4 10 -7 15 9 -10 -11 -12 -13 -14 14 -16 -17 22 -19 20 -21 23 -23 -24 24 25 -27 -28 -29 -30 -31
leaf_value=-0.37568823496500653 -0.0057250901462829133 0.092801048642113096 0.081690101623535169 -0.00055805232683156232 -0.0052318395916805711 -0.086962310005636784 -0.11977379911889632 0.016678709688439833 -0.047053712498303715 -0.051432019105770305 0.068022209834160768 0.017550882996141666 -0.029524976556951351 -0.10259496388228045 -0.01254542980366706 -0.019717337364374206 0.042986782631687537 -0.082057066758473726 0.028309861234118862 -0.005890676496844543 0.0087929140311424382 0.0052059891386027285 0.057570760814767134 0.0098730114345071899 -0.0056105567842586294 0.0054593474576940734 -0.049108285009652489 0.0083746920267329678 0.013516159339274492 -0.021449209782645206
leaf_weight=33 4918 21 20 691 43 68 24 113 882 196 254 3898 33 23 1894 301 131 24 279 38 2700 1978 76 66 2966 3922 134 2209 146 1926
leaf_count=33 4918 21 20 691 43 68 24 113 882 196 254 3898 33 23 1894 301 131 24 279 38 2700 1978 76 66 2966 3922 134 2209 146 1926
internal_value=-0.000521618 -0.0304648 -0.137829 0.003353 0.0174131 -0.0486322 0.000184727 -0.0265483 -0.0432979 -0.0199638 0.0574164 0.0148241 0.0180463 -0.00499027 -0.0136258 0.00372842 0.00428989 0.00250303 0.00270339 -0.0499745 0.00302782 -0.0025897 0.011799 0.00230717 -0.000163409 0.000692603 -0.0296445 0.0103124 -0.017141 -0.0193362
internal_weight=30007 3438 121 26569 4886 88 21683 3317 936 2381 297 4589 54 8813 1917 12870 12569 10153 10129 62 10067 6896 2416 9788 7088 6888 200 2340 2185 2039
internal_count=30007 3438 121 26569 4886 88 21683 3317 936 2381 297 4589 54 8813 1917 12870 12569 10153 10129 62 10067 6896 2416 9788 7088 6888 200 2340 2185 2039
is_linear=0
shrinkage=0.05


Tree=61
num_leaves=31
num_cat=0
split_feature=293 187 3 119 0 277 245 293 293 171 298 223 182 3 86 288 136 50 189 281 298 89 22 282 123 35 18 21 246 298
split_gain=1256.77 535.537 1497.84 453.466 270.817 306.922 201.335 152.293 127.935 141.609 107.526 102.555 99.3585 91.5961 83.6784 99.7181 94.7145 81.8097 80.1022 79.1933 81.0167 77.2291 74.9684 75.9667 70.7043 67.5574 94.9501 77.4629 64.6074 62.2713
threshold=-7.91898488998413 -18.040490150451657 2.543159127235413 0.46450021862983709 2.800248503684998 -30.514506340026852 4.0422220230102548 -3.1083910465240474 -14.130010128021238 -17.384195327758786 -7.6439213752746573 -5.3492157459259024 -0.099888935685157762 2.2681567668914799 3.5165048837661748 1.4019464850425722 -0.99405637383460987 4.8256576061248788 -14.211133003234862 -12.518799781799315 -11.721588611602781 0.96412816643714916 -0.40586571395397181 -2.3619145154952998 -1.0876913070678709 -4.7371890544891349 -0.34952382743358607 -1.364637494087219 -2.6205294132232662 -2.2002241611480708
decision_type=2 2 2 2 2 2 2 2 2 2 2 2 2 2 2 2 2 2 2 2 2 2 2 2 2 2 2 2 2 2
left_child=1 2 4 7 5 -1 22 19 9 13 -9 18 21 -3 15 25 -16 -8 -11 -2 -21 24 -5 -24 28 26 -12 -27 -10 -17
right_child=3 8 -4 6 -6 -7 17 10 12 11 14 -13 -14 -15 16 29 -18 -19 -20 20 -22 -23 23 -25 -26 27 -28 -29 -30 -31
leaf_value=-0.26658060073852541 -0.10008436007933184 -0.017454324014808821 -0.51636581534431103 0.021037380954358264 0.090988236427307134 -0.036705204225936032 0.028344733676154577 0.089620358041591131 -0.018694085098772947 -0.06838036704063416 0.019989821671243805 -0.14874759702519938 0.042458666567549569 0.12885227493941784 -0.086101994605041032 0.054379533842495345 -0.010067387473268005 0.064607129331494942 -0.03343270807721458 0.086638135276734835 -0.0053573470321034598 -0.054046642869175258 -0.0092607227855174348 0.011325985741635606 0.01479704942109075 0.011252524185538071 -0.04651944625583835 0.0006230559279283473 -0.08931772067126903 0.013769084442307991
leaf_weight=20 22 23 21 1645 25 53 429 36 1733 200 81 22 66 20 51 103 208 244 910 24 8463 153 536 2733 159 2143 159 8562 33 1130
leaf_count=20 22 23 21 1645 25 53 429 36 1733 200 81 22 66 20 51 103 208 244 910 24 8463 153 536 2733 159 2143 159 8562 33 1130
internal_value=-0.000495537 -0.0289416 -0.133159 0.00318535 -0.0510437 -0.0996848 0.015844 -0.000185356 -0.0252049 -0.0384653 0.00333301 -0.0418483 -0.0179377 0.0505953 0.00308324 0.00368135 -0.0250395 0.0414919 -0.0397296 -0.00534279 -0.0050972 -0.019856 0.0123314 0.0079505 -0.0171385 0.00216275 -0.0240726 0.00275094 -0.0200138 0.0171615
internal_weight=30007 3438 119 26569 98 73 5587 20982 3319 1175 12473 1132 2144 43 12437 12178 259 673 1110 8509 8487 2078 4914 3269 1925 10945 240 10705 1766 1233
internal_count=30007 3438 119 26569 98 73 5587 20982 3319 1175 12473 1132 2144 43 12437 12178 259 673 1110 8509 8487 2078 4914 3269 1925 10945 240 10705 1766 1233
is_linear=0
shrinkage=0.05


Tree=62
num_leaves=31
num_cat=0
split_feature=293 187 3 182 8 6 299 141 52 257 171 28 125 3 294 211 77 39 105 152 43 297 25 52 160 228 257 291 89 241
split_gain=1134.24 483.322 1351.8 403.833 251.848 301.389 188.967 158.379 143.638 122.746 139.21 91.1712 89.4172 82.1674 78.0493 66.2017 102.079 65.805 62.7862 61.4316 58.7715 58.4168 60.4145 58.573 57.4295 55.8042 79.4217 77.6827 55.722 63.9593
threshold=-7.91898488998413 -18.040490150451657 2.543159127235413 1.3028784990310671 -0.9537195861339568 -0.84529468417167652 -1.9737647175788877 -14.28178834915161 5.711470603942872 -13.069890499114988 -17.384195327758786 -7.67803931236267 -5.008197307586669 2.2681567668914799 3.9189707040786748 -5.6410696506500235 0.47293537855148321 1.9716844558715823 -1.2911372780799864 -5.4940304756164542 6.2218873500823983 -4.1718983650207511 1.5652733445167544 4.9620523452758798 -1.2023856639862058 -10.372255325317381 -15.0653920173645 -22.791695594787594 -5.2484948635101309 -3.8563754558563228
decision_type=2 2 2 2 2 2 2 2 2 2 2 2 2 2 2 2 2 2 2 2 2 2 2 2 2 2 2 2 2 2
left_child=1 2 4 6 5 -1 14 -6 28 10 13 -11 18 -3 15 16 -2 24 -8 -14 -17 22 -21 -23 -13 27 -27 -12 -5 -30
right_child=3 9 -4 8 7 -7 12 -9 -10 11 25 17 19 -15 -16 20 -18 -19 -20 21 -22 23 -24 -25 -26 26 -28 -29 29 -31
leaf_value=-0.016413920670747758 -0.010893493043299814 -0.014812881685793401 -0.49054751623244519 0.090071434971804809 0.13291675022670202 -0.27335462437144348 0.0025162827701140675 -0.044923451554871374 0.054908035494757035 0.043470146696446305 -0.064964083165072947 -0.019144854073311589 0.046836425648806135 0.12240965716540814 0.095982137918472293 -0.0016491089295631676 -0.080045068929237989 -0.047190909994271946 -0.083300054295265935 -0.011948904047544668 -0.063921427726745611 0.0072773092798848072 -0.10493428733199835 -0.040723098837770526 0.013349660003257994 -0.15731189946333568 -0.054443704388862438 -0.029369566741197006 -0.03633582403750292 0.017717178270802447
leaf_weight=25 1135 24 21 26 21 21 39 31 282 59 209 1980 95 20 20 13010 56 196 47 138 38 9135 20 64 146 24 86 575 56 2408
leaf_count=25 1135 24 21 26 21 21 39 31 282 59 209 1980 95 20 20 13010 56 196 47 138 38 9135 20 64 146 24 86 575 56 2408
internal_value=-0.00047076 -0.0274945 -0.126501 0.00302608 -0.0484915 -0.133713 0.000922212 0.0268966 0.0210873 -0.0239447 -0.0392643 -0.0179095 0.00636997 0.047561 -0.00272185 -0.00286049 -0.014145 -0.0194691 -0.0443833 0.00683176 -0.00183047 0.0064256 -0.0237192 0.00694336 -0.0169133 -0.0435376 -0.0768877 -0.0388584 0.017257 0.0164887
internal_weight=30007 3438 119 26569 98 46 23797 52 2772 3319 938 2381 9538 44 14259 14239 1191 2322 86 9452 13048 9357 158 9199 2126 894 110 784 2490 2464
internal_count=30007 3438 119 26569 98 46 23797 52 2772 3319 938 2381 9538 44 14259 14239 1191 2322 86 9452 13048 9357 158 9199 2126 894 110 784 2490 2464
is_linear=0
shrinkage=0.05


Tree=63
num_leaves=31
num_cat=0
split_feature=293 131 283 119 50 262 235 246 272 258 141 10 183 143 109 11 22 121 52 154 68 282 23 289 148 299 297 3 235 273
split_gain=1023.66 458.168 1497.67 379.38 188.704 269.233 181.04 169.955 127.885 116.671 89.1766 87.2635 77.3724 87.0879 100.553 71.7544 70.607 71.3268 69.6365 69.5106 87.3543 67.8001 67.1892 66.9421 64.649 60.9008 60.196 57.8114 56.2577 57.062
threshold=-7.5592093467712393 -13.853548526763914 -31.942573547363278 0.46450021862983709 -9.5668091773986799 -25.1639289855957 -14.234606742858885 3.9308071136474614 -4.7570762634277335 -24.409672737121578 -14.28178834915161 -3.1439098119735713 -1.7481598258018491 -2.0035729408264156 2.8076202869415288 -4.3635973930358878 -0.40586571395397181 -3.2280392646789546 5.711470603942872 -0.095470655709505067 0.53548827767372142 -2.3619145154952998 -3.0850236415863033 -1.9811252355575559 2.0552209615707402 -18.488416671752926 -10.432358741760252 -0.49223838746547693 5.399045705795289 7.8140294551849374
decision_type=2 2 2 2 2 2 2 2 2 2 2 2 2 2 2 2 2 2 2 2 2 2 2 2 2 2 2 2 2 2
left_child=1 2 -1 8 5 -3 10 16 15 -4 -6 -8 13 14 23 -2 17 -5 -9 20 -13 -18 -15 -10 -17 -11 -22 -12 -20 -30
right_child=3 4 9 7 6 -7 11 18 12 25 27 19 -14 22 -16 24 21 -19 28 -21 26 -23 -24 -25 -26 -27 -28 -29 29 -31
leaf_value=-0.43417232118803883 -0.080923119713278382 0.20894313993908109 0.086299934387207039 -0.049792521995388805 -0.1480843804099343 -0.0043950347900390627 -0.044025431216897948 0.026200642850663924 0.0017263714816064049 -0.087159731083138056 -0.069240312324192893 -0.016592680603283321 0.0052041186666525593 -0.035293585674182788 -0.073559365257984261 -0.007281072192230344 -0.0092158768048438318 0.021371705980965654 0.13417739868164064 -0.048330911787932897 -0.013079188448010069 0.01028085681506149 -0.0046107542769736201 0.018333384919882442 -0.075567926679338732 0.010977023839950563 0.039021347129037459 -0.034368655677190212 0.024752404467732299 0.076229971490408249
leaf_weight=29 34 21 20 36 22 50 302 432 2920 43 174 2228 8200 185 41 3567 533 1605 23 153 99 2729 5018 766 35 25 126 375 102 114
leaf_count=29 34 21 20 36 22 50 302 432 2920 43 174 2228 8200 185 41 3567 533 1605 23 153 99 2729 5018 766 35 25 126 375 102 114
internal_value=-0.000447222 -0.0251981 -0.122551 0.00299854 -0.0219895 0.058705 -0.0236364 0.0145808 -0.000110359 -0.0198573 -0.0493764 -0.0185822 0.00169738 -0.00152269 0.00431136 -0.00862702 0.0113509 0.0198105 0.0381814 -0.0156336 -0.0135942 0.00709516 -0.00570173 0.00517753 -0.0079446 -0.05108 0.0160971 -0.0454209 0.059837 0.0519211
internal_weight=30007 3667 117 26340 3550 71 3479 5574 20766 88 571 2908 17130 8930 3727 3636 4903 1641 671 2606 2453 3262 5203 3686 3602 68 225 549 239 216
internal_count=30007 3667 117 26340 3550 71 3479 5574 20766 88 571 2908 17130 8930 3727 3636 4903 1641 671 2606 2453 3262 5203 3686 3602 68 225 549 239 216
is_linear=0
shrinkage=0.05


Tree=64
num_leaves=31
num_cat=0
split_feature=292 119 131 33 50 262 272 293 142 281 277 183 21 111 298 282 22 163 226 62 40 152 27 273 36 62 88 170 101 45
split_gain=931.233 402.722 351.733 1179.88 203.957 241.514 194.078 153.599 145.438 114.814 80.5025 78.5235 73.64 72.552 71.1409 71.5789 68.6827 71.9566 64.565 64.1833 59.7587 58.9994 61.3831 58.7329 57.6978 56.1403 55.9354 56.7929 55.4675 52.9849
threshold=-10.768903255462645 0.46450021862983709 -13.853548526763914 -11.789113521575926 -9.5668091773986799 -25.1639289855957 -4.7570762634277335 6.21647071838379 -14.750588417053221 -12.518799781799315 -11.649264812469481 -1.7481598258018491 -2.5012023448944087 2.8381139039993291 -12.651470661163328 -8.3414492607116681 -3.8341175317764278 -3.7181917428970332 -7.5929903984069815 1.0943998694419863 5.9092810153961191 1.2252941131591799 0.62090197205543529 -9.2569742202758771 3.9266459941864018 -0.77639704942703236 -3.3230217695236202 -0.50465846061706532 -13.880671977996824 6.355098009109498
decision_type=2 2 2 2 2 2 2 2 2 2 2 2 2 2 2 2 2 2 2 2 2 2 2 2 2 2 2 2 2 2
left_child=2 6 3 -1 5 -4 9 10 -6 23 -3 13 28 18 15 -11 -12 -18 -8 -9 -20 -16 -23 -2 -10 -15 27 -13 -5 -19
right_child=1 7 4 12 8 -7 11 19 24 14 16 26 -14 25 21 -17 17 29 20 -21 -22 22 -24 -25 -26 -27 -28 -29 -30 -31
leaf_value=-0.42915684382120772 -0.040686008613556625 0.084818808694143558 0.19849599202473958 0.05410573394210251 -0.13447691021543559 -0.0048031330108642585 0.053226692008751408 0.011192869325335935 -0.026770917129672857 -0.0060655933969161087 0.053376558519178822 0.0085026010483215553 -0.084307104943408859 -0.092345528539858376 -0.0087939599022504571 0.099896954695383719 -0.025861676661845519 0.011601120681003238 -0.0013335054843115332 0.051057911678381411 -0.061836516857147222 0.0010752160102128984 -0.095449804812669764 -0.13106050109863282 -0.069641150061677135 -0.013607338549835341 0.0040998717556907658 0.048359260138381148 -0.051558660893984469 -0.034917246814697017
leaf_weight=24 64 37 21 27 33 48 54 139 1831 34 93 233 42 38 4686 30 136 4822 8896 369 41 28 40 25 82 56 7848 145 23 62
leaf_count=24 64 37 21 27 33 48 54 139 1831 34 93 233 42 38 4686 30 136 4822 8896 369 41 28 40 25 82 56 7848 145 23 62
internal_value=-0.000424861 0.00201051 -0.0322823 -0.116945 -0.0274084 0.0570705 -0.00102224 0.0139196 -0.0304038 -0.00979949 0.0113322 0.00146577 -0.0354988 -0.00173859 -0.00876 0.0436044 0.0108004 0.0100117 -0.00128172 0.04015 -0.00161107 -0.00946495 -0.0557042 -0.0660721 -0.0286085 -0.0454377 0.00500474 0.0237915 0.00550011 0.0110106
internal_weight=30007 27876 2131 116 2015 69 22218 5658 1946 4907 5150 17311 92 9085 4818 64 5113 5020 8991 508 8937 4754 68 89 1913 94 8226 378 50 4884
internal_count=30007 27876 2131 116 2015 69 22218 5658 1946 4907 5150 17311 92 9085 4818 64 5113 5020 8991 508 8937 4754 68 89 1913 94 8226 378 50 4884
is_linear=0
shrinkage=0.05


Tree=65
num_leaves=31
num_cat=0
split_feature=232 292 131 33 89 8 299 290 8 101 50 46 298 24 65 23 18 119 296 298 165 290 77 299 298 263 105 170 231 28
split_gain=749.55 337.1 219.621 732.851 185.756 156.143 138.14 124.704 110.883 99.0032 94.9897 150.035 86.3606 84.4302 74.5739 71.7689 84.019 76.0713 70.6726 65.8884 67.6413 65.3767 64.8075 64.1865 73.6839 69.4386 61.584 61.48 59.6705 65.0407
threshold=-6.1163942813873282 2.3640470504760747 -13.853548526763914 -11.789113521575926 -12.823351383209227 1.4890475869178774 -2.8837105035781856 -25.771238327026364 3.3250142335891728 -13.880671977996824 -7.7258822917938224 -7.0204827785491934 -2.7818487882614131 5.0582439899444589 -4.703418254852294 -1.3737025260925291 1.3852139115333559 -2.7034367322921748 -0.22970587760210034 -2.8075708150863643 -5.0842022895812979 -3.9871826171874996 -3.287914395332336 -1.6559258699417112 -1.6087114810943601 -5.0606210231780997 -0.073352996259927736 -14.939087390899656 -1.89346307516098 -2.3868988752365108
decision_type=2 2 2 2 2 2 2 2 2 2 2 2 2 2 2 2 2 2 2 2 2 2 2 2 2 2 2 2 2 2
left_child=2 6 3 -1 5 -4 13 10 -3 -5 -6 -12 18 19 22 16 28 -17 -8 21 -21 26 -9 -19 -25 -26 -2 -13 -14 -30
right_child=1 8 4 9 7 -7 12 14 -10 -11 11 27 15 -15 -16 17 -18 23 -20 20 -22 -23 -24 24 25 -27 -28 -29 29 -31
leaf_value=-0.34207213028617534 -0.0030024245653595006 0.018200439843646953 0.0025864782050634043 0.051052369742557925 0.023961087226867676 0.16265964356064799 0.013684146849862858 -0.024241079731637062 0.059187852337373704 -0.062765686852591374 -0.20476158573513939 -0.0030616297441370347 0.0022872848513129647 -0.053620698975353709 -0.014421438882567217 -0.018075901510136338 -0.018281480264156422 -0.0036323290460447718 0.06239664731429348 -0.06624824470872509 -0.010927784161591163 0.0033962161693189318 -0.058218751994312791 0.021454706448753171 -0.075175106472202713 0.0037690275882836435 -0.020014837833270797 -0.084641695022583008 0.037830914860201438 0.013469403761613388
leaf_weight=23 4112 2111 39 29 25 25 1295 602 179 56 21 34 866 82 2414 485 235 3075 79 58 1168 4154 183 628 28 5375 611 72 344 1346
leaf_count=23 4112 2111 39 29 25 25 1295 602 179 56 21 34 866 82 2414 485 235 3075 79 58 1168 4154 183 628 28 5375 611 72 344 1346
internal_value=0.000168743 0.00307709 -0.0214858 -0.0916854 -0.0192657 0.0651151 0.00132407 -0.0208773 0.0214043 -0.0239336 -0.0651267 -0.0826637 0.00459215 -0.00308985 -0.0187748 0.00327243 0.010329 0.00121895 0.0164849 -0.00267972 -0.0135449 -0.00117913 -0.032162 0.00224662 0.0052441 0.00335991 -0.00520327 -0.0584745 0.0129595 0.0184282
internal_weight=29754 26231 3523 108 3415 64 23941 3351 2290 85 152 127 13756 10185 3199 12382 2791 9591 1374 10103 1226 8877 785 9106 6031 5403 4723 106 2556 1690
internal_count=29754 26231 3523 108 3415 64 23941 3351 2290 85 152 127 13756 10185 3199 12382 2791 9591 1374 10103 1226 8877 785 9106 6031 5403 4723 106 2556 1690
is_linear=0
shrinkage=0.05


Tree=66
num_leaves=31
num_cat=0
split_feature=232 294 131 283 85 8 182 290 96 3 121 133 291 38 198 118 181 57 31 36 113 143 283 205 190 49 11 204 14 296
split_gain=676.469 320.661 198.208 647.431 188.258 168.905 138.862 133.512 124.76 109.112 86.2894 159.183 78.8927 89.6212 75.581 72.3659 67.2229 67.1044 90.4282 66.8447 66.1732 65.5395 66.7312 60.5806 58.9784 58.5926 57.2099 55.7586 54.3389 52.4326
threshold=-6.1163942813873282 3.0411764383316044 -13.853548526763914 -31.942573547363278 -11.808985233306883 1.4890475869178774 -2.7637037038803096 -25.771238327026364 -13.747988224029539 1.1497671604156496 -2.6107696294784541 -9.0608124732971174 12.949804306030275 1.8335889577865603 -1.3407065272331236 -0.68936818838119496 -1.5108496546745298 -0.6710294485092162 8.8540520668029803 3.9266459941864018 -1.9232976436614988 -1.7613905668258665 -2.2997059822082515 -0.22349482774734494 -1.0000000180025095e-35 -0.18227449059486386 -2.1979857683181758 -8.6049580574035627 2.4709458351135258 4.4347016811370858
decision_type=2 2 2 2 2 2 2 2 2 2 2 2 2 2 2 2 2 2 2 2 2 2 2 2 2 2 2 2 2 2
left_child=2 6 3 -1 5 -4 21 10 -5 14 11 -6 -11 -14 -3 19 -16 -8 29 28 -12 22 -2 24 -18 -21 -23 -17 -9 -19
right_child=1 9 4 8 7 -7 17 15 -10 12 20 -13 13 -15 16 27 23 18 -20 25 -22 26 -24 -25 -26 -27 -28 -29 -30 -31
leaf_value=-0.29402988978794647 -0.0038657731751113446 0.058788614332525413 0.0094385459309532533 0.075309577355018031 -0.045765326146421759 0.18310969330015636 7.3302716766476058e-05 -0.016920358851065919 -0.058002415409794561 0.037521151934351238 0.055210877247154712 -0.18202217817306521 0.18630201354622844 0.054293155587381792 -0.045262367676626503 0.063985134902838123 -0.08930286134779454 0.0061729670967640956 -0.086884883619271797 -0.10183468064212281 -0.056177966091781856 -0.042928437191805391 0.013889761576938093 0.018861274709664019 0.0016697014824697569 -0.022865865022564928 -0.0097880716108768098 -0.0020501022770049722 -0.046320929079355595 0.04731956074635188
leaf_weight=28 3546 99 42 26 58 21 7533 2667 54 350 20 34 20 36 47 37 25 10479 26 46 40 139 622 1106 62 48 2063 235 167 78
leaf_count=28 3546 99 42 26 58 21 7533 2667 54 350 20 34 20 36 47 37 25 10479 26 46 40 139 622 1106 62 48 2063 235 167 78
internal_value=0.000160306 0.00292324 -0.0204115 -0.0871011 -0.0183024 0.0673289 0.00144745 -0.0199118 -0.014676 0.0236317 -0.0656977 -0.0961211 0.0463374 0.101439 0.016747 -0.017737 0.0133905 0.00368021 0.00624761 -0.0200287 -0.0190484 -0.00490242 -0.00121607 0.0157012 -0.0244718 -0.0615102 -0.01188 0.00693263 -0.0186529 0.00647698
internal_weight=29754 26231 3523 108 3415 63 24486 3352 80 1745 152 92 406 56 1339 3200 1240 18116 10583 2928 60 6370 4168 1193 87 94 2202 272 2834 10557
internal_count=29754 26231 3523 108 3415 63 24486 3352 80 1745 152 92 406 56 1339 3200 1240 18116 10583 2928 60 6370 4168 1193 87 94 2202 272 2834 10557
is_linear=0
shrinkage=0.05


Tree=67
num_leaves=31
num_cat=0
split_feature=232 294 131 35 85 284 283 246 20 72 97 298 23 10 62 30 102 35 122 133 12 214 39 221 8 228 175 60 241 293
split_gain=610.801 290.774 176.892 636.595 167.605 161.374 133.418 120.387 112.557 100.019 98.98 93.1633 85.8939 81.6683 79.0782 88.9835 71.325 69.7112 66.5978 95.2309 65.5208 62.641 64.1386 61.6797 53.6081 50.6305 50.3728 54.823 53.1351 50.1902
threshold=-6.2550663948059073 3.0411764383316044 -13.853548526763914 -11.739743232727049 -11.808985233306883 -31.56249904632568 -1.3563559651374815 -23.440613746643063 -2.0352004766464229 4.1397058963775644 -13.823610782623289 -1.668836176395416 -1.3136274218559263 5.0386927127838144 -2.3288439512252803 -0.6062309443950652 2.3937253952026372 -3.8129526376724239 -6.4036197662353507 -5.4638233184814444 -0.80924293398857106 -2.0157065391540523 -2.8629411458969112 6.7469706535339364 0.85924890637397777 -7.0299286842346183 -4.0979900360107413 -2.9983172416687007 -0.92286974191665638 -5.9497995376586905
decision_type=2 2 2 2 2 2 2 2 2 2 2 2 2 2 2 2 2 2 2 2 2 2 2 2 2 2 2 2 2 2
left_child=2 6 3 -1 5 -4 14 8 -6 11 -5 -3 29 -13 16 -16 20 -17 19 24 21 22 25 26 -9 -2 -14 28 -28 -8
right_child=1 9 4 10 7 -7 12 18 -10 -11 -12 13 23 -15 15 17 -18 -19 -20 -21 -22 -23 -24 -25 -26 -27 27 -29 -30 -31
leaf_value=-0.30984951655069987 -0.045801145113680677 0.089371943820354557 0.17642862229120165 0.063205308180588934 -0.17769711743230407 0.0059847901507121765 -0.053355631108085312 -0.028422743465741598 -0.024432348251342773 0.048204918215351722 -0.054198626814217402 0.016318034790565383 -0.027036302651816269 -0.073136903689457827 0.0037076279250990805 -0.033274030666982778 -0.090452786783377329 -0.0033982315005813553 -0.013157431033833808 -0.071520281602507049 0.00058800290367771351 0.0069445739894982723 -0.027523844002984296 -0.049458844031927719 0.0053522251432480145 0.012402979172204608 0.0079724513868425495 0.004469084841865467 0.059207182652879879 0.019629792255927595
leaf_weight=24 46 43 21 26 23 41 24 759 25 310 58 1366 123 26 7699 202 27 5848 2173 115 1057 243 860 53 139 199 114 6748 91 1271
leaf_count=24 46 43 21 26 23 41 24 759 25 310 58 1366 123 26 7699 202 27 5848 2173 115 1057 243 860 53 139 199 114 6748 91 1271
internal_value=0.00015229 0.00272714 -0.0197793 -0.082746 -0.0177161 0.0637158 0.00132838 -0.0192773 -0.0978717 0.0224501 -0.0178593 0.0168863 0.00643118 0.0146472 -0.0013282 0.000141888 -0.00963912 -0.00439574 -0.0180932 -0.0286809 -0.00873186 -0.0160398 -0.0210943 0.00427933 -0.0231948 0.00147486 0.00468183 0.00524293 0.0307157 0.0182772
internal_weight=29754 26350 3404 108 3296 62 24605 3234 48 1745 84 1435 8424 1392 16181 13749 2432 6050 3186 1013 2405 1348 1105 7129 898 245 7076 6953 205 1295
internal_count=29754 26350 3404 108 3296 62 24605 3234 48 1745 84 1435 8424 1392 16181 13749 2432 6050 3186 1013 2405 1348 1105 7129 898 245 7076 6953 205 1295
is_linear=0
shrinkage=0.05


Tree=68
num_leaves=31
num_cat=0
split_feature=291 295 131 33 89 8 299 246 112 298 232 97 299 298 299 4 43 298 299 298 272 298 204 36 42 116 295 1 198 135
split_gain=553.411 260.345 157.528 597.261 144.357 122.702 113.112 110.008 119.875 102.928 91.8498 87.5654 83.3766 100.61 83.9788 82.8488 78.5744 76.9948 73.3779 84.8291 73.1551 72.43 85.334 70.6281 86.9693 68.1911 66.0973 63.2137 58.3838 56.7467
threshold=-8.0034642219543439 2.5830827951431279 -13.853548526763914 -11.789113521575926 -12.823351383209227 1.4890475869178774 -3.5007179975509639 -23.440613746643063 -9.9322061538696271 -3.3692702054977413 -0.46140047907829279 -13.823610782623289 -1.8757562637329099 -1.4829434752464292 5.7298038005828866 4.5932743549346933 5.4952867031097421 -1.7511950731277464 0.42504899203777319 0.84561628103256237 2.9298011064529423 -3.340457439422607 -6.2187457084655753 3.4010784626007085 3.7537145614624028 4.6681535243988046 0.14784314483404162 2.7506397962570195 -2.7247710227966304 -7.1755425930023184
decision_type=2 2 2 2 2 2 2 2 2 2 2 2 2 2 2 2 2 2 2 2 2 2 2 2 2 2 2 2 2 2
left_child=2 6 3 -1 5 -4 16 8 -6 10 -8 -5 17 20 18 28 21 -11 19 -15 -14 25 -23 24 29 -2 -21 -17 -3 -9
right_child=1 15 4 11 7 -7 9 23 -10 12 -12 -13 13 14 -16 27 -18 -19 -20 26 -22 22 -24 -25 -26 -27 -28 -29 -30 -31
leaf_value=-0.30464895497197692 -0.0019973690585201858 0.072335360341883731 0.0016983394439403828 0.059003096360426693 -0.18733391761779786 0.14359846186637878 0.011671295922452052 -0.027787320286726924 -0.027060570035661969 0.00032258969895979941 0.050630304146686504 -0.05113387027029264 0.014236012371147848 0.0010505646494038648 -0.088892364501953133 0.097116986573752714 -0.065730133243635594 -0.014445678405983504 0.0096721902138260374 -0.043860573601455261 0.092935711344083155 -0.10259446352720261 -0.013944535793087791 -0.050441854153909997 0.071892410303865159 0.079131862177298617 0.001263708128131551 0.018437753518422445 0.015928776641541586 -0.012227111399868498
leaf_weight=23 6789 47 39 26 20 25 1159 819 28 4930 174 59 1878 4425 25 59 51 1075 2592 195 30 28 890 155 28 26 139 45 1916 2059
leaf_count=23 6789 47 39 26 20 25 1159 819 28 4930 174 59 1878 4425 25 59 51 1075 2592 195 30 28 890 155 28 26 139 45 1916 2059
internal_value=0.000144676 0.00254529 -0.0192249 -0.0786087 -0.0172036 0.0571281 0.0011023 -0.0187338 -0.0938411 0.00343165 0.0167567 -0.0174449 0.00226988 0.00523943 0.00259214 0.0195834 -0.00387182 -0.00232119 0.00290327 -0.000783444 0.0154734 -0.00346386 -0.0166485 -0.017556 -0.0158019 -0.00168785 -0.0250813 0.0630731 0.0172793 -0.0166551
internal_weight=29754 26473 3281 108 3173 64 24406 3109 48 16622 1333 85 15289 9284 7376 2067 7784 6005 7351 4759 1908 7733 918 3061 2906 6815 334 104 1963 2878
internal_count=29754 26473 3281 108 3173 64 24406 3109 48 16622 1333 85 15289 9284 7376 2067 7784 6005 7351 4759 1908 7733 918 3061 2906 6815 334 104 1963 2878
is_linear=0
shrinkage=0.05


Tree=69
num_leaves=31
num_cat=0
split_feature=258 247 292 13 13 22 33 283 91 28 292 30 35 170 87 272 201 183 19 297 283 223 193 80 3 244 171 123 4 269
split_gain=506.324 213.624 187.408 277.964 608.338 181.992 221.677 100.541 84.6427 81.806 72.7749 69.3422 90.8513 77.7737 68.6707 74.0025 84.4516 67.5036 65.6411 64.6254 63.1512 76.3758 61.3662 60.206 66.8144 59.7182 55.6914 55.6014 53.3356 52.2216
threshold=-4.600010633468627 2.977114319801331 -22.964211463928219 -3.4797602891921993 -2.544867634773254 -6.0102126598358145 -11.789113521575926 -1.3217647075653074 -3.1451742649078365 4.6501402854919442 5.6554338932037362 -1.1686372756958006 -5.1396877765655509 -1.280759811401367 4.6815359592437753 3.250359416007996 -3.0889831781387325 3.3313180208206181 -0.95151764154434193 3.0782353878021245 -9.9602499008178693 -2.8702520132064815 -7.8372042179107657 -7.7066469192504874 0.34977939724922186 -1.3640196323394773 -0.43572926521301264 3.5457558631896977 6.5051205158233651 -6.0005366802215567
decision_type=2 2 2 2 2 2 2 2 2 2 2 2 2 2 2 2 2 2 2 2 2 2 2 2 2 2 2 2 2 2
left_child=2 7 3 -1 -5 -6 -7 11 -9 20 29 13 -13 22 15 17 -17 -10 -19 -12 21 -4 -2 24 -8 -15 -24 -18 -21 -3
right_child=1 10 9 4 5 6 23 8 14 -11 19 12 -14 25 -16 16 27 18 -20 28 -22 -23 26 -25 -26 -27 -28 -29 -30 -31
leaf_value=0.078267219586250117 -0.073870783565299844 0.086845248130460587 -0.015648497849523008 -0.33008351415395737 0.078635715555261693 -0.19627395043006313 -0.048571806241359032 0.034986921143718062 0.0044702374581412829 -0.045057884652029589 0.11864296688387793 -0.045715474457510064 -0.0025749995051931418 0.019760837900282453 -0.017648651552358736 0.11422774966243499 0.015406269126462063 0.094643908699876392 0.019459736892362921 0.029794492447792101 -0.005783854307299224 -0.1054290736714999 0.0019916050450760011 -0.055969313077024511 0.063887162506580358 0.00059283352689817556 -0.025649316361598635 0.077619878869307671 0.095754103227095169 0.011974439538040185
leaf_weight=39 28 24 1823 20 27 26 28 256 7219 162 24 124 7720 1113 301 24 654 38 123 430 4360 24 3266 185 25 640 193 38 33 787
leaf_count=39 28 24 1823 20 27 26 28 256 7219 162 24 124 7720 1113 301 24 654 38 123 430 4360 24 3266 185 25 640 193 38 33 787
internal_value=0.000137442 0.0036601 -0.0119394 -0.047561 -0.0633401 -0.0450073 -0.0576526 0.00248347 0.00666495 -0.00998186 0.0233645 -0.000281917 -0.00325698 0.00417159 0.00580149 0.00667334 0.0220206 0.00518437 0.0372051 0.0386426 -0.0090664 -0.0168151 -0.000147438 -0.0425091 0.00447488 0.0127628 0.000449339 0.0188226 0.0344957 0.0141901
internal_weight=29754 23035 6719 350 311 291 264 21737 8653 6369 1298 13084 7844 5240 8397 8096 716 7380 161 487 6207 1847 3487 238 53 1753 3459 692 463 811
internal_count=29754 23035 6719 350 311 291 264 21737 8653 6369 1298 13084 7844 5240 8397 8096 716 7380 161 487 6207 1847 3487 238 53 1753 3459 692 463 811
is_linear=0
shrinkage=0.05


Tree=70
num_leaves=31
num_cat=0
split_feature=183 282 3 31 43 1 295 85 122 281 85 39 30 92 156 286 167 20 263 40 11 168 189 25 235 46 249 182 193 165
split_gain=522.959 238.988 217.628 136.579 299.33 234.809 114.527 72.9419 79.4863 104.499 85.0372 72.1634 71.6841 71.6615 73.8246 64.6356 90.5929 63.5835 64.5417 61.8311 58.6372 67.9421 57.9959 57.1718 57.1054 62.2249 54.5676 53.8018 59.2697 53.332
threshold=-6.1288688182830802 -0.68694573640823353 5.6863915920257577 -11.46843099594116 -11.01539897918701 2.2180759906768803 7.9140377044677743 -7.9755883216857901 -2.04164707660675 -12.994058609008787 -1.870706260204315 -1.0430837273597715 -0.44469387829303736 -0.2478431090712547 3.6312605142593388 -18.872526168823239 -14.86615467071533 -1.400339603424072 -7.2626619338989249 -2.6073269844055171 -1.1469821333885191 -17.794574737548825 -7.21156883239746 6.5267319679260263 -5.0654969215393058 -3.4310196638107295 4.5381534099578866 -7.7208821773529044 -12.915395259857176 -10.377646923065184
decision_type=2 2 2 2 2 2 2 2 2 2 2 2 2 2 2 2 2 2 2 2 2 2 2 2 2 2 2 2 2 2
left_child=2 7 3 5 -5 -1 13 -2 9 10 -9 17 -8 14 -3 16 20 -10 -19 -13 21 -6 -21 -17 -15 -26 -24 28 29 -18
right_child=1 6 -4 4 15 -7 12 8 11 -11 -12 19 -14 24 -16 23 27 18 -20 22 -22 -23 26 -25 25 -27 -28 -29 -30 -31
leaf_value=-0.062017070531845103 0.037403271419386708 0.01475360547980256 -0.18115973699660529 -0.18388289042881556 0.10952610969543458 0.13861445001193456 0.077389021767851188 -0.032643888156295202 0.012919871595251486 -0.0048869700120719901 -0.14584512554020398 -0.027678570695287358 0.024595237408313111 0.077833482402342336 0.077509027222792307 -0.015177551952355862 -0.055473955394700174 -0.030788111596091374 0.0030024133098572759 0.068248102342089015 -0.030538362515978069 -0.0066139430684201868 -0.0017205493439148717 -0.089767359999509966 -0.065699770662092399 0.0053339472864979811 0.058350157737731938 -0.13276040613651277 -0.019943211583403855 -0.13816976391750832
leaf_weight=25 124 1980 21 28 20 35 85 79 1928 6106 21 226 264 27 48 2154 128 148 3129 30 83 34 7367 26 31 5626 38 20 111 23
leaf_count=25 124 1980 21 28 20 35 85 79 1928 6106 21 226 264 27 48 2154 128 148 3129 30 83 34 7367 26 31 5626 38 20 111 23
internal_value=0.000130838 0.00221284 -0.0208253 -0.0195722 -0.0212758 0.055018 0.00943771 -0.000821104 -0.00106963 -0.00571728 -0.0564161 0.0011722 0.0374533 0.00816989 0.0162389 -0.019524 -0.0375096 0.00571516 0.00147632 -0.00191436 -0.00415355 0.0364009 -0.00113121 -0.0160672 0.00529092 0.00494469 -0.00141229 -0.0537145 -0.0476804 -0.06807
internal_weight=29965 27257 2708 2687 2627 60 8061 19196 19072 6206 100 12866 349 7712 2028 2599 419 5205 3277 7661 137 54 7435 2180 5684 5657 7405 282 262 151
internal_count=29965 27257 2708 2687 2627 60 8061 19196 19072 6206 100 12866 349 7712 2028 2599 419 5205 3277 7661 137 54 7435 2180 5684 5657 7405 282 262 151
is_linear=0
shrinkage=0.05


Tree=71
num_leaves=31
num_cat=0
split_feature=183 292 3 31 45 1 250 277 130 85 122 257 143 16 165 119 167 87 62 118 281 298 146 283 201 28 288 76 100 119
split_gain=471.97 217.556 196.409 123.262 304.616 211.915 111.153 74.2807 88.8534 70.8388 76.4946 95.8085 87.5553 87.2943 58.9145 63.1625 71.5295 58.0988 61.7596 79.3748 56.6698 58.729 60.9924 106.564 54.6234 53.8776 53.5818 77.72 54.0716 75.2186
threshold=-6.1288688182830802 -1.269361078739166 5.6863915920257577 -11.46843099594116 -10.793982505798338 2.2180759906768803 5.8813283443450937 13.560022354125978 6.1422750949859628 -7.9755883216857901 -2.2317517995834346 -12.516802310943602 -2.1744790077209468 -0.082801118493080125 -3.7277615070343013 0.85350981354713451 2.97670590877533 2.3424798250198369 -2.2638725042343135 -1.6258823275566099 -1.9428440332412718 -6.0907166004180899 2.5126169919967656 2.8107596635818486 -3.4861568212509151 0.61766666173934948 -18.824088096618649 -9.9738559722900373 -1.7541612982749937 -4.0453584194183341
decision_type=2 2 2 2 2 2 2 2 2 2 2 2 2 2 2 2 2 2 2 2 2 2 2 2 2 2 2 2 2 2
left_child=2 9 3 5 -5 -1 20 25 -9 -2 11 13 -12 -11 -14 16 -16 18 19 -13 -3 -22 23 -23 -25 -8 27 -6 -28 -30
right_child=1 6 -4 4 26 -7 7 8 -10 10 12 17 14 -15 15 -17 -18 -19 -20 -21 21 22 -24 24 -26 -27 28 -29 29 -31
leaf_value=-0.05891621637344361 0.036364735651016236 -0.0021460978799729105 -0.1721017746698289 -0.17116584777832033 0.034465650610021645 0.1316837273325239 0.043199061448640615 0.02626718854904175 0.16244103027426679 -0.013323408563931783 0.006985801503146827 -0.0077672459615792848 -0.019045940002977973 -0.13849610113180602 -0.0023313435849475778 0.011081379772779549 -0.072991808131337169 -0.045755496286274344 -0.0012664856220072245 -0.035832442016062609 0.090339606593955651 0.0080605504948883713 -0.00030267486074089008 0.099794789552688612 0.024806877536517082 0.0060247338482656999 -0.010978105950986706 -0.041446595270382733 -0.054216124645123875 -0.013700153241524292
leaf_weight=25 125 1412 21 33 37 35 206 25 23 30 3876 1384 483 26 6992 944 36 89 3547 308 22 5117 1553 25 849 185 1701 380 192 284
leaf_count=25 125 1412 21 33 37 35 206 25 23 30 3876 1384 483 26 6992 944 36 89 3547 308 22 5117 1553 25 849 185 1701 380 192 284
internal_value=0.000124296 0.0021022 -0.019784 -0.0185936 -0.020212 0.0522671 0.00825053 0.0328164 0.0915172 -0.00114325 -0.00140791 -0.00638026 0.000763129 -0.0714393 -0.00208951 -0.00106217 -0.00269329 -0.00569646 -0.00501594 -0.012876 0.00704933 0.00876542 0.00852753 0.0108165 0.0269518 0.0256102 -0.0182917 -0.034711 -0.0151466 -0.0300427
internal_weight=29965 27257 2708 2687 2627 60 9417 439 48 17840 17715 5384 12331 56 8455 7972 7028 5328 5239 1692 8978 7566 7544 5991 874 391 2594 417 2177 476
internal_count=29965 27257 2708 2687 2627 60 9417 439 48 17840 17715 5384 12331 56 8455 7972 7028 5328 5239 1692 8978 7566 7544 5991 874 391 2594 417 2177 476
is_linear=0
shrinkage=0.05


Tree=72
num_leaves=31
num_cat=0
split_feature=183 296 283 62 51 22 219 187 280 291 38 12 67 0 289 113 90 90 257 160 50 62 268 157 36 86 130 225 78 26
split_gain=427.482 196.642 137.346 703.241 389.176 144.266 105.132 95.8319 81.2037 72.0295 80.6069 71.7835 71.5737 68.1554 66.5961 69.6632 74.1503 60.9462 73.0825 58.934 58.723 57.3014 53.2535 53.0207 52.1279 51.8512 50.6514 49.4574 49.842 48.7739
threshold=-5.5287442207336417 -1.1020874381065366 -31.942573547363278 -9.4166669845581037 -7.5967831611633292 -3.1706537008285518 -23.309720993041989 2.0144934654235844 -20.121462821960446 12.949804306030275 1.6679193973541262 -4.925163507461547 12.797124385833742 -3.9650980234146114 -3.841715812683105 -6.1768276691436759 -2.2847092151641841 -8.4650979042053205 -12.516802310943602 -5.272810459136962 -3.1656477451324458 -0.40410676598548884 0.049583325162529952 -14.155565738677977 -5.0353159904479972 4.6039161682128915 -3.7158825397491451 -2.8133234977722164 4.5656049251556405 1.6473235487937929
decision_type=2 2 2 2 2 2 2 2 2 2 2 2 2 2 2 2 2 2 2 2 2 2 2 2 2 2 2 2 2 2
left_child=2 12 3 -1 -5 -6 -4 11 -8 13 -11 -3 14 -9 17 -16 -17 21 20 -18 -19 -2 27 -10 -24 26 -13 -15 -29 -20
right_child=1 7 6 4 5 -7 8 9 23 10 -12 25 -14 22 15 16 19 18 29 -21 -22 -23 24 -25 -26 -27 -28 28 -30 -31
leaf_value=-0.33152465820312504 0.011883753653277051 0.053060789500610744 0.087048095703124995 0.17261168577454308 -0.0025074189593052043 -0.16823125686496498 -0.041908974760640282 0.10152121782302857 0.044470829841418147 0.13487456222422994 0.033838942540218922 0.031560727529586323 0.073861575126647955 -0.019535350027543152 -0.062179807954749401 0.01021751276352017 -0.034714556152258463 -0.10693381683480355 -0.0036929110219352372 0.00013069062240505253 -0.019003158473238656 0.10736215383830397 -0.05688775405287743 -0.01422299130862912 0.012048901409134831 -0.018873550448942622 0.0051797378152363474 0.034774390794721638 0.11179714585128038 -0.020125403514474022
leaf_weight=21 55 79 25 22 29 24 274 23 39 26 82 187 32 38 43 2034 123 31 5757 9014 49 22 28 2869 1330 218 6736 242 23 490
leaf_count=21 55 79 25 22 29 24 274 23 39 26 82 187 32 38 43 2034 123 31 5757 9014 49 22 28 2869 1330 218 6736 242 23 490
internal_value=0.000118081 0.00222007 -0.0168493 -0.0757794 -0.00417078 -0.0775522 -0.0150852 0.00822936 -0.0158876 0.0185787 0.0581623 0.00566066 -0.000848252 0.0160401 -0.000983949 0.00133912 0.00158362 -0.00505185 -0.00558995 -0.000338387 -0.0530763 0.0391633 0.0148565 -0.0134358 0.0106275 0.00513627 0.00589233 0.0338099 0.0414594 -0.00498184
internal_weight=29965 26662 3303 96 75 53 3207 9012 3182 1792 108 7220 17650 1684 17618 11214 11171 6404 6327 9137 80 77 1661 2908 1358 7141 6923 303 265 6247
internal_count=29965 26662 3303 96 75 53 3207 9012 3182 1792 108 7220 17650 1684 17618 11214 11171 6404 6327 9137 80 77 1661 2908 1358 7141 6923 303 265 6247
is_linear=0
shrinkage=0.05


Tree=73
num_leaves=31
num_cat=0
split_feature=183 182 69 5 5 0 117 275 14 283 291 155 35 23 154 257 232 23 232 91 297 211 202 146 62 79 170 43 298 60
split_gain=387.648 188.364 120.337 141.167 197.538 118.589 365.009 149.212 371.634 109.918 69.5562 68.223 67.6448 63.673 61.452 64.7016 79.8537 58.6365 55.7784 53.389 51.9048 53.7266 71.7966 67.3209 63.9334 61.6095 58.8325 51.4874 51.0645 49.5309
threshold=-6.1288688182830802 1.6149483919143679 2.765006542205811 5.2274560928344735 4.1779315471649179 3.6044135093688969 -11.528381824493406 -29.819487571716305 -1.811792731285095 -1.3217647075653074 12.949804306030275 -3.1532353162765498 3.0102802515029912 3.5105841159820561 1.2955372929573061 -13.069890499114988 -9.9533820152282697 -0.89448162913322438 -5.5426948070526114 -2.9784313440322872 -17.566173553466793 -3.8233866691589351 -0.61884966492652882 -2.4021654129028316 -2.2638725042343135 -1.5984933972358701 0.85603174567222606 9.4782352447509783 -5.8292155265808097 -3.7320224046707149
decision_type=2 2 2 2 2 2 2 2 2 2 2 2 2 2 2 2 2 2 2 2 2 2 2 2 2 2 2 2 2 2
left_child=2 9 3 4 5 7 -7 8 -1 14 -3 -11 -12 -9 15 16 -2 28 -19 -20 -17 22 24 26 25 -22 -23 -14 -13 -16
right_child=1 10 -4 -5 -6 6 -8 13 -10 11 12 17 27 -15 29 20 -18 18 19 -21 21 23 -24 -25 -26 -27 -28 -29 -30 -31
leaf_value=-0.25050496378022696 -0.015419256687164307 0.013495644957091485 -0.12498079039729559 0.10136613464355469 -0.1525589598549737 0.22816001892089846 -0.014042856352669853 -0.015153721629046721 0.030754571625341971 0.030025134862893644 0.10315680545429851 0.080001706842865269 -0.037822168547174212 -0.05233795679489936 -0.076695486903190613 0.077655489246050521 -0.12404260350310284 -0.058854240702616203 0.038069198652658433 0.0021091452793514345 -0.0064807617047335959 0.0056370485849537725 -0.035588693061941554 -0.0016119674637046671 -0.0002181967444089063 -0.029579627999470604 0.043667810844878363 0.054491878639567982 0.011882483594105384 -0.014352105881856836
leaf_weight=23 64 2255 26 25 27 20 70 2372 24 272 43 28 23 121 34 21 23 37 105 6078 1024 3228 190 8069 3128 402 105 44 1578 506
leaf_count=23 64 2255 26 25 27 20 70 2372 24 272 43 28 23 121 34 21 23 37 105 6078 1024 3228 190 8069 3128 402 105 44 1578 506
internal_value=0.000112177 0.00190471 -0.0179303 -0.0168925 -0.0180052 -0.0166239 0.03978 -0.0186225 -0.106883 0.000623513 0.0153895 0.00540831 0.0542134 -0.0169585 -0.0016837 -0.00113241 -0.0441358 0.00455273 0.00235354 0.00271982 -0.000900994 -0.00100317 -0.00547464 0.000857266 -0.00421823 -0.0129925 0.00683514 0.022802 0.0130701 -0.0182774
internal_weight=29965 27257 2708 2682 2657 2630 90 2540 47 24892 2365 8098 110 2493 16794 16254 87 7826 6220 6183 16167 16146 4744 11402 4554 1426 3333 67 1606 540
internal_count=29965 27257 2708 2682 2657 2630 90 2540 47 24892 2365 8098 110 2493 16794 16254 87 7826 6220 6183 16167 16146 4744 11402 4554 1426 3333 67 1606 540
is_linear=0
shrinkage=0.05


Tree=74
num_leaves=31
num_cat=0
split_feature=125 8 296 298 187 0 135 38 249 14 289 2 298 299 291 38 19 193 144 105 52 137 213 256 90 77 144 3 268 36
split_gain=343.516 314.26 185.859 93.3315 97.4668 77.1923 333.009 214.42 75.465 69.6539 64.074 82.9208 74.7205 61.2666 58.7424 68.2688 56.5103 56.3601 78.2715 57.1446 55.7158 54.6428 53.0199 54.2687 58.5989 51.8749 48.0229 47.595 46.3253 49.1102
threshold=-4.8034985065460196 3.6561936140060429 -1.1020874381065366 -2.6234889030456539 2.0144934654235844 3.8782858848571782 -13.879738330841063 -11.54326820373535 1.8616578578948977 -2.8731045722961421 -3.7413941621780391 4.0884351730346689 -0.56019628047943104 -0.61690494418144215 12.949804306030275 1.6679193973541262 -0.64117649197578419 -12.084101200103758 -6.1812744140624991 -1.2337254881858823 2.051777839660645 -5.5063812732696524 1.4190322756767275 -12.437796592712401 -7.8511099815368643 -10.464008808135985 -7.2482166290283194 3.2558919191360478 0.049583325162529952 -5.0353159904479972
decision_type=2 2 2 2 2 2 2 2 2 2 2 2 2 2 2 2 2 2 2 2 2 2 2 2 2 2 2 2 2 2
left_child=1 5 10 8 -5 7 -7 -1 9 -4 11 22 16 -14 28 -16 -12 18 25 -19 26 -8 23 27 -25 -9 -13 -2 -6 -30
right_child=2 -3 3 4 14 6 21 17 -10 -11 12 20 13 -15 15 -17 -18 19 -20 -21 -22 -23 -24 24 -26 -27 -28 -29 29 -31
leaf_value=-0.15168687228498789 -0.022303162558990369 -0.17262332383543255 -0.043616980143955777 0.0037068069862175195 0.032724762613386325 0.21006557464599612 -0.065849025888102403 0.023437727414644685 0.11514661237597466 0.029658171716167244 0.0078806731228086672 0.090451334267854691 -0.032086263586367882 -0.0034835672737882199 0.12324411241480937 0.030261987838439825 -0.00010170014719931829 -0.0083076054688455293 -0.09007395423796713 -0.034067343712758588 0.10952274002844381 0.03093597930669785 -0.044465006394095202 0.043696712803036449 -0.0047453371199136871 -0.029672111465738768 0.0046192178375680341 -0.098675445218880983 -0.057345586785903346 0.012039124694026153
leaf_weight=29 136 32 35 6773 290 20 35 52 24 442 3301 20 280 565 26 82 6753 1830 49 244 21 25 86 63 6884 397 88 24 26 1333
leaf_count=29 136 32 35 6773 290 20 35 52 24 442 3301 20 280 565 26 82 6753 1830 49 244 21 25 86 63 6884 397 88 24 26 1333
internal_value=0.000106568 -0.0168606 0.00179569 0.00766086 0.006429 -0.0150015 0.0333749 -0.0164894 0.0286344 0.0242816 -0.0011113 -0.00472875 0.00131892 -0.0129614 0.0169227 0.0526466 0.00251913 -0.014965 -0.0300697 -0.0113382 0.0350038 -0.0255219 -0.00544132 -0.00496911 -0.00430603 -0.0235213 0.0205141 -0.033759 0.014583 0.0107117
internal_weight=29965 2713 27252 9031 8530 2681 80 2601 501 477 18221 7322 10899 845 1757 108 10054 2572 498 2074 129 60 7193 7107 6947 449 108 160 1649 1359
internal_count=29965 2713 27252 9031 8530 2681 80 2601 501 477 18221 7322 10899 845 1757 108 10054 2572 498 2074 129 60 7193 7107 6947 449 108 160 1649 1359
is_linear=0
shrinkage=0.05


Tree=75
num_leaves=31
num_cat=0
split_feature=283 62 51 124 234 22 97 57 10 132 67 298 130 299 84 288 62 55 143 129 10 105 76 203 187 27 95 4 35 151
split_gain=524.428 1155.91 307.53 285.145 161.624 143.577 93.7214 89.0899 81.8253 68.1146 66.9769 63.6447 79.2477 62.111 59.9291 75.5097 69.3348 63.4206 92.6847 70.7482 80.8549 57.1636 55.651 54.6408 82.1578 54.5832 88.5343 56.5919 54.0626 53.268
threshold=-31.942573547363278 -9.4166669845581037 -7.5967831611633292 -4.8135294914245597 -1.1500558257102964 -3.1706537008285518 -13.823610782623289 2.0519731044769292 0.29918901622295385 2.0870003700256352 12.797124385833742 3.4403957128524785 -1.0621926188468931 -15.065739154815672 -6.0434627532958975 -7.4621989727020255 0.58039215207099926 -0.66069805622100819 -1.7613905668258665 1.4504076242446902 5.0386927127838144 -1.2151960730552671 -5.3331468105316153 -1.5396999120712278 -2.3021475076675411 -3.3151451349258418 -2.4423922300338741 3.5423618555068974 -4.5734558105468741 -3.3178162574768062
decision_type=2 2 2 2 2 2 2 2 2 2 2 2 2 2 2 2 2 2 2 2 2 2 2 2 2 2 2 2 2 2
left_child=1 -1 -3 6 10 -4 -2 13 22 -10 11 14 -13 21 16 23 -5 19 -19 20 -17 -8 -6 25 -25 26 27 -16 -20 -15
right_child=3 2 5 4 8 -7 7 -9 9 -11 -12 12 -14 29 15 17 -18 18 28 -21 -22 -23 -24 24 -26 -27 -28 -29 -30 -31
leaf_value=-0.40654904174804685 0.050338028961757444 0.11785763457969384 -0.011342051343337911 0.015874134180186995 0.06902905020397157 -0.15261006614991598 -0.024308836342000484 -0.085791153169196596 0.0088270514460646373 0.024559071138835275 0.084039618657982873 -0.13097562885710173 -0.011028837114572525 -0.0047917042498627788 -0.034519786539021879 -0.0039834502141596747 0.11349190680310131 0.0096664372532762957 -0.04630925965620511 0.03199235573818867 -0.09997829279957593 -0.091514919060423527 0.0029279248497487624 -0.1395864380337298 -0.023906897388003542 -0.0059022236336921004 -0.10759697267237832 0.036440057059129081 -0.0010496615873378224 -0.024470005694972843
leaf_weight=25 53 27 37 201 32 35 768 46 3009 892 23 21 40 1246 128 7500 20 2992 67 137 22 33 6434 20 66 1244 34 36 4336 475
leaf_count=25 53 27 37 201 32 35 768 46 3009 892 23 21 40 1246 128 7500 20 2992 67 137 22 33 6434 20 66 1244 34 36 4336 475
internal_value=-0.000149642 -0.102763 -0.026049 0.000276267 0.00179111 -0.080014 -0.0154755 -0.0168338 0.00670536 0.0124243 -0.00122577 -0.00134206 -0.052322 -0.0155761 -0.00115699 -0.00150172 0.0247083 -0.000426765 0.00287599 -0.00361567 -0.00426421 -0.0270776 0.00325506 -0.0120922 -0.0508091 -0.00978319 -0.0341666 -0.0189432 -0.00173837 -0.010223
internal_weight=29999 124 99 29875 27254 72 2621 2568 10367 3901 16887 16864 61 2522 16803 16582 221 15054 7395 7659 7522 801 6466 1528 86 1442 198 164 4403 1721
internal_count=29999 124 99 29875 27254 72 2621 2568 10367 3901 16887 16864 61 2522 16803 16582 221 15054 7395 7659 7522 801 6466 1528 86 1442 198 164 4403 1721
is_linear=0
shrinkage=0.05


Tree=76
num_leaves=31
num_cat=0
split_feature=287 62 51 182 294 21 72 298 124 32 256 10 293 220 211 105 35 5 63 69 40 80 87 81 81 23 146 194 94 161
split_gain=480.286 941.518 335.314 260.071 139.991 135.857 80.3304 79.4826 78.1261 77.3273 67.7798 66.807 66.7381 88.2973 66.7196 65.9799 65.7602 72.6162 73.263 64.8878 59.237 55.0907 52.7133 81.3007 53.747 52.0986 50.8446 50.7387 49.3029 47.869
threshold=-31.148921966552731 -9.4166669845581037 -7.5967831611633292 -3.5373295545577998 3.0411764383316044 -1.4056862592697141 3.7129341363906865 -2.2242847681045528 -5.1744117736816397 -1.8795168399810789 -11.49903345108032 5.0386927127838144 -14.130010128021238 -5.6816298961639395 -3.4647654294967647 -0.43331371247768397 -5.1396877765655509 2.8918300867080693 3.7578039169311528 -0.22441179305315015 -4.5824837684631339 -10.490318775177 0.75047615170478832 2.523423552513123 -3.6096470355987544 -7.9563374519348136 1.6271567940711977 -1.4638094902038572 -2.6773202419281001 5.1428370475769052
decision_type=2 2 2 2 2 2 2 2 2 2 2 2 2 2 2 2 2 2 2 2 2 2 2 2 2 2 2 2 2 2
left_child=1 -1 -3 12 8 -4 7 -6 15 10 -10 -9 13 21 16 20 -11 18 27 -19 -5 -2 23 -14 -24 -12 -8 -18 -26 -16
right_child=3 2 5 4 6 -7 26 11 9 14 25 -13 22 -15 29 -17 17 19 -20 -21 -22 -23 24 -25 28 -27 -28 -29 -30 -31
leaf_value=-0.38020435969034833 0.028644500240202875 0.11560645571776801 -0.037236734531646554 -0.083752888441085818 0.09033131674232503 -0.18573056273162367 0.11383228571642012 0.010903091213106557 -0.065977051258087158 -0.042021695728318431 0.076239857180365203 -0.070015005996594062 -0.0052464133868913793 -0.092763671427965169 0.0021292399253440095 -0.079245150306572532 -0.0015671723886966805 0.0050354733346746521 -0.089782551733347093 0.1248277004621923 -0.0025194997831088743 -0.019936333027971237 -0.099999927481015535 0.074712142627686259 0.04736112088516907 0.0089332652278522745 0.033439741951804013 -0.019940361798493358 -0.022171588959804121 -0.025708193140916338
leaf_weight=24 62 28 43 26 31 24 21 1347 30 127 29 26 4868 40 15359 48 1813 26 26 20 164 993 21 32 27 3347 310 474 457 156
leaf_count=24 62 28 43 26 31 24 21 1347 30 127 29 26 4868 40 15359 48 1813 26 26 20 164 993 21 32 27 3347 310 474 457 156
internal_value=-0.00014216 -0.100392 -0.0297024 0.000257094 0.00271667 -0.0904286 0.0163822 0.0111584 0.00162128 0.00193802 0.00884653 0.00937077 -0.00858981 -0.019846 0.000630847 -0.0268678 -0.00697371 -0.00508685 -0.00632398 0.0571191 -0.0136356 -0.0170813 -0.00630942 -0.00472424 -0.0216904 0.00951143 0.0385402 -0.00537517 -0.0182927 0.00184934
internal_weight=29999 119 95 29880 23380 67 1735 1404 21645 21407 3406 1373 6500 1095 18001 238 2486 2359 2313 46 190 1055 5405 4900 505 3376 331 2287 484 15515
internal_count=29999 119 95 29880 23380 67 1735 1404 21645 21407 3406 1373 6500 1095 18001 238 2486 2359 2313 46 190 1055 5405 4900 505 3376 331 2287 484 15515
is_linear=0
shrinkage=0.05


Tree=77
num_leaves=31
num_cat=0
split_feature=287 61 51 256 131 21 87 10 287 19 4 294 27 97 10 47 85 1 257 3 86 41 81 266 273 148 13 67 108 165
split_gain=433.458 855.719 282.628 238.541 138.172 131.43 90.3574 79.9569 75.1981 68.4602 70.5128 65.164 67.8843 62.4398 61.0181 70.7984 63.2246 59.2966 58.4882 56.9799 56.8967 69.4663 56.7756 52.9267 52.5076 58.0071 49.3367 48.0478 47.8943 46.8205
threshold=-31.148921966552731 -9.239254951477049 -7.5967831611633292 -4.4676373004913321 0.18880753964185717 -1.4056862592697141 0.91709807515144359 5.7073702812194833 -11.01871871948242 -0.6996568739414214 -4.7145230770111075 3.4649019241333012 -3.0614314079284664 -13.823610782623289 -3.0505293607711788 -2.4571467638015743 -6.5041062831878653 1.6687779426574709 -5.4856402873992911 2.7938314676284794 4.2610986232757577 4.2238571643829355 -3.476731419563293 -5.812363624572753 -3.9431438446044917 -1.8399019241333006 -1.4493837952613828 1.1067309379577639 -1.8353277444839475 -1.7246989011764524
decision_type=2 2 2 2 2 2 2 2 2 2 2 2 2 2 2 2 2 2 2 2 2 2 2 2 2 2 2 2 2 2
left_child=1 -1 -3 6 7 -4 8 9 13 10 -5 12 -6 -2 15 17 -16 26 29 -13 21 24 -8 -14 -12 -26 -10 -18 -29 -15
right_child=3 2 5 4 11 -7 22 -9 14 -11 20 19 23 18 16 -17 27 -19 -20 -21 -22 -23 -24 -25 25 -27 -28 28 -30 -31
leaf_value=-0.36213083267211915 0.034683055565005443 0.1088830038353249 -0.030985227074812761 0.092441169075343929 0.033926789973512159 -0.17644403555120033 -0.10951396401971579 -0.081084941923618314 -0.072425952147353784 -0.0016456054690296058 -0.0035441115241973166 0.015946296091829792 -0.03717805749426286 -0.016788831126699055 0.027646509033965538 -0.0045034024199204787 -0.0034910868932236869 -0.12908594623208045 -0.10180951122194529 0.050651208260901893 -0.077431083142402629 0.068331674941230644 -0.023768814791181536 0.0060503035188453416 0.014240452769363549 0.00229835247015777 -0.0099010928055724579 0.060325212435702151 0.0030830133871252961 0.055051206295257032
leaf_weight=24 61 27 44 23 218 24 20 30 55 11274 1481 1068 72 1630 182 224 4072 20 20 133 21 43 556 4274 1781 2370 74 59 96 23
leaf_count=24 61 27 44 23 218 24 20 30 55 11274 1481 1068 72 1630 182 224 4072 20 20 133 21 43 556 4274 1781 2370 74 59 96 23
internal_value=-0.000135052 -0.0953723 -0.0279807 0.00024424 0.00273649 -0.0823236 -0.00776387 0.000470761 -0.00608588 0.000614742 0.00507062 0.00942679 0.00669987 -0.0150058 -0.00285142 -0.0222697 -0.00120864 -0.0489787 -0.0168176 0.0197896 0.00471782 0.00502181 -0.0267461 0.00533414 0.00453844 0.00742215 -0.036559 -0.00245104 0.024872 -0.0157892
internal_weight=29999 119 95 29880 22788 68 7092 17023 6516 16993 5719 5765 4564 1734 4782 373 4409 149 1673 1201 5696 5675 576 4346 5632 4151 129 4227 155 1653
internal_count=29999 119 95 29880 22788 68 7092 17023 6516 16993 5719 5765 4564 1734 4782 373 4409 149 1673 1201 5696 5675 576 4346 5632 4151 129 4227 155 1653
is_linear=0
shrinkage=0.05


Tree=78
num_leaves=31
num_cat=0
split_feature=283 62 51 234 112 299 298 219 185 105 211 283 298 187 166 288 84 219 266 252 61 0 187 128 298 284 26 133 174 58
split_gain=395.919 888.406 228.459 215.255 123.53 108.793 102.312 88.5148 81.7121 70.4914 58.8765 55.8916 64.1154 88.7785 60.1287 57.4692 53.5478 79.6548 53.9049 56.2919 53.0121 61.9615 58.3647 55.0274 52.611 63.249 65.7045 73.2918 54.2917 63.3458
threshold=-31.942573547363278 -9.4166669845581037 -7.5967831611633292 -4.2248675823211661 -9.9322061538696271 1.7931063771247866 2.1220543384552006 -23.309720993041989 -9.6868333816528303 -1.7922370433807371 -5.5561954975128165 -0.89434015750884999 -2.6766084432601924 0.069002490490674986 -1.6610530018806455 0.60500708222389232 -0.21518206596374509 -0.40975920855998987 -2.3691502809524532 -3.1822458505630489 -1.4376680254936216 3.6044135093688969 -0.96660134196281422 -5.0246345996856681 1.767671585083008 3.7473570108413701 2.292081475257874 -0.72348573803901661 0.44875933229923254 2.9413580894470219
decision_type=2 2 2 2 2 2 2 2 2 2 2 2 2 2 2 2 2 2 2 2 2 2 2 2 2 2 2 2 2 2
left_child=1 -1 -3 7 -4 6 11 -2 9 -9 -7 -5 13 -13 -15 -16 17 20 19 -19 22 -22 -10 -24 -12 26 -26 -28 -27 -30
right_child=3 2 4 5 -6 10 -8 8 16 -11 24 12 -14 14 15 -17 -18 18 -20 -21 21 -23 23 -25 25 28 27 -29 29 -31
leaf_value=-0.35561212158203126 0.080589246749877941 0.1020010029828107 -0.16413824247277303 9.9708747805080047e-06 -0.023675770662268815 -0.06588904266245664 -0.02782701030498165 -0.018761608997980753 -0.0079082767131995659 -0.077140750018033111 0.030206244100497739 0.0095428089025974931 0.0034839113626703652 0.10846695895447876 0.018027939779254109 0.083586361292335723 -0.017985094525954464 0.035444598185778074 -0.0043452750618790132 0.14006604073569179 0.00049854899305749542 0.058162579933802284 -0.12024824725730079 -0.026972339279473092 0.0070609947479961218 0.054197520609061745 -0.1013937125603358 -0.012567666823504471 0.0064255774297505529 0.033888089243994383
leaf_weight=25 28 27 23 14980 49 24 299 864 2581 55 371 732 4926 33 130 45 799 36 38 20 1581 48 21 64 931 97 27 166 674 305
leaf_count=25 28 27 23 14980 49 24 299 864 2581 55 371 732 4926 33 130 45 799 36 38 20 1581 48 21 64 931 97 27 166 674 305
internal_value=-0.000128299 -0.0892868 -0.022033 0.000241765 -0.0685457 0.00239931 0.00121355 -0.00810707 -0.00851373 -0.0222555 0.0120613 0.00163009 0.00576739 0.0177338 0.0465598 0.0348858 -0.00607953 -0.00391216 0.0416192 0.0728094 -0.00490866 0.00219767 -0.00925083 -0.050017 0.0127889 0.00985172 0.00155687 -0.0249941 0.0185166 0.0149813
internal_weight=29999 124 99 29875 72 23740 21145 6135 6107 919 2595 20846 5866 940 208 175 5188 4389 94 56 4295 1629 2666 85 2571 2200 1124 193 1076 979
internal_count=29999 124 99 29875 72 23740 21145 6135 6107 919 2595 20846 5866 940 208 175 5188 4389 94 56 4295 1629 2666 85 2571 2200 1124 193 1076 979
is_linear=0
shrinkage=0.05


Tree=79
num_leaves=31
num_cat=0
split_feature=287 61 85 124 112 131 57 12 10 174 7 105 293 144 52 136 272 143 22 182 23 110 280 110 183 57 19 283 30 43
split_gain=358.699 711.046 240.409 202.084 129.537 124.262 82.8759 75.973 65.2938 70.3179 59.0215 56.8644 58.8049 56.7804 56.7254 56.213 54.7302 90.9482 67.8797 61.2026 61.6252 57.0659 61.0563 56.1836 52.3567 52.2305 51.4829 76.9301 51.2314 51.0553
threshold=-31.148921966552731 -9.239254951477049 -11.808985233306883 -4.8135294914245597 -9.9322061538696271 0.18880753964185717 2.0519731044769292 1.5244771242141726 5.7073702812194833 -1.300728380680084 -2.0211894512176509 -1.2911372780799864 -1.2354511022567747 -7.2482166290283194 4.9620523452758798 -0.40834088623523707 -4.2145760059356681 -1.7613905668258665 -6.0102126598358145 -1.1182679533958433 -3.7128689289093013 -1.8264538645744322 2.9084156751632695 -6.3339216709136954 -6.1288688182830802 -3.9788702726364131 -0.7264730930328368 1.2523506283760073 -2.4924536943435665 -7.1451771259307852
decision_type=2 2 2 2 2 2 2 2 2 2 2 2 2 2 2 2 2 2 2 2 2 2 2 2 2 2 2 2 2 2
left_child=1 -1 -3 6 -4 8 11 24 14 -10 15 12 -2 -6 16 -9 18 23 -5 20 -19 22 -21 -18 -7 -13 27 -25 -22 -12
right_child=3 2 4 5 13 7 -8 10 9 -11 29 25 -14 -15 -16 -17 17 19 -20 21 28 -23 -24 26 -26 -27 -28 -29 -30 -31
leaf_value=-0.3299233118693034 -0.010149011131735487 0.1195615595037287 -0.17040119171142579 0.05836614342622979 0.03781084679067135 -0.068963418124864492 -0.079561344955278487 0.11368175425034549 0.0066968715563416482 -0.12149432071525118 -0.040086665386106918 -0.087927162255111491 0.066954593412578103 -0.069386459228893124 -0.048742063194513324 0.032453432580811924 0.084723360318204641 -0.047994943717379633 -0.0046916234721075725 0.014603336192192926 0.021878636324697217 0.0011069778733107105 0.087046229653060442 0.010048406039698367 0.0050758093778066286 -0.024669872505743526 0.0019586988165974616 0.056911495746660906 -0.0049454503686376557 0.016602209205702535
leaf_weight=24 2280 22 22 43 21 24 46 28 20 23 41 38 25 30 60 89 23 81 5697 471 184 3684 31 2326 4678 231 2935 91 5461 1270
leaf_count=24 2280 22 22 43 21 24 46 28 20 23 41 38 25 30 60 89 23 81 5697 471 184 3684 31 2326 4678 231 2935 91 5461 1270
internal_value=-0.000121884 -0.086758 -0.0253267 0.000223152 -0.0689917 0.00149793 -0.0130403 0.00776545 -0.000320338 -0.0618705 0.017866 -0.0118515 -0.00931275 -0.0252464 -0.000194827 0.0518927 -5.62987e-05 0.00150681 -0.00421924 -0.00133316 -0.00469246 0.00326199 0.0190769 0.00674399 0.0046979 -0.0336058 0.00640888 0.0118128 -0.00407111 0.0148293
internal_weight=29999 119 95 29880 73 27260 2620 6130 21130 43 1428 2574 2305 51 21087 117 21027 15287 5740 9912 5726 4186 502 5375 4702 269 5352 2417 5645 1311
internal_count=29999 119 95 29880 73 27260 2620 6130 21130 43 1428 2574 2305 51 21087 117 21027 15287 5740 9912 5726 4186 502 5375 4702 269 5352 2417 5645 1311
is_linear=0
shrinkage=0.05


Tree=80
num_leaves=31
num_cat=0
split_feature=292 119 296 10 142 88 27 279 281 103 172 172 239 298 222 34 165 298 154 261 20 0 25 44 18 237 276 130 212 275
split_gain=205.981 118.238 87.6947 430.685 797.65 83.911 73.9979 72.7177 64.4008 64.223 60.2068 59.597 58.3352 67.1811 49.8408 49.4525 84.3452 59.0961 51.0451 48.5786 51.3479 59.5379 47.8819 47.2295 46.4808 45.8213 44.0295 73.3007 43.6844 51.1346
threshold=-11.547133445739744 -0.31072482466697687 -30.527782440185543 -0.95403361320495594 -14.750588417053221 -7.429790496826171 -6.1691038608551017 -11.093467235565184 -14.20294141769409 4.2358436584472665 -6.7225492000579825 -0.035153571516275399 3.1314187049865727 -1.6087114810943601 -3.2482774257659908 1.5383257865905764 1.7647301554679873 -12.651470661163328 -2.3404489755630489 3.2686167955398564 0.075637232512235655 -3.2784969806671138 8.0810523033142108 -1.8556376695632932 -3.789251327514648 -2.6953911781311031 13.377985000610353 6.1422750949859628 -5.6790685653686515 -5.2467894554138175
decision_type=2 2 2 2 2 2 2 2 2 2 2 2 2 2 2 2 2 2 2 2 2 2 2 2 2 2 2 2 2 2
left_child=2 8 3 -1 -5 -6 -4 23 10 12 -2 25 15 -14 -8 16 17 -10 -18 20 28 -22 26 -3 -23 -11 -21 -28 29 -9
right_child=1 7 6 4 5 -7 14 19 9 11 -12 -13 13 -15 -16 -17 18 -19 -20 22 21 24 -24 -25 -26 -27 27 -29 -30 -31
leaf_value=0.10944857363189971 -0.010116183475173754 0.022703589976598056 0.019270937842658806 -0.35983564058939616 0.063211997633888614 -0.062551868955294285 -0.015590516686001244 0.028748481710337934 0.044795626097581753 -0.027325688031586734 -0.11980634856630455 -0.01312783477519153 0.096561942696571354 0.013613108414730044 -0.095008713370189068 -0.00802482961362516 0.078863902684105078 -0.00092403768476512877 0.017464507396066292 0.016147418007964178 0.059782547485537643 -0.067415955318854401 -0.024588655023013845 0.10873052723429821 -0.00033785415443892547 -0.1262655997276306 0.017359082524975141 0.13866726534441115 0.0086695462395845191 -0.041988377903842113
leaf_weight=28 29 39 158 24 21 36 1615 36 71 22 22 115 30 131 20 2295 38 15649 310 840 41 26 68 27 3852 25 33 20 4111 88
leaf_count=28 29 39 158 24 21 36 1615 36 71 22 22 115 30 131 20 2295 38 15649 310 840 41 26 68 27 3852 25 33 20 4111 88
internal_value=-0.000130645 0.000954012 -0.0160515 -0.0595955 -0.118031 -0.0162178 -0.0134044 0.00560249 -0.00132371 -0.00117057 -0.0574335 -0.0325155 -0.000896446 0.0290694 -0.016562 -0.00115918 -0.000178551 -0.000717543 0.024169 0.00522384 0.00397073 -0.000153903 0.0158564 0.0578964 -0.000787578 -0.0799533 0.0189362 0.0631358 0.0077876 -0.0214519
internal_weight=29820 27918 1902 109 81 57 1793 9181 18737 18686 51 162 18524 161 1635 18363 16068 15720 348 9115 8154 3919 961 66 3878 47 893 53 4235 124
internal_count=29820 27918 1902 109 81 57 1793 9181 18737 18686 51 162 18524 161 1635 18363 16068 15720 348 9115 8154 3919 961 66 3878 47 893 53 4235 124
is_linear=0
shrinkage=0.05


Tree=81
num_leaves=31
num_cat=0
split_feature=292 288 180 7 1 1 171 37 161 145 131 51 73 137 82 74 298 251 2 125 4 21 170 35 120 10 297 213 222 221
split_gain=185.898 103.861 80.6401 490.218 357.082 237.59 95.212 91.9857 65.9204 74.5019 59.9411 82.3057 52.1124 59.2722 55.7336 51.2235 49.8935 89.3508 62.6905 54.12 48.886 47.4789 62.1425 61.6154 52.3308 52.0266 51.037 48.31 47.0704 46.9523
threshold=-11.547133445739744 -0.55606210231780995 -17.739496231079098 1.9376252889633181 2.2950431108474736 0.38286067545413976 -17.384195327758786 -4.6880846023559561 3.2810682058334355 6.8448433876037607 2.1434173583984379 0.81259572505950939 -2.5056645870208736 -2.0122735500335689 -2.129055261611938 -3.4457809925079341 -2.2512310743331905 -0.13414224237203595 -2.1726961135864253 -3.810686349868774 -0.8067769706249236 -1.3286953568458555 0.23199579864740374 5.0576536655426034 -1.5600000023841856 5.0386927127838144 -4.6362009048461905 -2.7480392456054683 -3.2482774257659908 2.0870915651321416
decision_type=2 2 2 2 2 2 2 2 2 2 2 2 2 2 2 2 2 2 2 2 2 2 2 2 2 2 2 2 2 2
left_child=2 8 3 4 5 7 -4 -1 9 21 11 16 -12 -14 -15 -13 17 18 -3 -18 -19 22 23 -2 25 -23 -24 -27 -8 -20
right_child=1 10 6 -5 -6 -7 28 -9 -10 -11 12 15 13 14 -16 -17 19 20 29 -21 -22 24 26 -25 -26 27 -28 -29 -30 -31
leaf_value=0.076451301056405782 0.0011582654089745458 0.07939605347134851 0.084277816772460934 -0.28085603833198552 0.17924524366855621 -0.18839906494443615 -0.01311275826991889 -0.056454355393846835 -0.028914690180681647 0.085638069868087779 0.09263232465494764 -0.074584432899951938 0.10026606537401678 -0.067262760798136395 0.014962143721783139 -0.0026232290128979916 -0.036138310857318549 0.11663136678116937 0.0017046301443244993 0.0071175930052332793 0.041687437860703433 -0.0053941330345577791 -0.020558570807470995 0.089085409790277487 0.00029974633244847813 -0.0076556064933538436 0.025971310184552121 -0.11755326248705388 -0.090258279265835892 0.049936721730848843
leaf_weight=23 5264 33 25 20 20 24 1740 30 208 25 22 25 20 21 1106 2284 74 31 388 3169 73 6091 68 20 8456 20 442 20 20 58
leaf_count=23 5264 33 25 20 20 24 1740 30 208 25 22 25 20 21 1106 2284 74 31 388 3169 73 6091 68 20 8456 20 442 20 20 58
internal_value=-0.000124113 0.000906312 -0.0152489 -0.0554619 -0.0089889 -0.0578809 -0.0126131 0.00122168 -0.00090901 -0.000623546 0.00602968 0.00405247 0.0164062 0.0149441 0.01343 -0.00340237 0.00855148 0.0220181 0.0128973 0.00613056 0.0640265 -0.000729357 0.00309978 0.00149107 -0.0022503 -0.00576739 0.0197673 -0.0626044 -0.0139894 0.00797696
internal_weight=29820 27918 1902 117 97 77 1785 53 20614 20406 7304 6135 1169 1147 1127 2309 3826 583 479 3243 104 20381 5794 5284 14587 6131 510 40 1760 446
internal_count=29820 27918 1902 117 97 77 1785 53 20614 20406 7304 6135 1169 1147 1127 2309 3826 583 479 3243 104 20381 5794 5284 14587 6131 510 40 1760 446
is_linear=0
shrinkage=0.05


Tree=82
num_leaves=31
num_cat=0
split_feature=257 3 1 33 119 158 91 273 18 8 177 31 201 287 10 24 135 104 282 66 43 55 146 235 39 13 57 191 99 9
split_gain=173.937 168.685 118.161 117.894 105.742 89.2231 87.7544 76.3407 72.7897 60.136 78.0172 57.0977 55.3873 56.797 54.3884 54.0583 52.212 57.5926 51.4763 49.6481 49.562 48.7324 63.9418 84.7984 54.7837 48.2864 56.6212 45.9792 45.0891 44.2007
threshold=-13.069890499114988 5.6863915920257577 4.6831371784210214 -11.789113521575926 -1.5170827507972715 -17.672760009765621 3.6187940835952763 1.872205972671509 -3.1300485134124751 0.60880950093269359 -5.7892801761627188 0.42186275124549871 -2.9996033906936641 -2.6793402433395381 5.7073702812194833 6.2778003215789804 -6.9017508029937735 -4.8851594924926749 -2.1513369083404537 -1.3798202872276304 -0.67039215564727772 -0.029785251244902607 -3.4472049474716182 0.74078431725502025 4.4588496685028085 -1.6546638607978819 -0.26752878725528711 -2.8049461841583248 -1.2043333649635313 0.74135395884513866
decision_type=2 2 2 2 2 2 2 2 2 2 2 2 2 2 2 2 2 2 2 2 2 2 2 2 2 2 2 2 2 2
left_child=1 2 3 -1 6 8 14 11 -5 10 16 19 -9 -14 21 -15 17 -7 -13 -6 -18 22 23 -2 -23 -24 -27 -21 -28 -20
right_child=4 -3 -4 5 7 9 -8 12 -10 -11 -12 18 13 15 -16 -17 20 -19 29 27 -22 24 25 -25 -26 26 28 -29 -30 -31
leaf_value=-0.10902806917826335 0.0010186966854364118 -0.15098217328389485 0.069639313534686442 0.091935353839036199 -0.0031456954245056424 -0.024299040612204999 -0.034678388257012811 0.070212815575994167 -0.025478102266788483 0.0017875301709349178 -0.12524079167284072 -0.010280183492093666 -0.051324511196061566 0.012891661570493016 -0.067533036321401604 -0.018876478705607672 0.02865626117787682 -0.066588791200157371 -0.0039057034329826345 0.014951688136233555 -0.031235237726040428 0.00584206407126245 -0.018939754992558813 0.086887600863802025 -0.059112026655312747 -0.0076933224549976253 0.014584007471651467 0.0041916362513312166 -0.0064113536628860966 0.007343138069557051
leaf_weight=36 3351 24 38 33 1904 431 215 39 22 226 20 1507 37 2351 32 142 78 99 2122 1181 62 1992 724 29 33 4340 579 6231 458 1484
leaf_count=36 3351 24 38 33 1904 431 215 39 22 226 20 1507 37 2351 32 142 78 99 2122 1181 62 1992 724 29 33 4340 579 6231 458 1484
internal_value=-0.000117907 -0.0199217 -0.0169117 -0.0201778 0.000618425 -0.0168837 -0.0030282 0.00313983 0.04497 -0.0205976 -0.0279295 0.00172595 0.011081 0.0101695 -0.00243843 0.0110822 -0.0250247 -0.0321984 -0.00251964 0.0040561 0.00213288 -0.00225739 -0.00376123 0.00175544 0.00478355 -0.00681752 -0.00518529 0.0059061 0.00531123 0.000723603
internal_weight=29820 1069 1045 1007 28751 971 11753 16998 55 916 690 14429 2569 2530 11538 2493 670 530 5113 9316 140 11506 9481 3380 2025 6101 5377 7412 1037 3606
internal_count=29820 1069 1045 1007 28751 971 11753 16998 55 916 690 14429 2569 2530 11538 2493 670 530 5113 9316 140 11506 9481 3380 2025 6101 5377 7412 1037 3606
is_linear=0
shrinkage=0.05


Tree=83
num_leaves=31
num_cat=0
split_feature=124 5 0 123 38 288 10 90 57 32 283 23 23 299 28 131 51 298 213 125 298 227 299 299 298 299 153 299 242 50
split_gain=161.625 305.069 129.222 180.89 122.722 88.6024 71.3384 65.0024 63.499 58.1557 62.2084 71.3059 56.2349 55.9823 55.2989 53.8675 60.0188 55.9325 54.4152 53.7168 53.3932 77.5999 69.7968 54.5586 69.7353 56.3142 53.3086 61.8459 57.3316 52.6664
threshold=-4.5916609764099112 4.6159019470214853 4.8199224472045907 -8.9192886352539045 -11.54326820373535 -0.55606210231780995 5.0386927127838144 -1.8830065131187437 1.9026504158973696 -4.6075384616851798 -12.773686885833738 -0.7613127827644347 -4.6792042255401602 -12.769869327545164 -7.67803931236267 2.263445377349854 0.81259572505950939 -3.340457439422607 2.5912210941314702 -3.5684032440185542 -0.34393629431724543 -4.0374903678894034 -0.61690494418144215 -2.5799216032028194 -3.3692702054977413 -3.8139215707778926 3.1632268428802495 2.689989566802979 3.0954670906066899 -0.40823525190353388
decision_type=2 2 2 2 2 2 2 2 2 2 2 2 2 2 2 2 2 2 2 2 2 2 2 2 2 2 2 2 2 2
left_child=1 2 4 -4 -1 9 8 -7 14 12 11 -11 -2 -12 -6 16 17 18 -9 -18 23 -22 -23 24 25 -15 28 -28 -24 -14
right_child=5 -3 3 -5 6 7 -8 15 -10 10 13 -13 29 20 -16 -17 19 -19 -20 -21 21 22 26 -25 -26 -27 27 -29 -30 -31
leaf_value=-0.10830724835395814 0.041706597721660056 -0.18869126538435621 0.18588140696287156 -0.02677465081214905 0.040541980389891 0.020547941759709393 -0.073029681904749441 0.024256045463159175 -0.059338350252049865 -0.055077914516196438 0.035951811017341982 -0.00039844616502523425 -0.0037653623878669672 -0.001785682811009657 -0.008796141957017509 0.014655678368956837 -0.058798220821402292 0.0050819505183952928 0.1121612547338009 -0.0029855802515499816 -0.062878870642320672 -0.02643575594310001 -0.00085454625019727162 0.003511954142542253 -0.0082321655255321556 0.0091791435241668651 -0.010170764280926614 -0.11365627622739836 0.065118563942172955 0.031512530830632143
leaf_weight=32 143 24 20 20 58 682 44 147 61 114 103 125 371 5883 2728 1057 44 3116 20 2133 66 368 1047 6269 3437 1462 42 22 34 148
leaf_count=32 143 24 20 20 58 682 44 147 61 114 103 125 371 5883 2728 1057 44 3116 20 2133 66 368 1047 6269 3437 1462 42 22 34 148
internal_value=-0.000112012 -0.0111449 -0.00970674 0.0795534 -0.0109282 0.00111614 -0.00985036 0.00586104 -0.00887393 -0.000623619 -0.00113194 -0.0264799 0.013944 -0.000808541 -0.007769 0.00432406 0.00232397 0.00659282 0.0347836 -0.00411363 -0.00101178 -0.00980789 -0.00749283 -0.000197219 -0.00235385 0.000396833 -0.00140462 -0.0457439 0.00122046 0.00629461
internal_weight=29820 2987 2963 40 2923 26833 2891 7199 2847 19634 18972 239 662 18733 2786 6517 5460 3283 167 2177 18630 1579 1513 17051 10782 7345 1145 64 1081 519
internal_count=29820 2987 2963 40 2923 26833 2891 7199 2847 19634 18972 239 662 18733 2786 6517 5460 3283 167 2177 18630 1579 1513 17051 10782 7345 1145 64 1081 519
is_linear=0
shrinkage=0.05


Tree=84
num_leaves=31
num_cat=0
split_feature=190 3 1 36 56 119 10 85 254 86 127 118 120 28 286 255 16 37 284 47 298 19 21 183 167 285 298 124 269 93
split_gain=149.84 201.181 88.4552 137.595 83.2903 79.9047 67.3448 65.6056 93.2021 59.3092 57.1901 61.8945 67.6683 60.4333 55.2946 53.776 53.6148 69.5015 47.9488 62.8831 58.1042 48.5994 47.4972 60.3764 42.4087 40.9965 46.371 57.1293 53.8065 56.4395
threshold=-5.6240904331207267 5.6863915920257577 4.6831371784210214 -12.182472705841063 -4.0202918052673331 0.49927535653114324 6.8970587253570566 -11.808985233306883 -23.914797782897946 2.4119608402252202 1.5500326752662661 -0.63242578506469715 -0.22516933828592298 2.1140522956848149 -4.6255884170532218 -12.241809368133543 2.9555461406707768 -1.088655889034271 1.9436652660369875 4.1182842254638681 -3.0236853361129756 -1.0000000180025095e-35 -1.3471268415451048 3.3313180208206181 -2.3192405700683589 -12.119013309478758 -9.4009647369384748 -1.8399999737739561 -3.5696406364440914 2.1712156534194951
decision_type=2 2 2 2 2 2 2 2 2 2 2 2 2 2 2 2 2 2 2 2 2 2 2 2 2 2 2 2 2 2
left_child=1 2 3 -1 -4 6 9 8 -5 15 11 12 16 24 -11 -2 -9 -18 22 20 21 -20 23 -17 -13 -24 27 -27 29 -28
right_child=5 -3 4 7 -6 -7 -8 10 -10 14 -12 13 -14 -15 -16 18 17 -19 19 -21 -22 -23 25 -25 -26 26 28 -29 -30 -31
leaf_value=-0.10752312342325848 -0.066560502250989279 -0.16837038040161134 0.13586414739489558 0.13076933860778808 0.0032312694294699311 0.0064630196188111451 -0.087714594060724432 -0.0086220224412841811 -0.0019889146853715946 -0.059840503352073332 -0.092445649703343721 0.030619111480967454 -0.081092997862245234 0.10677464455366135 -0.0098784819759573581 0.0036188193734343378 -0.097059733329866185 -0.018365636421367525 0.10889206081628799 -0.070347750705221423 0.0100238448763734 0.019938561013516258 -0.046364404757817584 0.083108140217761195 -0.053452969880308954 0.0061403993776137818 -0.005886123902915848 0.061524176952098643 0.0001615682307953975 -0.049110063654068233
leaf_weight=36 30 20 20 20 29 5553 22 2768 39 60 21 60 34 20 719 5143 39 100 28 23 876 34 51 24 20 187 3935 62 9770 77
leaf_count=36 30 20 20 20 29 5553 22 2768 39 60 21 60 34 20 719 5143 39 100 28 23 876 34 51 24 20 187 3935 62 9770 77
internal_value=-0.000106411 -0.0102827 -0.00929651 -0.0103312 0.0573671 0.00112803 -0.000279945 -0.00921012 0.0430139 -0.000188429 -0.0102164 -0.00964855 -0.0109639 0.0290358 -0.0137266 0.000332632 -0.0101437 -0.0404453 0.000431929 0.0113317 0.0133345 0.0601111 -0.00011224 0.00398804 0.00960109 -0.00161672 -0.00145407 0.0199307 -0.00184043 -0.0067157
internal_weight=29820 3226 3206 3157 49 26594 21041 3121 59 21019 3062 3041 2941 100 779 20240 2907 139 20210 961 938 62 19249 5167 80 14082 14031 249 13782 4012
internal_count=29820 3226 3206 3157 49 26594 21041 3121 59 21019 3062 3041 2941 100 779 20240 2907 139 20210 961 938 62 19249 5167 80 14082 14031 249 13782 4012
is_linear=0
shrinkage=0.05


Tree=85
num_leaves=31
num_cat=0
split_feature=296 298 262 150 189 8 4 3 285 182 86 135 281 214 170 199 164 299 228 63 53 241 21 62 109 2 18 218 265 78
split_gain=129.593 84.6657 83.3048 73.4797 68.4291 331.651 293.878 126.681 87.1734 60.8223 59.2699 56.0097 55.9995 69.8789 55.2489 67.4466 68.5374 60.4396 59.6262 54.9794 50.6956 49.4109 47.713 53.545 47.6063 46.5935 89.8141 46.4276 45.894 45.5556
threshold=-4.8533332347869864 -5.4379780292510977 -0.92600378394126881 1.8849216699600222 -14.211133003234862 2.2406462430953984 3.3448040485382085 2.543159127235413 -31.024736404418942 2.1202419996261601 3.5165048837661748 -3.2087990045547481 1.0648284554481509 -1.0075839757919309 -1.814873933792114 -5.0770587921142569 -5.0521092414855948 -7.0342931747436515 -6.6848068237304679 -7.9043138027191153 -9.8150978088378888 -0.84096080064773548 -1.1397657394409177 -1.8552321195602415 -2.296319723129272 5.5534312725067148 0.15960787236690524 -2.1962927579879756 -5.7985322475433341 -0.36762396991252894
decision_type=2 2 2 2 2 2 2 2 2 2 2 2 2 2 2 2 2 2 2 2 2 2 2 2 2 2 2 2 2 2
left_child=4 2 3 -2 5 6 7 8 19 10 14 -12 13 20 17 21 -17 -3 -18 -1 -6 -16 24 -24 -20 -22 -27 -13 -25 -29
right_child=1 9 -4 -5 12 -7 -8 -9 -10 -11 11 27 -14 -15 15 16 18 -19 22 -21 25 -23 23 28 -26 26 -28 29 -30 -31
leaf_value=0.11016888618469239 0.017053091652239862 -0.083341395628193149 0.070991364671915233 -0.068828554107592657 0.045497567837054914 -0.22483238428831101 0.17061919927597047 -0.12659195183679975 -0.027884162985995827 0.010773045659940713 -0.084184240443365921 -0.069088634826017153 0.048111698918044565 -0.024836724728811533 0.02381643183010666 -0.028575558034529869 -0.07244587447494269 -0.0021533947164182779 0.021873762458562852 -0.0070695114135742188 -0.0044790780003204937 0.10446833784133197 -0.0097761837043900263 -0.043093062629298032 0.0058168183627887241 -0.025762222662645703 0.10837053812932795 0.033017267982165019 0.0031405960126889934 -0.013413507147648425
leaf_weight=20 592 23 70 26 52 20 20 29 253 1634 28 33 50 416 79 172 26 6879 572 20 6045 25 924 54 2392 24 26 60 8943 442
leaf_count=20 592 23 70 26 52 20 20 29 253 1634 28 33 50 416 79 172 26 6879 572 20 6045 25 924 54 2392 24 26 60 8943 442
internal_value=0.000207837 0.00202011 0.0192955 0.0134399 -0.00576135 -0.0269286 -0.0153552 -0.0269064 -0.01704 0.00148679 0.000752058 -0.0152483 -0.00460265 -0.00500425 0.00120047 0.00309747 0.00277866 -0.00242394 0.00319636 0.0515497 -0.00366208 0.0432039 0.00334899 0.00168593 0.00891553 -0.00408149 0.0439868 -0.0116405 0.0028631 -0.00786401
internal_weight=29949 22974 688 618 6975 362 342 322 293 22286 20652 563 6613 6563 20089 13187 13083 6902 12911 40 6147 104 12885 9921 2964 6095 50 535 8997 502
internal_count=29949 22974 688 618 6975 362 342 322 293 22286 20652 563 6613 6563 20089 13187 13083 6902 12911 40 6147 104 12885 9921 2964 6095 50 535 8997 502
is_linear=0
shrinkage=0.05


Tree=86
num_leaves=31
num_cat=0
split_feature=288 14 178 189 3 90 2 109 288 258 217 284 51 29 267 201 298 35 226 16 105 119 124 298 275 236 182 9 298 98
split_gain=123.086 90.702 287.297 263.383 776.33 70.4959 73.4929 70.4528 61.7355 59.6464 54.9096 73.0298 53.5994 51.9666 51.6256 49.1102 48.1889 53.0772 47.8574 47.6972 53.3929 67.5621 47.5085 47.4362 47.1294 46.9005 46.3563 55.0787 49.2848 45.6316
threshold=-9.6706757545471174 -4.1123509407043448 -17.881159782409664 -18.349919319152828 1.9786273837089541 -8.4650979042053205 5.5534312725067148 -13.477567195892332 1.1666024923324587 -7.833660125732421 -5.7457911968231192 -14.392353534698485 0.41291666030883795 6.8166143894195566 -26.280729293823239 -13.4793643951416 3.4403957128524785 0.34823529422283178 4.5637834072113046 2.7207843065261845 -3.1747254133224483 -6.5899720191955558 -6.5265140533447257 0.57270807027816784 5.3065860271453866 5.7174377441406259 -8.6534366607665998 -3.2297767400741573 -12.651470661163328 0.70819965004920971
decision_type=2 2 2 2 2 2 2 2 2 2 2 2 2 2 2 2 2 2 2 2 2 2 2 2 2 2 2 2 2 2
left_child=1 2 -1 4 7 9 10 -3 13 14 15 -12 18 16 -5 22 24 -18 25 20 -17 -22 -7 -20 26 -10 27 -2 -28 -23
right_child=8 3 -4 5 -6 6 -8 -9 12 -11 11 -13 -14 -15 -16 19 17 -19 23 -21 21 29 -24 -25 -26 -27 28 -29 -30 -31
leaf_value=0.19099001677139948 -0.092046703504664568 0.055988915761311854 -0.0067995626847822599 0.077668046951293951 -0.3546244724230333 -0.022375339573355996 0.062599112000316384 -0.050509096546606583 0.01325905993278686 0.097281042486429214 -0.1174638245254755 -0.026365836338090684 0.0026229972670997214 -0.039773234761791468 0.00077066380700629782 -0.0040698801735359951 0.00078900987282395365 -0.0551223678105488 0.11517572313547136 0.021684206724166873 -0.094749274217721197 -0.01437196665539397 -0.086795563697814937 0.031027712173832274 0.063166429127256077 -0.063926770091056836 0.047465472349098758 -0.011749131265613768 0.00050238056791502238 -0.086012011642257372
leaf_weight=23 28 24 91 24 22 157 32 44 1233 20 24 264 2457 81 241 996 88 82 20 130 33 301 35 103 30 20 56 90 23176 24
leaf_count=23 28 24 91 24 22 157 32 44 1233 20 24 264 2457 81 241 996 88 82 20 130 33 301 35 103 30 20 56 90 23176 24
internal_value=0.000197445 -0.0104587 0.0331054 -0.0125533 -0.0964489 -0.00924312 -0.0125646 -0.0129216 0.00116164 0.0140189 -0.0137893 -0.0339573 0.00704773 0.000206901 0.00773496 -0.0103236 0.000344412 -0.02618 0.0149486 -0.00724503 -0.0100226 -0.0265837 -0.0341186 0.0447103 0.000537276 0.012027 0.00045681 -0.0308028 0.000615584 -0.0196623
internal_weight=29949 2485 114 2371 90 2281 1996 68 27464 285 1964 288 3833 23631 265 1676 23550 170 1376 1484 1354 358 192 123 23380 1253 23350 118 23232 325
internal_count=29949 2485 114 2371 90 2281 1996 68 27464 285 1964 288 3833 23631 265 1676 23550 170 1376 1484 1354 358 192 123 23380 1253 23350 118 23232 325
is_linear=0
shrinkage=0.05


Tree=87
num_leaves=31
num_cat=0
split_feature=288 131 7 219 53 225 289 13 17 21 2 12 160 154 27 21 211 253 103 118 71 16 102 133 87 74 32 260 50 143
split_gain=111.268 58.8734 720.359 199.016 122.137 89.8667 59.9466 85.4317 154.398 60.7457 60.375 54.9885 61.1316 53.9126 52.9941 51.7431 57.1944 59.1616 51.4754 49.6811 52.842 48.3495 47.2406 44.6345 44.1693 40.6761 40.1933 41.2198 39.5216 39.3313
threshold=-5.0481839179992667 -13.853548526763914 0.56352356076240551 -23.309720993041989 -9.8150978088378888 -19.34957122802734 -25.418510437011715 -1.6546638607978819 0.80700981616973888 -0.78728649020194996 3.2396078109741215 1.561643719673157 -7.0671234130859366 0.72723183035850536 -2.158342599868774 -1.3471268415451048 -5.5561954975128165 -7.6102943420410147 -2.2670342922210689 -1.2657646536827085 -1.5918487310409544 -1.0790220499038694 3.2567021846771245 -6.1495578289031974 -0.59495097398757923 -5.1828925609588614 -2.8500690460205074 5.6276080608367929 2.4790196418762211 -7.4892375469207755
decision_type=2 2 2 2 2 2 2 2 2 2 2 2 2 2 2 2 2 2 2 2 2 2 2 2 2 2 2 2 2 2
left_child=1 2 3 -1 5 -3 7 -6 9 -9 13 12 -2 22 -15 16 -14 -18 19 -17 -21 -16 -8 24 -20 -25 -19 -28 -12 -10
right_child=11 4 -4 -5 6 -7 10 8 29 -11 28 -13 15 14 21 18 17 26 23 20 -22 -23 -24 25 -26 -27 27 -29 -30 -31
leaf_value=0.16809541702270508 -0.040878414953577108 0.14993371248245241 -0.26172653628247128 -0.01133079800535651 0.034532163729608961 0.025218627086052527 -0.00461043018931171 -0.076846075403903216 0.059500370125751947 -0.18271876420360059 0.012962398808449509 0.0086138108951549792 -0.0176242331845489 -0.096861133925043627 -0.086111729323863989 -0.0014341873169920389 0.088947077908299199 0.019324264255694196 0.0018465910683430377 -0.032847144687266065 -0.0063008065937915263 -0.011829467527722903 -0.078017268939451739 -0.058156865310919438 -0.099531309975480486 0.0011206138551526077 0.0052663679690693145 -0.066707291901111604 0.078492360074932765 -0.027527970733825825
leaf_weight=20 87 20 28 68 33 52 5814 42 20 20 200 2636 246 26 25 1192 22 553 21 330 434 177 22 29 22 14012 3715 20 26 37
leaf_count=20 87 20 28 68 33 52 5814 42 20 20 200 2636 246 26 25 1192 22 553 21 330 434 177 22 29 22 14012 3715 20 26 37
internal_value=0.000187572 -0.00552804 -0.0408356 0.0294479 -0.00489929 0.0598617 -0.0056231 -0.0366505 -0.0563902 -0.110999 -0.00487331 0.00181262 0.000945825 -0.005819 -0.029671 0.0011225 0.00582485 0.00716324 -0.000213159 -0.00781373 -0.0177672 -0.0210228 -0.00488715 0.000842416 -0.0500212 0.000998183 0.00674364 0.00488097 0.0205012 0.00300829
internal_weight=29949 6630 116 88 6514 72 6442 152 119 62 6290 23319 20683 6064 228 20596 4556 4310 16040 1956 764 202 5836 14084 43 14041 4288 3735 226 57
internal_count=29949 6630 116 88 6514 72 6442 152 119 62 6290 23319 20683 6064 228 20596 4556 4310 16040 1956 764 202 5836 14084 43 14041 4288 3735 226 57
is_linear=0
shrinkage=0.05


Tree=88
num_leaves=31
num_cat=0
split_feature=120 5 0 138 229 66 299 298 298 165 25 297 296 298 202 100 4 276 66 10 14 173 298 55 10 90 95 2 18 52
split_gain=104.87 161.772 137.349 63.1521 62.9949 61.3284 58.3202 108.773 74.8987 65.0737 70.0755 67.0923 64.4267 59.4226 56.6505 49.9057 60.2203 146.63 138.031 48.2197 55.6248 47.0263 64.8428 46.9712 45.5588 44.9284 43.6336 43.5673 66.3163 49.364
threshold=-4.5462353229522696 4.6159019470214853 4.8199224472045907 0.58662387728691112 -0.33346402645111078 -7.1729829311370841 -1.7136601209640501 -1.7511950731277464 -1.4236484766006468 2.4207983016967778 -3.9751765727996822 -3.0246404409408565 -0.43905888497829432 -2.6506536006927486 0.35890193283557897 -1.8198593854904173 3.5423618555068974 -30.461176872253414 -5.5748364925384513 0.17949346452951434 -3.1166543960571285 3.2427386045455937 1.1408414244651797 -3.0795751810073848 -6.0394289493560782 -4.2497594356536856 1.6488276720046999 5.5534312725067148 0.15960787236690524 4.5120718479156503
decision_type=2 2 2 2 2 2 2 2 2 2 2 2 2 2 2 2 2 2 2 2 2 2 2 2 2 2 2 2 2 2
left_child=1 2 3 4 15 -4 7 12 9 10 -8 14 24 -13 26 16 17 -1 -18 25 -21 22 23 -9 -2 -10 -12 29 -29 -26
right_child=6 -3 5 -5 -6 -7 8 21 19 -11 11 13 -14 -15 -16 -17 18 -19 -20 20 -22 -23 -24 -25 27 -27 -28 28 -30 -31
leaf_value=-0.11107734231387867 -0.059623072296381002 -0.12868803569248743 0.14599120378494265 -0.091754978360689216 0.052951607814558405 0.022168350219726563 0.074156140033588863 0.02155719179246161 0.033899774717596858 0.053154383576950251 -0.012559782563766931 0.059153189636032347 0.01945587639149185 0.012043581811281352 0.044073177801399702 -0.026883590665935472 0.14962624192237856 -0.0064355680116523267 -0.015912861771443309 0.04647155340980081 0.005560686242363215 0.057389490201097473 -0.10407853126525879 -0.01572928635801556 0.00013728327149053563 -0.0015412665807581054 -0.080542516694045996 -0.0065348953505357105 0.10256565333558963 -0.041657023488635751
leaf_weight=34 32 28 20 23 41 20 43 90 91 98 256 71 437 1170 41 357 20 2178 34 85 3691 23 20 1373 14361 5159 26 30 26 71
leaf_count=34 32 28 20 23 41 20 43 90 91 98 256 71 437 1170 41 357 20 2178 34 85 3691 23 20 1373 14361 5159 26 30 26 71
internal_value=0.000178194 -0.00911749 -0.00788977 -0.00925888 -0.00854663 0.0840798 0.00111993 -0.000749496 0.00398792 0.013599 0.0111868 0.00945554 0.000540136 0.0147388 -0.0108434 -0.00950791 -0.00677044 -0.00804399 0.0453979 0.0021724 0.00648161 -0.0135576 -0.0146579 -0.0134355 -2.91599e-05 -0.000926955 -0.0188277 0.000102467 0.0441189 -6.8329e-05
internal_weight=29949 2755 2727 2687 2664 40 27194 16463 10731 1705 1607 1564 14957 1241 323 2623 2266 2212 54 9026 3776 1506 1483 1463 14520 5250 282 14488 56 14432
internal_count=29949 2755 2727 2687 2664 40 27194 16463 10731 1705 1607 1564 14957 1241 323 2623 2266 2212 54 9026 3776 1506 1483 1463 14520 5250 282 14488 56 14432
is_linear=0
shrinkage=0.05


Tree=89
num_leaves=31
num_cat=0
split_feature=119 61 23 35 1 123 8 39 284 39 143 123 22 55 287 212 212 286 57 80 298 80 296 106 28 15 246 182 137 48
split_gain=101.363 98.5684 75.5551 226.422 189.86 110.126 89.4967 67.7475 48.7211 59.3103 51.5079 81.0565 60.1473 50.9954 49.0268 55.8961 52.8735 48.2892 66.7714 47.302 45.8828 64.0333 52.9731 45.6581 45.1232 56.344 43.6367 42.7535 58.5851 56.5004
threshold=-1.5170827507972715 4.293276548385621 -7.9563374519348136 -11.739743232727049 2.7506397962570195 -8.9192886352539045 -1.1432157158851621 5.725780963897706 2.613444566726685 -3.869853019714355 -1.9092345237731931 3.5457558631896977 -4.9831175804138175 -2.2487376928329463 -3.0361344814300533 2.641721367835999 -5.4210355281829825 -9.0694117546081525 0.81180673837661754 1.022006154060364 -3.6214005947113033 -3.4901524782180782 -1.6820855736732481 1.4127752780914309 9.4641175270080584 2.3686462640762334 -4.1167800426483145 -9.0547056198120099 -5.1512420177459708 1.0087794065475466
decision_type=2 2 2 2 2 2 2 2 2 2 2 2 2 2 2 2 2 2 2 2 2 2 2 2 2 2 2 2 2 2
left_child=1 2 4 -4 6 -6 -1 17 10 -10 11 12 -2 -11 15 -12 -16 18 19 -5 21 -18 -23 -17 25 26 -15 -19 29 -29
right_child=8 -3 3 7 5 -7 -8 -9 9 13 14 -13 -14 24 16 23 20 27 -20 -21 -22 22 -24 -25 -26 -27 -28 28 -30 -31
leaf_value=0.035594785614655566 0.06197871935367584 -0.10442768335342408 -0.13031780787876676 -0.0068033301026735951 0.20633544024080039 0.040408972539007666 -0.10509116999804974 -0.046939642149312746 -0.064003788155538074 0.058092790743844082 -0.0055468129798209656 -0.054190975648385514 0.0067754637406339541 -0.060781920733659171 -0.037916508405691107 -0.11701213846914471 0.10083058903969469 -0.03786749096610878 -0.053895074662602988 -0.072217342177672048 0.0009467644184796278 0.0052234488272505679 0.044295964455675518 -0.021804628460941947 -0.025725258480418813 0.03252990154470977 0.008542304134822187 0.0098666646052814316 -0.0019898748976735227 0.081082178883511449
leaf_weight=26 50 24 35 2127 20 20 20 87 27 55 2101 54 3756 23 84 20 21 79 81 28 8215 499 105 34 88 261 1739 703 9538 29
leaf_count=26 50 24 35 2127 20 20 20 87 27 55 2101 54 3756 23 84 20 21 79 81 28 8215 499 105 34 88 261 1739 703 9538 29
internal_value=0.000169284 -0.00319374 -0.00300382 -0.00331994 0.0437038 0.123372 -0.025573 -0.00296917 0.00268527 0.00964458 0.00166367 0.00663763 0.00750068 0.0105626 -6.92979e-05 -0.0068378 0.00156518 -0.0026652 -0.00932839 -0.00765326 0.00194035 0.015 0.0120159 -0.0570667 0.00932428 0.0108489 0.00763739 -0.00122556 -0.000943698 0.012688
internal_weight=29949 12817 12793 12707 86 40 46 12672 17132 2193 14939 3860 3806 2166 11079 2155 8924 12585 2236 2155 8840 625 604 54 2111 2023 1762 10349 10270 732
internal_count=29949 12817 12793 12707 86 40 46 12672 17132 2193 14939 3860 3806 2166 11079 2155 8924 12585 2236 2155 8840 625 604 54 2111 2023 1762 10349 10270 732
is_linear=0
shrinkage=0.05


Tree=90
num_leaves=31
num_cat=0
split_feature=122 3 5 191 41 128 292 28 87 219 130 168 4 3 154 2 12 43 289 185 60 28 88 49 10 10 67 8 20 62
split_gain=104.718 82.0317 71.604 147.532 127.802 284.687 67.7719 60.7948 59.2432 74.5652 58.821 63.9487 58.6993 59.4874 56.2933 51.3425 45.8211 62.2304 60.3898 53.8687 53.4291 53.2799 47.8213 45.2314 42.3917 42.3377 80.4596 55.8021 41.336 46.2826
threshold=-2.0635293722152706 5.6863915920257577 3.8539328575134282 -10.706705570220945 -12.035835266113279 -13.984455108642576 5.1745097637176523 -10.06215715408325 2.3424798250198369 -1.4070588946342466 -5.1118566989898673 -3.5353677272796626 -3.5656863451004024 -1.8463524580001829 -5.5789413452148429 1.7213725447654726 1.2611666917800906 -7.1451771259307852 -12.332016468048094 -3.7476761341094966 -3.9439122676849361 -4.8609700202941886 4.682523488998414 0.57771241664886486 3.535861730575562 -2.8583317995071407 -9.4304904937744123 -3.2696077823638912 -2.8404959440231319 -2.2638725042343135
decision_type=2 2 2 2 2 2 2 2 2 2 2 2 2 2 2 2 2 2 2 2 2 2 2 2 2 2 2 2 2 2
left_child=1 2 4 -4 5 -1 14 -6 9 25 11 -11 -8 -14 -2 -15 18 -18 19 -16 -19 23 -20 -22 -10 26 -9 -28 -27 -30
right_child=6 -3 3 -5 7 -7 12 8 24 10 -12 -13 13 15 16 -17 17 20 22 -21 21 -23 -24 -25 -26 28 27 -29 29 -31
leaf_value=-0.22983930587768553 0.021351674088092795 -0.1030161358061291 0.15702858477830889 0.010520081686191873 0.076985931396484381 0.019049708048502603 0.086221377602938964 0.078595297677176337 -0.021865835663803082 0.11250807310526188 0.0041310034266711778 0.017619888870311635 -0.025163821293704813 0.010828466070170449 -0.0058933659536497939 0.042809264031712882 -0.075003367759611306 0.070824243354074876 0.00053804480699033513 -0.097199606845776249 0.021284633906824252 0.0058610963233888883 -0.025815795173590214 0.11554350191727281 -0.094448264620520861 0.0061848321313395949 0.039654107557402722 -0.024398423482771801 -0.011125313811572776 -0.00233495152674505
leaf_weight=20 349 21 20 122 23 27 29 21 235 26 1394 56 87 505 35 167 23 33 16074 30 35 2762 174 20 22 792 36 613 2542 3644
leaf_count=20 349 21 20 122 23 27 29 21 235 26 1394 56 87 505 35 167 23 33 16074 30 35 2762 174 20 22 792 36 613 2542 3644
internal_value=-3.16428e-06 -0.00430266 -0.00408657 0.0311551 -0.00461607 -0.0868605 0.00203076 -0.00420502 -0.00440408 -0.00373722 0.00655186 0.0477064 0.016407 0.0137395 0.00145085 0.0187761 0.00108885 0.00691135 6.34051e-05 -0.0480347 0.00757241 0.00683144 0.000255821 0.0555606 -0.0280791 -0.00572292 -0.0177286 -0.0208454 -0.00457018 -0.00594716
internal_weight=29937 9614 9593 142 9451 47 20323 9404 9381 9124 1476 82 788 759 19535 672 19186 2873 16313 65 2850 2817 16248 55 257 7648 670 649 6978 6186
internal_count=29937 9614 9593 142 9451 47 20323 9404 9381 9124 1476 82 788 759 19535 672 19186 2873 16313 65 2850 2817 16248 55 257 7648 670 649 6978 6186
is_linear=0
shrinkage=0.05


Tree=91
num_leaves=31
num_cat=0
split_feature=296 0 46 16 14 125 278 144 292 25 143 14 0 21 80 225 154 289 222 10 8 244 168 57 11 194 244 274 247 146
split_gain=102.437 75.755 184.439 373.886 173.658 131.166 108.217 63.8686 59.0394 58.3425 55.2986 52.5704 61.3245 50.5757 63.1219 55.5134 54.2861 52.4344 47.5412 47.0597 63.9851 49.7432 64.0278 57.7584 45.6663 44.9653 43.9602 42.9108 43.4291 42.2606
threshold=-3.5422426462173457 3.8782858848571782 -10.299190998077391 -3.0791912078857417 -2.8731045722961421 -7.9650917053222647 -25.161176681518551 -9.1819486618041974 5.1745097637176523 6.5267319679260263 -6.3372547626495352 -1.0336601138114927 -3.0539325475692745 -1.291702091693878 -2.3027653694152828 8.0695133209228533 -5.7074508666992179 6.8012254238128671 -3.1590032577514644 -3.0505293607711788 -3.0856266021728511 -3.7757748365402217 -1.1934393644332884 0.093202732503414168 -2.0411150455474849 -3.7190145254135127 3.6536792516708378 4.2895693778991708 1.8405292034149172 2.4216806888580327
decision_type=2 2 2 2 2 2 2 2 2 2 2 2 2 2 2 2 2 2 2 2 2 2 2 2 2 2 2 2 2 2
left_child=1 2 3 -1 6 -6 -3 -7 13 11 -9 -10 -13 27 18 16 -16 29 25 20 24 22 23 -22 -4 -15 -20 -2 -29 -18
right_child=8 4 19 -5 5 7 -8 10 9 -11 -12 12 -14 14 15 -17 17 -19 26 -21 21 -23 -24 -25 -26 -27 -28 28 -30 -31
leaf_value=-0.24463545394440495 0.005888445648992071 0.19923238158226014 -0.017619622498750688 0.013120499165619122 -0.11770554723218084 0.095025432377081859 0.041753124383588636 -0.067712716741318055 -0.0071536520311115863 -0.016683820818291336 0.017359930676375999 0.10742857002693673 0.024079861141433685 0.015700383433688649 0.06542383698803006 -0.074738075335820525 0.0020720594399648794 0.072147604823112485 -0.0008522953310553332 -0.0032002814648841244 -0.018162746613710631 0.0045277550641522318 -0.1018290488182434 -0.075464115033344353 0.075366920304875226 -0.027967593675735775 -0.072490272467786623 0.10956301912665367 0.014443460404872894 -0.0070564924177499173
leaf_weight=24 4081 20 23 34 20 23 24 22 136 122 145 23 545 68 33 24 11563 26 805 9551 429 149 28 49 31 443 22 20 30 1424
leaf_count=24 4081 20 23 34 20 23 24 22 136 122 145 23 545 68 33 24 11563 26 805 9551 429 149 28 49 31 443 22 20 30 1424
internal_value=-3.0061e-06 -0.00396144 -0.00462551 -0.0935371 0.0230146 0.0040904 0.113335 0.016911 0.00215804 0.0152374 0.00615276 0.0207692 0.0274549 0.00157529 0.000176915 0.0012358 0.00137556 0.00121314 -0.0101666 -0.0041229 -0.0165515 -0.0208643 -0.0283414 -0.0240367 0.0357615 -0.0221566 -0.00275802 0.00645251 0.0524913 0.00107113
internal_weight=29937 10572 10318 58 254 210 44 190 19365 826 167 704 568 18539 14408 13070 13046 13013 1338 10260 709 655 506 478 54 511 827 4131 50 12987
internal_count=29937 10572 10318 58 254 210 44 190 19365 826 167 704 568 18539 14408 13070 13046 13013 1338 10260 709 655 506 478 54 511 827 4131 50 12987
is_linear=0
shrinkage=0.05


Tree=92
num_leaves=31
num_cat=0
split_feature=296 62 8 3 37 273 47 298 267 154 292 296 279 61 288 89 171 72 186 257 131 29 26 14 105 172 44 32 80 10
split_gain=92.4533 69.5146 352.965 619.576 121.3 74.9697 72.9443 68.5094 60.6838 56.2774 56.0696 54.7693 54.5872 50.4387 52.5843 53.5761 53.8977 72.9447 46.9941 48.7755 54.8098 46.6851 46.4059 50.9279 51.2239 66.0555 44.0064 47.509 60.2088 56.2351
threshold=-3.5792127847671504 -9.4166669845581037 -1.5946403145790098 1.1040413975715639 -7.401251792907714 -18.878819465637203 -7.8589966297149649 -4.7340073585510245 1.4482241868972781 0.89901956915855419 5.1745097637176523 -30.527782440185543 -25.044135093688961 10.964598655700685 -15.226809501647947 0.52171391248703014 1.4536861777305605 -1.3341861963272093 -7.0089969635009757 -6.949634075164794 -1.0541848540306089 -8.4577183723449689 6.7677807807922372 -1.0336601138114927 1.2465350031852724 -0.12608851492404935 -6.5000729560852042 -2.4890818595886226 -2.3027653694152828 0.033863076940178878
decision_type=2 2 2 2 2 2 2 2 2 2 2 2 2 2 2 2 2 2 2 2 2 2 2 2 2 2 2 2 2 2
left_child=1 2 4 5 -1 -4 11 8 9 -2 18 -3 -13 14 21 16 -16 -18 -9 20 -20 -8 23 -12 -25 -26 -21 -28 -29 -30
right_child=7 6 3 -5 -6 -7 13 10 -10 -11 22 12 -14 -15 15 -17 17 -19 19 26 -22 -23 -24 24 25 -27 27 28 29 -31
leaf_value=0.16289495229721071 0.021795112869523944 0.096087180243598094 0.092197063267230983 -0.26893349998828137 -0.009160365439241841 -0.044705921569839123 0.03149507094402703 0.055774460350855808 0.10282554204265278 -0.031230655951159342 -0.0078719998817836905 -0.048444555282592776 0.034778764940077263 0.071757246079770007 -0.0019387026107913618 -0.012794448707110176 0.086224360291550797 -0.00060148055396847802 -0.01100142105881657 -0.061652185661452155 -0.11156842062249779 -0.018769412434197122 -0.013524364110991711 0.06479294970379891 -0.066602445464758644 0.024055649748732966 0.010312757986559543 -0.0087579366715634065 -0.0012505944732749625 0.004939260971591997
leaf_weight=20 470 27 20 33 21 20 49 39 21 56 138 25 93 22 8015 1202 41 59 42 28 20 807 127 74 21 465 1293 1632 8724 6333
leaf_count=20 470 27 20 33 21 20 49 39 21 56 138 25 93 22 8015 1202 41 59 42 28 20 807 127 74 21 465 1293 1632 8724 6333
internal_value=-2.85577e-06 -0.00379613 -0.0426268 -0.108561 0.0747691 0.0237456 -0.00336801 0.0020325 0.0194774 0.0161498 0.00152857 0.031846 0.0171467 -0.00386885 -0.0040324 -0.00294278 -0.00148355 0.0349971 0.000947883 0.000829565 -0.0434424 -0.0158921 0.0142763 0.0193346 0.0260391 0.0201383 0.000981973 0.0010795 0.000364144 0.00135287
internal_weight=29937 10454 114 73 41 40 10340 19483 547 526 18936 145 118 10195 10173 9317 8115 100 18111 18072 62 856 825 698 560 486 18010 17982 16689 15057
internal_count=29937 10454 114 73 41 40 10340 19483 547 526 18936 145 118 10195 10173 9317 8115 100 18111 18072 62 856 825 698 560 486 18010 17982 16689 15057
is_linear=0
shrinkage=0.05


Tree=93
num_leaves=31
num_cat=0
split_feature=122 3 281 0 117 18 4 258 211 102 198 281 257 10 38 5 12 295 190 287 91 143 272 146 149 24 299 95 28 46
split_gain=83.4284 86.7906 56.8736 169.608 249.664 230.069 65.5552 59.9384 59.2198 56.41 49.3665 87.3711 65.2243 50.0477 49.6675 49.3307 48.2529 46.6148 47.4747 58.8032 54.6195 48.0434 46.0656 49.423 49.2984 44.4433 44.2323 44.0538 42.6898 77.6395
threshold=-0.49345131218433375 5.6863915920257577 -12.994058609008787 3.8782858848571782 -11.528381824493406 -5.884169101715087 3.0412710905075078 -17.109391212463375 -5.2405881881713858 1.2075757384300234 -3.2041176557540889 -0.42795418202877039 -6.8151206970214835 0.49176827073097235 -1.1999999880790708 0.40793381631374365 -0.89061379432678212 -19.502442359924313 -1.2300751805305479 2.7697198390960698 -6.3452506065368643 -1.9092345237731931 -3.7817400693893428 -3.9140850305557247 -4.2001960277557364 1.8453221321105959 2.5161465406417851 0.16681325435638431 -4.8609700202941886 2.6008039712905888
decision_type=2 2 2 2 2 2 2 2 2 2 2 2 2 2 2 2 2 2 2 2 2 2 2 2 2 2 2 2 2 2
left_child=1 2 3 5 -5 -1 8 -8 -7 17 11 15 -12 -14 -13 -2 -6 -4 19 21 -20 22 23 -19 27 -26 -23 -25 29 -15
right_child=10 -3 9 4 16 6 7 -9 -10 -11 12 14 13 28 -16 -17 -18 18 20 -21 -22 26 -24 24 25 -27 -28 -29 -30 -31
leaf_value=-0.16402641809903659 -0.0020029079380872675 -0.081738051246194279 0.066605800619492159 0.20258418429981578 0.05957804817706347 -0.014979640583285448 0.083639836683869373 -0.0086905370155970271 -0.097898420589891344 -0.010697523909234815 -0.043877974748611451 0.12513278107280318 0.00015911429888988357 0.015497819314131868 0.039809964132445835 0.022763309282324229 -0.041374143367183619 0.0029371124856218379 0.07566030731907597 0.062984454291207456 0.0042665692580190597 -0.005306564171115016 0.0056020874985188256 -0.016899163901048193 -0.001506058779672639 -0.031324750225626884 -0.073339788429439071 -0.092353781163692472 0.0067883926956178176 0.12067400631697284
leaf_weight=26 427 34 26 22 20 1014 32 39 22 1411 75 23 5946 74 66 380 29 2434 27 35 3439 5269 2869 590 2067 133 24 20 3341 23
leaf_count=26 427 34 26 22 20 1014 32 39 22 1411 75 23 5946 74 66 380 29 2434 27 35 3439 5269 2869 590 2067 133 24 20 3341 23
internal_value=-2.71299e-06 -0.00192213 -0.00178331 -0.0123104 0.0626558 -0.0170082 -0.0135552 0.0329232 -0.0167405 -0.00109237 0.00362703 0.0148441 0.0025645 0.00293568 0.0618597 0.009659 -0.000169167 -0.000291983 -0.00039486 -0.00174031 0.00482272 -0.00190929 0.000508384 -0.00227839 -0.00679601 -0.00330873 -0.00561505 -0.0193731 0.00773774 0.0404365
internal_weight=29937 19582 19548 1204 71 1133 1107 71 1036 18344 10355 896 9459 9384 89 807 49 16933 16907 13441 3466 13406 8113 5244 2810 2200 5293 610 3438 97
internal_count=29937 19582 19548 1204 71 1133 1107 71 1036 18344 10355 896 9459 9384 89 807 49 16933 16907 13441 3466 13406 8113 5244 2810 2200 5293 610 3438 97
is_linear=0
shrinkage=0.05


Tree=94
num_leaves=31
num_cat=0
split_feature=296 62 9 1 3 298 266 89 25 111 292 25 3 296 145 25 19 186 298 299 211 299 299 298 69 298 153 299 298 298
split_gain=79.2894 64.3063 288.906 309.076 233.123 63.1019 60.7845 59.6402 59.4718 54.9863 48.5857 47.0652 46.5812 62.8547 55.9331 49.5839 45.4908 45.1684 45.6856 117.012 101.829 88.4952 52.54 54.3954 54.1741 49.2209 47.8044 47.7993 54.8909 54.7888
threshold=-3.5422426462173457 -9.4166669845581037 0.94838532805442821 2.996045827865601 1.1040413975715639 -4.8456754684448233 0.097333833575248732 -12.823351383209227 1.4871258139610293 -13.066029548645018 5.1745097637176523 6.5267319679260263 -0.50389519333839405 -26.273333549499508 0.15248968452215197 -0.74111762642860401 -2.7470403909683223 -7.0089969635009757 0.22196082025766375 0.42504899203777319 -5.407439947128295 -0.10035391524434088 -0.92666664719581593 -1.0675222277641294 -1.2235293984413145 -0.93886268138885487 -4.1747059822082511 -2.2963410615921016 -2.2512310743331905 -2.3464781045913692
decision_type=2 2 2 2 2 2 2 2 2 2 2 2 2 2 2 2 2 2 2 2 2 2 2 2 2 2 2 2 2 2
left_child=1 2 3 4 16 6 8 9 -2 -3 17 -12 13 -9 -15 -16 -1 -7 19 22 -20 -22 23 27 -25 26 -24 29 -29 -19
right_child=5 7 -4 -5 -6 10 -8 12 -10 -11 11 -13 -14 14 15 -17 -18 18 20 -21 21 -23 25 24 -26 -27 -28 28 -30 -31
leaf_value=0.047707831369640692 0.021822966843874334 0.1132082257952009 -0.20834006748738743 0.17113208860158921 -0.19132443962568818 0.0539759423583746 0.072597183059064707 -0.064767956733703613 -0.029458733641111585 0.0053318624143247253 0.018285492779011408 -0.015357090996914222 -0.00090263064544191169 -0.0050464483820865406 0.015803444745639963 -0.033933443088378562 -0.046453066574126158 0.00096531894102970669 -0.11628186957910658 0.027800029888749123 -0.022566302436400336 -0.00051655119188472184 0.08550543168989512 -0.024748749103342078 -0.0029002128022741686 0.0032039501883286258 0.016475408251051843 0.015662364132762074 0.0020294742245291746 -0.010721455909989623
leaf_weight=29 362 21 21 20 21 40 49 48 67 27 703 122 6810 3188 60 304 23 4555 20 432 518 3744 26 406 942 1548 709 998 2838 1286
leaf_count=29 362 21 21 20 21 40 49 48 67 27 703 122 6810 3188 60 304 23 4555 20 432 518 3744 26 406 942 1548 709 998 2838 1286
internal_value=-2.57737e-06 -0.00348518 -0.0408351 -0.00301145 -0.050722 0.00189869 0.0198398 -0.00307803 0.0138139 0.0525278 0.00144463 0.0133105 -0.00333443 -0.00793458 -0.00716656 -0.0257351 0.00605974 0.000902644 0.000784847 0.00219021 -0.00372465 -0.00319646 0.00135887 -7.07546e-05 -0.00948071 0.00826278 0.0189173 0.00124005 0.0055763 -0.00160773
internal_weight=29937 10572 114 93 73 19365 478 10458 429 48 18887 825 10410 3600 3552 364 52 18062 18022 13740 4282 4262 13308 11025 1348 2283 735 9677 3836 5841
internal_count=29937 10572 114 93 73 19365 478 10458 429 48 18887 825 10410 3600 3552 364 52 18062 18022 13740 4282 4262 13308 11025 1348 2283 735 9677 3836 5841
is_linear=0
shrinkage=0.05


Tree=95
num_leaves=31
num_cat=0
split_feature=189 3 1 292 298 140 80 160 293 287 226 292 123 30 278 162 69 211 94 47 118 298 1 58 255 293 293 5 7 143
split_gain=102.078 598.215 236.302 67.9783 69.9545 83.0675 74.2735 58.2617 49.5256 51.1487 73.5931 56.4797 50.7757 45.7258 63.3814 54.8092 49.2211 54.2095 52.728 47.0509 49.3572 46.8436 45.6293 69.8629 44.7258 44.2854 44.0732 43.5568 52.9176 49.51
threshold=-18.349919319152828 3.0905302762985234 2.2950431108474736 -2.5195747613906856 -6.0907166004180899 -0.16621191054582593 -0.14810459315776822 3.463725328445435 -4.1704998016357413 -4.3402910232543936 -0.34346534311771387 0.052247680723667152 -6.820570468902587 -1.561999976634979 6.1181416511535653 -2.1129411458969112 -0.94051590561866749 -5.0165793895721427 -4.9317157268524161 3.804261445999146 -0.14117646962404248 -2.5742319822311397 0.56750419735908519 -6.7794923782348624 -0.54215684533119191 -1.8057963848114011 -0.24899929016828534 4.6159019470214853 -0.51321113109588612 -0.4412760585546493
decision_type=2 2 2 2 2 2 2 2 2 2 2 2 2 2 2 2 2 2 2 2 2 2 2 2 2 2 2 2 2 2
left_child=1 2 22 7 5 6 25 26 -6 10 24 -12 -11 14 15 -14 19 -18 -19 -15 -21 -20 23 -1 -10 -5 27 29 -29 -2
right_child=3 -3 -4 4 8 -7 -8 -9 9 12 11 -13 13 16 -16 -17 17 18 21 20 -22 -23 -24 -25 -26 -27 -28 28 -30 -31
leaf_value=0.050275388717651373 -0.001281667722975168 -0.29568726181983951 0.15320647188595363 0.018450469606892863 0.046752849539681791 0.10752717549065977 -0.049694054741412405 -0.039222832445828422 -0.011423278541183125 -0.077092473357915886 -0.031028705421790839 -0.13145610619158973 0.01851819136795008 -0.0028367827114968236 0.070771707558050387 0.002088009083658149 -0.035208876276285286 -0.075324223006498964 0.013802302971524292 -0.090534849993644223 -0.012836876263221107 0.0025692200181555371 -0.087155433158789375 -0.073431122657798595 0.048453716161277367 0.10728332835948096 0.050390135932248087 0.097398439677254797 0.012547567802589059 -0.0095477918576715882
leaf_weight=25 12840 20 21 47 62 33 30 106 377 20 42 21 795 3149 41 1404 90 21 1064 31 60 7266 28 21 34 20 40 21 147 2109
leaf_count=25 12840 20 21 47 62 33 30 106 377 20 42 21 795 3149 41 1404 90 21 1064 31 60 7266 28 21 34 20 40 21 147 2109
internal_value=-0.000130543 -0.0471472 0.005177 5.04716e-05 0.00248871 0.0390032 0.0156909 -0.00228298 0.00216082 0.00196903 -0.0141834 -0.0645045 0.00251822 0.00263259 0.00917641 0.00802798 0.00137772 0.00338858 0.00380455 -0.00386106 -0.0393054 0.00400403 -0.0368314 -0.00619932 -0.00646995 0.0449677 -0.00202464 -0.00216333 0.0231539 -0.00244785
internal_weight=29985 115 95 29870 14607 130 97 15263 14477 14415 474 63 13941 13921 2240 2199 11681 8441 8351 3240 91 8330 74 46 411 67 15157 15117 168 14949
internal_count=29985 115 95 29870 14607 130 97 15263 14477 14415 474 63 13941 13921 2240 2199 11681 8441 8351 3240 91 8330 74 46 411 67 15157 15117 168 14949
is_linear=0
shrinkage=0.05


Tree=96
num_leaves=31
num_cat=0
split_feature=189 3 4 9 48 119 89 104 280 160 50 51 156 61 248 162 8 134 66 108 202 18 165 154 3 48 63 140 88 242
split_gain=93.5227 297.038 164.625 76.8889 72.1393 58.648 52.7617 41.994 41.9481 57.4305 55.3004 52.9021 49.4014 49.1493 47.4635 44.7701 41.4565 40.9798 44.8149 80.5933 54.6988 40.9465 53.3616 82.737 67.7759 49.6421 44.3033 43.9958 44.5553 40.7834
threshold=-14.211133003234862 3.0905302762985234 3.1920495033264165 3.8874509334564213 -10.015318870544432 -1.5170827507972715 3.370408415794373 -13.630440711975096 2.2591228485107426 3.1394608020782475 -1.3791257143020628 0.54594421386718761 -2.2080926895141597 10.964598655700685 -1.9521568417549131 -2.1747548580169673 1.1179907917976382 -1.8211764693260191 -1.3798202872276304 -4.7166829109191886 -8.046686649322508 -2.0151960849761958 -6.5990197658538809 -3.4583431482315059 3.2558919191360478 -0.60522881150245655 3.7578039169311528 -8.3363270759582502 2.3289786577224736 -8.9018306732177717
decision_type=2 2 2 2 2 2 2 2 2 2 2 2 2 2 2 2 2 2 2 2 2 2 2 2 2 2 2 2 2 2
left_child=1 2 3 4 -1 6 21 -6 9 13 -11 12 -10 17 -14 -13 -9 18 -7 -20 -21 22 23 24 25 -2 -23 -24 -29 -22
right_child=5 -3 -4 -5 7 8 -8 16 11 10 -12 15 14 -15 -16 -17 -18 -19 19 20 29 26 27 -25 -26 -27 -28 28 -30 -31
leaf_value=0.05408763068062919 -0.015303146364620632 -0.16616692262537339 0.12816005647182466 -0.11225581481343223 -0.081471941206190335 -0.0021626289355915224 -0.029083750352182025 -0.022671642496573684 -0.056713913061789106 -0.078931588644627487 -0.011081400528153191 0.067012641813468055 0.062945507054081973 0.070343128305215094 0.017280152180962901 0.0021061994663073113 0.04971442703496326 -2.6926304752791727e-05 0.079431659255812803 0.09108774345368148 -0.059708514978939843 -0.0032452962660100716 0.077173558007115908 -0.10929052501916886 0.057746499471175362 0.04493608926045331 -0.074277301572940574 0.0066400741688662128 0.081721694618463514 0.0086815919012396478
leaf_weight=35 452 34 20 21 27 1115 183 196 21 32 488 27 62 26 692 1659 22 10606 41 20 22 9995 23 20 39 37 22 1642 20 2386
leaf_count=35 452 34 20 21 27 1115 183 196 21 32 488 27 62 26 692 1659 22 10606 41 20 22 9995 23 20 39 37 22 1642 20 2386
internal_value=-0.000124016 -0.0256351 -0.0107501 -0.01998 -0.0130593 0.000181634 -0.00243455 -0.0226517 0.00207307 0.0010639 -0.0152568 0.00811582 0.0189284 0.00166089 0.0210351 0.00314563 -0.0153666 0.00153504 0.00615731 0.0099146 0.00874071 -0.00203645 0.00408614 -0.00946731 -0.00568612 -0.0107452 -0.0034013 0.00849402 0.00754358 0.00805677
internal_weight=29985 355 321 301 280 29630 12433 245 17197 14736 520 2461 775 14216 754 1686 218 14190 3584 2469 2428 12250 2233 548 528 489 10017 1685 1662 2408
internal_count=29985 355 321 301 280 29630 12433 245 17197 14736 520 2461 775 14216 754 1686 218 14190 3584 2469 2428 12250 2233 548 528 489 10017 1685 1662 2408
is_linear=0
shrinkage=0.05


Tree=97
num_leaves=31
num_cat=0
split_feature=187 3 52 237 182 298 297 263 263 1 268 33 209 281 13 3 279 205 10 3 88 26 140 59 28 270 42 211 6 115
split_gain=87.2192 666.907 143.65 60.0678 56.1087 64.4426 62.3854 58.0806 54.8196 79.2967 63.9678 53.5098 49.3775 51.4807 49.2522 45.222 43.6954 40.7474 40.3643 55.052 53.8213 48.4446 54.4731 40.5497 38.7253 58.3442 38.6617 46.9748 42.8568 38.4683
threshold=-18.040490150451657 2.543159127235413 -9.390467166900633 -0.77921566367149342 -5.4638431072235099 -4.9611546993255606 -3.9573011398315425 -6.0312378406524649 -25.278418540954586 3.5443786382675175 -18.046010971069332 1.9623032808303835 -12.333423137664793 -20.106533050537106 -1.5987581610679624 0.083553194999694838 0.53000000119209301 -11.200960636138914 -3.1439098119735713 4.2142972946167001 -0.72509017586708058 1.5041375160217287 -3.8838002681732173 -0.87863942980766285 9.4641175270080584 12.174313545227053 1.2591371536254885 -1.985764682292938 -3.1667493581771846 -1.6475680470466612
decision_type=2 2 2 2 2 2 2 2 2 2 2 2 2 2 2 2 2 2 2 2 2 2 2 2 2 2 2 2 2 2
left_child=1 2 -1 8 -5 6 29 -7 9 -2 12 14 17 -14 16 -4 18 -10 -12 20 26 22 -22 -23 -9 -26 28 -28 -20 -6
right_child=3 -3 15 4 5 7 -8 24 10 -11 11 -13 13 -15 -16 -17 -18 -19 19 -21 21 23 -24 -25 25 -27 27 -29 -30 -31
leaf_value=0.13302153587341309 0.00062238736586137252 -0.29807616869608561 -0.055800184333010733 -0.050852844281558035 0.058782320662297084 -0.067359166001451434 0.10841710411477834 0.0038979731708712324 -0.021269395758834068 0.12490997882116409 -0.028565363463360905 -0.0082723586693845691 -0.11711279979118934 -0.024781236218081582 0.00075874301345153544 0.02487265900708735 0.032190234015828795 0.038032780813448359 -0.049106421265399686 0.069437709823250773 -0.073798339707510804 -0.10319675159670655 -0.0077762333625012257 -0.028880554168588587 -0.074149942919611939 0.0055220670170254178 0.052246969956622438 -0.015897459059417043 -0.0034262368833808243 0.0055193314960607417
leaf_weight=20 33 21 38 47 49 29 24 8068 237 21 215 2339 26 36 16212 32 70 33 53 24 35 31 291 45 40 54 66 41 1645 110
leaf_count=20 33 21 38 47 49 29 24 8068 237 21 215 2339 26 36 16212 32 70 33 53 24 35 31 291 45 40 54 66 41 1645 110
internal_value=-0.000117815 -0.0443572 0.0148439 4.65608e-05 0.00362511 0.00393087 0.0332758 0.00327526 -0.00135813 0.0489565 -0.0014851 -0.00114192 -0.0232615 -0.0635009 -0.00025138 -0.0189212 -0.00676017 -0.0140214 -0.00787485 -0.00588092 -0.00669998 -0.0232451 -0.0148645 -0.0591937 0.00352622 -0.0283809 -0.00301512 0.0261356 -0.00485206 0.0219337
internal_weight=29985 111 90 29874 8421 8374 183 8191 21453 54 21399 21067 332 62 18728 70 2516 270 2446 2231 2207 402 326 76 8162 94 1805 107 1698 159
internal_count=29985 111 90 29874 8421 8374 183 8191 21453 54 21399 21067 332 62 18728 70 2516 270 2446 2231 2207 402 326 76 8162 94 1805 107 1698 159
is_linear=0
shrinkage=0.05


Tree=98
num_leaves=31
num_cat=0
split_feature=286 14 140 0 190 190 119 18 28 85 41 285 293 161 205 3 145 121 235 81 223 239 144 212 171 276 47 105 23 284
split_gain=85.1695 138.217 325.11 724.058 191.6 90.5286 54.4392 48.3579 68.0131 46.0743 49.2556 43.4652 50.9245 46.7558 66.0407 42.3703 41.0627 41.0145 45.0097 47.1165 40.5913 74.5929 39.9178 39.2467 38.9911 38.5861 38.5406 40.6003 37.3524 37.1156
threshold=-18.872526168823239 -4.1123509407043448 -14.684031486511229 2.271986842155457 -17.816643714904782 -17.816643714904782 0.49927535653114324 1.2853221297264101 -2.1729754209518428 0.23867024481296542 4.5162091255187997 2.7881895303726201 -1.2354511022567747 4.0535182952880868 -0.080882370471954332 0.72166144847869884 8.2831373214721697 -3.608290314674377 -4.8394117355346671 -2.5665864944458003 -6.3102941513061515 -6.6217157840728751 -0.49044145643711085 -6.0956616401672354 -3.3499604463577266 -15.086732387542723 0.77132353186607372 -6.2441534996032706 7.0823831558227548 1.9436652660369875
decision_type=2 2 2 2 2 2 2 2 2 2 2 2 2 2 2 2 2 2 2 2 2 2 2 2 2 2 2 2 2 2
left_child=1 4 3 -3 -1 15 7 29 20 10 17 13 -13 16 -15 -4 24 -8 19 -19 21 -9 -14 -21 -11 26 27 -7 -24 -2
right_child=6 2 5 -5 -6 25 9 8 -10 11 -12 12 22 14 -16 -17 -18 18 -20 23 -22 -23 28 -25 -26 -27 -28 -29 -30 -31
leaf_value=0.1667949676513672 -0.00040257015042604346 -0.017678257337836331 0.0080842119455337529 -0.3818261316418648 -0.021197871005896367 -0.0068149778282358539 -0.036379080598658707 -0.026383913102302148 -0.0041869203492631594 -0.040951724786621832 0.083370191117991585 0.088235574839636691 -0.043329801508603071 -0.11205005867872386 -0.016251074986313809 0.11100449502468109 0.070762813091278076 0.097086232797852889 0.0091328340900478783 -0.024775747438044556 -0.019238033862900437 -0.13627306725019994 0.011738572270485623 0.050305204402463027 -6.5591691455598849e-05 -0.078104665760810557 0.050685994415765712 -0.040320880312129118 -0.027912417006871054 0.0097684025827942059
leaf_weight=23 20033 43 20 20 33 252 47 47 2514 60 23 20 37 20 179 20 20 29 1907 28 241 23 1038 46 2072 26 21 141 63 939
leaf_count=23 20033 43 20 20 33 252 47 47 2514 60 23 20 37 20 179 20 20 29 1907 28 241 23 1038 46 2072 26 21 141 63 939
internal_value=-0.000111925 -0.0187764 -0.0264896 -0.133281 0.0560135 -0.0124732 0.00026853 -0.000774416 -0.00691561 0.00470921 0.0106057 0.00121401 0.00914306 -0.00269149 -0.0258791 0.0595444 -0.000547283 0.00979208 0.0108717 0.0430662 -0.0289733 -0.0624903 0.00775303 0.0218962 -0.00121623 -0.0190203 -0.0153097 -0.0188362 0.00946971 5.28248e-05
internal_weight=29985 599 543 63 56 480 29386 23797 2825 5589 2080 3509 1158 2351 199 40 2152 2057 2010 103 311 70 1138 74 2132 440 414 393 1101 20972
internal_count=29985 599 543 63 56 480 29386 23797 2825 5589 2080 3509 1158 2351 199 40 2152 2057 2010 103 311 70 1138 74 2132 440 414 393 1101 20972
is_linear=0
shrinkage=0.05


Tree=99
num_leaves=31
num_cat=0
split_feature=286 19 104 2 65 7 117 3 251 119 298 239 56 219 228 25 21 294 153 10 170 32 139 215 285 16 3 41 287 208
split_gain=76.8655 137.26 282.208 454.588 122.723 80.8835 59.8791 53.4505 64.3331 49.4558 58.1149 79.8174 49.0224 44.6496 73.5377 51.0063 49.5223 47.4391 45.4213 44.0383 45.1471 43.7206 65.6436 44.4992 55.8003 44.6517 42.6526 42.0322 59.6795 102.989
threshold=-18.872526168823239 -5.1495461463928214 -13.630440711975096 2.0271300077438359 -8.723136901855467 0.73976874351501476 -11.528381824493406 4.7353429794311532 -13.301764488220213 -0.33245721459388727 0.10735291615128519 3.1314187049865727 -4.9817295074462882 -0.24708697199821469 -3.8195616006851192 6.5267319679260263 2.9178432226181035 2.7352942228317265 -2.81829822063446 -2.763590812683105 3.0355938673019414 -2.6922049522399898 23.383267402648929 -5.2787690162658683 -9.8516836166381818 2.4979215860366826 0.42234915494918829 -3.7828850746154781 -2.1366534233093257 0.42490302026271826
decision_type=2 2 2 2 2 2 2 2 2 2 2 2 2 2 2 2 2 2 2 2 2 2 2 2 2 2 2 2 2 2
left_child=1 4 3 -3 -1 -6 26 -8 -9 10 11 13 -11 15 18 19 17 -16 -15 -2 -21 22 -14 25 -25 -23 -4 -12 29 -29
right_child=9 2 6 -5 5 -7 7 8 -10 12 27 -13 21 14 16 -17 -18 -19 -20 20 -22 23 -24 24 -26 -27 -28 28 -30 -31
leaf_value=0.13150744791384097 -0.011700836705209697 -0.026498886032236948 -0.0026699652347494576 -0.32380689367651944 -0.074689553784472604 0.06249752887947993 -0.029043610194160366 0.078498550256093355 -0.0366854073649103 -0.06533252155551543 0.029590542117754623 0.062092487718544753 0.013020614214615846 0.11321061182428489 0.0056134401518787638 -0.070061871519795177 -0.025400509413822676 0.069043646454811092 0.030558221064069691 -0.00053532188288621049 -0.073897457524158425 0.016546708956944295 0.10091530192982068 -0.062923140281980691 0.0022194052489329106 0.085878414129493416 0.072464588793615503 -0.020667264577001333 -0.0083558963097155655 -0.11591870297278678
leaf_weight=27 955 36 51 20 21 22 343 27 22 26 63 51 617 22 1691 27 129 30 68 15359 21 166 22 33 8580 27 30 150 1314 35
leaf_count=27 955 36 51 20 21 22 343 27 22 26 63 51 617 22 1691 27 129 30 68 15359 21 166 22 33 8580 27 30 150 1314 35
internal_value=-0.000106328 -0.0178376 -0.0265442 -0.13268 0.0479595 -0.00450081 -0.0139785 -0.0220652 0.0267833 0.000255104 -0.00115944 -0.000371468 0.00322951 -0.000545528 0.00662658 -0.00139591 0.00447944 0.00671914 0.0507621 -0.00128241 -0.000635491 0.00341825 0.0160467 0.00250187 0.00196982 0.026246 0.0251576 -0.0104179 -0.0120993 -0.0386878
internal_weight=29985 599 529 56 70 43 473 392 49 29386 19915 18353 9471 18302 1940 16362 1850 1721 90 16335 15380 9445 639 8806 8613 193 81 1562 1499 185
internal_count=29985 599 529 56 70 43 473 392 49 29386 19915 18353 9471 18302 1940 16362 1850 1721 90 16335 15380 9445 639 8806 8613 193 81 1562 1499 185
is_linear=0
shrinkage=0.05


Tree=100
num_leaves=31
num_cat=0
split_feature=24 185 36 289 298 110 12 11 219 285 221 210 249 298 295 173 94 299 254 32 288 154 119 287 230 39 33 68 251 198
split_gain=174.959 485.557 73.3009 56.4564 57.3513 57.2599 115.526 107.105 55.1972 50.7073 49.0764 48.6369 48.1884 43.7026 110.588 61.9941 59.327 54.1377 85.3185 53.7834 49.8426 49.3338 81.2573 53.6542 43.6362 41.8073 54.4738 48.7554 47.2269 45.03
threshold=-7.9436926841735831 -17.961175918579098 -4.7821390628814688 4.1510040760040292 -1.1047554016113279 -13.213725566864012 -0.72450622916221608 -1.2756920456886289 8.0027976036071795 -10.864256858825682 -9.3068652153015119 -1.4706722497940061 0.62720087170600902 -6.4066274166107169 -3.7340211868286128 -3.2400653362274165 -4.0620589256286612 -6.1902997493743888 -7.6986887454986563 -2.6922049522399898 -1.3757203817367551 2.0248252153396611 -3.1703273057937618 -2.8772060871124263 -12.366734504699705 5.1641621589660653 2.814757347106934 1.5009607672691347 0.37342171370983129 -1.0475015044212339
decision_type=2 2 2 2 2 2 2 2 2 2 2 2 2 2 2 2 2 2 2 2 2 2 2 2 2 2 2 2 2 2
left_child=1 -1 -3 5 12 6 7 -2 9 10 -7 -6 -5 14 17 -15 -16 -11 -19 -17 -18 -21 -23 -24 -12 29 -27 28 -28 -13
right_child=3 2 -4 4 11 8 -8 -9 -10 13 24 25 -14 15 16 19 20 18 -20 21 -22 22 23 -25 -26 26 27 -29 -30 -31
leaf_value=-0.25636761474609376 0.064359851541190324 0.020892757200277768 -0.077119447401276353 0.015033319294452669 -0.064624896814877347 -0.0027192898152590171 0.14313966514808793 -0.086043646000325685 -0.074517940044403083 0.0015217215364629574 -0.076082769961971233 0.060486128595140243 0.12479257920873353 -0.006854560086636461 0.12887468956410886 0.0099724130834546263 0.022172579579861264 -0.059499148693349629 0.034076866202325709 0.00079937883289720249 0.10836107730166987 -0.070623571403324606 -0.036346532876292865 -0.0035889326506492931 -0.016874907884896893 -0.081237794458866128 0.042392531010721414 0.025965699314006736 -0.02887103700616064 0.013214333236841276
leaf_weight=25 29 65 27 20 22 1286 21 20 25 2365 33 54 20 3155 20 1445 104 27 249 17460 20 50 135 1688 546 22 28 112 137 751
leaf_count=25 29 65 27 20 22 1286 21 20 25 2365 33 54 20 3155 20 1445 104 27 249 17460 20 50 135 1688 546 22 28 112 137 751
internal_value=5.42227e-05 -0.0609691 -0.00787169 0.000293458 0.0110785 -0.000145046 0.0450214 0.00297067 -0.000255562 -0.000190609 -0.00816163 0.0089885 0.0699129 0.000365794 0.00629379 -0.000324026 0.0489629 0.00396726 0.0249227 0.000667591 0.036074 -2.78759e-05 -0.0077395 -0.00601476 -0.0202494 0.0104554 -0.00550975 0.000504755 -0.0167778 0.0163854
internal_weight=29961 117 92 29844 1166 28678 70 49 28608 28583 1865 1126 40 26718 2785 23933 144 2641 276 20778 124 19333 1873 1823 579 1104 299 277 165 805
internal_count=29961 117 92 29844 1166 28678 70 49 28608 28583 1865 1126 40 26718 2785 23933 144 2641 276 20778 124 19333 1873 1823 579 1104 299 277 165 805
is_linear=0
shrinkage=0.05


Tree=101
num_leaves=31
num_cat=0
split_feature=38 66 123 81 11 119 46 86 39 85 4 141 254 229 89 127 5 71 181 228 146 67 83 161 183 208 214 236 210 14
split_gain=114.516 533.591 206.653 100.66 63.104 44.037 71.4771 57.945 47.2954 44.6874 39.9463 39.6815 48.7192 49.3321 47.4451 43.2935 38.7347 37.3072 36.4292 36.0837 56.7255 43.1097 40.1637 36.3074 39.953 35.6923 35.6567 35.0907 39.4151 37.7552
threshold=-11.54326820373535 -9.5318999290466291 -7.9027452468872061 -0.56085035204887379 1.3610935211181643 0.46450021862983709 -5.4887676239013663 3.5165048837661748 -7.5318298339843741 -0.33558823168277735 6.5051205158233651 -0.28196157515048975 -4.5634956359863272 -5.9829411506652823 2.8557324409484868 -1.5427731275558469 5.2274560928344735 -1.7292197346687315 -0.59623995423316944 1.2061111330986025 2.9571764469146733 1.7904481887817385 0.70941752195358287 3.2810682058334355 0.930098056793213 -6.1707293987274161 2.8845549821853642 -2.024051189422607 -4.0153801441192618 -3.2459552288055415
decision_type=2 2 2 2 2 2 2 2 2 2 2 2 2 2 2 2 2 2 2 2 2 2 2 2 2 2 2 2 2 2
left_child=1 -1 -3 4 -4 7 8 16 -7 -9 11 12 15 -14 25 -8 19 -11 -17 23 21 -21 -22 -2 -25 -15 -16 -13 -29 -30
right_child=5 2 3 -5 -6 6 10 9 -10 17 -12 27 13 14 26 18 -18 -19 -20 20 22 -23 -24 24 -26 -27 -28 28 29 -31
leaf_value=-0.26516829780910328 -0.00082350607587002857 0.14619326449930667 -0.045577093930198598 -0.11656976491212845 0.06948198374699463 -0.0094282047823071487 -0.010102362238252775 -0.088139128369157729 -0.099284546242819904 0.025721871856923983 0.041018628438313803 -0.010687440081554301 -0.068210946874959141 0.071604307847363616 0.026724599699418136 0.034299260747532562 0.044956901923139045 -0.022792810894600998 0.094445009433719168 0.0088568047735199645 -0.048191924490358522 0.046213094414357683 -0.0010571050564296375 -0.014155043559995565 -0.088166855469993921 0.0059190519486150145 0.10528255805373193 0.059498097592093541 0.042506440602621792 0.0021546362471860886
leaf_weight=23 22242 20 26 25 22 32 39 23 27 46 75 510 21 21 52 97 47 286 34 1111 69 83 131 88 23 1363 20 31 59 3315
leaf_count=23 22242 20 26 25 22 32 39 23 27 46 75 510 21 21 52 97 47 286 34 1111 69 83 131 88 23 1363 20 31 59 3315
internal_value=5.15116e-05 -0.0495315 0.00379807 -0.0352143 0.00715832 0.000244228 0.00419887 -0.00068855 -0.0505489 -0.0207401 0.00477189 0.00428313 0.0107944 0.00787695 0.00897437 0.0361422 -0.000389386 -0.0160709 0.0499096 -0.000479135 0.00732559 0.0114536 -0.0173186 -0.000965862 -0.0294908 0.00691572 0.0485463 0.00154389 0.0033759 0.00286025
internal_weight=29961 116 93 73 48 29845 5696 24149 59 355 5637 5562 1647 1477 1456 170 23794 332 131 23747 1394 1194 200 22353 111 1384 72 3915 3405 3374
internal_count=29961 116 93 73 48 29845 5696 24149 59 355 5637 5562 1647 1477 1456 170 23794 332 131 23747 1394 1194 200 22353 111 1384 72 3915 3405 3374
is_linear=0
shrinkage=0.05


Tree=102
num_leaves=31
num_cat=0
split_feature=24 185 161 289 129 268 257 124 109 4 13 133 285 154 96 91 122 221 297 58 57 32 24 250 125 292 200 96 213 18
split_gain=152.294 425.662 63.4952 49.7037 58.9069 58.453 58.9769 58.4503 48.0401 81.8088 47.8923 42.7212 42.5476 45.7936 56.9529 53.5158 50.5013 45.3301 45.8746 47.0458 43.6803 55.3785 46.4959 44.7347 43.2567 41.5823 41.3231 43.2955 41.2744 41.8278
threshold=-7.9436926841735831 -17.961175918579098 -4.6587316989898673 3.9071147441864018 -0.99990195035934437 1.938202500343323 0.44852016866207128 -2.8587783575057979 -13.477567195892332 2.1091177463531499 -2.0269607305526729 -1.3871347308158872 -10.864256858825682 2.0248252153396611 -3.6830227375030513 -0.46193701028823847 -2.8120331764221187 -9.3068652153015119 -10.821189403533934 -2.2532352209091182 -0.59856730699539173 7.5428757667541513 -5.6910293102264395 -10.260532855987547 -6.4853386878967276 -9.8134007453918439 -2.6379224061965938 0.33901959657669073 -10.839804172515867 -3.4754393100738521
decision_type=2 2 2 2 2 2 2 2 2 2 2 2 2 2 2 2 2 2 2 2 2 2 2 2 2 2 2 2 2 2
left_child=1 -1 -3 8 5 6 -5 -6 9 10 -2 -9 17 20 -15 26 -17 18 -10 -20 21 22 -14 25 -25 -22 27 -16 -19 -30
right_child=3 2 -4 4 7 -7 -8 11 12 -11 -12 -13 13 14 15 16 -18 28 19 -21 23 -23 -24 24 -26 -27 -28 -29 29 -31
leaf_value=-0.23983511352539064 -0.035796722031331489 0.01472255058793558 -0.085982902087271218 0.025563954151584769 -0.069242607813677748 0.016270705866507997 0.13922467374801636 -0.051868635146268487 -0.0052183433582908235 0.12677544046193362 0.065507948668673641 0.0096034931000225886 0.037475727130840353 -0.081950271412730216 0.0099442154914140702 -0.043283637163831906 -0.0070342695462764339 -0.066913184949329921 -0.0035647808773709199 0.061843998709486592 0.0058423214632531868 0.078132181275974627 -0.0014930296295499971 -0.0656015016462492 0.0030372521783177224 0.10199369058351626 0.0066768030838404331 0.1139820813573897 0.039990155398845678 -0.018957845822419273
leaf_weight=25 28 72 20 21 25 78 25 29 1178 20 20 1113 77 25 20 102 1656 42 56 54 23 22 12976 23 11434 22 218 20 32 505
leaf_count=25 28 72 20 21 25 78 25 29 1178 20 20 1113 77 25 20 102 1656 42 56 54 23 22 12976 23 11434 22 218 20 32 505
internal_value=4.8936e-05 -0.0568847 -0.00716994 0.000272138 0.00986832 0.0426337 0.0873361 0.00638683 -0.000161746 0.0418141 0.00641356 0.00804247 -0.000261951 0.000249829 -0.00694678 -0.00601667 -0.00913748 -0.00755846 -0.00233483 0.028545 0.000847472 -0.00112956 -0.00126315 0.00309488 0.00289946 0.0528497 0.0152483 0.0619631 -0.0191786 -0.0154451
internal_weight=29961 117 92 29844 1291 124 46 1167 28553 68 48 1142 28485 26618 2041 2016 1758 1867 1288 110 24577 13075 13053 11502 11457 45 258 40 579 537
internal_count=29961 117 92 29844 1291 124 46 1167 28553 68 48 1142 28485 26618 2041 2016 1758 1867 1288 110 24577 13075 13053 11502 11457 45 258 40 579 537
is_linear=0
shrinkage=0.05


Tree=103
num_leaves=31
num_cat=0
split_feature=41 187 89 39 289 111 46 44 298 296 130 259 28 67 8 218 280 152 147 8 31 13 8 9 83 294 55 247 15 161
split_gain=139.283 609.875 67.8365 59.3194 45.035 51.7991 49.5145 46.7711 46.5798 63.4215 55.1673 54.63 58.1464 41.603 40.6891 40.2825 39.8196 67.0166 59.9791 42.3766 58.3292 43.9742 41.3226 48.8063 39.7592 61.188 47.4577 75.4766 51.8595 50.1889
threshold=-12.035835266113279 -18.040490150451657 -8.8283987045288068 -11.638302803039549 4.1510040760040292 -1.1181662678718565 -0.03566762059926986 -2.2346905469894405 3.4403957128524785 4.4347016811370858 -2.3674212694168086 1.2126225233078005 1.0740000009536745 12.797124385833742 2.4545098543167119 -1.1716470718383787 -11.219888687133787 -1.846613824367523 -3.4443136453628536 -3.2696077823638912 -2.0666947364807124 -1.9042758941650388 1.5772287249565127 -2.3695293664932247 -0.14494807273149488 4.2065706253051767 -0.24145609885454175 -8.8804693222045881 2.5832353830337529 -4.1008481979370108
decision_type=2 2 2 2 2 2 2 2 2 2 2 2 2 2 2 2 2 2 2 2 2 2 2 2 2 2 2 2 2 2
left_child=1 -1 14 -2 8 6 -6 -7 9 13 -10 12 -11 16 -3 -9 17 19 -19 20 21 -5 -21 -24 25 26 -18 -28 29 -29
right_child=3 2 -4 4 5 7 -8 15 10 11 -12 -13 -14 -15 -16 -17 24 18 -20 22 -22 -23 23 -25 -26 -27 27 28 -30 -31
leaf_value=-0.29157680164683952 0.075743983342097365 0.0042480014051709857 -0.053921195232506963 0.025144204733575266 0.10194881966915624 -0.056480248817907912 0.012396631621275888 -0.052505322316518201 -0.084008096986346772 0.020447805816573756 -0.010816348169254482 0.0040269379293726339 0.12146392033017915 0.045961650719448015 0.093648796975612639 0.010495044118388355 -0.00020541985836316362 -0.11369986376166344 -0.02510465280969202 -0.010380375645063222 -0.024038794755728711 0.11277078189463779 0.070090660150162881 0.0033180633628809896 -0.0025470333940485791 0.063425579667091378 0.05586673266267124 -0.013133823231916237 0.038991180503809897 0.0053626744146669826
leaf_weight=22 26 35 33 41 29 28 33 26 27 28 554 62 29 49 20 1052 12380 25 81 1315 36 22 32 189 8205 40 73 396 108 4965
leaf_count=22 26 35 33 41 29 28 33 26 27 28 554 62 29 49 20 1052 12380 25 81 1315 36 22 32 189 8205 40 73 396 108 4965
internal_value=4.64892e-05 -0.056113 0.00275292 0.000253435 0.000187626 0.00981148 0.0542839 0.00731845 -0.000204622 8.5362e-05 -0.0142177 0.0365098 0.071842 -6.96798e-05 0.0367574 0.00897555 -0.0001505 -0.00747253 -0.0459997 -0.00497474 0.0267321 0.055744 -0.00701835 0.0129865 0.000336665 0.00165393 0.00151606 0.0053616 0.00468746 0.0039964
internal_weight=29961 110 88 29851 29825 1168 62 1106 28657 28076 581 119 57 27957 55 1078 27908 1741 106 1635 99 63 1536 221 26167 17962 17922 5542 5469 5361
internal_count=29961 110 88 29851 29825 1168 62 1106 28657 28076 581 119 57 27957 55 1078 27908 1741 106 1635 99 63 1536 221 26167 17962 17922 5542 5469 5361
is_linear=0
shrinkage=0.05


Tree=104
num_leaves=31
num_cat=0
split_feature=41 187 48 91 85 8 165 275 119 4 10 51 48 80 105 135 78 82 170 182 91 76 242 158 195 251 121 217 290 78
split_gain=125.703 550.412 70.1456 84.7721 61.5163 55.4827 43.4563 69.9734 49.983 42.7135 41.012 49.637 39.3627 51.5592 48.3024 59.9795 42.9288 38.4467 57.6313 54.47 45.0778 43.2111 49.4969 48.156 46.7357 45.6494 42.638 39.9696 56.3488 56.8095
threshold=-12.035835266113279 -18.040490150451657 -10.015318870544432 -13.92011785507202 -4.5471274852752677 3.0931372642517094 -4.9829101562499991 -1.496470510959625 -7.8549644947051993 6.5051205158233651 -2.9533537626266475 0.085600040853023543 -0.55753993988037098 -0.29507541656494135 -2.3891156911849971 -7.449277162551879 0.90965473651885997 -1.9594002366065977 -0.55516910552978505 -3.2913962602615352 -3.4025292396545406 -1.581696033477783 -9.2639679908752424 -3.7791174650192256 -1.6217803955078123 -0.80974996089935292 -4.7336275577545157 -2.1870107650756831 -0.74209144711494435 1.4885947704315188
decision_type=2 2 2 2 2 2 2 2 2 2 2 2 2 2 2 2 2 2 2 2 2 2 2 2 2 2 2 2 2 2
left_child=1 -1 3 -2 5 -3 7 10 -8 17 11 -4 14 -14 -12 -16 -17 18 21 -19 -21 23 -23 25 -25 -10 -20 28 -22 -30
right_child=2 4 6 -5 -6 -7 8 -9 9 -11 12 -13 13 -15 15 16 -18 19 26 20 27 22 -24 24 -26 -27 -28 -29 29 -31
leaf_value=-0.27699796503240409 0.13272712013938212 -0.0030510212099829387 -0.013554475048938431 -0.0060762925581498584 -0.063747456789016721 0.097751184403896338 0.046031563521408643 -0.052042712142261173 0.0047240890254451259 0.036106185913085939 -0.00110369120614127 -0.078183479234576234 0.022783326326929823 -0.024181030647931239 -0.087074677021272723 -0.0098925235411937706 -0.079138495978744089 -0.0074908639583736655 -0.038888980831418722 0.016280499744797106 -0.0020230734605365922 0.086174429096281535 0.0071118057169711471 -0.0025006608032210023 -0.021868677783189693 0.056589513576843525 0.017333221329110009 0.0016104521686478386 -0.013827775356199857 -0.067215896567754577
leaf_weight=22 22 43 415 22 25 20 61 78 1185 85 2042 32 293 73 31 332 24 2430 35 441 4388 20 1940 1863 374 44 924 12244 396 57
leaf_count=22 22 43 415 22 25 20 61 78 1185 85 2042 32 293 73 31 332 24 2430 35 441 4388 20 1940 1863 374 44 924 12244 396 57
internal_value=4.41647e-05 -0.0533074 0.000240764 0.0633254 0.00261527 0.0289497 0.00014764 -0.00524479 0.000823552 0.000719197 -0.00411887 -0.0181812 -0.00186991 0.0134161 -0.0041732 -0.0203694 -0.0145608 0.000605006 0.00398207 -0.0004755 0.000497188 0.00198503 0.00791857 -0.00137035 -0.00573876 0.00658095 0.0152813 8.97878e-05 -0.00375632 -0.0205455
internal_weight=29961 110 29851 44 88 63 29807 3320 26487 26426 3242 447 2795 366 2429 387 356 26341 6385 19956 17526 5426 1960 3466 2237 1229 959 17085 4841 453
internal_count=29961 110 29851 44 88 63 29807 3320 26487 26426 3242 447 2795 366 2429 387 356 26341 6385 19956 17526 5426 1960 3466 2237 1229 959 17085 4841 453
is_linear=0
shrinkage=0.05


Tree=105
num_leaves=31
num_cat=0
split_feature=119 3 31 245 45 8 10 46 28 11 100 27 23 100 285 118 57 100 3 141 105 297 207 15 4 107 13 60 56 0
split_gain=51.8507 108.477 89.5682 145.276 82.4848 214.863 50.2985 47.3531 50.6417 77.3296 49.5734 42.2047 40.702 51.8308 39.9897 73.8072 40.6619 52.083 60.4472 45.7428 41.5012 36.0342 58.9967 36.0245 35.4096 39.7386 35.1388 45.3045 51.0789 44.4537
threshold=0.49927535653114324 5.6863915920257577 -11.46843099594116 -23.614586830139157 -10.793982505798338 0.27692966163158422 6.8970587253570566 -4.1164672374725333 -4.4085681438446036 3.5199488401412968 -6.2509472370147696 -3.4092648029327388 7.0823831558227548 14.837882041931154 -31.024736404418942 -11.454705715179442 -4.0967893600463858 -1.9944330453872678 2.9409811496734624 -2.469607830047607 -1.2911372780799864 -10.821189403533934 -5.5053155422210684 1.2671972513198855 -3.0507792234420772 2.7306592464447026 -1.9804220795631406 -3.2492455244064327 1.1602721810340884 -3.5830308198928829
decision_type=2 2 2 2 2 2 2 2 2 2 2 2 2 2 2 2 2 2 2 2 2 2 2 2 2 2 2 2 2 2
left_child=1 2 3 -1 5 -4 14 10 9 23 -2 -11 21 -14 15 -6 17 18 19 20 -16 -10 -23 -9 25 -24 29 28 -28 -18
right_child=7 -3 4 -5 6 -7 -8 8 12 11 -12 -13 13 -15 16 -17 26 -19 -20 -21 -22 22 24 -25 -26 -27 27 -29 -30 -31
leaf_value=0.15550538698832195 0.022875763926395152 -0.08414885753240342 0.039986654246846838 0.0037544742874477221 0.11473637081327892 -0.18900429083034398 -0.067711999586650307 0.026794210647883482 -0.037674230040640251 0.13958795646374875 -0.040280598135931156 0.039230728968977932 0.00035799633372913712 -0.087642443621600119 -0.007714583176687927 -0.014913494690604831 0.036091628317105572 -0.028837458939550628 0.054545263804140542 0.028341611200708085 -0.068358142584851331 0.053114905270922469 0.011315403178513768 -0.04751828327065423 0.0041638265434219774 0.071482120854098621 0.0080247445107145873 -0.00019838921651715798 0.069328121968678075 -0.0079828003214026302
leaf_weight=24 43 39 21 46 21 20 28 73 49 22 112 20 44 27 1038 23 59 266 42 87 29 64 83 21 5044 41 1165 19398 35 1886
leaf_count=24 43 39 21 46 21 20 28 73 49 22 112 20 44 27 1038 23 59 266 42 87 29 64 83 21 5044 41 1165 19398 35 1886
internal_value=0.00017779 -0.000827601 -0.000693256 0.0557834 -0.000857174 -0.0717162 -0.00073651 0.00449422 0.00526397 0.0353944 -0.0227598 0.0917988 0.00449832 -0.033107 -0.000658531 0.0469649 -0.000745822 -0.00882645 -0.00437584 -0.00652028 -0.00936281 0.0050039 0.0054036 0.0101925 0.00481275 0.0312092 -0.000221763 0.000384841 0.00981276 -0.00664584
internal_weight=29870 24227 24188 70 24118 41 24077 5643 5488 136 155 42 5352 71 24049 44 24005 1462 1196 1154 1067 5281 5232 94 5168 124 22543 20598 1200 1945
internal_count=29870 24227 24188 70 24118 41 24077 5643 5488 136 155 42 5352 71 24049 44 24005 1462 1196 1154 1067 5281 5232 94 5168 124 22543 20598 1200 1945
is_linear=0
shrinkage=0.05


Tree=106
num_leaves=31
num_cat=0
split_feature=186 3 19 31 245 32 83 153 266 244 127 13 116 57 285 100 3 55 141 70 0 0 219 293 160 199 125 32 44 62
split_gain=66.4276 99.318 260.1 64.9556 147.046 87.5776 47.6954 53.8655 53.0534 54.0237 42.1094 50.2844 38.8989 38.2491 62.3805 50.8073 66.9855 37.0472 45.0464 43.1632 38.0748 35.2878 34.8813 55.6659 36.5741 34.0926 36.3289 34.0617 41.9116 40.4897
threshold=0.3078534752130509 5.6863915920257577 -1.2384088635444639 -11.46843099594116 -23.614586830139157 -11.272320270538328 2.9414691925048833 -2.538529515266418 4.7522354125976571 3.4187520742416386 -2.4751560688018794 -2.4663593769073482 1.9166849851608279 -4.0967893600463858 -31.024736404418942 -1.9944330453872678 3.2558919191360478 2.2993136644363408 4.555424928665162 0.09359952807426454 2.9113181829452519 -2.6953266859054561 4.1427452564239511 4.7606945037841806 5.6213040351867685 -2.6993137598037715 -0.73695179820060719 -2.3570404052734371 -8.4499998092651349 -1.2933333516120908
decision_type=2 2 2 2 2 2 2 2 2 2 2 2 2 2 2 2 2 2 2 2 2 2 2 2 2 2 2 2 2 2
left_child=1 3 -3 4 -1 -5 8 -8 13 -10 25 12 -12 14 -7 16 -16 18 20 -19 -9 -13 23 24 27 -2 -27 28 -15 -29
right_child=10 2 -4 5 -6 6 7 17 9 -11 11 21 -14 22 15 -17 -18 19 -20 -21 -22 -23 -24 -25 -26 26 -28 29 -30 -31
leaf_value=0.14773012797037763 0.066823483211919665 -0.21170311540365222 0.015535799720708064 -0.10294600867089772 -0.0038479184110959373 0.058655794929055607 0.040658183302730327 -0.012489309280954779 0.078515365648837321 -0.015522743637363116 -0.031960949339684408 0.02867379738662228 0.017934441107970017 -0.06738053321838379 -0.0075743939951314343 -0.030282221604434275 0.064649809772769615 -0.098013304586389238 0.05756377313624729 -0.026639756688783912 -0.083156101685017358 0.0047007245041832731 0.02597156168194488 -0.062328861819373242 -0.057213338890245984 0.00052998179861899928 0.048596484144412297 -0.004115586406484086 0.005229650341829005 0.00077920600007629461
leaf_weight=24 43 20 34 21 48 34 41 406 42 24 157 159 52 20 1182 252 33 28 22 87 20 4440 128 36 28 114 60 6287 3147 12881
leaf_count=24 43 20 34 21 48 34 41 406 42 24 157 159 52 20 1182 252 33 28 22 87 20 4440 128 36 28 114 60 6287 3147 12881
internal_value=0.000168901 -0.000891512 -0.0686268 -0.000743971 0.0466781 -0.000882099 -0.000795317 -0.0146729 -0.000447427 0.0443197 0.00541188 0.00443949 -0.0195468 -0.000570393 -0.00829868 -0.00985045 -0.00561275 -0.0187023 -0.012204 -0.0440177 -0.015807 0.00552954 -5.54487e-05 -0.000204181 -0.000104173 0.0269568 0.0171046 -3.25785e-05 0.00477111 -0.000826259
internal_weight=29870 24845 54 24791 72 24719 24698 604 24094 66 5025 4808 209 24028 1501 1467 1215 563 448 115 426 4599 22527 22399 22363 217 174 22335 3167 19168
internal_count=29870 24845 54 24791 72 24719 24698 604 24094 66 5025 4808 209 24028 1501 1467 1215 563 448 115 426 4599 22527 22399 22363 217 174 22335 3167 19168
is_linear=0
shrinkage=0.05


Tree=107
num_leaves=31
num_cat=0
split_feature=129 7 81 170 228 139 12 8 23 15 242 298 259 6 32 57 91 33 272 143 266 35 54 108 38 26 264 214 112 65
split_gain=48.8477 452.514 83.7179 81.8465 76.147 64.7783 46.3884 49.6941 51.467 63.9943 57.7311 53.7045 79.7393 45.7459 48.1162 54.4392 58.8674 58.4696 48.489 61.5811 60.0639 46.0082 45.2798 43.4715 40.9801 70.6331 40.5572 40.096 39.9027 39.341
threshold=-13.43438673019409 0.5752941668033601 -11.042548656463621 -17.527571678161618 -23.247182846069332 -14.138019084930418 1.561643719673157 -3.7596907615661617 5.8939280509948739 4.6369140148162851 -2.7853268384933467 -3.1067117452621456 -0.82916226983070362 -1.072726249694824 -2.3570404052734371 -0.57082873582839955 5.7492487430572519 6.3461763858795175 2.6359746456146245 -0.41309803724288935 -5.6442158222198477 -5.1396877765655509 3.9963562488555913 4.228431463241578 -3.3734213113784786 -0.91143661737442005 -4.642369031906127 -6.0863022804260245 -1.4818954467773435 -3.2223702669143672
decision_type=2 2 2 2 2 2 2 2 2 2 2 2 2 2 2 2 2 2 2 2 2 2 2 2 2 2 2 2 2 2
left_child=1 4 3 -2 -1 -4 13 -8 9 10 -9 12 26 -7 -15 16 17 21 19 -17 28 -16 -10 -23 -11 -26 -12 -13 -21 -29
right_child=2 -3 5 -5 -6 6 7 8 22 24 11 27 -14 14 15 18 -18 -19 -20 20 -22 23 -24 -25 25 -27 -28 29 -30 -31
leaf_value=0.096402279535929364 0.14172517776489257 -0.22046368630975485 -0.080285659790039071 0.018349894081673972 -0.0078124463242980162 -0.0050427902936218717 0.0488697206057035 -0.0040980698526196322 -0.00017528062516992743 -0.0055748821080972757 0.04868293978171806 0.076159085098188375 0.077566414078319212 0.0062548831161281255 -0.027782003366373445 0.00479319538252435 -0.071960121200930691 0.051529994911077071 0.013210712631980143 -0.1043009918521751 -0.0029999098903677555 -0.00253246686619995 -0.067804566489325632 -0.06384738262357384 0.12925591251254084 0.03152980297331659 0.0059514268490100473 -0.035161830838453971 -0.025026098713932333 0.0064037971680604476
leaf_weight=24 20 25 25 41 65 4574 65 1243 55 36 73 20 64 3074 187 4663 31 49 910 22 3390 9076 45 29 25 71 232 59 57 1620
leaf_count=24 20 25 25 41 65 4574 65 1243 55 36 73 20 64 3074 187 4663 31 49 910 22 3390 9076 45 29 25 71 232 59 57 1620
internal_value=0.000160456 -0.0325065 0.000285608 0.0588008 0.0202904 0.000165405 0.000233194 0.00554676 0.00475196 0.00577898 0.00441792 0.00953657 0.0268261 -0.000502412 0.000464066 -0.000502642 -0.00317299 -0.00294471 0.00226516 0.00104032 -0.00400427 -0.00323197 -0.0306085 -0.00272776 0.0399191 0.0569793 0.016179 0.00578151 -0.0471027 0.00494318
internal_weight=29870 114 29756 61 89 29695 29670 3608 3543 3443 3311 2068 369 26062 21488 18414 9372 9341 9042 8132 3469 9292 100 9105 132 96 305 1699 79 1679
internal_count=29870 114 29756 61 89 29695 29670 3608 3543 3443 3311 2068 369 26062 21488 18414 9372 9341 9042 8132 3469 9292 100 9105 132 96 305 1699 79 1679
is_linear=0
shrinkage=0.05


Tree=108
num_leaves=31
num_cat=0
split_feature=186 3 19 31 183 32 83 153 266 233 127 13 139 81 4 289 123 9 55 141 70 0 57 273 100 3 48 0 5 9
split_gain=57.2778 89.3398 234.253 55.4341 131.767 77.331 43.1499 48.5311 47.1999 41.4918 38.252 44.8871 36.7871 37.573 36.729 41.2088 38.9205 35.8664 33.0703 40.2314 38.4663 33.7165 32.9914 58.7141 46.5558 38.8815 33.6822 32.605 33.6602 33.4225
threshold=0.3078534752130509 5.6863915920257577 -1.2384088635444639 -11.46843099594116 -18.411271095275875 -11.272320270538328 2.9414691925048833 -2.538529515266418 4.7522354125976571 1.8625097274780276 -2.4751560688018794 -2.4663593769073482 -0.9685346484184264 -0.56085035204887379 -2.490253090858459 -2.8825490474700923 -2.2229901552200313 -0.69894120097160328 2.2993136644363408 4.555424928665162 0.09359952807426454 2.9113181829452519 -4.0967893600463858 -28.81479454040527 -1.9486492276191709 3.5123529434204106 -2.0038672685623165 0.18107798695564273 1.2670751810073855 -4.619504213333129
decision_type=2 2 2 2 2 2 2 2 2 2 2 2 2 2 2 2 2 2 2 2 2 2 2 2 2 2 2 2 2 2
left_child=1 3 -3 4 -1 -5 8 -8 22 -10 14 12 13 -12 -2 16 -16 -14 19 21 -20 -9 23 -7 25 26 27 28 29 -25
right_child=10 2 -4 5 -6 6 7 18 9 -11 11 -13 17 -15 15 -17 -18 -19 20 -21 -22 -23 -24 24 -26 -27 -28 -29 -30 -31
leaf_value=0.14508843855424361 0.08388876791965838 -0.20085634075105194 0.014796592689612332 -0.096727402153469269 -0.0017512600421905518 0.056299591064453126 0.03858181324992585 -0.011906136013614043 0.092587135970592496 0.010860986789552177 -0.015383784280254923 0.0051240619974282546 -0.037291003202473548 -0.099028012068942184 0.018809281092072871 0.0044553177044267802 0.10700224371076646 0.012411694872893932 -0.092654031777055945 0.054310514396903188 -0.025275641479850588 -0.078405581284314407 -4.5208700942082268e-05 -0.070724598056561241 -0.029169188315415234 0.056466469347476955 0.010388676909003724 -0.0013574999395585012 0.011030493707085649 -0.020913991946602862
leaf_weight=22 24 20 34 21 50 35 41 406 25 41 29 4599 58 25 29 142 22 97 28 22 87 20 22527 37 244 25 236 474 75 375
leaf_count=22 24 20 34 21 50 35 41 406 25 41 29 4599 58 25 29 142 22 97 28 22 87 20 22527 37 244 25 236 474 75 375
internal_value=0.000152433 -0.000832245 -0.0650749 -0.000692311 0.0431164 -0.000819914 -0.000738367 -0.0139381 -0.000407469 0.0418179 0.00502095 0.00409417 -0.0185683 -0.054108 0.0255553 0.0183014 0.0568533 -0.00618673 -0.0177628 -0.0116232 -0.0416808 -0.0150282 -0.000523454 -0.00770095 -0.00922893 -0.00524741 -0.00653634 -0.0106927 -0.0197788 -0.0253873
internal_weight=29870 24845 54 24791 72 24719 24698 604 24094 66 5025 4808 209 54 217 193 51 155 563 448 115 426 24028 1501 1466 1222 1197 961 487 412
internal_count=29870 24845 54 24791 72 24719 24698 604 24094 66 5025 4808 209 54 217 193 51 155 563 448 115 426 24028 1501 1466 1222 1197 961 487 412
is_linear=0
shrinkage=0.05


Tree=109
num_leaves=31
num_cat=0
split_feature=186 63 3 23 31 245 45 8 143 196 57 296 16 162 27 260 219 238 266 3 198 5 110 141 291 105 112 238 160 287
split_gain=51.6932 85.9576 44.8055 125.612 49.9209 121.834 71.6268 174.45 38.5278 58.7348 45.6359 57.6415 73.4704 51.6108 50.4258 44.7712 43.5754 43.8017 41.3814 40.5737 40.2967 38.5167 37.5716 43.0879 36.281 35.3484 76.3659 56.3327 48.5819 50.9871
threshold=0.3078534752130509 7.0440998077392587 5.6863915920257577 -3.2188235521316524 -11.46843099594116 -23.614586830139157 -10.793982505798338 0.51155772805213939 0.029154147952795032 -6.0733416080474845 -0.65524509549140919 -9.2286376953124982 2.7207843065261845 -7.7096412181854239 -9.4339551925659162 -2.3870098590850826 4.1427452564239511 -7.9841177463531485 -5.7257633209228507 4.2142972946167001 -4.516185760498046 -1.7655119895935056 -3.0143790245056148 -1.2548521161079405 4.396470546722413 -0.93294116854667652 -6.0728104114532462 1.8824753761291506 -3.6101524829864498 3.8899954557418828
decision_type=2 2 2 2 2 2 2 2 2 2 2 2 2 2 2 2 2 2 2 2 2 2 2 2 2 2 2 2 2 2
left_child=1 2 4 -4 5 -1 7 -6 10 -10 14 12 -12 -13 -8 -11 17 -15 -17 25 -20 -22 23 -23 -19 27 -27 -16 -28 -30
right_child=-2 -3 3 -5 6 -7 8 -9 9 15 11 13 -14 16 19 18 -18 24 20 -21 21 22 -24 -25 -26 26 28 -29 29 -31
leaf_value=0.13294281959533691 0.0047699057130671267 -0.10190640631176176 -0.14043003632908777 0.023983940023642319 0.028703062592641167 -0.00503050833940506 0.072350835994533874 -0.17320858139544726 0.050288492968926825 -0.014034749456218579 -0.023683167957229381 -0.064822857909732398 0.053577013401424178 0.046354323234714445 -0.00068250969982925789 -0.070865143835544583 0.057144371171792357 0.0040017787825913139 0.059939382454523675 0.044611235170010873 -0.021080792151592875 0.092009396510927585 -0.0017700008444066523 0.0039118203055113557 -0.060302034562284307 -0.097598136248795889 -0.023243057980305619 0.062871673532894676 -0.0028498294533756971 -0.079318500106984935
leaf_weight=24 5025 21 21 26 23 48 23 20 48 1113 324 27 34 61 9162 22 39 7471 26 47 259 23 3102 35 22 23 360 35 2384 22
leaf_count=24 5025 21 21 26 23 48 23 20 48 1113 324 27 34 61 9162 22 39 7471 26 47 259 23 3102 35 22 23 360 35 2384 22
internal_value=0.000144811 -0.000790632 -0.000705093 -0.0494776 -0.000612575 0.0409606 -0.000733736 -0.0652093 -0.000621318 -0.0047331 0.000328533 0.00326209 -0.0163456 0.00418329 -0.00161273 -0.00530974 0.00442867 0.00415651 -0.00250878 -0.00175411 -0.00207225 -0.00254383 -0.0010245 0.0388471 0.00381298 -0.00193592 -0.00686671 -0.000440649 -0.00611226 -0.00354904
internal_weight=29870 24845 24824 47 24777 72 24705 43 24662 4628 20034 7978 358 7620 12056 4580 7593 7554 3467 12033 3445 3419 3160 58 7493 11986 2789 9197 2766 2406
internal_count=29870 24845 24824 47 24777 72 24705 43 24662 4628 20034 7978 358 7620 12056 4580 7593 7554 3467 12033 3445 3419 3160 58 7493 11986 2789 9197 2766 2406
is_linear=0
shrinkage=0.05


Tree=110
num_leaves=31
num_cat=0
split_feature=22 297 100 2 217 218 271 146 164 12 128 88 24 297 206 162 288 52 245 46 112 137 108 228 195 80 218 100 281 296
split_gain=54.3015 219.794 166.159 469.345 38.6173 45.3109 35.1367 62.4682 56.699 52.8206 52.3736 60.3428 45.1858 50.3263 41.5687 41.5053 43.3272 53.0635 40.4209 52.6292 39.2628 45.7146 38.8995 43.3813 44.6591 36.9863 35.9387 35.0909 52.1431 61.542
threshold=-6.0102126598358145 -30.799285888671871 -13.951047420501707 2.3839018344879155 13.753276348114015 13.849978446960451 -3.7613072395324703 -2.1840691566467281 -5.6020650863647452 0.57356140017509472 -5.2810294628143302 -4.9939668178558341 -0.92966550588607777 1.7170223593711855 -6.3271479606628409 14.820392131805422 8.0303921699523944 1.9255545735359194 -0.2330648526549339 0.055098040029406554 -3.9364707469940181 -4.7405216693878165 -0.27581983804702753 0.4673179984092713 -1.4599531292915342 -4.1872253417968741 -6.6471087932586661 -7.598587989807128 -12.518799781799315 -9.2286376953124982
decision_type=2 2 2 2 2 2 2 2 2 2 2 2 2 2 2 2 2 2 2 2 2 2 2 2 2 2 2 2 2 2
left_child=1 -1 3 -2 5 6 12 8 -8 14 -11 -12 13 18 -9 16 20 -18 27 -20 -13 -22 23 -10 -25 -23 -16 -4 29 -29
right_child=2 -3 4 -5 -6 -7 7 9 22 10 11 15 -14 -15 26 -17 17 -19 19 -21 21 25 -24 24 -26 -27 -28 28 -30 -31
leaf_value=0.17852972121465774 0.029925513628757363 0.0088754417782738095 0.014861375424597 -0.27244993334724787 0.029039968407672385 -0.070142298159391978 -0.021811625489427999 0.066717216304757382 0.0094729489925178319 -0.056587172342198233 0.089370667650586086 -0.034023329389817787 -0.0060390609466493949 -0.067284195125103002 -0.054181542890993029 -0.036893990834554038 0.1107423545792699 0.019081491738557818 0.01376593792118317 0.094818918251742934 0.073646762656668821 0.072293648570775984 -0.0022305336084341362 0.067050408480195875 0.011613427669717333 0.0041445293177173222 -0.0019264677905641186 -0.011947332079863657 0.00098298401824494668 -0.087136634978754776
leaf_weight=21 33 210 387 21 115 23 163 22 2784 35 21 66 4542 27 33 60 20 75 121 24 24 20 703 68 78 4400 11280 442 4128 29
leaf_count=21 33 210 387 21 115 23 163 22 2784 35 21 66 4542 27 33 60 20 75 121 24 24 20 703 68 78 4400 11280 442 4128 29
internal_value=0.000150066 0.0242986 -3.74778e-05 -0.0876649 0.000121899 9.45298e-06 6.40513e-05 0.0012692 0.00703757 -9.4571e-05 0.00434915 0.00480429 -0.0024024 0.000799939 -0.00194537 0.0044236 0.00496194 0.0383785 0.00115821 0.0271816 0.00425805 0.00482658 0.00833193 0.0108662 0.0374334 0.0044529 -0.0020789 0.000401409 -0.000815378 -0.0165768
internal_weight=29975 231 29744 54 29690 29575 29552 19852 3796 16056 4721 4686 9700 5158 11335 4665 4605 95 5131 145 4510 4444 3633 2930 146 4420 11313 4986 4599 471
internal_count=29975 231 29744 54 29690 29575 29552 19852 3796 16056 4721 4686 9700 5158 11335 4665 4605 95 5131 145 4510 4444 3633 2930 146 4420 11313 4986 4599 471
is_linear=0
shrinkage=0.05


Tree=111
num_leaves=31
num_cat=0
split_feature=22 297 24 7 28 155 12 143 218 285 229 180 298 296 10 61 159 239 111 28 284 199 61 209 218 121 28 122 9 244
split_gain=49.0071 198.364 157.555 200.99 42.3717 91.3934 123.446 67.3164 43.0727 41.0687 40.7599 35.7962 61.9286 65.577 50.6949 56.8045 49.6642 49.1967 46.621 46.5454 46.0494 45.6109 44.3011 69.855 53.2805 45.0052 44.2109 43.3032 40.4581 43.4004
threshold=-6.0102126598358145 -30.799285888671871 -7.9436926841735831 0.5752941668033601 -10.06215715408325 -17.159362792968746 -0.86372548341751088 -7.7761411666870108 -23.261541366577145 -25.675773620605465 -19.46046161651611 -1.2529816031455991 0.22196082025766375 0.89741826057434093 0.34216256439685827 -3.4953361749649043 2.8952832221984868 3.3326247930526738 3.5167267322540288 -7.67803931236267 -1.6548707485198972 -2.4095308780670162 2.0247794389724736 -3.7234045267105098 -2.319283008575439 -4.8674182891845694 -0.038938570767641061 0.51346778869628917 -2.9509352445602413 -2.1438809633255
decision_type=2 2 2 2 2 2 2 2 2 2 2 2 2 2 2 2 2 2 2 2 2 2 2 2 2 2 2 2 2 2
left_child=1 -1 3 -2 7 6 -6 -4 -7 10 -10 12 17 16 22 -16 20 18 28 -17 -14 26 25 -24 -25 -13 -15 -20 29 -11
right_child=2 -3 4 -5 5 8 -8 -9 9 11 -12 14 13 21 15 19 -18 -19 27 -21 -22 -23 23 24 -26 -27 -28 -29 -30 -31
leaf_value=0.16960325695219494 0.0074799676171757971 0.008431666237967355 0.10912378546984301 -0.21152603719383478 0.0028905054181814199 0.061035514700001681 -0.16376918150112033 -0.0045718192060788471 -0.0078971048196156812 -0.013223701181740433 -0.073456071719929988 -0.050721273535773874 -0.045255714126171603 -0.015036176003160932 0.04983027996243658 0.081774959564208993 -0.098817761598721798 0.069409621775150296 -0.07523279113695025 0.0053290425091948842 -0.011243293916793179 -0.0067516283377220751 -0.10479154642554932 0.033352009014924987 -0.01481863990149342 0.001184927645575716 0.075795655435807005 0.0097212767538925014 0.00018941229441950399 0.0067814472620637061
leaf_weight=21 22 210 23 20 25 29 20 30 66 1137 37 42 155 21 74 20 23 25 40 4509 278 228 20 64 557 7318 37 24 14544 356
leaf_count=21 22 210 23 20 25 29 20 30 66 1137 37 42 155 21 74 20 23 25 40 4509 278 228 20 64 557 7318 37 24 14544 356
internal_value=0.000142563 0.0230836 -3.56039e-05 -0.0968086 0.000101238 2.13925e-05 -0.0711805 0.0447678 0.000129624 6.99022e-05 -0.0314474 0.00018005 -0.00132623 -0.0154498 0.00219592 0.00637662 -0.0272217 -0.000676367 -0.00078519 0.00566663 -0.0234186 0.00331926 -0.000209259 -0.0128164 -0.00985419 0.000888724 0.0429083 -0.043375 -0.000615224 -0.00845355
internal_weight=29975 231 29744 42 29702 29649 45 53 29604 29575 103 29472 16868 742 12604 4603 456 16126 16101 4529 433 286 8001 641 621 7360 58 64 16037 1493
internal_count=29975 231 29744 42 29702 29649 45 53 29604 29575 103 29472 16868 742 12604 4603 456 16126 16101 4529 433 286 8001 641 621 7360 58 64 16037 1493
is_linear=0
shrinkage=0.05


Tree=112
num_leaves=31
num_cat=0
split_feature=22 287 125 49 161 44 75 18 185 40 98 123 6 121 39 265 42 57 146 168 253 209 10 185 239 108 138 149 194 168
split_gain=45.3326 91.5312 287.354 205.386 76.2518 71.0683 56.3265 36.6267 49.5716 39.1343 45.0425 39.9276 47.6258 38.702 49.7411 49.4916 42.8045 41.6444 36.288 46.0378 48.4521 46.2213 40.0674 41.8486 41.0573 38.1668 53.3115 40.1902 38.9171 35.862
threshold=-7.219470500946044 -31.148921966552731 -13.506162166595457 -7.7950932979583731 -17.752657890319821 -6.5000729560852042 -3.307848215103149 -1.954369783401489 3.5012899637222294 1.9940818548202517 -1.5000980496406553 2.586078524589539 0.030346334911882881 -2.1185507774353023 4.191807985305787 2.0916219949722294 4.1808965206146249 -5.5718030929565421 -2.2313165664672847 -0.72735297679901112 -8.2594122886657697 4.2150254249572763 0.49176827073097235 -4.7098588943481436 6.9688236713409433 -0.27581983804702753 -0.25054691731929774 -4.8493940830230704 -1.5703921318054197 0.56279125809669506
decision_type=2 2 2 2 2 2 2 2 2 2 2 2 2 2 2 2 2 2 2 2 2 2 2 2 2 2 2 2 2 2
left_child=4 2 -2 -4 -1 -5 -6 8 9 11 -11 -3 -13 14 16 -16 -9 -15 25 21 -21 -20 23 -22 -25 26 -19 -27 -28 -10
right_child=1 7 3 5 6 -7 -8 13 29 10 -12 12 -14 17 15 -17 -18 18 19 20 22 -23 -24 24 -26 27 28 -29 -30 -31
leaf_value=0.10485449896918403 -0.2121352786109561 0.0030621804736513485 0.12572493553161621 -0.11094785502978735 -0.019798615056295266 0.00073005166547051789 0.062585973808018031 -0.0033116167496436348 0.084487983360886587 0.056034514067384106 0.0096613661783824991 -0.08571213055402041 0.0023458158926052209 -0.062540495968781987 -0.01985445732378778 -0.099378163399903685 0.046727575534997984 0.0056366969542044516 -0.0036144446011583706 0.079981012642383581 -0.069500503807582645 0.057577122795966364 0.0066737355591030001 -0.00094305615366420598 0.037093591855631936 -0.069042803471287092 0.049653729856494938 -0.0032062361387204005 0.0077306252564303584 0.020274499219052403
leaf_weight=27 21 3441 22 28 59 29 32 6999 30 72 192 28 34 26 131 23 43 2951 6845 20 22 31 2946 4845 72 24 124 679 100 79
leaf_count=27 21 3441 22 28 59 29 32 6999 30 72 192 28 34 26 131 23 43 2951 6845 20 22 31 2946 4845 72 24 124 679 100 79
internal_value=0.000135435 1.31945e-05 -0.0477426 -0.00404329 0.0310653 -0.0541293 0.00917179 0.00017368 0.00470655 0.00374469 0.0223086 0.00234564 -0.0374223 -0.000505172 -0.00362081 -0.0317314 -0.00300607 0.000694728 0.000782841 -0.000346588 0.00225592 -0.00333857 0.00205878 -0.000693942 -0.000386083 0.00508766 0.00742174 -0.00545386 0.0309381 0.0379479
internal_weight=29975 29857 100 79 118 57 91 29757 3876 3767 264 3503 62 25881 7196 154 7042 18685 18659 14781 7905 6876 7885 4939 4917 3878 3175 703 224 109
internal_count=29975 29857 100 79 118 57 91 29757 3876 3767 264 3503 62 25881 7196 154 7042 18685 18659 14781 7905 6876 7885 4939 4917 3878 3175 703 224 109
is_linear=0
shrinkage=0.05


Tree=113
num_leaves=31
num_cat=0
split_feature=22 287 125 49 111 134 44 217 45 9 197 250 13 25 16 185 18 42 0 40 204 2 123 50 75 24 10 156 23 72
split_gain=40.9127 82.6069 259.337 185.361 70.2873 69.3736 64.1391 33.1433 44.0988 33.8913 74.677 52.4117 47.3086 46.9504 46.328 44.5393 44.2957 39.7491 38.6337 37.6832 42.8794 36.3712 35.3924 38.3544 49.9322 40.8166 41.3433 35.286 35.179 35.0224
threshold=-7.219470500946044 -31.148921966552731 -13.506162166595457 -7.7950932979583731 -13.066029548645018 -8.6134996414184553 -6.5000729560852042 13.753276348114015 9.9476470947265643 -1.9102352261543272 6.2956912517547616 -23.58705902099609 -1.4493837952613828 -6.404787302017211 0.91088473796844494 -9.6868333816528303 -2.1528432369232173 -2.2404496669769283 -3.5830308198928829 1.9940818548202517 -2.2928202152252193 0.47387705743312841 2.4555943012237553 0.61277744174003612 -2.5256861448287959 2.3200490474700932 -1.557875871658325 -6.6323604583740225 1.907407343387604 2.262539386749268
decision_type=2 2 2 2 2 2 2 2 2 2 2 2 2 2 2 2 2 2 2 2 2 2 2 2 2 2 2 2 2 2
left_child=4 2 -2 -4 -1 -6 -5 8 9 10 12 -11 14 -14 22 21 19 -16 29 -13 -21 27 23 25 -25 28 -27 -15 -3 -18
right_child=1 7 3 6 5 -7 -8 -9 -10 11 -12 16 13 15 17 -17 18 -19 -20 20 -22 -23 -24 24 -26 26 -28 -29 -30 -31
leaf_value=0.092773842811584475 -0.20152853102911089 -0.011347768735438215 0.11943870674480091 -0.10540044265133995 -0.070621604980392896 0.032302043458912522 0.00069352963875079978 0.026955324981523601 -0.048332783009143593 0.069299416882651191 0.092963478565216071 0.0054978389068573823 0.065585471231203826 -0.027352358428416431 -0.084272144652075248 -0.00076721841090177556 0.029565222407209463 -0.024425520372292231 -4.9590521101134429e-05 0.060188957627700726 0.010646785476378033 0.00579575461271981 -0.073055999051956907 0.085034076623957275 0.0037587199957846706 -0.0072782799763524021 -0.099306246767250403 -0.092464619499514816 0.041472671492109925 -0.040298881232738497
leaf_weight=32 21 704 22 28 22 64 29 115 47 28 20 2177 26 81 36 4003 174 121 21675 69 119 55 21 22 134 23 26 28 33 20
leaf_count=32 21 704 22 28 22 64 29 115 47 28 20 2177 26 81 36 4003 174 121 21675 69 119 55 21 22 134 23 26 28 33 20
internal_value=0.000128663 1.25348e-05 -0.0453555 -0.00384112 0.029512 0.00597274 -0.0514228 0.000164996 6.10598e-05 0.000137914 -0.00347105 0.000931196 -0.00383406 -0.0013956 -0.0129631 -0.00181353 0.000852203 -0.0381483 0.000149229 0.00735256 0.0288298 -0.0273523 -0.00885706 -0.00742588 0.0152206 -0.0119206 -0.0561094 -0.0440784 -0.00898267 0.0223627
internal_weight=29975 29857 100 79 118 86 57 29757 29642 29595 5333 24262 5313 4193 1120 4167 24234 157 21869 2365 188 164 963 942 156 786 49 109 737 194
internal_count=29975 29857 100 79 118 86 57 29757 29642 29595 5333 24262 5313 4193 1120 4167 24234 157 21869 2365 188 164 963 942 156 786 49 109 737 194
is_linear=0
shrinkage=0.05


Tree=114
num_leaves=31
num_cat=0
split_feature=22 182 47 3 85 271 298 291 125 4 297 218 100 224 10 51 78 150 55 6 53 80 11 34 218 243 87 88 154 9
split_gain=37.4113 172.157 148.353 397.611 35.7144 36.9852 52.0853 76.8688 53.5601 43.1927 42.7982 60.856 42.5237 41.9228 41.9217 41.4461 57.4208 51.2344 41.2516 39.8997 38.1635 36.7428 49.3267 36.3548 38.2785 40.8494 35.1076 48.2217 34.7724 34.2628
threshold=-6.0102126598358145 -17.837311744689938 -9.9302783012390119 3.0905302762985234 -8.6847729682922346 -3.7613072395324703 -3.6531862020492549 0.043877992779016502 -4.8034985065460196 0.41307191550731664 -4.7415504455566397 -1.8445097804069517 -2.1573333740234371 1.0000000180025095e-35 0.35638655722141271 3.0788102149963383 -1.0929221510887144 2.2038726806640629 3.314588308334351 2.2650654315948491 -2.2895491123199458 -4.4235348701477042 0.30497764050960546 -4.2956507205963126 2.9432352781295781 -2.7391502857208248 -2.9757843017578121 -3.8749989271163936 -6.6275129318237296 -2.9509352445602413
decision_type=2 2 2 2 2 2 2 2 2 2 2 2 2 2 2 2 2 2 2 2 2 2 2 2 2 2 2 2 2 2
left_child=1 -1 3 -2 -4 15 7 21 -8 -9 11 -10 18 -11 20 17 -17 29 26 -18 -14 22 -7 -23 28 -26 -12 -28 -25 -6
right_child=2 -3 4 -5 5 6 8 9 10 13 12 -13 14 -15 -16 16 19 -19 -20 -21 -22 23 -24 24 25 -27 27 -29 -30 -31
leaf_value=0.16036764144897464 0.020240046249495616 0.0068770621060195132 0.019966167502933077 -0.25352342071987333 -0.011047962108945826 0.010166297107934952 -0.028223110641719718 0.07535443699489984 -0.010368516446429898 -0.028812799457874561 -0.0082757304821695615 -0.10639251542743296 -0.014779646512451956 0.065381447562859171 0.003380209887870635 0.093085089102387442 -0.016353857385424466 -0.039728626652442395 0.072442345321178436 0.04305651694536209 -0.0014880188572665462 -0.039775690038998925 0.095995863498403486 0.070475446184476223 -0.075134810768067842 0.010491989767895296 0.048877880178593305 0.0076204780678010807 0.0058823694927171684 -0.0015311246356021649
leaf_weight=20 36 211 225 21 1069 47 165 63 66 27 336 22 574 21 4950 25 65 94 24 50 9130 45 26 21 30 26 74 1650 2659 8203
leaf_count=20 36 211 225 21 1069 47 165 63 66 27 336 22 574 21 4950 25 65 94 24 50 9130 45 26 21 30 26 74 1650 2659 8203
internal_value=0.00012223 0.0201663 -3.34379e-05 -0.0806202 0.000121291 -3.02632e-05 0.00119242 0.0073073 0.000125352 0.0481297 0.000403345 -0.0343745 0.000586189 0.0123972 -0.000364207 -0.00259706 0.0244068 -0.0030007 0.00726906 0.00947674 -0.00227423 0.00571961 0.0407357 0.00480045 0.00553361 -0.0353795 0.00650976 0.00939139 0.00638851 -0.00262835
internal_weight=29975 231 29744 57 29687 29462 19956 2965 16991 111 16826 88 16738 48 14654 9506 140 9366 2084 115 9704 2854 73 2781 2736 56 2060 1724 2680 9272
internal_count=29975 231 29744 57 29687 29462 19956 2965 16991 111 16826 88 16738 48 14654 9506 140 9366 2084 115 9704 2854 73 2781 2736 56 2060 1724 2680 9272
is_linear=0
shrinkage=0.05


Tree=115
num_leaves=31
num_cat=0
split_feature=125 33 50 288 294 46 263 293 86 136 133 281 298 275 182 248 146 142 261 49 10 56 147 69 215 296 7 294 254 105
split_gain=106.527 536.448 64.619 87.859 62.3988 51.4588 45.4065 44.7669 44.4997 56.387 58.9539 45.6211 80.5001 60.0761 58.1413 48.6727 40.6687 51.8002 42.6807 39.7184 38.4085 36.7545 35.779 34.0897 32.4009 32.0833 31.8789 36.8319 38.3644 33.3017
threshold=-13.506162166595457 -11.789113521575926 -9.5668091773986799 -30.935287475585934 -30.813104629516598 -10.299190998077391 -13.692803859710692 9.9563817977905291 3.5165048837661748 -0.20824834704399106 1.0207183361053469 1.0648284554481509 -3.1352723836898799 5.3065860271453866 -0.88270381093025196 5.7502422332763681 2.2551957368850712 1.055467486381531 -0.98212489485740651 -0.52238953113555897 6.8970587253570566 -2.2568627595901485 4.9069283008575448 1.8245097398757937 5.7550923824310312 -0.96039214730262745 -0.75834223628044117 3.0411764383316044 1.0636274218559267 2.2799788713455205
decision_type=2 2 2 2 2 2 2 2 2 2 2 2 2 2 2 2 2 2 2 2 2 2 2 2 2 2 2 2 2 2
left_child=1 -1 3 -2 -3 -4 -5 8 11 10 21 13 14 15 -13 20 19 23 -19 26 22 -10 -7 -18 -9 -16 -14 29 -29 -28
right_child=2 4 5 6 -6 7 -8 24 9 -11 -12 12 16 -15 25 -17 17 18 -20 -21 -22 -23 -24 -25 -26 -27 27 28 -30 -31
leaf_value=-0.25327148437500002 0.13019887750799006 0.068363203321184438 -0.066448823336897223 -0.027028461406007412 -0.01879902133693943 -0.0003221387658187144 0.061928817687126304 0.078530435199322915 -0.08074086531996727 -0.0044211428685684423 -0.088930876822903376 0.014090053058388802 -0.00012866994691687031 0.082239838892763317 0.051657853262909392 0.067954405110615942 -0.015245335166334013 -0.045116300483544675 0.0049826405816487439 0.0040988386599683617 -0.052833556532859809 -0.011320322480417424 -0.037466550561097954 -0.063493184101852507 0.015944705212988505 0.12493733119685202 0.025465988654616301 0.1084796310760654 0.03187236744402485 -0.030858838635271998
leaf_weight=25 22 28 29 32 77 24910 26 23 22 865 39 111 143 22 59 26 218 45 769 1660 35 143 65 44 205 20 276 26 44 29
leaf_count=25 22 28 29 32 77 24910 26 23 22 865 39 111 143 22 59 26 218 45 769 1660 35 143 65 44 205 20 276 26 44 29
internal_value=4.68993e-05 -0.0451165 0.000243209 0.0451202 0.00444424 0.000122847 0.0128489 0.000187634 1.74644e-05 -0.00999785 -0.0336442 0.0003931 0.00578892 -0.000348507 0.037424 -0.00042108 0.00394175 -0.00401094 0.00221304 0.00787063 -0.000492162 -0.0205764 -0.000418811 -0.023348 0.0222582 0.0702096 0.0199578 0.0276175 0.0603265 0.0201105
internal_weight=30038 130 29908 80 105 29828 58 29799 29571 1069 204 28502 3444 25058 190 25036 3254 1076 814 2178 25010 165 24975 262 228 79 518 375 70 305
internal_count=30038 130 29908 80 105 29828 58 29799 29571 1069 204 28502 3444 25058 190 25036 3254 1076 814 2178 25010 165 24975 262 228 79 518 375 70 305
is_linear=0
shrinkage=0.05


Tree=116
num_leaves=31
num_cat=0
split_feature=125 32 40 298 46 3 49 276 153 11 89 37 33 1 263 0 112 130 13 15 23 104 10 71 246 224 235 2 59 281
split_gain=96.1406 534.595 66.1685 143.406 105.895 64.8004 41.9305 73.4922 44.7928 37.3093 52.0988 45.6289 43.0478 35.9399 35.9146 34.3483 50.0638 35.454 43.2064 31.8124 31.7705 46.5448 35.2815 31.6303 41.0659 43.2362 33.6967 40.4994 34.7697 32.3905
threshold=-13.506162166595457 -11.272320270538328 -12.422342777252195 -30.680462837219235 -10.299190998077391 0.2010195925831795 9.6173191070556658 13.377985000610353 15.24658250808716 -1.6175210475921629 4.3488235473632821 1.6161274313926699 2.9676218032836919 -1.2676016688346861 -14.456242084503172 -3.2784969806671138 0.96910172700881969 0.9130392074584962 -0.57528379559516896 -1.2246241569519041 -1.1920883655548093 1.7503725290298464 -6.0394289493560782 -7.5383689403533927 -7.8577139377593985 -6.124079465866088 -14.234606742858885 -0.22941172868013379 -3.9805276393890376 -9.7696747779846174
decision_type=2 2 2 2 2 2 2 2 2 2 2 2 2 2 2 2 2 2 2 2 2 2 2 2 2 2 2 2 2 2
left_child=1 -1 3 -2 -4 13 9 8 -8 10 20 -12 -13 -3 -5 16 17 18 -11 -20 21 22 -6 -22 25 26 27 -25 -28 -26
right_child=2 5 4 14 6 -7 7 -9 -10 15 11 12 -14 -15 -16 -17 -18 -19 19 -21 23 -23 -24 24 29 -27 28 -29 -30 -31
leaf_value=-0.24564791459303637 0.15701769874209451 -0.078504418283700944 -0.10276649475097657 -0.027790573324475973 -0.061042392253875734 0.058788785376609899 0.062423831018908277 0.11249619397250088 -0.012483912706375123 0.035114504762902114 0.016430336415767671 -0.12422843627631663 -0.037180762388268299 0.002050813270939721 0.040425165032231536 0.0005109262235901905 0.057411895270963187 -0.048118915813616839 -0.056663487210869792 0.0053364687393574672 0.041700626350939275 0.04996033889070458 0.0014153650597931295 -0.1019332796983097 0.046396640790947553 -0.07691433792695021 0.03343788295984268 -0.0081024717377579727 -0.02331054431487279 -0.0068636025598604392
leaf_weight=26 21 20 25 35 23 39 29 22 64 121 25 20 49 45 43 25720 61 26 25 120 32 49 1336 23 29 39 40 23 83 1825
leaf_count=26 21 20 25 35 23 39 29 22 64 121 25 20 49 45 43 25720 61 26 25 120 32 49 1336 23 29 39 40 23 83 1825
internal_value=4.45543e-05 -0.0428607 0.000231049 0.0410402 9.55156e-05 0.00783616 0.000181856 0.0303151 0.0108744 6.50561e-05 -0.00470927 -0.0414433 -0.062412 -0.0227354 0.00981554 0.000723534 0.0162144 0.00760806 0.0130551 -0.00535318 -0.00372327 0.00208452 0.000358317 -0.00762841 -0.00839394 -0.0294603 -0.0185094 -0.0550179 -0.00485577 -0.00603051
internal_weight=30038 130 29908 99 29809 104 29784 115 93 29669 3596 94 69 65 78 26073 353 292 266 145 3502 1408 1359 2094 2062 208 169 46 123 1854
internal_count=30038 130 29908 99 29809 104 29784 115 93 29669 3596 94 69 65 78 26073 353 292 266 145 3502 1408 1359 2094 2062 208 169 46 123 1854
is_linear=0
shrinkage=0.05


Tree=117
num_leaves=31
num_cat=0
split_feature=139 4 10 48 255 5 23 9 13 21 296 0 55 128 5 10 275 52 219 107 101 173 10 1 181 33 13 57 149 25
split_gain=82.7173 453.838 458.768 66.4226 53.4164 68.9715 41.3338 38.9927 69.8838 55.4731 47.5047 40.557 42.3175 42.3112 39.6101 53.0106 45.6493 41.5028 44.7914 50.8415 51.8089 41.5975 38.494 36.2766 76.435 40.8618 37.2318 64.1467 47.3103 35.8989
threshold=-14.138019084930418 1.8755863904953005 -0.48424838483333582 -10.015318870544432 -23.562543869018551 1.9594994187355044 -4.9720585346221915 -0.19437596201896665 2.7805697917938237 -1.1397657394409177 -17.500258445739743 -1.4937192797660825 3.1397712230682377 3.3776160478591923 0.38492035865783697 6.8970587253570566 13.011764526367189 -5.4924850463867179 -1.6469755768775938 -0.3761437982320785 -2.1515686511993404 -5.7214365005493155 2.9501700401306157 4.1299240589141855 -1.5600218176841734 -5.3370196819305411 -3.1474117040634151 2.0519731044769292 1.3260475993156435 0.74353882670402538
decision_type=2 2 2 2 2 2 2 2 2 2 2 2 2 2 2 2 2 2 2 2 2 2 2 2 2 2 2 2 2 2
left_child=1 3 -3 -1 5 -2 -5 8 9 22 -11 29 13 -13 15 17 -16 -9 19 -19 -21 -20 -6 25 -25 -12 27 28 -27 -10
right_child=4 2 -4 6 7 -7 -8 14 11 10 23 12 -14 -15 16 -17 -18 18 21 20 -22 -23 -24 24 -26 26 -28 -29 -30 -31
leaf_value=0.087800972802298413 0.0030470491386950017 -0.0099167489579745707 -0.34041691669928181 -0.060031815008683646 0.0028077817195202356 0.11805169352076271 0.0252933645201847 0.029394968517688143 0.023487034983312092 -0.032409310678641001 0.033991289117806398 0.01164029594702819 0.067008356894216234 -0.06474129185080528 0.0047474860985394964 -0.064409309253096583 0.076901817321777352 -0.001093310295086554 0.071876279738816357 -0.036505308031424211 -0.0079799030939104905 0.0029529770179808445 -0.030577917261557147 0.011991656670967738 -0.10287408685045583 -0.0023278215402410232 -0.0036297487943599614 -0.099185483730756321 -0.077387131512165086 0.098238077856086459
leaf_weight=28 32 21 21 22 4577 22 40 119 36 150 71 194 31 20 6062 32 22 3872 22 201 765 4438 88 30 28 131 8883 26 25 29
leaf_count=28 32 21 21 22 4577 22 40 119 36 150 71 194 31 20 6062 32 22 3872 22 201 765 4438 88 30 28 131 8883 26 25 29
internal_value=4.23266e-05 -0.0394511 -0.175167 0.0238829 0.000216644 0.0499008 -0.00498331 0.000126769 -0.00175535 -0.00227496 -0.0044981 0.0217261 0.0124108 0.00450183 0.00186178 -0.00016425 0.0050084 5.40619e-05 -0.000321456 -0.00365347 -0.0139153 0.00329296 0.002178 -0.00404273 -0.0434608 -0.00379248 -0.00408842 -0.026475 -0.0143566 0.0568375
internal_weight=30038 132 42 90 29906 54 62 29852 14319 14009 9344 310 245 214 15533 9449 6084 9417 9298 4838 966 4460 4665 9194 58 9136 9065 182 156 65
internal_count=30038 132 42 90 29906 54 62 29852 14319 14009 9344 310 245 214 15533 9449 6084 9417 9298 4838 966 4460 4665 9194 58 9136 9065 182 156 65
is_linear=0
shrinkage=0.05


Tree=118
num_leaves=31
num_cat=0
split_feature=125 32 40 298 46 3 6 111 1 10 30 35 243 11 272 201 298 299 299 297 271 207 145 298 89 297 261 52 45 15
split_gain=83.1486 457.906 59.2355 128.418 93.1231 57.2437 44.6219 35.6404 41.0818 35.1166 60.1331 58.2408 38.0926 36.7992 46.7501 55.0126 51.106 72.1393 53.3975 61.2523 52.2128 51.4089 50.2823 49.1718 45.2951 45.1911 46.5165 44.659 43.2587 41.4624
threshold=-13.506162166595457 -11.272320270538328 -12.422342777252195 -30.680462837219235 -10.299190998077391 0.2010195925831795 5.1995613574981698 -0.046490203589200967 2.996045827865601 3.9713071584701543 5.3929629325866708 -1.9519608020782468 3.6049273014068608 -1.6175210475921629 2.9298011064529423 -2.5388606786727901 0.22196082025766375 0.17443573474884036 -1.1014610528945921 -4.7415504455566397 -4.0546891689300528 4.5103361606597909 -4.6138823032379142 -1.2368116378784177 4.3488235473632821 1.6159104108810427 0.35835292935371404 1.8691176176071169 3.7335294485092168 -1.1647944450378416
decision_type=2 2 2 2 2 2 2 2 2 2 2 2 2 2 2 2 2 2 2 2 2 2 2 2 2 2 2 2 2 2
left_child=1 -1 3 -2 -4 -3 9 -8 -9 13 11 -11 -12 24 16 27 18 20 21 -20 -18 23 -21 -15 -6 -22 -27 -16 -24 -26
right_child=2 5 4 -5 6 -7 7 8 -10 10 12 -13 -14 14 15 -17 17 -19 19 22 25 -23 28 -25 29 26 -28 -29 -30 -31
leaf_value=-0.22754026559682994 0.14857549213227772 -0.021674745651678401 -0.096374450683593751 0.0092777521182329219 -0.0036099581699872299 0.054948698588384276 -0.018337108301930131 0.059672071856912229 0.0086766961102302254 -0.034694574559655265 -0.095909495719454507 0.0037265069492182033 -0.014086107343435288 0.00085394285416140643 0.092482405432632989 0.0075097521613041564 -0.072348522924714623 -0.0016577835052173535 -0.046685788442618122 0.06731752326918973 -0.02301956061311216 0.06564184537778299 0.0069896594818610854 -0.0093546556440784571 -0.10293754523154348 0.035750909356323822 -0.03133348733652383 -0.0011781621724367142 0.053924715816974646 -0.021434506717544627
leaf_weight=26 21 65 25 78 3454 39 40 80 78 136 33 359 25 16738 35 1500 45 2397 51 36 498 30 2706 1269 20 73 40 20 50 71
leaf_count=26 21 65 25 78 3454 39 40 80 78 136 33 359 25 16738 35 1500 45 2397 51 36 498 30 2706 1269 20 73 40 20 50 71
internal_value=4.02102e-05 -0.0398608 0.000213647 0.0388258 8.54101e-05 0.00705905 0.000166376 0.0238236 0.0344971 8.0541e-06 -0.0124734 -0.00682959 -0.0606408 0.000245793 0.000909663 0.00931058 0.00036383 -0.00567856 0.00124733 0.00761615 -0.0203703 0.000243471 0.00860805 0.000134516 -0.00452733 -0.0165422 0.0120042 0.058424 0.00784117 -0.0393473
internal_weight=30038 130 29908 99 29809 104 29784 198 158 29586 553 495 58 29033 25488 1555 23933 3053 20880 2843 656 18037 2792 18007 3545 611 113 55 2756 91
internal_count=30038 130 29908 99 29809 104 29784 198 158 29586 553 495 58 29033 25488 1555 23933 3053 20880 2843 656 18037 2792 18007 3545 611 113 55 2756 91
is_linear=0
shrinkage=0.05


Tree=119
num_leaves=31
num_cat=0
split_feature=293 66 54 6 191 40 64 9 13 23 78 291 295 35 10 48 86 152 5 11 81 275 283 189 144 215 143 215 105 104
split_gain=76.2927 398.312 113.986 102.532 93.3241 45.2483 62.9485 36.1908 60.5754 45.9413 57.367 53.2347 58.8766 49.6535 39.2222 38.6565 38.5563 42.3399 36.8294 44.4549 45.1426 40.0336 39.4109 36.327 35.784 36.5239 35.7543 36.5638 35.3497 36.8891
threshold=-31.276448249816891 -9.5318999290466291 -2.8600082397460933 1.1169019937515261 -18.279559135437008 -12.422342777252195 -4.6926469802856436 -0.19437596201896665 2.7805697917938237 -1.4750980138778684 0.98069444298744213 -2.2705366611480708 -3.657648921012878 -1.3174117803573606 4.2332966327667245 4.8364708423614511 2.9501394033432011 0.6832222342491151 0.38492035865783697 3.2947925329208378 2.7689553499221806 13.011764526367189 -0.77620735764503468 -10.253870010375975 -2.6171615123748775 -1.6591163873672483 -1.2699999809265134 0.51672551035881054 2.8525838851928715 1.8043791055679324
decision_type=2 2 2 2 2 2 2 2 2 2 2 2 2 2 2 2 2 2 2 2 2 2 2 2 2 2 2 2 2 2
left_child=1 -1 3 -3 -5 6 -2 8 9 10 11 26 13 -13 23 16 17 -10 19 22 -21 -20 -9 -11 -16 -26 27 -7 29 -14
right_child=5 2 -4 4 -6 7 -8 18 15 14 -12 12 28 -15 24 -17 -18 -19 21 20 -22 -23 -24 -25 25 -27 -28 -29 -30 -31
leaf_value=-0.22210140228271485 0.086831962731149459 -0.027002354604857309 -0.080661524986398642 0.16681070923805238 0.015895055447305954 0.0012236394542858499 -0.00024895254446535695 -0.0018495996094559119 0.0086535401419251274 -0.024244300804083359 -0.026729070722329908 0.065027983999914593 0.0084689507004833617 -0.0058962809908039426 0.0061689311563968667 0.079850298881530765 -0.029845399282327514 0.054087368700955367 0.0045881846582179553 -0.03810130837772574 0.022725286239232773 0.072160174629905011 0.0052253150685135545 -0.0033203777347338066 -0.11864416034892203 -0.02715611521465083 -0.017746423328540813 0.067459963803135223 -0.037734136004478502 0.05449676360408573
leaf_weight=24 36 35 29 20 21 2656 49 6455 167 212 164 90 811 34 25 25 41 74 5994 140 39 22 2832 9635 20 24 258 21 39 46
leaf_count=24 36 35 29 20 21 2656 49 6455 167 212 164 90 811 34 25 25 41 74 5994 140 39 22 2832 9635 20 24 258 21 39 46
internal_value=3.81997e-05 -0.0383309 0.00367375 0.0358543 0.0895124 0.000203689 0.0366324 9.98653e-05 -0.00170979 -0.00219038 0.00224814 0.00344972 0.0132898 0.045581 -0.00403409 0.0202612 0.0149785 0.0226042 0.00177626 -0.000167861 -0.0248486 0.00483529 0.000307842 -0.00377086 -0.0416001 -0.0687416 3.00063e-05 0.00174324 0.00882091 0.0109395
internal_weight=30038 129 105 76 41 29909 85 29824 14342 14035 4119 3955 1020 124 9916 307 282 241 15482 9466 179 6016 9287 9847 69 44 2935 2677 896 857
internal_count=30038 129 105 76 41 29909 85 29824 14342 14035 4119 3955 1020 124 9916 307 282 241 15482 9466 179 6016 9287 9847 69 44 2935 2677 896 857
is_linear=0
shrinkage=0.05


Tree=120
num_leaves=31
num_cat=0
split_feature=275 20 57 29 80 3 50 155 83 208 0 109 270 200 73 86 173 271 42 299 269 48 109 56 149 238 13 187 182 189
split_gain=128.543 316.671 77.7667 55.6939 50.2358 37.8198 50.8769 47.4559 54.4452 55.9118 47.7893 47.1223 37.5521 44.9439 47.9416 40.7448 48.7372 46.1317 42.2606 35.8495 49.5653 34.232 30.7493 37.0856 38.7752 36.3863 30.554 30.1409 38.54 36.3497
threshold=-29.819487571716305 -4.5838124752044669 -5.8886766433715811 -8.4577183723449689 -10.490318775177 -2.1777311563491817 4.3485431671142587 -6.7288429737091056 -4.6573040485382071 -7.6346304416656485 -3.9650980234146114 -3.4042576551437373 4.510099172592164 -0.20667637884616849 0.15188236534595492 3.5165048837661748 5.133608579635621 1.494252145290375 1.3301438093185427 4.4176349639892587 3.8780442476272587 5.6576526165008554 -5.7382817268371573 -1.4199346303939817 1.4295424818992617 1.4285060763359072 0.62398692965507518 -0.28340461850166315 -1.5222172141075132 0.58179739117622387
decision_type=2 2 2 2 2 2 2 2 2 2 2 2 2 2 2 2 2 2 2 2 2 2 2 2 2 2 2 2 2 2
left_child=1 -1 -3 -4 -2 6 7 -6 9 -9 26 -11 15 14 -14 16 -7 21 -18 -19 -21 -17 -12 24 25 -24 -10 29 -29 -15
right_child=4 2 3 -5 5 12 -8 8 10 11 22 -13 13 27 -16 17 18 19 -20 20 -22 -23 23 -25 -26 -27 -28 28 -30 -31
leaf_value=-0.16876172285813551 0.042668428282806842 0.069006481568018599 0.021566179005996042 -0.087315134207407635 -0.03243062570691109 0.0002666798435159772 -0.047279772201141761 -0.036605428836562419 0.085644295398631831 0.019854595746065296 0.049924190601576934 0.099986369942780595 0.018513204964498677 0.0048183115377711761 0.11661840319633483 -0.0046071130962468893 0.011342529334673068 -0.018274747138529751 0.092831055819988254 -0.10133978531641119 -0.0085980443954467769 0.059484721042893152 -0.020909960428082245 -0.0027281942579713541 -0.067390608290831253 0.047390176657409896 0.0011437996011227369 0.08002948781475426 0.0095366772718170276 -0.059891337789047296
leaf_weight=39 69 30 23 24 148 26554 77 22 23 43 23 32 33 60 20 393 41 226 26 34 25 22 273 820 42 21 20 20 635 34
leaf_count=39 69 30 23 24 148 26554 77 22 23 43 23 32 33 60 20 393 41 226 26 34 25 22 273 820 42 21 20 20 635 34
internal_value=-0.00015004 -0.0526815 0.00611238 -0.0340328 5.48848e-05 -4.42264e-05 -0.00766327 -0.00558387 -0.0025715 0.0334845 -0.00543355 0.0540442 0.000374072 0.011038 0.055534 6.10351e-05 0.000374143 -0.0118465 0.0429649 -0.0273354 -0.0620424 -0.00120947 -0.00732188 -0.00846086 -0.0224513 -0.0160314 0.0463417 0.00788942 0.0116891 -0.0185873
internal_weight=29852 116 77 47 29736 29667 1544 1467 1319 97 1222 75 28123 802 53 27321 26621 700 67 285 59 415 1179 1156 336 294 43 749 655 94
internal_count=29852 116 77 47 29736 29667 1544 1467 1319 97 1222 75 28123 802 53 27321 26621 700 67 285 59 415 1179 1156 336 294 43 749 655 94
is_linear=0
shrinkage=0.05


Tree=121
num_leaves=31
num_cat=0
split_feature=26 185 110 13 21 68 154 41 124 103 13 265 66 4 201 200 58 294 201 203 60 46 227 31 57 299 184 71 232 10
split_gain=119.107 352.578 37.1477 54.9519 43.1285 31.5377 40.2556 36.62 33.8131 67.7093 35.4786 58.3203 45.8303 39.7405 38.6884 37.7807 35.4669 35.3494 34.6148 34.0645 33.7996 42.3706 50.6448 38.64 43.985 33.0035 32.1785 32.0281 39.4945 31.5015
threshold=-9.4497056007385236 -17.961175918579098 -13.213725566864012 -1.7943137288093565 -4.5877559185028067 -2.2644771337509151 -5.1389284133911124 2.2621874809265141 -4.5916609764099112 -0.75042605400085438 -1.2649510502815244 -8.2000980377197248 0.46356210112571722 -3.2933422327041622 -4.6272060871124259 4.0640196800231942 -4.9300000667572013 -6.7229855060577384 -1.2695960998535154 4.4396483898162851 -3.2492455244064327 -4.4604153633117667 -5.0443530082702628 -2.0960390567779537 -4.0967893600463858 -1.2319608330726621 -6.5170183181762686 0.52762001752853405 -2.6232955455780025 -1.4310783743858335
decision_type=2 2 2 2 2 2 2 2 2 2 2 2 2 2 2 2 2 2 2 2 2 2 2 2 2 2 2 2 2 2
left_child=1 -1 3 4 -2 -4 7 25 9 18 11 14 15 -14 -10 16 -13 -15 -8 -18 -12 22 -22 26 -25 29 -23 28 -24 -7
right_child=2 -3 5 -5 -6 6 8 -9 10 -11 20 12 13 17 -16 -17 19 -19 -20 -21 21 23 27 24 -26 -27 -28 -29 -30 -31
leaf_value=-0.21295116131122294 0.052882731528509232 -0.002829414190248002 -0.0033399501635844385 0.090679617079773123 -0.046224460993771969 -0.0080838405176020065 -0.0046182266328582506 0.07773388028144837 -0.021102362918726941 -0.041627463728671411 0.017678787897279259 -0.072156339734792713 0.06431583618295604 -0.05634511786958446 -0.09711506340939266 -0.073167714334669565 -0.0058618766234060683 0.0064812558242434704 0.061769725690551461 0.055262306462163513 0.011843552331750593 -0.052527334417258813 -0.078332279881705422 -0.02796186714436609 0.00080353795922475887 0.050668766489252448 0.008248638603610978 -0.10015322281420232 0.011614536365064291 0.012972361773999828
leaf_weight=26 21 86 5808 28 23 244 302 20 47 143 317 20 29 23 26 21 2542 843 21 23 48 22 23 134 16092 46 2170 25 26 653
leaf_count=26 21 86 5808 28 23 244 302 20 47 143 317 20 29 23 26 21 2542 843 21 23 48 22 23 134 16092 46 2170 25 26 653
internal_value=-0.000142538 -0.0516077 5.12781e-05 0.0359223 0.0010767 -3.57757e-05 0.000768526 0.0107829 0.000347343 -0.0129834 0.000624286 -0.00394331 -0.00302102 0.00674069 -0.0481754 -0.00637356 -0.00583094 0.00481266 -0.000301982 -0.00531378 0.00148999 0.00121319 -0.0281558 0.00140773 0.000565983 0.00936295 0.00763866 -0.0541013 -0.0306054 0.0072447
internal_weight=29852 112 29740 72 44 29668 23860 963 22897 466 22431 3574 3501 895 73 2606 2585 866 323 2565 18857 18540 122 18418 16226 943 2192 74 49 897
internal_count=29852 112 29740 72 44 29668 23860 963 22897 466 22431 3574 3501 895 73 2606 2585 866 323 2565 18857 18540 122 18418 16226 943 2192 74 49 897
is_linear=0
shrinkage=0.05


Tree=122
num_leaves=31
num_cat=0
split_feature=283 61 80 9 80 178 3 50 280 145 160 8 226 177 223 116 274 270 221 199 70 260 45 69 183 263 234 243 53 63
split_gain=121.431 466.215 97.5613 96.9152 73.5768 42.257 33.4563 46.0159 41.4525 52.6378 50.3019 48.32 41.9463 44.0341 41.1206 38.7699 37.3596 33.8158 42.8089 40.0461 74.436 46.851 33.0086 32.9463 38.4373 43.7913 46.7552 33.268 32.2575 35.6189
threshold=-31.942573547363278 -9.239254951477049 -1.0176546573638914 2.5079892873764043 -10.490318775177 -17.881159782409664 -2.1777311563491817 4.3485431671142587 -9.7545819282531721 -4.3213725090026847 -4.0415980815887442 -1.195315897464752 2.2972183227539067 -1.5013643503189085 -3.6375715732574458 -1.4392774701118467 -5.5427038669586173 4.510099172592164 6.7469706535339364 1.1306412220001223 2.2099778652191167 0.44949623942375189 -2.7486996650695796 2.765006542205811 2.223313689231873 1.2443833947181704 -0.5154079496860503 -5.6541829109191886 -0.86918693780899037 -1.7523422241210935
decision_type=2 2 2 2 2 2 2 2 2 2 2 2 2 2 2 2 2 2 2 2 2 2 2 2 2 2 2 2 2 2
left_child=1 -1 3 -3 5 -2 7 8 11 10 -10 -6 14 -14 15 -11 -12 18 -8 20 -19 -21 -13 24 25 27 -27 -16 -15 -30
right_child=4 2 -4 -5 6 -7 17 -9 9 12 16 22 13 28 23 -17 -18 19 -20 21 -22 -23 -24 -25 -26 26 -28 -29 29 -31
leaf_value=-0.26435528709774925 0.10936453683035714 -0.016518327110986174 -0.07125350487285427 0.1118223683598141 -0.054498684885858122 0.026195662362234935 0.00011979787834843846 -0.044905501836306094 -0.0042929440648073244 -0.0069927065576661689 0.089890206796782363 -0.040658050123602157 0.079332331940531742 0.053679160086502288 -0.059862918036935088 0.041509637971227961 0.023571618784357002 0.018825067949474306 -0.046187535643577582 -0.070371859772130854 0.11624189420886662 0.0073680000787321176 0.024374503493309024 -0.076982578138510394 0.041030789183212388 -0.1155146991922742 -0.027118180484439321 -0.0090617736916790165 -0.065994081888347864 0.0071006090790033342
leaf_weight=21 21 38 35 24 87 56 27262 77 84 107 35 32 24 29 34 67 54 133 50 20 23 626 50 21 31 21 52 618 20 100
leaf_count=21 21 38 35 24 87 56 27262 77 84 107 35 32 24 29 34 67 54 133 50 20 23 626 50 21 31 21 52 618 20 100
internal_value=-0.000135411 -0.0507567 -0.00451373 0.0331619 6.54805e-05 0.0488781 -6.12542e-05 -0.00722968 -0.0052508 -0.00221585 0.0234591 -0.0285427 -0.00616759 0.0164789 -0.0102873 0.0116835 0.049652 0.000332175 3.50232e-05 0.0104517 0.0331878 0.00496119 -0.00100405 -0.0152074 -0.0134914 -0.0158227 -0.0525473 -0.0117109 0.00635487 -0.00508184
internal_weight=29852 118 97 62 29734 77 29657 1543 1466 1297 173 169 1124 173 951 174 89 28114 27312 802 156 646 82 777 756 725 73 652 149 120
internal_count=29852 118 97 62 29734 77 29657 1543 1466 1297 173 169 1124 173 951 174 89 28114 27312 802 156 646 82 777 756 725 73 652 149 120
is_linear=0
shrinkage=0.05


Tree=123
num_leaves=31
num_cat=0
split_feature=283 61 56 219 16 289 169 18 155 295 92 158 86 225 12 69 125 210 105 131 30 18 284 112 87 158 104 61 107 100
split_gain=109.591 420.759 86.0481 65.2559 45.0979 35.5097 35.9552 34.7542 41.1163 54.6524 47.51 32.8755 34.9179 33.1426 31.7972 31.7337 62.6034 59.4029 47.4705 48.8394 41.8718 42.4657 40.7857 37.9605 37.39 40.1205 52.9254 41.1016 37.9717 38.951
threshold=-31.942573547363278 -9.239254951477049 -0.015294109005481003 -23.309720993041989 -0.011870601680129765 -25.418510437011715 -13.031137466430662 -2.0151960849761958 1.1007799506187441 -3.3923927545547481 3.0908927917480473 -1.0264052152633665 -3.5098642110824581 1.126879155635834 -0.1303315386176109 -1.2881320714950559 -7.0028655529022208 -11.248193740844725 -0.7828431725502013 -4.0645792484283438 0.65480393171310436 4.9184069633483896 -2.7958246469497676 4.07818627357483 -1.592843174934387 -4.1041643619537345 -2.274504423141479 -1.808530271053314 -1.5248280763626096 -2.7677996158599849
decision_type=2 2 2 2 2 2 2 2 2 2 2 2 2 2 2 2 2 2 2 2 2 2 2 2 2 2 2 2 2 2
left_child=1 -1 4 -2 14 6 -5 8 10 -10 11 13 -13 -7 -3 18 -17 -18 24 -20 21 -19 -23 -21 25 -9 27 28 29 -27
right_child=3 2 -4 5 -6 7 -8 15 9 -11 -12 12 -14 -15 -16 16 17 20 19 23 -22 22 -24 -25 -26 26 -28 -29 -30 -31
leaf_value=-0.25113750639415922 0.079239947979266825 0.03527741616680509 -0.078214594908058654 -0.0073691773414611824 0.074625520537041926 0.003629654323216016 -0.06778099599637484 0.0021094424363584515 0.078234235726689041 0.01423396191699601 0.053508778888246289 -0.051472133075197539 -0.0053059250402280635 0.040311337144128864 -0.052813606628915301 -0.08169218820074331 0.070004920733551829 0.002431933774157671 -0.033104754169105861 -0.0059023660898648448 -0.0025161397720177446 -0.0044466258337100351 0.087049008738891834 -0.053327310362527539 0.0048621754887725284 -0.024474230227003128 0.00029335779044545676 -0.0042293200399726632 -0.037372984684250009 0.0038540933233176923
leaf_weight=21 26 21 28 70 28 2729 38 1983 38 273 46 45 456 63 20 23 31 10478 191 2253 6246 21 29 43 2070 324 1207 600 257 194
leaf_count=21 26 21 28 70 28 2729 38 1983 38 273 46 45 456 63 20 23 31 10478 191 2253 6246 21 29 43 2070 324 1207 600 257 194
internal_value=-0.000128641 -0.0482189 -0.00428805 6.22065e-05 0.0257111 -7.08872e-06 -0.0286252 9.73287e-05 0.00466558 0.0220539 0.003046 0.00234109 -0.00945259 0.00445736 -0.00769381 -0.000545219 0.000742112 0.000854935 -0.00292005 -0.00881146 0.000727139 0.0026513 0.0486208 -0.00679055 -0.00071177 -0.00323928 -0.00734714 -0.0140541 -0.0216604 -0.0138648
internal_weight=29852 118 97 29734 69 29708 108 29600 3650 311 3339 3293 501 2792 41 25950 16828 16805 9122 2487 16774 10528 50 2296 6635 4565 2582 1375 775 518
internal_count=29852 118 97 29734 69 29708 108 29600 3650 311 3339 3293 501 2792 41 25950 16828 16805 9122 2487 16774 10528 50 2296 6635 4565 2582 1375 775 518
is_linear=0
shrinkage=0.05


Tree=124
num_leaves=31
num_cat=0
split_feature=283 24 80 2 20 1 3 123 140 83 48 8 155 270 298 137 294 200 63 26 10 73 86 281 211 32 162 9 152 254
split_gain=98.9062 381.279 64.0339 41.684 69.6886 38.4213 29.8258 40.0654 38.1728 38.7485 58.5556 35.8638 34.872 30.7532 47.7258 46.8337 43.6448 39.064 42.6621 37.7814 46.4192 55.0396 34.1623 33.9272 51.8848 41.3899 40.3266 33.1711 29.9848 51.4048
threshold=-31.942573547363278 -7.9436926841735831 -10.490318775177 1.4474649429321291 -0.60599294304847706 2.4653128385543828 -2.1777311563491817 3.5457558631896977 -10.089411735534666 -4.7775833606719962 -1.4755751490592954 -2.6131551265716548 -6.9388234615325919 4.510099172592164 2.3672351837158208 -3.1999999284744258 5.2176470756530771 -0.20667637884616849 0.45670826733112341 2.4138430356979375 0.35638655722141271 -0.41230133175849909 4.2610986232757577 1.8699991106987002 6.3136661052703866 -2.7407385110855098 -3.2394509315490718 1.5866415500640871 -3.4720772504806514 -7.6986887454986563
decision_type=2 2 2 2 2 2 2 2 2 2 2 2 2 2 2 2 2 2 2 2 2 2 2 2 2 2 2 2 2 2
left_child=1 -1 5 -3 -5 -2 7 8 -4 10 11 -10 -11 14 16 -16 23 18 -15 -17 21 -21 -22 -8 25 -25 -27 -18 29 -14
right_child=2 3 6 4 -6 -7 13 -9 9 12 -12 -13 28 17 15 19 27 -19 -20 20 22 -23 -24 24 -26 26 -28 -29 -30 -31
leaf_value=-0.19314928054809571 0.02254594336781237 0.059117033119712559 -0.052527218773251484 -0.068118321970105172 0.041561149459864416 0.099714540560608328 -9.5040749970685182e-06 -0.056861254649284557 -0.04559624290158009 -0.049667341812797222 0.075578382300833857 0.01909620836377144 -0.043754464223542636 0.016523133090584341 -0.067269008431364505 -0.0040156018186848349 0.081819270448438064 0.0070272872119070164 0.10906897015869617 -0.1216123558935665 0.021341106917519691 -0.032079419749293556 -0.047451277650319618 0.077798201211474169 -0.057825769227126546 0.075704552893611526 0.0074022397814226927 -0.00069448529254822512 -0.0086953901784405496 0.023660031475481534
leaf_weight=32 54 28 42 30 28 23 24681 39 29 46 36 82 34 33 34 1054 29 749 20 21 59 94 26 22 29 22 1220 21 1067 168
leaf_count=32 54 28 42 30 28 23 24681 39 29 46 36 82 34 33 34 1054 29 749 20 21 59 94 26 22 29 22 1220 21 1067 168
internal_value=-0.000122209 -0.0458079 5.90962e-05 0.00901674 -0.0151696 0.0455963 -5.91344e-05 -0.00682745 -0.00553003 -0.00417991 0.0201661 0.00219458 -0.00690148 0.000312336 2.8959e-05 -0.00936609 0.000493946 0.00996269 0.0514461 -0.00779615 -0.0277197 -0.0484289 0.00029873 0.000404107 0.00829918 0.00981629 0.0086121 0.0471635 -0.00535126 0.012313
internal_weight=29852 118 29734 86 58 77 29657 1543 1504 1462 147 111 1315 28114 27312 1288 26024 802 53 1254 200 115 85 25974 1293 1264 1242 50 1269 202
internal_count=29852 118 29734 86 58 77 29657 1543 1504 1462 147 111 1315 28114 27312 1288 26024 802 53 1254 200 115 85 25974 1293 1264 1242 50 1269 202
is_linear=0
shrinkage=0.05


Tree=125
num_leaves=31
num_cat=0
split_feature=48 248 46 157 50 46 232 296 149 20 91 157 52 55 228 89 145 298 264 296 299 122 217 10 275 20 17 88 72 96
split_gain=87.1042 212.694 88.1068 30.8089 63.4667 73.0999 40.7231 56.3564 35.0998 38.6502 32.2627 43.1717 46.5445 40.8097 31.4702 46.7065 32.1629 30.7603 60.3955 48.6151 39.8216 39.62 38.2939 35.4976 39.7349 35.0851 34.9448 32.0719 41.0451 39.3429
threshold=-10.015318870544432 -23.429411888122555 -10.299190998077391 11.035294055938722 6.9405322074890146 3.9752942323684697 6.3596079349517831 2.4862810373306279 5.7208235263824472 0.84023526310920726 4.6282355785369882 4.9088666439056405 -0.14994736015796659 -1.792334198951721 1.2061111330986025 1.1409314274787905 1.5842039585113528 3.707019686698914 -0.95906630158424366 2.9256151914596562 4.0971570014953622 0.30439250171184545 0.70099917054176342 -2.8583317995071407 5.7456741333007821 2.7759964466094975 -1.6351873874664304 -3.1469280719757076 -5.3715686798095694 -7.1482410430908194
decision_type=2 2 2 2 2 2 2 2 2 2 2 2 2 2 2 2 2 2 2 2 2 2 2 2 2 2 2 2 2 2
left_child=1 -1 -2 4 6 -6 10 -8 -9 -10 11 17 -13 -12 16 -16 -14 19 21 23 -20 -19 -22 -4 27 -24 -21 -25 -29 -30
right_child=2 -3 3 -5 5 -7 7 8 9 -11 13 12 14 -15 15 -17 -18 18 20 26 22 -23 25 24 -26 -27 -28 28 29 -31
leaf_value=0.15314953327178957 -0.090242809719509556 0.001415579003023814 -0.0076258042104111624 -0.01799012867677877 -0.01836378574371338 0.095147554938857626 0.095282193629638023 0.03667542540122954 -0.043446915272978094 0.015913938672010658 -0.071137303472884619 0.07595112878829241 0.022098066331818701 -0.0083690540885569681 0.095314736776053913 0.011322944425046444 -0.064598756348309305 -0.099297183503707254 -0.022071101986059622 0.039557190350181348 0.045703004292833312 -0.014968749708854236 0.0024118964039023571 0.0044314070428840236 0.052230339718831557 -0.060281953960657123 0.0086322773341811453 -0.030859599980441008 -0.053206603229045871 -0.00015172478695831427
leaf_weight=32 27 83 1436 233 23 37 23 89 42 79 27 35 20 633 20 96 23 30 238 111 48 26 318 4098 37 24 516 110 35 21335
leaf_count=32 27 83 1436 233 23 37 23 89 42 79 27 35 20 633 20 96 23 30 238 111 48 26 318 4098 37 24 516 110 35 21335
internal_value=0.000205849 0.0436372 3.807e-05 0.000120028 0.000263024 0.0516349 0.000158357 0.0209787 0.0128407 -0.00469066 -7.68637e-06 0.000244914 0.0237514 -0.0109368 0.0122609 0.0258043 -0.0242747 8.41258e-05 -0.0103904 0.000342981 -0.00595376 -0.0601447 0.00388195 2.39525e-05 0.000452805 -0.00198767 0.014107 0.000377906 -0.00039543 -0.000238619
internal_weight=29884 115 29769 29742 29509 60 29449 233 210 121 29216 28556 194 660 159 116 43 28362 684 27678 628 56 390 27051 25615 342 627 25578 21480 21370
internal_count=29884 115 29769 29742 29509 60 29449 233 210 121 29216 28556 194 660 159 116 43 28362 684 27678 628 56 390 27051 25615 342 627 25578 21480 21370
is_linear=0
shrinkage=0.05


Tree=126
num_leaves=31
num_cat=0
split_feature=48 11 11 46 198 11 34 65 199 101 11 202 4 32 64 62 298 299 232 223 298 297 219 14 190 299 297 138 298 296
split_gain=78.6115 200.51 134.487 79.5163 71.5005 29.3285 44.5108 39.1038 44.5131 48.9744 38.4576 35.6933 36.1172 35.0622 31.0443 30.7513 30.6529 82.091 69.8492 54.1831 75.2679 51.7608 60.8049 45.6012 43.019 41.8257 60.7133 78.6528 56.7775 38.7759
threshold=-10.015318870544432 1.5374072790145876 -2.3837480545043941 -10.299190998077391 -14.160748481750487 -2.0952156782150264 -5.1277236938476554 4.1614789962768564 -3.5888988971710201 -1.4124110937118528 -4.3635973930358878 -4.8061683177947989 0.30465975403785711 3.0758745670318608 2.9182320833206181 0.086933877319097533 -1.0675222277641294 -1.2657842636108396 0.74563398957252514 3.4643464088439946 0.98039215803146373 1.2304025888442995 -0.44756056368350977 -1.7348692417144773 -5.7327647209167472 -1.7136601209640501 -4.7415504455566397 -0.646245777606964 -1.8917956948280332 -0.63275212049484242
decision_type=2 2 2 2 2 2 2 2 2 2 2 2 2 2 2 2 2 2 2 2 2 2 2 2 2 2 2 2 2 2
left_child=1 2 -1 -2 -4 6 -5 8 9 13 -11 12 -10 -8 -13 -12 18 19 25 20 21 -18 -23 -20 -19 28 27 -27 -7 -25
right_child=3 -3 4 5 -6 16 7 -9 11 10 15 14 -14 -15 -16 -17 17 24 23 -21 -22 22 -24 29 -26 26 -28 -29 -30 -31
leaf_value=0.098538466006517417 -0.085730630380136008 0.15013482741290524 -0.093952618787686029 0.020618957164240819 0.016148323591413171 0.0010304867215968564 -0.01279794327754551 -0.056920364117011048 0.071794955296949903 -0.10349961156430453 -0.016288351381474452 -0.0040375654921948117 -0.012084822853406271 0.047582524895668034 0.036201478052884338 -0.084843146446205331 -0.018975234017458584 -0.065708838939666753 0.048318943938221594 0.053562437273837908 -0.093622430413961413 0.070557816512882718 -0.029787531695686854 0.0021954192869553836 -4.6798042374057937e-06 -0.0060919393301010136 0.0093756862711890931 -0.11178480341382649 -0.0099359143260969989 0.027644527894039001
leaf_weight=25 27 31 30 153 29 15293 628 39 33 23 74 1159 21 25 50 21 786 25 99 27 32 36 26 395 7103 75 2076 23 1279 241
leaf_count=25 27 31 30 153 29 15293 628 39 33 23 74 1159 21 25 50 21 786 25 99 27 32 36 26 395 7103 75 2076 23 1279 241
internal_value=0.000195556 0.0414553 0.00134743 3.61665e-05 -0.0398352 0.000114026 -0.00540624 -0.00732706 -0.00637615 -0.0158432 -0.0454876 -0.000597001 0.039175 -0.0104863 -0.00237342 -0.0314426 0.000560607 -0.00203791 0.00163237 -0.0162058 -0.0183464 -0.0155058 0.0284775 0.0167525 -0.000235124 0.00103954 0.00756025 -0.0308974 0.000184118 0.0118389
internal_weight=29884 115 84 29769 59 29742 2226 2073 2034 771 118 1263 54 653 1209 95 27516 8035 19481 907 880 848 62 735 7128 18746 2174 98 16572 636
internal_count=29884 115 84 29769 59 29742 2226 2073 2034 771 118 1263 54 653 1209 95 27516 8035 19481 907 880 848 62 735 7128 18746 2174 98 16572 636
is_linear=0
shrinkage=0.05


Tree=127
num_leaves=31
num_cat=0
split_feature=48 248 104 112 189 202 150 298 219 298 299 12 127 138 239 60 78 294 21 59 43 31 143 151 1 118 287 21 132 220
split_gain=70.9469 189.141 74.0527 111.108 27.7806 47.1997 51.037 41.7116 44.7774 38.7179 58.9598 46.4456 49.8125 44.3576 42.7695 34.8099 49.793 33.7603 33.7369 42.5705 47.4041 42.2909 39.2778 40.2188 36.3117 35.8321 35.5179 48.9215 36.2775 42.5289
threshold=-10.015318870544432 -23.429411888122555 -13.630440711975096 -13.059038162231444 -1.9124183058738706 -5.8307449817657462 -0.7807035744190215 0.16411764174699786 -4.4221568107604972 -2.3986928462982173 -2.8837105035781856 -2.2734539508819576 -4.087338685989379 -1.1233420968055723 -5.7904152870178214 -3.7320224046707149 -1.7770698070526121 -2.039498925209045 -1.2740195989608762 -2.4642429351806636 -4.9201154708862296 -2.8595646619796748 2.747892022132874 2.0628010034561162 3.7945517301559453 -2.0715966224670406 -3.4905831813812251 -5.4905443191528311 2.2918417453765874 4.4177656173706064
decision_type=2 2 2 2 2 2 2 2 2 2 2 2 2 2 2 2 2 2 2 2 2 2 2 2 2 2 2 2 2 2
left_child=1 -1 3 -2 7 6 -6 -4 -9 10 11 17 13 -13 -11 16 -14 -7 26 22 -21 25 23 -20 -23 -22 -16 -28 -29 -30
right_child=2 -3 4 -5 5 9 -8 8 -10 14 -12 12 15 -15 18 -17 -18 -19 19 20 21 24 -24 -25 -26 -27 27 28 29 -31
leaf_value=0.14265351295471193 -0.14489551024003464 -0.00043273374258753766 -0.00086448637490747825 0.0041154729908910292 0.01747876435281041 -0.026648105060025542 0.10116481791800735 -0.085909006877669281 -0.011622646255043631 -0.065530591019429263 0.013831979040061795 0.020293627427044242 -0.0083468244677143439 0.10724741230602378 -0.016556471474019879 0.0013447599112797841 0.099291638804557325 0.021792046269293614 -0.019294573432038945 -0.07237136009270731 0.061667037278799935 -0.00083778272017334546 -0.084413193946792975 0.040359781826696091 -0.036024351418018345 0.011164350029822363 -0.06835448032333738 0.0063177091981727156 0.048157533144091706 -0.0090194930200991428
leaf_weight=32 22 83 13862 29 106 220 22 21 596 25 1398 55 21 20 166 2455 22 43 319 23 41 8000 21 31 74 245 21 1754 111 46
leaf_count=32 22 83 13862 29 106 220 22 21 596 25 1398 55 21 20 166 2455 22 43 319 23 41 8000 21 31 74 245 21 1754 111 46
internal_value=0.000185778 0.0393826 3.43582e-05 -0.0601638 0.000137666 0.00162779 0.0318623 -0.00143067 -0.014151 0.00137168 0.00542825 0.00128565 0.00333137 0.0434813 -0.000207384 0.00212591 0.046724 -0.0187282 -5.68974e-05 -0.00142169 -0.000688177 -0.000490963 -0.0179959 -0.0140109 -0.00116028 0.0184042 0.00563777 0.00754472 0.00837878 0.031405
internal_weight=29884 115 29769 51 29718 15239 128 14479 617 15111 4234 2836 2573 75 10877 2498 43 263 10852 8754 8383 8360 371 350 8074 286 2098 1932 1911 157
internal_count=29884 115 29769 51 29718 15239 128 14479 617 15111 4234 2836 2573 75 10877 2498 43 263 10852 8754 8383 8360 371 350 8074 286 2098 1932 1911 157
is_linear=0
shrinkage=0.05


Tree=128
num_leaves=31
num_cat=0
split_feature=48 248 46 189 202 232 298 296 257 279 298 239 293 247 146 188 140 101 127 33 18 118 246 21 80 43 22 31 118 287
split_gain=64.0296 170.7 70.3262 26.1536 44.1021 49.9325 38.3908 55.6943 42.0615 54.7764 34.9687 38.6264 37.6138 41.8379 32.949 53.0131 34.2711 34.4767 32.8219 64.4215 55.9727 32.3348 39.284 31.7537 39.5542 41.5324 37.1267 35.9309 41.3413 33.004
threshold=-10.015318870544432 -23.429411888122555 -10.299190998077391 -1.9124183058738706 -5.8307449817657462 -1.0565074086189268 -3.4643666744232173 -4.733252525329589 -1.8198451995849607 1.4393335580825808 -2.4238399267196651 -5.7904152870178214 -0.44382353127002711 -1.4668347239494322 -5.1156809329986563 -2.9442279338836665 -4.4791710376739493 -1.0043417811393736 -3.8793079853057857 -0.4300816804170608 -0.26412163674831385 -3.5856863260269161 -5.0129411220550528 -1.291702091693878 -2.1176470518112178 -4.9201154708862296 2.9017748832702641 -2.6976190805435176 -2.2649313211441036 -3.4905831813812251
decision_type=2 2 2 2 2 2 2 2 2 2 2 2 2 2 2 2 2 2 2 2 2 2 2 2 2 2 2 2 2 2
left_child=1 -1 -2 6 5 -5 8 -8 -4 21 12 -12 18 -14 15 -9 17 -16 19 -6 -21 -10 -23 29 26 -26 -25 28 -27 -13
right_child=2 -3 3 4 10 -7 7 14 9 -11 11 23 13 -15 16 -17 -18 -19 -20 20 -22 22 -24 24 25 27 -28 -29 -30 -31
leaf_value=0.1355208158493042 -0.080625760113751443 -0.00041106810052710845 -8.0106881240583674e-05 0.017338271873692673 -0.0013054718638247833 0.10353819238021972 -0.026545436208898373 -0.0059640266763215724 -0.02463209411272636 0.089865559479221702 -0.062254116818308836 -0.015875588054488222 0.00091157592980871133 0.039224643198909559 -0.010869750829382999 0.06309516989858821 -0.0033124092706748594 -0.058552136062221094 0.0030103776365299792 0.10910381560816484 0.011648017578185179 0.083991100816499631 0.013212721402109679 -0.015478857326355686 -0.066083209806432328 0.067880208726440169 0.052114299023967414 -0.0008577115523035867 0.010036197208406355 0.0073623089975968815
leaf_weight=32 27 83 8373 105 82 20 275 66 52 24 25 166 126 164 122 48 5181 55 3729 34 26 21 295 623 24 35 21 7866 263 1921
leaf_count=32 27 83 8373 105 82 20 275 66 52 24 25 166 126 164 122 48 5181 55 3729 34 26 21 295 623 24 35 21 7866 263 1921
internal_value=0.00017649 0.0374135 3.26402e-05 0.000105862 0.00155318 0.0311303 -0.00141306 -0.00458902 0.000669337 0.0166772 0.00130842 -0.000174987 0.00520998 0.0225783 -0.00348559 0.0231135 -0.00405152 -0.0256863 0.00390882 0.0275023 0.066873 0.0119041 0.0179163 -3.28518e-05 -0.00134356 -0.000405157 -0.0132747 -0.000212081 0.01683 0.00551397
internal_weight=29884 115 29769 29742 15230 125 14512 5747 8765 392 15105 10944 4161 290 5472 114 5358 177 3871 142 60 368 316 10919 8832 8188 644 8164 298 2087
internal_count=29884 115 29769 29742 15230 125 14512 5747 8765 392 15105 10944 4161 290 5472 114 5358 177 3871 142 60 368 316 10919 8832 8188 644 8164 298 2087
is_linear=0
shrinkage=0.05


Tree=129
num_leaves=31
num_cat=0
split_feature=48 248 106 14 157 50 46 53 232 296 149 20 239 298 296 140 290 103 78 119 72 102 6 118 133 78 63 264 204 131
split_gain=57.7867 154.057 66.8179 105.102 27.3422 56.7294 65.8068 43.2449 35.3353 50.5424 32.5654 36.1586 30.0944 29.8564 59.9676 51.5527 50.6478 37.8916 41.1478 37.484 50.4701 40.98 36.2837 40.1697 36.2006 44.047 33.5652 32.7194 41.7945 37.2716
threshold=-10.015318870544432 -23.429411888122555 -13.73784303665161 -1.5598530173301695 11.035294055938722 6.9405322074890146 3.9752942323684697 2.9302388429641728 6.3596079349517831 2.4862810373306279 5.7208235263824472 0.84023526310920726 5.348064899444581 2.6485009193420415 2.9256151914596562 -3.2497036457061763 5.1431298255920419 3.3229411840438847 3.0904655456542973 -1.5507638454437254 0.65765076875686657 -2.6053056716918941 -2.0858371257781978 2.5545160770416264 -1.8868970870971677 -0.3304831981658935 -1.9479381442070005 -2.4071444272994991 -1.6254575252532957 -1.9389157891273496
decision_type=2 2 2 2 2 2 2 2 2 2 2 2 2 2 2 2 2 2 2 2 2 2 2 2 2 2 2 2 2 2
left_child=1 -1 3 -2 5 8 -7 -6 13 -10 -11 -12 -13 14 16 -15 -4 18 27 20 -17 -21 23 -23 25 -24 -26 -16 -29 -30
right_child=2 -3 4 -5 7 6 -8 -9 9 10 11 12 -14 15 17 19 -18 -19 -20 21 -22 22 24 -25 26 -27 -28 28 29 -31
leaf_value=0.12874478101730347 0.0077927011582586501 -0.00039052848356315893 -4.2466129305989232e-05 -0.139432051574642 -0.085374851311956143 -0.017584409402764362 0.090115742103473562 -0.010154051052511864 0.089898196964160265 0.034841300568051556 -0.041829756690665736 -0.0222517941147089 0.040612324105298268 -0.08127285572902665 -0.029909800879400351 -0.014462361387042722 0.04254276173455375 -0.01109192556805081 0.093017172671499712 0.057350759760097229 -0.097070633172988904 -0.016103384156639762 0.0026650144385972196 -0.090075241029262551 0.039980989506845935 -0.086022865580993577 -0.0023256210146942887 0.08074646822867855 0.069038938161204849 0.013431595982807987
leaf_weight=32 27 83 27215 22 21 23 37 212 23 89 43 32 47 23 29 71 70 90 21 27 25 78 28 24 49 28 1085 31 34 265
leaf_count=32 27 83 27215 22 21 23 37 212 23 89 43 32 47 23 29 71 70 90 21 27 25 78 28 24 49 28 1085 31 34 265
internal_value=0.000167665 0.0355428 3.10082e-05 -0.0583082 0.000127193 0.000262004 0.0488307 -0.0169336 0.000162975 0.0195153 0.0118432 -0.00493408 0.0151484 7.85461e-06 0.000371818 -0.00701705 6.67868e-05 0.0180799 0.024989 -0.00581007 -0.0359749 -0.00361459 -0.00488864 -0.0335085 -0.0024355 -0.0416789 -0.000497558 0.0210096 0.0254844 0.0197548
internal_weight=29884 115 29769 49 29720 29487 60 233 29427 234 211 122 79 29193 27755 1438 27285 470 380 1415 96 1319 1292 102 1190 56 1134 359 330 299
internal_count=29884 115 29769 49 29720 29487 60 233 29427 234 211 122 79 29193 27755 1438 27285 470 380 1415 96 1319 1292 102 1190 56 1134 359 330 299
is_linear=0
shrinkage=0.05


Tree=130
num_leaves=31
num_cat=0
split_feature=21 192 32 137 118 134 23 170 6 47 26 164 5 84 10 282 91 7 207 83 68 207 57 155 98 105 89 105 23 235
split_gain=74.962 157.478 123.76 335.975 39.5364 32.6167 29.3583 36.8672 29.7665 50.0726 29.6378 28.8308 28.4986 28.2982 52.1013 42.9377 60.1886 48.9452 49.7745 46.0868 46.2383 41.522 39.3555 38.6082 41.8865 32.5625 31.4857 62.3174 31.1962 31.3086
threshold=-6.762842893600463 -18.072541236877438 -11.272320270538328 -9.179646968841551 3.8439999818801884 -8.6134996414184553 7.0823831558227548 7.6336958408355722 5.1995613574981698 2.0777614116668706 -2.3545542955398555 -9.3787231445312482 0.11649154499173166 2.1788333654403691 6.8970587253570566 -0.047403896227478974 -0.66807982325553883 -0.77288514375686634 3.0544854402542119 -3.131714820861816 1.8870097994804385 -0.11591503024101256 -4.0967893600463858 4.2085368633270273 0.58330175280570995 -2.4804633855819698 0.25094474852085119 3.2056283950805669 -3.5339215993881221 -4.7032353878021231
decision_type=2 2 2 2 2 2 2 2 2 2 2 2 2 2 2 2 2 2 2 2 2 2 2 2 2 2 2 2 2 2
left_child=1 -1 3 -2 -5 -3 8 -8 13 -10 -11 -7 -9 14 15 23 17 -17 19 -19 -21 25 -18 -4 -25 -15 27 -23 -24 -30
right_child=2 5 6 4 -6 11 7 12 9 10 -12 -13 -14 21 -16 16 22 18 -20 20 -22 26 28 24 -26 -27 -28 -29 29 -31
leaf_value=0.16824840545654296 -0.23354262397402811 -0.043174060285091402 -0.00014672433252175987 0.054496839027041978 -0.039259281246499585 0.079963708445429812 0.0020131604713306095 -0.025740238879957508 -0.0042223429750828517 0.085095857456326487 0.025846203116159285 0.0089328376352787019 -0.10117869384232021 0.026748722758410233 -0.06220889163739754 -0.0016298800311956305 -0.054984449446201324 0.059691212783889995 0.076435378048478109 0.011466944282313178 0.064147254584564106 0.0082046209097798202 0.054171661056321242 -0.097611109273774296 -0.0077980905990390221 -0.018767200686556639 -0.0031280455127464749 0.10282125910744072 0.06296644717277515 0.0017317592727485083
leaf_weight=20 21 20 22187 23 22 20 57 31 105 32 62 50 21 42 33 283 30 65 41 560 45 134 29 21 34 610 1682 20 21 3483
leaf_count=20 21 20 22187 23 22 20 57 31 105 32 62 50 21 42 33 283 30 65 41 560 45 134 29 21 34 610 1682 20 21 3483
internal_value=0.000140577 0.04134 -1.20445e-05 -0.0684041 0.00866051 0.0131382 0.000140307 -0.025761 0.000235949 0.0195085 0.0460163 0.0292274 -0.0562058 0.000105143 0.000578148 0.000655463 0.00507705 0.0159564 0.0229563 0.0196836 0.0153853 -0.00499601 0.00204195 -0.000250442 -0.0420903 -0.0158352 -0.0011468 0.0204925 0.00252618 0.00209875
internal_weight=29804 110 29694 66 45 90 29628 109 29519 199 94 70 52 29320 26832 26799 4557 994 711 670 605 2488 3563 22242 55 652 1836 154 3533 3504
internal_count=29804 110 29694 66 45 90 29628 109 29519 199 94 70 52 29320 26832 26799 4557 994 711 670 605 2488 3563 22242 55 652 1836 154 3533 3504
is_linear=0
shrinkage=0.05


Tree=131
num_leaves=31
num_cat=0
split_feature=21 192 189 28 46 134 23 137 8 272 14 164 86 16 286 197 264 140 281 92 275 149 287 16 159 223 10 103 164 139
split_gain=67.6532 142.124 117.768 235.615 38.7373 29.4366 26.5561 34.2074 29.7718 27.7081 26.4964 26.0198 25.7263 47.2605 47.826 46.1201 37.4678 32.5668 29.511 69.0327 69.7818 44.7247 47.1133 39.4459 38.5148 62.3409 36.3576 35.9073 32.3197 36.578
threshold=-6.762842893600463 -18.072541236877438 -18.349919319152828 -7.67803931236267 -4.8888642787933341 -8.6134996414184553 7.0823831558227548 5.6790800094604501 0.091848731040954604 12.690588474273683 3.7643791437149052 -9.3787231445312482 3.5165048837661748 -1.3644474148750303 0.4047494530677796 6.2956912517547616 2.6600195169448857 -2.5549159049987789 0.7966875731945039 -0.27186276018619532 -3.0379335880279537 -2.010495543479919 -3.6506186723709102 -0.87502452731132496 -3.3941177129745479 -2.0547711849212642 6.8970587253570566 -2.7262744903564449 0.89012652635574352 0.084705870598554625
decision_type=2 2 2 2 2 2 2 2 2 2 2 2 2 2 2 2 2 2 2 2 2 2 2 2 2 2 2 2 2 2
left_child=1 -1 3 -2 -5 -3 9 8 -8 12 -11 -7 15 14 -14 18 -17 -15 26 20 -20 -21 -23 -22 -24 28 -4 -27 29 -26
right_child=2 5 6 4 -6 11 7 -9 -10 10 -12 -13 13 17 -16 16 -18 -19 19 21 23 22 24 -25 25 27 -28 -29 -30 -31
leaf_value=0.15983598709106447 -0.19941316084428268 -0.041015380024909981 -0.00017923988492348755 0.020411934852600098 -0.057098494635687939 0.075965523272752772 -0.036735063519328835 -0.083560644388198865 0.021549064030823035 0.0068043279938581518 0.07059305486855684 0.0084862055182456982 -0.11258591696619989 -0.055125821081380692 -0.020557727556054794 0.082402080688024737 -0.0053764085564762358 -0.0031145785999234627 0.089445751295848336 0.032110772715403441 -0.0035530785843268923 -0.076418864467414097 -0.068570194913772864 0.022743716385388343 0.033340412690754863 -0.055473154038190843 -0.052696770248991068 0.00044708474637306089 -0.0044393762268803341 0.11880593828502156
leaf_weight=20 22 20 24397 40 27 20 50 20 39 41 27 50 20 31 48 31 20 1033 33 113 202 20 20 485 31 29 33 2839 22 21
leaf_count=20 22 20 24397 40 27 20 50 20 39 41 27 50 20 31 48 31 20 1033 33 113 202 20 20 485 31 29 33 2839 22 21
internal_value=0.000133548 0.039273 -1.14423e-05 -0.0574413 -0.0108236 0.0124813 0.000161206 -0.024473 -0.0111948 0.00025224 0.0321322 0.027766 0.000178574 -0.00721268 -0.0476248 0.000474266 0.0479791 -0.00462994 0.000388489 0.00447832 0.0184232 0.00123428 6.42462e-05 0.0150116 0.000580675 0.00105077 -0.00025018 -0.000118357 0.0463623 0.0678553
internal_weight=29804 110 29694 89 67 90 29605 109 89 29496 68 70 29428 1132 68 28296 51 1064 28245 3815 720 3095 2982 687 2962 2942 24430 2868 74 52
internal_count=29804 110 29694 89 67 90 29605 109 89 29496 68 70 29428 1132 68 28296 51 1064 28245 3815 720 3095 2982 687 2962 2942 24430 2868 74 52
is_linear=0
shrinkage=0.05


Tree=132
num_leaves=31
num_cat=0
split_feature=21 117 32 137 118 59 32 50 97 5 49 235 178 2 79 21 29 296 105 62 29 69 233 187 259 285 50 27 12 28
split_gain=61.0571 133.646 104.965 294.43 36.5107 31.5348 26.2928 50.8288 48.9008 40.5952 39.7162 39.6923 39.6894 38.6824 43.3475 38.0045 35.5369 35.0453 43.0051 53.2317 39.6318 39.2362 36.3771 35.7846 52.8989 38.167 36.4066 32.4079 31.8436 47.6338
threshold=-6.762842893600463 -11.528381824493406 -11.272320270538328 -9.179646968841551 3.8439999818801884 -1.3954749107360838 -2.2807993888854976 4.8256576061248788 -7.4325256347656241 3.0420914888381962 -3.482647061347961 0.11279166862368585 -1.4568142890930174 -2.6344481706619258 -3.921277523040771 -2.5012023448944087 -0.15563024580478665 -4.733252525329589 -3.0044949054718013 -5.6513566970825186 1.0589966773986819 -3.7163071632385249 -3.9067407846450801 -6.6651079654693595 -6.3470587730407706 -3.1587842702865596 0.92942634224891674 -1.0696601271629331 1.561643719673157 1.1637009978294375
decision_type=2 2 2 2 2 2 2 2 2 2 2 2 2 2 2 2 2 2 2 2 2 2 2 2 2 2 2 2 2 2
left_child=1 -1 3 -2 -5 -3 7 17 15 -9 11 13 -13 14 -10 -8 27 18 20 -20 -4 22 -19 -21 26 -26 -25 -17 -12 -30
right_child=2 5 6 4 -6 -7 8 9 10 -11 28 12 -14 -15 -16 16 -18 21 19 23 -22 -23 -24 24 25 -27 -28 -29 29 -31
leaf_value=0.1444977262745733 -0.21758722237178257 -0.015724413383465547 0.0016514366268890819 0.053194483078044398 -0.036902714452960277 0.045664376105581016 -0.077323886334444536 -0.0058601467505745262 0.080854495035277474 0.076777013426735291 -0.001375200439259579 0.10648159757256509 0.021828497838642866 0.0037336822657133267 0.00087473636958748104 -0.010708545587424722 0.042368241931710932 0.010283005561898737 -0.092097429335117345 0.026880842230973707 0.043465414890324919 0.009388669164034991 -0.033443163700953675 -0.026420458050635767 0.0037954320614891398 -0.040662491392244454 -0.097255347333848483 -0.082329090803184291 0.0098940339637776098 -0.0032266903933414743
leaf_weight=23 21 52 1434 23 22 35 33 23 36 42 21312 20 45 707 32 56 21 85 20 62 59 2065 108 195 350 56 20 22 1615 1210
leaf_count=23 21 52 1434 23 22 35 33 23 36 42 21312 20 45 707 32 56 21 85 20 62 59 2065 108 195 350 56 20 22 1615 1210
internal_value=0.000126871 0.0373094 -1.08701e-05 -0.0629957 0.00914696 0.00897223 0.000129436 0.00364044 -0.000502457 0.0475362 -0.000342048 0.0103457 0.0478756 0.00719802 0.043217 -0.0308551 -0.0153655 0.00299984 -0.0014975 -0.0116944 0.00330383 0.00737369 -0.0141855 -0.00933994 -0.0129562 -0.0023367 -0.0330098 -0.0309092 -0.000713995 0.00427418
internal_weight=29804 110 29694 66 45 87 29628 4519 25109 65 24977 840 65 775 68 132 99 4454 2196 703 1493 2258 193 683 621 406 215 78 24137 2825
internal_count=29804 110 29694 66 45 87 29628 4519 25109 65 24977 840 65 775 68 132 99 4454 2196 703 1493 2258 193 683 621 406 215 78 24137 2825
is_linear=0
shrinkage=0.05


Tree=133
num_leaves=31
num_cat=0
split_feature=22 95 8 242 271 186 9 282 56 7 95 13 9 8 87 284 155 40 298 295 299 298 26 219 201 299 298 280 198 258
split_gain=37.3213 146.012 275.529 133.616 38.9728 41.2243 36.6987 33.9926 26.1764 23.6073 48.6857 31.9028 26.2649 22.6455 28.0048 35.5957 57.7423 47.3191 43.6779 51.5323 47.3517 53.7819 48.1817 40.522 38.9185 38.2687 59.5967 50.6457 36.2045 63.2878
threshold=-6.0102126598358145 -13.537774562835692 0.51155772805213939 -23.666659355163571 -4.8296639919280997 -5.8740904331207267 -1.8089523911476133 -2.2431372404098506 -9.2112464904785138 -3.9709805250167842 -3.3064146041870113 -1.0466666817665098 1.9318105578422549 5.9510099887847909 3.2404456138610844 1.0000000180025095e-35 -3.4961065053939815 1.3859215378761294 -0.34393629431724543 -3.4528627395629878 -1.414070665836334 -1.2368116378784177 2.1668627262115483 -5.1664853096008292 -5.3642978668212882 1.1531372070312502 3.707019686698914 -4.1869752407073966 -1.9113142490386961 2.3804000616073613
decision_type=2 2 2 2 2 2 2 2 2 2 2 2 2 2 2 2 2 2 2 2 2 2 2 2 2 2 2 2 2 2
left_child=3 2 -2 -1 5 -5 -7 -6 -3 10 -10 -12 -13 14 15 18 17 -17 20 -20 21 -11 -23 -22 -25 -21 27 -27 29 -18
right_child=1 8 -4 4 7 6 -8 -9 9 13 11 12 -14 -15 -16 16 28 -19 19 25 23 22 -24 24 -26 26 -28 -29 -30 -31
leaf_value=0.14057143075125558 0.014476368499213252 0.042721878157721632 -0.22333366551569533 -0.0039994357202153708 -0.059938177150307283 0.10249264110726389 0.024507387257957213 0.022670925250276926 0.014572088317160149 -7.3704449770101681e-05 -0.064811748946801973 -0.030260169728555615 0.033290990708129749 0.022624783058251656 -0.0066872330889054246 0.0212432542929844 0.011703439858205643 0.094945647673947475 -0.039759939889712582 -0.0094233505845991647 0.050925487250674008 -0.011284365166465252 -0.067956936266273263 -0.047228921204805374 0.0066504567898944423 0.084404307976365098 -0.039838161458403382 0.009506557744222455 0.0018197329133312406 0.096312266895952445
leaf_weight=21 29 36 21 77 33 22 48 20 83 17414 52 72 21 112 1445 98 566 28 116 1454 51 601 40 34 2354 24 59 379 4471 23
leaf_count=21 29 36 21 77 33 22 48 20 83 17414 52 72 21 112 1445 98 566 28 116 1454 51 601 40 34 2354 24 59 379 4471 23
internal_value=0.000120527 -3.24005e-05 -0.0854038 0.0205914 0.00799347 0.0212465 0.049017 -0.0287649 0.000112135 6.01316e-05 -0.0159664 -0.0334471 -0.0159099 0.000184976 9.87781e-05 0.000452624 0.00418736 0.0376216 -0.000407198 -0.00739934 0.00028608 -0.000597268 -0.0148209 0.00682517 0.00588333 -0.00544014 0.00709575 0.013967 0.00335481 0.0150073
internal_weight=29804 29583 50 221 200 147 70 53 29533 29497 228 145 93 29269 29157 27712 5186 126 22526 2032 20494 18055 641 2439 2388 1916 462 403 5060 589
internal_count=29804 29583 50 221 200 147 70 53 29533 29497 228 145 93 29269 29157 27712 5186 126 22526 2032 20494 18055 641 2439 2388 1916 462 403 5060 589
is_linear=0
shrinkage=0.05


Tree=134
num_leaves=31
num_cat=0
split_feature=21 246 141 12 3 148 10 51 26 46 12 55 142 70 65 6 31 52 295 16 6 103 32 57 96 102 3 12 45 5
split_gain=51.0105 115.616 96.9 379.113 43.213 29.5752 23.1069 43.5175 41.2832 24.8989 23.2293 35.8119 55.6108 35.9522 43.1845 33.4757 38.4444 35.4664 41.0181 36.3987 32.5018 36.9333 33.7996 31.9486 31.9681 47.8724 31.9314 33.0671 31.1486 58.5568
threshold=-6.762842893600463 -23.440613746643063 -14.28178834915161 -0.86372548341751088 0.48360000550746923 -15.890882492065428 6.8970587253570566 -0.79176470637321461 2.9695204496383671 2.6008039712905888 1.561643719673157 -0.29711110889911646 -5.3426787853240958 -1.395508825778961 -3.0318692922592159 5.1995613574981698 -4.7633647918701163 1.9255545735359194 -5.8117268085479727 0.67992296814918529 -1.2548203468322752 3.1643393039703374 -2.3570404052734371 4.0144600868225107 -7.1482410430908194 -6.0402519702911368 3.2558919191360478 -1.6372790932655332 3.7335294485092168 -0.46465140581130976
decision_type=2 2 2 2 2 2 2 2 2 2 2 2 2 2 2 2 2 2 2 2 2 2 2 2 2 2 2 2 2 2
left_child=1 -1 3 4 -2 -4 10 -8 9 -9 20 -12 -13 -14 -15 17 -17 18 19 -16 21 -7 26 24 25 -24 -22 -28 29 -25
right_child=2 -3 5 -5 -6 6 7 8 -10 -11 11 12 13 14 15 16 -18 -19 -20 -21 22 -23 23 28 -26 -27 27 -29 -30 -31
leaf_value=0.14284063339233399 -0.026491673971925464 0.0099360783894856773 0.058089017868041992 -0.23746732189541772 0.05957771676778794 -0.0032637351708715116 -0.083820147747578844 -0.011255346462130549 -0.04944027108805521 0.055595490451042479 -0.0016831153608047903 0.067613239242480347 0.026515466699169744 -0.035763297454705315 -0.050257381154041672 -0.012538155288465561 0.054059390247695974 -0.0064925925389719688 0.012967285737829379 0.011438646991219785 0.0042541214012159273 -0.022283759173275769 -0.0063210709130062772 -0.087586869433936149 -5.1671921610564794e-05 -0.084002083779445721 -0.014230795527276184 0.049220152374647275 0.013790196119522563 -0.013953161180985194
leaf_weight=20 35 90 22 21 25 3392 23 30 35 26 1544 39 216 63 51 31 72 492 944 45 3036 276 68 36 18882 28 28 77 49 108
leaf_count=20 35 90 22 21 25 3392 23 30 35 26 1544 39 216 63 51 31 72 492 944 45 3036 276 68 36 18882 28 28 77 49 108
internal_value=0.000114501 0.0341005 -1.13989e-05 -0.0546244 0.00937057 0.000137983 9.48985e-05 -0.0223724 -0.00684162 0.0197825 0.000181789 0.00400755 0.00850647 0.0073021 0.004858 0.00642322 0.0340155 0.00456813 0.0098007 -0.0213374 -0.000333172 -0.0046949 0.000383878 -0.000403834 -0.000197996 -0.028978 0.00519166 0.0322999 -0.0206443 -0.0323616
internal_weight=29804 110 29694 81 60 29613 29591 114 91 56 29477 3497 1953 1914 1698 1635 103 1532 1040 96 25980 3668 22312 19171 18978 96 3141 105 193 144
internal_count=29804 110 29694 81 60 29613 29591 114 91 56 29477 3497 1953 1914 1698 1635 103 1532 1040 96 25980 3668 22312 19171 18978 96 3141 105 193 144
is_linear=0
shrinkage=0.05


end of trees

feature_importances:
Column_299=403
Column_298=101
Column_293=99
Column_3=76
Column_296=66
Column_292=53
Column_10=45
Column_183=43
Column_297=43
Column_251=40
Column_295=39
Column_283=37
Column_8=36
Column_288=36
Column_28=34
Column_291=34
Column_239=32
Column_294=32
Column_247=31
Column_23=29
Column_287=29
Column_257=28
Column_284=28
Column_1=27
Column_57=27
Column_285=27
Column_0=26
Column_21=26
Column_182=26
Column_189=26
Column_249=26
Column_232=25
Column_35=24
Column_119=24
Column_4=23
Column_46=23
Column_187=23
Column_246=23
Column_248=23
Column_289=23
Column_13=22
Column_32=22
Column_48=22
Column_242=22
Column_9=21
Column_62=21
Column_170=21
Column_212=21
Column_241=21
Column_2=20
Column_18=20
Column_22=20
Column_105=20
Column_131=20
Column_185=20
Column_237=20
Column_5=19
Column_50=19
Column_11=18
Column_281=18
Column_12=17
Column_16=17
Column_89=17
Column_125=17
Column_143=17
Column_160=17
Column_211=17
Column_290=17
Column_29=16
Column_30=16
Column_31=16
Column_219=16
Column_245=16
Column_255=16
Column_39=15
Column_51=15
Column_61=15
Column_80=15
Column_7=14
Column_14=14
Column_43=14
Column_52=14
Column_85=14
Column_86=14
Column_146=14
Column_190=14
Column_282=14
Column_26=13
Column_36=13
Column_44=13
Column_55=13
Column_69=13
Column_100=13
Column_118=13
Column_133=13
Column_184=13
Column_201=13
Column_258=13
Column_272=13
Column_15=12
Column_20=12
Column_25=12
Column_33=12
Column_47=12
Column_77=12
Column_154=12
Column_178=12
Column_6=11
Column_19=11
Column_24=11
Column_27=11
Column_45=11
Column_91=11
Column_121=11
Column_122=11
Column_123=11
Column_124=11
Column_141=11
Column_165=11
Column_235=11
Column_240=11
Column_275=11
Column_38=10
Column_63=10
Column_88=10
Column_109=10
Column_112=10
Column_164=10
Column_168=10
Column_217=10
Column_220=10
Column_228=10
Column_234=10
Column_244=10
Column_277=10
Column_279=10
Column_286=10
Column_40=9
Column_65=9
Column_66=9
Column_68=9
Column_78=9
Column_87=9
Column_155=9
Column_198=9
Column_218=9
Column_223=9
Column_263=9
Column_34=8
Column_37=8
Column_56=8
Column_81=8
Column_90=8
Column_95=8
Column_104=8
Column_130=8
Column_137=8
Column_140=8
Column_145=8
Column_181=8
Column_186=8
Column_200=8
Column_202=8
Column_236=8
Column_250=8
Column_253=8
Column_256=8
Column_266=8
Column_17=7
Column_41=7
Column_42=7
Column_49=7
Column_67=7
Column_70=7
Column_72=7
Column_83=7
Column_96=7
Column_103=7
Column_111=7
Column_117=7
Column_120=7
Column_127=7
Column_149=7
Column_158=7
Column_161=7
Column_180=7
Column_191=7
Column_192=7
Column_199=7
Column_273=7
Column_53=6
Column_60=6
Column_71=6
Column_101=6
Column_102=6
Column_114=6
Column_135=6
Column_139=6
Column_144=6
Column_152=6
Column_153=6
Column_162=6
Column_171=6
Column_173=6
Column_215=6
Column_221=6
Column_226=6
Column_270=6
Column_280=6
Column_58=5
Column_59=5
Column_74=5
Column_84=5
Column_97=5
Column_99=5
Column_108=5
Column_110=5
Column_116=5
Column_134=5
Column_138=5
Column_172=5
Column_193=5
Column_214=5
Column_222=5
Column_225=5
Column_238=5
Column_243=5
Column_252=5
Column_254=5
Column_268=5
Column_271=5
Column_276=5
Column_73=4
Column_76=4
Column_79=4
Column_98=4
Column_106=4
Column_128=4
Column_129=4
Column_142=4
Column_148=4
Column_156=4
Column_157=4
Column_167=4
Column_176=4
Column_203=4
Column_204=4
Column_207=4
Column_209=4
Column_213=4
Column_233=4
Column_259=4
Column_260=4
Column_261=4
Column_264=4
Column_265=4
Column_269=4
Column_92=3
Column_94=3
Column_107=3
Column_113=3
Column_115=3
Column_132=3
Column_136=3
Column_147=3
Column_150=3
Column_177=3
Column_194=3
Column_195=3
Column_196=3
Column_197=3
Column_205=3
Column_208=3
Column_210=3
Column_227=3
Column_229=3
Column_230=3
Column_231=3
Column_262=3
Column_267=3
Column_54=2
Column_64=2
Column_75=2
Column_82=2
Column_151=2
Column_159=2
Column_174=2
Column_188=2
Column_224=2
Column_274=2
Column_278=2
Column_93=1
Column_126=1
Column_163=1
Column_166=1
Column_169=1
Column_175=1
Column_179=1
Column_206=1
Column_216=1

parameters:
[boosting: gbdt]
[objective: regression]
[metric: l2]
[tree_learner: serial]
[device_type: gpu]
[data_sample_strategy: bagging]
[data: ]
[valid: ]
[num_iterations: 150]
[learning_rate: 0.05]
[num_leaves: 31]
[num_threads: 0]
[seed: 46]
[deterministic: 0]
[force_col_wise: 1]
[force_row_wise: 0]
[histogram_pool_size: -1]
[max_depth: -1]
[min_data_in_leaf: 20]
[min_sum_hessian_in_leaf: 0.001]
[bagging_fraction: 0.8]
[pos_bagging_fraction: 1]
[neg_bagging_fraction: 1]
[bagging_freq: 5]
[bagging_seed: 10626]
[bagging_by_query: 0]
[feature_fraction: 0.8]
[feature_fraction_bynode: 1]
[feature_fraction_seed: 28005]
[extra_trees: 0]
[extra_seed: 28586]
[early_stopping_round: 0]
[early_stopping_min_delta: 0]
[first_metric_only: 0]
[max_delta_step: 0]
[lambda_l1: 0]
[lambda_l2: 0]
[linear_lambda: 0]
[min_gain_to_split: 0]
[drop_rate: 0.1]
[max_drop: 50]
[skip_drop: 0.5]
[xgboost_dart_mode: 0]
[uniform_drop: 0]
[drop_seed: 23790]
[top_rate: 0.2]
[other_rate: 0.1]
[min_data_per_group: 100]
[max_cat_threshold: 32]
[cat_l2: 10]
[cat_smooth: 10]
[max_cat_to_onehot: 4]
[top_k: 20]
[monotone_constraints: ]
[monotone_constraints_method: basic]
[monotone_penalty: 0]
[feature_contri: ]
[forcedsplits_filename: ]
[refit_decay_rate: 0.9]
[cegb_tradeoff: 1]
[cegb_penalty_split: 0]
[cegb_penalty_feature_lazy: ]
[cegb_penalty_feature_coupled: ]
[path_smooth: 0]
[interaction_constraints: ]
[verbosity: -1]
[saved_feature_importance_type: 0]
[use_quantized_grad: 0]
[num_grad_quant_bins: 4]
[quant_train_renew_leaf: 0]
[stochastic_rounding: 1]
[linear_tree: 0]
[max_bin: 255]
[max_bin_by_feature: ]
[min_data_in_bin: 3]
[bin_construct_sample_cnt: 200000]
[data_random_seed: 188]
[is_enable_sparse: 1]
[enable_bundle: 1]
[use_missing: 1]
[zero_as_missing: 0]
[feature_pre_filter: 1]
[pre_partition: 0]
[two_round: 0]
[header: 0]
[label_column: ]
[weight_column: ]
[group_column: ]
[ignore_column: ]
[categorical_feature: ]
[forcedbins_filename: ]
[precise_float_parser: 0]
[parser_config_file: ]
[objective_seed: 24573]
[num_class: 1]
[is_unbalance: 0]
[scale_pos_weight: 1]
[sigmoid: 1]
[boost_from_average: 1]
[reg_sqrt: 0]
[alpha: 0.9]
[fair_c: 1]
[poisson_max_delta_step: 0.7]
[tweedie_variance_power: 1.5]
[lambdarank_truncation_level: 30]
[lambdarank_norm: 1]
[label_gain: ]
[lambdarank_position_bias_regularization: 0]
[eval_at: ]
[multi_error_top_k: 1]
[auc_mu_weights: ]
[num_machines: 1]
[local_listen_port: 12400]
[time_out: 120]
[machine_list_filename: ]
[machines: ]
[gpu_platform_id: -1]
[gpu_device_id: -1]
[gpu_use_dp: 0]
[num_gpu: 1]

end of parameters

pandas_categorical:null
