tree
version=v4
num_class=1
num_tree_per_iteration=1
label_index=0
max_feature_idx=299
objective=regression
feature_names=Column_0 Column_1 Column_2 Column_3 Column_4 Column_5 Column_6 Column_7 Column_8 Column_9 Column_10 Column_11 Column_12 Column_13 Column_14 Column_15 Column_16 Column_17 Column_18 Column_19 Column_20 Column_21 Column_22 Column_23 Column_24 Column_25 Column_26 Column_27 Column_28 Column_29 Column_30 Column_31 Column_32 Column_33 Column_34 Column_35 Column_36 Column_37 Column_38 Column_39 Column_40 Column_41 Column_42 Column_43 Column_44 Column_45 Column_46 Column_47 Column_48 Column_49 Column_50 Column_51 Column_52 Column_53 Column_54 Column_55 Column_56 Column_57 Column_58 Column_59 Column_60 Column_61 Column_62 Column_63 Column_64 Column_65 Column_66 Column_67 Column_68 Column_69 Column_70 Column_71 Column_72 Column_73 Column_74 Column_75 Column_76 Column_77 Column_78 Column_79 Column_80 Column_81 Column_82 Column_83 Column_84 Column_85 Column_86 Column_87 Column_88 Column_89 Column_90 Column_91 Column_92 Column_93 Column_94 Column_95 Column_96 Column_97 Column_98 Column_99 Column_100 Column_101 Column_102 Column_103 Column_104 Column_105 Column_106 Column_107 Column_108 Column_109 Column_110 Column_111 Column_112 Column_113 Column_114 Column_115 Column_116 Column_117 Column_118 Column_119 Column_120 Column_121 Column_122 Column_123 Column_124 Column_125 Column_126 Column_127 Column_128 Column_129 Column_130 Column_131 Column_132 Column_133 Column_134 Column_135 Column_136 Column_137 Column_138 Column_139 Column_140 Column_141 Column_142 Column_143 Column_144 Column_145 Column_146 Column_147 Column_148 Column_149 Column_150 Column_151 Column_152 Column_153 Column_154 Column_155 Column_156 Column_157 Column_158 Column_159 Column_160 Column_161 Column_162 Column_163 Column_164 Column_165 Column_166 Column_167 Column_168 Column_169 Column_170 Column_171 Column_172 Column_173 Column_174 Column_175 Column_176 Column_177 Column_178 Column_179 Column_180 Column_181 Column_182 Column_183 Column_184 Column_185 Column_186 Column_187 Column_188 Column_189 Column_190 Column_191 Column_192 Column_193 Column_194 Column_195 Column_196 Column_197 Column_198 Column_199 Column_200 Column_201 Column_202 Column_203 Column_204 Column_205 Column_206 Column_207 Column_208 Column_209 Column_210 Column_211 Column_212 Column_213 Column_214 Column_215 Column_216 Column_217 Column_218 Column_219 Column_220 Column_221 Column_222 Column_223 Column_224 Column_225 Column_226 Column_227 Column_228 Column_229 Column_230 Column_231 Column_232 Column_233 Column_234 Column_235 Column_236 Column_237 Column_238 Column_239 Column_240 Column_241 Column_242 Column_243 Column_244 Column_245 Column_246 Column_247 Column_248 Column_249 Column_250 Column_251 Column_252 Column_253 Column_254 Column_255 Column_256 Column_257 Column_258 Column_259 Column_260 Column_261 Column_262 Column_263 Column_264 Column_265 Column_266 Column_267 Column_268 Column_269 Column_270 Column_271 Column_272 Column_273 Column_274 Column_275 Column_276 Column_277 Column_278 Column_279 Column_280 Column_281 Column_282 Column_283 Column_284 Column_285 Column_286 Column_287 Column_288 Column_289 Column_290 Column_291 Column_292 Column_293 Column_294 Column_295 Column_296 Column_297 Column_298 Column_299
feature_infos=[-12.039215087890625:13.567867279052734] [-9.0282354354858398:13.292186737060547] [-11.898569107055664:14.265478134155273] [-10.631372451782227:13.076930999755859] [-11.213831901550293:13.896256446838379] [-10.491848945617676:13.564705848693848] [-9.3518953323364258:14.404314041137695] [-9.3080387115478516:14.619999885559082] [-10.052448272705078:14.22862720489502] [-14.166380882263184:14.42823600769043] [-12.881992340087891:23.624116897583008] [-12.354117393493652:15.315293312072754] [-14.029411315917969:16.659215927124023] [-13.770588874816895:13.739607810974121] [-9.0548629760742188:12.904705047607422] [-10.485309600830078:12.419216156005859] [-11.702726364135742:13.142745018005371] [-10.833507537841797:12.141961097717285] [-12.91749382019043:13.378716468811035] [-10.780783653259277:13.527843475341797] [-13.213725090026855:11.539215087890625] [-13.489934921264648:13.539934158325195] [-11.991443634033203:11.382352828979492] [-15.818301200866699:12.386275291442871] [-14.289803504943848:14.211568832397461] [-16.602981567382812:14.813071250915527] [-19.428497314453125:15.863724708557129] [-21.482521057128906:16.475164413452148] [-22.993373870849609:17.101961135864258] [-22.320049285888672:20.967321395874023] [-27.440874099731445:20.43450927734375] [-30.349273681640625:20.286039352416992] [-29.913568496704102:21.059999465942383] [-29.15656852722168:20.949804306030273] [-30.86981201171875:20.910196304321289] [-31.973136901855469:20.907516479492188] [-32.777812957763672:20.358430862426758] [-35.278400421142578:20.310195922851562] [-39.441516876220703:18.030000686645508] [-38.570343017578125:17.336349487304688] [-36.374599456787109:18.130195617675781] [-35.931182861328125:17.609830856323242] [-37.719459533691406:16.679214477539062] [-37.653244018554688:16.837648391723633] [-38.097400665283203:15.97764778137207] [-37.589000701904297:17.110588073730469] [-36.226741790771484:19.444705963134766] [-36.602588653564453:21.054117202758789] [-34.403408050537109:20.129411697387695] [-32.581764221191406:24.012941360473633] [-30.942966461181641:24.389411926269531] [-29.190866470336914:23.771764755249023] [-27.214387893676758:23.575685501098633] [-25.052406311035156:26.649019241333008] [-26.373796463012695:29.309803009033203] [-25.274051666259766:32.080001831054688] [-24.800785064697266:34.453334808349609] [-24.622016906738281:36.893726348876953] [-24.679903030395508:39.973724365234375] [-25.903081893920898:42.108234405517578] [-24.608123779296875:44.737255096435547] [-27.645881652832031:47.723529815673828] [-27.188850402832031:48.278823852539062] [-27.605377197265625:49.909801483154297] [-26.75663948059082:50.381961822509766] [-27.354330062866211:50.342742919921875] [-30.751764297485352:52.160781860351562] [-27.929304122924805:53.063137054443359] [-28.552406311035156:53.026275634765625] [-27.132884979248047:53.074115753173828] [-28.967449188232422:56.340000152587891] [-29.376583099365234:54.759212493896484] [-27.995630264282227:51.036472320556641] [-28.15208625793457:51.672943115234375] [-27.642072677612305:52.930980682373047] [-27.306737899780273:52.524703979492188] [-27.992549896240234:51.689804077148438] [-29.173431396484375:49.923137664794922] [-29.548627853393555:50.178432464599609] [-30.848922729492188:48.658432006835938] [-32.824901580810547:48.380001068115234] [-30.863531112670898:44.809803009033203] [-32.476764678955078:44.785099029541016] [-32.592254638671875:43.024314880371094] [-34.357551574707031:41.577255249023438] [-35.516078948974609:40.223529815673828] [-36.489608764648438:37.958431243896484] [-37.052841186523438:33.409412384033203] [-38.631767272949219:35.985881805419922] [-41.137256622314453:33.982746124267578] [-39.545589447021484:34.431766510009766] [-40.169803619384766:35.136470794677734] [-40.47784423828125:32.743923187255859] [-43.641277313232422:29.23176383972168] [-42.758625030517578:29.103137969970703] [-44.251960754394531:28.95294189453125] [-45.920394897460938:27.740785598754883] [-45.957645416259766:25.461959838867188] [-46.393234252929688:26.949020385742188] [-48.145389556884766:26.561960220336914] [-47.446372985839844:32.365489959716797] [-47.565097808837891:34.129020690917969] [-47.614311218261719:32.685489654541016] [-50.079704284667969:33.330982208251953] [-48.343334197998047:35.152549743652344] [-49.401470184326172:35.691371917724609] [-49.608921051025391:35.232940673828125] [-49.543628692626953:37.582351684570312] [-48.223037719726562:42.203136444091797] [-49.146080017089844:43.480785369873047] [-49.885883331298828:43.513725280761719] [-50.181861877441406:45.181961059570312] [-49.870979309082031:44.949409484863281] [-49.358726501464844:48.074115753173828] [-49.819900512695312:49.32470703125] [-48.97833251953125:51.004314422607422] [-49.952938079833984:51.09686279296875] [-51.260688781738281:54.159214019775391] [-48.178428649902344:55.147056579589844] [-49.066764831542969:56.186664581298828] [-49.673236846923828:57.325489044189453] [-49.862941741943359:59.670978546142578] [-48.651470184326172:60.5313720703125] [-48.849216461181641:65.175689697265625] [-50.794803619384766:61.961566925048828] [-50.631664276123047:62.884315490722656] [-50.150489807128906:63.683135986328125] [-51.701667785644531:64.278038024902344] [-51.086666107177734:64.590591430664062] [-52.223724365234375:67.777252197265625] [-52.8067626953125:66.285881042480469] [-52.015880584716797:64.946273803710938] [-53.847743988037109:61.069805145263672] [-54.230880737304688:62.994510650634766] [-55.430095672607422:62.231372833251953] [-54.959606170654297:62.4447021484375] [-55.471275329589844:60.27490234375] [-56.650688171386719:59.196468353271484] [-57.518333435058594:56.230587005615234] [-57.977352142333984:55.236473083496094] [-56.678920745849609:53.882354736328125] [-59.222156524658203:51.530590057373047] [-59.240882873535156:50.692157745361328] [-60.700489044189453:49.863529205322266] [-63.816173553466797:46.571372985839844] [-64.556861877441406:45.270980834960938] [-64.879310607910156:41.001174926757812] [-68.293037414550781:38.738037109375] [-67.882545471191406:37.305492401123047] [-69.683822631835938:33.860393524169922] [-72.095489501953125:32.424705505371094] [-71.535194396972656:33.247058868408203] [-73.289405822753906:31.859214782714844] [-75.305976867675781:31.262746810913086] [-75.44000244140625:30.696079254150391] [-74.500289916992188:32.241962432861328] [-76.408134460449219:29.49725341796875] [-77.023330688476562:29.185489654541016] [-77.299514770507812:29.933725357055664] [-75.84735107421875:31.179609298706055] [-78.431076049804688:27.868625640869141] [-78.962448120117188:28.433725357055664] [-79.816566467285156:26.910587310791016] [-81.047843933105469:29.995292663574219] [-80.6439208984375:32.167449951171875] [-79.169700622558594:31.559215545654297] [-81.452354431152344:31.55372428894043] [-80.950294494628906:31.960000991821289] [-81.329704284667969:35.280784606933594] [-82.270103454589844:36.030197143554688] [-81.557846069335938:34.674118041992188] [-81.960395812988281:39.896862030029297] [-81.989906311035156:40.171371459960938] [-83.401275634765625:41.732940673828125] [-83.726959228515625:42.968235015869141] [-83.378532409667969:43.244705200195312] [-84.042259216308594:45.569805145263672] [-82.750297546386719:45.960391998291016] [-83.120002746582031:45.454902648925781] [-83.599319458007812:47.046272277832031] [-83.571083068847656:48.826667785644531] [-84.356269836425781:50.448234558105469] [-86.365394592285156:50.089412689208984] [-86.120681762695312:55.312156677246094] [-86.10430908203125:55.369804382324219] [-85.503433227539062:55.474903106689453] [-86.235885620117188:55.018039703369141] [-86.725494384765625:53.713333129882812] [-86.251274108886719:55.359607696533203] [-87.681083679199219:54.759609222412109] [-87.438529968261719:54.609806060791016] [-88.625:54.388236999511719] [-89.152252197265625:54.502742767333984] [-90.002647399902344:53.711372375488281] [-91.3306884765625:54.241958618164062] [-91.044509887695312:52.393333435058594] [-91.97686767578125:50.692546844482422] [-93.247642517089844:49.721569061279297] [-93.650787353515625:48.731372833251953] [-95.055885314941406:47.417255401611328] [-94.411376953125:45.817649841308594] [-97.962837219238281:43.132156372070312] [-97.131271362304688:39.079998016357422] [-98.411170959472656:38.963920593261719] [-99.444900512695312:37.985095977783203] [-99.398330688476562:35.386276245117188] [-102.76058959960938:35.593334197998047] [-103.59244537353516:32.356472015380859] [-105.36146545410156:34.240394592285156] [-105.39470672607422:30.405488967895508] [-106.49882507324219:28.963138580322266] [-107.78696441650391:25.574901580810547] [-108.70646667480469:26.014900207519531] [-109.52068328857422:24.356863021850586] [-110.75666809082031:22.772941589355469] [-111.50402069091797:23.123529434204102] [-112.24617767333984:23.070589065551758] [-112.76637268066406:23.079608917236328] [-113.67470550537109:24.053646087646484] [-113.75901794433594:22.879018783569336] [-114.98568725585938:22.425752639770508] [-116.97166442871094:23.214967727661133] [-117.63676452636719:23.275032043457031] [-118.010986328125:24.23521614074707] [-118.06166839599609:24.896419525146484] [-117.8251953125:25.107843399047852] [-119.35421752929688:25.06549072265625] [-119.78823852539062:24.560783386230469] [-119.90725708007812:25.34705924987793] [-119.47176361083984:25.670587539672852] [-119.70814514160156:26.851764678955078] [-119.81813812255859:28.342351913452148] [-119.99186706542969:31.260784149169922] [-118.36244964599609:28.9188232421875] [-119.5567626953125:32.932941436767578] [-118.94107818603516:34.005882263183594] [-119.49069213867188:31.351764678955078] [-119.94147491455078:31.699605941772461] [-119.10411834716797:39.065097808837891] [-120.01538848876953:40.296470642089844] [-120.55813598632812:45.341175079345703] [-119.85538482666016:44.165882110595703] [-119.60597991943359:42.084705352783203] [-120.69304656982422:43.08392333984375] [-121.72853088378906:46.394119262695312] [-121.74274444580078:48.687450408935547] [-121.85813140869141:45.573722839355469] [-121.90264129638672:42.092159271240234] [-121.99891662597656:43.338825225830078] [-122.75049591064453:43.664314270019531] [-123.53529357910156:42.959999084472656] [-123.62401580810547:44.256076812744141] [-123.63922119140625:45.409412384033203] [-124.39402008056641:44.364311218261719] [-125.03500366210938:43.5184326171875] [-124.65167236328125:44.281570434570312] [-124.47088623046875:43.523529052734375] [-125.22352600097656:41.511764526367188] [-126.05979919433594:40.2564697265625] [-126.68116760253906:39.694118499755859] [-127.31049346923828:38.8560791015625] [-129.12068176269531:37.299999237060547] [-130.96577453613281:34.356468200683594] [-130.961181640625:31.546667098999023] [-130.78305053710938:30.167842864990234] [-132.28422546386719:29.472549438476562] [-134.02284240722656:29.43450927734375] [-134.98019409179688:28.855295181274414] [-135.83029174804688:27.682352066040039] [-137.57736206054688:26.210588455200195] [-139.26353454589844:24.961177825927734] [-139.06941223144531:24.292942047119141] [-138.79754638671875:23.741176605224609] [-141.45411682128906:23.167058944702148] [-144.20225524902344:22.841176986694336] [-144.936279296875:22.658117294311523] [-145.46607971191406:24.490196228027344] [-145.96745300292969:24.684379577636719] [-146.19108581542969:24.538692474365234] [-147.27842712402344:23.732549667358398] [-148.71470642089844:25.052549362182617] [-148.835693359375:23.432548522949219] [-148.60235595703125:25.840293884277344] [-149.90216064453125:25.008235931396484] [-151.77687072753906:27.046276092529297] [-153.05685424804688:25.996078491210938] [-154.10902404785156:26.307058334350586] [-153.35107421875:26.032155990600586] [-152.50578308105469:25.754901885986328] [-152.59196472167969:25.467058181762695] [-152.79756164550781:27.263528823852539] [-153.52607727050781:28.263530731201172] [-154.27381896972656:29.159999847412109] [-154.62156677246094:29.757646560668945] [-155.0543212890625:30.191764831542969] [-155.0792236328125:31.350587844848633] [-155.1553955078125:32.720001220703125] [-155.52490234375:37.140056610107422] [-155.95108032226562:35.702705383300781] [-156.06205749511719:35.174118041992188]
tree_sizes=2829 2867 2861 2874 2874 2872 2875 2876 2896 2875 2878 2874 2900 2873 2896 2880 2873 2882 2893 2900 2901 2884 2895 2903 2905 2911 2910 2898 2900 2928

Tree=0
num_leaves=31
num_cat=0
split_feature=299 299 299 299 299 299 299 299 44 299 299 299 299 299 299 181 284 293 299 299 160 294 293 253 299 293 299 271 291 294
split_gain=504780 134277 90857.1 49099 43778 24015.3 22085.8 17438.9 10545.6 8818.93 8030.98 3359.96 3300.44 2743.18 2655.94 2481.82 1648.64 1558.2 1164.71 1077.32 970.334 948.442 725.888 713.168 688.257 643.43 625.648 527.921 506.355 454.59
threshold=-9.3328785896301252 -0.20823530107736585 -23.046188354492184 -4.2440242767333975 12.101323604583742 -14.833927154541014 -30.182942390441891 3.3583559989929204 -10.072352886199949 -2.434723854064941 -6.5837361812591544 -18.653985023498532 -12.324445724487303 1.449607849121094 5.7765879631042489 17.541275024414066 9.3217110633850115 -0.93614381551742543 -5.3593602180480948 -3.4166544675827022 -5.9614593982696524 -6.8627166748046866 -14.433006286621092 5.8094513416290292 -25.675490379333493 -9.1225166320800763 -1.3900001049041746 -27.748627662658688 -0.76517650485038746 -18.433526039123532
decision_type=2 2 2 2 2 2 2 2 2 2 2 2 2 2 2 2 2 2 2 2 2 2 2 2 2 2 2 2 2 2
left_child=2 3 6 10 7 11 8 13 -1 19 21 29 -7 28 -9 -6 -17 20 -12 -5 -11 -2 -13 -16 -8 -14 -22 -10 -3 -4
right_child=1 4 5 9 15 12 24 14 27 17 18 22 25 -15 23 16 -18 -19 -20 -21 26 -23 -24 -25 -26 -27 -28 -29 -30 -31
leaf_value=-6.2140380661971593 -3.7918384824167934 -3.4098186956041641 -4.4345737476728155 -3.5699034134199699 -2.742088104368352 -4.0615181077249023 -4.7510603947133552 -3.1898079047096122 -5.2819489590534774 -3.6493140547462675 -3.6668351634815961 -4.2385097085621721 -3.9398621063074941 -3.2941665646619178 -3.0784559401299494 -2.4142766073257138 -1.9886114389320766 -3.436244190485136 -3.6122107788443114 -3.5298665373793607 -3.4930242447224842 -3.7203594919709539 -4.1126086463549143 -2.9415477753081256 -4.5824434817345967 -3.8581601250679287 -3.4573375576766017 -5.0134824089163432 -3.3627218879004035 -4.3098867156646774
leaf_weight=36 1037 801 258 2729 28 569 114 780 47 87 1656 438 733 1603 322 46 45 2515 2376 4372 3650 840 155 135 129 359 1851 30 1985 102
leaf_count=36 1037 801 258 2729 28 569 114 780 47 87 1656 438 733 1603 322 46 45 2515 2376 4372 3650 840 155 135 129 359 1851 30 1985 102
internal_value=-3.56219 -3.49379 -4.18073 -3.55211 -3.27947 -4.07867 -4.93011 -3.29954 -5.50762 -3.50457 -3.67442 -4.27875 -3.96388 -3.34628 -3.13373 -2.33044 -2.20378 -3.46893 -3.63465 -3.54525 -3.48364 -3.75985 -4.2056 -3.03801 -4.66155 -3.913 -3.48102 -5.17735 -3.37626 -4.39925
internal_weight=29828 26858 2970 21113 5745 2614 356 5626 113 15204 5909 953 1661 4389 1237 119 91 8103 4032 7101 5588 1877 593 457 243 1092 5501 77 2786 360
internal_count=29828 26858 2970 21113 5745 2614 356 5626 113 15204 5909 953 1661 4389 1237 119 91 8103 4032 7101 5588 1877 593 457 243 1092 5501 77 2786 360
is_linear=0
shrinkage=1


Tree=1
num_leaves=31
num_cat=0
split_feature=299 299 299 299 299 299 299 299 44 299 299 299 299 299 299 181 299 284 293 299 299 212 240 242 299 255 249 293 273 293
split_gain=455646 118052 87523.3 39990 39509.6 30368.1 15965.9 15738.6 9517.38 6843 6806.42 2475.71 2448.38 2278.78 2253.53 2239.85 1791.08 1487.89 1076.1 1057.93 979.336 898.304 828.121 759.49 621.145 528.412 485.734 464.859 456.921 419.665
threshold=-8.8686537742614728 -0.20823530107736585 -20.048726081848141 -3.9956535100936885 12.101323604583742 -30.182942390441891 -13.16462182998657 3.3583559989929204 -10.072352886199949 -6.06909155845642 -2.1360032558441158 1.449607849121094 7.2229645252227792 -16.15642166137695 -23.046188354492184 17.541275024414066 -10.793580532073973 9.3217110633850115 -0.93614381551742543 -2.9411536455154415 -7.3690526485443106 -6.9119775295257559 -4.1247549057006827 4.2005653381347665 -25.675490379333493 -11.674117565155028 -23.717877388000485 0.16638236492872241 -3.8725122213363643 -16.518236160278317
decision_type=2 2 2 2 2 2 2 2 2 2 2 2 2 2 2 2 2 2 2 2 2 2 2 2 2 2 2 2 2 2
left_child=2 3 5 9 7 8 13 11 -1 20 19 27 23 25 24 -6 -8 -17 21 28 -2 -12 -11 -9 -7 -4 -10 -3 -5 -16
right_child=1 4 6 10 15 14 16 12 26 22 18 -13 -14 -15 29 17 -18 -19 -20 -21 -22 -23 -24 -25 -26 -27 -28 -29 -30 -31
leaf_value=-2.519663492838542 -0.20184018699071743 0.15556318397170221 -0.69525442493054301 -0.01634901570484313 0.77868783133370545 -1.1298343056126645 -0.39543919069092481 0.34485060858861205 -1.6244765337775737 -0.085686258808036764 -0.093379454253471064 0.25421430048761112 0.55421390450156938 -0.52255026696064222 -0.85158702472470849 1.090110156847083 -0.28793190119539552 1.4944919416639539 0.12268405220533303 0.045409382254923324 -0.13463926285963793 0.083492467134363132 -0.038331480383915983 0.43977634302775065 -0.96964915667393425 -0.5588808476239786 -1.3589285043569712 0.19641382751776193 0.019948704606710901 -0.63874609286968531
leaf_weight=36 930 1377 387 1266 28 114 714 708 51 1384 73 1603 229 582 212 46 847 45 2314 3761 1300 4320 2773 300 129 87 26 1409 2751 26
leaf_count=36 930 1377 387 1266 28 114 714 708 51 1384 73 1603 229 582 212 46 847 45 2314 3761 1300 4320 2773 300 129 87 26 1409 2751 26
internal_value=-0.000408429 0.0674669 -0.563049 0.0122222 0.268175 -1.11097 -0.438683 0.249105 -1.84857 -0.0920033 0.0581793 0.204708 0.406631 -0.588836 -0.937692 1.16975 -0.337106 1.29008 0.095089 0.026352 -0.162665 0.0805533 -0.0540974 0.373102 -1.0448 -0.670224 -1.53481 0.176223 0.00850909 -0.828335
internal_weight=29828 26617 3211 20872 5745 594 2617 5626 113 6387 14485 4389 1237 1056 481 119 1561 91 6707 7778 2230 4393 4157 1008 243 474 77 2786 4017 238
internal_count=29828 26617 3211 20872 5745 594 2617 5626 113 6387 14485 4389 1237 1056 481 119 1561 91 6707 7778 2230 4393 4157 1008 243 474 77 2786 4017 238
is_linear=0
shrinkage=0.05


Tree=2
num_leaves=31
num_cat=0
split_feature=299 299 299 299 299 299 299 299 45 299 299 299 299 299 181 299 218 299 291 293 251 293 212 212 299 293 296 294 164 295
split_gain=411342 109353 73974.7 40081.7 35657.4 19623.1 17989 14267.7 8649.74 7586.6 6168.24 2878.4 2757.24 2698.78 2021.46 1697.72 1351.65 1326.75 1089.36 1023.62 795.57 616.471 584.802 574.936 560.588 556.989 552.937 523.96 515.051 515.003
threshold=-9.3328785896301252 -0.20823530107736585 -23.046188354492184 -4.3339214324951163 12.101323604583742 -14.833927154541014 -30.182942390441891 3.8825629949569707 -9.9562420845031721 -2.434723854064941 -6.7026360034942618 1.5414597392082217 -18.653985023498532 -12.324445724487303 17.541275024414066 7.2229645252227792 13.440083980560305 -1.1895919442176817 -5.3786096572875968 -3.3243530988693233 -6.0919888019561759 -14.433006286621092 -6.7703921794891349 -5.6901035308837882 -25.675490379333493 -9.1225166320800763 1.7796078324317934 12.162022113800051 -5.5441174507141104 1.8454901576042178
decision_type=2 2 2 2 2 2 2 2 2 2 2 2 2 2 2 2 2 2 2 2 2 2 2 2 2 2 2 2 2 2
left_child=2 3 6 10 7 12 8 11 -1 19 20 -3 -4 -7 -6 29 27 23 -12 -5 -2 -14 -19 -11 -8 -15 -13 -16 -21 -9
right_child=1 4 5 9 14 13 24 15 -10 17 18 26 21 25 16 -17 -18 22 -20 28 -22 -23 -24 -25 -26 -27 -28 -29 -30 -31
leaf_value=-2.4229574764476105 -0.21704839924393698 0.16904361048182959 -0.75667627970377604 -0.0087011261394638727 0.73975394112723214 -0.45118891442806741 -1.0733429490474233 0.26388028491403642 -1.4691566950158228 -0.049532381873577835 -0.10588690388306932 0.21610439863315847 -0.61158474351717462 -0.34188117545103153 0.893186496552967 0.52650327724140289 1.514625017983573 -0.08839230690565375 -0.050636785453742554 -0.1015007682547376 -0.14974304424015308 -0.49555993110902846 0.11444523277966574 0.071500115258988292 -0.92116642441860463 -0.26586511912120087 0.27405129939753836 1.1990693955194383 0.031554969509213202 0.3869771590372072
leaf_weight=34 860 2902 360 3013 28 569 114 97 79 100 1372 688 438 733 21 229 28 36 2551 74 897 155 2749 5218 129 359 1025 42 4243 685
leaf_count=34 860 2902 360 3013 28 569 114 97 79 100 1372 688 438 733 21 229 28 36 2551 74 897 155 2749 5218 129 359 1025 42 4243 685
internal_value=-0.000388007 0.0613569 -0.558753 0.00872874 0.254766 -0.466664 -1.23493 0.23665 -1.75614 0.0505231 -0.10483 0.199382 -0.647523 -0.362896 1.11126 0.406771 1.22558 0.0838655 -0.0699595 0.0136644 -0.182687 -0.581258 0.111823 0.0692242 -0.992558 -0.316891 0.250778 1.09711 0.0292742 0.371708
internal_weight=29828 26858 2970 21113 5745 2614 356 5626 113 15433 5680 4615 953 1661 119 1011 91 8103 3923 7330 1757 593 2785 5318 243 1092 1713 63 4317 782
internal_count=29828 26858 2970 21113 5745 2614 356 5626 113 15433 5680 4615 953 1661 119 1011 91 8103 3923 7330 1757 593 2785 5318 243 1092 1713 63 4317 782
is_linear=0
shrinkage=0.05


Tree=3
num_leaves=31
num_cat=0
split_feature=298 298 298 298 240 298 298 297 56 289 295 295 293 291 247 295 295 294 298 249 293 150 219 164 298 297 241 237 247 175
split_gain=363032 90889.4 64835.5 34345.4 32896 17963.4 16187.4 13074.7 8100.32 6869.52 6404.67 2535.52 2470.35 2425.72 2201.92 2175.82 2165.94 1682.06 1442.58 1136.66 1048.39 984.498 747.202 733.655 686.83 677.498 669.788 647.329 633.198 624.69
threshold=-9.5466966629028303 -0.15567694604396817 -23.265294075012203 -4.5032989978790274 11.864052772521974 -14.792321681976317 -30.528627395629879 3.5167380571365361 -9.5091667175292951 -2.1348730325698848 -5.9984595775604239 12.204117774963381 -17.403643608093258 0.69914177060127269 -3.655247569084167 6.1119816303253183 -11.378357410430906 -1.1327668428421018 -7.1839306354522696 -3.7503646612167354 -3.1058177947998042 -16.122447967529293 12.697396278381349 -4.9309945106506339 -18.826393127441403 9.0045094490051287 1.7008537054061892 -5.6969935894012442 -0.16725489497184751 -0.6127614676952361
decision_type=2 2 2 2 2 2 2 2 2 2 2 2 2 2 2 2 2 2 2 2 2 2 2 2 2 2 2 2 2 2
left_child=2 3 6 10 7 12 8 13 -1 14 18 -6 24 29 23 -9 -7 -11 -2 -12 -16 -10 -13 -5 -4 -17 -15 -18 -19 -3
right_child=1 4 5 9 11 16 -8 15 21 17 19 22 -14 26 20 25 27 28 -20 -21 -22 -23 -24 -25 -26 -27 -28 -29 -30 -31
leaf_value=-2.3914277175377157 -0.20613798913658699 0.10674916026133661 -0.75021774185287371 -0.10655936292645073 0.70663130018446185 -0.40422327899292815 -0.94250375915271967 0.3075677426464587 -1.647273152669271 0.060337085279402174 -0.084007403174823622 1.098354170457372 -0.54174657971326501 0.19130189068422526 0.0045621263542865269 0.40909096116286059 -0.30560912782623922 0.093959594202634 -0.12485069200194782 -0.023380561375117806 0.045303115541473683 -1.2875883836012623 1.4140428411549537 -0.020586218818375933 -0.62284256957826167 0.55216611570066154 0.24990711521457981 -0.18377887542431171 0.14471840808889078 0.15934441100421851
leaf_weight=29 1156 954 286 294 36 745 239 830 30 4511 1683 53 497 1429 2808 325 676 2103 1034 1430 3608 52 29 1591 168 111 740 130 868 1383
leaf_count=29 1156 954 286 294 36 745 239 830 30 4511 1683 53 497 1429 2808 325 676 2103 1034 1430 3608 52 29 1591 168 111 740 130 868 1383
internal_value=-0.000368607 0.0563488 -0.536837 0.00784247 0.23 -0.447673 -1.17424 0.213105 -1.67319 0.0448315 -0.102246 1.05643 -0.618767 0.173217 0.0135144 0.355076 -0.342766 0.0795767 -0.167759 -0.0561576 0.0274726 -1.41918 1.21 -0.0339953 -0.703083 0.445516 0.211296 -0.285959 0.108789 0.137874
internal_weight=29828 26976 2852 21086 5890 2502 350 5772 111 15783 5303 118 951 4506 8301 1266 1551 7482 2190 3113 6416 82 82 1885 454 436 2169 806 2971 2337
internal_count=29828 26976 2852 21086 5890 2502 350 5772 111 15783 5303 118 951 4506 8301 1266 1551 7482 2190 3113 6416 82 82 1885 454 436 2169 806 2971 2337
is_linear=0
shrinkage=0.05


Tree=4
num_leaves=31
num_cat=0
split_feature=299 299 299 299 299 299 299 299 45 299 299 299 299 187 299 299 299 218 294 212 299 241 247 133 257 294 241 291 299 249
split_gain=336086 87784.1 64510.3 31408.4 28303.9 22393.7 11778.1 10525.6 7486.13 6014.08 5057.13 1783.31 1712.92 1648.7 1634 1374.05 1325.81 1230.13 1006.03 878.802 827.619 725.658 651.311 581.221 571.395 536.549 441.603 421.225 420.287 368.626
threshold=-8.8686537742614728 0.064352925866842284 -20.048726081848141 -3.9956535100936885 12.101323604583742 -30.182942390441891 -13.732353210449217 3.8825629949569707 -9.9562420845031721 -2.1360032558441158 -6.06909155845642 1.8547986745834353 -10.793580532073973 18.11074256896973 -25.675490379333493 7.2229645252227792 -16.925929069519039 13.440083980560305 -0.87696075439453114 -6.7703921794891349 -2.9411536455154415 -5.5571067333221427 -3.93666660785675 -5.8313724994659415 -12.297468662261961 12.162022113800051 1.8022584915161135 1.0000000180025095e-35 -1.0220409631729124 -9.7047171592712385
decision_type=2 2 2 2 2 2 2 2 2 2 2 2 2 2 2 2 2 2 2 2 2 2 2 2 2 2 2 2 2 2
left_child=2 3 5 10 7 8 16 11 -1 20 21 27 -8 -6 -7 26 -4 25 19 -11 -5 -2 -12 -21 -16 -15 -9 -3 -25 -18
right_child=1 4 6 9 13 14 12 15 -10 18 22 -13 -14 17 24 -17 29 -19 -20 23 -22 -23 -24 28 -26 -27 -28 -29 -30 -31
leaf_value=-2.207711971507353 -0.17369129307148434 0.14003276036716089 -0.59451716893155815 0.0064057185040322711 0.66950116838727691 -0.97052248235334437 -0.34838822221986337 0.27757126147096811 -1.3203826517998418 -0.088177328109741215 -0.069825844812874835 0.23563942993886375 -0.24725619229403409 0.79555431863536008 -0.77174028914234993 0.47688453374471207 -0.49209098398176015 1.3912788108543115 0.10952953161668991 -0.092078514755345314 0.039043195461282321 -0.11593928417325297 -0.029834271882709706 0.066584698546441223 -0.53672705037253243 1.0972776087318978 0.36113345211510983 0.18076935310860356 0.1010984537798274 -0.39353440589263661
leaf_weight=34 941 1025 355 4017 28 114 828 220 79 85 1782 1352 847 23 339 229 468 27 2714 52 3761 1289 2375 3212 28 41 562 1666 1216 119
leaf_count=34 941 1025 355 4017 28 114 828 220 79 85 1782 1352 847 23 339 229 468 27 2714 52 3761 1289 2375 3212 28 41 562 1666 1216 119
internal_value=-0.000350177 0.0579438 -0.483567 0.0133456 0.24282 -0.953974 -0.376796 0.224873 -1.58737 0.0527568 -0.079564 0.18879 -0.297249 1.00501 -0.805172 0.369168 -0.518241 1.10825 0.0854219 0.0710893 0.0221874 -0.140309 -0.0469776 0.0741111 -0.75381 0.988846 0.337625 0.165253 0.0760627 -0.472111
internal_weight=29828 26617 3211 21444 5173 594 2617 5054 113 15057 6387 4043 1675 119 481 1011 942 91 7279 4565 7778 2230 4157 4480 367 64 782 2691 4428 587
internal_count=29828 26617 3211 21444 5173 594 2617 5054 113 15057 6387 4043 1675 119 481 1011 942 91 7279 4565 7778 2230 4157 4480 367 64 782 2691 4428 587
is_linear=0
shrinkage=0.05


Tree=5
num_leaves=31
num_cat=0
split_feature=299 299 299 299 299 299 299 299 7 299 299 299 299 299 7 299 299 286 299 236 291 288 237 212 247 294 160 251 296 247
split_gain=303571 80147.5 57703.3 27284.8 23625.7 17576.5 13482.7 10271.5 6112.95 4625.16 3029.69 2811.77 1904.02 1752.99 1464.69 1405.23 1185.87 880.297 727.439 657.429 606.247 592.636 519.727 515.692 505.402 480.174 463.794 399.027 389.374 387.574
threshold=-8.8686537742614728 -0.75529411435127247 -20.048726081848141 12.101323604583742 -4.5271067619323722 -30.182942390441891 2.6164286136627202 -13.16462182998657 2.7774353027343754 -2.7127149105072017 -6.4623091220855704 5.7765879631042489 0.5500592589378358 -25.675490379333493 4.9909093379974374 -16.925929069519039 -10.793580532073973 9.8100986480712908 -1.9576470255851743 -2.5497028827667232 -4.9763233661651602 -30.438570022583004 7.6294255256652841 -7.3797197341918936 -4.6164109706878653 3.7347093820571904 -5.4490029811859122 -17.071564674377438 1.4114117622375491 -11.902083396911619
decision_type=2 2 2 2 2 2 2 2 2 2 2 2 2 2 2 2 2 2 2 2 2 2 2 2 2 2 2 2 2 2
left_child=2 4 5 6 10 8 12 15 21 19 24 25 23 -7 -5 -4 -9 -16 -11 -6 -12 -1 -13 -3 -2 -8 -20 -15 -14 -17
right_child=1 3 7 14 9 13 11 16 -10 18 20 22 28 27 17 29 -18 -19 26 -21 -22 -23 -24 -25 -26 -27 -28 -29 -30 -31
leaf_value=-1.3077846679687501 -0.1610316860865787 -0.102304484637884 -0.55996097208082507 0.74298139299665189 -0.012493839980436039 -0.9380357869466146 0.24292115631728023 -0.32391203760933107 -1.9808612321552479 0.04319785838765082 -0.086355959101631213 0.38808525420807222 0.16111033949172848 -0.77150713676630067 0.95617822345934433 -0.4774521363671147 -0.23580267888849435 1.3152130865281628 -0.05322085212863667 0.019338645614925459 -0.042489264422449574 -1.0170863257514107 0.52349033355712893 0.12137049771439015 -0.10284009349099213 0.30508911189431387 0.075596111869023694 -0.66529536194853733 0.20139114162148952 -0.40386132498582206
leaf_weight=50 1255 26 353 42 3253 120 733 711 38 3528 1439 364 1327 172 38 335 825 31 71 3235 1740 27 88 2899 531 539 4408 182 1095 384
leaf_count=50 1255 26 353 42 3253 120 733 711 38 3528 1439 364 1327 172 38 335 825 31 71 3235 1740 27 88 2899 531 539 4408 182 1095 384
internal_value=-4.96029e-05 0.0551957 -0.460433 0.197947 0.00251124 -0.90742 0.185737 -0.359484 -1.46194 0.0347547 -0.0916214 0.307329 0.146533 -0.772885 0.97578 -0.478261 -0.276588 1.11748 0.0601787 0.00337825 -0.0623459 -1.20585 0.414447 0.119382 -0.143731 0.269264 0.0735541 -0.716901 0.179322 -0.438149
internal_weight=29839 26642 3197 7182 19460 589 7071 2608 115 14495 4965 1724 5347 474 111 1072 1536 69 8007 6488 3179 77 452 2925 1786 1272 4479 354 2422 719
internal_count=29839 26642 3197 7182 19460 589 7071 2608 115 14495 4965 1724 5347 474 111 1072 1536 69 8007 6488 3179 77 452 2925 1786 1272 4479 354 2422 719
is_linear=0
shrinkage=0.05


Tree=6
num_leaves=31
num_cat=0
split_feature=299 299 299 256 299 299 299 299 7 299 299 299 299 299 299 295 291 247 251 35 294 286 251 299 219 212 299 289 292 240
split_gain=274021 74375.7 48771.9 24726.7 23851.8 12643.4 12298.5 9886.88 5516.94 4174.2 3553.41 2426.8 2193.68 2142.7 1451.63 1317.27 734.636 693.957 636.413 599.584 582.907 537.206 517.402 515.232 511.469 483.945 440.234 371.728 370.13 366.793
threshold=-9.3328785896301252 -0.75529411435127247 -23.046188354492184 11.91052293777466 -4.5271067619323722 -14.201942920684813 2.9795291423797612 -30.182942390441891 2.7774353027343754 -2.7127149105072017 -6.8144705295562735 -18.653985023498532 5.7765879631042489 0.82898694276809703 -11.531425476074217 12.204117774963381 -5.3786096572875968 -1.6551899313926695 -3.5884875059127803 -5.2279529571533194 -14.518041610717772 -30.228482246398922 -6.0919888019561759 8.5732970237731951 12.697396278381349 -7.3797197341918936 -25.675490379333493 -2.1348730325698848 0.44866289198398596 2.2199999094009404
decision_type=2 2 2 2 2 2 2 2 2 2 2 2 2 2 2 2 2 2 2 2 2 2 2 2 2 2 2 2 2 2
left_child=2 4 7 6 10 11 13 8 21 18 22 -4 29 25 -7 -5 -12 19 -6 -11 -13 -1 -2 -14 -17 -3 -9 -20 -15 -8
right_child=1 3 5 15 9 14 12 26 -10 17 16 20 23 28 -16 24 -18 -19 27 -21 -22 -23 -24 -25 -26 -27 -28 -29 -30 -31
leaf_value=-1.245392468510842 -0.1808037258347216 -0.097189256205008581 -0.62132003090598376 0.63279958871694708 -0.023400038592584341 -0.34255155248134411 0.23138506786297947 -0.89113393147786457 -1.8818182593897772 -0.096215323130289715 -0.091544059719142146 -0.49150314214752949 0.36266861881118229 0.15121991298615847 -0.24542214007114624 0.95052098688089615 -0.045092489655498724 0.073567478604595976 0.0029763294771793184 0.046367983544131269 -0.39435035790337458 -0.97085049492972242 -0.12475304143256452 0.48142304193405877 1.2147042410714288 0.1193575866137852 -0.75483184553619131 0.032834598644102209 0.19523911364051302 0.29122010375772206
leaf_weight=49 817 26 352 26 1669 714 472 120 38 75 1419 492 332 703 834 53 2127 3573 3294 4359 225 28 830 126 28 3367 117 1525 1489 560
leaf_count=49 817 26 352 26 1669 714 472 120 38 75 1419 492 332 703 834 53 2127 3573 3294 4359 225 28 830 126 28 3367 117 1525 1489 560
internal_value=-4.7123e-05 0.0503193 -0.455872 0.18805 7.65037e-05 -0.38155 0.17664 -1.00843 -1.38884 0.0330169 -0.0918687 -0.513801 0.30427 0.142591 -0.290222 0.94245 -0.063681 0.0571698 0.00320933 0.0439562 -0.461016 -1.14556 -0.152557 0.395339 1.04184 0.117698 -0.823846 0.0124251 0.181122 0.263854
internal_weight=29839 26870 2969 7182 19688 2617 7075 352 115 14495 5193 1069 1490 5585 1548 107 3546 8007 6488 4434 717 77 1647 458 81 3393 237 4819 2192 1032
internal_count=29839 26870 2969 7182 19688 2617 7075 352 115 14495 5193 1069 1490 5585 1548 107 3546 8007 6488 4434 717 77 1647 458 81 3393 237 4819 2192 1032
is_linear=0
shrinkage=0.05


Tree=7
num_leaves=31
num_cat=0
split_feature=299 299 299 299 299 299 299 299 7 299 299 299 299 299 7 294 299 286 299 246 242 293 35 299 288 212 293 297 240 299
split_gain=247410 65265.3 47079.6 22322.1 19215.9 14289.3 11030.8 8379.34 4979.03 3781.17 2487.08 2481.55 1416.68 1406.85 1216.39 1163.81 960.796 742.926 722.303 583.543 564.258 533.487 526.563 509.595 486.906 424.558 422.112 342.258 336.008 335.776
threshold=-8.8686537742614728 -0.75529411435127247 -20.048726081848141 12.101323604583742 -4.5271067619323722 -30.182942390441891 2.4579929113388066 -13.16462182998657 2.7774353027343754 -2.587236642837524 5.2846777439117441 -6.5837361812591544 -25.675490379333493 0.5500592589378358 4.9909093379974374 -14.518041610717772 -10.793580532073973 9.8100986480712908 -3.4799036979675289 -1.2897881865501402 4.2005653381347665 -4.2818627357482901 -5.2279529571533194 -16.925929069519039 -30.438570022583004 -8.1968975067138654 -5.7399561405181876 -2.2866013050079341 0.12602061033248904 -23.046188354492184
decision_type=2 2 2 2 2 2 2 2 2 2 2 2 2 2 2 2 2 2 2 2 2 2 2 2 2 2 2 2 2 2
left_child=2 4 5 6 11 8 13 15 24 18 28 26 -7 25 -5 23 -9 -16 -6 22 -12 -13 -11 -4 -1 -3 -2 -15 -8 -14
right_child=1 3 7 14 9 12 10 16 -10 19 20 21 29 27 17 -17 -18 -19 -20 -21 -22 -23 -24 -25 -26 -27 -28 -29 -30 -31
leaf_value=-1.180675048828125 -0.14751646409050326 -0.12203816980123522 -0.51865701526867636 0.67004496256510426 -0.012410946362581686 -0.84657714843750009 0.17918597170960013 -0.29220770770152077 -1.787727245531584 -0.087378060409467523 0.29786071777343753 -0.072700871813019249 -0.71709026108440177 0.055425436177143933 0.86314474406995267 -0.36735821512510197 -0.2128992605498343 1.1929781759938887 0.019675765574817927 0.075153190430886349 0.40059320655578079 -0.030912941098213201 0.047951489710989809 -0.42997332085892331 -0.91718098675763171 0.10912208885094837 -0.090456970438124645 0.16332433749975914 0.24626644394944441 -0.61356906810390299
leaf_weight=50 1223 20 321 42 3184 120 227 711 38 73 219 2101 117 76 38 424 825 31 3905 2650 343 1200 4683 327 27 2905 441 2230 1051 237
leaf_count=50 1223 20 321 42 3184 120 227 711 38 73 219 2101 117 76 38 424 825 31 3905 2650 343 1200 4683 327 27 2905 441 2230 1051 237
internal_value=-4.47663e-05 0.0498293 -0.415667 0.178647 0.00228712 -0.819416 0.167603 -0.324483 -1.3194 0.0313661 0.2729 -0.0826071 -0.698111 0.130565 0.882196 -0.431763 -0.24961 1.01133 0.00526413 0.0563508 0.36056 -0.0575099 0.0458743 -0.473905 -1.08828 0.107542 -0.132394 0.159768 0.234352 -0.647784
internal_weight=29839 26642 3197 7182 19460 589 7071 2608 115 14495 1840 4965 474 5231 111 1072 1536 69 7089 7406 562 3301 4756 648 77 2925 1664 2306 1278 354
internal_count=29839 26642 3197 7182 19460 589 7071 2608 115 14495 1840 4965 474 5231 111 1072 1536 69 7089 7406 562 3301 4756 648 77 2925 1664 2306 1278 354
is_linear=0
shrinkage=0.05


Tree=8
num_leaves=31
num_cat=0
split_feature=299 299 299 256 299 299 299 299 7 299 299 299 299 299 299 295 299 291 234 251 286 299 249 219 212 292 299 292 284 240
split_gain=223292 60569.6 39710.3 20283.4 19415.1 10374.4 10040.3 8052.92 4493.57 3626.49 2691.77 2014.6 1778.2 1755.96 1234.6 1080.51 823.644 579.722 509.678 468.668 441.361 436.847 428.895 423.554 421.526 361.968 358.577 346.814 339.494 338.509
threshold=-9.3328785896301252 -0.75529411435127247 -23.046188354492184 11.91052293777466 -4.63610816001892 -15.588038921356199 2.9795291423797612 -30.182942390441891 2.7774353027343754 -2.9153677225112911 -6.8144705295562735 -12.324445724487303 5.7765879631042489 0.82898694276809703 -18.653985023498532 12.204117774963381 -1.9848130941390989 -5.7030651569366446 -3.4784859418869014 -4.838453769683837 -30.228482246398922 8.5732970237731951 -0.093949563801288591 12.697396278381349 -6.9119775295257559 -9.615254878997801 -25.675490379333493 -11.130849361419676 -2.8020447492599483 1.0000000180025095e-35
decision_type=2 2 2 2 2 2 2 2 2 2 2 2 2 2 2 2 2 2 2 2 2 2 2 2 2 2 2 2 2 2
left_child=2 4 7 6 10 14 13 8 20 18 19 27 -8 22 -4 -5 -11 -12 -6 -2 -1 -14 24 -17 -3 -13 -9 -7 -18 -15
right_child=1 3 5 15 9 11 12 26 -10 16 17 25 21 29 -16 23 28 -19 -20 -21 -22 -23 -24 -25 -26 -27 -28 -29 -30 -31
leaf_value=-1.1243576361208547 -0.15431282035723995 -0.097237600437526051 -0.56129797155206862 0.57253441443810105 -0.027163090961434513 -0.36100419570599096 0.23831174995085991 -0.80424865722656258 -1.6983408375790245 0.033249391829440651 -0.087847485587204982 -0.25774244798446977 0.32660970113363613 0.13502028150302181 -0.43806909890283913 0.85989500801518293 0.038807341026653112 -0.044073110557780043 0.0067894808285843648 -0.094863738715648654 -0.87550894873482843 0.43595829312763518 0.12862392002995102 1.1003035409109934 0.09472396849752579 -0.19877143022749122 -0.68123549762954072 -0.28004625892639162 0.071055861102307438 0.17705442653360592
leaf_weight=49 1187 29 352 26 1488 542 1032 120 38 4344 1168 617 332 707 481 53 1061 2146 4298 460 28 126 1301 28 2063 450 117 175 3536 1485
leaf_count=49 1187 29 352 26 1488 542 1032 120 38 4344 1168 617 332 707 481 53 1061 2146 4298 460 28 126 1301 28 2063 450 117 175 3536 1485
internal_value=-4.25282e-05 0.0454233 -0.411517 0.169715 8.29228e-05 -0.344453 0.159381 -0.910111 -1.25343 0.0289011 -0.0854653 -0.276427 0.2747 0.128616 -0.490142 0.85298 0.0488607 -0.0595011 -0.00194219 -0.137709 -1.03387 0.356693 0.106082 0.942999 0.0920629 -0.232872 -0.743521 -0.341245 0.0636128 0.163497
internal_weight=29839 26870 2969 7182 19688 2617 7075 352 115 14727 4961 1784 1490 5585 833 107 8941 3314 5786 1647 77 458 3393 81 2092 1067 237 717 4597 2192
internal_count=29839 26870 2969 7182 19688 2617 7075 352 115 14727 4961 1784 1490 5585 833 107 8941 3314 5786 1647 77 458 3393 81 2092 1067 237 717 4597 2192
is_linear=0
shrinkage=0.05


Tree=9
num_leaves=31
num_cat=0
split_feature=299 299 299 299 299 299 299 299 7 299 299 299 242 299 187 252 293 286 293 35 293 239 293 293 299 282 160 293 299 296
split_gain=201645 53251.4 38413.1 17799.4 16798.2 11616.3 8000.83 6814.94 4055.45 3163.98 2669.42 1515.87 1253.44 1144.62 1028.51 983.776 814.037 661.364 646.539 543.51 521.616 519.508 475.094 463.242 447.364 414.444 396.72 366.824 364.634 353.112
threshold=-8.8686537742614728 -0.48786802589893336 -20.048726081848141 12.101323604583742 -3.9956535100936885 -30.182942390441891 3.3583559989929204 -13.16462182998657 2.7774353027343754 -6.06909155845642 -2.1360032558441158 1.449607849121094 4.2005653381347665 -25.675490379333493 18.11074256896973 -12.575170040130613 -9.9374809265136701 12.868235111236574 -3.3243530988693233 -5.2279529571533194 -5.7399561405181876 -1.7955126762390134 -0.93614381551742543 0.11469433084130289 6.3696792125701913 -31.092496871948239 -5.4490029811859122 -10.802309513092039 -16.925929069519039 3.0519381761550908
decision_type=2 2 2 2 2 2 2 2 2 2 2 2 2 2 2 2 2 2 2 2 2 2 2 2 2 2 2 2 2 2
left_child=2 4 5 6 9 8 11 15 25 20 18 23 29 -7 -5 28 -9 -16 -6 -20 -2 -11 26 -3 -14 -1 -12 -17 -4 -8
right_child=1 3 7 14 10 13 12 16 -10 21 22 -13 24 -15 17 27 -18 -19 19 -21 -22 -23 -24 -25 -26 -27 -28 -29 -30 -31
leaf_value=-1.0748503989361702 -0.12580949333707234 0.095160960493699265 -0.48041521803777026 0.52908506040219905 -0.0035283798592322217 -0.76403615315755213 0.18277397310830715 -0.25837369588770476 -1.6134238494069952 -0.04387085425012191 -0.048465554646609989 0.17091742403366988 0.28799605596633188 -0.58534742452330513 0.80282782297285782 -0.36082895434226275 -0.18522489244631704 1.1268314724876767 -0.10487530452090424 0.02897452397479669 -0.074527437874715621 0.0036601652694507551 0.081679713863115538 0.13170907982912933 0.38338039398193358 -0.83698083241780596 0.053858928848173282 -0.2469718726284533 -0.39578066341212542 0.25573200233324572
leaf_weight=47 1546 1827 266 27 2632 120 246 843 38 3421 97 1632 252 354 63 479 693 21 77 5045 730 691 1897 1650 240 30 4039 83 244 509
leaf_count=47 1546 1827 266 27 2632 120 246 843 38 3421 97 1632 252 354 63 479 693 21 77 5045 730 691 1897 1650 240 30 4039 83 244 509
internal_value=-4.04018e-05 0.0449852 -0.375258 0.169841 0.00496339 -0.739957 0.158879 -0.292894 -1.19076 -0.0620632 0.0360191 0.131164 0.272427 -0.630585 0.79754 -0.389642 -0.225371 0.883829 0.0166126 0.0269623 -0.109361 -0.0358835 0.0609616 0.112505 0.334525 -0.982174 0.0514592 -0.344014 -0.439923 0.23196
internal_weight=29839 26642 3197 6467 20175 589 6356 2608 115 6388 13787 5109 1247 474 111 1072 1536 84 7754 5122 2276 4112 6033 3477 492 77 4136 562 510 755
internal_count=29839 26642 3197 6467 20175 589 6356 2608 115 6388 13787 5109 1247 474 111 1072 1536 84 7754 5122 2276 4112 6033 3477 492 77 4136 562 510 755
is_linear=0
shrinkage=0.05


Tree=10
num_leaves=31
num_cat=0
split_feature=299 299 299 299 250 291 241 3 299 299 299 299 293 295 296 242 299 288 11 100 285 285 77 248 162 299 299 189 291 295
split_gain=183050 50545 33450.4 19182.5 15469.1 8309.72 7786.78 6848.56 6001.84 4060.41 2823.73 1405.55 1268.07 1181.77 1024.84 957.909 818.174 731.505 542.902 575.916 531.184 500.005 494.347 445.766 398.298 390.912 345.101 324.131 320.274 307.951
threshold=-9.3328785896301252 0.064352925866842284 -23.046188354492184 -3.7703920602798457 12.758286476135256 -14.170943260192869 -23.288798332214352 3.2694678306579594 3.8825629949569707 -5.7956759929656974 -1.7459999918937681 -16.925929069519039 -11.164088726043699 12.204117774963381 1.5899424552917483 4.9573869705200204 -7.5082809925079337 -3.3314448595046993 -1.8313828110694883 -13.680915355682371 -1.9855392575263975 13.586545944213869 2.1538592576980595 -3.0511348247528072 -2.8440393209457393 -13.732353210449217 -25.675490379333493 -1.3554118275642393 -6.4404299259185782 2.5609545707702641
decision_type=2 2 2 2 2 2 2 2 2 2 2 2 2 2 2 2 2 2 2 2 2 2 2 2 2 2 2 2 2 2
left_child=2 3 6 9 8 11 7 18 14 16 17 -4 25 -6 -3 29 -2 -5 -1 -20 22 -15 -12 -11 -24 -7 -8 -19 -14 -10
right_child=1 4 5 10 13 12 26 -9 15 23 20 -13 28 21 -16 -17 -18 27 19 -21 -22 -23 24 -25 -26 -27 -28 -29 -30 -31
leaf_value=-0.73323971748352057 -0.1390427555799042 0.11892922638265253 -0.4835412620819497 -9.698002800966304e-05 0.51408264160156258 -0.33927738350980424 -0.71477041805491737 -1.8043748092651368 0.17417641921635094 -0.041169565648980479 0.052691662326045365 -0.35923382091522216 -0.21294625408704221 0.76615753173828127 0.17002984893653528 0.34464712751672621 -0.083899529650599158 0.023244155867644254 -1.1780789511544365 -0.87572942177454627 0.078791208741657848 1.0375166575113932 -0.12988998855863298 -0.0089944585846481444 0.051803700091703889 -0.26360214693577533 -0.5976477989783654 0.046118013957151024 -0.11156342577102572 0.25752459731595273
leaf_weight=25 1078 2412 527 2400 40 272 136 30 137 2745 1491 400 827 58 1654 329 1789 3954 28 36 3947 24 70 1771 53 458 117 2546 86 580
leaf_count=25 1078 2412 527 2400 40 272 136 30 137 2745 1491 400 827 58 1654 329 1789 3954 28 36 3947 24 70 1771 53 458 117 2546 86 580
internal_value=0.000220957 0.0409179 -0.374352 0.00747906 0.180474 -0.310208 -0.817495 -1.15105 0.167195 -0.0580962 0.0409582 -0.429903 -0.242675 0.736892 0.139716 0.274011 -0.104634 0.0234934 -0.930825 -1.00801 0.0689095 0.84558 0.0447438 -0.0285517 -0.0515992 -0.291799 -0.660607 0.0322037 -0.203397 0.241599
internal_weight=30020 27078 2942 21844 5234 2570 372 119 5112 7383 14461 927 1643 122 4066 1046 2867 8900 89 64 5561 82 1614 4516 123 730 253 6500 913 717
internal_count=30020 27078 2942 21844 5234 2570 372 119 5112 7383 14461 927 1643 122 4066 1046 2867 8900 89 64 5561 82 1614 4516 123 730 253 6500 913 717
is_linear=0
shrinkage=0.05


Tree=11
num_leaves=31
num_cat=0
split_feature=299 299 299 299 254 293 249 3 299 299 299 299 293 295 241 293 232 293 293 292 115 212 299 299 114 285 251 164 299 240
split_gain=165202 45645.6 30189 16776.7 14237.5 7540.98 7239.91 7395.16 5907.42 3692.39 2113.48 1513.74 1202.19 1117.68 898.852 784.529 714.416 651.112 594.285 538.218 598.844 535.543 489.7 423.704 390.134 386.439 384.237 368.919 340.871 309.815
threshold=-9.3328785896301252 -0.10402964428067206 -23.046188354492184 -4.5271067619323722 13.178431034088137 -13.876312255859373 -23.717877388000485 3.2694678306579594 3.1623529195785527 -2.434723854064941 -7.0911223888397208 -17.78078460693359 5.1516776084899911 12.204117774963381 -8.5023899078369123 0.5896078646183015 -1.5219607949256895 -3.3243530988693233 -4.9813163280487052 -30.652025222778317 -13.718157291412352 -7.2005524635314933 8.5732970237731951 -12.324445724487303 4.6428935527801523 13.586545944213869 -6.3488769531249991 -5.5441174507141104 -1.125373840332031 1.382261395454407
decision_type=2 2 2 2 2 2 2 2 2 2 2 2 2 2 2 2 2 2 2 2 2 2 2 2 2 2 2 2 2 2
left_child=2 3 6 10 8 11 7 19 15 17 26 -4 -10 -6 -7 -3 21 -5 -12 20 -1 -11 -14 -13 -23 -15 -2 -19 -18 -17
right_child=1 4 5 9 13 14 -8 -9 12 16 18 23 22 25 -16 29 28 27 -20 -21 -22 24 -24 -25 -26 -27 -28 -29 -30 -31
leaf_value=-1.1547424022967998 -0.15121983016530674 0.1007009589111108 -0.46902239019220526 -0.010265742296259275 0.47690132336738789 -0.26161422405902313 -0.62440636044456843 -1.8077594348362513 0.20436611603167487 -0.096150521007744044 -0.071674747953313314 -0.36066861029480657 0.27574793497721356 0.72899624150374853 -0.18494989168500708 0.12949993999618473 0.055131264115441052 -0.093501415558987194 -0.032106443819452511 -0.73874933291704226 -0.81854352597837099 0.041223687960175649 0.39120535145635194 -0.21848058125068404 -0.15318390956291786 0.96097572583418622 -0.099330605000534547 0.020600309917218357 0.082077235873986992 0.16837202155504705
leaf_weight=26 678 1927 440 3399 39 781 252 28 814 74 1971 542 456 58 749 1320 2786 72 1830 39 27 3466 115 58 26 26 753 4402 2028 838
leaf_count=26 678 1927 440 3399 39 781 252 28 814 74 1971 542 456 58 749 1320 2786 72 1830 39 27 3466 115 58 26 26 753 4402 2028 838
internal_value=0.000209909 0.038872 -0.355634 0.00575007 0.166107 -0.294697 -0.776621 -1.09627 0.154144 0.0308182 -0.0721232 -0.398581 0.243382 0.6981 -0.224084 0.123889 0.0539179 0.00623107 -0.0526245 -0.87973 -0.983471 0.0369555 0.299001 -0.346924 0.0397762 0.800799 -0.123915 0.0187641 0.0664828 0.144595
internal_weight=30020 27078 2942 21485 5593 2570 372 120 5470 16253 5232 1040 1385 123 1530 4085 8380 7873 3801 92 53 3566 571 600 3492 84 1431 4474 4814 2158
internal_count=30020 27078 2942 21485 5593 2570 372 120 5470 16253 5232 1040 1385 123 1530 4085 8380 7873 3801 92 53 3566 571 600 3492 84 1431 4474 4814 2158
is_linear=0
shrinkage=0.05


Tree=12
num_leaves=31
num_cat=0
split_feature=299 299 299 299 299 291 241 51 299 299 135 299 299 293 299 293 289 285 251 292 299 160 234 255 232 183 14 299 293 212
split_gain=149095 41226.9 27245.6 14079.5 13339.8 6826.16 6413.48 6401.96 5639.04 3025.54 2836.06 1328.28 1151.85 1081.47 980.019 847.037 686.102 675.677 444.739 437.576 402.95 389.8 330.477 313.739 307.945 304.604 415.747 302.643 300.632 293.465
threshold=-9.3328785896301252 -0.75529411435127247 -23.046188354492184 8.5732970237731951 -4.9668934345245352 -14.170943260192869 -23.288798332214352 -9.4829511642456037 2.4579929113388066 -3.1025171279907222 19.032352447509769 -7.3690526485443106 -16.925929069519039 -10.802309513092039 0.48749577999114996 5.1516776084899911 -2.1048235893249507 13.586545944213869 -3.6237165927886958 -5.4728455543518058 -13.732353210449217 -4.8909389972686759 -0.27010317146778101 -4.1164052486419669 -0.12814749777317044 -18.469422340393063 -0.65647056698799122 -25.675490379333493 -1.7634314298629759 -8.1968975067138654
decision_type=2 2 2 2 2 2 2 2 2 2 2 2 2 2 2 2 2 2 2 2 2 2 2 2 2 2 2 2 2 2
left_child=2 4 6 8 11 12 7 -1 14 18 -5 23 -4 20 29 22 21 -12 -6 -13 -7 -11 -10 -2 -16 26 -9 -8 -20 -3
right_child=1 3 5 10 9 13 27 25 15 16 17 19 -14 -15 24 -17 -18 -19 28 -21 -22 -23 -24 -25 -26 -27 -28 -29 -30 -31
leaf_value=-1.6865667935075432 -0.13311011578887702 -0.10573972747439431 -0.43700480452072465 0.3713427207452788 -0.027901316901921758 -0.30833773869340142 -0.64612866569967842 -0.79688012758890792 0.11638328437016093 -0.040676785120740536 0.64966400548031455 -0.080352377639911432 -0.32447375112771992 -0.17845888400164309 0.096959799978921707 0.25967032384390787 0.050181206311198268 0.95896865181300961 -0.0036646370597754087 -0.042761311428586093 -0.23426615716802784 0.026996238908782139 0.19241494364449616 -0.057070381920307112 0.13539002602322445 -0.72948501586914061 -1.0911827993392944 -0.53644722180488791 0.03673597948698934 0.081865134620868835
leaf_weight=29 1040 21 527 139 1849 279 136 30 165 224 76 1516 400 827 752 495 5313 23 3344 1582 537 4252 1068 156 1699 40 20 117 534 2830
leaf_count=29 1040 21 527 139 1849 279 136 30 165 224 76 1516 400 827 752 495 5313 23 3344 1582 537 4252 1068 156 1699 40 20 117 534 2830
internal_value=0.000199414 0.0369284 -0.337852 0.138785 -0.000441091 -0.279963 -0.73779 -1.0405 0.12598 0.0211435 0.517006 -0.078435 -0.388448 -0.218754 0.100415 0.204421 0.0380314 0.721523 -0.00772255 -0.0611564 -0.259592 0.0236096 0.18224 -0.123192 0.123599 -0.832327 -0.914601 -0.595406 0.00189852 0.0804833
internal_weight=30020 27078 2942 7268 19810 2570 372 119 7030 15516 238 4294 927 1643 5302 1728 9789 99 5727 3098 816 4476 1233 1196 2451 90 50 253 3878 2851
internal_count=30020 27078 2942 7268 19810 2570 372 119 7030 15516 238 4294 927 1643 5302 1728 9789 99 5727 3098 816 4476 1233 1196 2451 90 50 253 3878 2851
is_linear=0
shrinkage=0.05


Tree=13
num_leaves=31
num_cat=0
split_feature=299 299 299 299 299 296 249 46 299 299 299 294 299 242 251 292 242 226 4 232 285 77 164 292 299 251 299 186 296 251
split_gain=134558 37243.6 24589.2 14252 11490.1 6226.61 5976.25 6527.81 4482.33 3392.56 1883.2 1027.35 971.807 929.932 726.706 668.801 644.78 505.661 460.669 449.687 427.99 395.459 347.899 338.193 327.331 296.415 287.726 285.926 272.366 269.972
threshold=-9.3328785896301252 0.064352925866842284 -23.046188354492184 -3.5994428396224971 12.101323604583742 -14.634477138519285 -23.717877388000485 -9.8584203720092756 3.3583559989929204 -5.7956759929656974 -1.7459999918937681 -17.462434768676754 -12.324445724487303 4.2005653381347665 -5.7845132350921622 12.574411869049074 0.4200000017881394 -2.4502110481262203 2.9451990127563481 -3.3077970743179317 -1.8696274161338804 2.1538592576980595 -2.1843204498291011 -11.42656898498535 6.3696792125701913 -6.8732302188873282 1.8547986745834353 -12.155772209167479 -10.292598247528074 -18.456569671630856
decision_type=2 2 2 2 2 2 2 2 2 2 2 2 2 2 2 2 2 2 2 2 2 2 2 2 2 2 2 2 2 2
left_child=2 3 6 9 8 11 7 -1 16 14 17 27 28 -10 -2 -6 -3 -5 -17 -11 21 -12 -23 -13 -15 -14 -18 -4 -7 -8
right_child=1 4 5 10 15 12 29 -9 13 19 20 23 25 24 -16 18 26 -19 -20 -21 -22 22 -24 -25 -26 -27 -28 -29 -30 -31
leaf_value=-1.566013881138393 -0.11867934830810714 0.09483906826261658 -0.47261489268099321 0.0051856490634190075 0.50329705004422176 -0.26956120422023572 -0.60018528331409804 -0.75467759076286767 0.19025512913578665 -0.038712303263360059 0.045751171642412235 -0.32976506271695988 -0.19421313252785932 0.23916072192754131 -0.067981830840179239 0.53861461758613582 0.12067616928681016 0.031046335125798925 0.82423129032055531 -0.0089547775143733552 0.068994467673158172 -0.11930923457716552 0.0482125708731738 -0.16613221676910628 0.31991476694742843 -0.13423074483871461 0.15917536885363803 -0.39128141368519181 -0.17015066509005392 -0.49133547201923938
leaf_weight=35 1265 1810 178 2915 53 539 165 85 769 2320 1632 443 736 263 1602 20 1229 5377 48 2804 3803 71 55 34 240 286 802 275 79 87
leaf_count=35 1265 1810 178 2915 53 539 165 85 769 2320 1632 443 736 263 1602 20 1229 5377 48 2804 3803 71 55 34 240 286 802 275 79 87
internal_value=0.000189443 0.035082 -0.32096 0.00637827 0.154876 -0.265964 -0.7009 -0.991317 0.14348 -0.0467974 0.0370523 -0.369314 -0.207357 0.224831 -0.090351 0.636447 0.11654 0.0219552 0.740226 -0.0224281 0.0595635 0.0391619 -0.0461846 -0.318102 0.277691 -0.177427 0.135879 -0.42324 -0.256853 -0.562606
internal_weight=30020 27078 2942 21844 5234 2570 372 120 5113 7991 13853 930 1640 1272 2867 121 3841 8292 68 5124 5561 1758 126 477 503 1022 2031 453 618 252
internal_count=30020 27078 2942 21844 5234 2570 372 120 5113 7991 13853 930 1640 1272 2867 121 3841 8292 68 5124 5561 1758 126 477 503 1022 2031 453 618 252
is_linear=0
shrinkage=0.05


Tree=14
num_leaves=31
num_cat=0
split_feature=299 299 294 299 246 249 3 299 299 299 299 253 293 290 242 245 251 251 293 292 115 289 212 232 284 247 119 133 292 297
split_gain=121518 32527 24538.8 12114.3 9979.14 9063.51 6378.44 3625.2 3440.38 2423.45 1993.42 1003.65 830.091 818.529 701.886 570.723 501.532 484.705 481.602 442.154 457.704 439.518 386.585 379.689 352.422 321.969 292.037 290.953 260.839 237.696
threshold=-8.6143140792846662 0.43009804189205175 -18.433526039123532 -3.5378117561340328 12.565624237060549 -23.717877388000485 3.2694678306579594 -12.324445724487303 3.8825629949569707 -5.5596795082092276 -1.7459999918937681 -18.387169837951657 -13.876312255859373 12.301199436187746 4.9573869705200204 1.3309019804000857 -6.8732302188873282 -5.1909446716308585 -0.4447058886289596 -30.652025222778317 -13.718157291412352 -2.1048235893249507 -6.7703921794891349 -3.1128659248352046 -1.9283660650253294 -3.7564723491668697 -1.6631372570991514 -6.0206732749938956 0.75663870573043834 -21.356683731079098
decision_type=2 2 2 2 2 2 2 2 2 2 2 2 2 2 2 2 2 2 2 2 2 2 2 2 2 2 2 2 2 2
left_child=2 3 5 9 8 6 19 12 15 17 21 -7 -4 -6 28 24 -9 -2 22 20 -1 25 -12 -11 -3 -5 -14 -24 -10 -13
right_child=1 4 7 10 13 11 -8 16 14 23 18 29 26 -15 -16 -17 -18 -19 -20 -21 -22 -23 27 -25 -26 -27 -28 -29 -30 -31
leaf_value=-0.98387718200683594 -0.096552843383595918 0.051830876986998169 -0.31747202760768389 -0.019433094010976038 0.50013954476134426 -0.55016514299102648 -1.6002251488821848 -0.18080996504245481 0.10103854945072761 -0.032469667618731317 -0.064670310240902321 -0.46258154518996614 -0.24422013032992518 0.76596565246582038 0.28448701077196969 0.14847213142965143 -0.11738233783726018 -0.055483393564040341 0.078821579618810797 -0.61393693923950199 -0.68995556301540795 0.035254413577598537 -0.11864558351039887 -0.0048809613289752009 0.11297630582010665 0.017155990308231634 -0.11115934729576112 0.052449032089185665 0.20607388266847912 -0.38256862216525611
leaf_weight=26 1422 269 636 709 73 217 28 941 65 2407 73 158 493 48 332 1191 466 1452 2080 40 27 3389 25 2588 1901 3956 45 4086 652 225
leaf_count=26 1422 269 636 709 73 217 28 941 65 2407 73 158 493 48 332 1191 466 1452 2080 40 27 3389 25 2588 1901 3956 45 4086 652 225
internal_value=0.000179971 0.0355448 -0.285973 0.0106139 0.157624 -0.543863 -0.938623 -0.213932 0.145333 -0.0392231 0.0380037 -0.464253 -0.278803 0.605591 0.224383 0.120661 -0.159803 -0.0758038 0.0591585 -0.739431 -0.834144 0.0215506 0.0493833 -0.0181755 0.105397 0.0115951 -0.233091 0.0514086 0.196552 -0.415577
internal_weight=30020 26718 3302 22187 4531 721 121 2581 4410 7869 14318 600 1174 121 1049 3361 1407 2874 6264 93 53 8054 4184 4995 2170 4665 538 4111 717 383
internal_count=30020 26718 3302 22187 4531 721 121 2581 4410 7869 14318 600 1174 121 1049 3361 1407 2874 6264 93 53 8054 4184 4995 2170 4665 538 4111 717 383
is_linear=0
shrinkage=0.05


Tree=15
num_leaves=31
num_cat=0
split_feature=299 299 299 250 299 296 299 299 299 113 8 299 247 299 295 257 258 22 293 249 151 293 179 189 133 255 285 298 295 235
split_gain=107449 28370.6 21236.6 9464.69 8924.51 4755.94 3929.92 3876.35 1617.07 1494.12 1800.95 1492.07 915.599 806.812 797.121 772.106 625.992 502.751 501.63 457.726 457.11 412.699 356.313 353.66 335.932 330.976 314.082 309.032 280.479 248.054
threshold=-8.2233891487121564 -1.0000000180025095e-35 -18.653985023498532 12.758286476135256 -3.5994428396224971 -30.310294151306149 4.1476085186004648 -12.324445724487303 -5.421069622039794 -13.596798896789549 -0.46116340160369867 -1.9848130941390989 -16.840164184570309 2.0715770721435551 12.204117774963381 -11.815951824188231 6.1612746715545663 -4.3746321201324454 -9.1225166320800763 -1.5783333182334898 -13.904118061065672 -5.0487580299377433 -1.8700980544090269 -1.6179901361465452 -6.2106897830963126 -0.67421820759773243 13.586545944213869 -25.837342262268063 2.1859313249588017 -5.1793358325958243
decision_type=2 2 2 2 2 2 2 2 2 2 2 2 2 2 2 2 2 2 2 2 2 2 2 2 2 2 2 2 2 2
left_child=2 4 5 6 8 9 13 15 21 10 -1 23 27 25 -5 -4 28 -11 -9 24 -19 -2 -10 -6 -13 -3 -16 -7 -8 -17
right_child=1 3 7 14 11 12 16 18 22 17 -12 19 -14 -15 26 29 -18 20 -20 -21 -22 -23 -24 -25 -26 -27 -28 -29 -30 -31
leaf_value=-0.71753106875853101 -0.077235250627073843 0.071523525273311614 -0.30334733155465898 0.39180450439453129 0.0083851924861041757 -0.5684194174679843 0.1087726240879611 -0.17195733057545318 -0.026760504549692823 -0.47443356513977053 -1.3731019937992097 -0.11899543476956231 -0.37665610210501033 0.14162112741243271 0.60783793131510422 -0.23017618192069753 0.30114633250610989 -0.92706309727260061 -0.11638396386457497 0.061833670755879859 -0.62290786584218349 -0.035772820327617014 0.0028310543890946952 0.030780326176710796 0.036917963642376421 0.10610038367525271 0.82219506835937506 -0.46538132911504704 0.21001448635637324 -0.080018119770905075
leaf_weight=22 1981 1062 620 36 4283 110 76 868 2924 25 20 35 278 1260 54 533 191 21 763 3776 30 861 1560 2996 2676 1987 25 215 685 29
leaf_count=22 1981 1062 620 36 4283 110 76 868 2924 25 20 35 278 1260 54 533 191 21 763 3776 30 861 1560 2996 2676 1987 25 215 685 29
internal_value=0.000975332 0.0355508 -0.257979 0.138086 0.0094163 -0.50008 0.128277 -0.195926 -0.0351672 -0.790374 -1.02971 0.0331428 -0.443273 0.107965 0.586809 -0.264873 0.220216 -0.658111 -0.145959 0.0505799 -0.748148 -0.064674 -0.0164655 0.0176029 0.0349051 0.0940569 0.675672 -0.500256 0.199904 -0.222428
internal_weight=30002 26468 3534 5376 21092 721 5261 2813 7326 118 42 13766 603 4309 115 1182 952 76 1631 6487 51 2842 4484 7279 2711 3049 79 325 761 562
internal_count=30002 26468 3534 5376 21092 721 5261 2813 7326 118 42 13766 603 4309 115 1182 952 76 1631 6487 51 2842 4484 7279 2711 3049 79 325 761 562
is_linear=0
shrinkage=0.05


Tree=16
num_leaves=31
num_cat=0
split_feature=299 299 299 299 251 245 299 299 299 299 283 113 247 295 299 257 258 247 248 114 288 293 239 21 291 35 285 295 293 295
split_gain=96995.3 26213.4 17882.6 8880.5 8552.01 4339.29 3544.4 2968.17 1562.09 1517.62 1085.32 1914.67 841.204 767.376 732.171 696.826 569.923 444.269 426.296 419.725 393.841 361.593 328.656 325.215 296.421 291.9 266.617 256.576 237.061 236.418
threshold=-8.6143140792846662 1.0000000180025095e-35 -18.653985023498532 -3.7703920602798457 12.607885360717775 -23.499960899353024 4.1476085186004648 -12.324445724487303 -5.7956759929656974 -1.9848130941390989 -31.282950401306149 -13.596798896789549 -16.840164184570309 12.204117774963381 1.5414597392082217 -11.815951824188231 6.1612746715545663 -4.4541962146759024 -1.2739122509956358 5.128875970840455 -3.1585286855697627 -9.1225166320800763 -3.225525856018066 -2.2790598869323726 -22.607102394104 -5.2279529571533194 13.586545944213869 -0.1024089716374874 -9.9374809265136701 -0.91715687513351429
decision_type=2 2 2 2 2 2 2 2 2 2 2 2 2 2 2 2 2 2 2 2 2 2 2 2 2 2 2 2 2 2
left_child=2 3 5 8 6 10 14 15 17 20 11 -1 24 -6 -3 -4 27 -2 19 25 -5 -9 -10 -13 -7 -11 -15 -8 -17 -16
right_child=1 4 7 9 13 12 16 21 22 18 -12 23 -14 26 29 28 -18 -19 -20 -21 -22 -23 -24 -25 -26 -27 -28 -29 -30 -31
leaf_value=-1.1836715172077048 -0.08616142624921716 0.084565638050006386 -0.28817996932614237 -0.00037939015419783469 0.35970764160156254 -0.51730318694818223 0.025337519529073135 -0.16554769886144161 -0.03457656936884243 -0.070003952855064028 -0.55701267408288047 -0.51985158239092144 -0.35733282557645873 0.57345973318273369 0.06709630773673135 -0.22510956605943311 0.2866082081041838 -0.041793972684923741 0.061648862203513038 -0.16416278252234828 0.023327870894934561 -0.11392096950583262 -0.0075846260246600107 -0.7867554569244386 -0.41942727708104832 0.03948673291133524 0.76530799070994071 0.19492234607281486 -0.13490766314573066 0.13160749176222797
leaf_weight=29 1602 2457 620 2636 36 183 23 809 2257 62 46 21 283 55 155 476 190 871 3052 26 5223 584 2254 25 134 3347 27 737 86 1696
leaf_count=29 1602 2457 620 2636 36 183 23 809 2257 62 46 21 283 55 155 476 190 871 3052 26 5223 584 2254 25 134 3347 27 737 86 1696
internal_value=0.000926565 0.03251 -0.25498 0.00764084 0.131182 -0.475076 0.121735 -0.193353 -0.038598 0.0301511 -0.748222 -0.865497 -0.419992 0.552145 0.102457 -0.251629 0.209154 -0.070535 0.0480509 0.035969 0.0153762 -0.143904 -0.0210896 -0.664908 -0.47593 0.0374954 0.636629 0.18979 -0.211306 0.126205
internal_weight=30002 26706 3296 21330 5376 721 5258 2575 6984 14346 121 75 600 118 4308 1182 950 2473 6487 3435 7859 1393 4511 46 317 3409 82 760 562 1851
internal_count=30002 26706 3296 21330 5376 721 5258 2575 6984 14346 121 75 600 118 4308 1182 950 2473 6487 3435 7859 1393 4511 46 317 3409 82 760 562 1851
is_linear=0
shrinkage=0.05


Tree=17
num_leaves=31
num_cat=0
split_feature=299 299 299 299 250 246 299 299 299 293 6 246 284 294 299 183 252 35 215 251 13 179 249 293 291 289 279 283 255 295
split_gain=87592 23118.3 17380 8113.11 7327.21 4440.03 2680.42 2560.67 1890.23 1261.28 1095.4 1034.38 658.6 580.904 575.052 488.549 441.323 430.339 423.336 406.397 400.895 363.43 336.216 294.44 286.597 260.419 254.127 252.683 228.398 224.686
threshold=-8.2233891487121564 0.48749577999114996 -17.78078460693359 -3.1615995168685909 12.758286476135256 -23.457214355468746 4.8886632919311532 -11.531425476074217 -5.1525390148162833 -1.2201666235923765 2.0706723928451543 -16.840178489685055 9.3217110633850115 -13.925951004028319 2.4579929113388066 -1.9975279569625852 -3.5210458040237422 -5.429710626602172 -6.635896921157836 5.2577562332153329 -2.5093555450439449 -2.4917112588882442 0.038823509588837631 -7.142709255218505 -25.230325698852536 -1.8796078562736509 -30.299028396606442 -4.0992398262023917 -2.4824430942535396 12.204117774963381
decision_type=2 2 2 2 2 2 2 2 2 2 2 2 2 2 2 2 2 2 2 2 2 2 2 2 2 2 2 2 2 2
left_child=2 3 5 8 6 10 14 13 16 15 20 24 29 -4 28 17 -2 -5 -11 -8 -1 -10 -20 -9 -7 -23 -22 -15 -3 -6
right_child=1 4 7 9 12 11 19 23 21 18 -12 -13 -14 27 -16 -17 -18 -19 22 -21 26 25 -24 -25 -26 -27 -28 -29 -30 -31
leaf_value=-0.43862353304158086 -0.065216227603786647 0.043809623233563105 -0.25989020188649498 -0.093779130823289369 0.34574805123465402 -0.52227367912371137 0.18713211294740004 -0.13602189110718818 -0.022405785734277615 -0.13268240721061314 -0.94926136289324092 -0.32934835751851405 0.68214858661998401 -0.19734695035533797 0.13730026945575244 0.035163562141795189 -0.022476216124706582 0.013593808506392602 0.050599276693127193 0.26668260511287972 -0.78759017944335941 -0.0045324690151692546 0.081119263951373699 -0.078587740809797385 -0.41999165940182404 0.028902414608771573 -0.58502932712435729 -0.017106871753931049 0.099066593104824102 0.52365883721245665
leaf_weight=23 2534 204 570 96 35 97 477 1131 2439 29 35 384 44 701 1152 4922 793 3339 3293 242 30 2594 1243 278 233 751 32 20 2245 36
leaf_count=23 2534 204 570 96 35 97 477 1131 2439 29 35 384 44 701 1152 4922 793 3339 3293 242 30 2594 1243 278 233 751 32 20 2245 36
internal_value=0.000880237 0.0320979 -0.232925 0.0111328 0.136252 -0.432433 0.125766 -0.171299 -0.0250006 0.0366096 -0.713843 -0.385138 0.530152 -0.222169 0.108168 0.0250643 -0.055029 0.010593 0.0577452 0.213907 -0.616906 -0.00772808 0.0589627 -0.12469 -0.450056 0.00297414 -0.683043 -0.192347 0.0944637 0.435956
internal_weight=30002 26468 3534 22033 4435 834 4320 2700 9111 12922 120 714 115 1291 3601 8357 3327 3435 4565 719 85 5784 4536 1409 330 3345 62 721 2449 71
internal_count=30002 26468 3534 22033 4435 834 4320 2700 9111 12922 120 714 115 1291 3601 8357 3327 3435 4565 719 85 5784 4536 1409 330 3345 62 721 2449 71
is_linear=0
shrinkage=0.05


Tree=18
num_leaves=31
num_cat=0
split_feature=297 295 291 258 293 246 293 295 251 140 257 6 251 297 293 244 251 284 133 293 160 13 35 297 240 251 290 178 279 291
split_gain=78783.1 21169 14185 7452.91 6223.36 2996.49 2927.63 2629.56 1585.1 1419.87 1211.85 988.597 703.197 661.675 557.439 503.905 498.921 466.036 459.704 436.217 376.559 361.808 356.644 324.685 310.944 290.113 250.944 245.128 229.35 198.77
threshold=-8.7239217758178693 -0.19602612406015393 -19.393528938293453 7.3185679912567148 -4.2818627357482901 -23.457214355468746 -12.365960597991942 3.0261834859848027 -2.3268429040908809 16.876765251159672 -5.2472314834594718 2.0706723928451543 0.27668628096580511 -15.382647037506102 -1.2201666235923765 -16.724657058715817 3.5925936698913579 9.3217110633850115 -5.8313724994659415 -9.9374809265136701 -5.9614593982696524 -2.5093555450439449 -5.0091063976287833 -6.1552469730377188 -2.7312221527099605 -2.3031964302062984 -5.3980391025543204 -1.8173435330390928 -30.299028396606442 -22.607102394104
decision_type=2 2 2 2 2 2 2 2 2 2 2 2 2 2 2 2 2 2 2 2 2 2 2 2 2 2 2 2 2 2
left_child=2 4 5 7 10 11 13 12 20 -5 23 21 -3 -4 22 29 -9 -11 -16 -8 -6 -1 -10 -2 -22 -12 -21 -24 -23 -7
right_child=1 3 6 9 8 15 19 16 14 17 25 -13 -14 -15 18 -17 -18 -19 -20 26 24 28 27 -25 -26 -27 -28 -29 -30 -31
leaf_value=-0.41669236473415205 -0.089801314600949422 0.061525595348082468 -0.28318870845048327 0.27585761491642441 -0.079678466337190265 -0.47276907915568489 -0.16596672379452249 0.13371328613198558 -0.04512608525348686 0.43477821667989097 -0.031077395590858425 -0.90179830483027867 0.10118195510423574 -0.20696559493639033 -0.15140109989378189 -0.33708290761830861 0.19361461403291508 0.65044771682384406 0.055998545736373112 -0.11971979978671998 -0.007905632082111206 -0.74821072896321628 0.012264626936161614 -0.050011014052427527 0.014146419594650753 0.005762492255328492 -0.020377665907144547 0.034777619466346887 -0.55577759817242622 -0.38465058201491231
leaf_weight=23 1166 2616 552 129 139 181 667 1061 171 60 2595 35 1952 588 27 196 517 43 2557 692 3089 30 1715 915 3313 673 70 4099 32 99
leaf_count=23 1166 2616 552 129 139 181 667 1061 171 60 2595 35 1952 588 27 196 517 43 2557 692 3089 30 1715 915 3313 673 70 4099 32 99
internal_value=0.000836225 0.028661 -0.235098 0.108195 0.00386658 -0.454862 -0.184114 0.0976939 0.0202742 0.386386 -0.042482 -0.678151 0.0784716 -0.243874 0.0344231 -0.398571 0.153339 0.524815 0.0538314 -0.13644 0.00173846 -0.58606 0.0260436 -0.0723058 0.00350618 -0.0234907 -0.110594 0.0281368 -0.64889 -0.441613
internal_weight=30002 26837 3165 6378 20459 596 2569 6146 15110 232 5349 120 4568 1140 8569 476 1578 103 2584 1429 6541 85 5985 2081 6402 3268 762 5814 62 280
internal_count=30002 26837 3165 6378 20459 596 2569 6146 15110 232 5349 120 4568 1140 8569 476 1578 103 2584 1429 6541 85 5985 2081 6402 3268 762 5814 62 280
is_linear=0
shrinkage=0.05


Tree=19
num_leaves=31
num_cat=0
split_feature=299 299 299 299 299 296 299 299 183 4 138 251 299 246 299 241 241 286 293 183 299 182 236 0 247 26 239 295 285 292
split_gain=71548.5 19169.2 14193.1 6794.13 5438.95 3622.75 2340.21 2104.21 1431.74 2019.43 1393.55 975.507 897.291 822.867 475.004 414.428 390.563 361.025 353.341 324.513 300.882 293.532 282.972 267.082 253.253 245.437 224.108 216.984 216.653 216.455
threshold=-8.2233891487121564 -0.39833958446979517 -17.78078460693359 8.5732970237731951 -3.7703920602798457 -30.310294151306149 2.4579929113388066 -12.324445724487303 -18.469422340393063 1.9699718952178957 17.883563995361332 -4.4994676113128653 -2.1360032558441158 -16.840178489685055 4.8886632919311532 -0.088328629732131944 -10.342686176300047 12.868235111236574 -8.1201953887939435 -2.4074252843856807 -6.1569898128509513 -2.8688551187515254 -0.68460780382156361 -0.10470588877797125 -4.4541962146759024 -2.0461134910583492 0.92531609535217296 0.15397056937217715 -3.8093210458755489 -25.790353775024411
decision_type=2 2 2 2 2 2 2 2 2 2 2 2 2 2 2 2 2 2 2 2 2 2 2 2 2 2 2 2 2 2
left_child=2 4 5 6 11 8 15 16 9 23 -5 20 21 29 -8 28 -4 25 -9 24 -2 -6 -13 -1 -14 -12 -21 -16 -3 -7
right_child=1 3 7 10 12 13 14 18 -10 -11 17 22 19 -15 27 -17 -18 -19 -20 26 -22 -23 -24 -25 -26 -27 -28 -29 -30 -31
leaf_value=-0.73295567902651704 -0.073741084461930409 -0.0082870152560265177 -0.23356598826231131 0.2684799087631119 -0.0092057322592330876 -0.4652062122638409 0.12489296633821219 -0.13416490301139672 -0.45789828830295143 -1.2093867477916538 0.60531645059585582 -0.020082553755270641 -0.051805906441240085 -0.29781651301358741 0.01802788332104683 0.089372720368021769 -0.17163245552464534 0.67863342285156258 -0.083160148233298939 0.040061123251121267 -0.039781082548138828 0.01646136231917741 0.028328189808057576 -0.48366539194470359 0.022645168837141582 0.39806891536712646 0.077727972428738121 0.18556311186078533 0.062405862833066109 -0.37851256132125854
leaf_weight=22 1195 115 651 143 1381 104 1154 1149 54 21 20 3787 126 378 20 2330 418 25 482 4487 1436 5759 328 21 1222 50 433 574 1883 234
leaf_count=22 1195 115 651 143 1381 104 1154 1149 54 21 20 3787 126 378 20 2330 418 25 482 4487 1436 5759 328 21 1222 50 433 574 1883 234
internal_value=0.000794414 0.0290086 -0.210517 0.105031 0.00519182 -0.390808 0.0947656 -0.154827 -0.647505 -0.807486 0.367093 -0.0314271 0.023616 -0.348503 0.143593 0.0750452 -0.209349 0.515533 -0.119092 0.0374211 -0.0552057 0.0114969 -0.0162238 -0.611209 0.0156861 0.457282 0.0433761 0.179922 0.058337 -0.405188
internal_weight=30002 26468 3534 6314 20154 834 6076 2700 118 64 238 6746 13408 716 1748 4328 1069 95 1631 6268 2631 7140 4115 43 1348 70 4920 594 1998 338
internal_count=30002 26468 3534 6314 20154 834 6076 2700 118 64 238 6746 13408 716 1748 4328 1069 95 1631 6268 2631 7140 4115 43 1348 70 4920 594 1998 338
is_linear=0
shrinkage=0.05


Tree=20
num_leaves=31
num_cat=0
split_feature=299 299 299 299 299 297 29 299 299 175 299 249 246 183 7 246 288 189 257 286 190 212 181 246 284 246 250 291 299 299
split_gain=67252.9 19407.1 11164.9 6584.03 6475.33 3480.04 3135.58 2768.59 1175.27 1107.9 977.831 636.47 550.231 515.531 565.769 493.678 469.439 361.689 319.188 315.135 304.184 286.221 236.246 229.148 218.228 209.829 197.587 185.654 184.485 179.132
threshold=-10.165010929107664 -1.058290362358093 -25.675490379333493 -5.024134397506713 8.5732970237731951 -16.080246925354 -9.3435297012329084 2.4579929113388066 -3.1025171279907222 13.893536090850832 -7.3690526485443106 -0.093949563801288591 -14.839651107788084 -18.469422340393063 0.74023401737213146 -9.091643810272215 3.2092484235763554 -1.1747148036956785 -1.6619845628738401 12.868235111236574 -6.3475046157836905 -6.9119775295257559 -2.6410456895828243 -3.9481503963470455 -3.5983921289443965 -3.0595098733901973 -4.5259897708892813 1.2020167708396914 4.8886632919311532 -13.732353210449217
decision_type=2 2 2 2 2 2 2 2 2 2 2 2 2 2 2 2 2 2 2 2 2 2 2 2 2 2 2 2 2 2
left_child=2 3 6 10 7 12 -1 11 18 -6 23 20 -4 14 -8 29 -9 24 26 -11 -3 -22 -12 -2 -10 -17 -5 -13 -18 -7
right_child=1 4 5 8 9 15 13 16 17 19 22 27 -14 -15 -16 25 28 -19 -20 -21 21 -23 -24 -25 -26 -27 -28 -29 -30 -31
leaf_value=-1.0124152688419119 -0.096857720602417138 -0.13068307540986851 -0.33080430041989906 -0.032500134733131278 0.25240762064776084 -0.2105997937007083 -0.51531927541450218 0.10751615861168054 -0.0030948929625099581 0.42904123306274422 -0.051191061625133774 0.071785298411516499 -0.24990843646768213 -0.43436638053136928 -0.82662959456443785 -0.1346128845062684 0.13794666827342031 0.03643735908163398 0.020719862568009759 0.6466740926106771 -0.081213373094797148 0.05331927408506934 -0.021729071986575831 -0.038865596927129306 0.020906234291318167 0.019435843630977299 -0.0060168732070163926 0.098286731800221849 0.1819016428317054 -0.16692023234376649
leaf_weight=34 1347 23 427 856 127 432 54 787 1215 80 1842 1580 414 131 20 568 483 3355 970 21 40 3404 1079 195 4295 23 3974 1136 472 514
leaf_count=34 1347 23 427 856 127 432 54 787 1215 80 1842 1580 414 131 20 568 483 3355 970 21 40 3404 1079 195 4295 23 3974 1136 472 514
internal_value=0.000168951 0.023395 -0.241952 -0.00413736 0.0879896 -0.209211 -0.567715 0.0804316 0.0120454 0.350698 -0.0573125 0.0647451 -0.290982 -0.49396 -0.599457 -0.164469 0.136109 0.0234946 -0.00545395 0.474292 0.0505465 0.0517568 -0.040308 -0.0895241 0.0156138 -0.128618 -0.0107104 0.0828698 0.159671 -0.186867
internal_weight=29898 27281 2617 19128 8153 2378 239 7925 14665 228 4463 6183 841 205 74 1537 1742 8865 5800 101 3467 3444 2921 1542 5510 591 4830 2716 955 946
internal_count=29898 27281 2617 19128 8153 2378 239 7925 14665 228 4463 6183 841 205 74 1537 1742 8865 5800 101 3467 3444 2921 1542 5510 591 4830 2716 955 946
is_linear=0
shrinkage=0.05


Tree=21
num_leaves=31
num_cat=0
split_feature=296 299 296 299 299 299 183 5 174 299 299 299 256 299 284 193 284 229 299 237 174 240 292 237 289 231 35 212 191 101
split_gain=60817.1 17833.2 9858.93 6218.49 6034.25 2909.21 2721.96 7363.92 2555.73 1307.05 1011.9 984.374 526.814 423.251 393.903 358.33 316.818 314.281 272.521 255.487 246.268 245.105 241.098 237.051 221.541 220.374 219.065 214.939 211.041 208.598
threshold=-10.292598247528074 -1.1895919442176817 -25.833440780639645 -5.1525390148162833 4.8886632919311532 -16.15642166137695 -18.469422340393063 1.967170834541321 12.940059661865236 1.449607849121094 -3.3026953935623165 -7.6768822669982901 -14.425744056701658 -12.696525096893309 -1.7344542145729063 -1.844078481197357 9.3217110633850115 -0.69889524579048146 8.5732970237731951 -4.2984492778778067 -5.4689741134643546 1.833058834075928 -30.652025222778317 -1.9796078801155088 -20.448404312133786 -8.0874543190002424 -5.5996682643890372 -7.7667264938354483 -10.037629604339598 -8.9096951484680158
decision_type=2 2 2 2 2 2 2 2 2 2 2 2 2 2 2 2 2 2 2 2 2 2 2 2 2 2 2 2 2 2
left_child=2 3 6 11 9 12 7 22 18 14 17 19 24 -7 20 26 -10 -5 -6 -2 -3 -11 -1 -13 -4 -14 -12 -22 29 -8
right_child=1 4 5 10 8 13 28 -9 16 21 15 23 25 -15 -16 -17 -18 -19 -20 -21 27 -23 -24 -25 -26 -27 -28 -29 -30 -31
leaf_value=-0.60271188836348688 -0.099731406321718119 -0.13745538081441608 -0.35243544382926745 -0.011695987445076333 0.1617816813814088 -0.18971832747846432 -0.37923863754897824 -1.6054406541585924 0.37217071706598459 0.086498160343617209 -0.081662511917260983 -0.045952216741429922 -0.24460073862811763 -0.13479696203976635 0.062718741117143623 0.029202858471908785 0.55050129413604743 0.028567813226674274 0.24235029816627504 -0.041345022483305502 -0.091115311781565345 0.12059516313352757 -0.41643945015966893 6.9898457094362592e-05 -0.2838417334187312 -0.11704754233360291 0.01083943903389146 0.037982657344391837 -0.2991549773649736 -0.51416974553355466
leaf_weight=38 1263 21 195 4653 583 653 61 20 66 1280 65 2569 311 758 4182 4972 40 541 128 220 33 896 32 314 297 38 4179 1403 33 54
leaf_count=38 1263 21 195 4653 583 653 61 20 66 1280 65 2569 311 758 4182 4972 40 541 128 220 33 896 32 314 297 38 4179 1403 33 54
internal_value=0.000160504 0.0216548 -0.236432 -0.00569161 0.0811376 -0.204088 -0.542474 -0.75931 0.210432 0.0676209 0.0101471 -0.0579675 -0.277699 -0.160214 0.0549186 0.020094 0.439465 -0.00750216 0.176286 -0.0910699 0.0325301 0.100538 -0.517559 -0.0409397 -0.311028 -0.230712 0.0094227 0.0350159 -0.410614 -0.442598
internal_weight=29898 27408 2490 18776 8632 2252 238 90 817 7815 14410 4366 841 1411 5639 9216 106 5194 711 1483 1457 2176 70 2883 492 349 4244 1436 148 115
internal_count=29898 27408 2490 18776 8632 2252 238 90 817 7815 14410 4366 841 1411 5639 9216 106 5194 711 1483 1457 2176 70 2883 492 349 4244 1436 148 115
is_linear=0
shrinkage=0.05


Tree=22
num_leaves=31
num_cat=0
split_feature=296 299 296 299 296 183 5 175 299 299 291 299 256 178 250 283 247 286 292 182 133 241 212 295 296 35 291 239 291 296
split_gain=54887.4 16094.5 8906.82 5612.19 5483.84 2849.92 6007.75 1970.38 1915.97 1578.63 925.454 888.398 448.905 395.034 394.06 377.811 318.773 285.303 278.846 267.425 252.27 247.36 240.146 234.466 222.762 221.639 207.377 202.895 201.379 193.622
threshold=-10.292598247528074 -1.1895919442176817 -23.070332527160641 -5.1525390148162833 6.1518218517303476 -18.469422340393063 2.1601742506027226 13.893536090850832 -15.588038921356199 1.5414597392082217 -3.1947711706161495 -7.6768822669982901 -12.25928735733032 -1.4117059111595152 3.158859491348267 -0.79355549812316883 -8.8499016761779767 12.868235111236574 -30.652025222778317 -2.9294227361679073 -6.2106897830963126 -5.3696584701538077 -6.7703921794891349 1.197949290275574 -1.4036306142807005 -5.2279529571533194 1.6703827977180483 7.7875490188598642 -13.09453248977661 -18.734811782836911
decision_type=2 2 2 2 2 2 2 2 2 2 2 2 2 2 2 2 2 2 2 2 2 2 2 2 2 2 2 2 2 2
left_child=2 3 5 11 9 6 18 27 12 15 19 21 29 25 26 20 -10 -9 -1 -5 -3 -2 -22 -15 -13 -12 -11 -6 -14 -4
right_child=1 4 8 10 7 -7 -8 17 16 14 13 24 28 23 -16 -17 -18 -19 -20 -21 22 -23 -24 -25 -26 -27 -28 -29 -30 -31
leaf_value=-0.57755580804286866 -0.10001573924177376 -0.12736204733019291 -0.29230632237025672 -0.022647090897204548 0.16705488609393856 -0.36763760459098371 -1.4339085800307139 0.3816776321594974 -0.16650767465239591 0.069181515409661137 -0.062347896515487514 -0.041036584471161902 -0.20230332944128249 0.027384623913469259 0.13769182608352037 0.063396204254233882 -0.11490580386303823 0.58797367640904019 -0.38966595202684406 0.0010737894195877648 -0.078085574715636499 -0.055626594755972036 0.04114289491135846 0.087386601894388544 0.051211902699365125 0.010486839693647365 0.10409460398045983 0.25126829255710947 -0.072901747101231637 -0.23797351100988556
leaf_weight=39 1032 23 315 1797 382 257 21 83 824 727 107 2816 144 4447 563 3308 470 21 40 3507 43 451 2369 169 67 4383 1025 88 38 342
leaf_count=39 1032 23 315 1797 382 257 21 83 824 727 107 2816 144 4447 563 3308 470 21 40 3507 43 451 2369 169 67 4383 1025 88 38 342
internal_value=0.000152479 0.020572 -0.22461 -0.00540703 0.0770807 -0.45576 -0.682234 0.226399 -0.185923 0.0664442 0.00963979 -0.0550691 -0.244774 0.0193104 0.101301 0.0523934 -0.147765 0.423334 -0.482422 -0.00696287 0.0374458 -0.0865164 0.0390173 0.0295814 -0.0388928 0.00875113 0.0896073 0.182823 -0.175285 -0.264023
internal_weight=29898 27408 2490 18776 8632 357 100 574 2133 8058 14410 4366 839 9106 2315 5743 1294 104 79 5304 2435 1483 2412 4616 2883 4490 1752 470 182 657
internal_count=29898 27408 2490 18776 8632 357 100 574 2133 8058 14410 4366 839 9106 2315 5743 1294 104 79 5304 2435 1483 2412 4616 2883 4490 1752 470 182 657
is_linear=0
shrinkage=0.05


Tree=23
num_leaves=31
num_cat=0
split_feature=293 293 297 291 239 297 30 124 295 251 297 297 241 239 284 297 186 183 183 284 13 247 288 234 247 4 291 53 254 104
split_gain=49584.2 14055.4 8263.75 5344.51 4409.34 2756.88 2473.13 2823.31 1677.7 1345.12 837.502 780.872 415.136 401.042 399.044 391.162 387.913 347.978 340.906 300.63 280.299 274.213 236.158 210.022 198.091 191.299 185.14 178.353 177.976 167.143
threshold=-9.9374809265136701 -0.2940498143434524 -26.020587921142575 -4.9763233661651602 7.7875490188598642 -16.080246925354 -9.6019854545593244 -10.686298847198485 2.5609545707702641 -2.3031964302062984 -6.700387477874755 11.803725719451906 -9.667144298553465 0.17414565384387973 -3.5669469833374019 5.0556731224060067 -11.44941186904907 -18.469422340393063 -2.9141038656234737 -31.035700798034664 4.5570309162139901 -4.3545587062835684 -0.55279752612113942 -3.866379857063293 -7.4919607639312735 2.1647940874099736 -2.2581176757812496 -3.7024846076965328 -3.9549804925918575 5.9440524578094491
decision_type=2 2 2 2 2 2 2 2 2 2 2 2 2 2 2 2 2 2 2 2 2 2 2 2 2 2 2 2 2 2
left_child=2 3 6 10 8 16 7 -1 13 18 24 -6 -7 29 21 -10 -4 19 27 -8 -13 -11 -16 -12 -2 -19 -20 -5 -14 -3
right_child=1 4 5 9 11 12 17 -9 15 14 23 20 28 -15 22 -17 -18 25 26 -21 -22 -23 -24 -25 -26 -27 -28 -29 -30 -31
leaf_value=-1.2680547189712525 -0.099950644583769246 0.046471719612365542 -0.28793619509096502 -0.06693876645550495 0.2145748999810988 -0.16712114033592948 -0.62009258270263679 -0.42791894435882566 0.10167894109627065 -0.066412283525322427 -0.043687248072522437 0.31170613814373405 -0.12069234378685226 0.075389190044001075 0.026160983335068607 0.15191691003111152 -0.21993686281401537 -0.40443197310969387 -0.00059284015546551261 -0.40805419921875008 0.47478522585149402 0.0092532036573134066 0.04715424763765589 -0.014884052616478483 -0.064147918945215404 -0.26506661265862713 0.020473044229377922 -0.013141028586566964 -0.016113272707822712 -0.086197010179360711
leaf_weight=20 568 2196 405 164 124 736 32 20 1273 132 1429 49 755 2135 5629 557 435 97 3538 35 57 1289 1758 1136 1208 33 1479 2542 43 24
leaf_count=20 568 2196 405 164 124 736 32 20 1273 132 1429 49 755 2135 5629 557 435 97 3538 35 57 1289 1758 1136 1208 33 1479 2542 43 24
internal_value=0.000144855 0.0200629 -0.208014 0.000168551 0.0847915 -0.179909 -0.489542 -0.847987 0.0767978 0.013134 -0.0492053 0.299755 -0.140037 0.0599171 0.0264894 0.11697 -0.252722 -0.416761 -0.00209767 -0.509326 0.3994 0.00222446 0.0311571 -0.0309307 -0.0755983 -0.369055 0.00561733 -0.0164015 -0.115057 0.0450375
internal_weight=29898 27287 2611 20872 6415 2374 237 40 6185 16531 4341 230 1534 4355 8808 1830 840 197 7723 67 106 1421 7387 2565 1776 130 5017 2706 798 2220
internal_count=29898 27287 2611 20872 6415 2374 237 40 6185 16531 4341 230 1534 4355 8808 1830 840 197 7723 67 106 1421 7387 2565 1776 130 5017 2706 798 2220
is_linear=0
shrinkage=0.05


Tree=24
num_leaves=31
num_cat=0
split_feature=299 299 296 299 299 183 5 299 242 299 175 291 249 291 296 292 193 190 229 293 14 281 218 248 295 254 160 27 291 234
split_gain=44906.3 13067.1 7605.69 4371.06 4365.11 2345.4 5244.23 1872.94 1697.83 839.408 730.653 660.767 436.92 382.453 371.85 300.774 266.961 265.094 263.788 244.523 244.215 282.549 237.948 211.923 200.571 195.931 185.315 162.601 162.03 156.999
threshold=-10.165010929107664 -1.058290362358093 -23.070332527160641 -5.024134397506713 8.5732970237731951 -18.469422340393063 2.1601742506027226 2.1917157173156743 -12.231183528900145 -2.9655883312225337 13.893536090850832 -6.9055230617523184 -0.093949563801288591 4.7375433444976816 -17.766470909118649 -12.718715190887449 -1.7213645577430723 -6.3475046157836905 -0.69889524579048146 -5.3960947990417472 -2.6084778308868404 -31.191859245300289 13.440083980560305 -4.730376958847045 -2.2154247760772701 -9.5991668701171857 -4.8909389972686759 -2.6584056615829463 -3.2820588350296016 -0.078733325004577623
decision_type=2 2 2 2 2 2 2 2 2 2 2 2 2 2 2 2 2 2 2 2 2 2 2 2 2 2 2 2 2 2
left_child=2 3 5 11 7 6 20 12 14 18 -6 -2 17 29 -4 -10 26 -3 25 -17 -1 -22 -12 -13 27 -5 -11 -19 -25 -9
right_child=1 4 8 9 10 -7 -8 13 15 16 22 23 -14 -15 -16 19 -18 24 -20 -21 21 -23 -24 28 -26 -27 -28 -29 -30 -31
leaf_value=-0.29786217336853349 -0.072190137526949444 -0.13276727003130048 -0.25668176192271558 -0.16379858097061517 0.20799469234436516 -0.33223302225194556 -1.3199150420370556 0.055618445766382085 -0.16067807474283471 -0.041817287824772023 0.34886447906494145 -0.047985494558009933 0.067591463897415618 0.14089050107188039 -0.18874546083510649 -0.11781662807983606 0.02852736398001356 -0.060494386607950382 0.024187624696465727 0.054818912630989439 -0.62781318317760126 -0.39648432388450161 0.53797563825334815 -0.029072783651331292 0.046558275916708011 -0.007023764100541125 0.012832458011120901 0.023473401606622105 0.0083902437408316013 0.10105418721962321
leaf_weight=24 1628 22 395 20 127 257 21 229 551 162 80 1217 2554 616 411 882 4460 66 739 21 22 33 21 1242 2862 5630 3654 456 376 1120
leaf_count=24 1628 22 395 20 127 257 21 229 551 162 80 1217 2554 616 411 882 4460 66 739 21 22 33 21 1242 2862 5630 3654 456 376 1120
internal_value=0.000137612 0.0191167 -0.19771 -0.00347528 0.0721203 -0.412176 -0.617628 0.0659148 -0.163832 0.00971035 0.287816 -0.0468021 0.0519578 0.108247 -0.222039 -0.131566 0.0202208 0.0402349 -0.00390438 -0.113802 -0.430944 -0.489016 0.388185 -0.0322229 0.0413596 -0.00757872 0.0105124 0.0128568 -0.0203669 0.0933412
internal_weight=29898 27281 2617 19128 8153 357 100 7925 2260 14665 228 4463 5960 1965 806 1454 8276 3406 6389 903 79 55 101 2835 3384 5650 3816 522 1618 1349
internal_count=29898 27281 2617 19128 8153 357 100 7925 2260 14665 228 4463 5960 1965 806 1454 8276 3406 6389 903 79 55 101 2835 3384 5650 3816 522 1618 1349
is_linear=0
shrinkage=0.05


Tree=25
num_leaves=31
num_cat=0
split_feature=293 299 299 299 288 125 256 297 240 289 247 295 48 190 124 284 15 248 299 247 220 39 257 293 295 291 240 288 239 251
split_gain=40406.9 10646.3 8492.65 4111.68 3271.86 5449.86 3177.6 1662.54 908.909 894.356 747.41 624.828 316.181 489.2 313.095 311.5 292.767 266.841 263.147 254.623 249.488 278.662 244.813 238.538 235.022 205.96 194.13 190.067 183.732 157.149
threshold=-8.4901566505432111 0.36364705860614782 -20.048726081848141 -3.5378117561340328 -30.438570022583004 -13.68968629837036 7.1349515914917001 -13.067720413208006 -4.7380924224853507 3.9465576410293584 -1.148223280906677 12.204117774963381 -9.7245364189147931 -11.062534809112547 -1.2431808710098264 -3.6671569347381587 3.1144443750381474 -3.6311764717102046 -7.3690526485443106 -11.424587726593016 -4.1912472248077384 -0.084567684680223451 -11.815951824188231 1.2760048508644106 -0.19602612406015393 -11.059225082397459 3.7402909994125371 -2.0344663858413692 -1.6346569061279295 -2.5397360324859615
decision_type=2 2 2 2 2 2 2 2 2 2 2 2 2 2 2 2 2 2 2 2 2 2 2 2 2 2 2 2 2 2
left_child=2 3 4 8 5 -1 9 19 18 23 15 -8 -7 -14 25 20 -13 -10 -2 -4 21 -5 -6 29 -12 -9 -11 -19 -17 -3
right_child=1 6 7 10 22 12 11 14 17 26 24 16 13 -15 -16 28 -18 27 -20 -21 -22 -23 -24 -25 -26 -27 -28 -29 -30 -31
leaf_value=-1.1698869376346983 -0.073502732435862236 0.0096102059342313643 -0.19563774562881378 -0.0096616032803886059 -0.28744235797084672 -0.2258709716796875 0.19791014663816439 -0.13162564360178436 -0.025040598939958605 0.10214847114327152 0.030708690953803342 0.24580771782818964 -0.55726239630154206 -0.26417338425914444 -0.037316666869058587 0.012292171953108624 0.42640860441959272 -0.0090578735864392315 -0.03768375441477962 -0.14441581090760669 0.0070311076159180683 -0.08931196936911423 -0.11663907683369788 0.081464024412799887 0.054919030143493058 -0.091904524932345924 0.14692241171071696 0.02056822906257761 0.028430257818808615 0.059871653222507051
leaf_weight=29 750 172 668 389 452 25 127 481 2302 554 3156 34 35 24 195 4366 66 2554 1621 381 1624 153 22 1633 1469 1015 430 687 2959 1623
leaf_count=29 750 172 668 389 452 25 127 481 2302 554 3156 34 35 24 195 4366 66 2554 1621 381 1624 153 22 1633 1469 1015 430 687 2959 1623
internal_value=-0.000257008 0.0202399 -0.164559 0.00574315 -0.337151 -0.578919 0.0890833 -0.127584 -0.0231058 0.0796968 0.021917 0.27152 -0.374894 -0.43804 -0.0969082 0.0138856 0.365004 -0.0120236 -0.0490141 -0.177034 -0.0027722 -0.0321459 -0.279515 0.0676358 0.0383984 -0.104676 0.121714 -0.00277798 0.0188113 0.0550555
internal_weight=29996 26669 3327 22030 587 113 4639 2740 7914 4412 14116 227 84 59 1691 9491 100 5543 2371 1049 2166 542 474 3428 4625 1496 984 3241 7325 1795
internal_count=29996 26669 3327 22030 587 113 4639 2740 7914 4412 14116 227 84 59 1691 9491 100 5543 2371 1049 2166 542 474 3428 4625 1496 984 3241 7325 1795
is_linear=0
shrinkage=0.05


Tree=26
num_leaves=31
num_cat=0
split_feature=293 299 292 64 200 299 299 296 236 257 299 295 21 197 299 294 35 183 293 77 299 178 292 235 15 299 245 178 246 255
split_gain=36492.4 10450.3 6634.72 3987.83 3626.06 3567.1 2678.08 1735.19 653.448 613.541 595.998 558.745 435.359 529.72 412.653 410.401 298.318 294.436 261.664 259.838 248.726 246.555 231.349 228.206 185.559 175.461 169.546 168.741 166.5 164.28
threshold=-9.9374809265136701 -1.1895919442176817 -30.652025222778317 -9.5657348632812482 6.9834096431732187 -5.024134397506713 -16.925929069519039 1.5004627704620364 -2.5263113975524898 -5.3210783004760733 4.8886632919311532 12.204117774963381 -1.8134901523590086 -15.879781723022459 -13.732353210449217 -19.698530197143551 -5.2279529571533194 -3.3725219964981075 -0.57973724603652943 2.767808318138123 -7.8486275672912589 1.0000000180025095e-35 -3.1822749376296993 -0.15679766237735746 3.1144443750381474 -2.8400622606277461 0.60570931434631359 -6.2799482345581046 -2.0397261381149288 -18.392350196838375
decision_type=2 2 2 2 2 2 2 2 2 2 2 2 2 2 2 2 2 2 2 2 2 2 2 2 2 2 2 2 2 2
left_child=2 5 3 -1 7 9 15 17 16 20 -9 -6 -5 -14 -8 29 -7 19 25 -3 -2 -16 -18 -19 -13 -10 -20 -17 -11 -4
right_child=1 4 6 12 11 8 14 10 18 28 -12 24 13 -15 21 27 22 23 26 -21 -22 -23 -24 -25 -26 -27 -28 -29 -30 -31
leaf_value=-1.0922095665564904 -0.078477723100645991 0.014127180728231379 -0.30144776382404775 -0.27975940426190693 0.19059379375086422 -0.069106471335346059 -0.16024762579372953 0.07731200831484826 0.0037653604020664549 -0.029588564241139405 0.13396434653295231 0.2494795894622803 -0.64820377459892864 -0.31056998031479971 -0.11157428036466435 -0.20550575978415353 -0.011353750547121575 0.034840966831161349 0.031538860676621094 -0.11544805571090344 -0.045684537902497727 0.03145516735892142 0.0096760341048925773 0.056071751161918662 0.39843063769133197 0.019541832074805546 0.087086568041617837 -0.065696146177208953 0.0086896439902707494 -0.24057057426887971
leaf_weight=26 1056 386 201 45 113 176 560 2264 2844 1901 584 30 26 21 1074 350 3280 2853 936 43 1278 31 2175 2275 69 4634 161 23 334 247
leaf_count=26 1056 386 201 45 113 176 560 2264 2844 1901 584 30 26 21 1074 350 3280 2853 936 43 1278 31 2175 2275 69 4634 161 23 334 247
internal_value=-0.000244157 0.0167597 -0.179111 -0.54544 0.0623461 -0.00416264 -0.161723 0.0571949 0.00819718 -0.042592 0.0889289 0.266572 -0.390918 -0.497346 -0.125282 -0.235627 -0.00503599 0.040931 0.0168871 0.00113945 -0.0605216 -0.107562 -0.00296882 0.0442599 0.353294 0.0135418 0.0396913 -0.196885 -0.0238682 -0.267884
internal_weight=29996 27392 2604 118 8617 18775 2486 8405 14206 4569 2848 212 92 47 1665 821 5631 5557 8575 429 2334 1105 5455 5128 99 7478 1097 373 2235 448
internal_count=29996 27392 2604 118 8617 18775 2486 8405 14206 4569 2848 212 92 47 1665 821 5631 5557 8575 429 2334 1105 5455 5128 99 7478 1097 373 2235 448
is_linear=0
shrinkage=0.05


Tree=27
num_leaves=31
num_cat=0
split_feature=296 299 292 52 200 299 291 296 247 183 244 295 299 299 24 284 292 165 220 299 133 239 299 68 182 291 263 15 39 295
split_gain=33012.6 9137.64 6236.02 3664.06 3157.15 3036.57 2785.51 1394.99 593.172 567.273 545.293 504.267 426.011 372.377 363.105 343.695 301.39 296.225 282.873 255.821 240.683 236.845 218.135 199.462 184.294 178.576 168.987 167.467 160.688 158.215
threshold=-9.4363417625427228 -0.90969729423522938 -30.652025222778317 -9.6015405654907209 6.9834096431732187 -4.63610816001892 -16.241269111633297 2.5800457000732426 -4.4048757553100577 -2.3846831321716304 -8.8774757385253888 12.204117774963381 -20.048726081848141 4.8886632919311532 -3.9682972431182857 -1.567517817020416 -2.2609897851943965 -17.490873336791989 -4.514317274093627 -7.5082809925079337 -5.6742444038391104 0.26235295832157141 1.0921288132667544 0.66108494997024547 -7.1709148883819571 -5.8659999370574942 -0.59092748165130604 3.1144443750381474 0.24756149947643283 1.121093809604645
decision_type=2 2 2 2 2 2 2 2 2 2 2 2 2 2 2 2 2 2 2 2 2 2 2 2 2 2 2 2 2 2
left_child=2 5 3 -1 7 8 12 15 19 18 24 -6 -4 -9 -5 20 -11 -16 28 -2 -3 -10 -17 -14 -8 -12 -15 -13 -7 -18
right_child=1 4 6 14 11 9 10 13 21 16 25 27 23 26 17 22 29 -19 -20 -21 -22 -23 -24 -25 -26 -27 -28 -29 -30 -31
leaf_value=-1.0176875523158484 -0.068277412600876983 -0.14864803962409498 -0.25712423238668353 -0.23686563049043929 0.18106411284050056 -0.018009581231930551 -0.14943243363221079 0.080532130811024255 -0.018188672680241689 0.0091097743995952191 -0.087758684019329458 0.23700554291407269 -0.19788332374783252 -0.013206727504730226 -0.59638088226318364 0.044147741897702035 0.025061877445092029 -0.35516093288149153 0.001846916369103283 -0.037745269219721517 0.026081486065601983 0.063749441148146332 0.067962609617251049 -0.083453833571700164 -0.10564094657341411 0.010848810113206202 0.13478915533016531 0.37850911064424375 -0.071531230508488544 0.069326855382829344
leaf_weight=28 1087 20 444 35 113 552 781 1252 2131 4812 729 30 333 20 20 2809 4224 35 4325 1860 1352 92 1462 43 347 49 542 69 188 212
leaf_count=28 1087 20 444 35 113 552 781 1252 2131 4812 729 30 333 20 20 2809 4224 35 4325 1860 1352 92 1462 43 347 49 542 69 188 212
internal_value=-0.000231949 0.0167443 -0.162306 -0.518168 0.0629765 -0.00145384 -0.146902 0.0575673 -0.0342977 0.0104097 -0.113751 0.253243 -0.22396 0.0957099 -0.362762 0.045306 0.0177763 -0.442877 -0.00304072 -0.049007 0.0235344 -0.0147976 0.0522998 -0.184797 -0.135961 -0.0815482 0.129522 0.335629 -0.031607 0.0271773
internal_weight=29996 27152 2844 118 7669 19483 2726 7457 5170 14313 1906 212 820 1814 90 5643 9248 55 5065 2947 1372 2223 4271 376 1128 778 562 99 740 4436
internal_count=29996 27152 2844 118 7669 19483 2726 7457 5170 14313 1906 212 820 1814 90 5643 9248 55 5065 2947 1372 2223 4271 376 1128 778 562 99 740 4436
is_linear=0
shrinkage=0.05


Tree=28
num_leaves=31
num_cat=0
split_feature=293 299 296 299 299 5 183 247 251 251 247 7 296 293 292 65 2 284 233 120 261 295 284 237 286 272 239 224 112 89
split_gain=29835.7 7899.35 6306.89 3067.6 2385.73 2135.15 3998.47 1944.81 695.527 655.386 578.314 487.702 357.395 318.603 294.013 420.043 379.502 250.444 220.07 216.031 203.741 182.126 179.853 179.772 170.818 154.962 146.643 134.17 127.04 125.963
threshold=-8.4901566505432111 0.36364705860614782 -23.070332527160641 -3.5378117561340328 8.5732970237731951 4.2668092250823983 -7.5473189353942862 -11.424587726593016 -4.4994676113128653 2.181725382804871 -1.0869747400283811 4.9909093379974374 -11.714195728302 -17.403643608093258 -30.652025222778317 -9.0363850593566877 0.36734937131404882 -3.6671569347381587 -0.1199609264731407 -0.39169116318225855 -0.43387620151042933 -0.19602612406015393 -1.9283660650253294 -7.3720710277557364 9.8100986480712908 4.1198692321777353 -1.6346569061279295 5.1819803714752206 -4.6873855590820304 -12.823035717010496
decision_type=2 2 2 2 2 2 2 2 2 2 2 2 2 2 2 2 2 2 2 2 2 2 2 2 2 2 2 2 2 2
left_child=2 3 5 8 9 14 -7 13 23 22 17 -6 -9 -4 15 -1 -17 18 -5 -14 28 -12 -3 -2 -13 -11 -19 -23 -10 -16
right_child=1 4 7 10 11 6 -8 12 20 25 21 24 19 -15 29 16 -18 26 -20 -21 -22 27 -24 -25 -26 -27 -28 -29 -30 -31
leaf_value=-0.54829035949707039 -0.073886980058794668 0.021348575016714388 -0.20603080451206013 0.0019268912678270613 0.18044512413984892 -1.1866601407527924 -0.19882581461043586 -0.11794465597421847 -0.052471790073270158 0.082652430199466248 0.026824144576800699 0.27502513807647083 -0.078974793297903884 -0.14987240617529199 -0.16116870117187501 -0.45836114411552747 -0.20167877723773323 0.010545838253141447 -0.055494402243581778 -0.0076750739517374936 0.036342435184850731 0.045616713627584043 0.06031910070359256 -0.034752524424695744 0.42499462250740305 0.11766873612363114 0.024758926051165479 0.1298036001166519 -0.0091721445406158855 -0.28017688959985232
leaf_weight=25 330 331 422 2006 151 20 21 652 176 687 2992 49 1155 629 25 24 36 4424 182 117 241 1386 2805 2650 31 585 3077 49 4517 201
leaf_count=25 330 331 422 2006 151 20 21 652 176 687 2992 49 1155 629 25 24 36 4424 182 117 241 1386 2805 2650 31 585 3077 49 4517 201
internal_value=-0.000220352 0.0173925 -0.141404 0.00490524 0.0766929 -0.341539 -0.680696 -0.117724 -0.0200131 0.0684845 0.0188755 0.233326 -0.087845 -0.172421 -0.296827 -0.376098 -0.304352 0.0120346 -0.00284947 -0.0724166 -0.00849353 0.0338475 0.0562058 -0.0390862 0.333138 0.0987566 0.0163762 0.0484914 -0.010796 -0.267012
internal_weight=29996 26669 3327 22030 4639 352 41 2975 7914 4408 14116 231 1924 1051 311 85 60 9689 2188 1272 4934 4427 3136 2980 80 1272 7501 1435 4693 226
internal_count=29996 26669 3327 22030 4639 352 41 2975 7914 4408 14116 231 1924 1051 311 85 60 9689 2188 1272 4934 4427 3136 2980 80 1272 7501 1435 4693 226
is_linear=0
shrinkage=0.05


Tree=29
num_leaves=31
num_cat=0
split_feature=296 299 250 45 293 258 291 299 296 299 299 297 257 240 252 239 7 232 183 183 285 103 35 164 179 299 182 184 291 211
split_gain=26961.1 7857.78 4910.29 3543.17 2788.13 2727.1 1795.84 1100.83 620.78 592.685 539.395 345.79 289.949 281.849 258.649 254.249 241.865 225.252 196.738 177.776 165.128 191.871 163.888 151.172 149.691 146.351 140.406 139.892 136.673 121.034
threshold=-10.292598247528074 -1.1895919442176817 -23.650761604309078 -9.9562420845031721 -5.0487580299377433 6.1612746715545663 -16.241269111633297 1.8547986745834353 11.820195674896242 -3.2770587205886836 -6.8144705295562735 -21.356683731079098 -10.975735187530516 0.69516342878341686 -1.2282142639160154 -0.04653594829142093 4.9909093379974374 0.78563991189003002 -1.0000000180025095e-35 -2.3846831321716304 -3.8093210458755489 2.4105098247528081 -5.5996682643890372 -5.6857776641845694 -1.6357353329658506 4.8886632919311532 -8.132957458496092 -2.828783273696899 -4.516545057296752 1.2041175961494448
decision_type=2 2 2 2 2 2 2 2 2 2 2 2 2 2 2 2 2 2 2 2 2 2 2 2 2 2 2 2 2 2
left_child=2 4 3 -1 10 7 11 14 -7 15 26 -4 -8 -9 20 23 -10 19 -13 22 21 -3 -11 -6 -14 -15 -2 -25 -12 -16
right_child=1 5 6 -5 9 8 12 13 16 17 28 18 24 25 29 -17 -18 -19 -20 -21 -22 -23 -24 27 -26 -27 -28 -29 -30 -31
leaf_value=-0.95312542093211217 -0.1047126387938475 -0.002693130960687995 -0.24036533434020457 -0.31586262096058237 -0.049937689091478082 0.14318630613129715 -0.13514172695301196 0.048940599789010719 0.19975724512216997 -0.088531632125377666 -0.029315676639868522 -0.18136319752888094 -0.096264869820535268 0.079282115667955289 0.038622728444962 0.041366591061706898 0.34546965430764592 0.046440835344472103 -0.024861557763956845 0.017276267538731079 0.02774898922377278 -0.16156467000643415 0.0029707259121123991 -0.017209573968464672 -0.00061438443182512768 0.11254973468203783 -0.055171749292243832 -0.0003350387014653705 0.001028278717845022 0.05778992626741776
leaf_weight=29 156 200 341 88 210 232 675 611 49 50 2032 459 839 1156 2607 270 68 525 21 5933 2006 21 2298 1967 43 463 1719 3270 454 1204
leaf_count=29 156 200 341 88 210 232 675 611 49 50 2032 459 839 1156 2607 270 68 525 21 5933 2006 21 2298 1967 43 463 1719 3270 454 1204
internal_value=-0.000209334 0.0140687 -0.157588 -0.473817 -0.00398544 0.053634 -0.142029 0.047855 0.190542 0.00654251 -0.0390456 -0.201866 -0.110477 0.0778759 0.0367674 -0.00599348 0.284445 0.0146811 -0.174516 0.0126676 0.0232299 -0.0177895 0.00102221 -0.00834105 -0.0916016 0.088796 -0.0592936 -0.00667306 -0.0237742 0.0446782
internal_weight=29996 27501 2495 117 18884 8617 2378 8268 349 14523 4361 821 1557 2230 6038 5717 117 8806 480 8281 2227 221 2348 5447 882 1619 1875 5237 2486 3811
internal_count=29996 27501 2495 117 18884 8617 2378 8268 349 14523 4361 821 1557 2230 6038 5717 117 8806 480 8281 2227 221 2348 5447 882 1619 1875 5237 2486 3811
is_linear=0
shrinkage=0.05


end of trees

feature_importances:
Column_299=290
Column_293=51
Column_291=28
Column_295=28
Column_296=24
Column_251=23
Column_247=19
Column_292=18
Column_183=15
Column_284=15
Column_297=15
Column_212=14
Column_294=13
Column_240=11
Column_246=11
Column_249=11
Column_7=10
Column_35=10
Column_239=10
Column_241=10
Column_285=9
Column_286=9
Column_298=9
Column_242=8
Column_257=8
Column_288=8
Column_289=7
Column_133=6
Column_160=6
Column_250=6
Column_164=5
Column_232=5
Column_237=5
Column_255=5
Column_256=5
Column_5=4
Column_175=4
Column_178=4
Column_181=4
Column_182=4
Column_234=4
Column_248=4
Column_258=4
Column_3=3
Column_4=3
Column_13=3
Column_15=3
Column_45=3
Column_77=3
Column_179=3
Column_189=3
Column_190=3
Column_218=3
Column_219=3
Column_236=3
Column_245=3
Column_252=3
Column_254=3
Column_283=3
Column_6=2
Column_14=2
Column_21=2
Column_39=2
Column_44=2
Column_113=2
Column_114=2
Column_115=2
Column_124=2
Column_174=2
Column_186=2
Column_187=2
Column_193=2
Column_200=2
Column_220=2
Column_229=2
Column_235=2
Column_244=2
Column_253=2
Column_279=2
Column_290=2
Column_0=1
Column_2=1
Column_8=1
Column_11=1
Column_22=1
Column_24=1
Column_26=1
Column_27=1
Column_29=1
Column_30=1
Column_46=1
Column_48=1
Column_51=1
Column_52=1
Column_53=1
Column_56=1
Column_64=1
Column_65=1
Column_68=1
Column_89=1
Column_100=1
Column_101=1
Column_103=1
Column_104=1
Column_112=1
Column_119=1
Column_120=1
Column_125=1
Column_135=1
Column_138=1
Column_140=1
Column_150=1
Column_151=1
Column_162=1
Column_165=1
Column_184=1
Column_191=1
Column_197=1
Column_211=1
Column_215=1
Column_224=1
Column_226=1
Column_231=1
Column_233=1
Column_261=1
Column_263=1
Column_271=1
Column_272=1
Column_273=1
Column_281=1
Column_282=1

parameters:
[boosting: gbdt]
[objective: regression]
[metric: l2]
[tree_learner: serial]
[device_type: gpu]
[data_sample_strategy: bagging]
[data: ]
[valid: ]
[num_iterations: 30]
[learning_rate: 0.05]
[num_leaves: 31]
[num_threads: 0]
[seed: 42]
[deterministic: 0]
[force_col_wise: 1]
[force_row_wise: 0]
[histogram_pool_size: -1]
[max_depth: -1]
[min_data_in_leaf: 20]
[min_sum_hessian_in_leaf: 0.001]
[bagging_fraction: 0.8]
[pos_bagging_fraction: 1]
[neg_bagging_fraction: 1]
[bagging_freq: 5]
[bagging_seed: 400]
[bagging_by_query: 0]
[feature_fraction: 0.8]
[feature_fraction_bynode: 1]
[feature_fraction_seed: 30056]
[extra_trees: 0]
[extra_seed: 12879]
[early_stopping_round: 0]
[early_stopping_min_delta: 0]
[first_metric_only: 0]
[max_delta_step: 0]
[lambda_l1: 0]
[lambda_l2: 0]
[linear_lambda: 0]
[min_gain_to_split: 0]
[drop_rate: 0.1]
[max_drop: 50]
[skip_drop: 0.5]
[xgboost_dart_mode: 0]
[uniform_drop: 0]
[drop_seed: 17869]
[top_rate: 0.2]
[other_rate: 0.1]
[min_data_per_group: 100]
[max_cat_threshold: 32]
[cat_l2: 10]
[cat_smooth: 10]
[max_cat_to_onehot: 4]
[top_k: 20]
[monotone_constraints: ]
[monotone_constraints_method: basic]
[monotone_penalty: 0]
[feature_contri: ]
[forcedsplits_filename: ]
[refit_decay_rate: 0.9]
[cegb_tradeoff: 1]
[cegb_penalty_split: 0]
[cegb_penalty_feature_lazy: ]
[cegb_penalty_feature_coupled: ]
[path_smooth: 0]
[interaction_constraints: ]
[verbosity: -1]
[saved_feature_importance_type: 0]
[use_quantized_grad: 0]
[num_grad_quant_bins: 4]
[quant_train_renew_leaf: 0]
[stochastic_rounding: 1]
[linear_tree: 0]
[max_bin: 255]
[max_bin_by_feature: ]
[min_data_in_bin: 3]
[bin_construct_sample_cnt: 200000]
[data_random_seed: 175]
[is_enable_sparse: 1]
[enable_bundle: 1]
[use_missing: 1]
[zero_as_missing: 0]
[feature_pre_filter: 1]
[pre_partition: 0]
[two_round: 0]
[header: 0]
[label_column: ]
[weight_column: ]
[group_column: ]
[ignore_column: ]
[categorical_feature: ]
[forcedbins_filename: ]
[precise_float_parser: 0]
[parser_config_file: ]
[objective_seed: 16083]
[num_class: 1]
[is_unbalance: 0]
[scale_pos_weight: 1]
[sigmoid: 1]
[boost_from_average: 1]
[reg_sqrt: 0]
[alpha: 0.9]
[fair_c: 1]
[poisson_max_delta_step: 0.7]
[tweedie_variance_power: 1.5]
[lambdarank_truncation_level: 30]
[lambdarank_norm: 1]
[label_gain: ]
[lambdarank_position_bias_regularization: 0]
[eval_at: ]
[multi_error_top_k: 1]
[auc_mu_weights: ]
[num_machines: 1]
[local_listen_port: 12400]
[time_out: 120]
[machine_list_filename: ]
[machines: ]
[gpu_platform_id: -1]
[gpu_device_id: -1]
[gpu_use_dp: 0]
[num_gpu: 1]

end of parameters

pandas_categorical:null
